# Blender 4.4.3
# www.blender.org
mtllib dice.mtl
o 立方体
v -1.000000 -1.000000 1.000000
v -1.000000 1.000000 1.000000
v -1.000000 -1.000000 -1.000000
v -1.000000 1.000000 -1.000000
v 1.000000 -1.000000 1.000000
v 1.000000 1.000000 1.000000
v 1.000000 -1.000000 -1.000000
v -0.994820 -0.265084 0.555330
v -0.985670 -0.279311 0.509328
v 1.000000 1.000000 -1.000000
v -0.977237 -0.302416 0.466933
v -0.969845 -0.333510 0.429773
v -0.963779 -0.371398 0.399277
v -0.959272 -0.414624 0.376616
v -0.956496 -0.461527 0.362661
v -0.955559 -0.510304 0.357950
v -0.956496 -0.559081 0.362661
v -0.959272 -0.605984 0.376616
v -0.963779 -0.649210 0.399277
v -0.969845 -0.687098 0.429773
v -0.977237 -0.718192 0.466933
v -0.985670 -0.741297 0.509328
v -0.994820 -0.755524 0.555330
v -0.985670 -0.265084 0.558106
v -0.967721 -0.279311 0.514773
v -0.951179 -0.302416 0.474837
v -0.936680 -0.333510 0.439834
v -0.924781 -0.371398 0.411107
v -0.915939 -0.414624 0.389761
v -0.910494 -0.461527 0.376616
v -0.908656 -0.510304 0.372177
v -0.910494 -0.559081 0.376616
v -0.915939 -0.605984 0.389761
v -0.924781 -0.649210 0.411107
v -0.936680 -0.687098 0.439834
v -0.951179 -0.718192 0.474837
v -0.967721 -0.741297 0.514773
v -0.985670 -0.755524 0.558106
v -0.977237 -0.265084 0.562613
v -0.951179 -0.279311 0.523615
v -0.927164 -0.302416 0.487674
v -0.906114 -0.333510 0.456171
v -0.888840 -0.371398 0.430318
v -0.876003 -0.414624 0.411107
v -0.868099 -0.461527 0.399277
v -0.865430 -0.510304 0.395282
v -0.868099 -0.559081 0.399277
v -0.876003 -0.605984 0.411107
v -0.888840 -0.649210 0.430318
v -0.906114 -0.687098 0.456171
v -0.927164 -0.718192 0.487674
v -0.951179 -0.741297 0.523615
v -0.977237 -0.755524 0.562613
v -0.969845 -0.265084 0.568679
v -0.936680 -0.279311 0.535514
v -0.906114 -0.302416 0.504948
v -0.879324 -0.333510 0.478158
v -0.857337 -0.371398 0.456171
v -0.841000 -0.414624 0.439834
v -0.830939 -0.461527 0.429773
v -0.827542 -0.510304 0.426376
v -0.830939 -0.559081 0.429773
v -0.841000 -0.605984 0.439834
v -0.857337 -0.649210 0.456171
v -0.879324 -0.687098 0.478158
v -0.906114 -0.718192 0.504948
v -0.936680 -0.741297 0.535514
v -0.969845 -0.755524 0.568679
v -0.963779 -0.265084 0.576071
v -0.924781 -0.279311 0.550013
v -0.888840 -0.302416 0.525998
v -0.857337 -0.333510 0.504948
v -0.831484 -0.371398 0.487674
v -0.812273 -0.414624 0.474837
v -0.800443 -0.461527 0.466933
v -0.796448 -0.510304 0.464264
v -0.800443 -0.559081 0.466933
v -0.812273 -0.605984 0.474837
v -0.831484 -0.649210 0.487674
v -0.857337 -0.687098 0.504948
v -0.888840 -0.718192 0.525998
v -0.924781 -0.741297 0.550013
v -0.963779 -0.755524 0.576071
v -0.959272 -0.265084 0.584504
v -0.915939 -0.279311 0.566555
v -0.876003 -0.302416 0.550013
v -0.841000 -0.333510 0.535514
v -0.812273 -0.371398 0.523615
v -0.790927 -0.414624 0.514773
v -0.777782 -0.461527 0.509328
v -0.773343 -0.510304 0.507490
v -0.777782 -0.559081 0.509328
v -0.790927 -0.605984 0.514773
v -0.812273 -0.649210 0.523615
v -0.841000 -0.687098 0.535514
v -0.876003 -0.718192 0.550013
v -0.915939 -0.741297 0.566555
v -0.959272 -0.755524 0.584504
v -0.956496 -0.265084 0.593654
v -0.910494 -0.279311 0.584504
v -0.868099 -0.302416 0.576071
v -0.830939 -0.333510 0.568679
v -0.800443 -0.371398 0.562613
v -0.777782 -0.414624 0.558106
v -0.763827 -0.461527 0.555330
v -0.759116 -0.510304 0.554393
v -0.763827 -0.559081 0.555330
v -0.777782 -0.605984 0.558106
v -0.800443 -0.649210 0.562613
v -0.830939 -0.687098 0.568679
v -0.868099 -0.718192 0.576071
v -0.910494 -0.741297 0.584504
v -0.956496 -0.755524 0.593654
v -0.955559 -0.265084 0.603170
v -0.908656 -0.279311 0.603170
v -0.865430 -0.302416 0.603170
v -0.827542 -0.333510 0.603170
v -0.796448 -0.371398 0.603170
v -0.773343 -0.414624 0.603170
v -0.759116 -0.461527 0.603170
v -0.754311 -0.510304 0.603170
v -0.759116 -0.559081 0.603170
v -0.773343 -0.605984 0.603170
v -0.796448 -0.649210 0.603170
v -0.827542 -0.687098 0.603170
v -0.865430 -0.718192 0.603170
v -0.908656 -0.741297 0.603170
v -0.955559 -0.755524 0.603170
v -0.956496 -0.265084 0.612686
v -0.910494 -0.279311 0.621836
v -0.868099 -0.302416 0.630269
v -0.830939 -0.333510 0.637661
v -0.800443 -0.371398 0.643727
v -0.777782 -0.414624 0.648234
v -0.763827 -0.461527 0.651010
v -0.759116 -0.510304 0.651947
v -0.763827 -0.559081 0.651010
v -0.777782 -0.605984 0.648234
v -0.800443 -0.649210 0.643727
v -0.830939 -0.687098 0.637661
v -0.868099 -0.718192 0.630269
v -0.910494 -0.741297 0.621836
v -0.956496 -0.755524 0.612686
v -0.959272 -0.265084 0.621836
v -0.915939 -0.279311 0.639785
v -0.876003 -0.302416 0.656327
v -0.841000 -0.333510 0.670826
v -0.812273 -0.371398 0.682725
v -0.790927 -0.414624 0.691567
v -0.777782 -0.461527 0.697012
v -0.773344 -0.510304 0.698850
v -0.777782 -0.559081 0.697012
v -0.790927 -0.605984 0.691567
v -0.812273 -0.649210 0.682725
v -0.841000 -0.687098 0.670826
v -0.876003 -0.718192 0.656327
v -0.915939 -0.741297 0.639785
v -0.959272 -0.755524 0.621836
v -0.963779 -0.265084 0.630269
v -0.924781 -0.279311 0.656327
v -0.888840 -0.302416 0.680342
v -0.857337 -0.333510 0.701392
v -0.831484 -0.371398 0.718666
v -0.812273 -0.414624 0.731503
v -0.800443 -0.461527 0.739407
v -0.796448 -0.510304 0.742076
v -0.800443 -0.559081 0.739407
v -0.812273 -0.605984 0.731503
v -0.831484 -0.649210 0.718666
v -0.857337 -0.687098 0.701392
v -0.888840 -0.718192 0.680342
v -0.924781 -0.741297 0.656327
v -0.963779 -0.755524 0.630269
v -0.969845 -0.265084 0.637661
v -0.936680 -0.279311 0.670826
v -0.906115 -0.302416 0.701392
v -0.879324 -0.333510 0.728182
v -0.857337 -0.371398 0.750169
v -0.841000 -0.414624 0.766506
v -0.830939 -0.461527 0.776567
v -0.827542 -0.510304 0.779964
v -0.830939 -0.559081 0.776567
v -0.841000 -0.605984 0.766506
v -0.857337 -0.649210 0.750169
v -0.879324 -0.687098 0.728182
v -0.906115 -0.718192 0.701392
v -0.936680 -0.741297 0.670826
v -0.969845 -0.755524 0.637661
v -0.977237 -0.265084 0.643727
v -0.951179 -0.279311 0.682725
v -0.927164 -0.302416 0.718666
v -0.906114 -0.333510 0.750169
v -0.888840 -0.371398 0.776022
v -0.876003 -0.414624 0.795233
v -0.868099 -0.461527 0.807063
v -0.865430 -0.510304 0.811058
v -0.868099 -0.559081 0.807063
v -0.876003 -0.605984 0.795233
v -0.888840 -0.649210 0.776022
v -0.906114 -0.687098 0.750169
v -0.927164 -0.718192 0.718666
v -0.951179 -0.741297 0.682725
v -0.977237 -0.755524 0.643727
v -0.985670 -0.265084 0.648234
v -0.967721 -0.279311 0.691567
v -0.951179 -0.302416 0.731503
v -0.936680 -0.333510 0.766506
v -0.924781 -0.371398 0.795233
v -0.915939 -0.414624 0.816579
v -0.910494 -0.461527 0.829724
v -0.908656 -0.510304 0.834162
v -0.910494 -0.559081 0.829724
v -0.915939 -0.605984 0.816579
v -0.924781 -0.649210 0.795233
v -0.936680 -0.687098 0.766506
v -0.951179 -0.718192 0.731503
v -0.967721 -0.741297 0.691567
v -0.985670 -0.755524 0.648234
v -0.994820 -0.265084 0.651010
v -0.985670 -0.279311 0.697012
v -0.977237 -0.302416 0.739407
v -0.969845 -0.333510 0.776567
v -0.963779 -0.371398 0.807063
v -0.959272 -0.414624 0.829724
v -0.956496 -0.461527 0.843679
v -0.955559 -0.510304 0.848390
v -0.956496 -0.559081 0.843679
v -0.959272 -0.605984 0.829724
v -0.963779 -0.649210 0.807063
v -0.969845 -0.687098 0.776567
v -0.977237 -0.718192 0.739407
v -0.985670 -0.741297 0.697012
v -0.994820 -0.755524 0.651010
v 0.000000 0.988013 -0.250025
v 0.000000 0.939236 -0.245220
v 0.000000 0.849107 -0.207888
v 0.048777 0.988013 -0.245220
v 0.047840 0.939236 -0.240509
v 0.045065 0.892333 -0.226554
v 0.040557 0.849107 -0.203893
v 0.034491 0.811219 -0.173397
v 0.027099 0.780126 -0.136237
v 0.018666 0.757021 -0.093842
v 0.009516 0.742793 -0.047840
v 0.095680 0.988013 -0.230993
v 0.093842 0.939236 -0.226554
v 0.088397 0.892333 -0.213409
v 0.079555 0.849107 -0.192063
v 0.067656 0.811219 -0.163336
v 0.053157 0.780126 -0.128333
v 0.036615 0.757021 -0.088397
v 0.018666 0.742793 -0.045064
v 0.138906 0.988013 -0.207888
v 0.136237 0.939236 -0.203893
v 0.128333 0.892333 -0.192063
v 0.115496 0.849107 -0.172852
v 0.098222 0.811219 -0.146999
v 0.077172 0.780126 -0.115496
v 0.053157 0.757021 -0.079555
v 0.027099 0.742793 -0.040557
v 0.176794 0.988013 -0.176794
v 0.173397 0.939236 -0.173397
v 0.163336 0.892333 -0.163336
v 0.146999 0.849107 -0.146999
v 0.125012 0.811219 -0.125012
v 0.098222 0.780126 -0.098222
v 0.067656 0.757021 -0.067656
v 0.034491 0.742793 -0.034491
v 0.207888 0.988013 -0.138906
v 0.203893 0.939236 -0.136237
v 0.192063 0.892333 -0.128333
v 0.172852 0.849107 -0.115496
v 0.146999 0.811219 -0.098222
v 0.115496 0.780126 -0.077172
v 0.079555 0.757021 -0.053157
v 0.040557 0.742793 -0.027099
v 0.230993 0.988013 -0.095680
v 0.226554 0.939236 -0.093842
v 0.213409 0.892333 -0.088397
v 0.192063 0.849107 -0.079555
v 0.163336 0.811219 -0.067656
v 0.128333 0.780126 -0.053157
v 0.088397 0.757021 -0.036615
v 0.045064 0.742793 -0.018666
v 0.245220 0.988013 -0.048777
v 0.240509 0.939236 -0.047840
v 0.226554 0.892333 -0.045064
v 0.203893 0.849107 -0.040557
v 0.173397 0.811219 -0.034491
v 0.136237 0.780126 -0.027099
v 0.093842 0.757021 -0.018666
v 0.047840 0.742793 -0.009516
v 0.250025 0.988013 0.000000
v 0.245221 0.939236 0.000000
v 0.230993 0.892333 0.000000
v 0.207888 0.849107 0.000000
v 0.176794 0.811219 0.000000
v 0.138906 0.780126 0.000000
v 0.095680 0.757021 0.000000
v 0.048777 0.742793 0.000000
v 0.245220 0.988013 0.048777
v 0.240509 0.939236 0.047840
v 0.226554 0.892333 0.045064
v 0.203893 0.849107 0.040557
v 0.173397 0.811219 0.034491
v 0.136237 0.780126 0.027099
v 0.093842 0.757021 0.018666
v 0.047840 0.742793 0.009516
v 0.230993 0.988013 0.095680
v 0.226554 0.939236 0.093842
v 0.213409 0.892333 0.088397
v 0.192063 0.849107 0.079555
v 0.163336 0.811219 0.067656
v 0.128333 0.780126 0.053157
v 0.088397 0.757021 0.036615
v 0.045064 0.742793 0.018666
v 0.207888 0.988013 0.138906
v 0.203893 0.939236 0.136237
v 0.192063 0.892333 0.128333
v 0.172852 0.849107 0.115496
v 0.146999 0.811219 0.098221
v 0.115496 0.780126 0.077172
v 0.079555 0.757021 0.053157
v 0.040557 0.742793 0.027099
v 0.176794 0.988013 0.176794
v 0.173397 0.939236 0.173397
v 0.163336 0.892333 0.163336
v 0.146999 0.849107 0.146999
v 0.125012 0.811219 0.125012
v 0.098222 0.780126 0.098221
v 0.067656 0.757021 0.067656
v 0.034491 0.742793 0.034491
v 0.138906 0.988013 0.207888
v 0.136237 0.939236 0.203893
v 0.128333 0.892333 0.192063
v 0.115496 0.849107 0.172852
v 0.098222 0.811219 0.146999
v 0.077172 0.780126 0.115496
v 0.053157 0.757021 0.079555
v 0.027099 0.742793 0.040557
v 0.095680 0.988013 0.230992
v 0.093842 0.939236 0.226554
v 0.088397 0.892333 0.213409
v 0.079555 0.849107 0.192063
v 0.067656 0.811219 0.163336
v 0.053157 0.780126 0.128333
v 0.036615 0.757021 0.088397
v 0.018666 0.742793 0.045064
v 0.048777 0.988013 0.245220
v 0.047840 0.939236 0.240509
v 0.045065 0.892333 0.226554
v 0.040557 0.849107 0.203893
v 0.034491 0.811219 0.173397
v 0.027099 0.780126 0.136237
v 0.018666 0.757021 0.093842
v 0.009516 0.742793 0.047840
v -0.000000 0.988013 0.250024
v 0.000000 0.939236 0.245220
v 0.000000 0.892333 0.230993
v 0.000000 0.849107 0.207888
v 0.000000 0.811219 0.176794
v 0.000000 0.780126 0.138906
v 0.000000 0.757021 0.095680
v 0.000000 0.742793 0.048777
v -0.048777 0.988013 0.245220
v -0.047840 0.939236 0.240508
v -0.045064 0.892333 0.226554
v -0.040557 0.849107 0.203893
v -0.034491 0.811219 0.173397
v -0.027099 0.780126 0.136237
v -0.018666 0.757021 0.093842
v -0.009516 0.742793 0.047840
v -0.095680 0.988013 0.230992
v -0.093842 0.939236 0.226554
v -0.088397 0.892333 0.213409
v -0.079555 0.849107 0.192063
v -0.067656 0.811219 0.163336
v -0.053157 0.780126 0.128333
v -0.036615 0.757021 0.088397
v -0.018666 0.742793 0.045064
v -0.138906 0.988013 0.207888
v -0.136237 0.939236 0.203893
v -0.128332 0.892333 0.192063
v -0.115496 0.849107 0.172852
v -0.098221 0.811219 0.146999
v -0.077172 0.780126 0.115496
v -0.053157 0.757021 0.079555
v -0.027099 0.742793 0.040557
v -0.176794 0.988013 0.176794
v -0.173397 0.939236 0.173397
v -0.163336 0.892333 0.163336
v -0.146999 0.849107 0.146999
v -0.125012 0.811219 0.125012
v -0.098221 0.780126 0.098221
v -0.067656 0.757021 0.067656
v -0.034491 0.742793 0.034491
v 0.000000 0.737989 0.000000
v -0.207888 0.988013 0.138906
v -0.203893 0.939236 0.136237
v -0.192063 0.892333 0.128333
v -0.172852 0.849107 0.115496
v -0.146999 0.811219 0.098221
v -0.115496 0.780126 0.077172
v -0.079555 0.757021 0.053157
v -0.040557 0.742793 0.027099
v -0.230992 0.988013 0.095680
v -0.226554 0.939236 0.093842
v -0.213409 0.892333 0.088397
v -0.192063 0.849107 0.079555
v -0.163336 0.811219 0.067656
v -0.128332 0.780126 0.053157
v -0.088397 0.757021 0.036615
v -0.045064 0.742793 0.018666
v -0.245220 0.988013 0.048777
v -0.240508 0.939236 0.047840
v -0.226554 0.892333 0.045064
v -0.203893 0.849107 0.040557
v -0.173397 0.811219 0.034491
v -0.136237 0.780126 0.027099
v -0.093842 0.757021 0.018666
v -0.047840 0.742793 0.009516
v -0.250024 0.988013 -0.000000
v -0.245220 0.939236 -0.000000
v -0.230992 0.892333 0.000000
v -0.207888 0.849107 -0.000000
v -0.176794 0.811219 0.000000
v -0.138906 0.780126 -0.000000
v -0.095680 0.757021 0.000000
v -0.048777 0.742793 0.000000
v -0.245220 0.988013 -0.048777
v -0.240508 0.939236 -0.047840
v -0.226554 0.892333 -0.045064
v -0.203893 0.849107 -0.040557
v -0.173397 0.811219 -0.034491
v -0.136237 0.780126 -0.027099
v -0.093842 0.757021 -0.018666
v -0.047840 0.742793 -0.009516
v -0.230992 0.988013 -0.095680
v -0.226554 0.939236 -0.093842
v -0.213409 0.892333 -0.088397
v -0.192063 0.849107 -0.079555
v -0.163336 0.811219 -0.067656
v -0.128332 0.780126 -0.053157
v -0.088397 0.757021 -0.036615
v -0.045064 0.742793 -0.018666
v -0.207888 0.988013 -0.138906
v -0.203893 0.939236 -0.136237
v -0.192063 0.892333 -0.128333
v -0.172852 0.849107 -0.115496
v -0.146999 0.811219 -0.098222
v -0.115496 0.780126 -0.077172
v -0.079555 0.757021 -0.053157
v -0.040557 0.742793 -0.027099
v -0.176794 0.988013 -0.176794
v -0.173397 0.939236 -0.173397
v -0.163336 0.892333 -0.163336
v -0.146999 0.849107 -0.146999
v -0.125012 0.811219 -0.125012
v -0.098221 0.780126 -0.098222
v -0.067656 0.757021 -0.067656
v -0.034491 0.742793 -0.034491
v -0.138906 0.988013 -0.207888
v -0.136237 0.939236 -0.203893
v -0.128332 0.892333 -0.192063
v -0.115496 0.849107 -0.172852
v -0.098221 0.811219 -0.146999
v -0.077172 0.780126 -0.115496
v -0.053157 0.757021 -0.079555
v -0.027099 0.742793 -0.040557
v -0.095680 0.988013 -0.230992
v -0.093842 0.939236 -0.226554
v -0.088397 0.892333 -0.213409
v -0.079555 0.849107 -0.192063
v -0.067656 0.811219 -0.163336
v -0.053157 0.780126 -0.128332
v -0.036615 0.757021 -0.088397
v -0.018666 0.742793 -0.045064
v -0.048777 0.988013 -0.245220
v -0.047840 0.939236 -0.240508
v -0.045064 0.892333 -0.226554
v -0.040557 0.849107 -0.203893
v -0.034491 0.811219 -0.173397
v -0.027099 0.780126 -0.136237
v -0.018666 0.757021 -0.093842
v -0.009516 0.742793 -0.047840
v 0.000000 0.892333 -0.230992
v 0.000000 0.811219 -0.176794
v 0.000000 0.780126 -0.138906
v 0.000000 0.757021 -0.095680
v 0.000000 0.742793 -0.048777
v 0.511472 -0.787610 -0.744507
v 0.511472 -0.856592 -0.813489
v 0.511472 -0.946721 -0.850822
v 0.511472 -0.995498 -0.855626
v 0.520988 -0.750278 -0.653441
v 0.530138 -0.764505 -0.699443
v 0.538571 -0.787610 -0.741838
v 0.545963 -0.818704 -0.778998
v 0.552029 -0.856592 -0.809494
v 0.556537 -0.899818 -0.832155
v 0.559312 -0.946721 -0.846110
v 0.560249 -0.995498 -0.850822
v 0.530138 -0.750278 -0.650666
v 0.548087 -0.764505 -0.693998
v 0.564629 -0.787610 -0.733934
v 0.579128 -0.818704 -0.768937
v 0.591027 -0.856592 -0.797664
v 0.599869 -0.899818 -0.819010
v 0.605314 -0.946721 -0.832155
v 0.607152 -0.995498 -0.836594
v 0.538571 -0.750278 -0.646158
v 0.564629 -0.764505 -0.685156
v 0.588644 -0.787610 -0.721097
v 0.609694 -0.818704 -0.752600
v 0.626968 -0.856592 -0.778453
v 0.639805 -0.899818 -0.797664
v 0.647709 -0.946721 -0.809494
v 0.650378 -0.995498 -0.813489
v 0.545963 -0.750278 -0.640092
v 0.579128 -0.764505 -0.673257
v 0.609694 -0.787610 -0.703823
v 0.636484 -0.818704 -0.730613
v 0.658471 -0.856592 -0.752600
v 0.674809 -0.899818 -0.768937
v 0.684869 -0.946721 -0.778998
v 0.688266 -0.995498 -0.782395
v 0.552029 -0.750278 -0.632700
v 0.591027 -0.764505 -0.658758
v 0.626968 -0.787610 -0.682773
v 0.658471 -0.818704 -0.703823
v 0.684325 -0.856592 -0.721097
v 0.703535 -0.899818 -0.733934
v 0.715365 -0.946721 -0.741838
v 0.719360 -0.995498 -0.744507
v 0.511472 -0.745473 -0.605601
v 0.556536 -0.750278 -0.624267
v 0.599869 -0.764505 -0.642216
v 0.639805 -0.787610 -0.658758
v 0.674809 -0.818704 -0.673257
v 0.703535 -0.856592 -0.685156
v 0.724881 -0.899818 -0.693998
v 0.738026 -0.946721 -0.699443
v 0.742465 -0.995498 -0.701281
v 0.559312 -0.750278 -0.615117
v 0.605314 -0.764505 -0.624267
v 0.647709 -0.787610 -0.632700
v 0.684869 -0.818704 -0.640092
v 0.715365 -0.856592 -0.646158
v 0.738026 -0.899818 -0.650666
v 0.751981 -0.946721 -0.653441
v 0.756692 -0.995498 -0.654378
v 0.560249 -0.750278 -0.605601
v 0.607152 -0.764505 -0.605601
v 0.650378 -0.787610 -0.605601
v 0.688266 -0.818704 -0.605601
v 0.719360 -0.856592 -0.605601
v 0.742465 -0.899818 -0.605601
v 0.756693 -0.946721 -0.605601
v 0.761497 -0.995498 -0.605601
v 0.559312 -0.750278 -0.596085
v 0.605314 -0.764505 -0.586935
v 0.647709 -0.787610 -0.578502
v 0.684869 -0.818704 -0.571110
v 0.715365 -0.856592 -0.565044
v 0.738026 -0.899818 -0.560537
v 0.751981 -0.946721 -0.557761
v 0.756692 -0.995498 -0.556824
v 0.556536 -0.750278 -0.586935
v 0.599869 -0.764505 -0.568986
v 0.639805 -0.787610 -0.552444
v 0.674809 -0.818704 -0.537945
v 0.703535 -0.856592 -0.526046
v 0.724881 -0.899818 -0.517204
v 0.738026 -0.946721 -0.511759
v 0.742465 -0.995498 -0.509921
v 0.552029 -0.750278 -0.578502
v 0.591027 -0.764505 -0.552444
v 0.626968 -0.787610 -0.528429
v 0.658471 -0.818704 -0.507379
v 0.684325 -0.856592 -0.490105
v 0.703535 -0.899818 -0.477268
v 0.715365 -0.946721 -0.469364
v 0.719360 -0.995498 -0.466695
v 0.545963 -0.750278 -0.571110
v 0.579128 -0.764505 -0.537945
v 0.609694 -0.787610 -0.507379
v 0.636484 -0.818704 -0.480589
v 0.658471 -0.856592 -0.458602
v 0.674809 -0.899818 -0.442265
v 0.684869 -0.946721 -0.432204
v 0.688266 -0.995498 -0.428807
v 0.538571 -0.750278 -0.565044
v 0.564629 -0.764505 -0.526046
v 0.588644 -0.787610 -0.490105
v 0.609694 -0.818704 -0.458602
v 0.626968 -0.856592 -0.432749
v 0.639805 -0.899818 -0.413538
v 0.647709 -0.946721 -0.401708
v 0.650378 -0.995498 -0.397713
v 0.530138 -0.750278 -0.560537
v 0.548087 -0.764505 -0.517204
v 0.564629 -0.787610 -0.477268
v 0.579128 -0.818704 -0.442265
v 0.591027 -0.856592 -0.413538
v 0.599869 -0.899818 -0.392192
v 0.605314 -0.946721 -0.379047
v 0.607152 -0.995498 -0.374609
v 0.520988 -0.750278 -0.557761
v 0.530138 -0.764505 -0.511759
v 0.538571 -0.787610 -0.469364
v 0.545963 -0.818704 -0.432204
v 0.552029 -0.856592 -0.401708
v 0.556537 -0.899818 -0.379047
v 0.559312 -0.946721 -0.365093
v 0.560249 -0.995498 -0.360381
v 0.511472 -0.750278 -0.556824
v 0.511472 -0.764505 -0.509921
v 0.511472 -0.787610 -0.466695
v 0.511472 -0.818704 -0.428807
v 0.511472 -0.856592 -0.397713
v 0.511472 -0.899818 -0.374609
v 0.511472 -0.946721 -0.360381
v 0.511472 -0.995498 -0.355577
v 0.501956 -0.750278 -0.557761
v 0.492806 -0.764505 -0.511759
v 0.484373 -0.787610 -0.469364
v 0.476981 -0.818704 -0.432204
v 0.470915 -0.856592 -0.401708
v 0.466408 -0.899818 -0.379047
v 0.463632 -0.946721 -0.365093
v 0.462695 -0.995498 -0.360381
v 0.492806 -0.750278 -0.560537
v 0.474857 -0.764505 -0.517204
v 0.458315 -0.787610 -0.477269
v 0.443816 -0.818704 -0.442265
v 0.431917 -0.856592 -0.413538
v 0.423075 -0.899818 -0.392192
v 0.417630 -0.946721 -0.379047
v 0.415792 -0.995498 -0.374609
v 0.484373 -0.750278 -0.565044
v 0.458315 -0.764505 -0.526046
v 0.434300 -0.787610 -0.490105
v 0.413251 -0.818704 -0.458602
v 0.395976 -0.856592 -0.432749
v 0.383139 -0.899818 -0.413538
v 0.375235 -0.946721 -0.401708
v 0.372566 -0.995498 -0.397713
v 0.476981 -0.750278 -0.571110
v 0.443816 -0.764505 -0.537945
v 0.413251 -0.787610 -0.507380
v 0.386460 -0.818704 -0.480589
v 0.364473 -0.856592 -0.458602
v 0.348136 -0.899818 -0.442265
v 0.338075 -0.946721 -0.432204
v 0.334678 -0.995498 -0.428807
v 0.470915 -0.750278 -0.578502
v 0.431917 -0.764505 -0.552444
v 0.395976 -0.787610 -0.528429
v 0.364473 -0.818704 -0.507379
v 0.338620 -0.856592 -0.490105
v 0.319409 -0.899818 -0.477268
v 0.307579 -0.946721 -0.469364
v 0.303584 -0.995498 -0.466695
v 0.466408 -0.750278 -0.586935
v 0.423075 -0.764505 -0.568986
v 0.383140 -0.787610 -0.552444
v 0.348136 -0.818704 -0.537945
v 0.319409 -0.856592 -0.526046
v 0.298063 -0.899818 -0.517204
v 0.284918 -0.946721 -0.511759
v 0.280480 -0.995498 -0.509921
v 0.463632 -0.750278 -0.596085
v 0.417630 -0.764505 -0.586935
v 0.375235 -0.787610 -0.578502
v 0.338075 -0.818704 -0.571110
v 0.307579 -0.856592 -0.565044
v 0.284918 -0.899818 -0.560537
v 0.270964 -0.946721 -0.557761
v 0.266252 -0.995498 -0.556824
v 0.462695 -0.750278 -0.605601
v 0.415792 -0.764505 -0.605601
v 0.372566 -0.787610 -0.605601
v 0.334678 -0.818704 -0.605601
v 0.303584 -0.856592 -0.605601
v 0.280480 -0.899818 -0.605601
v 0.266252 -0.946721 -0.605601
v 0.261448 -0.995498 -0.605601
v 0.463632 -0.750278 -0.615117
v 0.417630 -0.764505 -0.624267
v 0.375235 -0.787610 -0.632700
v 0.338075 -0.818704 -0.640092
v 0.307579 -0.856592 -0.646158
v 0.284918 -0.899818 -0.650665
v 0.270964 -0.946721 -0.653441
v 0.266252 -0.995498 -0.654379
v 0.466408 -0.750278 -0.624267
v 0.423075 -0.764505 -0.642216
v 0.383140 -0.787610 -0.658758
v 0.348136 -0.818704 -0.673257
v 0.319409 -0.856592 -0.685156
v 0.298063 -0.899818 -0.693998
v 0.284918 -0.946721 -0.699443
v 0.280480 -0.995498 -0.701281
v 0.470915 -0.750278 -0.632700
v 0.431917 -0.764505 -0.658758
v 0.395976 -0.787610 -0.682773
v 0.364473 -0.818704 -0.703823
v 0.338620 -0.856592 -0.721097
v 0.319409 -0.899818 -0.733934
v 0.307579 -0.946721 -0.741838
v 0.303584 -0.995498 -0.744507
v 0.476981 -0.750278 -0.640092
v 0.443816 -0.764505 -0.673257
v 0.413251 -0.787610 -0.703822
v 0.386460 -0.818704 -0.730613
v 0.364473 -0.856592 -0.752600
v 0.348136 -0.899818 -0.768937
v 0.338075 -0.946721 -0.778998
v 0.334678 -0.995498 -0.782395
v 0.484373 -0.750278 -0.646158
v 0.458315 -0.764505 -0.685156
v 0.434300 -0.787610 -0.721097
v 0.413251 -0.818704 -0.752600
v 0.395976 -0.856592 -0.778453
v 0.383139 -0.899818 -0.797664
v 0.375235 -0.946721 -0.809494
v 0.372566 -0.995498 -0.813489
v 0.492806 -0.750278 -0.650665
v 0.474857 -0.764505 -0.693998
v 0.458315 -0.787610 -0.733934
v 0.443816 -0.818704 -0.768937
v 0.431917 -0.856592 -0.797664
v 0.423075 -0.899818 -0.819010
v 0.417630 -0.946721 -0.832155
v 0.415792 -0.995498 -0.836593
v 0.501956 -0.750278 -0.653441
v 0.492806 -0.764505 -0.699443
v 0.484373 -0.787610 -0.741838
v 0.476981 -0.818704 -0.778998
v 0.470915 -0.856592 -0.809494
v 0.466408 -0.899818 -0.832155
v 0.463632 -0.946721 -0.846110
v 0.462695 -0.995498 -0.850821
v 0.511472 -0.750278 -0.654378
v 0.511472 -0.764505 -0.701281
v 0.511472 -0.818704 -0.782395
v 0.511472 -0.899818 -0.836594
v 0.511472 -0.787610 -0.138906
v 0.511472 -0.856592 -0.207888
v 0.511472 -0.946721 -0.245220
v 0.511472 -0.995498 -0.250025
v 0.520988 -0.750278 -0.047840
v 0.530138 -0.764506 -0.093842
v 0.538571 -0.787610 -0.136237
v 0.545963 -0.818704 -0.173397
v 0.552029 -0.856592 -0.203893
v 0.556537 -0.899818 -0.226554
v 0.559312 -0.946721 -0.240509
v 0.560249 -0.995498 -0.245220
v 0.530138 -0.750278 -0.045064
v 0.548087 -0.764506 -0.088397
v 0.564629 -0.787610 -0.128333
v 0.579128 -0.818704 -0.163336
v 0.591027 -0.856592 -0.192063
v 0.599869 -0.899818 -0.213409
v 0.605314 -0.946721 -0.226554
v 0.607152 -0.995498 -0.230993
v 0.538571 -0.750278 -0.040557
v 0.564629 -0.764506 -0.079555
v 0.588644 -0.787610 -0.115496
v 0.609694 -0.818704 -0.146999
v 0.626968 -0.856592 -0.172852
v 0.639805 -0.899818 -0.192063
v 0.647709 -0.946721 -0.203893
v 0.650378 -0.995498 -0.207888
v 0.545963 -0.750278 -0.034491
v 0.579128 -0.764506 -0.067656
v 0.609694 -0.787610 -0.098222
v 0.636484 -0.818704 -0.125012
v 0.658471 -0.856592 -0.146999
v 0.674809 -0.899818 -0.163336
v 0.684869 -0.946721 -0.173397
v 0.688266 -0.995498 -0.176794
v 0.552029 -0.750278 -0.027099
v 0.591027 -0.764506 -0.053157
v 0.626968 -0.787610 -0.077172
v 0.658471 -0.818704 -0.098222
v 0.684325 -0.856592 -0.115496
v 0.703535 -0.899818 -0.128333
v 0.715365 -0.946721 -0.136237
v 0.719360 -0.995498 -0.138906
v 0.511472 -0.745474 0.000000
v 0.556536 -0.750278 -0.018666
v 0.599869 -0.764506 -0.036615
v 0.639805 -0.787610 -0.053157
v 0.674809 -0.818704 -0.067656
v 0.703535 -0.856592 -0.079555
v 0.724881 -0.899818 -0.088397
v 0.738026 -0.946721 -0.093842
v 0.742465 -0.995498 -0.095680
v 0.559312 -0.750278 -0.009516
v 0.605314 -0.764506 -0.018666
v 0.647709 -0.787610 -0.027099
v 0.684869 -0.818704 -0.034491
v 0.715365 -0.856592 -0.040557
v 0.738026 -0.899818 -0.045064
v 0.751981 -0.946721 -0.047840
v 0.756692 -0.995498 -0.048777
v 0.560249 -0.750278 0.000000
v 0.607152 -0.764506 0.000000
v 0.650378 -0.787610 0.000000
v 0.688266 -0.818704 0.000000
v 0.719360 -0.856592 0.000000
v 0.742465 -0.899818 0.000000
v 0.756693 -0.946721 0.000000
v 0.761497 -0.995498 0.000000
v 0.559312 -0.750278 0.009516
v 0.605314 -0.764506 0.018666
v 0.647709 -0.787610 0.027099
v 0.684869 -0.818704 0.034491
v 0.715365 -0.856592 0.040557
v 0.738026 -0.899818 0.045064
v 0.751981 -0.946721 0.047840
v 0.756692 -0.995498 0.048777
v 0.556536 -0.750278 0.018666
v 0.599869 -0.764506 0.036615
v 0.639805 -0.787610 0.053157
v 0.674809 -0.818704 0.067656
v 0.703535 -0.856592 0.079555
v 0.724881 -0.899818 0.088397
v 0.738026 -0.946721 0.093842
v 0.742465 -0.995498 0.095680
v 0.552029 -0.750278 0.027099
v 0.591027 -0.764506 0.053157
v 0.626968 -0.787610 0.077172
v 0.658471 -0.818704 0.098221
v 0.684325 -0.856592 0.115496
v 0.703535 -0.899818 0.128333
v 0.715365 -0.946721 0.136237
v 0.719360 -0.995498 0.138906
v 0.545963 -0.750278 0.034491
v 0.579128 -0.764506 0.067656
v 0.609694 -0.787610 0.098221
v 0.636484 -0.818704 0.125012
v 0.658471 -0.856592 0.146999
v 0.674809 -0.899818 0.163336
v 0.684869 -0.946721 0.173397
v 0.688266 -0.995498 0.176794
v 0.538571 -0.750278 0.040557
v 0.564629 -0.764506 0.079555
v 0.588644 -0.787610 0.115496
v 0.609694 -0.818704 0.146999
v 0.626968 -0.856592 0.172852
v 0.639805 -0.899818 0.192063
v 0.647709 -0.946721 0.203893
v 0.650378 -0.995498 0.207888
v 0.530138 -0.750278 0.045064
v 0.548087 -0.764506 0.088397
v 0.564629 -0.787610 0.128333
v 0.579128 -0.818704 0.163336
v 0.591027 -0.856592 0.192063
v 0.599869 -0.899818 0.213409
v 0.605314 -0.946721 0.226554
v 0.607152 -0.995498 0.230992
v 0.520988 -0.750278 0.047840
v 0.530138 -0.764506 0.093842
v 0.538571 -0.787610 0.136237
v 0.545963 -0.818704 0.173397
v 0.552029 -0.856592 0.203893
v 0.556537 -0.899818 0.226554
v 0.559312 -0.946721 0.240509
v 0.560249 -0.995498 0.245220
v 0.511472 -0.750278 0.048777
v 0.511472 -0.764506 0.095680
v 0.511472 -0.787610 0.138906
v 0.511472 -0.818704 0.176794
v 0.511472 -0.856592 0.207888
v 0.511472 -0.899818 0.230993
v 0.511472 -0.946721 0.245220
v 0.511472 -0.995498 0.250024
v 0.501956 -0.750278 0.047840
v 0.492806 -0.764506 0.093842
v 0.484373 -0.787610 0.136237
v 0.476981 -0.818704 0.173397
v 0.470915 -0.856592 0.203893
v 0.466408 -0.899818 0.226554
v 0.463632 -0.946721 0.240508
v 0.462695 -0.995498 0.245220
v 0.492806 -0.750278 0.045064
v 0.474857 -0.764506 0.088397
v 0.458315 -0.787610 0.128333
v 0.443816 -0.818704 0.163336
v 0.431917 -0.856592 0.192063
v 0.423075 -0.899818 0.213409
v 0.417630 -0.946721 0.226554
v 0.415792 -0.995498 0.230992
v 0.484373 -0.750278 0.040557
v 0.458315 -0.764506 0.079555
v 0.434300 -0.787610 0.115496
v 0.413251 -0.818704 0.146999
v 0.395976 -0.856592 0.172852
v 0.383139 -0.899818 0.192063
v 0.375235 -0.946721 0.203893
v 0.372566 -0.995498 0.207888
v 0.476981 -0.750278 0.034491
v 0.443816 -0.764506 0.067656
v 0.413251 -0.787610 0.098221
v 0.386460 -0.818704 0.125012
v 0.364473 -0.856592 0.146999
v 0.348136 -0.899818 0.163336
v 0.338075 -0.946721 0.173397
v 0.334678 -0.995498 0.176794
v 0.470915 -0.750278 0.027099
v 0.431917 -0.764506 0.053157
v 0.395976 -0.787610 0.077172
v 0.364473 -0.818704 0.098221
v 0.338620 -0.856592 0.115496
v 0.319409 -0.899818 0.128333
v 0.307579 -0.946721 0.136237
v 0.303584 -0.995498 0.138906
v 0.466408 -0.750278 0.018666
v 0.423075 -0.764506 0.036615
v 0.383140 -0.787610 0.053157
v 0.348136 -0.818704 0.067656
v 0.319409 -0.856592 0.079555
v 0.298063 -0.899818 0.088397
v 0.284918 -0.946721 0.093842
v 0.280480 -0.995498 0.095680
v 0.463632 -0.750278 0.009516
v 0.417630 -0.764506 0.018666
v 0.375235 -0.787610 0.027099
v 0.338075 -0.818704 0.034491
v 0.307579 -0.856592 0.040557
v 0.284918 -0.899818 0.045064
v 0.270964 -0.946721 0.047840
v 0.266252 -0.995498 0.048777
v 0.462695 -0.750278 0.000000
v 0.415792 -0.764506 0.000000
v 0.372566 -0.787610 -0.000000
v 0.334678 -0.818704 0.000000
v 0.303584 -0.856592 -0.000000
v 0.280480 -0.899818 0.000000
v 0.266252 -0.946721 -0.000000
v 0.261448 -0.995498 -0.000000
v 0.463632 -0.750278 -0.009516
v 0.417630 -0.764506 -0.018666
v 0.375235 -0.787610 -0.027099
v 0.338075 -0.818704 -0.034491
v 0.307579 -0.856592 -0.040557
v 0.284918 -0.899818 -0.045064
v 0.270964 -0.946721 -0.047840
v 0.266252 -0.995498 -0.048777
v 0.466408 -0.750278 -0.018666
v 0.423075 -0.764506 -0.036615
v 0.383140 -0.787610 -0.053157
v 0.348136 -0.818704 -0.067656
v 0.319409 -0.856592 -0.079555
v 0.298063 -0.899818 -0.088397
v 0.284918 -0.946721 -0.093842
v 0.280480 -0.995498 -0.095680
v 0.470915 -0.750278 -0.027099
v 0.431917 -0.764506 -0.053157
v 0.395976 -0.787610 -0.077172
v 0.364473 -0.818704 -0.098222
v 0.338620 -0.856592 -0.115496
v 0.319409 -0.899818 -0.128333
v 0.307579 -0.946721 -0.136237
v 0.303584 -0.995498 -0.138906
v 0.476981 -0.750278 -0.034491
v 0.443816 -0.764506 -0.067656
v 0.413251 -0.787610 -0.098222
v 0.386460 -0.818704 -0.125012
v 0.364473 -0.856592 -0.146999
v 0.348136 -0.899818 -0.163336
v 0.338075 -0.946721 -0.173397
v 0.334678 -0.995498 -0.176794
v 0.484373 -0.750278 -0.040557
v 0.458315 -0.764506 -0.079555
v 0.434300 -0.787610 -0.115496
v 0.413251 -0.818704 -0.146999
v 0.395976 -0.856592 -0.172852
v 0.383139 -0.899818 -0.192063
v 0.375235 -0.946721 -0.203893
v 0.372566 -0.995498 -0.207888
v 0.492806 -0.750278 -0.045064
v 0.474857 -0.764506 -0.088397
v 0.458315 -0.787610 -0.128332
v 0.443816 -0.818704 -0.163336
v 0.431917 -0.856592 -0.192063
v 0.423075 -0.899818 -0.213409
v 0.417630 -0.946721 -0.226554
v 0.415792 -0.995498 -0.230992
v 0.501956 -0.750278 -0.047840
v 0.492806 -0.764506 -0.093842
v 0.484373 -0.787610 -0.136237
v 0.476981 -0.818704 -0.173397
v 0.470915 -0.856592 -0.203893
v 0.466408 -0.899818 -0.226554
v 0.463632 -0.946721 -0.240508
v 0.462695 -0.995498 -0.245220
v 0.511472 -0.750278 -0.048777
v 0.511472 -0.764506 -0.095680
v 0.511472 -0.818704 -0.176794
v 0.511472 -0.899818 -0.230992
v 0.511472 -0.787610 0.466694
v 0.511472 -0.856592 0.397713
v 0.511472 -0.946721 0.360380
v 0.511472 -0.995498 0.355576
v 0.520988 -0.750278 0.557760
v 0.530138 -0.764506 0.511759
v 0.538571 -0.787610 0.469363
v 0.545963 -0.818704 0.432204
v 0.552029 -0.856592 0.401707
v 0.556537 -0.899818 0.379046
v 0.559312 -0.946721 0.365092
v 0.560249 -0.995498 0.360380
v 0.530138 -0.750278 0.560536
v 0.548087 -0.764506 0.517204
v 0.564629 -0.787610 0.477268
v 0.579128 -0.818704 0.442264
v 0.591027 -0.856592 0.413537
v 0.599869 -0.899818 0.392191
v 0.605314 -0.946721 0.379046
v 0.607152 -0.995498 0.374608
v 0.538571 -0.750278 0.565044
v 0.564629 -0.764506 0.526045
v 0.588644 -0.787610 0.490104
v 0.609694 -0.818704 0.458602
v 0.626968 -0.856592 0.432748
v 0.639805 -0.899818 0.413537
v 0.647709 -0.946721 0.401707
v 0.650378 -0.995498 0.397713
v 0.545963 -0.750278 0.571110
v 0.579128 -0.764506 0.537944
v 0.609694 -0.787610 0.507379
v 0.636484 -0.818704 0.480588
v 0.658471 -0.856592 0.458602
v 0.674809 -0.899818 0.442264
v 0.684869 -0.946721 0.432204
v 0.688266 -0.995498 0.428807
v 0.552029 -0.750278 0.578501
v 0.591027 -0.764506 0.552444
v 0.626968 -0.787610 0.528429
v 0.658471 -0.818704 0.507379
v 0.684325 -0.856592 0.490104
v 0.703535 -0.899818 0.477268
v 0.715365 -0.946721 0.469363
v 0.719360 -0.995498 0.466694
v 0.511472 -0.745474 0.605601
v 0.556536 -0.750278 0.586934
v 0.599869 -0.764506 0.568985
v 0.639805 -0.787610 0.552444
v 0.674809 -0.818704 0.537944
v 0.703535 -0.856592 0.526045
v 0.724881 -0.899818 0.517204
v 0.738026 -0.946721 0.511759
v 0.742465 -0.995498 0.509920
v 0.559312 -0.750278 0.596085
v 0.605314 -0.764506 0.586934
v 0.647709 -0.787610 0.578501
v 0.684869 -0.818704 0.571110
v 0.715365 -0.856592 0.565044
v 0.738026 -0.899818 0.560536
v 0.751981 -0.946721 0.557761
v 0.756692 -0.995498 0.556823
v 0.560249 -0.750278 0.605601
v 0.607152 -0.764506 0.605601
v 0.650378 -0.787610 0.605601
v 0.688266 -0.818704 0.605601
v 0.719360 -0.856592 0.605601
v 0.742465 -0.899818 0.605601
v 0.756693 -0.946721 0.605601
v 0.761497 -0.995498 0.605601
v 0.559312 -0.750278 0.615117
v 0.605314 -0.764506 0.624267
v 0.647709 -0.787610 0.632700
v 0.684869 -0.818704 0.640091
v 0.715365 -0.856592 0.646158
v 0.738026 -0.899818 0.650665
v 0.751981 -0.946721 0.653441
v 0.756692 -0.995498 0.654378
v 0.556536 -0.750278 0.624267
v 0.599869 -0.764506 0.642216
v 0.639805 -0.787610 0.658758
v 0.674809 -0.818704 0.673257
v 0.703535 -0.856592 0.685156
v 0.724881 -0.899818 0.693998
v 0.738026 -0.946721 0.699443
v 0.742465 -0.995498 0.701281
v 0.552029 -0.750278 0.632700
v 0.591027 -0.764506 0.658758
v 0.626968 -0.787610 0.682773
v 0.658471 -0.818704 0.703822
v 0.684325 -0.856592 0.721097
v 0.703535 -0.899818 0.733933
v 0.715365 -0.946721 0.741838
v 0.719360 -0.995498 0.744507
v 0.545963 -0.750278 0.640091
v 0.579128 -0.764506 0.673257
v 0.609694 -0.787610 0.703822
v 0.636484 -0.818704 0.730613
v 0.658471 -0.856592 0.752600
v 0.674809 -0.899818 0.768937
v 0.684869 -0.946721 0.778998
v 0.688266 -0.995498 0.782395
v 0.538571 -0.750278 0.646158
v 0.564629 -0.764506 0.685156
v 0.588644 -0.787610 0.721097
v 0.609694 -0.818704 0.752600
v 0.626968 -0.856592 0.778453
v 0.639805 -0.899818 0.797664
v 0.647709 -0.946721 0.809494
v 0.650378 -0.995498 0.813488
v 0.530138 -0.750278 0.650665
v 0.548087 -0.764506 0.693998
v 0.564629 -0.787610 0.733933
v 0.579128 -0.818704 0.768937
v 0.591027 -0.856592 0.797664
v 0.599869 -0.899818 0.819010
v 0.605314 -0.946721 0.832155
v 0.607152 -0.995498 0.836593
v 0.520988 -0.750278 0.653441
v 0.530138 -0.764506 0.699442
v 0.538571 -0.787610 0.741838
v 0.545963 -0.818704 0.778998
v 0.552029 -0.856592 0.809494
v 0.556537 -0.899818 0.832155
v 0.559312 -0.946721 0.846109
v 0.560249 -0.995498 0.850821
v 0.511472 -0.750278 0.654378
v 0.511472 -0.764506 0.701281
v 0.511472 -0.787610 0.744507
v 0.511472 -0.818704 0.782395
v 0.511472 -0.856592 0.813488
v 0.511472 -0.899818 0.836593
v 0.511472 -0.946721 0.850821
v 0.511472 -0.995498 0.855625
v 0.501956 -0.750278 0.653441
v 0.492806 -0.764506 0.699442
v 0.484373 -0.787610 0.741838
v 0.476981 -0.818704 0.778998
v 0.470915 -0.856592 0.809494
v 0.466408 -0.899818 0.832155
v 0.463632 -0.946721 0.846109
v 0.462695 -0.995498 0.850821
v 0.492806 -0.750278 0.650665
v 0.474857 -0.764506 0.693998
v 0.458315 -0.787610 0.733933
v 0.443816 -0.818704 0.768937
v 0.431917 -0.856592 0.797664
v 0.423075 -0.899818 0.819010
v 0.417630 -0.946721 0.832155
v 0.415792 -0.995498 0.836593
v 0.484373 -0.750278 0.646158
v 0.458315 -0.764506 0.685156
v 0.434300 -0.787610 0.721097
v 0.413251 -0.818704 0.752600
v 0.395976 -0.856592 0.778453
v 0.383139 -0.899818 0.797664
v 0.375235 -0.946721 0.809494
v 0.372566 -0.995498 0.813488
v 0.476981 -0.750278 0.640091
v 0.443816 -0.764506 0.673257
v 0.413251 -0.787610 0.703822
v 0.386460 -0.818704 0.730613
v 0.364473 -0.856592 0.752599
v 0.348136 -0.899818 0.768937
v 0.338075 -0.946721 0.778998
v 0.334678 -0.995498 0.782395
v 0.470915 -0.750278 0.632700
v 0.431917 -0.764506 0.658758
v 0.395976 -0.787610 0.682773
v 0.364473 -0.818704 0.703822
v 0.338620 -0.856592 0.721097
v 0.319409 -0.899818 0.733933
v 0.307579 -0.946721 0.741838
v 0.303584 -0.995498 0.744507
v 0.466408 -0.750278 0.624267
v 0.423075 -0.764506 0.642216
v 0.383140 -0.787610 0.658758
v 0.348136 -0.818704 0.673257
v 0.319409 -0.856592 0.685156
v 0.298063 -0.899818 0.693998
v 0.284918 -0.946721 0.699442
v 0.280480 -0.995498 0.701281
v 0.463632 -0.750278 0.615117
v 0.417630 -0.764506 0.624267
v 0.375235 -0.787610 0.632700
v 0.338075 -0.818704 0.640091
v 0.307579 -0.856592 0.646158
v 0.284918 -0.899818 0.650665
v 0.270964 -0.946721 0.653441
v 0.266252 -0.995498 0.654378
v 0.462695 -0.750278 0.605601
v 0.415792 -0.764506 0.605601
v 0.372566 -0.787610 0.605601
v 0.334678 -0.818704 0.605601
v 0.303584 -0.856592 0.605601
v 0.280480 -0.899818 0.605601
v 0.266252 -0.946721 0.605601
v 0.261448 -0.995498 0.605601
v 0.463632 -0.750278 0.596085
v 0.417630 -0.764506 0.586934
v 0.375235 -0.787610 0.578501
v 0.338075 -0.818704 0.571110
v 0.307579 -0.856592 0.565044
v 0.284918 -0.899818 0.560536
v 0.270964 -0.946721 0.557760
v 0.266252 -0.995498 0.556823
v 0.466408 -0.750278 0.586934
v 0.423075 -0.764506 0.568985
v 0.383140 -0.787610 0.552444
v 0.348136 -0.818704 0.537944
v 0.319409 -0.856592 0.526045
v 0.298063 -0.899818 0.517204
v 0.284918 -0.946721 0.511759
v 0.280480 -0.995498 0.509920
v 0.470915 -0.750278 0.578501
v 0.431917 -0.764506 0.552444
v 0.395976 -0.787610 0.528429
v 0.364473 -0.818704 0.507379
v 0.338620 -0.856592 0.490104
v 0.319409 -0.899818 0.477268
v 0.307579 -0.946721 0.469363
v 0.303584 -0.995498 0.466694
v 0.476981 -0.750278 0.571110
v 0.443816 -0.764506 0.537944
v 0.413251 -0.787610 0.507379
v 0.386460 -0.818704 0.480588
v 0.364473 -0.856592 0.458602
v 0.348136 -0.899818 0.442264
v 0.338075 -0.946721 0.432204
v 0.334678 -0.995498 0.428807
v 0.484373 -0.750278 0.565044
v 0.458315 -0.764506 0.526045
v 0.434300 -0.787610 0.490104
v 0.413251 -0.818704 0.458602
v 0.395976 -0.856592 0.432748
v 0.383139 -0.899818 0.413537
v 0.375235 -0.946721 0.401707
v 0.372566 -0.995498 0.397713
v 0.492806 -0.750278 0.560536
v 0.474857 -0.764506 0.517204
v 0.458315 -0.787610 0.477268
v 0.443816 -0.818704 0.442264
v 0.431917 -0.856592 0.413538
v 0.423075 -0.899818 0.392191
v 0.417630 -0.946721 0.379047
v 0.415792 -0.995498 0.374608
v 0.501956 -0.750278 0.557761
v 0.492806 -0.764506 0.511759
v 0.484373 -0.787610 0.469364
v 0.476981 -0.818704 0.432204
v 0.470915 -0.856592 0.401707
v 0.466408 -0.899818 0.379047
v 0.463632 -0.946721 0.365092
v 0.462695 -0.995498 0.360380
v 0.511472 -0.750278 0.556823
v 0.511472 -0.764506 0.509920
v 0.511472 -0.818704 0.428807
v 0.511472 -0.899818 0.374608
v -0.511472 -0.787610 -0.744507
v -0.511472 -0.856592 -0.813489
v -0.511472 -0.946721 -0.850822
v -0.511472 -0.995498 -0.855626
v -0.501956 -0.750278 -0.653441
v -0.492805 -0.764505 -0.699443
v -0.484372 -0.787610 -0.741838
v -0.476981 -0.818704 -0.778998
v -0.470915 -0.856592 -0.809494
v -0.466407 -0.899818 -0.832155
v -0.463632 -0.946721 -0.846110
v -0.462694 -0.995498 -0.850822
v -0.492805 -0.750278 -0.650666
v -0.474856 -0.764505 -0.693998
v -0.458314 -0.787610 -0.733934
v -0.443815 -0.818704 -0.768937
v -0.431916 -0.856592 -0.797664
v -0.423075 -0.899818 -0.819010
v -0.417630 -0.946721 -0.832155
v -0.415791 -0.995498 -0.836594
v -0.484372 -0.750278 -0.646158
v -0.458314 -0.764505 -0.685156
v -0.434299 -0.787610 -0.721097
v -0.413250 -0.818704 -0.752600
v -0.395975 -0.856592 -0.778453
v -0.383139 -0.899818 -0.797664
v -0.375234 -0.946721 -0.809494
v -0.372565 -0.995498 -0.813489
v -0.476981 -0.750278 -0.640092
v -0.443815 -0.764505 -0.673257
v -0.413250 -0.787610 -0.703823
v -0.386459 -0.818704 -0.730613
v -0.364473 -0.856592 -0.752600
v -0.348135 -0.899818 -0.768937
v -0.338075 -0.946721 -0.778998
v -0.334678 -0.995498 -0.782395
v -0.470915 -0.750278 -0.632700
v -0.431916 -0.764505 -0.658758
v -0.395975 -0.787610 -0.682773
v -0.364473 -0.818704 -0.703823
v -0.338619 -0.856592 -0.721097
v -0.319408 -0.899818 -0.733934
v -0.307578 -0.946721 -0.741838
v -0.303584 -0.995498 -0.744507
v -0.511472 -0.745473 -0.605601
v -0.466407 -0.750278 -0.624267
v -0.423075 -0.764505 -0.642216
v -0.383139 -0.787610 -0.658758
v -0.348135 -0.818704 -0.673257
v -0.319408 -0.856592 -0.685156
v -0.298062 -0.899818 -0.693998
v -0.284917 -0.946721 -0.699443
v -0.280479 -0.995498 -0.701281
v -0.463632 -0.750278 -0.615117
v -0.417630 -0.764505 -0.624267
v -0.375234 -0.787610 -0.632700
v -0.338075 -0.818704 -0.640092
v -0.307578 -0.856592 -0.646158
v -0.284917 -0.899818 -0.650666
v -0.270963 -0.946721 -0.653441
v -0.266251 -0.995498 -0.654378
v -0.462694 -0.750278 -0.605601
v -0.415791 -0.764505 -0.605601
v -0.372565 -0.787610 -0.605601
v -0.334678 -0.818704 -0.605601
v -0.303584 -0.856592 -0.605601
v -0.280479 -0.899818 -0.605601
v -0.266251 -0.946721 -0.605601
v -0.261447 -0.995498 -0.605601
v -0.463632 -0.750278 -0.596085
v -0.417630 -0.764505 -0.586935
v -0.375234 -0.787610 -0.578502
v -0.338075 -0.818704 -0.571110
v -0.307578 -0.856592 -0.565044
v -0.284917 -0.899818 -0.560537
v -0.270963 -0.946721 -0.557761
v -0.266251 -0.995498 -0.556824
v -0.466407 -0.750278 -0.586935
v -0.423075 -0.764505 -0.568986
v -0.383139 -0.787610 -0.552444
v -0.348135 -0.818704 -0.537945
v -0.319408 -0.856592 -0.526046
v -0.298062 -0.899818 -0.517204
v -0.284918 -0.946721 -0.511759
v -0.280479 -0.995498 -0.509921
v -0.470915 -0.750278 -0.578502
v -0.431916 -0.764505 -0.552444
v -0.395975 -0.787610 -0.528429
v -0.364473 -0.818704 -0.507379
v -0.338619 -0.856592 -0.490105
v -0.319408 -0.899818 -0.477268
v -0.307578 -0.946721 -0.469364
v -0.303584 -0.995498 -0.466695
v -0.476981 -0.750278 -0.571110
v -0.443815 -0.764505 -0.537945
v -0.413250 -0.787610 -0.507379
v -0.386459 -0.818704 -0.480589
v -0.364473 -0.856592 -0.458602
v -0.348135 -0.899818 -0.442265
v -0.338075 -0.946721 -0.432204
v -0.334678 -0.995498 -0.428807
v -0.484372 -0.750278 -0.565044
v -0.458315 -0.764505 -0.526046
v -0.434299 -0.787610 -0.490105
v -0.413250 -0.818704 -0.458602
v -0.395975 -0.856592 -0.432749
v -0.383139 -0.899818 -0.413538
v -0.375234 -0.946721 -0.401708
v -0.372566 -0.995498 -0.397713
v -0.492805 -0.750278 -0.560537
v -0.474856 -0.764505 -0.517204
v -0.458315 -0.787610 -0.477268
v -0.443815 -0.818704 -0.442265
v -0.431916 -0.856592 -0.413538
v -0.423075 -0.899818 -0.392192
v -0.417630 -0.946721 -0.379047
v -0.415791 -0.995498 -0.374609
v -0.501956 -0.750278 -0.557761
v -0.492805 -0.764505 -0.511759
v -0.484372 -0.787610 -0.469364
v -0.476981 -0.818704 -0.432204
v -0.470915 -0.856592 -0.401708
v -0.466407 -0.899818 -0.379047
v -0.463632 -0.946721 -0.365093
v -0.462694 -0.995498 -0.360381
v -0.511472 -0.750278 -0.556824
v -0.511472 -0.764505 -0.509921
v -0.511472 -0.787610 -0.466695
v -0.511472 -0.818704 -0.428807
v -0.511472 -0.856592 -0.397713
v -0.511472 -0.899818 -0.374609
v -0.511472 -0.946721 -0.360381
v -0.511472 -0.995498 -0.355577
v -0.520988 -0.750278 -0.557761
v -0.530138 -0.764505 -0.511759
v -0.538571 -0.787610 -0.469364
v -0.545962 -0.818704 -0.432204
v -0.552029 -0.856592 -0.401708
v -0.556536 -0.899818 -0.379047
v -0.559312 -0.946721 -0.365093
v -0.560249 -0.995498 -0.360381
v -0.530138 -0.750278 -0.560537
v -0.548087 -0.764505 -0.517204
v -0.564629 -0.787610 -0.477269
v -0.579128 -0.818704 -0.442265
v -0.591027 -0.856592 -0.413538
v -0.599869 -0.899818 -0.392192
v -0.605313 -0.946721 -0.379047
v -0.607152 -0.995498 -0.374609
v -0.538571 -0.750278 -0.565044
v -0.564629 -0.764505 -0.526046
v -0.588644 -0.787610 -0.490105
v -0.609693 -0.818704 -0.458602
v -0.626968 -0.856592 -0.432749
v -0.639804 -0.899818 -0.413538
v -0.647709 -0.946721 -0.401708
v -0.650378 -0.995498 -0.397713
v -0.545962 -0.750278 -0.571110
v -0.579128 -0.764505 -0.537945
v -0.609693 -0.787610 -0.507380
v -0.636484 -0.818704 -0.480589
v -0.658471 -0.856592 -0.458602
v -0.674808 -0.899818 -0.442265
v -0.684869 -0.946721 -0.432204
v -0.688266 -0.995498 -0.428807
v -0.552029 -0.750278 -0.578502
v -0.591027 -0.764505 -0.552444
v -0.626968 -0.787610 -0.528429
v -0.658471 -0.818704 -0.507379
v -0.684324 -0.856592 -0.490105
v -0.703535 -0.899818 -0.477268
v -0.715365 -0.946721 -0.469364
v -0.719359 -0.995498 -0.466695
v -0.556536 -0.750278 -0.586935
v -0.599869 -0.764505 -0.568986
v -0.639804 -0.787610 -0.552444
v -0.674808 -0.818704 -0.537945
v -0.703535 -0.856592 -0.526046
v -0.724881 -0.899818 -0.517204
v -0.738026 -0.946721 -0.511759
v -0.742464 -0.995498 -0.509921
v -0.559312 -0.750278 -0.596085
v -0.605313 -0.764505 -0.586935
v -0.647709 -0.787610 -0.578502
v -0.684869 -0.818704 -0.571110
v -0.715365 -0.856592 -0.565044
v -0.738026 -0.899818 -0.560537
v -0.751980 -0.946721 -0.557761
v -0.756692 -0.995498 -0.556824
v -0.560249 -0.750278 -0.605601
v -0.607152 -0.764505 -0.605601
v -0.650378 -0.787610 -0.605601
v -0.688266 -0.818704 -0.605601
v -0.719359 -0.856592 -0.605601
v -0.742464 -0.899818 -0.605601
v -0.756692 -0.946721 -0.605601
v -0.761496 -0.995498 -0.605601
v -0.559312 -0.750278 -0.615117
v -0.605313 -0.764505 -0.624267
v -0.647709 -0.787610 -0.632700
v -0.684869 -0.818704 -0.640092
v -0.715365 -0.856592 -0.646158
v -0.738026 -0.899818 -0.650665
v -0.751980 -0.946721 -0.653441
v -0.756692 -0.995498 -0.654379
v -0.556536 -0.750278 -0.624267
v -0.599869 -0.764505 -0.642216
v -0.639804 -0.787610 -0.658758
v -0.674808 -0.818704 -0.673257
v -0.703535 -0.856592 -0.685156
v -0.724881 -0.899818 -0.693998
v -0.738026 -0.946721 -0.699443
v -0.742464 -0.995498 -0.701281
v -0.552029 -0.750278 -0.632700
v -0.591027 -0.764505 -0.658758
v -0.626968 -0.787610 -0.682773
v -0.658471 -0.818704 -0.703823
v -0.684324 -0.856592 -0.721097
v -0.703535 -0.899818 -0.733934
v -0.715365 -0.946721 -0.741838
v -0.719359 -0.995498 -0.744507
v -0.545962 -0.750278 -0.640092
v -0.579128 -0.764505 -0.673257
v -0.609693 -0.787610 -0.703822
v -0.636484 -0.818704 -0.730613
v -0.658470 -0.856592 -0.752600
v -0.674808 -0.899818 -0.768937
v -0.684869 -0.946721 -0.778998
v -0.688265 -0.995498 -0.782395
v -0.538571 -0.750278 -0.646158
v -0.564629 -0.764505 -0.685156
v -0.588644 -0.787610 -0.721097
v -0.609693 -0.818704 -0.752600
v -0.626968 -0.856592 -0.778453
v -0.639804 -0.899818 -0.797664
v -0.647709 -0.946721 -0.809494
v -0.650378 -0.995498 -0.813489
v -0.530138 -0.750278 -0.650665
v -0.548087 -0.764505 -0.693998
v -0.564629 -0.787610 -0.733934
v -0.579128 -0.818704 -0.768937
v -0.591027 -0.856592 -0.797664
v -0.599869 -0.899818 -0.819010
v -0.605313 -0.946721 -0.832155
v -0.607152 -0.995498 -0.836593
v -0.520988 -0.750278 -0.653441
v -0.530138 -0.764505 -0.699443
v -0.538571 -0.787610 -0.741838
v -0.545962 -0.818704 -0.778998
v -0.552028 -0.856592 -0.809494
v -0.556536 -0.899818 -0.832155
v -0.559312 -0.946721 -0.846110
v -0.560249 -0.995498 -0.850821
v -0.511472 -0.750278 -0.654378
v -0.511472 -0.764505 -0.701281
v -0.511472 -0.818704 -0.782395
v -0.511472 -0.899818 -0.836594
v -0.511472 -0.787610 -0.138906
v -0.511472 -0.856592 -0.207888
v -0.511472 -0.946721 -0.245220
v -0.511472 -0.995498 -0.250025
v -0.501956 -0.750278 -0.047840
v -0.492805 -0.764506 -0.093842
v -0.484372 -0.787610 -0.136237
v -0.476981 -0.818704 -0.173397
v -0.470915 -0.856592 -0.203893
v -0.466407 -0.899818 -0.226554
v -0.463632 -0.946721 -0.240509
v -0.462694 -0.995498 -0.245220
v -0.492805 -0.750278 -0.045064
v -0.474856 -0.764506 -0.088397
v -0.458314 -0.787610 -0.128333
v -0.443815 -0.818704 -0.163336
v -0.431916 -0.856592 -0.192063
v -0.423075 -0.899818 -0.213409
v -0.417630 -0.946721 -0.226554
v -0.415791 -0.995498 -0.230993
v -0.484372 -0.750278 -0.040557
v -0.458314 -0.764506 -0.079555
v -0.434299 -0.787610 -0.115496
v -0.413250 -0.818704 -0.146999
v -0.395975 -0.856592 -0.172852
v -0.383139 -0.899818 -0.192063
v -0.375234 -0.946721 -0.203893
v -0.372565 -0.995498 -0.207888
v -0.476981 -0.750278 -0.034491
v -0.443815 -0.764506 -0.067656
v -0.413250 -0.787610 -0.098222
v -0.386459 -0.818704 -0.125012
v -0.364473 -0.856592 -0.146999
v -0.348135 -0.899818 -0.163336
v -0.338075 -0.946721 -0.173397
v -0.334678 -0.995498 -0.176794
v -0.470915 -0.750278 -0.027099
v -0.431916 -0.764506 -0.053157
v -0.395975 -0.787610 -0.077172
v -0.364473 -0.818704 -0.098222
v -0.338619 -0.856592 -0.115496
v -0.319408 -0.899818 -0.128333
v -0.307578 -0.946721 -0.136237
v -0.303584 -0.995498 -0.138906
v -0.511472 -0.745474 0.000000
v -0.466407 -0.750278 -0.018666
v -0.423075 -0.764506 -0.036615
v -0.383139 -0.787610 -0.053157
v -0.348135 -0.818704 -0.067656
v -0.319408 -0.856592 -0.079555
v -0.298062 -0.899818 -0.088397
v -0.284917 -0.946721 -0.093842
v -0.280479 -0.995498 -0.095680
v -0.463632 -0.750278 -0.009516
v -0.417630 -0.764506 -0.018666
v -0.375234 -0.787610 -0.027099
v -0.338075 -0.818704 -0.034491
v -0.307578 -0.856592 -0.040557
v -0.284917 -0.899818 -0.045064
v -0.270963 -0.946721 -0.047840
v -0.266251 -0.995498 -0.048777
v -0.462694 -0.750278 0.000000
v -0.415791 -0.764506 0.000000
v -0.372565 -0.787610 0.000000
v -0.334678 -0.818704 0.000000
v -0.303584 -0.856592 0.000000
v -0.280479 -0.899818 0.000000
v -0.266251 -0.946721 0.000000
v -0.261447 -0.995498 0.000000
v -0.463632 -0.750278 0.009516
v -0.417630 -0.764506 0.018666
v -0.375234 -0.787610 0.027099
v -0.338075 -0.818704 0.034491
v -0.307578 -0.856592 0.040557
v -0.284917 -0.899818 0.045064
v -0.270963 -0.946721 0.047840
v -0.266251 -0.995498 0.048777
v -0.466407 -0.750278 0.018666
v -0.423075 -0.764506 0.036615
v -0.383139 -0.787610 0.053157
v -0.348135 -0.818704 0.067656
v -0.319408 -0.856592 0.079555
v -0.298062 -0.899818 0.088397
v -0.284918 -0.946721 0.093842
v -0.280479 -0.995498 0.095680
v -0.470915 -0.750278 0.027099
v -0.431916 -0.764506 0.053157
v -0.395975 -0.787610 0.077172
v -0.364473 -0.818704 0.098221
v -0.338619 -0.856592 0.115496
v -0.319408 -0.899818 0.128333
v -0.307578 -0.946721 0.136237
v -0.303584 -0.995498 0.138906
v -0.476981 -0.750278 0.034491
v -0.443815 -0.764506 0.067656
v -0.413250 -0.787610 0.098221
v -0.386459 -0.818704 0.125012
v -0.364473 -0.856592 0.146999
v -0.348135 -0.899818 0.163336
v -0.338075 -0.946721 0.173397
v -0.334678 -0.995498 0.176794
v -0.484372 -0.750278 0.040557
v -0.458315 -0.764506 0.079555
v -0.434299 -0.787610 0.115496
v -0.413250 -0.818704 0.146999
v -0.395975 -0.856592 0.172852
v -0.383139 -0.899818 0.192063
v -0.375234 -0.946721 0.203893
v -0.372566 -0.995498 0.207888
v -0.492805 -0.750278 0.045064
v -0.474856 -0.764506 0.088397
v -0.458315 -0.787610 0.128333
v -0.443815 -0.818704 0.163336
v -0.431916 -0.856592 0.192063
v -0.423075 -0.899818 0.213409
v -0.417630 -0.946721 0.226554
v -0.415791 -0.995498 0.230992
v -0.501956 -0.750278 0.047840
v -0.492805 -0.764506 0.093842
v -0.484372 -0.787610 0.136237
v -0.476981 -0.818704 0.173397
v -0.470915 -0.856592 0.203893
v -0.466407 -0.899818 0.226554
v -0.463632 -0.946721 0.240509
v -0.462694 -0.995498 0.245220
v -0.511472 -0.750278 0.048777
v -0.511472 -0.764506 0.095680
v -0.511472 -0.787610 0.138906
v -0.511472 -0.818704 0.176794
v -0.511472 -0.856592 0.207888
v -0.511472 -0.899818 0.230993
v -0.511472 -0.946721 0.245220
v -0.511472 -0.995498 0.250024
v -0.520988 -0.750278 0.047840
v -0.530138 -0.764506 0.093842
v -0.538571 -0.787610 0.136237
v -0.545962 -0.818704 0.173397
v -0.552029 -0.856592 0.203893
v -0.556536 -0.899818 0.226554
v -0.559312 -0.946721 0.240508
v -0.560249 -0.995498 0.245220
v -0.530138 -0.750278 0.045064
v -0.548087 -0.764506 0.088397
v -0.564629 -0.787610 0.128333
v -0.579128 -0.818704 0.163336
v -0.591027 -0.856592 0.192063
v -0.599869 -0.899818 0.213409
v -0.605313 -0.946721 0.226554
v -0.607152 -0.995498 0.230992
v -0.538571 -0.750278 0.040557
v -0.564629 -0.764506 0.079555
v -0.588644 -0.787610 0.115496
v -0.609693 -0.818704 0.146999
v -0.626968 -0.856592 0.172852
v -0.639804 -0.899818 0.192063
v -0.647709 -0.946721 0.203893
v -0.650378 -0.995498 0.207888
v -0.545962 -0.750278 0.034491
v -0.579128 -0.764506 0.067656
v -0.609693 -0.787610 0.098221
v -0.636484 -0.818704 0.125012
v -0.658471 -0.856592 0.146999
v -0.674808 -0.899818 0.163336
v -0.684869 -0.946721 0.173397
v -0.688266 -0.995498 0.176794
v -0.552029 -0.750278 0.027099
v -0.591027 -0.764506 0.053157
v -0.626968 -0.787610 0.077172
v -0.658471 -0.818704 0.098221
v -0.684324 -0.856592 0.115496
v -0.703535 -0.899818 0.128333
v -0.715365 -0.946721 0.136237
v -0.719359 -0.995498 0.138906
v -0.556536 -0.750278 0.018666
v -0.599869 -0.764506 0.036615
v -0.639804 -0.787610 0.053157
v -0.674808 -0.818704 0.067656
v -0.703535 -0.856592 0.079555
v -0.724881 -0.899818 0.088397
v -0.738026 -0.946721 0.093842
v -0.742464 -0.995498 0.095680
v -0.559312 -0.750278 0.009516
v -0.605313 -0.764506 0.018666
v -0.647709 -0.787610 0.027099
v -0.684869 -0.818704 0.034491
v -0.715365 -0.856592 0.040557
v -0.738026 -0.899818 0.045064
v -0.751980 -0.946721 0.047840
v -0.756692 -0.995498 0.048777
v -0.560249 -0.750278 0.000000
v -0.607152 -0.764506 0.000000
v -0.650378 -0.787610 -0.000000
v -0.688266 -0.818704 0.000000
v -0.719359 -0.856592 -0.000000
v -0.742464 -0.899818 0.000000
v -0.756692 -0.946721 -0.000000
v -0.761496 -0.995498 -0.000000
v -0.559312 -0.750278 -0.009516
v -0.605313 -0.764506 -0.018666
v -0.647709 -0.787610 -0.027099
v -0.684869 -0.818704 -0.034491
v -0.715365 -0.856592 -0.040557
v -0.738026 -0.899818 -0.045064
v -0.751980 -0.946721 -0.047840
v -0.756692 -0.995498 -0.048777
v -0.556536 -0.750278 -0.018666
v -0.599869 -0.764506 -0.036615
v -0.639804 -0.787610 -0.053157
v -0.674808 -0.818704 -0.067656
v -0.703535 -0.856592 -0.079555
v -0.724881 -0.899818 -0.088397
v -0.738026 -0.946721 -0.093842
v -0.742464 -0.995498 -0.095680
v -0.552029 -0.750278 -0.027099
v -0.591027 -0.764506 -0.053157
v -0.626968 -0.787610 -0.077172
v -0.658471 -0.818704 -0.098222
v -0.684324 -0.856592 -0.115496
v -0.703535 -0.899818 -0.128333
v -0.715365 -0.946721 -0.136237
v -0.719359 -0.995498 -0.138906
v -0.545962 -0.750278 -0.034491
v -0.579128 -0.764506 -0.067656
v -0.609693 -0.787610 -0.098222
v -0.636484 -0.818704 -0.125012
v -0.658470 -0.856592 -0.146999
v -0.674808 -0.899818 -0.163336
v -0.684869 -0.946721 -0.173397
v -0.688265 -0.995498 -0.176794
v -0.538571 -0.750278 -0.040557
v -0.564629 -0.764506 -0.079555
v -0.588644 -0.787610 -0.115496
v -0.609693 -0.818704 -0.146999
v -0.626968 -0.856592 -0.172852
v -0.639804 -0.899818 -0.192063
v -0.647709 -0.946721 -0.203893
v -0.650378 -0.995498 -0.207888
v -0.530138 -0.750278 -0.045064
v -0.548087 -0.764506 -0.088397
v -0.564629 -0.787610 -0.128332
v -0.579128 -0.818704 -0.163336
v -0.591027 -0.856592 -0.192063
v -0.599869 -0.899818 -0.213409
v -0.605313 -0.946721 -0.226554
v -0.607152 -0.995498 -0.230992
v -0.520988 -0.750278 -0.047840
v -0.530138 -0.764506 -0.093842
v -0.538571 -0.787610 -0.136237
v -0.545962 -0.818704 -0.173397
v -0.552028 -0.856592 -0.203893
v -0.556536 -0.899818 -0.226554
v -0.559312 -0.946721 -0.240508
v -0.560249 -0.995498 -0.245220
v -0.511472 -0.750278 -0.048777
v -0.511472 -0.764506 -0.095680
v -0.511472 -0.818704 -0.176794
v -0.511472 -0.899818 -0.230992
v -0.511472 -0.787610 0.466694
v -0.511472 -0.856592 0.397713
v -0.511472 -0.946721 0.360380
v -0.511472 -0.995498 0.355576
v -0.501956 -0.750278 0.557760
v -0.492805 -0.764506 0.511759
v -0.484372 -0.787610 0.469363
v -0.476981 -0.818704 0.432204
v -0.470915 -0.856592 0.401707
v -0.466407 -0.899818 0.379046
v -0.463632 -0.946721 0.365092
v -0.462694 -0.995498 0.360380
v -0.492805 -0.750278 0.560536
v -0.474856 -0.764506 0.517204
v -0.458314 -0.787610 0.477268
v -0.443815 -0.818704 0.442264
v -0.431916 -0.856592 0.413537
v -0.423075 -0.899818 0.392191
v -0.417630 -0.946721 0.379046
v -0.415791 -0.995498 0.374608
v -0.484372 -0.750278 0.565044
v -0.458314 -0.764506 0.526045
v -0.434299 -0.787610 0.490104
v -0.413250 -0.818704 0.458602
v -0.395975 -0.856592 0.432748
v -0.383139 -0.899818 0.413537
v -0.375234 -0.946721 0.401707
v -0.372565 -0.995498 0.397713
v -0.476981 -0.750278 0.571110
v -0.443815 -0.764506 0.537944
v -0.413250 -0.787610 0.507379
v -0.386459 -0.818704 0.480588
v -0.364473 -0.856592 0.458602
v -0.348135 -0.899818 0.442264
v -0.338075 -0.946721 0.432204
v -0.334678 -0.995498 0.428807
v -0.470915 -0.750278 0.578501
v -0.431916 -0.764506 0.552444
v -0.395975 -0.787610 0.528429
v -0.364473 -0.818704 0.507379
v -0.338619 -0.856592 0.490104
v -0.319408 -0.899818 0.477268
v -0.307578 -0.946721 0.469363
v -0.303584 -0.995498 0.466694
v -0.511472 -0.745474 0.605601
v -0.466407 -0.750278 0.586934
v -0.423075 -0.764506 0.568985
v -0.383139 -0.787610 0.552444
v -0.348135 -0.818704 0.537944
v -0.319408 -0.856592 0.526045
v -0.298062 -0.899818 0.517204
v -0.284917 -0.946721 0.511759
v -0.280479 -0.995498 0.509920
v -0.463632 -0.750278 0.596085
v -0.417630 -0.764506 0.586934
v -0.375234 -0.787610 0.578501
v -0.338075 -0.818704 0.571110
v -0.307578 -0.856592 0.565044
v -0.284917 -0.899818 0.560536
v -0.270963 -0.946721 0.557761
v -0.266251 -0.995498 0.556823
v -0.462694 -0.750278 0.605601
v -0.415791 -0.764506 0.605601
v -0.372565 -0.787610 0.605601
v -0.334678 -0.818704 0.605601
v -0.303584 -0.856592 0.605601
v -0.280479 -0.899818 0.605601
v -0.266251 -0.946721 0.605601
v -0.261447 -0.995498 0.605601
v -0.463632 -0.750278 0.615117
v -0.417630 -0.764506 0.624267
v -0.375234 -0.787610 0.632700
v -0.338075 -0.818704 0.640091
v -0.307578 -0.856592 0.646158
v -0.284917 -0.899818 0.650665
v -0.270963 -0.946721 0.653441
v -0.266251 -0.995498 0.654378
v -0.466407 -0.750278 0.624267
v -0.423075 -0.764506 0.642216
v -0.383139 -0.787610 0.658758
v -0.348135 -0.818704 0.673257
v -0.319408 -0.856592 0.685156
v -0.298062 -0.899818 0.693998
v -0.284918 -0.946721 0.699443
v -0.280479 -0.995498 0.701281
v -0.470915 -0.750278 0.632700
v -0.431916 -0.764506 0.658758
v -0.395975 -0.787610 0.682773
v -0.364473 -0.818704 0.703822
v -0.338619 -0.856592 0.721097
v -0.319408 -0.899818 0.733933
v -0.307578 -0.946721 0.741838
v -0.303584 -0.995498 0.744507
v -0.476981 -0.750278 0.640091
v -0.443815 -0.764506 0.673257
v -0.413250 -0.787610 0.703822
v -0.386459 -0.818704 0.730613
v -0.364473 -0.856592 0.752600
v -0.348135 -0.899818 0.768937
v -0.338075 -0.946721 0.778998
v -0.334678 -0.995498 0.782395
v -0.484372 -0.750278 0.646158
v -0.458315 -0.764506 0.685156
v -0.434299 -0.787610 0.721097
v -0.413250 -0.818704 0.752600
v -0.395975 -0.856592 0.778453
v -0.383139 -0.899818 0.797664
v -0.375234 -0.946721 0.809494
v -0.372566 -0.995498 0.813488
v -0.492805 -0.750278 0.650665
v -0.474856 -0.764506 0.693998
v -0.458315 -0.787610 0.733933
v -0.443815 -0.818704 0.768937
v -0.431916 -0.856592 0.797664
v -0.423075 -0.899818 0.819010
v -0.417630 -0.946721 0.832155
v -0.415791 -0.995498 0.836593
v -0.501956 -0.750278 0.653441
v -0.492805 -0.764506 0.699442
v -0.484372 -0.787610 0.741838
v -0.476981 -0.818704 0.778998
v -0.470915 -0.856592 0.809494
v -0.466407 -0.899818 0.832155
v -0.463632 -0.946721 0.846109
v -0.462694 -0.995498 0.850821
v -0.511472 -0.750278 0.654378
v -0.511472 -0.764506 0.701281
v -0.511472 -0.787610 0.744507
v -0.511472 -0.818704 0.782395
v -0.511472 -0.856592 0.813488
v -0.511472 -0.899818 0.836593
v -0.511472 -0.946721 0.850821
v -0.511472 -0.995498 0.855625
v -0.520988 -0.750278 0.653441
v -0.530138 -0.764506 0.699442
v -0.538571 -0.787610 0.741838
v -0.545962 -0.818704 0.778998
v -0.552029 -0.856592 0.809494
v -0.556536 -0.899818 0.832155
v -0.559312 -0.946721 0.846109
v -0.560249 -0.995498 0.850821
v -0.530138 -0.750278 0.650665
v -0.548087 -0.764506 0.693998
v -0.564629 -0.787610 0.733933
v -0.579128 -0.818704 0.768937
v -0.591027 -0.856592 0.797664
v -0.599869 -0.899818 0.819010
v -0.605313 -0.946721 0.832155
v -0.607152 -0.995498 0.836593
v -0.538571 -0.750278 0.646158
v -0.564629 -0.764506 0.685156
v -0.588644 -0.787610 0.721097
v -0.609693 -0.818704 0.752600
v -0.626968 -0.856592 0.778453
v -0.639804 -0.899818 0.797664
v -0.647709 -0.946721 0.809494
v -0.650378 -0.995498 0.813488
v -0.545962 -0.750278 0.640091
v -0.579128 -0.764506 0.673257
v -0.609693 -0.787610 0.703822
v -0.636484 -0.818704 0.730613
v -0.658471 -0.856592 0.752599
v -0.674808 -0.899818 0.768937
v -0.684869 -0.946721 0.778998
v -0.688266 -0.995498 0.782395
v -0.552029 -0.750278 0.632700
v -0.591027 -0.764506 0.658758
v -0.626968 -0.787610 0.682773
v -0.658471 -0.818704 0.703822
v -0.684324 -0.856592 0.721097
v -0.703535 -0.899818 0.733933
v -0.715365 -0.946721 0.741838
v -0.719359 -0.995498 0.744507
v -0.556536 -0.750278 0.624267
v -0.599869 -0.764506 0.642216
v -0.639804 -0.787610 0.658758
v -0.674808 -0.818704 0.673257
v -0.703535 -0.856592 0.685156
v -0.724881 -0.899818 0.693998
v -0.738026 -0.946721 0.699442
v -0.742464 -0.995498 0.701281
v -0.559312 -0.750278 0.615117
v -0.605313 -0.764506 0.624267
v -0.647709 -0.787610 0.632700
v -0.684869 -0.818704 0.640091
v -0.715365 -0.856592 0.646158
v -0.738026 -0.899818 0.650665
v -0.751980 -0.946721 0.653441
v -0.756692 -0.995498 0.654378
v -0.560249 -0.750278 0.605601
v -0.607152 -0.764506 0.605601
v -0.650378 -0.787610 0.605601
v -0.688266 -0.818704 0.605601
v -0.719359 -0.856592 0.605601
v -0.742464 -0.899818 0.605601
v -0.756692 -0.946721 0.605601
v -0.761496 -0.995498 0.605601
v -0.559312 -0.750278 0.596085
v -0.605313 -0.764506 0.586934
v -0.647709 -0.787610 0.578501
v -0.684869 -0.818704 0.571110
v -0.715365 -0.856592 0.565044
v -0.738026 -0.899818 0.560536
v -0.751980 -0.946721 0.557760
v -0.756692 -0.995498 0.556823
v -0.556536 -0.750278 0.586934
v -0.599869 -0.764506 0.568985
v -0.639804 -0.787610 0.552444
v -0.674808 -0.818704 0.537944
v -0.703535 -0.856592 0.526045
v -0.724881 -0.899818 0.517204
v -0.738026 -0.946721 0.511759
v -0.742464 -0.995498 0.509920
v -0.552029 -0.750278 0.578501
v -0.591027 -0.764506 0.552444
v -0.626968 -0.787610 0.528429
v -0.658471 -0.818704 0.507379
v -0.684324 -0.856592 0.490104
v -0.703535 -0.899818 0.477268
v -0.715365 -0.946721 0.469363
v -0.719359 -0.995498 0.466694
v -0.545962 -0.750278 0.571110
v -0.579128 -0.764506 0.537944
v -0.609693 -0.787610 0.507379
v -0.636484 -0.818704 0.480588
v -0.658470 -0.856592 0.458602
v -0.674808 -0.899818 0.442264
v -0.684869 -0.946721 0.432204
v -0.688265 -0.995498 0.428807
v -0.538571 -0.750278 0.565044
v -0.564629 -0.764506 0.526045
v -0.588644 -0.787610 0.490104
v -0.609693 -0.818704 0.458602
v -0.626968 -0.856592 0.432748
v -0.639804 -0.899818 0.413537
v -0.647709 -0.946721 0.401707
v -0.650378 -0.995498 0.397713
v -0.530138 -0.750278 0.560536
v -0.548087 -0.764506 0.517204
v -0.564629 -0.787610 0.477268
v -0.579128 -0.818704 0.442264
v -0.591027 -0.856592 0.413538
v -0.599869 -0.899818 0.392191
v -0.605313 -0.946721 0.379047
v -0.607152 -0.995498 0.374608
v -0.520988 -0.750278 0.557761
v -0.530138 -0.764506 0.511759
v -0.538571 -0.787610 0.469364
v -0.545962 -0.818704 0.432204
v -0.552028 -0.856592 0.401707
v -0.556536 -0.899818 0.379047
v -0.559312 -0.946721 0.365092
v -0.560249 -0.995498 0.360380
v -0.511472 -0.750278 0.556823
v -0.511472 -0.764506 0.509920
v -0.511472 -0.818704 0.428807
v -0.511472 -0.899818 0.374608
v 0.000000 0.208115 0.859087
v 0.000000 0.139133 0.790106
v 0.000000 0.049004 0.752773
v 0.000000 0.000227 0.747969
v 0.000000 -0.048551 0.752773
v 0.000000 -0.138679 0.790106
v 0.009516 0.245447 0.950153
v 0.018666 0.231219 0.904152
v 0.027099 0.208115 0.861756
v 0.034491 0.177021 0.824596
v 0.040557 0.139133 0.794100
v 0.045065 0.095907 0.771439
v 0.047840 0.049004 0.757485
v 0.048777 0.000227 0.752773
v 0.047840 -0.048551 0.757485
v 0.045065 -0.095453 0.771439
v 0.040557 -0.138679 0.794100
v 0.034491 -0.176567 0.824596
v 0.027099 -0.207661 0.861756
v 0.018666 -0.230766 0.904152
v 0.009516 -0.244994 0.950153
v 0.018666 0.245447 0.952929
v 0.036615 0.231219 0.909596
v 0.053157 0.208115 0.869661
v 0.067656 0.177021 0.834657
v 0.079555 0.139133 0.805930
v 0.088397 0.095907 0.784584
v 0.093842 0.049004 0.771439
v 0.095680 0.000227 0.767001
v 0.093842 -0.048551 0.771439
v 0.088397 -0.095453 0.784584
v 0.079555 -0.138679 0.805930
v 0.067656 -0.176567 0.834657
v 0.053157 -0.207661 0.869661
v 0.036615 -0.230766 0.909596
v 0.018666 -0.244994 0.952929
v 0.027099 0.245447 0.957437
v 0.053157 0.231219 0.918438
v 0.077172 0.208115 0.882497
v 0.098222 0.177021 0.850994
v 0.115496 0.139133 0.825141
v 0.128333 0.095907 0.805930
v 0.136237 0.049004 0.794100
v 0.138906 0.000227 0.790106
v 0.136237 -0.048551 0.794100
v 0.128333 -0.095453 0.805930
v 0.115496 -0.138679 0.825141
v 0.098222 -0.176567 0.850994
v 0.077172 -0.207661 0.882497
v 0.053157 -0.230766 0.918438
v 0.027099 -0.244994 0.957437
v 0.034491 0.245447 0.963503
v 0.067656 0.231219 0.930337
v 0.098222 0.208115 0.899772
v 0.125012 0.177021 0.872981
v 0.146999 0.139133 0.850995
v 0.163336 0.095907 0.834657
v 0.173397 0.049004 0.824596
v 0.176794 0.000227 0.821199
v 0.173397 -0.048551 0.824596
v 0.163336 -0.095453 0.834657
v 0.146999 -0.138679 0.850995
v 0.125012 -0.176567 0.872981
v 0.098222 -0.207661 0.899772
v 0.067656 -0.230766 0.930337
v 0.034491 -0.244994 0.963503
v 0.040557 0.245447 0.970894
v 0.079555 0.231219 0.944836
v 0.115496 0.208115 0.920821
v 0.146999 0.177021 0.899772
v 0.172852 0.139133 0.882497
v 0.192063 0.095907 0.869661
v 0.203893 0.049004 0.861756
v 0.207888 0.000227 0.859087
v 0.203893 -0.048551 0.861756
v 0.192063 -0.095453 0.869661
v 0.172852 -0.138679 0.882497
v 0.146999 -0.176567 0.899772
v 0.115496 -0.207661 0.920821
v 0.079555 -0.230766 0.944836
v 0.040557 -0.244994 0.970894
v 0.000000 0.250251 0.997993
v 0.045064 0.245447 0.979327
v 0.088397 0.231219 0.961378
v 0.128333 0.208115 0.944836
v 0.163336 0.177021 0.930337
v 0.192063 0.139133 0.918438
v 0.213409 0.095907 0.909596
v 0.226554 0.049004 0.904152
v 0.230993 0.000227 0.902313
v 0.226554 -0.048551 0.904152
v 0.213409 -0.095453 0.909596
v 0.192063 -0.138679 0.918438
v 0.163336 -0.176567 0.930337
v 0.128333 -0.207661 0.944836
v 0.088397 -0.230766 0.961378
v 0.045064 -0.244994 0.979327
v 0.047840 0.245447 0.988477
v 0.093842 0.231219 0.979327
v 0.136237 0.208115 0.970894
v 0.173397 0.177021 0.963503
v 0.203893 0.139133 0.957437
v 0.226554 0.095907 0.952929
v 0.240509 0.049004 0.950153
v 0.245220 0.000227 0.949216
v 0.240509 -0.048551 0.950153
v 0.226554 -0.095453 0.952929
v 0.203893 -0.138679 0.957437
v 0.173397 -0.176567 0.963503
v 0.136237 -0.207661 0.970894
v 0.093842 -0.230766 0.979327
v 0.047840 -0.244994 0.988477
v 0.048777 0.245447 0.997993
v 0.095680 0.231219 0.997993
v 0.138906 0.208115 0.997993
v 0.176794 0.177021 0.997993
v 0.207888 0.139133 0.997993
v 0.230993 0.095907 0.997993
v 0.245221 0.049004 0.997993
v 0.250025 0.000227 0.997993
v 0.245221 -0.048551 0.997993
v 0.230993 -0.095453 0.997993
v 0.207888 -0.138679 0.997993
v 0.176794 -0.176567 0.997993
v 0.138906 -0.207661 0.997993
v 0.095680 -0.230766 0.997993
v 0.048777 -0.244994 0.997993
v 0.000000 -0.249798 0.997993
v -0.048777 0.245447 0.997993
v -0.095680 0.231219 0.997993
v -0.138906 0.208115 0.997993
v -0.176794 0.177021 0.997993
v -0.207888 0.139133 0.997993
v -0.230992 0.095907 0.997993
v -0.245220 0.049004 0.997993
v -0.250024 0.000227 0.997993
v -0.245220 -0.048551 0.997993
v -0.230992 -0.095453 0.997993
v -0.207888 -0.138679 0.997993
v -0.176794 -0.176567 0.997993
v -0.138906 -0.207661 0.997993
v -0.095680 -0.230766 0.997993
v -0.048777 -0.244994 0.997993
v -0.047840 0.245447 0.988477
v -0.093842 0.231219 0.979327
v -0.136237 0.208115 0.970894
v -0.173397 0.177021 0.963503
v -0.203893 0.139133 0.957436
v -0.226554 0.095907 0.952929
v -0.240508 0.049004 0.950153
v -0.245220 0.000227 0.949216
v -0.240508 -0.048551 0.950153
v -0.226554 -0.095453 0.952929
v -0.203893 -0.138679 0.957436
v -0.173397 -0.176567 0.963503
v -0.136237 -0.207661 0.970894
v -0.093842 -0.230766 0.979327
v -0.047840 -0.244994 0.988477
v -0.045064 0.245447 0.979327
v -0.088397 0.231219 0.961378
v -0.128332 0.208115 0.944836
v -0.163336 0.177021 0.930337
v -0.192063 0.139133 0.918438
v -0.213409 0.095907 0.909596
v -0.226554 0.049004 0.904152
v -0.230992 0.000227 0.902313
v -0.226554 -0.048551 0.904152
v -0.213409 -0.095453 0.909596
v -0.192063 -0.138679 0.918438
v -0.163336 -0.176567 0.930337
v -0.128332 -0.207661 0.944836
v -0.088397 -0.230766 0.961378
v -0.045064 -0.244994 0.979327
v -0.040557 0.245447 0.970894
v -0.079555 0.231219 0.944836
v -0.115496 0.208115 0.920821
v -0.146999 0.177021 0.899772
v -0.172852 0.139133 0.882497
v -0.192063 0.095907 0.869661
v -0.203893 0.049004 0.861756
v -0.207888 0.000227 0.859087
v -0.203893 -0.048551 0.861756
v -0.192063 -0.095453 0.869661
v -0.172852 -0.138679 0.882497
v -0.146999 -0.176567 0.899772
v -0.115496 -0.207661 0.920821
v -0.079555 -0.230766 0.944836
v -0.040557 -0.244994 0.970894
v -0.034491 0.245447 0.963503
v -0.067656 0.231219 0.930337
v -0.098221 0.208115 0.899772
v -0.125012 0.177021 0.872981
v -0.146999 0.139133 0.850995
v -0.163336 0.095907 0.834657
v -0.173397 0.049004 0.824596
v -0.176794 0.000227 0.821199
v -0.173397 -0.048551 0.824596
v -0.163336 -0.095453 0.834657
v -0.146999 -0.138679 0.850995
v -0.125012 -0.176567 0.872981
v -0.098221 -0.207661 0.899772
v -0.067656 -0.230766 0.930337
v -0.034491 -0.244994 0.963503
v -0.027099 0.245447 0.957437
v -0.053157 0.231219 0.918438
v -0.077172 0.208115 0.882497
v -0.098221 0.177021 0.850995
v -0.115496 0.139133 0.825141
v -0.128332 0.095907 0.805930
v -0.136237 0.049004 0.794100
v -0.138906 0.000227 0.790106
v -0.136237 -0.048551 0.794100
v -0.128332 -0.095453 0.805930
v -0.115496 -0.138679 0.825141
v -0.098221 -0.176567 0.850995
v -0.077172 -0.207661 0.882497
v -0.053157 -0.230766 0.918438
v -0.027099 -0.244994 0.957437
v -0.018666 0.245447 0.952929
v -0.036615 0.231219 0.909596
v -0.053157 0.208115 0.869661
v -0.067656 0.177021 0.834657
v -0.079555 0.139133 0.805930
v -0.088397 0.095907 0.784584
v -0.093842 0.049004 0.771439
v -0.095680 0.000227 0.767001
v -0.093842 -0.048551 0.771439
v -0.088397 -0.095453 0.784584
v -0.079555 -0.138679 0.805930
v -0.067656 -0.176567 0.834657
v -0.053157 -0.207661 0.869661
v -0.036615 -0.230766 0.909596
v -0.018666 -0.244994 0.952929
v -0.009516 0.245447 0.950153
v -0.018666 0.231219 0.904152
v -0.027099 0.208115 0.861756
v -0.034491 0.177021 0.824596
v -0.040557 0.139133 0.794100
v -0.045064 0.095907 0.771439
v -0.047840 0.049004 0.757485
v -0.048777 0.000227 0.752773
v -0.047840 -0.048551 0.757485
v -0.045064 -0.095453 0.771439
v -0.040557 -0.138679 0.794100
v -0.034491 -0.176567 0.824596
v -0.027099 -0.207661 0.861756
v -0.018666 -0.230766 0.904152
v -0.009516 -0.244994 0.950153
v 0.000000 0.245447 0.949216
v 0.000000 0.231219 0.902313
v 0.000000 0.177021 0.821199
v 0.000000 0.095907 0.767001
v 0.000000 -0.095453 0.767001
v 0.000000 -0.176567 0.821199
v 0.000000 -0.207661 0.859087
v 0.000000 -0.230766 0.902313
v 0.000000 -0.244994 0.949216
v 0.849259 -0.302223 0.482819
v 0.780277 -0.371204 0.482819
v 0.742945 -0.461333 0.482819
v 0.738141 -0.510111 0.482819
v 0.742945 -0.558888 0.482819
v 0.780277 -0.649017 0.482819
v 0.940325 -0.264890 0.473303
v 0.894323 -0.279118 0.464153
v 0.851928 -0.302223 0.455720
v 0.814768 -0.333317 0.448328
v 0.784272 -0.371204 0.442262
v 0.761611 -0.414430 0.437755
v 0.747657 -0.461333 0.434979
v 0.742945 -0.510111 0.434042
v 0.747657 -0.558888 0.434979
v 0.761611 -0.605791 0.437755
v 0.784272 -0.649017 0.442262
v 0.814768 -0.686905 0.448328
v 0.851928 -0.717999 0.455720
v 0.894323 -0.741103 0.464153
v 0.940325 -0.755331 0.473303
v 0.943101 -0.264890 0.464153
v 0.899768 -0.279118 0.446204
v 0.859833 -0.302223 0.429662
v 0.824829 -0.333317 0.415163
v 0.796102 -0.371204 0.403264
v 0.774756 -0.414430 0.394422
v 0.761611 -0.461333 0.388977
v 0.757173 -0.510111 0.387139
v 0.761611 -0.558888 0.388977
v 0.774756 -0.605791 0.394422
v 0.796102 -0.649017 0.403264
v 0.824829 -0.686905 0.415163
v 0.859833 -0.717999 0.429662
v 0.899768 -0.741103 0.446204
v 0.943101 -0.755331 0.464153
v 0.947608 -0.264890 0.455720
v 0.908610 -0.279118 0.429662
v 0.872669 -0.302223 0.405647
v 0.841166 -0.333317 0.384598
v 0.815313 -0.371204 0.367323
v 0.796102 -0.414430 0.354487
v 0.784272 -0.461333 0.346582
v 0.780277 -0.510111 0.343913
v 0.784272 -0.558888 0.346582
v 0.796102 -0.605791 0.354487
v 0.815313 -0.649017 0.367323
v 0.841166 -0.686905 0.384598
v 0.872669 -0.717999 0.405647
v 0.908610 -0.741103 0.429662
v 0.947608 -0.755331 0.455720
v 0.953674 -0.264890 0.448328
v 0.920509 -0.279118 0.415163
v 0.889944 -0.302223 0.384598
v 0.863153 -0.333317 0.357807
v 0.841166 -0.371204 0.335820
v 0.824829 -0.414430 0.319483
v 0.814768 -0.461333 0.309422
v 0.811371 -0.510111 0.306025
v 0.814768 -0.558888 0.309422
v 0.824829 -0.605791 0.319483
v 0.841166 -0.649017 0.335820
v 0.863153 -0.686905 0.357807
v 0.889944 -0.717999 0.384598
v 0.920509 -0.741103 0.415163
v 0.953674 -0.755331 0.448328
v 0.961066 -0.264890 0.442262
v 0.935008 -0.279118 0.403264
v 0.910993 -0.302223 0.367323
v 0.889944 -0.333317 0.335820
v 0.872669 -0.371204 0.309967
v 0.859833 -0.414430 0.290756
v 0.851928 -0.461333 0.278926
v 0.849259 -0.510111 0.274931
v 0.851928 -0.558888 0.278926
v 0.859833 -0.605791 0.290756
v 0.872669 -0.649017 0.309967
v 0.889944 -0.686905 0.335820
v 0.910993 -0.717999 0.367323
v 0.935008 -0.741103 0.403264
v 0.961066 -0.755331 0.442262
v 0.988165 -0.260086 0.482819
v 0.969499 -0.264890 0.437755
v 0.951550 -0.279118 0.394422
v 0.935008 -0.302223 0.354487
v 0.920509 -0.333317 0.319483
v 0.908610 -0.371204 0.290756
v 0.899768 -0.414430 0.269410
v 0.894323 -0.461333 0.256265
v 0.892485 -0.510111 0.251827
v 0.894323 -0.558888 0.256265
v 0.899768 -0.605791 0.269410
v 0.908610 -0.649017 0.290756
v 0.920509 -0.686905 0.319483
v 0.935008 -0.717999 0.354487
v 0.951550 -0.741103 0.394422
v 0.969499 -0.755331 0.437755
v 0.978649 -0.264890 0.434979
v 0.969499 -0.279118 0.388977
v 0.961066 -0.302223 0.346582
v 0.953674 -0.333317 0.309422
v 0.947608 -0.371204 0.278926
v 0.943101 -0.414430 0.256265
v 0.940325 -0.461333 0.242311
v 0.939388 -0.510111 0.237599
v 0.940325 -0.558888 0.242311
v 0.943101 -0.605791 0.256265
v 0.947608 -0.649017 0.278926
v 0.953674 -0.686905 0.309422
v 0.961066 -0.717999 0.346582
v 0.969499 -0.741103 0.388977
v 0.978649 -0.755331 0.434979
v 0.988165 -0.264890 0.434042
v 0.988165 -0.279118 0.387139
v 0.988165 -0.302223 0.343913
v 0.988165 -0.333317 0.306025
v 0.988165 -0.371204 0.274931
v 0.988165 -0.414430 0.251827
v 0.988165 -0.461333 0.237599
v 0.988165 -0.510111 0.232795
v 0.988165 -0.558888 0.237599
v 0.988165 -0.605791 0.251827
v 0.988165 -0.649017 0.274931
v 0.988165 -0.686905 0.306025
v 0.988165 -0.717999 0.343913
v 0.988165 -0.741103 0.387139
v 0.988165 -0.755331 0.434042
v 0.997681 -0.264890 0.434979
v 0.997681 -0.755331 0.434979
v 0.988165 -0.760135 0.482819
v 0.997681 -0.264890 0.530659
v 0.997681 -0.755331 0.530659
v 0.988165 -0.264890 0.531596
v 0.988165 -0.279118 0.578499
v 0.988165 -0.302223 0.621725
v 0.988165 -0.333317 0.659613
v 0.988165 -0.371204 0.690707
v 0.988165 -0.414430 0.713812
v 0.988165 -0.461333 0.728040
v 0.988165 -0.510111 0.732844
v 0.988165 -0.558888 0.728040
v 0.988165 -0.605791 0.713812
v 0.988165 -0.649017 0.690707
v 0.988165 -0.686905 0.659613
v 0.988165 -0.717999 0.621725
v 0.988165 -0.741103 0.578499
v 0.988165 -0.755331 0.531596
v 0.978649 -0.264890 0.530659
v 0.969499 -0.279118 0.576661
v 0.961066 -0.302223 0.619056
v 0.953674 -0.333317 0.656216
v 0.947608 -0.371204 0.686712
v 0.943101 -0.414430 0.709373
v 0.940325 -0.461333 0.723328
v 0.939388 -0.510111 0.728039
v 0.940325 -0.558888 0.723328
v 0.943101 -0.605791 0.709373
v 0.947608 -0.649017 0.686712
v 0.953674 -0.686905 0.656216
v 0.961066 -0.717999 0.619056
v 0.969499 -0.741103 0.576661
v 0.978649 -0.755331 0.530659
v 0.969499 -0.264890 0.527884
v 0.951550 -0.279118 0.571216
v 0.935008 -0.302223 0.611152
v 0.920509 -0.333317 0.646156
v 0.908610 -0.371204 0.674882
v 0.899768 -0.414430 0.696228
v 0.894323 -0.461333 0.709373
v 0.892485 -0.510111 0.713812
v 0.894323 -0.558888 0.709373
v 0.899768 -0.605791 0.696228
v 0.908610 -0.649017 0.674882
v 0.920509 -0.686905 0.646156
v 0.935008 -0.717999 0.611152
v 0.951550 -0.741103 0.571216
v 0.969499 -0.755331 0.527884
v 0.961066 -0.264890 0.523376
v 0.935008 -0.279118 0.562374
v 0.910993 -0.302223 0.598315
v 0.889944 -0.333317 0.629818
v 0.872669 -0.371204 0.655671
v 0.859833 -0.414430 0.674882
v 0.851928 -0.461333 0.686712
v 0.849259 -0.510111 0.690707
v 0.851928 -0.558888 0.686712
v 0.859833 -0.605791 0.674882
v 0.872669 -0.649017 0.655671
v 0.889944 -0.686905 0.629818
v 0.910993 -0.717999 0.598315
v 0.935008 -0.741103 0.562374
v 0.961066 -0.755331 0.523376
v 0.953674 -0.264890 0.517310
v 0.920509 -0.279118 0.550475
v 0.889944 -0.302223 0.581041
v 0.863153 -0.333317 0.607831
v 0.841166 -0.371204 0.629818
v 0.824829 -0.414430 0.646156
v 0.814768 -0.461333 0.656216
v 0.811371 -0.510111 0.659613
v 0.814768 -0.558888 0.656216
v 0.824829 -0.605791 0.646156
v 0.841166 -0.649017 0.629818
v 0.863153 -0.686905 0.607831
v 0.889944 -0.717999 0.581041
v 0.920509 -0.741103 0.550475
v 0.953674 -0.755331 0.517310
v 0.947608 -0.264890 0.509918
v 0.908610 -0.279118 0.535976
v 0.872669 -0.302223 0.559991
v 0.841166 -0.333317 0.581041
v 0.815313 -0.371204 0.598315
v 0.796102 -0.414430 0.611152
v 0.784272 -0.461333 0.619056
v 0.780277 -0.510111 0.621725
v 0.784272 -0.558888 0.619056
v 0.796102 -0.605791 0.611152
v 0.815313 -0.649017 0.598315
v 0.841166 -0.686905 0.581041
v 0.872669 -0.717999 0.559991
v 0.908610 -0.741103 0.535976
v 0.947608 -0.755331 0.509918
v 0.943101 -0.264890 0.501485
v 0.899768 -0.279118 0.519434
v 0.859833 -0.302223 0.535976
v 0.824829 -0.333317 0.550475
v 0.796102 -0.371204 0.562374
v 0.774756 -0.414430 0.571216
v 0.761611 -0.461333 0.576661
v 0.757173 -0.510111 0.578499
v 0.761611 -0.558888 0.576661
v 0.774756 -0.605791 0.571216
v 0.796102 -0.649017 0.562374
v 0.824829 -0.686905 0.550475
v 0.859833 -0.717999 0.535976
v 0.899768 -0.741103 0.519434
v 0.943101 -0.755331 0.501485
v 0.940325 -0.264890 0.492335
v 0.894323 -0.279118 0.501485
v 0.851928 -0.302223 0.509918
v 0.814768 -0.333317 0.517310
v 0.784272 -0.371204 0.523376
v 0.761611 -0.414430 0.527884
v 0.747657 -0.461333 0.530659
v 0.742945 -0.510111 0.531596
v 0.747657 -0.558888 0.530659
v 0.761611 -0.605791 0.527884
v 0.784272 -0.649017 0.523376
v 0.814768 -0.686905 0.517310
v 0.851928 -0.717999 0.509918
v 0.894323 -0.741103 0.501485
v 0.940325 -0.755331 0.492335
v 0.939388 -0.264890 0.482819
v 0.892485 -0.279118 0.482819
v 0.811371 -0.333317 0.482819
v 0.757173 -0.414430 0.482819
v 0.757173 -0.605791 0.482819
v 0.811371 -0.686905 0.482819
v 0.849259 -0.717999 0.482819
v 0.892485 -0.741103 0.482819
v 0.939388 -0.755331 0.482819
v 0.849259 0.705977 0.482819
v 0.780277 0.636996 0.482819
v 0.742945 0.546867 0.482819
v 0.738141 0.498089 0.482819
v 0.742945 0.449312 0.482819
v 0.780277 0.359183 0.482819
v 0.940325 0.743310 0.473303
v 0.894323 0.729082 0.464153
v 0.851928 0.705977 0.455720
v 0.814768 0.674883 0.448328
v 0.784272 0.636996 0.442262
v 0.761611 0.593770 0.437755
v 0.747657 0.546867 0.434979
v 0.742945 0.498089 0.434042
v 0.747657 0.449312 0.434979
v 0.761611 0.402409 0.437755
v 0.784272 0.359183 0.442262
v 0.814768 0.321295 0.448328
v 0.851928 0.290202 0.455720
v 0.894323 0.267097 0.464153
v 0.940325 0.252869 0.473303
v 0.943101 0.743310 0.464153
v 0.899768 0.729082 0.446204
v 0.859833 0.705977 0.429662
v 0.824829 0.674883 0.415163
v 0.796102 0.636996 0.403264
v 0.774756 0.593770 0.394422
v 0.761611 0.546867 0.388977
v 0.757173 0.498089 0.387139
v 0.761611 0.449312 0.388977
v 0.774756 0.402409 0.394422
v 0.796102 0.359183 0.403264
v 0.824829 0.321295 0.415163
v 0.859833 0.290202 0.429662
v 0.899768 0.267097 0.446204
v 0.943101 0.252869 0.464153
v 0.947608 0.743310 0.455720
v 0.908610 0.729082 0.429662
v 0.872669 0.705977 0.405647
v 0.841166 0.674883 0.384598
v 0.815313 0.636996 0.367323
v 0.796102 0.593770 0.354487
v 0.784272 0.546867 0.346582
v 0.780277 0.498089 0.343913
v 0.784272 0.449312 0.346582
v 0.796102 0.402409 0.354487
v 0.815313 0.359183 0.367323
v 0.841166 0.321295 0.384598
v 0.872669 0.290202 0.405647
v 0.908610 0.267097 0.429662
v 0.947608 0.252869 0.455720
v 0.953674 0.743310 0.448328
v 0.920509 0.729082 0.415163
v 0.889944 0.705977 0.384598
v 0.863153 0.674883 0.357807
v 0.841166 0.636996 0.335820
v 0.824829 0.593770 0.319483
v 0.814768 0.546867 0.309422
v 0.811371 0.498089 0.306025
v 0.814768 0.449312 0.309422
v 0.824829 0.402409 0.319483
v 0.841166 0.359183 0.335820
v 0.863153 0.321295 0.357807
v 0.889944 0.290202 0.384598
v 0.920509 0.267097 0.415163
v 0.953674 0.252869 0.448328
v 0.961066 0.743310 0.442262
v 0.935008 0.729082 0.403264
v 0.910993 0.705977 0.367323
v 0.889944 0.674883 0.335820
v 0.872669 0.636996 0.309967
v 0.859833 0.593770 0.290756
v 0.851928 0.546867 0.278926
v 0.849259 0.498089 0.274931
v 0.851928 0.449312 0.278926
v 0.859833 0.402409 0.290756
v 0.872669 0.359183 0.309967
v 0.889944 0.321295 0.335820
v 0.910993 0.290202 0.367323
v 0.935008 0.267097 0.403264
v 0.961066 0.252869 0.442262
v 0.988165 0.748114 0.482819
v 0.969499 0.743310 0.437755
v 0.951550 0.729082 0.394422
v 0.935008 0.705977 0.354487
v 0.920509 0.674883 0.319483
v 0.908610 0.636996 0.290756
v 0.899768 0.593770 0.269410
v 0.894323 0.546867 0.256265
v 0.892485 0.498089 0.251827
v 0.894323 0.449312 0.256265
v 0.899768 0.402409 0.269410
v 0.908610 0.359183 0.290756
v 0.920509 0.321295 0.319483
v 0.935008 0.290202 0.354487
v 0.951550 0.267097 0.394422
v 0.969499 0.252869 0.437755
v 0.978649 0.743310 0.434979
v 0.969499 0.729082 0.388977
v 0.961066 0.705977 0.346582
v 0.953674 0.674883 0.309422
v 0.947608 0.636996 0.278926
v 0.943101 0.593770 0.256265
v 0.940325 0.546867 0.242311
v 0.939388 0.498089 0.237599
v 0.940325 0.449312 0.242311
v 0.943101 0.402409 0.256265
v 0.947608 0.359183 0.278926
v 0.953674 0.321295 0.309422
v 0.961066 0.290202 0.346582
v 0.969499 0.267097 0.388977
v 0.978649 0.252869 0.434979
v 0.988165 0.743310 0.434042
v 0.988165 0.729082 0.387139
v 0.988165 0.705977 0.343913
v 0.988165 0.674883 0.306025
v 0.988165 0.636996 0.274931
v 0.988165 0.593770 0.251826
v 0.988165 0.546867 0.237599
v 0.988165 0.498089 0.232795
v 0.988165 0.449312 0.237599
v 0.988165 0.402409 0.251826
v 0.988165 0.359183 0.274931
v 0.988165 0.321295 0.306025
v 0.988165 0.290202 0.343913
v 0.988165 0.267097 0.387139
v 0.988165 0.252869 0.434042
v 0.997681 0.743310 0.434979
v 0.997681 0.252869 0.434979
v 0.988165 0.248065 0.482819
v 0.997681 0.743310 0.530659
v 0.997681 0.252869 0.530659
v 0.988165 0.743310 0.531596
v 0.988165 0.729082 0.578499
v 0.988165 0.705977 0.621725
v 0.988165 0.674883 0.659613
v 0.988165 0.636996 0.690707
v 0.988165 0.593770 0.713812
v 0.988165 0.546867 0.728040
v 0.988165 0.498089 0.732844
v 0.988165 0.449312 0.728040
v 0.988165 0.402409 0.713812
v 0.988165 0.359183 0.690707
v 0.988165 0.321295 0.659613
v 0.988165 0.290202 0.621725
v 0.988165 0.267097 0.578499
v 0.988165 0.252869 0.531596
v 0.978649 0.743310 0.530659
v 0.969499 0.729082 0.576661
v 0.961066 0.705977 0.619056
v 0.953674 0.674883 0.656216
v 0.947608 0.636996 0.686712
v 0.943101 0.593770 0.709373
v 0.940325 0.546867 0.723328
v 0.939388 0.498089 0.728039
v 0.940325 0.449312 0.723328
v 0.943101 0.402409 0.709373
v 0.947608 0.359183 0.686712
v 0.953674 0.321295 0.656216
v 0.961066 0.290202 0.619056
v 0.969499 0.267097 0.576661
v 0.978649 0.252869 0.530659
v 0.969499 0.743310 0.527884
v 0.951550 0.729082 0.571216
v 0.935008 0.705977 0.611152
v 0.920509 0.674883 0.646156
v 0.908610 0.636996 0.674882
v 0.899768 0.593770 0.696228
v 0.894323 0.546867 0.709373
v 0.892485 0.498089 0.713811
v 0.894323 0.449312 0.709373
v 0.899768 0.402409 0.696228
v 0.908610 0.359183 0.674882
v 0.920509 0.321295 0.646156
v 0.935008 0.290202 0.611152
v 0.951550 0.267097 0.571216
v 0.969499 0.252869 0.527884
v 0.961066 0.743310 0.523376
v 0.935008 0.729082 0.562374
v 0.910993 0.705977 0.598315
v 0.889944 0.674883 0.629818
v 0.872669 0.636996 0.655671
v 0.859833 0.593770 0.674882
v 0.851928 0.546867 0.686712
v 0.849259 0.498089 0.690707
v 0.851928 0.449312 0.686712
v 0.859833 0.402409 0.674882
v 0.872669 0.359183 0.655671
v 0.889944 0.321295 0.629818
v 0.910993 0.290202 0.598315
v 0.935008 0.267097 0.562374
v 0.961066 0.252869 0.523376
v 0.953674 0.743310 0.517310
v 0.920509 0.729082 0.550475
v 0.889944 0.705977 0.581041
v 0.863153 0.674883 0.607831
v 0.841166 0.636996 0.629818
v 0.824829 0.593770 0.646155
v 0.814768 0.546867 0.656216
v 0.811371 0.498089 0.659613
v 0.814768 0.449312 0.656216
v 0.824829 0.402409 0.646155
v 0.841166 0.359183 0.629818
v 0.863153 0.321295 0.607831
v 0.889944 0.290202 0.581041
v 0.920509 0.267097 0.550475
v 0.953674 0.252869 0.517310
v 0.947608 0.743310 0.509918
v 0.908610 0.729082 0.535976
v 0.872669 0.705977 0.559991
v 0.841166 0.674883 0.581041
v 0.815313 0.636996 0.598315
v 0.796102 0.593770 0.611152
v 0.784272 0.546867 0.619056
v 0.780277 0.498089 0.621725
v 0.784272 0.449312 0.619056
v 0.796102 0.402409 0.611152
v 0.815313 0.359183 0.598315
v 0.841166 0.321295 0.581041
v 0.872669 0.290202 0.559991
v 0.908610 0.267097 0.535976
v 0.947608 0.252869 0.509918
v 0.943101 0.743310 0.501485
v 0.899768 0.729082 0.519434
v 0.859833 0.705977 0.535976
v 0.824829 0.674883 0.550475
v 0.796102 0.636996 0.562374
v 0.774756 0.593770 0.571216
v 0.761611 0.546867 0.576661
v 0.757173 0.498089 0.578499
v 0.761611 0.449312 0.576661
v 0.774756 0.402409 0.571216
v 0.796102 0.359183 0.562374
v 0.824829 0.321295 0.550475
v 0.859833 0.290202 0.535976
v 0.899768 0.267097 0.519434
v 0.943101 0.252869 0.501485
v 0.940325 0.743310 0.492335
v 0.894323 0.729082 0.501485
v 0.851928 0.705977 0.509918
v 0.814768 0.674883 0.517310
v 0.784272 0.636996 0.523376
v 0.761611 0.593770 0.527884
v 0.747657 0.546867 0.530659
v 0.742945 0.498089 0.531596
v 0.747657 0.449312 0.530659
v 0.761611 0.402409 0.527884
v 0.784272 0.359183 0.523376
v 0.814768 0.321295 0.517310
v 0.851928 0.290202 0.509918
v 0.894323 0.267097 0.501485
v 0.940325 0.252869 0.492335
v 0.939388 0.743310 0.482819
v 0.892485 0.729082 0.482819
v 0.811371 0.674883 0.482819
v 0.757173 0.593770 0.482819
v 0.757173 0.402409 0.482819
v 0.811371 0.321295 0.482819
v 0.849259 0.290202 0.482819
v 0.892485 0.267097 0.482819
v 0.939388 0.252869 0.482819
v 0.849259 -0.302223 -0.474347
v 0.780277 -0.371204 -0.474347
v 0.742945 -0.461333 -0.474347
v 0.738140 -0.510111 -0.474347
v 0.742945 -0.558888 -0.474347
v 0.780277 -0.649017 -0.474347
v 0.940325 -0.264890 -0.483863
v 0.894323 -0.279118 -0.493013
v 0.851928 -0.302223 -0.501446
v 0.814768 -0.333317 -0.508838
v 0.784272 -0.371204 -0.514904
v 0.761611 -0.414430 -0.519412
v 0.747656 -0.461333 -0.522187
v 0.742945 -0.510111 -0.523124
v 0.747656 -0.558888 -0.522187
v 0.761611 -0.605791 -0.519412
v 0.784272 -0.649017 -0.514904
v 0.814768 -0.686905 -0.508838
v 0.851928 -0.717999 -0.501446
v 0.894323 -0.741103 -0.493013
v 0.940325 -0.755331 -0.483863
v 0.943101 -0.264890 -0.493013
v 0.899768 -0.279118 -0.510962
v 0.859833 -0.302223 -0.527504
v 0.824829 -0.333317 -0.542003
v 0.796102 -0.371204 -0.553902
v 0.774756 -0.414430 -0.562744
v 0.761611 -0.461333 -0.568189
v 0.757173 -0.510111 -0.570027
v 0.761611 -0.558888 -0.568189
v 0.774756 -0.605791 -0.562744
v 0.796102 -0.649017 -0.553902
v 0.824829 -0.686905 -0.542003
v 0.859833 -0.717999 -0.527504
v 0.899768 -0.741103 -0.510962
v 0.943101 -0.755331 -0.493013
v 0.947608 -0.264890 -0.501446
v 0.908610 -0.279118 -0.527504
v 0.872669 -0.302223 -0.551519
v 0.841166 -0.333317 -0.572569
v 0.815313 -0.371204 -0.589843
v 0.796102 -0.414430 -0.602680
v 0.784272 -0.461333 -0.610584
v 0.780277 -0.510111 -0.613253
v 0.784272 -0.558888 -0.610584
v 0.796102 -0.605791 -0.602680
v 0.815313 -0.649017 -0.589843
v 0.841166 -0.686905 -0.572569
v 0.872669 -0.717999 -0.551519
v 0.908610 -0.741103 -0.527504
v 0.947608 -0.755331 -0.501446
v 0.953674 -0.264890 -0.508838
v 0.920509 -0.279118 -0.542003
v 0.889944 -0.302223 -0.572569
v 0.863153 -0.333317 -0.599359
v 0.841166 -0.371204 -0.621346
v 0.824829 -0.414430 -0.637683
v 0.814768 -0.461333 -0.647744
v 0.811371 -0.510111 -0.651141
v 0.814768 -0.558888 -0.647744
v 0.824829 -0.605791 -0.637683
v 0.841166 -0.649017 -0.621346
v 0.863153 -0.686905 -0.599359
v 0.889944 -0.717999 -0.572569
v 0.920509 -0.741103 -0.542003
v 0.953674 -0.755331 -0.508838
v 0.961066 -0.264890 -0.514904
v 0.935008 -0.279118 -0.553902
v 0.910993 -0.302223 -0.589843
v 0.889944 -0.333317 -0.621346
v 0.872669 -0.371204 -0.647199
v 0.859833 -0.414430 -0.666411
v 0.851928 -0.461333 -0.678240
v 0.849259 -0.510111 -0.682235
v 0.851928 -0.558888 -0.678240
v 0.859833 -0.605791 -0.666411
v 0.872669 -0.649017 -0.647199
v 0.889944 -0.686905 -0.621346
v 0.910993 -0.717999 -0.589843
v 0.935008 -0.741103 -0.553902
v 0.961066 -0.755331 -0.514904
v 0.988165 -0.260086 -0.474347
v 0.969499 -0.264890 -0.519411
v 0.951550 -0.279118 -0.562744
v 0.935008 -0.302223 -0.602680
v 0.920509 -0.333317 -0.637683
v 0.908610 -0.371204 -0.666411
v 0.899768 -0.414430 -0.687756
v 0.894323 -0.461333 -0.700901
v 0.892485 -0.510111 -0.705340
v 0.894323 -0.558888 -0.700901
v 0.899768 -0.605791 -0.687756
v 0.908610 -0.649017 -0.666411
v 0.920509 -0.686905 -0.637683
v 0.935008 -0.717999 -0.602680
v 0.951550 -0.741103 -0.562744
v 0.969499 -0.755331 -0.519411
v 0.978649 -0.264890 -0.522187
v 0.969499 -0.279118 -0.568189
v 0.961066 -0.302223 -0.610584
v 0.953674 -0.333317 -0.647744
v 0.947608 -0.371204 -0.678240
v 0.943101 -0.414430 -0.700901
v 0.940325 -0.461333 -0.714856
v 0.939388 -0.510111 -0.719567
v 0.940325 -0.558888 -0.714856
v 0.943101 -0.605791 -0.700901
v 0.947608 -0.649017 -0.678240
v 0.953674 -0.686905 -0.647744
v 0.961066 -0.717999 -0.610584
v 0.969499 -0.741103 -0.568189
v 0.978649 -0.755331 -0.522187
v 0.988165 -0.264890 -0.523124
v 0.988165 -0.279118 -0.570027
v 0.988165 -0.302223 -0.613253
v 0.988165 -0.333317 -0.651141
v 0.988165 -0.371204 -0.682235
v 0.988165 -0.414430 -0.705340
v 0.988165 -0.461333 -0.719567
v 0.988165 -0.510111 -0.724372
v 0.988165 -0.558888 -0.719567
v 0.988165 -0.605791 -0.705340
v 0.988165 -0.649017 -0.682235
v 0.988165 -0.686905 -0.651141
v 0.988165 -0.717999 -0.613253
v 0.988165 -0.741103 -0.570027
v 0.988165 -0.755331 -0.523124
v 0.997681 -0.264890 -0.522187
v 0.997681 -0.755331 -0.522187
v 0.988165 -0.760135 -0.474347
v 0.997681 -0.264890 -0.426507
v 0.997681 -0.755331 -0.426507
v 0.988165 -0.264890 -0.425570
v 0.988165 -0.279118 -0.378667
v 0.988165 -0.302223 -0.335441
v 0.988165 -0.333317 -0.297553
v 0.988165 -0.371204 -0.266459
v 0.988165 -0.414430 -0.243355
v 0.988165 -0.461333 -0.229127
v 0.988165 -0.510111 -0.224323
v 0.988165 -0.558888 -0.229127
v 0.988165 -0.605791 -0.243355
v 0.988165 -0.649017 -0.266459
v 0.988165 -0.686905 -0.297553
v 0.988165 -0.717999 -0.335441
v 0.988165 -0.741103 -0.378667
v 0.988165 -0.755331 -0.425570
v 0.978649 -0.264890 -0.426507
v 0.969499 -0.279118 -0.380505
v 0.961066 -0.302223 -0.338110
v 0.953674 -0.333317 -0.300950
v 0.947608 -0.371204 -0.270454
v 0.943101 -0.414430 -0.247793
v 0.940325 -0.461333 -0.233839
v 0.939388 -0.510111 -0.229127
v 0.940325 -0.558888 -0.233839
v 0.943101 -0.605791 -0.247793
v 0.947608 -0.649017 -0.270454
v 0.953674 -0.686905 -0.300950
v 0.961066 -0.717999 -0.338110
v 0.969499 -0.741103 -0.380505
v 0.978649 -0.755331 -0.426507
v 0.969499 -0.264890 -0.429283
v 0.951550 -0.279118 -0.385950
v 0.935008 -0.302223 -0.346015
v 0.920509 -0.333317 -0.311011
v 0.908610 -0.371204 -0.282284
v 0.899768 -0.414430 -0.260938
v 0.894323 -0.461333 -0.247793
v 0.892485 -0.510111 -0.243355
v 0.894323 -0.558888 -0.247793
v 0.899768 -0.605791 -0.260938
v 0.908610 -0.649017 -0.282284
v 0.920509 -0.686905 -0.311011
v 0.935008 -0.717999 -0.346015
v 0.951550 -0.741103 -0.385950
v 0.969499 -0.755331 -0.429283
v 0.961066 -0.264890 -0.433790
v 0.935008 -0.279118 -0.394792
v 0.910993 -0.302223 -0.358851
v 0.889944 -0.333317 -0.327348
v 0.872669 -0.371204 -0.301495
v 0.859833 -0.414430 -0.282284
v 0.851928 -0.461333 -0.270454
v 0.849259 -0.510111 -0.266459
v 0.851928 -0.558888 -0.270454
v 0.859833 -0.605791 -0.282284
v 0.872669 -0.649017 -0.301495
v 0.889944 -0.686905 -0.327348
v 0.910993 -0.717999 -0.358851
v 0.935008 -0.741103 -0.394792
v 0.961066 -0.755331 -0.433790
v 0.953674 -0.264890 -0.439856
v 0.920509 -0.279118 -0.406691
v 0.889944 -0.302223 -0.376126
v 0.863153 -0.333317 -0.349335
v 0.841166 -0.371204 -0.327348
v 0.824829 -0.414430 -0.311011
v 0.814768 -0.461333 -0.300950
v 0.811371 -0.510111 -0.297553
v 0.814768 -0.558888 -0.300950
v 0.824829 -0.605791 -0.311011
v 0.841166 -0.649017 -0.327348
v 0.863153 -0.686905 -0.349335
v 0.889944 -0.717999 -0.376126
v 0.920509 -0.741103 -0.406691
v 0.953674 -0.755331 -0.439856
v 0.947608 -0.264890 -0.447248
v 0.908610 -0.279118 -0.421190
v 0.872669 -0.302223 -0.397175
v 0.841166 -0.333317 -0.376126
v 0.815313 -0.371204 -0.358851
v 0.796102 -0.414430 -0.346015
v 0.784272 -0.461333 -0.338110
v 0.780277 -0.510111 -0.335441
v 0.784272 -0.558888 -0.338110
v 0.796102 -0.605791 -0.346015
v 0.815313 -0.649017 -0.358851
v 0.841166 -0.686905 -0.376126
v 0.872669 -0.717999 -0.397175
v 0.908610 -0.741103 -0.421190
v 0.947608 -0.755331 -0.447248
v 0.943101 -0.264890 -0.455681
v 0.899768 -0.279118 -0.437732
v 0.859833 -0.302223 -0.421190
v 0.824829 -0.333317 -0.406691
v 0.796102 -0.371204 -0.394792
v 0.774756 -0.414430 -0.385950
v 0.761611 -0.461333 -0.380505
v 0.757173 -0.510111 -0.378667
v 0.761611 -0.558888 -0.380505
v 0.774756 -0.605791 -0.385950
v 0.796102 -0.649017 -0.394792
v 0.824829 -0.686905 -0.406691
v 0.859833 -0.717999 -0.421190
v 0.899768 -0.741103 -0.437732
v 0.943101 -0.755331 -0.455681
v 0.940325 -0.264890 -0.464831
v 0.894323 -0.279118 -0.455681
v 0.851928 -0.302223 -0.447248
v 0.814768 -0.333317 -0.439856
v 0.784272 -0.371204 -0.433790
v 0.761611 -0.414430 -0.429283
v 0.747657 -0.461333 -0.426507
v 0.742945 -0.510111 -0.425570
v 0.747657 -0.558888 -0.426507
v 0.761611 -0.605791 -0.429283
v 0.784272 -0.649017 -0.433790
v 0.814768 -0.686905 -0.439856
v 0.851928 -0.717999 -0.447248
v 0.894323 -0.741103 -0.455681
v 0.940325 -0.755331 -0.464831
v 0.939388 -0.264890 -0.474347
v 0.892485 -0.279118 -0.474347
v 0.811371 -0.333317 -0.474347
v 0.757173 -0.414430 -0.474347
v 0.757173 -0.605791 -0.474347
v 0.811371 -0.686905 -0.474347
v 0.849259 -0.717999 -0.474347
v 0.892485 -0.741103 -0.474347
v 0.939388 -0.755331 -0.474347
v 0.849259 0.705977 -0.474347
v 0.780277 0.636996 -0.474347
v 0.742945 0.546867 -0.474347
v 0.738140 0.498089 -0.474347
v 0.742945 0.449312 -0.474347
v 0.780277 0.359183 -0.474347
v 0.940325 0.743310 -0.483863
v 0.894323 0.729082 -0.493013
v 0.851928 0.705977 -0.501446
v 0.814768 0.674883 -0.508838
v 0.784272 0.636996 -0.514904
v 0.761611 0.593770 -0.519412
v 0.747656 0.546867 -0.522187
v 0.742945 0.498089 -0.523124
v 0.747656 0.449312 -0.522187
v 0.761611 0.402409 -0.519412
v 0.784272 0.359183 -0.514904
v 0.814768 0.321295 -0.508838
v 0.851928 0.290202 -0.501446
v 0.894323 0.267097 -0.493013
v 0.940325 0.252869 -0.483863
v 0.943101 0.743310 -0.493013
v 0.899768 0.729082 -0.510962
v 0.859833 0.705977 -0.527504
v 0.824829 0.674883 -0.542003
v 0.796102 0.636996 -0.553902
v 0.774756 0.593770 -0.562744
v 0.761611 0.546867 -0.568189
v 0.757172 0.498089 -0.570027
v 0.761611 0.449312 -0.568189
v 0.774756 0.402409 -0.562744
v 0.796102 0.359183 -0.553902
v 0.824829 0.321295 -0.542003
v 0.859833 0.290202 -0.527504
v 0.899768 0.267097 -0.510962
v 0.943101 0.252869 -0.493013
v 0.947608 0.743310 -0.501446
v 0.908610 0.729082 -0.527504
v 0.872669 0.705977 -0.551519
v 0.841166 0.674883 -0.572569
v 0.815313 0.636996 -0.589843
v 0.796102 0.593770 -0.602680
v 0.784272 0.546867 -0.610584
v 0.780277 0.498089 -0.613253
v 0.784272 0.449312 -0.610584
v 0.796102 0.402409 -0.602680
v 0.815313 0.359183 -0.589843
v 0.841166 0.321295 -0.572569
v 0.872669 0.290202 -0.551519
v 0.908610 0.267097 -0.527504
v 0.947608 0.252869 -0.501446
v 0.953674 0.743310 -0.508838
v 0.920509 0.729082 -0.542003
v 0.889944 0.705977 -0.572569
v 0.863153 0.674883 -0.599359
v 0.841166 0.636996 -0.621346
v 0.824829 0.593770 -0.637684
v 0.814768 0.546867 -0.647744
v 0.811371 0.498089 -0.651141
v 0.814768 0.449312 -0.647744
v 0.824829 0.402409 -0.637684
v 0.841166 0.359183 -0.621346
v 0.863153 0.321295 -0.599359
v 0.889944 0.290202 -0.572569
v 0.920509 0.267097 -0.542003
v 0.953674 0.252869 -0.508838
v 0.961066 0.743310 -0.514904
v 0.935008 0.729082 -0.553902
v 0.910993 0.705977 -0.589843
v 0.889944 0.674883 -0.621346
v 0.872669 0.636996 -0.647200
v 0.859832 0.593770 -0.666411
v 0.851928 0.546867 -0.678240
v 0.849259 0.498089 -0.682235
v 0.851928 0.449312 -0.678240
v 0.859832 0.402409 -0.666411
v 0.872669 0.359183 -0.647200
v 0.889944 0.321295 -0.621346
v 0.910993 0.290202 -0.589843
v 0.935008 0.267097 -0.553902
v 0.961066 0.252869 -0.514904
v 0.988165 0.748114 -0.474347
v 0.969499 0.743310 -0.519412
v 0.951550 0.729082 -0.562744
v 0.935008 0.705977 -0.602680
v 0.920509 0.674883 -0.637684
v 0.908610 0.636996 -0.666411
v 0.899768 0.593770 -0.687756
v 0.894323 0.546867 -0.700901
v 0.892485 0.498089 -0.705340
v 0.894323 0.449312 -0.700901
v 0.899768 0.402409 -0.687756
v 0.908610 0.359183 -0.666411
v 0.920509 0.321295 -0.637684
v 0.935008 0.290202 -0.602680
v 0.951550 0.267097 -0.562744
v 0.969499 0.252869 -0.519412
v 0.978649 0.743310 -0.522187
v 0.969499 0.729082 -0.568189
v 0.961066 0.705977 -0.610584
v 0.953674 0.674883 -0.647744
v 0.947608 0.636996 -0.678240
v 0.943101 0.593770 -0.700901
v 0.940325 0.546867 -0.714856
v 0.939388 0.498089 -0.719567
v 0.940325 0.449312 -0.714856
v 0.943101 0.402409 -0.700901
v 0.947608 0.359183 -0.678240
v 0.953674 0.321295 -0.647744
v 0.961066 0.290202 -0.610584
v 0.969499 0.267097 -0.568189
v 0.978649 0.252869 -0.522187
v 0.988165 0.743310 -0.523124
v 0.988165 0.729082 -0.570027
v 0.988165 0.705977 -0.613253
v 0.988165 0.674883 -0.651141
v 0.988165 0.636996 -0.682235
v 0.988165 0.593770 -0.705340
v 0.988165 0.546867 -0.719567
v 0.988165 0.498089 -0.724372
v 0.988165 0.449312 -0.719567
v 0.988165 0.402409 -0.705340
v 0.988165 0.359183 -0.682235
v 0.988165 0.321295 -0.651141
v 0.988165 0.290202 -0.613253
v 0.988165 0.267097 -0.570027
v 0.988165 0.252869 -0.523124
v 0.997681 0.743310 -0.522187
v 0.997681 0.252869 -0.522187
v 0.988165 0.248065 -0.474347
v 0.997681 0.743310 -0.426507
v 0.997681 0.252869 -0.426507
v 0.988165 0.743310 -0.425570
v 0.988165 0.729082 -0.378667
v 0.988165 0.705977 -0.335441
v 0.988165 0.674883 -0.297553
v 0.988165 0.636996 -0.266459
v 0.988165 0.593770 -0.243355
v 0.988165 0.546867 -0.229127
v 0.988165 0.498089 -0.224323
v 0.988165 0.449312 -0.229127
v 0.988165 0.402409 -0.243355
v 0.988165 0.359183 -0.266459
v 0.988165 0.321295 -0.297553
v 0.988165 0.290202 -0.335441
v 0.988165 0.267097 -0.378667
v 0.988165 0.252869 -0.425570
v 0.978649 0.743310 -0.426507
v 0.969499 0.729082 -0.380505
v 0.961066 0.705977 -0.338110
v 0.953674 0.674883 -0.300950
v 0.947608 0.636996 -0.270454
v 0.943101 0.593770 -0.247793
v 0.940325 0.546867 -0.233839
v 0.939388 0.498089 -0.229127
v 0.940325 0.449312 -0.233839
v 0.943101 0.402409 -0.247793
v 0.947608 0.359183 -0.270454
v 0.953674 0.321295 -0.300950
v 0.961066 0.290202 -0.338110
v 0.969499 0.267097 -0.380505
v 0.978649 0.252869 -0.426507
v 0.969499 0.743310 -0.429283
v 0.951550 0.729082 -0.385950
v 0.935008 0.705977 -0.346015
v 0.920509 0.674883 -0.311011
v 0.908610 0.636996 -0.282284
v 0.899768 0.593770 -0.260938
v 0.894323 0.546867 -0.247793
v 0.892485 0.498089 -0.243355
v 0.894323 0.449312 -0.247793
v 0.899768 0.402409 -0.260938
v 0.908610 0.359183 -0.282284
v 0.920509 0.321295 -0.311011
v 0.935008 0.290202 -0.346015
v 0.951550 0.267097 -0.385950
v 0.969499 0.252869 -0.429283
v 0.961066 0.743310 -0.433790
v 0.935008 0.729082 -0.394792
v 0.910993 0.705977 -0.358851
v 0.889944 0.674883 -0.327348
v 0.872669 0.636996 -0.301495
v 0.859833 0.593770 -0.282284
v 0.851928 0.546867 -0.270454
v 0.849259 0.498089 -0.266460
v 0.851928 0.449312 -0.270454
v 0.859833 0.402409 -0.282284
v 0.872669 0.359183 -0.301495
v 0.889944 0.321295 -0.327348
v 0.910993 0.290202 -0.358851
v 0.935008 0.267097 -0.394792
v 0.961066 0.252869 -0.433790
v 0.953674 0.743310 -0.439856
v 0.920509 0.729082 -0.406691
v 0.889944 0.705977 -0.376126
v 0.863153 0.674883 -0.349335
v 0.841166 0.636996 -0.327348
v 0.824829 0.593770 -0.311011
v 0.814768 0.546867 -0.300950
v 0.811371 0.498089 -0.297553
v 0.814768 0.449312 -0.300950
v 0.824829 0.402409 -0.311011
v 0.841166 0.359183 -0.327348
v 0.863153 0.321295 -0.349335
v 0.889944 0.290202 -0.376126
v 0.920509 0.267097 -0.406691
v 0.953674 0.252869 -0.439856
v 0.947608 0.743310 -0.447248
v 0.908610 0.729082 -0.421190
v 0.872669 0.705977 -0.397175
v 0.841166 0.674883 -0.376126
v 0.815313 0.636996 -0.358851
v 0.796102 0.593770 -0.346015
v 0.784272 0.546867 -0.338110
v 0.780277 0.498089 -0.335441
v 0.784272 0.449312 -0.338110
v 0.796102 0.402409 -0.346015
v 0.815313 0.359183 -0.358851
v 0.841166 0.321295 -0.376126
v 0.872669 0.290202 -0.397175
v 0.908610 0.267097 -0.421190
v 0.947608 0.252869 -0.447248
v 0.943101 0.743310 -0.455681
v 0.899768 0.729082 -0.437732
v 0.859833 0.705977 -0.421190
v 0.824829 0.674883 -0.406691
v 0.796102 0.636996 -0.394792
v 0.774756 0.593770 -0.385950
v 0.761611 0.546867 -0.380505
v 0.757173 0.498089 -0.378667
v 0.761611 0.449312 -0.380505
v 0.774756 0.402409 -0.385950
v 0.796102 0.359183 -0.394792
v 0.824829 0.321295 -0.406691
v 0.859833 0.290202 -0.421190
v 0.899768 0.267097 -0.437732
v 0.943101 0.252869 -0.455681
v 0.940325 0.743310 -0.464831
v 0.894323 0.729082 -0.455681
v 0.851928 0.705977 -0.447248
v 0.814768 0.674883 -0.439856
v 0.784272 0.636996 -0.433790
v 0.761611 0.593770 -0.429283
v 0.747657 0.546867 -0.426507
v 0.742945 0.498089 -0.425570
v 0.747657 0.449312 -0.426507
v 0.761611 0.402409 -0.429283
v 0.784272 0.359183 -0.433790
v 0.814768 0.321295 -0.439856
v 0.851928 0.290202 -0.447248
v 0.894323 0.267097 -0.455681
v 0.940325 0.252869 -0.464831
v 0.939388 0.743310 -0.474347
v 0.892485 0.729082 -0.474347
v 0.811371 0.674883 -0.474347
v 0.757173 0.593770 -0.474347
v 0.757173 0.402409 -0.474347
v 0.811371 0.321295 -0.474347
v 0.849259 0.290202 -0.474347
v 0.892485 0.267097 -0.474347
v 0.939388 0.252869 -0.474347
v -0.513740 -0.254869 -0.999127
v -0.464963 -0.259674 -0.999127
v -0.418060 -0.273901 -0.999127
v -0.374834 -0.297006 -0.999127
v -0.336946 -0.328100 -0.999127
v -0.305852 -0.365988 -0.999127
v -0.282747 -0.409214 -0.999127
v -0.268520 -0.456117 -0.999127
v -0.263715 -0.504894 -0.999127
v -0.268520 -0.553671 -0.999127
v -0.282747 -0.600574 -0.999127
v -0.305852 -0.643800 -0.999127
v -0.336946 -0.681688 -0.999127
v -0.374834 -0.712782 -0.999127
v -0.418060 -0.735887 -0.999127
v -0.464963 -0.750115 -0.999127
v -0.465900 -0.259674 -0.989612
v -0.419898 -0.273901 -0.980461
v -0.377503 -0.297006 -0.972028
v -0.340343 -0.328100 -0.964637
v -0.309847 -0.365988 -0.958571
v -0.287186 -0.409214 -0.954063
v -0.273231 -0.456117 -0.951287
v -0.268520 -0.504894 -0.950350
v -0.273231 -0.553671 -0.951287
v -0.287186 -0.600574 -0.954063
v -0.309847 -0.643800 -0.958571
v -0.340343 -0.681688 -0.964637
v -0.377503 -0.712782 -0.972028
v -0.419898 -0.735887 -0.980461
v -0.465900 -0.750115 -0.989612
v -0.468675 -0.259674 -0.980461
v -0.425343 -0.273901 -0.962512
v -0.385407 -0.297006 -0.945970
v -0.350403 -0.328100 -0.931471
v -0.321677 -0.365988 -0.919572
v -0.300331 -0.409214 -0.910730
v -0.287186 -0.456117 -0.905286
v -0.282747 -0.504894 -0.903447
v -0.287186 -0.553671 -0.905286
v -0.300331 -0.600574 -0.910730
v -0.321677 -0.643800 -0.919572
v -0.350403 -0.681688 -0.931471
v -0.385407 -0.712782 -0.945970
v -0.425343 -0.735887 -0.962512
v -0.468675 -0.750115 -0.980461
v -0.473183 -0.259674 -0.972028
v -0.434185 -0.273901 -0.945970
v -0.398244 -0.297006 -0.921955
v -0.366741 -0.328100 -0.900906
v -0.340888 -0.365988 -0.883631
v -0.321677 -0.409214 -0.870795
v -0.309847 -0.456117 -0.862890
v -0.305852 -0.504894 -0.860221
v -0.309847 -0.553671 -0.862890
v -0.321677 -0.600574 -0.870795
v -0.340888 -0.643800 -0.883631
v -0.366741 -0.681688 -0.900906
v -0.398244 -0.712782 -0.921955
v -0.434185 -0.735887 -0.945970
v -0.473183 -0.750115 -0.972028
v -0.479249 -0.259674 -0.964637
v -0.446084 -0.273901 -0.931471
v -0.415518 -0.297006 -0.900906
v -0.388728 -0.328100 -0.874115
v -0.366741 -0.365988 -0.852129
v -0.350403 -0.409214 -0.835791
v -0.340343 -0.456117 -0.825731
v -0.336946 -0.504894 -0.822333
v -0.340343 -0.553671 -0.825731
v -0.350403 -0.600574 -0.835791
v -0.366741 -0.643800 -0.852129
v -0.388728 -0.681688 -0.874115
v -0.415518 -0.712782 -0.900906
v -0.446084 -0.735887 -0.931471
v -0.479249 -0.750115 -0.964637
v -0.486641 -0.259674 -0.958571
v -0.460583 -0.273901 -0.919572
v -0.436568 -0.297006 -0.883631
v -0.415518 -0.328100 -0.852129
v -0.398244 -0.365988 -0.826275
v -0.385407 -0.409214 -0.807064
v -0.377503 -0.456117 -0.795234
v -0.374834 -0.504894 -0.791240
v -0.377503 -0.553671 -0.795234
v -0.385407 -0.600574 -0.807064
v -0.398244 -0.643800 -0.826275
v -0.415518 -0.681688 -0.852129
v -0.436568 -0.712782 -0.883631
v -0.460583 -0.735887 -0.919572
v -0.486641 -0.750115 -0.958571
v -0.495074 -0.259674 -0.954063
v -0.477125 -0.273901 -0.910730
v -0.460583 -0.297006 -0.870795
v -0.446084 -0.328100 -0.835791
v -0.434185 -0.365988 -0.807064
v -0.425343 -0.409214 -0.785718
v -0.419898 -0.456117 -0.772573
v -0.418060 -0.504894 -0.768135
v -0.419898 -0.553671 -0.772573
v -0.425343 -0.600574 -0.785718
v -0.434185 -0.643800 -0.807064
v -0.446084 -0.681688 -0.835791
v -0.460583 -0.712782 -0.870795
v -0.477125 -0.735887 -0.910730
v -0.495074 -0.750115 -0.954063
v -0.504224 -0.259674 -0.951287
v -0.495074 -0.273901 -0.905286
v -0.486641 -0.297006 -0.862890
v -0.479249 -0.328100 -0.825731
v -0.473183 -0.365988 -0.795234
v -0.468675 -0.409214 -0.772573
v -0.465900 -0.456117 -0.758619
v -0.464963 -0.504894 -0.753907
v -0.465900 -0.553671 -0.758619
v -0.468675 -0.600574 -0.772573
v -0.473183 -0.643800 -0.795234
v -0.479249 -0.681688 -0.825731
v -0.486641 -0.712782 -0.862890
v -0.495074 -0.735887 -0.905286
v -0.504224 -0.750115 -0.951287
v -0.513740 -0.259674 -0.950350
v -0.513740 -0.273901 -0.903447
v -0.513740 -0.297006 -0.860221
v -0.513740 -0.328100 -0.822333
v -0.513740 -0.365988 -0.791240
v -0.513740 -0.409214 -0.768135
v -0.513740 -0.456117 -0.753907
v -0.513740 -0.504894 -0.749103
v -0.513740 -0.553671 -0.753907
v -0.513740 -0.600574 -0.768135
v -0.513740 -0.643800 -0.791240
v -0.513740 -0.681688 -0.822333
v -0.513740 -0.712782 -0.860221
v -0.513740 -0.735887 -0.903447
v -0.513740 -0.750115 -0.950350
v -0.523256 -0.259674 -0.951287
v -0.532406 -0.273901 -0.905286
v -0.540839 -0.297006 -0.862890
v -0.548231 -0.328100 -0.825731
v -0.554297 -0.365988 -0.795234
v -0.558804 -0.409214 -0.772573
v -0.561580 -0.456117 -0.758619
v -0.562517 -0.504894 -0.753907
v -0.561580 -0.553671 -0.758619
v -0.558804 -0.600574 -0.772573
v -0.554297 -0.643800 -0.795234
v -0.548231 -0.681688 -0.825731
v -0.540839 -0.712782 -0.862890
v -0.532406 -0.735887 -0.905286
v -0.523256 -0.750115 -0.951287
v -0.532406 -0.259674 -0.954063
v -0.550355 -0.273901 -0.910730
v -0.566897 -0.297006 -0.870795
v -0.581396 -0.328100 -0.835791
v -0.593295 -0.365988 -0.807064
v -0.602137 -0.409214 -0.785718
v -0.607582 -0.456117 -0.772573
v -0.609420 -0.504894 -0.768135
v -0.607582 -0.553671 -0.772573
v -0.602137 -0.600574 -0.785718
v -0.593295 -0.643800 -0.807064
v -0.581396 -0.681688 -0.835791
v -0.566897 -0.712782 -0.870795
v -0.550355 -0.735887 -0.910730
v -0.532406 -0.750115 -0.954063
v -0.540839 -0.259674 -0.958571
v -0.566897 -0.273901 -0.919572
v -0.590912 -0.297006 -0.883631
v -0.611961 -0.328100 -0.852129
v -0.629236 -0.365988 -0.826275
v -0.642072 -0.409214 -0.807064
v -0.649977 -0.456117 -0.795234
v -0.652646 -0.504894 -0.791240
v -0.649977 -0.553671 -0.795234
v -0.642072 -0.600574 -0.807064
v -0.629236 -0.643800 -0.826275
v -0.611961 -0.681688 -0.852129
v -0.590912 -0.712782 -0.883631
v -0.566897 -0.735887 -0.919572
v -0.540839 -0.750115 -0.958571
v -0.548231 -0.259674 -0.964637
v -0.581396 -0.273901 -0.931471
v -0.611961 -0.297006 -0.900906
v -0.638752 -0.328100 -0.874115
v -0.660739 -0.365988 -0.852129
v -0.677076 -0.409214 -0.835791
v -0.687137 -0.456117 -0.825731
v -0.690534 -0.504894 -0.822334
v -0.687137 -0.553671 -0.825731
v -0.677076 -0.600574 -0.835791
v -0.660739 -0.643800 -0.852129
v -0.638752 -0.681688 -0.874115
v -0.611961 -0.712782 -0.900906
v -0.581396 -0.735887 -0.931471
v -0.548231 -0.750115 -0.964637
v -0.513740 -0.754919 -0.999127
v -0.554297 -0.259674 -0.972028
v -0.593295 -0.273901 -0.945970
v -0.629236 -0.297006 -0.921955
v -0.660739 -0.328100 -0.900906
v -0.686592 -0.365988 -0.883631
v -0.705803 -0.409214 -0.870795
v -0.717633 -0.456117 -0.862890
v -0.721628 -0.504894 -0.860221
v -0.717633 -0.553671 -0.862890
v -0.705803 -0.600574 -0.870795
v -0.686592 -0.643800 -0.883631
v -0.660739 -0.681688 -0.900906
v -0.629236 -0.712782 -0.921955
v -0.593295 -0.735887 -0.945970
v -0.554297 -0.750115 -0.972028
v -0.558804 -0.259674 -0.980461
v -0.602137 -0.273901 -0.962512
v -0.642072 -0.297006 -0.945970
v -0.677076 -0.328100 -0.931471
v -0.705803 -0.365988 -0.919572
v -0.727149 -0.409214 -0.910730
v -0.740294 -0.456117 -0.905286
v -0.744732 -0.504894 -0.903447
v -0.740294 -0.553671 -0.905286
v -0.727149 -0.600574 -0.910730
v -0.705803 -0.643800 -0.919572
v -0.677076 -0.681688 -0.931471
v -0.642072 -0.712782 -0.945970
v -0.602137 -0.735887 -0.962512
v -0.558804 -0.750115 -0.980461
v -0.561580 -0.259674 -0.989612
v -0.607582 -0.273901 -0.980461
v -0.649977 -0.297006 -0.972028
v -0.687137 -0.328100 -0.964637
v -0.717633 -0.365988 -0.958571
v -0.740294 -0.409214 -0.954063
v -0.754248 -0.456117 -0.951287
v -0.758960 -0.504894 -0.950350
v -0.754248 -0.553671 -0.951287
v -0.740294 -0.600574 -0.954063
v -0.717633 -0.643800 -0.958571
v -0.687137 -0.681688 -0.964637
v -0.649977 -0.712782 -0.972028
v -0.607582 -0.735887 -0.980461
v -0.561580 -0.750115 -0.989612
v -0.562517 -0.259674 -0.999127
v -0.609420 -0.273901 -0.999127
v -0.652646 -0.297006 -0.999127
v -0.690534 -0.328100 -0.999127
v -0.721628 -0.365988 -0.999127
v -0.744732 -0.409214 -0.999127
v -0.758960 -0.456117 -0.999128
v -0.763764 -0.504894 -0.999128
v -0.758960 -0.553671 -0.999128
v -0.744732 -0.600574 -0.999127
v -0.721628 -0.643800 -0.999127
v -0.690534 -0.681688 -0.999127
v -0.652646 -0.712782 -0.999127
v -0.609420 -0.735887 -0.999127
v -0.562517 -0.750115 -0.999127
v 0.513740 0.754919 -0.999127
v 0.562517 0.750114 -0.999127
v 0.609420 0.735887 -0.999127
v 0.652646 0.712782 -0.999127
v 0.690534 0.681688 -0.999127
v 0.721628 0.643800 -0.999127
v 0.744732 0.600574 -0.999127
v 0.758960 0.553671 -0.999127
v 0.763764 0.504894 -0.999127
v 0.758960 0.456117 -0.999127
v 0.744732 0.409214 -0.999127
v 0.721628 0.365988 -0.999127
v 0.690534 0.328100 -0.999127
v 0.652646 0.297006 -0.999127
v 0.609420 0.273901 -0.999127
v 0.562517 0.259673 -0.999127
v 0.561580 0.750114 -0.989612
v 0.607581 0.735887 -0.980461
v 0.649977 0.712782 -0.972028
v 0.687137 0.681688 -0.964637
v 0.717633 0.643800 -0.958571
v 0.740294 0.600574 -0.954063
v 0.754248 0.553671 -0.951287
v 0.758960 0.504894 -0.950350
v 0.754248 0.456117 -0.951287
v 0.740294 0.409214 -0.954063
v 0.717633 0.365988 -0.958571
v 0.687137 0.328100 -0.964637
v 0.649977 0.297006 -0.972028
v 0.607581 0.273901 -0.980461
v 0.561580 0.259673 -0.989612
v 0.558804 0.750114 -0.980461
v 0.602137 0.735887 -0.962512
v 0.642072 0.712782 -0.945970
v 0.677076 0.681688 -0.931471
v 0.705803 0.643800 -0.919572
v 0.727149 0.600574 -0.910730
v 0.740294 0.553671 -0.905286
v 0.744732 0.504894 -0.903447
v 0.740294 0.456117 -0.905286
v 0.727149 0.409214 -0.910730
v 0.705803 0.365988 -0.919572
v 0.677076 0.328100 -0.931471
v 0.642072 0.297006 -0.945970
v 0.602137 0.273901 -0.962512
v 0.558804 0.259673 -0.980461
v 0.554296 0.750114 -0.972028
v 0.593295 0.735887 -0.945970
v 0.629236 0.712782 -0.921955
v 0.660739 0.681688 -0.900906
v 0.686592 0.643800 -0.883631
v 0.705803 0.600574 -0.870795
v 0.717633 0.553671 -0.862890
v 0.721627 0.504894 -0.860221
v 0.717633 0.456117 -0.862890
v 0.705803 0.409214 -0.870795
v 0.686592 0.365988 -0.883631
v 0.660739 0.328100 -0.900906
v 0.629236 0.297006 -0.921955
v 0.593295 0.273901 -0.945970
v 0.554296 0.259673 -0.972028
v 0.548230 0.750114 -0.964637
v 0.581396 0.735887 -0.931471
v 0.611961 0.712782 -0.900906
v 0.638752 0.681688 -0.874115
v 0.660738 0.643800 -0.852129
v 0.677076 0.600574 -0.835791
v 0.687137 0.553671 -0.825731
v 0.690534 0.504894 -0.822333
v 0.687137 0.456117 -0.825731
v 0.677076 0.409214 -0.835791
v 0.660738 0.365988 -0.852129
v 0.638752 0.328100 -0.874115
v 0.611961 0.297006 -0.900906
v 0.581396 0.273901 -0.931471
v 0.548230 0.259673 -0.964637
v 0.540839 0.750114 -0.958571
v 0.566897 0.735887 -0.919572
v 0.590912 0.712782 -0.883631
v 0.611961 0.681688 -0.852129
v 0.629236 0.643800 -0.826275
v 0.642072 0.600574 -0.807064
v 0.649977 0.553671 -0.795234
v 0.652646 0.504894 -0.791240
v 0.649977 0.456117 -0.795234
v 0.642072 0.409214 -0.807064
v 0.629236 0.365988 -0.826275
v 0.611961 0.328100 -0.852129
v 0.590912 0.297006 -0.883631
v 0.566897 0.273901 -0.919572
v 0.540839 0.259673 -0.958571
v 0.532406 0.750114 -0.954063
v 0.550355 0.735887 -0.910730
v 0.566897 0.712782 -0.870795
v 0.581396 0.681688 -0.835791
v 0.593295 0.643800 -0.807064
v 0.602137 0.600574 -0.785718
v 0.607581 0.553671 -0.772573
v 0.609420 0.504894 -0.768135
v 0.607581 0.456117 -0.772573
v 0.602137 0.409214 -0.785718
v 0.593295 0.365988 -0.807064
v 0.581396 0.328100 -0.835791
v 0.566897 0.297006 -0.870795
v 0.550355 0.273901 -0.910730
v 0.532406 0.259673 -0.954063
v 0.523256 0.750114 -0.951287
v 0.532406 0.735887 -0.905286
v 0.540839 0.712782 -0.862890
v 0.548230 0.681688 -0.825731
v 0.554296 0.643800 -0.795234
v 0.558804 0.600574 -0.772573
v 0.561580 0.553671 -0.758619
v 0.562517 0.504894 -0.753907
v 0.561580 0.456117 -0.758619
v 0.558804 0.409214 -0.772573
v 0.554296 0.365988 -0.795234
v 0.548230 0.328100 -0.825731
v 0.540839 0.297006 -0.862890
v 0.532406 0.273901 -0.905286
v 0.523256 0.259673 -0.951287
v 0.513740 0.750114 -0.950350
v 0.513740 0.735887 -0.903447
v 0.513740 0.712782 -0.860221
v 0.513740 0.681688 -0.822333
v 0.513740 0.643800 -0.791240
v 0.513740 0.600574 -0.768135
v 0.513740 0.553671 -0.753907
v 0.513740 0.504894 -0.749103
v 0.513740 0.456117 -0.753907
v 0.513740 0.409214 -0.768135
v 0.513740 0.365988 -0.791240
v 0.513740 0.328100 -0.822333
v 0.513740 0.297006 -0.860221
v 0.513740 0.273901 -0.903447
v 0.513740 0.259673 -0.950350
v 0.504224 0.750114 -0.951287
v 0.495073 0.735887 -0.905286
v 0.486640 0.712782 -0.862890
v 0.479249 0.681688 -0.825731
v 0.473183 0.643800 -0.795234
v 0.468675 0.600574 -0.772573
v 0.465899 0.553671 -0.758619
v 0.464962 0.504894 -0.753907
v 0.465899 0.456117 -0.758619
v 0.468675 0.409214 -0.772573
v 0.473183 0.365988 -0.795234
v 0.479249 0.328100 -0.825731
v 0.486640 0.297006 -0.862890
v 0.495073 0.273901 -0.905286
v 0.504224 0.259673 -0.951287
v 0.495073 0.750114 -0.954063
v 0.477124 0.735887 -0.910730
v 0.460583 0.712782 -0.870795
v 0.446084 0.681688 -0.835791
v 0.434184 0.643800 -0.807064
v 0.425343 0.600574 -0.785718
v 0.419898 0.553671 -0.772573
v 0.418059 0.504894 -0.768135
v 0.419898 0.456117 -0.772573
v 0.425343 0.409214 -0.785718
v 0.434184 0.365988 -0.807064
v 0.446084 0.328100 -0.835791
v 0.460583 0.297006 -0.870795
v 0.477124 0.273901 -0.910730
v 0.495073 0.259673 -0.954063
v 0.486640 0.750114 -0.958571
v 0.460583 0.735887 -0.919572
v 0.436568 0.712782 -0.883631
v 0.415518 0.681688 -0.852129
v 0.398243 0.643800 -0.826275
v 0.385407 0.600574 -0.807064
v 0.377502 0.553671 -0.795234
v 0.374833 0.504894 -0.791240
v 0.377502 0.456117 -0.795234
v 0.385407 0.409214 -0.807064
v 0.398243 0.365988 -0.826275
v 0.415518 0.328100 -0.852129
v 0.436568 0.297006 -0.883631
v 0.460583 0.273901 -0.919572
v 0.486640 0.259673 -0.958571
v 0.479249 0.750114 -0.964637
v 0.446084 0.735887 -0.931471
v 0.415518 0.712782 -0.900906
v 0.388727 0.681688 -0.874115
v 0.366741 0.643800 -0.852129
v 0.350403 0.600574 -0.835791
v 0.340343 0.553671 -0.825731
v 0.336946 0.504894 -0.822334
v 0.340343 0.456117 -0.825731
v 0.350403 0.409214 -0.835791
v 0.366741 0.365988 -0.852129
v 0.388727 0.328100 -0.874115
v 0.415518 0.297006 -0.900906
v 0.446084 0.273901 -0.931471
v 0.479249 0.259673 -0.964637
v 0.513740 0.254869 -0.999127
v 0.473183 0.750114 -0.972028
v 0.434184 0.735887 -0.945970
v 0.398243 0.712782 -0.921955
v 0.366741 0.681688 -0.900906
v 0.340887 0.643800 -0.883631
v 0.321676 0.600574 -0.870795
v 0.309846 0.553671 -0.862890
v 0.305852 0.504894 -0.860221
v 0.309846 0.456117 -0.862890
v 0.321676 0.409214 -0.870795
v 0.340887 0.365988 -0.883631
v 0.366741 0.328100 -0.900906
v 0.398243 0.297006 -0.921955
v 0.434184 0.273901 -0.945970
v 0.473183 0.259673 -0.972028
v 0.468675 0.750114 -0.980461
v 0.425343 0.735887 -0.962512
v 0.385407 0.712782 -0.945970
v 0.350403 0.681688 -0.931471
v 0.321676 0.643800 -0.919572
v 0.300331 0.600574 -0.910730
v 0.287186 0.553671 -0.905286
v 0.282747 0.504894 -0.903447
v 0.287186 0.456117 -0.905286
v 0.300331 0.409214 -0.910730
v 0.321676 0.365988 -0.919572
v 0.350403 0.328100 -0.931471
v 0.385407 0.297006 -0.945970
v 0.425343 0.273901 -0.962512
v 0.468675 0.259673 -0.980461
v 0.465900 0.750114 -0.989612
v 0.419898 0.735887 -0.980461
v 0.377503 0.712782 -0.972028
v 0.340343 0.681688 -0.964637
v 0.309846 0.643800 -0.958571
v 0.287186 0.600574 -0.954063
v 0.273231 0.553671 -0.951287
v 0.268519 0.504894 -0.950350
v 0.273231 0.456117 -0.951287
v 0.287186 0.409214 -0.954063
v 0.309846 0.365988 -0.958571
v 0.340343 0.328100 -0.964637
v 0.377503 0.297006 -0.972028
v 0.419898 0.273901 -0.980461
v 0.465900 0.259673 -0.989612
v 0.464962 0.750114 -0.999127
v 0.418059 0.735887 -0.999127
v 0.374834 0.712782 -0.999127
v 0.336946 0.681688 -0.999127
v 0.305852 0.643800 -0.999127
v 0.282747 0.600574 -0.999127
v 0.268519 0.553671 -0.999128
v 0.263715 0.504894 -0.999128
v 0.268519 0.456117 -0.999128
v 0.282747 0.409214 -0.999127
v 0.305852 0.365988 -0.999127
v 0.336946 0.328100 -0.999127
v 0.374834 0.297006 -0.999127
v 0.418059 0.273901 -0.999127
v 0.464962 0.259673 -0.999127
v -0.994820 0.246424 -0.047840
v -0.985670 0.232196 -0.093842
v -0.977237 0.209091 -0.136237
v -0.969845 0.177998 -0.173397
v -0.963779 0.140110 -0.203893
v -0.959271 0.096884 -0.226554
v -0.956496 0.049981 -0.240509
v -0.955558 0.001204 -0.245220
v -0.956496 -0.047574 -0.240509
v -0.959271 -0.094477 -0.226554
v -0.963779 -0.137703 -0.203893
v -0.969845 -0.175591 -0.173397
v -0.977237 -0.206684 -0.136237
v -0.985670 -0.229789 -0.093842
v -0.994820 -0.244017 -0.047840
v -0.985670 0.246424 -0.045064
v -0.967721 0.232196 -0.088397
v -0.951179 0.209091 -0.128333
v -0.936680 0.177998 -0.163336
v -0.924781 0.140110 -0.192063
v -0.915939 0.096884 -0.213409
v -0.910494 0.049981 -0.226554
v -0.908656 0.001204 -0.230993
v -0.910494 -0.047574 -0.226554
v -0.915939 -0.094477 -0.213409
v -0.924781 -0.137703 -0.192063
v -0.936680 -0.175591 -0.163336
v -0.951179 -0.206684 -0.128333
v -0.967721 -0.229789 -0.088397
v -0.985670 -0.244017 -0.045064
v -0.977237 0.246424 -0.040557
v -0.951179 0.232196 -0.079555
v -0.927164 0.209091 -0.115496
v -0.906114 0.177998 -0.146999
v -0.888840 0.140110 -0.172852
v -0.876003 0.096884 -0.192063
v -0.868099 0.049981 -0.203893
v -0.865430 0.001204 -0.207888
v -0.868099 -0.047574 -0.203893
v -0.876003 -0.094477 -0.192063
v -0.888840 -0.137703 -0.172852
v -0.906114 -0.175591 -0.146999
v -0.927164 -0.206684 -0.115496
v -0.951179 -0.229789 -0.079555
v -0.977237 -0.244017 -0.040557
v -0.969845 0.246424 -0.034491
v -0.936680 0.232196 -0.067656
v -0.906114 0.209091 -0.098222
v -0.879324 0.177998 -0.125012
v -0.857337 0.140110 -0.146999
v -0.840999 0.096884 -0.163336
v -0.830939 0.049981 -0.173397
v -0.827542 0.001204 -0.176794
v -0.830939 -0.047574 -0.173397
v -0.840999 -0.094477 -0.163336
v -0.857337 -0.137703 -0.146999
v -0.879324 -0.175591 -0.125012
v -0.906114 -0.206684 -0.098222
v -0.936680 -0.229789 -0.067656
v -0.969845 -0.244017 -0.034491
v -0.963779 0.246424 -0.027099
v -0.924781 0.232196 -0.053157
v -0.888840 0.209091 -0.077172
v -0.857337 0.177998 -0.098222
v -0.831483 0.140110 -0.115496
v -0.812273 0.096884 -0.128333
v -0.800443 0.049981 -0.136237
v -0.796448 0.001204 -0.138906
v -0.800443 -0.047574 -0.136237
v -0.812273 -0.094477 -0.128333
v -0.831483 -0.137703 -0.115496
v -0.857337 -0.175591 -0.098222
v -0.888840 -0.206684 -0.077172
v -0.924781 -0.229789 -0.053157
v -0.963779 -0.244017 -0.027099
v -0.959271 0.246424 -0.018666
v -0.915939 0.232196 -0.036615
v -0.876003 0.209091 -0.053157
v -0.840999 0.177998 -0.067656
v -0.812273 0.140110 -0.079555
v -0.790927 0.096884 -0.088397
v -0.777782 0.049981 -0.093842
v -0.773343 0.001204 -0.095680
v -0.777782 -0.047574 -0.093842
v -0.790927 -0.094477 -0.088397
v -0.812273 -0.137703 -0.079555
v -0.840999 -0.175591 -0.067656
v -0.876003 -0.206684 -0.053157
v -0.915939 -0.229789 -0.036615
v -0.959271 -0.244017 -0.018666
v -0.956496 0.246424 -0.009516
v -0.910494 0.232196 -0.018666
v -0.868099 0.209091 -0.027099
v -0.830939 0.177998 -0.034491
v -0.800443 0.140110 -0.040557
v -0.777782 0.096884 -0.045064
v -0.763827 0.049981 -0.047840
v -0.759115 0.001204 -0.048777
v -0.763827 -0.047574 -0.047840
v -0.777782 -0.094477 -0.045064
v -0.800443 -0.137703 -0.040557
v -0.830939 -0.175591 -0.034491
v -0.868099 -0.206684 -0.027099
v -0.910494 -0.229789 -0.018666
v -0.956496 -0.244017 -0.009516
v -0.955559 0.246424 0.000000
v -0.908656 0.232196 0.000000
v -0.865430 0.209091 0.000000
v -0.827542 0.177998 0.000000
v -0.796448 0.140110 0.000000
v -0.773343 0.096884 0.000000
v -0.759115 0.049981 0.000000
v -0.754311 0.001204 0.000000
v -0.759115 -0.047574 0.000000
v -0.773343 -0.094477 0.000000
v -0.796448 -0.137703 0.000000
v -0.827542 -0.175591 0.000000
v -0.865430 -0.206684 0.000000
v -0.908656 -0.229789 0.000000
v -0.955559 -0.244017 0.000000
v -0.956496 0.246424 0.009516
v -0.910494 0.232196 0.018666
v -0.868099 0.209091 0.027099
v -0.830939 0.177998 0.034491
v -0.800443 0.140110 0.040557
v -0.777782 0.096884 0.045064
v -0.763827 0.049981 0.047840
v -0.759116 0.001204 0.048777
v -0.763827 -0.047574 0.047840
v -0.777782 -0.094477 0.045064
v -0.800443 -0.137703 0.040557
v -0.830939 -0.175591 0.034491
v -0.868099 -0.206684 0.027099
v -0.910494 -0.229789 0.018666
v -0.956496 -0.244017 0.009516
v -0.959271 0.246424 0.018666
v -0.915939 0.232196 0.036615
v -0.876003 0.209091 0.053157
v -0.840999 0.177998 0.067656
v -0.812273 0.140110 0.079555
v -0.790927 0.096884 0.088397
v -0.777782 0.049981 0.093842
v -0.773343 0.001204 0.095680
v -0.777782 -0.047574 0.093842
v -0.790927 -0.094477 0.088397
v -0.812273 -0.137703 0.079555
v -0.840999 -0.175591 0.067656
v -0.876003 -0.206684 0.053157
v -0.915939 -0.229789 0.036615
v -0.959271 -0.244017 0.018666
v -0.963779 0.246424 0.027099
v -0.924781 0.232196 0.053157
v -0.888840 0.209091 0.077172
v -0.857337 0.177998 0.098221
v -0.831483 0.140110 0.115496
v -0.812273 0.096884 0.128333
v -0.800443 0.049981 0.136237
v -0.796448 0.001204 0.138906
v -0.800443 -0.047574 0.136237
v -0.812273 -0.094477 0.128333
v -0.831483 -0.137703 0.115496
v -0.857337 -0.175591 0.098221
v -0.888840 -0.206684 0.077172
v -0.924781 -0.229789 0.053157
v -0.963779 -0.244017 0.027099
v -0.969845 0.246424 0.034491
v -0.936680 0.232196 0.067656
v -0.906114 0.209091 0.098221
v -0.879324 0.177998 0.125012
v -0.857337 0.140110 0.146999
v -0.840999 0.096884 0.163336
v -0.830939 0.049981 0.173397
v -0.827542 0.001204 0.176794
v -0.830939 -0.047574 0.173397
v -0.840999 -0.094477 0.163336
v -0.857337 -0.137703 0.146999
v -0.879324 -0.175591 0.125012
v -0.906114 -0.206684 0.098221
v -0.936680 -0.229789 0.067656
v -0.969845 -0.244017 0.034491
v -0.977237 0.246424 0.040557
v -0.951179 0.232196 0.079555
v -0.927164 0.209091 0.115496
v -0.906114 0.177998 0.146999
v -0.888840 0.140110 0.172852
v -0.876003 0.096884 0.192063
v -0.868099 0.049981 0.203893
v -0.865430 0.001204 0.207888
v -0.868099 -0.047574 0.203893
v -0.876003 -0.094477 0.192063
v -0.888840 -0.137703 0.172852
v -0.906114 -0.175591 0.146999
v -0.927164 -0.206684 0.115496
v -0.951179 -0.229789 0.079555
v -0.977237 -0.244017 0.040557
v -0.985670 0.246424 0.045064
v -0.967721 0.232196 0.088397
v -0.951179 0.209091 0.128333
v -0.936680 0.177998 0.163336
v -0.924781 0.140110 0.192063
v -0.915939 0.096884 0.213409
v -0.910494 0.049981 0.226554
v -0.908656 0.001204 0.230992
v -0.910494 -0.047574 0.226554
v -0.915939 -0.094477 0.213409
v -0.924781 -0.137703 0.192063
v -0.936680 -0.175591 0.163336
v -0.951179 -0.206684 0.128333
v -0.967721 -0.229789 0.088397
v -0.985670 -0.244017 0.045064
v -0.994820 0.246424 0.047840
v -0.985670 0.232196 0.093842
v -0.977237 0.209091 0.136237
v -0.969845 0.177998 0.173397
v -0.963779 0.140110 0.203893
v -0.959271 0.096884 0.226554
v -0.956496 0.049981 0.240509
v -0.955559 0.001204 0.245220
v -0.956496 -0.047574 0.240509
v -0.959271 -0.094477 0.226554
v -0.963779 -0.137703 0.203893
v -0.969845 -0.175591 0.173397
v -0.977237 -0.206684 0.136237
v -0.985670 -0.229789 0.093842
v -0.994820 -0.244017 0.047840
v -0.994820 0.755524 -0.651010
v -0.985670 0.741296 -0.697011
v -0.977237 0.718192 -0.739407
v -0.969845 0.687098 -0.776567
v -0.963779 0.649210 -0.807063
v -0.959271 0.605984 -0.829724
v -0.956496 0.559081 -0.843678
v -0.955558 0.510304 -0.848390
v -0.956496 0.461526 -0.843678
v -0.959271 0.414623 -0.829724
v -0.963779 0.371397 -0.807063
v -0.969845 0.333510 -0.776567
v -0.977237 0.302416 -0.739407
v -0.985670 0.279311 -0.697011
v -0.994820 0.265083 -0.651010
v -0.985670 0.755524 -0.648234
v -0.967721 0.741296 -0.691567
v -0.951179 0.718192 -0.731502
v -0.936680 0.687098 -0.766506
v -0.924781 0.649210 -0.795233
v -0.915939 0.605984 -0.816579
v -0.910494 0.559081 -0.829724
v -0.908656 0.510304 -0.834162
v -0.910494 0.461526 -0.829724
v -0.915939 0.414623 -0.816579
v -0.924781 0.371397 -0.795233
v -0.936680 0.333510 -0.766506
v -0.951179 0.302416 -0.731502
v -0.967721 0.279311 -0.691567
v -0.985670 0.265083 -0.648234
v -0.977237 0.755524 -0.643727
v -0.951179 0.741296 -0.682725
v -0.927164 0.718192 -0.718666
v -0.906114 0.687098 -0.750169
v -0.888840 0.649210 -0.776022
v -0.876003 0.605984 -0.795233
v -0.868099 0.559081 -0.807063
v -0.865430 0.510304 -0.811057
v -0.868099 0.461526 -0.807063
v -0.876003 0.414623 -0.795233
v -0.888840 0.371397 -0.776022
v -0.906114 0.333510 -0.750169
v -0.927164 0.302416 -0.718666
v -0.951179 0.279311 -0.682725
v -0.977237 0.265083 -0.643727
v -0.969845 0.755524 -0.637660
v -0.936680 0.741296 -0.670826
v -0.906114 0.718192 -0.701391
v -0.879324 0.687098 -0.728182
v -0.857337 0.649210 -0.750169
v -0.840999 0.605984 -0.766506
v -0.830939 0.559081 -0.776567
v -0.827542 0.510304 -0.779964
v -0.830939 0.461526 -0.776567
v -0.840999 0.414623 -0.766506
v -0.857337 0.371397 -0.750169
v -0.879324 0.333510 -0.728182
v -0.906114 0.302416 -0.701391
v -0.936680 0.279311 -0.670826
v -0.969845 0.265083 -0.637660
v -0.963779 0.755524 -0.630269
v -0.924781 0.741296 -0.656327
v -0.888840 0.718192 -0.680342
v -0.857337 0.687098 -0.701391
v -0.831483 0.649210 -0.718666
v -0.812273 0.605984 -0.731502
v -0.800443 0.559081 -0.739407
v -0.796448 0.510304 -0.742076
v -0.800443 0.461526 -0.739407
v -0.812273 0.414623 -0.731502
v -0.831483 0.371397 -0.718666
v -0.857337 0.333510 -0.701391
v -0.888840 0.302416 -0.680342
v -0.924781 0.279311 -0.656327
v -0.963779 0.265083 -0.630269
v -0.959271 0.755524 -0.621836
v -0.915939 0.741296 -0.639785
v -0.876003 0.718192 -0.656327
v -0.840999 0.687098 -0.670826
v -0.812273 0.649210 -0.682725
v -0.790927 0.605984 -0.691567
v -0.777782 0.559081 -0.697011
v -0.773343 0.510304 -0.698850
v -0.777782 0.461526 -0.697011
v -0.790927 0.414623 -0.691567
v -0.812273 0.371397 -0.682725
v -0.840999 0.333510 -0.670826
v -0.876003 0.302416 -0.656327
v -0.915939 0.279311 -0.639785
v -0.959271 0.265083 -0.621836
v -0.956496 0.755524 -0.612686
v -0.910494 0.741296 -0.621836
v -0.868099 0.718192 -0.630269
v -0.830939 0.687098 -0.637660
v -0.800443 0.649210 -0.643726
v -0.777782 0.605984 -0.648234
v -0.763827 0.559081 -0.651010
v -0.759115 0.510304 -0.651947
v -0.763827 0.461526 -0.651010
v -0.777782 0.414623 -0.648234
v -0.800443 0.371397 -0.643726
v -0.830939 0.333510 -0.637660
v -0.868099 0.302416 -0.630269
v -0.910494 0.279311 -0.621836
v -0.956496 0.265083 -0.612686
v -0.955559 0.755524 -0.603170
v -0.908656 0.741296 -0.603170
v -0.865430 0.718192 -0.603170
v -0.827542 0.687098 -0.603170
v -0.796448 0.649210 -0.603170
v -0.773343 0.605984 -0.603170
v -0.759115 0.559081 -0.603170
v -0.754311 0.510304 -0.603170
v -0.759115 0.461526 -0.603170
v -0.773343 0.414623 -0.603170
v -0.796448 0.371397 -0.603170
v -0.827542 0.333510 -0.603170
v -0.865430 0.302416 -0.603170
v -0.908656 0.279311 -0.603170
v -0.955559 0.265083 -0.603170
v -0.956496 0.755524 -0.593654
v -0.910494 0.741296 -0.584503
v -0.868099 0.718192 -0.576070
v -0.830939 0.687098 -0.568679
v -0.800443 0.649210 -0.562613
v -0.777782 0.605984 -0.558105
v -0.763827 0.559081 -0.555329
v -0.759116 0.510304 -0.554392
v -0.763827 0.461526 -0.555329
v -0.777782 0.414623 -0.558105
v -0.800443 0.371397 -0.562613
v -0.830939 0.333510 -0.568679
v -0.868099 0.302416 -0.576070
v -0.910494 0.279311 -0.584503
v -0.956496 0.265083 -0.593654
v -0.959271 0.755524 -0.584503
v -0.915939 0.741296 -0.566554
v -0.876003 0.718192 -0.550012
v -0.840999 0.687098 -0.535513
v -0.812273 0.649210 -0.523614
v -0.790927 0.605984 -0.514772
v -0.777782 0.559081 -0.509328
v -0.773343 0.510304 -0.507489
v -0.777782 0.461526 -0.509328
v -0.790927 0.414623 -0.514772
v -0.812273 0.371397 -0.523614
v -0.840999 0.333510 -0.535513
v -0.876003 0.302416 -0.550012
v -0.915939 0.279311 -0.566554
v -0.959271 0.265083 -0.584503
v -0.963779 0.755524 -0.576070
v -0.924781 0.741296 -0.550012
v -0.888840 0.718192 -0.525997
v -0.857337 0.687098 -0.504948
v -0.831483 0.649210 -0.487673
v -0.812273 0.605984 -0.474837
v -0.800443 0.559081 -0.466932
v -0.796448 0.510304 -0.464263
v -0.800443 0.461526 -0.466932
v -0.812273 0.414623 -0.474837
v -0.831483 0.371397 -0.487673
v -0.857337 0.333510 -0.504948
v -0.888840 0.302416 -0.525997
v -0.924781 0.279311 -0.550012
v -0.963779 0.265083 -0.576070
v -0.969845 0.755524 -0.568679
v -0.936680 0.741296 -0.535513
v -0.906114 0.718192 -0.504948
v -0.879324 0.687098 -0.478157
v -0.857337 0.649210 -0.456171
v -0.840999 0.605984 -0.439833
v -0.830939 0.559081 -0.429772
v -0.827542 0.510304 -0.426375
v -0.830939 0.461526 -0.429772
v -0.840999 0.414623 -0.439833
v -0.857337 0.371397 -0.456171
v -0.879324 0.333510 -0.478157
v -0.906114 0.302416 -0.504948
v -0.936680 0.279311 -0.535513
v -0.969845 0.265083 -0.568679
v -0.977237 0.755524 -0.562613
v -0.951179 0.741296 -0.523614
v -0.927164 0.718192 -0.487673
v -0.906114 0.687098 -0.456171
v -0.888840 0.649210 -0.430317
v -0.876003 0.605984 -0.411106
v -0.868099 0.559081 -0.399276
v -0.865430 0.510304 -0.395282
v -0.868099 0.461526 -0.399276
v -0.876003 0.414623 -0.411106
v -0.888840 0.371397 -0.430317
v -0.906114 0.333510 -0.456171
v -0.927164 0.302416 -0.487673
v -0.951179 0.279311 -0.523614
v -0.977237 0.265083 -0.562613
v -0.985670 0.755524 -0.558105
v -0.967721 0.741296 -0.514772
v -0.951179 0.718192 -0.474837
v -0.936680 0.687098 -0.439833
v -0.924781 0.649210 -0.411106
v -0.915939 0.605984 -0.389760
v -0.910494 0.559081 -0.376615
v -0.908656 0.510304 -0.372177
v -0.910494 0.461526 -0.376615
v -0.915939 0.414623 -0.389760
v -0.924781 0.371397 -0.411106
v -0.936680 0.333510 -0.439833
v -0.951179 0.302416 -0.474837
v -0.967721 0.279311 -0.514772
v -0.985670 0.265083 -0.558105
v -0.994820 0.755524 -0.555330
v -0.985670 0.741296 -0.509328
v -0.977237 0.718192 -0.466932
v -0.969845 0.687098 -0.429772
v -0.963779 0.649210 -0.399276
v -0.959271 0.605984 -0.376615
v -0.956496 0.559081 -0.362661
v -0.955559 0.510304 -0.357949
v -0.956496 0.461526 -0.362661
v -0.959271 0.414623 -0.376615
v -0.963779 0.371397 -0.399276
v -0.969845 0.333510 -0.429772
v -0.977237 0.302416 -0.466932
v -0.985670 0.279311 -0.509328
v -0.994820 0.265083 -0.555330
v -0.478583 -0.302223 0.859087
v -0.478583 -0.371204 0.790106
v -0.478583 -0.461333 0.752773
v -0.478583 -0.510111 0.747969
v -0.478583 -0.558888 0.752773
v -0.478583 -0.649017 0.790106
v -0.469067 -0.264890 0.950153
v -0.459917 -0.279118 0.904152
v -0.451484 -0.302223 0.861756
v -0.444092 -0.333317 0.824596
v -0.438026 -0.371204 0.794100
v -0.433519 -0.414430 0.771439
v -0.430743 -0.461333 0.757485
v -0.429806 -0.510111 0.752773
v -0.430743 -0.558888 0.757485
v -0.433519 -0.605791 0.771439
v -0.438026 -0.649017 0.794100
v -0.444092 -0.686905 0.824596
v -0.451484 -0.717999 0.861756
v -0.459917 -0.741103 0.904152
v -0.469067 -0.755331 0.950153
v -0.459917 -0.264890 0.952929
v -0.441968 -0.279118 0.909596
v -0.425426 -0.302223 0.869661
v -0.410927 -0.333317 0.834657
v -0.399028 -0.371204 0.805930
v -0.390186 -0.414430 0.784584
v -0.384741 -0.461333 0.771439
v -0.382903 -0.510111 0.767001
v -0.384741 -0.558888 0.771439
v -0.390186 -0.605791 0.784584
v -0.399028 -0.649017 0.805930
v -0.410927 -0.686905 0.834657
v -0.425426 -0.717999 0.869661
v -0.441968 -0.741103 0.909596
v -0.459917 -0.755331 0.952929
v -0.451484 -0.264890 0.957437
v -0.425426 -0.279118 0.918438
v -0.401411 -0.302223 0.882497
v -0.380361 -0.333317 0.850994
v -0.363087 -0.371204 0.825141
v -0.350250 -0.414430 0.805930
v -0.342346 -0.461333 0.794100
v -0.339677 -0.510111 0.790106
v -0.342346 -0.558888 0.794100
v -0.350250 -0.605791 0.805930
v -0.363087 -0.649017 0.825141
v -0.380361 -0.686905 0.850994
v -0.401411 -0.717999 0.882497
v -0.425426 -0.741103 0.918438
v -0.451484 -0.755331 0.957437
v -0.444092 -0.264890 0.963503
v -0.410927 -0.279118 0.930337
v -0.380361 -0.302223 0.899772
v -0.353571 -0.333317 0.872981
v -0.331584 -0.371204 0.850995
v -0.315247 -0.414430 0.834657
v -0.305186 -0.461333 0.824596
v -0.301789 -0.510111 0.821199
v -0.305186 -0.558888 0.824596
v -0.315247 -0.605791 0.834657
v -0.331584 -0.649017 0.850995
v -0.353571 -0.686905 0.872981
v -0.380361 -0.717999 0.899772
v -0.410927 -0.741103 0.930337
v -0.444092 -0.755331 0.963503
v -0.438026 -0.264890 0.970894
v -0.399028 -0.279118 0.944836
v -0.363087 -0.302223 0.920821
v -0.331584 -0.333317 0.899772
v -0.305731 -0.371204 0.882497
v -0.286520 -0.414430 0.869661
v -0.274690 -0.461333 0.861756
v -0.270695 -0.510111 0.859087
v -0.274690 -0.558888 0.861756
v -0.286520 -0.605791 0.869661
v -0.305731 -0.649017 0.882497
v -0.331584 -0.686905 0.899772
v -0.363087 -0.717999 0.920821
v -0.399028 -0.741103 0.944836
v -0.438026 -0.755331 0.970894
v -0.478583 -0.260086 0.997993
v -0.433519 -0.264890 0.979327
v -0.390186 -0.279118 0.961378
v -0.350250 -0.302223 0.944836
v -0.315247 -0.333317 0.930337
v -0.286520 -0.371204 0.918438
v -0.265174 -0.414430 0.909596
v -0.252029 -0.461333 0.904152
v -0.247590 -0.510111 0.902313
v -0.252029 -0.558888 0.904152
v -0.265174 -0.605791 0.909596
v -0.286520 -0.649017 0.918438
v -0.315247 -0.686905 0.930337
v -0.350250 -0.717999 0.944836
v -0.390186 -0.741103 0.961378
v -0.433519 -0.755331 0.979327
v -0.430743 -0.264890 0.988477
v -0.384741 -0.279118 0.979327
v -0.342346 -0.302223 0.970894
v -0.305186 -0.333317 0.963503
v -0.274690 -0.371204 0.957437
v -0.252029 -0.414430 0.952929
v -0.238074 -0.461333 0.950153
v -0.233362 -0.510111 0.949216
v -0.238074 -0.558888 0.950153
v -0.252029 -0.605791 0.952929
v -0.274690 -0.649017 0.957437
v -0.305186 -0.686905 0.963503
v -0.342346 -0.717999 0.970894
v -0.384741 -0.741103 0.979327
v -0.430743 -0.755331 0.988477
v -0.429806 -0.264890 0.997993
v -0.382903 -0.279118 0.997993
v -0.339677 -0.302223 0.997993
v -0.301789 -0.333317 0.997993
v -0.270695 -0.371204 0.997993
v -0.247590 -0.414430 0.997993
v -0.233362 -0.461333 0.997993
v -0.228558 -0.510111 0.997993
v -0.233362 -0.558888 0.997993
v -0.247590 -0.605791 0.997993
v -0.270695 -0.649017 0.997993
v -0.301789 -0.686905 0.997993
v -0.339677 -0.717999 0.997993
v -0.382903 -0.741103 0.997993
v -0.429806 -0.755331 0.997993
v -0.478583 -0.760135 0.997993
v -0.527360 -0.264890 0.997993
v -0.574263 -0.279118 0.997993
v -0.617489 -0.302223 0.997993
v -0.655377 -0.333317 0.997993
v -0.686471 -0.371204 0.997993
v -0.709575 -0.414430 0.997993
v -0.723803 -0.461333 0.997993
v -0.728607 -0.510111 0.997993
v -0.723803 -0.558888 0.997993
v -0.709575 -0.605791 0.997993
v -0.686471 -0.649017 0.997993
v -0.655377 -0.686905 0.997993
v -0.617489 -0.717999 0.997993
v -0.574263 -0.741103 0.997993
v -0.527360 -0.755331 0.997993
v -0.526423 -0.264890 0.988477
v -0.572425 -0.279118 0.979327
v -0.614820 -0.302223 0.970894
v -0.651980 -0.333317 0.963503
v -0.682476 -0.371204 0.957436
v -0.705137 -0.414430 0.952929
v -0.719091 -0.461333 0.950153
v -0.723803 -0.510111 0.949216
v -0.719091 -0.558888 0.950153
v -0.705137 -0.605791 0.952929
v -0.682476 -0.649017 0.957436
v -0.651980 -0.686905 0.963503
v -0.614820 -0.717999 0.970894
v -0.572425 -0.741103 0.979327
v -0.526423 -0.755331 0.988477
v -0.523647 -0.264890 0.979327
v -0.566980 -0.279118 0.961378
v -0.606915 -0.302223 0.944836
v -0.641919 -0.333317 0.930337
v -0.670646 -0.371204 0.918438
v -0.691992 -0.414430 0.909596
v -0.705137 -0.461333 0.904152
v -0.709575 -0.510111 0.902313
v -0.705137 -0.558888 0.904152
v -0.691992 -0.605791 0.909596
v -0.670646 -0.649017 0.918438
v -0.641919 -0.686905 0.930337
v -0.606915 -0.717999 0.944836
v -0.566980 -0.741103 0.961378
v -0.523647 -0.755331 0.979327
v -0.519140 -0.264890 0.970894
v -0.558138 -0.279118 0.944836
v -0.594079 -0.302223 0.920821
v -0.625582 -0.333317 0.899772
v -0.651435 -0.371204 0.882497
v -0.670646 -0.414430 0.869661
v -0.682476 -0.461333 0.861756
v -0.686471 -0.510111 0.859087
v -0.682476 -0.558888 0.861756
v -0.670646 -0.605791 0.869661
v -0.651435 -0.649017 0.882497
v -0.625582 -0.686905 0.899772
v -0.594079 -0.717999 0.920821
v -0.558138 -0.741103 0.944836
v -0.519140 -0.755331 0.970894
v -0.513074 -0.264890 0.963503
v -0.546239 -0.279118 0.930337
v -0.576804 -0.302223 0.899772
v -0.603595 -0.333317 0.872981
v -0.625582 -0.371204 0.850995
v -0.641919 -0.414430 0.834657
v -0.651980 -0.461333 0.824596
v -0.655377 -0.510111 0.821199
v -0.651980 -0.558888 0.824596
v -0.641919 -0.605791 0.834657
v -0.625582 -0.649017 0.850995
v -0.603595 -0.686905 0.872981
v -0.576804 -0.717999 0.899772
v -0.546239 -0.741103 0.930337
v -0.513074 -0.755331 0.963503
v -0.505682 -0.264890 0.957437
v -0.531740 -0.279118 0.918438
v -0.555755 -0.302223 0.882497
v -0.576804 -0.333317 0.850995
v -0.594079 -0.371204 0.825141
v -0.606915 -0.414430 0.805930
v -0.614820 -0.461333 0.794100
v -0.617489 -0.510111 0.790106
v -0.614820 -0.558888 0.794100
v -0.606915 -0.605791 0.805930
v -0.594079 -0.649017 0.825141
v -0.576804 -0.686905 0.850995
v -0.555755 -0.717999 0.882497
v -0.531740 -0.741103 0.918438
v -0.505682 -0.755331 0.957437
v -0.497249 -0.264890 0.952929
v -0.515198 -0.279118 0.909596
v -0.531740 -0.302223 0.869661
v -0.546239 -0.333317 0.834657
v -0.558138 -0.371204 0.805930
v -0.566980 -0.414430 0.784584
v -0.572425 -0.461333 0.771439
v -0.574263 -0.510111 0.767001
v -0.572425 -0.558888 0.771439
v -0.566980 -0.605791 0.784584
v -0.558138 -0.649017 0.805930
v -0.546239 -0.686905 0.834657
v -0.531740 -0.717999 0.869661
v -0.515198 -0.741103 0.909596
v -0.497249 -0.755331 0.952929
v -0.488099 -0.264890 0.950153
v -0.497249 -0.279118 0.904152
v -0.505682 -0.302223 0.861756
v -0.513074 -0.333317 0.824596
v -0.519140 -0.371204 0.794100
v -0.523647 -0.414430 0.771439
v -0.526423 -0.461333 0.757485
v -0.527360 -0.510111 0.752773
v -0.526423 -0.558888 0.757485
v -0.523647 -0.605791 0.771439
v -0.519140 -0.649017 0.794100
v -0.513074 -0.686905 0.824596
v -0.505682 -0.717999 0.861756
v -0.497249 -0.741103 0.904152
v -0.488099 -0.755331 0.950153
v -0.478583 -0.264890 0.949216
v -0.478583 -0.279118 0.902313
v -0.478583 -0.333317 0.821199
v -0.478583 -0.414430 0.767001
v -0.478583 -0.605791 0.767001
v -0.478583 -0.686905 0.821199
v -0.478583 -0.717999 0.859087
v -0.478583 -0.741103 0.902313
v -0.478583 -0.755331 0.949216
v -0.478583 0.705977 0.859087
v -0.478583 0.636996 0.790105
v -0.478583 0.546867 0.752773
v -0.478583 0.498089 0.747969
v -0.478583 0.449312 0.752773
v -0.478583 0.359183 0.790105
v -0.469067 0.743310 0.950153
v -0.459917 0.729082 0.904152
v -0.451484 0.705977 0.861756
v -0.444092 0.674883 0.824596
v -0.438026 0.636996 0.794100
v -0.433518 0.593770 0.771439
v -0.430743 0.546867 0.757485
v -0.429806 0.498089 0.752773
v -0.430743 0.449312 0.757485
v -0.433518 0.402409 0.771439
v -0.438026 0.359183 0.794100
v -0.444092 0.321295 0.824596
v -0.451484 0.290202 0.861756
v -0.459917 0.267097 0.904152
v -0.469067 0.252869 0.950153
v -0.459917 0.743310 0.952929
v -0.441968 0.729082 0.909596
v -0.425426 0.705977 0.869661
v -0.410927 0.674883 0.834657
v -0.399028 0.636996 0.805930
v -0.390186 0.593770 0.784584
v -0.384741 0.546867 0.771439
v -0.382903 0.498089 0.767001
v -0.384741 0.449312 0.771439
v -0.390186 0.402409 0.784584
v -0.399028 0.359183 0.805930
v -0.410927 0.321295 0.834657
v -0.425426 0.290202 0.869661
v -0.441968 0.267097 0.909596
v -0.459917 0.252869 0.952929
v -0.451484 0.743310 0.957436
v -0.425426 0.729082 0.918438
v -0.401411 0.705977 0.882497
v -0.380361 0.674883 0.850994
v -0.363087 0.636996 0.825141
v -0.350250 0.593770 0.805930
v -0.342346 0.546867 0.794100
v -0.339677 0.498089 0.790106
v -0.342346 0.449312 0.794100
v -0.350250 0.402409 0.805930
v -0.363087 0.359183 0.825141
v -0.380361 0.321295 0.850994
v -0.401411 0.290202 0.882497
v -0.425426 0.267097 0.918438
v -0.451484 0.252869 0.957436
v -0.444092 0.743310 0.963503
v -0.410927 0.729082 0.930337
v -0.380361 0.705977 0.899772
v -0.353571 0.674883 0.872981
v -0.331584 0.636996 0.850994
v -0.315247 0.593770 0.834657
v -0.305186 0.546867 0.824596
v -0.301789 0.498089 0.821199
v -0.305186 0.449312 0.824596
v -0.315247 0.402409 0.834657
v -0.331584 0.359183 0.850994
v -0.353571 0.321295 0.872981
v -0.380361 0.290202 0.899772
v -0.410927 0.267097 0.930337
v -0.444092 0.252869 0.963503
v -0.438026 0.743310 0.970894
v -0.399028 0.729082 0.944836
v -0.363087 0.705977 0.920821
v -0.331584 0.674883 0.899772
v -0.305730 0.636996 0.882497
v -0.286520 0.593770 0.869661
v -0.274690 0.546867 0.861756
v -0.270695 0.498089 0.859087
v -0.274690 0.449312 0.861756
v -0.286520 0.402409 0.869661
v -0.305730 0.359183 0.882497
v -0.331584 0.321295 0.899772
v -0.363087 0.290202 0.920821
v -0.399028 0.267097 0.944836
v -0.438026 0.252869 0.970894
v -0.478583 0.748114 0.997993
v -0.433518 0.743310 0.979327
v -0.390186 0.729082 0.961378
v -0.350250 0.705977 0.944836
v -0.315246 0.674883 0.930337
v -0.286520 0.636996 0.918438
v -0.265174 0.593770 0.909596
v -0.252029 0.546867 0.904152
v -0.247590 0.498089 0.902313
v -0.252029 0.449312 0.904152
v -0.265174 0.402409 0.909596
v -0.286520 0.359183 0.918438
v -0.315246 0.321295 0.930337
v -0.350250 0.290202 0.944836
v -0.390186 0.267097 0.961378
v -0.433518 0.252869 0.979327
v -0.430743 0.743310 0.988477
v -0.384741 0.729082 0.979327
v -0.342346 0.705977 0.970894
v -0.305186 0.674883 0.963503
v -0.274690 0.636996 0.957436
v -0.252029 0.593770 0.952929
v -0.238074 0.546867 0.950153
v -0.233362 0.498089 0.949216
v -0.238074 0.449312 0.950153
v -0.252029 0.402409 0.952929
v -0.274690 0.359183 0.957436
v -0.305186 0.321295 0.963503
v -0.342346 0.290202 0.970894
v -0.384741 0.267097 0.979327
v -0.430743 0.252869 0.988477
v -0.429806 0.743310 0.997993
v -0.382903 0.729082 0.997993
v -0.339677 0.705977 0.997993
v -0.301789 0.674883 0.997993
v -0.270695 0.636996 0.997993
v -0.247590 0.593770 0.997993
v -0.233362 0.546867 0.997993
v -0.228558 0.498089 0.997993
v -0.233362 0.449312 0.997993
v -0.247590 0.402409 0.997993
v -0.270695 0.359183 0.997993
v -0.301789 0.321295 0.997993
v -0.339677 0.290202 0.997993
v -0.382903 0.267097 0.997993
v -0.429806 0.252869 0.997993
v -0.478583 0.248065 0.997993
v -0.527360 0.743310 0.997993
v -0.574263 0.729082 0.997993
v -0.617489 0.705977 0.997993
v -0.655377 0.674883 0.997993
v -0.686471 0.636996 0.997993
v -0.709575 0.593770 0.997993
v -0.723803 0.546867 0.997993
v -0.728607 0.498089 0.997993
v -0.723803 0.449312 0.997993
v -0.709575 0.402409 0.997993
v -0.686471 0.359183 0.997993
v -0.655377 0.321295 0.997993
v -0.617489 0.290202 0.997993
v -0.574263 0.267097 0.997993
v -0.527360 0.252869 0.997993
v -0.526423 0.743310 0.988477
v -0.572425 0.729082 0.979327
v -0.614820 0.705977 0.970894
v -0.651980 0.674883 0.963503
v -0.682476 0.636996 0.957436
v -0.705137 0.593770 0.952929
v -0.719091 0.546867 0.950153
v -0.723803 0.498089 0.949216
v -0.719091 0.449312 0.950153
v -0.705137 0.402409 0.952929
v -0.682476 0.359183 0.957436
v -0.651980 0.321295 0.963503
v -0.614820 0.290202 0.970894
v -0.572425 0.267097 0.979327
v -0.526423 0.252869 0.988477
v -0.523647 0.743310 0.979327
v -0.566980 0.729082 0.961378
v -0.606915 0.705977 0.944836
v -0.641919 0.674883 0.930337
v -0.670646 0.636996 0.918438
v -0.691992 0.593770 0.909596
v -0.705137 0.546867 0.904152
v -0.709575 0.498089 0.902313
v -0.705137 0.449312 0.904152
v -0.691992 0.402409 0.909596
v -0.670646 0.359183 0.918438
v -0.641919 0.321295 0.930337
v -0.606915 0.290202 0.944836
v -0.566980 0.267097 0.961378
v -0.523647 0.252869 0.979327
v -0.519140 0.743310 0.970894
v -0.558138 0.729082 0.944836
v -0.594079 0.705977 0.920821
v -0.625582 0.674883 0.899772
v -0.651435 0.636996 0.882497
v -0.670646 0.593770 0.869661
v -0.682476 0.546867 0.861756
v -0.686471 0.498089 0.859087
v -0.682476 0.449312 0.861756
v -0.670646 0.402409 0.869661
v -0.651435 0.359183 0.882497
v -0.625582 0.321295 0.899772
v -0.594079 0.290202 0.920821
v -0.558138 0.267097 0.944836
v -0.519140 0.252869 0.970894
v -0.513074 0.743310 0.963503
v -0.546239 0.729082 0.930337
v -0.576804 0.705977 0.899772
v -0.603595 0.674883 0.872981
v -0.625582 0.636996 0.850994
v -0.641919 0.593770 0.834657
v -0.651980 0.546867 0.824596
v -0.655377 0.498089 0.821199
v -0.651980 0.449312 0.824596
v -0.641919 0.402409 0.834657
v -0.625582 0.359183 0.850994
v -0.603595 0.321295 0.872981
v -0.576804 0.290202 0.899772
v -0.546239 0.267097 0.930337
v -0.513074 0.252869 0.963503
v -0.505682 0.743310 0.957436
v -0.531740 0.729082 0.918438
v -0.555755 0.705977 0.882497
v -0.576804 0.674883 0.850994
v -0.594079 0.636996 0.825141
v -0.606915 0.593770 0.805930
v -0.614820 0.546867 0.794100
v -0.617489 0.498089 0.790106
v -0.614820 0.449312 0.794100
v -0.606915 0.402409 0.805930
v -0.594079 0.359183 0.825141
v -0.576804 0.321295 0.850994
v -0.555755 0.290202 0.882497
v -0.531740 0.267097 0.918438
v -0.505682 0.252869 0.957436
v -0.497249 0.743310 0.952929
v -0.515198 0.729082 0.909596
v -0.531740 0.705977 0.869661
v -0.546239 0.674883 0.834657
v -0.558138 0.636996 0.805930
v -0.566980 0.593770 0.784584
v -0.572425 0.546867 0.771439
v -0.574263 0.498089 0.767001
v -0.572425 0.449312 0.771439
v -0.566980 0.402409 0.784584
v -0.558138 0.359183 0.805930
v -0.546239 0.321295 0.834657
v -0.531740 0.290202 0.869661
v -0.515198 0.267097 0.909596
v -0.497249 0.252869 0.952929
v -0.488099 0.743310 0.950153
v -0.497249 0.729082 0.904152
v -0.505682 0.705977 0.861756
v -0.513074 0.674883 0.824596
v -0.519140 0.636996 0.794100
v -0.523647 0.593770 0.771439
v -0.526423 0.546867 0.757485
v -0.527360 0.498089 0.752773
v -0.526423 0.449312 0.757485
v -0.523647 0.402409 0.771439
v -0.519140 0.359183 0.794100
v -0.513074 0.321295 0.824596
v -0.505682 0.290202 0.861756
v -0.497249 0.267097 0.904152
v -0.488099 0.252869 0.950153
v -0.478583 0.743310 0.949216
v -0.478583 0.729082 0.902313
v -0.478583 0.674883 0.821199
v -0.478583 0.593770 0.767001
v -0.478583 0.402409 0.767001
v -0.478583 0.321295 0.821199
v -0.478583 0.290202 0.859087
v -0.478583 0.267097 0.902313
v -0.478583 0.252869 0.949216
v 0.478583 -0.302223 0.859087
v 0.478583 -0.371204 0.790105
v 0.478583 -0.461333 0.752773
v 0.478583 -0.510111 0.747969
v 0.478583 -0.558888 0.752773
v 0.478583 -0.649017 0.790105
v 0.488099 -0.264890 0.950153
v 0.497250 -0.279118 0.904152
v 0.505682 -0.302223 0.861756
v 0.513074 -0.333317 0.824596
v 0.519140 -0.371204 0.794100
v 0.523648 -0.414430 0.771439
v 0.526423 -0.461333 0.757485
v 0.527361 -0.510111 0.752773
v 0.526423 -0.558888 0.757485
v 0.523648 -0.605791 0.771439
v 0.519140 -0.649017 0.794100
v 0.513074 -0.686905 0.824596
v 0.505682 -0.717999 0.861756
v 0.497250 -0.741103 0.904152
v 0.488099 -0.755331 0.950153
v 0.497250 -0.264890 0.952929
v 0.515199 -0.279118 0.909596
v 0.531740 -0.302223 0.869661
v 0.546239 -0.333317 0.834657
v 0.558138 -0.371204 0.805930
v 0.566980 -0.414430 0.784584
v 0.572425 -0.461333 0.771439
v 0.574264 -0.510111 0.767001
v 0.572425 -0.558888 0.771439
v 0.566980 -0.605791 0.784584
v 0.558138 -0.649017 0.805930
v 0.546239 -0.686905 0.834657
v 0.531740 -0.717999 0.869661
v 0.515199 -0.741103 0.909596
v 0.497250 -0.755331 0.952929
v 0.505682 -0.264890 0.957436
v 0.531740 -0.279118 0.918438
v 0.555755 -0.302223 0.882497
v 0.576805 -0.333317 0.850994
v 0.594080 -0.371204 0.825141
v 0.606916 -0.414430 0.805930
v 0.614820 -0.461333 0.794100
v 0.617489 -0.510111 0.790106
v 0.614820 -0.558888 0.794100
v 0.606916 -0.605791 0.805930
v 0.594080 -0.649017 0.825141
v 0.576805 -0.686905 0.850994
v 0.555755 -0.717999 0.882497
v 0.531740 -0.741103 0.918438
v 0.505682 -0.755331 0.957436
v 0.513074 -0.264890 0.963503
v 0.546239 -0.279118 0.930337
v 0.576805 -0.302223 0.899772
v 0.603596 -0.333317 0.872981
v 0.625582 -0.371204 0.850994
v 0.641920 -0.414430 0.834657
v 0.651980 -0.461333 0.824596
v 0.655377 -0.510111 0.821199
v 0.651980 -0.558888 0.824596
v 0.641920 -0.605791 0.834657
v 0.625582 -0.649017 0.850994
v 0.603596 -0.686905 0.872981
v 0.576805 -0.717999 0.899772
v 0.546239 -0.741103 0.930337
v 0.513074 -0.755331 0.963503
v 0.519140 -0.264890 0.970894
v 0.558138 -0.279118 0.944836
v 0.594080 -0.302223 0.920821
v 0.625582 -0.333317 0.899772
v 0.651436 -0.371204 0.882497
v 0.670647 -0.414430 0.869661
v 0.682477 -0.461333 0.861756
v 0.686471 -0.510111 0.859087
v 0.682477 -0.558888 0.861756
v 0.670647 -0.605791 0.869661
v 0.651436 -0.649017 0.882497
v 0.625582 -0.686905 0.899772
v 0.594080 -0.717999 0.920821
v 0.558138 -0.741103 0.944836
v 0.519140 -0.755331 0.970894
v 0.478583 -0.260086 0.997993
v 0.523648 -0.264890 0.979327
v 0.566980 -0.279118 0.961378
v 0.606916 -0.302223 0.944836
v 0.641920 -0.333317 0.930337
v 0.670647 -0.371204 0.918438
v 0.691993 -0.414430 0.909596
v 0.705137 -0.461333 0.904152
v 0.709576 -0.510111 0.902313
v 0.705137 -0.558888 0.904152
v 0.691993 -0.605791 0.909596
v 0.670647 -0.649017 0.918438
v 0.641920 -0.686905 0.930337
v 0.606916 -0.717999 0.944836
v 0.566980 -0.741103 0.961378
v 0.523648 -0.755331 0.979327
v 0.526423 -0.264890 0.988477
v 0.572425 -0.279118 0.979327
v 0.614820 -0.302223 0.970894
v 0.651980 -0.333317 0.963503
v 0.682477 -0.371204 0.957436
v 0.705137 -0.414430 0.952929
v 0.719092 -0.461333 0.950153
v 0.723804 -0.510111 0.949216
v 0.719092 -0.558888 0.950153
v 0.705137 -0.605791 0.952929
v 0.682477 -0.649017 0.957436
v 0.651980 -0.686905 0.963503
v 0.614820 -0.717999 0.970894
v 0.572425 -0.741103 0.979327
v 0.526423 -0.755331 0.988477
v 0.527361 -0.264890 0.997993
v 0.574264 -0.279118 0.997993
v 0.617489 -0.302223 0.997993
v 0.655377 -0.333317 0.997993
v 0.686471 -0.371204 0.997993
v 0.709576 -0.414430 0.997993
v 0.723804 -0.461333 0.997993
v 0.728608 -0.510111 0.997993
v 0.723804 -0.558888 0.997993
v 0.709576 -0.605791 0.997993
v 0.686471 -0.649017 0.997993
v 0.655377 -0.686905 0.997993
v 0.617489 -0.717999 0.997993
v 0.574264 -0.741103 0.997993
v 0.527361 -0.755331 0.997993
v 0.478583 -0.760135 0.997993
v 0.429806 -0.264890 0.997993
v 0.382903 -0.279118 0.997993
v 0.339677 -0.302223 0.997993
v 0.301789 -0.333317 0.997993
v 0.270696 -0.371204 0.997993
v 0.247591 -0.414430 0.997993
v 0.233363 -0.461333 0.997993
v 0.228559 -0.510111 0.997993
v 0.233363 -0.558888 0.997993
v 0.247591 -0.605791 0.997993
v 0.270696 -0.649017 0.997993
v 0.301789 -0.686905 0.997993
v 0.339677 -0.717999 0.997993
v 0.382903 -0.741103 0.997993
v 0.429806 -0.755331 0.997993
v 0.430743 -0.264890 0.988477
v 0.384742 -0.279118 0.979327
v 0.342346 -0.302223 0.970894
v 0.305186 -0.333317 0.963503
v 0.274690 -0.371204 0.957436
v 0.252029 -0.414430 0.952929
v 0.238075 -0.461333 0.950153
v 0.233363 -0.510111 0.949216
v 0.238075 -0.558888 0.950153
v 0.252029 -0.605791 0.952929
v 0.274690 -0.649017 0.957436
v 0.305186 -0.686905 0.963503
v 0.342346 -0.717999 0.970894
v 0.384742 -0.741103 0.979327
v 0.430743 -0.755331 0.988477
v 0.433519 -0.264890 0.979327
v 0.390186 -0.279118 0.961378
v 0.350251 -0.302223 0.944836
v 0.315247 -0.333317 0.930337
v 0.286520 -0.371204 0.918438
v 0.265174 -0.414430 0.909596
v 0.252029 -0.461333 0.904152
v 0.247591 -0.510111 0.902313
v 0.252029 -0.558888 0.904152
v 0.265174 -0.605791 0.909596
v 0.286520 -0.649017 0.918438
v 0.315247 -0.686905 0.930337
v 0.350251 -0.717999 0.944836
v 0.390186 -0.741103 0.961378
v 0.433519 -0.755331 0.979327
v 0.438026 -0.264890 0.970894
v 0.399028 -0.279118 0.944836
v 0.363087 -0.302223 0.920821
v 0.331584 -0.333317 0.899772
v 0.305731 -0.371204 0.882497
v 0.286520 -0.414430 0.869661
v 0.274690 -0.461333 0.861756
v 0.270696 -0.510111 0.859087
v 0.274690 -0.558888 0.861756
v 0.286520 -0.605791 0.869661
v 0.305731 -0.649017 0.882497
v 0.331584 -0.686905 0.899772
v 0.363087 -0.717999 0.920821
v 0.399028 -0.741103 0.944836
v 0.438026 -0.755331 0.970894
v 0.444093 -0.264890 0.963503
v 0.410927 -0.279118 0.930337
v 0.380362 -0.302223 0.899772
v 0.353571 -0.333317 0.872981
v 0.331584 -0.371204 0.850994
v 0.315247 -0.414430 0.834657
v 0.305186 -0.461333 0.824596
v 0.301790 -0.510111 0.821199
v 0.305186 -0.558888 0.824596
v 0.315247 -0.605791 0.834657
v 0.331584 -0.649017 0.850994
v 0.353571 -0.686905 0.872981
v 0.380362 -0.717999 0.899772
v 0.410927 -0.741103 0.930337
v 0.444093 -0.755331 0.963503
v 0.451484 -0.264890 0.957436
v 0.425426 -0.279118 0.918438
v 0.401411 -0.302223 0.882497
v 0.380362 -0.333317 0.850994
v 0.363087 -0.371204 0.825141
v 0.350251 -0.414430 0.805930
v 0.342346 -0.461333 0.794100
v 0.339677 -0.510111 0.790106
v 0.342346 -0.558888 0.794100
v 0.350251 -0.605791 0.805930
v 0.363087 -0.649017 0.825141
v 0.380362 -0.686905 0.850994
v 0.401411 -0.717999 0.882497
v 0.425426 -0.741103 0.918438
v 0.451484 -0.755331 0.957436
v 0.459917 -0.264890 0.952929
v 0.441968 -0.279118 0.909596
v 0.425426 -0.302223 0.869661
v 0.410927 -0.333317 0.834657
v 0.399028 -0.371204 0.805930
v 0.390186 -0.414430 0.784584
v 0.384742 -0.461333 0.771439
v 0.382903 -0.510111 0.767001
v 0.384742 -0.558888 0.771439
v 0.390186 -0.605791 0.784584
v 0.399028 -0.649017 0.805930
v 0.410927 -0.686905 0.834657
v 0.425426 -0.717999 0.869661
v 0.441968 -0.741103 0.909596
v 0.459917 -0.755331 0.952929
v 0.469067 -0.264890 0.950153
v 0.459917 -0.279118 0.904152
v 0.451484 -0.302223 0.861756
v 0.444093 -0.333317 0.824596
v 0.438026 -0.371204 0.794100
v 0.433519 -0.414430 0.771439
v 0.430743 -0.461333 0.757485
v 0.429806 -0.510111 0.752773
v 0.430743 -0.558888 0.757485
v 0.433519 -0.605791 0.771439
v 0.438026 -0.649017 0.794100
v 0.444093 -0.686905 0.824596
v 0.451484 -0.717999 0.861756
v 0.459917 -0.741103 0.904152
v 0.469067 -0.755331 0.950153
v 0.478583 -0.264890 0.949216
v 0.478583 -0.279118 0.902313
v 0.478583 -0.333317 0.821199
v 0.478583 -0.414430 0.767001
v 0.478583 -0.605791 0.767001
v 0.478583 -0.686905 0.821199
v 0.478583 -0.717999 0.859087
v 0.478583 -0.741103 0.902313
v 0.478583 -0.755331 0.949216
v 0.478583 0.705977 0.859087
v 0.478583 0.636996 0.790105
v 0.478583 0.546867 0.752773
v 0.478583 0.498089 0.747969
v 0.478583 0.449312 0.752773
v 0.478583 0.359183 0.790105
v 0.488099 0.743310 0.950153
v 0.497250 0.729082 0.904151
v 0.505683 0.705977 0.861756
v 0.513074 0.674883 0.824596
v 0.519140 0.636996 0.794100
v 0.523648 0.593770 0.771439
v 0.526423 0.546867 0.757485
v 0.527361 0.498089 0.752773
v 0.526423 0.449312 0.757485
v 0.523648 0.402409 0.771439
v 0.519140 0.359183 0.794100
v 0.513074 0.321295 0.824596
v 0.505683 0.290202 0.861756
v 0.497250 0.267097 0.904151
v 0.488099 0.252869 0.950153
v 0.497250 0.743310 0.952929
v 0.515199 0.729082 0.909596
v 0.531741 0.705977 0.869661
v 0.546240 0.674883 0.834657
v 0.558138 0.636996 0.805930
v 0.566980 0.593770 0.784584
v 0.572425 0.546867 0.771439
v 0.574264 0.498089 0.767001
v 0.572425 0.449312 0.771439
v 0.566980 0.402409 0.784584
v 0.558138 0.359183 0.805930
v 0.546240 0.321295 0.834657
v 0.531741 0.290202 0.869661
v 0.515199 0.267097 0.909596
v 0.497250 0.252869 0.952929
v 0.505683 0.743310 0.957436
v 0.531741 0.729082 0.918438
v 0.555756 0.705977 0.882497
v 0.576805 0.674883 0.850994
v 0.594080 0.636996 0.825141
v 0.606916 0.593770 0.805930
v 0.614820 0.546867 0.794100
v 0.617490 0.498089 0.790105
v 0.614820 0.449312 0.794100
v 0.606916 0.402409 0.805930
v 0.594080 0.359183 0.825141
v 0.576805 0.321295 0.850994
v 0.555756 0.290202 0.882497
v 0.531741 0.267097 0.918438
v 0.505683 0.252869 0.957436
v 0.513074 0.743310 0.963502
v 0.546240 0.729082 0.930337
v 0.576805 0.705977 0.899772
v 0.603596 0.674883 0.872981
v 0.625582 0.636996 0.850994
v 0.641920 0.593770 0.834657
v 0.651980 0.546867 0.824596
v 0.655378 0.498089 0.821199
v 0.651980 0.449312 0.824596
v 0.641920 0.402409 0.834657
v 0.625582 0.359183 0.850994
v 0.603596 0.321295 0.872981
v 0.576805 0.290202 0.899772
v 0.546240 0.267097 0.930337
v 0.513074 0.252869 0.963502
v 0.519140 0.743310 0.970894
v 0.558138 0.729082 0.944836
v 0.594080 0.705977 0.920821
v 0.625582 0.674883 0.899772
v 0.651436 0.636996 0.882497
v 0.670647 0.593770 0.869661
v 0.682477 0.546867 0.861756
v 0.686471 0.498089 0.859087
v 0.682477 0.449312 0.861756
v 0.670647 0.402409 0.869661
v 0.651436 0.359183 0.882497
v 0.625582 0.321295 0.899772
v 0.594080 0.290202 0.920821
v 0.558138 0.267097 0.944836
v 0.519140 0.252869 0.970894
v 0.478583 0.748114 0.997993
v 0.523648 0.743310 0.979327
v 0.566980 0.729082 0.961378
v 0.606916 0.705977 0.944836
v 0.641920 0.674883 0.930337
v 0.670647 0.636996 0.918438
v 0.691993 0.593770 0.909596
v 0.705137 0.546867 0.904151
v 0.709576 0.498089 0.902313
v 0.705137 0.449312 0.904151
v 0.691993 0.402409 0.909596
v 0.670647 0.359183 0.918438
v 0.641920 0.321295 0.930337
v 0.606916 0.290202 0.944836
v 0.566980 0.267097 0.961378
v 0.523648 0.252869 0.979327
v 0.526423 0.743310 0.988477
v 0.572425 0.729082 0.979327
v 0.614820 0.705977 0.970894
v 0.651980 0.674883 0.963502
v 0.682477 0.636996 0.957436
v 0.705137 0.593770 0.952929
v 0.719092 0.546867 0.950153
v 0.723804 0.498089 0.949216
v 0.719092 0.449312 0.950153
v 0.705137 0.402409 0.952929
v 0.682477 0.359183 0.957436
v 0.651980 0.321295 0.963502
v 0.614820 0.290202 0.970894
v 0.572425 0.267097 0.979327
v 0.526423 0.252869 0.988477
v 0.527361 0.743310 0.997993
v 0.574264 0.729082 0.997993
v 0.617489 0.705977 0.997993
v 0.655377 0.674883 0.997993
v 0.686471 0.636996 0.997993
v 0.709576 0.593770 0.997993
v 0.723804 0.546867 0.997993
v 0.728608 0.498089 0.997993
v 0.723804 0.449312 0.997993
v 0.709576 0.402409 0.997993
v 0.686471 0.359183 0.997993
v 0.655377 0.321295 0.997993
v 0.617489 0.290202 0.997993
v 0.574264 0.267097 0.997993
v 0.527361 0.252869 0.997993
v 0.478583 0.248065 0.997993
v 0.429806 0.743310 0.997993
v 0.382903 0.729082 0.997993
v 0.339677 0.705977 0.997993
v 0.301789 0.674883 0.997993
v 0.270696 0.636996 0.997993
v 0.247591 0.593770 0.997993
v 0.233363 0.546867 0.997993
v 0.228559 0.498089 0.997993
v 0.233363 0.449312 0.997993
v 0.247591 0.402409 0.997993
v 0.270696 0.359183 0.997993
v 0.301789 0.321295 0.997993
v 0.339677 0.290202 0.997993
v 0.382903 0.267097 0.997993
v 0.429806 0.252869 0.997993
v 0.430743 0.743310 0.988477
v 0.384742 0.729082 0.979327
v 0.342346 0.705977 0.970894
v 0.305186 0.674883 0.963502
v 0.274690 0.636996 0.957436
v 0.252029 0.593770 0.952929
v 0.238075 0.546867 0.950153
v 0.233363 0.498089 0.949216
v 0.238075 0.449312 0.950153
v 0.252029 0.402409 0.952929
v 0.274690 0.359183 0.957436
v 0.305186 0.321295 0.963502
v 0.342346 0.290202 0.970894
v 0.384742 0.267097 0.979327
v 0.430743 0.252869 0.988477
v 0.433519 0.743310 0.979327
v 0.390186 0.729082 0.961378
v 0.350251 0.705977 0.944836
v 0.315247 0.674883 0.930337
v 0.286520 0.636996 0.918438
v 0.265174 0.593770 0.909596
v 0.252029 0.546867 0.904151
v 0.247591 0.498089 0.902313
v 0.252029 0.449312 0.904151
v 0.265174 0.402409 0.909596
v 0.286520 0.359183 0.918438
v 0.315247 0.321295 0.930337
v 0.350251 0.290202 0.944836
v 0.390186 0.267097 0.961378
v 0.433519 0.252869 0.979327
v 0.438026 0.743310 0.970894
v 0.399028 0.729082 0.944836
v 0.363087 0.705977 0.920821
v 0.331584 0.674883 0.899772
v 0.305731 0.636996 0.882497
v 0.286520 0.593770 0.869661
v 0.274690 0.546867 0.861756
v 0.270696 0.498089 0.859087
v 0.274690 0.449312 0.861756
v 0.286520 0.402409 0.869661
v 0.305731 0.359183 0.882497
v 0.331584 0.321295 0.899772
v 0.363087 0.290202 0.920821
v 0.399028 0.267097 0.944836
v 0.438026 0.252869 0.970894
v 0.444093 0.743310 0.963503
v 0.410927 0.729082 0.930337
v 0.380362 0.705977 0.899772
v 0.353571 0.674883 0.872981
v 0.331584 0.636996 0.850994
v 0.315247 0.593770 0.834657
v 0.305187 0.546867 0.824596
v 0.301790 0.498089 0.821199
v 0.305187 0.449312 0.824596
v 0.315247 0.402409 0.834657
v 0.331584 0.359183 0.850994
v 0.353571 0.321295 0.872981
v 0.380362 0.290202 0.899772
v 0.410927 0.267097 0.930337
v 0.444093 0.252869 0.963503
v 0.451484 0.743310 0.957436
v 0.425426 0.729082 0.918438
v 0.401411 0.705977 0.882497
v 0.380362 0.674883 0.850994
v 0.363087 0.636996 0.825141
v 0.350251 0.593770 0.805930
v 0.342346 0.546867 0.794100
v 0.339677 0.498089 0.790106
v 0.342346 0.449312 0.794100
v 0.350251 0.402409 0.805930
v 0.363087 0.359183 0.825141
v 0.380362 0.321295 0.850994
v 0.401411 0.290202 0.882497
v 0.425426 0.267097 0.918438
v 0.451484 0.252869 0.957436
v 0.459917 0.743310 0.952929
v 0.441968 0.729082 0.909596
v 0.425426 0.705977 0.869661
v 0.410927 0.674883 0.834657
v 0.399028 0.636996 0.805930
v 0.390186 0.593770 0.784584
v 0.384742 0.546867 0.771439
v 0.382903 0.498089 0.767001
v 0.384742 0.449312 0.771439
v 0.390186 0.402409 0.784584
v 0.399028 0.359183 0.805930
v 0.410927 0.321295 0.834657
v 0.425426 0.290202 0.869661
v 0.441968 0.267097 0.909596
v 0.459917 0.252869 0.952929
v 0.469067 0.743310 0.950153
v 0.459917 0.729082 0.904152
v 0.451484 0.705977 0.861756
v 0.444093 0.674883 0.824596
v 0.438026 0.636996 0.794100
v 0.433519 0.593770 0.771439
v 0.430743 0.546867 0.757485
v 0.429806 0.498089 0.752773
v 0.430743 0.449312 0.757485
v 0.433519 0.402409 0.771439
v 0.438026 0.359183 0.794100
v 0.444093 0.321295 0.824596
v 0.451484 0.290202 0.861756
v 0.459917 0.267097 0.904152
v 0.469067 0.252869 0.950153
v 0.478583 0.743310 0.949216
v 0.478583 0.729082 0.902313
v 0.478583 0.674883 0.821199
v 0.478583 0.593770 0.767001
v 0.478583 0.402409 0.767001
v 0.478583 0.321295 0.821199
v 0.478583 0.290202 0.859087
v 0.478583 0.267097 0.902313
v 0.478583 0.252869 0.949216
v -1.000000 -0.510304 0.852767
v -1.000000 -0.559081 0.847963
v -1.000000 -0.461527 0.847963
v -1.000000 -0.371398 0.810631
v -1.000000 -0.649210 0.810631
v -1.000000 -0.414624 0.833735
v -1.000000 -0.605984 0.833735
v -1.000000 -0.718192 0.741649
v -1.000000 -0.692073 0.773475
v -1.000000 -0.302416 0.741649
v -1.000000 -0.262468 0.624968
v -1.000000 -0.265084 0.651520
v -1.000000 -0.279311 0.698423
v -1.000000 -0.687098 0.779537
v -1.000000 -0.333510 0.779537
v -1.000000 -0.260742 0.601374
v -1.000000 -0.260715 0.602307
v -1.000000 -0.260715 0.604032
v -1.000000 -0.260706 0.603170
v -1.000000 -0.279311 0.507917
v -1.000000 -0.366635 0.399618
v -1.000000 -0.333510 0.426803
v -1.000000 -0.302416 0.464691
v -1.000000 -0.265084 0.554820
v -1.000000 -0.262468 0.581371
v -1.000000 0.001204 0.249597
v -1.000000 -0.047574 0.244793
v -1.000000 0.049981 0.244793
v -1.000000 -0.137703 0.207461
v -1.000000 0.140110 0.207461
v -1.000000 -0.094477 0.230565
v -1.000000 0.096884 0.230565
v -1.000000 -0.371398 0.395709
v -1.000000 -0.175591 0.176367
v -1.000000 -0.261395 0.592702
v -1.000000 -0.261048 0.596681
v -1.000000 -0.260883 0.598834
v -1.000000 -0.260793 0.600273
v -1.000000 -0.261395 0.613638
v -1.000000 -0.261048 0.609659
v -1.000000 -0.260883 0.607506
v -1.000000 -0.260793 0.606067
v -1.000000 -0.260742 0.604966
v -1.000000 0.177998 0.176367
v -1.000000 0.209091 0.138479
v -1.000000 0.249039 0.021798
v -1.000000 0.246424 0.048350
v -1.000000 0.232196 0.095253
v -1.000000 0.250766 -0.001796
v -1.000000 0.250793 -0.000862
v -1.000000 0.250766 0.001796
v -1.000000 0.250793 0.000862
v -1.000000 0.250801 0.000000
v -1.000000 0.250715 0.002897
v -1.000000 0.232196 -0.095253
v -1.000000 0.246424 -0.048350
v -1.000000 0.249039 -0.021798
v -1.000000 0.177998 -0.176367
v -1.000000 0.510304 -0.353572
v -1.000000 0.209091 -0.138479
v -1.000000 0.461526 -0.358376
v -1.000000 0.250112 -0.010468
v -1.000000 0.250459 -0.006489
v -1.000000 0.250624 -0.004336
v -1.000000 0.250715 -0.002897
v -1.000000 0.559081 -0.358376
v -1.000000 0.250112 0.010468
v -1.000000 0.250459 0.006489
v -1.000000 0.250624 0.004336
v -1.000000 0.649210 -0.395709
v -1.000000 0.414623 -0.372604
v -1.000000 0.605984 -0.372604
v -1.000000 0.718192 -0.464690
v -1.000000 0.758139 -0.581372
v -1.000000 0.755524 -0.554819
v -1.000000 0.741296 -0.507916
v -1.000000 0.687098 -0.426802
v -1.000000 0.759901 -0.603170
v -1.000000 0.759893 -0.602307
v -1.000000 0.759893 -0.604032
v -1.000000 0.759815 -0.600272
v -1.000000 0.759724 -0.598834
v -1.000000 0.759815 -0.606067
v -1.000000 0.759866 -0.604966
v -1.000000 0.759866 -0.601373
v -1.000000 0.741296 -0.698423
v -1.000000 0.755524 -0.651520
v -1.000000 0.758139 -0.624967
v -1.000000 0.759212 -0.613637
v -1.000000 0.759560 -0.609659
v -1.000000 0.759724 -0.607505
v -1.000000 0.759560 -0.596680
v -1.000000 0.759212 -0.592702
v -1.000000 -0.741297 0.698423
v -1.000000 -0.759560 0.609659
v -1.000000 -0.759213 0.613638
v -1.000000 -0.758140 0.624968
v -1.000000 -0.755524 0.651520
v -1.000000 -0.759902 0.603170
v -1.000000 -0.759893 0.602307
v -1.000000 -0.759893 0.604032
v -1.000000 -0.759866 0.604966
v -1.000000 -0.759866 0.601374
v -1.000000 -0.759815 0.606067
v -1.000000 -0.759815 0.600273
v -1.000000 -0.759725 0.607506
v -1.000000 -0.759725 0.598834
v -1.000000 -0.718192 0.464691
v -1.000000 -0.741297 0.507917
v -1.000000 -0.758140 0.581371
v -1.000000 -0.755524 0.554820
v -1.000000 -0.649210 0.395709
v -1.000000 -0.605984 0.372605
v -1.000000 -0.687098 0.426803
v -1.000000 -0.759213 0.592702
v -1.000000 -0.759560 0.596681
v -1.000000 -0.510304 0.353572
v -1.000000 -0.461527 0.358377
v -1.000000 -0.229789 0.095253
v -1.000000 -0.244017 0.048350
v -1.000000 -0.246632 0.021798
v -1.000000 -0.248217 0.004336
v -1.000000 -0.248052 0.006489
v -1.000000 -0.247705 0.010468
v -1.000000 -0.206684 0.138479
v -1.000000 -0.248386 0.000862
v -1.000000 -0.248394 0.000000
v -1.000000 -0.248386 -0.000862
v -1.000000 -0.248359 0.001796
v -1.000000 -0.248359 -0.001796
v -1.000000 -0.248307 0.002897
v -1.000000 -0.248307 -0.002897
v -1.000000 -0.248217 -0.004336
v -1.000000 -0.244017 -0.048350
v -1.000000 -0.246632 -0.021798
v -1.000000 -0.206684 -0.138479
v -1.000000 -0.229789 -0.095253
v -1.000000 -0.559081 0.358377
v -1.000000 -0.247705 -0.010468
v -1.000000 -0.248052 -0.006489
v -1.000000 -0.414624 0.372605
v -1.000000 -0.137703 -0.207461
v -1.000000 0.140110 -0.207461
v -1.000000 0.144873 -0.203552
v -1.000000 0.001204 -0.249598
v -1.000000 -0.047574 -0.244793
v -1.000000 0.049981 -0.244793
v -1.000000 -0.094477 -0.230565
v -1.000000 0.096884 -0.230565
v -1.000000 0.333510 -0.426802
v -1.000000 0.279311 -0.507916
v -1.000000 0.302416 -0.464690
v -1.000000 0.260714 -0.602307
v -1.000000 0.260706 -0.603170
v -1.000000 0.260714 -0.604032
v -1.000000 0.260741 -0.601373
v -1.000000 0.265083 -0.554819
v -1.000000 0.262468 -0.581372
v -1.000000 0.260793 -0.600272
v -1.000000 0.260883 -0.598834
v -1.000000 0.261048 -0.596680
v -1.000000 0.261395 -0.592702
v -1.000000 0.371397 -0.395709
v -1.000000 0.265083 -0.651520
v -1.000000 0.262468 -0.624967
v -1.000000 0.302416 -0.741649
v -1.000000 0.692073 -0.773474
v -1.000000 0.718192 -0.741649
v -1.000000 0.279311 -0.698423
v -1.000000 0.371397 -0.810630
v -1.000000 0.649210 -0.810630
v -1.000000 0.510304 -0.852767
v -1.000000 0.461526 -0.847963
v -1.000000 0.559081 -0.847963
v -1.000000 0.414623 -0.833735
v -1.000000 0.605984 -0.833735
v -1.000000 0.687098 -0.779537
v -1.000000 0.333510 -0.779537
v -1.000000 0.261395 -0.613637
v -1.000000 0.261048 -0.609659
v -1.000000 0.260883 -0.607505
v -1.000000 0.260793 -0.606067
v -1.000000 0.260741 -0.604966
v -1.000000 -0.175591 -0.176367
v -0.763678 -0.504894 -1.000000
v -0.744646 -0.600574 -1.000000
v -0.758874 -0.553671 -1.000000
v -0.758874 -0.456117 -1.000000
v -0.744646 -0.409214 -1.000000
v -0.721542 -0.643800 -1.000000
v -0.721542 -0.365988 -1.000000
v -0.652560 -0.297006 -1.000000
v -0.690448 -0.681688 -1.000000
v -0.690448 -0.328100 -1.000000
v -0.562431 -0.259674 -1.000000
v -0.518127 -0.255310 -1.000000
v -0.513740 -0.254955 -1.000000
v -0.513914 -0.254957 -1.000000
v -0.513566 -0.254957 -1.000000
v -0.374920 -0.297006 -1.000000
v -0.418146 -0.273901 -1.000000
v -0.465048 -0.259674 -1.000000
v -0.509353 -0.255310 -1.000000
v -0.515846 -0.255094 -1.000000
v -0.511633 -0.255094 -1.000000
v -0.512434 -0.255024 -1.000000
v -0.515046 -0.255024 -1.000000
v -0.512867 -0.254991 -1.000000
v -0.514612 -0.254991 -1.000000
v -0.513157 -0.254973 -1.000000
v -0.514323 -0.254973 -1.000000
v -0.514101 -0.254962 -1.000000
v -0.513379 -0.254962 -1.000000
v -0.609334 -0.273901 -1.000000
v 0.263801 0.504894 -1.000000
v 0.268605 0.456117 -1.000000
v 0.268605 0.553671 -1.000000
v 0.305938 0.365988 -1.000000
v 0.333006 0.333006 -1.000000
v 0.305938 0.643800 -1.000000
v 0.418145 0.735887 -1.000000
v 0.374920 0.712782 -1.000000
v 0.337032 0.681688 -1.000000
v -0.337032 -0.328100 -1.000000
v 0.282833 0.409214 -1.000000
v 0.282833 0.600574 -1.000000
v 0.514323 0.754815 -1.000000
v 0.514101 0.754826 -1.000000
v 0.513378 0.754826 -1.000000
v 0.513566 0.754831 -1.000000
v 0.513913 0.754831 -1.000000
v 0.513740 0.754833 -1.000000
v 0.513157 0.754815 -1.000000
v 0.562431 0.750114 -1.000000
v 0.518126 0.754478 -1.000000
v 0.652560 0.712782 -1.000000
v 0.609334 0.735887 -1.000000
v 0.515846 0.754694 -1.000000
v 0.515046 0.754764 -1.000000
v 0.514612 0.754797 -1.000000
v 0.509353 0.754478 -1.000000
v 0.511633 0.754694 -1.000000
v 0.512434 0.754764 -1.000000
v 0.512867 0.754797 -1.000000
v 0.465048 0.750114 -1.000000
v -0.652560 -0.712782 -1.000000
v -0.562431 -0.750115 -1.000000
v -0.518127 -0.754478 -1.000000
v -0.515046 -0.754764 -1.000000
v -0.515846 -0.754694 -1.000000
v -0.609334 -0.735887 -1.000000
v -0.513914 -0.754831 -1.000000
v -0.513740 -0.754833 -1.000000
v -0.513566 -0.754831 -1.000000
v -0.513379 -0.754826 -1.000000
v -0.514101 -0.754826 -1.000000
v -0.513157 -0.754815 -1.000000
v -0.514323 -0.754815 -1.000000
v -0.514612 -0.754797 -1.000000
v -0.512867 -0.754797 -1.000000
v -0.509353 -0.754478 -1.000000
v -0.511633 -0.754694 -1.000000
v -0.512434 -0.754764 -1.000000
v -0.374920 -0.712782 -1.000000
v -0.418146 -0.735887 -1.000000
v -0.305938 -0.365988 -1.000000
v -0.337032 -0.681688 -1.000000
v -0.282833 -0.600574 -1.000000
v -0.263801 -0.504894 -1.000000
v -0.268605 -0.553671 -1.000000
v -0.268605 -0.456117 -1.000000
v -0.305938 -0.643800 -1.000000
v -0.282833 -0.409214 -1.000000
v -0.465048 -0.750115 -1.000000
v 0.418145 0.273901 -1.000000
v 0.374920 0.297006 -1.000000
v 0.465048 0.259673 -1.000000
v 0.509353 0.255310 -1.000000
v 0.513566 0.254957 -1.000000
v 0.513740 0.254955 -1.000000
v 0.513913 0.254957 -1.000000
v 0.514101 0.254962 -1.000000
v 0.513378 0.254962 -1.000000
v 0.514323 0.254973 -1.000000
v 0.518126 0.255310 -1.000000
v 0.562431 0.259673 -1.000000
v 0.513157 0.254973 -1.000000
v 0.514612 0.254991 -1.000000
v 0.512867 0.254991 -1.000000
v 0.515046 0.255024 -1.000000
v 0.512434 0.255024 -1.000000
v 0.511633 0.255094 -1.000000
v 0.515846 0.255094 -1.000000
v 0.652560 0.297006 -1.000000
v 0.721542 0.643800 -1.000000
v 0.690448 0.328100 -1.000000
v 0.690448 0.681688 -1.000000
v 0.744646 0.409214 -1.000000
v 0.763678 0.504894 -1.000000
v 0.758874 0.553671 -1.000000
v 0.758874 0.456117 -1.000000
v 0.744646 0.600574 -1.000000
v 0.609334 0.273901 -1.000000
v 0.721542 0.365988 -1.000000
v 0.337032 0.328100 -1.000000
v 1.000000 0.674883 0.658448
v 1.000000 0.705977 0.620560
v 1.000000 0.729082 0.577334
v 1.000000 0.739704 0.542316
v 1.000000 0.743310 0.529956
v 1.000000 0.746948 0.482819
v 1.000000 0.746926 0.485173
v 1.000000 0.746926 0.480465
v 1.000000 0.746466 0.494654
v 1.000000 0.746016 0.500531
v 1.000000 0.746466 0.470984
v 1.000000 0.746712 0.474911
v 1.000000 0.746712 0.490727
v 1.000000 0.746852 0.477917
v 1.000000 0.746852 0.487721
v 1.000000 0.745068 0.511391
v 1.000000 0.739704 0.423322
v 1.000000 0.743310 0.435682
v 1.000000 0.745068 0.454247
v 1.000000 0.705977 0.345079
v 1.000000 0.746016 0.465107
v 1.000000 0.729082 0.388305
v 1.000000 0.359183 0.276097
v 1.000000 0.636996 0.276097
v 1.000000 0.402409 0.252992
v 1.000000 0.593770 0.252992
v 1.000000 0.321295 0.307191
v 1.000000 0.674883 0.307191
v 1.000000 0.498089 -0.225488
v 1.000000 0.498089 0.233960
v 1.000000 0.546867 -0.230292
v 1.000000 0.449312 -0.230292
v 1.000000 0.359183 -0.267625
v 1.000000 0.321295 -0.298719
v 1.000000 0.674883 -0.298719
v 1.000000 0.636996 -0.267625
v 1.000000 0.402409 -0.244520
v 1.000000 0.593770 -0.244520
v 1.000000 -0.302223 -0.336607
v 1.000000 0.290202 -0.336607
v 1.000000 -0.279118 -0.379832
v 1.000000 0.267097 -0.379833
v 1.000000 -0.268496 -0.414850
v 1.000000 0.256475 -0.414849
v 1.000000 0.252869 -0.427210
v 1.000000 -0.264890 -0.427210
v 1.000000 -0.263132 -0.445775
v 1.000000 0.251111 -0.445775
v 1.000000 0.739704 -0.414849
v 1.000000 0.745068 -0.445775
v 1.000000 0.743310 -0.427210
v 1.000000 0.729082 -0.379833
v 1.000000 0.705977 -0.336607
v 1.000000 0.449312 0.238764
v 1.000000 0.546867 0.238764
v 1.000000 0.250163 -0.456635
v 1.000000 -0.262184 -0.456635
v 1.000000 -0.261735 -0.462512
v 1.000000 0.249713 -0.462512
v 1.000000 -0.261488 -0.466439
v 1.000000 0.249326 -0.469445
v 1.000000 0.249467 -0.466439
v 1.000000 -0.261252 -0.474347
v 1.000000 0.249253 -0.471993
v 1.000000 -0.261275 -0.471993
v 1.000000 -0.261348 -0.469445
v 1.000000 -0.261348 -0.479249
v 1.000000 -0.261275 -0.476701
v 1.000000 0.249253 -0.476701
v 1.000000 0.249230 -0.474347
v 1.000000 0.746926 -0.476701
v 1.000000 0.746948 -0.474347
v 1.000000 0.746926 -0.471993
v 1.000000 0.746852 -0.469445
v 1.000000 -0.262184 -0.492059
v 1.000000 0.250163 -0.492059
v 1.000000 -0.261735 -0.486182
v 1.000000 0.249713 -0.486182
v 1.000000 0.249467 -0.482255
v 1.000000 -0.261488 -0.482255
v 1.000000 0.251111 -0.502919
v 1.000000 -0.263132 -0.502919
v 1.000000 -0.264890 -0.521484
v 1.000000 0.252869 -0.521484
v 1.000000 -0.268496 -0.533844
v 1.000000 0.256475 -0.533845
v 1.000000 -0.279118 -0.568862
v 1.000000 0.743310 -0.521484
v 1.000000 0.745068 -0.502919
v 1.000000 0.739704 -0.533845
v 1.000000 0.249326 -0.479249
v 1.000000 0.746466 -0.462512
v 1.000000 0.746016 -0.456635
v 1.000000 0.746016 -0.492059
v 1.000000 0.746466 -0.486182
v 1.000000 0.746712 -0.466439
v 1.000000 0.746712 -0.482255
v 1.000000 0.746852 -0.479249
v 1.000000 0.267097 -0.568862
v 1.000000 -0.302223 -0.612088
v 1.000000 0.290202 -0.612088
v 1.000000 0.705977 -0.612088
v 1.000000 -0.333317 -0.649975
v 1.000000 0.321295 -0.649976
v 1.000000 -0.649017 -0.681069
v 1.000000 -0.371204 -0.681069
v 1.000000 0.359183 -0.681069
v 1.000000 0.674883 -0.649976
v 1.000000 0.402409 -0.704174
v 1.000000 -0.414430 -0.704174
v 1.000000 0.593770 -0.704174
v 1.000000 -0.510111 -0.723206
v 1.000000 0.498089 -0.723206
v 1.000000 -0.558888 -0.718402
v 1.000000 -0.461333 -0.718402
v 1.000000 0.449312 -0.718402
v 1.000000 0.546867 -0.718402
v 1.000000 -0.605791 -0.704174
v 1.000000 0.636996 -0.681069
v 1.000000 0.729082 -0.568862
v 1.000000 -0.510111 0.731678
v 1.000000 -0.558888 0.726874
v 1.000000 -0.461333 0.726874
v 1.000000 0.449312 0.726874
v 1.000000 0.498089 0.731678
v 1.000000 0.402409 0.712646
v 1.000000 -0.414430 0.712646
v 1.000000 -0.605791 0.712646
v 1.000000 0.593770 0.712646
v 1.000000 0.546867 0.726874
v 1.000000 -0.371204 0.689541
v 1.000000 0.359183 0.689541
v 1.000000 -0.333317 0.658448
v 1.000000 0.321295 0.658448
v 1.000000 0.290202 0.620560
v 1.000000 -0.302223 0.620560
v 1.000000 -0.717999 0.620560
v 1.000000 -0.686905 0.658448
v 1.000000 -0.741103 0.577334
v 1.000000 -0.649017 0.689541
v 1.000000 0.636996 0.689541
v 1.000000 0.267097 0.577334
v 1.000000 -0.279118 0.577334
v 1.000000 -0.264890 0.529956
v 1.000000 0.252869 0.529956
v 1.000000 0.256474 0.542316
v 1.000000 -0.755331 0.529956
v 1.000000 -0.757089 0.511391
v 1.000000 -0.751726 0.542316
v 1.000000 -0.268496 0.542316
v 1.000000 0.251111 0.511391
v 1.000000 -0.263132 0.511391
v 1.000000 -0.262184 0.500531
v 1.000000 0.250163 0.500531
v 1.000000 -0.261488 0.490727
v 1.000000 0.249467 0.490727
v 1.000000 -0.261735 0.494654
v 1.000000 0.249713 0.494654
v 1.000000 0.249326 0.487721
v 1.000000 -0.261348 0.487721
v 1.000000 -0.261275 0.485173
v 1.000000 0.249253 0.485173
v 1.000000 -0.261275 0.480465
v 1.000000 0.249253 0.480465
v 1.000000 -0.261252 0.482819
v 1.000000 0.249230 0.482819
v 1.000000 -0.758970 0.482819
v 1.000000 -0.758947 0.480465
v 1.000000 -0.758947 0.485173
v 1.000000 -0.261488 0.474911
v 1.000000 0.249467 0.474911
v 1.000000 -0.261348 0.477917
v 1.000000 0.249326 0.477917
v 1.000000 -0.262184 0.465107
v 1.000000 0.250163 0.465107
v 1.000000 -0.261735 0.470984
v 1.000000 0.249713 0.470984
v 1.000000 -0.758874 0.487721
v 1.000000 -0.758874 0.477917
v 1.000000 -0.758733 0.490727
v 1.000000 -0.758733 0.474911
v 1.000000 -0.758487 0.470984
v 1.000000 -0.758487 0.494654
v 1.000000 -0.758037 0.500531
v 1.000000 -0.758037 0.465107
v 1.000000 -0.268496 0.423322
v 1.000000 0.256474 0.423322
v 1.000000 -0.757089 0.454248
v 1.000000 -0.755331 0.435682
v 1.000000 -0.751726 0.423322
v 1.000000 -0.264890 0.435682
v 1.000000 -0.263132 0.454248
v 1.000000 0.252869 0.435682
v 1.000000 0.251111 0.454247
v 1.000000 0.267097 0.388305
v 1.000000 -0.279118 0.388305
v 1.000000 -0.717999 0.345079
v 1.000000 -0.302223 0.345079
v 1.000000 0.290202 0.345079
v 1.000000 -0.741103 0.388305
v 1.000000 -0.333317 0.307191
v 1.000000 -0.649017 0.276097
v 1.000000 -0.371204 0.276097
v 1.000000 -0.510111 0.233960
v 1.000000 -0.510111 -0.225488
v 1.000000 -0.558888 0.238764
v 1.000000 -0.461333 0.238764
v 1.000000 -0.605791 0.252992
v 1.000000 -0.414430 0.252992
v 1.000000 -0.686905 0.307191
v 1.000000 -0.649017 -0.267625
v 1.000000 -0.605791 -0.244520
v 1.000000 -0.414430 -0.244520
v 1.000000 -0.333317 -0.298719
v 1.000000 -0.741103 -0.379832
v 1.000000 -0.751726 -0.414850
v 1.000000 -0.755331 -0.427210
v 1.000000 -0.757089 -0.445775
v 1.000000 -0.758037 -0.456635
v 1.000000 -0.717999 -0.336607
v 1.000000 -0.686905 -0.298719
v 1.000000 -0.371204 -0.267625
v 1.000000 -0.758947 -0.471993
v 1.000000 -0.758970 -0.474347
v 1.000000 -0.758947 -0.476701
v 1.000000 -0.758874 -0.469445
v 1.000000 -0.758874 -0.479249
v 1.000000 -0.758733 -0.466439
v 1.000000 -0.758733 -0.482255
v 1.000000 -0.758487 -0.462512
v 1.000000 -0.758487 -0.486182
v 1.000000 -0.758037 -0.492059
v 1.000000 -0.741103 -0.568862
v 1.000000 -0.717999 -0.612088
v 1.000000 -0.686905 -0.649975
v 1.000000 -0.755331 -0.521484
v 1.000000 -0.751726 -0.533844
v 1.000000 -0.757089 -0.502919
v 1.000000 -0.558888 -0.230292
v 1.000000 -0.461333 -0.230292
v -0.617291 0.705977 1.000000
v -0.655179 0.674883 1.000000
v -0.527163 0.743310 1.000000
v -0.488671 0.747101 1.000000
v -0.574066 0.729082 1.000000
v -0.483427 0.747598 1.000000
v -0.481586 0.747758 1.000000
v -0.480590 0.747835 1.000000
v -0.479414 0.747900 1.000000
v -0.479924 0.747876 1.000000
v -0.477242 0.747876 1.000000
v -0.477752 0.747900 1.000000
v -0.478184 0.747912 1.000000
v -0.478982 0.747912 1.000000
v -0.478583 0.747916 1.000000
v -0.430003 0.743310 1.000000
v -0.468495 0.747101 1.000000
v -0.473738 0.747598 1.000000
v -0.475580 0.747758 1.000000
v -0.476576 0.747835 1.000000
v -0.301987 0.321295 1.000000
v -0.312592 0.312592 1.000000
v -0.339874 0.705977 1.000000
v -0.270893 0.636996 1.000000
v -0.270893 0.359183 1.000000
v -0.301987 0.674883 1.000000
v -0.228756 0.498089 1.000000
v -0.233560 0.449312 1.000000
v -0.233560 0.546867 1.000000
v -0.176596 0.177021 1.000000
v -0.176788 0.176788 1.000000
v -0.095483 0.231219 1.000000
v -0.138708 0.208115 1.000000
v -0.048580 0.245447 1.000000
v -0.247788 0.402409 1.000000
v -0.247788 0.593770 1.000000
v -0.383100 0.729082 1.000000
v -0.004844 0.249735 1.000000
v -0.010088 0.249238 1.000000
v 0.004844 0.249735 1.000000
v 0.003003 0.249896 1.000000
v -0.003003 0.249896 1.000000
v -0.002007 0.249972 1.000000
v 0.002007 0.249972 1.000000
v -0.001341 0.250014 1.000000
v 0.001341 0.250014 1.000000
v 0.000831 0.250037 1.000000
v -0.000831 0.250037 1.000000
v 0.000399 0.250050 1.000000
v -0.000399 0.250050 1.000000
v 0.000000 0.250054 1.000000
v 0.048580 0.245447 1.000000
v 0.010088 0.249238 1.000000
v 0.173791 0.179323 1.000000
v 0.138709 0.208115 1.000000
v 0.095483 0.231219 1.000000
v 0.176580 -0.176580 1.000000
v 0.176597 -0.176567 1.000000
v 0.207690 -0.138679 1.000000
v 0.176597 0.177021 1.000000
v 0.228757 0.498089 1.000000
v 0.245023 -0.048551 1.000000
v 0.230795 0.095907 1.000000
v 0.233561 0.449312 1.000000
v 0.247788 0.593770 1.000000
v 0.301987 0.321295 1.000000
v 0.304793 0.318993 1.000000
v 0.270893 0.359183 1.000000
v 0.270893 0.636996 1.000000
v 0.249827 0.000227 1.000000
v 0.245023 0.049004 1.000000
v 0.247788 0.402409 1.000000
v 0.233561 0.546867 1.000000
v 0.230795 -0.095453 1.000000
v 0.207690 0.139133 1.000000
v 0.301987 0.674883 1.000000
v 0.339875 -0.302223 1.000000
v 0.383101 0.729082 1.000000
v 0.383101 -0.279118 1.000000
v 0.383101 0.267097 1.000000
v 0.339875 0.705977 1.000000
v 0.468495 -0.261099 1.000000
v 0.430004 -0.264890 1.000000
v 0.430004 0.252869 1.000000
v 0.468495 0.249078 1.000000
v 0.468495 0.747101 1.000000
v 0.430004 0.743310 1.000000
v 0.478982 -0.260288 1.000000
v 0.478583 -0.260284 1.000000
v 0.478184 -0.260288 1.000000
v 0.477752 -0.260300 1.000000
v 0.481586 -0.260442 1.000000
v 0.480590 -0.260366 1.000000
v 0.476577 -0.260366 1.000000
v 0.479924 -0.260324 1.000000
v 0.477243 -0.260324 1.000000
v 0.479415 -0.260300 1.000000
v 0.478184 0.248266 1.000000
v 0.478583 0.248262 1.000000
v 0.478983 0.248266 1.000000
v 0.477752 0.248279 1.000000
v 0.479415 0.248279 1.000000
v 0.477242 0.248303 1.000000
v 0.479924 0.248303 1.000000
v 0.480590 0.248344 1.000000
v 0.480590 0.747835 1.000000
v 0.479924 0.747876 1.000000
v 0.477242 0.747876 1.000000
v 0.477752 0.747900 1.000000
v 0.479415 0.747900 1.000000
v 0.478184 0.747912 1.000000
v 0.478983 0.747912 1.000000
v 0.478583 0.747916 1.000000
v 0.473739 -0.260603 1.000000
v 0.483428 -0.260603 1.000000
v 0.475580 -0.260442 1.000000
v 0.476577 0.248344 1.000000
v 0.481587 0.248421 1.000000
v 0.475580 0.248421 1.000000
v 0.473739 0.248581 1.000000
v 0.475580 0.747758 1.000000
v 0.473739 0.747598 1.000000
v 0.481587 0.747758 1.000000
v 0.476577 0.747835 1.000000
v 0.483428 0.248581 1.000000
v 0.488671 -0.261099 1.000000
v 0.488672 0.249078 1.000000
v 0.574066 -0.279118 1.000000
v 0.574066 0.267097 1.000000
v 0.527163 -0.264890 1.000000
v 0.527163 0.252869 1.000000
v 0.527163 0.743310 1.000000
v 0.488672 0.747101 1.000000
v 0.617292 -0.302223 1.000000
v 0.617292 0.290202 1.000000
v 0.655180 -0.333317 1.000000
v 0.655180 0.321295 1.000000
v 0.617292 0.705977 1.000000
v 0.574066 0.729082 1.000000
v 0.686273 0.359183 1.000000
v 0.686273 -0.371204 1.000000
v 0.709378 0.402409 1.000000
v 0.709378 -0.414430 1.000000
v 0.709378 -0.605791 1.000000
v 0.686273 0.636996 1.000000
v 0.723606 -0.461333 1.000000
v 0.723606 0.449312 1.000000
v 0.728410 -0.510111 1.000000
v 0.728410 0.498089 1.000000
v 0.723606 -0.558888 1.000000
v 0.723606 0.546867 1.000000
v 0.686273 -0.649017 1.000000
v 0.709378 0.593770 1.000000
v 0.655180 0.674883 1.000000
v 0.483428 0.747598 1.000000
v 0.339875 0.290202 1.000000
v -0.728410 -0.510111 1.000000
v -0.728410 0.498089 1.000000
v -0.723606 0.449312 1.000000
v -0.723606 -0.461333 1.000000
v -0.723606 -0.558888 1.000000
v -0.723606 0.546867 1.000000
v -0.709378 -0.414430 1.000000
v -0.709378 0.402409 1.000000
v -0.686273 -0.371204 1.000000
v -0.686273 0.359183 1.000000
v -0.709378 0.593770 1.000000
v -0.686273 -0.649017 1.000000
v -0.709378 -0.605791 1.000000
v -0.686273 0.636996 1.000000
v -0.655179 -0.333317 1.000000
v -0.655179 0.321295 1.000000
v -0.617291 -0.717999 1.000000
v -0.617291 -0.302223 1.000000
v -0.617291 0.290202 1.000000
v -0.655179 -0.686905 1.000000
v -0.574066 0.267097 1.000000
v -0.574066 -0.279118 1.000000
v -0.527163 -0.264890 1.000000
v -0.527163 0.252869 1.000000
v -0.488671 -0.261099 1.000000
v -0.483427 0.248581 1.000000
v -0.488671 0.249078 1.000000
v -0.527163 -0.755331 1.000000
v -0.488671 -0.759122 1.000000
v -0.574066 -0.741103 1.000000
v -0.478583 -0.759938 1.000000
v -0.478184 -0.759934 1.000000
v -0.478982 -0.759934 1.000000
v -0.478583 -0.260284 1.000000
v -0.478982 -0.260288 1.000000
v -0.478184 -0.260288 1.000000
v -0.478982 0.248266 1.000000
v -0.478583 0.248262 1.000000
v -0.478184 0.248266 1.000000
v -0.479414 -0.759921 1.000000
v -0.477752 -0.759921 1.000000
v -0.479924 -0.759898 1.000000
v -0.477242 -0.759898 1.000000
v -0.477242 -0.260324 1.000000
v -0.477752 -0.260300 1.000000
v -0.479924 -0.260324 1.000000
v -0.479414 -0.260300 1.000000
v -0.479414 0.248279 1.000000
v -0.477752 0.248279 1.000000
v -0.339874 -0.717999 1.000000
v -0.383100 -0.741103 1.000000
v -0.383100 -0.279118 1.000000
v -0.383100 0.267097 1.000000
v -0.468495 -0.759122 1.000000
v -0.430003 -0.755331 1.000000
v -0.430003 -0.264890 1.000000
v -0.468495 -0.261099 1.000000
v -0.430003 0.252869 1.000000
v -0.468495 0.249078 1.000000
v -0.476576 -0.759856 1.000000
v -0.480590 -0.759856 1.000000
v -0.481586 -0.759780 1.000000
v -0.475580 -0.759780 1.000000
v -0.483427 -0.759619 1.000000
v -0.473739 -0.759619 1.000000
v -0.473739 -0.260603 1.000000
v -0.483427 -0.260603 1.000000
v -0.475580 -0.260442 1.000000
v -0.481586 -0.260442 1.000000
v -0.476576 -0.260366 1.000000
v -0.480590 -0.260366 1.000000
v -0.477242 0.248303 1.000000
v -0.479924 0.248303 1.000000
v -0.480590 0.248344 1.000000
v -0.476576 0.248344 1.000000
v -0.481586 0.248421 1.000000
v -0.475580 0.248421 1.000000
v -0.473738 0.248581 1.000000
v -0.301987 -0.333317 1.000000
v -0.304792 -0.331014 1.000000
v -0.270893 -0.649017 1.000000
v -0.270893 -0.371204 1.000000
v -0.233560 -0.558888 1.000000
v -0.230795 -0.095453 1.000000
v -0.245023 0.049004 1.000000
v -0.247788 -0.605791 1.000000
v -0.247788 -0.414430 1.000000
v -0.245023 -0.048551 1.000000
v -0.249827 0.000227 1.000000
v -0.207690 0.139133 1.000000
v -0.095483 -0.230766 1.000000
v -0.138708 -0.207661 1.000000
v -0.176596 -0.176567 1.000000
v -0.000399 -0.249596 1.000000
v 0.000000 -0.249600 1.000000
v 0.000399 -0.249596 1.000000
v -0.000831 -0.249584 1.000000
v 0.000831 -0.249584 1.000000
v -0.001341 -0.249560 1.000000
v 0.001341 -0.249560 1.000000
v 0.002007 -0.249518 1.000000
v -0.002007 -0.249518 1.000000
v 0.003003 -0.249442 1.000000
v -0.003003 -0.249442 1.000000
v -0.004844 -0.249281 1.000000
v 0.004844 -0.249281 1.000000
v -0.010088 -0.248785 1.000000
v -0.048580 -0.244994 1.000000
v -0.228756 -0.510111 1.000000
v -0.233560 -0.461333 1.000000
v -0.207690 -0.138679 1.000000
v -0.230795 0.095907 1.000000
v 0.010088 -0.248785 1.000000
v 0.048580 -0.244994 1.000000
v 0.138709 -0.207661 1.000000
v 0.095483 -0.230766 1.000000
v 0.233561 -0.558888 1.000000
v 0.228757 -0.510111 1.000000
v 0.233561 -0.461333 1.000000
v 0.247788 -0.414430 1.000000
v 0.301987 -0.686905 1.000000
v 0.301987 -0.333317 1.000000
v 0.270893 -0.649017 1.000000
v 0.270893 -0.371204 1.000000
v 0.247788 -0.605791 1.000000
v 0.383101 -0.741103 1.000000
v 0.430004 -0.755331 1.000000
v 0.468495 -0.759122 1.000000
v 0.478184 -0.759934 1.000000
v 0.478583 -0.759938 1.000000
v 0.478982 -0.759934 1.000000
v 0.477752 -0.759921 1.000000
v 0.479415 -0.759921 1.000000
v 0.527163 -0.755331 1.000000
v 0.488671 -0.759122 1.000000
v 0.617292 -0.717999 1.000000
v 0.655180 -0.686905 1.000000
v 0.574066 -0.741103 1.000000
v 0.480590 -0.759856 1.000000
v 0.479924 -0.759898 1.000000
v 0.481586 -0.759780 1.000000
v 0.483428 -0.759619 1.000000
v 0.473739 -0.759619 1.000000
v 0.475580 -0.759780 1.000000
v 0.476577 -0.759856 1.000000
v 0.477243 -0.759898 1.000000
v 0.339875 -0.717999 1.000000
v -0.301987 -0.686905 1.000000
v -0.339874 -0.302223 1.000000
v -0.339874 0.290202 1.000000
v -0.718991 -1.000000 -0.744261
v -0.687952 -1.000000 -0.782082
v -0.650131 -1.000000 -0.813120
v -0.606982 -1.000000 -0.836184
v -0.560162 -1.000000 -0.850386
v -0.511472 -1.000000 -0.855182
v -0.462781 -1.000000 -0.850387
v -0.372812 -1.000000 -0.398082
v -0.372812 -1.000000 -0.813120
v -0.415961 -1.000000 -0.836184
v -0.280889 -1.000000 -0.510090
v -0.280889 -1.000000 -0.701112
v -0.303953 -1.000000 -0.466941
v -0.303952 -1.000000 -0.744261
v -0.261890 -1.000000 -0.605601
v 0.261891 -1.000000 -0.605601
v 0.261891 -1.000000 -0.000000
v -0.266686 -1.000000 -0.654292
v -0.266686 -1.000000 -0.556910
v 0.266687 -1.000000 0.048691
v 0.266687 -1.000000 -0.048691
v -0.334991 -1.000000 -0.429121
v -0.334991 -1.000000 -0.782082
v 0.280889 -1.000000 0.095510
v 0.280889 -1.000000 -0.510091
v 0.334992 -1.000000 -0.176480
v 0.334992 -1.000000 -0.429121
v 0.303953 -1.000000 -0.138660
v 0.303953 -1.000000 -0.466941
v 0.303953 -1.000000 -0.744261
v 0.303953 -1.000000 0.138660
v 0.280889 -1.000000 -0.095511
v 0.280889 -1.000000 -0.701112
v 0.372812 -1.000000 -0.398082
v 0.372812 -1.000000 -0.207519
v 0.372812 -1.000000 0.207519
v 0.415962 -1.000000 0.375018
v 0.415962 -1.000000 0.230583
v 0.415962 -1.000000 -0.230583
v 0.415962 -1.000000 -0.375018
v 0.415962 -1.000000 -0.836184
v 0.372812 -1.000000 -0.813120
v 0.334992 -1.000000 0.176480
v 0.334992 -1.000000 -0.782082
v 0.266687 -1.000000 -0.556910
v 0.266687 -1.000000 -0.654292
v 0.462781 -1.000000 0.244785
v 0.462781 -1.000000 0.360815
v 0.511472 -1.000000 -0.356020
v 0.511472 -1.000000 0.249581
v 0.462781 -1.000000 -0.244785
v 0.462781 -1.000000 -0.360816
v 0.560163 -1.000000 0.360815
v 0.560163 -1.000000 0.244785
v 0.560163 -1.000000 -0.360816
v 0.560163 -1.000000 -0.244786
v 0.511472 -1.000000 0.356019
v 0.511472 -1.000000 -0.249581
v 0.511472 -1.000000 -0.855182
v 0.606983 -1.000000 -0.375018
v 0.606983 -1.000000 0.230583
v 0.606983 -1.000000 0.375018
v 0.606983 -1.000000 -0.230583
v 0.650132 -1.000000 0.398081
v 0.650132 -1.000000 -0.207519
v 0.650132 -1.000000 0.207519
v 0.650132 -1.000000 -0.398082
v 0.650132 -1.000000 -0.813120
v 0.606983 -1.000000 -0.836184
v 0.560163 -1.000000 -0.850387
v 0.687953 -1.000000 0.429120
v 0.687953 -1.000000 0.176481
v 0.718991 -1.000000 -0.466941
v 0.718991 -1.000000 0.138660
v 0.687953 -1.000000 -0.176481
v 0.687953 -1.000000 -0.429121
v 0.718991 -1.000000 0.466941
v 0.742055 -1.000000 0.095511
v 0.718991 -1.000000 -0.138660
v 0.742055 -1.000000 -0.510090
v 0.718991 -1.000000 -0.744261
v 0.716177 -1.000000 -0.747691
v 0.742055 -1.000000 0.510090
v 0.742055 -1.000000 -0.095511
v 0.756258 -1.000000 -0.556910
v 0.761053 -1.000000 0.000000
v 0.761053 -1.000000 0.605601
v 0.756258 -1.000000 0.048691
v 0.756258 -1.000000 -0.048691
v 0.761053 -1.000000 -0.605601
v 0.756258 -1.000000 0.654292
v 0.756258 -1.000000 0.556910
v 0.756258 -1.000000 -0.654292
v 0.742055 -1.000000 0.701111
v 0.742055 -1.000000 -0.701112
v 0.687953 -1.000000 -0.782082
v 0.462781 -1.000000 -0.850386
v -0.761053 -1.000000 0.605601
v -0.761053 -1.000000 -0.000000
v -0.756257 -1.000000 0.654291
v -0.761053 -1.000000 -0.605601
v -0.756257 -1.000000 0.556910
v -0.756257 -1.000000 0.048691
v -0.756257 -1.000000 -0.048691
v -0.756257 -1.000000 -0.556910
v -0.742054 -1.000000 0.701111
v -0.756257 -1.000000 -0.654292
v -0.742054 -1.000000 0.510090
v -0.742054 -1.000000 0.095510
v -0.742054 -1.000000 -0.095511
v -0.742054 -1.000000 -0.510091
v -0.718991 -1.000000 0.138660
v -0.718991 -1.000000 0.466941
v -0.687952 -1.000000 0.429120
v -0.687952 -1.000000 0.176480
v -0.687952 -1.000000 -0.429121
v -0.718991 -1.000000 -0.138660
v -0.718991 -1.000000 -0.466941
v -0.718991 -1.000000 0.744260
v -0.716176 -1.000000 0.747690
v -0.687952 -1.000000 0.782081
v -0.742054 -1.000000 -0.701112
v -0.687952 -1.000000 -0.176480
v -0.650132 -1.000000 0.813120
v -0.650131 -1.000000 0.398082
v -0.650132 -1.000000 0.207519
v -0.650131 -1.000000 -0.207519
v -0.650132 -1.000000 -0.398082
v -0.606982 -1.000000 0.230583
v -0.606982 -1.000000 0.375018
v -0.606982 -1.000000 -0.375018
v -0.606982 -1.000000 -0.230583
v -0.606982 -1.000000 0.836183
v -0.560162 -1.000000 -0.244785
v -0.560163 -1.000000 -0.360816
v -0.560162 -1.000000 0.360815
v -0.560163 -1.000000 0.244785
v -0.511472 -1.000000 0.249581
v -0.511472 -1.000000 0.356019
v -0.462781 -1.000000 0.360815
v -0.462781 -1.000000 0.244785
v -0.462781 -1.000000 -0.360816
v -0.511472 -1.000000 -0.249581
v -0.511472 -1.000000 -0.356020
v -0.511472 -1.000000 0.855182
v -0.560163 -1.000000 0.850386
v -0.462781 -1.000000 0.850386
v -0.462781 -1.000000 -0.244786
v -0.415961 -1.000000 0.836183
v -0.415961 -1.000000 0.375018
v -0.415961 -1.000000 0.230583
v -0.415961 -1.000000 -0.230583
v -0.415961 -1.000000 -0.375018
v -0.372812 -1.000000 0.398081
v -0.372812 -1.000000 0.207519
v -0.372812 -1.000000 -0.207519
v -0.372812 -1.000000 0.813120
v -0.334991 -1.000000 0.176481
v -0.334991 -1.000000 0.429120
v -0.303952 -1.000000 0.466941
v -0.303953 -1.000000 0.138660
v -0.280889 -1.000000 0.701111
v -0.280889 -1.000000 0.510090
v -0.280889 -1.000000 0.095511
v -0.280889 -1.000000 -0.095511
v -0.303953 -1.000000 0.744260
v -0.303952 -1.000000 -0.138660
v -0.334991 -1.000000 0.782081
v -0.334991 -1.000000 -0.176481
v 0.261891 -1.000000 0.605601
v -0.261890 -1.000000 0.605601
v -0.266686 -1.000000 0.556910
v -0.261890 -1.000000 0.000000
v 0.303953 -1.000000 0.744260
v 0.303953 -1.000000 0.466941
v 0.280889 -1.000000 0.701111
v 0.280889 -1.000000 0.510090
v 0.266687 -1.000000 0.654291
v 0.266687 -1.000000 0.556910
v 0.372812 -1.000000 0.813120
v 0.462781 -1.000000 0.850386
v 0.415962 -1.000000 0.836183
v 0.372812 -1.000000 0.398082
v 0.560163 -1.000000 0.850386
v 0.606983 -1.000000 0.836183
v 0.687953 -1.000000 0.782081
v 0.718991 -1.000000 0.744260
v 0.650132 -1.000000 0.813120
v 0.511472 -1.000000 0.855182
v 0.334992 -1.000000 0.782081
v 0.334992 -1.000000 0.429120
v -0.266686 -1.000000 0.048691
v -0.266686 -1.000000 -0.048691
v -0.266686 -1.000000 0.654292
v -0.248844 1.000000 -0.000000
v -0.244062 1.000000 0.048547
v -0.244062 1.000000 -0.048547
v -0.206906 1.000000 0.138250
v -0.206906 1.000000 -0.138250
v -0.175959 1.000000 0.175959
v -0.229902 1.000000 0.095228
v -0.229902 1.000000 -0.095229
v -0.048547 1.000000 -0.244062
v -0.095228 1.000000 -0.229902
v -0.138250 1.000000 -0.206906
v 0.048547 1.000000 -0.244063
v 0.138250 1.000000 -0.206906
v 0.095229 1.000000 -0.229902
v 0.000000 1.000000 -0.248844
v -0.175959 1.000000 -0.175959
v -0.138250 1.000000 0.206906
v -0.048547 1.000000 0.244062
v -0.095228 1.000000 0.229902
v 0.048547 1.000000 0.244062
v 0.138250 1.000000 0.206906
v 0.095228 1.000000 0.229902
v -0.000000 1.000000 0.248844
v 0.175959 1.000000 -0.175959
v 0.206906 1.000000 0.138250
v 0.206906 1.000000 -0.138250
v 0.248844 1.000000 0.000000
v 0.244063 1.000000 0.048547
v 0.244063 1.000000 -0.048547
v 0.229902 1.000000 -0.095228
v 0.229902 1.000000 0.095229
v 0.175959 1.000000 0.175959
vn -1.0000 -0.0000 -0.0000
vn -0.0000 -0.0000 -1.0000
vn 1.0000 -0.0000 -0.0000
vn -0.0000 -0.0000 1.0000
vn -0.0000 -0.0006 1.0000
vn -0.0000 -1.0000 -0.0000
vn -0.0000 1.0000 -0.0000
vn -0.0464 -0.8810 0.4709
vn -0.0865 0.4696 0.8786
vn -0.0624 -0.7715 0.6332
vn -0.0759 0.6326 0.7708
vn -0.0759 -0.6326 0.7708
vn -0.0624 0.7715 0.6332
vn -0.0865 -0.4696 0.8786
vn -0.0464 0.8810 0.4709
vn -0.0938 -0.2890 0.9527
vn -0.0286 0.9565 0.2902
vn -0.0975 -0.0975 0.9904
vn -0.0096 -0.9951 0.0980
vn -0.0096 0.9951 0.0980
vn -0.0975 0.0976 0.9904
vn -0.0286 -0.9566 0.2902
vn -0.0938 0.2890 0.9527
vn -0.2889 0.0976 0.9524
vn -0.0846 -0.9565 0.2790
vn -0.2779 0.2890 0.9161
vn -0.1374 -0.8810 0.4528
vn -0.2563 0.4696 0.8448
vn -0.1847 -0.7715 0.6088
vn -0.2248 0.6326 0.7412
vn -0.2248 -0.6326 0.7412
vn -0.1847 0.7715 0.6088
vn -0.2563 -0.4696 0.8448
vn -0.1374 0.8810 0.4528
vn -0.2779 -0.2890 0.9161
vn -0.0846 0.9565 0.2790
vn -0.2889 -0.0975 0.9524
vn -0.0286 -0.9951 0.0942
vn -0.0286 0.9951 0.0942
vn -0.2999 0.7715 0.5611
vn -0.4162 -0.4696 0.7786
vn -0.2230 0.8810 0.4173
vn -0.4513 -0.2890 0.8443
vn -0.1374 0.9566 0.2571
vn -0.4691 -0.0975 0.8777
vn -0.0464 -0.9951 0.0869
vn -0.0465 0.9951 0.0868
vn -0.4691 0.0975 0.8777
vn -0.1374 -0.9565 0.2571
vn -0.4513 0.2890 0.8443
vn -0.2230 -0.8810 0.4173
vn -0.4162 0.4696 0.7786
vn -0.2999 -0.7715 0.5611
vn -0.3651 0.6326 0.6831
vn -0.3651 -0.6326 0.6831
vn -0.6073 0.2890 0.7400
vn -0.3002 -0.8810 0.3658
vn -0.5601 0.4696 0.6825
vn -0.4036 -0.7715 0.4918
vn -0.4913 0.6326 0.5987
vn -0.4913 -0.6326 0.5987
vn -0.4036 0.7715 0.4918
vn -0.5601 -0.4696 0.6825
vn -0.3002 0.8810 0.3658
vn -0.6073 -0.2890 0.7400
vn -0.1850 0.9566 0.2254
vn -0.6314 -0.0975 0.7693
vn -0.0625 -0.9951 0.0761
vn -0.0625 0.9951 0.0761
vn -0.6314 0.0975 0.7693
vn -0.1850 -0.9566 0.2254
vn -0.3658 0.8810 0.3002
vn -0.7400 -0.2890 0.6073
vn -0.2254 0.9566 0.1850
vn -0.7693 -0.0975 0.6314
vn -0.0761 -0.9951 0.0625
vn -0.0762 0.9951 0.0625
vn -0.7693 0.0975 0.6314
vn -0.2254 -0.9565 0.1850
vn -0.7400 0.2890 0.6073
vn -0.3658 -0.8810 0.3002
vn -0.6825 0.4696 0.5601
vn -0.4918 -0.7715 0.4036
vn -0.5987 0.6326 0.4913
vn -0.5987 -0.6326 0.4913
vn -0.4918 0.7715 0.4036
vn -0.6825 -0.4696 0.5601
vn -0.4173 -0.8810 0.2230
vn -0.7786 0.4696 0.4162
vn -0.5611 -0.7715 0.2999
vn -0.6831 0.6326 0.3651
vn -0.6831 -0.6326 0.3651
vn -0.5611 0.7715 0.2999
vn -0.7786 -0.4696 0.4162
vn -0.4173 0.8810 0.2230
vn -0.8443 -0.2890 0.4513
vn -0.2571 0.9565 0.1374
vn -0.8777 -0.0975 0.4691
vn -0.0869 -0.9951 0.0464
vn -0.0869 0.9951 0.0464
vn -0.8777 0.0975 0.4691
vn -0.2571 -0.9565 0.1374
vn -0.8443 0.2890 0.4513
vn -0.9161 -0.2890 0.2779
vn -0.2790 0.9565 0.0846
vn -0.9524 -0.0975 0.2889
vn -0.0942 -0.9951 0.0286
vn -0.0942 0.9951 0.0286
vn -0.9524 0.0975 0.2889
vn -0.2790 -0.9565 0.0846
vn -0.9161 0.2890 0.2779
vn -0.4528 -0.8810 0.1374
vn -0.8448 0.4696 0.2563
vn -0.6088 -0.7715 0.1847
vn -0.7412 0.6326 0.2248
vn -0.7412 -0.6326 0.2248
vn -0.6088 0.7715 0.1847
vn -0.8448 -0.4696 0.2563
vn -0.4528 0.8810 0.1374
vn -0.8786 0.4696 0.0865
vn -0.6332 -0.7715 0.0624
vn -0.7708 0.6326 0.0759
vn -0.7708 -0.6326 0.0759
vn -0.6332 0.7715 0.0624
vn -0.8786 -0.4696 0.0865
vn -0.4709 0.8810 0.0464
vn -0.9527 -0.2890 0.0938
vn -0.2902 0.9565 0.0286
vn -0.9904 -0.0975 0.0976
vn -0.0980 -0.9951 0.0097
vn -0.0980 0.9951 0.0096
vn -0.9904 0.0975 0.0975
vn -0.2902 -0.9565 0.0286
vn -0.9527 0.2890 0.0938
vn -0.4709 -0.8810 0.0464
vn -0.2902 0.9565 -0.0286
vn -0.9904 -0.0975 -0.0975
vn -0.0980 -0.9951 -0.0096
vn -0.0980 0.9951 -0.0097
vn -0.9904 0.0975 -0.0976
vn -0.2902 -0.9565 -0.0286
vn -0.9527 0.2890 -0.0938
vn -0.4709 -0.8810 -0.0464
vn -0.8786 0.4696 -0.0865
vn -0.6332 -0.7715 -0.0624
vn -0.7708 0.6326 -0.0759
vn -0.7708 -0.6326 -0.0759
vn -0.6332 0.7715 -0.0624
vn -0.8786 -0.4696 -0.0865
vn -0.4709 0.8810 -0.0464
vn -0.9527 -0.2890 -0.0938
vn -0.6088 -0.7715 -0.1847
vn -0.7412 0.6326 -0.2248
vn -0.7412 -0.6326 -0.2248
vn -0.6088 0.7715 -0.1847
vn -0.8448 -0.4696 -0.2563
vn -0.4528 0.8810 -0.1374
vn -0.9161 -0.2890 -0.2779
vn -0.2790 0.9565 -0.0846
vn -0.9524 -0.0975 -0.2889
vn -0.0942 -0.9951 -0.0286
vn -0.0942 0.9951 -0.0286
vn -0.9524 0.0975 -0.2889
vn -0.2790 -0.9565 -0.0846
vn -0.9161 0.2890 -0.2779
vn -0.4528 -0.8810 -0.1374
vn -0.8448 0.4696 -0.2563
vn -0.8777 -0.0975 -0.4691
vn -0.0868 -0.9951 -0.0464
vn -0.0869 0.9951 -0.0464
vn -0.8777 0.0975 -0.4691
vn -0.2571 -0.9565 -0.1374
vn -0.8443 0.2890 -0.4513
vn -0.4173 -0.8810 -0.2230
vn -0.7786 0.4696 -0.4162
vn -0.5611 -0.7715 -0.2999
vn -0.6831 0.6326 -0.3651
vn -0.6831 -0.6326 -0.3651
vn -0.5611 0.7715 -0.2999
vn -0.7786 -0.4696 -0.4162
vn -0.4173 0.8810 -0.2230
vn -0.8443 -0.2890 -0.4513
vn -0.2571 0.9566 -0.1374
vn -0.5987 0.6326 -0.4913
vn -0.5987 -0.6326 -0.4913
vn -0.4918 0.7715 -0.4036
vn -0.6825 -0.4696 -0.5601
vn -0.3658 0.8810 -0.3002
vn -0.7400 -0.2890 -0.6073
vn -0.2254 0.9566 -0.1850
vn -0.7693 -0.0975 -0.6314
vn -0.0762 -0.9951 -0.0625
vn -0.0761 0.9951 -0.0625
vn -0.7693 0.0975 -0.6314
vn -0.2254 -0.9565 -0.1850
vn -0.7400 0.2890 -0.6073
vn -0.3658 -0.8810 -0.3002
vn -0.6825 0.4696 -0.5601
vn -0.4918 -0.7715 -0.4036
vn -0.0625 0.9951 -0.0761
vn -0.6314 0.0975 -0.7693
vn -0.1850 -0.9565 -0.2254
vn -0.6073 0.2890 -0.7400
vn -0.3002 -0.8810 -0.3658
vn -0.5601 0.4696 -0.6825
vn -0.4036 -0.7715 -0.4918
vn -0.4913 0.6326 -0.5987
vn -0.4913 -0.6326 -0.5987
vn -0.4036 0.7715 -0.4918
vn -0.5601 -0.4696 -0.6825
vn -0.3002 0.8810 -0.3658
vn -0.6073 -0.2890 -0.7400
vn -0.1850 0.9565 -0.2254
vn -0.6314 -0.0975 -0.7693
vn -0.0625 -0.9951 -0.0761
vn -0.2999 0.7715 -0.5611
vn -0.4162 -0.4696 -0.7786
vn -0.2230 0.8810 -0.4173
vn -0.4513 -0.2890 -0.8443
vn -0.1374 0.9566 -0.2571
vn -0.4691 -0.0975 -0.8777
vn -0.0464 -0.9951 -0.0868
vn -0.0464 0.9951 -0.0869
vn -0.4691 0.0975 -0.8777
vn -0.1374 -0.9565 -0.2571
vn -0.4513 0.2890 -0.8443
vn -0.2230 -0.8810 -0.4173
vn -0.4162 0.4696 -0.7786
vn -0.2999 -0.7715 -0.5611
vn -0.3651 0.6326 -0.6831
vn -0.3651 -0.6326 -0.6831
vn -0.0846 -0.9566 -0.2790
vn -0.2779 0.2890 -0.9161
vn -0.1374 -0.8810 -0.4528
vn -0.2563 0.4696 -0.8448
vn -0.1847 -0.7715 -0.6088
vn -0.2248 0.6326 -0.7412
vn -0.2248 -0.6326 -0.7412
vn -0.1847 0.7715 -0.6088
vn -0.2563 -0.4696 -0.8448
vn -0.1374 0.8810 -0.4528
vn -0.2779 -0.2890 -0.9161
vn -0.0846 0.9565 -0.2790
vn -0.2889 -0.0975 -0.9524
vn -0.0286 -0.9951 -0.0942
vn -0.0286 0.9951 -0.0942
vn -0.2889 0.0975 -0.9524
vn -0.0865 -0.4696 -0.8786
vn -0.0464 0.8810 -0.4709
vn -0.0938 -0.2890 -0.9527
vn -0.0286 0.9565 -0.2902
vn -0.0975 -0.0976 -0.9904
vn -0.0096 -0.9951 -0.0980
vn -0.0096 0.9951 -0.0980
vn -0.0975 0.0975 -0.9904
vn -0.0286 -0.9565 -0.2902
vn -0.0938 0.2890 -0.9527
vn -0.0464 -0.8810 -0.4709
vn -0.0865 0.4696 -0.8786
vn -0.0624 -0.7715 -0.6332
vn -0.0759 0.6326 -0.7708
vn -0.0759 -0.6326 -0.7708
vn -0.0624 0.7715 -0.6332
vn -0.0976 0.0976 0.9904
vn -0.2889 0.0975 0.9524
vn -0.2231 0.8810 0.4173
vn -0.1374 0.9565 0.2571
vn -0.0464 0.9951 0.0869
vn -0.1850 0.9565 0.2254
vn -0.2254 0.9565 0.1850
vn -0.0761 0.9951 0.0625
vn -0.2571 0.9566 0.1374
vn -0.2790 0.9566 0.0846
vn -0.0980 0.9951 0.0097
vn -0.9904 -0.0975 -0.0976
vn -0.8777 -0.0975 -0.4692
vn -0.4173 0.8810 -0.2231
vn -0.2571 0.9565 -0.1374
vn -0.2254 0.9565 -0.1850
vn -0.2231 0.8810 -0.4173
vn -0.1375 0.9565 -0.2571
vn -0.0975 -0.0975 -0.9904
vn 0.0938 0.2890 -0.9527
vn 0.0865 0.4696 -0.8786
vn 0.0759 0.6326 -0.7708
vn 0.0624 0.7715 -0.6332
vn 0.0464 0.8810 -0.4709
vn 0.0286 0.9565 -0.2902
vn 0.0975 -0.0976 -0.9904
vn 0.0096 0.9951 -0.0980
vn 0.0975 0.0975 -0.9904
vn 0.1374 0.8810 -0.4528
vn 0.0846 0.9565 -0.2790
vn 0.2889 -0.0975 -0.9524
vn 0.0286 0.9951 -0.0942
vn 0.2889 0.0975 -0.9524
vn 0.2779 0.2890 -0.9161
vn 0.2563 0.4696 -0.8448
vn 0.2248 0.6326 -0.7412
vn 0.1847 0.7715 -0.6088
vn 0.4162 0.4696 -0.7786
vn 0.3651 0.6326 -0.6831
vn 0.2999 0.7715 -0.5611
vn 0.2231 0.8810 -0.4173
vn 0.1374 0.9566 -0.2571
vn 0.4692 -0.0975 -0.8777
vn 0.0464 0.9951 -0.0869
vn 0.4691 0.0975 -0.8777
vn 0.4513 0.2890 -0.8443
vn 0.1850 0.9565 -0.2254
vn 0.6314 -0.0975 -0.7693
vn 0.0625 0.9951 -0.0761
vn 0.6314 0.0975 -0.7693
vn 0.6073 0.2890 -0.7400
vn 0.5601 0.4696 -0.6825
vn 0.4913 0.6326 -0.5987
vn 0.4036 0.7715 -0.4918
vn 0.3002 0.8810 -0.3658
vn 0.6825 0.4696 -0.5601
vn 0.5987 0.6326 -0.4913
vn 0.4918 0.7715 -0.4036
vn 0.3658 0.8810 -0.3002
vn 0.2254 0.9565 -0.1850
vn 0.7693 -0.0975 -0.6314
vn 0.0761 0.9951 -0.0625
vn 0.7693 0.0975 -0.6314
vn 0.7400 0.2890 -0.6073
vn 0.2571 0.9565 -0.1374
vn 0.8777 -0.0975 -0.4691
vn 0.0869 0.9951 -0.0464
vn 0.8777 0.0975 -0.4691
vn 0.8443 0.2890 -0.4513
vn 0.7786 0.4696 -0.4162
vn 0.6831 0.6326 -0.3651
vn 0.5611 0.7715 -0.2999
vn 0.4173 0.8810 -0.2231
vn 0.7412 0.6326 -0.2248
vn 0.6088 0.7715 -0.1847
vn 0.4528 0.8810 -0.1374
vn 0.2790 0.9565 -0.0846
vn 0.9524 -0.0975 -0.2889
vn 0.0942 0.9951 -0.0286
vn 0.9524 0.0975 -0.2889
vn 0.9161 0.2890 -0.2779
vn 0.8448 0.4696 -0.2563
vn 0.0980 0.9951 -0.0097
vn 0.9904 0.0975 -0.0976
vn 0.9527 0.2890 -0.0938
vn 0.8786 0.4696 -0.0865
vn 0.7708 0.6326 -0.0759
vn 0.6332 0.7715 -0.0624
vn 0.4709 0.8810 -0.0464
vn 0.2902 0.9565 -0.0286
vn 0.9904 -0.0975 -0.0975
vn 0.6332 0.7715 0.0624
vn 0.4709 0.8810 0.0464
vn 0.2902 0.9565 0.0286
vn 0.9904 -0.0975 0.0976
vn 0.0980 0.9951 0.0097
vn 0.9904 0.0975 0.0975
vn 0.9527 0.2890 0.0938
vn 0.8786 0.4696 0.0865
vn 0.7708 0.6326 0.0759
vn 0.9524 0.0975 0.2889
vn 0.9161 0.2890 0.2779
vn 0.8448 0.4696 0.2563
vn 0.7412 0.6326 0.2248
vn 0.6088 0.7715 0.1847
vn 0.4528 0.8810 0.1374
vn 0.2790 0.9565 0.0846
vn 0.9524 -0.0975 0.2889
vn 0.0942 0.9951 0.0286
vn 0.5611 0.7715 0.2999
vn 0.4173 0.8810 0.2231
vn 0.2571 0.9565 0.1374
vn 0.8777 -0.0975 0.4692
vn 0.0869 0.9951 0.0464
vn 0.8777 0.0975 0.4691
vn 0.8443 0.2890 0.4513
vn 0.7786 0.4696 0.4162
vn 0.6831 0.6326 0.3651
vn 0.7400 0.2890 0.6073
vn 0.6825 0.4696 0.5601
vn 0.5987 0.6326 0.4913
vn 0.4918 0.7715 0.4036
vn 0.3658 0.8810 0.3002
vn 0.2254 0.9565 0.1850
vn 0.7693 -0.0975 0.6314
vn 0.0761 0.9951 0.0625
vn 0.7693 0.0975 0.6314
vn 0.3002 0.8810 0.3658
vn 0.1850 0.9565 0.2254
vn 0.6314 -0.0975 0.7693
vn 0.0625 0.9951 0.0761
vn 0.6314 0.0975 0.7693
vn 0.6073 0.2890 0.7400
vn 0.5601 0.4696 0.6825
vn 0.4913 0.6326 0.5987
vn 0.4036 0.7715 0.4918
vn 0.4513 0.2890 0.8443
vn 0.4162 0.4696 0.7786
vn 0.3651 0.6326 0.6831
vn 0.2999 0.7715 0.5611
vn 0.2231 0.8810 0.4173
vn 0.1374 0.9565 0.2571
vn 0.4691 -0.0975 0.8777
vn 0.0464 0.9951 0.0869
vn 0.4691 0.0975 0.8777
vn 0.1374 0.8810 0.4528
vn 0.0846 0.9565 0.2790
vn 0.2889 -0.0975 0.9524
vn 0.0286 0.9951 0.0942
vn 0.2889 0.0975 0.9524
vn 0.2779 0.2890 0.9161
vn 0.2563 0.4696 0.8448
vn 0.2248 0.6326 0.7412
vn 0.1847 0.7715 0.6088
vn 0.0865 0.4696 0.8786
vn 0.0759 0.6326 0.7708
vn 0.0624 0.7715 0.6332
vn 0.0464 0.8810 0.4709
vn 0.0286 0.9565 0.2902
vn 0.0976 -0.0975 0.9904
vn 0.0096 0.9951 0.0980
vn 0.0976 0.0975 0.9904
vn 0.0938 0.2890 0.9527
vn -0.0975 -0.0976 0.9904
vn -0.0097 -0.9951 0.0980
vn -0.0975 0.0975 0.9904
vn -0.0286 -0.9565 0.2902
vn -0.4691 0.0976 0.8777
vn -0.2231 -0.8810 0.4173
vn -0.6314 0.0976 0.7693
vn -0.1850 -0.9565 0.2254
vn -0.2254 -0.9566 0.1850
vn -0.4173 -0.8810 0.2231
vn -0.8777 -0.0976 0.4691
vn -0.8777 0.0976 0.4691
vn -0.9524 -0.0976 0.2889
vn -0.9904 -0.0975 0.0975
vn -0.0980 -0.9951 -0.0097
vn -0.9904 0.0975 -0.0975
vn -0.9524 0.0976 -0.2889
vn -0.8777 -0.0976 -0.4692
vn -0.0869 -0.9951 -0.0464
vn -0.8777 0.0975 -0.4692
vn -0.4173 -0.8810 -0.2231
vn -0.0761 -0.9951 -0.0625
vn -0.6314 -0.0976 -0.7693
vn -0.0464 -0.9951 -0.0869
vn -0.4691 0.0976 -0.8777
vn -0.0846 -0.9565 -0.2790
vn -0.1373 -0.8810 -0.4528
vn -0.0097 -0.9951 -0.0980
vn -0.0975 0.0976 -0.9904
vn 0.0464 -0.8810 -0.4709
vn 0.0624 -0.7715 -0.6332
vn 0.0759 -0.6326 -0.7708
vn 0.0865 -0.4696 -0.8786
vn 0.0938 -0.2890 -0.9527
vn 0.0976 -0.0975 -0.9904
vn 0.0097 -0.9951 -0.0980
vn 0.0286 -0.9565 -0.2902
vn 0.2779 -0.2890 -0.9161
vn 0.0286 -0.9951 -0.0942
vn 0.2889 0.0976 -0.9524
vn 0.0846 -0.9565 -0.2790
vn 0.1373 -0.8810 -0.4528
vn 0.1847 -0.7715 -0.6088
vn 0.2248 -0.6326 -0.7412
vn 0.2563 -0.4696 -0.8448
vn 0.2231 -0.8810 -0.4173
vn 0.2999 -0.7715 -0.5611
vn 0.3651 -0.6326 -0.6831
vn 0.4162 -0.4696 -0.7786
vn 0.4513 -0.2890 -0.8443
vn 0.0464 -0.9951 -0.0869
vn 0.4692 0.0976 -0.8777
vn 0.1374 -0.9566 -0.2571
vn 0.6073 -0.2890 -0.7400
vn 0.0625 -0.9951 -0.0761
vn 0.6314 0.0976 -0.7693
vn 0.1850 -0.9565 -0.2254
vn 0.3002 -0.8810 -0.3658
vn 0.4036 -0.7715 -0.4918
vn 0.4913 -0.6326 -0.5987
vn 0.5601 -0.4696 -0.6825
vn 0.4918 -0.7715 -0.4036
vn 0.5987 -0.6326 -0.4913
vn 0.6825 -0.4696 -0.5601
vn 0.7400 -0.2890 -0.6073
vn 0.0761 -0.9951 -0.0625
vn 0.2254 -0.9565 -0.1850
vn 0.3658 -0.8810 -0.3002
vn 0.0869 -0.9951 -0.0464
vn 0.2571 -0.9566 -0.1374
vn 0.4173 -0.8810 -0.2230
vn 0.5611 -0.7715 -0.2999
vn 0.6831 -0.6326 -0.3651
vn 0.7786 -0.4696 -0.4162
vn 0.8443 -0.2890 -0.4513
vn 0.7412 -0.6326 -0.2248
vn 0.8448 -0.4696 -0.2563
vn 0.9161 -0.2890 -0.2779
vn 0.0942 -0.9951 -0.0286
vn 0.9524 0.0976 -0.2889
vn 0.2790 -0.9565 -0.0846
vn 0.4528 -0.8810 -0.1374
vn 0.6088 -0.7715 -0.1847
vn 0.0980 -0.9951 -0.0097
vn 0.9904 0.0975 -0.0975
vn 0.2902 -0.9565 -0.0286
vn 0.4709 -0.8810 -0.0464
vn 0.6332 -0.7715 -0.0624
vn 0.7708 -0.6326 -0.0759
vn 0.8786 -0.4696 -0.0865
vn 0.9527 -0.2890 -0.0938
vn 0.7708 -0.6326 0.0759
vn 0.8786 -0.4696 0.0865
vn 0.9527 -0.2890 0.0938
vn 0.9904 -0.0975 0.0975
vn 0.0980 -0.9951 0.0097
vn 0.2902 -0.9565 0.0286
vn 0.4709 -0.8810 0.0464
vn 0.6332 -0.7715 0.0624
vn 0.9524 0.0976 0.2889
vn 0.2790 -0.9565 0.0846
vn 0.4528 -0.8810 0.1374
vn 0.6088 -0.7715 0.1847
vn 0.7412 -0.6326 0.2248
vn 0.8448 -0.4696 0.2563
vn 0.9161 -0.2890 0.2779
vn 0.0942 -0.9951 0.0286
vn 0.7786 -0.4696 0.4162
vn 0.8443 -0.2890 0.4513
vn 0.8777 -0.0975 0.4691
vn 0.0869 -0.9951 0.0464
vn 0.2571 -0.9566 0.1374
vn 0.4173 -0.8810 0.2231
vn 0.5611 -0.7715 0.2999
vn 0.6831 -0.6326 0.3651
vn 0.2254 -0.9565 0.1850
vn 0.3658 -0.8810 0.3002
vn 0.4918 -0.7715 0.4036
vn 0.5987 -0.6326 0.4913
vn 0.6825 -0.4696 0.5601
vn 0.7400 -0.2890 0.6073
vn 0.0761 -0.9951 0.0625
vn 0.5601 -0.4696 0.6825
vn 0.6073 -0.2890 0.7400
vn 0.0625 -0.9951 0.0761
vn 0.6314 0.0976 0.7693
vn 0.1850 -0.9565 0.2254
vn 0.3002 -0.8810 0.3658
vn 0.4036 -0.7715 0.4918
vn 0.4913 -0.6326 0.5987
vn 0.2230 -0.8810 0.4173
vn 0.2999 -0.7715 0.5611
vn 0.3651 -0.6326 0.6831
vn 0.4162 -0.4696 0.7786
vn 0.4513 -0.2890 0.8443
vn 0.0464 -0.9951 0.0869
vn 0.1374 -0.9565 0.2571
vn 0.2779 -0.2890 0.9161
vn 0.0286 -0.9951 0.0942
vn 0.0846 -0.9565 0.2790
vn 0.1374 -0.8810 0.4528
vn 0.1847 -0.7715 0.6088
vn 0.2248 -0.6326 0.7412
vn 0.2563 -0.4696 0.8448
vn 0.0624 -0.7715 0.6332
vn 0.0759 -0.6326 0.7708
vn 0.0865 -0.4696 0.8786
vn 0.0938 -0.2890 0.9527
vn 0.0097 -0.9951 0.0980
vn 0.0286 -0.9565 0.2902
vn 0.0464 -0.8810 0.4709
vn -0.0976 -0.0976 0.9904
vn -0.6314 -0.0976 0.7693
vn -0.8777 -0.0976 0.4692
vn -0.9524 0.0976 0.2889
vn -0.8777 -0.0976 -0.4691
vn -0.6314 0.0976 -0.7693
vn -0.4691 -0.0976 -0.8777
vn -0.2231 -0.8810 -0.4173
vn -0.2889 0.0976 -0.9524
vn 0.0975 -0.0975 -0.9904
vn 0.1374 -0.8810 -0.4528
vn 0.2230 -0.8810 -0.4173
vn 0.4691 -0.0975 -0.8777
vn 0.4692 0.0975 -0.8777
vn 0.1374 -0.9565 -0.2571
vn 0.2254 -0.9566 -0.1850
vn 0.4173 -0.8810 -0.2231
vn 0.2790 -0.9566 -0.0846
vn 0.9904 0.0976 -0.0976
vn 0.9904 -0.0975 -0.0976
vn 0.9904 0.0975 0.0976
vn 0.8777 0.0975 0.4692
vn 0.2571 -0.9565 0.1374
vn 0.7693 0.0976 0.6314
vn 0.4692 0.0976 0.8777
vn 0.0976 0.0976 0.9904
vn 0.0286 -0.9566 0.2902
vn -0.2889 -0.0976 0.9524
vn -0.7693 0.0976 0.6314
vn -0.9904 0.0976 0.0975
vn -0.9904 0.0976 -0.0975
vn -0.2571 -0.9566 -0.1374
vn -0.2254 -0.9566 -0.1850
vn -0.0976 -0.0976 -0.9904
vn 0.2563 -0.4696 -0.8449
vn 0.8777 0.0976 -0.4691
vn 0.9904 0.0976 0.0976
vn 0.2254 -0.9566 0.1850
vn 0.4692 0.0975 0.8777
vn -0.0976 0.0975 0.9904
vn -0.1373 -0.8810 0.4528
vn -0.7693 -0.0976 0.6314
vn -0.9904 -0.0976 0.0975
vn -0.8777 0.0976 -0.4692
vn -0.4692 0.0976 -0.8777
vn 0.8777 0.0976 0.4691
vn 0.4691 -0.0976 0.8777
vn 0.2889 0.0976 0.9524
vn -0.9904 -0.0976 0.0976
vn 0.1850 -0.9566 0.2254
vn 0.4691 0.0976 0.8777
vn 0.1374 -0.9566 0.2571
vn -0.0976 -0.0975 0.9904
vn -0.9904 0.0976 0.0976
vn -0.9904 0.0976 -0.0976
vn 0.7693 0.0976 -0.6314
vn -0.0846 -0.9566 0.2790
vn -0.7708 -0.6325 -0.0759
vn -0.0943 -0.9951 -0.0286
vn -0.0624 0.9951 -0.0762
vn -0.0624 -0.9951 -0.0762
vn -0.0095 -0.9951 -0.0980
vn -0.0095 0.9951 -0.0980
vn 0.0095 -0.9951 -0.0980
vn 0.0095 0.9951 -0.0980
vn 0.0624 -0.9951 -0.0762
vn 0.0624 0.9951 -0.0762
vn 0.0943 -0.9951 -0.0286
vn 0.2901 -0.9566 -0.0286
vn 0.6331 -0.7715 -0.0624
vn 0.7708 0.6325 -0.0759
vn 0.2790 -0.9566 0.0846
vn 0.2790 0.9566 0.0846
vn 0.2231 -0.8810 0.4173
vn 0.0097 0.9951 0.0980
vn 0.8777 -0.0976 0.4691
vn 0.2254 0.9566 0.1850
vn 0.1374 0.9566 0.2571
vn 0.0975 -0.0976 0.9904
vn 0.0975 0.0976 0.9904
vn -0.0097 0.9951 0.0980
vn -0.0846 0.9566 0.2790
vn -0.0868 0.9951 0.0464
vn -0.0980 -0.9951 0.0096
vn -0.0980 0.9951 -0.0096
vn -0.0868 0.9951 -0.0464
vn -0.0846 0.9566 -0.2790
vn -0.0097 0.9951 -0.0980
vn -0.0976 0.0975 -0.9904
vn 0.0097 0.9951 -0.0980
vn 0.0976 0.0975 -0.9904
vn 0.0846 0.9566 -0.2790
vn 0.1374 0.9565 -0.2571
vn 0.4173 0.8810 -0.2230
vn 0.2790 0.9566 -0.0846
vn 0.8449 0.4696 0.2563
vn 0.9524 -0.0976 0.2889
vn 0.4173 0.8810 0.2230
vn 0.4173 -0.8810 0.2230
vn 0.0846 -0.9566 0.2790
vn 0.0975 -0.0975 0.9904
vn 0.0096 -0.9951 0.0980
vn 0.0975 0.0975 0.9904
vn -0.0762 -0.9951 0.0625
vn -0.0847 -0.9565 -0.2790
vn -0.0286 -0.9566 -0.2902
vn -0.0286 0.9566 -0.2902
vn 0.0096 -0.9951 -0.0980
vn 0.0846 -0.9566 -0.2790
vn 0.2889 -0.0976 -0.9524
vn 0.2230 0.8810 -0.4173
vn 0.7693 -0.0976 0.6314
vn -0.0847 0.9565 0.2790
vn 0.0286 0.9566 -0.2902
vn 0.2571 0.9566 -0.1374
vn -0.0847 -0.9565 0.2790
vn 0.1375 -0.9565 -0.2571
vn 0.1850 -0.9566 -0.2254
vn -0.0099 0.9951 0.0980
vn -0.0284 -0.9951 0.0942
vn -0.0290 0.9951 0.0942
vn -0.0465 -0.9951 0.0868
vn -0.0462 0.9951 0.0870
vn -0.0626 -0.9951 0.0762
vn -0.0619 0.9952 0.0762
vn -0.0763 0.9951 0.0625
vn -0.0869 0.9951 0.0463
vn -0.7708 0.6326 0.0760
vn -0.8786 -0.4697 0.0865
vn -0.4708 0.8810 0.0464
vn -0.9527 -0.2890 0.0939
vn -0.2902 0.9566 0.0286
vn -0.0976 0.0976 -0.9904
vn 0.1373 0.8810 -0.4528
vn 0.1850 0.9566 -0.2254
vn 0.2571 -0.9565 -0.1374
vn 0.6332 0.7715 0.0623
vn 0.8786 -0.4696 0.0868
vn 0.4708 0.8810 0.0464
vn 0.9527 -0.2890 0.0940
vn 0.2902 0.9566 0.0286
vn 0.0980 -0.9951 0.0096
vn 0.2902 -0.9566 0.0286
vn 0.9527 0.2890 0.0940
vn 0.4708 -0.8810 0.0464
vn 0.8786 0.4696 0.0868
vn 0.6332 -0.7715 0.0623
vn 0.0869 0.9951 0.0463
vn 0.0763 0.9951 0.0625
vn 0.0626 -0.9951 0.0762
vn 0.0619 0.9952 0.0762
vn 0.0465 -0.9951 0.0868
vn 0.0462 0.9951 0.0869
vn 0.0284 -0.9951 0.0942
vn 0.0290 0.9951 0.0942
vn 0.0099 0.9951 0.0980
vn -0.0099 -0.9951 0.0980
vn -0.0283 -0.9952 0.0942
vn -0.0284 0.9951 0.0942
vn -0.0468 -0.9951 0.0869
vn -0.0466 0.9951 0.0868
vn -0.0624 -0.9951 0.0762
vn -0.0625 0.9951 0.0762
vn -0.0763 -0.9951 0.0625
vn -0.0867 -0.9952 0.0463
vn -0.0943 -0.9951 0.0286
vn -0.8786 0.4697 0.0864
vn -0.6332 -0.7715 0.0623
vn -0.8786 -0.4697 0.0866
vn -0.9904 0.0976 0.0974
vn -0.8777 0.0976 -0.4691
vn -0.1374 0.9565 -0.2571
vn -0.1375 -0.9565 -0.2571
vn 0.8786 -0.4696 0.0866
vn 0.8786 0.4697 0.0865
vn 0.0943 -0.9951 0.0286
vn 0.0867 -0.9952 0.0463
vn 0.0763 -0.9951 0.0625
vn 0.0624 -0.9951 0.0762
vn 0.0625 0.9951 0.0762
vn 0.0468 -0.9951 0.0869
vn 0.0466 0.9951 0.0868
vn 0.0283 -0.9952 0.0941
vn 0.0284 0.9951 0.0942
vn 0.0099 -0.9951 0.0981
vn 0.0096 0.9951 0.0981
vn -0.0286 0.9566 0.2902
vn -0.4173 0.8810 0.2231
vn -0.4691 -0.0976 0.8777
vn -0.1375 -0.9565 0.2571
vn -0.2790 -0.9566 0.0846
vn -0.2902 -0.9566 0.0286
vn -0.2902 0.9566 -0.0286
vn -0.2902 -0.9566 -0.0286
vn -0.1850 -0.9566 -0.2254
vn -0.8777 -0.0975 0.4692
vn -0.2571 -0.9566 0.1374
vn -0.9904 -0.0976 -0.0975
vn -0.6332 -0.7715 -0.0623
vn -0.0943 0.9951 -0.0286
vn -0.0464 0.9951 -0.0868
vn -0.0286 0.9951 -0.0943
vn -0.0098 -0.9951 -0.0980
vn 0.0098 -0.9951 -0.0980
vn 0.0943 0.9951 -0.0286
vn 0.7707 -0.6326 -0.0759
vn 0.6332 0.7715 -0.0623
vn 0.8786 -0.4696 -0.0866
vn 0.9527 -0.2890 -0.0939
vn 0.2571 0.9566 0.1374
vn 0.1850 0.9566 0.2254
vn 0.2230 0.8810 0.4173
vn -0.9904 0.0975 0.0976
vn -0.0624 0.9951 -0.0761
vn -0.0623 -0.9951 -0.0762
vn -0.0467 -0.9951 -0.0868
vn -0.0286 -0.9951 -0.0943
vn -0.0093 -0.9951 -0.0980
vn 0.0093 -0.9951 -0.0980
vn 0.0286 -0.9951 -0.0943
vn 0.0286 0.9951 -0.0943
vn 0.0467 -0.9951 -0.0868
vn 0.0464 0.9951 -0.0868
vn 0.0623 -0.9951 -0.0762
vn 0.0762 -0.9951 -0.0625
vn 0.0868 -0.9951 -0.0464
vn 0.0868 0.9951 -0.0464
vn 0.2902 -0.9566 -0.0286
vn 0.6331 -0.7715 -0.0623
vn 0.7708 0.6325 -0.0760
vn -0.6332 0.7715 -0.0623
vn -0.0624 -0.9951 -0.0761
vn -0.0098 0.9951 -0.0980
vn 0.0098 0.9951 -0.0980
vn 0.0624 -0.9951 -0.0761
vn 0.0868 -0.9951 -0.0465
vn -0.1374 -0.9566 0.2571
vn -0.8786 0.4696 -0.0866
vn -0.6331 -0.7715 -0.0624
vn -0.6331 0.7715 -0.0623
vn -0.8786 -0.4696 -0.0866
vn -0.0623 -0.9952 -0.0762
vn 0.0623 -0.9952 -0.0761
vn 0.6331 0.7715 -0.0624
vn 0.2902 0.9566 -0.0286
vn 0.1375 0.9565 0.2571
vn -1.0000 -0.0000 0.0001
vn -1.0000 -0.0000 -0.0001
vn -0.0000 0.0001 -1.0000
vn 1.0000 -0.0000 -0.0001
vn 1.0000 -0.0000 0.0001
vn -0.0000 0.0003 1.0000
vn -0.0000 -0.0003 1.0000
vn -0.0000 0.0001 1.0000
vn -0.0000 0.0006 1.0000
vn -0.0000 0.0012 1.0000
vn -0.0000 0.0004 1.0000
vn -0.0000 -0.0002 1.0000
vn -0.0000 0.0005 1.0000
vn -0.0000 -0.0001 1.0000
vn -0.0000 -0.0012 1.0000
vn -0.0000 0.0002 1.0000
vn -0.0000 -0.0005 1.0000
vn -0.0464 -0.9951 0.0868
vn -0.0762 0.9951 -0.0625
vn -0.1850 0.9566 -0.2254
vn -0.0465 0.9951 -0.0868
vn -0.1373 0.8810 0.4528
vn -0.8777 0.0975 0.4692
vn -0.2790 0.9566 -0.0846
vn 0.0976 -0.0976 0.9904
vn -0.4692 0.0976 0.8777
vn -0.7693 0.0976 0.6313
vn -0.9524 -0.0976 -0.2889
vn -0.7693 0.0976 -0.6314
vn -0.4692 0.0975 -0.8777
vn -0.1374 -0.9566 -0.2571
vn 0.8777 0.0976 -0.4692
vn 0.1375 -0.9565 0.2571
vn -0.4692 0.0975 0.8777
vn -0.8777 0.0976 0.4692
vn -0.2790 -0.9566 -0.0846
vn 0.8777 0.0976 0.4692
vn -0.7693 -0.0976 -0.6314
vn -0.2889 -0.0976 -0.9524
vn 0.0975 0.0976 -0.9904
vn -0.2572 -0.9565 -0.1374
vn 0.0976 0.0976 -0.9904
vn 0.7693 0.0975 -0.6313
vn 0.9904 0.0976 -0.0975
vn 0.2572 -0.9565 0.1374
vn -0.2901 0.9566 -0.0286
vn -0.2901 -0.9566 -0.0286
vn -0.7708 0.6325 -0.0759
vn -0.6330 0.7717 -0.0624
vn 0.6332 -0.7715 -0.0623
vn 0.7707 0.6326 -0.0759
vn 0.2901 0.9566 -0.0286
vn 0.0846 0.9566 0.2790
vn -0.0286 0.9951 0.0943
vn -0.0976 -0.0975 -0.9904
vn 0.2254 0.9566 -0.1850
vn 0.9904 -0.0976 0.0976
vn 0.9904 0.0976 0.0975
vn 0.0286 0.9566 0.2902
vn 0.0286 -0.9566 -0.2902
vn -0.8786 0.4696 0.0866
vn -0.7708 -0.6326 0.0760
vn -0.6332 0.7715 0.0623
vn -0.8786 -0.4696 0.0866
vn -0.9527 0.2890 0.0939
vn -0.4708 -0.8810 0.0464
vn -0.1373 0.8810 -0.4528
vn 0.1375 0.9565 -0.2571
vn 0.8786 -0.4696 0.0864
vn 0.9527 -0.2890 0.0937
vn 0.9527 0.2890 0.0937
vn 0.8786 0.4696 0.0864
vn -0.9905 -0.0975 0.0974
vn 0.7708 -0.6326 0.0760
vn 0.9527 -0.2890 0.0939
vn 0.9904 -0.0976 0.0975
vn 0.8786 0.4696 0.0866
vn 0.7707 0.6327 0.0759
vn -0.4692 -0.0975 0.8777
vn -0.6331 -0.7715 -0.0623
vn -0.6331 0.7715 -0.0624
vn 0.0980 -0.9951 -0.0096
vn 0.9527 0.2890 -0.0939
vn 0.8786 0.4696 -0.0866
vn 0.7708 -0.6325 -0.0759
vn -0.9904 -0.0976 -0.0976
vn 0.9904 -0.0976 -0.0976
vn -0.7708 0.6325 -0.0760
vn 0.0980 0.9951 -0.0096
vt 0.043093 0.058676
vt 0.043126 0.059051
vt 0.020467 0.020725
vt 0.208669 0.208817
vt 0.186043 0.170866
vt 0.186011 0.170491
vt 0.309242 0.315367
vt 0.374533 0.375961
vt 0.371608 0.379530
vt 0.312806 0.312439
vt 0.315731 0.308870
vt 0.378097 0.373033
vt 0.396304 0.182460
vt 0.437816 0.209027
vt 0.391714 0.182907
vt 0.249603 0.020467
vt 0.273419 0.068976
vt 0.273417 0.069198
vt 0.415131 0.159721
vt 0.415133 0.159500
vt 0.144793 0.372645
vt 0.131195 0.360856
vt 0.131217 0.360838
vt 0.131217 0.327574
vt 0.144793 0.315762
vt 0.131434 0.327838
vt 0.020467 0.250045
vt 0.043056 0.299111
vt 0.043055 0.299149
vt 0.137922 0.299052
vt 0.114582 0.320680
vt 0.137925 0.299004
vt 0.492833 0.158180
vt 0.478750 0.208755
vt 0.478750 0.020467
vt 0.515876 0.042964
vt 0.511292 0.043415
vt 0.538918 0.167350
vt 0.549840 0.167350
vt 0.551177 0.171758
vt 0.666936 0.249961
vt 0.577375 0.321134
vt 0.572805 0.320683
vt 0.666919 0.438264
vt 0.572801 0.367541
vt 0.577370 0.367091
vt 0.572434 0.970969
vt 0.573912 0.975591
vt 0.571574 0.975361
vt 0.963909 0.667080
vt 0.967640 0.662737
vt 0.967651 0.667097
vt 0.573920 0.979533
vt 0.570823 0.979228
vt 0.964549 0.670855
vt 0.967665 0.670869
vt 0.964549 0.634344
vt 0.967665 0.634358
vt 0.967652 0.637901
vt 0.965817 0.870880
vt 0.968184 0.866650
vt 0.968172 0.870648
vt 0.963909 0.638394
vt 0.967640 0.642978
vt 0.963432 0.642959
vt 0.966680 0.875323
vt 0.968163 0.875178
vt 0.963139 0.647865
vt 0.967634 0.647885
vt 0.967622 0.880118
vt 0.968158 0.880066
vt 0.967632 0.652943
vt 0.963040 0.652923
vt 0.573902 0.966274
vt 0.573370 0.966222
vt 0.573901 0.963544
vt 0.968157 0.882819
vt 0.963139 0.657938
vt 0.967634 0.657958
vt 0.573906 0.971114
vt 0.963432 0.662719
vt 0.958391 0.657874
vt 0.572430 0.965937
vt 0.568898 0.974549
vt 0.959883 0.667026
vt 0.567417 0.978195
vt 0.959883 0.638339
vt 0.961631 0.867998
vt 0.965064 0.866957
vt 0.963120 0.871697
vt 0.958391 0.647801
vt 0.966675 0.880405
vt 0.968157 0.883994
vt 0.958468 0.869688
vt 0.954842 0.642802
vt 0.958960 0.642899
vt 0.964823 0.875887
vt 0.960635 0.873025
vt 0.963111 0.876801
vt 0.958199 0.652858
vt 0.954020 0.647698
vt 0.571564 0.965474
vt 0.573901 0.962379
vt 0.965802 0.880872
vt 0.968156 0.884406
vt 0.954020 0.657772
vt 0.568892 0.969502
vt 0.570591 0.970410
vt 0.954842 0.662562
vt 0.958960 0.662658
vt 0.566432 0.973231
vt 0.564279 0.976518
vt 0.961126 0.670809
vt 0.956177 0.666939
vt 0.956177 0.638252
vt 0.961126 0.634298
vt 0.951237 0.662432
vt 0.567404 0.968280
vt 0.561528 0.974261
vt 0.955696 0.871962
vt 0.956695 0.866918
vt 0.562515 0.979236
vt 0.951237 0.642672
vt 0.961611 0.878032
vt 0.965037 0.881499
vt 0.953742 0.652753
vt 0.950193 0.647560
vt 0.570806 0.964851
vt 0.573901 0.961969
vt 0.968156 0.884630
vt 0.950193 0.657634
vt 0.956669 0.876989
vt 0.958456 0.874812
vt 0.134213 0.492825
vt 0.129519 0.488055
vt 0.133220 0.487928
vt 0.964410 0.882264
vt 0.134537 0.497879
vt 0.130285 0.492959
vt 0.570183 0.964092
vt 0.573901 0.961748
vt 0.968156 0.884779
vt 0.130251 0.503030
vt 0.134179 0.502896
vt 0.129452 0.507809
vt 0.133152 0.507682
vt 0.562497 0.969297
vt 0.564271 0.971458
vt 0.131497 0.512055
vt 0.559270 0.971510
vt 0.953421 0.874734
vt 0.953435 0.869593
vt 0.131595 0.483376
vt 0.126569 0.479441
vt 0.129401 0.479344
vt 0.561179 0.966831
vt 0.566182 0.966792
vt 0.128167 0.512168
vt 0.125264 0.507896
vt 0.123239 0.516008
vt 0.126445 0.515942
vt 0.128265 0.483490
vt 0.123363 0.479507
vt 0.955340 0.879474
vt 0.125331 0.488142
vt 0.960379 0.879532
vt 0.959464 0.881243
vt 0.130532 0.498016
vt 0.125839 0.493052
vt 0.569720 0.963227
vt 0.573901 0.961600
vt 0.963943 0.883136
vt 0.968156 0.884893
vt 0.125804 0.503123
vt 0.565274 0.965093
vt 0.120816 0.488186
vt 0.963656 0.884083
vt 0.125998 0.498110
vt 0.121045 0.493099
vt 0.569435 0.962287
vt 0.573901 0.961487
vt 0.968156 0.884989
vt 0.121011 0.503170
vt 0.120749 0.507940
vt 0.560367 0.964155
vt 0.124398 0.512247
vt 0.556559 0.964967
vt 0.557592 0.968372
vt 0.120334 0.512287
vt 0.120432 0.483608
vt 0.124495 0.483568
vt 0.950689 0.881327
vt 0.951730 0.877896
vt 0.954522 0.882169
vt 0.116080 0.507940
vt 0.556210 0.961425
vt 0.119783 0.516042
vt 0.116132 0.512287
vt 0.116230 0.483608
vt 0.119908 0.479541
vt 0.950337 0.884895
vt 0.116147 0.488186
vt 0.958711 0.885031
vt 0.958901 0.883100
vt 0.121111 0.498159
vt 0.116089 0.493099
vt 0.569339 0.961310
vt 0.573901 0.961391
vt 0.963559 0.885067
vt 0.968156 0.885078
vt 0.116055 0.503170
vt 0.564526 0.961334
vt 0.564715 0.963251
vt 0.963656 0.886052
vt 0.116058 0.498159
vt 0.111160 0.493052
vt 0.573901 0.961214
vt 0.573901 0.961303
vt 0.968156 0.885168
vt 0.111126 0.503123
vt 0.569435 0.960333
vt 0.111437 0.507896
vt 0.560367 0.958591
vt 0.560093 0.961373
vt 0.112657 0.516008
vt 0.116210 0.516042
vt 0.112781 0.479507
vt 0.116334 0.479541
vt 0.954522 0.887777
vt 0.954246 0.884973
vt 0.111505 0.488142
vt 0.557592 0.954479
vt 0.556559 0.957884
vt 0.107960 0.512168
vt 0.111954 0.512247
vt 0.108057 0.483490
vt 0.112052 0.483568
vt 0.951730 0.891895
vt 0.950689 0.888463
vt 0.107066 0.488054
vt 0.958901 0.886962
vt 0.955340 0.890473
vt 0.959464 0.888819
vt 0.111033 0.498110
vt 0.106449 0.492959
vt 0.573901 0.961118
vt 0.968156 0.885264
vt 0.963943 0.886998
vt 0.106415 0.503030
vt 0.565274 0.957575
vt 0.564715 0.959418
vt 0.106999 0.507809
vt 0.561179 0.955915
vt 0.106229 0.498016
vt 0.102135 0.492825
vt 0.569720 0.959394
vt 0.573901 0.961005
vt 0.968156 0.885378
vt 0.964410 0.887871
vt 0.102101 0.502896
vt 0.570183 0.958528
vt 0.102936 0.507682
vt 0.562497 0.953449
vt 0.104303 0.512055
vt 0.106150 0.515845
vt 0.109260 0.515942
vt 0.106274 0.479344
vt 0.109384 0.479441
vt 0.956669 0.892957
vt 0.104401 0.483376
vt 0.103003 0.487928
vt 0.953421 0.895057
vt 0.953435 0.900008
vt 0.950760 0.896749
vt 0.559280 0.946396
vt 0.559270 0.951341
vt 0.556625 0.949631
vt 0.955696 0.897829
vt 0.099471 0.487767
vt 0.961611 0.892031
vt 0.960379 0.890531
vt 0.965037 0.888636
vt 0.101831 0.497879
vt 0.098386 0.492654
vt 0.573901 0.960858
vt 0.968156 0.885527
vt 0.098351 0.502725
vt 0.566182 0.955876
vt 0.570806 0.957769
vt 0.099404 0.507521
vt 0.567404 0.954388
vt 0.561528 0.948590
vt 0.968156 0.885749
vt 0.965802 0.889263
vt 0.904713 0.658048
vt 0.908906 0.652837
vt 0.908551 0.657871
vt 0.568892 0.953166
vt 0.903886 0.662839
vt 0.907502 0.662673
vt 0.566432 0.949515
vt 0.564271 0.951288
vt 0.905797 0.667058
vt 0.564279 0.946332
vt 0.958468 0.900104
vt 0.905797 0.638275
vt 0.900736 0.634351
vt 0.903503 0.634224
vt 0.958456 0.895135
vt 0.903886 0.643013
vt 0.907502 0.642847
vt 0.960635 0.896922
vt 0.908551 0.647764
vt 0.963111 0.893262
vt 0.904713 0.647941
vt 0.573901 0.960637
vt 0.961631 0.901794
vt 0.899755 0.643138
vt 0.902543 0.638425
vt 0.964823 0.894177
vt 0.904992 0.653017
vt 0.900327 0.648072
vt 0.571564 0.957146
vt 0.573901 0.960229
vt 0.968157 0.886160
vt 0.966675 0.889730
vt 0.900327 0.658179
vt 0.570591 0.952258
vt 0.899755 0.662963
vt 0.902543 0.667208
vt 0.567417 0.944655
vt 0.897574 0.671080
vt 0.900736 0.670985
vt 0.897574 0.634446
vt 0.573370 0.956398
vt 0.572430 0.956683
vt 0.895266 0.663040
vt 0.568898 0.948196
vt 0.572434 0.951699
vt 0.898825 0.667319
vt 0.570823 0.943622
vt 0.894138 0.671139
vt 0.898825 0.638537
vt 0.894138 0.634505
vt 0.963120 0.898251
vt 0.965064 0.902835
vt 0.895266 0.643215
vt 0.966680 0.894740
vt 0.967622 0.890017
vt 0.900521 0.653151
vt 0.895562 0.648154
vt 0.573901 0.959067
vt 0.968157 0.887329
vt 0.895562 0.658261
vt 0.894785 0.638606
vt 0.891042 0.643239
vt 0.891029 0.638628
vt 0.968172 0.899301
vt 0.965817 0.899069
vt 0.968163 0.894886
vt 0.895662 0.653235
vt 0.891051 0.648180
vt 0.573902 0.956346
vt 0.968158 0.890070
vt 0.891051 0.658287
vt 0.891053 0.653261
vt 0.573906 0.951554
vt 0.891042 0.663065
vt 0.573912 0.947155
vt 0.894785 0.667388
vt 0.571574 0.947385
vt 0.573920 0.943317
vt 0.891011 0.671157
vt 0.891029 0.667410
vt 0.891011 0.634523
vt 0.968182 0.902528
vt 0.179275 0.571169
vt 0.183632 0.575363
vt 0.179257 0.575374
vt 0.175487 0.571813
vt 0.175471 0.575389
vt 0.637952 0.655656
vt 0.633614 0.652958
vt 0.637603 0.652865
vt 0.642363 0.654677
vt 0.642123 0.652755
vt 0.647122 0.653612
vt 0.647000 0.652632
vt 0.194709 0.575353
vt 0.193483 0.570295
vt 0.194731 0.570319
vt 0.652047 0.652502
vt 0.188429 0.575356
vt 0.193462 0.575352
vt 0.183652 0.570691
vt 0.188450 0.570395
vt 0.193548 0.565436
vt 0.188513 0.565630
vt 0.179329 0.567129
vt 0.175532 0.568378
vt 0.635186 0.659907
vt 0.634058 0.656510
vt 0.638838 0.658325
vt 0.647434 0.654550
vt 0.640228 0.660770
vt 0.642974 0.656516
vt 0.643931 0.658200
vt 0.193652 0.560963
vt 0.194795 0.565484
vt 0.647922 0.655408
vt 0.183808 0.562069
vt 0.183712 0.566202
vt 0.175606 0.565215
vt 0.183938 0.558451
vt 0.188615 0.561243
vt 0.179415 0.563410
vt 0.636955 0.663019
vt 0.636992 0.668043
vt 0.634238 0.664860
vt 0.642068 0.662896
vt 0.645198 0.659665
vt 0.193792 0.557047
vt 0.194899 0.561032
vt 0.648568 0.656155
vt 0.646727 0.660854
vt 0.649347 0.656761
vt 0.422714 0.512057
vt 0.424118 0.515996
vt 0.422871 0.516081
vt 0.417828 0.515746
vt 0.412868 0.511019
vt 0.413013 0.514737
vt 0.408612 0.513095
vt 0.639297 0.665725
vt 0.640314 0.670627
vt 0.642122 0.667923
vt 0.408384 0.505962
vt 0.408481 0.509749
vt 0.404599 0.504815
vt 0.404681 0.508036
vt 0.644288 0.664623
vt 0.645321 0.669527
vt 0.646801 0.665883
vt 0.650230 0.657204
vt 0.422597 0.507502
vt 0.423962 0.511990
vt 0.417674 0.511799
vt 0.412761 0.506811
vt 0.651182 0.657466
vt 0.648459 0.661722
vt 0.422525 0.502591
vt 0.423846 0.507457
vt 0.417560 0.507331
vt 0.412694 0.502274
vt 0.408325 0.501878
vt 0.404548 0.501343
vt 0.649512 0.666629
vt 0.650326 0.662236
vt 0.412672 0.497583
vt 0.408304 0.497656
vt 0.652341 0.670733
vt 0.648772 0.670476
vt 0.652317 0.666831
vt 0.652258 0.662375
vt 0.423751 0.497515
vt 0.423775 0.502569
vt 0.652167 0.657537
vt 0.417466 0.497534
vt 0.417489 0.502515
vt 0.653146 0.657414
vt 0.422501 0.497513
vt 0.423775 0.492489
vt 0.417489 0.492582
vt 0.412694 0.492917
vt 0.408324 0.493457
vt 0.404531 0.497752
vt 0.655107 0.666482
vt 0.654180 0.662134
vt 0.404548 0.494181
vt 0.408384 0.489443
vt 0.659289 0.669160
vt 0.655892 0.670289
vt 0.657775 0.665595
vt 0.656018 0.661524
vt 0.422525 0.492463
vt 0.423846 0.487684
vt 0.654083 0.657103
vt 0.417560 0.487846
vt 0.412761 0.488457
vt 0.422597 0.487636
vt 0.423962 0.483285
vt 0.654942 0.656614
vt 0.417674 0.483511
vt 0.412868 0.484373
vt 0.404681 0.487642
vt 0.404599 0.490768
vt 0.660219 0.664204
vt 0.657701 0.660566
vt 0.665105 0.665048
vt 0.664158 0.670001
vt 0.662399 0.667390
vt 0.662345 0.662364
vt 0.659166 0.659298
vt 0.422714 0.483216
vt 0.424118 0.479460
vt 0.655688 0.655968
vt 0.417828 0.479742
vt 0.408481 0.485768
vt 0.413013 0.480823
vt 0.656295 0.655188
vt 0.181942 0.483547
vt 0.176721 0.479344
vt 0.181766 0.479700
vt 0.186578 0.480754
vt 0.191121 0.485725
vt 0.190972 0.482464
vt 0.667303 0.662222
vt 0.667340 0.667246
vt 0.660355 0.657769
vt 0.175650 0.483334
vt 0.175471 0.479431
vt 0.664072 0.660144
vt 0.668906 0.659022
vt 0.661223 0.656037
vt 0.656737 0.654305
vt 0.176900 0.483266
vt 0.175782 0.487794
vt 0.182072 0.487943
vt 0.186866 0.488518
vt 0.186743 0.484377
vt 0.195000 0.490706
vt 0.194906 0.487537
vt 0.186942 0.493016
vt 0.191232 0.489451
vt 0.191300 0.493500
vt 0.665332 0.657629
vt 0.669855 0.655570
vt 0.661736 0.654169
vt 0.177033 0.487747
vt 0.175864 0.492641
vt 0.656999 0.653353
vt 0.182153 0.492718
vt 0.666280 0.652112
vt 0.666077 0.654917
vt 0.661876 0.652236
vt 0.177115 0.492616
vt 0.175892 0.497686
vt 0.657070 0.652368
vt 0.182180 0.497690
vt 0.186968 0.497700
vt 0.195058 0.494149
vt 0.191323 0.497715
vt 0.670113 0.651999
vt 0.186942 0.502389
vt 0.195058 0.501323
vt 0.195078 0.497734
vt 0.669669 0.648447
vt 0.661635 0.650314
vt 0.656947 0.651388
vt 0.177143 0.497686
vt 0.175864 0.502737
vt 0.182153 0.502668
vt 0.665045 0.646652
vt 0.665931 0.649321
vt 0.661025 0.648476
vt 0.177115 0.502761
vt 0.175782 0.507600
vt 0.656636 0.650451
vt 0.182072 0.507460
vt 0.186866 0.506903
vt 0.191300 0.501935
vt 0.191232 0.505997
vt 0.668541 0.645050
vt 0.186743 0.511068
vt 0.195000 0.504777
vt 0.191121 0.509746
vt 0.666772 0.641939
vt 0.663655 0.644207
vt 0.656148 0.649592
vt 0.177033 0.507647
vt 0.175650 0.512087
vt 0.181942 0.511882
vt 0.658800 0.645327
vt 0.660068 0.646792
vt 0.176900 0.512155
vt 0.175471 0.516026
vt 0.655502 0.648845
vt 0.181766 0.515763
vt 0.186578 0.514725
vt 0.666545 0.636890
vt 0.669299 0.640073
vt 0.661815 0.642081
vt 0.420039 0.560204
vt 0.415768 0.562014
vt 0.415634 0.558460
vt 0.661605 0.637034
vt 0.664430 0.639232
vt 0.657271 0.644137
vt 0.654723 0.648239
vt 0.405778 0.557016
vt 0.404675 0.560932
vt 0.404531 0.557103
vt 0.410961 0.561156
vt 0.410819 0.557383
vt 0.655540 0.643269
vt 0.405923 0.560862
vt 0.404783 0.565333
vt 0.653840 0.647797
vt 0.411067 0.565493
vt 0.415868 0.566099
vt 0.420160 0.563402
vt 0.423967 0.565269
vt 0.420249 0.567079
vt 0.659595 0.640354
vt 0.658406 0.635430
vt 0.424090 0.571809
vt 0.424043 0.568396
vt 0.657082 0.639094
vt 0.654955 0.634481
vt 0.653673 0.642756
vt 0.652888 0.647535
vt 0.406030 0.565284
vt 0.404849 0.570137
vt 0.411132 0.570228
vt 0.415929 0.570559
vt 0.651903 0.647464
vt 0.411154 0.575178
vt 0.406097 0.570112
vt 0.415950 0.575222
vt 0.420305 0.571093
vt 0.424106 0.575378
vt 0.654371 0.638348
vt 0.651386 0.634224
vt 0.651566 0.638146
vt 0.651741 0.642617
vt 0.404871 0.575161
vt 0.647835 0.634668
vt 0.649819 0.642857
vt 0.406119 0.575159
vt 0.404849 0.580210
vt 0.650923 0.647586
vt 0.411132 0.580153
vt 0.415929 0.579909
vt 0.420323 0.575289
vt 0.424090 0.578965
vt 0.411067 0.584963
vt 0.406097 0.580232
vt 0.415868 0.584440
vt 0.420305 0.579508
vt 0.424043 0.582433
vt 0.648776 0.638495
vt 0.644439 0.635797
vt 0.647981 0.643468
vt 0.404783 0.585091
vt 0.649986 0.647898
vt 0.643664 0.640772
vt 0.646108 0.639382
vt 0.646297 0.644425
vt 0.406030 0.585136
vt 0.404675 0.589616
vt 0.649128 0.648386
vt 0.410961 0.589423
vt 0.415768 0.588640
vt 0.420249 0.583585
vt 0.423967 0.585648
vt 0.415634 0.592349
vt 0.420160 0.587366
vt 0.638622 0.639910
vt 0.639380 0.634932
vt 0.641328 0.637567
vt 0.644833 0.645693
vt 0.648381 0.649032
vt 0.405923 0.589683
vt 0.404531 0.593611
vt 0.410819 0.593360
vt 0.639811 0.644833
vt 0.641537 0.642613
vt 0.647775 0.649812
vt 0.193792 0.593724
vt 0.194899 0.589712
vt 0.195038 0.593637
vt 0.188615 0.589506
vt 0.188753 0.593374
vt 0.183808 0.588692
vt 0.183938 0.592336
vt 0.179532 0.590650
vt 0.636425 0.642735
vt 0.636198 0.637687
vt 0.183712 0.584540
vt 0.179415 0.587370
vt 0.175532 0.582413
vt 0.175606 0.585591
vt 0.638551 0.647348
vt 0.643644 0.647223
vt 0.647333 0.650695
vt 0.193652 0.589780
vt 0.194795 0.585239
vt 0.188513 0.585098
vt 0.642776 0.648955
vt 0.637805 0.650060
vt 0.647071 0.651647
vt 0.193548 0.585286
vt 0.194731 0.580390
vt 0.188450 0.580320
vt 0.183652 0.580039
vt 0.179329 0.583633
vt 0.175487 0.578968
vt 0.633872 0.649387
vt 0.634821 0.645936
vt 0.179275 0.579583
vt 0.642262 0.650823
vt 0.193483 0.580414
vt 0.024409 0.653187
vt 0.029019 0.651130
vt 0.028885 0.653052
vt 0.020467 0.653308
vt 0.024603 0.650396
vt 0.190297 0.807562
vt 0.194319 0.804052
vt 0.194303 0.807575
vt 0.185781 0.807552
vt 0.190315 0.803419
vt 0.180951 0.802660
vt 0.180930 0.807547
vt 0.175950 0.802563
vt 0.175929 0.807545
vt 0.033724 0.652909
vt 0.033792 0.651929
vt 0.038740 0.652764
vt 0.175471 0.807546
vt 0.175493 0.802572
vt 0.176014 0.797777
vt 0.175556 0.797795
vt 0.029525 0.649271
vt 0.025337 0.647698
vt 0.021649 0.646322
vt 0.020714 0.649757
vt 0.190368 0.799439
vt 0.185860 0.798527
vt 0.185801 0.802949
vt 0.181013 0.797966
vt 0.034050 0.650982
vt 0.185955 0.794456
vt 0.181114 0.793644
vt 0.034488 0.650103
vt 0.175659 0.793396
vt 0.030383 0.647547
vt 0.026584 0.645194
vt 0.194436 0.797551
vt 0.194363 0.800667
vt 0.028295 0.642982
vt 0.025414 0.640320
vt 0.023236 0.643135
vt 0.020467 0.641449
vt 0.190568 0.792568
vt 0.190453 0.795775
vt 0.181250 0.789860
vt 0.176116 0.793370
vt 0.035089 0.649326
vt 0.175797 0.789545
vt 0.031562 0.646023
vt 0.784921 0.715757
vt 0.779933 0.712848
vt 0.784788 0.711863
vt 0.789798 0.711542
vt 0.035830 0.648681
vt 0.790257 0.711575
vt 0.790380 0.715179
vt 0.030405 0.641146
vt 0.028099 0.637983
vt 0.775534 0.717760
vt 0.771424 0.716633
vt 0.775421 0.714458
vt 0.034687 0.643802
vt 0.033015 0.644758
vt 0.031189 0.636215
vt 0.775612 0.721496
vt 0.771520 0.719441
vt 0.780059 0.716516
vt 0.785013 0.720165
vt 0.789934 0.715512
vt 0.036682 0.648193
vt 0.790486 0.720024
vt 0.790392 0.715538
vt 0.780189 0.725144
vt 0.780145 0.720668
vt 0.790075 0.724851
vt 0.790027 0.720006
vt 0.037613 0.647881
vt 0.790533 0.724860
vt 0.032833 0.639757
vt 0.036514 0.643190
vt 0.035484 0.638869
vt 0.771620 0.726044
vt 0.771586 0.722618
vt 0.038095 0.634634
vt 0.034564 0.635084
vt 0.775651 0.725524
vt 0.771620 0.729586
vt 0.780189 0.729772
vt 0.785060 0.724916
vt 0.790075 0.729860
vt 0.038587 0.647757
vt 0.790533 0.729860
vt 0.038425 0.642946
vt 0.038259 0.638514
vt 0.785013 0.734715
vt 0.785060 0.729829
vt 0.039567 0.647825
vt 0.790027 0.734842
vt 0.790486 0.734833
vt 0.041049 0.638709
vt 0.041646 0.634881
vt 0.775612 0.733831
vt 0.775651 0.729689
vt 0.780145 0.734374
vt 0.043747 0.639443
vt 0.771520 0.736476
vt 0.771586 0.733108
vt 0.780059 0.738773
vt 0.789934 0.739604
vt 0.040515 0.648083
vt 0.790392 0.739587
vt 0.042206 0.643586
vt 0.040347 0.643079
vt 0.789798 0.743963
vt 0.784921 0.739386
vt 0.041394 0.648521
vt 0.790257 0.743939
vt 0.043930 0.644445
vt 0.046250 0.640690
vt 0.045080 0.635816
vt 0.775421 0.741416
vt 0.775534 0.737791
vt 0.779933 0.742801
vt 0.053211 0.637271
vt 0.048266 0.637403
vt 0.049900 0.634709
vt 0.779774 0.746303
vt 0.784618 0.747379
vt 0.784788 0.743662
vt 0.042171 0.649122
vt 0.790084 0.747722
vt 0.789625 0.747753
vt 0.045454 0.645623
vt 0.048463 0.642402
vt 0.787363 0.331475
vt 0.786726 0.327578
vt 0.787186 0.327610
vt 0.046718 0.647077
vt 0.053418 0.642268
vt 0.051082 0.639582
vt 0.772317 0.330649
vt 0.768432 0.335656
vt 0.768307 0.332918
vt 0.777004 0.332541
vt 0.776841 0.328964
vt 0.781706 0.327927
vt 0.781880 0.331725
vt 0.042815 0.649863
vt 0.772573 0.337548
vt 0.772464 0.333869
vt 0.777126 0.336630
vt 0.787035 0.335875
vt 0.786903 0.331450
vt 0.043303 0.650716
vt 0.787494 0.335892
vt 0.050298 0.644512
vt 0.047675 0.648749
vt 0.055186 0.645358
vt 0.768525 0.338785
vt 0.048287 0.650576
vt 0.052575 0.649592
vt 0.051687 0.646940
vt 0.056317 0.648733
vt 0.772640 0.341545
vt 0.777201 0.341071
vt 0.782009 0.336064
vt 0.782088 0.340780
vt 0.043615 0.651647
vt 0.787575 0.340691
vt 0.777226 0.345695
vt 0.787116 0.340682
vt 0.782115 0.345689
vt 0.043739 0.652621
vt 0.787602 0.345688
vt 0.787143 0.345688
vt 0.048531 0.652487
vt 0.052930 0.652367
vt 0.768602 0.345724
vt 0.768583 0.342185
vt 0.052736 0.655157
vt 0.056521 0.655816
vt 0.056767 0.652265
vt 0.772663 0.345707
vt 0.768583 0.349267
vt 0.777201 0.350325
vt 0.787116 0.350698
vt 0.043671 0.653601
vt 0.787575 0.350690
vt 0.048397 0.654409
vt 0.782088 0.350603
vt 0.777126 0.354781
vt 0.787035 0.355522
vt 0.043413 0.654549
vt 0.787494 0.355505
vt 0.047891 0.656268
vt 0.052001 0.657856
vt 0.772640 0.349873
vt 0.768525 0.352678
vt 0.050754 0.660360
vt 0.053999 0.662437
vt 0.055586 0.659251
vt 0.772573 0.353884
vt 0.768432 0.355825
vt 0.777004 0.358894
vt 0.782009 0.355334
vt 0.786903 0.359973
vt 0.042975 0.655428
vt 0.787363 0.359948
vt 0.047032 0.657993
vt 0.781880 0.359700
vt 0.776841 0.362504
vt 0.781706 0.363533
vt 0.042374 0.656205
vt 0.787186 0.363849
vt 0.786726 0.363881
vt 0.045853 0.659517
vt 0.051821 0.665253
vt 0.772317 0.360835
vt 0.772464 0.357585
vt 0.049135 0.667590
vt 0.049043 0.662572
vt 0.054080 0.667457
vt 0.564697 0.793688
vt 0.560078 0.791896
vt 0.564565 0.790189
vt 0.569399 0.789141
vt 0.574393 0.788790
vt 0.569539 0.792855
vt 0.041633 0.656850
vt 0.574536 0.792578
vt 0.574852 0.788824
vt 0.574994 0.792605
vt 0.044400 0.660781
vt 0.046933 0.664408
vt 0.569643 0.797125
vt 0.040781 0.657337
vt 0.574642 0.796932
vt 0.575100 0.796951
vt 0.042728 0.661738
vt 0.044506 0.665796
vt 0.560197 0.795045
vt 0.556286 0.799953
vt 0.556210 0.796874
vt 0.564795 0.797711
vt 0.560285 0.798665
vt 0.556332 0.803314
vt 0.564856 0.802102
vt 0.569707 0.801787
vt 0.039850 0.657649
vt 0.575165 0.801695
vt 0.040901 0.662350
vt 0.042671 0.670488
vt 0.046046 0.669357
vt 0.038876 0.657774
vt 0.575187 0.806656
vt 0.574708 0.801685
vt 0.038991 0.662594
vt 0.039080 0.667039
vt 0.041854 0.666685
vt 0.560339 0.802617
vt 0.556347 0.806827
vt 0.560358 0.806749
vt 0.564876 0.806693
vt 0.574730 0.806654
vt 0.556332 0.810360
vt 0.564856 0.811308
vt 0.569729 0.806661
vt 0.569707 0.811560
vt 0.037896 0.657706
vt 0.574708 0.811649
vt 0.575165 0.811642
vt 0.037069 0.662460
vt 0.035589 0.670692
vt 0.039140 0.670939
vt 0.574642 0.816478
vt 0.575100 0.816462
vt 0.035210 0.661954
vt 0.033591 0.666110
vt 0.036290 0.666845
vt 0.032154 0.669757
vt 0.560339 0.810903
vt 0.556286 0.813774
vt 0.564795 0.815769
vt 0.036948 0.657448
vt 0.560197 0.818640
vt 0.560285 0.814917
vt 0.569643 0.816296
vt 0.564697 0.819905
vt 0.574536 0.820954
vt 0.036069 0.657010
vt 0.574994 0.820931
vt 0.031088 0.664863
vt 0.028968 0.668169
vt 0.556210 0.816939
vt 0.031962 0.659916
vt 0.033486 0.661095
vt 0.028876 0.663152
vt 0.023897 0.668325
vt 0.027208 0.670886
vt 0.564565 0.823557
vt 0.569539 0.820686
vt 0.569399 0.824563
vt 0.035293 0.656409
vt 0.574393 0.824907
vt 0.574852 0.824876
vt 0.185955 0.820683
vt 0.190568 0.822610
vt 0.186083 0.824273
vt 0.181250 0.825297
vt 0.176255 0.825644
vt 0.181114 0.821486
vt 0.034648 0.655668
vt 0.175659 0.821733
vt 0.175797 0.825612
vt 0.030698 0.658462
vt 0.026153 0.665991
vt 0.027040 0.661041
vt 0.021150 0.665167
vt 0.025651 0.658613
vt 0.022049 0.660215
vt 0.023816 0.663305
vt 0.190368 0.815698
vt 0.194436 0.817625
vt 0.190453 0.819379
vt 0.185860 0.816593
vt 0.181013 0.817144
vt 0.176116 0.821758
vt 0.034160 0.654815
vt 0.175556 0.817314
vt 0.029741 0.656790
vt 0.180951 0.812437
vt 0.176014 0.817331
vt 0.033848 0.653884
vt 0.175493 0.812523
vt 0.029129 0.654963
vt 0.020918 0.656839
vt 0.194319 0.811101
vt 0.194363 0.814494
vt 0.190315 0.811708
vt 0.024763 0.655961
vt 0.185801 0.812159
vt 0.175950 0.812532
vt 0.330973 0.650277
vt 0.335256 0.652933
vt 0.330779 0.653067
vt 0.327085 0.649637
vt 0.326838 0.653189
vt 0.843362 0.268010
vt 0.847383 0.264500
vt 0.847368 0.268023
vt 0.838846 0.268000
vt 0.843380 0.263868
vt 0.833995 0.267995
vt 0.838866 0.263398
vt 0.829015 0.263012
vt 0.828994 0.267994
vt 0.340095 0.652790
vt 0.340163 0.651810
vt 0.345110 0.652645
vt 0.828536 0.267994
vt 0.828558 0.263021
vt 0.828621 0.258243
vt 0.335389 0.651011
vt 0.340421 0.650863
vt 0.335895 0.649152
vt 0.328019 0.646202
vt 0.847428 0.261116
vt 0.838925 0.258976
vt 0.834078 0.258414
vt 0.834016 0.263109
vt 0.829079 0.258225
vt 0.839020 0.254904
vt 0.843433 0.259888
vt 0.834179 0.254092
vt 0.340858 0.649983
vt 0.828723 0.253844
vt 0.336754 0.647427
vt 0.332955 0.645075
vt 0.331708 0.647578
vt 0.329606 0.643016
vt 0.843518 0.256224
vt 0.337933 0.645903
vt 0.331784 0.640200
vt 0.329399 0.638019
vt 0.326838 0.641330
vt 0.839147 0.251340
vt 0.829181 0.253819
vt 0.834314 0.250309
vt 0.341459 0.649207
vt 0.828862 0.249993
vt 0.784788 0.789009
vt 0.780059 0.793662
vt 0.779933 0.789994
vt 0.789798 0.788688
vt 0.784921 0.792903
vt 0.342200 0.648562
vt 0.789934 0.792658
vt 0.790257 0.788720
vt 0.790392 0.792684
vt 0.334666 0.642862
vt 0.339386 0.644639
vt 0.334470 0.637864
vt 0.775421 0.791604
vt 0.771520 0.796586
vt 0.771424 0.793779
vt 0.339203 0.639638
vt 0.336776 0.641027
vt 0.337559 0.636096
vt 0.775534 0.794905
vt 0.771586 0.799764
vt 0.780145 0.797813
vt 0.785013 0.797310
vt 0.343053 0.648074
vt 0.790486 0.797170
vt 0.780189 0.802289
vt 0.790075 0.801997
vt 0.790027 0.797152
vt 0.343984 0.647762
vt 0.790533 0.802006
vt 0.341058 0.643682
vt 0.342885 0.643070
vt 0.340934 0.634965
vt 0.775612 0.798642
vt 0.771620 0.803190
vt 0.344465 0.634515
vt 0.341855 0.638749
vt 0.775651 0.802670
vt 0.771620 0.806732
vt 0.775651 0.806835
vt 0.785060 0.802062
vt 0.780189 0.806917
vt 0.785060 0.806975
vt 0.344958 0.647638
vt 0.790533 0.807006
vt 0.790075 0.807006
vt 0.344796 0.642826
vt 0.785013 0.811861
vt 0.345938 0.647706
vt 0.790486 0.811979
vt 0.790027 0.811987
vt 0.347419 0.638589
vt 0.344629 0.638395
vt 0.348016 0.634762
vt 0.775612 0.810977
vt 0.780145 0.811520
vt 0.350118 0.639324
vt 0.771520 0.813622
vt 0.771586 0.810254
vt 0.780059 0.815919
vt 0.784921 0.816531
vt 0.346885 0.647964
vt 0.789934 0.816749
vt 0.790392 0.816733
vt 0.348576 0.643466
vt 0.346717 0.642960
vt 0.784788 0.820807
vt 0.347764 0.648402
vt 0.789798 0.821109
vt 0.790257 0.821085
vt 0.350300 0.644325
vt 0.354637 0.637284
vt 0.351451 0.635697
vt 0.775534 0.814937
vt 0.771424 0.816704
vt 0.775421 0.818562
vt 0.779933 0.819947
vt 0.359581 0.637152
vt 0.356271 0.634590
vt 0.779774 0.823449
vt 0.784618 0.824524
vt 0.348541 0.649003
vt 0.790084 0.824868
vt 0.789625 0.824899
vt 0.351824 0.645504
vt 0.354833 0.642283
vt 0.352621 0.640571
vt 0.357452 0.639462
vt 0.039063 0.715745
vt 0.039346 0.711906
vt 0.039522 0.715771
vt 0.349186 0.649744
vt 0.353089 0.646958
vt 0.356669 0.644393
vt 0.024476 0.714945
vt 0.020592 0.719952
vt 0.020467 0.717214
vt 0.029164 0.716837
vt 0.029001 0.713259
vt 0.033866 0.712222
vt 0.038886 0.711873
vt 0.029286 0.720925
vt 0.024624 0.718164
vt 0.034040 0.716020
vt 0.039195 0.720170
vt 0.349673 0.650597
vt 0.039654 0.720188
vt 0.354045 0.648630
vt 0.358058 0.646821
vt 0.359789 0.642148
vt 0.020685 0.723081
vt 0.349985 0.651528
vt 0.354657 0.650457
vt 0.362687 0.648614
vt 0.361556 0.645238
vt 0.024800 0.725841
vt 0.024733 0.721844
vt 0.029361 0.725366
vt 0.034169 0.720360
vt 0.039276 0.724978
vt 0.039735 0.724987
vt 0.029386 0.729991
vt 0.034248 0.725075
vt 0.034275 0.729984
vt 0.350110 0.652502
vt 0.039762 0.729983
vt 0.039303 0.729983
vt 0.354901 0.652368
vt 0.359300 0.652248
vt 0.358946 0.649473
vt 0.363138 0.652145
vt 0.024823 0.730003
vt 0.020743 0.726480
vt 0.354768 0.654290
vt 0.359106 0.655038
vt 0.020743 0.733562
vt 0.020762 0.730019
vt 0.029361 0.734620
vt 0.039276 0.734994
vt 0.350042 0.653482
vt 0.039735 0.734985
vt 0.034248 0.734899
vt 0.029286 0.739077
vt 0.039195 0.739817
vt 0.349784 0.654430
vt 0.039654 0.739800
vt 0.354262 0.656149
vt 0.358372 0.657737
vt 0.361956 0.659132
vt 0.362891 0.655697
vt 0.024800 0.734169
vt 0.020685 0.736973
vt 0.353403 0.657874
vt 0.360369 0.662318
vt 0.024733 0.738180
vt 0.020592 0.740121
vt 0.029164 0.743189
vt 0.034169 0.739630
vt 0.039063 0.744269
vt 0.349346 0.655309
vt 0.039522 0.744244
vt 0.033866 0.747828
vt 0.034040 0.743995
vt 0.348745 0.656086
vt 0.038886 0.748177
vt 0.039346 0.748145
vt 0.352224 0.659397
vt 0.355414 0.662453
vt 0.357125 0.660240
vt 0.358191 0.665134
vt 0.024476 0.745130
vt 0.024624 0.741881
vt 0.029001 0.746800
vt 0.353304 0.664288
vt 0.360450 0.667338
vt 0.355506 0.667470
vt 0.318261 0.790355
vt 0.313893 0.795211
vt 0.313774 0.792062
vt 0.323235 0.793021
vt 0.323095 0.789306
vt 0.328090 0.788956
vt 0.348004 0.656730
vt 0.328690 0.792770
vt 0.328548 0.788989
vt 0.328232 0.792743
vt 0.323339 0.797291
vt 0.347152 0.657218
vt 0.328796 0.797116
vt 0.349099 0.661619
vt 0.350771 0.660662
vt 0.350876 0.665677
vt 0.352416 0.669238
vt 0.309982 0.800118
vt 0.309907 0.797040
vt 0.318491 0.797876
vt 0.318393 0.793854
vt 0.314035 0.802783
vt 0.313981 0.798831
vt 0.318552 0.802267
vt 0.328339 0.797097
vt 0.323403 0.801953
vt 0.346220 0.657530
vt 0.328861 0.801861
vt 0.347272 0.662231
vt 0.349041 0.670369
vt 0.345246 0.657654
vt 0.328883 0.806821
vt 0.328404 0.801850
vt 0.345361 0.662474
vt 0.345450 0.666920
vt 0.348224 0.666566
vt 0.345510 0.670819
vt 0.310043 0.806993
vt 0.310028 0.803479
vt 0.318572 0.806859
vt 0.323425 0.806826
vt 0.314035 0.811068
vt 0.314054 0.806915
vt 0.318552 0.811474
vt 0.328426 0.806820
vt 0.323403 0.811725
vt 0.344267 0.657586
vt 0.328861 0.811807
vt 0.343439 0.662341
vt 0.341959 0.670572
vt 0.328796 0.816628
vt 0.328404 0.811815
vt 0.341581 0.661835
vt 0.339962 0.665991
vt 0.342660 0.666726
vt 0.338525 0.669637
vt 0.309982 0.813939
vt 0.310028 0.810525
vt 0.318491 0.815935
vt 0.323339 0.816461
vt 0.343319 0.657328
vt 0.313893 0.818805
vt 0.313981 0.815083
vt 0.318393 0.820070
vt 0.328339 0.816643
vt 0.323235 0.820852
vt 0.342440 0.656890
vt 0.328690 0.821096
vt 0.339856 0.660976
vt 0.335339 0.668050
vt 0.338333 0.659797
vt 0.337458 0.664744
vt 0.335246 0.663032
vt 0.330268 0.668205
vt 0.333578 0.670767
vt 0.318261 0.823722
vt 0.328232 0.821120
vt 0.323095 0.824729
vt 0.341663 0.656289
vt 0.328548 0.825042
vt 0.839020 0.281131
vt 0.843633 0.283058
vt 0.839147 0.284721
vt 0.834314 0.285746
vt 0.829320 0.286092
vt 0.834179 0.281935
vt 0.341019 0.655548
vt 0.828723 0.282182
vt 0.828862 0.286060
vt 0.337068 0.658343
vt 0.330187 0.663186
vt 0.332523 0.665872
vt 0.333411 0.660922
vt 0.336112 0.656671
vt 0.328419 0.660096
vt 0.843518 0.279828
vt 0.847428 0.274943
vt 0.847501 0.278073
vt 0.838925 0.277041
vt 0.829181 0.282207
vt 0.834078 0.277593
vt 0.340531 0.654696
vt 0.828621 0.277762
vt 0.834016 0.272886
vt 0.829079 0.277779
vt 0.340219 0.653764
vt 0.828558 0.272972
vt 0.335500 0.654844
vt 0.332022 0.658494
vt 0.327288 0.656720
vt 0.843433 0.276146
vt 0.847383 0.271549
vt 0.843380 0.272156
vt 0.331133 0.655842
vt 0.838866 0.272607
vt 0.829015 0.272980
vt 0.101949 0.653047
vt 0.106559 0.650991
vt 0.106425 0.652913
vt 0.098007 0.653169
vt 0.102143 0.650257
vt 0.648440 0.807034
vt 0.652462 0.803524
vt 0.652447 0.807047
vt 0.643925 0.807024
vt 0.648458 0.802891
vt 0.639094 0.802132
vt 0.639073 0.807019
vt 0.634093 0.802036
vt 0.634072 0.807018
vt 0.111264 0.652770
vt 0.111332 0.651790
vt 0.116280 0.652625
vt 0.633614 0.807018
vt 0.633636 0.802045
vt 0.633699 0.797267
vt 0.107065 0.649132
vt 0.102877 0.647558
vt 0.099189 0.646182
vt 0.098254 0.649617
vt 0.652507 0.800140
vt 0.644003 0.797999
vt 0.643944 0.802422
vt 0.639156 0.797438
vt 0.634157 0.797249
vt 0.111590 0.650842
vt 0.644098 0.793928
vt 0.648511 0.798912
vt 0.639257 0.793116
vt 0.112028 0.649963
vt 0.633802 0.792868
vt 0.107924 0.647407
vt 0.104124 0.645054
vt 0.652579 0.797024
vt 0.105835 0.642842
vt 0.102954 0.640180
vt 0.100776 0.642996
vt 0.098007 0.641310
vt 0.648711 0.792040
vt 0.648596 0.795248
vt 0.639393 0.789333
vt 0.634398 0.788985
vt 0.634260 0.792843
vt 0.112629 0.649186
vt 0.633940 0.789017
vt 0.109102 0.645883
vt 0.784752 0.556889
vt 0.780023 0.561542
vt 0.779897 0.557874
vt 0.789762 0.556568
vt 0.784885 0.560783
vt 0.113370 0.648542
vt 0.789898 0.560538
vt 0.790221 0.556601
vt 0.790356 0.560564
vt 0.107945 0.641006
vt 0.105639 0.637843
vt 0.775498 0.562786
vt 0.771388 0.561659
vt 0.775385 0.559484
vt 0.112228 0.643662
vt 0.110556 0.644619
vt 0.108729 0.636076
vt 0.775576 0.566522
vt 0.771484 0.564466
vt 0.780109 0.565693
vt 0.784977 0.565190
vt 0.114222 0.648054
vt 0.789991 0.565032
vt 0.790450 0.565050
vt 0.780153 0.570169
vt 0.790039 0.569877
vt 0.115153 0.647742
vt 0.790497 0.569886
vt 0.110373 0.639618
vt 0.114054 0.643050
vt 0.113025 0.638729
vt 0.771584 0.571070
vt 0.771550 0.567644
vt 0.115635 0.634494
vt 0.112104 0.634945
vt 0.775615 0.570550
vt 0.771584 0.574612
vt 0.780153 0.574797
vt 0.785024 0.569942
vt 0.790039 0.574886
vt 0.116128 0.647618
vt 0.790497 0.574886
vt 0.115965 0.642806
vt 0.784977 0.579741
vt 0.785024 0.574855
vt 0.117107 0.647686
vt 0.789991 0.579868
vt 0.790450 0.579859
vt 0.118589 0.638569
vt 0.115799 0.638375
vt 0.119186 0.634741
vt 0.775576 0.578857
vt 0.775615 0.574715
vt 0.780109 0.579400
vt 0.121287 0.639304
vt 0.771484 0.581502
vt 0.771550 0.578134
vt 0.780023 0.583799
vt 0.789898 0.584630
vt 0.118055 0.647944
vt 0.790356 0.584613
vt 0.119746 0.643446
vt 0.117887 0.642940
vt 0.789762 0.588989
vt 0.784885 0.584412
vt 0.118934 0.648382
vt 0.790221 0.588965
vt 0.121470 0.644305
vt 0.123791 0.640551
vt 0.122620 0.635676
vt 0.775498 0.582817
vt 0.771388 0.584584
vt 0.779897 0.587827
vt 0.127440 0.634570
vt 0.128622 0.639442
vt 0.125807 0.637264
vt 0.779737 0.591329
vt 0.775385 0.586442
vt 0.784752 0.588687
vt 0.789589 0.592779
vt 0.119711 0.648983
vt 0.790048 0.592748
vt 0.122994 0.645484
vt 0.126003 0.642262
vt 0.786903 0.253833
vt 0.787186 0.249994
vt 0.787363 0.253859
vt 0.120355 0.649724
vt 0.124258 0.646937
vt 0.127838 0.644373
vt 0.772317 0.253033
vt 0.768432 0.258040
vt 0.768307 0.255302
vt 0.777004 0.254925
vt 0.776841 0.251347
vt 0.781706 0.250310
vt 0.786726 0.249961
vt 0.772573 0.259932
vt 0.772464 0.256252
vt 0.781880 0.254108
vt 0.777126 0.259013
vt 0.787035 0.258258
vt 0.120843 0.650576
vt 0.787494 0.258276
vt 0.125215 0.648610
vt 0.129227 0.646801
vt 0.132726 0.645218
vt 0.130958 0.642128
vt 0.768525 0.261169
vt 0.125827 0.650437
vt 0.130116 0.649453
vt 0.133857 0.648594
vt 0.772640 0.263929
vt 0.777201 0.263454
vt 0.782009 0.258448
vt 0.782088 0.263163
vt 0.121155 0.651508
vt 0.787575 0.263075
vt 0.777226 0.268079
vt 0.787116 0.263066
vt 0.782115 0.268072
vt 0.121279 0.652482
vt 0.787602 0.268071
vt 0.787143 0.268071
vt 0.126071 0.652348
vt 0.130470 0.652227
vt 0.768602 0.268107
vt 0.768583 0.264568
vt 0.130276 0.655018
vt 0.134061 0.655676
vt 0.134308 0.652125
vt 0.772663 0.268091
vt 0.768583 0.271650
vt 0.777201 0.272708
vt 0.787116 0.273082
vt 0.121211 0.653462
vt 0.787575 0.273073
vt 0.125937 0.654270
vt 0.782088 0.272987
vt 0.777126 0.277165
vt 0.787035 0.277905
vt 0.120953 0.654409
vt 0.787494 0.277888
vt 0.125431 0.656129
vt 0.133126 0.659111
vt 0.772640 0.272257
vt 0.768525 0.275061
vt 0.129542 0.657717
vt 0.124572 0.657853
vt 0.128295 0.660220
vt 0.772573 0.276268
vt 0.768432 0.278209
vt 0.777004 0.281277
vt 0.782009 0.277718
vt 0.786903 0.282357
vt 0.120516 0.655289
vt 0.787363 0.282332
vt 0.781880 0.282084
vt 0.776841 0.284888
vt 0.781706 0.285916
vt 0.119915 0.656066
vt 0.786726 0.286265
vt 0.787186 0.286233
vt 0.126583 0.662432
vt 0.129361 0.665114
vt 0.131539 0.662298
vt 0.772317 0.283218
vt 0.772464 0.279969
vt 0.126676 0.667450
vt 0.131620 0.667318
vt 0.106362 0.790335
vt 0.101994 0.795191
vt 0.101875 0.792042
vt 0.111196 0.789286
vt 0.106494 0.793834
vt 0.116190 0.788936
vt 0.111336 0.793001
vt 0.119174 0.656710
vt 0.116333 0.792723
vt 0.116649 0.788969
vt 0.116791 0.792750
vt 0.121940 0.660642
vt 0.123394 0.659377
vt 0.124473 0.664268
vt 0.111440 0.797271
vt 0.118321 0.657198
vt 0.116439 0.797077
vt 0.116897 0.797096
vt 0.120268 0.661598
vt 0.122046 0.665657
vt 0.098083 0.800098
vt 0.098007 0.797020
vt 0.106592 0.797856
vt 0.102136 0.802763
vt 0.102082 0.798811
vt 0.106653 0.802247
vt 0.111504 0.801933
vt 0.117390 0.657510
vt 0.116505 0.801830
vt 0.116962 0.801841
vt 0.118442 0.662210
vt 0.120211 0.670349
vt 0.123586 0.669218
vt 0.116416 0.657634
vt 0.116984 0.806801
vt 0.116531 0.662454
vt 0.116620 0.666900
vt 0.119394 0.666546
vt 0.116680 0.670799
vt 0.098144 0.806973
vt 0.098129 0.803459
vt 0.102155 0.806895
vt 0.106673 0.806839
vt 0.116527 0.806800
vt 0.098129 0.810505
vt 0.106653 0.811453
vt 0.111526 0.806807
vt 0.111504 0.811705
vt 0.115436 0.657566
vt 0.116505 0.811795
vt 0.116962 0.811787
vt 0.114609 0.662321
vt 0.113129 0.670552
vt 0.116439 0.816623
vt 0.116897 0.816607
vt 0.112750 0.661814
vt 0.111132 0.665971
vt 0.113830 0.666706
vt 0.109695 0.669617
vt 0.102136 0.811048
vt 0.098083 0.813919
vt 0.106592 0.815915
vt 0.111440 0.816441
vt 0.114489 0.657308
vt 0.101994 0.818785
vt 0.102082 0.815063
vt 0.106494 0.820050
vt 0.116333 0.821100
vt 0.113610 0.656870
vt 0.116791 0.821076
vt 0.111026 0.660956
vt 0.106508 0.668030
vt 0.098007 0.817085
vt 0.109502 0.659777
vt 0.106416 0.663012
vt 0.108628 0.664724
vt 0.101438 0.668185
vt 0.104748 0.670747
vt 0.106362 0.823702
vt 0.111336 0.820832
vt 0.111196 0.824709
vt 0.112833 0.656269
vt 0.116649 0.825022
vt 0.644098 0.820155
vt 0.648711 0.822082
vt 0.644226 0.823745
vt 0.639393 0.824769
vt 0.634398 0.825116
vt 0.639257 0.820959
vt 0.112188 0.655528
vt 0.633802 0.821206
vt 0.633940 0.825084
vt 0.108238 0.658323
vt 0.103693 0.665851
vt 0.104580 0.660902
vt 0.098690 0.665027
vt 0.107281 0.656651
vt 0.099589 0.660075
vt 0.101357 0.663166
vt 0.648511 0.815170
vt 0.652579 0.817097
vt 0.648596 0.818851
vt 0.644003 0.816065
vt 0.639156 0.816616
vt 0.634260 0.821231
vt 0.111701 0.654675
vt 0.633699 0.816786
vt 0.639094 0.811910
vt 0.634157 0.816803
vt 0.111389 0.653744
vt 0.633636 0.811996
vt 0.106669 0.654824
vt 0.103192 0.658474
vt 0.098458 0.656700
vt 0.652462 0.810573
vt 0.652507 0.813966
vt 0.648458 0.811180
vt 0.102303 0.655822
vt 0.643944 0.811631
vt 0.634094 0.812004
vt 0.482612 0.653050
vt 0.487222 0.650994
vt 0.487088 0.652916
vt 0.478670 0.653172
vt 0.482806 0.650260
vt 0.035293 0.807160
vt 0.039314 0.803650
vt 0.039299 0.807173
vt 0.030777 0.807150
vt 0.035311 0.803017
vt 0.025947 0.802258
vt 0.025926 0.807145
vt 0.020925 0.807144
vt 0.491927 0.652773
vt 0.491995 0.651793
vt 0.496942 0.652628
vt 0.020488 0.802171
vt 0.020467 0.807144
vt 0.020552 0.797393
vt 0.020946 0.802162
vt 0.487727 0.649135
vt 0.483540 0.647561
vt 0.479852 0.646185
vt 0.478917 0.649620
vt 0.035363 0.799038
vt 0.030856 0.798125
vt 0.030797 0.802547
vt 0.026009 0.797564
vt 0.492253 0.650845
vt 0.030951 0.794054
vt 0.021009 0.797375
vt 0.026110 0.793242
vt 0.492691 0.649966
vt 0.020654 0.792994
vt 0.488586 0.647410
vt 0.484787 0.645058
vt 0.039432 0.797150
vt 0.039359 0.800266
vt 0.486498 0.642845
vt 0.483617 0.640183
vt 0.481439 0.642999
vt 0.478670 0.641313
vt 0.035564 0.792166
vt 0.035449 0.795374
vt 0.026245 0.789459
vt 0.021112 0.792969
vt 0.493292 0.649189
vt 0.020792 0.789143
vt 0.489765 0.645886
vt 0.781810 0.102052
vt 0.776822 0.099143
vt 0.781676 0.098158
vt 0.786686 0.097837
vt 0.494033 0.648545
vt 0.787281 0.101833
vt 0.787145 0.097870
vt 0.491218 0.644622
vt 0.486302 0.637847
vt 0.772422 0.104055
vt 0.768312 0.102928
vt 0.772309 0.100753
vt 0.488608 0.641010
vt 0.492890 0.643665
vt 0.489392 0.636079
vt 0.772500 0.107791
vt 0.768408 0.105736
vt 0.776947 0.102811
vt 0.781901 0.106460
vt 0.786822 0.101807
vt 0.494885 0.648057
vt 0.786916 0.106301
vt 0.787374 0.106319
vt 0.777078 0.111439
vt 0.777034 0.106963
vt 0.786964 0.111146
vt 0.495816 0.647745
vt 0.787422 0.111155
vt 0.494717 0.643053
vt 0.491036 0.639621
vt 0.493687 0.638732
vt 0.768508 0.112339
vt 0.768475 0.108913
vt 0.496298 0.634497
vt 0.492767 0.634948
vt 0.772540 0.111819
vt 0.768508 0.115881
vt 0.777078 0.116067
vt 0.781948 0.111211
vt 0.786964 0.116155
vt 0.496790 0.647621
vt 0.787422 0.116156
vt 0.496628 0.642809
vt 0.496462 0.638378
vt 0.786916 0.121137
vt 0.781948 0.116124
vt 0.497770 0.647689
vt 0.787374 0.121128
vt 0.498550 0.642943
vt 0.499251 0.638572
vt 0.499849 0.634744
vt 0.772540 0.115985
vt 0.768475 0.119403
vt 0.777034 0.120669
vt 0.503283 0.635680
vt 0.772500 0.120126
vt 0.768408 0.122771
vt 0.776947 0.125068
vt 0.781901 0.121010
vt 0.786822 0.125899
vt 0.498718 0.647947
vt 0.787281 0.125882
vt 0.500408 0.643449
vt 0.786686 0.130259
vt 0.781810 0.125681
vt 0.499597 0.648385
vt 0.787145 0.130234
vt 0.504453 0.640554
vt 0.501950 0.639307
vt 0.772422 0.124086
vt 0.768312 0.125854
vt 0.772309 0.127711
vt 0.781676 0.129957
vt 0.508103 0.634573
vt 0.509285 0.639445
vt 0.506469 0.637267
vt 0.776822 0.129096
vt 0.772166 0.130862
vt 0.781507 0.133674
vt 0.500373 0.648986
vt 0.786973 0.134017
vt 0.786514 0.134048
vt 0.503657 0.645487
vt 0.502133 0.644308
vt 0.506665 0.642266
vt 0.423586 0.716146
vt 0.422950 0.712248
vt 0.423410 0.712281
vt 0.504921 0.646941
vt 0.508501 0.644376
vt 0.511621 0.642131
vt 0.408687 0.718539
vt 0.404531 0.717589
vt 0.408540 0.715320
vt 0.413228 0.717212
vt 0.413065 0.713634
vt 0.417930 0.712597
vt 0.418104 0.716395
vt 0.501018 0.649727
vt 0.408797 0.722219
vt 0.413350 0.721300
vt 0.423127 0.716120
vt 0.418233 0.720735
vt 0.501506 0.650580
vt 0.423258 0.720545
vt 0.423718 0.720563
vt 0.505878 0.648613
vt 0.513389 0.645221
vt 0.404656 0.720327
vt 0.506490 0.650440
vt 0.510778 0.649456
vt 0.509890 0.646804
vt 0.514520 0.648597
vt 0.408864 0.726216
vt 0.404749 0.723456
vt 0.413424 0.725741
vt 0.418312 0.725450
vt 0.501818 0.651511
vt 0.423339 0.725353
vt 0.423798 0.725362
vt 0.413450 0.730366
vt 0.418339 0.730359
vt 0.501942 0.652485
vt 0.423367 0.730358
vt 0.423826 0.730358
vt 0.506734 0.652351
vt 0.511133 0.652231
vt 0.404826 0.730394
vt 0.404806 0.726855
vt 0.510939 0.655021
vt 0.514724 0.655680
vt 0.514970 0.652128
vt 0.408864 0.734544
vt 0.408887 0.730378
vt 0.418312 0.735274
vt 0.501874 0.653465
vt 0.423339 0.735369
vt 0.423798 0.735360
vt 0.506600 0.654273
vt 0.418233 0.740005
vt 0.413424 0.734995
vt 0.501616 0.654413
vt 0.423258 0.740192
vt 0.423718 0.740175
vt 0.506094 0.656132
vt 0.510204 0.657720
vt 0.404749 0.737348
vt 0.404806 0.733937
vt 0.413350 0.739452
vt 0.508957 0.660223
vt 0.512202 0.662301
vt 0.513789 0.659115
vt 0.408797 0.738555
vt 0.404656 0.740496
vt 0.413228 0.743564
vt 0.418104 0.744371
vt 0.501178 0.655292
vt 0.423586 0.744619
vt 0.423127 0.744644
vt 0.505235 0.657857
vt 0.413065 0.747175
vt 0.417930 0.748203
vt 0.500577 0.656069
vt 0.422950 0.748552
vt 0.423410 0.748520
vt 0.504056 0.659380
vt 0.510024 0.665117
vt 0.408687 0.742256
vt 0.404531 0.743259
vt 0.507338 0.667453
vt 0.507246 0.662435
vt 0.512283 0.667321
vt 0.719534 0.793758
vt 0.714914 0.791966
vt 0.719402 0.790259
vt 0.724236 0.789210
vt 0.729230 0.788860
vt 0.724376 0.792925
vt 0.499836 0.656713
vt 0.729373 0.792647
vt 0.729688 0.788893
vt 0.729831 0.792674
vt 0.502603 0.660645
vt 0.729479 0.797001
vt 0.498984 0.657201
vt 0.729937 0.797020
vt 0.500931 0.661601
vt 0.505136 0.664271
vt 0.504249 0.669221
vt 0.715033 0.795115
vt 0.711122 0.800022
vt 0.711047 0.796943
vt 0.719632 0.797780
vt 0.715121 0.798735
vt 0.711168 0.803383
vt 0.719692 0.802171
vt 0.724480 0.797195
vt 0.729544 0.801754
vt 0.498053 0.657513
vt 0.730002 0.801764
vt 0.500057 0.666549
vt 0.502709 0.665660
vt 0.500874 0.670352
vt 0.497079 0.657637
vt 0.730024 0.806725
vt 0.497194 0.662457
vt 0.499104 0.662214
vt 0.497343 0.670802
vt 0.715194 0.806819
vt 0.715176 0.802687
vt 0.724544 0.801856
vt 0.719713 0.806763
vt 0.729566 0.806723
vt 0.711168 0.810429
vt 0.711184 0.806897
vt 0.719692 0.811377
vt 0.724565 0.806730
vt 0.724544 0.811629
vt 0.496099 0.657569
vt 0.729544 0.811718
vt 0.730002 0.811711
vt 0.497283 0.666903
vt 0.495272 0.662324
vt 0.493792 0.670555
vt 0.729479 0.816547
vt 0.729937 0.816531
vt 0.495151 0.657311
vt 0.491794 0.665974
vt 0.494493 0.666709
vt 0.490357 0.669620
vt 0.715176 0.810972
vt 0.711122 0.813843
vt 0.719632 0.815838
vt 0.724480 0.816365
vt 0.719534 0.819974
vt 0.715121 0.814987
vt 0.729373 0.821024
vt 0.494272 0.656873
vt 0.729831 0.821000
vt 0.491689 0.660959
vt 0.493413 0.661818
vt 0.489291 0.664727
vt 0.487171 0.668033
vt 0.711047 0.817009
vt 0.490165 0.659780
vt 0.487079 0.663015
vt 0.485411 0.670750
vt 0.484356 0.665855
vt 0.719402 0.823626
vt 0.715033 0.818709
vt 0.724376 0.820756
vt 0.724236 0.824632
vt 0.493496 0.656272
vt 0.729688 0.824946
vt 0.030951 0.820281
vt 0.035564 0.822208
vt 0.031078 0.823871
vt 0.026245 0.824896
vt 0.021251 0.825242
vt 0.026110 0.821085
vt 0.492851 0.655531
vt 0.021112 0.821357
vt 0.020792 0.825210
vt 0.020654 0.821332
vt 0.488901 0.658326
vt 0.485243 0.660905
vt 0.479353 0.665030
vt 0.482100 0.668188
vt 0.483854 0.658477
vt 0.480252 0.660079
vt 0.482019 0.663169
vt 0.035363 0.815296
vt 0.039432 0.817223
vt 0.035449 0.818977
vt 0.030856 0.816191
vt 0.026009 0.816742
vt 0.492363 0.654679
vt 0.021009 0.816929
vt 0.020552 0.816912
vt 0.487944 0.656654
vt 0.030797 0.811757
vt 0.025947 0.812036
vt 0.492051 0.653747
vt 0.020489 0.812122
vt 0.487332 0.654827
vt 0.479121 0.656703
vt 0.039314 0.810699
vt 0.039359 0.814092
vt 0.482966 0.655825
vt 0.035311 0.811306
vt 0.020946 0.812130
vt 0.560346 0.649996
vt 0.564628 0.652652
vt 0.560152 0.652786
vt 0.556210 0.652907
vt 0.419357 0.807535
vt 0.423378 0.804025
vt 0.423363 0.807548
vt 0.414841 0.807525
vt 0.419375 0.803392
vt 0.409990 0.807520
vt 0.414861 0.802922
vt 0.404989 0.807519
vt 0.410011 0.802633
vt 0.569467 0.652509
vt 0.569535 0.651529
vt 0.574483 0.652363
vt 0.404552 0.802546
vt 0.404531 0.807519
vt 0.404616 0.797768
vt 0.405010 0.802537
vt 0.564762 0.650730
vt 0.569793 0.650581
vt 0.565268 0.648871
vt 0.557392 0.645921
vt 0.556457 0.649356
vt 0.423423 0.800641
vt 0.414919 0.798500
vt 0.410073 0.797939
vt 0.415014 0.794429
vt 0.419427 0.799413
vt 0.405073 0.797750
vt 0.410173 0.793617
vt 0.570231 0.649702
vt 0.404718 0.793369
vt 0.566127 0.647146
vt 0.562327 0.644793
vt 0.561080 0.647297
vt 0.558979 0.642735
vt 0.423496 0.797525
vt 0.564039 0.642581
vt 0.561157 0.639919
vt 0.556210 0.641049
vt 0.415142 0.790865
vt 0.419513 0.795749
vt 0.405176 0.793344
vt 0.410309 0.789834
vt 0.570832 0.648925
vt 0.404856 0.789518
vt 0.567305 0.645622
vt 0.784752 0.479519
vt 0.780023 0.484172
vt 0.779897 0.480504
vt 0.789762 0.479198
vt 0.784885 0.483413
vt 0.571573 0.648281
vt 0.789898 0.483168
vt 0.790221 0.479231
vt 0.790356 0.483194
vt 0.568759 0.644358
vt 0.563842 0.637582
vt 0.775385 0.482114
vt 0.771484 0.487097
vt 0.771388 0.484289
vt 0.568576 0.639357
vt 0.566148 0.640745
vt 0.566932 0.635815
vt 0.775498 0.485416
vt 0.771550 0.490274
vt 0.780109 0.488324
vt 0.784977 0.487821
vt 0.572425 0.647793
vt 0.789991 0.487662
vt 0.790450 0.487680
vt 0.570431 0.643401
vt 0.780153 0.492800
vt 0.785024 0.492572
vt 0.573357 0.647481
vt 0.790039 0.492507
vt 0.790497 0.492516
vt 0.572257 0.642789
vt 0.570307 0.634684
vt 0.775576 0.489152
vt 0.771584 0.493700
vt 0.573838 0.634233
vt 0.571228 0.638468
vt 0.775615 0.497346
vt 0.775615 0.493180
vt 0.780153 0.497428
vt 0.785024 0.497485
vt 0.574331 0.647357
vt 0.790497 0.497516
vt 0.790039 0.497516
vt 0.574002 0.638114
vt 0.784977 0.502371
vt 0.575310 0.647425
vt 0.790450 0.502489
vt 0.789991 0.502498
vt 0.576090 0.642679
vt 0.574168 0.642545
vt 0.576792 0.638308
vt 0.775576 0.501487
vt 0.771584 0.497242
vt 0.780109 0.502030
vt 0.580823 0.635415
vt 0.577389 0.634480
vt 0.771484 0.504132
vt 0.771550 0.500764
vt 0.780023 0.506429
vt 0.784885 0.507042
vt 0.576258 0.647683
vt 0.790356 0.507243
vt 0.789898 0.507260
vt 0.577949 0.643185
vt 0.784752 0.511318
vt 0.577137 0.648121
vt 0.790221 0.511595
vt 0.789762 0.511619
vt 0.579490 0.639043
vt 0.579673 0.644044
vt 0.584010 0.637003
vt 0.775498 0.505447
vt 0.771388 0.507215
vt 0.779897 0.510457
vt 0.585643 0.634309
vt 0.586825 0.639181
vt 0.775241 0.512223
vt 0.775385 0.509072
vt 0.779738 0.513959
vt 0.784582 0.515035
vt 0.577914 0.648722
vt 0.790048 0.515378
vt 0.789589 0.515409
vt 0.581197 0.645223
vt 0.584206 0.642002
vt 0.581994 0.640290
vt 0.194527 0.716173
vt 0.193890 0.712275
vt 0.194350 0.712307
vt 0.582461 0.646677
vt 0.589161 0.641867
vt 0.179481 0.715347
vt 0.175596 0.720353
vt 0.175471 0.717615
vt 0.184168 0.717239
vt 0.184005 0.713661
vt 0.188870 0.712624
vt 0.189044 0.716422
vt 0.578558 0.649463
vt 0.184290 0.721327
vt 0.179628 0.718566
vt 0.194067 0.716147
vt 0.189173 0.720762
vt 0.579046 0.650315
vt 0.194658 0.720590
vt 0.583418 0.648349
vt 0.587430 0.646540
vt 0.586041 0.644112
vt 0.175689 0.723482
vt 0.579358 0.651247
vt 0.584030 0.650176
vt 0.590929 0.644957
vt 0.588319 0.649192
vt 0.179737 0.722245
vt 0.175747 0.726882
vt 0.184365 0.725768
vt 0.194280 0.725379
vt 0.194199 0.720572
vt 0.194739 0.725389
vt 0.184390 0.730393
vt 0.179804 0.726243
vt 0.189252 0.725477
vt 0.189279 0.730386
vt 0.579482 0.652221
vt 0.194766 0.730385
vt 0.194307 0.730385
vt 0.584274 0.652087
vt 0.588673 0.651966
vt 0.592511 0.651864
vt 0.592060 0.648333
vt 0.175766 0.730421
vt 0.584140 0.654009
vt 0.588479 0.654757
vt 0.179827 0.730404
vt 0.175747 0.733964
vt 0.179804 0.734571
vt 0.189253 0.735300
vt 0.579414 0.653201
vt 0.194280 0.735395
vt 0.194739 0.735387
vt 0.189173 0.740031
vt 0.184365 0.735022
vt 0.579156 0.654149
vt 0.194658 0.740202
vt 0.194199 0.740219
vt 0.583634 0.655868
vt 0.587744 0.657456
vt 0.591329 0.658850
vt 0.592264 0.655415
vt 0.175689 0.737375
vt 0.184290 0.739478
vt 0.582775 0.657592
vt 0.589742 0.662037
vt 0.179737 0.738581
vt 0.175597 0.740523
vt 0.184168 0.743591
vt 0.189044 0.744397
vt 0.578719 0.655028
vt 0.194527 0.744646
vt 0.194067 0.744670
vt 0.184005 0.747201
vt 0.188870 0.748230
vt 0.578118 0.655805
vt 0.194350 0.748546
vt 0.193890 0.748578
vt 0.581597 0.659116
vt 0.584786 0.662171
vt 0.586498 0.659959
vt 0.587564 0.664853
vt 0.179481 0.745532
vt 0.179628 0.742283
vt 0.584879 0.667189
vt 0.589823 0.667057
vt 0.487157 0.793837
vt 0.482537 0.792045
vt 0.487025 0.790338
vt 0.491859 0.789289
vt 0.496853 0.788939
vt 0.491999 0.793004
vt 0.577377 0.656449
vt 0.497454 0.792753
vt 0.497311 0.788972
vt 0.580143 0.660381
vt 0.496996 0.792726
vt 0.492103 0.797274
vt 0.576524 0.656937
vt 0.497102 0.797080
vt 0.497560 0.797099
vt 0.578471 0.661337
vt 0.580249 0.665396
vt 0.582676 0.664007
vt 0.581789 0.668957
vt 0.482744 0.798814
vt 0.478670 0.797023
vt 0.482656 0.795194
vt 0.487255 0.797859
vt 0.478791 0.803462
vt 0.478745 0.800101
vt 0.487315 0.802251
vt 0.492167 0.801936
vt 0.575593 0.657249
vt 0.497625 0.801844
vt 0.576645 0.661949
vt 0.578414 0.670088
vt 0.574619 0.657373
vt 0.497647 0.806804
vt 0.497167 0.801833
vt 0.574734 0.662193
vt 0.577597 0.666285
vt 0.574883 0.670538
vt 0.482799 0.802766
vt 0.478807 0.806976
vt 0.487336 0.806842
vt 0.492189 0.806810
vt 0.482817 0.806898
vt 0.478791 0.810508
vt 0.487315 0.811457
vt 0.497189 0.806803
vt 0.492167 0.811709
vt 0.573639 0.657305
vt 0.497625 0.811791
vt 0.574823 0.666639
vt 0.572812 0.662060
vt 0.571332 0.670291
vt 0.497560 0.816611
vt 0.497167 0.811798
vt 0.570953 0.661554
vt 0.569335 0.665710
vt 0.572033 0.666445
vt 0.567898 0.669356
vt 0.482799 0.811051
vt 0.478745 0.813922
vt 0.487255 0.815918
vt 0.492103 0.816444
vt 0.572692 0.657047
vt 0.487157 0.820054
vt 0.482744 0.815066
vt 0.497102 0.816626
vt 0.491999 0.820835
vt 0.571813 0.656609
vt 0.497454 0.821079
vt 0.569229 0.660695
vt 0.566831 0.664463
vt 0.564711 0.667769
vt 0.478670 0.817088
vt 0.571036 0.656008
vt 0.567705 0.659516
vt 0.561896 0.665590
vt 0.562951 0.670486
vt 0.487025 0.823705
vt 0.482656 0.818788
vt 0.496996 0.821103
vt 0.491859 0.824712
vt 0.497311 0.825025
vt 0.415014 0.820656
vt 0.419628 0.822583
vt 0.415142 0.824246
vt 0.410309 0.825270
vt 0.405314 0.825617
vt 0.410173 0.821460
vt 0.570391 0.655267
vt 0.405176 0.821732
vt 0.404856 0.825585
vt 0.404718 0.821707
vt 0.566441 0.658062
vt 0.564619 0.662751
vt 0.559560 0.662905
vt 0.559640 0.667924
vt 0.562783 0.660641
vt 0.565484 0.656390
vt 0.557792 0.659814
vt 0.419513 0.819352
vt 0.423423 0.814467
vt 0.423496 0.817598
vt 0.414919 0.816566
vt 0.410073 0.817117
vt 0.569904 0.654414
vt 0.405073 0.817304
vt 0.404616 0.817287
vt 0.414861 0.812132
vt 0.410011 0.812411
vt 0.569592 0.653483
vt 0.405010 0.812505
vt 0.404552 0.812497
vt 0.564872 0.654563
vt 0.561395 0.658213
vt 0.556661 0.656439
vt 0.419427 0.815671
vt 0.423378 0.811074
vt 0.560506 0.655561
vt 0.419375 0.811681
vt 0.253545 0.653067
vt 0.258155 0.651011
vt 0.258021 0.652933
vt 0.249603 0.653189
vt 0.253739 0.650277
vt 0.843182 0.115886
vt 0.847203 0.112376
vt 0.847188 0.115899
vt 0.838666 0.115876
vt 0.843200 0.111743
vt 0.833836 0.110985
vt 0.833815 0.115871
vt 0.828814 0.115870
vt 0.262860 0.652790
vt 0.262928 0.651810
vt 0.267876 0.652645
vt 0.828378 0.110897
vt 0.828356 0.115870
vt 0.828441 0.106119
vt 0.828835 0.110888
vt 0.258661 0.649152
vt 0.254473 0.647578
vt 0.250785 0.646202
vt 0.249850 0.649637
vt 0.843253 0.107764
vt 0.838745 0.106852
vt 0.838686 0.111274
vt 0.833898 0.106290
vt 0.263186 0.650863
vt 0.838840 0.102780
vt 0.833999 0.101968
vt 0.828899 0.106101
vt 0.263624 0.649983
vt 0.828543 0.101720
vt 0.259519 0.647427
vt 0.255720 0.645075
vt 0.847321 0.105876
vt 0.847248 0.108992
vt 0.257431 0.642862
vt 0.254550 0.640200
vt 0.252372 0.643016
vt 0.249603 0.641330
vt 0.843453 0.100892
vt 0.843338 0.104100
vt 0.834135 0.098185
vt 0.829140 0.097837
vt 0.829001 0.101695
vt 0.264225 0.649207
vt 0.828682 0.097869
vt 0.260698 0.645903
vt 0.784788 0.634545
vt 0.780059 0.639198
vt 0.779933 0.635530
vt 0.789798 0.634224
vt 0.784921 0.638439
vt 0.264966 0.648562
vt 0.789934 0.638195
vt 0.790257 0.634257
vt 0.790392 0.638220
vt 0.262152 0.644639
vt 0.257235 0.637864
vt 0.775534 0.640442
vt 0.771424 0.639315
vt 0.775421 0.637141
vt 0.261969 0.639638
vt 0.259541 0.641027
vt 0.260325 0.636096
vt 0.775612 0.644178
vt 0.771520 0.642123
vt 0.780145 0.643350
vt 0.790027 0.642688
vt 0.265818 0.648074
vt 0.790486 0.642706
vt 0.785013 0.642847
vt 0.780189 0.647826
vt 0.790075 0.647533
vt 0.266749 0.647762
vt 0.790533 0.647542
vt 0.265650 0.643070
vt 0.263824 0.643682
vt 0.264621 0.638749
vt 0.771620 0.648726
vt 0.771586 0.645301
vt 0.267231 0.634515
vt 0.263700 0.634965
vt 0.775651 0.648207
vt 0.771620 0.652268
vt 0.780189 0.652454
vt 0.785060 0.647599
vt 0.790075 0.652542
vt 0.267724 0.647638
vt 0.790533 0.652543
vt 0.267395 0.638395
vt 0.790027 0.657524
vt 0.785060 0.652511
vt 0.268703 0.647706
vt 0.790486 0.657515
vt 0.269483 0.642960
vt 0.267561 0.642826
vt 0.270185 0.638589
vt 0.270782 0.634761
vt 0.775651 0.652372
vt 0.771586 0.655791
vt 0.780145 0.657056
vt 0.274216 0.635697
vt 0.775612 0.656514
vt 0.771520 0.659158
vt 0.780059 0.661456
vt 0.785013 0.657397
vt 0.789934 0.662286
vt 0.269651 0.647964
vt 0.790392 0.662269
vt 0.272883 0.639324
vt 0.789798 0.666646
vt 0.784921 0.662068
vt 0.270530 0.648402
vt 0.790257 0.666621
vt 0.273066 0.644325
vt 0.271342 0.643466
vt 0.275387 0.640571
vt 0.775534 0.660473
vt 0.771424 0.662241
vt 0.779933 0.665484
vt 0.279036 0.634590
vt 0.280218 0.639462
vt 0.277403 0.637284
vt 0.779774 0.668985
vt 0.775421 0.664098
vt 0.784788 0.666344
vt 0.784618 0.670061
vt 0.271307 0.649003
vt 0.790084 0.670404
vt 0.789625 0.670436
vt 0.274590 0.645504
vt 0.277599 0.642283
vt 0.787368 0.024365
vt 0.786731 0.020467
vt 0.787191 0.020500
vt 0.275854 0.646958
vt 0.282554 0.642148
vt 0.772469 0.026759
vt 0.768312 0.025808
vt 0.772322 0.023539
vt 0.777009 0.025431
vt 0.776846 0.021854
vt 0.781711 0.020816
vt 0.781885 0.024614
vt 0.271951 0.649744
vt 0.772578 0.030438
vt 0.777131 0.029519
vt 0.786908 0.024339
vt 0.782014 0.028954
vt 0.272439 0.650597
vt 0.787499 0.028782
vt 0.276811 0.648630
vt 0.280823 0.646821
vt 0.279434 0.644393
vt 0.284322 0.645238
vt 0.768437 0.028546
vt 0.277423 0.650457
vt 0.281712 0.649473
vt 0.285453 0.648614
vt 0.768588 0.035074
vt 0.768530 0.031675
vt 0.777206 0.033961
vt 0.787040 0.028764
vt 0.782093 0.033669
vt 0.272751 0.651528
vt 0.787580 0.033581
vt 0.777231 0.038585
vt 0.772645 0.034435
vt 0.787121 0.033572
vt 0.782120 0.038578
vt 0.272875 0.652502
vt 0.787607 0.038577
vt 0.787148 0.038577
vt 0.277667 0.652368
vt 0.282066 0.652248
vt 0.768607 0.038613
vt 0.281872 0.655038
vt 0.285657 0.655697
vt 0.285903 0.652145
vt 0.772645 0.042763
vt 0.772668 0.038597
vt 0.777206 0.043214
vt 0.782093 0.043493
vt 0.272807 0.653482
vt 0.787121 0.043588
vt 0.787580 0.043579
vt 0.277533 0.654290
vt 0.777131 0.047671
vt 0.782014 0.048224
vt 0.272549 0.654430
vt 0.787499 0.048395
vt 0.787040 0.048412
vt 0.277027 0.656149
vt 0.284722 0.659132
vt 0.768530 0.045567
vt 0.768588 0.042157
vt 0.772578 0.046774
vt 0.281137 0.657737
vt 0.276168 0.657874
vt 0.279891 0.660240
vt 0.768437 0.048715
vt 0.777009 0.051783
vt 0.781885 0.052590
vt 0.272111 0.655309
vt 0.787368 0.052838
vt 0.786908 0.052863
vt 0.776846 0.055394
vt 0.781711 0.056422
vt 0.271511 0.656086
vt 0.787191 0.056739
vt 0.786731 0.056771
vt 0.274990 0.659397
vt 0.280957 0.665134
vt 0.283135 0.662318
vt 0.772469 0.050475
vt 0.768312 0.051478
vt 0.278272 0.667470
vt 0.278179 0.662453
vt 0.283216 0.667338
vt 0.258090 0.793854
vt 0.253471 0.792062
vt 0.257958 0.790355
vt 0.262792 0.789306
vt 0.267786 0.788956
vt 0.262932 0.793021
vt 0.270770 0.656730
vt 0.268244 0.788989
vt 0.268374 0.792427
vt 0.273536 0.660662
vt 0.267929 0.792743
vt 0.263036 0.797291
vt 0.269917 0.657218
vt 0.268035 0.797097
vt 0.268387 0.792770
vt 0.268493 0.797116
vt 0.271864 0.661619
vt 0.276069 0.664288
vt 0.275182 0.669238
vt 0.253589 0.795211
vt 0.249678 0.800118
vt 0.249603 0.797040
vt 0.258188 0.797876
vt 0.253678 0.798831
vt 0.249725 0.803479
vt 0.258248 0.802268
vt 0.263100 0.801953
vt 0.268986 0.657530
vt 0.268101 0.801850
vt 0.268558 0.801861
vt 0.270038 0.662231
vt 0.273642 0.665677
vt 0.270990 0.666566
vt 0.268012 0.657654
vt 0.268580 0.806821
vt 0.268127 0.662474
vt 0.268276 0.670819
vt 0.271807 0.670369
vt 0.253750 0.806915
vt 0.253732 0.802783
vt 0.258269 0.806859
vt 0.268123 0.806820
vt 0.249725 0.810525
vt 0.249740 0.806993
vt 0.258248 0.811474
vt 0.263122 0.806827
vt 0.263100 0.811726
vt 0.267032 0.657586
vt 0.268101 0.811815
vt 0.268558 0.811808
vt 0.268216 0.666920
vt 0.266205 0.662341
vt 0.264725 0.670572
vt 0.268493 0.816628
vt 0.264346 0.661835
vt 0.262727 0.665991
vt 0.265426 0.666726
vt 0.261290 0.669637
vt 0.253732 0.811068
vt 0.249678 0.813939
vt 0.258188 0.815935
vt 0.263036 0.816461
vt 0.266085 0.657328
vt 0.258090 0.820071
vt 0.253678 0.815083
vt 0.268035 0.816643
vt 0.262932 0.820852
vt 0.265206 0.656890
vt 0.268387 0.821096
vt 0.262622 0.660976
vt 0.260224 0.664744
vt 0.258104 0.668050
vt 0.249603 0.817105
vt 0.264429 0.656289
vt 0.261098 0.659797
vt 0.258012 0.663032
vt 0.256344 0.670767
vt 0.255289 0.665872
vt 0.257958 0.823722
vt 0.253589 0.818805
vt 0.267929 0.821120
vt 0.262792 0.824729
vt 0.268244 0.825042
vt 0.838840 0.129007
vt 0.843453 0.130934
vt 0.838968 0.132597
vt 0.834135 0.133622
vt 0.829140 0.133968
vt 0.833999 0.129811
vt 0.263784 0.655548
vt 0.829001 0.130083
vt 0.828682 0.133936
vt 0.828543 0.130058
vt 0.259834 0.658343
vt 0.256176 0.660922
vt 0.253033 0.668205
vt 0.252952 0.663186
vt 0.258877 0.656671
vt 0.251185 0.660096
vt 0.843253 0.124022
vt 0.847321 0.125949
vt 0.843338 0.127703
vt 0.838745 0.124917
vt 0.833898 0.125468
vt 0.263296 0.654696
vt 0.828899 0.125655
vt 0.828441 0.125638
vt 0.838686 0.120483
vt 0.833836 0.120762
vt 0.262984 0.653764
vt 0.828835 0.120856
vt 0.828378 0.120848
vt 0.258265 0.654844
vt 0.254788 0.658494
vt 0.250054 0.656720
vt 0.847203 0.119425
vt 0.847248 0.122819
vt 0.253899 0.655842
vt 0.843200 0.120032
vt 0.894839 0.575054
vt 0.899498 0.573135
vt 0.899309 0.575049
vt 0.647659 0.511989
vt 0.651829 0.507656
vt 0.651841 0.512007
vt 0.891251 0.571524
vt 0.890902 0.575061
vt 0.648299 0.515757
vt 0.651855 0.515772
vt 0.651835 0.483376
vt 0.648292 0.479316
vt 0.651848 0.479332
vt 0.024707 0.887122
vt 0.020467 0.884322
vt 0.024436 0.884338
vt 0.651825 0.487935
vt 0.647653 0.483358
vt 0.029120 0.886269
vt 0.028933 0.884351
vt 0.646887 0.492811
vt 0.651820 0.492832
vt 0.033881 0.885340
vt 0.033786 0.884362
vt 0.646789 0.497859
vt 0.651819 0.497881
vt 0.904142 0.575046
vt 0.904238 0.574071
vt 0.909151 0.575046
vt 0.038808 0.884369
vt 0.651822 0.502886
vt 0.646889 0.502865
vt 0.641957 0.497795
vt 0.900057 0.571294
vt 0.647183 0.507636
vt 0.642150 0.502802
vt 0.895924 0.569603
vt 0.895113 0.572275
vt 0.643641 0.511936
vt 0.892283 0.568124
vt 0.644882 0.515712
vt 0.644875 0.479271
vt 0.021842 0.891275
vt 0.020812 0.887866
vt 0.647179 0.487915
vt 0.643636 0.483305
vt 0.025516 0.889800
vt 0.642148 0.492749
vt 0.029677 0.888114
vt 0.904523 0.573132
vt 0.034165 0.886280
vt 0.026831 0.892269
vt 0.638605 0.487760
vt 0.642715 0.487856
vt 0.030583 0.889814
vt 0.637509 0.497692
vt 0.904985 0.572268
vt 0.034627 0.887147
vt 0.900964 0.569598
vt 0.638609 0.507481
vt 0.642718 0.507577
vt 0.897240 0.567141
vt 0.641737 0.515638
vt 0.641730 0.479198
vt 0.635011 0.507352
vt 0.637787 0.502701
vt 0.902184 0.568112
vt 0.639942 0.511850
vt 0.893959 0.564990
vt 0.899012 0.564983
vt 0.025771 0.897172
vt 0.020765 0.896174
vt 0.023516 0.894417
vt 0.891245 0.563228
vt 0.896214 0.562243
vt 0.028603 0.894434
vt 0.635007 0.487631
vt 0.639937 0.483219
vt 0.031804 0.891306
vt 0.637785 0.492647
vt 0.633614 0.497552
vt 0.905607 0.571510
vt 0.035249 0.887907
vt 0.033292 0.892530
vt 0.849754 0.647648
vt 0.845080 0.642898
vt 0.848765 0.642771
vt 0.036008 0.888531
vt 0.846089 0.652816
vt 0.850077 0.652680
vt 0.906365 0.570888
vt 0.849720 0.657675
vt 0.845013 0.662567
vt 0.848698 0.662441
vt 0.903671 0.566892
vt 0.847050 0.666794
vt 0.898961 0.559989
vt 0.026649 0.902073
vt 0.023416 0.899414
vt 0.843831 0.638352
vt 0.844963 0.634224
vt 0.847147 0.638239
vt 0.028521 0.899433
vt 0.903633 0.561897
vt 0.901170 0.563212
vt 0.839981 0.666986
vt 0.843734 0.666908
vt 0.902095 0.558315
vt 0.838827 0.670731
vt 0.842019 0.670665
vt 0.840078 0.638431
vt 0.842143 0.634321
vt 0.030763 0.896211
vt 0.031658 0.901115
vt 0.033229 0.897532
vt 0.845843 0.647781
vt 0.840910 0.642984
vt 0.036874 0.888995
vt 0.841575 0.652910
vt 0.907230 0.570426
vt 0.845809 0.657809
vt 0.840843 0.662654
vt 0.841415 0.647874
vt 0.836414 0.643029
vt 0.037813 0.889281
vt 0.034990 0.893440
vt 0.836708 0.652958
vt 0.908168 0.570142
vt 0.841381 0.657901
vt 0.905367 0.565986
vt 0.836347 0.662698
vt 0.907207 0.565428
vt 0.906305 0.561087
vt 0.835386 0.670765
vt 0.835510 0.634421
vt 0.838951 0.634387
vt 0.035904 0.898347
vt 0.036833 0.894001
vt 0.835935 0.667026
vt 0.831699 0.662698
vt 0.909032 0.556936
vt 0.905495 0.557284
vt 0.831828 0.670765
vt 0.836032 0.638470
vt 0.831952 0.634421
vt 0.038606 0.902505
vt 0.035064 0.902152
vt 0.831766 0.643029
vt 0.038687 0.898624
vt 0.836643 0.647921
vt 0.038750 0.894192
vt 0.831677 0.652958
vt 0.909144 0.570046
vt 0.038790 0.889378
vt 0.831674 0.657948
vt 0.836609 0.657948
vt 0.909121 0.565240
vt 0.909083 0.560813
vt 0.038956 0.894172
vt 0.038997 0.889358
vt 0.831708 0.647921
vt 0.831471 0.652956
vt 0.831502 0.647919
vt 0.909355 0.574012
vt 0.039010 0.885405
vt 0.909327 0.565260
vt 0.909350 0.570066
vt 0.831468 0.657946
vt 0.909289 0.560834
vt 0.831751 0.667026
vt 0.831493 0.662696
vt 0.909237 0.556957
vt 0.909241 0.557244
vt 0.831545 0.667024
vt 0.831642 0.638468
vt 0.831746 0.634419
vt 0.038893 0.898604
vt 0.038812 0.902483
vt 0.831848 0.638470
vt 0.831560 0.643027
vt 0.909356 0.574550
vt 0.039012 0.884867
vt 0.909356 0.574738
vt 0.039013 0.884677
vt 0.909356 0.574841
vt 0.039013 0.884575
vt 0.039013 0.884507
vt 0.909356 0.574909
vt 0.909356 0.574961
vt 0.039014 0.884454
vt 0.909356 0.575005
vt 0.039014 0.884410
vt 0.909356 0.575046
vt 0.039014 0.884369
vt 0.909356 0.575087
vt 0.039014 0.884328
vt 0.909356 0.575132
vt 0.039014 0.884284
vt 0.909356 0.575184
vt 0.039014 0.884231
vt 0.909356 0.575252
vt 0.039014 0.884163
vt 0.909356 0.575354
vt 0.039014 0.884060
vt 0.909356 0.575543
vt 0.039013 0.883871
vt 0.909355 0.576081
vt 0.039013 0.883332
vt 0.909142 0.580049
vt 0.909348 0.580029
vt 0.038802 0.879355
vt 0.039008 0.879376
vt 0.906346 0.043996
vt 0.906548 0.039017
vt 0.906551 0.043995
vt 0.909323 0.584842
vt 0.909117 0.584862
vt 0.906323 0.048739
vt 0.906528 0.048737
vt 0.909283 0.589280
vt 0.909078 0.589300
vt 0.906276 0.053063
vt 0.906481 0.053061
vt 0.909231 0.593173
vt 0.909025 0.593194
vt 0.906204 0.056804
vt 0.906410 0.056802
vt 0.906087 0.020560
vt 0.906292 0.020558
vt 0.906293 0.020583
vt 0.038720 0.870081
vt 0.038853 0.866197
vt 0.038926 0.870102
vt 0.906183 0.024586
vt 0.906465 0.029122
vt 0.906260 0.029124
vt 0.038772 0.874531
vt 0.038978 0.874552
vt 0.906519 0.033995
vt 0.906313 0.033997
vt 0.906343 0.039019
vt 0.902540 0.020560
vt 0.035104 0.866522
vt 0.038647 0.866176
vt 0.901625 0.029124
vt 0.036854 0.874718
vt 0.901394 0.033997
vt 0.908166 0.579953
vt 0.037824 0.879451
vt 0.901426 0.043996
vt 0.907203 0.584673
vt 0.901689 0.048739
vt 0.905489 0.592844
vt 0.902658 0.056804
vt 0.896670 0.043953
vt 0.901326 0.039019
vt 0.907228 0.579668
vt 0.897209 0.048698
vt 0.906299 0.589026
vt 0.905363 0.584115
vt 0.902105 0.053063
vt 0.902089 0.591812
vt 0.899229 0.056772
vt 0.902012 0.024586
vt 0.899111 0.020529
vt 0.035936 0.870352
vt 0.031696 0.867552
vt 0.897145 0.029083
vt 0.035010 0.875275
vt 0.036884 0.879735
vt 0.896638 0.033953
vt 0.033258 0.871162
vt 0.028555 0.869227
vt 0.892992 0.029003
vt 0.897980 0.024550
vt 0.030790 0.872478
vt 0.033310 0.876182
vt 0.896477 0.038974
vt 0.892228 0.033868
vt 0.906364 0.579206
vt 0.036017 0.880197
vt 0.892261 0.043868
vt 0.903668 0.583207
vt 0.893055 0.048618
vt 0.901166 0.586898
vt 0.903628 0.588215
vt 0.898073 0.053026
vt 0.898955 0.590136
vt 0.896050 0.056711
vt 0.895932 0.020467
vt 0.905606 0.578583
vt 0.889388 0.048501
vt 0.902181 0.581987
vt 0.894335 0.052954
vt 0.896209 0.587881
vt 0.025800 0.871483
vt 0.026689 0.866555
vt 0.897120 0.592796
vt 0.889324 0.028886
vt 0.894242 0.024478
vt 0.031820 0.877403
vt 0.035257 0.880820
vt 0.891981 0.038888
vt 0.888335 0.033745
vt 0.888367 0.043744
vt 0.665081 0.487760
vt 0.667026 0.483103
vt 0.668705 0.487631
vt 0.030596 0.878892
vt 0.028626 0.874251
vt 0.669739 0.492510
vt 0.034633 0.881578
vt 0.670089 0.497552
vt 0.665892 0.492647
vt 0.904984 0.577825
vt 0.665894 0.502701
vt 0.669741 0.502564
vt 0.665085 0.507481
vt 0.668709 0.507352
vt 0.899008 0.585126
vt 0.900962 0.580500
vt 0.667032 0.511734
vt 0.893955 0.585133
vt 0.020791 0.872441
vt 0.023451 0.869207
vt 0.891240 0.586914
vt 0.893891 0.590145
vt 0.023539 0.874233
vt 0.660956 0.507577
vt 0.895922 0.580505
vt 0.897237 0.582968
vt 0.663770 0.511850
vt 0.892281 0.581999
vt 0.658840 0.515712
vt 0.662001 0.515638
vt 0.663765 0.483219
vt 0.658834 0.479271
vt 0.661994 0.479198
vt 0.026849 0.876411
vt 0.021857 0.877372
vt 0.660952 0.487856
vt 0.025528 0.878877
vt 0.034170 0.882444
vt 0.666167 0.497692
vt 0.661509 0.492749
vt 0.904522 0.576961
vt 0.661511 0.502802
vt 0.029685 0.880590
vt 0.024713 0.881554
vt 0.656476 0.487915
vt 0.029124 0.882434
vt 0.661697 0.497795
vt 0.656757 0.492811
vt 0.904238 0.576022
vt 0.033883 0.883384
vt 0.656759 0.502865
vt 0.899497 0.576963
vt 0.900055 0.578804
vt 0.656480 0.507636
vt 0.895112 0.577833
vt 0.660054 0.511936
vt 0.891250 0.578598
vt 0.655415 0.515757
vt 0.660049 0.483305
vt 0.655408 0.479316
vt 0.020820 0.880779
vt 0.656026 0.511989
vt 0.656020 0.483358
vt 0.656853 0.497859
vt 0.494144 0.729818
vt 0.489516 0.731694
vt 0.489704 0.729779
vt 0.570318 0.512002
vt 0.574579 0.507672
vt 0.574512 0.512020
vt 0.498039 0.729870
vt 0.493871 0.732597
vt 0.570857 0.515766
vt 0.574424 0.515781
vt 0.574546 0.483386
vt 0.570900 0.479320
vt 0.574467 0.479336
vt 0.726303 0.727023
vt 0.730489 0.729735
vt 0.726578 0.729812
vt 0.574602 0.487948
vt 0.570352 0.483367
vt 0.721931 0.727948
vt 0.722120 0.729869
vt 0.569688 0.492827
vt 0.574635 0.492849
vt 0.717191 0.728925
vt 0.717287 0.729904
vt 0.569598 0.497876
vt 0.574642 0.497898
vt 0.484889 0.729756
vt 0.484793 0.730732
vt 0.479884 0.729748
vt 0.712265 0.729916
vt 0.574623 0.502904
vt 0.569676 0.502882
vt 0.564722 0.497810
vt 0.488957 0.733535
vt 0.565415 0.507591
vt 0.569919 0.507652
vt 0.493060 0.735270
vt 0.496659 0.736809
vt 0.497691 0.733407
vt 0.566264 0.511947
vt 0.566298 0.483312
vt 0.729104 0.722773
vt 0.730140 0.726186
vt 0.565438 0.487867
vt 0.569942 0.487928
vt 0.725489 0.724342
vt 0.721370 0.726101
vt 0.484508 0.731670
vt 0.716905 0.727983
vt 0.724168 0.721871
vt 0.561261 0.487768
vt 0.720460 0.724399
vt 0.564906 0.492762
vt 0.560202 0.497703
vt 0.484046 0.732535
vt 0.716441 0.727116
vt 0.564894 0.502817
vt 0.488050 0.735232
vt 0.561238 0.507492
vt 0.491743 0.737733
vt 0.564213 0.515643
vt 0.567410 0.515719
vt 0.564256 0.479198
vt 0.567452 0.479274
vt 0.556546 0.502571
vt 0.560460 0.502712
vt 0.489971 0.739893
vt 0.559187 0.511738
vt 0.562505 0.511858
vt 0.492727 0.742693
vt 0.494983 0.739944
vt 0.725159 0.716871
vt 0.730098 0.717756
vt 0.727422 0.719628
vt 0.497645 0.741780
vt 0.559220 0.483103
vt 0.562539 0.483223
vt 0.722390 0.719705
vt 0.556558 0.492515
vt 0.560472 0.492657
vt 0.719235 0.722907
vt 0.483423 0.733294
vt 0.715816 0.726355
vt 0.486829 0.736719
vt 0.720223 0.717927
vt 0.723203 0.111247
vt 0.726014 0.106252
vt 0.727037 0.111116
vt 0.715056 0.725731
vt 0.727378 0.116142
vt 0.482665 0.733916
vt 0.723189 0.121267
vt 0.727024 0.121136
vt 0.725987 0.125907
vt 0.487812 0.741665
vt 0.721059 0.130382
vt 0.724309 0.130271
vt 0.489979 0.744948
vt 0.724194 0.711854
vt 0.727437 0.714514
vt 0.491761 0.747663
vt 0.494992 0.745011
vt 0.722402 0.714608
vt 0.721097 0.101847
vt 0.724348 0.101736
vt 0.483645 0.738847
vt 0.485342 0.737940
vt 0.717355 0.130462
vt 0.722376 0.126030
vt 0.486843 0.746624
vt 0.719289 0.134155
vt 0.717393 0.101927
vt 0.719338 0.097837
vt 0.719256 0.712927
vt 0.722402 0.106375
vt 0.716040 0.720773
vt 0.717743 0.721683
vt 0.718834 0.111341
vt 0.714188 0.725267
vt 0.723469 0.116275
vt 0.481800 0.734378
vt 0.718820 0.121361
vt 0.713826 0.106516
vt 0.718287 0.106464
vt 0.714193 0.720212
vt 0.719014 0.116371
vt 0.714098 0.111396
vt 0.480861 0.734663
vt 0.713246 0.724981
vt 0.714085 0.121416
vt 0.481804 0.739405
vt 0.713799 0.126171
vt 0.718260 0.126119
vt 0.485348 0.742981
vt 0.482675 0.743792
vt 0.712725 0.134263
vt 0.716139 0.134223
vt 0.712774 0.097945
vt 0.716188 0.097905
vt 0.715069 0.715793
vt 0.717752 0.716606
vt 0.713340 0.130509
vt 0.709164 0.126184
vt 0.479903 0.748005
vt 0.483441 0.747656
vt 0.709178 0.134273
vt 0.713379 0.101974
vt 0.709227 0.097955
vt 0.712292 0.711542
vt 0.715842 0.711892
vt 0.709191 0.106529
vt 0.712280 0.715518
vt 0.712272 0.720023
vt 0.714186 0.116428
vt 0.709178 0.111410
vt 0.479885 0.734759
vt 0.712266 0.724885
vt 0.709164 0.121430
vt 0.479889 0.739594
vt 0.479895 0.744066
vt 0.711287 0.724981
vt 0.711050 0.723773
vt 0.707952 0.116434
vt 0.707961 0.111403
vt 0.478909 0.734663
vt 0.707948 0.121423
vt 0.478672 0.735865
vt 0.707948 0.126177
vt 0.478681 0.743947
vt 0.478675 0.739474
vt 0.709169 0.130520
vt 0.707952 0.130513
vt 0.478689 0.747885
vt 0.707961 0.134265
vt 0.707991 0.101978
vt 0.708010 0.097948
vt 0.711074 0.711662
vt 0.711062 0.715638
vt 0.709207 0.101986
vt 0.707974 0.106522
vt 0.711053 0.720143
vt 0.711048 0.725053
vt 0.478671 0.732684
vt 0.711048 0.726968
vt 0.478671 0.734591
vt 0.478670 0.731568
vt 0.711047 0.728088
vt 0.478670 0.730965
vt 0.711047 0.728694
vt 0.711047 0.729098
vt 0.478670 0.730561
vt 0.478670 0.730253
vt 0.711047 0.729408
vt 0.478670 0.729991
vt 0.711047 0.729670
vt 0.478670 0.729750
vt 0.711047 0.729913
vt 0.478670 0.729509
vt 0.711047 0.730155
vt 0.478670 0.729247
vt 0.711047 0.730417
vt 0.478670 0.728939
vt 0.711047 0.730726
vt 0.478670 0.728537
vt 0.711047 0.731129
vt 0.478670 0.727935
vt 0.711047 0.731733
vt 0.478671 0.726822
vt 0.711048 0.732848
vt 0.711287 0.734826
vt 0.711050 0.736017
vt 0.711049 0.734754
vt 0.478909 0.724849
vt 0.478671 0.724921
vt 0.478672 0.723659
vt 0.479885 0.724753
vt 0.712267 0.734923
vt 0.726153 0.351468
vt 0.727367 0.346463
vt 0.727373 0.351459
vt 0.726153 0.356217
vt 0.727373 0.356208
vt 0.478680 0.715690
vt 0.479889 0.719966
vt 0.478675 0.720085
vt 0.726147 0.360536
vt 0.727367 0.360527
vt 0.478688 0.711856
vt 0.479894 0.715571
vt 0.726136 0.364260
vt 0.727356 0.364251
vt 0.727318 0.331918
vt 0.726073 0.327847
vt 0.727293 0.327838
vt 0.712281 0.744104
vt 0.711075 0.747805
vt 0.711063 0.743984
vt 0.727339 0.336501
vt 0.726098 0.331927
vt 0.712272 0.739714
vt 0.711054 0.739594
vt 0.727356 0.341413
vt 0.726119 0.336510
vt 0.726136 0.341422
vt 0.722513 0.327835
vt 0.715843 0.747576
vt 0.712293 0.747925
vt 0.721469 0.336494
vt 0.714194 0.739525
vt 0.713246 0.734826
vt 0.726147 0.346472
vt 0.721199 0.341405
vt 0.480861 0.724849
vt 0.721216 0.351451
vt 0.721503 0.356201
vt 0.481803 0.720154
vt 0.483441 0.712085
vt 0.479902 0.711737
vt 0.722576 0.364248
vt 0.716268 0.346384
vt 0.721114 0.346455
vt 0.481800 0.725134
vt 0.717026 0.356135
vt 0.485348 0.716655
vt 0.482674 0.715844
vt 0.721962 0.360522
vt 0.486843 0.713117
vt 0.719150 0.364197
vt 0.721912 0.331912
vt 0.719087 0.327785
vt 0.715071 0.743830
vt 0.719257 0.746541
vt 0.716992 0.336428
vt 0.717753 0.743016
vt 0.714188 0.734541
vt 0.722403 0.744860
vt 0.712860 0.336315
vt 0.717883 0.331853
vt 0.716041 0.738964
vt 0.720224 0.741696
vt 0.716446 0.341335
vt 0.717744 0.738055
vt 0.711796 0.346261
vt 0.482665 0.725596
vt 0.715056 0.734077
vt 0.716464 0.351381
vt 0.485342 0.721619
vt 0.483645 0.720713
vt 0.712894 0.356021
vt 0.487811 0.717971
vt 0.717933 0.360462
vt 0.489978 0.714792
vt 0.715988 0.364110
vt 0.715925 0.327698
vt 0.486829 0.722840
vt 0.709267 0.355864
vt 0.712078 0.351260
vt 0.714215 0.360360
vt 0.489971 0.719743
vt 0.725160 0.742598
vt 0.724195 0.747426
vt 0.714165 0.331751
vt 0.713149 0.327578
vt 0.722391 0.739918
vt 0.709233 0.336158
vt 0.719236 0.736830
vt 0.712060 0.341214
vt 0.707870 0.346091
vt 0.483423 0.726218
vt 0.715817 0.733453
vt 0.587734 0.487768
vt 0.589544 0.483103
vt 0.591268 0.487634
vt 0.720461 0.735339
vt 0.592327 0.492515
vt 0.716441 0.732692
vt 0.592680 0.497559
vt 0.588576 0.492657
vt 0.484046 0.726976
vt 0.588564 0.502712
vt 0.592315 0.502571
vt 0.587711 0.507492
vt 0.591244 0.507358
vt 0.488050 0.724327
vt 0.589510 0.511738
vt 0.492727 0.717047
vt 0.491743 0.721902
vt 0.730099 0.741525
vt 0.727438 0.744766
vt 0.497644 0.718087
vt 0.494992 0.714855
vt 0.724169 0.737752
vt 0.583649 0.507591
vt 0.493060 0.724365
vt 0.586330 0.511858
vt 0.496658 0.722930
vt 0.494982 0.719795
vt 0.584475 0.515643
vt 0.582675 0.511947
vt 0.582709 0.483312
vt 0.584517 0.479198
vt 0.586364 0.483223
vt 0.729105 0.736696
vt 0.727423 0.739841
vt 0.583673 0.487867
vt 0.725490 0.735281
vt 0.584264 0.492762
vt 0.721371 0.733636
vt 0.588856 0.497703
vt 0.484508 0.727841
vt 0.716905 0.731825
vt 0.584252 0.502817
vt 0.488957 0.726024
vt 0.721931 0.731790
vt 0.579238 0.487928
vt 0.584459 0.497810
vt 0.579556 0.492827
vt 0.484793 0.728780
vt 0.717191 0.730883
vt 0.579545 0.502882
vt 0.489515 0.727865
vt 0.579215 0.507652
vt 0.493870 0.727038
vt 0.577972 0.515766
vt 0.581366 0.515719
vt 0.578015 0.479320
vt 0.581409 0.479274
vt 0.726303 0.732600
vt 0.578684 0.512002
vt 0.497690 0.726332
vt 0.578718 0.483367
vt 0.730140 0.733284
vt 0.579660 0.497876
vt 0.113482 0.729816
vt 0.108853 0.731691
vt 0.109041 0.729777
vt 0.570318 0.589520
vt 0.574579 0.585190
vt 0.574512 0.589538
vt 0.117376 0.729868
vt 0.113208 0.732595
vt 0.570857 0.593283
vt 0.574424 0.593299
vt 0.574546 0.560903
vt 0.570900 0.556838
vt 0.574467 0.556854
vt 0.648870 0.727147
vt 0.653057 0.729859
vt 0.649145 0.729936
vt 0.574602 0.565466
vt 0.570352 0.560885
vt 0.644498 0.728073
vt 0.644687 0.729993
vt 0.569688 0.570344
vt 0.574635 0.570366
vt 0.639758 0.729050
vt 0.639854 0.730029
vt 0.574642 0.575416
vt 0.104226 0.729753
vt 0.104130 0.730729
vt 0.099221 0.729745
vt 0.634832 0.730041
vt 0.569676 0.580400
vt 0.574623 0.580422
vt 0.564894 0.580335
vt 0.569598 0.575394
vt 0.103845 0.731668
vt 0.565415 0.585108
vt 0.569919 0.585169
vt 0.112397 0.735268
vt 0.566264 0.589465
vt 0.115995 0.736807
vt 0.117028 0.733406
vt 0.566298 0.560830
vt 0.651671 0.722897
vt 0.652707 0.726310
vt 0.569942 0.565445
vt 0.648056 0.724466
vt 0.565438 0.565384
vt 0.639472 0.728108
vt 0.564906 0.570280
vt 0.646735 0.721995
vt 0.561261 0.565285
vt 0.643027 0.724524
vt 0.643937 0.726226
vt 0.639008 0.727241
vt 0.564722 0.575328
vt 0.560472 0.570175
vt 0.103383 0.732533
vt 0.560460 0.580230
vt 0.108294 0.733532
vt 0.561238 0.585009
vt 0.107387 0.735229
vt 0.111080 0.737731
vt 0.567410 0.593237
vt 0.562505 0.589376
vt 0.562539 0.560741
vt 0.567452 0.556791
vt 0.556546 0.580088
vt 0.109308 0.739890
vt 0.557551 0.584876
vt 0.112064 0.742690
vt 0.114319 0.739942
vt 0.647726 0.716995
vt 0.652664 0.717880
vt 0.649989 0.719752
vt 0.114329 0.745009
vt 0.116981 0.741778
vt 0.557574 0.565152
vt 0.644957 0.719829
vt 0.556558 0.570033
vt 0.641802 0.723032
vt 0.560202 0.575221
vt 0.102761 0.733291
vt 0.638384 0.726480
vt 0.106166 0.736716
vt 0.640310 0.721807
vt 0.726278 0.570125
vt 0.729089 0.565130
vt 0.730113 0.569995
vt 0.637623 0.725856
vt 0.730453 0.575020
vt 0.102002 0.733913
vt 0.726265 0.580145
vt 0.730099 0.580015
vt 0.104679 0.737937
vt 0.729063 0.584785
vt 0.724134 0.589260
vt 0.727385 0.589150
vt 0.107148 0.741662
vt 0.646760 0.711978
vt 0.650003 0.714639
vt 0.111097 0.747661
vt 0.642790 0.718052
vt 0.725478 0.565253
vt 0.727423 0.560615
vt 0.104685 0.742979
vt 0.721336 0.584998
vt 0.725451 0.584908
vt 0.109315 0.744946
vt 0.719215 0.593102
vt 0.722365 0.593033
vt 0.720469 0.560806
vt 0.722414 0.556716
vt 0.724173 0.560726
vt 0.640318 0.716731
vt 0.644968 0.714733
vt 0.721362 0.565343
vt 0.636755 0.725392
vt 0.726544 0.575153
vt 0.721909 0.570220
vt 0.101137 0.734375
vt 0.721896 0.580240
vt 0.716901 0.565395
vt 0.636760 0.720337
vt 0.638607 0.720898
vt 0.722089 0.575250
vt 0.717174 0.570275
vt 0.100198 0.734660
vt 0.635813 0.725106
vt 0.717160 0.580295
vt 0.101141 0.739402
vt 0.102982 0.738844
vt 0.716875 0.585050
vt 0.102011 0.743790
vt 0.720430 0.589341
vt 0.106180 0.746621
vt 0.715801 0.593141
vt 0.715850 0.556824
vt 0.719264 0.556784
vt 0.637636 0.715918
vt 0.641822 0.713052
vt 0.716416 0.589387
vt 0.712240 0.585062
vt 0.099239 0.748002
vt 0.102777 0.747653
vt 0.712253 0.593151
vt 0.716454 0.560853
vt 0.712302 0.556833
vt 0.634858 0.711667
vt 0.638408 0.712017
vt 0.712266 0.565407
vt 0.634838 0.720148
vt 0.634833 0.725010
vt 0.717261 0.575306
vt 0.712253 0.570289
vt 0.099222 0.734756
vt 0.712240 0.580309
vt 0.099231 0.744063
vt 0.633854 0.725106
vt 0.633617 0.723898
vt 0.711028 0.575313
vt 0.711037 0.570281
vt 0.098246 0.734660
vt 0.711023 0.580302
vt 0.098009 0.735862
vt 0.711023 0.585055
vt 0.099226 0.739591
vt 0.098017 0.743944
vt 0.098012 0.739471
vt 0.712244 0.589399
vt 0.711028 0.589392
vt 0.098025 0.747882
vt 0.711037 0.593144
vt 0.711066 0.560857
vt 0.711086 0.556826
vt 0.633640 0.711787
vt 0.634847 0.715643
vt 0.633628 0.715763
vt 0.712283 0.560864
vt 0.711050 0.565400
vt 0.633620 0.720268
vt 0.633615 0.725179
vt 0.098008 0.732681
vt 0.633615 0.727093
vt 0.098008 0.734588
vt 0.098008 0.731565
vt 0.633615 0.728213
vt 0.098008 0.730962
vt 0.633615 0.728819
vt 0.633614 0.729224
vt 0.098008 0.730558
vt 0.098007 0.730250
vt 0.633614 0.729533
vt 0.098007 0.729988
vt 0.633614 0.729796
vt 0.098007 0.729747
vt 0.633614 0.730038
vt 0.098008 0.729505
vt 0.633615 0.730280
vt 0.098008 0.729244
vt 0.633615 0.730542
vt 0.098008 0.728936
vt 0.633615 0.730851
vt 0.098008 0.728534
vt 0.633615 0.731255
vt 0.098008 0.727932
vt 0.633615 0.731858
vt 0.098008 0.726819
vt 0.633615 0.732973
vt 0.633855 0.734952
vt 0.633618 0.736142
vt 0.633616 0.734879
vt 0.098247 0.724846
vt 0.098009 0.724918
vt 0.098010 0.723656
vt 0.099223 0.724750
vt 0.634835 0.735048
vt 0.422814 0.658522
vt 0.424028 0.653517
vt 0.424034 0.658513
vt 0.422814 0.663270
vt 0.424034 0.663261
vt 0.098019 0.715687
vt 0.099227 0.719963
vt 0.098013 0.720082
vt 0.422808 0.667590
vt 0.424028 0.667581
vt 0.098027 0.711853
vt 0.099233 0.715568
vt 0.422797 0.671314
vt 0.424016 0.671305
vt 0.423978 0.638971
vt 0.422734 0.634901
vt 0.423953 0.634892
vt 0.634850 0.744229
vt 0.633644 0.747931
vt 0.633632 0.744109
vt 0.424000 0.643555
vt 0.422758 0.638981
vt 0.634840 0.739839
vt 0.633622 0.739719
vt 0.424016 0.648466
vt 0.422780 0.643564
vt 0.422796 0.648475
vt 0.419174 0.634889
vt 0.638412 0.747701
vt 0.634862 0.748051
vt 0.418129 0.643548
vt 0.637639 0.743955
vt 0.636762 0.739650
vt 0.422808 0.653526
vt 0.417860 0.648459
vt 0.100199 0.724846
vt 0.635814 0.734952
vt 0.417877 0.658505
vt 0.101141 0.720151
vt 0.418163 0.663254
vt 0.102013 0.715842
vt 0.102779 0.712082
vt 0.099241 0.711734
vt 0.419237 0.671302
vt 0.413124 0.658435
vt 0.417774 0.653509
vt 0.101138 0.725131
vt 0.413687 0.663188
vt 0.104686 0.716652
vt 0.418623 0.667575
vt 0.106181 0.713114
vt 0.414594 0.667516
vt 0.414544 0.638907
vt 0.418573 0.638966
vt 0.641825 0.746666
vt 0.413652 0.643482
vt 0.640321 0.743141
vt 0.636756 0.734666
vt 0.413107 0.648389
vt 0.644971 0.744985
vt 0.409521 0.643369
vt 0.640312 0.738180
vt 0.638609 0.739089
vt 0.412929 0.653437
vt 0.408721 0.648268
vt 0.102003 0.725593
vt 0.637624 0.734202
vt 0.408739 0.658314
vt 0.104680 0.721617
vt 0.102983 0.720710
vt 0.409555 0.663075
vt 0.107149 0.717969
vt 0.109317 0.714790
vt 0.412649 0.671164
vt 0.415811 0.671251
vt 0.412586 0.634751
vt 0.415748 0.634838
vt 0.102761 0.726215
vt 0.405928 0.662918
vt 0.109309 0.719741
vt 0.410875 0.667414
vt 0.112065 0.717045
vt 0.647729 0.742722
vt 0.646764 0.747551
vt 0.410826 0.638805
vt 0.409810 0.634631
vt 0.642793 0.741820
vt 0.405894 0.643212
vt 0.644959 0.740043
vt 0.638384 0.733578
vt 0.404531 0.653145
vt 0.408457 0.653314
vt 0.587734 0.565285
vt 0.589544 0.560621
vt 0.591268 0.565152
vt 0.643028 0.735463
vt 0.641804 0.736955
vt 0.592327 0.570033
vt 0.588856 0.575221
vt 0.592680 0.575076
vt 0.103383 0.726973
vt 0.639009 0.732817
vt 0.592315 0.580088
vt 0.107388 0.724325
vt 0.106167 0.722837
vt 0.587711 0.585009
vt 0.591244 0.584876
vt 0.589510 0.589256
vt 0.114320 0.719793
vt 0.652667 0.741649
vt 0.650006 0.744890
vt 0.116982 0.718085
vt 0.114330 0.714853
vt 0.649991 0.739965
vt 0.584252 0.580335
vt 0.588564 0.580230
vt 0.112397 0.724363
vt 0.111081 0.721900
vt 0.586330 0.589376
vt 0.583649 0.585108
vt 0.115996 0.722928
vt 0.581366 0.593237
vt 0.584475 0.593161
vt 0.586364 0.560741
vt 0.581409 0.556791
vt 0.584517 0.556716
vt 0.646737 0.737877
vt 0.651673 0.736820
vt 0.583673 0.565384
vt 0.648058 0.735406
vt 0.584264 0.570280
vt 0.588576 0.570175
vt 0.643938 0.733761
vt 0.103846 0.727838
vt 0.639473 0.731950
vt 0.108295 0.726021
vt 0.644498 0.731914
vt 0.579238 0.565445
vt 0.639758 0.731008
vt 0.584459 0.575328
vt 0.579557 0.570344
vt 0.104130 0.728777
vt 0.579545 0.580400
vt 0.579215 0.585169
vt 0.108853 0.727862
vt 0.582675 0.589465
vt 0.113208 0.727036
vt 0.577972 0.593283
vt 0.582709 0.560830
vt 0.578015 0.556838
vt 0.648871 0.732724
vt 0.578684 0.589520
vt 0.117028 0.726330
vt 0.578718 0.560885
vt 0.652708 0.733408
vt 0.579660 0.575394
vt 0.342312 0.729836
vt 0.337683 0.731712
vt 0.337872 0.729797
vt 0.492778 0.589784
vt 0.497039 0.585454
vt 0.496972 0.589802
vt 0.346207 0.729888
vt 0.342038 0.732615
vt 0.493317 0.593547
vt 0.496884 0.593563
vt 0.497005 0.561167
vt 0.493360 0.557102
vt 0.496926 0.557118
vt 0.571466 0.726953
vt 0.575653 0.729664
vt 0.571741 0.729742
vt 0.497062 0.565730
vt 0.492811 0.561149
vt 0.567094 0.727878
vt 0.567283 0.729799
vt 0.492148 0.570609
vt 0.497094 0.570630
vt 0.562354 0.728855
vt 0.562450 0.729834
vt 0.492058 0.575658
vt 0.497101 0.575680
vt 0.333057 0.729773
vt 0.332960 0.730749
vt 0.328052 0.729765
vt 0.557428 0.729846
vt 0.497083 0.580686
vt 0.492136 0.580664
vt 0.487182 0.575592
vt 0.337124 0.733553
vt 0.492379 0.585433
vt 0.487354 0.580599
vt 0.341227 0.735288
vt 0.488724 0.589729
vt 0.344826 0.736827
vt 0.345858 0.733426
vt 0.488757 0.561094
vt 0.574267 0.722703
vt 0.575303 0.726115
vt 0.492402 0.565709
vt 0.570653 0.724272
vt 0.487365 0.570544
vt 0.566534 0.726031
vt 0.332676 0.731688
vt 0.562068 0.727914
vt 0.569331 0.721801
vt 0.483721 0.565549
vt 0.487897 0.565648
vt 0.565623 0.724329
vt 0.482932 0.570439
vt 0.332213 0.732553
vt 0.561604 0.727046
vt 0.482920 0.580494
vt 0.336217 0.735249
vt 0.487874 0.585373
vt 0.483698 0.585273
vt 0.339910 0.737751
vt 0.489869 0.593501
vt 0.484965 0.589640
vt 0.484999 0.561005
vt 0.489912 0.557056
vt 0.480010 0.585140
vt 0.334997 0.736736
vt 0.481647 0.589520
vt 0.340894 0.742710
vt 0.343150 0.739963
vt 0.570322 0.716801
vt 0.575261 0.717686
vt 0.572585 0.719558
vt 0.345811 0.741798
vt 0.481680 0.560885
vt 0.564398 0.722837
vt 0.480034 0.565416
vt 0.560980 0.726285
vt 0.482661 0.575485
vt 0.479017 0.570297
vt 0.331591 0.733311
vt 0.479005 0.580352
vt 0.565386 0.717857
vt 0.567553 0.719635
vt 0.727037 0.033746
vt 0.722402 0.029005
vt 0.726014 0.028882
vt 0.560219 0.725661
vt 0.723469 0.038905
vt 0.727378 0.038772
vt 0.330833 0.733933
vt 0.727023 0.043766
vt 0.722376 0.048660
vt 0.725987 0.048537
vt 0.335978 0.741682
vt 0.338138 0.739910
vt 0.721059 0.053012
vt 0.724309 0.052901
vt 0.338146 0.744966
vt 0.569357 0.711784
vt 0.572599 0.714444
vt 0.339927 0.747681
vt 0.343159 0.745029
vt 0.567564 0.714539
vt 0.721097 0.024477
vt 0.724348 0.024366
vt 0.331812 0.738864
vt 0.333509 0.737957
vt 0.717355 0.053092
vt 0.335010 0.746641
vt 0.719289 0.056785
vt 0.717393 0.024557
vt 0.719338 0.020467
vt 0.564418 0.712857
vt 0.561203 0.720703
vt 0.562906 0.721613
vt 0.723203 0.033877
vt 0.718287 0.029094
vt 0.559351 0.725197
vt 0.719014 0.039002
vt 0.329967 0.734395
vt 0.723189 0.043897
vt 0.718260 0.048749
vt 0.718834 0.033971
vt 0.713826 0.029146
vt 0.558409 0.724912
vt 0.714185 0.039058
vt 0.329029 0.734680
vt 0.718820 0.043991
vt 0.713799 0.048801
vt 0.333515 0.742999
vt 0.329971 0.739422
vt 0.330842 0.743810
vt 0.712725 0.056893
vt 0.716139 0.056853
vt 0.712774 0.020575
vt 0.716188 0.020535
vt 0.560232 0.715723
vt 0.562914 0.716537
vt 0.559356 0.720143
vt 0.713340 0.053139
vt 0.709164 0.048814
vt 0.328069 0.748022
vt 0.331608 0.747673
vt 0.709169 0.053150
vt 0.709207 0.024616
vt 0.713379 0.024604
vt 0.557454 0.711473
vt 0.561004 0.711822
vt 0.709191 0.029159
vt 0.557434 0.719954
vt 0.714098 0.034027
vt 0.709169 0.039072
vt 0.328053 0.734776
vt 0.557430 0.724815
vt 0.714085 0.044047
vt 0.328056 0.739611
vt 0.556450 0.724912
vt 0.556213 0.723703
vt 0.709177 0.034040
vt 0.707952 0.039064
vt 0.707961 0.034033
vt 0.327076 0.734680
vt 0.709164 0.044060
vt 0.707948 0.044053
vt 0.326839 0.735882
vt 0.707948 0.048807
vt 0.326848 0.743964
vt 0.326842 0.739491
vt 0.707952 0.053143
vt 0.328062 0.744083
vt 0.326855 0.747902
vt 0.709177 0.056903
vt 0.707961 0.056896
vt 0.709227 0.020585
vt 0.707991 0.024609
vt 0.708010 0.020578
vt 0.556236 0.711593
vt 0.557443 0.715448
vt 0.556225 0.715568
vt 0.707974 0.029152
vt 0.556216 0.720074
vt 0.556211 0.724984
vt 0.326838 0.732701
vt 0.556211 0.726899
vt 0.326838 0.734608
vt 0.326838 0.731585
vt 0.556211 0.728019
vt 0.326838 0.730982
vt 0.556211 0.728624
vt 0.556210 0.729029
vt 0.326838 0.730578
vt 0.326838 0.730270
vt 0.556210 0.729339
vt 0.326838 0.730008
vt 0.556210 0.729601
vt 0.326838 0.729767
vt 0.556210 0.729843
vt 0.326838 0.729525
vt 0.556211 0.730086
vt 0.326838 0.729264
vt 0.556211 0.730348
vt 0.326838 0.728956
vt 0.556211 0.730657
vt 0.326838 0.728554
vt 0.556211 0.731060
vt 0.326838 0.727952
vt 0.556211 0.731664
vt 0.326838 0.726839
vt 0.556211 0.732779
vt 0.556451 0.734757
vt 0.556214 0.735948
vt 0.556212 0.734685
vt 0.327077 0.724866
vt 0.326839 0.724938
vt 0.326840 0.723676
vt 0.328053 0.724770
vt 0.557430 0.734854
vt 0.726153 0.273851
vt 0.727367 0.268847
vt 0.727373 0.273842
vt 0.726153 0.278600
vt 0.727373 0.278591
vt 0.326849 0.715707
vt 0.328057 0.719983
vt 0.326843 0.720102
vt 0.726147 0.282919
vt 0.727367 0.282910
vt 0.328063 0.715588
vt 0.326857 0.711873
vt 0.328071 0.711754
vt 0.726136 0.286643
vt 0.727356 0.286634
vt 0.727318 0.254301
vt 0.726073 0.250231
vt 0.727293 0.250222
vt 0.557445 0.744035
vt 0.556239 0.747736
vt 0.556227 0.743915
vt 0.727339 0.258885
vt 0.726098 0.254310
vt 0.557436 0.739644
vt 0.556218 0.739524
vt 0.727356 0.263796
vt 0.726119 0.258894
vt 0.726136 0.263805
vt 0.722513 0.250219
vt 0.561008 0.747506
vt 0.557458 0.747856
vt 0.721469 0.258878
vt 0.559357 0.739455
vt 0.558410 0.734757
vt 0.726147 0.268856
vt 0.721199 0.263788
vt 0.329029 0.724866
vt 0.721216 0.273834
vt 0.721503 0.278584
vt 0.329972 0.720171
vt 0.331609 0.712102
vt 0.722576 0.286631
vt 0.716268 0.268767
vt 0.721114 0.268838
vt 0.329968 0.725151
vt 0.717026 0.278518
vt 0.333516 0.716672
vt 0.330843 0.715862
vt 0.721962 0.282905
vt 0.335012 0.713134
vt 0.719150 0.286581
vt 0.721912 0.254296
vt 0.719087 0.250168
vt 0.560235 0.743760
vt 0.564421 0.746471
vt 0.716992 0.258812
vt 0.562917 0.742947
vt 0.559352 0.734471
vt 0.565388 0.741626
vt 0.712860 0.258698
vt 0.717883 0.254236
vt 0.561205 0.738895
vt 0.716446 0.263718
vt 0.562907 0.737985
vt 0.712060 0.263597
vt 0.330833 0.725613
vt 0.560220 0.734008
vt 0.712078 0.273644
vt 0.716464 0.273764
vt 0.333510 0.721637
vt 0.331813 0.720730
vt 0.712894 0.278404
vt 0.335980 0.717989
vt 0.717933 0.282846
vt 0.715988 0.286494
vt 0.715925 0.250081
vt 0.334997 0.722857
vt 0.709267 0.278248
vt 0.338139 0.719761
vt 0.714215 0.282743
vt 0.340895 0.717065
vt 0.338147 0.714810
vt 0.570324 0.742528
vt 0.569360 0.747356
vt 0.567567 0.744790
vt 0.714165 0.254134
vt 0.713149 0.249961
vt 0.709233 0.258541
vt 0.567555 0.739848
vt 0.564400 0.736761
vt 0.711796 0.268644
vt 0.708210 0.263431
vt 0.331591 0.726235
vt 0.560980 0.733383
vt 0.708227 0.273477
vt 0.510194 0.565549
vt 0.512004 0.560885
vt 0.513727 0.565416
vt 0.565624 0.735269
vt 0.514786 0.570297
vt 0.561605 0.732623
vt 0.515140 0.575341
vt 0.511035 0.570439
vt 0.332213 0.726994
vt 0.511024 0.580494
vt 0.514774 0.580352
vt 0.510171 0.585273
vt 0.513704 0.585140
vt 0.336218 0.724345
vt 0.511970 0.589520
vt 0.339911 0.721920
vt 0.572587 0.739771
vt 0.572602 0.744696
vt 0.343161 0.714873
vt 0.343151 0.719813
vt 0.569333 0.737683
vt 0.506109 0.585373
vt 0.341228 0.724383
vt 0.508790 0.589640
vt 0.344826 0.722948
vt 0.506934 0.593425
vt 0.505135 0.589729
vt 0.505168 0.561094
vt 0.506977 0.556980
vt 0.508824 0.561005
vt 0.574268 0.736626
vt 0.506132 0.565648
vt 0.570654 0.735211
vt 0.566534 0.733567
vt 0.511315 0.575485
vt 0.506723 0.570544
vt 0.332676 0.727858
vt 0.562069 0.731755
vt 0.506712 0.580599
vt 0.337125 0.726041
vt 0.567094 0.731720
vt 0.501698 0.565709
vt 0.562354 0.730814
vt 0.506919 0.575592
vt 0.502016 0.570609
vt 0.332961 0.728797
vt 0.502004 0.580664
vt 0.501675 0.585433
vt 0.337683 0.727882
vt 0.501144 0.589784
vt 0.342038 0.727056
vt 0.500432 0.593547
vt 0.503826 0.593501
vt 0.500475 0.557102
vt 0.503868 0.557056
vt 0.571467 0.732530
vt 0.501178 0.561149
vt 0.345858 0.726350
vt 0.575304 0.733213
vt 0.502120 0.575658
vt 0.265078 0.729834
vt 0.260449 0.731711
vt 0.260637 0.729796
vt 0.112115 0.589781
vt 0.116376 0.585451
vt 0.116309 0.589799
vt 0.268972 0.729886
vt 0.264804 0.732614
vt 0.112654 0.593544
vt 0.116221 0.593560
vt 0.116343 0.561164
vt 0.112697 0.557099
vt 0.116264 0.557115
vt 0.726303 0.649705
vt 0.730489 0.652416
vt 0.726578 0.652493
vt 0.116399 0.565727
vt 0.112149 0.561146
vt 0.721931 0.650630
vt 0.722120 0.652551
vt 0.111485 0.570605
vt 0.116432 0.570627
vt 0.717191 0.651607
vt 0.717287 0.652586
vt 0.111395 0.575655
vt 0.116439 0.575677
vt 0.255822 0.729773
vt 0.255726 0.730749
vt 0.250817 0.729765
vt 0.712265 0.652598
vt 0.116420 0.580683
vt 0.111473 0.580661
vt 0.106519 0.575589
vt 0.255441 0.731687
vt 0.111716 0.585430
vt 0.106691 0.580596
vt 0.259890 0.733552
vt 0.108061 0.589726
vt 0.267592 0.736826
vt 0.268624 0.733424
vt 0.109207 0.593498
vt 0.109249 0.557052
vt 0.729104 0.645455
vt 0.730140 0.648867
vt 0.111739 0.565706
vt 0.108095 0.561091
vt 0.721370 0.648783
vt 0.106703 0.570541
vt 0.716905 0.650665
vt 0.725489 0.647024
vt 0.727422 0.642309
vt 0.107235 0.565645
vt 0.104336 0.561002
vt 0.720460 0.647081
vt 0.103058 0.565546
vt 0.716441 0.649798
vt 0.102269 0.570436
vt 0.254979 0.732552
vt 0.102257 0.580491
vt 0.103035 0.585270
vt 0.107212 0.585369
vt 0.263993 0.735287
vt 0.258983 0.735249
vt 0.104303 0.589637
vt 0.265916 0.739961
vt 0.098343 0.580349
vt 0.260904 0.739909
vt 0.262676 0.737750
vt 0.100984 0.589517
vt 0.263661 0.742709
vt 0.727436 0.637196
vt 0.730097 0.640438
vt 0.265926 0.745028
vt 0.268578 0.741796
vt 0.724168 0.644553
vt 0.725159 0.639553
vt 0.101017 0.560882
vt 0.722390 0.642387
vt 0.098355 0.570294
vt 0.715816 0.649037
vt 0.101999 0.575482
vt 0.254357 0.733310
vt 0.257763 0.736736
vt 0.719235 0.645589
vt 0.720223 0.640609
vt 0.726278 0.492607
vt 0.729089 0.487613
vt 0.730113 0.492477
vt 0.715056 0.648413
vt 0.730453 0.497503
vt 0.253599 0.733933
vt 0.726265 0.502627
vt 0.730099 0.502497
vt 0.729063 0.507268
vt 0.258745 0.741682
vt 0.724134 0.511743
vt 0.727385 0.511632
vt 0.260913 0.744965
vt 0.722401 0.637290
vt 0.724173 0.483208
vt 0.727423 0.483097
vt 0.254579 0.738864
vt 0.256275 0.737957
vt 0.721335 0.507480
vt 0.725451 0.507391
vt 0.256282 0.742998
vt 0.719215 0.515584
vt 0.722365 0.515516
vt 0.719264 0.479266
vt 0.722414 0.479198
vt 0.717751 0.639288
vt 0.721362 0.487825
vt 0.725478 0.487736
vt 0.716040 0.643455
vt 0.717743 0.644365
vt 0.714188 0.647949
vt 0.726544 0.497636
vt 0.721909 0.492702
vt 0.252733 0.734395
vt 0.721896 0.502722
vt 0.716901 0.487877
vt 0.714193 0.642895
vt 0.722090 0.497732
vt 0.717174 0.492757
vt 0.251795 0.734680
vt 0.713246 0.647663
vt 0.717160 0.502777
vt 0.252737 0.739422
vt 0.716874 0.507532
vt 0.253609 0.743809
vt 0.720430 0.511823
vt 0.254375 0.747673
vt 0.257777 0.746641
vt 0.716415 0.511870
vt 0.716454 0.483335
vt 0.720469 0.483288
vt 0.715841 0.634574
vt 0.719255 0.635609
vt 0.715069 0.638475
vt 0.712240 0.507545
vt 0.250837 0.748022
vt 0.715801 0.515624
vt 0.712244 0.511881
vt 0.712283 0.483346
vt 0.715850 0.479306
vt 0.712291 0.634224
vt 0.712266 0.487890
vt 0.712271 0.642705
vt 0.712244 0.497802
vt 0.717261 0.497789
vt 0.250819 0.734776
vt 0.712266 0.647567
vt 0.712240 0.502791
vt 0.250822 0.739611
vt 0.711287 0.647663
vt 0.711049 0.646455
vt 0.712253 0.492771
vt 0.711028 0.497795
vt 0.711037 0.492764
vt 0.249842 0.734680
vt 0.711023 0.502784
vt 0.249605 0.735882
vt 0.711023 0.507538
vt 0.249614 0.743964
vt 0.249608 0.739492
vt 0.711028 0.511874
vt 0.250829 0.744083
vt 0.249623 0.747902
vt 0.712253 0.515633
vt 0.711037 0.515626
vt 0.712302 0.479316
vt 0.711066 0.483339
vt 0.711086 0.479309
vt 0.711073 0.634344
vt 0.712280 0.638200
vt 0.711062 0.638320
vt 0.711050 0.487883
vt 0.711053 0.642825
vt 0.711048 0.647736
vt 0.249604 0.732701
vt 0.711048 0.649650
vt 0.249604 0.734608
vt 0.249604 0.731585
vt 0.711047 0.650770
vt 0.249604 0.730982
vt 0.711047 0.651376
vt 0.711047 0.651781
vt 0.249603 0.730579
vt 0.249603 0.730270
vt 0.711047 0.652090
vt 0.249603 0.730009
vt 0.711047 0.652353
vt 0.249603 0.729767
vt 0.711047 0.652595
vt 0.249603 0.729526
vt 0.711047 0.652837
vt 0.249603 0.729264
vt 0.711047 0.653099
vt 0.249603 0.728956
vt 0.711047 0.653408
vt 0.249603 0.728554
vt 0.711047 0.653812
vt 0.249603 0.727952
vt 0.711048 0.654415
vt 0.249604 0.726840
vt 0.711048 0.655530
vt 0.711287 0.657509
vt 0.711050 0.658699
vt 0.711049 0.657436
vt 0.249842 0.724866
vt 0.249604 0.724938
vt 0.249605 0.723676
vt 0.250818 0.724770
vt 0.712267 0.657605
vt 0.193754 0.658548
vt 0.194968 0.653544
vt 0.194974 0.658539
vt 0.193754 0.663297
vt 0.194974 0.663288
vt 0.249613 0.715707
vt 0.250822 0.719983
vt 0.249607 0.720103
vt 0.193748 0.667616
vt 0.194968 0.667607
vt 0.249621 0.711873
vt 0.250827 0.715588
vt 0.193737 0.671340
vt 0.194957 0.671331
vt 0.194919 0.638998
vt 0.193674 0.634928
vt 0.194894 0.634919
vt 0.712282 0.666786
vt 0.711076 0.670488
vt 0.711064 0.666666
vt 0.194940 0.643582
vt 0.193699 0.639007
vt 0.712273 0.662396
vt 0.711055 0.662276
vt 0.194957 0.648493
vt 0.193720 0.643591
vt 0.193737 0.648502
vt 0.190115 0.634916
vt 0.715844 0.670258
vt 0.712294 0.670608
vt 0.189070 0.643575
vt 0.714194 0.662207
vt 0.713246 0.657509
vt 0.193748 0.653553
vt 0.188800 0.648485
vt 0.251794 0.724866
vt 0.188817 0.658532
vt 0.189104 0.663281
vt 0.252736 0.720171
vt 0.254373 0.712102
vt 0.250835 0.711754
vt 0.190178 0.671328
vt 0.184065 0.658462
vt 0.188715 0.653536
vt 0.254578 0.720730
vt 0.184627 0.663215
vt 0.253607 0.715861
vt 0.189563 0.667602
vt 0.257776 0.713134
vt 0.185534 0.667543
vt 0.185485 0.638934
vt 0.189514 0.638993
vt 0.715071 0.666512
vt 0.719257 0.669223
vt 0.184593 0.643509
vt 0.716041 0.661647
vt 0.184047 0.648415
vt 0.252733 0.725151
vt 0.714188 0.657223
vt 0.717753 0.665698
vt 0.722403 0.667542
vt 0.180461 0.643395
vt 0.720225 0.664378
vt 0.715056 0.656759
vt 0.183869 0.653464
vt 0.179661 0.648295
vt 0.253598 0.725613
vt 0.179679 0.658341
vt 0.180496 0.663102
vt 0.258744 0.717988
vt 0.256280 0.716672
vt 0.260911 0.714809
vt 0.183589 0.671191
vt 0.186751 0.671278
vt 0.183526 0.634778
vt 0.186688 0.634865
vt 0.257762 0.722857
vt 0.256275 0.721636
vt 0.176868 0.662945
vt 0.181816 0.667441
vt 0.260903 0.719760
vt 0.725161 0.665280
vt 0.724196 0.670108
vt 0.181766 0.638831
vt 0.180750 0.634658
vt 0.722391 0.662600
vt 0.176834 0.643238
vt 0.719236 0.659512
vt 0.717744 0.660737
vt 0.175471 0.653171
vt 0.179397 0.653341
vt 0.254356 0.726235
vt 0.715817 0.656135
vt 0.129531 0.565546
vt 0.131341 0.560882
vt 0.133065 0.565413
vt 0.720461 0.658020
vt 0.134124 0.570294
vt 0.130653 0.575482
vt 0.134477 0.575337
vt 0.254979 0.726993
vt 0.716441 0.655374
vt 0.134112 0.580349
vt 0.258983 0.724344
vt 0.129508 0.585270
vt 0.133042 0.585137
vt 0.131307 0.589517
vt 0.263660 0.717064
vt 0.262676 0.721919
vt 0.730099 0.664206
vt 0.727438 0.667448
vt 0.268577 0.718103
vt 0.265925 0.714872
vt 0.724169 0.660434
vt 0.125446 0.585369
vt 0.130361 0.580491
vt 0.263993 0.724382
vt 0.124472 0.589726
vt 0.128127 0.589637
vt 0.267591 0.722947
vt 0.265915 0.719812
vt 0.123163 0.593498
vt 0.126272 0.593422
vt 0.124506 0.561091
vt 0.126315 0.556977
vt 0.128161 0.561002
vt 0.729105 0.659378
vt 0.727423 0.662523
vt 0.725490 0.657963
vt 0.126061 0.570541
vt 0.130373 0.570436
vt 0.721371 0.656318
vt 0.255441 0.727858
vt 0.716905 0.654507
vt 0.126049 0.580596
vt 0.259890 0.726040
vt 0.721931 0.654472
vt 0.121035 0.565706
vt 0.125470 0.565645
vt 0.717191 0.653565
vt 0.126256 0.575589
vt 0.121354 0.570605
vt 0.255726 0.728797
vt 0.121342 0.580661
vt 0.121012 0.585430
vt 0.260449 0.727881
vt 0.264804 0.727055
vt 0.120481 0.589781
vt 0.120515 0.561146
vt 0.123206 0.557052
vt 0.726303 0.655282
vt 0.268624 0.726348
vt 0.119769 0.593544
vt 0.119812 0.557099
vt 0.730140 0.655965
vt 0.121457 0.575655
vt 0.947608 0.038629
vt 0.947608 0.038611
vt 0.947698 0.038629
vt 0.249787 0.884380
vt 0.249877 0.884381
vt 0.249787 0.884398
vt 0.947608 0.038592
vt 0.249787 0.884418
vt 0.947608 0.038569
vt 0.249787 0.884441
vt 0.947608 0.038539
vt 0.249786 0.884471
vt 0.947608 0.038495
vt 0.249786 0.884516
vt 0.947608 0.038412
vt 0.249786 0.884599
vt 0.947608 0.038178
vt 0.249786 0.884835
vt 0.849675 0.512233
vt 0.849699 0.507870
vt 0.849766 0.512232
vt 0.947627 0.024355
vt 0.947485 0.020476
vt 0.947575 0.020467
vt 0.849766 0.516002
vt 0.849857 0.516002
vt 0.849766 0.479362
vt 0.849766 0.483444
vt 0.849675 0.483445
vt 0.249772 0.898778
vt 0.249603 0.902689
vt 0.249681 0.898769
vt 0.849699 0.488040
vt 0.249830 0.894302
vt 0.249739 0.894293
vt 0.849657 0.492972
vt 0.849608 0.488040
vt 0.249865 0.889440
vt 0.249775 0.889431
vt 0.849643 0.498051
vt 0.849566 0.492972
vt 0.947690 0.033614
vt 0.947600 0.033623
vt 0.849566 0.503081
vt 0.849657 0.503081
vt 0.947577 0.028803
vt 0.947666 0.028795
vt 0.849608 0.507870
vt 0.947538 0.024364
vt 0.251766 0.894111
vt 0.844508 0.498020
vt 0.849552 0.498051
vt 0.948669 0.033711
vt 0.250852 0.889343
vt 0.949586 0.028984
vt 0.844947 0.507841
vt 0.950414 0.024630
vt 0.951122 0.020817
vt 0.846199 0.515980
vt 0.846199 0.479340
vt 0.253272 0.902345
vt 0.249694 0.902698
vt 0.844947 0.488012
vt 0.252583 0.898501
vt 0.954532 0.021851
vt 0.842789 0.515925
vt 0.845481 0.512207
vt 0.845481 0.483419
vt 0.842789 0.479284
vt 0.256712 0.901301
vt 0.840492 0.487939
vt 0.253628 0.893545
vt 0.844619 0.492942
vt 0.251802 0.889055
vt 0.839889 0.492865
vt 0.949609 0.033996
vt 0.839889 0.502974
vt 0.844619 0.503051
vt 0.840492 0.507769
vt 0.951431 0.029544
vt 0.835270 0.497819
vt 0.839685 0.497941
vt 0.950477 0.034460
vt 0.252677 0.888587
vt 0.835559 0.502854
vt 0.955562 0.026763
vt 0.953093 0.025443
vt 0.837800 0.512040
vt 0.841471 0.512142
vt 0.837800 0.483252
vt 0.841471 0.483354
vt 0.257777 0.896348
vt 0.255286 0.897681
vt 0.835559 0.492745
vt 0.262662 0.897323
vt 0.261580 0.902273
vt 0.259883 0.899605
vt 0.959387 0.020883
vt 0.960429 0.025793
vt 0.957674 0.023532
vt 0.259961 0.894555
vt 0.832867 0.487676
vt 0.836413 0.487826
vt 0.256848 0.891393
vt 0.255344 0.892628
vt 0.831794 0.492586
vt 0.951237 0.035083
vt 0.253443 0.887957
vt 0.831794 0.502695
vt 0.954623 0.031677
vt 0.953132 0.030453
vt 0.836413 0.507656
vt 0.832867 0.507506
vt 0.957727 0.028540
vt 0.254073 0.887190
vt 0.052889 0.503114
vt 0.057073 0.497916
vt 0.056718 0.502939
vt 0.955846 0.033168
vt 0.052062 0.507894
vt 0.055669 0.507729
vt 0.959503 0.030704
vt 0.053967 0.512104
vt 0.962690 0.028548
vt 0.267530 0.896321
vt 0.264848 0.899590
vt 0.050729 0.483535
vt 0.051688 0.479344
vt 0.053976 0.483386
vt 0.264943 0.894543
vt 0.052068 0.488113
vt 0.055675 0.487948
vt 0.261753 0.892371
vt 0.056721 0.492854
vt 0.258083 0.889888
vt 0.052892 0.493029
vt 0.951860 0.035844
vt 0.266638 0.891371
vt 0.047020 0.483645
vt 0.259000 0.888172
vt 0.047946 0.488236
vt 0.254540 0.886315
vt 0.053169 0.498094
vt 0.048516 0.493159
vt 0.952324 0.036711
vt 0.048513 0.503244
vt 0.047940 0.508017
vt 0.956755 0.034869
vt 0.047011 0.512362
vt 0.050720 0.512252
vt 0.964370 0.031691
vt 0.048916 0.516020
vt 0.048927 0.479470
vt 0.957315 0.036715
vt 0.043461 0.508092
vt 0.961635 0.035854
vt 0.960823 0.033174
vt 0.965404 0.035102
vt 0.045761 0.516114
vt 0.042980 0.512430
vt 0.042989 0.483713
vt 0.045772 0.479564
vt 0.263085 0.889879
vt 0.267682 0.887930
vt 0.043467 0.488311
vt 0.263905 0.887175
vt 0.259565 0.886309
vt 0.048707 0.498227
vt 0.043761 0.493240
vt 0.952609 0.037652
vt 0.254828 0.885365
vt 0.043758 0.503324
vt 0.038805 0.488337
vt 0.259755 0.884372
vt 0.254925 0.884378
vt 0.043859 0.498309
vt 0.038811 0.493267
vt 0.952706 0.038630
vt 0.038808 0.503351
vt 0.038798 0.508117
vt 0.957504 0.038634
vt 0.961910 0.038640
vt 0.038765 0.516191
vt 0.042333 0.516172
vt 0.038776 0.479641
vt 0.042345 0.479621
vt 0.264182 0.884363
vt 0.034130 0.508092
vt 0.961635 0.041427
vt 0.038784 0.512453
vt 0.965404 0.042195
vt 0.965753 0.038648
vt 0.034583 0.512430
vt 0.034592 0.483713
vt 0.038793 0.483736
vt 0.267682 0.880772
vt 0.268034 0.884351
vt 0.034137 0.488311
vt 0.263905 0.881551
vt 0.259565 0.882435
vt 0.038812 0.498336
vt 0.033856 0.493240
vt 0.952609 0.039609
vt 0.254828 0.883391
vt 0.033853 0.503324
vt 0.957315 0.040554
vt 0.259000 0.880573
vt 0.029643 0.488236
vt 0.254540 0.882441
vt 0.033760 0.498309
vt 0.029085 0.493159
vt 0.952324 0.040550
vt 0.029082 0.503244
vt 0.029637 0.508017
vt 0.956755 0.042399
vt 0.960823 0.044107
vt 0.031752 0.516114
vt 0.035192 0.516172
vt 0.031764 0.479564
vt 0.035203 0.479621
vt 0.263085 0.878847
vt 0.959503 0.046576
vt 0.030538 0.512362
vt 0.025490 0.507894
vt 0.962690 0.048749
vt 0.964370 0.045606
vt 0.028579 0.516020
vt 0.030547 0.483645
vt 0.028590 0.479470
vt 0.264943 0.874159
vt 0.266638 0.877330
vt 0.025496 0.488113
vt 0.261753 0.876355
vt 0.258083 0.878856
vt 0.028896 0.498227
vt 0.024683 0.493029
vt 0.951860 0.041417
vt 0.254073 0.881566
vt 0.024680 0.503114
vt 0.955846 0.044100
vt 0.021856 0.487948
vt 0.253443 0.880799
vt 0.024408 0.498094
vt 0.020818 0.492854
vt 0.951237 0.042177
vt 0.020815 0.502939
vt 0.021850 0.507729
vt 0.954623 0.045591
vt 0.026806 0.512252
vt 0.960429 0.051504
vt 0.262662 0.871379
vt 0.267530 0.872351
vt 0.026815 0.483535
vt 0.025804 0.479344
vt 0.256848 0.877352
vt 0.726295 0.898607
vt 0.724481 0.894341
vt 0.728032 0.894203
vt 0.957674 0.053765
vt 0.957727 0.048741
vt 0.259883 0.869098
vt 0.264848 0.869083
vt 0.962626 0.053775
vt 0.259961 0.874171
vt 0.724481 0.874519
vt 0.726295 0.869829
vt 0.728032 0.874381
vt 0.255344 0.876117
vt 0.729102 0.879285
vt 0.725620 0.884503
vt 0.729463 0.884353
vt 0.950477 0.042801
vt 0.252676 0.880170
vt 0.729102 0.889391
vt 0.953132 0.046815
vt 0.251802 0.879702
vt 0.721202 0.884616
vt 0.725333 0.879432
vt 0.949609 0.043264
vt 0.725333 0.889537
vt 0.720400 0.894446
vt 0.955562 0.050517
vt 0.951431 0.047724
vt 0.723099 0.898731
vt 0.954532 0.055445
vt 0.718114 0.902617
vt 0.721238 0.902537
vt 0.723099 0.869954
vt 0.718114 0.865990
vt 0.721238 0.865911
vt 0.257777 0.872379
vt 0.256712 0.867403
vt 0.720400 0.874623
vt 0.253628 0.875200
vt 0.714704 0.902668
vt 0.719425 0.898825
vt 0.719425 0.870047
vt 0.714704 0.866041
vt 0.255286 0.871047
vt 0.253272 0.866359
vt 0.715943 0.874690
vt 0.252583 0.870227
vt 0.720999 0.879542
vt 0.251766 0.874635
vt 0.716379 0.884688
vt 0.948669 0.043550
vt 0.250852 0.879414
vt 0.720999 0.889648
vt 0.949585 0.048284
vt 0.715943 0.894512
vt 0.950414 0.052650
vt 0.953093 0.051837
vt 0.951122 0.056479
vt 0.947690 0.043646
vt 0.249865 0.879317
vt 0.716269 0.889718
vt 0.711336 0.884716
vt 0.711284 0.894538
vt 0.947666 0.048473
vt 0.715415 0.898885
vt 0.947627 0.052924
vt 0.711138 0.902688
vt 0.715415 0.870107
vt 0.711138 0.866061
vt 0.249772 0.869950
vt 0.711284 0.874716
vt 0.249830 0.874445
vt 0.716269 0.879613
vt 0.711131 0.870130
vt 0.711047 0.866061
vt 0.249603 0.866016
vt 0.249681 0.869959
vt 0.711222 0.870131
vt 0.711194 0.874716
vt 0.249739 0.874453
vt 0.711232 0.879641
vt 0.249775 0.879326
vt 0.711323 0.879641
vt 0.711245 0.884716
vt 0.947608 0.039080
vt 0.249786 0.883925
vt 0.711323 0.889746
vt 0.711232 0.889746
vt 0.947577 0.048464
vt 0.947600 0.043637
vt 0.711194 0.894538
vt 0.947538 0.052915
vt 0.711222 0.898908
vt 0.711131 0.898908
vt 0.947485 0.056819
vt 0.711047 0.902688
vt 0.947608 0.038845
vt 0.249786 0.884162
vt 0.947608 0.038763
vt 0.249786 0.884245
vt 0.947608 0.038719
vt 0.249786 0.884290
vt 0.947608 0.038689
vt 0.249787 0.884320
vt 0.947608 0.038666
vt 0.249787 0.884343
vt 0.947608 0.038647
vt 0.249787 0.884362
vt 0.947767 0.115999
vt 0.947767 0.115981
vt 0.947857 0.115999
vt 0.478853 0.884363
vt 0.478944 0.884364
vt 0.478853 0.884381
vt 0.947767 0.115962
vt 0.478853 0.884401
vt 0.947767 0.115939
vt 0.478853 0.884424
vt 0.947767 0.115909
vt 0.478853 0.884454
vt 0.947767 0.115864
vt 0.478853 0.884499
vt 0.947767 0.115782
vt 0.478853 0.884582
vt 0.947766 0.115548
vt 0.478853 0.884818
vt 0.846780 0.360061
vt 0.846803 0.355698
vt 0.846871 0.360061
vt 0.947786 0.101725
vt 0.947644 0.097846
vt 0.947734 0.097837
vt 0.846871 0.363831
vt 0.846961 0.363830
vt 0.846871 0.331273
vt 0.846871 0.327191
vt 0.846961 0.327190
vt 0.478839 0.898761
vt 0.478670 0.902672
vt 0.478748 0.898752
vt 0.846803 0.335869
vt 0.846780 0.331273
vt 0.478896 0.894285
vt 0.478806 0.894276
vt 0.846762 0.340801
vt 0.846712 0.335869
vt 0.478932 0.889423
vt 0.478842 0.889414
vt 0.846748 0.345879
vt 0.846671 0.340801
vt 0.947849 0.110984
vt 0.947759 0.110993
vt 0.846671 0.350910
vt 0.846762 0.350910
vt 0.947735 0.106173
vt 0.947825 0.106164
vt 0.846712 0.355698
vt 0.947696 0.101734
vt 0.479919 0.889326
vt 0.841612 0.345848
vt 0.846657 0.345880
vt 0.948827 0.111080
vt 0.841723 0.350879
vt 0.842052 0.355670
vt 0.950572 0.102000
vt 0.951280 0.098186
vt 0.842586 0.360035
vt 0.842586 0.331247
vt 0.482339 0.902328
vt 0.478761 0.902681
vt 0.842052 0.335840
vt 0.481650 0.898484
vt 0.953252 0.102813
vt 0.839894 0.363753
vt 0.843304 0.363809
vt 0.839894 0.327113
vt 0.843304 0.327169
vt 0.484353 0.897663
vt 0.837597 0.335768
vt 0.482695 0.893529
vt 0.480833 0.894094
vt 0.841723 0.340770
vt 0.836790 0.345770
vt 0.949768 0.111366
vt 0.480868 0.889038
vt 0.951590 0.106913
vt 0.949744 0.106353
vt 0.837597 0.355597
vt 0.832375 0.345648
vt 0.836994 0.340694
vt 0.950635 0.111829
vt 0.481743 0.888570
vt 0.836994 0.350802
vt 0.953290 0.107823
vt 0.832663 0.350682
vt 0.955721 0.104133
vt 0.834905 0.359868
vt 0.838576 0.359970
vt 0.954690 0.099221
vt 0.836772 0.363667
vt 0.838576 0.331182
vt 0.836772 0.327027
vt 0.486844 0.896331
vt 0.485779 0.901284
vt 0.834905 0.331080
vt 0.832663 0.340573
vt 0.484411 0.892611
vt 0.488950 0.899588
vt 0.493915 0.899573
vt 0.490647 0.902256
vt 0.962784 0.100911
vt 0.957833 0.100901
vt 0.959545 0.098253
vt 0.489028 0.894539
vt 0.829971 0.335505
vt 0.833517 0.335655
vt 0.485915 0.891376
vt 0.828899 0.340414
vt 0.951395 0.112453
vt 0.482510 0.887940
vt 0.828899 0.350523
vt 0.954781 0.109046
vt 0.833517 0.355484
vt 0.829971 0.355334
vt 0.957885 0.105909
vt 0.483139 0.887173
vt 0.511091 0.502968
vt 0.515276 0.497770
vt 0.514921 0.502793
vt 0.956005 0.110538
vt 0.510265 0.507748
vt 0.513872 0.507583
vt 0.512170 0.511958
vt 0.962848 0.105918
vt 0.960587 0.103162
vt 0.494010 0.894526
vt 0.491729 0.897306
vt 0.512179 0.483241
vt 0.507130 0.479324
vt 0.509891 0.479198
vt 0.510271 0.487968
vt 0.513878 0.487803
vt 0.487149 0.889871
vt 0.514924 0.492709
vt 0.511095 0.492884
vt 0.952019 0.113213
vt 0.490820 0.892354
vt 0.495705 0.891354
vt 0.505222 0.483499
vt 0.508932 0.483389
vt 0.488067 0.888155
vt 0.506149 0.488090
vt 0.483607 0.886298
vt 0.506910 0.498081
vt 0.511372 0.497949
vt 0.952482 0.114081
vt 0.506143 0.507871
vt 0.959661 0.108074
vt 0.956914 0.112239
vt 0.505214 0.512217
vt 0.508923 0.512106
vt 0.964528 0.109061
vt 0.503964 0.515968
vt 0.507119 0.515874
vt 0.503975 0.479418
vt 0.957474 0.114084
vt 0.501664 0.507946
vt 0.506715 0.503098
vt 0.961794 0.113223
vt 0.960981 0.110544
vt 0.965562 0.112471
vt 0.501183 0.512285
vt 0.501192 0.483567
vt 0.492152 0.889862
vt 0.496749 0.887913
vt 0.501670 0.488165
vt 0.492972 0.887158
vt 0.506719 0.493014
vt 0.488631 0.886292
vt 0.501964 0.493094
vt 0.952768 0.115022
vt 0.483895 0.885349
vt 0.501961 0.503178
vt 0.497007 0.488191
vt 0.488822 0.884355
vt 0.483992 0.884361
vt 0.502062 0.498163
vt 0.497014 0.493121
vt 0.952864 0.116000
vt 0.497011 0.503205
vt 0.497001 0.507972
vt 0.957663 0.116004
vt 0.962068 0.116010
vt 0.496967 0.516045
vt 0.500536 0.516026
vt 0.496979 0.479495
vt 0.500548 0.479476
vt 0.493248 0.884346
vt 0.492333 0.507946
vt 0.961794 0.118797
vt 0.496987 0.512307
vt 0.965562 0.119565
vt 0.965912 0.116018
vt 0.493395 0.516026
vt 0.496996 0.483590
vt 0.493406 0.479476
vt 0.496749 0.880755
vt 0.497101 0.884334
vt 0.492340 0.488165
vt 0.492971 0.881534
vt 0.488631 0.882418
vt 0.491963 0.498163
vt 0.497015 0.498191
vt 0.952768 0.116979
vt 0.483895 0.883374
vt 0.957474 0.117923
vt 0.488067 0.880556
vt 0.492059 0.493094
vt 0.487846 0.488090
vt 0.483607 0.882424
vt 0.487099 0.498081
vt 0.952482 0.117920
vt 0.492056 0.503178
vt 0.487840 0.507871
vt 0.956914 0.119769
vt 0.492786 0.512284
vt 0.964528 0.122976
vt 0.489955 0.515968
vt 0.492794 0.483567
vt 0.489967 0.479418
vt 0.495705 0.877313
vt 0.959661 0.123946
vt 0.960981 0.121476
vt 0.488741 0.512217
vt 0.483693 0.507748
vt 0.962848 0.126119
vt 0.486782 0.515874
vt 0.488750 0.483499
vt 0.486793 0.479324
vt 0.492152 0.878830
vt 0.494010 0.874142
vt 0.483699 0.487968
vt 0.490820 0.876338
vt 0.487288 0.493014
vt 0.487149 0.878839
vt 0.482610 0.497949
vt 0.952019 0.118787
vt 0.483139 0.881549
vt 0.487285 0.503098
vt 0.956005 0.121470
vt 0.482886 0.492884
vt 0.480059 0.487803
vt 0.485915 0.877335
vt 0.479021 0.492709
vt 0.951395 0.119547
vt 0.482510 0.880782
vt 0.479018 0.502793
vt 0.482883 0.502968
vt 0.954781 0.122961
vt 0.480053 0.507583
vt 0.485009 0.512106
vt 0.960587 0.128874
vt 0.491729 0.871362
vt 0.496597 0.872334
vt 0.485018 0.483389
vt 0.484007 0.479198
vt 0.113255 0.898683
vt 0.111442 0.894418
vt 0.114993 0.894279
vt 0.955721 0.127887
vt 0.957885 0.126110
vt 0.488950 0.869081
vt 0.493915 0.869066
vt 0.962784 0.131144
vt 0.957833 0.131134
vt 0.486844 0.872362
vt 0.489028 0.874154
vt 0.111442 0.874595
vt 0.113255 0.869905
vt 0.114993 0.874457
vt 0.484411 0.876100
vt 0.116063 0.879361
vt 0.116424 0.884429
vt 0.112293 0.879508
vt 0.950635 0.120171
vt 0.481743 0.880153
vt 0.112293 0.889613
vt 0.116063 0.889467
vt 0.953290 0.124185
vt 0.482695 0.875183
vt 0.108162 0.884692
vt 0.112581 0.884579
vt 0.949768 0.120634
vt 0.480868 0.879685
vt 0.951589 0.125094
vt 0.107360 0.894522
vt 0.953251 0.129207
vt 0.110059 0.898807
vt 0.954690 0.132814
vt 0.105075 0.902693
vt 0.108199 0.902613
vt 0.110059 0.870030
vt 0.105075 0.866066
vt 0.108199 0.865987
vt 0.485779 0.867386
vt 0.107360 0.874700
vt 0.484353 0.871030
vt 0.101664 0.902744
vt 0.106386 0.898901
vt 0.106386 0.870124
vt 0.101664 0.866117
vt 0.482339 0.866342
vt 0.102904 0.874766
vt 0.480833 0.874618
vt 0.107960 0.879619
vt 0.479919 0.879397
vt 0.103339 0.884764
vt 0.948827 0.120920
vt 0.103229 0.889795
vt 0.107960 0.889724
vt 0.102904 0.894588
vt 0.949744 0.125654
vt 0.951280 0.133849
vt 0.947849 0.121016
vt 0.478932 0.879300
vt 0.098283 0.889822
vt 0.947825 0.125843
vt 0.098245 0.894614
vt 0.947786 0.130294
vt 0.950572 0.130020
vt 0.102375 0.898961
vt 0.098098 0.902764
vt 0.102375 0.870183
vt 0.098098 0.866137
vt 0.478839 0.869933
vt 0.481650 0.870210
vt 0.098245 0.874792
vt 0.103229 0.879689
vt 0.478896 0.874428
vt 0.098296 0.884792
vt 0.098091 0.870207
vt 0.098007 0.866137
vt 0.478670 0.865999
vt 0.478748 0.869942
vt 0.098182 0.870207
vt 0.098154 0.874792
vt 0.478806 0.874436
vt 0.098192 0.879717
vt 0.478842 0.879309
vt 0.098283 0.879717
vt 0.098205 0.884792
vt 0.947766 0.116450
vt 0.478852 0.883908
vt 0.098192 0.889822
vt 0.947735 0.125834
vt 0.947759 0.121007
vt 0.098154 0.894614
vt 0.947696 0.130285
vt 0.098182 0.898984
vt 0.098091 0.898984
vt 0.947644 0.134189
vt 0.098018 0.902274
vt 0.947767 0.116215
vt 0.478853 0.884145
vt 0.947767 0.116133
vt 0.478853 0.884228
vt 0.947767 0.116088
vt 0.478853 0.884273
vt 0.947767 0.116059
vt 0.478853 0.884303
vt 0.947767 0.116036
vt 0.478853 0.884326
vt 0.947767 0.116017
vt 0.478853 0.884345
vt 0.786787 0.975353
vt 0.789119 0.971106
vt 0.789125 0.975583
vt 0.963909 0.744947
vt 0.967640 0.740604
vt 0.967651 0.744964
vt 0.789133 0.979525
vt 0.786036 0.979220
vt 0.964549 0.748722
vt 0.967665 0.748736
vt 0.964549 0.712211
vt 0.967665 0.712225
vt 0.967652 0.715768
vt 0.965659 0.483427
vt 0.968027 0.479198
vt 0.968015 0.483195
vt 0.963909 0.716260
vt 0.967640 0.720845
vt 0.963432 0.720826
vt 0.966523 0.487871
vt 0.968006 0.487725
vt 0.967634 0.725752
vt 0.963139 0.725732
vt 0.967465 0.492666
vt 0.968001 0.492613
vt 0.967632 0.730810
vt 0.963040 0.730790
vt 0.789115 0.966267
vt 0.788584 0.966214
vt 0.789115 0.963536
vt 0.968000 0.495367
vt 0.963139 0.735805
vt 0.967634 0.735825
vt 0.787648 0.970961
vt 0.963432 0.740585
vt 0.958391 0.735741
vt 0.787644 0.965929
vt 0.784112 0.974541
vt 0.959883 0.744893
vt 0.782631 0.978188
vt 0.959883 0.716206
vt 0.961474 0.480545
vt 0.964906 0.479505
vt 0.962963 0.484245
vt 0.958391 0.725668
vt 0.966518 0.492953
vt 0.967999 0.496541
vt 0.958311 0.482235
vt 0.958960 0.720766
vt 0.956177 0.716119
vt 0.962954 0.489349
vt 0.964666 0.488434
vt 0.954842 0.720669
vt 0.958199 0.730725
vt 0.954020 0.725565
vt 0.786778 0.965466
vt 0.789114 0.962371
vt 0.965645 0.493419
vt 0.967999 0.496954
vt 0.954020 0.735638
vt 0.784106 0.969495
vt 0.785804 0.970402
vt 0.954842 0.740429
vt 0.958960 0.740525
vt 0.781646 0.973224
vt 0.956177 0.744806
vt 0.779492 0.976510
vt 0.961126 0.748676
vt 0.961126 0.712165
vt 0.951237 0.740299
vt 0.782617 0.968273
vt 0.776741 0.974253
vt 0.953278 0.482140
vt 0.956538 0.479466
vt 0.774493 0.976574
vt 0.777728 0.979228
vt 0.960477 0.485572
vt 0.955539 0.484510
vt 0.951237 0.720539
vt 0.961453 0.490580
vt 0.953742 0.730620
vt 0.950193 0.725427
vt 0.786019 0.964844
vt 0.789114 0.961962
vt 0.964880 0.494047
vt 0.967999 0.497177
vt 0.950193 0.735501
vt 0.960222 0.492079
vt 0.958299 0.487359
vt 0.363273 0.492854
vt 0.358579 0.488084
vt 0.362279 0.487957
vt 0.964252 0.494811
vt 0.363597 0.497908
vt 0.359345 0.492989
vt 0.785396 0.964085
vt 0.789114 0.961740
vt 0.967999 0.497326
vt 0.359310 0.503059
vt 0.363239 0.502925
vt 0.358512 0.507838
vt 0.362212 0.507711
vt 0.779484 0.971450
vt 0.781395 0.966784
vt 0.360557 0.512084
vt 0.774483 0.971502
vt 0.953263 0.487281
vt 0.360655 0.483405
vt 0.355629 0.479470
vt 0.358461 0.479373
vt 0.776392 0.966823
vt 0.777710 0.969289
vt 0.357227 0.512198
vt 0.354323 0.507925
vt 0.772806 0.968364
vt 0.352299 0.516038
vt 0.355504 0.515971
vt 0.357324 0.483519
vt 0.352423 0.479537
vt 0.956511 0.489537
vt 0.951573 0.490443
vt 0.354391 0.488171
vt 0.955183 0.492021
vt 0.959307 0.493791
vt 0.359591 0.498045
vt 0.354898 0.493081
vt 0.784933 0.963219
vt 0.789114 0.961592
vt 0.963786 0.495684
vt 0.967999 0.497440
vt 0.354864 0.503152
vt 0.780487 0.965086
vt 0.349876 0.488215
vt 0.963498 0.496630
vt 0.355058 0.498140
vt 0.350105 0.493129
vt 0.784648 0.962279
vt 0.789114 0.961479
vt 0.967999 0.497537
vt 0.350071 0.503199
vt 0.349808 0.507970
vt 0.779928 0.963243
vt 0.353457 0.512276
vt 0.771773 0.964959
vt 0.348843 0.516072
vt 0.353555 0.483597
vt 0.348967 0.479571
vt 0.950531 0.493874
vt 0.958744 0.495648
vt 0.349394 0.512316
vt 0.345140 0.507970
vt 0.771424 0.961418
vt 0.775581 0.964148
vt 0.345192 0.512316
vt 0.345290 0.483637
vt 0.349491 0.483638
vt 0.954365 0.494717
vt 0.950180 0.497442
vt 0.345207 0.488215
vt 0.958553 0.497579
vt 0.350171 0.498188
vt 0.345149 0.493129
vt 0.784552 0.961302
vt 0.789114 0.961384
vt 0.963402 0.497615
vt 0.967999 0.497626
vt 0.345114 0.503199
vt 0.779739 0.961327
vt 0.963498 0.498599
vt 0.345118 0.498188
vt 0.340220 0.493081
vt 0.789114 0.961206
vt 0.789114 0.961295
vt 0.967999 0.497715
vt 0.340186 0.503152
vt 0.784648 0.960325
vt 0.340497 0.507925
vt 0.775581 0.958583
vt 0.775306 0.961366
vt 0.341716 0.516038
vt 0.345270 0.516072
vt 0.341841 0.479537
vt 0.345394 0.479571
vt 0.954365 0.500324
vt 0.954089 0.497521
vt 0.340564 0.488171
vt 0.772806 0.954471
vt 0.771773 0.957877
vt 0.337019 0.512198
vt 0.341014 0.512276
vt 0.337117 0.483519
vt 0.341111 0.483597
vt 0.951573 0.504442
vt 0.950531 0.501011
vt 0.336126 0.488084
vt 0.959307 0.501367
vt 0.958744 0.499510
vt 0.963786 0.499546
vt 0.340092 0.498140
vt 0.335508 0.492989
vt 0.789114 0.961111
vt 0.967999 0.497812
vt 0.335474 0.503059
vt 0.779928 0.959410
vt 0.784933 0.959386
vt 0.336059 0.507838
vt 0.780487 0.957567
vt 0.335288 0.498045
vt 0.331195 0.492854
vt 0.789114 0.960998
vt 0.967999 0.497926
vt 0.964252 0.500418
vt 0.331161 0.502925
vt 0.785396 0.958520
vt 0.331995 0.507711
vt 0.777710 0.953442
vt 0.776392 0.955908
vt 0.774483 0.951333
vt 0.335210 0.515874
vt 0.338320 0.515971
vt 0.335334 0.479373
vt 0.338444 0.479470
vt 0.955183 0.503020
vt 0.953263 0.507604
vt 0.332063 0.487957
vt 0.956511 0.505505
vt 0.955539 0.510376
vt 0.950602 0.509297
vt 0.771838 0.949623
vt 0.776741 0.948582
vt 0.328531 0.487796
vt 0.333460 0.483405
vt 0.960222 0.503078
vt 0.958299 0.507683
vt 0.964880 0.501183
vt 0.330890 0.497908
vt 0.327445 0.492683
vt 0.789114 0.960850
vt 0.967999 0.498074
vt 0.327411 0.502754
vt 0.781395 0.955869
vt 0.786019 0.957761
vt 0.328463 0.507550
vt 0.779484 0.951281
vt 0.333363 0.512084
vt 0.967999 0.498297
vt 0.965645 0.501811
vt 0.961079 0.350850
vt 0.965271 0.345639
vt 0.964917 0.350673
vt 0.784106 0.953158
vt 0.782617 0.954380
vt 0.960252 0.355642
vt 0.963867 0.355475
vt 0.958909 0.360010
vt 0.962163 0.359860
vt 0.779492 0.946325
vt 0.956538 0.515231
vt 0.953278 0.512556
vt 0.958909 0.331227
vt 0.959868 0.327026
vt 0.962163 0.331078
vt 0.958311 0.512651
vt 0.963867 0.335649
vt 0.962954 0.505809
vt 0.961453 0.504578
vt 0.964917 0.340566
vt 0.960252 0.335816
vt 0.961079 0.340743
vt 0.789114 0.960629
vt 0.960477 0.509470
vt 0.961474 0.514342
vt 0.956120 0.335940
vt 0.964666 0.506724
vt 0.961358 0.345819
vt 0.956693 0.340875
vt 0.786778 0.957138
vt 0.789114 0.960221
vt 0.967999 0.498707
vt 0.966518 0.502277
vt 0.956693 0.350982
vt 0.785804 0.952250
vt 0.956120 0.355766
vt 0.781646 0.949507
vt 0.782631 0.944647
vt 0.953939 0.363882
vt 0.957101 0.363787
vt 0.953939 0.327249
vt 0.957101 0.327154
vt 0.788584 0.956390
vt 0.787644 0.956675
vt 0.951632 0.355843
vt 0.786788 0.947377
vt 0.784112 0.948189
vt 0.955191 0.360121
vt 0.786036 0.943614
vt 0.950504 0.363941
vt 0.955191 0.331339
vt 0.950504 0.327308
vt 0.962963 0.510798
vt 0.964906 0.515383
vt 0.951632 0.336017
vt 0.965659 0.511616
vt 0.967465 0.502564
vt 0.956886 0.345954
vt 0.951928 0.340956
vt 0.789115 0.959060
vt 0.968000 0.499877
vt 0.951928 0.351063
vt 0.951151 0.331408
vt 0.947408 0.336041
vt 0.947395 0.331430
vt 0.966523 0.507288
vt 0.968015 0.511848
vt 0.968006 0.507434
vt 0.952028 0.346037
vt 0.947416 0.340982
vt 0.789115 0.956338
vt 0.968001 0.502617
vt 0.947416 0.351090
vt 0.947419 0.346064
vt 0.789119 0.951546
vt 0.947408 0.355867
vt 0.787648 0.951691
vt 0.789125 0.947147
vt 0.951151 0.360191
vt 0.789133 0.943309
vt 0.947377 0.363959
vt 0.947395 0.360213
vt 0.947377 0.327326
vt 0.968027 0.515690
vt 0.325738 0.970937
vt 0.327216 0.975558
vt 0.324878 0.975328
vt 0.961892 0.282303
vt 0.965624 0.277960
vt 0.965634 0.282320
vt 0.327222 0.978870
vt 0.962533 0.286078
vt 0.965649 0.286092
vt 0.962533 0.249567
vt 0.965634 0.253633
vt 0.961892 0.253617
vt 0.965770 0.560930
vt 0.968138 0.556701
vt 0.968126 0.560699
vt 0.965624 0.258201
vt 0.961416 0.258182
vt 0.966634 0.565374
vt 0.968117 0.565228
vt 0.961123 0.263088
vt 0.965618 0.263108
vt 0.967575 0.570169
vt 0.968111 0.570116
vt 0.965615 0.268166
vt 0.961024 0.268146
vt 0.327206 0.966242
vt 0.326674 0.966190
vt 0.327205 0.963511
vt 0.968110 0.572870
vt 0.961123 0.273161
vt 0.965618 0.273181
vt 0.327210 0.971081
vt 0.961416 0.277942
vt 0.956375 0.273097
vt 0.323895 0.970378
vt 0.322202 0.974517
vt 0.957867 0.282249
vt 0.320722 0.978163
vt 0.324127 0.979196
vt 0.957867 0.253563
vt 0.961585 0.558049
vt 0.965017 0.557008
vt 0.963073 0.561748
vt 0.956375 0.263024
vt 0.964776 0.565937
vt 0.325735 0.965905
vt 0.966628 0.570456
vt 0.968110 0.574045
vt 0.960588 0.563076
vt 0.952826 0.258025
vt 0.956944 0.258122
vt 0.963065 0.566852
vt 0.965756 0.570922
vt 0.956183 0.268081
vt 0.952003 0.262921
vt 0.324869 0.965442
vt 0.327205 0.962346
vt 0.968110 0.574457
vt 0.952003 0.272995
vt 0.952826 0.277785
vt 0.956944 0.277882
vt 0.322197 0.969470
vt 0.319736 0.973199
vt 0.955958 0.285958
vt 0.959110 0.286032
vt 0.955958 0.249447
vt 0.959110 0.249521
vt 0.949221 0.277655
vt 0.317575 0.971425
vt 0.950917 0.282045
vt 0.954161 0.282162
vt 0.314832 0.974228
vt 0.317583 0.976486
vt 0.955649 0.562013
vt 0.956649 0.556969
vt 0.958422 0.559739
vt 0.315819 0.979204
vt 0.950917 0.253358
vt 0.954161 0.253475
vt 0.958410 0.564863
vt 0.949221 0.257895
vt 0.961564 0.568083
vt 0.951726 0.267976
vt 0.948177 0.262783
vt 0.324110 0.964819
vt 0.327205 0.961937
vt 0.964991 0.571550
vt 0.968110 0.574680
vt 0.948177 0.272857
vt 0.320708 0.968248
vt 0.956622 0.567040
vt 0.281881 0.492989
vt 0.284816 0.487957
vt 0.285809 0.492854
vt 0.964363 0.572315
vt 0.286133 0.497908
vt 0.323487 0.964060
vt 0.327205 0.961716
vt 0.968110 0.574829
vt 0.281846 0.503059
vt 0.285775 0.502925
vt 0.284748 0.507711
vt 0.315801 0.969264
vt 0.279763 0.512198
vt 0.283093 0.512084
vt 0.312574 0.971478
vt 0.950713 0.562903
vt 0.953389 0.559644
vt 0.279860 0.483519
vt 0.280997 0.479373
vt 0.283191 0.483405
vt 0.953374 0.564785
vt 0.318578 0.965061
vt 0.319486 0.966760
vt 0.275993 0.512276
vt 0.281048 0.507838
vt 0.314483 0.966799
vt 0.278040 0.515971
vt 0.276091 0.483597
vt 0.278165 0.479470
vt 0.955294 0.569525
vt 0.281115 0.488084
vt 0.959418 0.571294
vt 0.960333 0.569583
vt 0.277434 0.493081
vt 0.963897 0.573187
vt 0.282128 0.498045
vt 0.323024 0.963194
vt 0.327205 0.961568
vt 0.968110 0.574944
vt 0.277400 0.503152
vt 0.272412 0.488215
vt 0.276927 0.488171
vt 0.958854 0.573151
vt 0.272707 0.498188
vt 0.277594 0.498140
vt 0.322739 0.962255
vt 0.327205 0.961455
vt 0.963609 0.574134
vt 0.968110 0.575040
vt 0.318019 0.963218
vt 0.272344 0.507970
vt 0.276860 0.507925
vt 0.310896 0.968340
vt 0.313671 0.964123
vt 0.274835 0.516038
vt 0.271930 0.512316
vt 0.272028 0.483637
vt 0.274959 0.479537
vt 0.954476 0.572220
vt 0.951683 0.567947
vt 0.267676 0.507970
vt 0.309863 0.964934
vt 0.313397 0.961341
vt 0.271379 0.516072
vt 0.267728 0.512316
vt 0.267826 0.483637
vt 0.271503 0.479571
vt 0.954200 0.575024
vt 0.950642 0.571378
vt 0.267743 0.488215
vt 0.958664 0.575082
vt 0.272641 0.493129
vt 0.267654 0.498188
vt 0.322643 0.961278
vt 0.327205 0.961359
vt 0.963512 0.575118
vt 0.968110 0.575129
vt 0.272607 0.503199
vt 0.317830 0.961302
vt 0.963609 0.576103
vt 0.262628 0.498140
vt 0.267685 0.493129
vt 0.327205 0.961182
vt 0.327205 0.961270
vt 0.968110 0.575219
vt 0.267651 0.503199
vt 0.322739 0.960301
vt 0.263033 0.507925
vt 0.313671 0.958558
vt 0.309863 0.957852
vt 0.309515 0.961393
vt 0.264253 0.516038
vt 0.267806 0.516072
vt 0.264377 0.479537
vt 0.267930 0.479571
vt 0.950642 0.578514
vt 0.950291 0.574946
vt 0.263100 0.488171
vt 0.954476 0.577828
vt 0.310896 0.954447
vt 0.259556 0.512198
vt 0.263550 0.512276
vt 0.259653 0.483519
vt 0.263648 0.483597
vt 0.951683 0.581945
vt 0.258662 0.488084
vt 0.959418 0.578870
vt 0.958854 0.577013
vt 0.262756 0.493081
vt 0.257825 0.498045
vt 0.327205 0.961086
vt 0.968110 0.575315
vt 0.963897 0.577049
vt 0.262722 0.503152
vt 0.318578 0.957542
vt 0.318019 0.959385
vt 0.258595 0.507838
vt 0.253426 0.497908
vt 0.258045 0.492989
vt 0.323024 0.959361
vt 0.327205 0.960973
vt 0.968110 0.575429
vt 0.964363 0.577922
vt 0.258010 0.503059
vt 0.323487 0.958495
vt 0.254532 0.507711
vt 0.315801 0.953417
vt 0.314483 0.955883
vt 0.255899 0.512084
vt 0.260856 0.515971
vt 0.255996 0.483405
vt 0.260980 0.479470
vt 0.956622 0.583008
vt 0.955294 0.580523
vt 0.254599 0.487957
vt 0.953374 0.585108
vt 0.953389 0.590059
vt 0.950713 0.586800
vt 0.312584 0.946364
vt 0.312574 0.951308
vt 0.309929 0.949598
vt 0.958410 0.585186
vt 0.251067 0.487796
vt 0.961564 0.582082
vt 0.960333 0.580582
vt 0.253731 0.492854
vt 0.249981 0.492683
vt 0.327205 0.960825
vt 0.968110 0.575578
vt 0.964991 0.578686
vt 0.249947 0.502754
vt 0.253697 0.502925
vt 0.320708 0.954355
vt 0.319486 0.955844
vt 0.250999 0.507550
vt 0.317575 0.951256
vt 0.968110 0.575800
vt 0.965756 0.579314
vt 0.904713 0.735915
vt 0.908906 0.730704
vt 0.908551 0.735738
vt 0.322197 0.953134
vt 0.324110 0.957737
vt 0.903886 0.740706
vt 0.907502 0.740540
vt 0.319736 0.949482
vt 0.905797 0.744925
vt 0.317583 0.946300
vt 0.314832 0.948558
vt 0.955649 0.587880
vt 0.956649 0.592734
vt 0.902543 0.716292
vt 0.903503 0.712091
vt 0.905797 0.716142
vt 0.958422 0.590154
vt 0.903886 0.720880
vt 0.907502 0.720714
vt 0.960588 0.586973
vt 0.908551 0.725631
vt 0.963065 0.583313
vt 0.904713 0.725807
vt 0.327205 0.960605
vt 0.961585 0.591845
vt 0.898825 0.716403
vt 0.964776 0.584228
vt 0.899755 0.721004
vt 0.966628 0.579780
vt 0.904993 0.730884
vt 0.900327 0.725939
vt 0.324869 0.957114
vt 0.327205 0.960197
vt 0.968110 0.576211
vt 0.900327 0.736046
vt 0.325735 0.956651
vt 0.899755 0.740830
vt 0.323895 0.952226
vt 0.898825 0.745186
vt 0.902543 0.745074
vt 0.320722 0.944622
vt 0.900736 0.748852
vt 0.900736 0.712218
vt 0.325738 0.951667
vt 0.895266 0.740907
vt 0.324878 0.947352
vt 0.322202 0.948164
vt 0.324127 0.943589
vt 0.894138 0.749005
vt 0.897574 0.748947
vt 0.894138 0.712372
vt 0.897574 0.712313
vt 0.963073 0.588301
vt 0.965017 0.592886
vt 0.895266 0.721081
vt 0.965770 0.589119
vt 0.966634 0.584791
vt 0.900521 0.731018
vt 0.895562 0.726021
vt 0.327205 0.959035
vt 0.968110 0.577380
vt 0.967575 0.580068
vt 0.895562 0.736128
vt 0.894785 0.716473
vt 0.891042 0.721106
vt 0.891029 0.716494
vt 0.968117 0.584937
vt 0.968126 0.589352
vt 0.968111 0.580121
vt 0.895662 0.731102
vt 0.891051 0.726047
vt 0.326674 0.956366
vt 0.327206 0.956313
vt 0.891051 0.736154
vt 0.891053 0.731128
vt 0.891042 0.740932
vt 0.327210 0.951522
vt 0.894785 0.745255
vt 0.327224 0.943284
vt 0.327216 0.947122
vt 0.891029 0.745277
vt 0.891011 0.712390
vt 0.968138 0.593194
vt 0.894885 0.884770
vt 0.899544 0.882850
vt 0.899356 0.884764
vt 0.034511 0.589917
vt 0.038682 0.585584
vt 0.038693 0.589935
vt 0.890949 0.884778
vt 0.895159 0.881991
vt 0.035152 0.593684
vt 0.038708 0.593700
vt 0.038688 0.561304
vt 0.035145 0.557244
vt 0.038701 0.557259
vt 0.892137 0.347979
vt 0.887896 0.345181
vt 0.891865 0.345195
vt 0.038678 0.565862
vt 0.034506 0.561286
vt 0.896549 0.347124
vt 0.896362 0.345206
vt 0.033740 0.570739
vt 0.038673 0.570760
vt 0.901310 0.346192
vt 0.901215 0.345214
vt 0.038671 0.575808
vt 0.904189 0.884761
vt 0.904285 0.883785
vt 0.909198 0.884760
vt 0.906236 0.345219
vt 0.033742 0.580793
vt 0.038674 0.580814
vt 0.029003 0.580730
vt 0.033642 0.575787
vt 0.900103 0.881010
vt 0.034035 0.585564
vt 0.895970 0.879319
vt 0.029571 0.585505
vt 0.891297 0.881241
vt 0.031735 0.593639
vt 0.031728 0.557199
vt 0.892947 0.350657
vt 0.888242 0.348725
vt 0.029567 0.565783
vt 0.034031 0.565842
vt 0.029001 0.570676
vt 0.897108 0.348969
vt 0.904569 0.882847
vt 0.901595 0.347132
vt 0.890950 0.355274
vt 0.889274 0.352133
vt 0.025457 0.565687
vt 0.030488 0.561233
vt 0.894264 0.353125
vt 0.898015 0.350669
vt 0.028810 0.575723
vt 0.024638 0.570574
vt 0.905031 0.881982
vt 0.902057 0.347999
vt 0.024640 0.580628
vt 0.901009 0.879314
vt 0.025461 0.585409
vt 0.897286 0.876857
vt 0.030494 0.589863
vt 0.894004 0.874706
vt 0.892329 0.877840
vt 0.028589 0.593566
vt 0.028582 0.557125
vt 0.021863 0.585280
vt 0.902229 0.877827
vt 0.026795 0.589777
vt 0.896258 0.871959
vt 0.893206 0.358028
vt 0.888199 0.357033
vt 0.891290 0.872944
vt 0.021860 0.565558
vt 0.026789 0.561146
vt 0.899236 0.352159
vt 0.902680 0.348759
vt 0.020467 0.575479
vt 0.024361 0.575619
vt 0.905653 0.881224
vt 0.900724 0.353382
vt 0.896037 0.355289
vt 0.849754 0.725123
vt 0.845080 0.720373
vt 0.848765 0.720247
vt 0.903439 0.349382
vt 0.850077 0.730155
vt 0.845843 0.725257
vt 0.906411 0.880602
vt 0.845809 0.735284
vt 0.849720 0.735150
vt 0.845013 0.740042
vt 0.848698 0.739916
vt 0.899057 0.874699
vt 0.903716 0.876607
vt 0.847050 0.744270
vt 0.899005 0.869705
vt 0.895957 0.360289
vt 0.890853 0.360271
vt 0.847147 0.715714
vt 0.842143 0.711796
vt 0.844963 0.711700
vt 0.903677 0.871611
vt 0.901215 0.872927
vt 0.843734 0.744383
vt 0.840843 0.740129
vt 0.902139 0.868030
vt 0.838827 0.748207
vt 0.842019 0.748140
vt 0.843831 0.715828
vt 0.838951 0.711863
vt 0.898198 0.357065
vt 0.899095 0.361969
vt 0.840910 0.720460
vt 0.900664 0.358385
vt 0.902423 0.354292
vt 0.846088 0.730292
vt 0.841415 0.725349
vt 0.907276 0.880140
vt 0.904305 0.349846
vt 0.841381 0.735376
vt 0.905412 0.875701
vt 0.836414 0.720504
vt 0.904266 0.354852
vt 0.841575 0.730386
vt 0.836643 0.725396
vt 0.908214 0.879856
vt 0.905244 0.350132
vt 0.836609 0.735424
vt 0.907252 0.875142
vt 0.836347 0.740174
vt 0.839981 0.744462
vt 0.905539 0.866998
vt 0.835386 0.748241
vt 0.840078 0.715906
vt 0.835510 0.711896
vt 0.903340 0.359199
vt 0.835935 0.744501
vt 0.831699 0.740174
vt 0.909075 0.866650
vt 0.906349 0.870801
vt 0.831828 0.748241
vt 0.836032 0.715946
vt 0.831952 0.711896
vt 0.906044 0.363355
vt 0.902501 0.363004
vt 0.831766 0.720504
vt 0.906183 0.355042
vt 0.906222 0.350229
vt 0.836708 0.730434
vt 0.831708 0.725396
vt 0.909190 0.879760
vt 0.831674 0.735424
vt 0.909127 0.870527
vt 0.906389 0.355022
vt 0.906428 0.350208
vt 0.831471 0.730432
vt 0.831502 0.725394
vt 0.909402 0.883726
vt 0.906440 0.346255
vt 0.831677 0.730434
vt 0.909372 0.874974
vt 0.909395 0.879780
vt 0.831468 0.735421
vt 0.909166 0.874954
vt 0.909333 0.870548
vt 0.831751 0.744501
vt 0.831493 0.740172
vt 0.909281 0.866671
vt 0.909285 0.866958
vt 0.831545 0.744499
vt 0.831642 0.715944
vt 0.831746 0.711894
vt 0.906250 0.363335
vt 0.906123 0.359474
vt 0.906329 0.359454
vt 0.831848 0.715946
vt 0.831560 0.720502
vt 0.909402 0.884264
vt 0.906441 0.345716
vt 0.909403 0.884452
vt 0.906442 0.345527
vt 0.909403 0.884555
vt 0.906442 0.345425
vt 0.906442 0.345357
vt 0.909403 0.884623
vt 0.909403 0.884675
vt 0.906442 0.345304
vt 0.909403 0.884719
vt 0.906442 0.345260
vt 0.909403 0.884760
vt 0.906442 0.345219
vt 0.909403 0.884801
vt 0.906442 0.345178
vt 0.909403 0.884846
vt 0.906442 0.345133
vt 0.909403 0.884898
vt 0.906442 0.345081
vt 0.909403 0.884966
vt 0.906442 0.345013
vt 0.909403 0.885068
vt 0.906442 0.344910
vt 0.909402 0.885257
vt 0.906442 0.344721
vt 0.909402 0.885795
vt 0.906441 0.344182
vt 0.909189 0.889763
vt 0.909395 0.889743
vt 0.906228 0.340205
vt 0.906434 0.340226
vt 0.849762 0.580473
vt 0.849968 0.575493
vt 0.849968 0.580471
vt 0.909371 0.894556
vt 0.909165 0.894576
vt 0.849737 0.585215
vt 0.849942 0.585213
vt 0.909332 0.898994
vt 0.909127 0.899014
vt 0.849686 0.589539
vt 0.849891 0.589538
vt 0.909280 0.902887
vt 0.909074 0.902908
vt 0.849613 0.593280
vt 0.849818 0.593278
vt 0.849519 0.557036
vt 0.849818 0.561061
vt 0.849613 0.561063
vt 0.906141 0.330931
vt 0.906273 0.327047
vt 0.906347 0.330952
vt 0.849891 0.565598
vt 0.849686 0.565600
vt 0.906196 0.335381
vt 0.906402 0.335402
vt 0.849942 0.570471
vt 0.849737 0.570473
vt 0.849762 0.575495
vt 0.845972 0.557033
vt 0.902524 0.327374
vt 0.906067 0.327027
vt 0.845052 0.565597
vt 0.903358 0.331204
vt 0.904278 0.335569
vt 0.844817 0.570470
vt 0.908214 0.889667
vt 0.905250 0.340301
vt 0.844843 0.580469
vt 0.907252 0.894388
vt 0.845102 0.585212
vt 0.906348 0.898741
vt 0.905538 0.902559
vt 0.846066 0.593277
vt 0.840087 0.580423
vt 0.844746 0.575491
vt 0.907276 0.889382
vt 0.840622 0.585168
vt 0.905411 0.893829
vt 0.845515 0.589536
vt 0.902138 0.901527
vt 0.842637 0.593244
vt 0.845442 0.561060
vt 0.842543 0.557000
vt 0.900681 0.332015
vt 0.840572 0.565553
vt 0.902434 0.336127
vt 0.904310 0.340586
vt 0.840061 0.570423
vt 0.895976 0.330082
vt 0.899116 0.328405
vt 0.836418 0.565470
vt 0.841410 0.561020
vt 0.898213 0.333332
vt 0.903444 0.341049
vt 0.839897 0.575444
vt 0.835652 0.570335
vt 0.906411 0.888920
vt 0.835677 0.580335
vt 0.836469 0.585085
vt 0.901214 0.896613
vt 0.903677 0.897930
vt 0.841483 0.589497
vt 0.899004 0.899852
vt 0.839458 0.593180
vt 0.839364 0.556936
vt 0.903715 0.892922
vt 0.905653 0.888298
vt 0.832801 0.584966
vt 0.902229 0.891702
vt 0.837745 0.589422
vt 0.896257 0.897597
vt 0.893223 0.332340
vt 0.894109 0.327411
vt 0.897169 0.902512
vt 0.832751 0.565351
vt 0.837672 0.560946
vt 0.899245 0.338257
vt 0.900735 0.337035
vt 0.902684 0.341671
vt 0.835401 0.575354
vt 0.831758 0.570209
vt 0.831784 0.580209
vt 0.051934 0.565687
vt 0.053879 0.561030
vt 0.055558 0.565558
vt 0.898022 0.339746
vt 0.896050 0.335106
vt 0.056592 0.570437
vt 0.902061 0.342430
vt 0.056942 0.575479
vt 0.052745 0.570574
vt 0.905031 0.887540
vt 0.052747 0.580628
vt 0.056594 0.580491
vt 0.051938 0.585409
vt 0.055561 0.585280
vt 0.899056 0.894842
vt 0.901009 0.890215
vt 0.053884 0.589661
vt 0.894003 0.894850
vt 0.890963 0.335091
vt 0.890872 0.330065
vt 0.893939 0.899861
vt 0.047808 0.585505
vt 0.895969 0.890221
vt 0.897285 0.892683
vt 0.050623 0.589777
vt 0.892328 0.891715
vt 0.045693 0.593639
vt 0.048854 0.593566
vt 0.050618 0.561146
vt 0.045686 0.557199
vt 0.048847 0.557125
vt 0.894274 0.337267
vt 0.889283 0.338231
vt 0.047805 0.565783
vt 0.892954 0.339734
vt 0.897112 0.341445
vt 0.053019 0.575619
vt 0.048361 0.570676
vt 0.904569 0.886675
vt 0.901597 0.343297
vt 0.048363 0.580730
vt 0.900102 0.888519
vt 0.892141 0.342411
vt 0.043329 0.565842
vt 0.896552 0.343288
vt 0.048550 0.575723
vt 0.043610 0.570739
vt 0.904285 0.885737
vt 0.901312 0.344237
vt 0.043612 0.580792
vt 0.899544 0.886678
vt 0.043332 0.585564
vt 0.895159 0.887549
vt 0.046907 0.589863
vt 0.891297 0.888314
vt 0.042267 0.593684
vt 0.046901 0.561233
vt 0.042260 0.557244
vt 0.888247 0.341638
vt 0.042879 0.589917
vt 0.042873 0.561286
vt 0.043705 0.575787
vt 0.892192 0.115957
vt 0.896851 0.114037
vt 0.896662 0.115951
vt 0.647659 0.589507
vt 0.651829 0.585174
vt 0.651840 0.589525
vt 0.888255 0.115964
vt 0.892466 0.113178
vt 0.651855 0.593290
vt 0.647653 0.560876
vt 0.651848 0.556849
vt 0.651835 0.560894
vt 0.835709 0.887601
vt 0.831468 0.884802
vt 0.835437 0.884817
vt 0.651825 0.565452
vt 0.840121 0.886747
vt 0.839934 0.884829
vt 0.646887 0.570329
vt 0.651820 0.570350
vt 0.844882 0.885815
vt 0.844787 0.884838
vt 0.651819 0.575399
vt 0.901495 0.115948
vt 0.901591 0.114972
vt 0.906504 0.115947
vt 0.849809 0.884843
vt 0.646889 0.580383
vt 0.651822 0.580404
vt 0.642150 0.580320
vt 0.646789 0.575377
vt 0.901876 0.114034
vt 0.647183 0.585154
vt 0.893276 0.110506
vt 0.643641 0.589454
vt 0.889635 0.109027
vt 0.888604 0.112428
vt 0.644882 0.593229
vt 0.648299 0.593275
vt 0.644875 0.556789
vt 0.648292 0.556834
vt 0.832845 0.891755
vt 0.831814 0.888346
vt 0.647179 0.565432
vt 0.643636 0.560823
vt 0.836518 0.890279
vt 0.642148 0.570266
vt 0.845167 0.886756
vt 0.837835 0.892748
vt 0.638605 0.565278
vt 0.642715 0.565373
vt 0.840679 0.888591
vt 0.841586 0.890291
vt 0.641957 0.575313
vt 0.637785 0.570164
vt 0.902338 0.113169
vt 0.845629 0.887622
vt 0.637787 0.580218
vt 0.898316 0.110500
vt 0.897409 0.112196
vt 0.638609 0.584999
vt 0.642718 0.585095
vt 0.894592 0.108043
vt 0.639942 0.589367
vt 0.639937 0.560736
vt 0.635011 0.584870
vt 0.899536 0.109014
vt 0.891310 0.105893
vt 0.896364 0.105885
vt 0.834520 0.894896
vt 0.834423 0.899893
vt 0.831770 0.896655
vt 0.891247 0.100901
vt 0.888596 0.104131
vt 0.839608 0.894911
vt 0.635007 0.565149
vt 0.842807 0.891782
vt 0.846251 0.888382
vt 0.633614 0.575070
vt 0.637509 0.575209
vt 0.902960 0.112411
vt 0.841768 0.896688
vt 0.849754 0.802599
vt 0.845080 0.797849
vt 0.848765 0.797722
vt 0.847010 0.889006
vt 0.846089 0.807767
vt 0.850077 0.807631
vt 0.903718 0.111789
vt 0.849720 0.812626
vt 0.845013 0.817518
vt 0.848698 0.817392
vt 0.898522 0.104114
vt 0.843734 0.821859
vt 0.847050 0.821745
vt 0.896312 0.100892
vt 0.893565 0.103146
vt 0.839527 0.899911
vt 0.836777 0.897650
vt 0.847147 0.793190
vt 0.842143 0.789272
vt 0.844963 0.789175
vt 0.843831 0.793303
vt 0.900984 0.102798
vt 0.901023 0.107794
vt 0.840843 0.817605
vt 0.838827 0.825682
vt 0.842019 0.825616
vt 0.838951 0.789338
vt 0.844234 0.898008
vt 0.840910 0.797935
vt 0.844295 0.893005
vt 0.845843 0.802732
vt 0.845994 0.893915
vt 0.841415 0.802825
vt 0.904583 0.111327
vt 0.847876 0.889470
vt 0.841381 0.812852
vt 0.845809 0.812760
vt 0.902719 0.106887
vt 0.836414 0.797980
vt 0.847837 0.894476
vt 0.841575 0.807861
vt 0.836643 0.802872
vt 0.905521 0.111042
vt 0.848816 0.889755
vt 0.836609 0.812899
vt 0.904559 0.106329
vt 0.836347 0.817649
vt 0.839981 0.821937
vt 0.899445 0.099216
vt 0.903656 0.101988
vt 0.835386 0.825716
vt 0.840078 0.793381
vt 0.835510 0.789372
vt 0.846910 0.898822
vt 0.842665 0.901592
vt 0.835935 0.821977
vt 0.831699 0.817649
vt 0.906382 0.097837
vt 0.902846 0.098185
vt 0.831751 0.821977
vt 0.831848 0.793421
vt 0.836032 0.793421
vt 0.849613 0.902979
vt 0.846071 0.902628
vt 0.831766 0.797980
vt 0.849693 0.899098
vt 0.849793 0.889852
vt 0.831677 0.807909
vt 0.836708 0.807909
vt 0.906496 0.110946
vt 0.831674 0.812899
vt 0.906434 0.101714
vt 0.849960 0.894646
vt 0.849999 0.889832
vt 0.831708 0.802872
vt 0.831471 0.807907
vt 0.831502 0.802870
vt 0.906708 0.114913
vt 0.850011 0.885879
vt 0.906678 0.106161
vt 0.906702 0.110967
vt 0.831468 0.812897
vt 0.906473 0.106141
vt 0.906640 0.101734
vt 0.831493 0.817647
vt 0.906588 0.097857
vt 0.831828 0.825716
vt 0.831545 0.821975
vt 0.831952 0.789372
vt 0.831642 0.793419
vt 0.831746 0.789370
vt 0.849899 0.899078
vt 0.849842 0.901873
vt 0.831560 0.797978
vt 0.849754 0.894666
vt 0.906709 0.115450
vt 0.850013 0.885340
vt 0.906709 0.115639
vt 0.850014 0.885151
vt 0.906709 0.115741
vt 0.850014 0.885049
vt 0.850014 0.884980
vt 0.906710 0.115809
vt 0.906710 0.115862
vt 0.850014 0.884928
vt 0.906710 0.115906
vt 0.850014 0.884884
vt 0.906710 0.115947
vt 0.850014 0.884843
vt 0.906710 0.115988
vt 0.850014 0.884802
vt 0.906710 0.116032
vt 0.850014 0.884757
vt 0.906710 0.116084
vt 0.850014 0.884705
vt 0.906709 0.116153
vt 0.850014 0.884637
vt 0.906709 0.116255
vt 0.850014 0.884534
vt 0.906709 0.116444
vt 0.850014 0.884345
vt 0.906708 0.116981
vt 0.850013 0.883806
vt 0.906496 0.120950
vt 0.906702 0.120929
vt 0.849801 0.879829
vt 0.850007 0.879850
vt 0.327845 0.889543
vt 0.328051 0.884564
vt 0.328051 0.889541
vt 0.906678 0.125743
vt 0.906472 0.125763
vt 0.327819 0.894285
vt 0.328025 0.894283
vt 0.906639 0.130181
vt 0.906433 0.130201
vt 0.327769 0.898610
vt 0.327974 0.898608
vt 0.906587 0.134074
vt 0.906381 0.134094
vt 0.327695 0.902350
vt 0.327901 0.902348
vt 0.327901 0.870131
vt 0.327602 0.866106
vt 0.327807 0.866104
vt 0.849715 0.870555
vt 0.849847 0.866671
vt 0.849921 0.870575
vt 0.327695 0.870133
vt 0.327974 0.874668
vt 0.327769 0.874670
vt 0.849769 0.875005
vt 0.849975 0.875025
vt 0.328025 0.879542
vt 0.327819 0.879543
vt 0.327845 0.884565
vt 0.323525 0.870130
vt 0.846931 0.870827
vt 0.849641 0.866650
vt 0.323135 0.874667
vt 0.847852 0.875193
vt 0.322900 0.879540
vt 0.905520 0.120853
vt 0.848823 0.879925
vt 0.322926 0.889540
vt 0.904558 0.125574
vt 0.323185 0.894282
vt 0.903655 0.129927
vt 0.323598 0.898607
vt 0.318170 0.889493
vt 0.322829 0.884562
vt 0.904582 0.120569
vt 0.318705 0.894238
vt 0.900983 0.129116
vt 0.899444 0.132714
vt 0.902845 0.133746
vt 0.320720 0.902314
vt 0.324148 0.902348
vt 0.320626 0.866070
vt 0.324055 0.866104
vt 0.842691 0.868028
vt 0.846098 0.866997
vt 0.318655 0.874623
vt 0.844254 0.871638
vt 0.847883 0.880210
vt 0.318144 0.879493
vt 0.839550 0.869705
vt 0.314501 0.874540
vt 0.319493 0.870091
vt 0.844308 0.876658
vt 0.846008 0.875751
vt 0.847017 0.880672
vt 0.317980 0.884514
vt 0.313734 0.879405
vt 0.903718 0.120107
vt 0.313760 0.889405
vt 0.902718 0.125016
vt 0.314552 0.894155
vt 0.901022 0.124109
vt 0.319566 0.898567
vt 0.896311 0.131038
vt 0.317541 0.902251
vt 0.317447 0.866007
vt 0.899536 0.122889
vt 0.310884 0.894037
vt 0.896363 0.126029
vt 0.898521 0.127800
vt 0.315828 0.898493
vt 0.893564 0.128783
vt 0.836796 0.871962
vt 0.837684 0.867033
vt 0.894476 0.133699
vt 0.841787 0.872955
vt 0.310833 0.874421
vt 0.315755 0.870016
vt 0.839623 0.874728
vt 0.842818 0.877880
vt 0.313484 0.884425
vt 0.309841 0.879279
vt 0.902960 0.119484
vt 0.846257 0.881295
vt 0.309867 0.889279
vt 0.665081 0.565278
vt 0.667026 0.560620
vt 0.668705 0.565149
vt 0.837847 0.876890
vt 0.669739 0.570027
vt 0.841594 0.879368
vt 0.670089 0.575070
vt 0.665892 0.570164
vt 0.902338 0.118727
vt 0.845633 0.882054
vt 0.665894 0.580218
vt 0.669741 0.580081
vt 0.898316 0.121402
vt 0.665085 0.584999
vt 0.668709 0.584870
vt 0.894592 0.123870
vt 0.667032 0.589251
vt 0.891310 0.126036
vt 0.831788 0.872922
vt 0.834446 0.869687
vt 0.888596 0.127817
vt 0.891246 0.131048
vt 0.834536 0.874713
vt 0.660956 0.585095
vt 0.897409 0.119706
vt 0.663770 0.589367
vt 0.889635 0.122902
vt 0.658840 0.593229
vt 0.662001 0.593156
vt 0.663765 0.560736
vt 0.658834 0.556789
vt 0.661994 0.556716
vt 0.832855 0.877852
vt 0.660952 0.565373
vt 0.840685 0.881067
vt 0.845169 0.882920
vt 0.666167 0.575209
vt 0.661509 0.570266
vt 0.901876 0.117862
vt 0.661511 0.580320
vt 0.835713 0.882033
vt 0.836527 0.879356
vt 0.656757 0.570329
vt 0.844884 0.883860
vt 0.661697 0.575313
vt 0.901591 0.116923
vt 0.656759 0.580383
vt 0.656480 0.585154
vt 0.892466 0.118735
vt 0.893276 0.121407
vt 0.660054 0.589454
vt 0.888604 0.119501
vt 0.656026 0.589507
vt 0.656020 0.560876
vt 0.660049 0.560823
vt 0.831819 0.881259
vt 0.656476 0.565433
vt 0.655415 0.593275
vt 0.655408 0.556834
vt 0.840124 0.882911
vt 0.656852 0.575377
vt 0.896851 0.117865
vt 0.892646 0.265172
vt 0.896842 0.267947
vt 0.892372 0.267951
vt 0.341056 0.589797
vt 0.345227 0.585464
vt 0.345238 0.589815
vt 0.888435 0.267958
vt 0.345253 0.593580
vt 0.341051 0.561166
vt 0.345246 0.557140
vt 0.345233 0.561184
vt 0.408771 0.887497
vt 0.404531 0.884697
vt 0.408500 0.884713
vt 0.345223 0.565743
vt 0.413184 0.886644
vt 0.412997 0.884726
vt 0.340285 0.570619
vt 0.345218 0.570640
vt 0.417945 0.885714
vt 0.417850 0.884737
vt 0.340187 0.575667
vt 0.345216 0.575689
vt 0.901675 0.267944
vt 0.901771 0.266969
vt 0.906684 0.267945
vt 0.422872 0.884744
vt 0.345220 0.580694
vt 0.340287 0.580673
vt 0.335355 0.575603
vt 0.897031 0.266033
vt 0.902056 0.266031
vt 0.340580 0.585444
vt 0.335548 0.580610
vt 0.893458 0.262501
vt 0.337039 0.589744
vt 0.888785 0.264421
vt 0.341697 0.593565
vt 0.337033 0.561113
vt 0.341690 0.557125
vt 0.409580 0.890175
vt 0.404876 0.888241
vt 0.340576 0.565723
vt 0.335546 0.570557
vt 0.418229 0.886655
vt 0.410895 0.892644
vt 0.405905 0.891649
vt 0.336112 0.565664
vt 0.333334 0.561027
vt 0.413741 0.888489
vt 0.331183 0.570455
vt 0.414647 0.890189
vt 0.330906 0.575500
vt 0.902519 0.265166
vt 0.418691 0.887522
vt 0.898497 0.262496
vt 0.897590 0.264192
vt 0.336116 0.585385
vt 0.331185 0.580509
vt 0.894774 0.260038
vt 0.333340 0.589658
vt 0.889817 0.261021
vt 0.338280 0.593520
vt 0.338273 0.557079
vt 0.328408 0.585160
vt 0.332006 0.585289
vt 0.899718 0.261010
vt 0.891493 0.257887
vt 0.896546 0.257881
vt 0.407580 0.894792
vt 0.407480 0.899789
vt 0.404829 0.896549
vt 0.891431 0.252895
vt 0.888779 0.256124
vt 0.412667 0.894809
vt 0.328405 0.565439
vt 0.332002 0.565568
vt 0.415868 0.891680
vt 0.419313 0.888282
vt 0.327012 0.575360
vt 0.903141 0.264408
vt 0.414827 0.896586
vt 0.574497 0.879265
vt 0.569823 0.874515
vt 0.573508 0.874389
vt 0.417355 0.892904
vt 0.570831 0.884433
vt 0.574819 0.884297
vt 0.903899 0.263786
vt 0.420072 0.888906
vt 0.574463 0.889292
vt 0.901205 0.259790
vt 0.569756 0.894184
vt 0.573441 0.894058
vt 0.898705 0.256110
vt 0.571792 0.898412
vt 0.896495 0.252887
vt 0.893748 0.255141
vt 0.412584 0.899808
vt 0.409835 0.897547
vt 0.571890 0.869856
vt 0.566885 0.865938
vt 0.569705 0.865841
vt 0.902901 0.258884
vt 0.568476 0.898525
vt 0.565586 0.894271
vt 0.899630 0.251213
vt 0.566762 0.902282
vt 0.564723 0.898603
vt 0.564821 0.870048
vt 0.568574 0.869969
vt 0.415722 0.901490
vt 0.565653 0.874601
vt 0.419054 0.893815
vt 0.570585 0.879399
vt 0.420937 0.889370
vt 0.566158 0.879491
vt 0.904764 0.263325
vt 0.566124 0.889518
vt 0.570551 0.889426
vt 0.561157 0.874646
vt 0.421877 0.889656
vt 0.561451 0.884575
vt 0.566317 0.884527
vt 0.905702 0.263040
vt 0.561351 0.889565
vt 0.561090 0.894315
vt 0.903839 0.253985
vt 0.901167 0.254795
vt 0.560677 0.898643
vt 0.560129 0.902382
vt 0.563570 0.902348
vt 0.560253 0.866038
vt 0.563694 0.866004
vt 0.419968 0.898722
vt 0.417293 0.897907
vt 0.560774 0.870087
vt 0.556494 0.898643
vt 0.906567 0.249835
vt 0.903030 0.250182
vt 0.556591 0.870088
vt 0.422670 0.902880
vt 0.419127 0.902527
vt 0.556508 0.874646
vt 0.420896 0.894376
vt 0.422751 0.898999
vt 0.561385 0.879538
vt 0.422814 0.894567
vt 0.556419 0.884575
vt 0.906678 0.262944
vt 0.422854 0.889753
vt 0.556416 0.889565
vt 0.906655 0.258139
vt 0.904741 0.258327
vt 0.556441 0.894315
vt 0.906618 0.253712
vt 0.423020 0.894547
vt 0.423060 0.889733
vt 0.556450 0.879538
vt 0.556213 0.884573
vt 0.556245 0.879536
vt 0.906889 0.266911
vt 0.423074 0.885780
vt 0.906861 0.258159
vt 0.906883 0.262965
vt 0.556210 0.889563
vt 0.906823 0.253733
vt 0.556235 0.894313
vt 0.906772 0.249855
vt 0.556571 0.902382
vt 0.556288 0.898641
vt 0.556695 0.866038
vt 0.556385 0.870086
vt 0.556489 0.866036
vt 0.422876 0.902860
vt 0.422957 0.898979
vt 0.556302 0.874644
vt 0.906889 0.267448
vt 0.423076 0.885241
vt 0.906889 0.267637
vt 0.423077 0.885052
vt 0.906889 0.267739
vt 0.423077 0.884950
vt 0.423077 0.884882
vt 0.906890 0.267808
vt 0.906890 0.267860
vt 0.423077 0.884829
vt 0.906890 0.267904
vt 0.423077 0.884785
vt 0.906890 0.267945
vt 0.423077 0.884744
vt 0.906890 0.267986
vt 0.423078 0.884703
vt 0.906890 0.268030
vt 0.423078 0.884658
vt 0.906889 0.268082
vt 0.423078 0.884606
vt 0.906889 0.268151
vt 0.423078 0.884538
vt 0.906889 0.268253
vt 0.423077 0.884435
vt 0.906889 0.268442
vt 0.423077 0.884246
vt 0.906888 0.268980
vt 0.423077 0.883707
vt 0.906675 0.272948
vt 0.906880 0.272928
vt 0.422866 0.879730
vt 0.423072 0.879751
vt 0.651945 0.889586
vt 0.652150 0.884607
vt 0.652150 0.889585
vt 0.906855 0.277741
vt 0.906649 0.277761
vt 0.651919 0.894329
vt 0.652125 0.894327
vt 0.906815 0.282179
vt 0.906609 0.282199
vt 0.651869 0.898653
vt 0.652074 0.898651
vt 0.906762 0.286072
vt 0.906556 0.286092
vt 0.651795 0.902394
vt 0.652001 0.902392
vt 0.651702 0.866150
vt 0.652001 0.870175
vt 0.651795 0.870176
vt 0.422784 0.870456
vt 0.422917 0.866572
vt 0.422990 0.870476
vt 0.652074 0.874712
vt 0.651869 0.874714
vt 0.422836 0.874906
vt 0.423042 0.874927
vt 0.652125 0.879585
vt 0.651919 0.879587
vt 0.651945 0.884609
vt 0.647625 0.870174
vt 0.420000 0.870727
vt 0.422711 0.866551
vt 0.420918 0.875093
vt 0.647234 0.874711
vt 0.647000 0.879584
vt 0.905699 0.272851
vt 0.421888 0.879826
vt 0.647026 0.889583
vt 0.904736 0.277572
vt 0.647285 0.894326
vt 0.647698 0.898650
vt 0.903831 0.281925
vt 0.642270 0.889537
vt 0.646929 0.884605
vt 0.902896 0.277013
vt 0.901160 0.281113
vt 0.642805 0.894282
vt 0.899620 0.284710
vt 0.903020 0.285743
vt 0.648248 0.902391
vt 0.643666 0.898611
vt 0.643593 0.870134
vt 0.648155 0.866147
vt 0.415760 0.867927
vt 0.419168 0.866897
vt 0.642755 0.874667
vt 0.417322 0.871537
vt 0.642244 0.879537
vt 0.419074 0.875650
vt 0.904761 0.272566
vt 0.420948 0.880110
vt 0.414854 0.872853
vt 0.639855 0.870060
vt 0.417374 0.876557
vt 0.638601 0.874584
vt 0.420081 0.880572
vt 0.642080 0.884558
vt 0.637834 0.879449
vt 0.903897 0.272104
vt 0.637860 0.889449
vt 0.638652 0.894199
vt 0.901200 0.276106
vt 0.639928 0.898536
vt 0.898698 0.279796
vt 0.641641 0.902294
vt 0.644820 0.902358
vt 0.641547 0.866050
vt 0.644726 0.866114
vt 0.899714 0.274885
vt 0.634984 0.894080
vt 0.896540 0.278024
vt 0.893741 0.280778
vt 0.896487 0.283034
vt 0.412619 0.869602
vt 0.407514 0.869582
vt 0.410753 0.866929
vt 0.891422 0.283042
vt 0.894651 0.285694
vt 0.409864 0.871858
vt 0.634933 0.874465
vt 0.412690 0.874626
vt 0.415883 0.877778
vt 0.637584 0.884468
vt 0.633941 0.879323
vt 0.903139 0.271482
vt 0.419321 0.881195
vt 0.633967 0.889323
vt 0.358479 0.565568
vt 0.360424 0.560911
vt 0.362103 0.565439
vt 0.410913 0.876786
vt 0.363137 0.570318
vt 0.414659 0.879266
vt 0.363487 0.575360
vt 0.359290 0.570455
vt 0.902517 0.270724
vt 0.418697 0.881953
vt 0.359292 0.580509
vt 0.363139 0.580372
vt 0.898494 0.273398
vt 0.358483 0.585289
vt 0.362107 0.585160
vt 0.894770 0.275865
vt 0.360429 0.589542
vt 0.891487 0.278030
vt 0.404855 0.872816
vt 0.888772 0.279811
vt 0.407603 0.874608
vt 0.354353 0.585385
vt 0.893454 0.273402
vt 0.357168 0.589658
vt 0.355399 0.593446
vt 0.353452 0.589744
vt 0.353446 0.561113
vt 0.355392 0.557006
vt 0.357163 0.561027
vt 0.409592 0.879252
vt 0.354350 0.565664
vt 0.413749 0.880965
vt 0.359564 0.575500
vt 0.354906 0.570557
vt 0.902055 0.269859
vt 0.418233 0.882819
vt 0.354908 0.580610
vt 0.897588 0.271701
vt 0.408777 0.881929
vt 0.350155 0.570619
vt 0.417947 0.883759
vt 0.355095 0.575603
vt 0.901771 0.268920
vt 0.350157 0.580673
vt 0.892645 0.270730
vt 0.349424 0.589797
vt 0.889813 0.274896
vt 0.348812 0.593565
vt 0.352238 0.593520
vt 0.348805 0.557125
vt 0.352231 0.557079
vt 0.405921 0.877747
vt 0.349418 0.561166
vt 0.349877 0.585444
vt 0.888783 0.271495
vt 0.404884 0.881154
vt 0.349874 0.565723
vt 0.413188 0.882809
vt 0.350250 0.575667
vt 0.897030 0.269861
vt 0.894728 0.497322
vt 0.899386 0.495401
vt 0.899198 0.497315
vt 0.263647 0.589797
vt 0.267818 0.585464
vt 0.267829 0.589815
vt 0.890791 0.497331
vt 0.895001 0.494544
vt 0.264288 0.593565
vt 0.267844 0.593580
vt 0.267824 0.561184
vt 0.264281 0.557125
vt 0.267837 0.557140
vt 0.179712 0.887527
vt 0.175471 0.884728
vt 0.179440 0.884743
vt 0.267814 0.565743
vt 0.263642 0.561166
vt 0.184124 0.886673
vt 0.183937 0.884755
vt 0.262876 0.570619
vt 0.267809 0.570641
vt 0.188886 0.885742
vt 0.188790 0.884764
vt 0.262778 0.575667
vt 0.267808 0.575689
vt 0.904031 0.497310
vt 0.904127 0.496334
vt 0.909040 0.497308
vt 0.193812 0.884770
vt 0.267811 0.580694
vt 0.262878 0.580673
vt 0.258139 0.580610
vt 0.899944 0.493560
vt 0.263171 0.585444
vt 0.259630 0.589744
vt 0.891138 0.493795
vt 0.895810 0.491871
vt 0.259624 0.561113
vt 0.180521 0.890205
vt 0.175817 0.888272
vt 0.263168 0.565723
vt 0.184682 0.888518
vt 0.258137 0.570557
vt 0.904411 0.495396
vt 0.189170 0.886683
vt 0.178523 0.894822
vt 0.176847 0.891680
vt 0.258704 0.565664
vt 0.255926 0.561027
vt 0.185589 0.890218
vt 0.253774 0.570455
vt 0.189632 0.887549
vt 0.257946 0.575603
vt 0.904873 0.494531
vt 0.253776 0.580509
vt 0.258707 0.585385
vt 0.900850 0.491864
vt 0.255931 0.589658
vt 0.893843 0.487259
vt 0.892169 0.490394
vt 0.260871 0.593520
vt 0.260864 0.557079
vt 0.254597 0.585289
vt 0.249956 0.580372
vt 0.898896 0.487250
vt 0.897126 0.489408
vt 0.252693 0.589542
vt 0.896096 0.484511
vt 0.180778 0.897576
vt 0.175772 0.896580
vt 0.891128 0.485498
vt 0.181837 0.892674
vt 0.254594 0.565568
vt 0.252688 0.560911
vt 0.183610 0.894838
vt 0.249954 0.570318
vt 0.190254 0.888309
vt 0.253498 0.575500
vt 0.905495 0.493773
vt 0.186810 0.891709
vt 0.185770 0.896614
vt 0.785799 0.879391
vt 0.788721 0.874381
vt 0.789710 0.879257
vt 0.188298 0.892932
vt 0.786044 0.884426
vt 0.790033 0.884289
vt 0.906252 0.493151
vt 0.191013 0.888933
vt 0.785765 0.889418
vt 0.789676 0.889284
vt 0.903556 0.489156
vt 0.902069 0.490377
vt 0.788654 0.894050
vt 0.901054 0.485478
vt 0.787006 0.898404
vt 0.784969 0.894176
vt 0.898842 0.482256
vt 0.183528 0.899837
vt 0.178424 0.899819
vt 0.787103 0.869848
vt 0.782099 0.865930
vt 0.784919 0.865834
vt 0.785036 0.874507
vt 0.905251 0.488249
vt 0.783690 0.898517
vt 0.780799 0.894263
vt 0.903515 0.484161
vt 0.778783 0.902341
vt 0.781975 0.902274
vt 0.783787 0.869962
vt 0.778907 0.865997
vt 0.188236 0.897935
vt 0.780866 0.874594
vt 0.189996 0.893842
vt 0.191879 0.889397
vt 0.781371 0.879483
vt 0.907117 0.492689
vt 0.781337 0.889511
vt 0.776370 0.874638
vt 0.191839 0.894403
vt 0.781531 0.884520
vt 0.776599 0.879530
vt 0.908055 0.492404
vt 0.192818 0.889683
vt 0.776565 0.889557
vt 0.907091 0.487691
vt 0.776303 0.894308
vt 0.906187 0.483349
vt 0.779937 0.898596
vt 0.905376 0.479547
vt 0.901976 0.480580
vt 0.775891 0.898635
vt 0.775988 0.870080
vt 0.780034 0.870040
vt 0.190072 0.902555
vt 0.186666 0.901518
vt 0.190912 0.898749
vt 0.771655 0.894308
vt 0.908912 0.479198
vt 0.771784 0.902375
vt 0.775342 0.902375
vt 0.771908 0.866030
vt 0.775466 0.866030
vt 0.193614 0.902907
vt 0.771722 0.874638
vt 0.193756 0.894594
vt 0.193796 0.889780
vt 0.776664 0.884568
vt 0.771664 0.879530
vt 0.909030 0.492307
vt 0.771630 0.889557
vt 0.909005 0.487502
vt 0.193962 0.894574
vt 0.194002 0.889760
vt 0.771427 0.884566
vt 0.771458 0.879528
vt 0.909244 0.496273
vt 0.194015 0.885807
vt 0.771633 0.884568
vt 0.909211 0.487522
vt 0.909236 0.492327
vt 0.771424 0.889556
vt 0.909171 0.483095
vt 0.771707 0.898635
vt 0.771449 0.894306
vt 0.908965 0.483075
vt 0.909118 0.479218
vt 0.771501 0.898633
vt 0.771598 0.870078
vt 0.771702 0.866028
vt 0.193820 0.902887
vt 0.193695 0.899026
vt 0.193901 0.899006
vt 0.771804 0.870080
vt 0.771516 0.874636
vt 0.909245 0.496811
vt 0.194017 0.885268
vt 0.909245 0.497000
vt 0.194017 0.885079
vt 0.909245 0.497102
vt 0.194017 0.884977
vt 0.194018 0.884908
vt 0.909245 0.497170
vt 0.909245 0.497222
vt 0.194018 0.884856
vt 0.909246 0.497267
vt 0.194018 0.884812
vt 0.909246 0.497308
vt 0.194018 0.884770
vt 0.909246 0.497349
vt 0.194018 0.884729
vt 0.909246 0.497393
vt 0.194018 0.884685
vt 0.909246 0.497445
vt 0.194018 0.884633
vt 0.909245 0.497514
vt 0.194018 0.884564
vt 0.909245 0.497616
vt 0.194018 0.884462
vt 0.909245 0.497805
vt 0.194017 0.884273
vt 0.909245 0.498342
vt 0.194017 0.883734
vt 0.909034 0.502311
vt 0.909239 0.502290
vt 0.193805 0.879757
vt 0.194011 0.879777
vt 0.846872 0.044003
vt 0.847077 0.039024
vt 0.847077 0.044002
vt 0.909217 0.507103
vt 0.909011 0.507124
vt 0.846846 0.048746
vt 0.847052 0.048744
vt 0.909180 0.511542
vt 0.908974 0.511562
vt 0.846796 0.053070
vt 0.847001 0.053068
vt 0.909129 0.515435
vt 0.908923 0.515455
vt 0.846722 0.056810
vt 0.846927 0.056809
vt 0.846629 0.020567
vt 0.846927 0.024592
vt 0.846722 0.024593
vt 0.193647 0.866578
vt 0.193853 0.866598
vt 0.193858 0.866888
vt 0.847001 0.029129
vt 0.846796 0.029131
vt 0.193774 0.874933
vt 0.193927 0.870503
vt 0.193980 0.874953
vt 0.847052 0.034002
vt 0.846846 0.034004
vt 0.846872 0.039026
vt 0.843082 0.020564
vt 0.193721 0.870483
vt 0.190104 0.866924
vt 0.842161 0.029127
vt 0.191856 0.875120
vt 0.192827 0.879853
vt 0.841927 0.034000
vt 0.908058 0.502215
vt 0.841952 0.044000
vt 0.842212 0.048742
vt 0.907097 0.506936
vt 0.905387 0.515108
vt 0.843175 0.056808
vt 0.837007 0.038975
vt 0.841856 0.039022
vt 0.905257 0.506378
vt 0.837732 0.048699
vt 0.903524 0.510479
vt 0.906196 0.511289
vt 0.842625 0.053067
vt 0.901986 0.514077
vt 0.839746 0.056774
vt 0.842551 0.024591
vt 0.839653 0.020531
vt 0.188260 0.871565
vt 0.190937 0.870755
vt 0.837681 0.029084
vt 0.190012 0.875678
vt 0.907120 0.501930
vt 0.191887 0.880137
vt 0.183555 0.869631
vt 0.186696 0.867955
vt 0.833528 0.029001
vt 0.838520 0.024551
vt 0.188312 0.876585
vt 0.837171 0.033954
vt 0.191021 0.880599
vt 0.832761 0.033866
vt 0.906255 0.501468
vt 0.832787 0.043865
vt 0.837196 0.043953
vt 0.833578 0.048616
vt 0.903561 0.505472
vt 0.834855 0.052953
vt 0.838593 0.053028
vt 0.898852 0.512403
vt 0.836567 0.056711
vt 0.836474 0.020467
vt 0.902074 0.504252
vt 0.829911 0.048497
vt 0.898902 0.507393
vt 0.901061 0.509164
vt 0.831554 0.052846
vt 0.896104 0.510149
vt 0.180802 0.871888
vt 0.181689 0.866959
vt 0.897018 0.515064
vt 0.185792 0.872881
vt 0.831481 0.024370
vt 0.834781 0.024476
vt 0.183628 0.874655
vt 0.829860 0.028882
vt 0.186822 0.877806
vt 0.832511 0.038885
vt 0.828868 0.033740
vt 0.905497 0.500847
vt 0.190261 0.881222
vt 0.828894 0.043739
vt 0.281070 0.565568
vt 0.283015 0.560911
vt 0.284694 0.565439
vt 0.185598 0.879295
vt 0.285728 0.570318
vt 0.189637 0.881981
vt 0.286078 0.575360
vt 0.281881 0.570455
vt 0.904875 0.500089
vt 0.281883 0.580509
vt 0.285730 0.580372
vt 0.281074 0.585289
vt 0.284698 0.585160
vt 0.900853 0.502766
vt 0.283021 0.589542
vt 0.893849 0.507402
vt 0.175793 0.872847
vt 0.178451 0.869613
vt 0.891136 0.509184
vt 0.893787 0.512414
vt 0.178541 0.874639
vt 0.277499 0.580610
vt 0.895814 0.502773
vt 0.897130 0.505235
vt 0.276043 0.589744
vt 0.279759 0.589658
vt 0.892173 0.504269
vt 0.277990 0.593446
vt 0.276038 0.561113
vt 0.277983 0.557006
vt 0.279754 0.561027
vt 0.181852 0.876816
vt 0.176860 0.877778
vt 0.180531 0.879282
vt 0.277497 0.570557
vt 0.189173 0.882847
vt 0.282155 0.575500
vt 0.904412 0.499224
vt 0.184689 0.880994
vt 0.179717 0.881959
vt 0.272746 0.570619
vt 0.276941 0.565664
vt 0.184128 0.882837
vt 0.277686 0.575603
vt 0.904127 0.498286
vt 0.188887 0.883787
vt 0.272748 0.580673
vt 0.899388 0.499229
vt 0.899946 0.501070
vt 0.276945 0.585385
vt 0.895002 0.500101
vt 0.272015 0.589797
vt 0.274829 0.593520
vt 0.272009 0.561166
vt 0.274822 0.557079
vt 0.272469 0.585444
vt 0.891141 0.500868
vt 0.271404 0.593565
vt 0.271397 0.557125
vt 0.175823 0.881184
vt 0.272465 0.565723
vt 0.272841 0.575667
vt 0.079619 0.077553
vt 0.080067 0.077184
vt 0.098045 0.098184
vt 0.095119 0.101756
vt 0.075552 0.079734
vt 0.092945 0.105830
vt 0.071138 0.081080
vt 0.091606 0.110249
vt 0.066548 0.081539
vt 0.091360 0.112750
vt 0.061958 0.081093
vt 0.091259 0.113817
vt 0.057544 0.079759
vt 0.091606 0.119356
vt 0.091226 0.114192
vt 0.091211 0.114395
vt 0.053477 0.077589
vt 0.020467 0.209075
vt 0.091202 0.114530
vt 0.091197 0.114634
vt 0.049912 0.074665
vt 0.091195 0.114722
vt 0.091194 0.114803
vt 0.091195 0.114884
vt 0.091197 0.114972
vt 0.091202 0.115076
vt 0.091211 0.115211
vt 0.091226 0.115414
vt 0.091259 0.115789
vt 0.091360 0.116856
vt 0.092945 0.123771
vt 0.095119 0.127839
vt 0.098045 0.131403
vt 0.127753 0.134291
vt 0.128201 0.133922
vt 0.145952 0.154922
vt 0.143026 0.158494
vt 0.123685 0.136472
vt 0.140852 0.162568
vt 0.119271 0.137818
vt 0.139513 0.166987
vt 0.114681 0.138277
vt 0.139267 0.169488
vt 0.110091 0.137831
vt 0.139166 0.170555
vt 0.105678 0.136497
vt 0.139513 0.176094
vt 0.139133 0.170930
vt 0.139117 0.171132
vt 0.101610 0.134326
vt 0.139109 0.171268
vt 0.139104 0.171372
vt 0.139102 0.171460
vt 0.139101 0.171541
vt 0.139102 0.171622
vt 0.139104 0.171710
vt 0.139109 0.171814
vt 0.139117 0.171949
vt 0.139133 0.172152
vt 0.139166 0.172527
vt 0.139267 0.173593
vt 0.140852 0.180509
vt 0.143026 0.184577
vt 0.145952 0.188141
vt 0.049443 0.042018
vt 0.046986 0.045019
vt 0.179225 0.188095
vt 0.179693 0.187524
vt 0.175659 0.191028
vt 0.044811 0.049092
vt 0.043473 0.053511
vt 0.171592 0.193210
vt 0.167178 0.194556
vt 0.044811 0.067033
vt 0.043226 0.056012
vt 0.043126 0.057079
vt 0.162588 0.195015
vt 0.157998 0.194568
vt 0.043093 0.057454
vt 0.043077 0.057657
vt 0.153585 0.193235
vt 0.043069 0.057792
vt 0.043064 0.057896
vt 0.149517 0.191064
vt 0.043061 0.057984
vt 0.043061 0.058065
vt 0.046986 0.071101
vt 0.043061 0.058147
vt 0.043064 0.058234
vt 0.043473 0.062618
vt 0.043069 0.058338
vt 0.043077 0.058474
vt 0.043226 0.060118
vt 0.101610 0.095251
vt 0.083185 0.074620
vt 0.105678 0.093070
vt 0.086111 0.071048
vt 0.110091 0.091724
vt 0.088285 0.066974
vt 0.114681 0.091265
vt 0.089624 0.062555
vt 0.119271 0.091711
vt 0.089971 0.058987
vt 0.089870 0.060054
vt 0.123685 0.093045
vt 0.089624 0.053448
vt 0.090003 0.058612
vt 0.127753 0.095215
vt 0.208669 0.020467
vt 0.090019 0.058409
vt 0.090027 0.058274
vt 0.131318 0.098139
vt 0.090032 0.058170
vt 0.090035 0.058082
vt 0.090035 0.058001
vt 0.090035 0.057920
vt 0.090032 0.057832
vt 0.090027 0.057728
vt 0.090019 0.057593
vt 0.090003 0.057390
vt 0.089971 0.057015
vt 0.089870 0.055948
vt 0.088285 0.049033
vt 0.086111 0.044965
vt 0.083185 0.041401
vt 0.131318 0.131357
vt 0.149517 0.151989
vt 0.134244 0.127785
vt 0.153585 0.149808
vt 0.136418 0.123712
vt 0.157998 0.148462
vt 0.137757 0.119293
vt 0.162588 0.148003
vt 0.138003 0.116792
vt 0.167178 0.148449
vt 0.138104 0.115725
vt 0.171592 0.149783
vt 0.137757 0.110186
vt 0.138137 0.115350
vt 0.138152 0.115147
vt 0.175659 0.151953
vt 0.138161 0.115012
vt 0.138165 0.114908
vt 0.179225 0.154877
vt 0.138168 0.114820
vt 0.138169 0.114739
vt 0.138168 0.114657
vt 0.138165 0.114570
vt 0.138161 0.114466
vt 0.138152 0.114330
vt 0.138137 0.114128
vt 0.138104 0.113753
vt 0.138003 0.112686
vt 0.136418 0.105771
vt 0.134244 0.101703
vt 0.049912 0.041447
vt 0.182151 0.184523
vt 0.184325 0.180449
vt 0.053477 0.038513
vt 0.057544 0.036332
vt 0.185664 0.176031
vt 0.185910 0.173530
vt 0.061958 0.034986
vt 0.066548 0.034527
vt 0.184325 0.162509
vt 0.186011 0.172462
vt 0.186043 0.172088
vt 0.071138 0.034973
vt 0.186059 0.171885
vt 0.186067 0.171749
vt 0.075552 0.036307
vt 0.079619 0.038478
vt 0.186072 0.171646
vt 0.186075 0.171558
vt 0.186076 0.171477
vt 0.186075 0.171395
vt 0.182151 0.158441
vt 0.186072 0.171307
vt 0.186067 0.171204
vt 0.185664 0.166924
vt 0.186059 0.171068
vt 0.185910 0.169424
vt 0.404229 0.412195
vt 0.407793 0.409267
vt 0.437736 0.438439
vt 0.249603 0.249961
vt 0.279546 0.279133
vt 0.276621 0.282702
vt 0.274447 0.286773
vt 0.400163 0.414370
vt 0.395751 0.415709
vt 0.273109 0.291192
vt 0.272699 0.295365
vt 0.391163 0.416160
vt 0.249603 0.438380
vt 0.386575 0.415706
vt 0.273109 0.300366
vt 0.272678 0.295580
vt 0.272672 0.295656
vt 0.382163 0.414365
vt 0.272669 0.295696
vt 0.272667 0.295724
vt 0.378097 0.412187
vt 0.374533 0.409256
vt 0.272666 0.295745
vt 0.272665 0.295762
vt 0.371608 0.405686
vt 0.369434 0.401613
vt 0.272665 0.295779
vt 0.272665 0.295795
vt 0.368096 0.397194
vt 0.367685 0.393020
vt 0.272666 0.295813
vt 0.272667 0.295834
vt 0.367665 0.392805
vt 0.367659 0.392730
vt 0.272669 0.295861
vt 0.272672 0.295902
vt 0.367656 0.392689
vt 0.367654 0.392661
vt 0.272678 0.295977
vt 0.272699 0.296192
vt 0.367653 0.392641
vt 0.367652 0.392623
vt 0.367652 0.392606
vt 0.367652 0.392590
vt 0.274447 0.304785
vt 0.276621 0.308858
vt 0.367653 0.392572
vt 0.367654 0.392552
vt 0.279546 0.312428
vt 0.283110 0.315359
vt 0.367656 0.392524
vt 0.296176 0.319332
vt 0.367659 0.392483
vt 0.287176 0.317537
vt 0.291588 0.318878
vt 0.367665 0.392408
vt 0.367685 0.392193
vt 0.300764 0.318881
vt 0.368096 0.388019
vt 0.369434 0.383601
vt 0.305176 0.317542
vt 0.312345 0.312818
vt 0.283110 0.276205
vt 0.410718 0.405698
vt 0.412892 0.401626
vt 0.287176 0.274029
vt 0.291588 0.272690
vt 0.414230 0.397208
vt 0.414640 0.393034
vt 0.296176 0.272239
vt 0.437736 0.250019
vt 0.300764 0.272693
vt 0.414230 0.388034
vt 0.414661 0.392819
vt 0.414667 0.392744
vt 0.305176 0.274035
vt 0.414670 0.392703
vt 0.414672 0.392676
vt 0.309242 0.276213
vt 0.312806 0.279143
vt 0.414673 0.392655
vt 0.414674 0.392637
vt 0.315731 0.282714
vt 0.317905 0.286787
vt 0.414674 0.392621
vt 0.414674 0.392605
vt 0.319243 0.291206
vt 0.319653 0.295380
vt 0.414673 0.392587
vt 0.414672 0.392566
vt 0.319674 0.295595
vt 0.319680 0.295670
vt 0.414670 0.392539
vt 0.414667 0.392498
vt 0.319683 0.295711
vt 0.319685 0.295738
vt 0.414661 0.392423
vt 0.414640 0.392208
vt 0.319686 0.295759
vt 0.319687 0.295777
vt 0.319687 0.295793
vt 0.319687 0.295810
vt 0.412892 0.383615
vt 0.410718 0.379542
vt 0.319686 0.295827
vt 0.319685 0.295848
vt 0.407793 0.375971
vt 0.404229 0.373041
vt 0.319683 0.295875
vt 0.391163 0.369067
vt 0.319680 0.295916
vt 0.400163 0.370863
vt 0.395751 0.369521
vt 0.319674 0.295992
vt 0.319653 0.296206
vt 0.386575 0.369518
vt 0.319243 0.300380
vt 0.317905 0.304799
vt 0.382163 0.370857
vt 0.301426 0.136384
vt 0.296836 0.135926
vt 0.296836 0.092660
vt 0.301426 0.092213
vt 0.305840 0.137729
vt 0.305840 0.090878
vt 0.309908 0.139909
vt 0.309908 0.088707
vt 0.313474 0.142842
vt 0.313474 0.085784
vt 0.316400 0.146413
vt 0.375077 0.142914
vt 0.375077 0.085856
vt 0.368472 0.072000
vt 0.319913 0.073691
vt 0.320078 0.071943
vt 0.368637 0.073748
vt 0.316400 0.082219
vt 0.372151 0.082284
vt 0.368383 0.070977
vt 0.318574 0.150486
vt 0.372151 0.146478
vt 0.319574 0.074855
vt 0.318574 0.078151
vt 0.369976 0.078211
vt 0.320168 0.070920
vt 0.319574 0.153785
vt 0.369976 0.150546
vt 0.368977 0.074913
vt 0.368340 0.070423
vt 0.319913 0.154949
vt 0.368977 0.153843
vt 0.368317 0.070054
vt 0.320078 0.156698
vt 0.368637 0.155006
vt 0.320210 0.070367
vt 0.320168 0.157720
vt 0.368472 0.156754
vt 0.368304 0.069771
vt 0.320210 0.158274
vt 0.368383 0.157777
vt 0.368297 0.069531
vt 0.320233 0.158644
vt 0.320233 0.069997
vt 0.320246 0.158927
vt 0.368340 0.158330
vt 0.320246 0.069714
vt 0.320253 0.159167
vt 0.320253 0.069474
vt 0.320255 0.159389
vt 0.320255 0.069253
vt 0.368295 0.069309
vt 0.283764 0.049743
vt 0.280199 0.052667
vt 0.437816 0.020688
vt 0.408352 0.052817
vt 0.404786 0.049885
vt 0.400718 0.047704
vt 0.287832 0.047572
vt 0.292246 0.046237
vt 0.396304 0.046359
vt 0.391714 0.045901
vt 0.296836 0.045790
vt 0.301426 0.046248
vt 0.387124 0.046348
vt 0.382710 0.047683
vt 0.305840 0.047593
vt 0.309908 0.049774
vt 0.378642 0.049854
vt 0.313474 0.052706
vt 0.375077 0.052778
vt 0.316400 0.056277
vt 0.372151 0.056342
vt 0.318574 0.060350
vt 0.369976 0.060410
vt 0.319574 0.063649
vt 0.368977 0.063707
vt 0.319913 0.064813
vt 0.368637 0.064870
vt 0.320078 0.066562
vt 0.368472 0.066619
vt 0.320168 0.067585
vt 0.368383 0.067641
vt 0.320210 0.068138
vt 0.368340 0.068194
vt 0.320233 0.068508
vt 0.368317 0.068564
vt 0.320246 0.068791
vt 0.368304 0.068847
vt 0.320253 0.069031
vt 0.368297 0.069087
vt 0.320253 0.159610
vt 0.368317 0.158700
vt 0.320246 0.159850
vt 0.320233 0.160133
vt 0.368304 0.158983
vt 0.320210 0.160503
vt 0.368295 0.159445
vt 0.320168 0.161056
vt 0.368317 0.160190
vt 0.320078 0.162079
vt 0.368383 0.161113
vt 0.319913 0.163827
vt 0.368472 0.162136
vt 0.319574 0.164991
vt 0.368637 0.163884
vt 0.318574 0.168287
vt 0.368977 0.165048
vt 0.316400 0.172355
vt 0.369976 0.168347
vt 0.378642 0.139990
vt 0.378642 0.088788
vt 0.382710 0.090969
vt 0.387124 0.092314
vt 0.382710 0.137819
vt 0.391714 0.092771
vt 0.387124 0.136484
vt 0.391714 0.136037
vt 0.313474 0.175919
vt 0.372151 0.172420
vt 0.309908 0.178843
vt 0.375077 0.175992
vt 0.368297 0.159223
vt 0.305840 0.181014
vt 0.378642 0.178924
vt 0.368297 0.159667
vt 0.368304 0.159906
vt 0.368340 0.160559
vt 0.301426 0.182349
vt 0.382710 0.181104
vt 0.296836 0.182796
vt 0.249603 0.208806
vt 0.387124 0.182449
vt 0.404786 0.178955
vt 0.408352 0.176031
vt 0.280199 0.175880
vt 0.283764 0.178813
vt 0.287832 0.180993
vt 0.400718 0.181126
vt 0.292246 0.182338
vt 0.292246 0.092202
vt 0.292246 0.136373
vt 0.287832 0.090857
vt 0.287832 0.137708
vt 0.283764 0.088677
vt 0.283764 0.139879
vt 0.280199 0.085745
vt 0.280199 0.142803
vt 0.277273 0.082173
vt 0.277273 0.146367
vt 0.275098 0.078100
vt 0.275098 0.150435
vt 0.274099 0.074801
vt 0.274099 0.153732
vt 0.273759 0.073637
vt 0.273759 0.154895
vt 0.273594 0.071889
vt 0.273594 0.156643
vt 0.273505 0.070866
vt 0.273505 0.157666
vt 0.273462 0.070312
vt 0.273462 0.158219
vt 0.273439 0.069942
vt 0.273439 0.158589
vt 0.273426 0.069659
vt 0.273426 0.158872
vt 0.273419 0.069419
vt 0.273419 0.159112
vt 0.273417 0.159334
vt 0.277273 0.172309
vt 0.277273 0.056231
vt 0.275098 0.060299
vt 0.275098 0.168236
vt 0.274099 0.164937
vt 0.274099 0.063596
vt 0.273759 0.064759
vt 0.273759 0.163773
vt 0.273594 0.162024
vt 0.273594 0.066507
vt 0.273505 0.067530
vt 0.273505 0.161002
vt 0.273462 0.160448
vt 0.273462 0.068083
vt 0.273439 0.068453
vt 0.273439 0.160078
vt 0.273426 0.159795
vt 0.273426 0.068736
vt 0.273419 0.159555
vt 0.396304 0.136495
vt 0.396304 0.092324
vt 0.400718 0.137840
vt 0.400718 0.090990
vt 0.404786 0.140021
vt 0.404786 0.088819
vt 0.408352 0.142953
vt 0.408352 0.085895
vt 0.411278 0.146524
vt 0.411278 0.082330
vt 0.413452 0.150597
vt 0.413452 0.078262
vt 0.414452 0.153896
vt 0.414452 0.074966
vt 0.414791 0.155060
vt 0.414791 0.073802
vt 0.414956 0.156809
vt 0.414956 0.072054
vt 0.415046 0.157832
vt 0.415045 0.071032
vt 0.415088 0.158385
vt 0.415088 0.070478
vt 0.415111 0.158755
vt 0.415111 0.070108
vt 0.415124 0.159038
vt 0.415124 0.069825
vt 0.415131 0.159278
vt 0.415131 0.069585
vt 0.415133 0.069364
vt 0.411278 0.056388
vt 0.411278 0.172466
vt 0.413452 0.168398
vt 0.413452 0.060461
vt 0.414452 0.063760
vt 0.414452 0.165102
vt 0.414791 0.163938
vt 0.414791 0.064925
vt 0.414956 0.066673
vt 0.414956 0.162190
vt 0.415046 0.161168
vt 0.415045 0.067696
vt 0.415088 0.068249
vt 0.415088 0.160614
vt 0.415111 0.160244
vt 0.415111 0.068619
vt 0.415124 0.068902
vt 0.415124 0.159961
vt 0.415131 0.069142
vt 0.143974 0.373644
vt 0.144576 0.315497
vt 0.097947 0.360845
vt 0.083414 0.372921
vt 0.083198 0.372657
vt 0.095021 0.357277
vt 0.079633 0.369729
vt 0.092847 0.353206
vt 0.075565 0.367554
vt 0.091508 0.348789
vt 0.071152 0.366215
vt 0.091152 0.345164
vt 0.066563 0.365763
vt 0.091090 0.344496
vt 0.091105 0.344670
vt 0.061973 0.366216
vt 0.066563 0.322674
vt 0.091083 0.344403
vt 0.057560 0.367557
vt 0.061973 0.322222
vt 0.091079 0.344340
vt 0.091077 0.344292
vt 0.053492 0.369734
vt 0.057560 0.320883
vt 0.091075 0.344251
vt 0.091075 0.344214
vt 0.091075 0.344176
vt 0.091077 0.344135
vt 0.091079 0.344087
vt 0.091083 0.344025
vt 0.091090 0.343931
vt 0.091105 0.343757
vt 0.071152 0.322220
vt 0.091152 0.343264
vt 0.091508 0.339638
vt 0.075565 0.320879
vt 0.092847 0.335221
vt 0.083198 0.315773
vt 0.097946 0.327582
vt 0.095021 0.331149
vt 0.079633 0.318703
vt 0.049927 0.372663
vt 0.053492 0.318708
vt 0.047002 0.376232
vt 0.049927 0.315780
vt 0.044828 0.380304
vt 0.047002 0.312212
vt 0.043489 0.384721
vt 0.044828 0.308141
vt 0.043132 0.388347
vt 0.020467 0.438409
vt 0.043489 0.303724
vt 0.043085 0.388841
vt 0.043070 0.389014
vt 0.043063 0.389108
vt 0.043132 0.300099
vt 0.043059 0.389171
vt 0.043085 0.299605
vt 0.043057 0.389219
vt 0.043070 0.299432
vt 0.043056 0.389259
vt 0.043063 0.299338
vt 0.043055 0.389297
vt 0.043059 0.299275
vt 0.043057 0.299227
vt 0.043056 0.299186
vt 0.047002 0.402360
vt 0.049927 0.405928
vt 0.049927 0.282515
vt 0.047002 0.286084
vt 0.044828 0.290156
vt 0.044828 0.398289
vt 0.043489 0.393872
vt 0.043489 0.294573
vt 0.043132 0.298199
vt 0.043132 0.390247
vt 0.043085 0.389753
vt 0.043070 0.389580
vt 0.043085 0.298693
vt 0.043070 0.298866
vt 0.043063 0.389486
vt 0.043059 0.389423
vt 0.043063 0.298960
vt 0.043059 0.299023
vt 0.043057 0.389375
vt 0.043056 0.389334
vt 0.043057 0.299071
vt 0.127652 0.363767
vt 0.141867 0.376214
vt 0.123585 0.365944
vt 0.139693 0.380286
vt 0.119172 0.367285
vt 0.138354 0.384703
vt 0.114582 0.367738
vt 0.137997 0.388329
vt 0.109993 0.367287
vt 0.090055 0.389005
vt 0.137951 0.388822
vt 0.137936 0.388996
vt 0.105579 0.365948
vt 0.089636 0.384713
vt 0.137928 0.389090
vt 0.137925 0.389152
vt 0.086124 0.376225
vt 0.101512 0.363772
vt 0.088298 0.380295
vt 0.137922 0.389200
vt 0.137921 0.389241
vt 0.137921 0.389279
vt 0.137921 0.389316
vt 0.089993 0.388338
vt 0.090040 0.388832
vt 0.090062 0.389099
vt 0.137922 0.389357
vt 0.137925 0.389405
vt 0.090066 0.389162
vt 0.090068 0.389210
vt 0.137928 0.389468
vt 0.137936 0.389562
vt 0.090069 0.389250
vt 0.090070 0.389288
vt 0.137951 0.389735
vt 0.090055 0.389571
vt 0.090069 0.389325
vt 0.090068 0.389366
vt 0.137998 0.390229
vt 0.138354 0.393854
vt 0.089993 0.390238
vt 0.090040 0.389744
vt 0.090066 0.389414
vt 0.090062 0.389477
vt 0.139693 0.398271
vt 0.089636 0.393863
vt 0.141867 0.402342
vt 0.088298 0.398281
vt 0.144793 0.405910
vt 0.086124 0.402352
vt 0.148358 0.408837
vt 0.083198 0.405921
vt 0.152425 0.411013
vt 0.079633 0.408851
vt 0.156838 0.412352
vt 0.075565 0.411027
vt 0.161428 0.412803
vt 0.208655 0.438373
vt 0.071152 0.412368
vt 0.066563 0.412822
vt 0.148358 0.369716
vt 0.134143 0.357269
vt 0.152425 0.367539
vt 0.136317 0.353198
vt 0.156838 0.366198
vt 0.137656 0.348780
vt 0.161428 0.365745
vt 0.138013 0.345155
vt 0.166018 0.366197
vt 0.161428 0.322655
vt 0.138059 0.344661
vt 0.138074 0.344487
vt 0.170431 0.367536
vt 0.166018 0.322202
vt 0.138082 0.344394
vt 0.138086 0.344331
vt 0.174498 0.369711
vt 0.170431 0.320861
vt 0.138088 0.344283
vt 0.138089 0.344242
vt 0.138089 0.344205
vt 0.138089 0.344167
vt 0.138088 0.344126
vt 0.138086 0.344078
vt 0.138082 0.344016
vt 0.138074 0.343922
vt 0.138059 0.343748
vt 0.138013 0.343255
vt 0.137656 0.339629
vt 0.156838 0.322204
vt 0.152425 0.320865
vt 0.136317 0.335212
vt 0.134143 0.331142
vt 0.148358 0.318689
vt 0.178063 0.372639
vt 0.174498 0.318684
vt 0.180989 0.376207
vt 0.178063 0.315755
vt 0.183163 0.380277
vt 0.180989 0.312186
vt 0.184502 0.384694
vt 0.183163 0.308115
vt 0.184858 0.388320
vt 0.184905 0.388813
vt 0.184502 0.303697
vt 0.184920 0.388987
vt 0.184927 0.389081
vt 0.184858 0.300072
vt 0.208655 0.250009
vt 0.184931 0.389143
vt 0.184905 0.299578
vt 0.184934 0.389191
vt 0.184920 0.299405
vt 0.184935 0.389232
vt 0.184927 0.299311
vt 0.184935 0.389270
vt 0.184931 0.299248
vt 0.184934 0.299200
vt 0.184935 0.299159
vt 0.184935 0.299122
vt 0.053492 0.408856
vt 0.053492 0.279586
vt 0.057560 0.277409
vt 0.057560 0.411031
vt 0.061973 0.412370
vt 0.061973 0.276068
vt 0.066563 0.275615
vt 0.071152 0.276067
vt 0.156838 0.276050
vt 0.166018 0.412350
vt 0.075565 0.277406
vt 0.079633 0.279581
vt 0.152425 0.277391
vt 0.170431 0.411009
vt 0.174498 0.408832
vt 0.083198 0.282509
vt 0.148358 0.279568
vt 0.086124 0.286077
vt 0.144793 0.282497
vt 0.178063 0.405903
vt 0.180989 0.402334
vt 0.088298 0.290147
vt 0.141867 0.286066
vt 0.089636 0.294565
vt 0.139693 0.290138
vt 0.183163 0.398263
vt 0.184502 0.393845
vt 0.089993 0.298190
vt 0.138354 0.294555
vt 0.090040 0.298684
vt 0.137997 0.298181
vt 0.184858 0.390220
vt 0.184905 0.389726
vt 0.090055 0.298857
vt 0.090062 0.298951
vt 0.184920 0.389553
vt 0.184927 0.389459
vt 0.090066 0.299014
vt 0.090068 0.299062
vt 0.184931 0.389396
vt 0.184934 0.389348
vt 0.090069 0.299102
vt 0.090070 0.299140
vt 0.184935 0.389307
vt 0.090069 0.299177
vt 0.090068 0.299218
vt 0.090066 0.299266
vt 0.090062 0.299329
vt 0.184935 0.299084
vt 0.184934 0.299043
vt 0.090055 0.299423
vt 0.090040 0.299596
vt 0.109993 0.321133
vt 0.184931 0.298995
vt 0.184927 0.298933
vt 0.089993 0.300090
vt 0.089636 0.303715
vt 0.184920 0.298839
vt 0.184905 0.298665
vt 0.088298 0.308133
vt 0.105579 0.322474
vt 0.086124 0.312204
vt 0.184858 0.298172
vt 0.184502 0.294546
vt 0.097947 0.327580
vt 0.101512 0.324651
vt 0.183163 0.290129
vt 0.180989 0.286059
vt 0.178063 0.282491
vt 0.174498 0.279563
vt 0.170431 0.277388
vt 0.166018 0.276049
vt 0.119172 0.321132
vt 0.137997 0.300081
vt 0.138354 0.303706
vt 0.123585 0.322471
vt 0.139693 0.308123
vt 0.161428 0.275597
vt 0.141867 0.312194
vt 0.127652 0.324646
vt 0.137951 0.299587
vt 0.137951 0.298674
vt 0.137936 0.299414
vt 0.137928 0.299320
vt 0.137925 0.299257
vt 0.137922 0.299209
vt 0.137936 0.298848
vt 0.137921 0.299168
vt 0.137921 0.299131
vt 0.137928 0.298942
vt 0.137921 0.299093
vt 0.595924 0.071048
vt 0.596375 0.066464
vt 0.606395 0.066464
vt 0.606846 0.071048
vt 0.594587 0.075456
vt 0.608183 0.075456
vt 0.592416 0.079518
vt 0.610354 0.079518
vt 0.589494 0.083078
vt 0.613276 0.083079
vt 0.585934 0.086000
vt 0.616836 0.086001
vt 0.581872 0.088171
vt 0.585934 0.143231
vt 0.616836 0.143232
vt 0.620897 0.141061
vt 0.620897 0.088173
vt 0.577465 0.089508
vt 0.581872 0.141059
vt 0.625305 0.139724
vt 0.625305 0.089510
vt 0.572882 0.089960
vt 0.577465 0.139722
vt 0.629888 0.089962
vt 0.629888 0.139273
vt 0.646500 0.049851
vt 0.642940 0.046929
vt 0.667014 0.020475
vt 0.667014 0.208763
vt 0.643263 0.182042
vt 0.646500 0.179385
vt 0.649422 0.175824
vt 0.649422 0.053412
vt 0.651593 0.057474
vt 0.651593 0.171762
vt 0.652930 0.167354
vt 0.652930 0.061882
vt 0.653382 0.066466
vt 0.653382 0.162770
vt 0.652930 0.158186
vt 0.652930 0.071050
vt 0.651593 0.075458
vt 0.651593 0.153778
vt 0.649422 0.079520
vt 0.649422 0.149716
vt 0.646500 0.083081
vt 0.646500 0.146155
vt 0.642940 0.086003
vt 0.642940 0.143233
vt 0.638879 0.088174
vt 0.638879 0.141062
vt 0.634471 0.089511
vt 0.634471 0.139724
vt 0.568298 0.089508
vt 0.572882 0.139270
vt 0.563891 0.088171
vt 0.568298 0.139722
vt 0.559829 0.085999
vt 0.563891 0.141059
vt 0.613276 0.146154
vt 0.556269 0.083077
vt 0.528928 0.085998
vt 0.610354 0.149715
vt 0.589494 0.146153
vt 0.553348 0.079516
vt 0.532488 0.083076
vt 0.608183 0.153777
vt 0.592416 0.149714
vt 0.606846 0.158184
vt 0.594587 0.153776
vt 0.606395 0.162768
vt 0.595924 0.158184
vt 0.596375 0.162768
vt 0.551177 0.075454
vt 0.535410 0.079515
vt 0.539369 0.066462
vt 0.549388 0.066462
vt 0.549840 0.071046
vt 0.559829 0.143230
vt 0.538918 0.071046
vt 0.537581 0.075453
vt 0.556269 0.146152
vt 0.528928 0.143229
vt 0.553348 0.149712
vt 0.532488 0.146151
vt 0.551177 0.153774
vt 0.535410 0.149712
vt 0.524866 0.088169
vt 0.549840 0.158182
vt 0.549388 0.162766
vt 0.538918 0.158182
vt 0.539369 0.162766
vt 0.537581 0.153774
vt 0.520459 0.089506
vt 0.524866 0.141057
vt 0.515876 0.089957
vt 0.520459 0.139720
vt 0.511292 0.089506
vt 0.515876 0.139268
vt 0.506885 0.088168
vt 0.511292 0.139719
vt 0.502823 0.085997
vt 0.506885 0.141056
vt 0.499263 0.083075
vt 0.502823 0.143227
vt 0.496341 0.079514
vt 0.499263 0.146149
vt 0.494170 0.075452
vt 0.496341 0.149710
vt 0.492833 0.071044
vt 0.494170 0.153772
vt 0.492382 0.066460
vt 0.492382 0.162764
vt 0.499263 0.179379
vt 0.502823 0.182301
vt 0.502500 0.047188
vt 0.499263 0.049845
vt 0.496341 0.053406
vt 0.496341 0.175818
vt 0.494170 0.171756
vt 0.494170 0.057468
vt 0.492833 0.061876
vt 0.492833 0.167348
vt 0.606846 0.061880
vt 0.595924 0.061880
vt 0.608183 0.057473
vt 0.594587 0.057472
vt 0.610354 0.053411
vt 0.592416 0.053410
vt 0.613276 0.049850
vt 0.589494 0.049849
vt 0.616836 0.046928
vt 0.585934 0.046927
vt 0.620897 0.044757
vt 0.581872 0.044755
vt 0.625305 0.043420
vt 0.577465 0.043418
vt 0.629888 0.042969
vt 0.572882 0.042966
vt 0.549840 0.061878
vt 0.538918 0.061878
vt 0.551177 0.057470
vt 0.537581 0.057470
vt 0.553348 0.053408
vt 0.535410 0.053407
vt 0.556269 0.049848
vt 0.532488 0.049847
vt 0.559829 0.046926
vt 0.528928 0.046925
vt 0.563891 0.044755
vt 0.524866 0.044753
vt 0.568298 0.043418
vt 0.520459 0.043416
vt 0.502823 0.046923
vt 0.638879 0.044758
vt 0.634471 0.043420
vt 0.506885 0.044752
vt 0.606846 0.167352
vt 0.595924 0.167352
vt 0.608183 0.171760
vt 0.594587 0.171760
vt 0.610354 0.175823
vt 0.592416 0.175822
vt 0.613276 0.179383
vt 0.589494 0.179382
vt 0.616836 0.182305
vt 0.585934 0.182304
vt 0.620897 0.184477
vt 0.581872 0.184475
vt 0.625305 0.185814
vt 0.577465 0.185812
vt 0.629888 0.186266
vt 0.572882 0.186264
vt 0.642940 0.182307
vt 0.506885 0.184472
vt 0.511292 0.185810
vt 0.638879 0.184478
vt 0.634471 0.185815
vt 0.515876 0.186261
vt 0.520459 0.185810
vt 0.568298 0.185812
vt 0.524866 0.184473
vt 0.563891 0.184475
vt 0.528928 0.182302
vt 0.559829 0.182303
vt 0.532488 0.179380
vt 0.556269 0.179381
vt 0.535410 0.175819
vt 0.553348 0.175820
vt 0.537581 0.171757
vt 0.553327 0.357129
vt 0.556239 0.360679
vt 0.478670 0.438264
vt 0.589364 0.360679
vt 0.592277 0.357129
vt 0.594442 0.353078
vt 0.551163 0.353078
vt 0.478687 0.249961
vt 0.549381 0.344112
vt 0.549830 0.348683
vt 0.596225 0.344112
vt 0.595775 0.348683
vt 0.595776 0.339542
vt 0.549831 0.339542
vt 0.551164 0.335147
vt 0.594443 0.335147
vt 0.592279 0.331096
vt 0.553329 0.331096
vt 0.556242 0.327546
vt 0.589367 0.327546
vt 0.585817 0.324632
vt 0.559792 0.324632
vt 0.563842 0.322467
vt 0.581768 0.322467
vt 0.568236 0.321134
vt 0.559789 0.363593
vt 0.563838 0.365758
vt 0.585814 0.363593
vt 0.581764 0.365758
vt 0.568232 0.367091
vt 0.967651 0.638410
vt 0.957975 0.670735
vt 0.957975 0.634224
vt 0.952933 0.666822
vt 0.559280 0.976582
vt 0.952933 0.638135
vt 0.949840 0.652612
vt 0.950760 0.872852
vt 0.101222 0.483231
vt 0.098007 0.497705
vt 0.101124 0.511909
vt 0.956695 0.902683
vt 0.968184 0.903143
vt 0.188753 0.557402
vt 0.179532 0.560154
vt 0.195038 0.557134
vt 0.422871 0.479373
vt 0.408612 0.482573
vt 0.669923 0.663923
vt 0.194906 0.507965
vt 0.176721 0.516113
vt 0.190972 0.513037
vt 0.663224 0.634306
vt 0.420039 0.590703
vt 0.405778 0.593697
vt 0.633614 0.641010
vt 0.023028 0.638138
vt 0.186083 0.790892
vt 0.176255 0.789513
vt 0.771424 0.739559
vt 0.775277 0.744567
vt 0.768307 0.358589
vt 0.050922 0.670205
vt 0.560078 0.821926
vt 0.847501 0.258000
vt 0.843633 0.253016
vt 0.829320 0.249961
vt 0.775277 0.821713
vt 0.020467 0.742884
vt 0.357293 0.670085
vt 0.309907 0.817105
vt 0.313774 0.822092
vt 0.328090 0.825072
vt 0.327520 0.665047
vt 0.100568 0.637999
vt 0.644226 0.790364
vt 0.130751 0.637131
vt 0.775241 0.589593
vt 0.784582 0.592405
vt 0.768307 0.280972
vt 0.128462 0.670065
vt 0.101875 0.822072
vt 0.116190 0.825052
vt 0.481231 0.638002
vt 0.031078 0.790490
vt 0.021251 0.789111
vt 0.511414 0.637134
vt 0.776662 0.132598
vt 0.408540 0.745505
vt 0.509125 0.670068
vt 0.714914 0.821995
vt 0.729230 0.824976
vt 0.558771 0.637738
vt 0.419628 0.792541
vt 0.405314 0.789486
vt 0.588954 0.636870
vt 0.175471 0.743286
vt 0.586665 0.669804
vt 0.482537 0.822075
vt 0.496853 0.825055
vt 0.556893 0.664766
vt 0.252164 0.638019
vt 0.838968 0.099216
vt 0.282347 0.637151
vt 0.775277 0.667249
vt 0.772322 0.053724
vt 0.280058 0.670085
vt 0.253471 0.822092
vt 0.267786 0.825072
vt 0.250286 0.665047
vt 0.633967 0.502564
vt 0.636704 0.511734
vt 0.893896 0.559998
vt 0.636699 0.483103
vt 0.633965 0.492510
vt 0.831623 0.670763
vt 0.038812 0.902485
vt 0.906388 0.024585
vt 0.891034 0.052849
vt 0.890941 0.024373
vt 0.888012 0.038762
vt 0.557551 0.507358
vt 0.557574 0.487634
vt 0.556210 0.497559
vt 0.709169 0.116441
vt 0.708227 0.351094
vt 0.710950 0.360219
vt 0.710901 0.331610
vt 0.708210 0.341048
vt 0.564213 0.593161
vt 0.564256 0.556716
vt 0.559187 0.589256
vt 0.559220 0.560621
vt 0.556210 0.575076
vt 0.712244 0.575320
vt 0.404888 0.658148
vt 0.407611 0.667273
vt 0.407562 0.638663
vt 0.404871 0.648101
vt 0.486673 0.593425
vt 0.486716 0.556980
vt 0.478670 0.575341
vt 0.710950 0.282602
vt 0.710901 0.253993
vt 0.707870 0.268474
vt 0.575263 0.741455
vt 0.345813 0.718105
vt 0.106010 0.593422
vt 0.106053 0.556977
vt 0.099348 0.585137
vt 0.099371 0.565413
vt 0.098007 0.575337
vt 0.724194 0.634536
vt 0.262695 0.747680
vt 0.175828 0.658174
vt 0.178552 0.667299
vt 0.178502 0.638690
vt 0.175811 0.648128
vt 0.849857 0.479362
vt 0.839667 0.515838
vt 0.839667 0.479198
vt 0.962626 0.023542
vt 0.834609 0.483117
vt 0.831432 0.497657
vt 0.834609 0.511905
vt 0.020467 0.497916
vt 0.023530 0.512104
vt 0.023539 0.483386
vt 0.261580 0.866400
vt 0.959387 0.056433
vt 0.947575 0.056828
vt 0.249694 0.866007
vt 0.831713 0.330946
vt 0.828536 0.345486
vt 0.831713 0.359734
vt 0.496597 0.896304
vt 0.478670 0.497770
vt 0.481733 0.511958
vt 0.481742 0.483241
vt 0.490647 0.866383
vt 0.959545 0.133803
vt 0.947734 0.134198
vt 0.478761 0.865990
vt 0.098007 0.902764
vt 0.967651 0.716277
vt 0.957975 0.748602
vt 0.957975 0.712091
vt 0.952933 0.744689
vt 0.952933 0.716002
vt 0.949840 0.730479
vt 0.950602 0.485399
vt 0.774493 0.946388
vt 0.330281 0.483260
vt 0.327067 0.497734
vt 0.330184 0.511939
vt 0.327224 0.979501
vt 0.965649 0.249581
vt 0.312584 0.976550
vt 0.947824 0.267835
vt 0.257746 0.515874
vt 0.257870 0.479373
vt 0.252818 0.483260
vt 0.249603 0.497734
vt 0.252720 0.511939
vt 0.891011 0.749023
vt 0.020820 0.580491
vt 0.023557 0.589661
vt 0.893940 0.869714
vt 0.023551 0.561030
vt 0.020818 0.570437
vt 0.894087 0.362929
vt 0.831623 0.748239
vt 0.849724 0.557034
vt 0.834445 0.589315
vt 0.834371 0.560839
vt 0.831432 0.575226
vt 0.888214 0.333300
vt 0.891289 0.896630
vt 0.641737 0.593156
vt 0.641730 0.556716
vt 0.633967 0.580081
vt 0.636704 0.589251
vt 0.636699 0.560620
vt 0.633965 0.570027
vt 0.837656 0.902552
vt 0.831622 0.825714
vt 0.849819 0.902959
vt 0.312527 0.898386
vt 0.312454 0.869909
vt 0.309515 0.884296
vt 0.335134 0.593446
vt 0.335127 0.557006
vt 0.327365 0.580372
vt 0.330102 0.589542
vt 0.330096 0.560911
vt 0.327363 0.570318
vt 0.410713 0.902448
vt 0.556365 0.902380
vt 0.651907 0.866148
vt 0.636627 0.898429
vt 0.636554 0.869953
vt 0.633615 0.884340
vt 0.257725 0.593446
vt 0.257718 0.557006
vt 0.251000 0.585160
vt 0.893778 0.482267
vt 0.250996 0.565439
vt 0.249603 0.575360
vt 0.181658 0.902478
vt 0.771578 0.902373
vt 0.846834 0.020565
vt 0.828541 0.038756
s 0
usemtl マテリアル
f 5441/1/1 5440/2/1 1/3/1
f 4/4/1 5417/5/1 5418/6/1
f 5543/7/2 5549/8/2 5525/9/2
f 5630/10/2 5601/11/2 5591/12/2
f 5744/13/3 7/14/3 5742/15/3
f 6/16/3 5637/17/3 5636/18/3
f 7/14/3 5855/19/3 5854/20/3
f 5891/21/4 5901/22/4 5900/23/4
f 5930/24/4 5936/25/4 5924/26/4
f 5/27/5 6157/28/5 6156/29/5
f 5972/30/4 5940/31/4 5974/32/4
f 6183/33/6 3/34/6 7/35/6
f 6266/36/6 6269/37/6 7/35/6
f 6311/38/6 6310/39/6 6308/40/6
f 2/41/7 6372/42/7 6371/43/7
f 6/44/7 6397/45/7 6398/46/7
f 9/47/8 5348/48/8 11/49/8
f 19/50/9 5438/51/9 5437/52/9
f 11/49/10 5347/53/10 12/54/10
f 20/55/11 5437/52/11 5439/56/11
f 12/57/12 5347/58/12 5346/59/12
f 21/60/13 5439/61/13 5433/62/13
f 13/63/14 5466/64/14 14/65/14
f 22/66/15 5433/62/15 5434/67/15
f 15/68/16 5466/64/16 5443/69/16
f 23/70/17 5434/67/17 5436/71/17
f 15/68/18 5442/72/18 16/73/18
f 5349/74/19 8/75/19 5350/76/19
f 5436/71/20 5435/77/20 23/70/20
f 17/78/21 5442/72/21 5463/79/21
f 8/75/22 5345/80/22 9/47/22
f 17/78/23 5438/51/23 18/81/23
f 32/82/24 16/73/24 17/78/24
f 9/47/25 24/83/25 8/75/25
f 18/81/26 32/82/26 17/78/26
f 26/84/27 9/47/27 11/49/27
f 34/85/28 18/81/28 19/50/28
f 27/86/29 11/49/29 12/54/29
f 20/55/30 34/85/30 19/50/30
f 28/87/31 12/57/31 13/63/31
f 21/60/32 35/88/32 20/89/32
f 14/65/33 28/87/33 13/63/33
f 22/66/34 36/90/34 21/60/34
f 30/91/35 14/65/35 15/68/35
f 38/92/36 22/66/36 23/70/36
f 16/73/37 30/91/37 15/68/37
f 24/83/38 5350/76/38 8/75/38
f 38/92/39 5435/77/39 5440/93/39
f 36/90/40 50/94/40 35/88/40
f 44/95/41 28/87/41 29/96/41
f 37/97/42 51/98/42 36/90/42
f 30/91/43 44/95/43 29/96/43
f 38/92/44 52/99/44 37/97/44
f 31/100/45 45/101/45 30/91/45
f 39/102/46 5360/103/46 24/83/46
f 53/104/47 5440/93/47 5441/105/47
f 47/106/48 31/100/48 32/82/48
f 40/107/49 24/83/49 25/108/49
f 48/109/50 32/82/50 33/110/50
f 41/111/51 25/108/51 26/84/51
f 34/85/52 48/109/52 33/110/52
f 42/112/53 26/84/53 27/86/53
f 35/113/54 49/114/54 34/85/54
f 43/115/55 27/116/55 28/87/55
f 63/117/56 47/106/56 48/109/56
f 41/111/57 55/118/57 40/107/57
f 49/114/58 63/117/58 48/109/58
f 57/119/59 41/111/59 42/112/59
f 65/120/60 49/121/60 50/94/60
f 43/122/61 57/119/61 42/112/61
f 51/98/62 65/120/62 50/94/62
f 59/123/63 43/115/63 44/95/63
f 67/124/64 51/98/64 52/99/64
f 45/101/65 59/123/65 44/95/65
f 68/125/66 52/99/66 53/104/66
f 46/126/67 60/127/67 45/101/67
f 54/128/68 5361/129/68 39/102/68
f 68/125/69 5441/105/69 5432/130/69
f 62/131/70 46/126/70 47/106/70
f 40/107/71 54/128/71 39/102/71
f 67/124/72 81/132/72 66/133/72
f 60/134/73 74/135/73 59/136/73
f 83/137/74 67/124/74 68/125/74
f 61/138/75 75/139/75 60/134/75
f 69/140/76 5362/141/76 54/128/76
f 83/137/77 5432/130/77 5430/142/77
f 77/143/78 61/138/78 62/144/78
f 55/118/79 69/140/79 54/128/79
f 78/145/80 62/144/80 63/146/80
f 71/147/81 55/118/81 56/148/81
f 64/149/82 78/145/82 63/146/82
f 72/150/83 56/148/83 57/119/83
f 80/151/84 64/152/84 65/120/84
f 58/153/85 72/154/85 57/155/85
f 66/133/86 80/151/86 65/120/86
f 74/135/87 58/153/87 59/136/87
f 86/156/88 70/157/88 71/147/88
f 79/158/89 93/159/89 78/145/89
f 72/150/90 86/156/90 71/147/90
f 95/160/91 79/158/91 80/161/91
f 73/162/92 87/163/92 72/154/92
f 96/164/93 80/151/93 81/132/93
f 89/165/94 73/162/94 74/135/94
f 82/166/95 96/164/95 81/132/95
f 75/139/96 89/165/96 74/135/96
f 83/137/97 97/167/97 82/166/97
f 76/168/98 90/169/98 75/139/98
f 84/170/99 5363/171/99 69/140/99
f 98/172/100 5430/142/100 5428/173/100
f 92/174/101 76/168/101 77/143/101
f 85/175/102 69/140/102 70/157/102
f 93/159/103 77/143/103 78/145/103
f 90/169/104 104/176/104 89/165/104
f 113/177/105 97/167/105 98/172/105
f 91/178/106 105/179/106 90/169/106
f 99/180/107 5341/181/107 84/170/107
f 113/177/108 5428/173/108 5425/182/108
f 107/183/109 91/178/109 92/174/109
f 85/175/110 99/180/110 84/170/110
f 108/184/111 92/174/111 93/159/111
f 101/185/112 85/175/112 86/156/112
f 94/186/113 108/184/113 93/159/113
f 102/187/114 86/156/114 87/188/114
f 95/160/115 109/189/115 94/186/115
f 103/190/116 87/163/116 88/191/116
f 96/164/117 110/192/117 95/193/117
f 104/176/118 88/191/118 89/165/118
f 97/167/119 111/194/119 96/164/119
f 109/189/120 123/195/120 108/184/120
f 117/196/121 101/185/121 102/187/121
f 110/197/122 124/198/122 109/189/122
f 118/199/123 102/200/123 103/190/123
f 111/194/124 125/201/124 110/192/124
f 119/202/125 103/190/125 104/176/125
f 127/203/126 111/194/126 112/204/126
f 105/179/127 119/202/127 104/176/127
f 113/177/128 127/203/128 112/204/128
f 106/205/129 120/206/129 105/179/129
f 114/207/130 5342/208/130 99/180/130
f 128/209/131 5425/182/131 5424/210/131
f 122/211/132 106/205/132 107/183/132
f 115/212/133 99/180/133 100/213/133
f 123/195/134 107/183/134 108/184/134
f 101/185/135 115/212/135 100/213/135
f 143/214/136 127/203/136 128/209/136
f 121/215/137 135/216/137 120/206/137
f 114/207/138 5343/217/138 5344/218/138
f 128/209/139 5426/219/139 143/214/139
f 137/220/140 121/215/140 122/211/140
f 115/212/141 129/221/141 114/207/141
f 138/222/142 122/211/142 123/195/142
f 131/223/143 115/212/143 116/224/143
f 124/198/144 138/222/144 123/195/144
f 117/196/145 131/223/145 116/224/145
f 140/225/146 124/198/146 125/226/146
f 118/199/147 132/227/147 117/228/147
f 141/229/148 125/201/148 126/230/148
f 134/231/149 118/199/149 119/202/149
f 127/203/150 141/229/150 126/230/150
f 120/206/151 134/231/151 119/202/151
f 147/232/152 131/223/152 132/233/152
f 140/225/153 154/234/153 139/235/153
f 148/236/154 132/227/154 133/237/154
f 141/229/155 155/238/155 140/239/155
f 149/240/156 133/237/156 134/231/156
f 142/241/157 156/242/157 141/229/157
f 135/216/158 149/240/158 134/231/158
f 143/214/159 157/243/159 142/241/159
f 136/244/160 150/245/160 135/216/160
f 129/221/161 5368/246/161 5343/217/161
f 143/214/162 5427/247/162 158/248/162
f 152/249/163 136/244/163 137/220/163
f 145/250/164 129/221/164 130/251/164
f 153/252/165 137/220/165 138/222/165
f 146/253/166 130/251/166 131/223/166
f 139/235/167 153/252/167 138/222/167
f 151/254/168 165/255/168 150/245/168
f 144/256/169 5367/257/169 5368/246/169
f 158/248/170 5429/258/170 173/259/170
f 167/260/171 151/254/171 152/249/171
f 145/250/172 159/261/172 144/256/172
f 168/262/173 152/249/173 153/252/173
f 161/263/174 145/250/174 146/253/174
f 169/264/175 153/252/175 154/234/175
f 147/232/176 161/263/176 146/253/176
f 170/265/177 154/234/177 155/266/177
f 148/236/178 162/267/178 147/268/178
f 171/269/179 155/238/179 156/242/179
f 149/240/180 163/270/180 148/236/180
f 157/243/181 171/269/181 156/242/181
f 150/245/182 164/271/182 149/240/182
f 173/259/183 157/243/183 158/248/183
f 170/272/184 184/273/184 169/274/184
f 178/275/185 162/276/185 163/277/185
f 171/269/186 185/278/186 170/272/186
f 179/279/187 163/270/187 164/271/187
f 187/280/188 171/269/188 172/281/188
f 165/255/189 179/279/189 164/271/189
f 188/282/190 172/281/190 173/259/190
f 166/283/191 180/284/191 165/255/191
f 159/261/192 5366/285/192 5367/257/192
f 173/259/193 5431/286/193 188/282/193
f 182/287/194 166/283/194 167/260/194
f 160/288/195 174/289/195 159/261/195
f 183/290/196 167/260/196 168/262/196
f 161/263/197 175/291/197 160/288/197
f 169/264/198 183/290/198 168/262/198
f 177/292/199 161/263/199 162/276/199
f 188/282/200 5420/293/200 203/294/200
f 197/295/201 181/296/201 182/297/201
f 190/298/202 174/289/202 175/291/202
f 198/299/203 182/297/203 183/300/203
f 191/301/204 175/291/204 176/302/204
f 184/303/205 198/299/205 183/300/205
f 192/304/206 176/302/206 177/292/206
f 200/305/207 184/273/207 185/278/207
f 178/306/208 192/307/208 177/308/208
f 186/309/209 200/305/209 185/278/209
f 194/310/210 178/306/210 179/311/210
f 187/280/211 201/312/211 186/309/211
f 180/313/212 194/310/212 179/311/212
f 188/282/213 202/314/213 187/280/213
f 181/296/214 195/315/214 180/313/214
f 174/289/215 5365/316/215 5366/285/215
f 201/312/216 215/317/216 200/305/216
f 209/318/217 193/319/217 194/310/217
f 217/320/218 201/312/218 202/314/218
f 195/315/219 209/318/219 194/310/219
f 203/294/220 217/320/220 202/314/220
f 196/321/221 210/322/221 195/315/221
f 189/323/222 5364/324/222 5365/316/222
f 203/294/223 5421/325/223 218/326/223
f 212/327/224 196/321/224 197/295/224
f 205/328/225 189/323/225 190/298/225
f 213/329/226 197/295/226 198/299/226
f 191/301/227 205/328/227 190/298/227
f 199/330/228 213/329/228 198/299/228
f 207/331/229 191/301/229 192/304/229
f 215/332/230 199/330/230 200/333/230
f 193/319/231 207/334/231 192/307/231
f 205/328/232 219/335/232 204/336/232
f 228/337/233 212/327/233 213/329/233
f 206/338/234 220/339/234 205/328/234
f 214/340/235 228/337/235 213/329/235
f 222/341/236 206/338/236 207/331/236
f 230/342/237 214/340/237 215/332/237
f 208/343/238 222/344/238 207/334/238
f 216/345/239 230/346/239 215/317/239
f 224/347/240 208/343/240 209/318/240
f 232/348/241 216/345/241 217/320/241
f 210/322/242 224/347/242 209/318/242
f 233/349/243 217/320/243 218/326/243
f 211/350/244 225/351/244 210/322/244
f 204/336/245 5336/352/245 5364/324/245
f 218/326/246 5422/353/246 233/349/246
f 227/354/247 211/350/247 212/327/247
f 223/355/248 5331/356/248 5329/357/248
f 232/348/249 5333/358/249 231/359/249
f 225/351/250 5331/356/250 224/347/250
f 233/349/251 5419/360/251 232/348/251
f 226/361/252 5328/362/252 225/351/252
f 5336/352/253 219/335/253 5337/363/253
f 5422/353/254 5423/364/254 233/349/254
f 226/361/255 5327/365/255 5326/366/255
f 219/335/256 5338/367/256 5337/363/256
f 227/354/257 5332/368/257 5327/365/257
f 220/339/258 5335/369/258 5338/367/258
f 229/370/259 5332/368/259 228/337/259
f 221/371/260 5340/372/260 5335/369/260
f 229/370/261 5339/373/261 5330/374/261
f 223/355/262 5340/375/262 222/344/262
f 231/359/263 5333/358/263 5334/376/263
f 240/377/9 486/378/9 236/379/9
f 241/380/11 236/379/11 487/381/11
f 242/382/13 487/383/13 488/384/13
f 243/385/15 488/384/15 489/386/15
f 244/387/17 489/386/17 490/388/17
f 6385/389/18 237/390/18 6382/391/18
f 397/392/20 244/387/20 490/388/20
f 235/393/264 237/390/264 234/394/264
f 239/395/23 235/393/23 486/378/23
f 238/396/265 245/397/265 237/390/265
f 239/395/26 246/398/26 238/396/26
f 248/399/28 239/395/28 240/377/28
f 249/400/30 240/377/30 241/380/30
f 242/382/32 249/401/32 241/402/32
f 243/385/34 250/403/34 242/382/34
f 252/404/36 243/385/36 244/387/36
f 245/397/37 6382/391/37 237/390/37
f 397/392/39 252/404/39 244/387/39
f 258/405/40 249/401/40 250/403/40
f 251/406/266 258/405/266 250/403/266
f 252/404/267 259/407/267 251/406/267
f 253/408/45 6384/409/45 245/397/45
f 397/392/268 260/410/268 252/404/268
f 246/398/48 253/408/48 245/397/48
f 255/411/50 246/398/50 247/412/50
f 248/399/52 255/411/52 247/412/52
f 257/413/54 248/399/54 249/400/54
f 263/414/56 254/415/56 255/411/56
f 256/416/58 263/414/58 255/411/58
f 257/417/60 264/418/60 256/419/60
f 266/420/62 257/417/62 258/405/62
f 267/421/64 258/405/64 259/407/64
f 260/410/269 267/421/269 259/407/269
f 261/422/67 6383/423/67 253/408/67
f 397/392/69 268/424/69 260/410/69
f 254/415/70 261/422/70 253/408/70
f 275/425/72 266/420/72 267/421/72
f 276/426/270 267/421/270 268/424/270
f 269/427/75 6394/428/75 261/429/75
f 397/392/271 276/426/271 268/424/271
f 262/430/78 269/427/78 261/429/78
f 271/431/80 262/430/80 263/432/80
f 264/433/82 271/431/82 263/432/82
f 265/434/84 272/435/84 264/418/84
f 266/420/86 273/436/86 265/434/86
f 280/437/89 271/431/89 272/438/89
f 281/439/91 272/438/91 273/440/91
f 274/441/93 281/442/93 273/436/93
f 275/425/95 282/443/95 274/441/95
f 284/444/272 275/425/272 276/426/272
f 277/445/98 6396/446/98 269/427/98
f 397/392/100 284/444/100 276/426/100
f 270/447/101 277/445/101 269/427/101
f 279/448/103 270/447/103 271/431/103
f 292/449/273 283/450/273 284/444/273
f 285/451/106 6400/452/106 277/445/106
f 397/392/108 292/449/108 284/444/108
f 278/453/109 285/451/109 277/445/109
f 287/454/111 278/453/111 279/448/111
f 288/455/113 279/448/113 280/437/113
f 289/456/115 280/437/115 281/439/115
f 290/457/117 281/442/117 282/443/117
f 291/458/119 282/443/119 283/450/119
f 288/455/120 295/459/120 287/454/120
f 289/456/122 296/460/122 288/455/122
f 290/457/124 297/461/124 289/462/124
f 291/458/126 298/463/126 290/457/126
f 292/449/128 299/464/128 291/458/128
f 285/451/129 6397/465/129 6399/466/129
f 397/392/274 300/467/274 292/449/274
f 294/468/132 285/451/132 286/469/132
f 295/459/134 286/469/134 287/454/134
f 308/470/136 299/464/136 300/467/136
f 293/471/275 6398/472/275 6397/465/275
f 397/392/139 308/470/139 300/467/139
f 302/473/140 293/471/140 294/468/140
f 303/474/142 294/468/142 295/459/142
f 304/475/144 295/459/144 296/460/144
f 297/476/146 304/475/146 296/460/146
f 306/477/148 297/461/148 298/463/148
f 307/478/150 298/463/150 299/464/150
f 305/479/153 312/480/153 304/475/153
f 306/477/155 313/481/155 305/482/155
f 307/478/157 314/483/157 306/477/157
f 308/470/159 315/484/159 307/478/159
f 301/485/160 6401/486/160 6398/472/160
f 397/392/162 316/487/162 308/470/162
f 310/488/163 301/485/163 302/473/163
f 311/489/165 302/473/165 303/474/165
f 304/475/167 311/489/167 303/474/167
f 309/490/276 6395/491/276 6401/486/276
f 397/392/170 324/492/170 316/487/170
f 318/493/171 309/490/171 310/488/171
f 311/489/173 318/493/173 310/488/173
f 312/480/175 319/494/175 311/489/175
f 321/495/177 312/480/177 313/496/177
f 322/497/179 313/481/179 314/483/179
f 323/498/277 314/483/277 315/484/277
f 316/487/278 323/498/278 315/484/278
f 329/499/184 320/500/184 321/501/184
f 322/497/186 329/499/186 321/501/186
f 323/498/188 330/502/188 322/497/188
f 324/492/279 331/503/279 323/498/279
f 317/504/191 6402/505/191 6395/491/191
f 397/392/193 332/506/193 324/492/193
f 326/507/194 317/504/194 318/493/194
f 319/494/196 326/507/196 318/493/196
f 320/508/198 327/509/198 319/494/198
f 397/392/200 340/510/200 332/506/200
f 334/511/201 325/512/201 326/513/201
f 327/514/203 334/511/203 326/513/203
f 336/515/205 327/514/205 328/516/205
f 337/517/207 328/518/207 329/499/207
f 330/502/209 337/517/209 329/499/209
f 339/519/211 330/502/211 331/503/211
f 340/510/213 331/503/213 332/506/213
f 325/512/214 6391/520/214 6402/521/214
f 338/522/216 345/523/216 337/517/216
f 347/524/280 338/522/280 339/519/280
f 348/525/281 339/519/281 340/510/281
f 333/526/221 6392/527/221 6391/520/221
f 397/392/223 348/525/223 340/510/223
f 342/528/224 333/526/224 334/511/224
f 343/529/226 334/511/226 335/530/226
f 336/515/228 343/529/228 335/530/228
f 345/531/230 336/515/230 337/532/230
f 351/533/233 342/528/233 343/529/233
f 344/534/235 351/533/235 343/529/235
f 345/531/237 352/535/237 344/534/237
f 346/536/239 353/537/239 345/523/239
f 355/538/241 346/536/241 347/524/241
f 348/525/243 355/538/243 347/524/243
f 341/539/244 6390/540/244 6392/527/244
f 397/392/246 356/541/246 348/525/246
f 350/542/247 341/539/247 342/528/247
f 355/538/249 362/543/249 354/544/249
f 356/541/251 363/545/251 355/538/251
f 349/546/282 6393/547/282 6390/540/282
f 397/392/254 364/548/254 356/541/254
f 358/549/255 349/546/255 350/542/255
f 359/550/257 350/542/257 351/533/257
f 352/535/259 359/550/259 351/533/259
f 353/551/261 360/552/261 352/535/261
f 354/544/263 361/553/263 353/537/263
f 367/554/283 358/549/283 359/550/283
f 360/552/284 367/554/284 359/550/284
f 369/555/285 360/552/285 361/556/285
f 362/543/286 369/557/286 361/553/286
f 371/558/287 362/543/287 363/545/287
f 372/559/288 363/545/288 364/548/288
f 357/560/289 6388/561/289 6393/547/289
f 397/392/290 372/559/290 364/548/290
f 366/562/291 357/560/291 358/549/291
f 371/558/292 378/563/292 370/564/292
f 372/559/293 379/565/293 371/558/293
f 365/566/294 6389/567/294 6388/561/294
f 397/392/295 380/568/295 372/559/295
f 374/569/296 365/566/296 366/562/296
f 375/570/297 366/562/297 367/554/297
f 368/571/298 375/570/298 367/554/298
f 369/555/299 376/572/299 368/571/299
f 370/564/300 377/573/300 369/557/300
f 376/572/301 383/574/301 375/570/301
f 377/575/302 384/576/302 376/572/302
f 378/563/303 385/577/303 377/573/303
f 379/565/304 386/578/304 378/563/304
f 388/579/305 379/565/305 380/568/305
f 373/580/306 6387/581/306 6389/567/306
f 397/392/307 388/579/307 380/568/307
f 382/582/308 373/580/308 374/569/308
f 383/574/309 374/569/309 375/570/309
f 388/579/310 395/583/310 387/584/310
f 381/585/311 6376/586/311 6387/581/311
f 397/392/312 396/587/312 388/579/312
f 390/588/313 381/585/313 382/582/313
f 391/589/314 382/582/314 383/574/314
f 384/576/315 391/589/315 383/574/315
f 385/577/316 392/590/316 384/591/316
f 394/592/317 385/577/317 386/578/317
f 387/584/318 394/592/318 386/578/318
f 392/593/319 400/594/319 391/595/319
f 402/596/320 392/590/320 393/597/320
f 394/592/321 402/596/321 393/597/321
f 404/598/322 394/592/322 395/583/322
f 405/599/323 395/583/323 396/587/323
f 389/600/324 6374/601/324 6376/602/324
f 397/392/325 405/599/325 396/587/325
f 399/603/326 389/600/326 390/604/326
f 400/594/327 390/604/327 391/595/327
f 405/599/328 412/605/328 404/598/328
f 398/606/329 6377/607/329 6374/601/329
f 397/392/330 413/608/330 405/599/330
f 407/609/331 398/606/331 399/603/331
f 408/610/332 399/603/332 400/594/332
f 401/611/333 408/610/333 400/594/333
f 402/612/334 409/613/334 401/611/334
f 403/614/335 410/615/335 402/596/335
f 412/605/336 403/614/336 404/598/336
f 418/616/337 409/613/337 410/617/337
f 411/618/338 418/619/338 410/615/338
f 420/620/339 411/618/339 412/605/339
f 421/621/340 412/605/340 413/608/340
f 406/622/341 6372/623/341 6377/607/341
f 397/392/342 421/621/342 413/608/342
f 415/624/343 406/622/343 407/609/343
f 416/625/344 407/609/344 408/610/344
f 409/613/345 416/625/345 408/610/345
f 397/392/346 429/626/346 421/621/346
f 423/627/347 414/628/347 415/624/347
f 424/629/348 415/624/348 416/625/348
f 417/630/349 424/629/349 416/625/349
f 426/631/350 417/630/350 418/616/350
f 419/632/351 426/633/351 418/619/351
f 420/620/352 427/634/352 419/632/352
f 421/621/353 428/635/353 420/620/353
f 414/628/354 6371/636/354 6372/623/354
f 427/634/355 434/637/355 426/633/355
f 436/638/356 427/634/356 428/635/356
f 429/626/357 436/638/357 428/635/357
f 422/639/358 6373/640/358 6371/636/358
f 397/392/359 437/641/359 429/626/359
f 431/642/360 422/639/360 423/627/360
f 432/643/361 423/627/361 424/629/361
f 425/644/362 432/643/362 424/629/362
f 434/645/363 425/644/363 426/631/363
f 439/646/364 430/647/364 431/642/364
f 440/648/365 431/642/365 432/643/365
f 433/649/366 440/648/366 432/643/366
f 442/650/367 433/649/367 434/645/367
f 435/651/368 442/652/368 434/637/368
f 444/653/369 435/651/369 436/638/369
f 437/641/370 444/653/370 436/638/370
f 430/647/371 6378/654/371 6373/640/371
f 397/392/372 445/655/372 437/641/372
f 451/656/373 442/652/373 443/657/373
f 452/658/374 443/657/374 444/653/374
f 445/655/375 452/658/375 444/653/375
f 438/659/376 6375/660/376 6378/654/376
f 397/392/377 453/661/377 445/655/377
f 447/662/378 438/659/378 439/646/378
f 448/663/379 439/646/379 440/648/379
f 441/664/380 448/663/380 440/648/380
f 450/665/381 441/664/381 442/650/381
f 456/666/382 447/662/382 448/663/382
f 449/667/383 456/666/383 448/663/383
f 458/668/384 449/669/384 450/670/384
f 451/656/385 458/668/385 450/670/385
f 460/671/386 451/656/386 452/658/386
f 461/672/387 452/658/387 453/661/387
f 446/673/388 6386/674/388 6375/660/388
f 397/392/389 461/672/389 453/661/389
f 455/675/390 446/673/390 447/662/390
f 460/671/391 467/676/391 459/677/391
f 469/678/392 460/671/392 461/672/392
f 454/679/393 6381/680/393 6386/681/393
f 397/392/394 469/678/394 461/672/394
f 463/682/395 454/679/395 455/683/395
f 464/684/396 455/683/396 456/685/396
f 457/686/397 464/684/397 456/685/397
f 466/687/398 457/688/398 458/668/398
f 459/677/399 466/687/399 458/668/399
f 472/689/400 463/682/400 464/684/400
f 465/690/401 472/689/401 464/684/401
f 474/691/402 465/690/402 466/692/402
f 475/693/403 466/687/403 467/676/403
f 468/694/404 475/693/404 467/676/404
f 477/695/405 468/694/405 469/678/405
f 462/696/406 6380/697/406 6381/680/406
f 397/392/407 477/695/407 469/678/407
f 471/698/408 462/696/408 463/682/408
f 476/699/409 483/700/409 475/693/409
f 485/701/410 476/699/410 477/695/410
f 470/702/411 6379/703/411 6380/697/411
f 397/392/412 485/701/412 477/695/412
f 479/704/413 470/702/413 471/698/413
f 480/705/414 471/698/414 472/689/414
f 473/706/415 480/705/415 472/689/415
f 482/707/416 473/706/416 474/691/416
f 475/693/417 482/708/417 474/709/417
f 236/379/418 480/705/418 481/710/418
f 487/381/419 481/710/419 482/707/419
f 483/700/420 487/383/420 482/708/420
f 489/386/421 483/700/421 484/711/421
f 490/388/422 484/711/422 485/701/422
f 478/712/423 6385/389/423 6379/703/423
f 397/392/424 490/388/424 485/701/424
f 235/393/425 478/712/425 479/704/425
f 486/378/426 479/704/426 480/705/426
f 491/713/8 496/714/8 745/715/8
f 746/716/10 497/717/10 491/713/10
f 492/718/12 498/719/12 746/720/12
f 747/721/14 499/722/14 492/718/14
f 501/723/16 747/721/16 493/724/16
f 502/725/427 493/724/427 494/726/427
f 744/727/428 495/728/428 535/729/428
f 502/725/429 6235/730/429 6246/731/429
f 745/715/430 495/728/430 744/727/430
f 510/732/24 6246/731/24 6245/733/24
f 504/734/25 495/728/25 496/714/25
f 505/735/27 496/714/27 497/717/27
f 506/736/29 497/717/29 498/737/29
f 507/738/31 498/719/31 499/722/31
f 508/739/33 499/722/33 500/740/33
f 509/741/35 500/740/35 501/723/35
f 510/732/37 501/723/37 502/725/37
f 495/728/38 503/742/38 535/729/38
f 516/743/41 507/738/41 508/739/41
f 517/744/43 508/739/43 509/741/43
f 510/732/45 517/744/45 509/741/45
f 503/742/46 511/745/46 535/729/46
f 6244/746/431 510/732/431 6245/733/431
f 512/747/49 503/742/49 504/734/49
f 505/735/432 512/747/432 504/734/432
f 506/736/53 513/748/53 505/735/53
f 507/738/55 514/749/55 506/750/55
f 521/751/57 512/747/57 513/748/57
f 522/752/59 513/748/59 514/753/59
f 515/754/61 522/752/61 514/753/61
f 516/743/63 523/755/63 515/756/63
f 525/757/65 516/743/65 517/744/65
f 518/758/67 525/757/67 517/744/67
f 511/745/68 519/759/68 535/729/68
f 6272/760/433 518/758/433 6244/746/433
f 520/761/434 511/745/434 512/747/434
f 533/762/73 524/763/73 525/764/73
f 526/765/75 533/762/75 525/764/75
f 519/759/76 527/766/76 535/729/76
f 526/765/78 6272/767/78 6258/768/78
f 520/761/435 527/766/435 519/759/435
f 529/769/81 520/761/81 521/751/81
f 530/770/83 521/751/83 522/752/83
f 531/771/85 522/772/85 523/773/85
f 524/763/87 531/771/87 523/773/87
f 529/769/436 537/774/436 528/775/436
f 539/776/90 529/769/90 530/770/90
f 540/777/92 530/778/92 531/771/92
f 532/779/94 540/777/94 531/771/94
f 542/780/96 532/779/96 533/762/96
f 534/781/437 542/780/437 533/762/437
f 527/766/99 536/782/99 535/729/99
f 6271/783/438 534/781/438 6257/784/438
f 528/775/102 536/782/102 527/766/102
f 542/780/104 549/785/104 541/786/104
f 551/787/439 542/780/439 543/788/439
f 536/782/107 544/789/107 535/729/107
f 6269/790/109 543/788/109 6271/783/109
f 537/774/110 544/789/110 536/782/110
f 538/791/112 545/792/112 537/774/112
f 539/776/114 546/793/114 538/791/114
f 540/777/116 547/794/116 539/795/116
f 549/785/118 540/777/118 541/786/118
f 555/796/121 546/793/121 547/797/121
f 548/798/123 555/799/123 547/794/123
f 557/800/125 548/798/125 549/785/125
f 550/801/127 557/800/127 549/785/127
f 559/802/440 550/801/440 551/787/440
f 544/789/130 552/803/130 535/729/130
f 6266/804/132 551/787/132 6269/790/132
f 553/805/133 544/789/133 545/792/133
f 554/806/135 545/792/135 546/793/135
f 559/802/137 566/807/137 558/808/137
f 552/803/441 560/809/441 535/729/441
f 567/810/442 6266/804/442 6261/811/442
f 553/805/141 560/809/141 552/803/141
f 562/812/143 553/805/143 554/806/143
f 563/813/145 554/806/145 555/796/145
f 564/814/147 555/799/147 556/815/147
f 565/816/149 556/815/149 557/800/149
f 558/808/151 565/816/151 557/800/151
f 563/813/152 570/817/152 562/812/152
f 564/814/154 571/818/154 563/819/154
f 573/820/156 564/814/156 565/816/156
f 566/807/158 573/820/158 565/816/158
f 575/821/160 566/807/160 567/810/160
f 560/809/161 568/822/161 535/729/161
f 575/821/443 6261/811/443 6256/823/443
f 569/824/164 560/809/164 561/825/164
f 562/812/166 569/824/166 561/825/166
f 583/826/444 574/827/444 575/821/444
f 568/822/445 576/828/445 535/729/445
f 575/821/446 6249/829/446 583/826/446
f 577/830/172 568/822/172 569/824/172
f 578/831/447 569/824/447 570/817/447
f 571/832/176 578/831/176 570/817/176
f 580/833/178 571/818/178 572/834/178
f 573/820/180 580/833/180 572/834/180
f 574/827/182 581/835/182 573/820/182
f 588/836/185 579/837/185 580/838/185
f 589/839/187 580/833/187 581/835/187
f 590/840/189 581/835/189 582/841/189
f 583/826/191 590/840/191 582/841/191
f 576/828/448 584/842/448 535/729/448
f 583/826/194 6252/843/194 591/844/194
f 585/845/195 576/828/195 577/830/195
f 578/831/197 585/845/197 577/830/197
f 579/837/199 586/846/199 578/831/199
f 6243/847/201 591/848/201 6252/849/201
f 593/850/202 584/842/202 585/845/202
f 586/846/204 593/850/204 585/845/204
f 595/851/206 586/846/206 587/852/206
f 588/853/208 595/854/208 587/855/208
f 597/856/210 588/853/210 589/857/210
f 590/858/212 597/856/212 589/857/212
f 591/848/449 598/859/449 590/858/449
f 584/842/215 592/860/215 535/729/215
f 597/856/217 604/861/217 596/862/217
f 598/859/219 605/863/219 597/856/219
f 607/864/221 598/859/221 599/865/221
f 592/860/450 600/866/450 535/729/450
f 607/864/451 6243/847/451 6236/867/451
f 593/850/225 600/866/225 592/860/225
f 594/868/227 601/869/227 593/850/227
f 603/870/229 594/868/229 595/851/229
f 596/862/231 603/871/231 595/854/231
f 609/872/452 600/866/452 601/869/452
f 610/873/453 601/869/453 602/874/453
f 611/875/236 602/874/236 603/870/236
f 612/876/238 603/871/238 604/861/238
f 613/877/240 604/861/240 605/863/240
f 606/878/242 613/877/242 605/863/242
f 607/864/244 614/879/244 606/878/244
f 600/866/245 608/880/245 535/729/245
f 6231/881/247 607/864/247 6236/867/247
f 621/882/248 612/876/248 613/877/248
f 614/879/250 621/882/250 613/877/250
f 615/883/282 622/884/282 614/879/282
f 608/880/454 616/885/454 535/729/454
f 615/883/455 6225/886/455 623/887/455
f 609/872/256 616/885/256 608/880/256
f 610/873/258 617/888/258 609/872/258
f 611/875/260 618/889/260 610/873/260
f 612/876/262 619/890/262 611/891/262
f 626/892/456 617/888/456 618/889/456
f 627/893/457 618/889/457 619/894/457
f 620/895/458 627/896/458 619/890/458
f 629/897/459 620/895/459 621/882/459
f 622/884/460 629/897/460 621/882/460
f 631/898/461 622/884/461 623/887/461
f 616/885/462 624/899/462 535/729/462
f 631/898/291 6225/886/291 6228/900/291
f 625/901/463 616/885/463 617/888/463
f 630/902/464 637/903/464 629/897/464
f 639/904/294 630/902/294 631/898/294
f 624/899/465 632/905/465 535/729/465
f 639/904/466 6228/900/466 6216/906/466
f 625/901/467 632/905/467 624/899/467
f 626/892/468 633/907/468 625/901/468
f 627/893/469 634/908/469 626/892/469
f 628/909/470 635/910/470 627/896/470
f 637/903/471 628/909/471 629/897/471
f 642/911/472 633/907/472 634/908/472
f 643/912/473 634/908/473 635/913/473
f 636/914/474 643/915/474 635/910/474
f 645/916/475 636/914/475 637/903/475
f 638/917/476 645/916/476 637/903/476
f 647/918/306 638/917/306 639/904/306
f 632/905/477 640/919/477 535/729/477
f 647/918/478 6216/906/478 6210/920/478
f 641/921/479 632/905/479 633/907/479
f 646/922/480 653/923/480 645/916/480
f 647/918/311 654/924/311 646/922/311
f 640/919/481 648/925/481 535/729/481
f 647/918/482 6203/926/482 655/927/482
f 641/921/483 648/925/483 640/919/483
f 642/911/484 649/928/484 641/921/484
f 651/929/485 642/911/485 643/912/485
f 652/930/486 643/915/486 644/931/486
f 653/923/487 644/931/487 645/916/487
f 659/932/488 650/933/488 651/929/488
f 652/934/489 659/932/489 651/929/489
f 661/935/490 652/936/490 653/937/490
f 654/938/491 661/935/491 653/937/491
f 655/939/324 662/940/324 654/938/324
f 648/925/492 656/941/492 535/729/492
f 663/942/326 6203/943/326 6205/944/326
f 657/945/493 648/925/493 649/928/493
f 658/946/494 649/928/494 650/933/494
f 663/942/329 670/947/329 662/940/329
f 656/941/495 664/948/495 535/729/495
f 671/949/331 6205/944/331 6201/950/331
f 665/951/496 656/941/496 657/945/496
f 658/946/497 665/951/497 657/945/497
f 659/932/498 666/952/498 658/946/498
f 660/953/499 667/954/499 659/955/499
f 669/956/500 660/953/500 661/935/500
f 662/940/501 669/956/501 661/935/501
f 668/957/502 675/958/502 667/954/502
f 677/959/503 668/957/503 669/956/503
f 670/947/504 677/959/504 669/956/504
f 671/949/341 678/960/341 670/947/341
f 664/948/505 672/961/505 535/729/505
f 6221/962/506 671/949/506 6201/950/506
f 665/951/507 672/961/507 664/948/507
f 666/952/508 673/963/508 665/951/508
f 675/964/509 666/952/509 667/965/509
f 672/961/510 680/966/510 535/729/510
f 6192/967/511 679/968/511 6221/962/511
f 681/969/512 672/961/512 673/963/512
f 682/970/513 673/963/513 674/971/513
f 675/964/514 682/970/514 674/971/514
f 676/972/515 683/973/515 675/958/515
f 677/959/516 684/974/516 676/972/516
f 678/960/517 685/975/517 677/959/517
f 687/976/354 678/960/354 679/968/354
f 684/974/518 691/977/518 683/973/518
f 693/978/519 684/974/519 685/975/519
f 686/979/520 693/978/520 685/975/520
f 687/976/521 694/980/521 686/979/521
f 680/966/522 688/981/522 535/729/522
f 695/982/360 6192/967/360 6222/983/360
f 681/969/523 688/981/523 680/966/523
f 682/970/524 689/984/524 681/969/524
f 691/985/525 682/970/525 683/986/525
f 703/987/526 6222/983/526 6209/988/526
f 697/989/527 688/981/527 689/984/527
f 698/990/528 689/984/528 690/991/528
f 699/992/529 690/991/529 691/985/529
f 692/993/530 699/994/530 691/977/530
f 701/995/531 692/993/531 693/978/531
f 694/980/532 701/995/532 693/978/532
f 703/987/371 694/980/371 695/982/371
f 688/981/533 696/996/533 535/729/533
f 701/995/534 708/997/534 700/998/534
f 702/999/535 709/1000/535 701/995/535
f 711/1001/536 702/999/536 703/987/536
f 696/996/537 704/1002/537 535/729/537
f 6206/1003/378 703/987/378 6209/988/378
f 697/989/538 704/1002/538 696/996/538
f 706/1004/539 697/989/539 698/990/539
f 707/1005/540 698/990/540 699/992/540
f 700/998/541 707/1006/541 699/994/541
f 713/1007/542 704/1002/542 705/1008/542
f 714/1009/543 705/1008/543 706/1004/543
f 707/1005/544 714/1009/544 706/1004/544
f 716/1010/545 707/1005/545 708/1011/545
f 717/1012/546 708/997/546 709/1000/546
f 710/1013/547 717/1012/547 709/1000/547
f 711/1001/388 718/1014/388 710/1013/388
f 704/1002/548 712/1015/548 535/729/548
f 719/1016/390 6206/1003/390 6220/1017/390
f 725/1018/549 716/1019/549 717/1020/549
f 718/1021/550 725/1018/550 717/1020/550
f 719/1022/393 726/1023/393 718/1021/393
f 712/1015/551 720/1024/551 535/729/551
f 6218/1025/552 719/1022/552 6220/1026/552
f 721/1027/553 712/1015/553 713/1007/553
f 714/1009/554 721/1027/554 713/1007/554
f 715/1028/555 722/1029/555 714/1009/555
f 724/1030/556 715/1028/556 716/1010/556
f 730/1031/557 721/1027/557 722/1029/557
f 731/1032/558 722/1029/558 723/1033/558
f 732/1034/559 723/1035/559 724/1036/559
f 733/1037/560 724/1036/560 725/1018/560
f 734/1038/561 725/1018/561 726/1023/561
f 727/1039/406 734/1038/406 726/1023/406
f 720/1024/562 728/1040/562 535/729/562
f 6217/1041/408 727/1039/408 6218/1025/408
f 729/1042/563 720/1024/563 721/1027/563
f 742/1043/564 733/1037/564 734/1038/564
f 735/1044/411 742/1043/411 734/1038/411
f 728/1040/565 736/1045/565 535/729/565
f 6273/1046/413 735/1044/413 6217/1041/413
f 737/1047/566 728/1040/566 729/1042/566
f 730/1031/567 737/1047/567 729/1042/567
f 739/1048/568 730/1031/568 731/1032/568
f 732/1034/569 739/1049/569 731/1050/569
f 733/1037/570 740/1051/570 732/1034/570
f 746/716/571 738/1052/571 739/1048/571
f 740/1051/572 746/720/572 739/1049/572
f 741/1053/573 492/718/573 740/1051/573
f 742/1043/574 747/721/574 741/1053/574
f 743/1054/423 493/724/423 742/1043/423
f 736/1045/575 744/727/575 535/729/575
f 6235/730/425 743/1054/425 6273/1046/425
f 737/1047/576 744/727/576 736/1045/576
f 738/1052/577 745/715/577 737/1047/577
f 754/1055/8 1002/1056/8 748/1057/8
f 755/1058/10 748/1057/10 1003/1059/10
f 749/1060/12 755/1061/12 1003/1062/12
f 1004/1063/14 756/1064/14 749/1060/14
f 750/1065/16 757/1066/16 1004/1063/16
f 759/1067/578 750/1065/578 751/1068/578
f 1001/1069/428 752/1070/428 792/1071/428
f 759/1067/21 6234/1072/21 6232/1073/21
f 1002/1056/430 752/1070/430 1001/1069/430
f 6239/1074/265 759/1067/265 6232/1073/265
f 753/1075/25 760/1076/25 752/1070/25
f 754/1055/27 761/1077/27 753/1075/27
f 763/1078/29 754/1055/29 755/1058/29
f 756/1064/31 763/1079/31 755/1061/31
f 765/1080/33 756/1064/33 757/1066/33
f 766/1081/35 757/1066/35 758/1082/35
f 767/1083/37 758/1082/37 759/1067/37
f 752/1070/38 760/1076/38 792/1071/38
f 773/1084/41 764/1085/41 765/1080/41
f 774/1086/43 765/1080/43 766/1081/43
f 767/1083/45 774/1086/45 766/1081/45
f 760/1076/46 768/1087/46 792/1071/46
f 6241/1088/431 767/1083/431 6239/1074/431
f 769/1089/49 760/1076/49 761/1077/49
f 770/1090/432 761/1077/432 762/1091/432
f 771/1092/53 762/1091/53 763/1078/53
f 772/1093/55 763/1079/55 764/1085/55
f 770/1090/57 777/1094/57 769/1089/57
f 779/1095/59 770/1090/59 771/1092/59
f 780/1096/61 771/1092/61 772/1097/61
f 781/1098/63 772/1093/63 773/1084/63
f 774/1086/65 781/1098/65 773/1084/65
f 775/1099/579 782/1100/579 774/1086/579
f 768/1087/68 776/1101/68 792/1071/68
f 6251/1102/433 775/1099/433 6241/1088/433
f 777/1094/434 768/1087/434 769/1089/434
f 782/1103/73 789/1104/73 781/1105/73
f 783/1106/75 790/1107/75 782/1103/75
f 776/1101/76 784/1108/76 792/1071/76
f 791/1109/78 6251/1110/78 6255/1111/78
f 777/1094/435 784/1108/435 776/1101/435
f 778/1112/81 785/1113/81 777/1094/81
f 787/1114/83 778/1112/83 779/1095/83
f 780/1115/85 787/1116/85 779/1117/85
f 789/1104/87 780/1115/87 781/1105/87
f 795/1118/88 785/1113/88 786/1119/88
f 796/1120/90 786/1119/90 787/1114/90
f 788/1121/92 796/1122/92 787/1116/92
f 798/1123/94 788/1121/94 789/1104/94
f 790/1107/96 798/1123/96 789/1104/96
f 791/1109/580 799/1124/580 790/1107/580
f 784/1108/99 793/1125/99 792/1071/99
f 6260/1126/101 791/1109/101 6255/1111/101
f 785/1113/102 793/1125/102 784/1108/102
f 799/1124/104 806/1127/104 798/1123/104
f 808/1128/439 799/1124/439 800/1129/439
f 793/1125/107 801/1130/107 792/1071/107
f 6265/1131/581 800/1129/581 6260/1126/581
f 794/1132/110 801/1130/110 793/1125/110
f 795/1118/112 802/1133/112 794/1132/112
f 804/1134/114 795/1118/114 796/1120/114
f 797/1135/116 804/1136/116 796/1122/116
f 806/1127/118 797/1135/118 798/1123/118
f 812/1137/121 803/1138/121 804/1134/121
f 805/1139/123 812/1140/123 804/1136/123
f 806/1127/125 813/1141/125 805/1139/125
f 807/1142/127 814/1143/127 806/1127/127
f 808/1128/440 815/1144/440 807/1142/440
f 801/1130/130 809/1145/130 792/1071/130
f 808/1128/132 6262/1146/132 816/1147/132
f 810/1148/133 801/1130/133 802/1133/133
f 803/1138/135 810/1148/135 802/1133/135
f 816/1147/137 823/1149/137 815/1144/137
f 809/1145/441 817/1150/441 792/1071/441
f 816/1147/442 6264/1151/442 824/1152/442
f 810/1148/141 817/1150/141 809/1145/141
f 819/1153/143 810/1148/143 811/1154/143
f 820/1155/145 811/1154/145 812/1137/145
f 821/1156/147 812/1140/147 813/1141/147
f 822/1157/149 813/1141/149 814/1143/149
f 815/1144/151 822/1157/151 814/1143/151
f 820/1155/152 827/1158/152 819/1153/152
f 821/1156/154 828/1159/154 820/1160/154
f 830/1161/156 821/1156/156 822/1157/156
f 823/1149/158 830/1161/158 822/1157/158
f 824/1152/160 831/1162/160 823/1149/160
f 817/1150/161 825/1163/161 792/1071/161
f 832/1164/443 6264/1151/443 6254/1165/443
f 826/1166/164 817/1150/164 818/1167/164
f 819/1153/166 826/1166/166 818/1167/166
f 832/1164/582 839/1168/582 831/1162/582
f 825/1163/445 833/1169/445 792/1071/445
f 840/1170/171 6254/1165/171 6250/1171/171
f 834/1172/172 825/1163/172 826/1166/172
f 827/1158/174 834/1172/174 826/1166/174
f 836/1173/176 827/1158/176 828/1174/176
f 829/1175/178 836/1176/178 828/1159/178
f 830/1161/180 837/1177/180 829/1175/180
f 831/1162/182 838/1178/182 830/1161/182
f 845/1179/185 836/1173/185 837/1180/185
f 846/1181/187 837/1177/187 838/1178/187
f 839/1168/189 846/1181/189 838/1178/189
f 840/1170/191 847/1182/191 839/1168/191
f 833/1169/448 841/1183/448 792/1071/448
f 840/1170/194 6248/1184/194 848/1185/194
f 842/1186/195 833/1169/195 834/1172/195
f 843/1187/197 834/1172/197 835/1188/197
f 844/1189/199 835/1188/199 836/1173/199
f 856/1190/583 6248/1191/583 6242/1192/583
f 842/1186/202 849/1193/202 841/1183/202
f 843/1187/204 850/1194/204 842/1186/204
f 844/1189/206 851/1195/206 843/1187/206
f 845/1196/208 852/1197/208 844/1198/208
f 854/1199/210 845/1196/210 846/1200/210
f 847/1201/212 854/1199/212 846/1200/212
f 856/1190/214 847/1201/214 848/1202/214
f 841/1183/215 849/1193/215 792/1071/215
f 862/1203/217 853/1204/217 854/1199/217
f 855/1205/219 862/1203/219 854/1199/219
f 864/1206/584 855/1205/584 856/1190/584
f 849/1193/450 857/1207/450 792/1071/450
f 864/1206/451 6242/1192/451 6237/1208/451
f 858/1209/225 849/1193/225 850/1194/225
f 859/1210/585 850/1194/585 851/1195/585
f 852/1211/229 859/1210/229 851/1195/229
f 853/1204/231 860/1212/231 852/1197/231
f 858/1209/452 865/1213/452 857/1207/452
f 859/1210/234 866/1214/234 858/1209/234
f 868/1215/236 859/1210/236 860/1216/236
f 869/1217/238 860/1212/238 861/1218/238
f 870/1219/240 861/1218/240 862/1203/240
f 863/1220/242 870/1219/242 862/1203/242
f 872/1221/244 863/1220/244 864/1206/244
f 857/1207/245 865/1213/245 792/1071/245
f 872/1221/586 6237/1208/586 6230/1222/586
f 878/1223/248 869/1217/248 870/1219/248
f 871/1224/250 878/1223/250 870/1219/250
f 872/1221/282 879/1225/282 871/1224/282
f 865/1213/454 873/1226/454 792/1071/454
f 872/1221/455 6226/1227/455 880/1228/455
f 874/1229/256 865/1213/256 866/1214/256
f 875/1230/258 866/1214/258 867/1231/258
f 876/1232/260 867/1231/260 868/1215/260
f 877/1233/262 868/1234/262 869/1217/262
f 875/1230/456 882/1235/456 874/1229/456
f 876/1232/457 883/1236/457 875/1230/457
f 877/1233/458 884/1237/458 876/1238/458
f 886/1239/459 877/1233/459 878/1223/459
f 879/1225/460 886/1239/460 878/1223/460
f 888/1240/587 879/1225/587 880/1228/587
f 873/1226/462 881/1241/462 792/1071/462
f 888/1240/291 6226/1227/291 6223/1242/291
f 874/1229/463 881/1241/463 873/1226/463
f 887/1243/464 894/1244/464 886/1239/464
f 896/1245/294 887/1243/294 888/1240/294
f 881/1241/465 889/1246/465 792/1071/465
f 896/1245/466 6223/1242/466 6214/1247/466
f 890/1248/467 881/1241/467 882/1235/467
f 891/1249/588 882/1235/588 883/1236/588
f 892/1250/469 883/1236/469 884/1251/469
f 885/1252/470 892/1253/470 884/1237/470
f 894/1244/471 885/1252/471 886/1239/471
f 891/1249/589 898/1254/589 890/1248/589
f 900/1255/473 891/1249/473 892/1250/473
f 893/1256/474 900/1257/474 892/1253/474
f 902/1258/475 893/1256/475 894/1244/475
f 895/1259/476 902/1258/476 894/1244/476
f 904/1260/590 895/1259/590 896/1245/590
f 889/1246/477 897/1261/477 792/1071/477
f 904/1260/591 6214/1247/591 6212/1262/591
f 890/1248/592 897/1261/592 889/1246/592
f 911/1263/480 902/1258/480 903/1264/480
f 904/1260/311 911/1263/311 903/1264/311
f 897/1261/481 905/1265/481 792/1071/481
f 912/1266/313 6212/1262/313 6219/1267/313
f 906/1268/483 897/1261/483 898/1254/483
f 907/1269/484 898/1254/484 899/1270/484
f 908/1271/485 899/1270/485 900/1255/485
f 909/1272/486 900/1257/486 901/1273/486
f 910/1274/487 901/1273/487 902/1258/487
f 908/1271/488 915/1275/488 907/1269/488
f 909/1276/489 916/1277/489 908/1271/489
f 910/1278/490 917/1279/490 909/1280/490
f 919/1281/491 910/1278/491 911/1282/491
f 912/1283/324 919/1281/324 911/1282/324
f 905/1265/492 913/1284/492 792/1071/492
f 6207/1285/326 912/1283/326 6219/1286/326
f 906/1268/593 913/1284/593 905/1265/593
f 915/1275/494 906/1268/494 907/1269/494
f 920/1287/329 927/1288/329 919/1281/329
f 913/1284/495 921/1289/495 792/1071/495
f 6200/1290/331 920/1287/331 6207/1285/331
f 922/1291/496 913/1284/496 914/1292/496
f 923/1293/594 914/1292/594 915/1275/594
f 924/1294/498 915/1275/498 916/1277/498
f 917/1279/499 924/1295/499 916/1296/499
f 926/1297/500 917/1279/500 918/1298/500
f 919/1281/501 926/1297/501 918/1298/501
f 933/1299/502 924/1295/502 925/1300/502
f 934/1301/503 925/1300/503 926/1297/503
f 927/1288/504 934/1301/504 926/1297/504
f 928/1302/341 935/1303/341 927/1288/341
f 921/1289/505 929/1304/505 792/1071/505
f 6196/1305/343 928/1302/343 6200/1290/343
f 922/1291/595 929/1304/595 921/1289/595
f 923/1293/508 930/1306/508 922/1291/508
f 932/1307/509 923/1293/509 924/1294/509
f 929/1304/510 937/1308/510 792/1071/510
f 6193/1309/596 936/1310/596 6196/1305/596
f 938/1311/512 929/1304/512 930/1306/512
f 939/1312/513 930/1306/513 931/1313/513
f 940/1314/514 931/1313/514 932/1307/514
f 933/1299/515 940/1315/515 932/1316/515
f 942/1317/516 933/1299/516 934/1301/516
f 935/1303/517 942/1317/517 934/1301/517
f 936/1310/597 943/1318/597 935/1303/597
f 949/1319/518 940/1315/518 941/1320/518
f 950/1321/519 941/1320/519 942/1317/519
f 943/1318/520 950/1321/520 942/1317/520
f 944/1322/521 951/1323/521 943/1318/521
f 937/1308/522 945/1324/522 792/1071/522
f 6197/1325/598 944/1322/598 6193/1309/598
f 938/1311/523 945/1324/523 937/1308/523
f 939/1312/524 946/1326/524 938/1311/524
f 948/1327/525 939/1312/525 940/1314/525
f 6208/1328/526 952/1329/526 6197/1325/526
f 954/1330/527 945/1324/527 946/1326/527
f 955/1331/528 946/1326/528 947/1332/528
f 956/1333/529 947/1332/529 948/1327/529
f 949/1319/530 956/1334/530 948/1335/530
f 958/1336/531 949/1319/531 950/1321/531
f 959/1337/532 950/1321/532 951/1323/532
f 952/1329/371 959/1337/371 951/1323/371
f 945/1324/533 953/1338/533 792/1071/533
f 958/1336/534 965/1339/534 957/1340/534
f 959/1337/535 966/1341/535 958/1336/535
f 960/1342/536 967/1343/536 959/1337/536
f 953/1338/537 961/1344/537 792/1071/537
f 6204/1345/599 960/1342/599 6208/1328/599
f 954/1330/600 961/1344/600 953/1338/600
f 955/1331/539 962/1346/539 954/1330/539
f 964/1347/540 955/1331/540 956/1333/540
f 965/1339/541 956/1334/541 957/1340/541
f 970/1348/542 961/1344/542 962/1346/542
f 963/1349/543 970/1348/543 962/1346/543
f 964/1347/544 971/1350/544 963/1349/544
f 973/1351/545 964/1347/545 965/1352/545
f 974/1353/546 965/1339/546 966/1341/546
f 967/1343/547 974/1353/547 966/1341/547
f 968/1354/388 975/1355/388 967/1343/388
f 961/1344/548 969/1356/548 792/1071/548
f 6202/1357/601 968/1354/601 6204/1345/601
f 982/1358/549 973/1359/549 974/1360/549
f 975/1361/550 982/1358/550 974/1360/550
f 976/1362/393 983/1363/393 975/1361/393
f 969/1356/551 977/1364/551 792/1071/551
f 6211/1365/395 976/1362/395 6202/1366/395
f 978/1367/553 969/1356/553 970/1348/553
f 971/1350/554 978/1367/554 970/1348/554
f 980/1368/555 971/1350/555 972/1369/555
f 973/1351/556 980/1368/556 972/1369/556
f 979/1370/557 986/1371/557 978/1367/557
f 988/1372/558 979/1370/558 980/1368/558
f 981/1373/559 988/1374/559 980/1375/559
f 990/1376/560 981/1373/560 982/1358/560
f 983/1363/561 990/1376/561 982/1358/561
f 984/1377/406 991/1378/406 983/1363/406
f 977/1364/562 985/1379/562 792/1071/562
f 6215/1380/602 984/1377/602 6211/1365/602
f 978/1367/563 985/1379/563 977/1364/563
f 999/1381/564 990/1376/564 991/1378/564
f 992/1382/411 999/1381/411 991/1378/411
f 985/1379/565 993/1383/565 792/1071/565
f 6227/1384/413 992/1382/413 6215/1380/413
f 994/1385/566 985/1379/566 986/1371/566
f 987/1386/567 994/1385/567 986/1371/567
f 996/1387/568 987/1386/568 988/1372/568
f 989/1388/569 996/1389/569 988/1374/569
f 990/1376/570 997/1390/570 989/1388/570
f 996/1387/571 748/1057/571 995/1391/571
f 997/1390/572 1003/1062/572 996/1389/572
f 998/1392/573 749/1060/573 997/1390/573
f 750/1065/574 998/1392/574 999/1381/574
f 1000/1393/423 750/1065/423 999/1381/423
f 993/1383/575 1001/1069/575 792/1071/575
f 6234/1072/603 1000/1393/603 6227/1384/603
f 994/1385/604 1001/1069/604 993/1383/604
f 995/1391/577 1002/1056/577 994/1385/577
f 1005/1394/8 1010/1395/8 1259/1396/8
f 1260/1397/10 1011/1398/10 1005/1394/10
f 1006/1399/12 1012/1400/12 1260/1401/12
f 1261/1402/14 1013/1403/14 1006/1399/14
f 1015/1404/16 1261/1402/16 1007/1405/16
f 1016/1406/427 1007/1405/427 1008/1407/427
f 1258/1408/428 1009/1409/428 1049/1410/428
f 1016/1406/429 6233/1411/429 6229/1412/429
f 1259/1396/430 1009/1409/430 1258/1408/430
f 6238/1413/265 1016/1406/265 6229/1412/265
f 1018/1414/25 1009/1409/25 1010/1395/25
f 1019/1415/27 1010/1395/27 1011/1398/27
f 1020/1416/29 1011/1398/29 1012/1417/29
f 1013/1403/31 1020/1418/31 1012/1400/31
f 1022/1419/33 1013/1403/33 1014/1420/33
f 1023/1421/35 1014/1420/35 1015/1404/35
f 1024/1422/605 1015/1404/605 1016/1406/605
f 1009/1409/38 1017/1423/38 1049/1410/38
f 1030/1424/41 1021/1425/41 1022/1419/41
f 1031/1426/43 1022/1419/43 1023/1421/43
f 1024/1422/45 1031/1426/45 1023/1421/45
f 1017/1423/46 1025/1427/46 1049/1410/46
f 6240/1428/431 1024/1422/431 6238/1413/431
f 1026/1429/49 1017/1423/49 1018/1414/49
f 1019/1415/51 1026/1429/51 1018/1414/51
f 1020/1416/53 1027/1430/53 1019/1415/53
f 1021/1425/55 1028/1431/55 1020/1418/55
f 1035/1432/57 1026/1429/57 1027/1430/57
f 1036/1433/59 1027/1430/59 1028/1434/59
f 1029/1435/61 1036/1433/61 1028/1434/61
f 1030/1424/63 1037/1436/63 1029/1437/63
f 1039/1438/65 1030/1424/65 1031/1426/65
f 1040/1439/579 1031/1426/579 1032/1440/579
f 1025/1427/68 1033/1441/68 1049/1410/68
f 6247/1442/433 1032/1440/433 6240/1428/433
f 1034/1443/434 1025/1427/434 1026/1429/434
f 1039/1444/73 1046/1445/73 1038/1446/73
f 1040/1447/75 1047/1448/75 1039/1444/75
f 1033/1441/76 1041/1449/76 1049/1410/76
f 1048/1450/606 6247/1451/606 6253/1452/606
f 1034/1443/435 1041/1449/435 1033/1441/435
f 1043/1453/81 1034/1443/81 1035/1432/81
f 1044/1454/83 1035/1432/83 1036/1433/83
f 1045/1455/85 1036/1456/85 1037/1457/85
f 1038/1446/87 1045/1455/87 1037/1457/87
f 1043/1453/436 1051/1458/436 1042/1459/436
f 1053/1460/90 1043/1453/90 1044/1454/90
f 1054/1461/92 1044/1462/92 1045/1455/92
f 1046/1445/94 1054/1461/94 1045/1455/94
f 1047/1448/96 1055/1463/96 1046/1445/96
f 1048/1450/437 1056/1464/437 1047/1448/437
f 1041/1449/99 1050/1465/99 1049/1410/99
f 1057/1466/101 6253/1452/101 6259/1467/101
f 1042/1459/102 1050/1465/102 1041/1449/102
f 1056/1464/104 1063/1468/104 1055/1463/104
f 1065/1469/439 1056/1464/439 1057/1466/439
f 1050/1465/107 1058/1470/107 1049/1410/107
f 6268/1471/581 1057/1466/581 6259/1467/581
f 1051/1458/110 1058/1470/110 1050/1465/110
f 1052/1472/112 1059/1473/112 1051/1458/112
f 1053/1460/114 1060/1474/114 1052/1472/114
f 1054/1461/116 1061/1475/116 1053/1476/116
f 1063/1468/118 1054/1461/118 1055/1463/118
f 1069/1477/121 1060/1474/121 1061/1478/121
f 1062/1479/123 1069/1480/123 1061/1475/123
f 1071/1481/125 1062/1479/125 1063/1468/125
f 1064/1482/127 1071/1481/127 1063/1468/127
f 1073/1483/440 1064/1482/440 1065/1469/440
f 1058/1470/130 1066/1484/130 1049/1410/130
f 6263/1485/607 1065/1469/607 6268/1471/607
f 1067/1486/133 1058/1470/133 1059/1473/133
f 1060/1474/135 1067/1486/135 1059/1473/135
f 1073/1483/137 1080/1487/137 1072/1488/137
f 1066/1484/441 1074/1489/441 1049/1410/441
f 1081/1490/608 6263/1485/608 6267/1491/608
f 1067/1486/141 1074/1489/141 1066/1484/141
f 1076/1492/143 1067/1486/143 1068/1493/143
f 1077/1494/145 1068/1493/145 1069/1477/145
f 1078/1495/147 1069/1480/147 1070/1496/147
f 1079/1497/149 1070/1496/149 1071/1481/149
f 1072/1488/151 1079/1497/151 1071/1481/151
f 1077/1494/152 1084/1498/152 1076/1492/152
f 1078/1495/154 1085/1499/154 1077/1500/154
f 1087/1501/156 1078/1495/156 1079/1497/156
f 1080/1487/158 1087/1501/158 1079/1497/158
f 1089/1502/160 1080/1487/160 1081/1490/160
f 1074/1489/161 1082/1503/161 1049/1410/161
f 1089/1502/443 6267/1491/443 6270/1504/443
f 1083/1505/164 1074/1489/164 1075/1506/164
f 1084/1498/166 1075/1506/166 1076/1492/166
f 1097/1507/276 1088/1508/276 1089/1502/276
f 1082/1503/445 1090/1509/445 1049/1410/445
f 1089/1502/171 6363/1510/171 1097/1507/171
f 1091/1511/609 1082/1503/609 1083/1505/609
f 1092/1512/174 1083/1505/174 1084/1498/174
f 1085/1513/176 1092/1512/176 1084/1498/176
f 1086/1514/178 1093/1515/178 1085/1499/178
f 1095/1516/180 1086/1514/180 1087/1501/180
f 1088/1508/182 1095/1516/182 1087/1501/182
f 1094/1517/185 1101/1518/185 1093/1519/185
f 1103/1520/187 1094/1521/187 1095/1516/187
f 1096/1522/189 1103/1520/189 1095/1516/189
f 1105/1523/191 1096/1522/191 1097/1507/191
f 1090/1509/448 1098/1524/448 1049/1410/448
f 1097/1507/194 6362/1525/194 1105/1523/194
f 1099/1526/610 1090/1509/610 1091/1511/610
f 1100/1527/197 1091/1511/197 1092/1512/197
f 1093/1519/199 1100/1527/199 1092/1512/199
f 1113/1528/201 6362/1529/201 6364/1530/201
f 1099/1526/202 1106/1531/202 1098/1524/202
f 1100/1527/204 1107/1532/204 1099/1526/204
f 1101/1518/206 1108/1533/206 1100/1527/206
f 1102/1534/208 1109/1535/208 1101/1536/208
f 1111/1537/210 1102/1534/210 1103/1538/210
f 1104/1539/212 1111/1537/212 1103/1538/212
f 1113/1528/214 1104/1539/214 1105/1540/214
f 1098/1524/215 1106/1531/215 1049/1410/215
f 1111/1537/217 1118/1541/217 1110/1542/217
f 1112/1543/219 1119/1544/219 1111/1537/219
f 1121/1545/221 1112/1543/221 1113/1528/221
f 1106/1531/450 1114/1546/450 1049/1410/450
f 1121/1545/451 6364/1530/451 6361/1547/451
f 1115/1548/225 1106/1531/225 1107/1532/225
f 1116/1549/585 1107/1532/585 1108/1533/585
f 1117/1550/229 1108/1533/229 1109/1551/229
f 1110/1542/231 1117/1552/231 1109/1535/231
f 1123/1553/452 1114/1546/452 1115/1548/452
f 1124/1554/234 1115/1548/234 1116/1549/234
f 1125/1555/236 1116/1549/236 1117/1550/236
f 1126/1556/238 1117/1552/238 1118/1541/238
f 1127/1557/240 1118/1541/240 1119/1544/240
f 1120/1558/242 1127/1557/242 1119/1544/242
f 1121/1545/244 1128/1559/244 1120/1558/244
f 1114/1546/245 1122/1560/245 1049/1410/245
f 6360/1561/586 1121/1545/586 6361/1547/586
f 1135/1562/248 1126/1556/248 1127/1557/248
f 1128/1559/250 1135/1562/250 1127/1557/250
f 1129/1563/611 1136/1564/611 1128/1559/611
f 1122/1560/454 1130/1565/454 1049/1410/454
f 1129/1563/455 6365/1566/455 1137/1567/455
f 1123/1553/256 1130/1565/256 1122/1560/256
f 1124/1554/258 1131/1568/258 1123/1553/258
f 1125/1555/260 1132/1569/260 1124/1554/260
f 1126/1556/262 1133/1570/262 1125/1571/262
f 1140/1572/456 1131/1568/456 1132/1569/456
f 1141/1573/457 1132/1569/457 1133/1574/457
f 1134/1575/458 1141/1576/458 1133/1570/458
f 1143/1577/459 1134/1575/459 1135/1562/459
f 1136/1564/460 1143/1577/460 1135/1562/460
f 1145/1578/461 1136/1564/461 1137/1567/461
f 1130/1565/462 1138/1579/462 1049/1410/462
f 1145/1578/291 6365/1566/291 6357/1580/291
f 1139/1581/463 1130/1565/463 1131/1568/463
f 1144/1582/464 1151/1583/464 1143/1577/464
f 1153/1584/294 1144/1582/294 1145/1578/294
f 1138/1579/465 1146/1585/465 1049/1410/465
f 1153/1584/466 6357/1580/466 6358/1586/466
f 1139/1581/467 1146/1585/467 1138/1579/467
f 1140/1572/588 1147/1587/588 1139/1581/588
f 1149/1588/469 1140/1572/469 1141/1573/469
f 1142/1589/470 1149/1590/470 1141/1576/470
f 1151/1583/612 1142/1589/612 1143/1577/612
f 1148/1591/589 1155/1592/589 1147/1587/589
f 1149/1588/473 1156/1593/473 1148/1591/473
f 1150/1594/474 1157/1595/474 1149/1590/474
f 1159/1596/475 1150/1594/475 1151/1583/475
f 1152/1597/476 1159/1596/476 1151/1583/476
f 1161/1598/590 1152/1597/590 1153/1584/590
f 1146/1585/477 1154/1599/477 1049/1410/477
f 1161/1598/478 6358/1586/478 6356/1600/478
f 1147/1587/592 1154/1599/592 1146/1585/592
f 1160/1601/480 1167/1602/480 1159/1596/480
f 1161/1598/311 1168/1603/311 1160/1601/311
f 1154/1599/481 1162/1604/481 1049/1410/481
f 1169/1605/482 6356/1600/482 6366/1606/482
f 1155/1592/483 1162/1604/483 1154/1599/483
f 1164/1607/484 1155/1592/484 1156/1593/484
f 1165/1608/485 1156/1593/485 1157/1609/485
f 1166/1610/486 1157/1595/486 1158/1611/486
f 1159/1596/487 1166/1610/487 1158/1611/487
f 1173/1612/488 1164/1607/488 1165/1608/488
f 1166/1613/489 1173/1612/489 1165/1608/489
f 1167/1614/490 1174/1615/490 1166/1616/490
f 1168/1617/491 1175/1618/491 1167/1614/491
f 1169/1619/324 1176/1620/324 1168/1617/324
f 1162/1604/492 1170/1621/492 1049/1410/492
f 1177/1622/326 6366/1623/326 6350/1624/326
f 1171/1625/593 1162/1604/593 1163/1626/593
f 1172/1627/494 1163/1626/494 1164/1607/494
f 1177/1622/329 1184/1628/329 1176/1620/329
f 1170/1621/495 1178/1629/495 1049/1410/495
f 1185/1630/613 6350/1624/613 6352/1631/613
f 1179/1632/496 1170/1621/496 1171/1625/496
f 1172/1627/497 1179/1632/497 1171/1625/497
f 1173/1612/498 1180/1633/498 1172/1627/498
f 1174/1615/499 1181/1634/499 1173/1635/499
f 1183/1636/500 1174/1615/500 1175/1618/500
f 1176/1620/501 1183/1636/501 1175/1618/501
f 1190/1637/502 1181/1634/502 1182/1638/502
f 1191/1639/503 1182/1638/503 1183/1636/503
f 1184/1628/504 1191/1639/504 1183/1636/504
f 1185/1630/341 1192/1640/341 1184/1628/341
f 1178/1629/505 1186/1641/505 1049/1410/505
f 1193/1642/506 6352/1631/506 6354/1643/506
f 1179/1632/595 1186/1641/595 1178/1629/595
f 1180/1633/508 1187/1644/508 1179/1632/508
f 1189/1645/509 1180/1633/509 1181/1646/509
f 1186/1641/510 1194/1647/510 1049/1410/510
f 6346/1648/596 1193/1642/596 6354/1643/596
f 1195/1649/512 1186/1641/512 1187/1644/512
f 1196/1650/513 1187/1644/513 1188/1651/513
f 1197/1652/514 1188/1651/514 1189/1645/514
f 1190/1637/515 1197/1653/515 1189/1654/515
f 1191/1639/516 1198/1655/516 1190/1637/516
f 1192/1640/517 1199/1656/517 1191/1639/517
f 1201/1657/354 1192/1640/354 1193/1642/354
f 1198/1655/518 1205/1658/518 1197/1653/518
f 1207/1659/519 1198/1655/519 1199/1656/519
f 1200/1660/520 1207/1659/520 1199/1656/520
f 1201/1657/358 1208/1661/358 1200/1660/358
f 1194/1647/522 1202/1662/522 1049/1410/522
f 1209/1663/614 6346/1648/614 6355/1664/614
f 1195/1649/523 1202/1662/523 1194/1647/523
f 1196/1650/524 1203/1665/524 1195/1649/524
f 1205/1666/525 1196/1650/525 1197/1652/525
f 1217/1667/526 6355/1664/526 6353/1668/526
f 1211/1669/527 1202/1662/527 1203/1665/527
f 1212/1670/528 1203/1665/528 1204/1671/528
f 1213/1672/529 1204/1671/529 1205/1666/529
f 1206/1673/530 1213/1674/530 1205/1658/530
f 1215/1675/531 1206/1673/531 1207/1659/531
f 1208/1661/532 1215/1675/532 1207/1659/532
f 1209/1663/371 1216/1676/371 1208/1661/371
f 1202/1662/533 1210/1677/533 1049/1410/533
f 1215/1675/534 1222/1678/534 1214/1679/534
f 1216/1676/535 1223/1680/535 1215/1675/535
f 1225/1681/536 1216/1676/536 1217/1667/536
f 1210/1677/537 1218/1682/537 1049/1410/537
f 6351/1683/599 1217/1667/599 6353/1668/599
f 1211/1669/538 1218/1682/538 1210/1677/538
f 1212/1670/539 1219/1684/539 1211/1669/539
f 1221/1685/540 1212/1670/540 1213/1672/540
f 1214/1679/541 1221/1686/541 1213/1674/541
f 1227/1687/615 1218/1682/615 1219/1684/615
f 1228/1688/543 1219/1684/543 1220/1689/543
f 1221/1685/544 1228/1688/544 1220/1689/544
f 1230/1690/545 1221/1685/545 1222/1691/545
f 1231/1692/546 1222/1678/546 1223/1680/546
f 1224/1693/547 1231/1692/547 1223/1680/547
f 1225/1681/388 1232/1694/388 1224/1693/388
f 1218/1682/548 1226/1695/548 1049/1410/548
f 6367/1696/601 1225/1681/601 6351/1683/601
f 1239/1697/549 1230/1698/549 1231/1699/549
f 1232/1700/550 1239/1697/550 1231/1699/550
f 1233/1701/393 1240/1702/393 1232/1700/393
f 1226/1695/551 1234/1703/551 1049/1410/551
f 6359/1704/395 1233/1701/395 6367/1705/395
f 1235/1706/553 1226/1695/553 1227/1687/553
f 1228/1688/554 1235/1706/554 1227/1687/554
f 1229/1707/555 1236/1708/555 1228/1688/555
f 1238/1709/556 1229/1707/556 1230/1690/556
f 1236/1708/557 1243/1710/557 1235/1706/557
f 1245/1711/558 1236/1708/558 1237/1712/558
f 1246/1713/559 1237/1714/559 1238/1715/559
f 1247/1716/560 1238/1715/560 1239/1697/560
f 1248/1717/561 1239/1697/561 1240/1702/561
f 1241/1718/406 1248/1717/406 1240/1702/406
f 1234/1703/562 1242/1719/562 1049/1410/562
f 6213/1720/616 1241/1718/616 6359/1704/616
f 1235/1706/563 1242/1719/563 1234/1703/563
f 1256/1721/564 1247/1716/564 1248/1717/564
f 1249/1722/411 1256/1721/411 1248/1717/411
f 1242/1719/565 1250/1723/565 1049/1410/565
f 6224/1724/413 1249/1722/413 6213/1720/413
f 1251/1725/566 1242/1719/566 1243/1710/566
f 1244/1726/567 1251/1725/567 1243/1710/567
f 1253/1727/568 1244/1726/568 1245/1711/568
f 1246/1713/569 1253/1728/569 1245/1729/569
f 1247/1716/570 1254/1730/570 1246/1713/570
f 1253/1727/571 1005/1394/571 1252/1731/571
f 1254/1730/572 1260/1401/572 1253/1728/572
f 1255/1732/573 1006/1399/573 1254/1730/573
f 1007/1405/574 1255/1732/574 1256/1721/574
f 1257/1733/423 1007/1405/423 1256/1721/423
f 1250/1723/575 1258/1408/575 1049/1410/575
f 6233/1411/603 1257/1733/603 6224/1724/603
f 1251/1725/576 1258/1408/576 1250/1723/576
f 1252/1731/577 1259/1396/577 1251/1725/577
f 1262/1734/8 1267/1735/8 1516/1736/8
f 1517/1737/10 1268/1738/10 1262/1734/10
f 1263/1739/12 1269/1740/12 1517/1741/12
f 1518/1742/14 1270/1743/14 1263/1739/14
f 1272/1744/16 1518/1742/16 1264/1745/16
f 1265/1746/18 1272/1744/18 1264/1745/18
f 1515/1747/428 1266/1748/428 1306/1749/428
f 6183/1750/617 1265/1746/617 6182/1751/617
f 1516/1736/430 1266/1748/430 1515/1747/430
f 6186/1752/265 1273/1753/265 6183/1750/265
f 1275/1754/25 1266/1748/25 1267/1735/25
f 1276/1755/618 1267/1735/618 1268/1738/618
f 1277/1756/29 1268/1738/29 1269/1757/29
f 1278/1758/31 1269/1740/31 1270/1743/31
f 1279/1759/33 1270/1743/33 1271/1760/33
f 1280/1761/35 1271/1760/35 1272/1744/35
f 1273/1753/605 1280/1761/605 1272/1744/605
f 1266/1748/38 1274/1762/38 1306/1749/38
f 1287/1763/41 1278/1758/41 1279/1759/41
f 1280/1761/43 1287/1763/43 1279/1759/43
f 1281/1764/45 1288/1765/45 1280/1761/45
f 1274/1762/46 1282/1766/46 1306/1749/46
f 6185/1767/431 1281/1764/431 6186/1752/431
f 1283/1768/49 1274/1762/49 1275/1754/49
f 1276/1755/432 1283/1768/432 1275/1754/432
f 1277/1756/53 1284/1769/53 1276/1755/53
f 1278/1758/55 1285/1770/55 1277/1771/55
f 1292/1772/57 1283/1768/57 1284/1769/57
f 1293/1773/59 1284/1769/59 1285/1774/59
f 1286/1775/61 1293/1773/61 1285/1774/61
f 1287/1763/63 1294/1776/63 1286/1777/63
f 1296/1778/65 1287/1763/65 1288/1765/65
f 1289/1779/67 1296/1778/67 1288/1765/67
f 1282/1766/68 1290/1780/68 1306/1749/68
f 6199/1781/70 1289/1779/70 6185/1767/70
f 1291/1782/434 1282/1766/434 1283/1768/434
f 1304/1783/73 1295/1784/73 1296/1785/73
f 1297/1786/619 1304/1783/619 1296/1785/619
f 1290/1780/76 1298/1787/76 1306/1749/76
f 6190/1788/606 1297/1786/606 6199/1789/606
f 1291/1782/79 1298/1787/79 1290/1780/79
f 1292/1772/81 1299/1790/81 1291/1782/81
f 1301/1791/83 1292/1772/83 1293/1773/83
f 1302/1792/85 1293/1793/85 1294/1794/85
f 1295/1784/87 1302/1792/87 1294/1794/87
f 1300/1795/88 1308/1796/88 1299/1790/88
f 1310/1797/90 1300/1795/90 1301/1791/90
f 1311/1798/92 1301/1799/92 1302/1792/92
f 1303/1800/94 1311/1798/94 1302/1792/94
f 1313/1801/96 1303/1800/96 1304/1783/96
f 1305/1802/98 1313/1801/98 1304/1783/98
f 1298/1787/99 1307/1803/99 1306/1749/99
f 1314/1804/438 6190/1788/438 6188/1805/438
f 1299/1790/102 1307/1803/102 1298/1787/102
f 1313/1801/104 1320/1806/104 1312/1807/104
f 1322/1808/106 1313/1801/106 1314/1804/106
f 1307/1803/107 1315/1809/107 1306/1749/107
f 6194/1810/109 1314/1804/109 6188/1805/109
f 1316/1811/110 1307/1803/110 1308/1796/110
f 1309/1812/112 1316/1811/112 1308/1796/112
f 1310/1797/114 1317/1813/114 1309/1812/114
f 1311/1798/116 1318/1814/116 1310/1815/116
f 1320/1806/118 1311/1798/118 1312/1807/118
f 1326/1816/121 1317/1813/121 1318/1817/121
f 1319/1818/123 1326/1819/123 1318/1814/123
f 1328/1820/125 1319/1818/125 1320/1806/125
f 1321/1821/127 1328/1820/127 1320/1806/127
f 1330/1822/620 1321/1821/620 1322/1808/620
f 1315/1809/130 1323/1823/130 1306/1749/130
f 6191/1824/607 1322/1808/607 6194/1810/607
f 1324/1825/133 1315/1809/133 1316/1811/133
f 1325/1826/135 1316/1811/135 1317/1813/135
f 1338/1827/275 1329/1828/275 1330/1822/275
f 1323/1823/441 1331/1829/441 1306/1749/441
f 1338/1827/442 6191/1824/442 6195/1830/442
f 1332/1831/141 1323/1823/141 1324/1825/141
f 1333/1832/143 1324/1825/143 1325/1826/143
f 1334/1833/145 1325/1826/145 1326/1816/145
f 1327/1834/147 1334/1835/147 1326/1819/147
f 1336/1836/149 1327/1834/149 1328/1820/149
f 1329/1828/151 1336/1836/151 1328/1820/151
f 1342/1837/152 1333/1832/152 1334/1833/152
f 1335/1838/154 1342/1839/154 1334/1835/154
f 1344/1840/156 1335/1838/156 1336/1836/156
f 1337/1841/158 1344/1840/158 1336/1836/158
f 1346/1842/160 1337/1841/160 1338/1827/160
f 1331/1829/161 1339/1843/161 1306/1749/161
f 1346/1842/443 6195/1830/443 6187/1844/443
f 1332/1831/164 1339/1843/164 1331/1829/164
f 1333/1832/166 1340/1845/166 1332/1831/166
f 1354/1846/168 1345/1847/168 1346/1842/168
f 1339/1843/445 1347/1848/445 1306/1749/445
f 1346/1842/621 6189/1849/621 1354/1846/621
f 1340/1845/172 1347/1848/172 1339/1843/172
f 1349/1850/447 1340/1845/447 1341/1851/447
f 1342/1837/176 1349/1850/176 1341/1851/176
f 1343/1852/178 1350/1853/178 1342/1839/178
f 1344/1840/180 1351/1854/180 1343/1852/180
f 1353/1855/182 1344/1840/182 1345/1847/182
f 1351/1856/185 1358/1857/185 1350/1858/185
f 1352/1859/187 1359/1860/187 1351/1854/187
f 1361/1861/189 1352/1859/189 1353/1855/189
f 1354/1846/191 1361/1861/191 1353/1855/191
f 1347/1848/448 1355/1862/448 1306/1749/448
f 1354/1846/194 6198/1863/194 1362/1864/194
f 1356/1865/195 1347/1848/195 1348/1866/195
f 1349/1850/197 1356/1865/197 1348/1866/197
f 1350/1858/199 1357/1867/199 1349/1850/199
f 6184/1868/201 1362/1869/201 6198/1870/201
f 1364/1871/202 1355/1862/202 1356/1865/202
f 1365/1872/204 1356/1865/204 1357/1867/204
f 1366/1873/206 1357/1867/206 1358/1857/206
f 1367/1874/208 1358/1875/208 1359/1876/208
f 1368/1877/210 1359/1876/210 1360/1878/210
f 1361/1879/212 1368/1877/212 1360/1878/212
f 1362/1869/214 1369/1880/214 1361/1879/214
f 1355/1862/215 1363/1881/215 1306/1749/215
f 1368/1877/217 1375/1882/217 1367/1874/217
f 1369/1880/219 1376/1883/219 1368/1877/219
f 1370/1884/221 1377/1885/221 1369/1880/221
f 1363/1881/450 1371/1886/450 1306/1749/450
f 1378/1887/622 6184/1868/622 6329/1888/622
f 1364/1871/225 1371/1886/225 1363/1881/225
f 1365/1872/227 1372/1889/227 1364/1871/227
f 1374/1890/229 1365/1872/229 1366/1873/229
f 1375/1882/231 1366/1891/231 1367/1874/231
f 1380/1892/452 1371/1886/452 1372/1889/452
f 1381/1893/234 1372/1889/234 1373/1894/234
f 1382/1895/236 1373/1894/236 1374/1890/236
f 1383/1896/238 1374/1897/238 1375/1882/238
f 1384/1898/240 1375/1882/240 1376/1883/240
f 1377/1885/242 1384/1898/242 1376/1883/242
f 1378/1887/244 1385/1899/244 1377/1885/244
f 1371/1886/245 1379/1900/245 1306/1749/245
f 1386/1901/586 6329/1888/586 6318/1902/586
f 1392/1903/248 1383/1896/248 1384/1898/248
f 1385/1899/250 1392/1903/250 1384/1898/250
f 1386/1901/282 1393/1904/282 1385/1899/282
f 1379/1900/454 1387/1905/454 1306/1749/454
f 1394/1906/255 6318/1902/255 6320/1907/255
f 1380/1892/256 1387/1905/256 1379/1900/256
f 1381/1893/258 1388/1908/258 1380/1892/258
f 1382/1895/260 1389/1909/260 1381/1893/260
f 1383/1896/262 1390/1910/262 1382/1911/262
f 1397/1912/456 1388/1908/456 1389/1909/456
f 1398/1913/457 1389/1909/457 1390/1914/457
f 1399/1915/458 1390/1910/458 1391/1916/458
f 1392/1903/459 1399/1915/459 1391/1916/459
f 1401/1917/460 1392/1903/460 1393/1904/460
f 1394/1906/587 1401/1917/587 1393/1904/587
f 1387/1905/462 1395/1918/462 1306/1749/462
f 1402/1919/291 6320/1907/291 6311/1920/291
f 1396/1921/463 1387/1905/463 1388/1908/463
f 1409/1922/464 1400/1923/464 1401/1917/464
f 1402/1919/294 1409/1922/294 1401/1917/294
f 1395/1918/465 1403/1924/465 1306/1749/465
f 1410/1925/466 6311/1920/466 6307/1926/466
f 1396/1921/467 1403/1924/467 1395/1918/467
f 1397/1912/468 1404/1927/468 1396/1921/468
f 1398/1913/469 1405/1928/469 1397/1912/469
f 1399/1915/470 1406/1929/470 1398/1930/470
f 1408/1931/471 1399/1915/471 1400/1923/471
f 1413/1932/472 1404/1927/472 1405/1928/472
f 1414/1933/473 1405/1928/473 1406/1934/473
f 1407/1935/474 1414/1936/474 1406/1929/474
f 1416/1937/475 1407/1935/475 1408/1931/475
f 1409/1922/476 1416/1937/476 1408/1931/476
f 1410/1925/590 1417/1938/590 1409/1922/590
f 1403/1924/477 1411/1939/477 1306/1749/477
f 1410/1925/591 6304/1940/591 1418/1941/591
f 1412/1942/479 1403/1924/479 1404/1927/479
f 1417/1938/480 1424/1943/480 1416/1937/480
f 1418/1941/311 1425/1944/311 1417/1938/311
f 1411/1939/481 1419/1945/481 1306/1749/481
f 1426/1946/313 6304/1940/313 6292/1947/313
f 1412/1942/483 1419/1945/483 1411/1939/483
f 1413/1932/484 1420/1948/484 1412/1942/484
f 1422/1949/485 1413/1932/485 1414/1933/485
f 1415/1950/486 1422/1951/486 1414/1936/486
f 1424/1943/487 1415/1950/487 1416/1937/487
f 1430/1952/488 1421/1953/488 1422/1949/488
f 1423/1954/489 1430/1952/489 1422/1949/489
f 1432/1955/490 1423/1956/490 1424/1957/490
f 1425/1958/491 1432/1955/491 1424/1957/491
f 1426/1959/324 1433/1960/324 1425/1958/324
f 1419/1945/492 1427/1961/492 1306/1749/492
f 1434/1962/326 6292/1963/326 6294/1964/326
f 1428/1965/493 1419/1945/493 1420/1948/493
f 1421/1953/494 1428/1965/494 1420/1948/494
f 1442/1966/329 1433/1960/329 1434/1962/329
f 1427/1961/495 1435/1967/495 1306/1749/495
f 1442/1966/331 6294/1964/331 6287/1968/331
f 1436/1969/496 1427/1961/496 1428/1965/496
f 1429/1970/594 1436/1969/594 1428/1965/594
f 1438/1971/498 1429/1970/498 1430/1952/498
f 1431/1972/499 1438/1973/499 1430/1974/499
f 1440/1975/500 1431/1972/500 1432/1955/500
f 1433/1960/501 1440/1975/501 1432/1955/501
f 1439/1976/502 1446/1977/502 1438/1973/502
f 1448/1978/503 1439/1976/503 1440/1975/503
f 1441/1979/504 1448/1978/504 1440/1975/504
f 1450/1980/341 1441/1979/341 1442/1966/341
f 1435/1967/505 1443/1981/505 1306/1749/505
f 6281/1982/506 1442/1966/506 6287/1968/506
f 1436/1969/507 1443/1981/507 1435/1967/507
f 1445/1983/508 1436/1969/508 1437/1984/508
f 1446/1985/509 1437/1984/509 1438/1971/509
f 1443/1981/510 1451/1986/510 1306/1749/510
f 6277/1987/347 1450/1980/347 6281/1982/347
f 1452/1988/512 1443/1981/512 1444/1989/512
f 1445/1983/513 1452/1988/513 1444/1989/513
f 1454/1990/514 1445/1983/514 1446/1985/514
f 1455/1991/515 1446/1977/515 1447/1992/515
f 1448/1978/516 1455/1991/516 1447/1992/516
f 1449/1993/517 1456/1994/517 1448/1978/517
f 1458/1995/354 1449/1993/354 1450/1980/354
f 1455/1991/518 1462/1996/518 1454/1997/518
f 1464/1998/519 1455/1991/519 1456/1994/519
f 1457/1999/520 1464/1998/520 1456/1994/520
f 1458/1995/358 1465/2000/358 1457/1999/358
f 1451/1986/522 1459/2001/522 1306/1749/522
f 1466/2002/360 6277/1987/360 6283/2003/360
f 1452/1988/523 1459/2001/523 1451/1986/523
f 1453/2004/524 1460/2005/524 1452/1988/524
f 1462/2006/525 1453/2004/525 1454/1990/525
f 1474/2007/526 6283/2003/526 6298/2008/526
f 1460/2005/527 1467/2009/527 1459/2001/527
f 1469/2010/528 1460/2005/528 1461/2011/528
f 1470/2012/529 1461/2011/529 1462/2006/529
f 1463/2013/530 1470/2014/530 1462/1996/530
f 1472/2015/531 1463/2013/531 1464/1998/531
f 1465/2000/532 1472/2015/532 1464/1998/532
f 1466/2002/371 1473/2016/371 1465/2000/371
f 1459/2001/533 1467/2009/533 1306/1749/533
f 1480/2017/534 1471/2018/534 1472/2015/534
f 1473/2016/535 1480/2017/535 1472/2015/535
f 1482/2019/536 1473/2016/536 1474/2007/536
f 1467/2009/537 1475/2020/537 1306/1749/537
f 6177/2021/623 1474/2007/623 6298/2008/623
f 1476/2022/600 1467/2009/600 1468/2023/600
f 1477/2024/539 1468/2023/539 1469/2010/539
f 1478/2025/540 1469/2010/540 1470/2012/540
f 1471/2018/541 1478/2026/541 1470/2014/541
f 1484/2027/542 1475/2020/542 1476/2022/542
f 1477/2024/543 1484/2027/543 1476/2022/543
f 1478/2025/544 1485/2028/544 1477/2024/544
f 1479/2029/545 1486/2030/545 1478/2025/545
f 1488/2031/546 1479/2032/546 1480/2017/546
f 1481/2033/547 1488/2031/547 1480/2017/547
f 1482/2019/388 1489/2034/388 1481/2033/388
f 1475/2020/548 1483/2035/548 1306/1749/548
f 6178/2036/601 1482/2019/601 6177/2021/601
f 1496/2037/549 1487/2038/549 1488/2039/549
f 1489/2040/550 1496/2037/550 1488/2039/550
f 1490/2041/393 1497/2042/393 1489/2040/393
f 1483/2035/551 1491/2043/551 1306/1749/551
f 1498/2044/395 6178/2045/395 6179/2046/395
f 1484/2027/553 1491/2043/553 1483/2035/553
f 1485/2028/554 1492/2047/554 1484/2027/554
f 1486/2030/555 1493/2048/555 1485/2028/555
f 1495/2049/556 1486/2030/556 1487/2050/556
f 1501/2051/557 1492/2047/557 1493/2048/557
f 1502/2052/558 1493/2048/558 1494/2053/558
f 1503/2054/559 1494/2055/559 1495/2056/559
f 1504/2057/560 1495/2056/560 1496/2037/560
f 1497/2042/561 1504/2057/561 1496/2037/561
f 1498/2044/624 1505/2058/624 1497/2042/624
f 1491/2043/562 1499/2059/562 1306/1749/562
f 1506/2060/616 6179/2046/616 6180/2061/616
f 1500/2062/563 1491/2043/563 1492/2047/563
f 1505/2058/564 1512/2063/564 1504/2057/564
f 1506/2060/411 1513/2064/411 1505/2058/411
f 1499/2059/565 1507/2065/565 1306/1749/565
f 6181/2066/625 1506/2060/625 6180/2061/625
f 1508/2067/566 1499/2059/566 1500/2062/566
f 1501/2051/567 1508/2067/567 1500/2062/567
f 1510/2068/568 1501/2051/568 1502/2052/568
f 1503/2054/569 1510/2069/569 1502/2070/569
f 1512/2063/570 1503/2054/570 1504/2057/570
f 1517/1737/571 1509/2071/571 1510/2068/571
f 1511/2072/572 1517/1741/572 1510/2069/572
f 1518/1742/573 1511/2072/573 1512/2063/573
f 1513/2064/574 1518/1742/574 1512/2063/574
f 1514/2073/423 1264/1745/423 1513/2064/423
f 1507/2065/575 1515/1747/575 1306/1749/575
f 6182/1751/425 1514/2073/425 6181/2066/425
f 1508/2067/576 1515/1747/576 1507/2065/576
f 1509/2071/577 1516/1736/577 1508/2067/577
f 1525/2074/8 1773/2075/8 1519/2076/8
f 1774/2077/10 1525/2074/10 1519/2076/10
f 1520/2078/12 1526/2079/12 1774/2080/12
f 1775/2081/14 1527/2082/14 1520/2078/14
f 1521/2083/16 1528/2084/16 1775/2081/16
f 1522/2085/427 1529/2086/427 1521/2083/427
f 1772/2087/428 1523/2088/428 1563/2089/428
f 6324/2090/264 1522/2085/264 6319/2091/264
f 1773/2075/430 1523/2088/430 1772/2087/430
f 6328/2092/265 1530/2093/265 6324/2090/265
f 1524/2094/25 1531/2095/25 1523/2088/25
f 1525/2074/27 1532/2096/27 1524/2094/27
f 1534/2097/29 1525/2074/29 1526/2098/29
f 1527/2082/31 1534/2099/31 1526/2079/31
f 1536/2100/33 1527/2082/33 1528/2084/33
f 1537/2101/35 1528/2084/35 1529/2086/35
f 1530/2093/37 1537/2101/37 1529/2086/37
f 1523/2088/38 1531/2095/38 1563/2089/38
f 1544/2102/41 1535/2103/41 1536/2100/41
f 1537/2101/43 1544/2102/43 1536/2100/43
f 1538/2104/45 1545/2105/45 1537/2101/45
f 1531/2095/46 1539/2106/46 1563/2089/46
f 6332/2107/431 1538/2104/431 6328/2092/431
f 1540/2108/49 1531/2095/49 1532/2096/49
f 1541/2109/432 1532/2096/432 1533/2110/432
f 1542/2111/53 1533/2110/53 1534/2097/53
f 1535/2103/55 1542/2112/55 1534/2099/55
f 1549/2113/57 1540/2108/57 1541/2109/57
f 1550/2114/59 1541/2109/59 1542/2111/59
f 1543/2115/61 1550/2114/61 1542/2111/61
f 1552/2116/63 1543/2117/63 1544/2102/63
f 1545/2105/65 1552/2116/65 1544/2102/65
f 1546/2118/67 1553/2119/67 1545/2105/67
f 1539/2106/68 1547/2120/68 1563/2089/68
f 6345/2121/433 1546/2118/433 6332/2107/433
f 1548/2122/434 1539/2106/434 1540/2108/434
f 1553/2123/73 1560/2124/73 1552/2125/73
f 1554/2126/75 1561/2127/75 1553/2123/75
f 1547/2120/76 1555/2128/76 1563/2089/76
f 1562/2129/78 6345/2130/78 6343/2131/78
f 1548/2122/435 1555/2128/435 1547/2120/435
f 1549/2113/81 1556/2132/81 1548/2122/81
f 1558/2133/83 1549/2113/83 1550/2114/83
f 1551/2134/85 1558/2135/85 1550/2136/85
f 1560/2124/87 1551/2134/87 1552/2125/87
f 1566/2137/88 1556/2132/88 1557/2138/88
f 1567/2139/90 1557/2138/90 1558/2133/90
f 1559/2140/92 1567/2141/92 1558/2135/92
f 1569/2142/94 1559/2140/94 1560/2124/94
f 1561/2127/96 1569/2142/96 1560/2124/96
f 1562/2129/437 1570/2143/437 1561/2127/437
f 1555/2128/99 1564/2144/99 1563/2089/99
f 1571/2145/101 6343/2131/101 6341/2146/101
f 1565/2147/102 1555/2128/102 1556/2132/102
f 1570/2143/104 1577/2148/104 1569/2142/104
f 1571/2145/106 1578/2149/106 1570/2143/106
f 1564/2144/107 1572/2150/107 1563/2089/107
f 1579/2151/581 6341/2146/581 6369/2152/581
f 1573/2153/110 1564/2144/110 1565/2147/110
f 1566/2137/112 1573/2153/112 1565/2147/112
f 1575/2154/114 1566/2137/114 1567/2139/114
f 1568/2155/116 1575/2156/116 1567/2141/116
f 1577/2148/118 1568/2155/118 1569/2142/118
f 1583/2157/121 1574/2158/121 1575/2154/121
f 1584/2159/123 1575/2156/123 1576/2160/123
f 1585/2161/125 1576/2160/125 1577/2148/125
f 1578/2149/127 1585/2161/127 1577/2148/127
f 1579/2151/626 1586/2162/626 1578/2149/626
f 1572/2150/130 1580/2163/130 1563/2089/130
f 1579/2151/132 6349/2164/132 1587/2165/132
f 1573/2153/133 1580/2163/133 1572/2150/133
f 1582/2166/135 1573/2153/135 1574/2158/135
f 1587/2165/137 1594/2167/137 1586/2162/137
f 1580/2163/441 1588/2168/441 1563/2089/441
f 1587/2165/442 6368/2169/442 1595/2170/442
f 1589/2171/141 1580/2163/141 1581/2172/141
f 1590/2173/143 1581/2172/143 1582/2166/143
f 1583/2157/145 1590/2173/145 1582/2166/145
f 1592/2174/147 1583/2175/147 1584/2159/147
f 1593/2176/149 1584/2159/149 1585/2161/149
f 1586/2162/151 1593/2176/151 1585/2161/151
f 1599/2177/152 1590/2173/152 1591/2178/152
f 1592/2174/154 1599/2179/154 1591/2180/154
f 1601/2181/156 1592/2174/156 1593/2176/156
f 1594/2167/158 1601/2181/158 1593/2176/158
f 1595/2170/160 1602/2182/160 1594/2167/160
f 1588/2168/161 1596/2183/161 1563/2089/161
f 1595/2170/163 6340/2184/163 1603/2185/163
f 1589/2171/164 1596/2183/164 1588/2168/164
f 1590/2173/166 1597/2186/166 1589/2171/166
f 1603/2185/582 1610/2187/582 1602/2182/582
f 1596/2183/445 1604/2188/445 1563/2089/445
f 1603/2185/171 6337/2189/171 1611/2190/171
f 1597/2186/172 1604/2188/172 1596/2183/172
f 1598/2191/174 1605/2192/174 1597/2186/174
f 1607/2193/176 1598/2191/176 1599/2177/176
f 1600/2194/178 1607/2195/178 1599/2179/178
f 1609/2196/180 1600/2194/180 1601/2181/180
f 1610/2187/182 1601/2181/182 1602/2182/182
f 1608/2197/185 1615/2198/185 1607/2193/185
f 1609/2196/187 1616/2199/187 1608/2200/187
f 1610/2187/189 1617/2201/189 1609/2196/189
f 1611/2190/191 1618/2202/191 1610/2187/191
f 1604/2188/448 1612/2203/448 1563/2089/448
f 1611/2190/194 6334/2204/194 1619/2205/194
f 1613/2206/195 1604/2188/195 1605/2192/195
f 1614/2207/197 1605/2192/197 1606/2208/197
f 1615/2198/199 1606/2208/199 1607/2193/199
f 6331/2209/201 1619/2210/201 6334/2211/201
f 1621/2212/202 1612/2203/202 1613/2206/202
f 1614/2207/204 1621/2212/204 1613/2206/204
f 1623/2213/206 1614/2207/206 1615/2198/206
f 1616/2214/208 1623/2215/208 1615/2216/208
f 1625/2217/210 1616/2214/210 1617/2218/210
f 1618/2219/212 1625/2217/212 1617/2218/212
f 1619/2210/214 1626/2220/214 1618/2219/214
f 1612/2203/215 1620/2221/215 1563/2089/215
f 1633/2222/217 1624/2223/217 1625/2217/217
f 1626/2220/219 1633/2222/219 1625/2217/219
f 1627/2224/221 1634/2225/221 1626/2220/221
f 1620/2221/450 1628/2226/450 1563/2089/450
f 6327/2227/451 1627/2224/451 6331/2209/451
f 1629/2228/225 1620/2221/225 1621/2212/225
f 1630/2229/585 1621/2212/585 1622/2230/585
f 1623/2213/229 1630/2229/229 1622/2230/229
f 1624/2223/231 1631/2231/231 1623/2215/231
f 1629/2228/452 1636/2232/452 1628/2226/452
f 1630/2229/234 1637/2233/234 1629/2228/234
f 1631/2234/236 1638/2235/236 1630/2229/236
f 1632/2236/238 1639/2237/238 1631/2231/238
f 1641/2238/240 1632/2236/240 1633/2222/240
f 1634/2225/242 1641/2238/242 1633/2222/242
f 1643/2239/244 1634/2225/244 1635/2240/244
f 1628/2226/245 1636/2232/245 1563/2089/245
f 6317/2241/586 1635/2240/586 6327/2227/586
f 1649/2242/248 1640/2243/248 1641/2238/248
f 1642/2244/250 1649/2242/250 1641/2238/250
f 1643/2239/282 1650/2245/282 1642/2244/282
f 1636/2232/454 1644/2246/454 1563/2089/454
f 1643/2239/455 6314/2247/455 1651/2248/455
f 1645/2249/256 1636/2232/256 1637/2233/256
f 1646/2250/258 1637/2233/258 1638/2235/258
f 1647/2251/260 1638/2235/260 1639/2252/260
f 1640/2243/262 1647/2253/262 1639/2237/262
f 1646/2250/456 1653/2254/456 1645/2249/456
f 1647/2251/457 1654/2255/457 1646/2250/457
f 1648/2256/458 1655/2257/458 1647/2253/458
f 1649/2242/459 1656/2258/459 1648/2256/459
f 1658/2259/460 1649/2242/460 1650/2245/460
f 1651/2248/587 1658/2259/587 1650/2245/587
f 1644/2246/462 1652/2260/462 1563/2089/462
f 1659/2261/291 6314/2247/291 6313/2262/291
f 1645/2249/463 1652/2260/463 1644/2246/463
f 1666/2263/464 1657/2264/464 1658/2259/464
f 1659/2261/294 1666/2263/294 1658/2259/294
f 1652/2260/465 1660/2265/465 1563/2089/465
f 1659/2261/296 6305/2266/296 1667/2267/296
f 1661/2268/467 1652/2260/467 1653/2254/467
f 1662/2269/588 1653/2254/588 1654/2255/588
f 1663/2270/469 1654/2255/469 1655/2271/469
f 1656/2258/470 1663/2272/470 1655/2257/470
f 1665/2273/471 1656/2258/471 1657/2264/471
f 1662/2269/589 1669/2274/589 1661/2268/589
f 1671/2275/473 1662/2269/473 1663/2270/473
f 1664/2276/474 1671/2277/474 1663/2272/474
f 1673/2278/475 1664/2276/475 1665/2273/475
f 1666/2263/476 1673/2278/476 1665/2273/476
f 1667/2267/590 1674/2279/590 1666/2263/590
f 1660/2265/477 1668/2280/477 1563/2089/477
f 1667/2267/591 6302/2281/591 1675/2282/591
f 1661/2268/592 1668/2280/592 1660/2265/592
f 1674/2279/480 1681/2283/480 1673/2278/480
f 1675/2282/311 1682/2284/311 1674/2279/311
f 1668/2280/481 1676/2285/481 1563/2089/481
f 1675/2282/313 6291/2286/313 1683/2287/313
f 1677/2288/483 1668/2280/483 1669/2274/483
f 1678/2289/484 1669/2274/484 1670/2290/484
f 1679/2291/485 1670/2290/485 1671/2275/485
f 1680/2292/486 1671/2277/486 1672/2293/486
f 1681/2283/487 1672/2293/487 1673/2278/487
f 1687/2294/488 1678/2289/488 1679/2291/488
f 1680/2295/489 1687/2294/489 1679/2291/489
f 1689/2296/490 1680/2297/490 1681/2298/490
f 1682/2299/491 1689/2296/491 1681/2298/491
f 1683/2300/324 1690/2301/324 1682/2299/324
f 1676/2285/492 1684/2302/492 1563/2089/492
f 6288/2303/326 1683/2300/326 6291/2304/326
f 1677/2288/593 1684/2302/593 1676/2285/593
f 1678/2289/494 1685/2305/494 1677/2288/494
f 1691/2306/329 1698/2307/329 1690/2301/329
f 1684/2302/495 1692/2308/495 1563/2089/495
f 1699/2309/331 6288/2303/331 6285/2310/331
f 1693/2311/496 1684/2302/496 1685/2305/496
f 1694/2312/594 1685/2305/594 1686/2313/594
f 1695/2314/498 1686/2313/498 1687/2294/498
f 1696/2315/499 1687/2316/499 1688/2317/499
f 1697/2318/500 1688/2317/500 1689/2296/500
f 1690/2301/501 1697/2318/501 1689/2296/501
f 1696/2315/502 1703/2319/502 1695/2320/502
f 1705/2321/503 1696/2315/503 1697/2318/503
f 1698/2307/504 1705/2321/504 1697/2318/504
f 1699/2309/341 1706/2322/341 1698/2307/341
f 1692/2308/505 1700/2323/505 1563/2089/505
f 6279/2324/343 1699/2309/343 6285/2310/343
f 1693/2311/595 1700/2323/595 1692/2308/595
f 1694/2312/508 1701/2325/508 1693/2311/508
f 1703/2326/509 1694/2312/509 1695/2314/509
f 1700/2323/510 1708/2327/510 1563/2089/510
f 6275/2328/596 1707/2329/596 6279/2324/596
f 1709/2330/512 1700/2323/512 1701/2325/512
f 1702/2331/513 1709/2330/513 1701/2325/513
f 1711/2332/514 1702/2331/514 1703/2326/514
f 1704/2333/515 1711/2334/515 1703/2319/515
f 1713/2335/516 1704/2333/516 1705/2321/516
f 1706/2322/517 1713/2335/517 1705/2321/517
f 1707/2329/354 1714/2336/354 1706/2322/354
f 1712/2337/518 1719/2338/518 1711/2334/518
f 1721/2339/519 1712/2337/519 1713/2335/519
f 1714/2336/520 1721/2339/520 1713/2335/520
f 1715/2340/358 1722/2341/358 1714/2336/358
f 1708/2327/522 1716/2342/522 1563/2089/522
f 6280/2343/614 1715/2340/614 6275/2328/614
f 1709/2330/523 1716/2342/523 1708/2327/523
f 1710/2344/524 1717/2345/524 1709/2330/524
f 1719/2346/525 1710/2344/525 1711/2332/525
f 6286/2347/526 1723/2348/526 6280/2343/526
f 1725/2349/527 1716/2342/527 1717/2345/527
f 1726/2350/528 1717/2345/528 1718/2351/528
f 1727/2352/529 1718/2351/529 1719/2346/529
f 1720/2353/530 1727/2354/530 1719/2338/530
f 1729/2355/531 1720/2353/531 1721/2339/531
f 1722/2341/532 1729/2355/532 1721/2339/532
f 1723/2348/371 1730/2356/371 1722/2341/371
f 1716/2342/533 1724/2357/533 1563/2089/533
f 1737/2358/534 1728/2359/534 1729/2355/534
f 1730/2356/535 1737/2358/535 1729/2355/535
f 1731/2360/376 1738/2361/376 1730/2356/376
f 1724/2357/537 1732/2362/537 1563/2089/537
f 6293/2363/599 1731/2360/599 6286/2347/599
f 1733/2364/600 1724/2357/600 1725/2349/600
f 1734/2365/539 1725/2349/539 1726/2350/539
f 1735/2366/540 1726/2350/540 1727/2352/540
f 1728/2359/541 1735/2367/541 1727/2354/541
f 1733/2364/542 1740/2368/542 1732/2362/542
f 1734/2365/543 1741/2369/543 1733/2364/543
f 1743/2370/544 1734/2365/544 1735/2366/544
f 1736/2371/545 1743/2370/545 1735/2366/545
f 1745/2372/546 1736/2373/546 1737/2358/546
f 1738/2361/547 1745/2372/547 1737/2358/547
f 1739/2374/388 1746/2375/388 1738/2361/388
f 1732/2362/548 1740/2368/548 1563/2089/548
f 6299/2376/601 1739/2374/601 6293/2363/601
f 1753/2377/549 1744/2378/549 1745/2379/549
f 1746/2380/550 1753/2377/550 1745/2379/550
f 1747/2381/393 1754/2382/393 1746/2380/393
f 1740/2368/551 1748/2383/551 1563/2089/551
f 1755/2384/552 6299/2385/552 6303/2386/552
f 1749/2387/627 1740/2368/627 1741/2369/627
f 1742/2388/554 1749/2387/554 1741/2369/554
f 1751/2389/555 1742/2388/555 1743/2370/555
f 1744/2390/556 1751/2389/556 1743/2370/556
f 1750/2391/557 1757/2392/557 1749/2387/557
f 1759/2393/558 1750/2391/558 1751/2389/558
f 1752/2394/559 1759/2395/559 1751/2396/559
f 1761/2397/560 1752/2394/560 1753/2377/560
f 1754/2382/561 1761/2397/561 1753/2377/561
f 1755/2384/406 1762/2398/406 1754/2382/406
f 1748/2383/562 1756/2399/562 1563/2089/562
f 1763/2400/628 6303/2386/628 6308/2401/628
f 1749/2387/629 1756/2399/629 1748/2383/629
f 1762/2398/564 1769/2402/564 1761/2397/564
f 1763/2400/411 1770/2403/411 1762/2398/411
f 1756/2399/565 1764/2404/565 1563/2089/565
f 1771/2405/413 6308/2401/413 6310/2406/413
f 1765/2407/566 1756/2399/566 1757/2392/566
f 1758/2408/567 1765/2407/567 1757/2392/567
f 1767/2409/568 1758/2408/568 1759/2393/568
f 1760/2410/569 1767/2411/569 1759/2395/569
f 1769/2402/570 1760/2410/570 1761/2397/570
f 1767/2409/571 1519/2076/571 1766/2412/571
f 1768/2413/572 1774/2080/572 1767/2411/572
f 1775/2081/573 1768/2413/573 1769/2402/573
f 1770/2403/574 1775/2081/574 1769/2402/574
f 1771/2405/423 1521/2083/423 1770/2403/423
f 1764/2404/575 1772/2087/575 1563/2089/575
f 6319/2091/603 1771/2405/603 6310/2406/603
f 1765/2407/576 1772/2087/576 1764/2404/576
f 1766/2412/577 1773/2075/577 1765/2407/577
f 1776/2414/8 1781/2415/8 2030/2416/8
f 2031/2417/10 1782/2418/10 1776/2414/10
f 1777/2419/12 1783/2420/12 2031/2421/12
f 2032/2422/14 1784/2423/14 1777/2419/14
f 1786/2424/16 2032/2422/16 1778/2425/16
f 1779/2426/630 1786/2424/630 1778/2425/630
f 2029/2427/428 1780/2428/428 1820/2429/428
f 6316/2430/21 1779/2426/21 6315/2431/21
f 2030/2416/430 1780/2428/430 2029/2427/430
f 6326/2432/265 1787/2433/265 6316/2430/265
f 1789/2434/25 1780/2428/25 1781/2415/25
f 1790/2435/27 1781/2415/27 1782/2418/27
f 1791/2436/29 1782/2418/29 1783/2437/29
f 1792/2438/31 1783/2420/31 1784/2423/31
f 1793/2439/33 1784/2423/33 1785/2440/33
f 1794/2441/35 1785/2440/35 1786/2424/35
f 1787/2433/37 1794/2441/37 1786/2424/37
f 1780/2428/38 1788/2442/38 1820/2429/38
f 1801/2443/41 1792/2438/41 1793/2439/41
f 1802/2444/43 1793/2439/43 1794/2441/43
f 1795/2445/45 1802/2444/45 1794/2441/45
f 1788/2442/46 1796/2446/46 1820/2429/46
f 6330/2447/48 1795/2445/48 6326/2432/48
f 1797/2448/49 1788/2442/49 1789/2434/49
f 1790/2435/51 1797/2448/51 1789/2434/51
f 1791/2436/53 1798/2449/53 1790/2435/53
f 1792/2438/55 1799/2450/55 1791/2451/55
f 1806/2452/57 1797/2448/57 1798/2449/57
f 1807/2453/59 1798/2449/59 1799/2454/59
f 1800/2455/61 1807/2453/61 1799/2454/61
f 1801/2443/63 1808/2456/63 1800/2457/63
f 1810/2458/65 1801/2443/65 1802/2444/65
f 1811/2459/579 1802/2444/579 1803/2460/579
f 1796/2446/68 1804/2461/68 1820/2429/68
f 6335/2462/433 1803/2460/433 6330/2447/433
f 1805/2463/434 1796/2446/434 1797/2448/434
f 1810/2464/73 1817/2465/73 1809/2466/73
f 1811/2467/619 1818/2468/619 1810/2464/619
f 1804/2461/76 1812/2469/76 1820/2429/76
f 1819/2470/606 6335/2471/606 6336/2472/606
f 1805/2463/79 1812/2469/79 1804/2461/79
f 1806/2452/81 1813/2473/81 1805/2463/81
f 1815/2474/83 1806/2452/83 1807/2453/83
f 1816/2475/85 1807/2476/85 1808/2477/85
f 1817/2465/87 1808/2477/87 1809/2466/87
f 1823/2478/88 1813/2473/88 1814/2479/88
f 1824/2480/90 1814/2479/90 1815/2474/90
f 1825/2481/92 1815/2482/92 1816/2475/92
f 1817/2465/94 1825/2481/94 1816/2475/94
f 1818/2468/96 1826/2483/96 1817/2465/96
f 1828/2484/98 1818/2468/98 1819/2470/98
f 1812/2469/99 1821/2485/99 1820/2429/99
f 1828/2484/101 6336/2472/101 6339/2486/101
f 1813/2473/102 1821/2485/102 1812/2469/102
f 1827/2487/104 1834/2488/104 1826/2483/104
f 1836/2489/439 1827/2487/439 1828/2484/439
f 1821/2485/107 1829/2490/107 1820/2429/107
f 1836/2489/581 6339/2486/581 6348/2491/581
f 1830/2492/110 1821/2485/110 1822/2493/110
f 1823/2478/112 1830/2492/112 1822/2493/112
f 1824/2480/114 1831/2494/114 1823/2478/114
f 1825/2481/116 1832/2495/116 1824/2496/116
f 1834/2488/118 1825/2481/118 1826/2483/118
f 1840/2497/121 1831/2494/121 1832/2498/121
f 1833/2499/123 1840/2500/123 1832/2495/123
f 1842/2501/125 1833/2499/125 1834/2488/125
f 1835/2502/127 1842/2501/127 1834/2488/127
f 1844/2503/620 1835/2502/620 1836/2489/620
f 1829/2490/130 1837/2504/130 1820/2429/130
f 6347/2505/631 1836/2489/631 6348/2491/631
f 1830/2492/133 1837/2504/133 1829/2490/133
f 1839/2506/135 1830/2492/135 1831/2494/135
f 1852/2507/275 1843/2508/275 1844/2503/275
f 1837/2504/441 1845/2509/441 1820/2429/441
f 1852/2507/632 6347/2505/632 6370/2510/632
f 1846/2511/141 1837/2504/141 1838/2512/141
f 1847/2513/143 1838/2512/143 1839/2506/143
f 1848/2514/145 1839/2506/145 1840/2497/145
f 1841/2515/147 1848/2516/147 1840/2500/147
f 1850/2517/149 1841/2515/149 1842/2501/149
f 1843/2508/151 1850/2517/151 1842/2501/151
f 1856/2518/152 1847/2513/152 1848/2514/152
f 1849/2519/154 1856/2520/154 1848/2516/154
f 1858/2521/156 1849/2519/156 1850/2517/156
f 1851/2522/158 1858/2521/158 1850/2517/158
f 1860/2523/160 1851/2522/160 1852/2507/160
f 1845/2509/161 1853/2524/161 1820/2429/161
f 1852/2507/443 6338/2525/443 1860/2523/443
f 1846/2511/164 1853/2524/164 1845/2509/164
f 1855/2526/166 1846/2511/166 1847/2513/166
f 1868/2527/168 1859/2528/168 1860/2523/168
f 1853/2524/445 1861/2529/445 1820/2429/445
f 1860/2523/446 6342/2530/446 1868/2527/446
f 1862/2531/172 1853/2524/172 1854/2532/172
f 1863/2533/174 1854/2532/174 1855/2526/174
f 1856/2518/176 1863/2533/176 1855/2526/176
f 1857/2534/178 1864/2535/178 1856/2520/178
f 1866/2536/180 1857/2534/180 1858/2521/180
f 1859/2528/182 1866/2536/182 1858/2521/182
f 1865/2537/185 1872/2538/185 1864/2539/185
f 1874/2540/187 1865/2541/187 1866/2536/187
f 1867/2542/189 1874/2540/189 1866/2536/189
f 1868/2527/191 1875/2543/191 1867/2542/191
f 1861/2529/448 1869/2544/448 1820/2429/448
f 1868/2527/194 6344/2545/194 1876/2546/194
f 1870/2547/610 1861/2529/610 1862/2531/610
f 1863/2533/197 1870/2547/197 1862/2531/197
f 1864/2539/199 1871/2548/199 1863/2533/199
f 6333/2549/583 1876/2550/583 6344/2551/583
f 1878/2552/202 1869/2544/202 1870/2547/202
f 1871/2548/204 1878/2552/204 1870/2547/204
f 1880/2553/206 1871/2548/206 1872/2538/206
f 1881/2554/208 1872/2555/208 1873/2556/208
f 1882/2557/210 1873/2556/210 1874/2558/210
f 1875/2559/212 1882/2557/212 1874/2558/212
f 1876/2550/214 1883/2560/214 1875/2559/214
f 1869/2544/215 1877/2561/215 1820/2429/215
f 1882/2557/217 1889/2562/217 1881/2554/217
f 1883/2560/219 1890/2563/219 1882/2557/219
f 1884/2564/221 1891/2565/221 1883/2560/221
f 1877/2561/450 1885/2566/450 1820/2429/450
f 6325/2567/451 1884/2564/451 6333/2549/451
f 1886/2568/225 1877/2561/225 1878/2552/225
f 1887/2569/585 1878/2552/585 1879/2570/585
f 1888/2571/229 1879/2570/229 1880/2553/229
f 1889/2562/231 1880/2572/231 1881/2554/231
f 1894/2573/452 1885/2566/452 1886/2568/452
f 1895/2574/234 1886/2568/234 1887/2569/234
f 1896/2575/236 1887/2569/236 1888/2571/236
f 1889/2562/238 1896/2576/238 1888/2577/238
f 1898/2578/240 1889/2562/240 1890/2563/240
f 1891/2565/242 1898/2578/242 1890/2563/242
f 1892/2579/244 1899/2580/244 1891/2565/244
f 1885/2566/245 1893/2581/245 1820/2429/245
f 6323/2582/247 1892/2579/247 6325/2567/247
f 1906/2583/248 1897/2584/248 1898/2578/248
f 1899/2580/250 1906/2583/250 1898/2578/250
f 1900/2585/611 1907/2586/611 1899/2580/611
f 1893/2581/454 1901/2587/454 1820/2429/454
f 1900/2585/455 6321/2588/455 1908/2589/455
f 1894/2573/256 1901/2587/256 1893/2581/256
f 1895/2574/258 1902/2590/258 1894/2573/258
f 1896/2575/260 1903/2591/260 1895/2574/260
f 1897/2584/262 1904/2592/262 1896/2576/262
f 1911/2593/456 1902/2590/456 1903/2591/456
f 1912/2594/457 1903/2591/457 1904/2595/457
f 1913/2596/458 1904/2592/458 1905/2597/458
f 1914/2598/459 1905/2597/459 1906/2583/459
f 1915/2599/460 1906/2583/460 1907/2586/460
f 1908/2589/461 1915/2599/461 1907/2586/461
f 1901/2587/462 1909/2600/462 1820/2429/462
f 1916/2601/291 6321/2588/291 6322/2602/291
f 1910/2603/463 1901/2587/463 1902/2590/463
f 1915/2599/464 1922/2604/464 1914/2598/464
f 1916/2601/294 1923/2605/294 1915/2599/294
f 1909/2600/465 1917/2606/465 1820/2429/465
f 1916/2601/466 6309/2607/466 1924/2608/466
f 1910/2603/467 1917/2606/467 1909/2600/467
f 1911/2593/588 1918/2609/588 1910/2603/588
f 1920/2610/469 1911/2593/469 1912/2594/469
f 1913/2596/470 1920/2611/470 1912/2612/470
f 1914/2598/471 1921/2613/471 1913/2596/471
f 1919/2614/589 1926/2615/589 1918/2609/589
f 1920/2610/473 1927/2616/473 1919/2614/473
f 1921/2613/474 1928/2617/474 1920/2611/474
f 1930/2618/475 1921/2613/475 1922/2604/475
f 1923/2605/476 1930/2618/476 1922/2604/476
f 1924/2608/590 1931/2619/590 1923/2605/590
f 1917/2606/477 1925/2620/477 1820/2429/477
f 1924/2608/478 6300/2621/478 1932/2622/478
f 1918/2609/592 1925/2620/592 1917/2606/592
f 1931/2619/480 1938/2623/480 1930/2618/480
f 1932/2622/311 1939/2624/311 1931/2619/311
f 1925/2620/481 1933/2625/481 1820/2429/481
f 1932/2622/313 6297/2626/313 1940/2627/313
f 1926/2615/483 1933/2625/483 1925/2620/483
f 1927/2616/484 1934/2628/484 1926/2615/484
f 1936/2629/485 1927/2616/485 1928/2630/485
f 1929/2631/486 1936/2632/486 1928/2617/486
f 1938/2623/487 1929/2631/487 1930/2618/487
f 1944/2633/488 1935/2634/488 1936/2629/488
f 1937/2635/489 1944/2633/489 1936/2629/489
f 1946/2636/490 1937/2637/490 1938/2638/490
f 1939/2639/491 1946/2636/491 1938/2638/491
f 1940/2640/324 1947/2641/324 1939/2639/324
f 1933/2625/492 1941/2642/492 1820/2429/492
f 1940/2640/633 6297/2643/633 6296/2644/633
f 1942/2645/593 1933/2625/593 1934/2628/593
f 1935/2634/494 1942/2645/494 1934/2628/494
f 1948/2646/329 1955/2647/329 1947/2641/329
f 1941/2642/495 1949/2648/495 1820/2429/495
f 1956/2649/331 6295/2650/331 6282/2651/331
f 1950/2652/496 1941/2642/496 1942/2645/496
f 1943/2653/594 1950/2652/594 1942/2645/594
f 1952/2654/498 1943/2653/498 1944/2633/498
f 1945/2655/499 1952/2656/499 1944/2657/499
f 1954/2658/500 1945/2655/500 1946/2636/500
f 1947/2641/501 1954/2658/501 1946/2636/501
f 1953/2659/502 1960/2660/502 1952/2656/502
f 1962/2661/503 1953/2659/503 1954/2658/503
f 1963/2662/504 1954/2658/504 1955/2647/504
f 1956/2649/341 1963/2662/341 1955/2647/341
f 1949/2648/505 1957/2663/505 1820/2429/505
f 1964/2664/506 6282/2651/506 6276/2665/506
f 1958/2666/507 1949/2648/507 1950/2652/507
f 1951/2667/508 1958/2666/508 1950/2652/508
f 1952/2654/509 1959/2668/509 1951/2667/509
f 1957/2663/510 1965/2669/510 1820/2429/510
f 6274/2670/596 1964/2664/596 6276/2665/596
f 1966/2671/512 1957/2663/512 1958/2666/512
f 1959/2668/513 1966/2671/513 1958/2666/513
f 1968/2672/514 1959/2668/514 1960/2673/514
f 1969/2674/515 1960/2660/515 1961/2675/515
f 1962/2661/516 1969/2674/516 1961/2675/516
f 1963/2662/517 1970/2676/517 1962/2661/517
f 1972/2677/354 1963/2662/354 1964/2664/354
f 1969/2674/518 1976/2678/518 1968/2679/518
f 1978/2680/519 1969/2674/519 1970/2676/519
f 1971/2681/520 1978/2680/520 1970/2676/520
f 1972/2677/358 1979/2682/358 1971/2681/358
f 1965/2669/522 1973/2683/522 1820/2429/522
f 1980/2684/614 6274/2670/614 6278/2685/614
f 1966/2671/523 1973/2683/523 1965/2669/523
f 1967/2686/524 1974/2687/524 1966/2671/524
f 1976/2688/525 1967/2686/525 1968/2672/525
f 6284/2689/364 1980/2684/364 6278/2685/364
f 1982/2690/527 1973/2683/527 1974/2687/527
f 1983/2691/528 1974/2687/528 1975/2692/528
f 1984/2693/529 1975/2692/529 1976/2688/529
f 1977/2694/530 1984/2695/530 1976/2678/530
f 1986/2696/531 1977/2694/531 1978/2680/531
f 1979/2682/532 1986/2696/532 1978/2680/532
f 1980/2684/371 1987/2697/371 1979/2682/371
f 1973/2683/533 1981/2698/533 1820/2429/533
f 1994/2699/534 1985/2700/534 1986/2696/534
f 1987/2697/535 1994/2699/535 1986/2696/535
f 1988/2701/376 1995/2702/376 1987/2697/376
f 1981/2698/537 1989/2703/537 1820/2429/537
f 6289/2704/599 1988/2701/599 6284/2689/599
f 1990/2705/600 1981/2698/600 1982/2690/600
f 1991/2706/539 1982/2690/539 1983/2691/539
f 1992/2707/540 1983/2691/540 1984/2693/540
f 1985/2700/541 1992/2708/541 1984/2695/541
f 1990/2705/542 1997/2709/542 1989/2703/542
f 1991/2706/543 1998/2710/543 1990/2705/543
f 1992/2707/544 1999/2711/544 1991/2706/544
f 1993/2712/545 2000/2713/545 1992/2707/545
f 2002/2714/546 1993/2715/546 1994/2699/546
f 1995/2702/547 2002/2714/547 1994/2699/547
f 1996/2716/388 2003/2717/388 1995/2702/388
f 1989/2703/548 1997/2709/548 1820/2429/548
f 6290/2718/601 1996/2716/601 6289/2704/601
f 2010/2719/549 2001/2720/549 2002/2721/549
f 2003/2722/550 2010/2719/550 2002/2721/550
f 2004/2723/393 2011/2724/393 2003/2722/393
f 1997/2709/551 2005/2725/551 1820/2429/551
f 2012/2726/552 6290/2727/552 6301/2728/552
f 2006/2729/627 1997/2709/627 1998/2710/627
f 1999/2711/554 2006/2729/554 1998/2710/554
f 2000/2713/555 2007/2730/555 1999/2711/555
f 2001/2731/556 2008/2732/556 2000/2713/556
f 2007/2730/557 2014/2733/557 2006/2729/557
f 2016/2734/558 2007/2730/558 2008/2732/558
f 2017/2735/559 2008/2736/559 2009/2737/559
f 2018/2738/560 2009/2737/560 2010/2719/560
f 2011/2724/561 2018/2738/561 2010/2719/561
f 2012/2726/406 2019/2739/406 2011/2724/406
f 2005/2725/562 2013/2740/562 1820/2429/562
f 2020/2741/408 6301/2728/408 6306/2742/408
f 2014/2733/563 2005/2725/563 2006/2729/563
f 2019/2739/564 2026/2743/564 2018/2738/564
f 2020/2741/411 2027/2744/411 2019/2739/411
f 2013/2740/565 2021/2745/565 1820/2429/565
f 2028/2746/413 6306/2742/413 6312/2747/413
f 2022/2748/566 2013/2740/566 2014/2733/566
f 2015/2749/567 2022/2748/567 2014/2733/567
f 2024/2750/568 2015/2749/568 2016/2734/568
f 2017/2735/569 2024/2751/569 2016/2752/569
f 2026/2743/570 2017/2735/570 2018/2738/570
f 2024/2750/571 1776/2414/571 2023/2753/571
f 2025/2754/572 2031/2421/572 2024/2751/572
f 2032/2422/573 2025/2754/573 2026/2743/573
f 2027/2744/574 2032/2422/574 2026/2743/574
f 2028/2746/423 1778/2425/423 2027/2744/423
f 2021/2745/575 2029/2427/575 1820/2429/575
f 6315/2431/603 2028/2746/603 6312/2747/603
f 2022/2748/576 2029/2427/576 2021/2745/576
f 2023/2753/577 2030/2416/577 2022/2748/577
f 2033/2755/8 2040/2756/8 2282/2757/8
f 2049/2758/9 2285/2759/9 2038/2760/9
f 2042/2761/10 2033/2755/10 2283/2762/10
f 2050/2763/11 2038/2760/11 2286/2764/11
f 2034/2765/12 2042/2766/12 2283/2767/12
f 2051/2768/13 2286/2769/13 2287/2770/13
f 2284/2771/14 2043/2772/14 2034/2765/14
f 2052/2773/15 2287/2770/15 2288/2774/15
f 2045/2775/16 2284/2771/16 2035/2776/16
f 2053/2777/17 2288/2774/17 2289/2778/17
f 2046/2779/427 2035/2776/427 2036/2780/427
f 2281/2781/428 2039/2782/428 2114/2783/428
f 2160/2784/20 2053/2777/20 2289/2778/20
f 2037/2785/21 2046/2779/21 2036/2780/21
f 2282/2757/430 2039/2782/430 2281/2781/430
f 2285/2759/23 2047/2786/23 2037/2785/23
f 2047/2786/24 2061/2787/24 2046/2779/24
f 2055/2788/634 2039/2782/634 2040/2756/634
f 2048/2789/26 2062/2790/26 2047/2786/26
f 2056/2791/27 2040/2756/27 2041/2792/27
f 2064/2793/28 2048/2789/28 2049/2758/28
f 2057/2794/29 2041/2792/29 2042/2761/29
f 2065/2795/30 2049/2758/30 2050/2763/30
f 2043/2772/31 2057/2796/31 2042/2766/31
f 2051/2768/32 2065/2797/32 2050/2798/32
f 2044/2799/33 2058/2800/33 2043/2772/33
f 2052/2773/34 2066/2801/34 2051/2768/34
f 2060/2802/35 2044/2799/35 2045/2775/35
f 2053/2777/36 2067/2803/36 2052/2773/36
f 2061/2787/37 2045/2775/37 2046/2779/37
f 2039/2782/38 2054/2804/38 2114/2783/38
f 2160/2784/39 2068/2805/39 2053/2777/39
f 2081/2806/40 2065/2797/40 2066/2801/40
f 2074/2807/41 2058/2800/41 2059/2808/41
f 2067/2803/42 2081/2806/42 2066/2801/42
f 2060/2802/43 2074/2807/43 2059/2808/43
f 2068/2805/267 2082/2809/267 2067/2803/267
f 2076/2810/45 2060/2802/45 2061/2787/45
f 2054/2804/46 2069/2811/46 2114/2783/46
f 2160/2784/268 2083/2812/268 2068/2805/268
f 2062/2790/431 2076/2810/431 2061/2787/431
f 2070/2813/49 2054/2804/49 2055/2788/49
f 2078/2814/50 2062/2790/50 2063/2815/50
f 2071/2816/432 2055/2788/432 2056/2791/432
f 2064/2793/52 2078/2814/52 2063/2815/52
f 2057/2794/53 2071/2816/53 2056/2791/53
f 2080/2817/54 2064/2793/54 2065/2795/54
f 2058/2800/55 2072/2818/55 2057/2796/55
f 2093/2819/56 2077/2820/56 2078/2814/56
f 2071/2816/57 2085/2821/57 2070/2813/57
f 2079/2822/58 2093/2819/58 2078/2814/58
f 2072/2823/59 2086/2824/59 2071/2816/59
f 2095/2825/60 2079/2826/60 2080/2827/60
f 2073/2828/61 2087/2829/61 2072/2823/61
f 2096/2830/62 2080/2827/62 2081/2806/62
f 2089/2831/63 2073/2832/63 2074/2807/63
f 2097/2833/64 2081/2806/64 2082/2809/64
f 2075/2834/65 2089/2831/65 2074/2807/65
f 2083/2812/269 2097/2833/269 2082/2809/269
f 2091/2835/579 2075/2834/579 2076/2810/579
f 2069/2811/68 2084/2836/68 2114/2783/68
f 2160/2784/69 2098/2837/69 2083/2812/69
f 2077/2820/433 2091/2835/433 2076/2810/433
f 2085/2821/434 2069/2811/434 2070/2813/434
f 2112/2838/72 2096/2830/72 2097/2833/72
f 2090/2839/73 2104/2840/73 2089/2841/73
f 2113/2842/270 2097/2833/270 2098/2837/270
f 2106/2843/75 2090/2839/75 2091/2844/75
f 2084/2836/76 2099/2845/76 2114/2783/76
f 2160/2784/271 2113/2842/271 2098/2837/271
f 2092/2846/78 2106/2843/78 2091/2844/78
f 2085/2821/79 2099/2845/79 2084/2836/79
f 2108/2847/80 2092/2846/80 2093/2848/80
f 2086/2824/81 2100/2849/81 2085/2821/81
f 2094/2850/82 2108/2847/82 2093/2848/82
f 2102/2851/83 2086/2824/83 2087/2829/83
f 2095/2825/84 2109/2852/84 2094/2853/84
f 2103/2854/85 2087/2855/85 2088/2856/85
f 2096/2830/86 2110/2857/86 2095/2825/86
f 2104/2840/87 2088/2856/87 2089/2841/87
f 2117/2858/88 2100/2849/88 2101/2859/88
f 2125/2860/89 2108/2847/89 2109/2861/89
f 2118/2862/90 2101/2859/90 2102/2851/90
f 2126/2863/91 2109/2861/91 2110/2864/91
f 2119/2865/92 2102/2866/92 2103/2854/92
f 2111/2867/93 2126/2868/93 2110/2857/93
f 2104/2840/94 2119/2865/94 2103/2854/94
f 2112/2838/95 2127/2869/95 2111/2867/95
f 2105/2870/96 2120/2871/96 2104/2840/96
f 2129/2872/97 2112/2838/97 2113/2842/97
f 2122/2873/98 2105/2870/98 2106/2843/98
f 2099/2845/99 2115/2874/99 2114/2783/99
f 2160/2784/100 2129/2872/100 2113/2842/100
f 2107/2875/101 2122/2873/101 2106/2843/101
f 2100/2849/102 2115/2874/102 2099/2845/102
f 2124/2876/103 2107/2875/103 2108/2847/103
f 2121/2877/104 2135/2878/104 2120/2871/104
f 2144/2879/105 2128/2880/105 2129/2872/105
f 2137/2881/106 2121/2877/106 2122/2873/106
f 2115/2874/107 2130/2882/107 2114/2783/107
f 2160/2784/108 2144/2879/108 2129/2872/108
f 2123/2883/109 2137/2881/109 2122/2873/109
f 2116/2884/110 2130/2882/110 2115/2874/110
f 2139/2885/111 2123/2883/111 2124/2876/111
f 2117/2858/112 2131/2886/112 2116/2884/112
f 2125/2860/113 2139/2885/113 2124/2876/113
f 2118/2862/114 2132/2887/114 2117/2858/114
f 2141/2888/115 2125/2860/115 2126/2863/115
f 2119/2865/116 2133/2889/116 2118/2890/116
f 2142/2891/117 2126/2868/117 2127/2869/117
f 2135/2878/118 2119/2865/118 2120/2871/118
f 2143/2892/119 2127/2869/119 2128/2880/119
f 2140/2893/120 2154/2894/120 2139/2885/120
f 2148/2895/121 2132/2887/121 2133/2896/121
f 2156/2897/122 2140/2893/122 2141/2888/122
f 2134/2898/123 2148/2899/123 2133/2889/123
f 2142/2891/124 2156/2900/124 2141/2901/124
f 2150/2902/125 2134/2898/125 2135/2878/125
f 2143/2892/126 2157/2903/126 2142/2891/126
f 2136/2904/127 2150/2902/127 2135/2878/127
f 2144/2879/128 2158/2905/128 2143/2892/128
f 2152/2906/440 2136/2904/440 2137/2881/440
f 2130/2882/130 2145/2907/130 2114/2783/130
f 2160/2784/274 2159/2908/274 2144/2879/274
f 2153/2909/132 2137/2881/132 2138/2910/132
f 2146/2911/133 2130/2882/133 2131/2886/133
f 2154/2894/134 2138/2910/134 2139/2885/134
f 2147/2912/135 2131/2886/135 2132/2887/135
f 6142/2913/136 2159/2908/136 6140/2914/136
f 2151/2915/275 5940/2916/275 5941/2917/275
f 2145/2907/441 5923/2918/441 2114/2783/441
f 2159/2908/139 6139/2919/139 6140/2914/139
f 2153/2909/442 5940/2916/442 2152/2906/442
f 2145/2907/141 5926/2920/141 5922/2921/141
f 2154/2894/142 5932/2922/142 2153/2909/142
f 2146/2911/143 5925/2923/143 5926/2920/143
f 2155/2924/144 5944/2925/144 2154/2894/144
f 2148/2895/145 5930/2926/145 5924/2927/145
f 2156/2897/146 5929/2928/146 2155/2924/146
f 2148/2899/635 5945/2929/635 5930/2930/635
f 2157/2903/148 6141/2931/148 5927/2932/148
f 2149/2933/149 5933/2934/149 5945/2929/149
f 6141/2931/150 2158/2905/150 6142/2913/150
f 2150/2902/151 5941/2917/151 5933/2934/151
f 2114/2783/636 5923/2918/636 5910/2935/636
f 2160/2784/162 6132/2936/162 6139/2919/162
f 2114/2783/445 5910/2935/445 5911/2937/445
f 2160/2784/170 6129/2938/170 6132/2936/170
f 2114/2783/448 5911/2937/448 5914/2939/448
f 2160/2784/193 6127/2940/193 6129/2938/193
f 2160/2784/637 6126/2941/637 6127/2940/637
f 2114/2783/638 5914/2939/638 5916/2942/638
f 2114/2783/450 5916/2942/450 5917/2943/450
f 2160/2784/223 6124/2944/223 6126/2941/223
f 2114/2783/245 5917/2943/245 5919/2945/245
f 2160/2784/246 6122/2946/246 6124/2944/246
f 5919/2945/639 5921/2947/639 2114/2783/639
f 6122/2946/640 2160/2784/640 6121/2948/640
f 5921/2947/641 5920/2949/641 2114/2783/641
f 6121/2948/642 2160/2784/642 6120/2950/642
f 5918/2951/465 2114/2783/465 5920/2949/465
f 6123/2952/295 6120/2950/295 2160/2784/295
f 5915/2953/477 2114/2783/477 5918/2951/477
f 6125/2954/307 6123/2952/307 2160/2784/307
f 5913/2955/643 2114/2783/643 5915/2953/643
f 6128/2956/644 6125/2954/644 2160/2784/644
f 5912/2957/492 2114/2783/492 5913/2955/492
f 6130/2958/325 6128/2956/325 2160/2784/325
f 5908/2959/495 2114/2783/495 5912/2957/495
f 6131/2960/330 6130/2958/330 2160/2784/330
f 5909/2961/645 2114/2783/645 5908/2959/645
f 6133/2962/342 6131/2960/342 2160/2784/342
f 2161/2963/510 5909/2961/510 5904/2964/510
f 6133/2962/346 2175/2965/346 6134/2966/346
f 2169/2967/347 6115/2968/347 6114/2969/347
f 2161/2963/646 5902/2970/646 2162/2971/646
f 2170/2972/348 6114/2969/348 6110/2973/348
f 2162/2971/513 5903/2974/513 2163/2975/513
f 2171/2976/349 6110/2973/349 6137/2977/349
f 2163/2975/647 5900/2978/647 2164/2979/647
f 2172/2980/648 6137/2977/648 6119/2981/648
f 2164/2982/515 5900/2983/515 5901/2984/515
f 2173/2985/351 6119/2986/351 6118/2987/351
f 2165/2988/516 6138/2989/516 2166/2990/516
f 2174/2991/352 6118/2987/352 6117/2992/352
f 2166/2990/517 6111/2993/517 2167/2994/517
f 2175/2965/353 6117/2992/353 6134/2966/353
f 2167/2994/597 6115/2968/597 2168/2995/597
f 2165/2988/518 2179/2996/518 2164/2982/518
f 2173/2985/355 2187/2997/355 2172/2998/355
f 2181/2999/519 2165/2988/519 2166/2990/519
f 2189/3000/356 2173/2985/356 2174/2991/356
f 2167/2994/520 2181/2999/520 2166/2990/520
f 2175/2965/357 2189/3000/357 2174/2991/357
f 2168/2995/521 2182/3001/521 2167/2994/521
f 2161/2963/522 2176/3002/522 2114/2783/522
f 2160/2784/359 2190/3003/359 2175/2965/359
f 2184/3004/360 2168/2995/360 2169/2967/360
f 2177/3005/523 2161/2963/523 2162/2971/523
f 2185/3006/361 2169/2967/361 2170/2972/361
f 2163/2975/524 2177/3005/524 2162/2971/524
f 2171/2976/362 2185/3006/362 2170/2972/362
f 2179/3007/525 2163/2975/525 2164/2979/525
f 2187/3008/363 2171/2976/363 2172/2980/363
f 2199/3009/364 2183/3010/364 2184/3004/364
f 2177/3005/649 2191/3011/649 2176/3002/649
f 2200/3012/365 2184/3004/365 2185/3006/365
f 2178/3013/528 2192/3014/528 2177/3005/528
f 2186/3015/366 2200/3012/366 2185/3006/366
f 2194/3016/529 2178/3013/529 2179/3007/529
f 2202/3017/367 2186/3015/367 2187/3008/367
f 2180/3018/530 2194/3019/530 2179/2996/530
f 2188/3020/368 2202/3021/368 2187/2997/368
f 2196/3022/531 2180/3018/531 2181/2999/531
f 2204/3023/369 2188/3020/369 2189/3000/369
f 2182/3001/532 2196/3022/532 2181/2999/532
f 2205/3024/650 2189/3000/650 2190/3003/650
f 2183/3010/371 2197/3025/371 2182/3001/371
f 2176/3002/533 2191/3011/533 2114/2783/533
f 2160/2784/372 2205/3024/372 2190/3003/372
f 2203/3026/373 2217/3027/373 2202/3021/373
f 2211/3028/534 2195/3029/534 2196/3022/534
f 2204/3023/374 2218/3030/374 2203/3026/374
f 2197/3025/535 2211/3028/535 2196/3022/535
f 2205/3024/375 2219/3031/375 2204/3023/375
f 2198/3032/536 2212/3033/536 2197/3025/536
f 2191/3011/537 2206/3034/537 2114/2783/537
f 2160/2784/377 2220/3035/377 2205/3024/377
f 2214/3036/378 2198/3032/378 2199/3009/378
f 2207/3037/538 2191/3011/538 2192/3014/538
f 2215/3038/379 2199/3009/379 2200/3012/379
f 2208/3039/539 2192/3014/539 2193/3040/539
f 2201/3041/380 2215/3038/380 2200/3012/380
f 2209/3042/540 2193/3040/540 2194/3016/540
f 2217/3043/381 2201/3041/381 2202/3017/381
f 2195/3029/541 2209/3044/541 2194/3019/541
f 2207/3037/542 2221/3045/542 2206/3034/542
f 2230/3046/382 2214/3036/382 2215/3038/382
f 2208/3039/543 2222/3047/543 2207/3037/543
f 2216/3048/383 2230/3046/383 2215/3038/383
f 2224/3049/544 2208/3039/544 2209/3042/544
f 2232/3050/384 2216/3051/384 2217/3027/384
f 2210/3052/545 2224/3049/545 2209/3042/545
f 2218/3030/385 2232/3050/385 2217/3027/385
f 2226/3053/546 2210/3054/546 2211/3028/546
f 2234/3055/386 2218/3030/386 2219/3031/386
f 2212/3033/547 2226/3053/547 2211/3028/547
f 2235/3056/387 2219/3031/387 2220/3035/387
f 2213/3057/388 2227/3058/388 2212/3033/388
f 2206/3034/548 2221/3045/548 2114/2783/548
f 2160/2784/389 2235/3056/389 2220/3035/389
f 2229/3059/390 2213/3057/390 2214/3036/390
f 2241/3060/549 2225/3061/549 2226/3062/549
f 2249/3063/391 2233/3064/391 2234/3055/391
f 2227/3065/550 2241/3060/550 2226/3062/550
f 2250/3066/392 2234/3055/392 2235/3056/392
f 2228/3067/393 2242/3068/393 2227/3065/393
f 2221/3045/551 2236/3069/551 2114/2783/551
f 2160/2784/394 2250/3066/394 2235/3056/394
f 2244/3070/395 2228/3067/395 2229/3071/395
f 2222/3047/627 2236/3069/627 2221/3045/627
f 2245/3072/396 2229/3071/396 2230/3073/396
f 2223/3074/554 2237/3075/554 2222/3047/554
f 2231/3076/397 2245/3072/397 2230/3073/397
f 2239/3077/555 2223/3074/555 2224/3049/555
f 2232/3050/398 2246/3078/398 2231/3079/398
f 2240/3080/556 2224/3049/556 2225/3081/556
f 2233/3064/399 2247/3082/399 2232/3050/399
f 2260/3083/400 2244/3070/400 2245/3072/400
f 2253/3084/651 2237/3075/651 2238/3085/651
f 2246/3086/401 2260/3083/401 2245/3072/401
f 2254/3087/558 2238/3085/558 2239/3077/558
f 2262/3088/402 2246/3086/402 2247/3089/402
f 2240/3090/559 2254/3091/559 2239/3092/559
f 2248/3093/403 2262/3094/403 2247/3082/403
f 2256/3095/560 2240/3090/560 2241/3060/560
f 2249/3063/404 2263/3096/404 2248/3093/404
f 2242/3068/561 2256/3095/561 2241/3060/561
f 2265/3097/405 2249/3063/405 2250/3066/405
f 2243/3098/406 2257/3099/406 2242/3068/406
f 2236/3069/562 2251/3100/562 2114/2783/562
f 2160/2784/407 2265/3097/407 2250/3066/407
f 2259/3101/408 2243/3098/408 2244/3070/408
f 2237/3075/629 2251/3100/629 2236/3069/629
f 2264/3102/409 2278/3103/409 2263/3096/409
f 2257/3099/564 2271/3104/564 2256/3095/564
f 2265/3097/410 2279/3105/410 2264/3102/410
f 2258/3106/411 2272/3107/411 2257/3099/411
f 2251/3100/565 2266/3108/565 2114/2783/565
f 2160/2784/412 2280/3109/412 2265/3097/412
f 2274/3110/413 2258/3106/413 2259/3101/413
f 2267/3111/566 2251/3100/566 2252/3112/566
f 2275/3113/414 2259/3101/414 2260/3083/414
f 2268/3114/567 2252/3112/567 2253/3084/567
f 2261/3115/415 2275/3113/415 2260/3083/415
f 2269/3116/568 2253/3084/568 2254/3087/568
f 2277/3117/416 2261/3115/416 2262/3088/416
f 2255/3118/569 2269/3119/569 2254/3091/569
f 2263/3096/417 2277/3120/417 2262/3094/417
f 2271/3104/570 2255/3118/570 2256/3095/570
f 2038/2760/418 2275/3113/418 2276/3121/418
f 2269/3116/571 2033/2755/571 2268/3114/571
f 2286/2764/419 2276/3121/419 2277/3117/419
f 2270/3122/572 2283/2767/572 2269/3119/572
f 2287/2770/420 2277/3120/420 2278/3103/420
f 2271/3104/573 2034/2765/573 2270/3122/573
f 2288/2774/421 2278/3103/421 2279/3105/421
f 2272/3107/574 2284/2771/574 2271/3104/574
f 2289/2778/422 2279/3105/422 2280/3109/422
f 2273/3123/423 2035/2776/423 2272/3107/423
f 2266/3108/575 2281/2781/575 2114/2783/575
f 2160/2784/652 2289/2778/652 2280/3109/652
f 2037/2785/425 2273/3123/425 2274/3110/425
f 2267/3111/604 2281/2781/604 2266/3108/604
f 2285/2759/426 2274/3110/426 2275/3113/426
f 2268/3114/577 2282/2757/577 2267/3111/577
f 2290/3124/524 2297/3125/524 2543/3126/524
f 2306/3127/362 2546/3128/362 2295/3129/362
f 2544/3130/525 2298/3131/525 2290/3124/525
f 2307/3132/363 2295/3129/363 2547/3133/363
f 2291/3134/518 2299/3135/518 2544/3136/518
f 2308/3137/355 2547/3138/355 2548/3139/355
f 2545/3140/519 2300/3141/519 2291/3134/519
f 2309/3142/356 2548/3139/356 2549/3143/356
f 2302/3144/520 2545/3140/520 2292/3145/520
f 2310/3146/357 2549/3143/357 2550/3147/357
f 2303/3148/358 2292/3145/358 2293/3149/358
f 2542/3150/522 2296/3151/522 2371/3152/522
f 2419/3153/359 2310/3146/359 2550/3147/359
f 2294/3154/360 2303/3148/360 2293/3149/360
f 2543/3126/523 2296/3151/523 2542/3150/523
f 2546/3128/361 2304/3155/361 2294/3154/361
f 2304/3155/364 2318/3156/364 2303/3148/364
f 2312/3157/527 2296/3151/527 2297/3125/527
f 2320/3158/365 2304/3155/365 2305/3159/365
f 2313/3160/528 2297/3125/528 2298/3131/528
f 2306/3127/366 2320/3158/366 2305/3159/366
f 2314/3161/529 2298/3131/529 2299/3162/529
f 2307/3132/367 2321/3163/367 2306/3127/367
f 2315/3164/530 2299/3135/530 2300/3141/530
f 2308/3137/368 2322/3165/368 2307/3166/368
f 2316/3167/531 2300/3141/531 2301/3168/531
f 2309/3142/369 2323/3169/369 2308/3137/369
f 2302/3144/532 2316/3167/532 2301/3168/532
f 2310/3146/370 2324/3170/370 2309/3142/370
f 2318/3156/371 2302/3144/371 2303/3148/371
f 2296/3151/533 2311/3171/533 2371/3152/533
f 2419/3153/372 2325/3172/372 2310/3146/372
f 2338/3173/373 2322/3165/373 2323/3169/373
f 2331/3174/534 2315/3164/534 2316/3167/534
f 2339/3175/374 2323/3169/374 2324/3170/374
f 2317/3176/535 2331/3174/535 2316/3167/535
f 2325/3172/375 2339/3175/375 2324/3170/375
f 2333/3177/653 2317/3176/653 2318/3156/653
f 2311/3171/537 2326/3178/537 2371/3152/537
f 2419/3153/377 2340/3179/377 2325/3172/377
f 2319/3180/623 2333/3177/623 2318/3156/623
f 2327/3181/600 2311/3171/600 2312/3157/600
f 2335/3182/379 2319/3180/379 2320/3158/379
f 2313/3160/539 2327/3181/539 2312/3157/539
f 2321/3163/380 2335/3182/380 2320/3158/380
f 2314/3161/540 2328/3183/540 2313/3160/540
f 2337/3184/381 2321/3163/381 2322/3185/381
f 2315/3164/541 2329/3186/541 2314/3187/541
f 2335/3182/382 2349/3188/382 2334/3189/382
f 2343/3190/543 2327/3181/543 2328/3183/543
f 2351/3191/383 2335/3182/383 2336/3192/383
f 2344/3193/544 2328/3183/544 2329/3194/544
f 2352/3195/384 2336/3196/384 2337/3197/384
f 2330/3198/545 2344/3193/545 2329/3194/545
f 2338/3173/385 2352/3195/385 2337/3197/385
f 2331/3174/546 2345/3199/546 2330/3200/546
f 2339/3175/386 2353/3201/386 2338/3173/386
f 2347/3202/547 2331/3174/547 2332/3203/547
f 2340/3179/654 2354/3204/654 2339/3175/654
f 2333/3177/388 2347/3202/388 2332/3203/388
f 2326/3178/548 2341/3205/548 2371/3152/548
f 2419/3153/389 2355/3206/389 2340/3179/389
f 2349/3188/390 2333/3177/390 2334/3189/390
f 2342/3207/542 2326/3178/542 2327/3181/542
f 2354/3204/391 2368/3208/391 2353/3201/391
f 2362/3209/550 2346/3210/550 2347/3211/550
f 2370/3212/392 2354/3204/392 2355/3206/392
f 2348/3213/393 2362/3209/393 2347/3211/393
f 2341/3205/551 2356/3214/551 2371/3152/551
f 2419/3153/394 2370/3212/394 2355/3206/394
f 2364/3215/395 2348/3213/395 2349/3216/395
f 2342/3207/553 2356/3214/553 2341/3205/553
f 2350/3217/396 2364/3215/396 2349/3216/396
f 2358/3218/554 2342/3207/554 2343/3190/554
f 2366/3219/397 2350/3217/397 2351/3220/397
f 2359/3221/555 2343/3190/555 2344/3193/555
f 2352/3195/398 2366/3222/398 2351/3223/398
f 2360/3224/556 2344/3193/556 2345/3225/556
f 2353/3201/399 2367/3226/399 2352/3195/399
f 2346/3210/549 2360/3227/549 2345/3228/549
f 2358/3218/651 2373/3229/651 2357/3230/651
f 2382/3231/401 2365/3232/401 2366/3219/401
f 2375/3233/558 2358/3218/558 2359/3221/558
f 2367/3234/402 2382/3231/402 2366/3219/402
f 2376/3235/559 2359/3236/559 2360/3227/559
f 2368/3208/403 2383/3237/403 2367/3226/403
f 2361/3238/560 2376/3235/560 2360/3227/560
f 2385/3239/404 2368/3208/404 2369/3240/404
f 2378/3241/561 2361/3238/561 2362/3209/561
f 2386/3242/655 2369/3240/655 2370/3212/655
f 2363/3243/406 2378/3241/406 2362/3209/406
f 2356/3214/562 2372/3244/562 2371/3152/562
f 2419/3153/407 2386/3242/407 2370/3212/407
f 2380/3245/408 2363/3243/408 2364/3215/408
f 2357/3230/563 2372/3244/563 2356/3214/563
f 2365/3232/400 2380/3245/400 2364/3215/400
f 2378/3241/564 2392/3246/564 2377/3247/564
f 2386/3242/410 2400/3248/410 2385/3239/410
f 2379/3249/411 2393/3250/411 2378/3241/411
f 2372/3244/565 2387/3251/565 2371/3152/565
f 2419/3153/412 2401/3252/412 2386/3242/412
f 2395/3253/413 2379/3249/413 2380/3245/413
f 2388/3254/566 2372/3244/566 2373/3229/566
f 2396/3255/414 2380/3245/414 2381/3256/414
f 2374/3257/567 2388/3254/567 2373/3229/567
f 2382/3231/415 2396/3255/415 2381/3256/415
f 2375/3233/568 2389/3258/568 2374/3257/568
f 2398/3259/416 2382/3231/416 2383/3260/416
f 2376/3235/569 2390/3261/569 2375/3262/569
f 2399/3263/417 2383/3237/417 2384/3264/417
f 2392/3246/570 2376/3235/570 2377/3247/570
f 2400/3248/409 2384/3264/409 2385/3239/409
f 2397/3265/418 2411/3266/418 2396/3255/418
f 2405/3267/571 2389/3258/571 2390/3268/571
f 2413/3269/419 2397/3265/419 2398/3259/419
f 2391/3270/572 2405/3271/572 2390/3261/572
f 2399/3263/420 2413/3272/420 2398/3273/420
f 2407/3274/573 2391/3270/573 2392/3246/573
f 2400/3248/421 2414/3275/421 2399/3263/421
f 2393/3250/574 2407/3274/574 2392/3246/574
f 2401/3252/422 2415/3276/422 2400/3248/422
f 2394/3277/656 2408/3278/656 2393/3250/656
f 2387/3251/575 2402/3279/575 2371/3152/575
f 2419/3153/652 2416/3280/652 2401/3252/652
f 2410/3281/657 2394/3277/657 2395/3253/657
f 2403/3282/576 2387/3251/576 2388/3254/576
f 2411/3266/426 2395/3253/426 2396/3255/426
f 2404/3283/577 2388/3254/577 2389/3258/577
f 2416/3280/17 2418/3284/17 5820/3285/17
f 2408/3278/18 5834/3286/18 5837/3287/18
f 2402/3279/428 2417/3288/428 2371/3152/428
f 2419/3153/658 2418/3284/658 2416/3280/658
f 5834/3286/617 2410/3281/617 5836/3289/617
f 5816/3290/430 2417/3288/430 2402/3279/430
f 5836/3289/23 2411/3266/23 5838/3291/23
f 2403/3282/8 5828/3292/8 5826/3293/8
f 5838/3291/9 2412/3294/9 5832/3295/9
f 2404/3283/10 5831/3296/10 5828/3292/10
f 5832/3295/11 2413/3269/11 5840/3297/11
f 2405/3271/12 5833/3298/12 5831/3299/12
f 5840/3300/13 2414/3275/13 5827/3301/13
f 2406/3302/14 5839/3303/14 5833/3298/14
f 5827/3301/15 2415/3276/15 5830/3304/15
f 2407/3274/16 5837/3287/16 5839/3303/16
f 2418/3284/659 5819/3305/659 5820/3285/659
f 2417/3288/38 5822/3306/38 2371/3152/38
f 5818/3307/39 2418/3284/39 2419/3153/39
f 2417/3288/634 5816/3290/634 5821/3308/634
f 2371/3152/46 5822/3306/46 5804/3309/46
f 2419/3153/268 5815/3310/268 5818/3307/268
f 2371/3152/68 5804/3309/68 5806/3311/68
f 2419/3153/69 5812/3312/69 5815/3310/69
f 2419/3153/77 5811/3313/77 5812/3312/77
f 2371/3152/76 5806/3311/76 5800/3314/76
f 2371/3152/99 5800/3314/99 5802/3315/99
f 2419/3153/660 5809/3316/660 5811/3313/660
f 2371/3152/107 5802/3315/107 5793/3317/107
f 2419/3153/108 5798/3318/108 5809/3316/108
f 2371/3152/661 5793/3317/661 5795/3319/661
f 2419/3153/131 5797/3320/131 5798/3318/131
f 2371/3152/138 5795/3319/138 5791/3321/138
f 2419/3153/662 5799/3322/662 5797/3320/662
f 2371/3152/161 5791/3321/161 5790/3323/161
f 2419/3153/162 5808/3324/162 5799/3322/162
f 2371/3152/445 5790/3323/445 5785/3325/445
f 2419/3153/663 5810/3326/663 5808/3324/663
f 2371/3152/448 5785/3325/448 5787/3327/448
f 2419/3153/193 5813/3328/193 5810/3326/193
f 2371/3152/215 5787/3327/215 5783/3329/215
f 2419/3153/200 5814/3330/200 5813/3328/200
f 2371/3152/450 5783/3329/450 5782/3331/450
f 2419/3153/223 5778/3332/223 5814/3330/223
f 2421/3333/664 5779/3334/664 5777/3335/664
f 2420/3336/245 5782/3331/245 5774/3337/245
f 2421/3333/246 5778/3332/246 2419/3153/246
f 2420/3336/232 5774/3337/232 5780/3338/232
f 2420/3336/454 2422/3339/454 2371/3152/454
f 2419/3153/665 2436/3340/665 2421/3333/665
f 2430/3341/666 5751/3342/666 5752/3343/666
f 2422/3339/256 2420/3336/256 5780/3338/256
f 2431/3344/257 5752/3343/257 5758/3345/257
f 5766/3346/258 2423/3347/258 5773/3348/258
f 2432/3349/259 5758/3345/259 5770/3350/259
f 5763/3351/260 2424/3352/260 5766/3346/260
f 2433/3353/261 5770/3350/261 5768/3354/261
f 5761/3355/262 2425/3356/262 5763/3357/262
f 2434/3358/263 5768/3359/263 5767/3360/263
f 5757/3361/248 2426/3362/248 5761/3355/248
f 2435/3363/249 5767/3360/249 5769/3364/249
f 5753/3365/250 2427/3366/250 5757/3361/250
f 2435/3363/251 5769/3364/251 5779/3334/251
f 5751/3342/282 2428/3367/282 5753/3365/282
f 2426/3362/458 2440/3368/458 2425/3356/458
f 2434/3358/286 2448/3369/286 2433/3370/286
f 2442/3371/459 2426/3362/459 2427/3366/459
f 2450/3372/287 2434/3358/287 2435/3363/287
f 2428/3367/460 2442/3371/460 2427/3366/460
f 2451/3373/288 2435/3363/288 2436/3340/288
f 2429/3374/461 2443/3375/461 2428/3367/461
f 2422/3339/462 2437/3376/462 2371/3152/462
f 2419/3153/667 2451/3373/667 2436/3340/667
f 2445/3377/668 2429/3374/668 2430/3341/668
f 2423/3347/463 2437/3376/463 2422/3339/463
f 2446/3378/283 2430/3341/283 2431/3344/283
f 2424/3352/456 2438/3379/456 2423/3347/456
f 2432/3349/284 2446/3378/284 2431/3344/284
f 2440/3380/457 2424/3352/457 2425/3381/457
f 2448/3382/285 2432/3349/285 2433/3353/285
f 2445/3377/296 2459/3383/296 2444/3384/296
f 2438/3379/467 2452/3385/467 2437/3376/467
f 2461/3386/297 2445/3377/297 2446/3378/297
f 2454/3387/588 2438/3379/588 2439/3388/588
f 2447/3389/298 2461/3386/298 2446/3378/298
f 2455/3390/469 2439/3388/469 2440/3380/469
f 2463/3391/299 2447/3389/299 2448/3382/299
f 2441/3392/470 2455/3393/470 2440/3368/470
f 2449/3394/300 2463/3395/300 2448/3369/300
f 2457/3396/471 2441/3392/471 2442/3371/471
f 2450/3372/292 2464/3397/292 2449/3394/292
f 2443/3375/464 2457/3396/464 2442/3371/464
f 2466/3398/669 2450/3372/669 2451/3373/669
f 2459/3383/294 2443/3375/294 2444/3384/294
f 2437/3376/465 2452/3385/465 2371/3152/465
f 2419/3153/295 2466/3398/295 2451/3373/295
f 2464/3397/303 2478/3399/303 2463/3395/303
f 2472/3400/475 2456/3401/475 2457/3396/475
f 2465/3402/304 2479/3403/304 2464/3397/304
f 2458/3404/476 2472/3400/476 2457/3396/476
f 2466/3398/670 2480/3405/670 2465/3402/670
f 2474/3406/590 2458/3404/590 2459/3383/590
f 2452/3385/477 2467/3407/477 2371/3152/477
f 2419/3153/307 2481/3408/307 2466/3398/307
f 2460/3409/308 2474/3406/308 2459/3383/308
f 2468/3410/592 2452/3385/592 2453/3411/592
f 2476/3412/309 2460/3409/309 2461/3386/309
f 2469/3413/472 2453/3411/472 2454/3387/472
f 2462/3414/301 2476/3412/301 2461/3386/301
f 2470/3415/473 2454/3387/473 2455/3390/473
f 2478/3416/302 2462/3414/302 2463/3391/302
f 2456/3401/474 2470/3417/474 2455/3393/474
f 2483/3418/483 2467/3407/483 2468/3410/483
f 2491/3419/314 2475/3420/314 2476/3412/314
f 2469/3413/484 2483/3418/484 2468/3410/484
f 2477/3421/315 2491/3419/315 2476/3412/315
f 2470/3415/485 2484/3422/485 2469/3413/485
f 2493/3423/316 2477/3424/316 2478/3399/316
f 2471/3425/486 2485/3426/486 2470/3417/486
f 2494/3427/317 2478/3399/317 2479/3403/317
f 2487/3428/487 2471/3425/487 2472/3400/487
f 2495/3429/318 2479/3403/318 2480/3405/318
f 2473/3430/480 2487/3428/480 2472/3400/480
f 2481/3408/310 2495/3429/310 2480/3405/310
f 2489/3431/311 2473/3430/311 2474/3406/311
f 2467/3407/481 2482/3432/481 2371/3152/481
f 2419/3153/312 2496/3433/312 2481/3408/312
f 2475/3420/313 2489/3431/313 2474/3406/313
f 2502/3434/490 2486/3435/490 2487/3436/490
f 2510/3437/322 2494/3427/322 2495/3429/322
f 2488/3438/491 2502/3434/491 2487/3436/491
f 2511/3439/323 2495/3429/323 2496/3433/323
f 2489/3440/324 2503/3441/324 2488/3438/324
f 2482/3432/492 2497/3442/492 2371/3152/492
f 2419/3153/325 2511/3439/325 2496/3433/325
f 2505/3443/326 2489/3440/326 2490/3444/326
f 2483/3418/493 2497/3442/493 2482/3432/493
f 2506/3445/327 2490/3444/327 2491/3446/327
f 2484/3422/494 2498/3447/494 2483/3418/494
f 2492/3448/319 2506/3445/319 2491/3446/319
f 2485/3449/488 2499/3450/488 2484/3422/488
f 2493/3423/320 2507/3451/320 2492/3452/320
f 2501/3453/489 2485/3449/489 2486/3454/489
f 2509/3455/321 2493/3423/321 2494/3427/321
f 2521/3456/332 2505/3443/332 2506/3445/332
f 2514/3457/497 2498/3447/497 2499/3450/497
f 2507/3458/333 2521/3456/333 2506/3445/333
f 2515/3459/498 2499/3450/498 2500/3460/498
f 2508/3461/334 2522/3462/334 2507/3458/334
f 2516/3463/499 2500/3464/499 2501/3465/499
f 2509/3455/335 2523/3466/335 2508/3467/335
f 2517/3468/500 2501/3465/500 2502/3434/500
f 2510/3437/671 2524/3469/671 2509/3455/671
f 2518/3470/501 2502/3434/501 2503/3441/501
f 2511/3439/328 2525/3471/328 2510/3437/328
f 2504/3472/329 2518/3470/329 2503/3441/329
f 2497/3442/495 2512/3473/495 2371/3152/495
f 2419/3153/330 2526/3474/330 2511/3439/330
f 2520/3475/331 2504/3472/331 2505/3443/331
f 2513/3476/496 2497/3442/496 2498/3447/496
f 2540/3477/339 2524/3469/339 2525/3471/339
f 2518/3470/504 2532/3478/504 2517/3468/504
f 2526/3474/672 2540/3477/672 2525/3471/672
f 2519/3479/341 2533/3480/341 2518/3470/341
f 2512/3473/505 2527/3481/505 2371/3152/505
f 2419/3153/342 2541/3482/342 2526/3474/342
f 2535/3483/343 2519/3479/343 2520/3475/343
f 2528/3484/507 2512/3473/507 2513/3476/507
f 2536/3485/344 2520/3475/344 2521/3456/344
f 2514/3457/508 2528/3484/508 2513/3476/508
f 2522/3462/345 2536/3485/345 2521/3456/345
f 2515/3459/509 2529/3486/509 2514/3457/509
f 2538/3487/337 2522/3462/337 2523/3488/337
f 2516/3463/502 2530/3489/502 2515/3490/502
f 2539/3491/338 2523/3466/338 2524/3469/338
f 2532/3478/503 2516/3463/503 2517/3468/503
f 2295/3129/349 2536/3485/349 2537/3492/349
f 2544/3130/514 2529/3486/514 2530/3493/514
f 2547/3133/350 2537/3492/350 2538/3487/350
f 2531/3494/515 2544/3136/515 2530/3489/515
f 2539/3491/351 2547/3138/351 2538/3495/351
f 2532/3478/516 2291/3134/516 2531/3494/516
f 2540/3477/352 2548/3139/352 2539/3491/352
f 2533/3480/517 2545/3140/517 2532/3478/517
f 2550/3147/353 2540/3477/353 2541/3482/353
f 2534/3496/597 2292/3145/597 2533/3480/597
f 2527/3481/510 2542/3150/510 2371/3152/510
f 2419/3153/346 2550/3147/346 2541/3482/346
f 2294/3154/347 2534/3496/347 2535/3483/347
f 2528/3484/512 2542/3150/512 2527/3481/512
f 2546/3128/348 2535/3483/348 2536/3485/348
f 2529/3486/513 2543/3126/513 2528/3484/513
f 2551/3497/524 2558/3498/524 2804/3499/524
f 2567/3500/362 2807/3501/362 2556/3502/362
f 2805/3503/525 2559/3504/525 2551/3497/525
f 2568/3505/363 2556/3502/363 2808/3506/363
f 2552/3507/518 2560/3508/518 2805/3509/518
f 2569/3510/355 2808/3511/355 2809/3512/355
f 2806/3513/519 2561/3514/519 2552/3507/519
f 2570/3515/356 2809/3512/356 2810/3516/356
f 2563/3517/520 2806/3513/520 2553/3518/520
f 2571/3519/357 2810/3516/357 2811/3520/357
f 2554/3521/521 2563/3517/521 2553/3518/521
f 2803/3522/522 2557/3523/522 2632/3524/522
f 2680/3525/359 2571/3519/359 2811/3520/359
f 2565/3526/598 2554/3521/598 2555/3527/598
f 2804/3499/523 2557/3523/523 2803/3522/523
f 2807/3501/361 2565/3526/361 2555/3527/361
f 2580/3528/526 2564/3529/526 2565/3526/526
f 2558/3498/649 2572/3530/649 2557/3523/649
f 2581/3531/365 2565/3526/365 2566/3532/365
f 2574/3533/528 2558/3498/528 2559/3504/528
f 2582/3534/673 2566/3532/673 2567/3500/673
f 2575/3535/529 2559/3504/529 2560/3536/529
f 2568/3505/367 2582/3534/367 2567/3500/367
f 2576/3537/530 2560/3508/530 2561/3514/530
f 2569/3510/368 2583/3538/368 2568/3539/368
f 2562/3540/531 2576/3537/531 2561/3514/531
f 2570/3515/369 2584/3541/369 2569/3510/369
f 2563/3517/532 2577/3542/532 2562/3540/532
f 2586/3543/370 2570/3515/370 2571/3519/370
f 2564/3529/674 2578/3544/674 2563/3517/674
f 2557/3523/533 2572/3530/533 2632/3524/533
f 2680/3525/372 2586/3543/372 2571/3519/372
f 2599/3545/373 2583/3538/373 2584/3541/373
f 2592/3546/534 2576/3537/534 2577/3542/534
f 2600/3547/675 2584/3541/675 2585/3548/675
f 2578/3544/535 2592/3546/535 2577/3542/535
f 2601/3549/375 2585/3548/375 2586/3543/375
f 2579/3550/653 2593/3551/653 2578/3544/653
f 2572/3530/537 2587/3552/537 2632/3524/537
f 2680/3525/377 2601/3549/377 2586/3543/377
f 2595/3553/623 2579/3550/623 2580/3528/623
f 2573/3554/600 2587/3552/600 2572/3530/600
f 2596/3555/379 2580/3528/379 2581/3531/379
f 2574/3533/676 2588/3556/676 2573/3554/676
f 2582/3534/380 2596/3555/380 2581/3531/380
f 2575/3535/540 2589/3557/540 2574/3533/540
f 2583/3558/381 2597/3559/381 2582/3534/381
f 2591/3560/541 2575/3561/541 2576/3537/541
f 2596/3555/382 2610/3562/382 2595/3553/382
f 2604/3563/543 2588/3556/543 2589/3557/543
f 2597/3559/383 2611/3564/383 2596/3555/383
f 2605/3565/544 2589/3557/544 2590/3566/544
f 2613/3567/384 2597/3568/384 2598/3569/384
f 2606/3570/545 2590/3566/545 2591/3571/545
f 2599/3545/385 2613/3567/385 2598/3569/385
f 2607/3572/546 2591/3560/546 2592/3546/546
f 2600/3547/386 2614/3573/386 2599/3545/386
f 2608/3574/547 2592/3546/547 2593/3551/547
f 2601/3549/387 2615/3575/387 2600/3547/387
f 2594/3576/388 2608/3574/388 2593/3551/388
f 2587/3552/548 2602/3577/548 2632/3524/548
f 2680/3525/389 2616/3578/389 2601/3549/389
f 2610/3562/390 2594/3576/390 2595/3553/390
f 2603/3579/542 2587/3552/542 2588/3556/542
f 2630/3580/391 2614/3573/391 2615/3575/391
f 2623/3581/550 2607/3582/550 2608/3583/550
f 2631/3584/392 2615/3575/392 2616/3578/392
f 2609/3585/393 2623/3581/393 2608/3583/393
f 2602/3577/551 2617/3586/551 2632/3524/551
f 2680/3525/394 2631/3584/394 2616/3578/394
f 2625/3587/395 2609/3585/395 2610/3588/395
f 2618/3589/627 2602/3577/627 2603/3579/627
f 2611/3590/396 2625/3587/396 2610/3588/396
f 2604/3563/554 2618/3589/554 2603/3579/554
f 2627/3591/397 2611/3590/397 2612/3592/397
f 2605/3565/555 2619/3593/555 2604/3563/555
f 2613/3567/398 2627/3594/398 2612/3595/398
f 2621/3596/556 2605/3565/556 2606/3570/556
f 2629/3597/399 2613/3567/399 2614/3573/399
f 2622/3598/549 2606/3599/549 2607/3582/549
f 2635/3600/651 2618/3589/651 2619/3593/651
f 2627/3591/401 2642/3601/401 2626/3602/401
f 2620/3603/558 2635/3600/558 2619/3593/558
f 2644/3604/402 2627/3591/402 2628/3605/402
f 2637/3606/559 2620/3607/559 2621/3608/559
f 2645/3609/403 2628/3610/403 2629/3597/403
f 2638/3611/560 2621/3608/560 2622/3598/560
f 2630/3580/404 2645/3609/404 2629/3597/404
f 2623/3581/561 2638/3611/561 2622/3598/561
f 2647/3612/405 2630/3580/405 2631/3584/405
f 2624/3613/624 2639/3614/624 2623/3581/624
f 2617/3586/562 2633/3615/562 2632/3524/562
f 2680/3525/407 2647/3612/407 2631/3584/407
f 2641/3616/408 2624/3613/408 2625/3587/408
f 2618/3589/629 2633/3615/629 2617/3586/629
f 2642/3601/400 2625/3587/400 2626/3602/400
f 2639/3614/564 2653/3617/564 2638/3611/564
f 2647/3612/410 2661/3618/410 2646/3619/410
f 2640/3620/411 2654/3621/411 2639/3614/411
f 2633/3615/565 2648/3622/565 2632/3524/565
f 2680/3525/412 2662/3623/412 2647/3612/412
f 2656/3624/413 2640/3620/413 2641/3616/413
f 2649/3625/677 2633/3615/677 2634/3626/677
f 2657/3627/414 2641/3616/414 2642/3601/414
f 2650/3628/567 2634/3626/567 2635/3600/567
f 2643/3629/415 2657/3627/415 2642/3601/415
f 2636/3630/568 2650/3628/568 2635/3600/568
f 2659/3631/416 2643/3629/416 2644/3604/416
f 2637/3606/569 2651/3632/569 2636/3633/569
f 2660/3634/417 2644/3635/417 2645/3609/417
f 2653/3617/570 2637/3606/570 2638/3611/570
f 2661/3618/409 2645/3609/409 2646/3619/409
f 2658/3636/418 2672/3637/418 2657/3627/418
f 2666/3638/571 2650/3628/571 2651/3639/571
f 2674/3640/419 2658/3636/419 2659/3631/419
f 2652/3641/572 2666/3642/572 2651/3632/572
f 2660/3634/420 2674/3643/420 2659/3644/420
f 2668/3645/573 2652/3641/573 2653/3617/573
f 2676/3646/421 2660/3634/421 2661/3618/421
f 2654/3621/574 2668/3645/574 2653/3617/574
f 2677/3647/422 2661/3618/422 2662/3623/422
f 2655/3648/678 2669/3649/678 2654/3621/678
f 2648/3622/679 2663/3650/679 2632/3524/679
f 2680/3525/652 2677/3647/652 2662/3623/652
f 2671/3651/680 2655/3648/680 2656/3624/680
f 2649/3625/576 2663/3650/576 2648/3622/576
f 2672/3637/426 2656/3624/426 2657/3627/426
f 2665/3652/577 2649/3625/577 2650/3628/577
f 2677/3647/17 2679/3653/17 5817/3654/17
f 2669/3649/630 5660/3655/630 5685/3656/630
f 2663/3650/19 2678/3657/19 2632/3524/19
f 2680/3525/658 2679/3653/658 2677/3647/658
f 5660/3655/429 2671/3651/429 5684/3658/429
f 5647/3659/430 2678/3657/430 2663/3650/430
f 5684/3658/23 2672/3637/23 5655/3660/23
f 2664/3661/8 5650/3662/8 5652/3663/8
f 5655/3660/9 2673/3664/9 5653/3665/9
f 2665/3652/10 5658/3666/10 5650/3662/10
f 5653/3665/11 2674/3640/11 5657/3667/11
f 2666/3642/12 5654/3668/12 5658/3669/12
f 5657/3670/13 2675/3671/13 5829/3672/13
f 2667/3673/14 5656/3674/14 5654/3668/14
f 5829/3672/15 2676/3646/15 5825/3675/15
f 2668/3645/16 5685/3656/16 5656/3674/16
f 2679/3653/36 5823/3676/36 5817/3654/36
f 2678/3657/38 5649/3677/38 2632/3524/38
f 5824/3678/39 2679/3653/39 2680/3525/39
f 2678/3657/634 5647/3659/634 5648/3679/634
f 2632/3524/46 5649/3677/46 5651/3680/46
f 2680/3525/268 5805/3681/268 5824/3678/268
f 2632/3524/68 5651/3680/68 5641/3682/68
f 2680/3525/69 5807/3683/69 5805/3681/69
f 2680/3525/271 5801/3684/271 5807/3683/271
f 2632/3524/681 5641/3682/681 5642/3685/681
f 2632/3524/99 5642/3685/99 5644/3686/99
f 2680/3525/100 5803/3687/100 5801/3684/100
f 2632/3524/107 5644/3686/107 5638/3688/107
f 2680/3525/108 5794/3689/108 5803/3687/108
f 2632/3524/661 5638/3688/661 5636/3690/661
f 2680/3525/274 5796/3691/274 5794/3689/274
f 2632/3524/138 5636/3690/138 5637/3692/138
f 2680/3525/139 5792/3693/139 5796/3691/139
f 2632/3524/161 5637/3692/161 5645/3694/161
f 2680/3525/162 5789/3695/162 5792/3693/162
f 2632/3524/445 5645/3694/445 5643/3696/445
f 2680/3525/170 5786/3697/170 5789/3695/170
f 2632/3524/192 5643/3696/192 5639/3698/192
f 2680/3525/193 5788/3699/193 5786/3697/193
f 2632/3524/215 5639/3698/215 5640/3700/215
f 2680/3525/200 5784/3701/200 5788/3699/200
f 2632/3524/450 5640/3700/450 5646/3702/450
f 2680/3525/223 5781/3703/223 5784/3701/223
f 2682/3704/243 5776/3705/243 5775/3706/243
f 2681/3707/245 5646/3702/245 5635/3708/245
f 2682/3704/246 5781/3703/246 2680/3525/246
f 2681/3707/682 5635/3708/682 5634/3709/682
f 2681/3707/253 2683/3710/253 2632/3524/253
f 2680/3525/665 2697/3711/665 2682/3704/665
f 2691/3712/255 5755/3713/255 5754/3714/255
f 2683/3710/683 2681/3707/683 5634/3709/683
f 2692/3715/257 5754/3714/257 5756/3716/257
f 5632/3717/258 2684/3718/258 5633/3719/258
f 2693/3720/259 5756/3716/259 5762/3721/259
f 5631/3722/260 2685/3723/260 5632/3717/260
f 2694/3724/261 5762/3721/261 5764/3725/261
f 5771/3726/262 2686/3727/262 5631/3728/262
f 2695/3729/263 5764/3730/263 5765/3731/263
f 5759/3732/248 2687/3733/248 5771/3726/248
f 2696/3734/249 5765/3731/249 5772/3735/249
f 5760/3736/250 2688/3737/250 5759/3732/250
f 2696/3734/684 5772/3735/684 5776/3705/684
f 5755/3713/282 2689/3738/282 5760/3736/282
f 2687/3733/458 2701/3739/458 2686/3727/458
f 2695/3729/286 2709/3740/286 2694/3741/286
f 2703/3742/459 2687/3733/459 2688/3737/459
f 2696/3734/287 2710/3743/287 2695/3729/287
f 2689/3738/460 2703/3742/460 2688/3737/460
f 2697/3711/288 2711/3744/288 2696/3734/288
f 2690/3745/461 2704/3746/461 2689/3738/461
f 2683/3710/685 2698/3747/685 2632/3524/685
f 2680/3525/667 2712/3748/667 2697/3711/667
f 2706/3749/668 2690/3745/668 2691/3712/668
f 2699/3750/463 2683/3710/463 2684/3718/463
f 2707/3751/283 2691/3712/283 2692/3715/283
f 2700/3752/456 2684/3718/456 2685/3723/456
f 2693/3720/284 2707/3751/284 2692/3715/284
f 2701/3753/457 2685/3723/457 2686/3754/457
f 2709/3755/285 2693/3720/285 2694/3724/285
f 2721/3756/466 2705/3757/466 2706/3749/466
f 2699/3750/686 2713/3758/686 2698/3747/686
f 2722/3759/297 2706/3749/297 2707/3751/297
f 2715/3760/588 2699/3750/588 2700/3752/588
f 2708/3761/298 2722/3759/298 2707/3751/298
f 2716/3762/469 2700/3752/469 2701/3753/469
f 2709/3755/299 2723/3763/299 2708/3761/299
f 2717/3764/470 2701/3739/470 2702/3765/470
f 2710/3743/300 2724/3766/300 2709/3740/300
f 2718/3767/471 2702/3765/471 2703/3742/471
f 2711/3744/292 2725/3768/292 2710/3743/292
f 2704/3746/464 2718/3767/464 2703/3742/464
f 2727/3769/293 2711/3744/293 2712/3748/293
f 2705/3757/687 2719/3770/687 2704/3746/687
f 2698/3747/465 2713/3758/465 2632/3524/465
f 2680/3525/295 2727/3769/295 2712/3748/295
f 2725/3768/303 2739/3771/303 2724/3766/303
f 2733/3772/475 2717/3764/475 2718/3767/475
f 2741/3773/688 2725/3768/688 2726/3774/688
f 2719/3770/476 2733/3772/476 2718/3767/476
f 2727/3769/670 2741/3773/670 2726/3774/670
f 2720/3775/590 2734/3776/590 2719/3770/590
f 2713/3758/477 2728/3777/477 2632/3524/477
f 2680/3525/307 2742/3778/307 2727/3769/307
f 2736/3779/308 2720/3775/308 2721/3756/308
f 2729/3780/592 2713/3758/592 2714/3781/592
f 2737/3782/309 2721/3756/309 2722/3759/309
f 2730/3783/472 2714/3781/472 2715/3760/472
f 2723/3763/301 2737/3782/301 2722/3759/301
f 2731/3784/473 2715/3760/473 2716/3762/473
f 2739/3785/302 2723/3763/302 2724/3786/302
f 2717/3764/474 2731/3787/474 2716/3788/474
f 2729/3780/483 2743/3789/483 2728/3777/483
f 2752/3790/314 2736/3779/314 2737/3782/314
f 2745/3791/484 2729/3780/484 2730/3783/484
f 2738/3792/315 2752/3790/315 2737/3782/315
f 2746/3793/485 2730/3783/485 2731/3784/485
f 2754/3794/316 2738/3795/316 2739/3771/316
f 2732/3796/486 2746/3797/486 2731/3787/486
f 2740/3798/317 2754/3794/317 2739/3771/317
f 2748/3799/487 2732/3796/487 2733/3772/487
f 2741/3773/318 2755/3800/318 2740/3798/318
f 2734/3776/480 2748/3799/480 2733/3772/480
f 2757/3801/310 2741/3773/310 2742/3778/310
f 2750/3802/311 2734/3776/311 2735/3803/311
f 2728/3777/481 2743/3789/481 2632/3524/481
f 2680/3525/312 2757/3801/312 2742/3778/312
f 2736/3779/313 2750/3802/313 2735/3803/313
f 2763/3804/490 2747/3805/490 2748/3806/490
f 2771/3807/322 2755/3800/322 2756/3808/322
f 2749/3809/491 2763/3804/491 2748/3806/491
f 2757/3801/323 2771/3807/323 2756/3808/323
f 2765/3810/324 2749/3809/324 2750/3811/324
f 2743/3789/492 2758/3812/492 2632/3524/492
f 2680/3525/325 2772/3813/325 2757/3801/325
f 2751/3814/326 2765/3810/326 2750/3811/326
f 2759/3815/593 2743/3789/593 2744/3816/593
f 2767/3817/327 2751/3814/327 2752/3818/327
f 2745/3791/494 2759/3815/494 2744/3816/494
f 2753/3819/319 2767/3817/319 2752/3818/319
f 2761/3820/488 2745/3791/488 2746/3793/488
f 2754/3794/320 2768/3821/320 2753/3822/320
f 2762/3823/489 2746/3793/489 2747/3824/489
f 2755/3800/321 2769/3825/321 2754/3794/321
f 2767/3817/332 2781/3826/332 2766/3827/332
f 2775/3828/497 2759/3815/497 2760/3829/497
f 2768/3830/333 2782/3831/333 2767/3817/333
f 2776/3832/498 2760/3829/498 2761/3820/498
f 2784/3833/334 2768/3830/334 2769/3834/334
f 2762/3835/499 2776/3836/499 2761/3837/499
f 2770/3838/335 2784/3839/335 2769/3825/335
f 2778/3840/500 2762/3835/500 2763/3804/500
f 2771/3807/671 2785/3841/671 2770/3838/671
f 2779/3842/501 2763/3804/501 2764/3843/501
f 2772/3813/328 2786/3844/328 2771/3807/328
f 2765/3810/329 2779/3842/329 2764/3843/329
f 2758/3812/495 2773/3845/495 2632/3524/495
f 2680/3525/330 2787/3846/330 2772/3813/330
f 2781/3826/331 2765/3810/331 2766/3827/331
f 2774/3847/496 2758/3812/496 2759/3815/496
f 2801/3848/339 2785/3841/339 2786/3844/339
f 2779/3842/504 2793/3849/504 2778/3840/504
f 2802/3850/340 2786/3844/340 2787/3846/340
f 2780/3851/341 2794/3852/341 2779/3842/341
f 2773/3845/505 2788/3853/505 2632/3524/505
f 2680/3525/342 2802/3850/342 2787/3846/342
f 2796/3854/343 2780/3851/343 2781/3826/343
f 2774/3847/507 2788/3853/507 2773/3845/507
f 2797/3855/344 2781/3826/344 2782/3831/344
f 2775/3828/508 2789/3856/508 2774/3847/508
f 2783/3857/345 2797/3855/345 2782/3831/345
f 2776/3832/509 2790/3858/509 2775/3828/509
f 2799/3859/337 2783/3857/337 2784/3833/337
f 2777/3860/502 2791/3861/502 2776/3836/502
f 2800/3862/338 2784/3839/338 2785/3841/338
f 2793/3849/503 2777/3860/503 2778/3840/503
f 2556/3502/349 2797/3855/349 2798/3863/349
f 2791/3864/514 2551/3497/514 2790/3858/514
f 2808/3506/350 2798/3863/350 2799/3859/350
f 2552/3507/515 2791/3861/515 2792/3865/515
f 2800/3862/351 2808/3511/351 2799/3866/351
f 2793/3849/516 2552/3507/516 2792/3865/516
f 2801/3848/352 2809/3512/352 2800/3862/352
f 2794/3852/517 2806/3513/517 2793/3849/517
f 2802/3850/353 2810/3516/353 2801/3848/353
f 2795/3867/597 2553/3518/597 2794/3852/597
f 2788/3853/510 2803/3522/510 2632/3524/510
f 2680/3525/346 2811/3520/346 2802/3850/346
f 2555/3527/347 2795/3867/347 2796/3854/347
f 2804/3499/512 2788/3853/512 2789/3856/512
f 2807/3501/348 2796/3854/348 2797/3855/348
f 2790/3858/513 2804/3499/513 2789/3856/513
f 2812/3868/524 2819/3869/524 3065/3870/524
f 2828/3871/362 3068/3872/362 2817/3873/362
f 3066/3874/525 2820/3875/525 2812/3868/525
f 2829/3876/363 2817/3873/363 3069/3877/363
f 2813/3878/518 2821/3879/518 3066/3880/518
f 2830/3881/355 3069/3882/355 3070/3883/355
f 3067/3884/519 2822/3885/519 2813/3878/519
f 2831/3886/356 3070/3883/356 3071/3887/356
f 2824/3888/520 3067/3884/520 2814/3889/520
f 2832/3890/357 3071/3887/357 3072/3891/357
f 2825/3892/358 2814/3889/358 2815/3893/358
f 3064/3894/522 2818/3895/522 2893/3896/522
f 2941/3897/359 2832/3890/359 3072/3891/359
f 2816/3898/598 2825/3892/598 2815/3893/598
f 3065/3870/523 2818/3895/523 3064/3894/523
f 3068/3872/361 2826/3899/361 2816/3898/361
f 2826/3899/364 2840/3900/364 2825/3892/364
f 2834/3901/527 2818/3895/527 2819/3869/527
f 2827/3902/365 2841/3903/365 2826/3899/365
f 2835/3904/528 2819/3869/528 2820/3875/528
f 2843/3905/366 2827/3902/366 2828/3871/366
f 2836/3906/529 2820/3875/529 2821/3907/529
f 2829/3876/367 2843/3905/367 2828/3871/367
f 2837/3908/530 2821/3879/530 2822/3885/530
f 2830/3881/368 2844/3909/368 2829/3910/368
f 2823/3911/531 2837/3908/531 2822/3885/531
f 2831/3886/369 2845/3912/369 2830/3881/369
f 2839/3913/532 2823/3911/532 2824/3888/532
f 2832/3890/370 2846/3914/370 2831/3886/370
f 2840/3900/371 2824/3888/371 2825/3892/371
f 2818/3895/533 2833/3915/533 2893/3896/533
f 2941/3897/372 2847/3916/372 2832/3890/372
f 2860/3917/373 2844/3909/373 2845/3912/373
f 2853/3918/534 2837/3908/534 2838/3919/534
f 2861/3920/675 2845/3912/675 2846/3914/675
f 2854/3921/535 2838/3919/535 2839/3913/535
f 2847/3916/375 2861/3920/375 2846/3914/375
f 2840/3900/536 2854/3921/536 2839/3913/536
f 2833/3915/537 2848/3922/537 2893/3896/537
f 2941/3897/377 2862/3923/377 2847/3916/377
f 2856/3924/378 2840/3900/378 2841/3903/378
f 2849/3925/600 2833/3915/600 2834/3901/600
f 2842/3926/379 2856/3924/379 2841/3903/379
f 2835/3904/539 2849/3925/539 2834/3901/539
f 2843/3905/380 2857/3927/380 2842/3926/380
f 2836/3906/540 2850/3928/540 2835/3904/540
f 2844/3929/381 2858/3930/381 2843/3905/381
f 2852/3931/541 2836/3932/541 2837/3908/541
f 2872/3933/382 2856/3924/382 2857/3927/382
f 2850/3928/543 2864/3934/543 2849/3925/543
f 2873/3935/383 2857/3927/383 2858/3930/383
f 2866/3936/544 2850/3928/544 2851/3937/544
f 2874/3938/384 2858/3939/384 2859/3940/384
f 2852/3941/545 2866/3936/545 2851/3937/545
f 2860/3917/385 2874/3938/385 2859/3940/385
f 2853/3918/546 2867/3942/546 2852/3931/546
f 2876/3943/386 2860/3917/386 2861/3920/386
f 2854/3921/547 2868/3944/547 2853/3918/547
f 2877/3945/654 2861/3920/654 2862/3923/654
f 2855/3946/689 2869/3947/689 2854/3921/689
f 2848/3922/548 2863/3948/548 2893/3896/548
f 2941/3897/389 2877/3945/389 2862/3923/389
f 2871/3949/601 2855/3946/601 2856/3924/601
f 2849/3925/542 2863/3948/542 2848/3922/542
f 2876/3943/391 2890/3950/391 2875/3951/391
f 2869/3952/550 2883/3953/550 2868/3954/550
f 2892/3955/392 2876/3943/392 2877/3945/392
f 2885/3956/393 2869/3952/393 2870/3957/393
f 2863/3948/551 2878/3958/551 2893/3896/551
f 2941/3897/394 2892/3955/394 2877/3945/394
f 2871/3959/395 2885/3956/395 2870/3957/395
f 2864/3934/627 2878/3958/627 2863/3948/627
f 2887/3960/396 2871/3959/396 2872/3961/396
f 2880/3962/554 2864/3934/554 2865/3963/554
f 2888/3964/397 2872/3961/397 2873/3965/397
f 2881/3966/555 2865/3963/555 2866/3936/555
f 2874/3938/398 2888/3967/398 2873/3968/398
f 2882/3969/556 2866/3936/556 2867/3970/556
f 2875/3951/399 2889/3971/399 2874/3938/399
f 2868/3954/549 2882/3972/549 2867/3973/549
f 2880/3962/651 2895/3974/651 2879/3975/651
f 2904/3976/401 2887/3960/401 2888/3964/401
f 2897/3977/558 2880/3962/558 2881/3966/558
f 2889/3978/402 2904/3976/402 2888/3964/402
f 2898/3979/559 2881/3980/559 2882/3972/559
f 2890/3950/403 2905/3981/403 2889/3971/403
f 2883/3953/560 2898/3979/560 2882/3972/560
f 2907/3982/404 2890/3950/404 2891/3983/404
f 2884/3984/561 2899/3985/561 2883/3953/561
f 2908/3986/405 2891/3983/405 2892/3955/405
f 2901/3987/406 2884/3984/406 2885/3956/406
f 2878/3958/562 2894/3988/562 2893/3896/562
f 2941/3897/407 2908/3986/407 2892/3955/407
f 2886/3989/628 2901/3987/628 2885/3956/628
f 2879/3975/563 2894/3988/563 2878/3958/563
f 2903/3990/400 2886/3989/400 2887/3960/400
f 2900/3991/564 2914/3992/564 2899/3985/564
f 2923/3993/410 2907/3982/410 2908/3986/410
f 2916/3994/411 2900/3991/411 2901/3987/411
f 2894/3988/565 2909/3995/565 2893/3896/565
f 2941/3897/412 2923/3993/412 2908/3986/412
f 2902/3996/413 2916/3994/413 2901/3987/413
f 2895/3974/566 2909/3995/566 2894/3988/566
f 2918/3997/414 2902/3996/414 2903/3990/414
f 2896/3998/567 2910/3999/567 2895/3974/567
f 2904/3976/415 2918/3997/415 2903/3990/415
f 2897/3977/568 2911/4000/568 2896/3998/568
f 2920/4001/416 2904/3976/416 2905/4002/416
f 2898/3979/569 2912/4003/569 2897/4004/569
f 2921/4005/417 2905/3981/417 2906/4006/417
f 2914/3992/570 2898/3979/570 2899/3985/570
f 2922/4007/409 2906/4006/409 2907/3982/409
f 2919/4008/418 2933/4009/418 2918/3997/418
f 2927/4010/571 2911/4000/571 2912/4011/571
f 2920/4001/419 2934/4012/419 2919/4008/419
f 2928/4013/572 2912/4003/572 2913/4014/572
f 2921/4005/420 2935/4015/420 2920/4016/420
f 2929/4017/573 2913/4014/573 2914/3992/573
f 2937/4018/421 2921/4005/421 2922/4007/421
f 2915/4019/574 2929/4017/574 2914/3992/574
f 2923/3993/422 2937/4018/422 2922/4007/422
f 2931/4020/678 2915/4019/678 2916/3994/678
f 2909/3995/575 2924/4021/575 2893/3896/575
f 2941/3897/652 2938/4022/652 2923/3993/652
f 2917/4023/680 2931/4020/680 2916/3994/680
f 2925/4024/576 2909/3995/576 2910/3999/576
f 2933/4009/426 2917/4023/426 2918/3997/426
f 2911/4000/577 2925/4024/577 2910/3999/577
f 2938/4022/17 2940/4025/17 5867/4026/17
f 2930/4027/18 5742/4028/18 5745/4029/18
f 2924/4021/428 2939/4030/428 2893/3896/428
f 2941/3897/658 2940/4025/658 2938/4022/658
f 5742/4028/429 2932/4031/429 5744/4032/429
f 5715/4033/430 2939/4030/430 2924/4021/430
f 5744/4032/23 2933/4009/23 5748/4034/23
f 2925/4024/8 5730/4035/8 5717/4036/8
f 5748/4034/9 2934/4012/9 5735/4037/9
f 2926/4038/10 5733/4039/10 5730/4035/10
f 5735/4037/11 2935/4040/11 5865/4041/11
f 2927/4042/12 5736/4043/12 5733/4044/12
f 5865/4045/13 2936/4046/13 5864/4047/13
f 2928/4013/14 5740/4048/14 5736/4043/14
f 5864/4047/15 2937/4018/15 5863/4049/15
f 2929/4017/16 5745/4029/16 5740/4048/16
f 2940/4025/690 5866/4050/690 5867/4026/690
f 2939/4030/38 5712/4051/38 2893/3896/38
f 5868/4052/39 2940/4025/39 2941/3897/39
f 2939/4030/634 5715/4033/634 5713/4053/634
f 2893/3896/46 5712/4051/46 5705/4054/46
f 2941/3897/268 5862/4055/268 5868/4052/268
f 2893/3896/68 5705/4054/68 5707/4056/68
f 2941/3897/69 5861/4057/69 5862/4055/69
f 2941/3897/271 5859/4058/271 5861/4057/271
f 2893/3896/76 5707/4056/76 5710/4059/76
f 2893/3896/99 5710/4059/99 5697/4060/99
f 2941/3897/100 5857/4061/100 5859/4058/100
f 2893/3896/107 5697/4060/107 5698/4062/107
f 2941/3897/108 5855/4063/108 5857/4061/108
f 2893/3896/130 5698/4062/130 5693/4064/130
f 2941/3897/274 5854/4065/274 5855/4063/274
f 2893/3896/441 5693/4064/441 5695/4066/441
f 2941/3897/139 5853/4067/139 5854/4065/139
f 2893/3896/161 5695/4066/161 5696/4068/161
f 2941/3897/162 5856/4069/162 5853/4067/162
f 2893/3896/445 5696/4068/445 5690/4070/445
f 2941/3897/170 5858/4071/170 5856/4069/170
f 2893/3896/448 5690/4070/448 5688/4072/448
f 2941/3897/193 5860/4073/193 5858/4071/193
f 2893/3896/215 5688/4072/215 5687/4074/215
f 2941/3897/200 5849/4075/200 5860/4073/200
f 2893/3896/450 5687/4074/450 5677/4076/450
f 2941/3897/223 5848/4077/223 5849/4075/223
f 2943/4078/664 5846/4079/664 5847/4080/664
f 2942/4081/245 5677/4076/245 5676/4082/245
f 2943/4078/246 5848/4077/246 2941/3897/246
f 2942/4081/452 5676/4082/452 5673/4083/452
f 2942/4081/454 2944/4084/454 2893/3896/454
f 2941/3897/254 2958/4085/254 2943/4078/254
f 2952/4086/255 5835/4087/255 5869/4088/255
f 2944/4084/683 2942/4081/683 5673/4083/683
f 2953/4089/257 5869/4088/257 5842/4090/257
f 5669/4091/258 2945/4092/258 5671/4093/258
f 2954/4094/259 5842/4090/259 5841/4095/259
f 2946/4096/260 5844/4097/260 2947/4098/260
f 2955/4099/261 5841/4095/261 5851/4100/261
f 5852/4101/262 2947/4102/262 5844/4103/262
f 2956/4104/263 5851/4105/263 5850/4106/263
f 5843/4107/248 2948/4108/248 5852/4101/248
f 2957/4109/249 5850/4106/249 5845/4110/249
f 5870/4111/250 2949/4112/250 5843/4107/250
f 2957/4109/684 5845/4110/684 5846/4079/684
f 5835/4087/282 2950/4113/282 5870/4111/282
f 2948/4108/458 2962/4114/458 2947/4102/458
f 2956/4104/286 2970/4115/286 2955/4116/286
f 2964/4117/459 2948/4108/459 2949/4112/459
f 2972/4118/287 2956/4104/287 2957/4109/287
f 2950/4113/460 2964/4117/460 2949/4112/460
f 2973/4119/691 2957/4109/691 2958/4085/691
f 2951/4120/461 2965/4121/461 2950/4113/461
f 2944/4084/462 2959/4122/462 2893/3896/462
f 2941/3897/290 2973/4119/290 2958/4085/290
f 2967/4123/291 2951/4120/291 2952/4086/291
f 2945/4092/463 2959/4122/463 2944/4084/463
f 2968/4124/283 2952/4086/283 2953/4089/283
f 2946/4096/456 2960/4125/456 2945/4092/456
f 2954/4094/284 2968/4124/284 2953/4089/284
f 2962/4126/457 2946/4096/457 2947/4098/457
f 2970/4127/285 2954/4094/285 2955/4099/285
f 2967/4123/296 2981/4128/296 2966/4129/296
f 2960/4125/467 2974/4130/467 2959/4122/467
f 2983/4131/297 2967/4123/297 2968/4124/297
f 2976/4132/588 2960/4125/588 2961/4133/588
f 2969/4134/298 2983/4131/298 2968/4124/298
f 2977/4135/469 2961/4133/469 2962/4126/469
f 2985/4136/299 2969/4134/299 2970/4127/299
f 2963/4137/470 2977/4138/470 2962/4114/470
f 2971/4139/300 2985/4140/300 2970/4115/300
f 2979/4141/471 2963/4137/471 2964/4117/471
f 2972/4118/292 2986/4142/292 2971/4139/292
f 2965/4121/464 2979/4141/464 2964/4117/464
f 2988/4143/669 2972/4118/669 2973/4119/669
f 2981/4128/294 2965/4121/294 2966/4129/294
f 2959/4122/465 2974/4130/465 2893/3896/465
f 2941/3897/295 2988/4143/295 2973/4119/295
f 3001/4144/303 2985/4140/303 2986/4142/303
f 2994/4145/475 2978/4146/475 2979/4141/475
f 2987/4147/304 3001/4144/304 2986/4142/304
f 2980/4148/476 2994/4145/476 2979/4141/476
f 2988/4143/670 3002/4149/670 2987/4147/670
f 2981/4128/590 2995/4150/590 2980/4148/590
f 2974/4130/477 2989/4151/477 2893/3896/477
f 2941/3897/307 3003/4152/307 2988/4143/307
f 2997/4153/308 2981/4128/308 2982/4154/308
f 2990/4155/592 2974/4130/592 2975/4156/592
f 2998/4157/309 2982/4154/309 2983/4131/309
f 2991/4158/472 2975/4156/472 2976/4132/472
f 2984/4159/301 2998/4157/301 2983/4131/301
f 2977/4135/473 2991/4158/473 2976/4132/473
f 3000/4160/302 2984/4159/302 2985/4136/302
f 2978/4146/474 2992/4161/474 2977/4138/474
f 3005/4162/483 2989/4151/483 2990/4155/483
f 3013/4163/314 2997/4153/314 2998/4157/314
f 3006/4164/484 2990/4155/484 2991/4158/484
f 2999/4165/315 3013/4163/315 2998/4157/315
f 3007/4166/485 2991/4158/485 2992/4167/485
f 3015/4168/316 2999/4169/316 3000/4170/316
f 2993/4171/486 3007/4172/486 2992/4161/486
f 3001/4144/317 3015/4168/317 3000/4170/317
f 3009/4173/487 2993/4171/487 2994/4145/487
f 3002/4149/318 3016/4174/318 3001/4144/318
f 2995/4150/480 3009/4173/480 2994/4145/480
f 3003/4152/310 3017/4175/310 3002/4149/310
f 2996/4176/311 3010/4177/311 2995/4150/311
f 2989/4151/481 3004/4178/481 2893/3896/481
f 2941/3897/312 3018/4179/312 3003/4152/312
f 3012/4180/313 2996/4176/313 2997/4153/313
f 3024/4181/490 3008/4182/490 3009/4183/490
f 3032/4184/322 3016/4174/322 3017/4175/322
f 3010/4185/491 3024/4181/491 3009/4183/491
f 3033/4186/323 3017/4175/323 3018/4179/323
f 3011/4187/324 3025/4188/324 3010/4185/324
f 3004/4178/492 3019/4189/492 2893/3896/492
f 2941/3897/325 3033/4186/325 3018/4179/325
f 3027/4190/326 3011/4187/326 3012/4191/326
f 3005/4162/493 3019/4189/493 3004/4178/493
f 3028/4192/327 3012/4191/327 3013/4193/327
f 3006/4164/494 3020/4194/494 3005/4162/494
f 3014/4195/319 3028/4192/319 3013/4193/319
f 3007/4166/488 3021/4196/488 3006/4164/488
f 3030/4197/320 3014/4198/320 3015/4168/320
f 3008/4199/489 3022/4200/489 3007/4166/489
f 3031/4201/321 3015/4168/321 3016/4174/321
f 3043/4202/332 3027/4190/332 3028/4192/332
f 3036/4203/497 3020/4194/497 3021/4196/497
f 3029/4204/333 3043/4202/333 3028/4192/333
f 3037/4205/498 3021/4196/498 3022/4200/498
f 3030/4206/334 3044/4207/334 3029/4204/334
f 3038/4208/499 3022/4209/499 3023/4210/499
f 3031/4201/335 3045/4211/335 3030/4197/335
f 3039/4212/500 3023/4210/500 3024/4181/500
f 3032/4184/671 3046/4213/671 3031/4201/671
f 3025/4188/501 3039/4212/501 3024/4181/501
f 3033/4186/692 3047/4214/692 3032/4184/692
f 3026/4215/329 3040/4216/329 3025/4188/329
f 3019/4189/495 3034/4217/495 2893/3896/495
f 2941/3897/330 3048/4218/330 3033/4186/330
f 3042/4219/331 3026/4215/331 3027/4190/331
f 3035/4220/496 3019/4189/496 3020/4194/496
f 3062/4221/339 3046/4213/339 3047/4214/339
f 3040/4216/504 3054/4222/504 3039/4212/504
f 3063/4223/340 3047/4214/340 3048/4218/340
f 3041/4224/341 3055/4225/341 3040/4216/341
f 3034/4217/505 3049/4226/505 2893/3896/505
f 2941/3897/342 3063/4223/342 3048/4218/342
f 3057/4227/343 3041/4224/343 3042/4219/343
f 3035/4220/507 3049/4226/507 3034/4217/507
f 3058/4228/344 3042/4219/344 3043/4202/344
f 3036/4203/508 3050/4229/508 3035/4220/508
f 3059/4230/345 3043/4202/345 3044/4207/345
f 3037/4205/509 3051/4231/509 3036/4203/509
f 3060/4232/337 3044/4207/337 3045/4233/337
f 3038/4208/502 3052/4234/502 3037/4235/502
f 3061/4236/338 3045/4211/338 3046/4213/338
f 3039/4212/503 3053/4237/503 3038/4208/503
f 2817/3873/349 3058/4228/349 3059/4230/349
f 3052/4238/514 2812/3868/514 3051/4231/514
f 3060/4232/350 2817/3873/350 3059/4230/350
f 2813/3878/515 3052/4234/515 3053/4237/515
f 3061/4236/351 3069/3882/351 3060/4239/351
f 3054/4222/516 2813/3878/516 3053/4237/516
f 3062/4221/352 3070/3883/352 3061/4236/352
f 3055/4225/517 3067/3884/517 3054/4222/517
f 3072/3891/353 3062/4221/353 3063/4223/353
f 3056/4240/597 2814/3889/597 3055/4225/597
f 3049/4226/510 3064/3894/510 2893/3896/510
f 2941/3897/346 3072/3891/346 3063/4223/346
f 2816/3898/347 3056/4240/347 3057/4227/347
f 3050/4229/512 3064/3894/512 3049/4226/512
f 3068/3872/348 3057/4227/348 3058/4228/348
f 3051/4231/513 3065/3870/513 3050/4229/513
f 3073/4241/524 3080/4242/524 3326/4243/524
f 3089/4244/362 3329/4245/362 3078/4246/362
f 3327/4247/525 3081/4248/525 3073/4241/525
f 3090/4249/363 3078/4246/363 3330/4250/363
f 3074/4251/518 3082/4252/518 3327/4253/518
f 3091/4254/355 3330/4255/355 3331/4256/355
f 3328/4257/519 3083/4258/519 3074/4251/519
f 3092/4259/356 3331/4256/356 3332/4260/356
f 3085/4261/520 3328/4257/520 3075/4262/520
f 3093/4263/357 3332/4260/357 3333/4264/357
f 3086/4265/358 3075/4262/358 3076/4266/358
f 3325/4267/522 3079/4268/522 3154/4269/522
f 3202/4270/359 3093/4263/359 3333/4264/359
f 3077/4271/598 3086/4265/598 3076/4266/598
f 3326/4243/523 3079/4268/523 3325/4267/523
f 3329/4245/361 3087/4272/361 3077/4271/361
f 3087/4272/364 3101/4273/364 3086/4265/364
f 3080/4242/649 3094/4274/649 3079/4268/649
f 3088/4275/365 3102/4276/365 3087/4272/365
f 3081/4248/528 3095/4277/528 3080/4242/528
f 3104/4278/366 3088/4275/366 3089/4244/366
f 3097/4279/529 3081/4248/529 3082/4280/529
f 3105/4281/367 3089/4244/367 3090/4249/367
f 3083/4258/530 3097/4282/530 3082/4252/530
f 3091/4254/368 3105/4283/368 3090/4284/368
f 3084/4285/531 3098/4286/531 3083/4258/531
f 3107/4287/369 3091/4254/369 3092/4259/369
f 3100/4288/532 3084/4285/532 3085/4261/532
f 3108/4289/370 3092/4259/370 3093/4263/370
f 3101/4273/371 3085/4261/371 3086/4265/371
f 3079/4268/533 3094/4274/533 3154/4269/533
f 3202/4270/372 3108/4289/372 3093/4263/372
f 3106/4290/373 3120/4291/373 3105/4283/373
f 3099/4292/534 3113/4293/534 3098/4286/534
f 3122/4294/675 3106/4290/675 3107/4287/675
f 3100/4288/535 3114/4295/535 3099/4292/535
f 3123/4296/375 3107/4287/375 3108/4289/375
f 3101/4273/653 3115/4297/653 3100/4288/653
f 3094/4274/537 3109/4298/537 3154/4269/537
f 3202/4270/377 3123/4296/377 3108/4289/377
f 3117/4299/623 3101/4273/623 3102/4276/623
f 3095/4277/600 3109/4298/600 3094/4274/600
f 3118/4300/379 3102/4276/379 3103/4301/379
f 3096/4302/676 3110/4303/676 3095/4277/676
f 3119/4304/380 3103/4301/380 3104/4278/380
f 3112/4305/540 3096/4302/540 3097/4279/540
f 3105/4281/381 3119/4304/381 3104/4278/381
f 3113/4293/541 3097/4282/541 3098/4286/541
f 3118/4300/382 3132/4306/382 3117/4299/382
f 3126/4307/543 3110/4303/543 3111/4308/543
f 3134/4309/383 3118/4300/383 3119/4304/383
f 3127/4310/544 3111/4308/544 3112/4305/544
f 3120/4291/384 3134/4311/384 3119/4312/384
f 3128/4313/545 3112/4305/545 3113/4314/545
f 3121/4315/385 3135/4316/385 3120/4291/385
f 3114/4295/546 3128/4317/546 3113/4293/546
f 3122/4294/386 3136/4318/386 3121/4315/386
f 3130/4319/547 3114/4295/547 3115/4297/547
f 3138/4320/387 3122/4294/387 3123/4296/387
f 3116/4321/689 3130/4319/689 3115/4297/689
f 3109/4298/548 3124/4322/548 3154/4269/548
f 3202/4270/389 3138/4320/389 3123/4296/389
f 3132/4306/601 3116/4321/601 3117/4299/601
f 3125/4323/542 3109/4298/542 3110/4303/542
f 3137/4324/391 3151/4325/391 3136/4318/391
f 3145/4326/550 3129/4327/550 3130/4328/550
f 3153/4329/392 3137/4324/392 3138/4320/392
f 3131/4330/393 3145/4326/393 3130/4328/393
f 3124/4322/551 3139/4331/551 3154/4269/551
f 3202/4270/394 3153/4329/394 3138/4320/394
f 3147/4332/395 3131/4330/395 3132/4333/395
f 3125/4323/627 3139/4331/627 3124/4322/627
f 3133/4334/396 3147/4332/396 3132/4333/396
f 3141/4335/554 3125/4323/554 3126/4307/554
f 3149/4336/397 3133/4334/397 3134/4337/397
f 3142/4338/555 3126/4307/555 3127/4310/555
f 3150/4339/398 3134/4311/398 3135/4316/398
f 3128/4313/556 3142/4338/556 3127/4310/556
f 3136/4318/399 3150/4339/399 3135/4316/399
f 3129/4327/549 3143/4340/549 3128/4341/549
f 3141/4335/557 3156/4342/557 3140/4343/557
f 3149/4336/401 3164/4344/401 3148/4345/401
f 3142/4338/558 3157/4346/558 3141/4335/558
f 3166/4347/402 3149/4336/402 3150/4348/402
f 3143/4340/559 3158/4349/559 3142/4350/559
f 3167/4351/403 3150/4339/403 3151/4325/403
f 3160/4352/560 3143/4340/560 3144/4353/560
f 3168/4354/404 3151/4325/404 3152/4355/404
f 3145/4326/561 3160/4352/561 3144/4353/561
f 3169/4356/405 3152/4355/405 3153/4329/405
f 3146/4357/406 3161/4358/406 3145/4326/406
f 3139/4331/562 3155/4359/562 3154/4269/562
f 3202/4270/407 3169/4356/407 3153/4329/407
f 3163/4360/408 3146/4357/408 3147/4332/408
f 3140/4343/629 3155/4359/629 3139/4331/629
f 3164/4344/400 3147/4332/400 3148/4345/400
f 3161/4358/564 3175/4361/564 3160/4352/564
f 3169/4356/410 3183/4362/410 3168/4354/410
f 3162/4363/411 3176/4364/411 3161/4358/411
f 3155/4359/565 3170/4365/565 3154/4269/565
f 3202/4270/412 3184/4366/412 3169/4356/412
f 3178/4367/413 3162/4363/413 3163/4360/413
f 3171/4368/677 3155/4359/677 3156/4342/677
f 3179/4369/414 3163/4360/414 3164/4344/414
f 3172/4370/567 3156/4342/567 3157/4346/567
f 3165/4371/415 3179/4369/415 3164/4344/415
f 3173/4372/568 3157/4346/568 3158/4373/568
f 3166/4347/416 3180/4374/416 3165/4371/416
f 3174/4375/569 3158/4349/569 3159/4376/569
f 3167/4351/417 3181/4377/417 3166/4378/417
f 3175/4361/570 3159/4376/570 3160/4352/570
f 3168/4354/409 3182/4379/409 3167/4351/409
f 3180/4374/418 3194/4380/418 3179/4369/418
f 3188/4381/571 3172/4370/571 3173/4372/571
f 3181/4382/419 3195/4383/419 3180/4374/419
f 3189/4384/572 3173/4385/572 3174/4375/572
f 3182/4379/420 3196/4386/420 3181/4377/420
f 3190/4387/573 3174/4375/573 3175/4361/573
f 3198/4388/421 3182/4379/421 3183/4362/421
f 3176/4364/574 3190/4387/574 3175/4361/574
f 3184/4366/422 3198/4388/422 3183/4362/422
f 3192/4389/678 3176/4364/678 3177/4390/678
f 3170/4365/575 3185/4391/575 3154/4269/575
f 3202/4270/652 3199/4392/652 3184/4366/652
f 3193/4393/680 3177/4390/680 3178/4367/680
f 3186/4394/604 3170/4365/604 3171/4368/604
f 3194/4380/426 3178/4367/426 3179/4369/426
f 3172/4370/577 3186/4394/577 3171/4368/577
f 3199/4392/17 3201/4395/17 5716/4396/17
f 3191/4397/18 5743/4398/18 5747/4399/18
f 3185/4391/428 3200/4400/428 3154/4269/428
f 3202/4270/658 3201/4395/658 3199/4392/658
f 5743/4398/429 3193/4393/429 5746/4401/429
f 5720/4402/430 3200/4400/430 3185/4391/430
f 5746/4401/23 3194/4380/23 5739/4403/23
f 3186/4394/8 5732/4404/8 5750/4405/8
f 5739/4403/9 3195/4383/9 5737/4406/9
f 3187/4407/10 5738/4408/10 5732/4404/10
f 5737/4406/11 3196/4409/11 5734/4410/11
f 3188/4411/12 5749/4412/12 5738/4413/12
f 5734/4414/13 3197/4415/13 5731/4416/13
f 3189/4384/14 5741/4417/14 5749/4412/14
f 5731/4416/15 3198/4388/15 5729/4418/15
f 3190/4387/16 5747/4399/16 5741/4417/16
f 3201/4395/659 5714/4419/659 5716/4396/659
f 3200/4400/38 5719/4420/38 3154/4269/38
f 5711/4421/39 3201/4395/39 3202/4270/39
f 3200/4400/693 5720/4402/693 5718/4422/693
f 3154/4269/46 5719/4420/46 5724/4423/46
f 3202/4270/268 5706/4424/268 5711/4421/268
f 3154/4269/68 5724/4423/68 5725/4425/68
f 3202/4270/69 5708/4426/69 5706/4424/69
f 3202/4270/271 5709/4427/271 5708/4426/271
f 3154/4269/76 5725/4425/76 5727/4428/76
f 3154/4269/99 5727/4428/99 5728/4429/99
f 3202/4270/660 5721/4430/660 5709/4427/660
f 3154/4269/107 5728/4429/107 5701/4431/107
f 3202/4270/108 5699/4432/108 5721/4430/108
f 3154/4269/130 5701/4431/130 5702/4433/130
f 3202/4270/274 5700/4434/274 5699/4432/274
f 3154/4269/441 5702/4433/441 5703/4435/441
f 3202/4270/139 5694/4436/139 5700/4434/139
f 3154/4269/161 5703/4435/161 5704/4437/161
f 3202/4270/162 5691/4438/162 5694/4436/162
f 3154/4269/445 5704/4437/445 5726/4439/445
f 3202/4270/170 5692/4440/170 5691/4438/170
f 3154/4269/448 5726/4439/448 5722/4441/448
f 3202/4270/193 5689/4442/193 5692/4440/193
f 3154/4269/215 5722/4441/215 5723/4443/215
f 3202/4270/200 5686/4444/200 5689/4442/200
f 3154/4269/450 5723/4443/450 5680/4445/450
f 3202/4270/223 5678/4446/223 5686/4444/223
f 3204/4447/664 5674/4448/664 5675/4449/664
f 3203/4450/245 5680/4445/245 5681/4451/245
f 3204/4447/246 5678/4446/246 3202/4270/246
f 3203/4450/682 5681/4451/682 5679/4452/682
f 3203/4450/253 3205/4453/253 3154/4269/253
f 3202/4270/665 3219/4454/665 3204/4447/665
f 3213/4455/255 5659/4456/255 5662/4457/255
f 3205/4453/256 3203/4450/256 5679/4452/256
f 3214/4458/257 5662/4457/257 5667/4459/257
f 5683/4460/258 3206/4461/258 5682/4462/258
f 3215/4463/259 5667/4459/259 5663/4464/259
f 5665/4465/260 3207/4466/260 5683/4460/260
f 3216/4467/261 5663/4464/261 5664/4468/261
f 5666/4469/262 3208/4470/262 5665/4471/262
f 3217/4472/263 5664/4473/263 5670/4474/263
f 5668/4475/248 3209/4476/248 5666/4469/248
f 3218/4477/249 5670/4474/249 5672/4478/249
f 5661/4479/250 3210/4480/250 5668/4475/250
f 3218/4477/251 5672/4478/251 5674/4448/251
f 5659/4456/282 3211/4481/282 5661/4479/282
f 3209/4476/458 3223/4482/458 3208/4470/458
f 3217/4472/286 3231/4483/286 3216/4484/286
f 3225/4485/459 3209/4476/459 3210/4480/459
f 3233/4486/287 3217/4472/287 3218/4477/287
f 3211/4481/460 3225/4485/460 3210/4480/460
f 3234/4487/288 3218/4477/288 3219/4454/288
f 3212/4488/461 3226/4489/461 3211/4481/461
f 3205/4453/685 3220/4490/685 3154/4269/685
f 3202/4270/667 3234/4487/667 3219/4454/667
f 3228/4491/668 3212/4488/668 3213/4455/668
f 3206/4461/463 3220/4490/463 3205/4453/463
f 3229/4492/283 3213/4455/283 3214/4458/283
f 3207/4466/456 3221/4493/456 3206/4461/456
f 3215/4463/284 3229/4492/284 3214/4458/284
f 3223/4494/457 3207/4466/457 3208/4495/457
f 3231/4496/285 3215/4463/285 3216/4467/285
f 3243/4497/296 3227/4498/296 3228/4491/296
f 3236/4499/686 3220/4490/686 3221/4493/686
f 3244/4500/297 3228/4491/297 3229/4492/297
f 3222/4501/468 3236/4499/468 3221/4493/468
f 3230/4502/298 3244/4500/298 3229/4492/298
f 3238/4503/469 3222/4501/469 3223/4494/469
f 3231/4496/299 3245/4504/299 3230/4502/299
f 3239/4505/470 3223/4482/470 3224/4506/470
f 3232/4507/300 3246/4508/300 3231/4483/300
f 3240/4509/471 3224/4506/471 3225/4485/471
f 3248/4510/292 3232/4507/292 3233/4486/292
f 3226/4489/464 3240/4509/464 3225/4485/464
f 3234/4487/293 3248/4510/293 3233/4486/293
f 3227/4498/294 3241/4511/294 3226/4489/294
f 3220/4490/465 3235/4512/465 3154/4269/465
f 3202/4270/295 3249/4513/295 3234/4487/295
f 3247/4514/303 3261/4515/303 3246/4508/303
f 3255/4516/475 3239/4505/475 3240/4509/475
f 3248/4510/304 3262/4517/304 3247/4514/304
f 3241/4511/476 3255/4516/476 3240/4509/476
f 3264/4518/670 3248/4510/670 3249/4513/670
f 3242/4519/590 3256/4520/590 3241/4511/590
f 3235/4512/477 3250/4521/477 3154/4269/477
f 3202/4270/307 3264/4518/307 3249/4513/307
f 3258/4522/308 3242/4519/308 3243/4497/308
f 3236/4499/694 3250/4521/694 3235/4512/694
f 3259/4523/309 3243/4497/309 3244/4500/309
f 3252/4524/472 3236/4499/472 3237/4525/472
f 3245/4504/301 3259/4523/301 3244/4500/301
f 3253/4526/473 3237/4525/473 3238/4503/473
f 3261/4527/302 3245/4504/302 3246/4528/302
f 3239/4505/474 3253/4529/474 3238/4530/474
f 3266/4531/695 3250/4521/695 3251/4532/695
f 3274/4533/314 3258/4522/314 3259/4523/314
f 3252/4524/484 3266/4531/484 3251/4532/484
f 3260/4534/315 3274/4533/315 3259/4523/315
f 3253/4526/485 3267/4535/485 3252/4524/485
f 3276/4536/316 3260/4537/316 3261/4515/316
f 3254/4538/486 3268/4539/486 3253/4529/486
f 3277/4540/317 3261/4515/317 3262/4517/317
f 3270/4541/487 3254/4538/487 3255/4516/487
f 3278/4542/318 3262/4517/318 3263/4543/318
f 3256/4520/480 3270/4541/480 3255/4516/480
f 3264/4518/310 3278/4542/310 3263/4543/310
f 3272/4544/311 3256/4520/311 3257/4545/311
f 3250/4521/481 3265/4546/481 3154/4269/481
f 3202/4270/312 3279/4547/312 3264/4518/312
f 3258/4522/313 3272/4544/313 3257/4545/313
f 3285/4548/490 3269/4549/490 3270/4550/490
f 3293/4551/322 3277/4540/322 3278/4542/322
f 3271/4552/491 3285/4548/491 3270/4550/491
f 3279/4547/323 3293/4551/323 3278/4542/323
f 3287/4553/324 3271/4552/324 3272/4554/324
f 3265/4546/492 3280/4555/492 3154/4269/492
f 3202/4270/325 3294/4556/325 3279/4547/325
f 3273/4557/326 3287/4553/326 3272/4554/326
f 3281/4558/593 3265/4546/593 3266/4531/593
f 3289/4559/327 3273/4557/327 3274/4560/327
f 3267/4535/494 3281/4558/494 3266/4531/494
f 3275/4561/319 3289/4559/319 3274/4560/319
f 3268/4562/488 3282/4563/488 3267/4535/488
f 3276/4536/320 3290/4564/320 3275/4565/320
f 3284/4566/489 3268/4562/489 3269/4567/489
f 3292/4568/321 3276/4536/321 3277/4540/321
f 3304/4569/332 3288/4570/332 3289/4559/332
f 3297/4571/497 3281/4558/497 3282/4563/497
f 3305/4572/333 3289/4559/333 3290/4573/333
f 3298/4574/498 3282/4563/498 3283/4575/498
f 3306/4576/334 3290/4573/334 3291/4577/334
f 3299/4578/499 3283/4579/499 3284/4580/499
f 3292/4568/335 3306/4581/335 3291/4582/335
f 3285/4548/500 3299/4578/500 3284/4580/500
f 3293/4551/671 3307/4583/671 3292/4568/671
f 3301/4584/501 3285/4548/501 3286/4585/501
f 3294/4556/328 3308/4586/328 3293/4551/328
f 3287/4553/329 3301/4584/329 3286/4585/329
f 3280/4555/495 3295/4587/495 3154/4269/495
f 3202/4270/330 3309/4588/330 3294/4556/330
f 3303/4589/331 3287/4553/331 3288/4570/331
f 3296/4590/496 3280/4555/496 3281/4558/496
f 3323/4591/339 3307/4583/339 3308/4586/339
f 3301/4584/504 3315/4592/504 3300/4593/504
f 3324/4594/340 3308/4586/340 3309/4588/340
f 3302/4595/341 3316/4596/341 3301/4584/341
f 3295/4587/505 3310/4597/505 3154/4269/505
f 3202/4270/342 3324/4594/342 3309/4588/342
f 3318/4598/343 3302/4595/343 3303/4589/343
f 3296/4590/507 3310/4597/507 3295/4587/507
f 3319/4599/344 3303/4589/344 3304/4569/344
f 3297/4571/508 3311/4600/508 3296/4590/508
f 3305/4572/345 3319/4599/345 3304/4569/345
f 3298/4574/509 3312/4601/509 3297/4571/509
f 3306/4576/337 3320/4602/337 3305/4572/337
f 3314/4603/502 3298/4604/502 3299/4578/502
f 3322/4605/338 3306/4581/338 3307/4583/338
f 3315/4592/503 3299/4578/503 3300/4593/503
f 3078/4246/349 3319/4599/349 3320/4602/349
f 3313/4606/514 3073/4241/514 3312/4601/514
f 3321/4607/350 3078/4246/350 3320/4602/350
f 3074/4251/515 3313/4608/515 3314/4603/515
f 3322/4605/351 3330/4255/351 3321/4609/351
f 3315/4592/516 3074/4251/516 3314/4603/516
f 3323/4591/352 3331/4256/352 3322/4605/352
f 3316/4596/517 3328/4257/517 3315/4592/517
f 3324/4594/353 3332/4260/353 3323/4591/353
f 3317/4610/597 3075/4262/597 3316/4596/597
f 3310/4597/510 3325/4267/510 3154/4269/510
f 3202/4270/346 3333/4264/346 3324/4594/346
f 3077/4271/347 3317/4610/347 3318/4598/347
f 3326/4243/512 3310/4597/512 3311/4600/512
f 3329/4245/348 3318/4598/348 3319/4599/348
f 3073/4241/513 3311/4600/513 3312/4601/513
f 5522/4611/19 5524/4612/19 3334/4613/19
f 5578/4614/696 3530/4615/696 5579/4616/696
f 5524/4612/697 5538/4617/697 3334/4613/697
f 5579/4616/698 3530/4615/698 5580/4618/698
f 5538/4617/699 5535/4619/699 3334/4613/699
f 5580/4618/700 3530/4615/700 5582/4620/700
f 5535/4619/701 5533/4621/701 3334/4613/701
f 5582/4620/702 3530/4615/702 5585/4622/702
f 5533/4621/76 5531/4623/76 3334/4613/76
f 5585/4622/703 3530/4615/703 5588/4624/703
f 5531/4623/99 5530/4625/99 3334/4613/99
f 5588/4624/704 3530/4615/704 5587/4626/704
f 5530/4625/107 5528/4627/107 3334/4613/107
f 5587/4626/108 3530/4615/108 5586/4628/108
f 3345/4629/120 5593/4630/120 5597/4631/120
f 3337/4632/121 5549/4633/121 3338/4634/121
f 3346/4635/705 5597/4631/705 5592/4636/705
f 3338/4637/123 5591/4638/123 3339/4639/123
f 3347/4640/124 5592/4641/124 5589/4642/124
f 5598/4643/706 3339/4639/706 5591/4638/706
f 3348/4644/707 5589/4642/707 5590/4645/707
f 5596/4646/708 3340/4647/708 5598/4643/708
f 3349/4648/709 5590/4645/709 5599/4649/709
f 5594/4650/626 3341/4651/626 5596/4646/626
f 3335/4652/661 5528/4627/661 5527/4653/661
f 5586/4628/131 3349/4648/131 5599/4649/131
f 3343/4654/607 5594/4650/607 5595/4655/607
f 3335/4652/133 5526/4656/133 3336/4657/133
f 3344/4658/134 5595/4655/134 5593/4630/134
f 3336/4657/135 5525/4659/135 3337/4632/135
f 3349/4648/136 3363/4660/136 3348/4644/136
f 3357/4661/275 3341/4651/275 3342/4662/275
f 3335/4652/441 3350/4663/441 3334/4613/441
f 3530/4615/139 3364/4664/139 3349/4648/139
f 3343/4654/140 3357/4661/140 3342/4662/140
f 3351/4665/141 3335/4652/141 3336/4657/141
f 3359/4666/142 3343/4654/142 3344/4658/142
f 3352/4667/143 3336/4657/143 3337/4632/143
f 3345/4629/144 3359/4666/144 3344/4658/144
f 3353/4668/145 3337/4632/145 3338/4634/145
f 3361/4669/146 3345/4629/146 3346/4635/146
f 3339/4639/147 3353/4670/147 3338/4637/147
f 3347/4640/148 3361/4671/148 3346/4672/148
f 3355/4673/149 3339/4639/149 3340/4647/149
f 3348/4644/150 3362/4674/150 3347/4640/150
f 3341/4651/151 3355/4673/151 3340/4647/151
f 3368/4675/152 3352/4667/152 3353/4668/152
f 3376/4676/153 3360/4677/153 3361/4669/153
f 3354/4678/154 3368/4679/154 3353/4670/154
f 3362/4674/155 3376/4680/155 3361/4671/155
f 3370/4681/156 3354/4678/156 3355/4673/156
f 3378/4682/157 3362/4674/157 3363/4660/157
f 3356/4683/158 3370/4681/158 3355/4673/158
f 3379/4684/159 3363/4660/159 3364/4664/159
f 3357/4661/160 3371/4685/160 3356/4683/160
f 3350/4663/161 3365/4686/161 3334/4613/161
f 3530/4615/162 3379/4684/162 3364/4664/162
f 3373/4687/163 3357/4661/163 3358/4688/163
f 3351/4665/164 3365/4686/164 3350/4663/164
f 3374/4689/165 3358/4688/165 3359/4666/165
f 3352/4667/166 3366/4690/166 3351/4665/166
f 3360/4677/167 3374/4689/167 3359/4666/167
f 3387/4691/168 3371/4685/168 3372/4692/168
f 3365/4686/445 3380/4693/445 3334/4613/445
f 3530/4615/170 3394/4694/170 3379/4684/170
f 3373/4687/446 3387/4691/446 3372/4692/446
f 3366/4690/172 3380/4693/172 3365/4686/172
f 3374/4689/173 3388/4695/173 3373/4687/173
f 3382/4696/447 3366/4690/447 3367/4697/447
f 3390/4698/175 3374/4689/175 3375/4699/175
f 3368/4675/176 3382/4696/176 3367/4697/176
f 3376/4676/177 3390/4698/177 3375/4699/177
f 3384/4700/178 3368/4679/178 3369/4701/178
f 3392/4702/179 3376/4680/179 3377/4703/179
f 3370/4681/180 3384/4700/180 3369/4701/180
f 3378/4682/181 3392/4702/181 3377/4703/181
f 3386/4704/182 3370/4681/182 3371/4685/182
f 3394/4694/278 3378/4682/278 3379/4684/278
f 3406/4705/184 3390/4706/184 3391/4707/184
f 3384/4708/185 3398/4709/185 3383/4710/185
f 3407/4711/186 3391/4707/186 3392/4702/186
f 3400/4712/187 3384/4700/187 3385/4713/187
f 3408/4714/188 3392/4702/188 3393/4715/188
f 3401/4716/189 3385/4713/189 3386/4704/189
f 3394/4694/279 3408/4714/279 3393/4715/279
f 3387/4691/191 3401/4716/191 3386/4704/191
f 3380/4693/448 3395/4717/448 3334/4613/448
f 3530/4615/193 3409/4718/193 3394/4694/193
f 3403/4719/194 3387/4691/194 3388/4695/194
f 3396/4720/195 3380/4693/195 3381/4721/195
f 3389/4722/196 3403/4719/196 3388/4695/196
f 3382/4696/197 3396/4720/197 3381/4721/197
f 3390/4698/198 3404/4723/198 3389/4722/198
f 3383/4710/199 3397/4724/199 3382/4696/199
f 3530/4615/200 3424/4725/200 3409/4718/200
f 3418/4726/201 3402/4727/201 3403/4728/201
f 3411/4729/202 3395/4717/202 3396/4720/202
f 3419/4730/203 3403/4728/203 3404/4731/203
f 3412/4732/204 3396/4720/204 3397/4724/204
f 3405/4733/205 3419/4730/205 3404/4731/205
f 3413/4734/206 3397/4724/206 3398/4709/206
f 3406/4705/207 3420/4735/207 3405/4736/207
f 3414/4737/208 3398/4738/208 3399/4739/208
f 3407/4711/209 3421/4740/209 3406/4705/209
f 3415/4741/210 3399/4739/210 3400/4742/210
f 3408/4714/211 3422/4743/211 3407/4711/211
f 3401/4744/212 3415/4741/212 3400/4742/212
f 3409/4718/213 3423/4745/213 3408/4714/213
f 3402/4727/214 3416/4746/214 3401/4744/214
f 3395/4717/215 3410/4747/215 3334/4613/215
f 3422/4743/216 3436/4748/216 3421/4740/216
f 3415/4741/217 3429/4749/217 3414/4737/217
f 3438/4750/280 3422/4743/280 3423/4745/280
f 3416/4746/219 3430/4751/219 3415/4741/219
f 3439/4752/281 3423/4745/281 3424/4725/281
f 3417/4753/221 3431/4754/221 3416/4746/221
f 3410/4747/450 3425/4755/450 3334/4613/450
f 3530/4615/223 3439/4752/223 3424/4725/223
f 3433/4756/224 3417/4753/224 3418/4726/224
f 3411/4729/225 3425/4755/225 3410/4747/225
f 3434/4757/226 3418/4726/226 3419/4730/226
f 3412/4732/585 3426/4758/585 3411/4729/585
f 3435/4759/228 3419/4730/228 3420/4760/228
f 3428/4761/229 3412/4732/229 3413/4734/229
f 3421/4762/230 3435/4759/230 3420/4760/230
f 3429/4749/231 3413/4763/231 3414/4737/231
f 3441/4764/452 3425/4755/452 3426/4758/452
f 3449/4765/233 3433/4756/233 3434/4757/233
f 3442/4766/234 3426/4758/234 3427/4767/234
f 3435/4759/235 3449/4765/235 3434/4757/235
f 3443/4768/236 3427/4767/236 3428/4761/236
f 3436/4769/237 3450/4770/237 3435/4759/237
f 3444/4771/238 3428/4772/238 3429/4749/238
f 3437/4773/239 3451/4774/239 3436/4748/239
f 3445/4775/240 3429/4749/240 3430/4751/240
f 3438/4750/241 3452/4776/241 3437/4773/241
f 3431/4754/242 3445/4775/242 3430/4751/242
f 3439/4752/243 3453/4777/243 3438/4750/243
f 3432/4778/244 3446/4779/244 3431/4754/244
f 3425/4755/245 3440/4780/245 3334/4613/245
f 3530/4615/246 3454/4781/246 3439/4752/246
f 3448/4782/247 3432/4778/247 3433/4756/247
f 3460/4783/248 3444/4771/248 3445/4775/248
f 3468/4784/249 3452/4776/249 3453/4777/249
f 3446/4779/250 3460/4783/250 3445/4775/250
f 3469/4785/251 3453/4777/251 3454/4781/251
f 3447/4786/611 3461/4787/611 3446/4779/611
f 3440/4780/454 3455/4788/454 3334/4613/454
f 3530/4615/665 3469/4785/665 3454/4781/665
f 3463/4789/710 3447/4786/710 3448/4782/710
f 3441/4764/683 3455/4788/683 3440/4780/683
f 3464/4790/257 3448/4782/257 3449/4765/257
f 3442/4766/258 3456/4791/258 3441/4764/258
f 3450/4770/259 3464/4790/259 3449/4765/259
f 3443/4768/260 3457/4792/260 3442/4766/260
f 3466/4793/261 3450/4770/261 3451/4794/261
f 3444/4771/262 3458/4795/262 3443/4796/262
f 3467/4797/263 3451/4774/263 3452/4776/263
f 3479/4798/283 3463/4789/283 3464/4790/283
f 3472/4799/456 3456/4791/456 3457/4792/456
f 3465/4800/284 3479/4798/284 3464/4790/284
f 3473/4801/457 3457/4792/457 3458/4802/457
f 3466/4793/285 3480/4803/285 3465/4800/285
f 3474/4804/458 3458/4795/458 3459/4805/458
f 3467/4797/286 3481/4806/286 3466/4807/286
f 3475/4808/459 3459/4805/459 3460/4783/459
f 3468/4784/287 3482/4809/287 3467/4797/287
f 3461/4787/460 3475/4808/460 3460/4783/460
f 3469/4785/288 3483/4810/288 3468/4784/288
f 3462/4811/461 3476/4812/461 3461/4787/461
f 3455/4788/462 3470/4813/462 3334/4613/462
f 3530/4615/667 3484/4814/667 3469/4785/667
f 3478/4815/668 3462/4811/668 3463/4789/668
f 3471/4816/463 3455/4788/463 3456/4791/463
f 3498/4817/711 3482/4809/711 3483/4810/711
f 3476/4812/464 3490/4818/464 3475/4808/464
f 3499/4819/293 3483/4810/293 3484/4814/293
f 3477/4820/294 3491/4821/294 3476/4812/294
f 3470/4813/465 3485/4822/465 3334/4613/465
f 3530/4615/295 3499/4819/295 3484/4814/295
f 3493/4823/296 3477/4820/296 3478/4815/296
f 3471/4816/467 3485/4822/467 3470/4813/467
f 3494/4824/297 3478/4815/297 3479/4798/297
f 3472/4799/588 3486/4825/588 3471/4816/588
f 3480/4803/298 3494/4824/298 3479/4798/298
f 3473/4801/469 3487/4826/469 3472/4799/469
f 3496/4827/299 3480/4803/299 3481/4828/299
f 3474/4804/470 3488/4829/470 3473/4830/470
f 3497/4831/300 3481/4806/300 3482/4809/300
f 3490/4818/471 3474/4804/471 3475/4808/471
f 3502/4832/472 3486/4825/472 3487/4826/472
f 3495/4833/301 3509/4834/301 3494/4824/301
f 3503/4835/473 3487/4826/473 3488/4836/473
f 3511/4837/302 3495/4833/302 3496/4827/302
f 3489/4838/474 3503/4839/474 3488/4829/474
f 3497/4831/303 3511/4840/303 3496/4841/303
f 3505/4842/475 3489/4838/475 3490/4818/475
f 3498/4817/688 3512/4843/688 3497/4831/688
f 3491/4821/476 3505/4842/476 3490/4818/476
f 3499/4819/670 3513/4844/670 3498/4817/670
f 3492/4845/306 3506/4846/306 3491/4821/306
f 3485/4822/477 3500/4847/477 3334/4613/477
f 3530/4615/307 3514/4848/307 3499/4819/307
f 3508/4849/591 3492/4845/591 3493/4823/591
f 3501/4850/592 3485/4822/592 3486/4825/592
f 3509/4834/309 3493/4823/309 3494/4824/309
f 3506/4846/480 3520/4851/480 3505/4842/480
f 3529/4852/712 3513/4844/712 3514/4848/712
f 3507/4853/311 3521/4854/311 3506/4846/311
f 3500/4847/481 3515/4855/481 3334/4613/481
f 3530/4615/312 3529/4852/312 3514/4848/312
f 3523/4856/313 3507/4853/313 3508/4849/313
f 3501/4850/483 3515/4855/483 3500/4847/483
f 3524/4857/314 3508/4849/314 3509/4834/314
f 3502/4832/484 3516/4858/484 3501/4850/484
f 3510/4859/315 3524/4857/315 3509/4834/315
f 3518/4860/485 3502/4832/485 3503/4835/485
f 3526/4861/316 3510/4862/316 3511/4840/316
f 3504/4863/486 3518/4864/486 3503/4839/486
f 3512/4843/317 3526/4861/317 3511/4840/317
f 3520/4851/487 3504/4863/487 3505/4842/487
f 3528/4865/318 3512/4843/318 3513/4844/318
f 3525/4866/319 3540/4867/319 3524/4868/319
f 3534/4869/488 3517/4870/488 3518/4860/488
f 3542/4871/320 3525/4872/320 3526/4861/320
f 3519/4873/489 3534/4869/489 3518/4860/489
f 3527/4874/321 3542/4871/321 3526/4861/321
f 3536/4875/490 3519/4876/490 3520/4877/490
f 3544/4878/322 3527/4874/322 3528/4865/322
f 3521/4879/491 3536/4875/491 3520/4877/491
f 3529/4852/323 3544/4878/323 3528/4865/323
f 3538/4880/324 3521/4879/324 3522/4881/324
f 3515/4855/492 3531/4882/492 3334/4613/492
f 3530/4615/325 3545/4883/325 3529/4852/325
f 3523/4884/326 3538/4880/326 3522/4881/326
f 3532/4885/493 3515/4855/493 3516/4858/493
f 3540/4867/327 3523/4884/327 3524/4868/327
f 3517/4870/494 3532/4885/494 3516/4858/494
f 3560/4886/328 3544/4878/328 3545/4883/328
f 3553/4887/329 3537/4888/329 3538/4880/329
f 3531/4882/495 3546/4889/495 3334/4613/495
f 3530/4615/330 3560/4886/330 3545/4883/330
f 3539/4890/331 3553/4887/331 3538/4880/331
f 3532/4885/713 3546/4889/713 3531/4882/713
f 3555/4891/332 3539/4890/332 3540/4867/332
f 3533/4892/594 3547/4893/594 3532/4885/594
f 3541/4894/333 3555/4891/333 3540/4867/333
f 3549/4895/498 3533/4892/498 3534/4869/498
f 3557/4896/334 3541/4894/334 3542/4897/334
f 3535/4898/499 3549/4899/499 3534/4900/499
f 3543/4901/335 3557/4902/335 3542/4871/335
f 3551/4903/500 3535/4898/500 3536/4875/500
f 3559/4904/336 3543/4901/336 3544/4878/336
f 3537/4888/501 3551/4903/501 3536/4875/501
f 3572/4905/337 3556/4906/337 3557/4896/337
f 3550/4907/502 3564/4908/502 3549/4899/502
f 3558/4909/338 3572/4910/338 3557/4902/338
f 3566/4911/503 3550/4907/503 3551/4903/503
f 3559/4904/339 3573/4912/339 3558/4909/339
f 3552/4913/504 3566/4911/504 3551/4903/504
f 3560/4886/340 3574/4914/340 3559/4904/340
f 3568/4915/341 3552/4913/341 3553/4887/341
f 3546/4889/505 3561/4916/505 3334/4613/505
f 3530/4615/342 3575/4917/342 3560/4886/342
f 3554/4918/343 3568/4915/343 3553/4887/343
f 3562/4919/595 3546/4889/595 3547/4893/595
f 3570/4920/344 3554/4918/344 3555/4891/344
f 3563/4921/508 3547/4893/508 3548/4922/508
f 3556/4906/345 3570/4920/345 3555/4891/345
f 3564/4923/509 3548/4922/509 3549/4895/509
f 3561/4916/510 3576/4924/510 3334/4613/510
f 3530/4615/346 3590/4925/346 3575/4917/346
f 3569/4926/347 3583/4927/347 3568/4915/347
f 3562/4919/512 3576/4924/512 3561/4916/512
f 3585/4928/348 3569/4926/348 3570/4920/348
f 3563/4921/513 3577/4929/513 3562/4919/513
f 3571/4930/349 3585/4928/349 3570/4920/349
f 3564/4923/514 3578/4931/514 3563/4921/514
f 3587/4932/350 3571/4930/350 3572/4905/350
f 3565/4933/515 3579/4934/515 3564/4908/515
f 3588/4935/351 3572/4910/351 3573/4912/351
f 3581/4936/516 3565/4933/516 3566/4911/516
f 3589/4937/352 3573/4912/352 3574/4914/352
f 3567/4938/517 3581/4936/517 3566/4911/517
f 3590/4925/353 3574/4914/353 3575/4917/353
f 3583/4927/597 3567/4938/597 3568/4915/597
f 3579/4934/518 5516/4939/518 5519/4940/518
f 5518/4941/714 3588/4935/714 5571/4942/714
f 3580/4943/715 5514/4944/715 5516/4939/715
f 5571/4942/716 3589/4937/716 5576/4945/716
f 3581/4936/717 5513/4946/717 5514/4944/717
f 5576/4945/718 3590/4925/718 5572/4947/718
f 3582/4948/358 5510/4949/358 5513/4946/358
f 3576/4924/719 5521/4950/719 3334/4613/719
f 3590/4925/359 5573/4951/359 5572/4947/359
f 5510/4949/598 3584/4952/598 5512/4953/598
f 3576/4924/720 5539/4954/720 5520/4955/720
f 5512/4953/721 3585/4928/721 5511/4956/721
f 3577/4929/722 5517/4957/722 5539/4954/722
f 5511/4956/723 3586/4958/723 5515/4959/723
f 3578/4931/724 5519/4960/724 5517/4957/724
f 5515/4959/363 3587/4932/363 5518/4961/363
f 5529/4962/533 3334/4613/533 5521/4950/533
f 5575/4963/372 5573/4951/372 3530/4615/372
f 5532/4964/537 3334/4613/537 5529/4962/537
f 5574/4965/725 5575/4963/725 3530/4615/725
f 5534/4966/548 3334/4613/548 5532/4964/548
f 5584/4967/726 5574/4965/726 3530/4615/726
f 5536/4968/727 3334/4613/727 5534/4966/727
f 5583/4969/728 5584/4967/728 3530/4615/728
f 5537/4970/729 3334/4613/729 5536/4968/729
f 5581/4971/730 5583/4969/730 3530/4615/730
f 5523/4972/731 3334/4613/731 5537/4970/731
f 5577/4973/732 5581/4971/732 3530/4615/732
f 3334/4613/679 5523/4972/679 5522/4611/679
f 3530/4615/733 5578/4614/733 5577/4973/733
f 5557/4974/734 5556/4975/734 3591/4976/734
f 5605/4977/20 3787/4978/20 5606/4979/20
f 5556/4975/735 5553/4980/735 3591/4976/735
f 5606/4979/736 3787/4978/736 5607/4981/736
f 5553/4980/737 5552/4982/737 3591/4976/737
f 5607/4981/738 3787/4978/738 5609/4983/738
f 5552/4982/739 5565/4984/739 3591/4976/739
f 5609/4983/740 3787/4978/740 5613/4985/740
f 5565/4984/741 5564/4986/741 3591/4976/741
f 5613/4985/271 3787/4978/271 5615/4987/271
f 5564/4986/742 5563/4988/742 3591/4976/742
f 5615/4987/100 3787/4978/100 5618/4989/100
f 5563/4988/743 5560/4990/743 3591/4976/743
f 5618/4989/108 3787/4978/108 5610/4991/108
f 3602/4992/744 5623/4993/744 5629/4994/744
f 3594/4995/745 5622/4996/745 3595/4997/745
f 3603/4998/122 5629/4994/122 5621/4999/122
f 5620/5000/123 3595/5001/123 5622/5002/123
f 3604/5003/124 5621/5004/124 5619/5005/124
f 5627/5006/746 3596/5007/746 5620/5000/746
f 3605/5008/707 5619/5005/707 5628/5009/707
f 5625/5010/127 3597/5011/127 5627/5006/127
f 3606/5012/709 5628/5009/709 5611/5013/709
f 5624/5014/626 3598/5015/626 5625/5010/626
f 3592/5016/661 5560/4990/661 5559/5017/661
f 5610/4991/274 3606/5012/274 5611/5013/274
f 3600/5018/747 5624/5014/747 5626/5019/747
f 3592/5016/133 5562/5020/133 3593/5021/133
f 3601/5022/134 5626/5019/134 5623/4993/134
f 3593/5021/135 5561/5023/135 3594/4995/135
f 3621/5024/136 3605/5008/136 3606/5012/136
f 3614/5025/137 3598/5015/137 3599/5026/137
f 3592/5016/441 3607/5027/441 3591/4976/441
f 3787/4978/139 3621/5024/139 3606/5012/139
f 3615/5028/140 3599/5026/140 3600/5018/140
f 3593/5021/141 3607/5027/141 3592/5016/141
f 3616/5029/142 3600/5018/142 3601/5022/142
f 3609/5030/143 3593/5021/143 3594/4995/143
f 3602/4992/144 3616/5029/144 3601/5022/144
f 3610/5031/145 3594/4995/145 3595/4997/145
f 3603/4998/146 3617/5032/146 3602/4992/146
f 3611/5033/147 3595/5001/147 3596/5007/147
f 3604/5003/148 3618/5034/148 3603/5035/148
f 3612/5036/149 3596/5007/149 3597/5011/149
f 3605/5008/150 3619/5037/150 3604/5003/150
f 3598/5015/151 3612/5036/151 3597/5011/151
f 3610/5031/152 3624/5038/152 3609/5030/152
f 3633/5039/153 3617/5032/153 3618/5040/153
f 3611/5033/154 3625/5041/154 3610/5042/154
f 3634/5043/155 3618/5034/155 3619/5037/155
f 3627/5044/156 3611/5033/156 3612/5036/156
f 3635/5045/157 3619/5037/157 3620/5046/157
f 3613/5047/158 3627/5044/158 3612/5036/158
f 3621/5024/159 3635/5045/159 3620/5046/159
f 3629/5048/160 3613/5047/160 3614/5025/160
f 3607/5027/161 3622/5049/161 3591/4976/161
f 3787/4978/162 3636/5050/162 3621/5024/162
f 3615/5028/163 3629/5048/163 3614/5025/163
f 3623/5051/164 3607/5027/164 3608/5052/164
f 3631/5053/165 3615/5028/165 3616/5029/165
f 3609/5030/166 3623/5051/166 3608/5052/166
f 3617/5032/167 3631/5053/167 3616/5029/167
f 3644/5054/582 3628/5055/582 3629/5048/582
f 3622/5049/445 3637/5056/445 3591/4976/445
f 3787/4978/170 3651/5057/170 3636/5050/170
f 3630/5058/748 3644/5054/748 3629/5048/748
f 3638/5059/172 3622/5049/172 3623/5051/172
f 3631/5053/173 3645/5060/173 3630/5058/173
f 3639/5061/447 3623/5051/447 3624/5038/447
f 3647/5062/175 3631/5053/175 3632/5063/175
f 3625/5064/176 3639/5061/176 3624/5038/176
f 3648/5065/177 3632/5063/177 3633/5039/177
f 3626/5066/178 3640/5067/178 3625/5041/178
f 3649/5068/179 3633/5069/179 3634/5043/179
f 3627/5044/180 3641/5070/180 3626/5066/180
f 3635/5045/277 3649/5068/277 3634/5043/277
f 3643/5071/182 3627/5044/182 3628/5055/182
f 3636/5050/278 3650/5072/278 3635/5045/278
f 3648/5073/184 3662/5074/184 3647/5075/184
f 3656/5076/185 3640/5077/185 3641/5078/185
f 3664/5079/186 3648/5073/186 3649/5068/186
f 3657/5080/187 3641/5070/187 3642/5081/187
f 3665/5082/188 3649/5068/188 3650/5072/188
f 3658/5083/189 3642/5081/189 3643/5071/189
f 3651/5057/279 3665/5082/279 3650/5072/279
f 3644/5054/191 3658/5083/191 3643/5071/191
f 3637/5056/448 3652/5084/448 3591/4976/448
f 3787/4978/193 3666/5085/193 3651/5057/193
f 3660/5086/194 3644/5054/194 3645/5060/194
f 3653/5087/610 3637/5056/610 3638/5059/610
f 3646/5088/196 3660/5086/196 3645/5060/196
f 3639/5061/197 3653/5087/197 3638/5059/197
f 3647/5062/198 3661/5089/198 3646/5088/198
f 3640/5077/199 3654/5090/199 3639/5061/199
f 3787/4978/200 3681/5091/200 3666/5085/200
f 3675/5092/201 3659/5093/201 3660/5094/201
f 3668/5095/202 3652/5084/202 3653/5087/202
f 3676/5096/203 3660/5094/203 3661/5097/203
f 3654/5090/204 3668/5095/204 3653/5087/204
f 3662/5098/205 3676/5096/205 3661/5097/205
f 3670/5099/206 3654/5090/206 3655/5100/206
f 3678/5101/207 3662/5074/207 3663/5102/207
f 3656/5103/208 3670/5104/208 3655/5105/208
f 3664/5079/209 3678/5101/209 3663/5102/209
f 3672/5106/210 3656/5103/210 3657/5107/210
f 3680/5108/211 3664/5079/211 3665/5082/211
f 3658/5109/212 3672/5106/212 3657/5107/212
f 3681/5091/213 3665/5082/213 3666/5085/213
f 3659/5093/214 3673/5110/214 3658/5109/214
f 3652/5084/215 3667/5111/215 3591/4976/215
f 3679/5112/216 3693/5113/216 3678/5101/216
f 3672/5106/217 3686/5114/217 3671/5115/217
f 3695/5116/218 3679/5112/218 3680/5108/218
f 3673/5110/219 3687/5117/219 3672/5106/219
f 3696/5118/749 3680/5108/749 3681/5091/749
f 3689/5119/221 3673/5110/221 3674/5120/221
f 3667/5111/450 3682/5121/450 3591/4976/450
f 3787/4978/223 3696/5118/223 3681/5091/223
f 3675/5092/224 3689/5119/224 3674/5120/224
f 3668/5095/750 3682/5121/750 3667/5111/750
f 3691/5122/226 3675/5092/226 3676/5096/226
f 3669/5123/227 3683/5124/227 3668/5095/227
f 3692/5125/228 3676/5096/228 3677/5126/228
f 3685/5127/229 3669/5123/229 3670/5099/229
f 3693/5128/230 3677/5126/230 3678/5129/230
f 3671/5115/231 3685/5130/231 3670/5104/231
f 3698/5131/452 3682/5121/452 3683/5124/452
f 3706/5132/233 3690/5133/233 3691/5122/233
f 3699/5134/234 3683/5124/234 3684/5135/234
f 3692/5125/235 3706/5132/235 3691/5122/235
f 3700/5136/236 3684/5135/236 3685/5127/236
f 3693/5128/237 3707/5137/237 3692/5125/237
f 3701/5138/238 3685/5130/238 3686/5114/238
f 3694/5139/239 3708/5140/239 3693/5113/239
f 3702/5141/240 3686/5114/240 3687/5117/240
f 3695/5116/241 3709/5142/241 3694/5139/241
f 3688/5143/242 3702/5141/242 3687/5117/242
f 3696/5118/243 3710/5144/243 3695/5116/243
f 3689/5119/244 3703/5145/244 3688/5143/244
f 3682/5121/245 3697/5146/245 3591/4976/245
f 3787/4978/246 3711/5147/246 3696/5118/246
f 3705/5148/247 3689/5119/247 3690/5133/247
f 3717/5149/248 3701/5138/248 3702/5141/248
f 3725/5150/249 3709/5142/249 3710/5144/249
f 3703/5145/250 3717/5149/250 3702/5141/250
f 3726/5151/251 3710/5144/251 3711/5147/251
f 3704/5152/611 3718/5153/611 3703/5145/611
f 3697/5146/253 3712/5154/253 3591/4976/253
f 3787/4978/665 3726/5151/665 3711/5147/665
f 3720/5155/710 3704/5152/710 3705/5148/710
f 3698/5131/256 3712/5154/256 3697/5146/256
f 3721/5156/257 3705/5148/257 3706/5132/257
f 3699/5134/258 3713/5157/258 3698/5131/258
f 3707/5137/259 3721/5156/259 3706/5132/259
f 3700/5136/260 3714/5158/260 3699/5134/260
f 3723/5159/261 3707/5137/261 3708/5160/261
f 3701/5138/262 3715/5161/262 3700/5162/262
f 3724/5163/263 3708/5140/263 3709/5142/263
f 3736/5164/283 3720/5155/283 3721/5156/283
f 3729/5165/456 3713/5157/456 3714/5158/456
f 3722/5166/284 3736/5164/284 3721/5156/284
f 3730/5167/457 3714/5158/457 3715/5168/457
f 3738/5169/285 3722/5166/285 3723/5159/285
f 3716/5170/458 3730/5171/458 3715/5161/458
f 3724/5163/286 3738/5172/286 3723/5173/286
f 3732/5174/459 3716/5170/459 3717/5149/459
f 3725/5150/287 3739/5175/287 3724/5163/287
f 3718/5153/460 3732/5174/460 3717/5149/460
f 3726/5151/288 3740/5176/288 3725/5150/288
f 3734/5177/461 3718/5153/461 3719/5178/461
f 3712/5154/685 3727/5179/685 3591/4976/685
f 3787/4978/667 3741/5180/667 3726/5151/667
f 3720/5155/668 3734/5177/668 3719/5178/668
f 3728/5181/463 3712/5154/463 3713/5157/463
f 3755/5182/292 3739/5175/292 3740/5176/292
f 3733/5183/464 3747/5184/464 3732/5174/464
f 3756/5185/293 3740/5176/293 3741/5180/293
f 3749/5186/294 3733/5183/294 3734/5177/294
f 3727/5179/465 3742/5187/465 3591/4976/465
f 3787/4978/295 3756/5185/295 3741/5180/295
f 3735/5188/296 3749/5186/296 3734/5177/296
f 3728/5181/467 3742/5187/467 3727/5179/467
f 3751/5189/297 3735/5188/297 3736/5164/297
f 3729/5165/588 3743/5190/588 3728/5181/588
f 3737/5191/298 3751/5189/298 3736/5164/298
f 3745/5192/469 3729/5165/469 3730/5167/469
f 3753/5193/299 3737/5191/299 3738/5169/299
f 3731/5194/470 3745/5195/470 3730/5171/470
f 3739/5175/300 3753/5196/300 3738/5172/300
f 3747/5184/612 3731/5194/612 3732/5174/612
f 3759/5197/589 3743/5190/589 3744/5198/589
f 3752/5199/301 3766/5200/301 3751/5189/301
f 3760/5201/473 3744/5198/473 3745/5192/473
f 3768/5202/302 3752/5199/302 3753/5193/302
f 3746/5203/474 3760/5204/474 3745/5195/474
f 3754/5205/303 3768/5206/303 3753/5196/303
f 3762/5207/475 3746/5203/475 3747/5184/475
f 3755/5182/304 3769/5208/304 3754/5205/304
f 3748/5209/476 3762/5207/476 3747/5184/476
f 3756/5185/670 3770/5210/670 3755/5182/670
f 3764/5211/590 3748/5209/590 3749/5186/590
f 3742/5187/477 3757/5212/477 3591/4976/477
f 3787/4978/307 3771/5213/307 3756/5185/307
f 3750/5214/308 3764/5211/308 3749/5186/308
f 3758/5215/592 3742/5187/592 3743/5190/592
f 3766/5200/309 3750/5214/309 3751/5189/309
f 3763/5216/480 3777/5217/480 3762/5207/480
f 3771/5213/310 3785/5218/310 3770/5210/310
f 3764/5211/311 3778/5219/311 3763/5216/311
f 3757/5212/481 3772/5220/481 3591/4976/481
f 3787/4978/312 3786/5221/312 3771/5213/312
f 3780/5222/313 3764/5211/313 3765/5223/313
f 3773/5224/483 3757/5212/483 3758/5215/483
f 3781/5225/314 3765/5223/314 3766/5200/314
f 3759/5197/484 3773/5224/484 3758/5215/484
f 3767/5226/315 3781/5225/315 3766/5200/315
f 3775/5227/485 3759/5197/485 3760/5201/485
f 3783/5228/316 3767/5229/316 3768/5206/316
f 3761/5230/486 3775/5231/486 3760/5204/486
f 3769/5208/317 3783/5228/317 3768/5206/317
f 3777/5217/487 3761/5230/487 3762/5207/487
f 3785/5218/318 3769/5208/318 3770/5210/318
f 3782/5232/319 3797/5233/319 3781/5234/319
f 3775/5227/488 3790/5235/488 3774/5236/488
f 3799/5237/320 3782/5238/320 3783/5228/320
f 3776/5239/489 3791/5240/489 3775/5227/489
f 3800/5241/321 3783/5228/321 3784/5242/321
f 3793/5243/490 3776/5244/490 3777/5245/490
f 3801/5246/322 3784/5242/322 3785/5218/322
f 3778/5247/491 3793/5243/491 3777/5245/491
f 3786/5221/323 3801/5246/323 3785/5218/323
f 3779/5248/324 3794/5249/324 3778/5247/324
f 3772/5220/492 3788/5250/492 3591/4976/492
f 3787/4978/325 3802/5251/325 3786/5221/325
f 3796/5252/326 3779/5248/326 3780/5253/326
f 3789/5254/493 3772/5220/493 3773/5224/493
f 3797/5233/327 3780/5253/327 3781/5234/327
f 3774/5236/494 3789/5254/494 3773/5224/494
f 3802/5251/328 3816/5255/328 3801/5246/328
f 3810/5256/329 3794/5249/329 3795/5257/329
f 3788/5250/495 3803/5258/495 3591/4976/495
f 3787/4978/330 3817/5259/330 3802/5251/330
f 3796/5252/331 3810/5256/331 3795/5257/331
f 3804/5260/713 3788/5250/713 3789/5254/713
f 3812/5261/332 3796/5252/332 3797/5233/332
f 3805/5262/497 3789/5254/497 3790/5235/497
f 3798/5263/333 3812/5261/333 3797/5233/333
f 3806/5264/498 3790/5235/498 3791/5240/498
f 3814/5265/334 3798/5263/334 3799/5266/334
f 3792/5267/499 3806/5268/499 3791/5269/499
f 3800/5241/335 3814/5270/335 3799/5237/335
f 3808/5271/500 3792/5267/500 3793/5243/500
f 3801/5246/336 3815/5272/336 3800/5241/336
f 3794/5249/501 3808/5271/501 3793/5243/501
f 3829/5273/337 3813/5274/337 3814/5265/337
f 3807/5275/502 3821/5276/502 3806/5268/502
f 3815/5272/338 3829/5277/338 3814/5270/338
f 3823/5278/503 3807/5275/503 3808/5271/503
f 3831/5279/339 3815/5272/339 3816/5255/339
f 3809/5280/504 3823/5278/504 3808/5271/504
f 3832/5281/672 3816/5255/672 3817/5259/672
f 3825/5282/341 3809/5280/341 3810/5256/341
f 3803/5258/505 3818/5283/505 3591/4976/505
f 3787/4978/342 3832/5281/342 3817/5259/342
f 3826/5284/343 3810/5256/343 3811/5285/343
f 3804/5260/507 3818/5283/507 3803/5258/507
f 3827/5286/344 3811/5285/344 3812/5261/344
f 3805/5262/508 3819/5287/508 3804/5260/508
f 3813/5274/345 3827/5286/345 3812/5261/345
f 3821/5288/509 3805/5262/509 3806/5264/509
f 3818/5283/510 3833/5289/510 3591/4976/510
f 3787/4978/346 3847/5290/346 3832/5281/346
f 3841/5291/511 3825/5282/511 3826/5284/511
f 3834/5292/512 3818/5283/512 3819/5287/512
f 3842/5293/348 3826/5284/348 3827/5286/348
f 3835/5294/513 3819/5287/513 3820/5295/513
f 3828/5296/349 3842/5293/349 3827/5286/349
f 3821/5288/514 3835/5294/514 3820/5295/514
f 3844/5297/350 3828/5296/350 3829/5273/350
f 3822/5298/515 3836/5299/515 3821/5276/515
f 3845/5300/351 3829/5277/351 3830/5301/351
f 3838/5302/516 3822/5298/516 3823/5278/516
f 3831/5279/352 3845/5300/352 3830/5301/352
f 3824/5303/517 3838/5302/517 3823/5278/517
f 3832/5281/353 3846/5304/353 3831/5279/353
f 3840/5305/354 3824/5303/354 3825/5282/354
f 3836/5299/518 5545/5306/518 5548/5307/518
f 5630/5308/714 3845/5300/714 5601/5309/714
f 3837/5310/751 5551/5311/751 5545/5306/751
f 5601/5309/716 3846/5304/716 5600/5312/716
f 3838/5302/520 5542/5313/520 5551/5311/520
f 5600/5312/718 3847/5290/718 5602/5314/718
f 3839/5315/521 5540/5316/521 5542/5313/521
f 3833/5289/522 5566/5317/522 3591/4976/522
f 3847/5290/359 5603/5318/359 5602/5314/359
f 5540/5316/360 3841/5291/360 5541/5319/360
f 3833/5289/720 5546/5320/720 5570/5321/720
f 5541/5319/361 3842/5293/361 5550/5322/361
f 3834/5292/722 5547/5323/722 5546/5320/722
f 5550/5322/752 3843/5324/752 5543/5325/752
f 3835/5294/525 5548/5326/525 5547/5323/525
f 3844/5297/363 5544/5327/363 3843/5324/363
f 5567/5328/753 3591/4976/753 5566/5317/753
f 5617/5329/372 5603/5318/372 3787/4978/372
f 5568/5330/754 3591/4976/754 5567/5328/754
f 5616/5331/377 5617/5329/377 3787/4978/377
f 5569/5332/755 3591/4976/755 5568/5330/755
f 5614/5333/389 5616/5331/389 3787/4978/389
f 5558/5334/756 3591/4976/756 5569/5332/756
f 5612/5335/757 5614/5333/757 3787/4978/757
f 5554/5336/758 3591/4976/758 5558/5334/758
f 5608/5337/759 5612/5335/759 3787/4978/759
f 5555/5338/760 3591/4976/760 5554/5336/760
f 5604/5339/761 5608/5337/761 3787/4978/761
f 3591/4976/762 5555/5338/762 5557/4974/762
f 3787/4978/763 5605/4977/763 5604/5339/763
f 3850/5340/8 5380/5341/8 5385/5342/8
f 3858/5343/9 5473/5344/9 5467/5345/9
f 3850/5340/10 5383/5346/10 3851/5347/10
f 3859/5348/11 5467/5345/11 5509/5349/11
f 3851/5350/12 5383/5351/12 5469/5352/12
f 3860/5353/13 5509/5354/13 5461/5355/13
f 3852/5356/14 5474/5357/14 3853/5358/14
f 3861/5359/15 5461/5355/15 5462/5360/15
f 3853/5358/16 5472/5361/16 3854/5362/16
f 3862/5363/764 5462/5360/764 5459/5364/764
f 3854/5362/630 5470/5365/630 3855/5366/630
f 5381/5367/428 3848/5368/428 5382/5369/428
f 5459/5364/658 5460/5370/658 3862/5363/658
f 3856/5371/21 5470/5365/21 5471/5372/21
f 3848/5368/430 5380/5341/430 3849/5373/430
f 3857/5374/23 5471/5372/23 5473/5344/23
f 3871/5375/265 3855/5366/265 3856/5371/265
f 3849/5373/25 3863/5376/25 3848/5368/25
f 3857/5374/26 3871/5375/26 3856/5371/26
f 3865/5377/27 3849/5373/27 3850/5340/27
f 3873/5378/28 3857/5374/28 3858/5343/28
f 3866/5379/29 3850/5340/29 3851/5347/29
f 3859/5348/30 3873/5378/30 3858/5343/30
f 3867/5380/31 3851/5350/31 3852/5356/31
f 3860/5353/32 3874/5381/32 3859/5382/32
f 3853/5358/33 3867/5380/33 3852/5356/33
f 3861/5359/34 3875/5383/34 3860/5353/34
f 3869/5384/35 3853/5358/35 3854/5362/35
f 3877/5385/36 3861/5359/36 3862/5363/36
f 3855/5366/37 3869/5384/37 3854/5362/37
f 3863/5376/38 5382/5369/38 3848/5368/38
f 3877/5385/39 5460/5370/39 5464/5386/39
f 3875/5383/40 3889/5387/40 3874/5381/40
f 3868/5388/41 3882/5389/41 3867/5380/41
f 3891/5390/42 3875/5383/42 3876/5391/42
f 3869/5384/43 3883/5392/43 3868/5388/43
f 3877/5385/267 3891/5390/267 3876/5391/267
f 3870/5393/45 3884/5394/45 3869/5384/45
f 3878/5395/46 5387/5396/46 3863/5376/46
f 3892/5397/268 5464/5386/268 5465/5398/268
f 3886/5399/48 3870/5393/48 3871/5375/48
f 3879/5400/49 3863/5376/49 3864/5401/49
f 3887/5402/50 3871/5375/50 3872/5403/50
f 3880/5404/51 3864/5401/51 3865/5377/51
f 3888/5405/52 3872/5403/52 3873/5378/52
f 3881/5406/53 3865/5377/53 3866/5379/53
f 3874/5407/54 3888/5405/54 3873/5378/54
f 3882/5389/55 3866/5408/55 3867/5380/55
f 3902/5409/56 3886/5399/56 3887/5402/56
f 3880/5404/57 3894/5410/57 3879/5400/57
f 3888/5405/58 3902/5409/58 3887/5402/58
f 3896/5411/59 3880/5404/59 3881/5406/59
f 3889/5387/60 3903/5412/60 3888/5413/60
f 3897/5414/61 3881/5406/61 3882/5415/61
f 3890/5416/62 3904/5417/62 3889/5387/62
f 3898/5418/63 3882/5389/63 3883/5392/63
f 3906/5419/64 3890/5416/64 3891/5390/64
f 3884/5394/65 3898/5418/65 3883/5392/65
f 3892/5397/269 3906/5419/269 3891/5390/269
f 3885/5420/67 3899/5421/67 3884/5394/67
f 3893/5422/68 5388/5423/68 3878/5395/68
f 3907/5424/69 5465/5398/69 5458/5425/69
f 3901/5426/70 3885/5420/70 3886/5399/70
f 3894/5410/434 3878/5395/434 3879/5400/434
f 3921/5427/72 3905/5428/72 3906/5419/72
f 3899/5429/73 3913/5430/73 3898/5431/73
f 3922/5432/270 3906/5419/270 3907/5424/270
f 3900/5433/75 3914/5434/75 3899/5429/75
f 3908/5435/76 5389/5436/76 3893/5422/76
f 3922/5432/271 5458/5425/271 5457/5437/271
f 3916/5438/78 3900/5433/78 3901/5439/78
f 3894/5410/79 3908/5435/79 3893/5422/79
f 3917/5440/80 3901/5439/80 3902/5441/80
f 3895/5442/81 3909/5443/81 3894/5410/81
f 3903/5444/82 3917/5440/82 3902/5441/82
f 3911/5445/83 3895/5442/83 3896/5411/83
f 3919/5446/84 3903/5412/84 3904/5417/84
f 3897/5447/85 3911/5448/85 3896/5449/85
f 3905/5428/86 3919/5446/86 3904/5417/86
f 3913/5430/87 3897/5447/87 3898/5431/87
f 3925/5450/436 3909/5443/436 3910/5451/436
f 3918/5452/89 3932/5453/89 3917/5440/89
f 3926/5454/90 3910/5451/90 3911/5445/90
f 3934/5455/91 3918/5452/91 3919/5456/91
f 3912/5457/92 3926/5458/92 3911/5448/92
f 3920/5459/93 3934/5460/93 3919/5446/93
f 3928/5461/94 3912/5457/94 3913/5430/94
f 3921/5427/765 3935/5462/765 3920/5459/765
f 3914/5434/96 3928/5461/96 3913/5430/96
f 3922/5432/97 3936/5463/97 3921/5427/97
f 3915/5464/437 3929/5465/437 3914/5434/437
f 3923/5466/99 5390/5467/99 3908/5435/99
f 3937/5468/660 5457/5437/660 5455/5469/660
f 3931/5470/101 3915/5464/101 3916/5438/101
f 3924/5471/102 3908/5435/102 3909/5443/102
f 3932/5453/103 3916/5438/103 3917/5440/103
f 3929/5465/104 3943/5472/104 3928/5461/104
f 3952/5473/105 3936/5463/105 3937/5468/105
f 3930/5474/106 3944/5475/106 3929/5465/106
f 3938/5476/107 5374/5477/107 3923/5466/107
f 3952/5473/108 5455/5469/108 5453/5478/108
f 3946/5479/109 3930/5474/109 3931/5470/109
f 3924/5471/110 3938/5476/110 3923/5466/110
f 3947/5480/111 3931/5470/111 3932/5453/111
f 3925/5450/112 3939/5481/112 3924/5471/112
f 3933/5482/113 3947/5480/113 3932/5453/113
f 3941/5483/114 3925/5450/114 3926/5454/114
f 3949/5484/115 3933/5482/115 3934/5455/115
f 3927/5485/116 3941/5486/116 3926/5458/116
f 3935/5462/117 3949/5487/117 3934/5460/117
f 3943/5472/118 3927/5485/118 3928/5461/118
f 3951/5488/119 3935/5462/119 3936/5463/119
f 3948/5489/120 3962/5490/120 3947/5480/120
f 3956/5491/121 3940/5492/121 3941/5483/121
f 3949/5484/122 3963/5493/122 3948/5489/122
f 3957/5494/123 3941/5486/123 3942/5495/123
f 3950/5496/124 3964/5497/124 3949/5487/124
f 3958/5498/125 3942/5495/125 3943/5472/125
f 3966/5499/126 3950/5496/126 3951/5488/126
f 3944/5475/127 3958/5498/127 3943/5472/127
f 3952/5473/128 3966/5499/128 3951/5488/128
f 3945/5500/620 3959/5501/620 3944/5475/620
f 3953/5502/130 5375/5503/130 3938/5476/130
f 3967/5504/131 5453/5478/131 5452/5505/131
f 3961/5506/631 3945/5500/631 3946/5479/631
f 3954/5507/133 3938/5476/133 3939/5481/133
f 3962/5490/134 3946/5479/134 3947/5480/134
f 3940/5492/135 3954/5507/135 3939/5481/135
f 3982/5508/136 3966/5499/136 3967/5504/136
f 3960/5509/275 3974/5510/275 3959/5501/275
f 3953/5502/441 5377/5511/441 5378/5512/441
f 3967/5504/139 5451/5513/139 3982/5508/139
f 3976/5514/140 3960/5509/140 3961/5506/140
f 3954/5507/141 3968/5515/141 3953/5502/141
f 3977/5516/142 3961/5506/142 3962/5490/142
f 3970/5517/143 3954/5507/143 3955/5518/143
f 3963/5493/144 3977/5516/144 3962/5490/144
f 3956/5491/145 3970/5517/145 3955/5518/145
f 3979/5519/146 3963/5493/146 3964/5520/146
f 3957/5494/147 3971/5521/147 3956/5522/147
f 3980/5523/148 3964/5497/148 3965/5524/148
f 3973/5525/149 3957/5494/149 3958/5498/149
f 3966/5499/150 3980/5523/150 3965/5524/150
f 3959/5501/151 3973/5525/151 3958/5498/151
f 3986/5526/152 3970/5517/152 3971/5527/152
f 3979/5519/153 3993/5528/153 3978/5529/153
f 3987/5530/154 3971/5521/154 3972/5531/154
f 3980/5523/155 3994/5532/155 3979/5533/155
f 3988/5534/156 3972/5531/156 3973/5525/156
f 3996/5535/157 3980/5523/157 3981/5536/157
f 3974/5510/158 3988/5534/158 3973/5525/158
f 3997/5537/159 3981/5536/159 3982/5508/159
f 3975/5538/160 3989/5539/160 3974/5510/160
f 3968/5515/636 5376/5540/636 5377/5511/636
f 3982/5508/162 5454/5541/162 3997/5537/162
f 3991/5542/163 3975/5538/163 3976/5514/163
f 3969/5543/164 3983/5544/164 3968/5515/164
f 3992/5545/165 3976/5514/165 3977/5516/165
f 3970/5517/166 3984/5546/166 3969/5543/166
f 3978/5529/167 3992/5545/167 3977/5516/167
f 3990/5547/276 4004/5548/276 3989/5539/276
f 3983/5544/169 5379/5549/169 5376/5540/169
f 3997/5537/170 5456/5550/170 4012/5551/170
f 4006/5552/171 3990/5547/171 3991/5542/171
f 3984/5546/172 3998/5553/172 3983/5544/172
f 4007/5554/173 3991/5542/173 3992/5545/173
f 4000/5555/447 3984/5546/447 3985/5556/447
f 3993/5528/175 4007/5554/175 3992/5545/175
f 4001/5557/176 3985/5556/176 3986/5526/176
f 4009/5558/177 3993/5528/177 3994/5559/177
f 3987/5530/178 4001/5560/178 3986/5561/178
f 3995/5562/179 4009/5563/179 3994/5532/179
f 4003/5564/180 3987/5530/180 3988/5534/180
f 3996/5535/181 4010/5565/181 3995/5562/181
f 3989/5539/182 4003/5564/182 3988/5534/182
f 4012/5551/278 3996/5535/278 3997/5537/278
f 4024/5566/184 4008/5567/184 4009/5563/184
f 4002/5568/185 4016/5569/185 4001/5557/185
f 4010/5565/186 4024/5566/186 4009/5563/186
f 4018/5570/187 4002/5571/187 4003/5564/187
f 4011/5572/188 4025/5573/188 4010/5565/188
f 4004/5548/189 4018/5570/189 4003/5564/189
f 4027/5574/279 4011/5572/279 4012/5551/279
f 4005/5575/191 4019/5576/191 4004/5548/191
f 3998/5553/448 5394/5577/448 5379/5549/448
f 4012/5551/193 5447/5578/193 4027/5574/193
f 4021/5579/194 4005/5575/194 4006/5552/194
f 3999/5580/195 4013/5581/195 3998/5553/195
f 4022/5582/196 4006/5552/196 4007/5554/196
f 4015/5583/197 3999/5580/197 4000/5555/197
f 4008/5584/198 4022/5582/198 4007/5554/198
f 4016/5569/199 4000/5555/199 4001/5557/199
f 4027/5574/200 5448/5585/200 4042/5586/200
f 4036/5587/201 4020/5588/201 4021/5589/201
f 4029/5590/202 4013/5581/202 4014/5591/202
f 4037/5592/203 4021/5589/203 4022/5593/203
f 4015/5583/204 4029/5590/204 4014/5591/204
f 4038/5594/205 4022/5593/205 4023/5595/205
f 4031/5596/206 4015/5583/206 4016/5569/206
f 4024/5566/207 4038/5597/207 4023/5598/207
f 4032/5599/208 4016/5600/208 4017/5601/208
f 4025/5573/209 4039/5602/209 4024/5566/209
f 4018/5603/210 4032/5599/210 4017/5601/210
f 4041/5604/211 4025/5573/211 4026/5605/211
f 4019/5606/212 4033/5607/212 4018/5603/212
f 4027/5574/213 4041/5604/213 4026/5605/213
f 4020/5588/214 4034/5608/214 4019/5606/214
f 4013/5581/215 5393/5609/215 5394/5577/215
f 4040/5610/216 4054/5611/216 4039/5602/216
f 4048/5612/217 4032/5599/217 4033/5607/217
f 4056/5613/218 4040/5610/218 4041/5604/218
f 4034/5608/219 4048/5612/219 4033/5607/219
f 4042/5586/749 4056/5613/749 4041/5604/749
f 4035/5614/221 4049/5615/221 4034/5608/221
f 4028/5616/450 5392/5617/450 5393/5609/450
f 4042/5586/223 5449/5618/223 4057/5619/223
f 4051/5620/224 4035/5614/224 4036/5587/224
f 4044/5621/225 4028/5616/225 4029/5590/225
f 4052/5622/226 4036/5587/226 4037/5592/226
f 4030/5623/227 4044/5621/227 4029/5590/227
f 4038/5594/228 4052/5622/228 4037/5592/228
f 4046/5624/229 4030/5623/229 4031/5596/229
f 4054/5625/230 4038/5594/230 4039/5626/230
f 4032/5599/231 4046/5627/231 4031/5628/231
f 4044/5621/452 4058/5629/452 4043/5630/452
f 4067/5631/233 4051/5620/233 4052/5622/233
f 4060/5632/234 4044/5621/234 4045/5633/234
f 4053/5634/235 4067/5631/235 4052/5622/235
f 4061/5635/236 4045/5633/236 4046/5624/236
f 4069/5636/237 4053/5634/237 4054/5625/237
f 4047/5637/238 4061/5638/238 4046/5627/238
f 4055/5639/239 4069/5640/239 4054/5611/239
f 4063/5641/240 4047/5637/240 4048/5612/240
f 4056/5613/241 4070/5642/241 4055/5639/241
f 4049/5615/242 4063/5641/242 4048/5612/242
f 4072/5643/664 4056/5613/664 4057/5619/664
f 4050/5644/244 4064/5645/244 4049/5615/244
f 4043/5630/245 5371/5646/245 5392/5617/245
f 4057/5619/246 5446/5647/246 4072/5643/246
f 4066/5648/247 4050/5644/247 4051/5620/247
f 4062/5649/248 5357/5650/248 5355/5651/248
f 4071/5652/249 5450/5653/249 4070/5642/249
f 4064/5645/250 5357/5650/250 4063/5641/250
f 4072/5643/251 5444/5654/251 4071/5652/251
f 4065/5655/282 5353/5656/282 4064/5645/282
f 5371/5646/454 4058/5629/454 5372/5657/454
f 5446/5647/665 5445/5658/665 4072/5643/665
f 4065/5655/255 5352/5659/255 5351/5660/255
f 4058/5629/683 5373/5661/683 5372/5657/683
f 4066/5648/257 5356/5662/257 5352/5659/257
f 4059/5663/258 5370/5664/258 5373/5661/258
f 4068/5665/259 5356/5662/259 4067/5631/259
f 4060/5632/260 5369/5666/260 5370/5664/260
f 4068/5665/261 5359/5667/261 5354/5668/261
f 4062/5649/262 5369/5669/262 4061/5638/262
f 5359/5670/263 4070/5642/263 5450/5653/263
f 4074/5671/8 5493/5672/8 4075/5673/8
f 4083/5674/9 5500/5675/9 5495/5676/9
f 4075/5673/10 5493/5672/10 5492/5677/10
f 4084/5678/11 5495/5676/11 5503/5679/11
f 4076/5680/12 5496/5681/12 4077/5682/12
f 4085/5683/13 5503/5684/13 5491/5685/13
f 4077/5682/14 5501/5686/14 4078/5687/14
f 4086/5688/15 5491/5685/15 5494/5689/15
f 4079/5690/16 5501/5686/16 5499/5691/16
f 4087/5692/764 5494/5689/764 5489/5693/764
f 4079/5690/427 5497/5694/427 4080/5695/427
f 5412/5696/19 4073/5697/19 5413/5698/19
f 5489/5693/658 5490/5699/658 4087/5692/658
f 4081/5700/264 5497/5694/264 5498/5701/264
f 4073/5697/22 5411/5702/22 4074/5671/22
f 4081/5700/23 5500/5675/23 4082/5703/23
f 4096/5704/265 4080/5695/265 4081/5700/265
f 4089/5705/25 4073/5697/25 4074/5671/25
f 4082/5703/26 4096/5704/26 4081/5700/26
f 4090/5706/27 4074/5671/27 4075/5673/27
f 4098/5707/28 4082/5703/28 4083/5674/28
f 4091/5708/29 4075/5673/29 4076/5709/29
f 4084/5678/30 4098/5707/30 4083/5674/30
f 4092/5710/31 4076/5680/31 4077/5682/31
f 4085/5683/32 4099/5711/32 4084/5712/32
f 4078/5687/33 4092/5710/33 4077/5682/33
f 4086/5688/34 4100/5713/34 4085/5683/34
f 4094/5714/35 4078/5687/35 4079/5690/35
f 4087/5692/36 4101/5715/36 4086/5688/36
f 4080/5695/37 4094/5714/37 4079/5690/37
f 4088/5716/38 5413/5698/38 4073/5697/38
f 4102/5717/39 5490/5699/39 5504/5718/39
f 4115/5719/40 4099/5711/40 4100/5713/40
f 4108/5720/41 4092/5710/41 4093/5721/41
f 4116/5722/42 4100/5713/42 4101/5715/42
f 4094/5714/43 4108/5720/43 4093/5721/43
f 4117/5723/267 4101/5715/267 4102/5717/267
f 4095/5724/766 4109/5725/766 4094/5714/766
f 4103/5726/46 5414/5727/46 4088/5716/46
f 4117/5723/268 5504/5718/268 5505/5728/268
f 4111/5729/431 4095/5724/431 4096/5704/431
f 4089/5705/767 4103/5726/767 4088/5716/767
f 4112/5730/50 4096/5704/50 4097/5731/50
f 4090/5706/432 4104/5732/432 4089/5705/432
f 4098/5707/52 4112/5730/52 4097/5731/52
f 4091/5708/53 4105/5733/53 4090/5706/53
f 4114/5734/54 4098/5707/54 4099/5735/54
f 4092/5710/55 4106/5736/55 4091/5737/55
f 4127/5738/56 4111/5729/56 4112/5730/56
f 4120/5739/57 4104/5732/57 4105/5733/57
f 4128/5740/58 4112/5730/58 4113/5741/58
f 4121/5742/59 4105/5733/59 4106/5743/59
f 4129/5744/60 4113/5745/60 4114/5746/60
f 4107/5747/61 4121/5742/61 4106/5743/61
f 4115/5719/62 4129/5744/62 4114/5746/62
f 4108/5720/63 4122/5748/63 4107/5749/63
f 4116/5722/64 4130/5750/64 4115/5719/64
f 4109/5725/65 4123/5751/65 4108/5720/65
f 4117/5723/269 4131/5752/269 4116/5722/269
f 4110/5753/67 4124/5754/67 4109/5725/67
f 4118/5755/68 5415/5756/68 4103/5726/68
f 4132/5757/69 5505/5728/69 5506/5758/69
f 4126/5759/70 4110/5753/70 4111/5729/70
f 4119/5760/434 4103/5726/434 4104/5732/434
f 4131/5752/72 4145/5761/72 4130/5750/72
f 4139/5762/73 4123/5763/73 4124/5764/73
f 4147/5765/270 4131/5752/270 4132/5757/270
f 4125/5766/75 4139/5762/75 4124/5764/75
f 4133/5767/76 5416/5768/76 4118/5755/76
f 4147/5765/77 5506/5758/77 5507/5769/77
f 4141/5770/78 4125/5766/78 4126/5771/78
f 4119/5760/79 4133/5767/79 4118/5755/79
f 4127/5772/80 4141/5770/80 4126/5771/80
f 4135/5773/81 4119/5760/81 4120/5739/81
f 4143/5774/82 4127/5772/82 4128/5775/82
f 4136/5776/83 4120/5739/83 4121/5742/83
f 4129/5744/84 4143/5777/84 4128/5778/84
f 4137/5779/85 4121/5780/85 4122/5781/85
f 4130/5750/86 4144/5782/86 4129/5744/86
f 4123/5763/87 4137/5779/87 4122/5781/87
f 4135/5773/436 4149/5783/436 4134/5784/436
f 4158/5785/89 4142/5786/89 4143/5774/89
f 4136/5776/90 4150/5787/90 4135/5773/90
f 4144/5788/91 4158/5785/91 4143/5774/91
f 4152/5789/92 4136/5790/92 4137/5779/92
f 4160/5791/93 4144/5782/93 4145/5761/93
f 4138/5792/94 4152/5789/94 4137/5779/94
f 4161/5793/765 4145/5761/765 4146/5794/765
f 4154/5795/96 4138/5792/96 4139/5762/96
f 4162/5796/97 4146/5794/97 4147/5765/97
f 4140/5797/98 4154/5795/98 4139/5762/98
f 4148/5798/99 5408/5799/99 4133/5767/99
f 4162/5796/660 5507/5769/660 5508/5800/660
f 4156/5801/101 4140/5797/101 4141/5770/101
f 4134/5784/102 4148/5798/102 4133/5767/102
f 4142/5786/103 4156/5801/103 4141/5770/103
f 4154/5795/104 4168/5802/104 4153/5803/104
f 4162/5796/105 4176/5804/105 4161/5793/105
f 4170/5805/106 4154/5795/106 4155/5806/106
f 4163/5807/107 5409/5808/107 4148/5798/107
f 4177/5809/108 5508/5800/108 5480/5810/108
f 4156/5801/109 4170/5805/109 4155/5806/109
f 4164/5811/768 4148/5798/768 4149/5783/768
f 4172/5812/111 4156/5801/111 4157/5813/111
f 4150/5787/112 4164/5811/112 4149/5783/112
f 4158/5785/113 4172/5812/113 4157/5813/113
f 4151/5814/114 4165/5815/114 4150/5787/114
f 4159/5816/115 4173/5817/115 4158/5785/115
f 4167/5818/116 4151/5819/116 4152/5789/116
f 4175/5820/117 4159/5821/117 4160/5791/117
f 4168/5802/118 4152/5789/118 4153/5803/118
f 4176/5804/119 4160/5791/119 4161/5793/119
f 4173/5817/120 4187/5822/120 4172/5812/120
f 4166/5823/121 4180/5824/121 4165/5815/121
f 4174/5825/122 4188/5826/122 4173/5817/122
f 4182/5827/123 4166/5828/123 4167/5818/123
f 4190/5829/124 4174/5830/124 4175/5820/124
f 4183/5831/125 4167/5818/125 4168/5802/125
f 4191/5832/126 4175/5820/126 4176/5804/126
f 4169/5833/127 4183/5831/127 4168/5802/127
f 4177/5809/128 4191/5832/128 4176/5804/128
f 4185/5834/620 4169/5833/620 4170/5805/620
f 4178/5835/130 5405/5836/130 4163/5807/130
f 4192/5837/131 5480/5810/131 5479/5838/131
f 4171/5839/631 4185/5834/631 4170/5805/631
f 4179/5840/769 4163/5807/769 4164/5811/769
f 4187/5822/134 4171/5839/134 4172/5812/134
f 4180/5824/135 4164/5811/135 4165/5815/135
f 4207/5841/770 4191/5832/770 4192/5837/770
f 4200/5842/275 4184/5843/275 4185/5834/275
f 4178/5835/138 5404/5844/138 5403/5845/138
f 4192/5837/139 5478/5846/139 4207/5841/139
f 4186/5847/140 4200/5842/140 4185/5834/140
f 4179/5840/771 4193/5848/771 4178/5835/771
f 4202/5849/142 4186/5847/142 4187/5822/142
f 4195/5850/143 4179/5840/143 4180/5824/143
f 4188/5826/144 4202/5849/144 4187/5822/144
f 4196/5851/145 4180/5824/145 4181/5852/145
f 4204/5853/146 4188/5826/146 4189/5854/146
f 4182/5827/147 4196/5855/147 4181/5856/147
f 4190/5829/148 4204/5857/148 4189/5858/148
f 4198/5859/149 4182/5827/149 4183/5831/149
f 4191/5832/150 4205/5860/150 4190/5829/150
f 4184/5843/151 4198/5859/151 4183/5831/151
f 4211/5861/152 4195/5850/152 4196/5851/152
f 4204/5853/153 4218/5862/153 4203/5863/153
f 4212/5864/154 4196/5855/154 4197/5865/154
f 4205/5860/155 4219/5866/155 4204/5857/155
f 4213/5867/156 4197/5865/156 4198/5859/156
f 4221/5868/157 4205/5860/157 4206/5869/157
f 4199/5870/158 4213/5867/158 4198/5859/158
f 4207/5841/159 4221/5868/159 4206/5869/159
f 4215/5871/160 4199/5870/160 4200/5842/160
f 4193/5848/161 5410/5872/161 5404/5844/161
f 4207/5841/162 5481/5873/162 4222/5874/162
f 4201/5875/163 4215/5871/163 4200/5842/163
f 4209/5876/164 4193/5848/164 4194/5877/164
f 4217/5878/165 4201/5875/165 4202/5849/165
f 4195/5850/166 4209/5876/166 4194/5877/166
f 4203/5863/167 4217/5878/167 4202/5849/167
f 4230/5879/168 4214/5880/168 4215/5871/168
f 4208/5881/445 5406/5882/445 5410/5872/445
f 4222/5874/170 5484/5883/170 4237/5884/170
f 4216/5885/171 4230/5879/171 4215/5871/171
f 4209/5876/172 4223/5886/172 4208/5881/172
f 4232/5887/173 4216/5885/173 4217/5878/173
f 4225/5888/447 4209/5876/447 4210/5889/447
f 4233/5890/175 4217/5878/175 4218/5862/175
f 4211/5861/176 4225/5888/176 4210/5889/176
f 4219/5891/177 4233/5890/177 4218/5862/177
f 4227/5892/178 4211/5893/178 4212/5864/178
f 4235/5894/179 4219/5866/179 4220/5895/179
f 4213/5867/180 4227/5892/180 4212/5864/180
f 4221/5868/277 4235/5894/277 4220/5895/277
f 4214/5880/182 4228/5896/182 4213/5867/182
f 4237/5884/278 4221/5868/278 4222/5874/278
f 4234/5897/184 4248/5898/184 4233/5899/184
f 4242/5900/185 4226/5901/185 4227/5902/185
f 4250/5903/186 4234/5897/186 4235/5894/186
f 4243/5904/187 4227/5892/187 4228/5896/187
f 4251/5905/188 4235/5894/188 4236/5906/188
f 4229/5907/189 4243/5904/189 4228/5896/189
f 4237/5884/279 4251/5905/279 4236/5906/279
f 4230/5879/191 4244/5908/191 4229/5907/191
f 4223/5886/448 5407/5909/448 5406/5882/448
f 4237/5884/193 5485/5910/193 4252/5911/193
f 4246/5912/194 4230/5879/194 4231/5913/194
f 4239/5914/610 4223/5886/610 4224/5915/610
f 4247/5916/196 4231/5913/196 4232/5887/196
f 4225/5888/197 4239/5914/197 4224/5915/197
f 4233/5890/198 4247/5916/198 4232/5887/198
f 4226/5901/199 4240/5917/199 4225/5888/199
f 4252/5911/200 5486/5918/200 4267/5919/200
f 4261/5920/201 4245/5921/201 4246/5922/201
f 4254/5923/772 4238/5924/772 4239/5914/772
f 4262/5925/203 4246/5922/203 4247/5926/203
f 4255/5927/204 4239/5914/204 4240/5917/204
f 4248/5928/205 4262/5925/205 4247/5926/205
f 4256/5929/206 4240/5917/206 4241/5930/206
f 4249/5931/207 4263/5932/207 4248/5898/207
f 4257/5933/208 4241/5934/208 4242/5935/208
f 4250/5903/209 4264/5936/209 4249/5931/209
f 4258/5937/210 4242/5935/210 4243/5938/210
f 4251/5905/211 4265/5939/211 4250/5903/211
f 4244/5940/212 4258/5937/212 4243/5938/212
f 4252/5911/213 4266/5941/213 4251/5905/213
f 4245/5921/214 4259/5942/214 4244/5940/214
f 4238/5924/215 5417/5943/215 5407/5909/215
f 4265/5939/216 4279/5944/216 4264/5936/216
f 4258/5937/217 4272/5945/217 4257/5933/217
f 4281/5946/280 4265/5939/280 4266/5941/280
f 4259/5942/219 4273/5947/219 4258/5937/219
f 4282/5948/749 4266/5941/749 4267/5919/749
f 4260/5949/221 4274/5950/221 4259/5942/221
f 4253/5951/450 5418/5952/450 5417/5943/450
f 4267/5919/223 5487/5953/223 4282/5948/223
f 4276/5954/224 4260/5949/224 4261/5920/224
f 4254/5923/750 4268/5955/750 4253/5951/750
f 4277/5956/226 4261/5920/226 4262/5925/226
f 4255/5927/585 4269/5957/585 4254/5923/585
f 4278/5958/228 4262/5925/228 4263/5959/228
f 4271/5960/229 4255/5927/229 4256/5929/229
f 4264/5961/230 4278/5958/230 4263/5959/230
f 4272/5945/231 4256/5962/231 4257/5933/231
f 4284/5963/232 4268/5955/232 4269/5957/232
f 4292/5964/233 4276/5954/233 4277/5956/233
f 4285/5965/234 4269/5957/234 4270/5966/234
f 4278/5958/235 4292/5964/235 4277/5956/235
f 4286/5967/236 4270/5966/236 4271/5960/236
f 4294/5968/237 4278/5958/237 4279/5969/237
f 4272/5945/238 4286/5970/238 4271/5971/238
f 4280/5972/239 4294/5973/239 4279/5944/239
f 4288/5974/240 4272/5945/240 4273/5947/240
f 4281/5946/241 4295/5975/241 4280/5972/241
f 4274/5950/242 4288/5974/242 4273/5947/242
f 4282/5948/243 4296/5976/243 4281/5946/243
f 4275/5977/244 4289/5978/244 4274/5950/244
f 4268/5955/245 5399/5979/245 5418/5952/245
f 4282/5948/246 5483/5980/246 4297/5981/246
f 4291/5982/247 4275/5977/247 4276/5954/247
f 4287/5983/248 5397/5984/248 5395/5985/248
f 4295/5975/249 5476/5986/249 5477/5987/249
f 4289/5978/250 5397/5984/250 4288/5974/250
f 4296/5976/251 5482/5988/251 5476/5986/251
f 4290/5989/252 5391/5990/252 4289/5978/252
f 5399/5979/253 4283/5991/253 5400/5992/253
f 5483/5980/665 5482/5988/665 4297/5981/665
f 4290/5989/255 5386/5993/255 5384/5994/255
f 4284/5963/683 5400/5992/683 4283/5991/683
f 4291/5982/257 5396/5995/257 5386/5993/257
f 4285/5965/258 5401/5996/258 4284/5963/258
f 4293/5997/259 5396/5995/259 4292/5964/259
f 4285/5965/260 5402/5998/260 5398/5999/260
f 4294/5968/261 5488/6000/261 4293/5997/261
f 4286/5970/262 5395/5985/262 5402/6001/262
f 4295/5975/263 5475/6002/263 4294/5973/263
f 4298/6003/8 4305/6004/8 4547/6005/8
f 4314/6006/9 4550/6007/9 4303/6008/9
f 4548/6009/10 4306/6010/10 4298/6003/10
f 4315/6011/11 4303/6008/11 4551/6012/11
f 4299/6013/12 4307/6014/12 4548/6015/12
f 4316/6016/13 4551/6017/13 4552/6018/13
f 4549/6019/14 4308/6020/14 4299/6013/14
f 4317/6021/15 4552/6018/15 4553/6022/15
f 4310/6023/16 4549/6019/16 4300/6024/16
f 4318/6025/764 4553/6022/764 4554/6026/764
f 4301/6027/427 4310/6023/427 4300/6024/427
f 4546/6028/428 4304/6029/428 4379/6030/428
f 4425/6031/20 4318/6025/20 4554/6026/20
f 4312/6032/264 4301/6027/264 4302/6033/264
f 4547/6005/430 4304/6029/430 4546/6028/430
f 4550/6007/23 4312/6032/23 4302/6033/23
f 4327/6034/24 4311/6035/24 4312/6032/24
f 4320/6036/25 4304/6029/25 4305/6004/25
f 4313/6037/26 4327/6034/26 4312/6032/26
f 4321/6038/27 4305/6004/27 4306/6010/27
f 4314/6006/28 4328/6039/28 4313/6037/28
f 4307/6040/29 4321/6038/29 4306/6010/29
f 4330/6041/30 4314/6006/30 4315/6011/30
f 4308/6020/31 4322/6042/31 4307/6014/31
f 4331/6043/32 4315/6044/32 4316/6016/32
f 4324/6045/33 4308/6020/33 4309/6046/33
f 4317/6021/34 4331/6043/34 4316/6016/34
f 4325/6047/35 4309/6046/35 4310/6023/35
f 4318/6025/659 4332/6048/659 4317/6021/659
f 4311/6035/605 4325/6047/605 4310/6023/605
f 4304/6029/38 4319/6049/38 4379/6030/38
f 4425/6031/39 4333/6050/39 4318/6025/39
f 4331/6043/40 4345/6051/40 4330/6052/40
f 4339/6053/41 4323/6054/41 4324/6045/41
f 4332/6048/42 4346/6055/42 4331/6043/42
f 4325/6047/43 4339/6053/43 4324/6045/43
f 4333/6050/267 4347/6056/267 4332/6048/267
f 4326/6057/766 4340/6058/766 4325/6047/766
f 4319/6049/46 4334/6059/46 4379/6030/46
f 4425/6031/268 4348/6060/268 4333/6050/268
f 4342/6061/431 4326/6057/431 4327/6034/431
f 4335/6062/49 4319/6049/49 4320/6036/49
f 4343/6063/50 4327/6034/50 4328/6039/50
f 4336/6064/432 4320/6036/432 4321/6038/432
f 4329/6065/52 4343/6063/52 4328/6039/52
f 4337/6066/53 4321/6038/53 4322/6067/53
f 4345/6068/54 4329/6065/54 4330/6041/54
f 4323/6054/55 4337/6069/55 4322/6042/55
f 4358/6070/56 4342/6061/56 4343/6063/56
f 4336/6064/57 4350/6071/57 4335/6062/57
f 4344/6072/58 4358/6070/58 4343/6063/58
f 4352/6073/59 4336/6064/59 4337/6066/59
f 4360/6074/60 4344/6075/60 4345/6051/60
f 4338/6076/61 4352/6073/61 4337/6066/61
f 4346/6055/62 4360/6074/62 4345/6051/62
f 4354/6077/63 4338/6078/63 4339/6053/63
f 4362/6079/64 4346/6055/64 4347/6056/64
f 4340/6058/65 4354/6077/65 4339/6053/65
f 4363/6080/269 4347/6056/269 4348/6060/269
f 4356/6081/67 4340/6058/67 4341/6082/67
f 4334/6059/68 4349/6083/68 4379/6030/68
f 4425/6031/69 4363/6080/69 4348/6060/69
f 4342/6061/70 4356/6081/70 4341/6082/70
f 4335/6062/434 4349/6083/434 4334/6059/434
f 4377/6084/72 4361/6085/72 4362/6079/72
f 4355/6086/73 4369/6087/73 4354/6088/73
f 4378/6089/270 4362/6079/270 4363/6080/270
f 4356/6090/75 4370/6091/75 4355/6086/75
f 4349/6083/76 4364/6092/76 4379/6030/76
f 4425/6031/271 4378/6089/271 4363/6080/271
f 4372/6093/606 4356/6090/606 4357/6094/606
f 4350/6071/79 4364/6092/79 4349/6083/79
f 4373/6095/80 4357/6094/80 4358/6096/80
f 4351/6097/81 4365/6098/81 4350/6071/81
f 4359/6099/82 4373/6095/82 4358/6096/82
f 4367/6100/83 4351/6097/83 4352/6073/83
f 4375/6101/84 4359/6102/84 4360/6074/84
f 4353/6103/85 4367/6104/85 4352/6105/85
f 4361/6085/86 4375/6101/86 4360/6074/86
f 4369/6087/87 4353/6103/87 4354/6088/87
f 4382/6106/88 4365/6098/88 4366/6107/88
f 4374/6108/89 4389/6109/89 4373/6095/89
f 4383/6110/90 4366/6107/90 4367/6100/90
f 4391/6111/91 4374/6108/91 4375/6112/91
f 4368/6113/92 4383/6114/92 4367/6104/92
f 4376/6115/93 4391/6116/93 4375/6101/93
f 4385/6117/94 4368/6113/94 4369/6087/94
f 4377/6084/95 4392/6118/95 4376/6115/95
f 4370/6091/96 4385/6117/96 4369/6087/96
f 4378/6089/97 4393/6119/97 4377/6084/97
f 4371/6120/773 4386/6121/773 4370/6091/773
f 4364/6092/99 4380/6122/99 4379/6030/99
f 4425/6031/100 4394/6123/100 4378/6089/100
f 4388/6124/101 4371/6120/101 4372/6093/101
f 4381/6125/774 4364/6092/774 4365/6098/774
f 4389/6109/103 4372/6093/103 4373/6095/103
f 4386/6121/104 4400/6126/104 4385/6117/104
f 4394/6123/273 4408/6127/273 4393/6119/273
f 4387/6128/106 4401/6129/106 4386/6121/106
f 4380/6122/107 4395/6130/107 4379/6030/107
f 4425/6031/108 4409/6131/108 4394/6123/108
f 4403/6132/109 4387/6128/109 4388/6124/109
f 4396/6133/768 4380/6122/768 4381/6125/768
f 4404/6134/111 4388/6124/111 4389/6109/111
f 4382/6106/112 4396/6133/112 4381/6125/112
f 4390/6135/113 4404/6134/113 4389/6109/113
f 4398/6136/114 4382/6106/114 4383/6110/114
f 4406/6137/115 4390/6135/115 4391/6111/115
f 4384/6138/116 4398/6139/116 4383/6114/116
f 4407/6140/117 4391/6116/117 4392/6118/117
f 4400/6126/118 4384/6138/118 4385/6117/118
f 4408/6127/119 4392/6118/119 4393/6119/119
f 4405/6141/120 4419/6142/120 4404/6134/120
f 4413/6143/121 4397/6144/121 4398/6136/121
f 4421/6145/122 4405/6141/122 4406/6137/122
f 4399/6146/123 4413/6147/123 4398/6139/123
f 4407/6140/124 4421/6148/124 4406/6149/124
f 4415/6150/125 4399/6146/125 4400/6126/125
f 4423/6151/126 4407/6140/126 4408/6127/126
f 4401/6129/127 4415/6150/127 4400/6126/127
f 4424/6152/128 4408/6127/128 4409/6131/128
f 4402/6153/620 4416/6154/620 4401/6129/620
f 4395/6130/130 4410/6155/130 4379/6030/130
f 4425/6031/274 4424/6152/274 4409/6131/274
f 4418/6156/607 4402/6153/607 4403/6132/607
f 4396/6133/133 4410/6155/133 4395/6130/133
f 4419/6142/134 4403/6132/134 4404/6134/134
f 4412/6157/135 4396/6133/135 4397/6144/135
f 6077/6158/136 4424/6152/136 6081/6159/136
f 4416/6154/775 6135/6160/775 6136/6161/775
f 4410/6155/441 6083/6162/441 4379/6030/441
f 4424/6152/139 6080/6163/139 6081/6159/139
f 4418/6156/442 6135/6160/442 4417/6164/442
f 4410/6155/141 6078/6165/141 6082/6166/141
f 4419/6142/142 6109/6167/142 4418/6156/142
f 4411/6168/143 6175/6169/143 6078/6165/143
f 4420/6170/144 6112/6171/144 4419/6142/144
f 4413/6143/776 6105/6172/776 6106/6173/776
f 4421/6145/146 6107/6174/146 4420/6170/146
f 4413/6147/635 6108/6175/635 6105/6176/635
f 6174/6177/148 4422/6178/148 6076/6179/148
f 4414/6180/149 6113/6181/149 6108/6175/149
f 6076/6179/150 4423/6151/150 6077/6158/150
f 4415/6150/151 6136/6161/151 6113/6181/151
f 4379/6030/161 6083/6162/161 6092/6182/161
f 4425/6031/777 6091/6183/777 6080/6163/777
f 4379/6030/445 6092/6182/445 6094/6184/445
f 4425/6031/170 6089/6185/170 6091/6183/170
f 4379/6030/448 6094/6184/448 6096/6186/448
f 4425/6031/193 6086/6187/193 6089/6185/193
f 4425/6031/637 6069/6188/637 6086/6187/637
f 4379/6030/638 6096/6186/638 6070/6189/638
f 4379/6030/222 6070/6189/222 6071/6190/222
f 4425/6031/778 6067/6191/778 6069/6188/778
f 4379/6030/245 6071/6190/245 6062/6192/245
f 4425/6031/779 6058/6193/779 6067/6191/779
f 6062/6192/780 6060/6194/780 4379/6030/780
f 6058/6193/640 4425/6031/640 6057/6195/640
f 6060/6194/781 6061/6196/781 4379/6030/781
f 6057/6195/642 4425/6031/642 6059/6197/642
f 6073/6198/465 4379/6030/465 6061/6196/465
f 6066/6199/295 6059/6197/295 4425/6031/295
f 6072/6200/477 4379/6030/477 6073/6198/477
f 6068/6201/307 6066/6199/307 4425/6031/307
f 6097/6202/643 4379/6030/643 6072/6200/643
f 6087/6203/644 6068/6201/644 4425/6031/644
f 6095/6204/492 4379/6030/492 6097/6202/492
f 6088/6205/325 6087/6203/325 4425/6031/325
f 6093/6206/495 4379/6030/495 6095/6204/495
f 6090/6207/330 6088/6205/330 4425/6031/330
f 6051/6208/505 4379/6030/505 6093/6206/505
f 6055/6209/782 6090/6207/782 4425/6031/782
f 4426/6210/510 6051/6208/510 6049/6211/510
f 6055/6209/346 4440/6212/346 6054/6213/346
f 4434/6214/347 6027/6215/347 6031/6216/347
f 4426/6210/646 6048/6217/646 4427/6218/646
f 4435/6219/348 6031/6216/348 6039/6220/348
f 4427/6218/513 6044/6221/513 4428/6222/513
f 4436/6223/349 6039/6220/349 6038/6224/349
f 4428/6222/647 6041/6225/647 4429/6226/647
f 4437/6227/648 6038/6224/648 6046/6228/648
f 4429/6229/783 6035/6230/783 4430/6231/783
f 4438/6232/784 6046/6233/784 6043/6234/784
f 4430/6231/785 6033/6235/785 4431/6236/785
f 4439/6237/352 6043/6234/352 6056/6238/352
f 4431/6236/786 6030/6239/786 4432/6240/786
f 4440/6212/353 6056/6238/353 6054/6213/353
f 4432/6240/597 6027/6215/597 4433/6241/597
f 4430/6231/518 4444/6242/518 4429/6229/518
f 4438/6232/355 4452/6243/355 4437/6244/355
f 4446/6245/519 4430/6231/519 4431/6236/519
f 4439/6237/356 4453/6246/356 4438/6232/356
f 4432/6240/520 4446/6245/520 4431/6236/520
f 4440/6212/357 4454/6247/357 4439/6237/357
f 4433/6241/358 4447/6248/358 4432/6240/358
f 4426/6210/522 4441/6249/522 4379/6030/522
f 4425/6031/359 4455/6250/359 4440/6212/359
f 4449/6251/360 4433/6241/360 4434/6214/360
f 4442/6252/523 4426/6210/523 4427/6218/523
f 4450/6253/361 4434/6214/361 4435/6219/361
f 4443/6254/524 4427/6218/524 4428/6222/524
f 4436/6223/362 4450/6253/362 4435/6219/362
f 4444/6255/525 4428/6222/525 4429/6226/525
f 4452/6256/363 4436/6223/363 4437/6227/363
f 4464/6257/364 4448/6258/364 4449/6251/364
f 4442/6252/527 4456/6259/527 4441/6249/527
f 4465/6260/365 4449/6251/365 4450/6253/365
f 4443/6254/528 4457/6261/528 4442/6252/528
f 4451/6262/366 4465/6260/366 4450/6253/366
f 4459/6263/529 4443/6254/529 4444/6255/529
f 4467/6264/367 4451/6262/367 4452/6256/367
f 4445/6265/530 4459/6266/530 4444/6242/530
f 4468/6267/368 4452/6243/368 4453/6246/368
f 4461/6268/531 4445/6265/531 4446/6245/531
f 4469/6269/369 4453/6246/369 4454/6247/369
f 4447/6248/532 4461/6268/532 4446/6245/532
f 4470/6270/650 4454/6247/650 4455/6250/650
f 4448/6258/371 4462/6271/371 4447/6248/371
f 4441/6249/533 4456/6259/533 4379/6030/533
f 4425/6031/372 4470/6270/372 4455/6250/372
f 4468/6267/373 4482/6272/373 4467/6273/373
f 4476/6274/534 4460/6275/534 4461/6268/534
f 4469/6269/675 4483/6276/675 4468/6267/675
f 4462/6271/535 4476/6274/535 4461/6268/535
f 4485/6277/787 4469/6269/787 4470/6270/787
f 4463/6278/376 4477/6279/376 4462/6271/376
f 4456/6259/537 4471/6280/537 4379/6030/537
f 4425/6031/377 4485/6277/377 4470/6270/377
f 4479/6281/599 4463/6278/599 4464/6257/599
f 4457/6261/600 4471/6280/600 4456/6259/600
f 4480/6282/379 4464/6257/379 4465/6260/379
f 4473/6283/676 4457/6261/676 4458/6284/676
f 4466/6285/380 4480/6282/380 4465/6260/380
f 4474/6286/540 4458/6284/540 4459/6263/540
f 4482/6287/381 4466/6285/381 4467/6264/381
f 4460/6275/541 4474/6288/541 4459/6266/541
f 4472/6289/542 4486/6290/542 4471/6280/542
f 4495/6291/382 4479/6281/382 4480/6282/382
f 4473/6283/543 4487/6292/543 4472/6289/543
f 4481/6293/383 4495/6291/383 4480/6282/383
f 4489/6294/544 4473/6283/544 4474/6286/544
f 4497/6295/384 4481/6296/384 4482/6272/384
f 4475/6297/545 4489/6294/545 4474/6286/545
f 4483/6276/385 4497/6295/385 4482/6272/385
f 4491/6298/546 4475/6299/546 4476/6274/546
f 4499/6300/386 4483/6276/386 4484/6301/386
f 4477/6279/547 4491/6298/547 4476/6274/547
f 4500/6302/387 4484/6301/387 4485/6277/387
f 4478/6303/388 4492/6304/388 4477/6279/388
f 4471/6280/548 4486/6290/548 4379/6030/548
f 4425/6031/389 4500/6302/389 4485/6277/389
f 4494/6305/390 4478/6303/390 4479/6281/390
f 4506/6306/549 4490/6307/549 4491/6308/549
f 4514/6309/391 4498/6310/391 4499/6300/391
f 4492/6311/550 4506/6306/550 4491/6308/550
f 4515/6312/788 4499/6300/788 4500/6302/788
f 4493/6313/393 4507/6314/393 4492/6311/393
f 4486/6290/551 4501/6315/551 4379/6030/551
f 4425/6031/394 4515/6312/394 4500/6302/394
f 4509/6316/395 4493/6313/395 4494/6317/395
f 4487/6292/627 4501/6315/627 4486/6290/627
f 4510/6318/396 4494/6317/396 4495/6319/396
f 4488/6320/554 4502/6321/554 4487/6292/554
f 4496/6322/397 4510/6318/397 4495/6319/397
f 4504/6323/555 4488/6320/555 4489/6294/555
f 4512/6324/398 4496/6325/398 4497/6295/398
f 4490/6326/556 4504/6323/556 4489/6294/556
f 4498/6310/399 4512/6324/399 4497/6295/399
f 4525/6327/400 4509/6316/400 4510/6318/400
f 4518/6328/557 4502/6321/557 4503/6329/557
f 4511/6330/401 4525/6327/401 4510/6318/401
f 4519/6331/558 4503/6329/558 4504/6323/558
f 4527/6332/402 4511/6330/402 4512/6333/402
f 4505/6334/559 4519/6335/559 4504/6336/559
f 4513/6337/403 4527/6338/403 4512/6324/403
f 4521/6339/560 4505/6334/560 4506/6306/560
f 4514/6309/789 4528/6340/789 4513/6337/789
f 4507/6314/561 4521/6339/561 4506/6306/561
f 4515/6312/405 4529/6341/405 4514/6309/405
f 4508/6342/406 4522/6343/406 4507/6314/406
f 4501/6315/562 4516/6344/562 4379/6030/562
f 4425/6031/407 4530/6345/407 4515/6312/407
f 4524/6346/408 4508/6342/408 4509/6316/408
f 4517/6347/563 4501/6315/563 4502/6321/563
f 4529/6341/409 4543/6348/409 4528/6340/409
f 4522/6343/564 4536/6349/564 4521/6339/564
f 4530/6345/410 4544/6350/410 4529/6341/410
f 4523/6351/411 4537/6352/411 4522/6343/411
f 4516/6344/565 4531/6353/565 4379/6030/565
f 4425/6031/412 4545/6354/412 4530/6345/412
f 4539/6355/413 4523/6351/413 4524/6346/413
f 4532/6356/566 4516/6344/566 4517/6347/566
f 4540/6357/414 4524/6346/414 4525/6327/414
f 4533/6358/567 4517/6347/567 4518/6328/567
f 4526/6359/415 4540/6357/415 4525/6327/415
f 4534/6360/568 4518/6328/568 4519/6331/568
f 4542/6361/416 4526/6359/416 4527/6332/416
f 4520/6362/569 4534/6363/569 4519/6335/569
f 4528/6340/417 4542/6364/417 4527/6338/417
f 4536/6349/570 4520/6362/570 4521/6339/570
f 4303/6008/418 4540/6357/418 4541/6365/418
f 4534/6360/571 4298/6003/571 4533/6358/571
f 4551/6012/419 4541/6365/419 4542/6361/419
f 4535/6366/572 4548/6015/572 4534/6363/572
f 4543/6348/420 4551/6017/420 4542/6364/420
f 4536/6349/573 4299/6013/573 4535/6366/573
f 4553/6022/421 4543/6348/421 4544/6350/421
f 4537/6352/574 4549/6019/574 4536/6349/574
f 4554/6026/422 4544/6350/422 4545/6354/422
f 4538/6367/423 4300/6024/423 4537/6352/423
f 4531/6353/575 4546/6028/575 4379/6030/575
f 4425/6031/424 4554/6026/424 4545/6354/424
f 4302/6033/425 4538/6367/425 4539/6355/425
f 4532/6356/576 4546/6028/576 4531/6353/576
f 4550/6007/426 4539/6355/426 4540/6357/426
f 4533/6358/577 4547/6005/577 4532/6356/577
f 4555/6368/8 4562/6369/8 4804/6370/8
f 4571/6371/9 4807/6372/9 4560/6373/9
f 4805/6374/10 4563/6375/10 4555/6368/10
f 4808/6376/11 4571/6371/11 4560/6373/11
f 4565/6377/12 4805/6378/12 4556/6379/12
f 4573/6380/13 4808/6381/13 4809/6382/13
f 4806/6383/14 4565/6377/14 4556/6379/14
f 4574/6384/15 4809/6382/15 4810/6385/15
f 4567/6386/16 4806/6383/16 4557/6387/16
f 4575/6388/17 4810/6385/17 4811/6389/17
f 4558/6390/578 4567/6386/578 4557/6387/578
f 4803/6391/19 4561/6392/19 4636/6393/19
f 4682/6394/658 4575/6388/658 4811/6389/658
f 4569/6395/21 4558/6390/21 4559/6396/21
f 4804/6370/430 4561/6392/430 4803/6391/430
f 4807/6372/23 4569/6395/23 4559/6396/23
f 4584/6397/24 4568/6398/24 4569/6395/24
f 4562/6369/634 4576/6399/634 4561/6392/634
f 4570/6400/26 4584/6397/26 4569/6395/26
f 4578/6401/27 4562/6369/27 4563/6375/27
f 4586/6402/28 4570/6400/28 4571/6371/28
f 4579/6403/29 4563/6375/29 4564/6404/29
f 4587/6405/30 4571/6371/30 4572/6406/30
f 4565/6377/31 4579/6407/31 4564/6408/31
f 4573/6380/32 4587/6409/32 4572/6410/32
f 4566/6411/33 4580/6412/33 4565/6377/33
f 4574/6384/34 4588/6413/34 4573/6380/34
f 4582/6414/35 4566/6411/35 4567/6386/35
f 4590/6415/36 4574/6384/36 4575/6388/36
f 4568/6398/605 4582/6414/605 4567/6386/605
f 4561/6392/38 4576/6399/38 4636/6393/38
f 4682/6394/39 4590/6415/39 4575/6388/39
f 4603/6416/40 4587/6409/40 4588/6413/40
f 4596/6417/41 4580/6412/41 4581/6418/41
f 4589/6419/266 4603/6416/266 4588/6413/266
f 4582/6414/43 4596/6417/43 4581/6418/43
f 4590/6415/267 4604/6420/267 4589/6419/267
f 4583/6421/766 4597/6422/766 4582/6414/766
f 4576/6399/46 4591/6423/46 4636/6393/46
f 4682/6394/268 4605/6424/268 4590/6415/268
f 4599/6425/48 4583/6421/48 4584/6397/48
f 4592/6426/49 4576/6399/49 4577/6427/49
f 4600/6428/50 4584/6397/50 4585/6429/50
f 4593/6430/432 4577/6427/432 4578/6401/432
f 4586/6402/52 4600/6428/52 4585/6429/52
f 4579/6403/53 4593/6430/53 4578/6401/53
f 4587/6405/54 4601/6431/54 4586/6402/54
f 4595/6432/55 4579/6407/55 4580/6412/55
f 4615/6433/56 4599/6425/56 4600/6428/56
f 4593/6430/57 4607/6434/57 4592/6426/57
f 4601/6431/58 4615/6433/58 4600/6428/58
f 4594/6435/59 4608/6436/59 4593/6430/59
f 4602/6437/60 4616/6438/60 4601/6439/60
f 4610/6440/61 4594/6435/61 4595/6441/61
f 4618/6442/62 4602/6437/62 4603/6416/62
f 4611/6443/63 4595/6432/63 4596/6417/63
f 4619/6444/64 4603/6416/64 4604/6420/64
f 4597/6422/65 4611/6443/65 4596/6417/65
f 4620/6445/269 4604/6420/269 4605/6424/269
f 4613/6446/579 4597/6422/579 4598/6447/579
f 4591/6423/68 4606/6448/68 4636/6393/68
f 4682/6394/69 4620/6445/69 4605/6424/69
f 4599/6425/433 4613/6446/433 4598/6447/433
f 4592/6426/434 4606/6448/434 4591/6423/434
f 4619/6444/72 4633/6449/72 4618/6442/72
f 4612/6450/73 4626/6451/73 4611/6452/73
f 4635/6453/270 4619/6444/270 4620/6445/270
f 4628/6454/75 4612/6450/75 4613/6455/75
f 4606/6448/76 4621/6456/76 4636/6393/76
f 4682/6394/271 4635/6453/271 4620/6445/271
f 4614/6457/78 4628/6454/78 4613/6455/78
f 4607/6434/435 4621/6456/435 4606/6448/435
f 4630/6458/80 4614/6457/80 4615/6459/80
f 4623/6460/81 4607/6434/81 4608/6436/81
f 4631/6461/82 4615/6459/82 4616/6462/82
f 4624/6463/83 4608/6436/83 4609/6464/83
f 4632/6465/84 4616/6438/84 4617/6466/84
f 4610/6467/85 4624/6468/85 4609/6469/85
f 4618/6442/86 4632/6465/86 4617/6466/86
f 4611/6452/87 4625/6470/87 4610/6467/87
f 4639/6471/88 4622/6472/88 4623/6460/88
f 4631/6461/89 4646/6473/89 4630/6458/89
f 4624/6463/90 4639/6471/90 4623/6460/90
f 4648/6474/91 4631/6461/91 4632/6475/91
f 4625/6470/92 4640/6476/92 4624/6468/92
f 4649/6477/93 4632/6465/93 4633/6449/93
f 4642/6478/94 4625/6470/94 4626/6451/94
f 4634/6479/95 4649/6477/95 4633/6449/95
f 4627/6480/96 4642/6478/96 4626/6451/96
f 4635/6453/97 4650/6481/97 4634/6479/97
f 4628/6454/437 4643/6482/437 4627/6480/437
f 4621/6456/99 4637/6483/99 4636/6393/99
f 4682/6394/100 4651/6484/100 4635/6453/100
f 4645/6485/438 4628/6454/438 4629/6486/438
f 4638/6487/102 4621/6456/102 4622/6472/102
f 4646/6473/103 4629/6486/103 4630/6458/103
f 4643/6482/104 4657/6488/104 4642/6478/104
f 4651/6484/273 4665/6489/273 4650/6481/273
f 4644/6490/106 4658/6491/106 4643/6482/106
f 4637/6483/107 4652/6492/107 4636/6393/107
f 4682/6394/108 4666/6493/108 4651/6484/108
f 4660/6494/109 4644/6490/109 4645/6485/109
f 4653/6495/768 4637/6483/768 4638/6487/768
f 4661/6496/111 4645/6485/111 4646/6473/111
f 4639/6471/112 4653/6495/112 4638/6487/112
f 4647/6497/113 4661/6496/113 4646/6473/113
f 4640/6498/114 4654/6499/114 4639/6471/114
f 4663/6500/115 4647/6497/115 4648/6474/115
f 4641/6501/116 4655/6502/116 4640/6476/116
f 4664/6503/117 4648/6504/117 4649/6477/117
f 4657/6488/118 4641/6501/118 4642/6478/118
f 4665/6489/119 4649/6477/119 4650/6481/119
f 4662/6505/120 4676/6506/120 4661/6496/120
f 4670/6507/121 4654/6499/121 4655/6508/121
f 4663/6500/122 4677/6509/122 4662/6505/122
f 4671/6510/123 4655/6502/123 4656/6511/123
f 4664/6503/124 4678/6512/124 4663/6513/124
f 4672/6514/125 4656/6511/125 4657/6488/125
f 4665/6489/126 4679/6515/126 4664/6503/126
f 4658/6491/127 4672/6514/127 4657/6488/127
f 4681/6516/128 4665/6489/128 4666/6493/128
f 4674/6517/440 4658/6491/440 4659/6518/440
f 4652/6492/130 4667/6519/130 4636/6393/130
f 4682/6394/274 4681/6516/274 4666/6493/274
f 4675/6520/790 4659/6518/790 4660/6494/790
f 4653/6495/133 4667/6519/133 4652/6492/133
f 4676/6506/134 4660/6494/134 4661/6496/134
f 4669/6521/135 4653/6495/135 4654/6499/135
f 6079/6522/136 4681/6516/136 6084/6523/136
f 4673/6524/137 5897/6525/137 5899/6526/137
f 4667/6519/138 5887/6527/138 4636/6393/138
f 4681/6516/139 6085/6528/139 6084/6523/139
f 4675/6520/140 5897/6525/140 4674/6517/140
f 4667/6519/141 5907/6529/141 5886/6530/141
f 4676/6506/142 5898/6531/142 4675/6520/142
f 4668/6532/143 5893/6533/143 5907/6529/143
f 4677/6509/144 5905/6534/144 4676/6506/144
f 4669/6521/776 5896/6535/776 5893/6533/776
f 4678/6536/146 5895/6537/146 4677/6509/146
f 4670/6538/635 5894/6539/635 5896/6540/635
f 4679/6515/148 6176/6541/148 5892/6542/148
f 4671/6510/149 5906/6543/149 5894/6539/149
f 6176/6541/150 4680/6544/150 6079/6522/150
f 4672/6514/151 5899/6526/151 5906/6543/151
f 4636/6393/161 5887/6527/161 5888/6545/161
f 4682/6394/162 6104/6546/162 6085/6528/162
f 4636/6393/169 5888/6545/169 5889/6547/169
f 4682/6394/663 6103/6548/663 6104/6546/663
f 4636/6393/192 5889/6547/192 5890/6549/192
f 4682/6394/193 6101/6550/193 6103/6548/193
f 4682/6394/791 6098/6551/791 6101/6550/791
f 4636/6393/792 5890/6549/792 5881/6552/792
f 4636/6393/793 5881/6552/793 5882/6553/793
f 4682/6394/778 6075/6554/778 6098/6551/778
f 4636/6393/794 5882/6553/794 5883/6555/794
f 4682/6394/779 6065/6556/779 6075/6554/779
f 5883/6555/795 5885/6557/795 4636/6393/795
f 6065/6556/665 4682/6394/665 6064/6558/665
f 5885/6557/796 5884/6559/796 4636/6393/796
f 6064/6558/667 4682/6394/667 6063/6560/667
f 5879/6561/797 4636/6393/797 5884/6559/797
f 6074/6562/798 6063/6560/798 4682/6394/798
f 5880/6563/799 4636/6393/799 5879/6561/799
f 6099/6564/800 6074/6562/800 4682/6394/800
f 5878/6565/801 4636/6393/801 5880/6563/801
f 6100/6566/644 6099/6564/644 4682/6394/644
f 5877/6567/802 4636/6393/802 5878/6565/802
f 6102/6568/325 6100/6566/325 4682/6394/325
f 5876/6569/803 4636/6393/803 5877/6567/803
f 6052/6570/804 6102/6568/804 4682/6394/804
f 5874/6571/505 4636/6393/505 5876/6569/505
f 6053/6572/342 6052/6570/342 4682/6394/342
f 4683/6573/510 5874/6571/510 5873/6574/510
f 6053/6572/346 4697/6575/346 6050/6576/346
f 4691/6577/596 6028/6578/596 6029/6579/596
f 4683/6573/805 5875/6580/805 4684/6581/805
f 4692/6582/348 6029/6579/348 6034/6583/348
f 4684/6581/513 5871/6584/513 4685/6585/513
f 4693/6586/349 6034/6583/349 6036/6587/349
f 4685/6585/806 5872/6588/806 4686/6589/806
f 4694/6590/807 6036/6587/807 6042/6591/807
f 6040/6592/515 4686/6593/515 5872/6594/515
f 4695/6595/784 6042/6596/784 6045/6597/784
f 4687/6598/785 6037/6599/785 4688/6600/785
f 4696/6601/352 6045/6597/352 6047/6602/352
f 4688/6600/786 6032/6603/786 4689/6604/786
f 4697/6575/353 6047/6602/353 6050/6576/353
f 4689/6604/597 6028/6578/597 4690/6605/597
f 4702/6606/518 4686/6593/518 4687/6598/518
f 4710/6607/355 4694/6608/355 4695/6595/355
f 4688/6600/519 4702/6606/519 4687/6598/519
f 4696/6601/356 4710/6607/356 4695/6595/356
f 4689/6604/520 4703/6609/520 4688/6600/520
f 4697/6575/357 4711/6610/357 4696/6601/357
f 4690/6605/521 4704/6611/521 4689/6604/521
f 4683/6573/522 4698/6612/522 4636/6393/522
f 4682/6394/359 4712/6613/359 4697/6575/359
f 4706/6614/598 4690/6605/598 4691/6577/598
f 4699/6615/523 4683/6573/523 4684/6581/523
f 4707/6616/361 4691/6577/361 4692/6582/361
f 4700/6617/524 4684/6581/524 4685/6585/524
f 4708/6618/362 4692/6582/362 4693/6586/362
f 4686/6589/525 4700/6617/525 4685/6585/525
f 4694/6590/363 4708/6618/363 4693/6586/363
f 4721/6619/364 4705/6620/364 4706/6614/364
f 4699/6615/527 4713/6621/527 4698/6612/527
f 4722/6622/365 4706/6614/365 4707/6616/365
f 4715/6623/528 4699/6615/528 4700/6617/528
f 4708/6618/366 4722/6622/366 4707/6616/366
f 4716/6624/529 4700/6617/529 4701/6625/529
f 4724/6626/367 4708/6618/367 4709/6627/367
f 4702/6606/530 4716/6628/530 4701/6629/530
f 4710/6607/368 4724/6630/368 4709/6631/368
f 4718/6632/531 4702/6606/531 4703/6609/531
f 4711/6610/369 4725/6633/369 4710/6607/369
f 4704/6611/532 4718/6632/532 4703/6609/532
f 4727/6634/650 4711/6610/650 4712/6613/650
f 4705/6620/371 4719/6635/371 4704/6611/371
f 4698/6612/533 4713/6621/533 4636/6393/533
f 4682/6394/372 4727/6634/372 4712/6613/372
f 4725/6633/373 4739/6636/373 4724/6630/373
f 4733/6637/534 4717/6638/534 4718/6632/534
f 4741/6639/675 4725/6633/675 4726/6640/675
f 4719/6635/535 4733/6637/535 4718/6632/535
f 4742/6641/375 4726/6640/375 4727/6634/375
f 4720/6642/536 4734/6643/536 4719/6635/536
f 4713/6621/537 4728/6644/537 4636/6393/537
f 4682/6394/377 4742/6641/377 4727/6634/377
f 4736/6645/378 4720/6642/378 4721/6619/378
f 4714/6646/600 4728/6644/600 4713/6621/600
f 4737/6647/379 4721/6619/379 4722/6622/379
f 4715/6623/539 4729/6648/539 4714/6646/539
f 4723/6649/380 4737/6647/380 4722/6622/380
f 4731/6650/540 4715/6623/540 4716/6624/540
f 4739/6651/381 4723/6649/381 4724/6626/381
f 4717/6638/541 4731/6652/541 4716/6628/541
f 4744/6653/542 4728/6644/542 4729/6648/542
f 4752/6654/382 4736/6645/382 4737/6647/382
f 4745/6655/543 4729/6648/543 4730/6656/543
f 4738/6657/383 4752/6654/383 4737/6647/383
f 4746/6658/544 4730/6656/544 4731/6650/544
f 4754/6659/384 4738/6660/384 4739/6636/384
f 4732/6661/545 4746/6658/545 4731/6650/545
f 4740/6662/385 4754/6659/385 4739/6636/385
f 4748/6663/546 4732/6664/546 4733/6637/546
f 4741/6639/386 4755/6665/386 4740/6662/386
f 4734/6643/547 4748/6663/547 4733/6637/547
f 4742/6641/387 4756/6666/387 4741/6639/387
f 4735/6667/388 4749/6668/388 4734/6643/388
f 4728/6644/548 4743/6669/548 4636/6393/548
f 4682/6394/389 4757/6670/389 4742/6641/389
f 4751/6671/390 4735/6667/390 4736/6645/390
f 4763/6672/549 4747/6673/549 4748/6674/549
f 4756/6666/391 4770/6675/391 4755/6665/391
f 4749/6676/550 4763/6672/550 4748/6674/550
f 4757/6670/392 4771/6677/392 4756/6666/392
f 4750/6678/393 4764/6679/393 4749/6676/393
f 4743/6669/551 4758/6680/551 4636/6393/551
f 4682/6394/394 4772/6681/394 4757/6670/394
f 4766/6682/395 4750/6678/395 4751/6683/395
f 4759/6684/553 4743/6669/553 4744/6653/553
f 4767/6685/396 4751/6683/396 4752/6686/396
f 4760/6687/554 4744/6653/554 4745/6655/554
f 4753/6688/397 4767/6685/397 4752/6686/397
f 4761/6689/555 4745/6655/555 4746/6658/555
f 4754/6659/398 4768/6690/398 4753/6691/398
f 4762/6692/556 4746/6658/556 4747/6693/556
f 4755/6665/399 4769/6694/399 4754/6659/399
f 4782/6695/400 4766/6682/400 4767/6685/400
f 4760/6687/651 4774/6696/651 4759/6684/651
f 4768/6697/401 4782/6695/401 4767/6685/401
f 4776/6698/558 4760/6687/558 4761/6689/558
f 4784/6699/402 4768/6697/402 4769/6700/402
f 4762/6701/559 4776/6702/559 4761/6703/559
f 4770/6675/403 4784/6704/403 4769/6694/403
f 4778/6705/560 4762/6701/560 4763/6672/560
f 4786/6706/404 4770/6675/404 4771/6677/404
f 4764/6679/561 4778/6705/561 4763/6672/561
f 4787/6707/405 4771/6677/405 4772/6681/405
f 4765/6708/406 4779/6709/406 4764/6679/406
f 4758/6680/562 4773/6710/562 4636/6393/562
f 4682/6394/407 4787/6707/407 4772/6681/407
f 4781/6711/408 4765/6708/408 4766/6682/408
f 4759/6684/563 4773/6710/563 4758/6680/563
f 4786/6706/409 4800/6712/409 4785/6713/409
f 4794/6714/564 4778/6705/564 4779/6709/564
f 4802/6715/410 4786/6706/410 4787/6707/410
f 4780/6716/411 4794/6714/411 4779/6709/411
f 4773/6710/565 4788/6717/565 4636/6393/565
f 4682/6394/412 4802/6715/412 4787/6707/412
f 4796/6718/413 4780/6716/413 4781/6711/413
f 4774/6696/566 4788/6717/566 4773/6710/566
f 4797/6719/414 4781/6711/414 4782/6695/414
f 4790/6720/567 4774/6696/567 4775/6721/567
f 4783/6722/415 4797/6719/415 4782/6695/415
f 4791/6723/568 4775/6721/568 4776/6698/568
f 4784/6699/416 4798/6724/416 4783/6722/416
f 4792/6725/569 4776/6702/569 4777/6726/569
f 4785/6713/417 4799/6727/417 4784/6704/417
f 4793/6728/570 4777/6726/570 4778/6705/570
f 4560/6373/418 4797/6719/418 4798/6724/418
f 4791/6723/571 4555/6368/571 4790/6720/571
f 4808/6376/419 4798/6724/419 4799/6729/419
f 4792/6725/572 4805/6378/572 4791/6730/572
f 4809/6382/420 4799/6727/420 4800/6712/420
f 4793/6728/573 4556/6379/573 4792/6725/573
f 4801/6731/421 4809/6382/421 4800/6712/421
f 4794/6714/574 4806/6383/574 4793/6728/574
f 4802/6715/422 4810/6385/422 4801/6731/422
f 4795/6732/423 4557/6387/423 4794/6714/423
f 4788/6717/679 4803/6391/679 4636/6393/679
f 4682/6394/652 4811/6389/652 4802/6715/652
f 4559/6396/425 4795/6732/425 4796/6718/425
f 4804/6370/576 4788/6717/576 4789/6733/576
f 4807/6372/426 4796/6718/426 4797/6719/426
f 4790/6720/577 4804/6370/577 4789/6733/577
f 4820/6734/8 5061/6735/8 4812/6736/8
f 4828/6737/9 5064/6738/9 4817/6739/9
f 5062/6740/10 4820/6734/10 4812/6736/10
f 5065/6741/11 4828/6737/11 4817/6739/11
f 4822/6742/12 5062/6743/12 4813/6744/12
f 4830/6745/13 5065/6746/13 5066/6747/13
f 5063/6748/14 4822/6742/14 4813/6744/14
f 4831/6749/15 5066/6747/15 5067/6750/15
f 4824/6751/16 5063/6748/16 4814/6752/16
f 4832/6753/764 5067/6750/764 5068/6754/764
f 4825/6755/578 4814/6752/578 4815/6756/578
f 5060/6757/428 4818/6758/428 4893/6759/428
f 4939/6760/658 4832/6753/658 5068/6754/658
f 4816/6761/264 4825/6755/264 4815/6756/264
f 5061/6735/430 4818/6758/430 5060/6757/430
f 5064/6738/23 4826/6762/23 4816/6761/23
f 4826/6762/24 4840/6763/24 4825/6755/24
f 4819/6764/25 4833/6765/25 4818/6758/25
f 4827/6766/26 4841/6767/26 4826/6762/26
f 4835/6768/27 4819/6764/27 4820/6734/27
f 4843/6769/28 4827/6766/28 4828/6737/28
f 4821/6770/29 4835/6768/29 4820/6734/29
f 4829/6771/30 4843/6769/30 4828/6737/30
f 4837/6772/31 4821/6773/31 4822/6742/31
f 4845/6774/32 4829/6775/32 4830/6745/32
f 4823/6776/33 4837/6772/33 4822/6742/33
f 4831/6749/34 4845/6774/34 4830/6745/34
f 4839/6777/35 4823/6776/35 4824/6751/35
f 4847/6778/659 4831/6749/659 4832/6753/659
f 4840/6763/37 4824/6751/37 4825/6755/37
f 4818/6758/38 4833/6765/38 4893/6759/38
f 4939/6760/39 4847/6778/39 4832/6753/39
f 4860/6779/40 4844/6780/40 4845/6774/40
f 4838/6781/41 4852/6782/41 4837/6772/41
f 4846/6783/42 4860/6779/42 4845/6774/42
f 4854/6784/43 4838/6781/43 4839/6777/43
f 4847/6778/267 4861/6785/267 4846/6783/267
f 4855/6786/45 4839/6777/45 4840/6763/45
f 4833/6765/46 4848/6787/46 4893/6759/46
f 4939/6760/268 4862/6788/268 4847/6778/268
f 4841/6767/431 4855/6786/431 4840/6763/431
f 4849/6789/49 4833/6765/49 4834/6790/49
f 4842/6791/50 4856/6792/50 4841/6767/50
f 4850/6793/432 4834/6790/432 4835/6768/432
f 4858/6794/52 4842/6791/52 4843/6769/52
f 4836/6795/53 4850/6793/53 4835/6768/53
f 4844/6796/54 4858/6794/54 4843/6769/54
f 4852/6782/55 4836/6797/55 4837/6772/55
f 4872/6798/56 4856/6792/56 4857/6799/56
f 4850/6793/57 4864/6800/57 4849/6789/57
f 4858/6794/58 4872/6798/58 4857/6799/58
f 4851/6801/59 4865/6802/59 4850/6793/59
f 4859/6803/60 4873/6804/60 4858/6805/60
f 4867/6806/61 4851/6801/61 4852/6807/61
f 4875/6808/62 4859/6803/62 4860/6779/62
f 4868/6809/63 4852/6782/63 4853/6810/63
f 4876/6811/64 4860/6779/64 4861/6785/64
f 4854/6784/65 4868/6809/65 4853/6810/65
f 4877/6812/269 4861/6785/269 4862/6788/269
f 4870/6813/579 4854/6784/579 4855/6786/579
f 4848/6787/68 4863/6814/68 4893/6759/68
f 4939/6760/69 4877/6812/69 4862/6788/69
f 4856/6792/433 4870/6813/433 4855/6786/433
f 4849/6789/434 4863/6814/434 4848/6787/434
f 4876/6811/72 4890/6815/72 4875/6808/72
f 4869/6816/73 4883/6817/73 4868/6818/73
f 4877/6812/270 4891/6819/270 4876/6811/270
f 4885/6820/75 4869/6816/75 4870/6821/75
f 4863/6814/76 4878/6822/76 4893/6759/76
f 4939/6760/271 4892/6823/271 4877/6812/271
f 4871/6824/78 4885/6820/78 4870/6821/78
f 4879/6825/79 4863/6814/79 4864/6800/79
f 4887/6826/80 4871/6824/80 4872/6827/80
f 4880/6828/81 4864/6800/81 4865/6802/81
f 4873/6829/82 4887/6826/82 4872/6827/82
f 4881/6830/83 4865/6802/83 4866/6831/83
f 4889/6832/84 4873/6804/84 4874/6833/84
f 4867/6834/85 4881/6835/85 4866/6836/85
f 4875/6808/86 4889/6832/86 4874/6833/86
f 4883/6817/87 4867/6834/87 4868/6818/87
f 4880/6828/436 4895/6837/436 4879/6825/436
f 4888/6838/89 4903/6839/89 4887/6826/89
f 4897/6840/90 4880/6828/90 4881/6830/90
f 4889/6841/91 4904/6842/91 4888/6838/91
f 4898/6843/92 4881/6835/92 4882/6844/92
f 4890/6815/93 4905/6845/93 4889/6832/93
f 4899/6846/94 4882/6844/94 4883/6817/94
f 4907/6847/765 4890/6815/765 4891/6819/765
f 4884/6848/96 4899/6846/96 4883/6817/96
f 4908/6849/97 4891/6819/97 4892/6823/97
f 4885/6820/773 4900/6850/773 4884/6848/773
f 4878/6822/99 4894/6851/99 4893/6759/99
f 4939/6760/100 4908/6849/100 4892/6823/100
f 4902/6852/438 4885/6820/438 4886/6853/438
f 4879/6825/102 4894/6851/102 4878/6822/102
f 4903/6839/103 4886/6853/103 4887/6826/103
f 4900/6850/104 4914/6854/104 4899/6846/104
f 4923/6855/273 4907/6847/273 4908/6849/273
f 4916/6856/439 4900/6850/439 4901/6857/439
f 4894/6851/107 4909/6858/107 4893/6759/107
f 4939/6760/108 4923/6855/108 4908/6849/108
f 4917/6859/581 4901/6857/581 4902/6852/581
f 4895/6837/110 4909/6858/110 4894/6851/110
f 4918/6860/111 4902/6852/111 4903/6839/111
f 4911/6861/112 4895/6837/112 4896/6862/112
f 4919/6863/113 4903/6839/113 4904/6842/113
f 4897/6840/114 4911/6861/114 4896/6862/114
f 4920/6864/115 4904/6842/115 4905/6865/115
f 4898/6843/116 4912/6866/116 4897/6867/116
f 4921/6868/117 4905/6845/117 4906/6869/117
f 4899/6846/118 4913/6870/118 4898/6843/118
f 4907/6847/119 4921/6868/119 4906/6869/119
f 4934/6871/120 4918/6860/120 4919/6863/120
f 4927/6872/121 4911/6861/121 4912/6873/121
f 4920/6864/122 4934/6871/122 4919/6863/122
f 4928/6874/123 4912/6866/123 4913/6870/123
f 4921/6868/124 4935/6875/124 4920/6876/124
f 4929/6877/125 4913/6870/125 4914/6854/125
f 4922/6878/126 4936/6879/126 4921/6868/126
f 4915/6880/127 4929/6877/127 4914/6854/127
f 4923/6855/128 4937/6881/128 4922/6878/128
f 4931/6882/129 4915/6880/129 4916/6856/129
f 4909/6858/130 4924/6883/130 4893/6759/130
f 4939/6760/274 4938/6884/274 4923/6855/274
f 4932/6885/790 4916/6856/790 4917/6859/790
f 4925/6886/133 4909/6858/133 4910/6887/133
f 4933/6888/134 4917/6859/134 4918/6860/134
f 4926/6889/135 4910/6887/135 4911/6861/135
f 6164/6890/136 4938/6884/136 6160/6891/136
f 4930/6892/275 6018/6893/275 6016/6894/275
f 4924/6883/441 5996/6895/441 4893/6759/441
f 4938/6884/139 6161/6896/139 6160/6891/139
f 4932/6885/140 6018/6893/140 4931/6882/140
f 4924/6883/141 5998/6897/141 6000/6898/141
f 4933/6888/142 6020/6899/142 4932/6885/142
f 4925/6886/143 6004/6900/143 5998/6897/143
f 4934/6871/144 6014/6901/144 4933/6888/144
f 4926/6889/776 6006/6902/776 6004/6900/776
f 4935/6903/146 6022/6904/146 4934/6871/146
f 4927/6905/635 6011/6906/635 6006/6907/635
f 6163/6908/808 4936/6879/808 6162/6909/808
f 4928/6874/149 6013/6910/149 6011/6906/149
f 6162/6909/150 4937/6881/150 6164/6890/150
f 4929/6877/151 6016/6894/151 6013/6910/151
f 4893/6759/161 5996/6895/161 5985/6911/161
f 4939/6760/162 6168/6912/162 6161/6896/162
f 4893/6759/169 5985/6911/169 5962/6913/169
f 4939/6760/170 6167/6914/170 6168/6912/170
f 4893/6759/192 5962/6913/192 5963/6915/192
f 4939/6760/193 6165/6916/193 6167/6914/193
f 4939/6760/637 6166/6917/637 6165/6916/637
f 4893/6759/809 5963/6915/809 5965/6918/809
f 4893/6759/222 5965/6918/222 5967/6919/222
f 4939/6760/778 6159/6920/778 6166/6917/778
f 4893/6759/794 5967/6919/794 5958/6921/794
f 4939/6760/779 6157/6922/779 6159/6920/779
f 5958/6921/639 5959/6923/639 4893/6759/639
f 6157/6922/810 4939/6760/810 6156/6924/810
f 5959/6923/641 5960/6925/641 4893/6759/641
f 6156/6924/811 4939/6760/811 6155/6926/811
f 5961/6927/797 4893/6759/797 5960/6925/797
f 6158/6928/798 6155/6926/798 4939/6760/798
f 5966/6929/477 4893/6759/477 5961/6927/477
f 6172/6930/307 6158/6928/307 4939/6760/307
f 5964/6931/812 4893/6759/812 5966/6929/812
f 6171/6932/644 6172/6930/644 4939/6760/644
f 5986/6933/802 4893/6759/802 5964/6931/802
f 6170/6934/325 6171/6932/325 4939/6760/325
f 5984/6935/813 4893/6759/813 5986/6933/813
f 6169/6936/330 6170/6934/330 4939/6760/330
f 5952/6937/505 4893/6759/505 5984/6935/505
f 6154/6938/342 6169/6936/342 4939/6760/342
f 4940/6939/510 5952/6937/510 5953/6940/510
f 6154/6938/346 4954/6941/346 6153/6942/346
f 4948/6943/596 6144/6944/596 6143/6945/596
f 4940/6939/512 5949/6946/512 4941/6947/512
f 4949/6948/348 6143/6945/348 6151/6949/348
f 4941/6947/513 5947/6950/513 4942/6951/513
f 4950/6952/349 6151/6949/349 6149/6953/349
f 4942/6951/647 6148/6954/647 4943/6955/647
f 4951/6956/648 6149/6953/648 6147/6957/648
f 4943/6958/515 6150/6959/515 4944/6960/515
f 4952/6961/351 6147/6962/351 6173/6963/351
f 4944/6960/516 6146/6964/516 4945/6965/516
f 4953/6966/352 6173/6963/352 6152/6967/352
f 4945/6965/517 6145/6968/517 4946/6969/517
f 4954/6941/353 6152/6967/353 6153/6942/353
f 4946/6969/597 6144/6944/597 4947/6970/597
f 4959/6971/518 4943/6958/518 4944/6960/518
f 4967/6972/355 4951/6973/355 4952/6961/355
f 4945/6965/519 4959/6971/519 4944/6960/519
f 4968/6974/356 4952/6961/356 4953/6966/356
f 4946/6969/520 4960/6975/520 4945/6965/520
f 4954/6941/718 4968/6974/718 4953/6966/718
f 4947/6970/358 4961/6976/358 4946/6969/358
f 4940/6939/522 4955/6977/522 4893/6759/522
f 4939/6760/359 4969/6978/359 4954/6941/359
f 4963/6979/598 4947/6970/598 4948/6943/598
f 4956/6980/523 4940/6939/523 4941/6947/523
f 4964/6981/361 4948/6943/361 4949/6948/361
f 4942/6951/524 4956/6980/524 4941/6947/524
f 4965/6982/362 4949/6948/362 4950/6952/362
f 4943/6955/525 4957/6983/525 4942/6951/525
f 4951/6956/363 4965/6982/363 4950/6952/363
f 4978/6984/364 4962/6985/364 4963/6979/364
f 4971/6986/649 4955/6977/649 4956/6980/649
f 4964/6981/365 4978/6984/365 4963/6979/365
f 4972/6987/528 4956/6980/528 4957/6983/528
f 4965/6982/366 4979/6988/366 4964/6981/366
f 4973/6989/529 4957/6983/529 4958/6990/529
f 4966/6991/367 4980/6992/367 4965/6982/367
f 4974/6993/530 4958/6994/530 4959/6971/530
f 4967/6972/368 4981/6995/368 4966/6996/368
f 4975/6997/531 4959/6971/531 4960/6975/531
f 4968/6974/369 4982/6998/369 4967/6972/369
f 4976/6999/532 4960/6975/532 4961/6976/532
f 4969/6978/650 4983/7000/650 4968/6974/650
f 4962/6985/371 4976/6999/371 4961/6976/371
f 4955/6977/533 4970/7001/533 4893/6759/533
f 4939/6760/372 4984/7002/372 4969/6978/372
f 4997/7003/373 4981/6995/373 4982/6998/373
f 4975/6997/534 4989/7004/534 4974/6993/534
f 4998/7005/675 4982/6998/675 4983/7000/675
f 4976/6999/535 4990/7006/535 4975/6997/535
f 4999/7007/375 4983/7000/375 4984/7002/375
f 4977/7008/536 4991/7009/536 4976/6999/536
f 4970/7001/537 4985/7010/537 4893/6759/537
f 4939/6760/377 4999/7007/377 4984/7002/377
f 4993/7011/378 4977/7008/378 4978/6984/378
f 4971/6986/600 4985/7010/600 4970/7001/600
f 4994/7012/379 4978/6984/379 4979/6988/379
f 4972/6987/676 4986/7013/676 4971/6986/676
f 4995/7014/380 4979/6988/380 4980/6992/380
f 4973/6989/540 4987/7015/540 4972/6987/540
f 4996/7016/381 4980/6992/381 4981/7017/381
f 4974/6993/541 4988/7018/541 4973/7019/541
f 5001/7020/542 4985/7010/542 4986/7013/542
f 5009/7021/382 4993/7011/382 4994/7012/382
f 5002/7022/543 4986/7013/543 4987/7015/543
f 4995/7014/383 5009/7021/383 4994/7012/383
f 5003/7023/544 4987/7015/544 4988/7024/544
f 4996/7025/384 5010/7026/384 4995/7027/384
f 5004/7028/545 4988/7024/545 4989/7029/545
f 4997/7003/385 5011/7030/385 4996/7025/385
f 5005/7031/546 4989/7004/546 4990/7006/546
f 4998/7005/386 5012/7032/386 4997/7003/386
f 4991/7009/547 5005/7031/547 4990/7006/547
f 4999/7007/654 5013/7033/654 4998/7005/654
f 4992/7034/388 5006/7035/388 4991/7009/388
f 4985/7010/548 5000/7036/548 4893/6759/548
f 4939/6760/389 5014/7037/389 4999/7007/389
f 5008/7038/390 4992/7034/390 4993/7011/390
f 5020/7039/549 5004/7040/549 5005/7041/549
f 5013/7033/391 5027/7042/391 5012/7032/391
f 5006/7043/550 5020/7039/550 5005/7041/550
f 5014/7037/392 5028/7044/392 5013/7033/392
f 5007/7045/393 5021/7046/393 5006/7043/393
f 5000/7036/551 5015/7047/551 4893/6759/551
f 4939/6760/394 5029/7048/394 5014/7037/394
f 5023/7049/395 5007/7045/395 5008/7050/395
f 5016/7051/553 5000/7036/553 5001/7020/553
f 5024/7052/396 5008/7050/396 5009/7053/396
f 5017/7054/554 5001/7020/554 5002/7022/554
f 5010/7055/397 5024/7052/397 5009/7053/397
f 5018/7056/555 5002/7022/555 5003/7023/555
f 5011/7030/398 5025/7057/398 5010/7026/398
f 5019/7058/556 5003/7023/556 5004/7028/556
f 5012/7032/399 5026/7059/399 5011/7030/399
f 5039/7060/400 5023/7049/400 5024/7052/400
f 5032/7061/651 5016/7051/651 5017/7054/651
f 5025/7062/401 5039/7060/401 5024/7052/401
f 5018/7056/558 5032/7061/558 5017/7054/558
f 5026/7063/402 5040/7064/402 5025/7062/402
f 5034/7065/559 5018/7066/559 5019/7067/559
f 5042/7068/403 5026/7059/403 5027/7042/403
f 5035/7069/560 5019/7067/560 5020/7039/560
f 5043/7070/404 5027/7042/404 5028/7044/404
f 5021/7046/561 5035/7069/561 5020/7039/561
f 5029/7048/405 5043/7070/405 5028/7044/405
f 5022/7071/406 5036/7072/406 5021/7046/406
f 5015/7047/562 5030/7073/562 4893/6759/562
f 4939/6760/407 5044/7074/407 5029/7048/407
f 5038/7075/408 5022/7071/408 5023/7049/408
f 5031/7076/563 5015/7047/563 5016/7051/563
f 5043/7070/409 5057/7077/409 5042/7068/409
f 5051/7078/564 5035/7069/564 5036/7072/564
f 5059/7079/410 5043/7070/410 5044/7074/410
f 5037/7080/411 5051/7078/411 5036/7072/411
f 5030/7073/565 5045/7081/565 4893/6759/565
f 4939/6760/412 5059/7079/412 5044/7074/412
f 5053/7082/413 5037/7080/413 5038/7075/413
f 5031/7076/566 5045/7081/566 5030/7073/566
f 5039/7060/414 5053/7082/414 5038/7075/414
f 5047/7083/567 5031/7076/567 5032/7061/567
f 5055/7084/415 5039/7060/415 5040/7064/415
f 5033/7085/568 5047/7083/568 5032/7061/568
f 5056/7086/416 5040/7064/416 5041/7087/416
f 5034/7065/569 5048/7088/569 5033/7089/569
f 5057/7077/417 5041/7090/417 5042/7068/417
f 5035/7069/570 5049/7091/570 5034/7065/570
f 4817/6739/418 5054/7092/418 5055/7084/418
f 5048/7093/571 4812/6736/571 5047/7083/571
f 5065/6741/419 5055/7084/419 5056/7086/419
f 5049/7091/572 5062/6743/572 5048/7088/572
f 5057/7077/420 5065/6746/420 5056/7094/420
f 5050/7095/573 4813/6744/573 5049/7091/573
f 5058/7096/421 5066/6747/421 5057/7077/421
f 4814/6752/574 5050/7095/574 5051/7078/574
f 5059/7079/422 5067/6750/422 5058/7096/422
f 5052/7097/423 4814/6752/423 5051/7078/423
f 5045/7081/575 5060/6757/575 4893/6759/575
f 4939/6760/652 5068/6754/652 5059/7079/652
f 4816/6761/425 5052/7097/425 5053/7082/425
f 5061/6735/576 5045/7081/576 5046/7098/576
f 5054/7092/426 4816/6761/426 5053/7082/426
f 5047/7083/577 5061/6735/577 5046/7098/577
f 5069/7099/8 5076/7100/8 5318/7101/8
f 5085/7102/9 5321/7103/9 5074/7104/9
f 5319/7105/10 5077/7106/10 5069/7099/10
f 5086/7107/11 5074/7104/11 5322/7108/11
f 5070/7109/12 5078/7110/12 5319/7111/12
f 5087/7112/13 5322/7113/13 5323/7114/13
f 5320/7115/14 5079/7116/14 5070/7109/14
f 5088/7117/15 5323/7114/15 5324/7118/15
f 5081/7119/16 5320/7115/16 5071/7120/16
f 5089/7121/764 5324/7118/764 5325/7122/764
f 5082/7123/427 5071/7120/427 5072/7124/427
f 5317/7125/19 5075/7126/19 5150/7127/19
f 5196/7128/658 5089/7121/658 5325/7122/658
f 5073/7129/21 5082/7123/21 5072/7124/21
f 5318/7101/22 5075/7126/22 5317/7125/22
f 5321/7103/23 5083/7130/23 5073/7129/23
f 5098/7131/24 5082/7123/24 5083/7130/24
f 5091/7132/634 5075/7126/634 5076/7100/634
f 5084/7133/26 5098/7131/26 5083/7130/26
f 5077/7106/27 5091/7132/27 5076/7100/27
f 5100/7134/28 5084/7133/28 5085/7102/28
f 5078/7135/29 5092/7136/29 5077/7106/29
f 5086/7107/30 5100/7134/30 5085/7102/30
f 5094/7137/31 5078/7110/31 5079/7116/31
f 5102/7138/32 5086/7139/32 5087/7112/32
f 5080/7140/33 5094/7137/33 5079/7116/33
f 5103/7141/34 5087/7112/34 5088/7117/34
f 5096/7142/35 5080/7140/35 5081/7119/35
f 5089/7121/36 5103/7141/36 5088/7117/36
f 5082/7123/605 5096/7142/605 5081/7119/605
f 5075/7126/38 5090/7143/38 5150/7127/38
f 5196/7128/39 5104/7144/39 5089/7121/39
f 5102/7138/40 5116/7145/40 5101/7146/40
f 5095/7147/41 5109/7148/41 5094/7137/41
f 5118/7149/266 5102/7138/266 5103/7141/266
f 5111/7150/43 5095/7147/43 5096/7142/43
f 5119/7151/267 5103/7141/267 5104/7144/267
f 5097/7152/766 5111/7150/766 5096/7142/766
f 5090/7143/46 5105/7153/46 5150/7127/46
f 5196/7128/268 5119/7151/268 5104/7144/268
f 5113/7154/431 5097/7152/431 5098/7131/431
f 5091/7132/814 5105/7153/814 5090/7143/814
f 5099/7155/50 5113/7154/50 5098/7131/50
f 5092/7136/51 5106/7156/51 5091/7132/51
f 5115/7157/52 5099/7155/52 5100/7134/52
f 5108/7158/53 5092/7136/53 5093/7159/53
f 5101/7160/54 5115/7157/54 5100/7134/54
f 5109/7148/55 5093/7161/55 5094/7137/55
f 5114/7162/56 5128/7163/56 5113/7154/56
f 5122/7164/57 5106/7156/57 5107/7165/57
f 5130/7166/58 5114/7162/58 5115/7157/58
f 5123/7167/59 5107/7165/59 5108/7158/59
f 5131/7168/60 5115/7169/60 5116/7145/60
f 5109/7170/61 5123/7167/61 5108/7158/61
f 5117/7171/62 5131/7168/62 5116/7145/62
f 5110/7172/63 5124/7173/63 5109/7148/63
f 5118/7149/64 5132/7174/64 5117/7171/64
f 5126/7175/65 5110/7172/65 5111/7150/65
f 5134/7176/269 5118/7149/269 5119/7151/269
f 5112/7177/67 5126/7175/67 5111/7150/67
f 5105/7153/68 5120/7178/68 5150/7127/68
f 5196/7128/69 5134/7176/69 5119/7151/69
f 5128/7163/70 5112/7177/70 5113/7154/70
f 5106/7156/434 5120/7178/434 5105/7153/434
f 5133/7179/72 5147/7180/72 5132/7174/72
f 5141/7181/73 5125/7182/73 5126/7183/73
f 5134/7176/270 5148/7184/270 5133/7179/270
f 5142/7185/75 5126/7183/75 5127/7186/75
f 5120/7178/76 5135/7187/76 5150/7127/76
f 5196/7128/271 5149/7188/271 5134/7176/271
f 5143/7189/606 5127/7186/606 5128/7190/606
f 5136/7191/435 5120/7178/435 5121/7192/435
f 5129/7193/80 5143/7189/80 5128/7190/80
f 5137/7194/81 5121/7192/81 5122/7164/81
f 5130/7195/82 5144/7196/82 5129/7193/82
f 5138/7197/83 5122/7164/83 5123/7167/83
f 5146/7198/84 5130/7199/84 5131/7168/84
f 5124/7200/85 5138/7201/85 5123/7202/85
f 5132/7174/86 5146/7198/86 5131/7168/86
f 5140/7203/87 5124/7200/87 5125/7182/87
f 5137/7194/436 5152/7204/436 5136/7191/436
f 5145/7205/89 5160/7206/89 5144/7196/89
f 5138/7197/90 5153/7207/90 5137/7194/90
f 5162/7208/91 5145/7205/91 5146/7209/91
f 5139/7210/92 5154/7211/92 5138/7201/92
f 5163/7212/93 5146/7198/93 5147/7180/93
f 5156/7213/94 5139/7210/94 5140/7203/94
f 5164/7214/765 5147/7180/765 5148/7184/765
f 5141/7181/96 5156/7213/96 5140/7203/96
f 5165/7215/272 5148/7184/272 5149/7188/272
f 5142/7185/98 5157/7216/98 5141/7181/98
f 5135/7187/99 5151/7217/99 5150/7127/99
f 5196/7128/100 5165/7215/100 5149/7188/100
f 5159/7218/101 5142/7185/101 5143/7189/101
f 5136/7191/774 5151/7217/774 5135/7187/774
f 5160/7206/103 5143/7189/103 5144/7196/103
f 5157/7216/104 5171/7219/104 5156/7213/104
f 5165/7215/105 5179/7220/105 5164/7214/105
f 5158/7221/439 5172/7222/439 5157/7216/439
f 5151/7217/107 5166/7223/107 5150/7127/107
f 5196/7128/108 5180/7224/108 5165/7215/108
f 5174/7225/581 5158/7221/581 5159/7218/581
f 5167/7226/110 5151/7217/110 5152/7204/110
f 5175/7227/111 5159/7218/111 5160/7206/111
f 5168/7228/112 5152/7204/112 5153/7207/112
f 5161/7229/113 5175/7227/113 5160/7206/113
f 5169/7230/114 5153/7207/114 5154/7231/114
f 5162/7208/115 5176/7232/115 5161/7229/115
f 5170/7233/116 5154/7211/116 5155/7234/116
f 5163/7212/117 5177/7235/117 5162/7236/117
f 5171/7219/118 5155/7234/118 5156/7213/118
f 5164/7214/119 5178/7237/119 5163/7212/119
f 5176/7232/120 5190/7238/120 5175/7227/120
f 5184/7239/121 5168/7228/121 5169/7230/121
f 5192/7240/122 5176/7232/122 5177/7241/122
f 5170/7233/123 5184/7242/123 5169/7243/123
f 5178/7237/124 5192/7244/124 5177/7235/124
f 5186/7245/125 5170/7233/125 5171/7219/125
f 5194/7246/126 5178/7237/126 5179/7220/126
f 5172/7222/127 5186/7245/127 5171/7219/127
f 5195/7247/128 5179/7220/128 5180/7224/128
f 5173/7248/626 5187/7249/626 5172/7222/626
f 5166/7223/130 5181/7250/130 5150/7127/130
f 5196/7128/274 5195/7247/274 5180/7224/274
f 5189/7251/607 5173/7248/607 5174/7225/607
f 5167/7226/133 5181/7250/133 5166/7223/133
f 5190/7238/134 5174/7225/134 5175/7227/134
f 5168/7228/135 5182/7252/135 5167/7226/135
f 5999/7253/770 5195/7247/770 6001/7254/770
f 5187/7249/275 6019/7255/275 6021/7256/275
f 5181/7250/441 6003/7257/441 5150/7127/441
f 5195/7247/139 5997/7258/139 6001/7254/139
f 5189/7251/140 6019/7255/140 5188/7259/140
f 5181/7250/771 6009/7260/771 6002/7261/771
f 5190/7238/142 6017/7262/142 5189/7251/142
f 5182/7252/143 6008/7263/143 6009/7260/143
f 5191/7264/815 6012/7265/815 5190/7238/815
f 5183/7266/816 6024/7267/816 6008/7263/816
f 5192/7240/146 6010/7268/146 5191/7264/146
f 5184/7242/147 6015/7269/147 6024/7270/147
f 6007/7271/817 5193/7272/817 6005/7273/817
f 5185/7274/818 6023/7275/818 6015/7269/818
f 6005/7273/150 5194/7246/150 5999/7253/150
f 5186/7245/151 6021/7256/151 6023/7275/151
f 5150/7127/161 6003/7257/161 6025/7276/161
f 5196/7128/162 5995/7277/162 5997/7258/162
f 5150/7127/169 6025/7276/169 5993/7278/169
f 5196/7128/663 5988/7279/663 5995/7277/663
f 5150/7127/192 5993/7278/192 5976/7280/192
f 5196/7128/193 5975/7281/193 5988/7279/193
f 5196/7128/200 5974/7282/200 5975/7281/200
f 5150/7127/819 5976/7280/819 5977/7283/819
f 5150/7127/793 5977/7283/793 5980/7284/793
f 5196/7128/778 5972/7285/778 5974/7282/778
f 5150/7127/794 5980/7284/794 5982/7286/794
f 5196/7128/246 5970/7287/246 5972/7285/246
f 5982/7286/795 5983/7288/795 5150/7127/795
f 5970/7287/665 5196/7128/665 5969/7289/665
f 5983/7288/796 5981/7290/796 5150/7127/796
f 5969/7289/667 5196/7128/667 5968/7291/667
f 5979/7292/465 5150/7127/465 5981/7290/465
f 5971/7293/295 5968/7291/295 5196/7128/295
f 5978/7294/799 5150/7127/799 5979/7292/799
f 5973/7295/800 5971/7293/800 5196/7128/800
f 5994/7296/820 5150/7127/820 5978/7294/820
f 5987/7297/312 5973/7295/312 5196/7128/312
f 5991/7298/802 5150/7127/802 5994/7296/802
f 5989/7299/325 5987/7297/325 5196/7128/325
f 5992/7300/803 5150/7127/803 5991/7298/803
f 5990/7301/804 5989/7299/804 5196/7128/804
f 5956/7302/505 5150/7127/505 5992/7300/505
f 5955/7303/342 5990/7301/342 5196/7128/342
f 5197/7304/510 5956/7302/510 5957/7305/510
f 5955/7303/346 5211/7306/346 5954/7307/346
f 5205/7308/596 5931/7309/596 5934/7310/596
f 5197/7304/512 5948/7311/512 5198/7312/512
f 5206/7313/348 5934/7310/348 5942/7314/348
f 5198/7312/513 5951/7315/513 5199/7316/513
f 5207/7317/349 5942/7314/349 5938/7318/349
f 5199/7316/514 5946/7319/514 5200/7320/514
f 5208/7321/350 5938/7318/350 5936/7322/350
f 5200/7323/515 5939/7324/515 5201/7325/515
f 5208/7326/821 5936/7327/821 5937/7328/821
f 5201/7325/516 5935/7329/516 5202/7330/516
f 5210/7331/352 6026/7332/352 5950/7333/352
f 5202/7330/517 5943/7334/517 5203/7335/517
f 5211/7306/822 5950/7333/822 5954/7307/822
f 5203/7335/354 5931/7309/354 5204/7336/354
f 5201/7325/518 5215/7337/518 5200/7323/518
f 5209/7338/355 5223/7339/355 5208/7326/355
f 5217/7340/519 5201/7325/519 5202/7330/519
f 5225/7341/356 5209/7338/356 5210/7331/356
f 5203/7335/520 5217/7340/520 5202/7330/520
f 5226/7342/357 5210/7331/357 5211/7306/357
f 5204/7336/358 5218/7343/358 5203/7335/358
f 5197/7304/522 5212/7344/522 5150/7127/522
f 5196/7128/359 5226/7342/359 5211/7306/359
f 5220/7345/598 5204/7336/598 5205/7308/598
f 5198/7312/523 5212/7344/523 5197/7304/523
f 5221/7346/361 5205/7308/361 5206/7313/361
f 5199/7316/524 5213/7347/524 5198/7312/524
f 5207/7317/362 5221/7346/362 5206/7313/362
f 5215/7348/525 5199/7316/525 5200/7320/525
f 5223/7349/363 5207/7317/363 5208/7321/363
f 5220/7345/526 5234/7350/526 5219/7351/526
f 5228/7352/649 5212/7344/649 5213/7347/649
f 5236/7353/365 5220/7345/365 5221/7346/365
f 5229/7354/528 5213/7347/528 5214/7355/528
f 5222/7356/366 5236/7353/366 5221/7346/366
f 5230/7357/529 5214/7355/529 5215/7348/529
f 5238/7358/367 5222/7356/367 5223/7349/367
f 5216/7359/530 5230/7360/530 5215/7337/530
f 5239/7361/368 5223/7339/368 5224/7362/368
f 5232/7363/531 5216/7359/531 5217/7340/531
f 5225/7341/369 5239/7361/369 5224/7362/369
f 5218/7343/532 5232/7363/532 5217/7340/532
f 5226/7342/650 5240/7364/650 5225/7341/650
f 5234/7350/371 5218/7343/371 5219/7351/371
f 5212/7344/533 5227/7365/533 5150/7127/533
f 5196/7128/372 5241/7366/372 5226/7342/372
f 5239/7361/373 5253/7367/373 5238/7368/373
f 5247/7369/534 5231/7370/534 5232/7363/534
f 5255/7371/675 5239/7361/675 5240/7364/675
f 5233/7372/535 5247/7369/535 5232/7363/535
f 5256/7373/787 5240/7364/787 5241/7366/787
f 5234/7350/536 5248/7374/536 5233/7372/536
f 5227/7365/537 5242/7375/537 5150/7127/537
f 5196/7128/377 5256/7373/377 5241/7366/377
f 5250/7376/378 5234/7350/378 5235/7377/378
f 5228/7352/538 5242/7375/538 5227/7365/538
f 5251/7378/379 5235/7377/379 5236/7353/379
f 5229/7354/676 5243/7379/676 5228/7352/676
f 5252/7380/380 5236/7353/380 5237/7381/380
f 5245/7382/540 5229/7354/540 5230/7357/540
f 5253/7383/381 5237/7381/381 5238/7358/381
f 5231/7370/541 5245/7384/541 5230/7360/541
f 5258/7385/542 5242/7375/542 5243/7379/542
f 5266/7386/382 5250/7376/382 5251/7378/382
f 5259/7387/543 5243/7379/543 5244/7388/543
f 5267/7389/383 5251/7378/383 5252/7380/383
f 5260/7390/544 5244/7388/544 5245/7382/544
f 5268/7391/384 5252/7392/384 5253/7367/384
f 5246/7393/545 5260/7390/545 5245/7382/545
f 5254/7394/385 5268/7391/385 5253/7367/385
f 5247/7369/546 5261/7395/546 5246/7396/546
f 5255/7371/386 5269/7397/386 5254/7394/386
f 5248/7374/547 5262/7398/547 5247/7369/547
f 5256/7373/387 5270/7399/387 5255/7371/387
f 5249/7400/388 5263/7401/388 5248/7374/388
f 5242/7375/548 5257/7402/548 5150/7127/548
f 5196/7128/389 5271/7403/389 5256/7373/389
f 5265/7404/390 5249/7400/390 5250/7376/390
f 5277/7405/549 5261/7406/549 5262/7407/549
f 5285/7408/391 5269/7397/391 5270/7399/391
f 5263/7409/550 5277/7405/550 5262/7407/550
f 5286/7410/392 5270/7399/392 5271/7403/392
f 5264/7411/393 5278/7412/393 5263/7409/393
f 5257/7402/551 5272/7413/551 5150/7127/551
f 5196/7128/394 5286/7410/394 5271/7403/394
f 5280/7414/395 5264/7411/395 5265/7415/395
f 5258/7385/553 5272/7413/553 5257/7402/553
f 5281/7416/396 5265/7415/396 5266/7417/396
f 5259/7387/554 5273/7418/554 5258/7385/554
f 5267/7419/397 5281/7416/397 5266/7417/397
f 5275/7420/555 5259/7387/555 5260/7390/555
f 5268/7391/398 5282/7421/398 5267/7422/398
f 5276/7423/556 5260/7390/556 5261/7424/556
f 5269/7397/399 5283/7425/399 5268/7391/399
f 5281/7416/400 5295/7426/400 5280/7414/400
f 5289/7427/651 5273/7418/651 5274/7428/651
f 5297/7429/401 5281/7416/401 5282/7430/401
f 5290/7431/558 5274/7428/558 5275/7420/558
f 5283/7432/402 5297/7429/402 5282/7430/402
f 5291/7433/559 5275/7434/559 5276/7435/559
f 5284/7436/403 5298/7437/403 5283/7425/403
f 5277/7405/560 5291/7433/560 5276/7435/560
f 5285/7408/789 5299/7438/789 5284/7436/789
f 5293/7439/561 5277/7405/561 5278/7412/561
f 5301/7440/823 5285/7408/823 5286/7410/823
f 5279/7441/624 5293/7439/624 5278/7412/624
f 5272/7413/562 5287/7442/562 5150/7127/562
f 5196/7128/407 5301/7440/407 5286/7410/407
f 5295/7426/602 5279/7441/602 5280/7414/602
f 5273/7418/563 5287/7442/563 5272/7413/563
f 5300/7443/409 5314/7444/409 5299/7438/409
f 5308/7445/564 5292/7446/564 5293/7439/564
f 5301/7440/410 5315/7447/410 5300/7443/410
f 5294/7448/411 5308/7445/411 5293/7439/411
f 5287/7442/565 5302/7449/565 5150/7127/565
f 5196/7128/412 5316/7450/412 5301/7440/412
f 5310/7451/413 5294/7448/413 5295/7426/413
f 5303/7452/566 5287/7442/566 5288/7453/566
f 5296/7454/414 5310/7451/414 5295/7426/414
f 5304/7455/567 5288/7453/567 5289/7427/567
f 5312/7456/415 5296/7454/415 5297/7429/415
f 5290/7431/568 5304/7455/568 5289/7427/568
f 5298/7457/416 5312/7456/416 5297/7429/416
f 5306/7458/569 5290/7459/569 5291/7433/569
f 5314/7444/417 5298/7437/417 5299/7438/417
f 5292/7446/570 5306/7458/570 5291/7433/570
f 5074/7104/418 5311/7460/418 5312/7456/418
f 5305/7461/571 5069/7099/571 5304/7455/571
f 5322/7108/419 5312/7456/419 5313/7462/419
f 5306/7458/572 5319/7111/572 5305/7463/572
f 5314/7444/420 5322/7113/420 5313/7464/420
f 5307/7465/573 5070/7109/573 5306/7458/573
f 5324/7118/421 5314/7444/421 5315/7447/421
f 5071/7120/574 5307/7465/574 5308/7445/574
f 5325/7122/422 5315/7447/422 5316/7450/422
f 5309/7466/423 5071/7120/423 5308/7445/423
f 5302/7449/679 5317/7125/679 5150/7127/679
f 5196/7128/652 5325/7122/652 5316/7450/652
f 5073/7129/425 5309/7466/425 5310/7451/425
f 5303/7452/576 5317/7125/576 5302/7449/576
f 5311/7460/426 5073/7129/426 5310/7451/426
f 5304/7455/577 5318/7101/577 5303/7452/577
f 5358/7467/1 5346/7468/1 5359/7469/1
f 5358/7467/1 5359/7469/1 5450/7470/1
f 5466/7471/1 5358/7467/1 5450/7470/1
f 5466/7471/1 5450/7470/1 5444/7472/1
f 5443/7473/1 5466/7471/1 5444/7472/1
f 5443/7473/1 5444/7472/1 5445/7474/1
f 5442/7475/1 5443/7473/1 5445/7474/1
f 5442/7475/1 5445/7474/1 5446/7476/1
f 5463/7477/1 5442/7475/1 5449/7478/1
f 5442/7475/1 5446/7476/1 5449/7478/1
f 5438/7479/1 5463/7477/1 5459/7480/1
f 5463/7477/1 5449/7478/1 5448/7481/1
f 5463/7477/1 5448/7481/1 5447/7482/1
f 5437/7483/1 5438/7479/1 3/7484/1
f 5463/7477/1 5447/7482/1 5456/7485/1
f 5463/7477/1 5456/7485/1 5454/7486/1
f 5439/7487/1 5437/7483/1 3/7484/1
f 5463/7477/1 5454/7486/1 5451/7488/1
f 5463/7477/824 5451/7488/824 5452/7489/824
f 5463/7477/825 5452/7489/825 5453/7490/825
f 5463/7477/1 5453/7490/1 5455/7491/1
f 5463/7477/1 5455/7491/1 5457/7492/1
f 5463/7477/1 5457/7492/1 5458/7493/1
f 5463/7477/1 5458/7493/1 5465/7494/1
f 5463/7477/1 5465/7494/1 5464/7495/1
f 5463/7477/1 5464/7495/1 5460/7496/1
f 5463/7477/1 5460/7496/1 5459/7480/1
f 5438/7479/1 5459/7480/1 3/7484/1
f 5459/7480/1 5462/7497/1 3/7484/1
f 5462/7497/1 5461/7498/1 3/7484/1
f 5461/7498/1 5509/7499/1 3/7484/1
f 5468/7500/1 5469/7501/1 5475/7502/1
f 5468/7500/1 5475/7502/1 5477/7503/1
f 5474/7504/1 5468/7500/1 5477/7503/1
f 5474/7504/1 5477/7503/1 5476/7505/1
f 5472/7506/1 5474/7504/1 5476/7505/1
f 5472/7506/1 5476/7505/1 5482/7507/1
f 5470/7508/1 5472/7506/1 5482/7507/1
f 5470/7508/1 5482/7507/1 5483/7509/1
f 5471/7510/1 5470/7508/1 5487/7511/1
f 5470/7508/1 5483/7509/1 5487/7511/1
f 5473/7512/1 5471/7510/1 5489/7513/1
f 5471/7510/1 5487/7511/1 5486/7514/1
f 5471/7510/1 5486/7514/1 5485/7515/1
f 5467/7516/1 5473/7512/1 3/7484/1
f 5471/7510/1 5485/7515/1 5484/7517/1
f 5471/7510/1 5484/7517/1 5481/7518/1
f 5509/7499/1 5467/7516/1 3/7484/1
f 5471/7510/1 5481/7518/1 5478/7519/1
f 5471/7510/1 5478/7519/1 5479/7520/1
f 5471/7510/1 5479/7520/1 5480/7521/1
f 5471/7510/1 5480/7521/1 5508/7522/1
f 5471/7510/1 5508/7522/1 5507/7523/1
f 5471/7510/1 5507/7523/1 5506/7524/1
f 5471/7510/1 5506/7524/1 5505/7525/1
f 5471/7510/1 5505/7525/1 5504/7526/1
f 5471/7510/1 5504/7526/1 5490/7527/1
f 5471/7510/1 5490/7527/1 5489/7513/1
f 5473/7512/1 5489/7513/1 3/7484/1
f 5489/7513/1 5494/7528/1 3/7484/1
f 5494/7528/1 5491/7529/1 3/7484/1
f 5491/7529/1 5503/7530/1 3/7484/1
f 1/3/1 5334/7531/1 5333/7532/1
f 5502/7533/1 5492/7534/1 4/4/1
f 5496/7535/1 5502/7533/1 4/4/1
f 1/3/1 5333/7532/1 5419/7536/1
f 1/3/1 5419/7536/1 5423/7537/1
f 5501/7538/1 5496/7535/1 4/4/1
f 5499/7539/1 5501/7538/1 4/4/1
f 3/7484/1 1/3/1 5434/7540/1
f 1/3/1 5423/7537/1 5422/7541/1
f 1/3/1 5422/7541/1 5421/7542/1
f 5497/7543/1 5499/7539/1 4/4/1
f 5498/7544/1 5497/7543/1 4/4/1
f 1/3/1 5421/7542/1 5420/7545/1
f 1/3/1 5420/7545/1 5431/7546/1
f 5498/7544/1 4/4/1 3/7484/1
f 5500/7547/1 5498/7544/1 3/7484/1
f 1/3/1 5431/7546/1 5429/7548/1
f 1/3/1 5429/7548/1 5427/7549/1
f 5495/7550/1 5500/7547/1 3/7484/1
f 5503/7530/1 5495/7550/1 3/7484/1
f 1/3/1 5427/7549/1 5426/7551/1
f 1/3/1 5426/7551/1 5424/7552/1
f 5433/7553/1 5439/7487/1 3/7484/1
f 1/3/1 5424/7552/1 5425/7554/1
f 1/3/1 5425/7554/1 5428/7555/1
f 5434/7540/1 5433/7553/1 3/7484/1
f 5436/7556/1 5434/7540/1 1/3/1
f 1/3/1 5428/7555/1 5430/7557/1
f 1/3/1 5430/7557/1 5432/7558/1
f 5435/7559/1 5436/7556/1 1/3/1
f 5440/2/1 5435/7559/1 1/3/1
f 1/3/1 5432/7558/1 5441/1/1
f 5354/7560/1 5359/7469/1 5347/7561/1
f 5359/7469/1 5346/7468/1 5347/7561/1
f 5356/7562/1 5354/7560/1 5348/7563/1
f 5354/7560/1 5347/7561/1 5348/7563/1
f 5352/7564/1 5356/7562/1 5345/7565/1
f 5356/7562/1 5348/7563/1 5345/7565/1
f 5351/7566/1 5352/7564/1 5349/7567/1
f 5352/7564/1 5345/7565/1 5349/7567/1
f 5353/7568/1 5351/7566/1 5360/7569/1
f 5351/7566/1 5349/7567/1 5350/7570/1
f 5351/7566/1 5350/7570/1 5360/7569/1
f 5357/7571/1 5353/7568/1 5337/7572/1
f 5353/7568/1 5360/7569/1 5361/7573/1
f 5355/7574/1 5357/7571/1 2/7575/1
f 5353/7568/1 5361/7573/1 5362/7576/1
f 5353/7568/1 5362/7576/1 5363/7577/1
f 5369/7578/1 5355/7574/1 2/7575/1
f 5353/7568/1 5363/7577/1 5341/7579/1
f 5353/7568/1 5341/7579/1 5342/7580/1
f 5353/7568/1 5342/7580/1 5344/7581/1
f 5353/7568/1 5344/7581/1 5343/7582/1
f 5353/7568/1 5343/7582/1 5368/7583/1
f 5353/7568/1 5368/7583/1 5367/7584/1
f 5353/7568/1 5367/7584/1 5366/7585/1
f 5353/7568/1 5366/7585/1 5365/7586/1
f 5353/7568/1 5365/7586/1 5364/7587/1
f 5353/7568/1 5364/7587/1 5336/7588/1
f 5353/7568/1 5336/7588/1 5337/7572/1
f 5357/7571/1 5337/7572/1 2/7575/1
f 5337/7572/1 5338/7589/1 2/7575/1
f 5338/7589/1 5335/7590/1 2/7575/1
f 5335/7590/1 5340/7591/1 2/7575/1
f 5475/7502/1 5469/7501/1 5383/7592/1
f 5488/7593/1 5475/7502/1 5383/7592/1
f 5488/7593/1 5383/7592/1 5385/7594/1
f 5396/7595/1 5488/7593/1 5385/7594/1
f 5396/7595/1 5385/7594/1 5380/7596/1
f 5386/7597/1 5396/7595/1 5380/7596/1
f 5386/7597/1 5380/7596/1 5381/7598/1
f 5384/7599/1 5386/7597/1 5381/7598/1
f 5384/7599/1 5381/7598/1 5382/7600/1
f 5391/7601/1 5384/7599/1 5387/7602/1
f 5384/7599/1 5382/7600/1 5387/7602/1
f 5397/7603/1 5391/7601/1 5372/7604/1
f 5391/7601/1 5387/7602/1 5388/7605/1
f 5391/7601/1 5388/7605/1 5389/7606/1
f 5395/7607/1 5397/7603/1 2/7575/1
f 5391/7601/1 5389/7606/1 5390/7608/1
f 5391/7601/1 5390/7608/1 5374/7609/1
f 5402/7610/1 5395/7607/1 2/7575/1
f 5391/7601/1 5374/7609/1 5375/7611/1
f 5391/7601/1 5375/7611/1 5378/7612/1
f 5391/7601/1 5378/7612/1 5377/7613/1
f 5391/7601/1 5377/7613/1 5376/7614/1
f 5391/7601/1 5376/7614/1 5379/7615/1
f 5391/7601/1 5379/7615/1 5394/7616/1
f 5391/7601/1 5394/7616/1 5393/7617/1
f 5391/7601/1 5393/7617/1 5392/7618/1
f 5391/7601/1 5392/7618/1 5371/7619/1
f 5391/7601/1 5371/7619/1 5372/7604/1
f 5397/7603/1 5372/7604/1 2/7575/1
f 5372/7604/1 5373/7620/1 2/7575/1
f 5373/7620/1 5370/7621/1 2/7575/1
f 5370/7621/1 5369/7578/1 2/7575/1
f 5339/7622/1 5334/7531/1 1/3/1
f 4/4/1 5492/7534/1 5493/7623/1
f 4/4/1 5493/7623/1 5411/7624/1
f 5330/7625/1 5339/7622/1 1/3/1
f 5332/7626/1 5330/7625/1 1/3/1
f 4/4/1 5411/7624/1 5412/7627/1
f 4/4/1 5412/7627/1 5413/7628/1
f 5327/7629/1 5332/7626/1 1/3/1
f 5326/7630/1 5327/7629/1 1/3/1
f 2/7575/1 4/4/1 5401/7631/1
f 4/4/1 5413/7628/1 5414/7632/1
f 4/4/1 5414/7632/1 5415/7633/1
f 5326/7630/1 1/3/1 5328/7634/1
f 1/3/1 2/7575/1 5328/7634/1
f 4/4/1 5415/7633/1 5416/7635/1
f 4/4/1 5416/7635/1 5408/7636/1
f 5331/7637/1 5328/7634/1 2/7575/1
f 5329/7638/1 5331/7637/1 2/7575/1
f 4/4/1 5408/7636/1 5409/7639/1
f 4/4/1 5409/7639/1 5405/7640/1
f 5340/7591/1 5329/7638/1 2/7575/1
f 4/4/1 5405/7640/1 5403/7641/1
f 4/4/1 5403/7641/1 5404/7642/1
f 5398/7643/1 5402/7610/1 2/7575/1
f 4/4/1 5404/7642/1 5410/7644/1
f 4/4/1 5410/7644/1 5406/7645/1
f 5401/7631/1 5398/7643/1 2/7575/1
f 5400/7646/1 5401/7631/1 4/4/1
f 4/4/1 5406/7645/1 5407/7647/1
f 4/4/1 5407/7647/1 5417/5/1
f 5399/7648/1 5400/7646/1 4/4/1
f 5418/6/1 5399/7648/1 4/4/1
f 5515/7649/2 5518/7650/2 3/7651/2
f 10/7652/2 5622/7653/2 5561/7654/2
f 10/7652/2 5561/7654/2 5562/7655/2
f 5511/7656/2 5515/7649/2 3/7651/2
f 5512/7657/2 5511/7656/2 3/7651/2
f 10/7652/2 5562/7655/2 5559/7658/2
f 10/7652/2 5559/7658/2 5560/7659/2
f 5512/7657/2 3/7651/2 5510/7660/2
f 3/7651/2 4/7661/2 5513/7662/2
f 5510/7660/2 3/7651/2 5513/7662/2
f 4/7661/2 10/7652/2 5570/7663/2
f 10/7652/2 5560/7659/2 5563/7664/2
f 10/7652/2 5563/7664/2 5564/7665/2
f 5514/7666/2 5513/7662/2 4/7661/2
f 10/7652/2 5564/7665/2 5565/7667/2
f 10/7652/2 5565/7667/2 5552/7668/2
f 5516/7669/2 5514/7666/2 4/7661/2
f 5519/7670/2 5516/7669/2 4/7661/2
f 10/7652/2 5552/7668/2 5553/7671/2
f 10/7652/2 5553/7671/2 5556/7672/2
f 5517/7673/2 5519/7670/2 4/7661/2
f 5539/7674/2 5517/7673/2 4/7661/2
f 10/7652/2 5556/7672/2 5557/7675/2
f 10/7652/2 5557/7675/2 5555/7676/2
f 5520/7677/2 5539/7674/2 4/7661/2
f 5521/7678/2 5520/7677/2 4/7661/2
f 10/7652/2 5555/7676/2 5554/7679/2
f 10/7652/2 5554/7679/2 5558/7680/2
f 5529/7681/2 5521/7678/2 4/7661/2
f 5532/7682/2 5529/7681/2 4/7661/2
f 10/7652/2 5558/7680/2 5569/7683/2
f 10/7652/2 5569/7683/2 5568/7684/2
f 5534/7685/2 5532/7682/2 4/7661/2
f 5536/7686/2 5534/7685/2 4/7661/2
f 10/7652/2 5568/7684/2 5567/7687/2
f 10/7652/2 5567/7687/2 5566/7688/2
f 5537/7689/2 5536/7686/2 4/7661/2
f 5523/7690/2 5537/7689/2 4/7661/2
f 10/7652/2 5566/7688/2 5570/7663/2
f 5522/7691/2 5523/7690/2 4/7661/2
f 5524/7692/2 5522/7691/2 4/7661/2
f 4/7661/2 5570/7663/2 5546/7693/2
f 4/7661/2 5546/7693/2 5547/7694/2
f 5538/7695/2 5524/7692/2 4/7661/2
f 5535/7696/2 5538/7695/2 4/7661/2
f 4/7661/2 5547/7694/2 5548/7697/2
f 4/7661/2 5548/7697/2 5545/7698/2
f 5533/7699/2 5535/7696/2 5540/7700/2
f 5535/7696/2 4/7661/2 5540/7700/2
f 5531/7701/2 5533/7699/2 5540/7700/2
f 4/7661/2 5545/7698/2 5551/7702/2
f 4/7661/2 5551/7702/2 5542/7703/2
f 5530/7704/2 5531/7701/2 5540/7700/2
f 5528/7705/826 5530/7704/826 5540/7700/826
f 4/7661/2 5542/7703/2 5540/7700/2
f 5540/7700/2 5541/7706/2 5527/7707/2
f 5527/7707/2 5528/7705/2 5540/7700/2
f 5526/7708/2 5527/7707/2 5541/7706/2
f 5541/7706/2 5550/7709/2 5526/7708/2
f 5543/7/2 5544/7710/2 5549/8/2
f 5550/7709/2 5543/7/2 5525/9/2
f 5525/9/2 5526/7708/2 5550/7709/2
f 5620/7711/2 5622/7653/2 10/7652/2
f 3/7651/2 5518/7650/2 5571/7712/2
f 3/7651/2 5571/7712/2 5576/7713/2
f 5627/7714/2 5620/7711/2 10/7652/2
f 5625/7715/2 5627/7714/2 10/7652/2
f 3/7651/2 5576/7713/2 5572/7716/2
f 3/7651/2 5572/7716/2 5573/7717/2
f 5625/7715/2 10/7652/2 5624/7718/2
f 10/7652/2 7/7719/2 5626/7720/2
f 5624/7718/2 10/7652/2 5626/7720/2
f 7/7719/2 3/7651/2 5599/7721/2
f 3/7651/2 5573/7717/2 5575/7722/2
f 3/7651/2 5575/7722/2 5574/7723/2
f 5623/7724/2 5626/7720/2 7/7719/2
f 3/7651/2 5574/7723/2 5584/7725/2
f 3/7651/2 5584/7725/2 5583/7726/2
f 5629/7727/2 5623/7724/2 7/7719/2
f 5621/7728/2 5629/7727/2 7/7719/2
f 3/7651/2 5583/7726/2 5581/7729/2
f 3/7651/2 5581/7729/2 5577/7730/2
f 5619/7731/2 5621/7728/2 7/7719/2
f 5628/7732/2 5619/7731/2 7/7719/2
f 3/7651/2 5577/7730/2 5578/7733/2
f 3/7651/2 5578/7733/2 5579/7734/2
f 5611/7735/2 5628/7732/2 7/7719/2
f 5610/7736/2 5611/7735/2 7/7719/2
f 3/7651/2 5579/7734/2 5580/7737/2
f 3/7651/2 5580/7737/2 5582/7738/2
f 5618/7739/2 5610/7736/2 7/7719/2
f 5615/7740/2 5618/7739/2 7/7719/2
f 3/7651/2 5582/7738/2 5585/7741/2
f 3/7651/2 5585/7741/2 5588/7742/2
f 5613/7743/2 5615/7740/2 7/7719/2
f 5609/7744/2 5613/7743/2 7/7719/2
f 3/7651/2 5588/7742/2 5587/7745/2
f 3/7651/2 5587/7745/2 5586/7746/2
f 5607/7747/2 5609/7744/2 7/7719/2
f 5606/7748/2 5607/7747/2 7/7719/2
f 3/7651/2 5586/7746/2 5599/7721/2
f 5605/7749/2 5606/7748/2 7/7719/2
f 5604/7750/2 5605/7749/2 7/7719/2
f 7/7719/2 5599/7721/2 5590/7751/2
f 7/7719/2 5590/7751/2 5589/7752/2
f 5608/7753/2 5604/7750/2 7/7719/2
f 5612/7754/2 5608/7753/2 7/7719/2
f 7/7719/2 5589/7752/2 5592/7755/2
f 7/7719/2 5592/7755/2 5597/7756/2
f 5614/7757/2 5612/7754/2 5594/7758/2
f 5612/7754/2 7/7719/2 5594/7758/2
f 5616/7759/2 5614/7757/2 5594/7758/2
f 7/7719/2 5597/7756/2 5593/7760/2
f 7/7719/2 5593/7760/2 5595/7761/2
f 5617/7762/2 5616/7759/2 5594/7758/2
f 5603/7763/2 5617/7762/2 5594/7758/2
f 7/7719/2 5595/7761/2 5594/7758/2
f 5594/7758/2 5596/7764/2 5602/7765/2
f 5602/7765/2 5603/7763/2 5594/7758/2
f 5600/7766/2 5602/7765/2 5596/7764/2
f 5596/7764/2 5598/7767/2 5600/7766/2
f 5591/12/2 5549/8/2 5630/10/2
f 5549/8/2 5544/7710/2 5630/10/2
f 5598/7767/2 5591/12/2 5601/11/2
f 5601/11/2 5600/7766/2 5598/7767/2
f 5662/7768/3 5659/7769/3 5660/7770/3
f 5662/7768/3 5660/7770/3 5684/7771/3
f 5667/7772/3 5662/7768/3 5684/7771/3
f 5667/7772/3 5684/7771/3 5655/7773/3
f 5663/7774/3 5667/7772/3 5655/7773/3
f 5663/7774/3 5655/7773/3 5653/7775/3
f 5664/7776/3 5663/7774/3 5653/7775/3
f 5664/7776/3 5653/7775/3 5657/7777/3
f 5670/7778/3 5664/7776/3 5844/7779/3
f 5664/7776/3 5657/7777/3 5831/7780/3
f 5822/7781/3 5823/7782/3 5824/7783/3
f 5823/7782/3 5822/7781/3 5821/7784/3
f 5657/7777/3 5829/7785/3 5828/7786/3
f 5822/7781/3 5824/7783/3 5804/7787/3
f 5672/7788/3 5670/7778/3 5669/7789/3
f 5823/7782/3 5821/7784/3 5817/7790/3
f 5829/7785/3 5825/7791/3 5826/7792/3
f 5804/7787/3 5824/7783/3 5805/7793/3
f 5674/7794/3 5672/7788/3 5671/7795/3
f 5817/7790/3 5821/7784/3 5816/7796/3
f 5825/7791/3 5817/7790/3 5816/7796/3
f 5804/7787/3 5805/7793/3 5806/7797/3
f 5675/7798/3 5674/7794/3 5673/7799/3
f 5806/7797/3 5805/7793/3 5800/7800/3
f 5678/7801/3 5675/7798/3 5676/7802/3
f 5825/7791/3 5816/7796/3 5826/7792/3
f 5800/7800/3 5805/7793/3 5807/7803/3
f 5686/7804/3 5678/7801/3 5677/7805/3
f 5800/7800/3 5807/7803/3 5802/7806/3
f 5689/7807/3 5686/7804/3 5687/7808/3
f 5829/7785/3 5826/7792/3 5828/7786/3
f 5802/7806/827 5807/7803/827 5793/7809/827
f 5692/7810/3 5689/7807/3 5687/7808/3
f 5807/7803/3 5801/7811/3 5793/7809/3
f 5691/7812/3 5692/7810/3 5688/7813/3
f 5657/7777/3 5828/7786/3 5831/7780/3
f 5801/7811/3 5803/7814/3 5793/7809/3
f 5694/7815/3 5691/7812/3 5688/7813/3
f 5803/7814/3 5794/7816/3 5793/7809/3
f 5700/7817/3 5694/7815/3 5688/7813/3
f 5664/7776/3 5831/7780/3 5844/7779/3
f 5794/7816/3 5796/7818/3 5795/7819/3
f 5771/7820/3 5631/7821/3 6/16/3
f 5/7822/3 5768/7823/3 5770/7824/3
f 5/7822/3 5770/7824/3 5758/7825/3
f 5759/7826/3 5771/7820/3 6/16/3
f 5760/7827/3 5759/7826/3 6/16/3
f 5/7822/3 5758/7825/3 5752/7828/3
f 5/7822/3 5752/7828/3 5751/7829/3
f 5760/7827/3 6/16/3 5755/7830/3
f 6/16/3 5/7822/3 5754/7831/3
f 5755/7830/3 6/16/3 5754/7831/3
f 5/7822/3 5751/7829/3 5753/7832/3
f 5/7822/3 5753/7832/3 5754/7831/3
f 5753/7832/3 5757/7833/3 5756/7834/3
f 5756/7834/3 5754/7831/3 5753/7832/3
f 5762/7835/3 5756/7834/3 5757/7833/3
f 5762/7835/3 5757/7833/3 5761/7836/3
f 5764/7837/3 5762/7835/3 5761/7836/3
f 5764/7837/3 5761/7836/3 5763/7838/3
f 5765/7839/3 5764/7837/3 5763/7838/3
f 5765/7839/3 5763/7838/3 5766/7840/3
f 5772/7841/3 5765/7839/3 5766/7840/3
f 5772/7841/3 5766/7840/3 5773/7842/3
f 5776/7843/3 5772/7841/3 5780/7844/3
f 5772/7841/3 5773/7842/3 5780/7844/3
f 5775/7845/3 5776/7843/3 5780/7844/3
f 5775/7845/3 5780/7844/3 5774/7846/3
f 5781/7847/3 5775/7845/3 5774/7846/3
f 5781/7847/3 5774/7846/3 5782/7848/3
f 5784/7849/3 5781/7847/3 5782/7848/3
f 5784/7849/3 5782/7848/3 5783/7850/3
f 5788/7851/3 5784/7849/3 5787/7852/3
f 5784/7849/3 5783/7850/3 5787/7852/3
f 5786/7853/3 5788/7851/3 5787/7852/3
f 5786/7853/3 5787/7852/3 5785/7854/3
f 5789/7855/3 5786/7853/3 5785/7854/3
f 5789/7855/3 5785/7854/3 5790/7856/3
f 5792/7857/3 5789/7855/3 5790/7856/3
f 5792/7857/3 5790/7856/3 5791/7858/3
f 5796/7818/827 5792/7857/827 5791/7858/827
f 5796/7818/3 5791/7858/3 5795/7819/3
f 5794/7816/828 5795/7819/828 5793/7809/828
f 5699/7859/827 5700/7817/827 5690/7860/827
f 5670/7778/3 5844/7779/3 5669/7789/3
f 5721/7861/828 5699/7859/828 5690/7860/828
f 5672/7788/3 5669/7789/3 5671/7795/3
f 5709/7862/3 5721/7861/3 5696/7863/3
f 5674/7794/3 5671/7795/3 5673/7799/3
f 5708/7864/3 5709/7862/3 5693/7865/3
f 5675/7798/3 5673/7799/3 5676/7802/3
f 5706/7866/3 5708/7864/3 5710/7867/3
f 5686/7804/3 5677/7805/3 5687/7808/3
f 5711/7868/3 5706/7866/3 5705/7869/3
f 5714/7870/3 5711/7868/3 5712/7871/3
f 5692/7810/3 5687/7808/3 5688/7813/3
f 5716/7872/3 5714/7870/3 5713/7873/3
f 5729/7874/3 5716/7872/3 5715/7875/3
f 5700/7817/3 5688/7813/3 5690/7860/3
f 5731/7876/3 5729/7874/3 5717/7877/3
f 5678/7801/3 5676/7802/3 5677/7805/3
f 5844/7779/3 5831/7780/3 5852/7878/3
f 5831/7780/3 5833/7879/3 5852/7878/3
f 5833/7879/3 5839/7880/3 5852/7878/3
f 5839/7880/3 5837/7881/3 5843/7882/3
f 5852/7878/3 5839/7880/3 5843/7882/3
f 5837/7881/3 5834/7883/3 5870/7884/3
f 5834/7883/3 5835/7885/3 5870/7884/3
f 5734/7886/3 5731/7876/3 5730/7887/3
f 5837/7881/3 5870/7884/3 5843/7882/3
f 5721/7861/3 5690/7860/3 5696/7863/3
f 5737/7888/3 5734/7886/3 5733/7889/3
f 5709/7862/3 5696/7863/3 5695/7890/3
f 5739/7891/3 5737/7888/3 5736/7892/3
f 5709/7862/3 5695/7890/3 5693/7865/3
f 5708/7864/3 5693/7865/3 5698/7893/3
f 5708/7864/3 5698/7893/3 5697/7894/3
f 5708/7864/3 5697/7894/3 5710/7867/3
f 5706/7866/3 5710/7867/3 5707/7895/3
f 5706/7866/3 5707/7895/3 5705/7869/3
f 5711/7868/3 5705/7869/3 5712/7871/3
f 5714/7870/3 5712/7871/3 5713/7873/3
f 5716/7872/3 5713/7873/3 5715/7875/3
f 5729/7874/3 5715/7875/3 5717/7877/3
f 5731/7876/3 5717/7877/3 5730/7887/3
f 5746/7896/3 5739/7891/3 5740/7897/3
f 5734/7886/3 5730/7887/3 5733/7889/3
f 5737/7888/3 5733/7889/3 5736/7892/3
f 5739/7891/3 5736/7892/3 5740/7897/3
f 5743/7898/3 5746/7896/3 10/7899/3
f 5746/7896/3 5740/7897/3 5745/7900/3
f 5746/7896/3 5745/7900/3 7/14/3
f 10/7899/3 5746/7896/3 7/14/3
f 5745/7900/3 5742/15/3 7/14/3
f 5735/7901/3 5865/7902/3 7/14/3
f 10/7899/3 5738/7903/3 5749/7904/3
f 10/7899/3 5749/7904/3 5741/7905/3
f 5748/7906/3 5735/7901/3 7/14/3
f 5744/13/3 5748/7906/3 7/14/3
f 10/7899/3 5741/7905/3 5747/7907/3
f 10/7899/3 5747/7907/3 5743/7898/3
f 5685/7908/3 5660/7770/3 5659/7769/3
f 5685/7908/3 5659/7769/3 5661/7909/3
f 5656/7910/3 5685/7908/3 5668/7911/3
f 5685/7908/3 5661/7909/3 5668/7911/3
f 5654/7912/3 5656/7910/3 5668/7911/3
f 5654/7912/3 5668/7911/3 5666/7913/3
f 5658/7914/3 5654/7912/3 5666/7913/3
f 5658/7914/3 5666/7913/3 5665/7915/3
f 5650/7916/3 5658/7914/3 5665/7915/3
f 5650/7916/3 5665/7915/3 5683/7917/3
f 5652/7918/3 5650/7916/3 5682/7919/3
f 5650/7916/3 5683/7917/3 5682/7919/3
f 5647/7920/3 5652/7918/3 5679/7921/3
f 5652/7918/3 5682/7919/3 5679/7921/3
f 5648/7922/3 5647/7920/3 5679/7921/3
f 5648/7922/3 5679/7921/3 5681/7923/3
f 5649/7924/3 5648/7922/3 6/16/3
f 5648/7922/3 5681/7923/3 6/16/3
f 5681/7923/3 5680/7925/3 10/7899/3
f 6/16/3 5681/7923/3 10/7899/3
f 5651/7926/3 5649/7924/3 6/16/3
f 5680/7925/3 5723/7927/3 10/7899/3
f 5641/7928/3 5651/7926/3 6/16/3
f 5723/7927/3 5722/7929/3 10/7899/3
f 5642/7930/3 5641/7928/3 6/16/3
f 5722/7929/3 5726/7931/3 10/7899/3
f 5644/7932/3 5642/7930/3 6/16/3
f 5726/7931/3 5704/7933/3 10/7899/3
f 5638/7934/3 5644/7932/3 6/16/3
f 5704/7933/3 5703/7935/3 10/7899/3
f 5636/18/3 5638/7934/3 6/16/3
f 5703/7935/3 5702/7936/3 10/7899/3
f 5732/7937/3 5738/7903/3 10/7899/3
f 6/16/3 5631/7821/3 5632/7938/3
f 6/16/3 5632/7938/3 5633/7939/3
f 5750/7940/3 5732/7937/3 10/7899/3
f 5720/7941/3 5750/7940/3 10/7899/3
f 6/16/3 5633/7939/3 5634/7942/3
f 6/16/3 5634/7942/3 5635/7943/3
f 5718/7944/3 5720/7941/3 10/7899/3
f 5719/7945/3 5718/7944/3 10/7899/3
f 6/16/3 5635/7943/3 5646/7946/3
f 6/16/3 5646/7946/3 5640/7947/3
f 5724/7948/3 5719/7945/3 10/7899/3
f 5725/7949/3 5724/7948/3 10/7899/3
f 6/16/3 5640/7947/3 5639/7950/3
f 6/16/3 5639/7950/3 5643/7951/3
f 5727/7952/3 5725/7949/3 10/7899/3
f 5728/7953/3 5727/7952/3 10/7899/3
f 6/16/3 5643/7951/3 5645/7954/3
f 6/16/3 5645/7954/3 5637/17/3
f 5701/7955/3 5728/7953/3 10/7899/3
f 5702/7936/3 5701/7955/3 10/7899/3
f 5869/7956/3 5835/7885/3 5834/7883/3
f 5869/7956/3 5834/7883/3 5836/7957/3
f 5842/7958/3 5869/7956/3 5836/7957/3
f 5842/7958/3 5836/7957/3 5838/7959/3
f 5841/7960/3 5842/7958/3 5838/7959/3
f 5841/7960/3 5838/7959/3 5832/7961/3
f 5851/7962/3 5841/7960/3 5832/7961/3
f 5851/7962/3 5832/7961/3 5840/7963/3
f 5850/7964/3 5851/7962/3 5827/7965/3
f 5851/7962/3 5840/7963/3 5827/7965/3
f 5845/7966/3 5850/7964/3 5827/7965/3
f 5845/7966/3 5827/7965/3 5830/7967/3
f 5846/7968/3 5845/7966/3 5830/7967/3
f 5846/7968/3 5830/7967/3 5820/7969/3
f 5847/7970/3 5846/7968/3 5820/7969/3
f 5847/7970/3 5820/7969/3 5819/7971/3
f 5848/7972/3 5847/7970/3 7/14/3
f 5847/7970/3 5819/7971/3 5/7822/3
f 5847/7970/3 5/7822/3 7/14/3
f 5819/7971/3 5818/7973/3 5/7822/3
f 5849/7974/3 5848/7972/3 7/14/3
f 5818/7973/3 5815/7975/3 5/7822/3
f 5860/7976/3 5849/7974/3 7/14/3
f 5815/7975/3 5812/7977/3 5/7822/3
f 5858/7978/3 5860/7976/3 7/14/3
f 5812/7977/3 5811/7979/3 5/7822/3
f 5856/7980/3 5858/7978/3 7/14/3
f 5811/7979/3 5809/7981/3 5/7822/3
f 5853/7982/3 5856/7980/3 7/14/3
f 5809/7981/3 5798/7983/3 5/7822/3
f 5854/20/3 5853/7982/3 7/14/3
f 5798/7983/3 5797/7984/3 5/7822/3
f 5767/7985/3 5768/7823/3 5/7822/3
f 7/14/3 5865/7902/3 5864/7986/3
f 7/14/3 5864/7986/3 5863/7987/3
f 5769/7988/3 5767/7985/3 5/7822/3
f 5779/7989/3 5769/7988/3 5/7822/3
f 7/14/3 5863/7987/3 5867/7990/3
f 7/14/3 5867/7990/3 5866/7991/3
f 5777/7992/3 5779/7989/3 5/7822/3
f 5778/7993/3 5777/7992/3 5/7822/3
f 7/14/3 5866/7991/3 5868/7994/3
f 7/14/3 5868/7994/3 5862/7995/3
f 5814/7996/3 5778/7993/3 5/7822/3
f 5813/7997/3 5814/7996/3 5/7822/3
f 7/14/3 5862/7995/3 5861/7998/3
f 7/14/3 5861/7998/3 5859/7999/3
f 5810/8000/3 5813/7997/3 5/7822/3
f 5808/8001/3 5810/8000/3 5/7822/3
f 7/14/3 5859/7999/3 5857/8002/3
f 7/14/3 5857/8002/3 5855/19/3
f 5799/8003/3 5808/8001/3 5/7822/3
f 5797/7984/3 5799/8003/3 5/7822/3
f 5891/21/4 5892/8004/4 5901/22/4
f 5930/24/4 5937/8005/4 5936/25/4
f 6119/8006/4 6106/8007/4 6105/8008/4
f 6119/8006/4 6105/8008/4 6118/8009/4
f 6105/8008/4 6108/8010/4 6118/8009/4
f 6118/8009/4 6108/8010/4 6117/8011/4
f 6108/8010/4 6113/8012/4 6117/8011/4
f 6117/8011/4 6113/8012/4 6134/8013/4
f 6113/8012/4 6136/8014/4 6134/8013/4
f 6134/8013/4 6136/8014/4 6133/8015/4
f 6136/8014/4 6135/8016/4 6130/8017/4
f 6133/8015/4 6136/8014/4 6131/8018/4
f 6131/8018/4 6136/8014/4 6130/8017/4
f 6135/8016/4 6109/8019/4 6144/8020/4
f 6130/8017/4 6135/8016/4 6128/8021/4
f 6109/8019/4 6112/8022/4 6143/8023/4
f 6128/8021/4 6135/8016/4 6125/8024/4
f 6125/8024/4 6135/8016/4 6123/8025/4
f 6112/8022/4 6107/8026/4 6151/8027/4
f 6123/8025/829 6135/8016/829 6120/8028/829
f 6135/8016/4 6144/8020/4 6121/8029/4
f 6144/8020/4 6109/8019/4 6143/8023/4
f 6120/8028/4 6135/8016/4 6121/8029/4
f 6122/8030/4 6121/8029/4 6144/8020/4
f 6124/8031/830 6122/8030/830 6144/8020/830
f 6126/8032/4 6124/8031/4 6144/8020/4
f 6127/8033/4 6126/8032/4 6144/8020/4
f 6129/8034/4 6127/8033/4 6144/8020/4
f 6132/8035/831 6129/8034/831 6145/8036/831
f 6139/8037/4 6132/8035/4 6145/8036/4
f 6129/8034/4 6144/8020/4 6145/8036/4
f 6140/8038/4 6139/8037/4 6145/8036/4
f 6140/8038/4 6145/8036/4 6146/8039/4
f 6142/8040/4 6140/8038/4 6146/8039/4
f 6148/8041/4 5927/8042/4 6141/8043/4
f 6141/8043/4 6142/8040/4 6150/8044/4
f 6142/8040/4 6146/8039/4 6150/8044/4
f 6107/8026/4 6174/8045/4 6149/8046/4
f 6150/8044/4 6148/8041/4 6141/8043/4
f 6143/8023/4 6112/8022/4 6151/8027/4
f 6174/8045/4 6076/8047/4 6147/8048/4
f 6151/8027/4 6107/8026/4 6149/8046/4
f 6076/8047/4 6077/8049/4 6173/8050/4
f 6149/8046/4 6174/8045/4 6147/8048/4
f 6077/8049/4 6081/8051/4 6152/8052/4
f 6147/8048/4 6076/8047/4 6173/8050/4
f 6173/8050/4 6077/8049/4 6152/8052/4
f 6081/8051/4 6080/8053/4 1/8054/4
f 6152/8052/4 6081/8051/4 6153/8055/4
f 6080/8053/4 6091/8056/4 1/8054/4
f 6153/8055/4 6081/8051/4 1/8054/4
f 6091/8056/830 6089/8057/830 1/8054/830
f 6089/8057/832 6086/8058/832 1/8054/832
f 6154/8059/4 6153/8055/4 5/27/4
f 6153/8055/4 1/8054/4 5/27/4
f 6086/8058/4 6069/8060/4 1/8054/4
f 6169/8061/4 6154/8059/4 5/27/4
f 6069/8060/4 6067/8062/4 1/8054/4
f 6170/8063/829 6169/8061/829 5/27/829
f 6067/8062/4 6058/8064/4 1/8054/4
f 6171/8065/4 6170/8063/4 5/27/4
f 6058/8064/4 6057/8066/4 1/8054/4
f 6172/8067/4 6171/8065/4 5/27/4
f 6158/8068/4 6172/8067/4 5/27/4
f 6155/8069/833 6158/8068/833 5/27/833
f 6156/29/4 6155/8069/4 5/27/4
f 6043/8070/4 6046/8071/4 1/8054/4
f 5/27/4 6163/8072/4 6162/8073/4
f 5/27/4 6162/8073/4 6164/8074/4
f 6056/8075/4 6043/8070/4 1/8054/4
f 6054/8076/4 6056/8075/4 1/8054/4
f 5/27/4 6164/8074/4 6160/8077/4
f 5/27/4 6160/8077/4 6161/8078/4
f 6054/8076/4 1/8054/4 6055/8079/4
f 6055/8079/4 1/8054/4 6090/8080/4
f 6090/8080/4 1/8054/4 6088/8081/4
f 5/27/4 6161/8078/4 6168/8082/4
f 5/27/831 6168/8082/831 6167/8083/831
f 6088/8081/834 1/8054/834 6087/8084/834
f 6087/8084/4 1/8054/4 6068/8085/4
f 5/27/835 6167/8083/835 6165/8086/835
f 5/27/4 6165/8086/4 6166/8087/4
f 6068/8085/4 1/8054/4 6066/8088/4
f 6066/8088/4 1/8054/4 6059/8089/4
f 5/27/4 6166/8087/4 6159/8090/4
f 5/27/836 6159/8090/836 6157/28/836
f 6059/8089/4 1/8054/4 6057/8066/4
f 6116/8091/4 5901/22/4 6176/8092/4
f 5901/22/4 5892/8004/4 6176/8092/4
f 6138/8093/4 6116/8091/4 6079/8094/4
f 6116/8091/4 6176/8092/4 6079/8094/4
f 6111/8095/4 6138/8093/4 6084/8096/4
f 6138/8093/4 6079/8094/4 6084/8096/4
f 6115/8097/4 6111/8095/4 6085/8098/4
f 6111/8095/4 6084/8096/4 6085/8098/4
f 6114/8099/4 6115/8097/4 6094/8100/4
f 6115/8097/4 6085/8098/4 6104/8101/4
f 6115/8097/4 6104/8101/4 6103/8102/4
f 6110/8103/4 6114/8099/4 6082/8104/4
f 6115/8097/4 6103/8102/4 6101/8105/4
f 6115/8097/4 6101/8105/4 6098/8106/4
f 6106/8007/4 6119/8006/4 6175/8107/4
f 6119/8006/4 6137/8108/4 6175/8107/4
f 6137/8108/4 6110/8103/4 6078/8109/4
f 6115/8097/4 6098/8106/4 6075/8110/4
f 6115/8097/4 6075/8110/4 6065/8111/4
f 6078/8109/4 6175/8107/4 6137/8108/4
f 6115/8097/4 6065/8111/4 6064/8112/4
f 6115/8097/4 6064/8112/4 6063/8113/4
f 6083/8114/4 6114/8099/4 6092/8115/4
f 6082/8104/4 6078/8109/4 6110/8103/4
f 6083/8114/4 6082/8104/4 6114/8099/4
f 6092/8115/4 6114/8099/4 6094/8100/4
f 6094/8100/4 6115/8097/4 6096/8116/4
f 6115/8097/4 6063/8113/4 6074/8117/4
f 6115/8097/4 6074/8117/4 6099/8118/4
f 6096/8116/4 6115/8097/4 6070/8119/4
f 6070/8119/4 6115/8097/4 6071/8120/4
f 6115/8097/4 6099/8118/4 6100/8121/4
f 6115/8097/4 6100/8121/4 6102/8122/4
f 6071/8120/4 6115/8097/4 6062/8123/4
f 6062/8123/4 6115/8097/4 6060/8124/4
f 6115/8097/4 6102/8122/4 6052/8125/4
f 6115/8097/4 6052/8125/4 6095/8126/4
f 6060/8124/4 6115/8097/4 6061/8127/4
f 6061/8127/4 6115/8097/4 6073/8128/4
f 6052/8125/4 6053/8129/4 6095/8126/4
f 6053/8129/4 6050/8130/4 6051/8131/4
f 6095/8126/4 6053/8129/4 6093/8132/4
f 6073/8128/4 6115/8097/4 6072/8133/4
f 6072/8133/4 6115/8097/4 6097/8134/4
f 6050/8130/4 6047/8135/4 6049/8136/4
f 6093/8132/4 6053/8129/4 6051/8131/4
f 6047/8135/4 6045/8137/4 6048/8138/4
f 6097/8134/4 6115/8097/4 6095/8126/4
f 6045/8137/4 6042/8139/4 6044/8140/4
f 6051/8131/4 6050/8130/4 6049/8136/4
f 6049/8136/4 6047/8135/4 6048/8138/4
f 6042/8139/4 6036/8141/4 6041/8142/4
f 6048/8138/4 6045/8137/4 6044/8140/4
f 6036/8141/4 6034/8143/4 6035/8144/4
f 6044/8140/4 6042/8139/4 6041/8142/4
f 6034/8143/4 6029/8145/4 6033/8146/4
f 6041/8142/4 6036/8141/4 6035/8144/4
f 6035/8144/4 6034/8143/4 6033/8146/4
f 6029/8145/4 6028/8147/4 2/8148/4
f 6033/8146/4 6029/8145/4 6030/8149/4
f 6030/8149/4 6029/8145/4 1/8054/4
f 6027/8150/4 6030/8149/4 1/8054/4
f 6029/8145/4 2/8148/4 1/8054/4
f 5895/8151/4 5891/21/4 5903/8152/4
f 5891/21/4 5900/23/4 5903/8152/4
f 5905/8153/4 5895/8151/4 5902/8154/4
f 5895/8151/4 5903/8152/4 5902/8154/4
f 5898/8155/4 5905/8153/4 5904/8156/4
f 5905/8153/4 5902/8154/4 5904/8156/4
f 5897/8157/4 5898/8155/4 5909/8158/4
f 5898/8155/4 5904/8156/4 5909/8158/4
f 5899/8159/4 5897/8157/4 5931/8160/4
f 5897/8157/4 5909/8158/4 5908/8161/4
f 5897/8157/4 5908/8161/4 5912/8162/4
f 5906/8163/4 5899/8159/4 5943/8164/4
f 5897/8157/4 5912/8162/4 5913/8165/4
f 5897/8157/4 5913/8165/4 5915/8166/4
f 5894/8167/4 5906/8163/4 5935/8168/4
f 5897/8157/4 5915/8166/4 5918/8169/4
f 5897/8157/835 5918/8169/835 5920/8170/835
f 5931/8160/4 5897/8157/4 5921/8171/4
f 5899/8159/4 5931/8160/4 5943/8164/4
f 5897/8157/831 5920/8170/831 5921/8171/831
f 5921/8171/4 5919/8172/4 5931/8160/4
f 5919/8172/829 5917/8173/829 5931/8160/829
f 5917/8173/4 5916/8174/4 5931/8160/4
f 5916/8174/4 5914/8175/4 5931/8160/4
f 5914/8175/4 5911/8176/4 5931/8160/4
f 5911/8176/837 5910/8177/837 5931/8160/837
f 5910/8177/4 5923/8178/4 5931/8160/4
f 5923/8178/4 5922/8179/4 5934/8180/4
f 5934/8180/4 5922/8179/4 5942/8181/4
f 5922/8179/4 5926/8182/4 5942/8181/4
f 5925/8183/4 5924/26/4 5936/25/4
f 5926/8182/4 5925/8183/4 5938/8184/4
f 5942/8181/4 5926/8182/4 5938/8184/4
f 5896/8185/4 5894/8167/4 5939/8186/4
f 5925/8183/4 5936/25/4 5938/8184/4
f 5923/8178/4 5934/8180/4 5931/8160/4
f 5893/8187/4 5896/8185/4 5946/8188/4
f 5906/8163/4 5943/8164/4 5935/8168/4
f 5907/8189/4 5893/8187/4 5951/8190/4
f 5894/8167/4 5935/8168/4 5939/8186/4
f 5886/8191/4 5907/8189/4 5948/8192/4
f 5896/8185/4 5939/8186/4 5946/8188/4
f 5893/8187/4 5946/8188/4 5951/8190/4
f 5887/8193/4 5886/8191/4 2/8148/4
f 5907/8189/4 5951/8190/4 5948/8192/4
f 5888/8194/4 5887/8193/4 2/8148/4
f 5886/8191/4 5948/8192/4 5957/8195/4
f 5886/8191/4 5957/8195/4 2/8148/4
f 5889/8196/830 5888/8194/830 2/8148/830
f 5890/8197/4 5889/8196/4 2/8148/4
f 5957/8195/4 5956/8198/4 6/8199/4
f 2/8148/4 5957/8195/4 6/8199/4
f 5881/8200/4 5890/8197/4 2/8148/4
f 5956/8198/831 5992/8201/831 6/8199/831
f 5882/8202/4 5881/8200/4 2/8148/4
f 5992/8201/4 5991/8203/4 6/8199/4
f 5883/8204/838 5882/8202/838 2/8148/838
f 5991/8203/4 5994/8205/4 6/8199/4
f 5885/8206/4 5883/8204/4 2/8148/4
f 5994/8205/4 5978/8207/4 6/8199/4
f 5978/8207/4 5979/8208/4 6/8199/4
f 5979/8208/838 5981/8209/838 6/8199/838
f 5981/8209/4 5983/8210/4 6/8199/4
f 1/8054/4 6046/8071/4 6038/8211/4
f 6022/8212/4 6163/8072/4 5/27/4
f 6014/8213/4 6022/8212/4 5/27/4
f 1/8054/4 6038/8211/4 6039/8214/4
f 1/8054/4 6039/8214/4 6031/8215/4
f 6020/8216/4 6014/8213/4 5/27/4
f 6018/8217/4 6020/8216/4 5/27/4
f 1/8054/4 6031/8215/4 6027/8150/4
f 6018/8217/4 5/27/4 6016/8218/4
f 5/27/4 6/8199/4 6017/8219/4
f 6016/8218/4 5/27/4 6017/8219/4
f 2/8148/4 6028/8147/4 6032/8220/4
f 6013/8221/4 6016/8218/4 6017/8219/4
f 6011/8222/4 6013/8221/4 6012/8223/4
f 6012/8223/4 6013/8221/4 6017/8219/4
f 2/8148/4 6032/8220/4 6037/8224/4
f 2/8148/4 6037/8224/4 6040/8225/4
f 6006/8226/4 6011/8222/4 6010/8227/4
f 6004/8228/4 6006/8226/4 6007/8229/4
f 6011/8222/4 6012/8223/4 6010/8227/4
f 2/8148/4 6040/8225/4 5872/8230/4
f 2/8148/4 5872/8230/4 5871/8231/4
f 5998/8232/4 6004/8228/4 6005/8233/4
f 6000/8234/4 5998/8232/4 5999/8235/4
f 6006/8226/4 6010/8227/4 6007/8229/4
f 2/8148/4 5871/8231/4 5875/8236/4
f 2/8148/4 5875/8236/4 5873/8237/4
f 5996/8238/4 6000/8234/4 6001/8239/4
f 5985/8240/4 5996/8238/4 5997/8241/4
f 6004/8228/4 6007/8229/4 6005/8233/4
f 2/8148/4 5873/8237/4 5874/8242/4
f 2/8148/4 5874/8242/4 5876/8243/4
f 5962/8244/4 5985/8240/4 5997/8241/4
f 5963/8245/4 5962/8244/4 5997/8241/4
f 5998/8232/4 6005/8233/4 5999/8235/4
f 2/8148/837 5876/8243/837 5877/8246/837
f 2/8148/839 5877/8246/839 5878/8247/839
f 5965/8248/4 5963/8245/4 5997/8241/4
f 5967/8249/4 5965/8248/4 5997/8241/4
f 6000/8234/4 5999/8235/4 6001/8239/4
f 2/8148/4 5878/8247/4 5880/8250/4
f 2/8148/4 5880/8250/4 5879/8251/4
f 5958/8252/4 5967/8249/4 5997/8241/4
f 5959/8253/4 5958/8252/4 5997/8241/4
f 5996/8238/4 6001/8239/4 5997/8241/4
f 2/8148/840 5879/8251/840 5884/8254/840
f 2/8148/832 5884/8254/832 5885/8206/832
f 5960/8255/4 5959/8253/4 5997/8241/4
f 5961/8256/4 5960/8255/4 5997/8241/4
f 5966/8257/4 5961/8256/4 5997/8241/4
f 5964/8258/4 5966/8257/4 5997/8241/4
f 6/8199/4 5983/8210/4 5982/8259/4
f 6/8199/840 5982/8259/840 5980/8260/840
f 5986/8261/4 5964/8258/4 5940/31/4
f 5984/8262/4 5986/8261/4 5932/8263/4
f 6/8199/4 5980/8260/4 5977/8264/4
f 6/8199/829 5977/8264/829 5976/8265/829
f 5952/8266/4 5984/8262/4 5932/8263/4
f 5953/8267/4 5952/8266/4 5932/8263/4
f 6/8199/4 5976/8265/4 5993/8268/4
f 6/8199/4 5993/8268/4 6025/8269/4
f 5949/8270/4 5953/8267/4 5944/8271/4
f 5927/8042/4 6148/8041/4 5947/8272/4
f 6/8199/4 6025/8269/4 6003/8273/4
f 6/8199/4 6003/8273/4 6002/8274/4
f 5927/8042/4 5947/8272/4 5928/8275/4
f 5947/8272/4 5949/8270/4 5929/8276/4
f 5928/8275/4 5947/8272/4 5929/8276/4
f 6/8199/4 6002/8274/4 6009/8277/4
f 6/8199/4 6009/8277/4 6008/8278/4
f 5944/8271/4 5929/8276/4 5949/8270/4
f 6/8199/4 6008/8278/4 6024/8279/4
f 6/8199/4 6024/8279/4 6015/8280/4
f 5932/8263/4 5944/8271/4 5953/8267/4
f 5940/31/4 5932/8263/4 5986/8261/4
f 6/8199/4 6015/8280/4 6023/8281/4
f 6/8199/4 6023/8281/4 6021/8282/4
f 5941/8283/4 5940/31/4 5955/8284/4
f 5941/8283/4 5955/8284/4 5954/8285/4
f 5933/8286/4 5941/8283/4 5954/8285/4
f 5933/8286/4 5954/8285/4 5950/8287/4
f 6/8199/4 6021/8282/4 6019/8288/4
f 6/8199/4 6019/8288/4 6017/8219/4
f 5937/8005/4 5930/24/4 6026/8289/4
f 5930/24/4 5945/8290/4 6026/8289/4
f 6026/8289/4 5945/8290/4 5950/8287/4
f 5945/8290/4 5933/8286/4 5950/8287/4
f 5955/8284/4 5940/31/4 5990/8291/4
f 5964/8258/4 5997/8241/4 5995/8292/4
f 5990/8291/4 5940/31/4 5989/8293/4
f 5989/8293/4 5940/31/4 5987/8294/4
f 5964/8258/4 5995/8292/4 5940/31/4
f 5987/8294/4 5940/31/4 5973/8295/4
f 5973/8295/4 5940/31/4 5971/8296/4
f 5940/31/4 5995/8292/4 5988/8297/4
f 5971/8296/4 5940/31/4 5968/8298/4
f 5968/8298/4 5940/31/4 5969/8299/4
f 5940/31/4 5988/8297/4 5975/8300/4
f 5969/8299/4 5940/31/4 5970/8301/4
f 5970/8301/4 5940/31/4 5972/30/4
f 5975/8300/4 5974/32/4 5940/31/4
f 6223/8302/6 6226/8303/6 6233/8304/6
f 6223/8302/6 6233/8304/6 6224/8305/6
f 6214/8306/6 6223/8302/6 6213/8307/6
f 6223/8302/6 6224/8305/6 6213/8307/6
f 6212/8308/6 6214/8306/6 6359/8309/6
f 6214/8306/6 6213/8307/6 6359/8309/6
f 6219/8310/6 6212/8308/6 6367/8311/6
f 6212/8308/6 6359/8309/6 6367/8311/6
f 6207/8312/6 6219/8310/6 6351/8313/6
f 6219/8310/6 6367/8311/6 6351/8313/6
f 6200/8314/6 6207/8312/6 6337/8315/6
f 6207/8312/6 6351/8313/6 6336/8316/6
f 6336/8316/6 6351/8313/6 6339/8317/6
f 6351/8313/6 6353/8318/6 6339/8317/6
f 6196/8319/6 6200/8314/6 6340/8320/6
f 6339/8317/6 6353/8318/6 6348/8321/6
f 6353/8318/6 6355/8322/6 6348/8321/6
f 6193/8323/6 6196/8319/6 6368/8324/6
f 6207/8312/6 6336/8316/6 6337/8315/6
f 6355/8322/6 6346/8325/6 6347/8326/6
f 6362/8327/6 6363/8328/6 5/8329/6
f 1/8330/6 6296/8331/6 6297/8332/6
f 1/8330/6 6297/8332/6 6300/8333/6
f 6364/8334/6 6362/8327/6 5/8329/6
f 6361/8335/6 6364/8334/6 5/8329/6
f 1/8330/6 6300/8333/6 6309/8336/6
f 1/8330/6 6309/8336/6 6322/8337/6
f 6360/8338/6 6361/8335/6 5/8329/6
f 6365/8339/6 6360/8338/6 5/8329/6
f 1/8330/6 6322/8337/6 6321/8340/6
f 1/8330/6 6321/8340/6 6323/8341/6
f 6365/8339/6 5/8329/6 6357/8342/6
f 5/8329/6 1/8330/6 6357/8342/6
f 6357/8342/6 1/8330/6 6323/8341/6
f 6358/8343/6 6357/8342/6 6323/8341/6
f 6358/8343/6 6323/8341/6 6325/8344/6
f 6356/8345/6 6358/8343/6 6333/8346/6
f 6358/8343/6 6325/8344/6 6333/8346/6
f 6366/8347/6 6356/8345/6 6333/8346/6
f 6366/8347/6 6333/8346/6 6344/8348/6
f 6350/8349/6 6366/8347/6 6344/8348/6
f 6350/8349/6 6344/8348/6 6342/8350/6
f 6352/8351/6 6350/8349/6 6338/8352/6
f 6350/8349/6 6342/8350/6 6338/8352/6
f 6354/8353/6 6352/8351/6 6338/8352/6
f 6354/8353/6 6338/8352/6 6370/8354/6
f 6346/8325/6 6354/8353/6 6370/8354/6
f 6346/8325/6 6370/8354/6 6347/8326/6
f 6355/8322/6 6347/8326/6 6348/8321/6
f 6197/8355/6 6193/8323/6 6349/8356/6
f 6200/8314/6 6337/8315/6 6340/8320/6
f 6208/8357/6 6197/8355/6 6369/8358/6
f 6196/8319/6 6340/8320/6 6368/8324/6
f 6204/8359/6 6208/8357/6 6341/8360/6
f 6193/8323/6 6368/8324/6 6349/8356/6
f 6336/8316/6 6335/8361/6 6337/8315/6
f 6202/8362/6 6204/8359/6 6205/8363/6
f 6335/8361/6 6330/8364/6 6334/8365/6
f 6337/8315/6 6335/8361/6 6334/8365/6
f 6211/8366/6 6202/8362/6 6203/8367/6
f 6197/8355/6 6349/8356/6 6369/8358/6
f 6330/8364/6 6326/8368/6 6331/8369/6
f 6330/8364/6 6331/8369/6 6334/8365/6
f 6326/8368/6 6316/8370/6 6327/8371/6
f 6331/8369/6 6326/8368/6 6327/8371/6
f 6316/8370/6 6315/8372/6 6317/8373/6
f 6315/8372/6 6314/8374/6 6317/8373/6
f 6316/8370/6 6317/8373/6 6327/8371/6
f 6215/8375/6 6211/8366/6 6210/8376/6
f 6208/8357/6 6369/8358/6 6341/8360/6
f 6225/8377/6 6234/8378/6 6227/8379/6
f 6204/8359/6 6341/8360/6 6343/8380/6
f 6205/8363/6 6204/8359/6 6343/8380/6
f 6225/8377/6 6227/8379/6 6228/8381/6
f 6227/8379/6 6215/8375/6 6228/8381/6
f 6202/8362/6 6205/8363/6 6203/8367/6
f 6216/8382/6 6228/8381/6 6215/8375/6
f 6210/8376/6 6216/8382/6 6215/8375/6
f 6211/8366/6 6203/8367/6 6210/8376/6
f 6343/8380/6 6345/8383/6 6189/8384/6
f 6205/8363/6 6343/8380/6 6189/8384/6
f 6345/8383/6 6332/8385/6 6198/8386/6
f 6332/8385/6 6328/8387/6 6184/8388/6
f 6205/8363/6 6189/8384/6 6201/8389/6
f 6189/8384/6 6345/8383/6 6198/8386/6
f 6324/8390/6 6319/8391/6 6318/8392/6
f 6319/8391/6 6320/8393/6 6318/8392/6
f 6328/8387/6 6324/8390/6 6329/8394/6
f 6221/8395/6 6201/8389/6 6187/8396/6
f 6198/8386/6 6332/8385/6 6184/8388/6
f 6324/8390/6 6318/8392/6 6329/8394/6
f 6192/8397/6 6221/8395/6 6195/8398/6
f 6201/8389/6 6189/8384/6 6187/8396/6
f 6222/8399/6 6192/8397/6 6191/8400/6
f 6329/8394/6 6184/8388/6 6328/8387/6
f 6209/8401/6 6222/8399/6 6194/8402/6
f 6221/8395/6 6187/8396/6 6195/8398/6
f 6206/8403/6 6209/8401/6 6188/8404/6
f 6192/8397/6 6195/8398/6 6191/8400/6
f 6220/8405/6 6206/8403/6 6190/8406/6
f 6222/8399/6 6191/8400/6 6194/8402/6
f 6218/8407/6 6220/8405/6 6199/8408/6
f 6209/8401/6 6194/8402/6 6188/8404/6
f 6217/8409/6 6218/8407/6 6185/8410/6
f 6206/8403/6 6188/8404/6 6190/8406/6
f 6220/8405/6 6190/8406/6 6199/8408/6
f 6273/8411/6 6217/8409/6 6186/8412/6
f 6218/8407/6 6199/8408/6 6185/8410/6
f 6217/8409/6 6185/8410/6 6186/8412/6
f 6235/8413/6 6273/8411/6 7/35/6
f 6273/8411/6 6186/8412/6 6183/33/6
f 6273/8411/6 6183/33/6 7/35/6
f 6183/33/6 6182/8414/6 3/34/6
f 6178/8415/6 6177/8416/6 3/34/6
f 7/35/6 6258/8417/6 6272/8418/6
f 7/35/6 6272/8418/6 6244/8419/6
f 6179/8420/6 6178/8415/6 3/34/6
f 6180/8421/6 6179/8420/6 3/34/6
f 7/35/6 6244/8419/6 6245/8422/6
f 7/35/6 6245/8422/6 6246/8423/6
f 6181/8424/6 6180/8421/6 3/34/6
f 6182/8414/6 6181/8424/6 3/34/6
f 7/35/6 6246/8423/6 6235/8413/6
f 6229/8425/6 6233/8304/6 6230/8426/6
f 6233/8304/6 6226/8303/6 6230/8426/6
f 6238/8427/6 6229/8425/6 6237/8428/6
f 6229/8425/6 6230/8426/6 6237/8428/6
f 6240/8429/6 6238/8427/6 6242/8430/6
f 6238/8427/6 6237/8428/6 6242/8430/6
f 6247/8431/6 6240/8429/6 6248/8432/6
f 6240/8429/6 6242/8430/6 6248/8432/6
f 6253/8433/6 6247/8431/6 6250/8434/6
f 6247/8431/6 6248/8432/6 6250/8434/6
f 6259/8435/6 6253/8433/6 6254/8436/6
f 6253/8433/6 6250/8434/6 6254/8436/6
f 6268/8437/6 6259/8435/6 6264/8438/6
f 6259/8435/6 6254/8436/6 6264/8438/6
f 6263/8439/6 6268/8437/6 5/8329/6
f 6268/8437/6 6264/8438/6 5/8329/6
f 6264/8438/6 6262/8440/6 5/8329/6
f 6232/8441/6 6234/8378/6 6231/8442/6
f 6234/8378/6 6225/8377/6 6231/8442/6
f 6239/8443/6 6232/8441/6 6236/8444/6
f 6232/8441/6 6231/8442/6 6236/8444/6
f 6241/8445/6 6239/8443/6 6243/8446/6
f 6239/8443/6 6236/8444/6 6243/8446/6
f 6251/8447/6 6241/8445/6 6252/8448/6
f 6241/8445/6 6243/8446/6 6252/8448/6
f 6255/8449/6 6251/8447/6 6249/8450/6
f 6251/8447/6 6252/8448/6 6249/8450/6
f 6260/8451/6 6255/8449/6 6256/8452/6
f 6255/8449/6 6249/8450/6 6256/8452/6
f 6265/8453/6 6260/8451/6 6261/8454/6
f 6260/8451/6 6256/8452/6 6261/8454/6
f 6262/8440/6 6265/8453/6 7/35/6
f 6265/8453/6 6261/8454/6 7/35/6
f 6261/8454/6 6266/36/6 7/35/6
f 6257/8455/6 6258/8417/6 7/35/6
f 5/8329/6 6363/8328/6 6270/8456/6
f 5/8329/6 6270/8456/6 6267/8457/6
f 6271/8458/6 6257/8455/6 7/35/6
f 6269/37/6 6271/8458/6 7/35/6
f 7/35/6 5/8329/6 6262/8440/6
f 5/8329/6 6267/8457/6 6263/8439/6
f 6314/8374/6 6315/8372/6 6312/8459/6
f 6314/8374/6 6312/8459/6 6313/8460/6
f 6312/8459/6 6306/8461/6 6313/8460/6
f 6313/8460/6 6306/8461/6 6305/8462/6
f 6306/8461/6 6301/8463/6 6305/8462/6
f 6305/8462/6 6301/8463/6 6302/8464/6
f 6301/8463/6 6290/8465/6 6302/8464/6
f 6302/8464/6 6290/8465/6 6291/8466/6
f 6290/8465/6 6289/8467/6 6291/8466/6
f 6291/8466/6 6289/8467/6 6288/8468/6
f 6289/8467/6 6284/8469/6 6288/8468/6
f 6288/8468/6 6284/8469/6 6285/8470/6
f 6284/8469/6 6278/8471/6 6285/8470/6
f 6285/8470/6 6278/8471/6 6279/8472/6
f 6278/8471/6 6274/8473/6 1/8330/6
f 6279/8472/6 6278/8471/6 1/8330/6
f 6275/8474/6 6279/8472/6 1/8330/6
f 6295/8475/6 6296/8331/6 1/8330/6
f 3/34/6 6177/8416/6 6298/8476/6
f 3/34/6 6298/8476/6 6283/8477/6
f 6282/8478/6 6295/8475/6 1/8330/6
f 6276/8479/6 6282/8478/6 1/8330/6
f 1/8330/6 3/34/6 6275/8474/6
f 3/34/6 6283/8477/6 6277/8480/6
f 3/34/6 6277/8480/6 6281/8481/6
f 6274/8473/6 6276/8479/6 1/8330/6
f 3/34/6 6281/8481/6 6280/8482/6
f 3/34/6 6280/8482/6 6275/8474/6
f 6281/8481/6 6287/8483/6 6280/8482/6
f 6280/8482/6 6287/8483/6 6286/8484/6
f 6287/8483/6 6294/8485/6 6286/8484/6
f 6286/8484/6 6294/8485/6 6293/8486/6
f 6294/8485/6 6292/8487/6 6293/8486/6
f 6293/8486/6 6292/8487/6 6299/8488/6
f 6292/8487/6 6304/8489/6 6299/8488/6
f 6299/8488/6 6304/8489/6 6303/8490/6
f 6304/8489/6 6307/8491/6 6303/8490/6
f 6311/38/6 6320/8393/6 6319/8391/6
f 6303/8490/6 6307/8491/6 6308/40/6
f 6307/8491/6 6311/38/6 6308/40/6
f 6311/38/6 6319/8391/6 6310/39/6
f 6383/8492/7 6394/8493/7 10/8494/7
f 6/44/7 6402/8495/7 6391/8496/7
f 6/44/7 6391/8496/7 6392/8497/7
f 6383/8492/7 10/8494/7 6384/8498/7
f 10/8494/7 4/8499/7 6385/8500/7
f 6384/8498/7 10/8494/7 6382/8501/7
f 6382/8501/7 10/8494/7 6385/8500/7
f 2/41/7 6/44/7 6393/8502/7
f 6/44/7 6392/8497/7 6390/8503/7
f 6/44/7 6390/8503/7 6393/8502/7
f 2/41/7 6393/8502/7 6388/8504/7
f 6379/8505/7 6385/8500/7 4/8499/7
f 6380/8506/7 6379/8505/7 4/8499/7
f 2/41/7 6388/8504/7 6389/8507/7
f 2/41/7 6389/8507/7 6387/8508/7
f 6381/8509/7 6380/8506/7 4/8499/7
f 6386/8510/7 6381/8509/7 4/8499/7
f 2/41/7 6387/8508/7 6376/8511/7
f 2/41/7 6376/8511/7 6374/8512/7
f 6375/8513/7 6386/8510/7 4/8499/7
f 6378/8514/7 6375/8513/7 4/8499/7
f 4/8499/7 2/41/7 6371/43/7
f 2/41/7 6374/8512/7 6377/8515/7
f 2/41/7 6377/8515/7 6372/42/7
f 6373/8516/7 6378/8514/7 4/8499/7
f 6371/43/7 6373/8516/7 4/8499/7
f 10/8494/7 6394/8493/7 6396/8517/7
f 10/8494/7 6396/8517/7 6400/8518/7
f 6395/8519/7 6402/8495/7 6/44/7
f 6401/8520/7 6395/8519/7 6/44/7
f 6/44/7 10/8494/7 6397/45/7
f 10/8494/7 6400/8518/7 6399/8521/7
f 10/8494/7 6399/8521/7 6397/45/7
f 6398/46/7 6401/8520/7 6/44/7
f 9/47/8 5345/80/8 5348/48/8
f 19/50/9 18/81/9 5438/51/9
f 11/49/10 5348/48/10 5347/53/10
f 20/55/11 19/50/11 5437/52/11
f 5358/8522/12 13/63/12 5346/59/12
f 13/63/12 12/57/12 5346/59/12
f 21/60/13 20/89/13 5439/61/13
f 13/63/14 5358/8522/14 5466/64/14
f 22/66/15 21/60/15 5433/62/15
f 15/68/16 14/65/16 5466/64/16
f 23/70/17 22/66/17 5434/67/17
f 15/68/427 5443/69/427 5442/72/427
f 17/78/429 16/73/429 5442/72/429
f 8/75/430 5349/74/430 5345/80/430
f 17/78/23 5463/79/23 5438/51/23
f 32/82/24 31/100/24 16/73/24
f 9/47/25 25/108/25 24/83/25
f 18/81/26 33/110/26 32/82/26
f 26/84/27 25/108/27 9/47/27
f 34/85/28 33/110/28 18/81/28
f 27/86/29 26/84/29 11/49/29
f 20/55/30 35/113/30 34/85/30
f 28/87/31 27/116/31 12/57/31
f 21/60/32 36/90/32 35/88/32
f 14/65/33 29/96/33 28/87/33
f 22/66/34 37/97/34 36/90/34
f 30/91/35 29/96/35 14/65/35
f 38/92/36 37/97/36 22/66/36
f 16/73/605 31/100/605 30/91/605
f 24/83/38 5360/103/38 5350/76/38
f 38/92/39 23/70/39 5435/77/39
f 36/90/40 51/98/40 50/94/40
f 44/95/41 43/115/41 28/87/41
f 37/97/42 52/99/42 51/98/42
f 30/91/43 45/101/43 44/95/43
f 38/92/267 53/104/267 52/99/267
f 31/100/766 46/126/766 45/101/766
f 39/102/841 5361/129/841 5360/103/841
f 53/104/268 38/92/268 5440/93/268
f 47/106/431 46/126/431 31/100/431
f 40/107/49 39/102/49 24/83/49
f 48/109/50 47/106/50 32/82/50
f 41/111/432 40/107/432 25/108/432
f 34/85/52 49/114/52 48/109/52
f 42/112/53 41/111/53 26/84/53
f 35/113/54 50/8523/54 49/114/54
f 43/115/55 42/8524/55 27/116/55
f 63/117/56 62/131/56 47/106/56
f 41/111/57 56/148/57 55/118/57
f 49/114/58 64/8525/58 63/117/58
f 57/119/59 56/148/59 41/111/59
f 65/120/60 64/152/60 49/121/60
f 43/122/61 58/8526/61 57/119/61
f 51/98/62 66/133/62 65/120/62
f 59/123/63 58/8527/63 43/115/63
f 67/124/64 66/133/64 51/98/64
f 45/101/65 60/127/65 59/123/65
f 68/125/269 67/124/269 52/99/269
f 46/126/579 61/8528/579 60/127/579
f 54/128/68 5362/141/68 5361/129/68
f 68/125/69 53/104/69 5441/105/69
f 62/131/70 61/8528/70 46/126/70
f 40/107/434 55/118/434 54/128/434
f 67/124/72 82/166/72 81/132/72
f 60/134/73 75/139/73 74/135/73
f 83/137/270 82/166/270 67/124/270
f 61/138/75 76/168/75 75/139/75
f 69/140/681 5363/171/681 5362/141/681
f 83/137/271 68/125/271 5432/130/271
f 77/143/78 76/168/78 61/138/78
f 55/118/435 70/157/435 69/140/435
f 78/145/80 77/143/80 62/144/80
f 71/147/81 70/157/81 55/118/81
f 64/149/82 79/158/82 78/145/82
f 72/150/83 71/147/83 56/148/83
f 80/151/84 79/8529/84 64/152/84
f 58/153/85 73/162/85 72/154/85
f 66/133/86 81/132/86 80/151/86
f 74/135/87 73/162/87 58/153/87
f 86/156/88 85/175/88 70/157/88
f 79/158/89 94/186/89 93/159/89
f 72/150/90 87/188/90 86/156/90
f 95/160/91 94/186/91 79/158/91
f 73/162/92 88/191/92 87/163/92
f 96/164/93 95/193/93 80/151/93
f 89/165/94 88/191/94 73/162/94
f 82/166/95 97/167/95 96/164/95
f 75/139/96 90/169/96 89/165/96
f 83/137/97 98/172/97 97/167/97
f 76/168/98 91/178/98 90/169/98
f 84/170/99 5341/181/99 5363/171/99
f 98/172/100 83/137/100 5430/142/100
f 92/174/101 91/178/101 76/168/101
f 85/175/102 84/170/102 69/140/102
f 93/159/103 92/174/103 77/143/103
f 90/169/104 105/179/104 104/176/104
f 113/177/273 112/204/273 97/167/273
f 91/178/439 106/205/439 105/179/439
f 99/180/107 5342/208/107 5341/181/107
f 113/177/108 98/172/108 5428/173/108
f 107/183/109 106/205/109 91/178/109
f 85/175/110 100/213/110 99/180/110
f 108/184/111 107/183/111 92/174/111
f 101/185/112 100/213/112 85/175/112
f 94/186/113 109/189/113 108/184/113
f 102/187/114 101/185/114 86/156/114
f 95/160/115 110/197/115 109/189/115
f 103/190/116 102/200/116 87/163/116
f 96/164/117 111/194/117 110/192/117
f 104/176/118 103/190/118 88/191/118
f 97/167/119 112/204/119 111/194/119
f 109/189/120 124/198/120 123/195/120
f 117/196/121 116/224/121 101/185/121
f 110/197/122 125/226/122 124/198/122
f 118/199/123 117/228/123 102/200/123
f 111/194/124 126/230/124 125/201/124
f 119/202/125 118/199/125 103/190/125
f 127/203/126 126/230/126 111/194/126
f 105/179/127 120/206/127 119/202/127
f 113/177/128 128/209/128 127/203/128
f 106/205/440 121/215/440 120/206/440
f 114/207/661 5344/218/661 5342/208/661
f 128/209/274 113/177/274 5425/182/274
f 122/211/790 121/215/790 106/205/790
f 115/212/133 114/207/133 99/180/133
f 123/195/134 122/211/134 107/183/134
f 101/185/135 116/224/135 115/212/135
f 143/214/770 142/241/770 127/203/770
f 121/215/275 136/244/275 135/216/275
f 114/207/441 129/221/441 5343/217/441
f 128/209/662 5424/210/662 5426/219/662
f 137/220/442 136/244/442 121/215/442
f 115/212/141 130/251/141 129/221/141
f 138/222/142 137/220/142 122/211/142
f 131/223/143 130/251/143 115/212/143
f 124/198/144 139/235/144 138/222/144
f 117/196/145 132/233/145 131/223/145
f 140/225/146 139/235/146 124/198/146
f 118/199/147 133/237/147 132/227/147
f 141/229/148 140/239/148 125/201/148
f 134/231/149 133/237/149 118/199/149
f 127/203/150 142/241/150 141/229/150
f 120/206/151 135/216/151 134/231/151
f 147/232/152 146/253/152 131/223/152
f 140/225/153 155/266/153 154/234/153
f 148/236/154 147/268/154 132/227/154
f 141/229/155 156/242/155 155/238/155
f 149/240/156 148/236/156 133/237/156
f 142/241/157 157/243/157 156/242/157
f 135/216/158 150/245/158 149/240/158
f 143/214/159 158/248/159 157/243/159
f 136/244/160 151/254/160 150/245/160
f 129/221/161 144/256/161 5368/246/161
f 143/214/162 5426/219/162 5427/247/162
f 152/249/163 151/254/163 136/244/163
f 145/250/164 144/256/164 129/221/164
f 153/252/165 152/249/165 137/220/165
f 146/253/166 145/250/166 130/251/166
f 139/235/167 154/234/167 153/252/167
f 151/254/168 166/283/168 165/255/168
f 144/256/445 159/261/445 5367/257/445
f 158/248/170 5427/247/170 5429/258/170
f 167/260/171 166/283/171 151/254/171
f 145/250/172 160/288/172 159/261/172
f 168/262/173 167/260/173 152/249/173
f 161/263/447 160/288/447 145/250/447
f 169/264/175 168/262/175 153/252/175
f 147/232/176 162/276/176 161/263/176
f 170/265/177 169/264/177 154/234/177
f 148/236/178 163/270/178 162/267/178
f 171/269/179 170/272/179 155/238/179
f 149/240/180 164/271/180 163/270/180
f 157/243/277 172/281/277 171/269/277
f 150/245/182 165/255/182 164/271/182
f 173/259/278 172/281/278 157/243/278
f 170/272/184 185/278/184 184/273/184
f 178/275/185 177/292/185 162/276/185
f 171/269/186 186/309/186 185/278/186
f 179/279/187 178/8530/187 163/270/187
f 187/280/188 186/309/188 171/269/188
f 165/255/189 180/284/189 179/279/189
f 188/282/279 187/280/279 172/281/279
f 166/283/191 181/8531/191 180/284/191
f 159/261/448 174/289/448 5366/285/448
f 173/259/842 5429/258/842 5431/286/842
f 182/287/194 181/8531/194 166/283/194
f 160/288/195 175/291/195 174/289/195
f 183/290/196 182/287/196 167/260/196
f 161/263/197 176/302/197 175/291/197
f 169/264/198 184/8532/198 183/290/198
f 177/292/199 176/302/199 161/263/199
f 188/282/200 5431/286/200 5420/293/200
f 197/295/201 196/321/201 181/296/201
f 190/298/202 189/323/202 174/289/202
f 198/299/203 197/295/203 182/297/203
f 191/301/204 190/298/204 175/291/204
f 184/303/205 199/330/205 198/299/205
f 192/304/206 191/301/206 176/302/206
f 200/305/207 199/8533/207 184/273/207
f 178/306/208 193/319/208 192/307/208
f 186/309/209 201/312/209 200/305/209
f 194/310/210 193/319/210 178/306/210
f 187/280/211 202/314/211 201/312/211
f 180/313/212 195/315/212 194/310/212
f 188/282/843 203/294/843 202/314/843
f 181/296/214 196/321/214 195/315/214
f 174/289/215 189/323/215 5365/316/215
f 201/312/216 216/345/216 215/317/216
f 209/318/217 208/343/217 193/319/217
f 217/320/280 216/345/280 201/312/280
f 195/315/219 210/322/219 209/318/219
f 203/294/220 218/326/220 217/320/220
f 196/321/221 211/350/221 210/322/221
f 189/323/450 204/336/450 5364/324/450
f 203/294/844 5420/293/844 5421/325/844
f 212/327/224 211/350/224 196/321/224
f 205/328/225 204/336/225 189/323/225
f 213/329/226 212/327/226 197/295/226
f 191/301/227 206/338/227 205/328/227
f 199/330/228 214/340/228 213/329/228
f 207/331/229 206/338/229 191/301/229
f 215/332/230 214/340/230 199/330/230
f 193/319/231 208/343/231 207/334/231
f 205/328/452 220/339/452 219/335/452
f 228/337/233 227/354/233 212/327/233
f 206/338/234 221/371/234 220/339/234
f 214/340/235 229/370/235 228/337/235
f 222/341/236 221/371/236 206/338/236
f 230/342/237 229/370/237 214/340/237
f 208/343/238 223/355/238 222/344/238
f 216/345/239 231/359/239 230/346/239
f 224/347/240 223/355/240 208/343/240
f 232/348/241 231/359/241 216/345/241
f 210/322/242 225/351/242 224/347/242
f 233/349/243 232/348/243 217/320/243
f 211/350/244 226/361/244 225/351/244
f 204/336/245 219/335/245 5336/352/245
f 218/326/246 5421/325/246 5422/353/246
f 227/354/247 226/361/247 211/350/247
f 223/355/248 224/347/248 5331/356/248
f 232/348/249 5419/360/249 5333/358/249
f 225/351/250 5328/362/250 5331/356/250
f 233/349/684 5423/364/684 5419/360/684
f 226/361/282 5326/366/282 5328/362/282
f 226/361/455 227/354/455 5327/365/455
f 219/335/683 220/339/683 5338/367/683
f 227/354/257 228/337/257 5332/368/257
f 220/339/258 221/371/258 5335/369/258
f 229/370/259 5330/374/259 5332/368/259
f 221/371/260 222/341/260 5340/372/260
f 229/370/261 230/342/261 5339/373/261
f 223/355/262 5329/357/262 5340/375/262
f 5339/8534/263 230/346/263 5334/376/263
f 230/346/263 231/359/263 5334/376/263
f 240/377/9 239/395/9 486/378/9
f 241/380/11 240/377/11 236/379/11
f 242/382/13 241/402/13 487/383/13
f 243/385/15 242/382/15 488/384/15
f 244/387/17 243/385/17 489/386/17
f 6385/389/630 234/394/630 237/390/630
f 235/393/429 238/396/429 237/390/429
f 239/395/23 238/396/23 235/393/23
f 238/396/265 246/398/265 245/397/265
f 239/395/26 247/412/26 246/398/26
f 248/399/28 247/412/28 239/395/28
f 249/400/30 248/399/30 240/377/30
f 242/382/32 250/403/32 249/401/32
f 243/385/845 251/406/845 250/403/845
f 252/404/36 251/406/36 243/385/36
f 245/397/37 6384/409/37 6382/391/37
f 258/405/40 257/417/40 249/401/40
f 251/406/266 259/407/266 258/405/266
f 252/404/267 260/410/267 259/407/267
f 253/408/45 6383/423/45 6384/409/45
f 246/398/48 254/415/48 253/408/48
f 255/411/50 254/415/50 246/398/50
f 248/399/52 256/416/52 255/411/52
f 257/413/54 256/416/54 248/399/54
f 263/414/56 262/8535/56 254/415/56
f 256/416/58 264/8536/58 263/414/58
f 257/417/60 265/434/60 264/418/60
f 266/420/62 265/434/62 257/417/62
f 267/421/64 266/420/64 258/405/64
f 260/410/269 268/424/269 267/421/269
f 261/422/67 6394/8537/67 6383/423/67
f 254/415/70 262/8535/70 261/422/70
f 275/425/72 274/441/72 266/420/72
f 276/426/270 275/425/270 267/421/270
f 269/427/75 6396/446/75 6394/428/75
f 262/430/78 270/447/78 269/427/78
f 271/431/80 270/447/80 262/430/80
f 264/433/82 272/438/82 271/431/82
f 265/434/84 273/436/84 272/435/84
f 266/420/86 274/441/86 273/436/86
f 280/437/89 279/448/89 271/431/89
f 281/439/91 280/437/91 272/438/91
f 274/441/93 282/443/93 281/442/93
f 275/425/765 283/450/765 282/443/765
f 284/444/97 283/450/97 275/425/97
f 277/445/773 6400/452/773 6396/446/773
f 270/447/846 278/453/846 277/445/846
f 279/448/103 278/453/103 270/447/103
f 292/449/105 291/458/105 283/450/105
f 285/451/106 6399/466/106 6400/452/106
f 278/453/109 286/469/109 285/451/109
f 287/454/111 286/469/111 278/453/111
f 288/455/113 287/454/113 279/448/113
f 289/456/115 288/455/115 280/437/115
f 290/457/117 289/462/117 281/442/117
f 291/458/119 290/457/119 282/443/119
f 288/455/120 296/460/120 295/459/120
f 289/456/122 297/476/122 296/460/122
f 290/457/124 298/463/124 297/461/124
f 291/458/126 299/464/126 298/463/126
f 292/449/128 300/467/128 299/464/128
f 285/451/440 293/471/440 6397/465/440
f 294/468/132 293/471/132 285/451/132
f 295/459/134 294/468/134 286/469/134
f 308/470/136 307/478/136 299/464/136
f 293/471/137 301/485/137 6398/472/137
f 302/473/442 301/485/442 293/471/442
f 303/474/142 302/473/142 294/468/142
f 304/475/144 303/474/144 295/459/144
f 297/476/146 305/479/146 304/475/146
f 306/477/148 305/482/148 297/461/148
f 307/478/150 306/477/150 298/463/150
f 305/479/153 313/496/153 312/480/153
f 306/477/155 314/483/155 313/481/155
f 307/478/157 315/484/157 314/483/157
f 308/470/847 316/487/847 315/484/847
f 301/485/160 309/490/160 6401/486/160
f 310/488/163 309/490/163 301/485/163
f 311/489/165 310/488/165 302/473/165
f 304/475/167 312/480/167 311/489/167
f 309/490/168 317/504/168 6395/491/168
f 318/493/171 317/504/171 309/490/171
f 311/489/173 319/494/173 318/493/173
f 312/480/175 320/508/175 319/494/175
f 321/495/177 320/508/177 312/480/177
f 322/497/179 321/501/179 313/481/179
f 323/498/181 322/497/181 314/483/181
f 316/487/183 324/492/183 323/498/183
f 329/499/184 328/518/184 320/500/184
f 322/497/186 330/502/186 329/499/186
f 323/498/188 331/503/188 330/502/188
f 324/492/279 332/506/279 331/503/279
f 317/504/191 325/8538/191 6402/505/191
f 326/507/194 325/8538/194 317/504/194
f 319/494/196 327/509/196 326/507/196
f 320/508/198 328/8539/198 327/509/198
f 334/511/201 333/526/201 325/512/201
f 327/514/203 335/530/203 334/511/203
f 336/515/205 335/530/205 327/514/205
f 337/517/207 336/8540/207 328/518/207
f 330/502/209 338/522/209 337/517/209
f 339/519/211 338/522/211 330/502/211
f 340/510/213 339/519/213 331/503/213
f 325/512/214 333/526/214 6391/520/214
f 338/522/216 346/536/216 345/523/216
f 347/524/280 346/536/280 338/522/280
f 348/525/749 347/524/749 339/519/749
f 333/526/221 341/539/221 6392/527/221
f 342/528/224 341/539/224 333/526/224
f 343/529/226 342/528/226 334/511/226
f 336/515/228 344/534/228 343/529/228
f 345/531/230 344/534/230 336/515/230
f 351/533/233 350/542/233 342/528/233
f 344/534/235 352/535/235 351/533/235
f 345/531/237 353/551/237 352/535/237
f 346/536/239 354/544/239 353/537/239
f 355/538/241 354/544/241 346/536/241
f 348/525/243 356/541/243 355/538/243
f 341/539/244 349/546/244 6390/540/244
f 350/542/247 349/546/247 341/539/247
f 355/538/249 363/545/249 362/543/249
f 356/541/251 364/548/251 363/545/251
f 349/546/282 357/560/282 6393/547/282
f 358/549/255 357/560/255 349/546/255
f 359/550/257 358/549/257 350/542/257
f 352/535/259 360/552/259 359/550/259
f 353/551/261 361/556/261 360/552/261
f 354/544/263 362/543/263 361/553/263
f 367/554/283 366/562/283 358/549/283
f 360/552/284 368/571/284 367/554/284
f 369/555/285 368/571/285 360/552/285
f 362/543/286 370/564/286 369/557/286
f 371/558/287 370/564/287 362/543/287
f 372/559/288 371/558/288 363/545/288
f 357/560/461 365/566/461 6388/561/461
f 366/562/291 365/566/291 357/560/291
f 371/558/292 379/565/292 378/563/292
f 372/559/293 380/568/293 379/565/293
f 365/566/294 373/580/294 6389/567/294
f 374/569/296 373/580/296 365/566/296
f 375/570/297 374/569/297 366/562/297
f 368/571/298 376/572/298 375/570/298
f 369/555/299 377/575/299 376/572/299
f 370/564/300 378/563/300 377/573/300
f 376/572/301 384/576/301 383/574/301
f 377/575/302 385/8541/302 384/576/302
f 378/563/303 386/578/303 385/577/303
f 379/565/304 387/584/304 386/578/304
f 388/579/670 387/584/670 379/565/670
f 373/580/590 381/585/590 6387/581/590
f 382/582/308 381/585/308 373/580/308
f 383/574/309 382/582/309 374/569/309
f 388/579/310 396/587/310 395/583/310
f 381/585/311 389/8542/311 6376/586/311
f 390/588/313 389/8542/313 381/585/313
f 391/589/314 390/588/314 382/582/314
f 384/576/315 392/8543/315 391/589/315
f 385/577/316 393/597/316 392/590/316
f 394/592/317 393/597/317 385/577/317
f 387/584/318 395/583/318 394/592/318
f 392/593/319 401/611/319 400/594/319
f 402/596/320 401/8544/320 392/590/320
f 394/592/321 403/614/321 402/596/321
f 404/598/322 403/614/322 394/592/322
f 405/599/323 404/598/323 395/583/323
f 389/600/324 398/606/324 6374/601/324
f 399/603/326 398/606/326 389/600/326
f 400/594/327 399/603/327 390/604/327
f 405/599/328 413/608/328 412/605/328
f 398/606/329 406/622/329 6377/607/329
f 407/609/331 406/622/331 398/606/331
f 408/610/332 407/609/332 399/603/332
f 401/611/333 409/613/333 408/610/333
f 402/612/334 410/617/334 409/613/334
f 403/614/335 411/618/335 410/615/335
f 412/605/336 411/618/336 403/614/336
f 418/616/337 417/630/337 409/613/337
f 411/618/338 419/632/338 418/619/338
f 420/620/339 419/632/339 411/618/339
f 421/621/340 420/620/340 412/605/340
f 406/622/341 414/628/341 6372/623/341
f 415/624/343 414/628/343 406/622/343
f 416/625/344 415/624/344 407/609/344
f 409/613/345 417/630/345 416/625/345
f 423/627/511 422/639/511 414/628/511
f 424/629/348 423/627/348 415/624/348
f 417/630/349 425/644/349 424/629/349
f 426/631/350 425/644/350 417/630/350
f 419/632/351 427/634/351 426/633/351
f 420/620/352 428/635/352 427/634/352
f 421/621/353 429/626/353 428/635/353
f 414/628/597 422/639/597 6371/636/597
f 427/634/355 435/651/355 434/637/355
f 436/638/356 435/651/356 427/634/356
f 429/626/357 437/641/357 436/638/357
f 422/639/521 430/647/521 6373/640/521
f 431/642/598 430/647/598 422/639/598
f 432/643/361 431/642/361 423/627/361
f 425/644/362 433/649/362 432/643/362
f 434/645/363 433/649/363 425/644/363
f 439/646/364 438/659/364 430/647/364
f 440/648/365 439/646/365 431/642/365
f 433/649/366 441/664/366 440/648/366
f 442/650/367 441/664/367 433/649/367
f 435/651/368 443/657/368 442/652/368
f 444/653/369 443/657/369 435/651/369
f 437/641/650 445/655/650 444/653/650
f 430/647/371 438/659/371 6378/654/371
f 451/656/373 450/670/373 442/652/373
f 452/658/675 451/656/675 443/657/675
f 445/655/787 453/661/787 452/658/787
f 438/659/536 446/673/536 6375/660/536
f 447/662/378 446/673/378 438/659/378
f 448/663/379 447/662/379 439/646/379
f 441/664/380 449/667/380 448/663/380
f 450/665/381 449/667/381 441/664/381
f 456/666/382 455/675/382 447/662/382
f 449/667/383 457/8545/383 456/666/383
f 458/668/384 457/688/384 449/669/384
f 451/656/385 459/677/385 458/668/385
f 460/671/386 459/677/386 451/656/386
f 461/672/387 460/671/387 452/658/387
f 446/673/388 454/8546/388 6386/674/388
f 455/675/390 454/8546/390 446/673/390
f 460/671/391 468/694/391 467/676/391
f 469/678/392 468/694/392 460/671/392
f 454/679/393 462/696/393 6381/680/393
f 463/682/395 462/696/395 454/679/395
f 464/684/396 463/682/396 455/683/396
f 457/686/397 465/690/397 464/684/397
f 466/687/398 465/8547/398 457/688/398
f 459/677/399 467/676/399 466/687/399
f 472/689/400 471/698/400 463/682/400
f 465/690/401 473/706/401 472/689/401
f 474/691/402 473/706/402 465/690/402
f 475/693/403 474/709/403 466/687/403
f 468/694/789 476/699/789 475/693/789
f 477/695/405 476/699/405 468/694/405
f 462/696/406 470/702/406 6380/697/406
f 471/698/408 470/702/408 462/696/408
f 476/699/409 484/711/409 483/700/409
f 485/701/410 484/711/410 476/699/410
f 470/702/411 478/712/411 6379/703/411
f 479/704/413 478/712/413 470/702/413
f 480/705/414 479/704/414 471/698/414
f 473/706/415 481/710/415 480/705/415
f 482/707/416 481/710/416 473/706/416
f 475/693/417 483/700/417 482/708/417
f 236/379/418 486/378/418 480/705/418
f 487/381/419 236/379/419 481/710/419
f 483/700/420 488/384/420 487/383/420
f 489/386/421 488/384/421 483/700/421
f 490/388/422 489/386/422 484/711/422
f 478/712/848 234/394/848 6385/389/848
f 235/393/603 234/394/603 478/712/603
f 486/378/426 235/393/426 479/704/426
f 491/713/8 497/717/8 496/714/8
f 746/716/10 498/737/10 497/717/10
f 492/718/12 499/722/12 498/719/12
f 747/721/14 500/740/14 499/722/14
f 501/723/16 500/740/16 747/721/16
f 502/725/578 501/723/578 493/724/578
f 502/725/21 494/726/21 6235/730/21
f 745/715/430 496/714/430 495/728/430
f 510/732/265 502/725/265 6246/731/265
f 504/734/25 503/742/25 495/728/25
f 505/735/27 504/734/27 496/714/27
f 506/736/29 505/735/29 497/717/29
f 507/738/31 506/750/31 498/719/31
f 508/739/33 507/738/33 499/722/33
f 509/741/35 508/739/35 500/740/35
f 510/732/605 509/741/605 501/723/605
f 516/743/41 515/756/41 507/738/41
f 517/744/43 516/743/43 508/739/43
f 510/732/766 518/758/766 517/744/766
f 6244/746/849 518/758/849 510/732/849
f 512/747/49 511/745/49 503/742/49
f 505/735/51 513/748/51 512/747/51
f 506/736/53 514/753/53 513/748/53
f 507/738/55 515/756/55 514/749/55
f 521/751/57 520/761/57 512/747/57
f 522/752/59 521/751/59 513/748/59
f 515/754/61 523/8548/61 522/752/61
f 516/743/63 524/8549/63 523/755/63
f 525/757/65 524/8549/65 516/743/65
f 518/758/67 526/8550/67 525/757/67
f 6272/760/70 526/8550/70 518/758/70
f 520/761/434 519/759/434 511/745/434
f 533/762/73 532/779/73 524/763/73
f 526/765/75 534/781/75 533/762/75
f 6258/768/850 6257/784/850 534/781/850
f 534/781/78 526/765/78 6258/768/78
f 520/761/79 528/775/79 527/766/79
f 529/769/81 528/775/81 520/761/81
f 530/770/83 529/769/83 521/751/83
f 531/771/85 530/778/85 522/772/85
f 524/763/87 532/779/87 531/771/87
f 529/769/88 538/791/88 537/774/88
f 539/776/90 538/791/90 529/769/90
f 540/777/92 539/795/92 530/778/92
f 532/779/94 541/786/94 540/777/94
f 542/780/96 541/786/96 532/779/96
f 534/781/437 543/788/437 542/780/437
f 6271/783/101 543/788/101 534/781/101
f 528/775/102 537/774/102 536/782/102
f 542/780/104 550/801/104 549/785/104
f 551/787/106 550/801/106 542/780/106
f 6269/790/109 551/787/109 543/788/109
f 537/774/110 545/792/110 544/789/110
f 538/791/112 546/793/112 545/792/112
f 539/776/114 547/797/114 546/793/114
f 540/777/116 548/798/116 547/794/116
f 549/785/118 548/798/118 540/777/118
f 555/796/121 554/806/121 546/793/121
f 548/798/123 556/815/123 555/799/123
f 557/800/125 556/815/125 548/798/125
f 550/801/127 558/808/127 557/800/127
f 559/802/440 558/808/440 550/801/440
f 6266/804/132 559/802/132 551/787/132
f 553/805/133 552/803/133 544/789/133
f 554/806/135 553/805/135 545/792/135
f 559/802/137 567/810/137 566/807/137
f 567/810/442 559/802/442 6266/804/442
f 553/805/141 561/825/141 560/809/141
f 562/812/143 561/825/143 553/805/143
f 563/813/145 562/812/145 554/806/145
f 564/814/147 563/819/147 555/799/147
f 565/816/149 564/814/149 556/815/149
f 558/808/151 566/807/151 565/816/151
f 563/813/152 571/832/152 570/817/152
f 564/814/154 572/834/154 571/818/154
f 573/820/156 572/834/156 564/814/156
f 566/807/158 574/827/158 573/820/158
f 575/821/851 574/827/851 566/807/851
f 575/821/163 567/810/163 6261/811/163
f 569/824/164 568/822/164 560/809/164
f 562/812/166 570/817/166 569/824/166
f 583/826/168 582/841/168 574/827/168
f 575/821/171 6256/823/171 6249/829/171
f 577/830/172 576/828/172 568/822/172
f 578/831/447 577/830/447 569/824/447
f 571/832/176 579/837/176 578/831/176
f 580/833/178 579/8551/178 571/818/178
f 573/820/180 581/835/180 580/833/180
f 574/827/182 582/841/182 581/835/182
f 588/836/185 587/852/185 579/837/185
f 589/839/187 588/8552/187 580/833/187
f 590/840/189 589/839/189 581/835/189
f 583/826/191 591/844/191 590/840/191
f 583/826/852 6249/829/852 6252/843/852
f 585/845/195 584/842/195 576/828/195
f 578/831/197 586/846/197 585/845/197
f 579/837/199 587/852/199 586/846/199
f 6243/847/583 599/865/583 591/848/583
f 593/850/202 592/860/202 584/842/202
f 586/846/204 594/868/204 593/850/204
f 595/851/206 594/868/206 586/846/206
f 588/853/208 596/862/208 595/854/208
f 597/856/210 596/862/210 588/853/210
f 590/858/212 598/859/212 597/856/212
f 591/848/214 599/865/214 598/859/214
f 597/856/217 605/863/217 604/861/217
f 598/859/219 606/878/219 605/863/219
f 607/864/221 606/878/221 598/859/221
f 607/864/853 599/865/853 6243/847/853
f 593/850/854 601/869/854 600/866/854
f 594/868/585 602/874/585 601/869/585
f 603/870/229 602/874/229 594/868/229
f 596/862/231 604/861/231 603/871/231
f 609/872/452 608/880/452 600/866/452
f 610/873/453 609/872/453 601/869/453
f 611/875/236 610/873/236 602/874/236
f 612/876/238 611/891/238 603/871/238
f 613/877/240 612/876/240 604/861/240
f 606/878/242 614/879/242 613/877/242
f 607/864/244 615/883/244 614/879/244
f 6231/881/586 615/883/586 607/864/586
f 621/882/248 620/895/248 612/876/248
f 614/879/250 622/884/250 621/882/250
f 615/883/282 623/887/282 622/884/282
f 615/883/255 6231/881/255 6225/886/255
f 609/872/256 617/888/256 616/885/256
f 610/873/258 618/889/258 617/888/258
f 611/875/260 619/894/260 618/889/260
f 612/876/262 620/895/262 619/890/262
f 626/892/456 625/901/456 617/888/456
f 627/893/457 626/892/457 618/889/457
f 620/895/458 628/909/458 627/896/458
f 629/897/459 628/909/459 620/895/459
f 622/884/460 630/902/460 629/897/460
f 631/898/587 630/902/587 622/884/587
f 631/898/668 623/887/668 6225/886/668
f 625/901/463 624/899/463 616/885/463
f 630/902/464 638/917/464 637/903/464
f 639/904/294 638/917/294 630/902/294
f 639/904/296 631/898/296 6228/900/296
f 625/901/467 633/907/467 632/905/467
f 626/892/588 634/908/588 633/907/588
f 627/893/469 635/913/469 634/908/469
f 628/909/470 636/914/470 635/910/470
f 637/903/471 636/914/471 628/909/471
f 642/911/589 641/921/589 633/907/589
f 643/912/473 642/911/473 634/908/473
f 636/914/474 644/931/474 643/915/474
f 645/916/475 644/931/475 636/914/475
f 638/917/476 646/922/476 645/916/476
f 647/918/590 646/922/590 638/917/590
f 647/918/478 639/904/478 6216/906/478
f 641/921/592 640/919/592 632/905/592
f 646/922/480 654/924/480 653/923/480
f 647/918/311 655/927/311 654/924/311
f 647/918/482 6210/920/482 6203/926/482
f 641/921/483 649/928/483 648/925/483
f 642/911/484 650/933/484 649/928/484
f 651/929/485 650/933/485 642/911/485
f 652/930/486 651/8553/486 643/915/486
f 653/923/487 652/930/487 644/931/487
f 659/932/488 658/946/488 650/933/488
f 652/934/489 660/8554/489 659/932/489
f 661/935/490 660/953/490 652/936/490
f 654/938/491 662/940/491 661/935/491
f 655/939/324 663/942/324 662/940/324
f 663/942/633 655/939/633 6203/943/633
f 657/945/493 656/941/493 648/925/493
f 658/946/494 657/945/494 649/928/494
f 663/942/329 671/949/329 670/947/329
f 671/949/855 663/942/855 6205/944/855
f 665/951/713 664/948/713 656/941/713
f 658/946/594 666/952/594 665/951/594
f 659/932/498 667/965/498 666/952/498
f 660/953/499 668/957/499 667/954/499
f 669/956/500 668/957/500 660/953/500
f 662/940/501 670/947/501 669/956/501
f 668/957/502 676/972/502 675/958/502
f 677/959/503 676/972/503 668/957/503
f 670/947/504 678/960/504 677/959/504
f 671/949/341 679/968/341 678/960/341
f 6221/962/343 679/968/343 671/949/343
f 665/951/507 673/963/507 672/961/507
f 666/952/508 674/971/508 673/963/508
f 675/964/509 674/971/509 666/952/509
f 6192/967/511 687/976/511 679/968/511
f 681/969/512 680/966/512 672/961/512
f 682/970/513 681/969/513 673/963/513
f 675/964/514 683/986/514 682/970/514
f 676/972/515 684/974/515 683/973/515
f 677/959/516 685/975/516 684/974/516
f 678/960/517 686/979/517 685/975/517
f 687/976/354 686/979/354 678/960/354
f 684/974/518 692/993/518 691/977/518
f 693/978/519 692/993/519 684/974/519
f 686/979/520 694/980/520 693/978/520
f 687/976/521 695/982/521 694/980/521
f 695/982/360 687/976/360 6192/967/360
f 681/969/523 689/984/523 688/981/523
f 682/970/524 690/991/524 689/984/524
f 691/985/525 690/991/525 682/970/525
f 703/987/364 695/982/364 6222/983/364
f 697/989/527 696/996/527 688/981/527
f 698/990/528 697/989/528 689/984/528
f 699/992/529 698/990/529 690/991/529
f 692/993/530 700/998/530 699/994/530
f 701/995/531 700/998/531 692/993/531
f 694/980/532 702/999/532 701/995/532
f 703/987/371 702/999/371 694/980/371
f 701/995/534 709/1000/534 708/997/534
f 702/999/535 710/1013/535 709/1000/535
f 711/1001/536 710/1013/536 702/999/536
f 6206/1003/599 711/1001/599 703/987/599
f 697/989/600 705/1008/600 704/1002/600
f 706/1004/539 705/1008/539 697/989/539
f 707/1005/540 706/1004/540 698/990/540
f 700/998/541 708/997/541 707/1006/541
f 713/1007/542 712/1015/542 704/1002/542
f 714/1009/543 713/1007/543 705/1008/543
f 707/1005/544 715/1028/544 714/1009/544
f 716/1010/545 715/1028/545 707/1005/545
f 717/1012/546 716/8555/546 708/997/546
f 710/1013/547 718/1014/547 717/1012/547
f 711/1001/388 719/1016/388 718/1014/388
f 719/1016/390 711/1001/390 6206/1003/390
f 725/1018/549 724/1036/549 716/1019/549
f 718/1021/550 726/1023/550 725/1018/550
f 719/1022/393 727/1039/393 726/1023/393
f 6218/1025/395 727/1039/395 719/1022/395
f 721/1027/553 720/1024/553 712/1015/553
f 714/1009/554 722/1029/554 721/1027/554
f 715/1028/555 723/1033/555 722/1029/555
f 724/1030/556 723/1033/556 715/1028/556
f 730/1031/557 729/1042/557 721/1027/557
f 731/1032/558 730/1031/558 722/1029/558
f 732/1034/559 731/1050/559 723/1035/559
f 733/1037/560 732/1034/560 724/1036/560
f 734/1038/561 733/1037/561 725/1018/561
f 727/1039/406 735/1044/406 734/1038/406
f 6217/1041/602 735/1044/602 727/1039/602
f 729/1042/856 728/1040/856 720/1024/856
f 742/1043/564 741/1053/564 733/1037/564
f 735/1044/411 743/1054/411 742/1043/411
f 6273/1046/625 743/1054/625 735/1044/625
f 737/1047/566 736/1045/566 728/1040/566
f 730/1031/567 738/1052/567 737/1047/567
f 739/1048/568 738/1052/568 730/1031/568
f 732/1034/569 740/1051/569 739/1049/569
f 733/1037/570 741/1053/570 740/1051/570
f 746/716/571 491/713/571 738/1052/571
f 740/1051/572 492/718/572 746/720/572
f 741/1053/573 747/721/573 492/718/573
f 742/1043/574 493/724/574 747/721/574
f 743/1054/848 494/726/848 493/724/848
f 6235/730/603 494/726/603 743/1054/603
f 737/1047/576 745/715/576 744/727/576
f 738/1052/577 491/713/577 745/715/577
f 754/1055/8 753/1075/8 1002/1056/8
f 755/1058/10 754/1055/10 748/1057/10
f 749/1060/12 756/1064/12 755/1061/12
f 1004/1063/14 757/1066/14 756/1064/14
f 750/1065/16 758/1082/16 757/1066/16
f 759/1067/18 758/1082/18 750/1065/18
f 759/1067/617 751/1068/617 6234/1072/617
f 1002/1056/430 753/1075/430 752/1070/430
f 6239/1074/265 767/1083/265 759/1067/265
f 753/1075/25 761/1077/25 760/1076/25
f 754/1055/27 762/1091/27 761/1077/27
f 763/1078/29 762/1091/29 754/1055/29
f 756/1064/31 764/1085/31 763/1079/31
f 765/1080/33 764/1085/33 756/1064/33
f 766/1081/35 765/1080/35 757/1066/35
f 767/1083/37 766/1081/37 758/1082/37
f 773/1084/41 772/1093/41 764/1085/41
f 774/1086/43 773/1084/43 765/1080/43
f 767/1083/766 775/1099/766 774/1086/766
f 6241/1088/857 775/1099/857 767/1083/857
f 769/1089/814 768/1087/814 760/1076/814
f 770/1090/51 769/1089/51 761/1077/51
f 771/1092/53 770/1090/53 762/1091/53
f 772/1093/55 771/8556/55 763/1079/55
f 770/1090/57 778/1112/57 777/1094/57
f 779/1095/59 778/1112/59 770/1090/59
f 780/1096/61 779/1095/61 771/1092/61
f 781/1098/63 780/8557/63 772/1093/63
f 774/1086/65 782/1100/65 781/1098/65
f 775/1099/67 783/8558/67 782/1100/67
f 6251/1102/70 783/8558/70 775/1099/70
f 777/1094/434 776/1101/434 768/1087/434
f 782/1103/73 790/1107/73 789/1104/73
f 783/1106/619 791/1109/619 790/1107/619
f 791/1109/78 783/1106/78 6251/1110/78
f 777/1094/79 785/1113/79 784/1108/79
f 778/1112/81 786/1119/81 785/1113/81
f 787/1114/83 786/1119/83 778/1112/83
f 780/1115/85 788/1121/85 787/1116/85
f 789/1104/87 788/1121/87 780/1115/87
f 795/1118/88 794/1132/88 785/1113/88
f 796/1120/90 795/1118/90 786/1119/90
f 788/1121/92 797/1135/92 796/1122/92
f 798/1123/94 797/1135/94 788/1121/94
f 790/1107/96 799/1124/96 798/1123/96
f 791/1109/437 800/1129/437 799/1124/437
f 6260/1126/858 800/1129/858 791/1109/858
f 785/1113/102 794/1132/102 793/1125/102
f 799/1124/104 807/1142/104 806/1127/104
f 808/1128/106 807/1142/106 799/1124/106
f 6265/1131/581 808/1128/581 800/1129/581
f 794/1132/110 802/1133/110 801/1130/110
f 795/1118/112 803/1138/112 802/1133/112
f 804/1134/114 803/1138/114 795/1118/114
f 797/1135/116 805/1139/116 804/1136/116
f 806/1127/118 805/1139/118 797/1135/118
f 812/1137/121 811/1154/121 803/1138/121
f 805/1139/123 813/1141/123 812/1140/123
f 806/1127/125 814/1143/125 813/1141/125
f 807/1142/127 815/1144/127 814/1143/127
f 808/1128/129 816/1147/129 815/1144/129
f 808/1128/607 6265/1131/607 6262/1146/607
f 810/1148/133 809/1145/133 801/1130/133
f 803/1138/135 811/1154/135 810/1148/135
f 816/1147/137 824/1152/137 823/1149/137
f 816/1147/608 6262/1146/608 6264/1151/608
f 810/1148/141 818/1167/141 817/1150/141
f 819/1153/143 818/1167/143 810/1148/143
f 820/1155/145 819/1153/145 811/1154/145
f 821/1156/147 820/1160/147 812/1140/147
f 822/1157/149 821/1156/149 813/1141/149
f 815/1144/151 823/1149/151 822/1157/151
f 820/1155/152 828/1174/152 827/1158/152
f 821/1156/154 829/1175/154 828/1159/154
f 830/1161/156 829/1175/156 821/1156/156
f 823/1149/158 831/1162/158 830/1161/158
f 824/1152/851 832/1164/851 831/1162/851
f 832/1164/163 824/1152/163 6264/1151/163
f 826/1166/859 825/1163/859 817/1150/859
f 819/1153/166 827/1158/166 826/1166/166
f 832/1164/168 840/1170/168 839/1168/168
f 840/1170/621 832/1164/621 6254/1165/621
f 834/1172/172 833/1169/172 825/1163/172
f 827/1158/174 835/1188/174 834/1172/174
f 836/1173/176 835/1188/176 827/1158/176
f 829/1175/178 837/1177/178 836/1176/178
f 830/1161/180 838/1178/180 837/1177/180
f 831/1162/182 839/1168/182 838/1178/182
f 845/1179/185 844/1189/185 836/1173/185
f 846/1181/187 845/8559/187 837/1177/187
f 839/1168/189 847/1182/189 846/1181/189
f 840/1170/191 848/1185/191 847/1182/191
f 840/1170/194 6250/1171/194 6248/1184/194
f 842/1186/610 841/1183/610 833/1169/610
f 843/1187/197 842/1186/197 834/1172/197
f 844/1189/199 843/1187/199 835/1188/199
f 856/1190/201 848/1202/201 6248/1191/201
f 842/1186/202 850/1194/202 849/1193/202
f 843/1187/204 851/1195/204 850/1194/204
f 844/1189/206 852/1211/206 851/1195/206
f 845/1196/208 853/1204/208 852/1197/208
f 854/1199/210 853/1204/210 845/1196/210
f 847/1201/212 855/1205/212 854/1199/212
f 856/1190/449 855/1205/449 847/1201/449
f 862/1203/217 861/1218/217 853/1204/217
f 855/1205/219 863/1220/219 862/1203/219
f 864/1206/221 863/1220/221 855/1205/221
f 864/1206/622 856/1190/622 6242/1192/622
f 858/1209/225 857/1207/225 849/1193/225
f 859/1210/227 858/1209/227 850/1194/227
f 852/1211/229 860/1216/229 859/1210/229
f 853/1204/231 861/1218/231 860/1212/231
f 858/1209/452 866/1214/452 865/1213/452
f 859/1210/234 867/1231/234 866/1214/234
f 868/1215/236 867/1231/236 859/1210/236
f 869/1217/238 868/1234/238 860/1212/238
f 870/1219/240 869/1217/240 861/1218/240
f 863/1220/242 871/1224/242 870/1219/242
f 872/1221/244 871/1224/244 863/1220/244
f 872/1221/586 864/1206/586 6237/1208/586
f 878/1223/248 877/1233/248 869/1217/248
f 871/1224/250 879/1225/250 878/1223/250
f 872/1221/282 880/1228/282 879/1225/282
f 872/1221/255 6230/1222/255 6226/1227/255
f 874/1229/256 873/1226/256 865/1213/256
f 875/1230/258 874/1229/258 866/1214/258
f 876/1232/260 875/1230/260 867/1231/260
f 877/1233/262 876/1238/262 868/1234/262
f 875/1230/456 883/1236/456 882/1235/456
f 876/1232/457 884/1251/457 883/1236/457
f 877/1233/458 885/1252/458 884/1237/458
f 886/1239/459 885/1252/459 877/1233/459
f 879/1225/460 887/1243/460 886/1239/460
f 888/1240/587 887/1243/587 879/1225/587
f 888/1240/291 880/1228/291 6226/1227/291
f 874/1229/463 882/1235/463 881/1241/463
f 887/1243/464 895/1259/464 894/1244/464
f 896/1245/294 895/1259/294 887/1243/294
f 896/1245/296 888/1240/296 6223/1242/296
f 890/1248/467 889/1246/467 881/1241/467
f 891/1249/588 890/1248/588 882/1235/588
f 892/1250/469 891/1249/469 883/1236/469
f 885/1252/470 893/1256/470 892/1253/470
f 894/1244/471 893/1256/471 885/1252/471
f 891/1249/472 899/1270/472 898/1254/472
f 900/1255/473 899/1270/473 891/1249/473
f 893/1256/474 901/1273/474 900/1257/474
f 902/1258/475 901/1273/475 893/1256/475
f 895/1259/476 903/1264/476 902/1258/476
f 904/1260/590 903/1264/590 895/1259/590
f 904/1260/308 896/1245/308 6214/1247/308
f 890/1248/592 898/1254/592 897/1261/592
f 911/1263/480 910/1274/480 902/1258/480
f 904/1260/311 912/1266/311 911/1263/311
f 912/1266/313 904/1260/313 6212/1262/313
f 906/1268/483 905/1265/483 897/1261/483
f 907/1269/484 906/1268/484 898/1254/484
f 908/1271/485 907/1269/485 899/1270/485
f 909/1272/486 908/8560/486 900/1257/486
f 910/1274/487 909/1272/487 901/1273/487
f 908/1271/488 916/1277/488 915/1275/488
f 909/1276/489 917/8561/489 916/1277/489
f 910/1278/490 918/1298/490 917/1279/490
f 919/1281/491 918/1298/491 910/1278/491
f 912/1283/324 920/1287/324 919/1281/324
f 6207/1285/326 920/1287/326 912/1283/326
f 906/1268/493 914/1292/493 913/1284/493
f 915/1275/494 914/1292/494 906/1268/494
f 920/1287/329 928/1302/329 927/1288/329
f 6200/1290/331 928/1302/331 920/1287/331
f 922/1291/713 921/1289/713 913/1284/713
f 923/1293/594 922/1291/594 914/1292/594
f 924/1294/498 923/1293/498 915/1275/498
f 917/1279/499 925/1300/499 924/1295/499
f 926/1297/500 925/1300/500 917/1279/500
f 919/1281/501 927/1288/501 926/1297/501
f 933/1299/502 932/1316/502 924/1295/502
f 934/1301/503 933/1299/503 925/1300/503
f 927/1288/504 935/1303/504 934/1301/504
f 928/1302/341 936/1310/341 935/1303/341
f 6196/1305/343 936/1310/343 928/1302/343
f 922/1291/507 930/1306/507 929/1304/507
f 923/1293/508 931/1313/508 930/1306/508
f 932/1307/509 931/1313/509 923/1293/509
f 6193/1309/511 944/1322/511 936/1310/511
f 938/1311/512 937/1308/512 929/1304/512
f 939/1312/513 938/1311/513 930/1306/513
f 940/1314/514 939/1312/514 931/1313/514
f 933/1299/515 941/1320/515 940/1315/515
f 942/1317/516 941/1320/516 933/1299/516
f 935/1303/517 943/1318/517 942/1317/517
f 936/1310/354 944/1322/354 943/1318/354
f 949/1319/518 948/1335/518 940/1315/518
f 950/1321/519 949/1319/519 941/1320/519
f 943/1318/520 951/1323/520 950/1321/520
f 944/1322/521 952/1329/521 951/1323/521
f 6197/1325/360 952/1329/360 944/1322/360
f 938/1311/523 946/1326/523 945/1324/523
f 939/1312/524 947/1332/524 946/1326/524
f 948/1327/525 947/1332/525 939/1312/525
f 6208/1328/364 960/1342/364 952/1329/364
f 954/1330/649 953/1338/649 945/1324/649
f 955/1331/528 954/1330/528 946/1326/528
f 956/1333/529 955/1331/529 947/1332/529
f 949/1319/530 957/1340/530 956/1334/530
f 958/1336/531 957/1340/531 949/1319/531
f 959/1337/532 958/1336/532 950/1321/532
f 952/1329/371 960/1342/371 959/1337/371
f 958/1336/534 966/1341/534 965/1339/534
f 959/1337/535 967/1343/535 966/1341/535
f 960/1342/536 968/1354/536 967/1343/536
f 6204/1345/860 968/1354/860 960/1342/860
f 954/1330/538 962/1346/538 961/1344/538
f 955/1331/539 963/1349/539 962/1346/539
f 964/1347/540 963/1349/540 955/1331/540
f 965/1339/541 964/8562/541 956/1334/541
f 970/1348/615 969/1356/615 961/1344/615
f 963/1349/543 971/1350/543 970/1348/543
f 964/1347/544 972/1369/544 971/1350/544
f 973/1351/545 972/1369/545 964/1347/545
f 974/1353/546 973/8563/546 965/1339/546
f 967/1343/547 975/1355/547 974/1353/547
f 968/1354/388 976/8564/388 975/1355/388
f 6202/1357/390 976/8564/390 968/1354/390
f 982/1358/549 981/1373/549 973/1359/549
f 975/1361/550 983/1363/550 982/1358/550
f 976/1362/393 984/1377/393 983/1363/393
f 6211/1365/395 984/1377/395 976/1362/395
f 978/1367/553 977/1364/553 969/1356/553
f 971/1350/554 979/1370/554 978/1367/554
f 980/1368/555 979/1370/555 971/1350/555
f 973/1351/556 981/8565/556 980/1368/556
f 979/1370/557 987/1386/557 986/1371/557
f 988/1372/558 987/1386/558 979/1370/558
f 981/1373/559 989/1388/559 988/1374/559
f 990/1376/560 989/1388/560 981/1373/560
f 983/1363/561 991/1378/561 990/1376/561
f 984/1377/406 992/1382/406 991/1378/406
f 6215/1380/616 992/1382/616 984/1377/616
f 978/1367/563 986/1371/563 985/1379/563
f 999/1381/564 998/1392/564 990/1376/564
f 992/1382/411 1000/1393/411 999/1381/411
f 6227/1384/413 1000/1393/413 992/1382/413
f 994/1385/566 993/1383/566 985/1379/566
f 987/1386/567 995/1391/567 994/1385/567
f 996/1387/568 995/1391/568 987/1386/568
f 989/1388/569 997/1390/569 996/1389/569
f 990/1376/570 998/1392/570 997/1390/570
f 996/1387/571 1003/1059/571 748/1057/571
f 997/1390/572 749/1060/572 1003/1062/572
f 998/1392/573 1004/1063/573 749/1060/573
f 750/1065/574 1004/1063/574 998/1392/574
f 1000/1393/848 751/1068/848 750/1065/848
f 6234/1072/425 751/1068/425 1000/1393/425
f 994/1385/576 1002/1056/576 1001/1069/576
f 995/1391/577 748/1057/577 1002/1056/577
f 1005/1394/8 1011/1398/8 1010/1395/8
f 1260/1397/10 1012/1417/10 1011/1398/10
f 1006/1399/12 1013/1403/12 1012/1400/12
f 1261/1402/14 1014/1420/14 1013/1403/14
f 1015/1404/16 1014/1420/16 1261/1402/16
f 1016/1406/630 1015/1404/630 1007/1405/630
f 1016/1406/21 1008/1407/21 6233/1411/21
f 1259/1396/430 1010/1395/430 1009/1409/430
f 6238/1413/24 1024/1422/24 1016/1406/24
f 1018/1414/25 1017/1423/25 1009/1409/25
f 1019/1415/27 1018/1414/27 1010/1395/27
f 1020/1416/29 1019/1415/29 1011/1398/29
f 1013/1403/31 1021/1425/31 1020/1418/31
f 1022/1419/33 1021/1425/33 1013/1403/33
f 1023/1421/35 1022/1419/35 1014/1420/35
f 1024/1422/37 1023/1421/37 1015/1404/37
f 1030/1424/41 1029/1437/41 1021/1425/41
f 1031/1426/43 1030/1424/43 1022/1419/43
f 1024/1422/45 1032/1440/45 1031/1426/45
f 6240/1428/857 1032/1440/857 1024/1422/857
f 1026/1429/814 1025/1427/814 1017/1423/814
f 1019/1415/432 1027/1430/432 1026/1429/432
f 1020/1416/53 1028/1434/53 1027/1430/53
f 1021/1425/55 1029/1437/55 1028/1431/55
f 1035/1432/57 1034/1443/57 1026/1429/57
f 1036/1433/59 1035/1432/59 1027/1430/59
f 1029/1435/61 1037/8566/61 1036/1433/61
f 1030/1424/63 1038/8567/63 1037/1436/63
f 1039/1438/65 1038/8567/65 1030/1424/65
f 1040/1439/67 1039/1438/67 1031/1426/67
f 6247/1442/433 1040/1439/433 1032/1440/433
f 1034/1443/434 1033/1441/434 1025/1427/434
f 1039/1444/73 1047/1448/73 1046/1445/73
f 1040/1447/619 1048/1450/619 1047/1448/619
f 1048/1450/78 1040/1447/78 6247/1451/78
f 1034/1443/435 1042/1459/435 1041/1449/435
f 1043/1453/81 1042/1459/81 1034/1443/81
f 1044/1454/83 1043/1453/83 1035/1432/83
f 1045/1455/85 1044/1462/85 1036/1456/85
f 1038/1446/87 1046/1445/87 1045/1455/87
f 1043/1453/88 1052/1472/88 1051/1458/88
f 1053/1460/90 1052/1472/90 1043/1453/90
f 1054/1461/92 1053/1476/92 1044/1462/92
f 1046/1445/94 1055/1463/94 1054/1461/94
f 1047/1448/96 1056/1464/96 1055/1463/96
f 1048/1450/437 1057/1466/437 1056/1464/437
f 1057/1466/438 1048/1450/438 6253/1452/438
f 1042/1459/774 1051/1458/774 1050/1465/774
f 1056/1464/104 1064/1482/104 1063/1468/104
f 1065/1469/106 1064/1482/106 1056/1464/106
f 6268/1471/581 1065/1469/581 1057/1466/581
f 1051/1458/110 1059/1473/110 1058/1470/110
f 1052/1472/112 1060/1474/112 1059/1473/112
f 1053/1460/114 1061/1478/114 1060/1474/114
f 1054/1461/116 1062/1479/116 1061/1475/116
f 1063/1468/118 1062/1479/118 1054/1461/118
f 1069/1477/121 1068/1493/121 1060/1474/121
f 1062/1479/123 1070/1496/123 1069/1480/123
f 1071/1481/125 1070/1496/125 1062/1479/125
f 1064/1482/127 1072/1488/127 1071/1481/127
f 1073/1483/440 1072/1488/440 1064/1482/440
f 6263/1485/607 1073/1483/607 1065/1469/607
f 1067/1486/133 1066/1484/133 1058/1470/133
f 1060/1474/135 1068/1493/135 1067/1486/135
f 1073/1483/137 1081/1490/137 1080/1487/137
f 1081/1490/608 1073/1483/608 6263/1485/608
f 1067/1486/141 1075/1506/141 1074/1489/141
f 1076/1492/143 1075/1506/143 1067/1486/143
f 1077/1494/145 1076/1492/145 1068/1493/145
f 1078/1495/147 1077/1500/147 1069/1480/147
f 1079/1497/149 1078/1495/149 1070/1496/149
f 1072/1488/151 1080/1487/151 1079/1497/151
f 1077/1494/152 1085/1513/152 1084/1498/152
f 1078/1495/154 1086/1514/154 1085/1499/154
f 1087/1501/156 1086/1514/156 1078/1495/156
f 1080/1487/158 1088/1508/158 1087/1501/158
f 1089/1502/851 1088/1508/851 1080/1487/851
f 1089/1502/443 1081/1490/443 6267/1491/443
f 1083/1505/859 1082/1503/859 1074/1489/859
f 1084/1498/166 1083/1505/166 1075/1506/166
f 1097/1507/168 1096/1522/168 1088/1508/168
f 1089/1502/748 6270/1504/748 6363/1510/748
f 1091/1511/172 1090/1509/172 1082/1503/172
f 1092/1512/447 1091/1511/447 1083/1505/447
f 1085/1513/176 1093/1519/176 1092/1512/176
f 1086/1514/178 1094/1521/178 1093/1515/178
f 1095/1516/180 1094/1521/180 1086/1514/180
f 1088/1508/182 1096/1522/182 1095/1516/182
f 1094/1517/185 1102/8568/185 1101/1518/185
f 1103/1520/187 1102/8569/187 1094/1521/187
f 1096/1522/189 1104/8570/189 1103/1520/189
f 1105/1523/861 1104/8570/861 1096/1522/861
f 1097/1507/194 6363/1510/194 6362/1525/194
f 1099/1526/195 1098/1524/195 1090/1509/195
f 1100/1527/197 1099/1526/197 1091/1511/197
f 1093/1519/199 1101/1518/199 1100/1527/199
f 1113/1528/583 1105/1540/583 6362/1529/583
f 1099/1526/202 1107/1532/202 1106/1531/202
f 1100/1527/204 1108/1533/204 1107/1532/204
f 1101/1518/206 1109/1551/206 1108/1533/206
f 1102/1534/208 1110/1542/208 1109/1535/208
f 1111/1537/210 1110/1542/210 1102/1534/210
f 1104/1539/212 1112/1543/212 1111/1537/212
f 1113/1528/449 1112/1543/449 1104/1539/449
f 1111/1537/217 1119/1544/217 1118/1541/217
f 1112/1543/219 1120/1558/219 1119/1544/219
f 1121/1545/221 1120/1558/221 1112/1543/221
f 1121/1545/622 1113/1528/622 6364/1530/622
f 1115/1548/225 1114/1546/225 1106/1531/225
f 1116/1549/227 1115/1548/227 1107/1532/227
f 1117/1550/229 1116/1549/229 1108/1533/229
f 1110/1542/231 1118/1541/231 1117/1552/231
f 1123/1553/452 1122/1560/452 1114/1546/452
f 1124/1554/234 1123/1553/234 1115/1548/234
f 1125/1555/236 1124/1554/236 1116/1549/236
f 1126/1556/238 1125/1571/238 1117/1552/238
f 1127/1557/240 1126/1556/240 1118/1541/240
f 1120/1558/242 1128/1559/242 1127/1557/242
f 1121/1545/862 1129/1563/862 1128/1559/862
f 6360/1561/586 1129/1563/586 1121/1545/586
f 1135/1562/248 1134/1575/248 1126/1556/248
f 1128/1559/250 1136/1564/250 1135/1562/250
f 1129/1563/282 1137/1567/282 1136/1564/282
f 1129/1563/255 6360/1561/255 6365/1566/255
f 1123/1553/256 1131/1568/256 1130/1565/256
f 1124/1554/258 1132/1569/258 1131/1568/258
f 1125/1555/260 1133/1574/260 1132/1569/260
f 1126/1556/262 1134/1575/262 1133/1570/262
f 1140/1572/456 1139/1581/456 1131/1568/456
f 1141/1573/457 1140/1572/457 1132/1569/457
f 1134/1575/458 1142/1589/458 1141/1576/458
f 1143/1577/459 1142/1589/459 1134/1575/459
f 1136/1564/460 1144/1582/460 1143/1577/460
f 1145/1578/461 1144/1582/461 1136/1564/461
f 1145/1578/668 1137/1567/668 6365/1566/668
f 1139/1581/463 1138/1579/463 1130/1565/463
f 1144/1582/464 1152/1597/464 1151/1583/464
f 1153/1584/294 1152/1597/294 1144/1582/294
f 1153/1584/296 1145/1578/296 6357/1580/296
f 1139/1581/467 1147/1587/467 1146/1585/467
f 1140/1572/588 1148/1591/588 1147/1587/588
f 1149/1588/469 1148/1591/469 1140/1572/469
f 1142/1589/470 1150/1594/470 1149/1590/470
f 1151/1583/471 1150/1594/471 1142/1589/471
f 1148/1591/472 1156/1593/472 1155/1592/472
f 1149/1588/473 1157/1609/473 1156/1593/473
f 1150/1594/474 1158/1611/474 1157/1595/474
f 1159/1596/475 1158/1611/475 1150/1594/475
f 1152/1597/476 1160/1601/476 1159/1596/476
f 1161/1598/590 1160/1601/590 1152/1597/590
f 1161/1598/591 1153/1584/591 6358/1586/591
f 1147/1587/592 1155/1592/592 1154/1599/592
f 1160/1601/480 1168/1603/480 1167/1602/480
f 1161/1598/311 1169/1605/311 1168/1603/311
f 1169/1605/313 1161/1598/313 6356/1600/313
f 1155/1592/483 1163/1626/483 1162/1604/483
f 1164/1607/484 1163/1626/484 1155/1592/484
f 1165/1608/485 1164/1607/485 1156/1593/485
f 1166/1610/486 1165/8571/486 1157/1595/486
f 1159/1596/487 1167/1602/487 1166/1610/487
f 1173/1612/488 1172/1627/488 1164/1607/488
f 1166/1613/489 1174/8572/489 1173/1612/489
f 1167/1614/490 1175/1618/490 1174/1615/490
f 1168/1617/491 1176/1620/491 1175/1618/491
f 1169/1619/324 1177/1622/324 1176/1620/324
f 1177/1622/326 1169/1619/326 6366/1623/326
f 1171/1625/493 1170/1621/493 1162/1604/493
f 1172/1627/494 1171/1625/494 1163/1626/494
f 1177/1622/329 1185/1630/329 1184/1628/329
f 1185/1630/331 1177/1622/331 6350/1624/331
f 1179/1632/713 1178/1629/713 1170/1621/713
f 1172/1627/594 1180/1633/594 1179/1632/594
f 1173/1612/498 1181/1646/498 1180/1633/498
f 1174/1615/499 1182/1638/499 1181/1634/499
f 1183/1636/500 1182/1638/500 1174/1615/500
f 1176/1620/501 1184/1628/501 1183/1636/501
f 1190/1637/502 1189/1654/502 1181/1634/502
f 1191/1639/503 1190/1637/503 1182/1638/503
f 1184/1628/504 1192/1640/504 1191/1639/504
f 1185/1630/341 1193/1642/341 1192/1640/341
f 1193/1642/343 1185/1630/343 6352/1631/343
f 1179/1632/507 1187/1644/507 1186/1641/507
f 1180/1633/508 1188/1651/508 1187/1644/508
f 1189/1645/509 1188/1651/509 1180/1633/509
f 6346/1648/511 1201/1657/511 1193/1642/511
f 1195/1649/512 1194/1647/512 1186/1641/512
f 1196/1650/513 1195/1649/513 1187/1644/513
f 1197/1652/514 1196/1650/514 1188/1651/514
f 1190/1637/515 1198/1655/515 1197/1653/515
f 1191/1639/516 1199/1656/516 1198/1655/516
f 1192/1640/517 1200/1660/517 1199/1656/517
f 1201/1657/354 1200/1660/354 1192/1640/354
f 1198/1655/518 1206/1673/518 1205/1658/518
f 1207/1659/519 1206/1673/519 1198/1655/519
f 1200/1660/520 1208/1661/520 1207/1659/520
f 1201/1657/521 1209/1663/521 1208/1661/521
f 1209/1663/360 1201/1657/360 6346/1648/360
f 1195/1649/523 1203/1665/523 1202/1662/523
f 1196/1650/524 1204/1671/524 1203/1665/524
f 1205/1666/525 1204/1671/525 1196/1650/525
f 1217/1667/364 1209/1663/364 6355/1664/364
f 1211/1669/527 1210/1677/527 1202/1662/527
f 1212/1670/528 1211/1669/528 1203/1665/528
f 1213/1672/529 1212/1670/529 1204/1671/529
f 1206/1673/530 1214/1679/530 1213/1674/530
f 1215/1675/531 1214/1679/531 1206/1673/531
f 1208/1661/532 1216/1676/532 1215/1675/532
f 1209/1663/371 1217/1667/371 1216/1676/371
f 1215/1675/534 1223/1680/534 1222/1678/534
f 1216/1676/535 1224/1693/535 1223/1680/535
f 1225/1681/536 1224/1693/536 1216/1676/536
f 6351/1683/860 1225/1681/860 1217/1667/860
f 1211/1669/600 1219/1684/600 1218/1682/600
f 1212/1670/539 1220/1689/539 1219/1684/539
f 1221/1685/540 1220/1689/540 1212/1670/540
f 1214/1679/541 1222/1678/541 1221/1686/541
f 1227/1687/542 1226/1695/542 1218/1682/542
f 1228/1688/543 1227/1687/543 1219/1684/543
f 1221/1685/544 1229/1707/544 1228/1688/544
f 1230/1690/545 1229/1707/545 1221/1685/545
f 1231/1692/546 1230/8573/546 1222/1678/546
f 1224/1693/547 1232/1694/547 1231/1692/547
f 1225/1681/388 1233/8574/388 1232/1694/388
f 6367/1696/390 1233/8574/390 1225/1681/390
f 1239/1697/549 1238/1715/549 1230/1698/549
f 1232/1700/550 1240/1702/550 1239/1697/550
f 1233/1701/393 1241/1718/393 1240/1702/393
f 6359/1704/552 1241/1718/552 1233/1701/552
f 1235/1706/553 1234/1703/553 1226/1695/553
f 1228/1688/554 1236/1708/554 1235/1706/554
f 1229/1707/555 1237/1712/555 1236/1708/555
f 1238/1709/556 1237/1712/556 1229/1707/556
f 1236/1708/557 1244/1726/557 1243/1710/557
f 1245/1711/558 1244/1726/558 1236/1708/558
f 1246/1713/559 1245/1729/559 1237/1714/559
f 1247/1716/560 1246/1713/560 1238/1715/560
f 1248/1717/561 1247/1716/561 1239/1697/561
f 1241/1718/406 1249/1722/406 1248/1717/406
f 6213/1720/616 1249/1722/616 1241/1718/616
f 1235/1706/563 1243/1710/563 1242/1719/563
f 1256/1721/564 1255/1732/564 1247/1716/564
f 1249/1722/411 1257/1733/411 1256/1721/411
f 6224/1724/413 1257/1733/413 1249/1722/413
f 1251/1725/566 1250/1723/566 1242/1719/566
f 1244/1726/567 1252/1731/567 1251/1725/567
f 1253/1727/568 1252/1731/568 1244/1726/568
f 1246/1713/569 1254/1730/569 1253/1728/569
f 1247/1716/570 1255/1732/570 1254/1730/570
f 1253/1727/571 1260/1397/571 1005/1394/571
f 1254/1730/572 1006/1399/572 1260/1401/572
f 1255/1732/573 1261/1402/573 1006/1399/573
f 1007/1405/574 1261/1402/574 1255/1732/574
f 1257/1733/423 1008/1407/423 1007/1405/423
f 6233/1411/603 1008/1407/603 1257/1733/603
f 1251/1725/576 1259/1396/576 1258/1408/576
f 1252/1731/577 1005/1394/577 1259/1396/577
f 1262/1734/8 1268/1738/8 1267/1735/8
f 1517/1737/10 1269/1757/10 1268/1738/10
f 1263/1739/12 1270/1743/12 1269/1740/12
f 1518/1742/14 1271/1760/14 1270/1743/14
f 1272/1744/16 1271/1760/16 1518/1742/16
f 1265/1746/427 1273/1753/427 1272/1744/427
f 6183/1750/21 1273/1753/21 1265/1746/21
f 1516/1736/430 1267/1735/430 1266/1748/430
f 6186/1752/24 1281/1764/24 1273/1753/24
f 1275/1754/25 1274/1762/25 1266/1748/25
f 1276/1755/27 1275/1754/27 1267/1735/27
f 1277/1756/29 1276/1755/29 1268/1738/29
f 1278/1758/31 1277/1771/31 1269/1740/31
f 1279/1759/33 1278/1758/33 1270/1743/33
f 1280/1761/35 1279/1759/35 1271/1760/35
f 1273/1753/37 1281/1764/37 1280/1761/37
f 1287/1763/41 1286/1777/41 1278/1758/41
f 1280/1761/43 1288/1765/43 1287/1763/43
f 1281/1764/45 1289/1779/45 1288/1765/45
f 6185/1767/857 1289/1779/857 1281/1764/857
f 1283/1768/814 1282/1766/814 1274/1762/814
f 1276/1755/51 1284/1769/51 1283/1768/51
f 1277/1756/53 1285/1774/53 1284/1769/53
f 1278/1758/55 1286/1777/55 1285/1770/55
f 1292/1772/57 1291/1782/57 1283/1768/57
f 1293/1773/59 1292/1772/59 1284/1769/59
f 1286/1775/61 1294/8575/61 1293/1773/61
f 1287/1763/63 1295/8576/63 1294/1776/63
f 1296/1778/65 1295/8576/65 1287/1763/65
f 1289/1779/67 1297/8577/67 1296/1778/67
f 6199/1781/433 1297/8577/433 1289/1779/433
f 1291/1782/434 1290/1780/434 1282/1766/434
f 1304/1783/73 1303/1800/73 1295/1784/73
f 1297/1786/75 1305/1802/75 1304/1783/75
f 6190/1788/606 1305/1802/606 1297/1786/606
f 1291/1782/79 1299/1790/79 1298/1787/79
f 1292/1772/81 1300/1795/81 1299/1790/81
f 1301/1791/83 1300/1795/83 1292/1772/83
f 1302/1792/85 1301/1799/85 1293/1793/85
f 1295/1784/87 1303/1800/87 1302/1792/87
f 1300/1795/88 1309/1812/88 1308/1796/88
f 1310/1797/90 1309/1812/90 1300/1795/90
f 1311/1798/92 1310/1815/92 1301/1799/92
f 1303/1800/94 1312/1807/94 1311/1798/94
f 1313/1801/96 1312/1807/96 1303/1800/96
f 1305/1802/98 1314/1804/98 1313/1801/98
f 1314/1804/846 1305/1802/846 6190/1788/846
f 1299/1790/102 1308/1796/102 1307/1803/102
f 1313/1801/104 1321/1821/104 1320/1806/104
f 1322/1808/439 1321/1821/439 1313/1801/439
f 6194/1810/581 1322/1808/581 1314/1804/581
f 1316/1811/110 1315/1809/110 1307/1803/110
f 1309/1812/112 1317/1813/112 1316/1811/112
f 1310/1797/114 1318/1817/114 1317/1813/114
f 1311/1798/116 1319/1818/116 1318/1814/116
f 1320/1806/118 1319/1818/118 1311/1798/118
f 1326/1816/121 1325/1826/121 1317/1813/121
f 1319/1818/123 1327/1834/123 1326/1819/123
f 1328/1820/125 1327/1834/125 1319/1818/125
f 1321/1821/127 1329/1828/127 1328/1820/127
f 1330/1822/440 1329/1828/440 1321/1821/440
f 6191/1824/132 1330/1822/132 1322/1808/132
f 1324/1825/133 1323/1823/133 1315/1809/133
f 1325/1826/135 1324/1825/135 1316/1811/135
f 1338/1827/275 1337/1841/275 1329/1828/275
f 1338/1827/140 1330/1822/140 6191/1824/140
f 1332/1831/141 1331/1829/141 1323/1823/141
f 1333/1832/143 1332/1831/143 1324/1825/143
f 1334/1833/145 1333/1832/145 1325/1826/145
f 1327/1834/147 1335/1838/147 1334/1835/147
f 1336/1836/149 1335/1838/149 1327/1834/149
f 1329/1828/151 1337/1841/151 1336/1836/151
f 1342/1837/152 1341/1851/152 1333/1832/152
f 1335/1838/154 1343/1852/154 1342/1839/154
f 1344/1840/156 1343/1852/156 1335/1838/156
f 1337/1841/158 1345/1847/158 1344/1840/158
f 1346/1842/160 1345/1847/160 1337/1841/160
f 1346/1842/163 1338/1827/163 6195/1830/163
f 1332/1831/164 1340/1845/164 1339/1843/164
f 1333/1832/166 1341/1851/166 1340/1845/166
f 1354/1846/168 1353/1855/168 1345/1847/168
f 1346/1842/171 6187/1844/171 6189/1849/171
f 1340/1845/172 1348/1866/172 1347/1848/172
f 1349/1850/447 1348/1866/447 1340/1845/447
f 1342/1837/176 1350/1858/176 1349/1850/176
f 1343/1852/178 1351/1854/178 1350/1853/178
f 1344/1840/180 1352/1859/180 1351/1854/180
f 1353/1855/182 1352/1859/182 1344/1840/182
f 1351/1856/185 1359/8578/185 1358/1857/185
f 1352/1859/187 1360/8579/187 1359/1860/187
f 1361/1861/189 1360/8579/189 1352/1859/189
f 1354/1846/191 1362/1864/191 1361/1861/191
f 1354/1846/852 6189/1849/852 6198/1863/852
f 1356/1865/195 1355/1862/195 1347/1848/195
f 1349/1850/197 1357/1867/197 1356/1865/197
f 1350/1858/199 1358/1857/199 1357/1867/199
f 6184/1868/583 1370/1884/583 1362/1869/583
f 1364/1871/202 1363/1881/202 1355/1862/202
f 1365/1872/204 1364/1871/204 1356/1865/204
f 1366/1873/206 1365/1872/206 1357/1867/206
f 1367/1874/208 1366/1891/208 1358/1875/208
f 1368/1877/210 1367/1874/210 1359/1876/210
f 1361/1879/212 1369/1880/212 1368/1877/212
f 1362/1869/214 1370/1884/214 1369/1880/214
f 1368/1877/217 1376/1883/217 1375/1882/217
f 1369/1880/219 1377/1885/219 1376/1883/219
f 1370/1884/221 1378/1887/221 1377/1885/221
f 1378/1887/853 1370/1884/853 6184/1868/853
f 1364/1871/854 1372/1889/854 1371/1886/854
f 1365/1872/585 1373/1894/585 1372/1889/585
f 1374/1890/229 1373/1894/229 1365/1872/229
f 1375/1882/231 1374/1897/231 1366/1891/231
f 1380/1892/452 1379/1900/452 1371/1886/452
f 1381/1893/453 1380/1892/453 1372/1889/453
f 1382/1895/236 1381/1893/236 1373/1894/236
f 1383/1896/238 1382/1911/238 1374/1897/238
f 1384/1898/240 1383/1896/240 1375/1882/240
f 1377/1885/242 1385/1899/242 1384/1898/242
f 1378/1887/244 1386/1901/244 1385/1899/244
f 1386/1901/586 1378/1887/586 6329/1888/586
f 1392/1903/248 1391/1916/248 1383/1896/248
f 1385/1899/250 1393/1904/250 1392/1903/250
f 1386/1901/282 1394/1906/282 1393/1904/282
f 1394/1906/455 1386/1901/455 6318/1902/455
f 1380/1892/256 1388/1908/256 1387/1905/256
f 1381/1893/258 1389/1909/258 1388/1908/258
f 1382/1895/260 1390/1914/260 1389/1909/260
f 1383/1896/262 1391/1916/262 1390/1910/262
f 1397/1912/456 1396/1921/456 1388/1908/456
f 1398/1913/457 1397/1912/457 1389/1909/457
f 1399/1915/458 1398/1930/458 1390/1910/458
f 1392/1903/459 1400/1923/459 1399/1915/459
f 1401/1917/460 1400/1923/460 1392/1903/460
f 1394/1906/461 1402/1919/461 1401/1917/461
f 1402/1919/668 1394/1906/668 6320/1907/668
f 1396/1921/463 1395/1918/463 1387/1905/463
f 1409/1922/464 1408/1931/464 1400/1923/464
f 1402/1919/294 1410/1925/294 1409/1922/294
f 1410/1925/296 1402/1919/296 6311/1920/296
f 1396/1921/467 1404/1927/467 1403/1924/467
f 1397/1912/588 1405/1928/588 1404/1927/588
f 1398/1913/469 1406/1934/469 1405/1928/469
f 1399/1915/470 1407/1935/470 1406/1929/470
f 1408/1931/471 1407/1935/471 1399/1915/471
f 1413/1932/589 1412/1942/589 1404/1927/589
f 1414/1933/473 1413/1932/473 1405/1928/473
f 1407/1935/474 1415/1950/474 1414/1936/474
f 1416/1937/475 1415/1950/475 1407/1935/475
f 1409/1922/476 1417/1938/476 1416/1937/476
f 1410/1925/590 1418/1941/590 1417/1938/590
f 1410/1925/478 6307/1926/478 6304/1940/478
f 1412/1942/592 1411/1939/592 1403/1924/592
f 1417/1938/480 1425/1944/480 1424/1943/480
f 1418/1941/311 1426/1946/311 1425/1944/311
f 1426/1946/482 1418/1941/482 6304/1940/482
f 1412/1942/695 1420/1948/695 1419/1945/695
f 1413/1932/484 1421/1953/484 1420/1948/484
f 1422/1949/485 1421/1953/485 1413/1932/485
f 1415/1950/486 1423/8580/486 1422/1951/486
f 1424/1943/487 1423/8580/487 1415/1950/487
f 1430/1952/488 1429/1970/488 1421/1953/488
f 1423/1954/489 1431/8581/489 1430/1952/489
f 1432/1955/490 1431/1972/490 1423/1956/490
f 1425/1958/491 1433/1960/491 1432/1955/491
f 1426/1959/324 1434/1962/324 1433/1960/324
f 1434/1962/326 1426/1959/326 6292/1963/326
f 1428/1965/493 1427/1961/493 1419/1945/493
f 1421/1953/494 1429/1970/494 1428/1965/494
f 1442/1966/329 1441/1979/329 1433/1960/329
f 1442/1966/855 1434/1962/855 6294/1964/855
f 1436/1969/713 1435/1967/713 1427/1961/713
f 1429/1970/594 1437/1984/594 1436/1969/594
f 1438/1971/498 1437/1984/498 1429/1970/498
f 1431/1972/499 1439/1976/499 1438/1973/499
f 1440/1975/500 1439/1976/500 1431/1972/500
f 1433/1960/501 1441/1979/501 1440/1975/501
f 1439/1976/502 1447/1992/502 1446/1977/502
f 1448/1978/503 1447/1992/503 1439/1976/503
f 1441/1979/504 1449/1993/504 1448/1978/504
f 1450/1980/341 1449/1993/341 1441/1979/341
f 6281/1982/343 1450/1980/343 1442/1966/343
f 1436/1969/507 1444/1989/507 1443/1981/507
f 1445/1983/508 1444/1989/508 1436/1969/508
f 1446/1985/509 1445/1983/509 1437/1984/509
f 6277/1987/511 1458/1995/511 1450/1980/511
f 1452/1988/512 1451/1986/512 1443/1981/512
f 1445/1983/513 1453/2004/513 1452/1988/513
f 1454/1990/514 1453/2004/514 1445/1983/514
f 1455/1991/515 1454/1997/515 1446/1977/515
f 1448/1978/516 1456/1994/516 1455/1991/516
f 1449/1993/517 1457/1999/517 1456/1994/517
f 1458/1995/597 1457/1999/597 1449/1993/597
f 1455/1991/518 1463/2013/518 1462/1996/518
f 1464/1998/519 1463/2013/519 1455/1991/519
f 1457/1999/520 1465/2000/520 1464/1998/520
f 1458/1995/358 1466/2002/358 1465/2000/358
f 1466/2002/598 1458/1995/598 6277/1987/598
f 1452/1988/523 1460/2005/523 1459/2001/523
f 1453/2004/524 1461/2011/524 1460/2005/524
f 1462/2006/525 1461/2011/525 1453/2004/525
f 1474/2007/364 1466/2002/364 6283/2003/364
f 1460/2005/527 1468/2023/527 1467/2009/527
f 1469/2010/528 1468/2023/528 1460/2005/528
f 1470/2012/529 1469/2010/529 1461/2011/529
f 1463/2013/530 1471/2018/530 1470/2014/530
f 1472/2015/531 1471/2018/531 1463/2013/531
f 1465/2000/532 1473/2016/532 1472/2015/532
f 1466/2002/371 1474/2007/371 1473/2016/371
f 1480/2017/534 1479/2032/534 1471/2018/534
f 1473/2016/535 1481/2033/535 1480/2017/535
f 1482/2019/536 1481/2033/536 1473/2016/536
f 6177/2021/599 1482/2019/599 1474/2007/599
f 1476/2022/538 1475/2020/538 1467/2009/538
f 1477/2024/539 1476/2022/539 1468/2023/539
f 1478/2025/540 1477/2024/540 1469/2010/540
f 1471/2018/541 1479/2032/541 1478/2026/541
f 1484/2027/542 1483/2035/542 1475/2020/542
f 1477/2024/543 1485/2028/543 1484/2027/543
f 1478/2025/544 1486/2030/544 1485/2028/544
f 1479/2029/545 1487/2050/545 1486/2030/545
f 1488/2031/546 1487/8582/546 1479/2032/546
f 1481/2033/547 1489/2034/547 1488/2031/547
f 1482/2019/388 1490/8583/388 1489/2034/388
f 6178/2036/390 1490/8583/390 1482/2019/390
f 1496/2037/549 1495/2056/549 1487/2038/549
f 1489/2040/550 1497/2042/550 1496/2037/550
f 1490/2041/393 1498/2044/393 1497/2042/393
f 1498/2044/395 1490/2041/395 6178/2045/395
f 1484/2027/553 1492/2047/553 1491/2043/553
f 1485/2028/554 1493/2048/554 1492/2047/554
f 1486/2030/555 1494/2053/555 1493/2048/555
f 1495/2049/556 1494/2053/556 1486/2030/556
f 1501/2051/557 1500/2062/557 1492/2047/557
f 1502/2052/558 1501/2051/558 1493/2048/558
f 1503/2054/559 1502/2070/559 1494/2055/559
f 1504/2057/560 1503/2054/560 1495/2056/560
f 1497/2042/561 1505/2058/561 1504/2057/561
f 1498/2044/406 1506/2060/406 1505/2058/406
f 1506/2060/408 1498/2044/408 6179/2046/408
f 1500/2062/856 1499/2059/856 1491/2043/856
f 1505/2058/564 1513/2064/564 1512/2063/564
f 1506/2060/411 1514/2073/411 1513/2064/411
f 6181/2066/625 1514/2073/625 1506/2060/625
f 1508/2067/566 1507/2065/566 1499/2059/566
f 1501/2051/567 1509/2071/567 1508/2067/567
f 1510/2068/568 1509/2071/568 1501/2051/568
f 1503/2054/569 1511/2072/569 1510/2069/569
f 1512/2063/570 1511/2072/570 1503/2054/570
f 1517/1737/571 1262/1734/571 1509/2071/571
f 1511/2072/572 1263/1739/572 1517/1741/572
f 1518/1742/573 1263/1739/573 1511/2072/573
f 1513/2064/574 1264/1745/574 1518/1742/574
f 1514/2073/848 1265/1746/848 1264/1745/848
f 6182/1751/603 1265/1746/603 1514/2073/603
f 1508/2067/576 1516/1736/576 1515/1747/576
f 1509/2071/577 1262/1734/577 1516/1736/577
f 1525/2074/8 1524/2094/8 1773/2075/8
f 1774/2077/10 1526/2098/10 1525/2074/10
f 1520/2078/12 1527/2082/12 1526/2079/12
f 1775/2081/14 1528/2084/14 1527/2082/14
f 1521/2083/16 1529/2086/16 1528/2084/16
f 1522/2085/630 1530/2093/630 1529/2086/630
f 6324/2090/429 1530/2093/429 1522/2085/429
f 1773/2075/430 1524/2094/430 1523/2088/430
f 6328/2092/265 1538/2104/265 1530/2093/265
f 1524/2094/25 1532/2096/25 1531/2095/25
f 1525/2074/27 1533/2110/27 1532/2096/27
f 1534/2097/29 1533/2110/29 1525/2074/29
f 1527/2082/31 1535/2103/31 1534/2099/31
f 1536/2100/33 1535/2103/33 1527/2082/33
f 1537/2101/35 1536/2100/35 1528/2084/35
f 1530/2093/37 1538/2104/37 1537/2101/37
f 1544/2102/41 1543/2117/41 1535/2103/41
f 1537/2101/43 1545/2105/43 1544/2102/43
f 1538/2104/45 1546/2118/45 1545/2105/45
f 6332/2107/857 1546/2118/857 1538/2104/857
f 1540/2108/814 1539/2106/814 1531/2095/814
f 1541/2109/51 1540/2108/51 1532/2096/51
f 1542/2111/53 1541/2109/53 1533/2110/53
f 1535/2103/55 1543/2117/55 1542/2112/55
f 1549/2113/57 1548/2122/57 1540/2108/57
f 1550/2114/59 1549/2113/59 1541/2109/59
f 1543/2115/61 1551/8584/61 1550/2114/61
f 1552/2116/63 1551/8585/63 1543/2117/63
f 1545/2105/65 1553/2119/65 1552/2116/65
f 1546/2118/67 1554/8586/67 1553/2119/67
f 6345/2121/433 1554/8586/433 1546/2118/433
f 1548/2122/434 1547/2120/434 1539/2106/434
f 1553/2123/73 1561/2127/73 1560/2124/73
f 1554/2126/75 1562/2129/75 1561/2127/75
f 1562/2129/78 1554/2126/78 6345/2130/78
f 1548/2122/79 1556/2132/79 1555/2128/79
f 1549/2113/81 1557/2138/81 1556/2132/81
f 1558/2133/83 1557/2138/83 1549/2113/83
f 1551/2134/85 1559/2140/85 1558/2135/85
f 1560/2124/87 1559/2140/87 1551/2134/87
f 1566/2137/88 1565/2147/88 1556/2132/88
f 1567/2139/90 1566/2137/90 1557/2138/90
f 1559/2140/92 1568/2155/92 1567/2141/92
f 1569/2142/94 1568/2155/94 1559/2140/94
f 1561/2127/96 1570/2143/96 1569/2142/96
f 1562/2129/98 1571/2145/98 1570/2143/98
f 1571/2145/101 1562/2129/101 6343/2131/101
f 1565/2147/102 1564/2144/102 1555/2128/102
f 1570/2143/104 1578/2149/104 1577/2148/104
f 1571/2145/439 1579/2151/439 1578/2149/439
f 1579/2151/109 1571/2145/109 6341/2146/109
f 1573/2153/110 1572/2150/110 1564/2144/110
f 1566/2137/112 1574/2158/112 1573/2153/112
f 1575/2154/114 1574/2158/114 1566/2137/114
f 1568/2155/116 1576/2160/116 1575/2156/116
f 1577/2148/118 1576/2160/118 1568/2155/118
f 1583/2157/121 1582/2166/121 1574/2158/121
f 1584/2159/123 1583/2175/123 1575/2156/123
f 1585/2161/125 1584/2159/125 1576/2160/125
f 1578/2149/127 1586/2162/127 1585/2161/127
f 1579/2151/440 1587/2165/440 1586/2162/440
f 1579/2151/607 6369/2152/607 6349/2164/607
f 1573/2153/133 1581/2172/133 1580/2163/133
f 1582/2166/135 1581/2172/135 1573/2153/135
f 1587/2165/275 1595/2170/275 1594/2167/275
f 1587/2165/632 6349/2164/632 6368/2169/632
f 1589/2171/141 1588/2168/141 1580/2163/141
f 1590/2173/143 1589/2171/143 1581/2172/143
f 1583/2157/145 1591/2178/145 1590/2173/145
f 1592/2174/147 1591/2180/147 1583/2175/147
f 1593/2176/149 1592/2174/149 1584/2159/149
f 1586/2162/151 1594/2167/151 1593/2176/151
f 1599/2177/152 1598/2191/152 1590/2173/152
f 1592/2174/154 1600/2194/154 1599/2179/154
f 1601/2181/156 1600/2194/156 1592/2174/156
f 1594/2167/158 1602/2182/158 1601/2181/158
f 1595/2170/851 1603/2185/851 1602/2182/851
f 1595/2170/443 6368/2169/443 6340/2184/443
f 1589/2171/164 1597/2186/164 1596/2183/164
f 1590/2173/166 1598/2191/166 1597/2186/166
f 1603/2185/168 1611/2190/168 1610/2187/168
f 1603/2185/171 6340/2184/171 6337/2189/171
f 1597/2186/172 1605/2192/172 1604/2188/172
f 1598/2191/447 1606/2208/447 1605/2192/447
f 1607/2193/176 1606/2208/176 1598/2191/176
f 1600/2194/178 1608/2200/178 1607/2195/178
f 1609/2196/180 1608/2200/180 1600/2194/180
f 1610/2187/182 1609/2196/182 1601/2181/182
f 1608/2197/185 1616/8587/185 1615/2198/185
f 1609/2196/187 1617/2201/187 1616/2199/187
f 1610/2187/189 1618/2202/189 1617/2201/189
f 1611/2190/191 1619/2205/191 1618/2202/191
f 1611/2190/194 6337/2189/194 6334/2204/194
f 1613/2206/610 1612/2203/610 1604/2188/610
f 1614/2207/197 1613/2206/197 1605/2192/197
f 1615/2198/199 1614/2207/199 1606/2208/199
f 6331/2209/583 1627/2224/583 1619/2210/583
f 1621/2212/202 1620/2221/202 1612/2203/202
f 1614/2207/204 1622/2230/204 1621/2212/204
f 1623/2213/206 1622/2230/206 1614/2207/206
f 1616/2214/208 1624/2223/208 1623/2215/208
f 1625/2217/210 1624/2223/210 1616/2214/210
f 1618/2219/212 1626/2220/212 1625/2217/212
f 1619/2210/214 1627/2224/214 1626/2220/214
f 1633/2222/217 1632/2236/217 1624/2223/217
f 1626/2220/219 1634/2225/219 1633/2222/219
f 1627/2224/221 1635/2240/221 1634/2225/221
f 6327/2227/853 1635/2240/853 1627/2224/853
f 1629/2228/225 1628/2226/225 1620/2221/225
f 1630/2229/227 1629/2228/227 1621/2212/227
f 1623/2213/229 1631/2234/229 1630/2229/229
f 1624/2223/231 1632/2236/231 1631/2231/231
f 1629/2228/452 1637/2233/452 1636/2232/452
f 1630/2229/234 1638/2235/234 1637/2233/234
f 1631/2234/236 1639/2252/236 1638/2235/236
f 1632/2236/238 1640/2243/238 1639/2237/238
f 1641/2238/240 1640/2243/240 1632/2236/240
f 1634/2225/242 1642/2244/242 1641/2238/242
f 1643/2239/244 1642/2244/244 1634/2225/244
f 6317/2241/247 1643/2239/247 1635/2240/247
f 1649/2242/248 1648/2256/248 1640/2243/248
f 1642/2244/250 1650/2245/250 1649/2242/250
f 1643/2239/282 1651/2248/282 1650/2245/282
f 1643/2239/255 6317/2241/255 6314/2247/255
f 1645/2249/256 1644/2246/256 1636/2232/256
f 1646/2250/258 1645/2249/258 1637/2233/258
f 1647/2251/260 1646/2250/260 1638/2235/260
f 1640/2243/262 1648/2256/262 1647/2253/262
f 1646/2250/456 1654/2255/456 1653/2254/456
f 1647/2251/457 1655/2271/457 1654/2255/457
f 1648/2256/458 1656/2258/458 1655/2257/458
f 1649/2242/459 1657/2264/459 1656/2258/459
f 1658/2259/460 1657/2264/460 1649/2242/460
f 1651/2248/587 1659/2261/587 1658/2259/587
f 1659/2261/863 1651/2248/863 6314/2247/863
f 1645/2249/463 1653/2254/463 1652/2260/463
f 1666/2263/464 1665/2273/464 1657/2264/464
f 1659/2261/294 1667/2267/294 1666/2263/294
f 1659/2261/466 6313/2262/466 6305/2266/466
f 1661/2268/467 1660/2265/467 1652/2260/467
f 1662/2269/588 1661/2268/588 1653/2254/588
f 1663/2270/469 1662/2269/469 1654/2255/469
f 1656/2258/470 1664/2276/470 1663/2272/470
f 1665/2273/471 1664/2276/471 1656/2258/471
f 1662/2269/472 1670/2290/472 1669/2274/472
f 1671/2275/473 1670/2290/473 1662/2269/473
f 1664/2276/474 1672/2293/474 1671/2277/474
f 1673/2278/475 1672/2293/475 1664/2276/475
f 1666/2263/476 1674/2279/476 1673/2278/476
f 1667/2267/590 1675/2282/590 1674/2279/590
f 1667/2267/308 6305/2266/308 6302/2281/308
f 1661/2268/592 1669/2274/592 1668/2280/592
f 1674/2279/480 1682/2284/480 1681/2283/480
f 1675/2282/311 1683/2287/311 1682/2284/311
f 1675/2282/313 6302/2281/313 6291/2286/313
f 1677/2288/483 1676/2285/483 1668/2280/483
f 1678/2289/484 1677/2288/484 1669/2274/484
f 1679/2291/485 1678/2289/485 1670/2290/485
f 1680/2292/486 1679/8588/486 1671/2277/486
f 1681/2283/487 1680/2292/487 1672/2293/487
f 1687/2294/488 1686/2313/488 1678/2289/488
f 1680/2295/489 1688/8589/489 1687/2294/489
f 1689/2296/490 1688/2317/490 1680/2297/490
f 1682/2299/491 1690/2301/491 1689/2296/491
f 1683/2300/324 1691/2306/324 1690/2301/324
f 6288/2303/326 1691/2306/326 1683/2300/326
f 1677/2288/493 1685/2305/493 1684/2302/493
f 1678/2289/494 1686/2313/494 1685/2305/494
f 1691/2306/329 1699/2309/329 1698/2307/329
f 1699/2309/331 1691/2306/331 6288/2303/331
f 1693/2311/713 1692/2308/713 1684/2302/713
f 1694/2312/497 1693/2311/497 1685/2305/497
f 1695/2314/498 1694/2312/498 1686/2313/498
f 1696/2315/499 1695/2320/499 1687/2316/499
f 1697/2318/500 1696/2315/500 1688/2317/500
f 1690/2301/501 1698/2307/501 1697/2318/501
f 1696/2315/502 1704/2333/502 1703/2319/502
f 1705/2321/503 1704/2333/503 1696/2315/503
f 1698/2307/504 1706/2322/504 1705/2321/504
f 1699/2309/341 1707/2329/341 1706/2322/341
f 6279/2324/343 1707/2329/343 1699/2309/343
f 1693/2311/507 1701/2325/507 1700/2323/507
f 1694/2312/508 1702/2331/508 1701/2325/508
f 1703/2326/509 1702/2331/509 1694/2312/509
f 6275/2328/511 1715/2340/511 1707/2329/511
f 1709/2330/512 1708/2327/512 1700/2323/512
f 1702/2331/513 1710/2344/513 1709/2330/513
f 1711/2332/514 1710/2344/514 1702/2331/514
f 1704/2333/515 1712/2337/515 1711/2334/515
f 1713/2335/516 1712/2337/516 1704/2333/516
f 1706/2322/517 1714/2336/517 1713/2335/517
f 1707/2329/597 1715/2340/597 1714/2336/597
f 1712/2337/518 1720/2353/518 1719/2338/518
f 1721/2339/519 1720/2353/519 1712/2337/519
f 1714/2336/520 1722/2341/520 1721/2339/520
f 1715/2340/358 1723/2348/358 1722/2341/358
f 6280/2343/360 1723/2348/360 1715/2340/360
f 1709/2330/523 1717/2345/523 1716/2342/523
f 1710/2344/524 1718/2351/524 1717/2345/524
f 1719/2346/525 1718/2351/525 1710/2344/525
f 6286/2347/364 1731/2360/364 1723/2348/364
f 1725/2349/649 1724/2357/649 1716/2342/649
f 1726/2350/528 1725/2349/528 1717/2345/528
f 1727/2352/529 1726/2350/529 1718/2351/529
f 1720/2353/530 1728/2359/530 1727/2354/530
f 1729/2355/531 1728/2359/531 1720/2353/531
f 1722/2341/532 1730/2356/532 1729/2355/532
f 1723/2348/371 1731/2360/371 1730/2356/371
f 1737/2358/534 1736/2373/534 1728/2359/534
f 1730/2356/535 1738/2361/535 1737/2358/535
f 1731/2360/536 1739/2374/536 1738/2361/536
f 6293/2363/860 1739/2374/860 1731/2360/860
f 1733/2364/538 1732/2362/538 1724/2357/538
f 1734/2365/539 1733/2364/539 1725/2349/539
f 1735/2366/540 1734/2365/540 1726/2350/540
f 1728/2359/541 1736/2373/541 1735/2367/541
f 1733/2364/542 1741/2369/542 1740/2368/542
f 1734/2365/543 1742/2388/543 1741/2369/543
f 1743/2370/544 1742/2388/544 1734/2365/544
f 1736/2371/545 1744/2390/545 1743/2370/545
f 1745/2372/546 1744/8590/546 1736/2373/546
f 1738/2361/547 1746/2375/547 1745/2372/547
f 1739/2374/388 1747/8591/388 1746/2375/388
f 6299/2376/390 1747/8591/390 1739/2374/390
f 1753/2377/549 1752/2394/549 1744/2378/549
f 1746/2380/550 1754/2382/550 1753/2377/550
f 1747/2381/393 1755/2384/393 1754/2382/393
f 1755/2384/395 1747/2381/395 6299/2385/395
f 1749/2387/553 1748/2383/553 1740/2368/553
f 1742/2388/554 1750/2391/554 1749/2387/554
f 1751/2389/555 1750/2391/555 1742/2388/555
f 1744/2390/556 1752/8592/556 1751/2389/556
f 1750/2391/557 1758/2408/557 1757/2392/557
f 1759/2393/558 1758/2408/558 1750/2391/558
f 1752/2394/559 1760/2410/559 1759/2395/559
f 1761/2397/560 1760/2410/560 1752/2394/560
f 1754/2382/561 1762/2398/561 1761/2397/561
f 1755/2384/406 1763/2400/406 1762/2398/406
f 1763/2400/616 1755/2384/616 6303/2386/616
f 1749/2387/563 1757/2392/563 1756/2399/563
f 1762/2398/564 1770/2403/564 1769/2402/564
f 1763/2400/411 1771/2405/411 1770/2403/411
f 1771/2405/625 1763/2400/625 6308/2401/625
f 1765/2407/566 1764/2404/566 1756/2399/566
f 1758/2408/567 1766/2412/567 1765/2407/567
f 1767/2409/568 1766/2412/568 1758/2408/568
f 1760/2410/569 1768/2413/569 1767/2411/569
f 1769/2402/570 1768/2413/570 1760/2410/570
f 1767/2409/571 1774/2077/571 1519/2076/571
f 1768/2413/572 1520/2078/572 1774/2080/572
f 1775/2081/573 1520/2078/573 1768/2413/573
f 1770/2403/574 1521/2083/574 1775/2081/574
f 1771/2405/848 1522/2085/848 1521/2083/848
f 6319/2091/425 1522/2085/425 1771/2405/425
f 1765/2407/576 1773/2075/576 1772/2087/576
f 1766/2412/577 1519/2076/577 1773/2075/577
f 1776/2414/8 1782/2418/8 1781/2415/8
f 2031/2417/10 1783/2437/10 1782/2418/10
f 1777/2419/12 1784/2423/12 1783/2420/12
f 2032/2422/14 1785/2440/14 1784/2423/14
f 1786/2424/16 1785/2440/16 2032/2422/16
f 1779/2426/427 1787/2433/427 1786/2424/427
f 6316/2430/429 1787/2433/429 1779/2426/429
f 2030/2416/430 1781/2415/430 1780/2428/430
f 6326/2432/24 1795/2445/24 1787/2433/24
f 1789/2434/25 1788/2442/25 1780/2428/25
f 1790/2435/27 1789/2434/27 1781/2415/27
f 1791/2436/29 1790/2435/29 1782/2418/29
f 1792/2438/31 1791/2451/31 1783/2420/31
f 1793/2439/33 1792/2438/33 1784/2423/33
f 1794/2441/35 1793/2439/35 1785/2440/35
f 1787/2433/37 1795/2445/37 1794/2441/37
f 1801/2443/41 1800/2457/41 1792/2438/41
f 1802/2444/43 1801/2443/43 1793/2439/43
f 1795/2445/766 1803/2460/766 1802/2444/766
f 6330/2447/849 1803/2460/849 1795/2445/849
f 1797/2448/814 1796/2446/814 1788/2442/814
f 1790/2435/432 1798/2449/432 1797/2448/432
f 1791/2436/53 1799/2454/53 1798/2449/53
f 1792/2438/55 1800/2457/55 1799/2450/55
f 1806/2452/57 1805/2463/57 1797/2448/57
f 1807/2453/59 1806/2452/59 1798/2449/59
f 1800/2455/61 1808/8593/61 1807/2453/61
f 1801/2443/63 1809/8594/63 1808/2456/63
f 1810/2458/65 1809/8594/65 1801/2443/65
f 1811/2459/67 1810/2458/67 1802/2444/67
f 6335/2462/433 1811/2459/433 1803/2460/433
f 1805/2463/434 1804/2461/434 1796/2446/434
f 1810/2464/73 1818/2468/73 1817/2465/73
f 1811/2467/75 1819/2470/75 1818/2468/75
f 1819/2470/78 1811/2467/78 6335/2471/78
f 1805/2463/435 1813/2473/435 1812/2469/435
f 1806/2452/81 1814/2479/81 1813/2473/81
f 1815/2474/83 1814/2479/83 1806/2452/83
f 1816/2475/85 1815/2482/85 1807/2476/85
f 1817/2465/87 1816/2475/87 1808/2477/87
f 1823/2478/88 1822/2493/88 1813/2473/88
f 1824/2480/90 1823/2478/90 1814/2479/90
f 1825/2481/92 1824/2496/92 1815/2482/92
f 1817/2465/94 1826/2483/94 1825/2481/94
f 1818/2468/96 1827/2487/96 1826/2483/96
f 1828/2484/98 1827/2487/98 1818/2468/98
f 1828/2484/438 1819/2470/438 6336/2472/438
f 1813/2473/774 1822/2493/774 1821/2485/774
f 1827/2487/104 1835/2502/104 1834/2488/104
f 1836/2489/439 1835/2502/439 1827/2487/439
f 1836/2489/109 1828/2484/109 6339/2486/109
f 1830/2492/110 1829/2490/110 1821/2485/110
f 1823/2478/112 1831/2494/112 1830/2492/112
f 1824/2480/114 1832/2498/114 1831/2494/114
f 1825/2481/116 1833/2499/116 1832/2495/116
f 1834/2488/118 1833/2499/118 1825/2481/118
f 1840/2497/121 1839/2506/121 1831/2494/121
f 1833/2499/123 1841/2515/123 1840/2500/123
f 1842/2501/125 1841/2515/125 1833/2499/125
f 1835/2502/127 1843/2508/127 1842/2501/127
f 1844/2503/129 1843/2508/129 1835/2502/129
f 6347/2505/607 1844/2503/607 1836/2489/607
f 1830/2492/133 1838/2512/133 1837/2504/133
f 1839/2506/135 1838/2512/135 1830/2492/135
f 1852/2507/137 1851/2522/137 1843/2508/137
f 1852/2507/442 1844/2503/442 6347/2505/442
f 1846/2511/141 1845/2509/141 1837/2504/141
f 1847/2513/143 1846/2511/143 1838/2512/143
f 1848/2514/145 1847/2513/145 1839/2506/145
f 1841/2515/147 1849/2519/147 1848/2516/147
f 1850/2517/149 1849/2519/149 1841/2515/149
f 1843/2508/151 1851/2522/151 1850/2517/151
f 1856/2518/152 1855/2526/152 1847/2513/152
f 1849/2519/154 1857/2534/154 1856/2520/154
f 1858/2521/156 1857/2534/156 1849/2519/156
f 1851/2522/158 1859/2528/158 1858/2521/158
f 1860/2523/160 1859/2528/160 1851/2522/160
f 1852/2507/163 6370/2510/163 6338/2525/163
f 1846/2511/164 1854/2532/164 1853/2524/164
f 1855/2526/166 1854/2532/166 1846/2511/166
f 1868/2527/168 1867/2542/168 1859/2528/168
f 1860/2523/748 6338/2525/748 6342/2530/748
f 1862/2531/864 1861/2529/864 1853/2524/864
f 1863/2533/447 1862/2531/447 1854/2532/447
f 1856/2518/176 1864/2539/176 1863/2533/176
f 1857/2534/178 1865/2541/178 1864/2535/178
f 1866/2536/180 1865/2541/180 1857/2534/180
f 1859/2528/182 1867/2542/182 1866/2536/182
f 1865/2537/185 1873/8595/185 1872/2538/185
f 1874/2540/187 1873/8596/187 1865/2541/187
f 1867/2542/189 1875/2543/189 1874/2540/189
f 1868/2527/191 1876/2546/191 1875/2543/191
f 1868/2527/194 6342/2530/194 6344/2545/194
f 1870/2547/195 1869/2544/195 1861/2529/195
f 1863/2533/197 1871/2548/197 1870/2547/197
f 1864/2539/199 1872/2538/199 1871/2548/199
f 6333/2549/201 1884/2564/201 1876/2550/201
f 1878/2552/202 1877/2561/202 1869/2544/202
f 1871/2548/204 1879/2570/204 1878/2552/204
f 1880/2553/206 1879/2570/206 1871/2548/206
f 1881/2554/208 1880/2572/208 1872/2555/208
f 1882/2557/210 1881/2554/210 1873/2556/210
f 1875/2559/212 1883/2560/212 1882/2557/212
f 1876/2550/214 1884/2564/214 1883/2560/214
f 1882/2557/217 1890/2563/217 1889/2562/217
f 1883/2560/219 1891/2565/219 1890/2563/219
f 1884/2564/584 1892/2579/584 1891/2565/584
f 6325/2567/853 1892/2579/853 1884/2564/853
f 1886/2568/225 1885/2566/225 1877/2561/225
f 1887/2569/227 1886/2568/227 1878/2552/227
f 1888/2571/229 1887/2569/229 1879/2570/229
f 1889/2562/231 1888/2577/231 1880/2572/231
f 1894/2573/452 1893/2581/452 1885/2566/452
f 1895/2574/234 1894/2573/234 1886/2568/234
f 1896/2575/236 1895/2574/236 1887/2569/236
f 1889/2562/238 1897/2584/238 1896/2576/238
f 1898/2578/240 1897/2584/240 1889/2562/240
f 1891/2565/242 1899/2580/242 1898/2578/242
f 1892/2579/862 1900/2585/862 1899/2580/862
f 6323/2582/586 1900/2585/586 1892/2579/586
f 1906/2583/248 1905/2597/248 1897/2584/248
f 1899/2580/250 1907/2586/250 1906/2583/250
f 1900/2585/282 1908/2589/282 1907/2586/282
f 1900/2585/255 6323/2582/255 6321/2588/255
f 1894/2573/256 1902/2590/256 1901/2587/256
f 1895/2574/258 1903/2591/258 1902/2590/258
f 1896/2575/260 1904/2595/260 1903/2591/260
f 1897/2584/262 1905/2597/262 1904/2592/262
f 1911/2593/456 1910/2603/456 1902/2590/456
f 1912/2594/457 1911/2593/457 1903/2591/457
f 1913/2596/458 1912/2612/458 1904/2592/458
f 1914/2598/459 1913/2596/459 1905/2597/459
f 1915/2599/460 1914/2598/460 1906/2583/460
f 1908/2589/461 1916/2601/461 1915/2599/461
f 1916/2601/865 1908/2589/865 6321/2588/865
f 1910/2603/463 1909/2600/463 1901/2587/463
f 1915/2599/464 1923/2605/464 1922/2604/464
f 1916/2601/687 1924/2608/687 1923/2605/687
f 1916/2601/466 6322/2602/466 6309/2607/466
f 1910/2603/467 1918/2609/467 1917/2606/467
f 1911/2593/588 1919/2614/588 1918/2609/588
f 1920/2610/469 1919/2614/469 1911/2593/469
f 1913/2596/470 1921/2613/470 1920/2611/470
f 1914/2598/471 1922/2604/471 1921/2613/471
f 1919/2614/472 1927/2616/472 1926/2615/472
f 1920/2610/473 1928/2630/473 1927/2616/473
f 1921/2613/474 1929/2631/474 1928/2617/474
f 1930/2618/475 1929/2631/475 1921/2613/475
f 1923/2605/476 1931/2619/476 1930/2618/476
f 1924/2608/590 1932/2622/590 1931/2619/590
f 1924/2608/308 6309/2607/308 6300/2621/308
f 1918/2609/592 1926/2615/592 1925/2620/592
f 1931/2619/480 1939/2624/480 1938/2623/480
f 1932/2622/311 1940/2627/311 1939/2624/311
f 1932/2622/482 6300/2621/482 6297/2626/482
f 1926/2615/695 1934/2628/695 1933/2625/695
f 1927/2616/484 1935/2634/484 1934/2628/484
f 1936/2629/485 1935/2634/485 1927/2616/485
f 1929/2631/486 1937/8597/486 1936/2632/486
f 1938/2623/487 1937/8597/487 1929/2631/487
f 1944/2633/488 1943/2653/488 1935/2634/488
f 1937/2635/489 1945/8598/489 1944/2633/489
f 1946/2636/490 1945/2655/490 1937/2637/490
f 1939/2639/491 1947/2641/491 1946/2636/491
f 1940/2640/324 1948/2646/324 1947/2641/324
f 6296/2644/633 6295/2650/633 1948/2646/633
f 1948/2646/866 1940/2640/866 6296/2644/866
f 1942/2645/493 1941/2642/493 1933/2625/493
f 1935/2634/494 1943/2653/494 1942/2645/494
f 1948/2646/329 1956/2649/329 1955/2647/329
f 1956/2649/331 1948/2646/331 6295/2650/331
f 1950/2652/713 1949/2648/713 1941/2642/713
f 1943/2653/497 1951/2667/497 1950/2652/497
f 1952/2654/498 1951/2667/498 1943/2653/498
f 1945/2655/499 1953/2659/499 1952/2656/499
f 1954/2658/500 1953/2659/500 1945/2655/500
f 1947/2641/501 1955/2647/501 1954/2658/501
f 1953/2659/502 1961/2675/502 1960/2660/502
f 1962/2661/503 1961/2675/503 1953/2659/503
f 1963/2662/504 1962/2661/504 1954/2658/504
f 1956/2649/341 1964/2664/341 1963/2662/341
f 1964/2664/343 1956/2649/343 6282/2651/343
f 1958/2666/507 1957/2663/507 1949/2648/507
f 1951/2667/508 1959/2668/508 1958/2666/508
f 1952/2654/509 1960/2673/509 1959/2668/509
f 6274/2670/867 1972/2677/867 1964/2664/867
f 1966/2671/512 1965/2669/512 1957/2663/512
f 1959/2668/513 1967/2686/513 1966/2671/513
f 1968/2672/514 1967/2686/514 1959/2668/514
f 1969/2674/515 1968/2679/515 1960/2660/515
f 1962/2661/516 1970/2676/516 1969/2674/516
f 1963/2662/517 1971/2681/517 1970/2676/517
f 1972/2677/597 1971/2681/597 1963/2662/597
f 1969/2674/518 1977/2694/518 1976/2678/518
f 1978/2680/519 1977/2694/519 1969/2674/519
f 1971/2681/520 1979/2682/520 1978/2680/520
f 1972/2677/358 1980/2684/358 1979/2682/358
f 1980/2684/360 1972/2677/360 6274/2670/360
f 1966/2671/523 1974/2687/523 1973/2683/523
f 1967/2686/524 1975/2692/524 1974/2687/524
f 1976/2688/525 1975/2692/525 1967/2686/525
f 6284/2689/364 1988/2701/364 1980/2684/364
f 1982/2690/527 1981/2698/527 1973/2683/527
f 1983/2691/528 1982/2690/528 1974/2687/528
f 1984/2693/529 1983/2691/529 1975/2692/529
f 1977/2694/530 1985/2700/530 1984/2695/530
f 1986/2696/531 1985/2700/531 1977/2694/531
f 1979/2682/532 1987/2697/532 1986/2696/532
f 1980/2684/371 1988/2701/371 1987/2697/371
f 1994/2699/534 1993/2715/534 1985/2700/534
f 1987/2697/535 1995/2702/535 1994/2699/535
f 1988/2701/536 1996/2716/536 1995/2702/536
f 6289/2704/860 1996/2716/860 1988/2701/860
f 1990/2705/868 1989/2703/868 1981/2698/868
f 1991/2706/539 1990/2705/539 1982/2690/539
f 1992/2707/540 1991/2706/540 1983/2691/540
f 1985/2700/541 1993/2715/541 1992/2708/541
f 1990/2705/615 1998/2710/615 1997/2709/615
f 1991/2706/543 1999/2711/543 1998/2710/543
f 1992/2707/544 2000/2713/544 1999/2711/544
f 1993/2712/545 2001/2731/545 2000/2713/545
f 2002/2714/546 2001/8599/546 1993/2715/546
f 1995/2702/547 2003/2717/547 2002/2714/547
f 1996/2716/388 2004/8600/388 2003/2717/388
f 6290/2718/390 2004/8600/390 1996/2716/390
f 2010/2719/549 2009/2737/549 2001/2720/549
f 2003/2722/550 2011/2724/550 2010/2719/550
f 2004/2723/393 2012/2726/393 2011/2724/393
f 2012/2726/552 2004/2723/552 6290/2727/552
f 2006/2729/553 2005/2725/553 1997/2709/553
f 1999/2711/554 2007/2730/554 2006/2729/554
f 2000/2713/555 2008/2732/555 2007/2730/555
f 2001/2731/556 2009/8601/556 2008/2732/556
f 2007/2730/557 2015/2749/557 2014/2733/557
f 2016/2734/558 2015/2749/558 2007/2730/558
f 2017/2735/559 2016/2752/559 2008/2736/559
f 2018/2738/560 2017/2735/560 2009/2737/560
f 2011/2724/561 2019/2739/561 2018/2738/561
f 2012/2726/406 2020/2741/406 2019/2739/406
f 2020/2741/616 2012/2726/616 6301/2728/616
f 2014/2733/563 2013/2740/563 2005/2725/563
f 2019/2739/564 2027/2744/564 2026/2743/564
f 2020/2741/411 2028/2746/411 2027/2744/411
f 2028/2746/625 2020/2741/625 6306/2742/625
f 2022/2748/566 2021/2745/566 2013/2740/566
f 2015/2749/567 2023/2753/567 2022/2748/567
f 2024/2750/568 2023/2753/568 2015/2749/568
f 2017/2735/569 2025/2754/569 2024/2751/569
f 2026/2743/570 2025/2754/570 2017/2735/570
f 2024/2750/571 2031/2417/571 1776/2414/571
f 2025/2754/572 1777/2419/572 2031/2421/572
f 2032/2422/573 1777/2419/573 2025/2754/573
f 2027/2744/574 1778/2425/574 2032/2422/574
f 2028/2746/423 1779/2426/423 1778/2425/423
f 6315/2431/603 1779/2426/603 2028/2746/603
f 2022/2748/576 2030/2416/576 2029/2427/576
f 2023/2753/577 1776/2414/577 2030/2416/577
f 2033/2755/8 2041/2792/8 2040/2756/8
f 2049/2758/9 2048/2789/9 2285/2759/9
f 2042/2761/10 2041/2792/10 2033/2755/10
f 2050/2763/11 2049/2758/11 2038/2760/11
f 2034/2765/12 2043/2772/12 2042/2766/12
f 2051/2768/13 2050/2798/13 2286/2769/13
f 2284/2771/14 2044/2799/14 2043/2772/14
f 2052/2773/15 2051/2768/15 2287/2770/15
f 2045/2775/16 2044/2799/16 2284/2771/16
f 2053/2777/17 2052/2773/17 2288/2774/17
f 2046/2779/18 2045/2775/18 2035/2776/18
f 2037/2785/429 2047/2786/429 2046/2779/429
f 2282/2757/430 2040/2756/430 2039/2782/430
f 2285/2759/23 2048/2789/23 2047/2786/23
f 2047/2786/265 2062/2790/265 2061/2787/265
f 2055/2788/25 2054/2804/25 2039/2782/25
f 2048/2789/26 2063/2815/26 2062/2790/26
f 2056/2791/27 2055/2788/27 2040/2756/27
f 2064/2793/28 2063/2815/28 2048/2789/28
f 2057/2794/29 2056/2791/29 2041/2792/29
f 2065/2795/30 2064/2793/30 2049/2758/30
f 2043/2772/31 2058/2800/31 2057/2796/31
f 2051/2768/32 2066/2801/32 2065/2797/32
f 2044/2799/33 2059/2808/33 2058/2800/33
f 2052/2773/34 2067/2803/34 2066/2801/34
f 2060/2802/35 2059/2808/35 2044/2799/35
f 2053/2777/36 2068/2805/36 2067/2803/36
f 2061/2787/37 2060/2802/37 2045/2775/37
f 2081/2806/40 2080/2827/40 2065/2797/40
f 2074/2807/41 2073/2832/41 2058/2800/41
f 2067/2803/266 2082/2809/266 2081/2806/266
f 2060/2802/43 2075/2834/43 2074/2807/43
f 2068/2805/267 2083/2812/267 2082/2809/267
f 2076/2810/45 2075/2834/45 2060/2802/45
f 2062/2790/48 2077/2820/48 2076/2810/48
f 2070/2813/49 2069/2811/49 2054/2804/49
f 2078/2814/50 2077/2820/50 2062/2790/50
f 2071/2816/432 2070/2813/432 2055/2788/432
f 2064/2793/52 2079/2822/52 2078/2814/52
f 2057/2794/53 2072/2823/53 2071/2816/53
f 2080/2817/54 2079/2822/54 2064/2793/54
f 2058/2800/55 2073/2832/55 2072/2818/55
f 2093/2819/56 2092/8602/56 2077/2820/56
f 2071/2816/57 2086/2824/57 2085/2821/57
f 2079/2822/58 2094/8603/58 2093/2819/58
f 2072/2823/59 2087/2829/59 2086/2824/59
f 2095/2825/60 2094/2853/60 2079/2826/60
f 2073/2828/61 2088/8604/61 2087/2829/61
f 2096/2830/62 2095/2825/62 2080/2827/62
f 2089/2831/63 2088/8605/63 2073/2832/63
f 2097/2833/64 2096/2830/64 2081/2806/64
f 2075/2834/65 2090/8606/65 2089/2831/65
f 2083/2812/269 2098/2837/269 2097/2833/269
f 2091/2835/67 2090/8606/67 2075/2834/67
f 2077/2820/70 2092/8602/70 2091/2835/70
f 2085/2821/434 2084/2836/434 2069/2811/434
f 2112/2838/72 2111/2867/72 2096/2830/72
f 2090/2839/73 2105/2870/73 2104/2840/73
f 2113/2842/270 2112/2838/270 2097/2833/270
f 2106/2843/75 2105/2870/75 2090/2839/75
f 2092/2846/78 2107/2875/78 2106/2843/78
f 2085/2821/79 2100/2849/79 2099/2845/79
f 2108/2847/80 2107/2875/80 2092/2846/80
f 2086/2824/81 2101/2859/81 2100/2849/81
f 2094/2850/82 2109/2861/82 2108/2847/82
f 2102/2851/83 2101/2859/83 2086/2824/83
f 2095/2825/84 2110/2857/84 2109/2852/84
f 2103/2854/85 2102/2866/85 2087/2855/85
f 2096/2830/86 2111/2867/86 2110/2857/86
f 2104/2840/87 2103/2854/87 2088/2856/87
f 2117/2858/436 2116/2884/436 2100/2849/436
f 2125/2860/89 2124/2876/89 2108/2847/89
f 2118/2862/90 2117/2858/90 2101/2859/90
f 2126/2863/91 2125/2860/91 2109/2861/91
f 2119/2865/92 2118/2890/92 2102/2866/92
f 2111/2867/93 2127/2869/93 2126/2868/93
f 2104/2840/94 2120/2871/94 2119/2865/94
f 2112/2838/765 2128/2880/765 2127/2869/765
f 2105/2870/96 2121/2877/96 2120/2871/96
f 2129/2872/97 2128/2880/97 2112/2838/97
f 2122/2873/98 2121/2877/98 2105/2870/98
f 2107/2875/846 2123/2883/846 2122/2873/846
f 2100/2849/774 2116/2884/774 2115/2874/774
f 2124/2876/103 2123/2883/103 2107/2875/103
f 2121/2877/104 2136/2904/104 2135/2878/104
f 2144/2879/105 2143/2892/105 2128/2880/105
f 2137/2881/106 2136/2904/106 2121/2877/106
f 2123/2883/109 2138/2910/109 2137/2881/109
f 2116/2884/768 2131/2886/768 2130/2882/768
f 2139/2885/111 2138/2910/111 2123/2883/111
f 2117/2858/112 2132/2887/112 2131/2886/112
f 2125/2860/113 2140/2893/113 2139/2885/113
f 2118/2862/114 2133/2896/114 2132/2887/114
f 2141/2888/115 2140/2893/115 2125/2860/115
f 2119/2865/116 2134/2898/116 2133/2889/116
f 2142/2891/117 2141/2901/117 2126/2868/117
f 2135/2878/118 2134/2898/118 2119/2865/118
f 2143/2892/119 2142/2891/119 2127/2869/119
f 2140/2893/120 2155/2924/120 2154/2894/120
f 2148/2895/121 2147/2912/121 2132/2887/121
f 2156/2897/122 2155/2924/122 2140/2893/122
f 2134/2898/123 2149/2933/123 2148/2899/123
f 2142/2891/124 2157/2903/124 2156/2900/124
f 2150/2902/125 2149/2933/125 2134/2898/125
f 2143/2892/126 2158/2905/126 2157/2903/126
f 2136/2904/127 2151/2915/127 2150/2902/127
f 2144/2879/128 2159/2908/128 2158/2905/128
f 2152/2906/129 2151/2915/129 2136/2904/129
f 2153/2909/132 2152/2906/132 2137/2881/132
f 2146/2911/133 2145/2907/133 2130/2882/133
f 2154/2894/134 2153/2909/134 2138/2910/134
f 2147/2912/135 2146/2911/135 2131/2886/135
f 6142/2913/869 2158/2905/869 2159/2908/869
f 2151/2915/137 2152/2906/137 5940/2916/137
f 2145/2907/441 5922/2921/441 5923/2918/441
f 2159/2908/139 2160/2784/139 6139/2919/139
f 2153/2909/442 5932/2922/442 5940/2916/442
f 2145/2907/870 2146/2911/870 5926/2920/870
f 2154/2894/142 5944/2925/142 5932/2922/142
f 2146/2911/143 2147/2912/143 5925/2923/143
f 2155/2924/144 5929/2928/144 5944/2925/144
f 5924/2927/145 5925/2923/145 2147/2912/145
f 2147/2912/816 2148/2895/816 5924/2927/816
f 2156/2897/871 5928/8607/871 5929/2928/871
f 2148/2899/147 2149/2933/147 5945/2929/147
f 5927/2932/872 5928/8608/872 2156/2900/872
f 2156/2900/808 2157/2903/808 5927/2932/808
f 2149/2933/149 2150/2902/149 5933/2934/149
f 6141/2931/150 2157/2903/150 2158/2905/150
f 2150/2902/151 2151/2915/151 5941/2917/151
f 2161/2963/510 2114/2783/510 5909/2961/510
f 6133/2962/346 2160/2784/346 2175/2965/346
f 2169/2967/347 2168/2995/347 6115/2968/347
f 2161/2963/512 5904/2964/512 5902/2970/512
f 2170/2972/348 2169/2967/348 6114/2969/348
f 2162/2971/513 5902/2970/513 5903/2974/513
f 2171/2976/349 2170/2972/349 6110/2973/349
f 2163/2975/873 5903/2974/873 5900/2978/873
f 2172/2980/874 2171/2976/874 6137/2977/874
f 6116/8609/515 2165/2988/515 5901/2984/515
f 2165/2988/515 2164/2982/515 5901/2984/515
f 2173/2985/821 2172/2998/821 6119/2986/821
f 2165/2988/516 6116/8609/516 6138/2989/516
f 2174/2991/352 2173/2985/352 6118/2987/352
f 2166/2990/517 6138/2989/517 6111/2993/517
f 2175/2965/875 2174/2991/875 6117/2992/875
f 2167/2994/597 6111/2993/597 6115/2968/597
f 2165/2988/518 2180/3018/518 2179/2996/518
f 2173/2985/355 2188/3020/355 2187/2997/355
f 2181/2999/519 2180/3018/519 2165/2988/519
f 2189/3000/356 2188/3020/356 2173/2985/356
f 2167/2994/520 2182/3001/520 2181/2999/520
f 2175/2965/357 2190/3003/357 2189/3000/357
f 2168/2995/358 2183/3010/358 2182/3001/358
f 2184/3004/598 2183/3010/598 2168/2995/598
f 2177/3005/523 2176/3002/523 2161/2963/523
f 2185/3006/361 2184/3004/361 2169/2967/361
f 2163/2975/524 2178/3013/524 2177/3005/524
f 2171/2976/362 2186/3015/362 2185/3006/362
f 2179/3007/525 2178/3013/525 2163/2975/525
f 2187/3008/363 2186/3015/363 2171/2976/363
f 2199/3009/364 2198/3032/364 2183/3010/364
f 2177/3005/527 2192/3014/527 2191/3011/527
f 2200/3012/365 2199/3009/365 2184/3004/365
f 2178/3013/528 2193/3040/528 2192/3014/528
f 2186/3015/366 2201/3041/366 2200/3012/366
f 2194/3016/529 2193/3040/529 2178/3013/529
f 2202/3017/367 2201/3041/367 2186/3015/367
f 2180/3018/530 2195/3029/530 2194/3019/530
f 2188/3020/368 2203/3026/368 2202/3021/368
f 2196/3022/531 2195/3029/531 2180/3018/531
f 2204/3023/369 2203/3026/369 2188/3020/369
f 2182/3001/532 2197/3025/532 2196/3022/532
f 2205/3024/370 2204/3023/370 2189/3000/370
f 2183/3010/371 2198/3032/371 2197/3025/371
f 2203/3026/373 2218/3030/373 2217/3027/373
f 2211/3028/534 2210/3054/534 2195/3029/534
f 2204/3023/374 2219/3031/374 2218/3030/374
f 2197/3025/535 2212/3033/535 2211/3028/535
f 2205/3024/375 2220/3035/375 2219/3031/375
f 2198/3032/536 2213/3057/536 2212/3033/536
f 2214/3036/599 2213/3057/599 2198/3032/599
f 2207/3037/600 2206/3034/600 2191/3011/600
f 2215/3038/379 2214/3036/379 2199/3009/379
f 2208/3039/539 2207/3037/539 2192/3014/539
f 2201/3041/380 2216/3048/380 2215/3038/380
f 2209/3042/540 2208/3039/540 2193/3040/540
f 2217/3043/381 2216/3048/381 2201/3041/381
f 2195/3029/541 2210/3054/541 2209/3044/541
f 2207/3037/542 2222/3047/542 2221/3045/542
f 2230/3046/382 2229/3059/382 2214/3036/382
f 2208/3039/543 2223/3074/543 2222/3047/543
f 2216/3048/383 2231/8610/383 2230/3046/383
f 2224/3049/544 2223/3074/544 2208/3039/544
f 2232/3050/384 2231/3079/384 2216/3051/384
f 2210/3052/545 2225/3081/545 2224/3049/545
f 2218/3030/385 2233/3064/385 2232/3050/385
f 2226/3053/546 2225/8611/546 2210/3054/546
f 2234/3055/386 2233/3064/386 2218/3030/386
f 2212/3033/547 2227/3058/547 2226/3053/547
f 2235/3056/387 2234/3055/387 2219/3031/387
f 2213/3057/388 2228/8612/388 2227/3058/388
f 2229/3059/390 2228/8612/390 2213/3057/390
f 2241/3060/549 2240/3090/549 2225/3061/549
f 2249/3063/391 2248/3093/391 2233/3064/391
f 2227/3065/550 2242/3068/550 2241/3060/550
f 2250/3066/392 2249/3063/392 2234/3055/392
f 2228/3067/393 2243/3098/393 2242/3068/393
f 2244/3070/395 2243/3098/395 2228/3067/395
f 2222/3047/553 2237/3075/553 2236/3069/553
f 2245/3072/396 2244/3070/396 2229/3071/396
f 2223/3074/554 2238/3085/554 2237/3075/554
f 2231/3076/397 2246/3086/397 2245/3072/397
f 2239/3077/555 2238/3085/555 2223/3074/555
f 2232/3050/398 2247/3082/398 2246/3078/398
f 2240/3080/556 2239/3077/556 2224/3049/556
f 2233/3064/399 2248/3093/399 2247/3082/399
f 2260/3083/400 2259/3101/400 2244/3070/400
f 2253/3084/651 2252/3112/651 2237/3075/651
f 2246/3086/401 2261/3115/401 2260/3083/401
f 2254/3087/558 2253/3084/558 2238/3085/558
f 2262/3088/402 2261/3115/402 2246/3086/402
f 2240/3090/559 2255/3118/559 2254/3091/559
f 2248/3093/403 2263/3096/403 2262/3094/403
f 2256/3095/560 2255/3118/560 2240/3090/560
f 2249/3063/789 2264/3102/789 2263/3096/789
f 2242/3068/561 2257/3099/561 2256/3095/561
f 2265/3097/405 2264/3102/405 2249/3063/405
f 2243/3098/406 2258/3106/406 2257/3099/406
f 2259/3101/408 2258/3106/408 2243/3098/408
f 2237/3075/563 2252/3112/563 2251/3100/563
f 2264/3102/409 2279/3105/409 2278/3103/409
f 2257/3099/564 2272/3107/564 2271/3104/564
f 2265/3097/410 2280/3109/410 2279/3105/410
f 2258/3106/411 2273/3123/411 2272/3107/411
f 2274/3110/625 2273/3123/625 2258/3106/625
f 2267/3111/566 2266/3108/566 2251/3100/566
f 2275/3113/414 2274/3110/414 2259/3101/414
f 2268/3114/567 2267/3111/567 2252/3112/567
f 2261/3115/415 2276/3121/415 2275/3113/415
f 2269/3116/568 2268/3114/568 2253/3084/568
f 2277/3117/416 2276/3121/416 2261/3115/416
f 2255/3118/569 2270/3122/569 2269/3119/569
f 2263/3096/417 2278/3103/417 2277/3120/417
f 2271/3104/570 2270/3122/570 2255/3118/570
f 2038/2760/418 2285/2759/418 2275/3113/418
f 2269/3116/571 2283/2762/571 2033/2755/571
f 2286/2764/419 2038/2760/419 2276/3121/419
f 2270/3122/572 2034/2765/572 2283/2767/572
f 2287/2770/420 2286/2769/420 2277/3120/420
f 2271/3104/573 2284/2771/573 2034/2765/573
f 2288/2774/421 2287/2770/421 2278/3103/421
f 2272/3107/574 2035/2776/574 2284/2771/574
f 2289/2778/422 2288/2774/422 2279/3105/422
f 2273/3123/848 2036/2780/848 2035/2776/848
f 2037/2785/603 2036/2780/603 2273/3123/603
f 2267/3111/576 2282/2757/576 2281/2781/576
f 2285/2759/426 2037/2785/426 2274/3110/426
f 2268/3114/577 2033/2755/577 2282/2757/577
f 2290/3124/524 2298/3131/524 2297/3125/524
f 2306/3127/362 2305/3159/362 2546/3128/362
f 2544/3130/525 2299/3162/525 2298/3131/525
f 2307/3132/363 2306/3127/363 2295/3129/363
f 2291/3134/518 2300/3141/518 2299/3135/518
f 2308/3137/355 2307/3166/355 2547/3138/355
f 2545/3140/519 2301/3168/519 2300/3141/519
f 2309/3142/356 2308/3137/356 2548/3139/356
f 2302/3144/520 2301/3168/520 2545/3140/520
f 2310/3146/718 2309/3142/718 2549/3143/718
f 2303/3148/358 2302/3144/358 2292/3145/358
f 2294/3154/614 2304/3155/614 2303/3148/614
f 2543/3126/523 2297/3125/523 2296/3151/523
f 2546/3128/361 2305/3159/361 2304/3155/361
f 2304/3155/526 2319/3180/526 2318/3156/526
f 2312/3157/527 2311/3171/527 2296/3151/527
f 2320/3158/365 2319/3180/365 2304/3155/365
f 2313/3160/528 2312/3157/528 2297/3125/528
f 2306/3127/366 2321/3163/366 2320/3158/366
f 2314/3161/529 2313/3160/529 2298/3131/529
f 2307/3132/367 2322/3185/367 2321/3163/367
f 2315/3164/530 2314/3187/530 2299/3135/530
f 2308/3137/368 2323/3169/368 2322/3165/368
f 2316/3167/531 2315/3164/531 2300/3141/531
f 2309/3142/369 2324/3170/369 2323/3169/369
f 2302/3144/532 2317/3176/532 2316/3167/532
f 2310/3146/370 2325/3172/370 2324/3170/370
f 2318/3156/674 2317/3176/674 2302/3144/674
f 2338/3173/373 2337/3197/373 2322/3165/373
f 2331/3174/534 2330/3200/534 2315/3164/534
f 2339/3175/675 2338/3173/675 2323/3169/675
f 2317/3176/535 2332/3203/535 2331/3174/535
f 2325/3172/375 2340/3179/375 2339/3175/375
f 2333/3177/536 2332/3203/536 2317/3176/536
f 2319/3180/378 2334/3189/378 2333/3177/378
f 2327/3181/600 2326/3178/600 2311/3171/600
f 2335/3182/379 2334/3189/379 2319/3180/379
f 2313/3160/676 2328/3183/676 2327/3181/676
f 2321/3163/380 2336/3192/380 2335/3182/380
f 2314/3161/540 2329/3194/540 2328/3183/540
f 2337/3184/381 2336/3192/381 2321/3163/381
f 2315/3164/541 2330/3200/541 2329/3186/541
f 2335/3182/382 2350/8613/382 2349/3188/382
f 2343/3190/543 2342/3207/543 2327/3181/543
f 2351/3191/383 2350/8613/383 2335/3182/383
f 2344/3193/544 2343/3190/544 2328/3183/544
f 2352/3195/384 2351/3223/384 2336/3196/384
f 2330/3198/545 2345/3225/545 2344/3193/545
f 2338/3173/385 2353/3201/385 2352/3195/385
f 2331/3174/546 2346/8614/546 2345/3199/546
f 2339/3175/386 2354/3204/386 2353/3201/386
f 2347/3202/547 2346/8614/547 2331/3174/547
f 2340/3179/387 2355/3206/387 2354/3204/387
f 2333/3177/388 2348/8615/388 2347/3202/388
f 2349/3188/390 2348/8615/390 2333/3177/390
f 2342/3207/542 2341/3205/542 2326/3178/542
f 2354/3204/391 2369/3240/391 2368/3208/391
f 2362/3209/550 2361/3238/550 2346/3210/550
f 2370/3212/392 2369/3240/392 2354/3204/392
f 2348/3213/393 2363/3243/393 2362/3209/393
f 2364/3215/395 2363/3243/395 2348/3213/395
f 2342/3207/553 2357/3230/553 2356/3214/553
f 2350/3217/396 2365/3232/396 2364/3215/396
f 2358/3218/554 2357/3230/554 2342/3207/554
f 2366/3219/397 2365/3232/397 2350/3217/397
f 2359/3221/555 2358/3218/555 2343/3190/555
f 2352/3195/398 2367/3226/398 2366/3222/398
f 2360/3224/556 2359/3221/556 2344/3193/556
f 2353/3201/399 2368/3208/399 2367/3226/399
f 2346/3210/549 2361/3238/549 2360/3227/549
f 2358/3218/651 2374/3257/651 2373/3229/651
f 2382/3231/401 2381/3256/401 2365/3232/401
f 2375/3233/558 2374/3257/558 2358/3218/558
f 2367/3234/402 2383/3260/402 2382/3231/402
f 2376/3235/559 2375/3262/559 2359/3236/559
f 2368/3208/403 2384/3264/403 2383/3237/403
f 2361/3238/560 2377/3247/560 2376/3235/560
f 2385/3239/789 2384/3264/789 2368/3208/789
f 2378/3241/561 2377/3247/561 2361/3238/561
f 2386/3242/405 2385/3239/405 2369/3240/405
f 2363/3243/624 2379/3249/624 2378/3241/624
f 2380/3245/628 2379/3249/628 2363/3243/628
f 2357/3230/563 2373/3229/563 2372/3244/563
f 2365/3232/400 2381/3256/400 2380/3245/400
f 2378/3241/564 2393/3250/564 2392/3246/564
f 2386/3242/876 2401/3252/876 2400/3248/876
f 2379/3249/411 2394/3277/411 2393/3250/411
f 2395/3253/413 2394/3277/413 2379/3249/413
f 2388/3254/566 2387/3251/566 2372/3244/566
f 2396/3255/414 2395/3253/414 2380/3245/414
f 2374/3257/567 2389/3258/567 2388/3254/567
f 2382/3231/415 2397/3265/415 2396/3255/415
f 2375/3233/568 2390/3268/568 2389/3258/568
f 2398/3259/416 2397/3265/416 2382/3231/416
f 2376/3235/569 2391/3270/569 2390/3261/569
f 2399/3263/417 2398/3273/417 2383/3237/417
f 2392/3246/570 2391/3270/570 2376/3235/570
f 2400/3248/409 2399/3263/409 2384/3264/409
f 2397/3265/418 2412/3294/418 2411/3266/418
f 2405/3267/571 2404/3283/571 2389/3258/571
f 2413/3269/419 2412/3294/419 2397/3265/419
f 2391/3270/572 2406/3302/572 2405/3271/572
f 2399/3263/420 2414/3275/420 2413/3272/420
f 2407/3274/573 2406/3302/573 2391/3270/573
f 2400/3248/421 2415/3276/421 2414/3275/421
f 2393/3250/574 2408/3278/574 2407/3274/574
f 2401/3252/422 2416/3280/422 2415/3276/422
f 2394/3277/678 2409/8616/678 2408/3278/678
f 2410/3281/680 2409/8616/680 2394/3277/680
f 2403/3282/576 2402/3279/576 2387/3251/576
f 2411/3266/426 2410/3281/426 2395/3253/426
f 2404/3283/577 2403/3282/577 2388/3254/577
f 5820/3285/17 5830/3304/17 2415/3276/17
f 2415/3276/764 2416/3280/764 5820/3285/764
f 2408/3278/578 2409/8616/578 5834/3286/578
f 5834/3286/429 2409/8616/429 2410/3281/429
f 2402/3279/430 2403/3282/430 5816/3290/430
f 2403/3282/430 5826/3293/430 5816/3290/430
f 5836/3289/23 2410/3281/23 2411/3266/23
f 2403/3282/8 2404/3283/8 5828/3292/8
f 5838/3291/9 2411/3266/9 2412/3294/9
f 2404/3283/10 2405/3267/10 5831/3296/10
f 5832/3295/11 2412/3294/11 2413/3269/11
f 2405/3271/12 2406/3302/12 5833/3298/12
f 5840/3300/13 2413/3272/13 2414/3275/13
f 2406/3302/14 2407/3274/14 5839/3303/14
f 5827/3301/15 2414/3275/15 2415/3276/15
f 2407/3274/16 2408/3278/16 5837/3287/16
f 2417/3288/38 5821/3308/38 5822/3306/38
f 5818/3307/877 5819/3305/877 2418/3284/877
f 2420/3336/245 2371/3152/245 5782/3331/245
f 2421/3333/779 5777/3335/779 5778/3332/779
f 2430/3341/255 2429/3374/255 5751/3342/255
f 5780/3338/256 5773/3348/256 2423/3347/256
f 2423/3347/256 2422/3339/256 5780/3338/256
f 2431/3344/257 2430/3341/257 5752/3343/257
f 5766/3346/258 2424/3352/258 2423/3347/258
f 2432/3349/259 2431/3344/259 5758/3345/259
f 5763/3351/260 2425/3381/260 2424/3352/260
f 2433/3353/261 2432/3349/261 5770/3350/261
f 5761/3355/262 2426/3362/262 2425/3356/262
f 2434/3358/263 2433/3370/263 5768/3359/263
f 5757/3361/248 2427/3366/248 2426/3362/248
f 2435/3363/249 2434/3358/249 5767/3360/249
f 5753/3365/250 2428/3367/250 2427/3366/250
f 5779/3334/251 2421/3333/251 2436/3340/251
f 2436/3340/684 2435/3363/684 5779/3334/684
f 5751/3342/878 2429/3374/878 2428/3367/878
f 2426/3362/458 2441/3392/458 2440/3368/458
f 2434/3358/286 2449/3394/286 2448/3369/286
f 2442/3371/459 2441/3392/459 2426/3362/459
f 2450/3372/287 2449/3394/287 2434/3358/287
f 2428/3367/460 2443/3375/460 2442/3371/460
f 2451/3373/288 2450/3372/288 2435/3363/288
f 2429/3374/587 2444/3384/587 2443/3375/587
f 2445/3377/863 2444/3384/863 2429/3374/863
f 2423/3347/463 2438/3379/463 2437/3376/463
f 2446/3378/283 2445/3377/283 2430/3341/283
f 2424/3352/456 2439/3388/456 2438/3379/456
f 2432/3349/284 2447/3389/284 2446/3378/284
f 2440/3380/457 2439/3388/457 2424/3352/457
f 2448/3382/285 2447/3389/285 2432/3349/285
f 2445/3377/296 2460/3409/296 2459/3383/296
f 2438/3379/467 2453/3411/467 2452/3385/467
f 2461/3386/297 2460/3409/297 2445/3377/297
f 2454/3387/588 2453/3411/588 2438/3379/588
f 2447/3389/298 2462/3414/298 2461/3386/298
f 2455/3390/469 2454/3387/469 2439/3388/469
f 2463/3391/299 2462/3414/299 2447/3389/299
f 2441/3392/470 2456/3401/470 2455/3393/470
f 2449/3394/300 2464/3397/300 2463/3395/300
f 2457/3396/471 2456/3401/471 2441/3392/471
f 2450/3372/292 2465/3402/292 2464/3397/292
f 2443/3375/464 2458/3404/464 2457/3396/464
f 2466/3398/293 2465/3402/293 2450/3372/293
f 2459/3383/294 2458/3404/294 2443/3375/294
f 2464/3397/303 2479/3403/303 2478/3399/303
f 2472/3400/475 2471/3425/475 2456/3401/475
f 2465/3402/304 2480/3405/304 2479/3403/304
f 2458/3404/476 2473/3430/476 2472/3400/476
f 2466/3398/305 2481/3408/305 2480/3405/305
f 2474/3406/590 2473/3430/590 2458/3404/590
f 2460/3409/308 2475/3420/308 2474/3406/308
f 2468/3410/592 2467/3407/592 2452/3385/592
f 2476/3412/309 2475/3420/309 2460/3409/309
f 2469/3413/472 2468/3410/472 2453/3411/472
f 2462/3414/301 2477/3421/301 2476/3412/301
f 2470/3415/473 2469/3413/473 2454/3387/473
f 2478/3416/302 2477/3421/302 2462/3414/302
f 2456/3401/474 2471/3425/474 2470/3417/474
f 2483/3418/483 2482/3432/483 2467/3407/483
f 2491/3419/314 2490/8617/314 2475/3420/314
f 2469/3413/484 2484/3422/484 2483/3418/484
f 2477/3421/315 2492/8618/315 2491/3419/315
f 2470/3415/485 2485/3449/485 2484/3422/485
f 2493/3423/316 2492/3452/316 2477/3424/316
f 2471/3425/486 2486/8619/486 2485/3426/486
f 2494/3427/317 2493/3423/317 2478/3399/317
f 2487/3428/487 2486/8619/487 2471/3425/487
f 2495/3429/318 2494/3427/318 2479/3403/318
f 2473/3430/480 2488/8620/480 2487/3428/480
f 2481/3408/310 2496/3433/310 2495/3429/310
f 2489/3431/311 2488/8620/311 2473/3430/311
f 2475/3420/313 2490/8617/313 2489/3431/313
f 2502/3434/490 2501/3465/490 2486/3435/490
f 2510/3437/322 2509/3455/322 2494/3427/322
f 2488/3438/491 2503/3441/491 2502/3434/491
f 2511/3439/879 2510/3437/879 2495/3429/879
f 2489/3440/324 2504/3472/324 2503/3441/324
f 2505/3443/326 2504/3472/326 2489/3440/326
f 2483/3418/493 2498/3447/493 2497/3442/493
f 2506/3445/327 2505/3443/327 2490/3444/327
f 2484/3422/494 2499/3450/494 2498/3447/494
f 2492/3448/319 2507/3458/319 2506/3445/319
f 2485/3449/488 2500/3460/488 2499/3450/488
f 2493/3423/320 2508/3467/320 2507/3451/320
f 2501/3453/489 2500/3460/489 2485/3449/489
f 2509/3455/321 2508/3467/321 2493/3423/321
f 2521/3456/332 2520/3475/332 2505/3443/332
f 2514/3457/497 2513/3476/497 2498/3447/497
f 2507/3458/333 2522/3462/333 2521/3456/333
f 2515/3459/498 2514/3457/498 2499/3450/498
f 2508/3461/334 2523/3488/334 2522/3462/334
f 2516/3463/499 2515/3490/499 2500/3464/499
f 2509/3455/335 2524/3469/335 2523/3466/335
f 2517/3468/500 2516/3463/500 2501/3465/500
f 2510/3437/336 2525/3471/336 2524/3469/336
f 2518/3470/501 2517/3468/501 2502/3434/501
f 2511/3439/328 2526/3474/328 2525/3471/328
f 2504/3472/329 2519/3479/329 2518/3470/329
f 2520/3475/331 2519/3479/331 2504/3472/331
f 2513/3476/713 2512/3473/713 2497/3442/713
f 2540/3477/339 2539/3491/339 2524/3469/339
f 2518/3470/504 2533/3480/504 2532/3478/504
f 2526/3474/340 2541/3482/340 2540/3477/340
f 2519/3479/341 2534/3496/341 2533/3480/341
f 2535/3483/343 2534/3496/343 2519/3479/343
f 2528/3484/507 2527/3481/507 2512/3473/507
f 2536/3485/344 2535/3483/344 2520/3475/344
f 2514/3457/508 2529/3486/508 2528/3484/508
f 2522/3462/345 2537/3492/345 2536/3485/345
f 2515/3459/509 2530/3493/509 2529/3486/509
f 2538/3487/337 2537/3492/337 2522/3462/337
f 2516/3463/502 2531/3494/502 2530/3489/502
f 2539/3491/338 2538/3495/338 2523/3466/338
f 2532/3478/503 2531/3494/503 2516/3463/503
f 2295/3129/349 2546/3128/349 2536/3485/349
f 2544/3130/514 2290/3124/514 2529/3486/514
f 2547/3133/350 2295/3129/350 2537/3492/350
f 2531/3494/515 2291/3134/515 2544/3136/515
f 2539/3491/351 2548/3139/351 2547/3138/351
f 2532/3478/516 2545/3140/516 2291/3134/516
f 2540/3477/352 2549/3143/352 2548/3139/352
f 2533/3480/517 2292/3145/517 2545/3140/517
f 2550/3147/822 2549/3143/822 2540/3477/822
f 2534/3496/597 2293/3149/597 2292/3145/597
f 2294/3154/347 2293/3149/347 2534/3496/347
f 2528/3484/512 2543/3126/512 2542/3150/512
f 2546/3128/348 2294/3154/348 2535/3483/348
f 2529/3486/513 2290/3124/513 2543/3126/513
f 2551/3497/524 2559/3504/524 2558/3498/524
f 2567/3500/362 2566/3532/362 2807/3501/362
f 2805/3503/525 2560/3536/525 2559/3504/525
f 2568/3505/363 2567/3500/363 2556/3502/363
f 2552/3507/518 2561/3514/518 2560/3508/518
f 2569/3510/355 2568/3539/355 2808/3511/355
f 2806/3513/519 2562/3540/519 2561/3514/519
f 2570/3515/356 2569/3510/356 2809/3512/356
f 2563/3517/520 2562/3540/520 2806/3513/520
f 2571/3519/357 2570/3515/357 2810/3516/357
f 2554/3521/880 2564/3529/880 2563/3517/880
f 2565/3526/614 2564/3529/614 2554/3521/614
f 2804/3499/523 2558/3498/523 2557/3523/523
f 2807/3501/361 2566/3532/361 2565/3526/361
f 2580/3528/526 2579/3550/526 2564/3529/526
f 2558/3498/649 2573/3554/649 2572/3530/649
f 2581/3531/365 2580/3528/365 2565/3526/365
f 2574/3533/528 2573/3554/528 2558/3498/528
f 2582/3534/366 2581/3531/366 2566/3532/366
f 2575/3535/529 2574/3533/529 2559/3504/529
f 2568/3505/367 2583/3558/367 2582/3534/367
f 2576/3537/530 2575/3561/530 2560/3508/530
f 2569/3510/368 2584/3541/368 2583/3538/368
f 2562/3540/531 2577/3542/531 2576/3537/531
f 2570/3515/369 2585/3548/369 2584/3541/369
f 2563/3517/532 2578/3544/532 2577/3542/532
f 2586/3543/370 2585/3548/370 2570/3515/370
f 2564/3529/674 2579/3550/674 2578/3544/674
f 2599/3545/373 2598/3569/373 2583/3538/373
f 2592/3546/534 2591/3560/534 2576/3537/534
f 2600/3547/675 2599/3545/675 2584/3541/675
f 2578/3544/535 2593/3551/535 2592/3546/535
f 2601/3549/375 2600/3547/375 2585/3548/375
f 2579/3550/536 2594/3576/536 2593/3551/536
f 2595/3553/378 2594/3576/378 2579/3550/378
f 2573/3554/538 2588/3556/538 2587/3552/538
f 2596/3555/379 2595/3553/379 2580/3528/379
f 2574/3533/676 2589/3557/676 2588/3556/676
f 2582/3534/380 2597/3559/380 2596/3555/380
f 2575/3535/540 2590/3566/540 2589/3557/540
f 2583/3558/381 2598/8621/381 2597/3559/381
f 2591/3560/541 2590/8622/541 2575/3561/541
f 2596/3555/382 2611/3564/382 2610/3562/382
f 2604/3563/543 2603/3579/543 2588/3556/543
f 2597/3559/383 2612/8623/383 2611/3564/383
f 2605/3565/544 2604/3563/544 2589/3557/544
f 2613/3567/384 2612/3595/384 2597/3568/384
f 2606/3570/545 2605/3565/545 2590/3566/545
f 2599/3545/385 2614/3573/385 2613/3567/385
f 2607/3572/546 2606/8624/546 2591/3560/546
f 2600/3547/386 2615/3575/386 2614/3573/386
f 2608/3574/547 2607/3572/547 2592/3546/547
f 2601/3549/387 2616/3578/387 2615/3575/387
f 2594/3576/388 2609/8625/388 2608/3574/388
f 2610/3562/390 2609/8625/390 2594/3576/390
f 2603/3579/615 2602/3577/615 2587/3552/615
f 2630/3580/391 2629/3597/391 2614/3573/391
f 2623/3581/550 2622/3598/550 2607/3582/550
f 2631/3584/392 2630/3580/392 2615/3575/392
f 2609/3585/393 2624/3613/393 2623/3581/393
f 2625/3587/395 2624/3613/395 2609/3585/395
f 2618/3589/553 2617/3586/553 2602/3577/553
f 2611/3590/396 2626/3602/396 2625/3587/396
f 2604/3563/554 2619/3593/554 2618/3589/554
f 2627/3591/397 2626/3602/397 2611/3590/397
f 2605/3565/555 2620/3603/555 2619/3593/555
f 2613/3567/398 2628/3610/398 2627/3594/398
f 2621/3596/556 2620/3603/556 2605/3565/556
f 2629/3597/399 2628/3610/399 2613/3567/399
f 2622/3598/549 2621/3608/549 2606/3599/549
f 2635/3600/557 2634/3626/557 2618/3589/557
f 2627/3591/401 2643/3629/401 2642/3601/401
f 2620/3603/558 2636/3630/558 2635/3600/558
f 2644/3604/402 2643/3629/402 2627/3591/402
f 2637/3606/559 2636/3633/559 2620/3607/559
f 2645/3609/403 2644/3635/403 2628/3610/403
f 2638/3611/560 2637/3606/560 2621/3608/560
f 2630/3580/789 2646/3619/789 2645/3609/789
f 2623/3581/561 2639/3614/561 2638/3611/561
f 2647/3612/655 2646/3619/655 2630/3580/655
f 2624/3613/406 2640/3620/406 2639/3614/406
f 2641/3616/408 2640/3620/408 2624/3613/408
f 2618/3589/563 2634/3626/563 2633/3615/563
f 2642/3601/400 2641/3616/400 2625/3587/400
f 2639/3614/564 2654/3621/564 2653/3617/564
f 2647/3612/876 2662/3623/876 2661/3618/876
f 2640/3620/411 2655/3648/411 2654/3621/411
f 2656/3624/413 2655/3648/413 2640/3620/413
f 2649/3625/677 2648/3622/677 2633/3615/677
f 2657/3627/414 2656/3624/414 2641/3616/414
f 2650/3628/567 2649/3625/567 2634/3626/567
f 2643/3629/415 2658/3636/415 2657/3627/415
f 2636/3630/568 2651/3639/568 2650/3628/568
f 2659/3631/416 2658/3636/416 2643/3629/416
f 2637/3606/569 2652/3641/569 2651/3632/569
f 2660/3634/417 2659/3644/417 2644/3635/417
f 2653/3617/570 2652/3641/570 2637/3606/570
f 2661/3618/409 2660/3634/409 2645/3609/409
f 2658/3636/418 2673/3664/418 2672/3637/418
f 2666/3638/571 2665/3652/571 2650/3628/571
f 2674/3640/419 2673/3664/419 2658/3636/419
f 2652/3641/572 2667/3673/572 2666/3642/572
f 2660/3634/420 2675/3671/420 2674/3643/420
f 2668/3645/573 2667/3673/573 2652/3641/573
f 2676/3646/421 2675/3671/421 2660/3634/421
f 2654/3621/574 2669/3649/574 2668/3645/574
f 2677/3647/422 2676/3646/422 2661/3618/422
f 2655/3648/678 2670/8626/678 2669/3649/678
f 2671/3651/680 2670/8626/680 2655/3648/680
f 2649/3625/576 2664/3661/576 2663/3650/576
f 2672/3637/426 2671/3651/426 2656/3624/426
f 2665/3652/577 2664/3661/577 2649/3625/577
f 5817/3654/17 5825/3675/17 2676/3646/17
f 2676/3646/764 2677/3647/764 5817/3654/764
f 2669/3649/18 2670/8626/18 5660/3655/18
f 5660/3655/617 2670/8626/617 2671/3651/617
f 2663/3650/430 2664/3661/430 5647/3659/430
f 2664/3661/22 5652/3663/22 5647/3659/22
f 5684/3658/23 2671/3651/23 2672/3637/23
f 2664/3661/8 2665/3652/8 5650/3662/8
f 5655/3660/9 2672/3637/9 2673/3664/9
f 2665/3652/10 2666/3638/10 5658/3666/10
f 5653/3665/11 2673/3664/11 2674/3640/11
f 2666/3642/12 2667/3673/12 5654/3668/12
f 5657/3670/13 2674/3643/13 2675/3671/13
f 2667/3673/14 2668/3645/14 5656/3674/14
f 5829/3672/15 2675/3671/15 2676/3646/15
f 2668/3645/16 2669/3649/16 5685/3656/16
f 2678/3657/38 5648/3679/38 5649/3677/38
f 5824/3678/39 5823/3676/39 2679/3653/39
f 2681/3707/245 2632/3524/245 5646/3702/245
f 2682/3704/246 5775/3706/246 5781/3703/246
f 2691/3712/255 2690/3745/255 5755/3713/255
f 5634/3709/683 5633/3719/683 2684/3718/683
f 2684/3718/256 2683/3710/256 5634/3709/256
f 2692/3715/257 2691/3712/257 5754/3714/257
f 5632/3717/258 2685/3723/258 2684/3718/258
f 2693/3720/259 2692/3715/259 5756/3716/259
f 5631/3722/260 2686/3754/260 2685/3723/260
f 2694/3724/261 2693/3720/261 5762/3721/261
f 5771/3726/262 2687/3733/262 2686/3727/262
f 2695/3729/263 2694/3741/263 5764/3730/263
f 5759/3732/248 2688/3737/248 2687/3733/248
f 2696/3734/249 2695/3729/249 5765/3731/249
f 5760/3736/250 2689/3738/250 2688/3737/250
f 5776/3705/684 2682/3704/684 2697/3711/684
f 2697/3711/251 2696/3734/251 5776/3705/251
f 5755/3713/282 2690/3745/282 2689/3738/282
f 2687/3733/458 2702/3765/458 2701/3739/458
f 2695/3729/286 2710/3743/286 2709/3740/286
f 2703/3742/459 2702/3765/459 2687/3733/459
f 2696/3734/287 2711/3744/287 2710/3743/287
f 2689/3738/460 2704/3746/460 2703/3742/460
f 2697/3711/288 2712/3748/288 2711/3744/288
f 2690/3745/461 2705/3757/461 2704/3746/461
f 2706/3749/668 2705/3757/668 2690/3745/668
f 2699/3750/463 2698/3747/463 2683/3710/463
f 2707/3751/283 2706/3749/283 2691/3712/283
f 2700/3752/456 2699/3750/456 2684/3718/456
f 2693/3720/284 2708/3761/284 2707/3751/284
f 2701/3753/457 2700/3752/457 2685/3723/457
f 2709/3755/285 2708/3761/285 2693/3720/285
f 2721/3756/296 2720/3775/296 2705/3757/296
f 2699/3750/686 2714/3781/686 2713/3758/686
f 2722/3759/297 2721/3756/297 2706/3749/297
f 2715/3760/588 2714/3781/588 2699/3750/588
f 2708/3761/298 2723/3763/298 2722/3759/298
f 2716/3762/469 2715/3760/469 2700/3752/469
f 2709/3755/299 2724/3786/299 2723/3763/299
f 2717/3764/470 2716/3788/470 2701/3739/470
f 2710/3743/300 2725/3768/300 2724/3766/300
f 2718/3767/471 2717/3764/471 2702/3765/471
f 2711/3744/292 2726/3774/292 2725/3768/292
f 2704/3746/464 2719/3770/464 2718/3767/464
f 2727/3769/293 2726/3774/293 2711/3744/293
f 2705/3757/294 2720/3775/294 2719/3770/294
f 2725/3768/303 2740/3798/303 2739/3771/303
f 2733/3772/475 2732/3796/475 2717/3764/475
f 2741/3773/304 2740/3798/304 2725/3768/304
f 2719/3770/476 2734/3776/476 2733/3772/476
f 2727/3769/670 2742/3778/670 2741/3773/670
f 2720/3775/590 2735/3803/590 2734/3776/590
f 2736/3779/591 2735/3803/591 2720/3775/591
f 2729/3780/694 2728/3777/694 2713/3758/694
f 2737/3782/309 2736/3779/309 2721/3756/309
f 2730/3783/589 2729/3780/589 2714/3781/589
f 2723/3763/301 2738/3792/301 2737/3782/301
f 2731/3784/473 2730/3783/473 2715/3760/473
f 2739/3785/302 2738/3792/302 2723/3763/302
f 2717/3764/474 2732/3796/474 2731/3787/474
f 2729/3780/695 2744/3816/695 2743/3789/695
f 2752/3790/314 2751/8627/314 2736/3779/314
f 2745/3791/484 2744/3816/484 2729/3780/484
f 2738/3792/315 2753/8628/315 2752/3790/315
f 2746/3793/485 2745/3791/485 2730/3783/485
f 2754/3794/316 2753/3822/316 2738/3795/316
f 2732/3796/486 2747/8629/486 2746/3797/486
f 2740/3798/317 2755/3800/317 2754/3794/317
f 2748/3799/487 2747/8629/487 2732/3796/487
f 2741/3773/318 2756/3808/318 2755/3800/318
f 2734/3776/480 2749/8630/480 2748/3799/480
f 2757/3801/712 2756/3808/712 2741/3773/712
f 2750/3802/311 2749/8630/311 2734/3776/311
f 2736/3779/313 2751/8627/313 2750/3802/313
f 2763/3804/490 2762/3835/490 2747/3805/490
f 2771/3807/322 2770/3838/322 2755/3800/322
f 2749/3809/491 2764/3843/491 2763/3804/491
f 2757/3801/323 2772/3813/323 2771/3807/323
f 2765/3810/324 2764/3843/324 2749/3809/324
f 2751/3814/326 2766/3827/326 2765/3810/326
f 2759/3815/593 2758/3812/593 2743/3789/593
f 2767/3817/327 2766/3827/327 2751/3814/327
f 2745/3791/494 2760/3829/494 2759/3815/494
f 2753/3819/319 2768/3830/319 2767/3817/319
f 2761/3820/488 2760/3829/488 2745/3791/488
f 2754/3794/320 2769/3825/320 2768/3821/320
f 2762/3823/489 2761/3820/489 2746/3793/489
f 2755/3800/321 2770/3838/321 2769/3825/321
f 2767/3817/332 2782/3831/332 2781/3826/332
f 2775/3828/594 2774/3847/594 2759/3815/594
f 2768/3830/333 2783/3857/333 2782/3831/333
f 2776/3832/498 2775/3828/498 2760/3829/498
f 2784/3833/334 2783/3857/334 2768/3830/334
f 2762/3835/499 2777/3860/499 2776/3836/499
f 2770/3838/335 2785/3841/335 2784/3839/335
f 2778/3840/500 2777/3860/500 2762/3835/500
f 2771/3807/671 2786/3844/671 2785/3841/671
f 2779/3842/501 2778/3840/501 2763/3804/501
f 2772/3813/328 2787/3846/328 2786/3844/328
f 2765/3810/329 2780/3851/329 2779/3842/329
f 2781/3826/331 2780/3851/331 2765/3810/331
f 2774/3847/713 2773/3845/713 2758/3812/713
f 2801/3848/339 2800/3862/339 2785/3841/339
f 2779/3842/504 2794/3852/504 2793/3849/504
f 2802/3850/340 2801/3848/340 2786/3844/340
f 2780/3851/341 2795/3867/341 2794/3852/341
f 2796/3854/343 2795/3867/343 2780/3851/343
f 2774/3847/595 2789/3856/595 2788/3853/595
f 2797/3855/344 2796/3854/344 2781/3826/344
f 2775/3828/508 2790/3858/508 2789/3856/508
f 2783/3857/345 2798/3863/345 2797/3855/345
f 2776/3832/509 2791/3864/509 2790/3858/509
f 2799/3859/337 2798/3863/337 2783/3857/337
f 2777/3860/502 2792/3865/502 2791/3861/502
f 2800/3862/338 2799/3866/338 2784/3839/338
f 2793/3849/503 2792/3865/503 2777/3860/503
f 2556/3502/349 2807/3501/349 2797/3855/349
f 2791/3864/514 2805/3503/514 2551/3497/514
f 2808/3506/350 2556/3502/350 2798/3863/350
f 2552/3507/515 2805/3509/515 2791/3861/515
f 2800/3862/351 2809/3512/351 2808/3511/351
f 2793/3849/516 2806/3513/516 2552/3507/516
f 2801/3848/352 2810/3516/352 2809/3512/352
f 2794/3852/517 2553/3518/517 2806/3513/517
f 2802/3850/353 2811/3520/353 2810/3516/353
f 2795/3867/597 2554/3521/597 2553/3518/597
f 2555/3527/347 2554/3521/347 2795/3867/347
f 2804/3499/805 2803/3522/805 2788/3853/805
f 2807/3501/348 2555/3527/348 2796/3854/348
f 2790/3858/513 2551/3497/513 2804/3499/513
f 2812/3868/524 2820/3875/524 2819/3869/524
f 2828/3871/362 2827/3902/362 3068/3872/362
f 3066/3874/525 2821/3907/525 2820/3875/525
f 2829/3876/363 2828/3871/363 2817/3873/363
f 2813/3878/518 2822/3885/518 2821/3879/518
f 2830/3881/355 2829/3910/355 3069/3882/355
f 3067/3884/519 2823/3911/519 2822/3885/519
f 2831/3886/356 2830/3881/356 3070/3883/356
f 2824/3888/520 2823/3911/520 3067/3884/520
f 2832/3890/718 2831/3886/718 3071/3887/718
f 2825/3892/521 2824/3888/521 2814/3889/521
f 2816/3898/881 2826/3899/881 2825/3892/881
f 3065/3870/523 2819/3869/523 2818/3895/523
f 3068/3872/361 2827/3902/361 2826/3899/361
f 2826/3899/364 2841/3903/364 2840/3900/364
f 2834/3901/527 2833/3915/527 2818/3895/527
f 2827/3902/365 2842/3926/365 2841/3903/365
f 2835/3904/528 2834/3901/528 2819/3869/528
f 2843/3905/366 2842/3926/366 2827/3902/366
f 2836/3906/529 2835/3904/529 2820/3875/529
f 2829/3876/367 2844/3929/367 2843/3905/367
f 2837/3908/530 2836/3932/530 2821/3879/530
f 2830/3881/368 2845/3912/368 2844/3909/368
f 2823/3911/531 2838/3919/531 2837/3908/531
f 2831/3886/369 2846/3914/369 2845/3912/369
f 2839/3913/532 2838/3919/532 2823/3911/532
f 2832/3890/370 2847/3916/370 2846/3914/370
f 2840/3900/371 2839/3913/371 2824/3888/371
f 2860/3917/373 2859/3940/373 2844/3909/373
f 2853/3918/534 2852/3931/534 2837/3908/534
f 2861/3920/675 2860/3917/675 2845/3912/675
f 2854/3921/535 2853/3918/535 2838/3919/535
f 2847/3916/375 2862/3923/375 2861/3920/375
f 2840/3900/653 2855/3946/653 2854/3921/653
f 2856/3924/623 2855/3946/623 2840/3900/623
f 2849/3925/600 2848/3922/600 2833/3915/600
f 2842/3926/379 2857/3927/379 2856/3924/379
f 2835/3904/676 2850/3928/676 2849/3925/676
f 2843/3905/380 2858/3930/380 2857/3927/380
f 2836/3906/540 2851/3937/540 2850/3928/540
f 2844/3929/381 2859/8631/381 2858/3930/381
f 2852/3931/541 2851/8632/541 2836/3932/541
f 2872/3933/382 2871/3949/382 2856/3924/382
f 2850/3928/543 2865/3963/543 2864/3934/543
f 2873/3935/383 2872/3933/383 2857/3927/383
f 2866/3936/544 2865/3963/544 2850/3928/544
f 2874/3938/384 2873/3968/384 2858/3939/384
f 2852/3941/545 2867/3970/545 2866/3936/545
f 2860/3917/385 2875/3951/385 2874/3938/385
f 2853/3918/546 2868/3944/546 2867/3942/546
f 2876/3943/386 2875/3951/386 2860/3917/386
f 2854/3921/547 2869/3947/547 2868/3944/547
f 2877/3945/387 2876/3943/387 2861/3920/387
f 2855/3946/388 2870/8633/388 2869/3947/388
f 2871/3949/390 2870/8633/390 2855/3946/390
f 2849/3925/542 2864/3934/542 2863/3948/542
f 2876/3943/391 2891/3983/391 2890/3950/391
f 2869/3952/550 2884/3984/550 2883/3953/550
f 2892/3955/392 2891/3983/392 2876/3943/392
f 2885/3956/393 2884/3984/393 2869/3952/393
f 2871/3959/395 2886/3989/395 2885/3956/395
f 2864/3934/553 2879/3975/553 2878/3958/553
f 2887/3960/396 2886/3989/396 2871/3959/396
f 2880/3962/554 2879/3975/554 2864/3934/554
f 2888/3964/397 2887/3960/397 2872/3961/397
f 2881/3966/555 2880/3962/555 2865/3963/555
f 2874/3938/398 2889/3971/398 2888/3967/398
f 2882/3969/556 2881/3966/556 2866/3936/556
f 2875/3951/399 2890/3950/399 2889/3971/399
f 2868/3954/549 2883/3953/549 2882/3972/549
f 2880/3962/557 2896/3998/557 2895/3974/557
f 2904/3976/401 2903/3990/401 2887/3960/401
f 2897/3977/558 2896/3998/558 2880/3962/558
f 2889/3978/402 2905/4002/402 2904/3976/402
f 2898/3979/559 2897/4004/559 2881/3980/559
f 2890/3950/403 2906/4006/403 2905/3981/403
f 2883/3953/560 2899/3985/560 2898/3979/560
f 2907/3982/404 2906/4006/404 2890/3950/404
f 2884/3984/561 2900/3991/561 2899/3985/561
f 2908/3986/405 2907/3982/405 2891/3983/405
f 2901/3987/406 2900/3991/406 2884/3984/406
f 2886/3989/408 2902/3996/408 2901/3987/408
f 2879/3975/563 2895/3974/563 2894/3988/563
f 2903/3990/400 2902/3996/400 2886/3989/400
f 2900/3991/564 2915/4019/564 2914/3992/564
f 2923/3993/876 2922/4007/876 2907/3982/876
f 2916/3994/411 2915/4019/411 2900/3991/411
f 2902/3996/413 2917/4023/413 2916/3994/413
f 2895/3974/566 2910/3999/566 2909/3995/566
f 2918/3997/414 2917/4023/414 2902/3996/414
f 2896/3998/567 2911/4000/567 2910/3999/567
f 2904/3976/415 2919/4008/415 2918/3997/415
f 2897/3977/568 2912/4011/568 2911/4000/568
f 2920/4001/416 2919/4008/416 2904/3976/416
f 2898/3979/569 2913/4014/569 2912/4003/569
f 2921/4005/417 2920/4016/417 2905/3981/417
f 2914/3992/570 2913/4014/570 2898/3979/570
f 2922/4007/409 2921/4005/409 2906/4006/409
f 2919/4008/418 2934/4012/418 2933/4009/418
f 2927/4010/571 2926/4038/571 2911/4000/571
f 2920/4001/419 2935/4040/419 2934/4012/419
f 2928/4013/572 2927/4042/572 2912/4003/572
f 2921/4005/420 2936/4046/420 2935/4015/420
f 2929/4017/573 2928/4013/573 2913/4014/573
f 2937/4018/421 2936/4046/421 2921/4005/421
f 2915/4019/574 2930/4027/574 2929/4017/574
f 2923/3993/882 2938/4022/882 2937/4018/882
f 2931/4020/678 2930/4027/678 2915/4019/678
f 2917/4023/680 2932/4031/680 2931/4020/680
f 2925/4024/576 2924/4021/576 2909/3995/576
f 2933/4009/426 2932/4031/426 2917/4023/426
f 2911/4000/577 2926/4038/577 2925/4024/577
f 5867/4026/764 5863/4049/764 2937/4018/764
f 2937/4018/17 2938/4022/17 5867/4026/17
f 2930/4027/427 2931/4020/427 5742/4028/427
f 5742/4028/21 2931/4020/21 2932/4031/21
f 2924/4021/22 2925/4024/22 5715/4033/22
f 2925/4024/430 5717/4036/430 5715/4033/430
f 5744/4032/23 2932/4031/23 2933/4009/23
f 2925/4024/8 2926/4038/8 5730/4035/8
f 5748/4034/9 2933/4009/9 2934/4012/9
f 2926/4038/10 2927/4010/10 5733/4039/10
f 5735/4037/11 2934/4012/11 2935/4040/11
f 2927/4042/12 2928/4013/12 5736/4043/12
f 5865/4045/13 2935/4015/13 2936/4046/13
f 2928/4013/14 2929/4017/14 5740/4048/14
f 5864/4047/15 2936/4046/15 2937/4018/15
f 2929/4017/16 2930/4027/16 5745/4029/16
f 2939/4030/38 5713/4053/38 5712/4051/38
f 5868/4052/39 5866/4050/39 2940/4025/39
f 2942/4081/245 2893/3896/245 5677/4076/245
f 2943/4078/246 5847/4080/246 5848/4077/246
f 2952/4086/255 2951/4120/255 5835/4087/255
f 5673/4083/256 5671/4093/256 2945/4092/256
f 2945/4092/683 2944/4084/683 5673/4083/683
f 2953/4089/257 2952/4086/257 5869/4088/257
f 5669/4091/258 2946/4096/258 2945/4092/258
f 2954/4094/259 2953/4089/259 5842/4090/259
f 2946/4096/260 5669/4091/260 5844/4097/260
f 2955/4099/261 2954/4094/261 5841/4095/261
f 5852/4101/262 2948/4108/262 2947/4102/262
f 2956/4104/263 2955/4116/263 5851/4105/263
f 5843/4107/248 2949/4112/248 2948/4108/248
f 2957/4109/249 2956/4104/249 5850/4106/249
f 5870/4111/250 2950/4113/250 2949/4112/250
f 5846/4079/251 2943/4078/251 2958/4085/251
f 2958/4085/251 2957/4109/251 5846/4079/251
f 5835/4087/282 2951/4120/282 2950/4113/282
f 2948/4108/458 2963/4137/458 2962/4114/458
f 2956/4104/286 2971/4139/286 2970/4115/286
f 2964/4117/459 2963/4137/459 2948/4108/459
f 2972/4118/287 2971/4139/287 2956/4104/287
f 2950/4113/460 2965/4121/460 2964/4117/460
f 2973/4119/288 2972/4118/288 2957/4109/288
f 2951/4120/461 2966/4129/461 2965/4121/461
f 2967/4123/668 2966/4129/668 2951/4120/668
f 2945/4092/463 2960/4125/463 2959/4122/463
f 2968/4124/283 2967/4123/283 2952/4086/283
f 2946/4096/456 2961/4133/456 2960/4125/456
f 2954/4094/284 2969/4134/284 2968/4124/284
f 2962/4126/457 2961/4133/457 2946/4096/457
f 2970/4127/285 2969/4134/285 2954/4094/285
f 2967/4123/296 2982/4154/296 2981/4128/296
f 2960/4125/467 2975/4156/467 2974/4130/467
f 2983/4131/297 2982/4154/297 2967/4123/297
f 2976/4132/588 2975/4156/588 2960/4125/588
f 2969/4134/298 2984/4159/298 2983/4131/298
f 2977/4135/469 2976/4132/469 2961/4133/469
f 2985/4136/299 2984/4159/299 2969/4134/299
f 2963/4137/470 2978/4146/470 2977/4138/470
f 2971/4139/300 2986/4142/300 2985/4140/300
f 2979/4141/471 2978/4146/471 2963/4137/471
f 2972/4118/711 2987/4147/711 2986/4142/711
f 2965/4121/464 2980/4148/464 2979/4141/464
f 2988/4143/293 2987/4147/293 2972/4118/293
f 2981/4128/294 2980/4148/294 2965/4121/294
f 3001/4144/303 3000/4170/303 2985/4140/303
f 2994/4145/475 2993/4171/475 2978/4146/475
f 2987/4147/304 3002/4149/304 3001/4144/304
f 2980/4148/476 2995/4150/476 2994/4145/476
f 2988/4143/670 3003/4152/670 3002/4149/670
f 2981/4128/590 2996/4176/590 2995/4150/590
f 2997/4153/308 2996/4176/308 2981/4128/308
f 2990/4155/592 2989/4151/592 2974/4130/592
f 2998/4157/309 2997/4153/309 2982/4154/309
f 2991/4158/472 2990/4155/472 2975/4156/472
f 2984/4159/301 2999/4165/301 2998/4157/301
f 2977/4135/473 2992/4167/473 2991/4158/473
f 3000/4160/302 2999/4165/302 2984/4159/302
f 2978/4146/474 2993/4171/474 2992/4161/474
f 3005/4162/695 3004/4178/695 2989/4151/695
f 3013/4163/314 3012/4180/314 2997/4153/314
f 3006/4164/484 3005/4162/484 2990/4155/484
f 2999/4165/315 3014/8634/315 3013/4163/315
f 3007/4166/485 3006/4164/485 2991/4158/485
f 3015/4168/316 3014/4198/316 2999/4169/316
f 2993/4171/486 3008/8635/486 3007/4172/486
f 3001/4144/317 3016/4174/317 3015/4168/317
f 3009/4173/487 3008/8635/487 2993/4171/487
f 3002/4149/318 3017/4175/318 3016/4174/318
f 2995/4150/480 3010/4177/480 3009/4173/480
f 3003/4152/712 3018/4179/712 3017/4175/712
f 2996/4176/311 3011/8636/311 3010/4177/311
f 3012/4180/313 3011/8636/313 2996/4176/313
f 3024/4181/490 3023/4210/490 3008/4182/490
f 3032/4184/322 3031/4201/322 3016/4174/322
f 3010/4185/491 3025/4188/491 3024/4181/491
f 3033/4186/323 3032/4184/323 3017/4175/323
f 3011/4187/324 3026/4215/324 3025/4188/324
f 3027/4190/326 3026/4215/326 3011/4187/326
f 3005/4162/493 3020/4194/493 3019/4189/493
f 3028/4192/327 3027/4190/327 3012/4191/327
f 3006/4164/494 3021/4196/494 3020/4194/494
f 3014/4195/319 3029/4204/319 3028/4192/319
f 3007/4166/488 3022/4200/488 3021/4196/488
f 3030/4197/320 3029/8637/320 3014/4198/320
f 3008/4199/489 3023/8638/489 3022/4200/489
f 3031/4201/321 3030/4197/321 3015/4168/321
f 3043/4202/332 3042/4219/332 3027/4190/332
f 3036/4203/497 3035/4220/497 3020/4194/497
f 3029/4204/333 3044/4207/333 3043/4202/333
f 3037/4205/498 3036/4203/498 3021/4196/498
f 3030/4206/334 3045/4233/334 3044/4207/334
f 3038/4208/499 3037/4235/499 3022/4209/499
f 3031/4201/335 3046/4213/335 3045/4211/335
f 3039/4212/500 3038/4208/500 3023/4210/500
f 3032/4184/671 3047/4214/671 3046/4213/671
f 3025/4188/501 3040/4216/501 3039/4212/501
f 3033/4186/328 3048/4218/328 3047/4214/328
f 3026/4215/329 3041/4224/329 3040/4216/329
f 3042/4219/331 3041/4224/331 3026/4215/331
f 3035/4220/713 3034/4217/713 3019/4189/713
f 3062/4221/339 3061/4236/339 3046/4213/339
f 3040/4216/504 3055/4225/504 3054/4222/504
f 3063/4223/340 3062/4221/340 3047/4214/340
f 3041/4224/341 3056/4240/341 3055/4225/341
f 3057/4227/343 3056/4240/343 3041/4224/343
f 3035/4220/507 3050/4229/507 3049/4226/507
f 3058/4228/344 3057/4227/344 3042/4219/344
f 3036/4203/508 3051/4231/508 3050/4229/508
f 3059/4230/345 3058/4228/345 3043/4202/345
f 3037/4205/509 3052/4238/509 3051/4231/509
f 3060/4232/337 3059/4230/337 3044/4207/337
f 3038/4208/502 3053/4237/502 3052/4234/502
f 3061/4236/338 3060/4239/338 3045/4211/338
f 3039/4212/503 3054/4222/503 3053/4237/503
f 2817/3873/349 3068/3872/349 3058/4228/349
f 3052/4238/514 3066/3874/514 2812/3868/514
f 3060/4232/350 3069/3877/350 2817/3873/350
f 2813/3878/515 3066/3880/515 3052/4234/515
f 3061/4236/351 3070/3883/351 3069/3882/351
f 3054/4222/516 3067/3884/516 2813/3878/516
f 3062/4221/352 3071/3887/352 3070/3883/352
f 3055/4225/517 2814/3889/517 3067/3884/517
f 3072/3891/353 3071/3887/353 3062/4221/353
f 3056/4240/597 2815/3893/597 2814/3889/597
f 2816/3898/347 2815/3893/347 3056/4240/347
f 3050/4229/512 3065/3870/512 3064/3894/512
f 3068/3872/348 2816/3898/348 3057/4227/348
f 3051/4231/513 2812/3868/513 3065/3870/513
f 3073/4241/524 3081/4248/524 3080/4242/524
f 3089/4244/362 3088/4275/362 3329/4245/362
f 3327/4247/525 3082/4280/525 3081/4248/525
f 3090/4249/363 3089/4244/363 3078/4246/363
f 3074/4251/518 3083/4258/518 3082/4252/518
f 3091/4254/355 3090/4284/355 3330/4255/355
f 3328/4257/519 3084/4285/519 3083/4258/519
f 3092/4259/356 3091/4254/356 3331/4256/356
f 3085/4261/520 3084/4285/520 3328/4257/520
f 3093/4263/357 3092/4259/357 3332/4260/357
f 3086/4265/521 3085/4261/521 3075/4262/521
f 3077/4271/360 3087/4272/360 3086/4265/360
f 3326/4243/523 3080/4242/523 3079/4268/523
f 3329/4245/361 3088/4275/361 3087/4272/361
f 3087/4272/526 3102/4276/526 3101/4273/526
f 3080/4242/527 3095/4277/527 3094/4274/527
f 3088/4275/365 3103/4301/365 3102/4276/365
f 3081/4248/528 3096/4302/528 3095/4277/528
f 3104/4278/366 3103/4301/366 3088/4275/366
f 3097/4279/529 3096/4302/529 3081/4248/529
f 3105/4281/367 3104/4278/367 3089/4244/367
f 3083/4258/530 3098/4286/530 3097/4282/530
f 3091/4254/368 3106/4290/368 3105/4283/368
f 3084/4285/531 3099/4292/531 3098/4286/531
f 3107/4287/369 3106/4290/369 3091/4254/369
f 3100/4288/532 3099/4292/532 3084/4285/532
f 3108/4289/370 3107/4287/370 3092/4259/370
f 3101/4273/674 3100/4288/674 3085/4261/674
f 3106/4290/373 3121/4315/373 3120/4291/373
f 3099/4292/534 3114/4295/534 3113/4293/534
f 3122/4294/675 3121/4315/675 3106/4290/675
f 3100/4288/535 3115/4297/535 3114/4295/535
f 3123/4296/375 3122/4294/375 3107/4287/375
f 3101/4273/653 3116/4321/653 3115/4297/653
f 3117/4299/378 3116/4321/378 3101/4273/378
f 3095/4277/538 3110/4303/538 3109/4298/538
f 3118/4300/379 3117/4299/379 3102/4276/379
f 3096/4302/676 3111/4308/676 3110/4303/676
f 3119/4304/380 3118/4300/380 3103/4301/380
f 3112/4305/540 3111/4308/540 3096/4302/540
f 3105/4281/381 3120/8639/381 3119/4304/381
f 3113/4293/541 3112/8640/541 3097/4282/541
f 3118/4300/382 3133/8641/382 3132/4306/382
f 3126/4307/543 3125/4323/543 3110/4303/543
f 3134/4309/383 3133/8641/383 3118/4300/383
f 3127/4310/544 3126/4307/544 3111/4308/544
f 3120/4291/384 3135/4316/384 3134/4311/384
f 3128/4313/545 3127/4310/545 3112/4305/545
f 3121/4315/385 3136/4318/385 3135/4316/385
f 3114/4295/546 3129/8642/546 3128/4317/546
f 3122/4294/386 3137/4324/386 3136/4318/386
f 3130/4319/547 3129/8642/547 3114/4295/547
f 3138/4320/387 3137/4324/387 3122/4294/387
f 3116/4321/388 3131/8643/388 3130/4319/388
f 3132/4306/390 3131/8643/390 3116/4321/390
f 3125/4323/542 3124/4322/542 3109/4298/542
f 3137/4324/391 3152/4355/391 3151/4325/391
f 3145/4326/550 3144/4353/550 3129/4327/550
f 3153/4329/392 3152/4355/392 3137/4324/392
f 3131/4330/393 3146/4357/393 3145/4326/393
f 3147/4332/395 3146/4357/395 3131/4330/395
f 3125/4323/553 3140/4343/553 3139/4331/553
f 3133/4334/396 3148/4345/396 3147/4332/396
f 3141/4335/554 3140/4343/554 3125/4323/554
f 3149/4336/397 3148/4345/397 3133/4334/397
f 3142/4338/555 3141/4335/555 3126/4307/555
f 3150/4339/398 3149/8644/398 3134/4311/398
f 3128/4313/556 3143/8645/556 3142/4338/556
f 3136/4318/399 3151/4325/399 3150/4339/399
f 3129/4327/549 3144/4353/549 3143/4340/549
f 3141/4335/651 3157/4346/651 3156/4342/651
f 3149/4336/401 3165/4371/401 3164/4344/401
f 3142/4338/558 3158/4373/558 3157/4346/558
f 3166/4347/402 3165/4371/402 3149/4336/402
f 3143/4340/559 3159/4376/559 3158/4349/559
f 3167/4351/403 3166/4378/403 3150/4339/403
f 3160/4352/560 3159/4376/560 3143/4340/560
f 3168/4354/789 3167/4351/789 3151/4325/789
f 3145/4326/561 3161/4358/561 3160/4352/561
f 3169/4356/405 3168/4354/405 3152/4355/405
f 3146/4357/406 3162/4363/406 3161/4358/406
f 3163/4360/408 3162/4363/408 3146/4357/408
f 3140/4343/563 3156/4342/563 3155/4359/563
f 3164/4344/400 3163/4360/400 3147/4332/400
f 3161/4358/564 3176/4364/564 3175/4361/564
f 3169/4356/410 3184/4366/410 3183/4362/410
f 3162/4363/411 3177/4390/411 3176/4364/411
f 3178/4367/413 3177/4390/413 3162/4363/413
f 3171/4368/677 3170/4365/677 3155/4359/677
f 3179/4369/414 3178/4367/414 3163/4360/414
f 3172/4370/567 3171/4368/567 3156/4342/567
f 3165/4371/415 3180/4374/415 3179/4369/415
f 3173/4372/568 3172/4370/568 3157/4346/568
f 3166/4347/416 3181/4382/416 3180/4374/416
f 3174/4375/569 3173/4385/569 3158/4349/569
f 3167/4351/417 3182/4379/417 3181/4377/417
f 3175/4361/570 3174/4375/570 3159/4376/570
f 3168/4354/409 3183/4362/409 3182/4379/409
f 3180/4374/418 3195/4383/418 3194/4380/418
f 3188/4381/571 3187/4407/571 3172/4370/571
f 3181/4382/419 3196/4409/419 3195/4383/419
f 3189/4384/572 3188/4411/572 3173/4385/572
f 3182/4379/420 3197/4415/420 3196/4386/420
f 3190/4387/573 3189/4384/573 3174/4375/573
f 3198/4388/421 3197/4415/421 3182/4379/421
f 3176/4364/574 3191/4397/574 3190/4387/574
f 3184/4366/422 3199/4392/422 3198/4388/422
f 3192/4389/678 3191/4397/678 3176/4364/678
f 3193/4393/680 3192/4389/680 3177/4390/680
f 3186/4394/604 3185/4391/604 3170/4365/604
f 3194/4380/426 3193/4393/426 3178/4367/426
f 3172/4370/577 3187/4407/577 3186/4394/577
f 5716/4396/17 5729/4418/17 3198/4388/17
f 3198/4388/764 3199/4392/764 5716/4396/764
f 3191/4397/427 3192/4389/427 5743/4398/427
f 5743/4398/21 3192/4389/21 3193/4393/21
f 3185/4391/22 3186/4394/22 5720/4402/22
f 3186/4394/430 5750/4405/430 5720/4402/430
f 5746/4401/23 3193/4393/23 3194/4380/23
f 3186/4394/8 3187/4407/8 5732/4404/8
f 5739/4403/9 3194/4380/9 3195/4383/9
f 3187/4407/10 3188/4381/10 5738/4408/10
f 5737/4406/11 3195/4383/11 3196/4409/11
f 3188/4411/12 3189/4384/12 5749/4412/12
f 5734/4414/13 3196/4386/13 3197/4415/13
f 3189/4384/14 3190/4387/14 5741/4417/14
f 5731/4416/15 3197/4415/15 3198/4388/15
f 3190/4387/16 3191/4397/16 5747/4399/16
f 3200/4400/38 5718/4422/38 5719/4420/38
f 5711/4421/39 5714/4419/39 3201/4395/39
f 3203/4450/245 3154/4269/245 5680/4445/245
f 3204/4447/246 5675/4449/246 5678/4446/246
f 3213/4455/666 3212/4488/666 5659/4456/666
f 5679/4452/256 5682/4462/256 3206/4461/256
f 3206/4461/683 3205/4453/683 5679/4452/683
f 3214/4458/257 3213/4455/257 5662/4457/257
f 5683/4460/258 3207/4466/258 3206/4461/258
f 3215/4463/259 3214/4458/259 5667/4459/259
f 5665/4465/260 3208/4495/260 3207/4466/260
f 3216/4467/261 3215/4463/261 5663/4464/261
f 5666/4469/262 3209/4476/262 3208/4470/262
f 3217/4472/263 3216/4484/263 5664/4473/263
f 5668/4475/248 3210/4480/248 3209/4476/248
f 3218/4477/249 3217/4472/249 5670/4474/249
f 5661/4479/250 3211/4481/250 3210/4480/250
f 5674/4448/684 3204/4447/684 3219/4454/684
f 3219/4454/684 3218/4477/684 5674/4448/684
f 5659/4456/282 3212/4488/282 3211/4481/282
f 3209/4476/458 3224/4506/458 3223/4482/458
f 3217/4472/286 3232/4507/286 3231/4483/286
f 3225/4485/459 3224/4506/459 3209/4476/459
f 3233/4486/287 3232/4507/287 3217/4472/287
f 3211/4481/460 3226/4489/460 3225/4485/460
f 3234/4487/288 3233/4486/288 3218/4477/288
f 3212/4488/587 3227/4498/587 3226/4489/587
f 3228/4491/668 3227/4498/668 3212/4488/668
f 3206/4461/883 3221/4493/883 3220/4490/883
f 3229/4492/283 3228/4491/283 3213/4455/283
f 3207/4466/456 3222/4501/456 3221/4493/456
f 3215/4463/284 3230/4502/284 3229/4492/284
f 3223/4494/457 3222/4501/457 3207/4466/457
f 3231/4496/285 3230/4502/285 3215/4463/285
f 3243/4497/296 3242/4519/296 3227/4498/296
f 3236/4499/686 3235/4512/686 3220/4490/686
f 3244/4500/297 3243/4497/297 3228/4491/297
f 3222/4501/588 3237/4525/588 3236/4499/588
f 3230/4502/298 3245/4504/298 3244/4500/298
f 3238/4503/469 3237/4525/469 3222/4501/469
f 3231/4496/299 3246/4528/299 3245/4504/299
f 3239/4505/470 3238/4530/470 3223/4482/470
f 3232/4507/300 3247/4514/300 3246/4508/300
f 3240/4509/471 3239/4505/471 3224/4506/471
f 3248/4510/292 3247/4514/292 3232/4507/292
f 3226/4489/464 3241/4511/464 3240/4509/464
f 3234/4487/293 3249/4513/293 3248/4510/293
f 3227/4498/294 3242/4519/294 3241/4511/294
f 3247/4514/303 3262/4517/303 3261/4515/303
f 3255/4516/475 3254/4538/475 3239/4505/475
f 3248/4510/304 3263/4543/304 3262/4517/304
f 3241/4511/476 3256/4520/476 3255/4516/476
f 3264/4518/670 3263/4543/670 3248/4510/670
f 3242/4519/590 3257/4545/590 3256/4520/590
f 3258/4522/308 3257/4545/308 3242/4519/308
f 3236/4499/479 3251/4532/479 3250/4521/479
f 3259/4523/309 3258/4522/309 3243/4497/309
f 3252/4524/589 3251/4532/589 3236/4499/589
f 3245/4504/301 3260/4534/301 3259/4523/301
f 3253/4526/473 3252/4524/473 3237/4525/473
f 3261/4527/302 3260/4534/302 3245/4504/302
f 3239/4505/474 3254/4538/474 3253/4529/474
f 3266/4531/483 3265/4546/483 3250/4521/483
f 3274/4533/314 3273/8646/314 3258/4522/314
f 3252/4524/484 3267/4535/484 3266/4531/484
f 3260/4534/315 3275/8647/315 3274/4533/315
f 3253/4526/485 3268/4562/485 3267/4535/485
f 3276/4536/316 3275/4565/316 3260/4537/316
f 3254/4538/486 3269/8648/486 3268/4539/486
f 3277/4540/317 3276/4536/317 3261/4515/317
f 3270/4541/487 3269/8648/487 3254/4538/487
f 3278/4542/318 3277/4540/318 3262/4517/318
f 3256/4520/480 3271/8649/480 3270/4541/480
f 3264/4518/712 3279/4547/712 3278/4542/712
f 3272/4544/311 3271/8649/311 3256/4520/311
f 3258/4522/313 3273/8646/313 3272/4544/313
f 3285/4548/490 3284/4580/490 3269/4549/490
f 3293/4551/322 3292/4568/322 3277/4540/322
f 3271/4552/491 3286/4585/491 3285/4548/491
f 3279/4547/879 3294/4556/879 3293/4551/879
f 3287/4553/324 3286/4585/324 3271/4552/324
f 3273/4557/326 3288/4570/326 3287/4553/326
f 3281/4558/593 3280/4555/593 3265/4546/593
f 3289/4559/327 3288/4570/327 3273/4557/327
f 3267/4535/494 3282/4563/494 3281/4558/494
f 3275/4561/319 3290/4573/319 3289/4559/319
f 3268/4562/488 3283/4575/488 3282/4563/488
f 3276/4536/320 3291/4582/320 3290/4564/320
f 3284/4566/489 3283/4575/489 3268/4562/489
f 3292/4568/321 3291/4582/321 3276/4536/321
f 3304/4569/332 3303/4589/332 3288/4570/332
f 3297/4571/594 3296/4590/594 3281/4558/594
f 3305/4572/333 3304/4569/333 3289/4559/333
f 3298/4574/498 3297/4571/498 3282/4563/498
f 3306/4576/334 3305/4572/334 3290/4573/334
f 3299/4578/499 3298/4604/499 3283/4579/499
f 3292/4568/335 3307/4583/335 3306/4581/335
f 3285/4548/500 3300/4593/500 3299/4578/500
f 3293/4551/336 3308/4586/336 3307/4583/336
f 3301/4584/501 3300/4593/501 3285/4548/501
f 3294/4556/328 3309/4588/328 3308/4586/328
f 3287/4553/329 3302/4595/329 3301/4584/329
f 3303/4589/331 3302/4595/331 3287/4553/331
f 3296/4590/713 3295/4587/713 3280/4555/713
f 3323/4591/339 3322/4605/339 3307/4583/339
f 3301/4584/504 3316/4596/504 3315/4592/504
f 3324/4594/340 3323/4591/340 3308/4586/340
f 3302/4595/341 3317/4610/341 3316/4596/341
f 3318/4598/343 3317/4610/343 3302/4595/343
f 3296/4590/507 3311/4600/507 3310/4597/507
f 3319/4599/344 3318/4598/344 3303/4589/344
f 3297/4571/508 3312/4601/508 3311/4600/508
f 3305/4572/345 3320/4602/345 3319/4599/345
f 3298/4574/509 3313/4606/509 3312/4601/509
f 3306/4576/337 3321/4607/337 3320/4602/337
f 3314/4603/502 3313/4608/502 3298/4604/502
f 3322/4605/338 3321/4609/338 3306/4581/338
f 3315/4592/503 3314/4603/503 3299/4578/503
f 3078/4246/349 3329/4245/349 3319/4599/349
f 3313/4606/514 3327/4247/514 3073/4241/514
f 3321/4607/350 3330/4250/350 3078/4246/350
f 3074/4251/515 3327/4253/515 3313/4608/515
f 3322/4605/351 3331/4256/351 3330/4255/351
f 3315/4592/516 3328/4257/516 3074/4251/516
f 3323/4591/352 3332/4260/352 3331/4256/352
f 3316/4596/517 3075/4262/517 3328/4257/517
f 3324/4594/353 3333/4264/353 3332/4260/353
f 3317/4610/597 3076/4266/597 3075/4262/597
f 3077/4271/347 3076/4266/347 3317/4610/347
f 3326/4243/805 3325/4267/805 3310/4597/805
f 3329/4245/348 3077/4271/348 3318/4598/348
f 3073/4241/513 3326/4243/513 3311/4600/513
f 3345/4629/884 3344/4658/884 5593/4630/884
f 3337/4632/121 5525/4659/121 5549/4633/121
f 3346/4635/122 3345/4629/122 5597/4631/122
f 3338/4637/885 5549/8650/885 5591/4638/885
f 3347/4640/886 3346/4672/886 5592/4641/886
f 5598/4643/887 3340/4647/887 3339/4639/887
f 3348/4644/126 3347/4640/126 5589/4642/126
f 5596/4646/127 3341/4651/127 3340/4647/127
f 3349/4648/709 3348/4644/709 5590/4645/709
f 5594/4650/129 3342/4662/129 3341/4651/129
f 3335/4652/130 3334/4613/130 5528/4627/130
f 5586/4628/274 3530/4615/274 3349/4648/274
f 3343/4654/790 3342/4662/790 5594/4650/790
f 3335/4652/769 5527/4653/769 5526/4656/769
f 3344/4658/888 3343/4654/888 5595/4655/888
f 3336/4657/889 5526/4656/889 5525/4659/889
f 3349/4648/136 3364/4664/136 3363/4660/136
f 3357/4661/137 3356/4683/137 3341/4651/137
f 3343/4654/442 3358/4688/442 3357/4661/442
f 3351/4665/141 3350/4663/141 3335/4652/141
f 3359/4666/142 3358/4688/142 3343/4654/142
f 3352/4667/143 3351/4665/143 3336/4657/143
f 3345/4629/144 3360/4677/144 3359/4666/144
f 3353/4668/145 3352/4667/145 3337/4632/145
f 3361/4669/146 3360/4677/146 3345/4629/146
f 3339/4639/147 3354/4678/147 3353/4670/147
f 3347/4640/148 3362/4674/148 3361/4671/148
f 3355/4673/149 3354/4678/149 3339/4639/149
f 3348/4644/150 3363/4660/150 3362/4674/150
f 3341/4651/151 3356/4683/151 3355/4673/151
f 3368/4675/152 3367/4697/152 3352/4667/152
f 3376/4676/153 3375/4699/153 3360/4677/153
f 3354/4678/154 3369/4701/154 3368/4679/154
f 3362/4674/155 3377/4703/155 3376/4680/155
f 3370/4681/156 3369/4701/156 3354/4678/156
f 3378/4682/157 3377/4703/157 3362/4674/157
f 3356/4683/158 3371/4685/158 3370/4681/158
f 3379/4684/159 3378/4682/159 3363/4660/159
f 3357/4661/160 3372/4692/160 3371/4685/160
f 3373/4687/163 3372/4692/163 3357/4661/163
f 3351/4665/164 3366/4690/164 3365/4686/164
f 3374/4689/165 3373/4687/165 3358/4688/165
f 3352/4667/166 3367/4697/166 3366/4690/166
f 3360/4677/167 3375/4699/167 3374/4689/167
f 3387/4691/168 3386/4704/168 3371/4685/168
f 3373/4687/171 3388/4695/171 3387/4691/171
f 3366/4690/172 3381/4721/172 3380/4693/172
f 3374/4689/173 3389/4722/173 3388/4695/173
f 3382/4696/174 3381/4721/174 3366/4690/174
f 3390/4698/175 3389/4722/175 3374/4689/175
f 3368/4675/176 3383/4710/176 3382/4696/176
f 3376/4676/177 3391/8651/177 3390/4698/177
f 3384/4700/178 3383/8652/178 3368/4679/178
f 3392/4702/179 3391/4707/179 3376/4680/179
f 3370/4681/180 3385/4713/180 3384/4700/180
f 3378/4682/181 3393/4715/181 3392/4702/181
f 3386/4704/182 3385/4713/182 3370/4681/182
f 3394/4694/278 3393/4715/278 3378/4682/278
f 3406/4705/184 3405/4736/184 3390/4706/184
f 3384/4708/185 3399/8653/185 3398/4709/185
f 3407/4711/186 3406/4705/186 3391/4707/186
f 3400/4712/187 3399/8654/187 3384/4700/187
f 3408/4714/188 3407/4711/188 3392/4702/188
f 3401/4716/189 3400/4712/189 3385/4713/189
f 3394/4694/190 3409/4718/190 3408/4714/190
f 3387/4691/191 3402/8655/191 3401/4716/191
f 3403/4719/194 3402/8655/194 3387/4691/194
f 3396/4720/195 3395/4717/195 3380/4693/195
f 3389/4722/196 3404/4723/196 3403/4719/196
f 3382/4696/197 3397/4724/197 3396/4720/197
f 3390/4698/198 3405/8656/198 3404/4723/198
f 3383/4710/199 3398/4709/199 3397/4724/199
f 3418/4726/201 3417/4753/201 3402/4727/201
f 3411/4729/772 3410/4747/772 3395/4717/772
f 3419/4730/203 3418/4726/203 3403/4728/203
f 3412/4732/204 3411/4729/204 3396/4720/204
f 3405/4733/205 3420/4760/205 3419/4730/205
f 3413/4734/206 3412/4732/206 3397/4724/206
f 3406/4705/207 3421/4740/207 3420/4735/207
f 3414/4737/208 3413/4763/208 3398/4738/208
f 3407/4711/209 3422/4743/209 3421/4740/209
f 3415/4741/210 3414/4737/210 3399/4739/210
f 3408/4714/211 3423/4745/211 3422/4743/211
f 3401/4744/212 3416/4746/212 3415/4741/212
f 3409/4718/843 3424/4725/843 3423/4745/843
f 3402/4727/214 3417/4753/214 3416/4746/214
f 3422/4743/216 3437/4773/216 3436/4748/216
f 3415/4741/217 3430/4751/217 3429/4749/217
f 3438/4750/280 3437/4773/280 3422/4743/280
f 3416/4746/219 3431/4754/219 3430/4751/219
f 3439/4752/749 3438/4750/749 3423/4745/749
f 3417/4753/584 3432/4778/584 3431/4754/584
f 3433/4756/451 3432/4778/451 3417/4753/451
f 3411/4729/225 3426/4758/225 3425/4755/225
f 3434/4757/226 3433/4756/226 3418/4726/226
f 3412/4732/227 3427/4767/227 3426/4758/227
f 3435/4759/228 3434/4757/228 3419/4730/228
f 3428/4761/229 3427/4767/229 3412/4732/229
f 3421/4762/230 3436/4769/230 3435/4759/230
f 3429/4749/231 3428/4772/231 3413/4763/231
f 3441/4764/452 3440/4780/452 3425/4755/452
f 3449/4765/233 3448/4782/233 3433/4756/233
f 3442/4766/234 3441/4764/234 3426/4758/234
f 3435/4759/235 3450/4770/235 3449/4765/235
f 3443/4768/236 3442/4766/236 3427/4767/236
f 3436/4769/237 3451/4794/237 3450/4770/237
f 3444/4771/238 3443/4796/238 3428/4772/238
f 3437/4773/239 3452/4776/239 3451/4774/239
f 3445/4775/240 3444/4771/240 3429/4749/240
f 3438/4750/890 3453/4777/890 3452/4776/890
f 3431/4754/242 3446/4779/242 3445/4775/242
f 3439/4752/243 3454/4781/243 3453/4777/243
f 3432/4778/244 3447/4786/244 3446/4779/244
f 3448/4782/247 3447/4786/247 3432/4778/247
f 3460/4783/248 3459/4805/248 3444/4771/248
f 3468/4784/249 3467/4797/249 3452/4776/249
f 3446/4779/250 3461/4787/250 3460/4783/250
f 3469/4785/251 3468/4784/251 3453/4777/251
f 3447/4786/282 3462/4811/282 3461/4787/282
f 3463/4789/255 3462/4811/255 3447/4786/255
f 3441/4764/256 3456/4791/256 3455/4788/256
f 3464/4790/257 3463/4789/257 3448/4782/257
f 3442/4766/258 3457/4792/258 3456/4791/258
f 3450/4770/259 3465/4800/259 3464/4790/259
f 3443/4768/260 3458/4802/260 3457/4792/260
f 3466/4793/261 3465/4800/261 3450/4770/261
f 3444/4771/262 3459/4805/262 3458/4795/262
f 3467/4797/263 3466/4807/263 3451/4774/263
f 3479/4798/283 3478/4815/283 3463/4789/283
f 3472/4799/456 3471/4816/456 3456/4791/456
f 3465/4800/284 3480/4803/284 3479/4798/284
f 3473/4801/457 3472/4799/457 3457/4792/457
f 3466/4793/285 3481/4828/285 3480/4803/285
f 3474/4804/458 3473/4830/458 3458/4795/458
f 3467/4797/286 3482/4809/286 3481/4806/286
f 3475/4808/459 3474/4804/459 3459/4805/459
f 3468/4784/287 3483/4810/287 3482/4809/287
f 3461/4787/460 3476/4812/460 3475/4808/460
f 3469/4785/288 3484/4814/288 3483/4810/288
f 3462/4811/461 3477/4820/461 3476/4812/461
f 3478/4815/668 3477/4820/668 3462/4811/668
f 3471/4816/883 3470/4813/883 3455/4788/883
f 3498/4817/292 3497/4831/292 3482/4809/292
f 3476/4812/464 3491/4821/464 3490/4818/464
f 3499/4819/293 3498/4817/293 3483/4810/293
f 3477/4820/294 3492/4845/294 3491/4821/294
f 3493/4823/296 3492/4845/296 3477/4820/296
f 3471/4816/467 3486/4825/467 3485/4822/467
f 3494/4824/297 3493/4823/297 3478/4815/297
f 3472/4799/588 3487/4826/588 3486/4825/588
f 3480/4803/298 3495/4833/298 3494/4824/298
f 3473/4801/469 3488/4836/469 3487/4826/469
f 3496/4827/299 3495/4833/299 3480/4803/299
f 3474/4804/470 3489/4838/470 3488/4829/470
f 3497/4831/300 3496/4841/300 3481/4806/300
f 3490/4818/471 3489/4838/471 3474/4804/471
f 3502/4832/472 3501/4850/472 3486/4825/472
f 3495/4833/301 3510/4859/301 3509/4834/301
f 3503/4835/473 3502/4832/473 3487/4826/473
f 3511/4837/302 3510/4859/302 3495/4833/302
f 3489/4838/474 3504/4863/474 3503/4839/474
f 3497/4831/303 3512/4843/303 3511/4840/303
f 3505/4842/475 3504/4863/475 3489/4838/475
f 3498/4817/304 3513/4844/304 3512/4843/304
f 3491/4821/476 3506/4846/476 3505/4842/476
f 3499/4819/891 3514/4848/891 3513/4844/891
f 3492/4845/590 3507/4853/590 3506/4846/590
f 3508/4849/308 3507/4853/308 3492/4845/308
f 3501/4850/592 3500/4847/592 3485/4822/592
f 3509/4834/309 3508/4849/309 3493/4823/309
f 3506/4846/480 3521/4854/480 3520/4851/480
f 3529/4852/310 3528/4865/310 3513/4844/310
f 3507/4853/311 3522/8657/311 3521/4854/311
f 3523/4856/313 3522/8657/313 3507/4853/313
f 3501/4850/695 3516/4858/695 3515/4855/695
f 3524/4857/314 3523/4856/314 3508/4849/314
f 3502/4832/484 3517/4870/484 3516/4858/484
f 3510/4859/315 3525/8658/315 3524/4857/315
f 3518/4860/485 3517/4870/485 3502/4832/485
f 3526/4861/316 3525/4872/316 3510/4862/316
f 3504/4863/486 3519/8659/486 3518/4864/486
f 3512/4843/317 3527/4874/317 3526/4861/317
f 3520/4851/487 3519/8659/487 3504/4863/487
f 3528/4865/318 3527/4874/318 3512/4843/318
f 3525/4866/319 3541/4894/319 3540/4867/319
f 3534/4869/488 3533/4892/488 3517/4870/488
f 3542/4871/320 3541/8660/320 3525/4872/320
f 3519/4873/489 3535/8661/489 3534/4869/489
f 3527/4874/321 3543/4901/321 3542/4871/321
f 3536/4875/490 3535/4898/490 3519/4876/490
f 3544/4878/322 3543/4901/322 3527/4874/322
f 3521/4879/491 3537/4888/491 3536/4875/491
f 3529/4852/323 3545/4883/323 3544/4878/323
f 3538/4880/324 3537/4888/324 3521/4879/324
f 3523/4884/326 3539/4890/326 3538/4880/326
f 3532/4885/493 3531/4882/493 3515/4855/493
f 3540/4867/327 3539/4890/327 3523/4884/327
f 3517/4870/494 3533/4892/494 3532/4885/494
f 3560/4886/328 3559/4904/328 3544/4878/328
f 3553/4887/329 3552/4913/329 3537/4888/329
f 3539/4890/331 3554/4918/331 3553/4887/331
f 3532/4885/713 3547/4893/713 3546/4889/713
f 3555/4891/332 3554/4918/332 3539/4890/332
f 3533/4892/594 3548/4922/594 3547/4893/594
f 3541/4894/333 3556/4906/333 3555/4891/333
f 3549/4895/498 3548/4922/498 3533/4892/498
f 3557/4896/334 3556/4906/334 3541/4894/334
f 3535/4898/499 3550/4907/499 3549/4899/499
f 3543/4901/335 3558/4909/335 3557/4902/335
f 3551/4903/500 3550/4907/500 3535/4898/500
f 3559/4904/671 3558/4909/671 3543/4901/671
f 3537/4888/501 3552/4913/501 3551/4903/501
f 3572/4905/337 3571/4930/337 3556/4906/337
f 3550/4907/502 3565/4933/502 3564/4908/502
f 3558/4909/338 3573/4912/338 3572/4910/338
f 3566/4911/503 3565/4933/503 3550/4907/503
f 3559/4904/339 3574/4914/339 3573/4912/339
f 3552/4913/504 3567/4938/504 3566/4911/504
f 3560/4886/340 3575/4917/340 3574/4914/340
f 3568/4915/341 3567/4938/341 3552/4913/341
f 3554/4918/343 3569/4926/343 3568/4915/343
f 3562/4919/507 3561/4916/507 3546/4889/507
f 3570/4920/344 3569/4926/344 3554/4918/344
f 3563/4921/508 3562/4919/508 3547/4893/508
f 3556/4906/345 3571/4930/345 3570/4920/345
f 3564/4923/509 3563/4921/509 3548/4922/509
f 3569/4926/511 3584/4952/511 3583/4927/511
f 3562/4919/512 3577/4929/512 3576/4924/512
f 3585/4928/348 3584/4952/348 3569/4926/348
f 3563/4921/513 3578/4931/513 3577/4929/513
f 3571/4930/349 3586/4958/349 3585/4928/349
f 3564/4923/514 3579/8662/514 3578/4931/514
f 3587/4932/350 3586/4958/350 3571/4930/350
f 3565/4933/515 3580/4943/515 3579/4934/515
f 3588/4935/351 3587/8663/351 3572/4910/351
f 3581/4936/516 3580/4943/516 3565/4933/516
f 3589/4937/352 3588/4935/352 3573/4912/352
f 3567/4938/517 3582/4948/517 3581/4936/517
f 3590/4925/353 3589/4937/353 3574/4914/353
f 3583/4927/354 3582/4948/354 3567/4938/354
f 3579/4934/518 3580/4943/518 5516/4939/518
f 5518/4941/714 3587/8663/714 3588/4935/714
f 3580/4943/892 3581/4936/892 5514/4944/892
f 5571/4942/356 3588/4935/356 3589/4937/356
f 3581/4936/893 3582/4948/893 5513/4946/893
f 5576/4945/718 3589/4937/718 3590/4925/718
f 3582/4948/880 3583/4927/880 5510/4949/880
f 3576/4924/719 5520/4955/719 5521/4950/719
f 3590/4925/359 3530/4615/359 5573/4951/359
f 5510/4949/598 3583/4927/598 3584/4952/598
f 3576/4924/720 3577/4929/720 5539/4954/720
f 5512/4953/894 3584/4952/894 3585/4928/894
f 3577/4929/524 3578/4931/524 5517/4957/524
f 5511/4956/895 3585/4928/895 3586/4958/895
f 3578/4931/525 3579/8662/525 5519/4960/525
f 5515/4959/363 3586/4958/363 3587/4932/363
f 3602/4992/884 3601/5022/884 5623/4993/884
f 3594/4995/121 5561/5023/121 5622/4996/121
f 3603/4998/705 3602/4992/705 5629/4994/705
f 5620/5000/123 3596/5007/123 3595/5001/123
f 3604/5003/886 3603/5035/886 5621/5004/886
f 5627/5006/887 3597/5011/887 3596/5007/887
f 3605/5008/126 3604/5003/126 5619/5005/126
f 5625/5010/127 3598/5015/127 3597/5011/127
f 3606/5012/128 3605/5008/128 5628/5009/128
f 5624/5014/896 3599/5026/896 3598/5015/896
f 3592/5016/130 3591/4976/130 5560/4990/130
f 5610/4991/131 3787/4978/131 3606/5012/131
f 3600/5018/790 3599/5026/790 5624/5014/790
f 3592/5016/133 5559/5017/133 5562/5020/133
f 3601/5022/134 3600/5018/134 5626/5019/134
f 3593/5021/889 5562/5020/889 5561/5023/889
f 3621/5024/136 3620/5046/136 3605/5008/136
f 3614/5025/275 3613/5047/275 3598/5015/275
f 3615/5028/442 3614/5025/442 3599/5026/442
f 3593/5021/141 3608/5052/141 3607/5027/141
f 3616/5029/142 3615/5028/142 3600/5018/142
f 3609/5030/143 3608/5052/143 3593/5021/143
f 3602/4992/144 3617/5032/144 3616/5029/144
f 3610/5031/145 3609/5030/145 3594/4995/145
f 3603/4998/146 3618/5040/146 3617/5032/146
f 3611/5033/147 3610/5042/147 3595/5001/147
f 3604/5003/148 3619/5037/148 3618/5034/148
f 3612/5036/149 3611/5033/149 3596/5007/149
f 3605/5008/150 3620/5046/150 3619/5037/150
f 3598/5015/151 3613/5047/151 3612/5036/151
f 3610/5031/152 3625/5064/152 3624/5038/152
f 3633/5039/153 3632/5063/153 3617/5032/153
f 3611/5033/154 3626/5066/154 3625/5041/154
f 3634/5043/155 3633/5069/155 3618/5034/155
f 3627/5044/156 3626/5066/156 3611/5033/156
f 3635/5045/157 3634/5043/157 3619/5037/157
f 3613/5047/158 3628/5055/158 3627/5044/158
f 3621/5024/847 3636/5050/847 3635/5045/847
f 3629/5048/851 3628/5055/851 3613/5047/851
f 3615/5028/443 3630/5058/443 3629/5048/443
f 3623/5051/164 3622/5049/164 3607/5027/164
f 3631/5053/165 3630/5058/165 3615/5028/165
f 3609/5030/166 3624/5038/166 3623/5051/166
f 3617/5032/167 3632/5063/167 3631/5053/167
f 3644/5054/168 3643/5071/168 3628/5055/168
f 3630/5058/171 3645/5060/171 3644/5054/171
f 3638/5059/609 3637/5056/609 3622/5049/609
f 3631/5053/173 3646/5088/173 3645/5060/173
f 3639/5061/174 3638/5059/174 3623/5051/174
f 3647/5062/175 3646/5088/175 3631/5053/175
f 3625/5064/176 3640/5077/176 3639/5061/176
f 3648/5065/177 3647/5062/177 3632/5063/177
f 3626/5066/178 3641/5070/178 3640/5067/178
f 3649/5068/179 3648/5073/179 3633/5069/179
f 3627/5044/180 3642/5081/180 3641/5070/180
f 3635/5045/181 3650/5072/181 3649/5068/181
f 3643/5071/182 3642/5081/182 3627/5044/182
f 3636/5050/278 3651/5057/278 3650/5072/278
f 3648/5073/184 3663/5102/184 3662/5074/184
f 3656/5076/185 3655/5100/185 3640/5077/185
f 3664/5079/186 3663/5102/186 3648/5073/186
f 3657/5080/187 3656/8664/187 3641/5070/187
f 3665/5082/188 3664/5079/188 3649/5068/188
f 3658/5083/189 3657/5080/189 3642/5081/189
f 3651/5057/190 3666/5085/190 3665/5082/190
f 3644/5054/191 3659/8665/191 3658/5083/191
f 3660/5086/852 3659/8665/852 3644/5054/852
f 3653/5087/195 3652/5084/195 3637/5056/195
f 3646/5088/196 3661/5089/196 3660/5086/196
f 3639/5061/197 3654/5090/197 3653/5087/197
f 3647/5062/198 3662/8666/198 3661/5089/198
f 3640/5077/199 3655/5100/199 3654/5090/199
f 3675/5092/583 3674/5120/583 3659/5093/583
f 3668/5095/772 3667/5111/772 3652/5084/772
f 3676/5096/203 3675/5092/203 3660/5094/203
f 3654/5090/204 3669/5123/204 3668/5095/204
f 3662/5098/205 3677/5126/205 3676/5096/205
f 3670/5099/206 3669/5123/206 3654/5090/206
f 3678/5101/207 3677/8667/207 3662/5074/207
f 3656/5103/208 3671/5115/208 3670/5104/208
f 3664/5079/209 3679/5112/209 3678/5101/209
f 3672/5106/210 3671/5115/210 3656/5103/210
f 3680/5108/211 3679/5112/211 3664/5079/211
f 3658/5109/212 3673/5110/212 3672/5106/212
f 3681/5091/213 3680/5108/213 3665/5082/213
f 3659/5093/449 3674/5120/449 3673/5110/449
f 3679/5112/216 3694/5139/216 3693/5113/216
f 3672/5106/217 3687/5117/217 3686/5114/217
f 3695/5116/280 3694/5139/280 3679/5112/280
f 3673/5110/219 3688/5143/219 3687/5117/219
f 3696/5118/749 3695/5116/749 3680/5108/749
f 3689/5119/221 3688/5143/221 3673/5110/221
f 3675/5092/224 3690/5133/224 3689/5119/224
f 3668/5095/225 3683/5124/225 3682/5121/225
f 3691/5122/226 3690/5133/226 3675/5092/226
f 3669/5123/227 3684/5135/227 3683/5124/227
f 3692/5125/228 3691/5122/228 3676/5096/228
f 3685/5127/229 3684/5135/229 3669/5123/229
f 3693/5128/230 3692/5125/230 3677/5126/230
f 3671/5115/231 3686/5114/231 3685/5130/231
f 3698/5131/232 3697/5146/232 3682/5121/232
f 3706/5132/233 3705/5148/233 3690/5133/233
f 3699/5134/234 3698/5131/234 3683/5124/234
f 3692/5125/235 3707/5137/235 3706/5132/235
f 3700/5136/236 3699/5134/236 3684/5135/236
f 3693/5128/237 3708/5160/237 3707/5137/237
f 3701/5138/238 3700/5162/238 3685/5130/238
f 3694/5139/239 3709/5142/239 3708/5140/239
f 3702/5141/240 3701/5138/240 3686/5114/240
f 3695/5116/241 3710/5144/241 3709/5142/241
f 3688/5143/242 3703/5145/242 3702/5141/242
f 3696/5118/243 3711/5147/243 3710/5144/243
f 3689/5119/244 3704/5152/244 3703/5145/244
f 3705/5148/247 3704/5152/247 3689/5119/247
f 3717/5149/248 3716/5170/248 3701/5138/248
f 3725/5150/249 3724/5163/249 3709/5142/249
f 3703/5145/250 3718/5153/250 3717/5149/250
f 3726/5151/251 3725/5150/251 3710/5144/251
f 3704/5152/282 3719/5178/282 3718/5153/282
f 3720/5155/255 3719/5178/255 3704/5152/255
f 3698/5131/256 3713/5157/256 3712/5154/256
f 3721/5156/257 3720/5155/257 3705/5148/257
f 3699/5134/258 3714/5158/258 3713/5157/258
f 3707/5137/259 3722/5166/259 3721/5156/259
f 3700/5136/260 3715/5168/260 3714/5158/260
f 3723/5159/261 3722/5166/261 3707/5137/261
f 3701/5138/262 3716/5170/262 3715/5161/262
f 3724/5163/263 3723/5173/263 3708/5140/263
f 3736/5164/283 3735/5188/283 3720/5155/283
f 3729/5165/456 3728/5181/456 3713/5157/456
f 3722/5166/284 3737/5191/284 3736/5164/284
f 3730/5167/457 3729/5165/457 3714/5158/457
f 3738/5169/285 3737/5191/285 3722/5166/285
f 3716/5170/458 3731/5194/458 3730/5171/458
f 3724/5163/286 3739/5175/286 3738/5172/286
f 3732/5174/459 3731/5194/459 3716/5170/459
f 3725/5150/287 3740/5176/287 3739/5175/287
f 3718/5153/460 3733/5183/460 3732/5174/460
f 3726/5151/691 3741/5180/691 3740/5176/691
f 3734/5177/587 3733/5183/587 3718/5153/587
f 3720/5155/291 3735/5188/291 3734/5177/291
f 3728/5181/463 3727/5179/463 3712/5154/463
f 3755/5182/292 3754/5205/292 3739/5175/292
f 3733/5183/464 3748/5209/464 3747/5184/464
f 3756/5185/293 3755/5182/293 3740/5176/293
f 3749/5186/294 3748/5209/294 3733/5183/294
f 3735/5188/296 3750/5214/296 3749/5186/296
f 3728/5181/467 3743/5190/467 3742/5187/467
f 3751/5189/297 3750/5214/297 3735/5188/297
f 3729/5165/588 3744/5198/588 3743/5190/588
f 3737/5191/298 3752/5199/298 3751/5189/298
f 3745/5192/469 3744/5198/469 3729/5165/469
f 3753/5193/299 3752/5199/299 3737/5191/299
f 3731/5194/470 3746/5203/470 3745/5195/470
f 3739/5175/300 3754/5205/300 3753/5196/300
f 3747/5184/471 3746/5203/471 3731/5194/471
f 3759/5197/472 3758/5215/472 3743/5190/472
f 3752/5199/301 3767/5226/301 3766/5200/301
f 3760/5201/473 3759/5197/473 3744/5198/473
f 3768/5202/302 3767/5226/302 3752/5199/302
f 3746/5203/474 3761/5230/474 3760/5204/474
f 3754/5205/303 3769/5208/303 3768/5206/303
f 3762/5207/475 3761/5230/475 3746/5203/475
f 3755/5182/304 3770/5210/304 3769/5208/304
f 3748/5209/476 3763/5216/476 3762/5207/476
f 3756/5185/670 3771/5213/670 3770/5210/670
f 3764/5211/590 3763/5216/590 3748/5209/590
f 3750/5214/308 3765/5223/308 3764/5211/308
f 3758/5215/694 3757/5212/694 3742/5187/694
f 3766/5200/309 3765/5223/309 3750/5214/309
f 3763/5216/480 3778/5219/480 3777/5217/480
f 3771/5213/712 3786/5221/712 3785/5218/712
f 3764/5211/311 3779/8668/311 3778/5219/311
f 3780/5222/313 3779/8668/313 3764/5211/313
f 3773/5224/483 3772/5220/483 3757/5212/483
f 3781/5225/314 3780/5222/314 3765/5223/314
f 3759/5197/484 3774/5236/484 3773/5224/484
f 3767/5226/315 3782/8669/315 3781/5225/315
f 3775/5227/485 3774/5236/485 3759/5197/485
f 3783/5228/316 3782/5238/316 3767/5229/316
f 3761/5230/486 3776/8670/486 3775/5231/486
f 3769/5208/317 3784/5242/317 3783/5228/317
f 3777/5217/487 3776/8670/487 3761/5230/487
f 3785/5218/318 3784/5242/318 3769/5208/318
f 3782/5232/319 3798/5263/319 3797/5233/319
f 3775/5227/488 3791/5240/488 3790/5235/488
f 3799/5237/320 3798/8671/320 3782/5238/320
f 3776/5239/489 3792/8672/489 3791/5240/489
f 3800/5241/321 3799/5237/321 3783/5228/321
f 3793/5243/490 3792/5267/490 3776/5244/490
f 3801/5246/322 3800/5241/322 3784/5242/322
f 3778/5247/491 3794/5249/491 3793/5243/491
f 3786/5221/323 3802/5251/323 3801/5246/323
f 3779/5248/324 3795/5257/324 3794/5249/324
f 3796/5252/326 3795/5257/326 3779/5248/326
f 3789/5254/493 3788/5250/493 3772/5220/493
f 3797/5233/327 3796/5252/327 3780/5253/327
f 3774/5236/494 3790/5235/494 3789/5254/494
f 3802/5251/328 3817/5259/328 3816/5255/328
f 3810/5256/329 3809/5280/329 3794/5249/329
f 3796/5252/331 3811/5285/331 3810/5256/331
f 3804/5260/496 3803/5258/496 3788/5250/496
f 3812/5261/332 3811/5285/332 3796/5252/332
f 3805/5262/594 3804/5260/594 3789/5254/594
f 3798/5263/333 3813/5274/333 3812/5261/333
f 3806/5264/498 3805/5262/498 3790/5235/498
f 3814/5265/334 3813/5274/334 3798/5263/334
f 3792/5267/499 3807/5275/499 3806/5268/499
f 3800/5241/335 3815/5272/335 3814/5270/335
f 3808/5271/500 3807/5275/500 3792/5267/500
f 3801/5246/671 3816/5255/671 3815/5272/671
f 3794/5249/501 3809/5280/501 3808/5271/501
f 3829/5273/337 3828/5296/337 3813/5274/337
f 3807/5275/502 3822/5298/502 3821/5276/502
f 3815/5272/338 3830/5301/338 3829/5277/338
f 3823/5278/503 3822/5298/503 3807/5275/503
f 3831/5279/339 3830/5301/339 3815/5272/339
f 3809/5280/504 3824/5303/504 3823/5278/504
f 3832/5281/340 3831/5279/340 3816/5255/340
f 3825/5282/341 3824/5303/341 3809/5280/341
f 3826/5284/343 3825/5282/343 3810/5256/343
f 3804/5260/507 3819/5287/507 3818/5283/507
f 3827/5286/344 3826/5284/344 3811/5285/344
f 3805/5262/508 3820/5295/508 3819/5287/508
f 3813/5274/345 3828/5296/345 3827/5286/345
f 3821/5288/509 3820/5295/509 3805/5262/509
f 3841/5291/511 3840/5305/511 3825/5282/511
f 3834/5292/512 3833/5289/512 3818/5283/512
f 3842/5293/348 3841/5291/348 3826/5284/348
f 3835/5294/513 3834/5292/513 3819/5287/513
f 3828/5296/349 3843/5324/349 3842/5293/349
f 3821/5288/514 3836/8673/514 3835/5294/514
f 3844/5297/350 3843/5324/350 3828/5296/350
f 3822/5298/515 3837/5310/515 3836/5299/515
f 3845/5300/351 3844/8674/351 3829/5277/351
f 3838/5302/516 3837/5310/516 3822/5298/516
f 3831/5279/352 3846/5304/352 3845/5300/352
f 3824/5303/517 3839/5315/517 3838/5302/517
f 3832/5281/353 3847/5290/353 3846/5304/353
f 3840/5305/354 3839/5315/354 3824/5303/354
f 3836/5299/897 3837/5310/897 5545/5306/897
f 5630/5308/355 3844/8674/355 3845/5300/355
f 3837/5310/519 3838/5302/519 5551/5311/519
f 5601/5309/356 3845/5300/356 3846/5304/356
f 3838/5302/898 3839/5315/898 5542/5313/898
f 5600/5312/718 3846/5304/718 3847/5290/718
f 3839/5315/899 3840/5305/899 5540/5316/899
f 3833/5289/719 5570/5321/719 5566/5317/719
f 3847/5290/359 3787/4978/359 5603/5318/359
f 5540/5316/881 3840/5305/881 3841/5291/881
f 3833/5289/720 3834/5292/720 5546/5320/720
f 5541/5319/361 3841/5291/361 3842/5293/361
f 3834/5292/524 3835/5294/524 5547/5323/524
f 5550/5322/900 3842/5293/900 3843/5324/900
f 3835/5294/525 3836/8673/525 5548/5326/525
f 5630/8675/901 5544/5327/901 3844/5297/901
f 5544/5327/363 5543/5325/363 3843/5324/363
f 3850/5340/8 3849/5373/8 5380/5341/8
f 3858/5343/9 3857/5374/9 5473/5344/9
f 3850/5340/10 5385/5342/10 5383/5346/10
f 3859/5348/11 3858/5343/11 5467/5345/11
f 5468/8676/12 3852/5356/12 5469/5352/12
f 3852/5356/12 3851/5350/12 5469/5352/12
f 3860/5353/13 3859/5382/13 5509/5354/13
f 3852/5356/14 5468/8676/14 5474/5357/14
f 3861/5359/15 3860/5353/15 5461/5355/15
f 3853/5358/16 5474/5357/16 5472/5361/16
f 3862/5363/17 3861/5359/17 5462/5360/17
f 3854/5362/427 5472/5361/427 5470/5365/427
f 3856/5371/617 3855/5366/617 5470/5365/617
f 3848/5368/22 5381/5367/22 5380/5341/22
f 3857/5374/23 3856/5371/23 5471/5372/23
f 3871/5375/265 3870/5393/265 3855/5366/265
f 3849/5373/25 3864/5401/25 3863/5376/25
f 3857/5374/26 3872/5403/26 3871/5375/26
f 3865/5377/27 3864/5401/27 3849/5373/27
f 3873/5378/28 3872/5403/28 3857/5374/28
f 3866/5379/29 3865/5377/29 3850/5340/29
f 3859/5348/30 3874/5407/30 3873/5378/30
f 3867/5380/31 3866/5408/31 3851/5350/31
f 3860/5353/32 3875/5383/32 3874/5381/32
f 3853/5358/33 3868/5388/33 3867/5380/33
f 3861/5359/34 3876/5391/34 3875/5383/34
f 3869/5384/35 3868/5388/35 3853/5358/35
f 3877/5385/36 3876/5391/36 3861/5359/36
f 3855/5366/37 3870/5393/37 3869/5384/37
f 3863/5376/38 5387/5396/38 5382/5369/38
f 3877/5385/39 3862/5363/39 5460/5370/39
f 3875/5383/40 3890/5416/40 3889/5387/40
f 3868/5388/41 3883/5392/41 3882/5389/41
f 3891/5390/266 3890/5416/266 3875/5383/266
f 3869/5384/43 3884/5394/43 3883/5392/43
f 3877/5385/267 3892/5397/267 3891/5390/267
f 3870/5393/766 3885/5420/766 3884/5394/766
f 3878/5395/46 5388/5423/46 5387/5396/46
f 3892/5397/268 3877/5385/268 5464/5386/268
f 3886/5399/48 3885/5420/48 3870/5393/48
f 3879/5400/49 3878/5395/49 3863/5376/49
f 3887/5402/50 3886/5399/50 3871/5375/50
f 3880/5404/51 3879/5400/51 3864/5401/51
f 3888/5405/52 3887/5402/52 3872/5403/52
f 3881/5406/53 3880/5404/53 3865/5377/53
f 3874/5407/54 3889/8677/54 3888/5405/54
f 3882/5389/55 3881/8678/55 3866/5408/55
f 3902/5409/56 3901/5426/56 3886/5399/56
f 3880/5404/57 3895/5442/57 3894/5410/57
f 3888/5405/58 3903/8679/58 3902/5409/58
f 3896/5411/59 3895/5442/59 3880/5404/59
f 3889/5387/60 3904/5417/60 3903/5412/60
f 3897/5414/61 3896/5411/61 3881/5406/61
f 3890/5416/62 3905/5428/62 3904/5417/62
f 3898/5418/63 3897/8680/63 3882/5389/63
f 3906/5419/64 3905/5428/64 3890/5416/64
f 3884/5394/65 3899/5421/65 3898/5418/65
f 3892/5397/269 3907/5424/269 3906/5419/269
f 3885/5420/67 3900/8681/67 3899/5421/67
f 3893/5422/68 5389/5436/68 5388/5423/68
f 3907/5424/69 3892/5397/69 5465/5398/69
f 3901/5426/70 3900/8681/70 3885/5420/70
f 3894/5410/434 3893/5422/434 3878/5395/434
f 3921/5427/72 3920/5459/72 3905/5428/72
f 3899/5429/73 3914/5434/73 3913/5430/73
f 3922/5432/270 3921/5427/270 3906/5419/270
f 3900/5433/75 3915/5464/75 3914/5434/75
f 3908/5435/76 5390/5467/76 5389/5436/76
f 3922/5432/271 3907/5424/271 5458/5425/271
f 3916/5438/78 3915/5464/78 3900/5433/78
f 3894/5410/79 3909/5443/79 3908/5435/79
f 3917/5440/80 3916/5438/80 3901/5439/80
f 3895/5442/81 3910/5451/81 3909/5443/81
f 3903/5444/82 3918/5452/82 3917/5440/82
f 3911/5445/83 3910/5451/83 3895/5442/83
f 3919/5446/84 3918/8682/84 3903/5412/84
f 3897/5447/85 3912/5457/85 3911/5448/85
f 3905/5428/86 3920/5459/86 3919/5446/86
f 3913/5430/87 3912/5457/87 3897/5447/87
f 3925/5450/88 3924/5471/88 3909/5443/88
f 3918/5452/89 3933/5482/89 3932/5453/89
f 3926/5454/90 3925/5450/90 3910/5451/90
f 3934/5455/91 3933/5482/91 3918/5452/91
f 3912/5457/92 3927/5485/92 3926/5458/92
f 3920/5459/93 3935/5462/93 3934/5460/93
f 3928/5461/94 3927/5485/94 3912/5457/94
f 3921/5427/95 3936/5463/95 3935/5462/95
f 3914/5434/96 3929/5465/96 3928/5461/96
f 3922/5432/97 3937/5468/97 3936/5463/97
f 3915/5464/98 3930/5474/98 3929/5465/98
f 3923/5466/99 5374/5477/99 5390/5467/99
f 3937/5468/100 3922/5432/100 5457/5437/100
f 3931/5470/101 3930/5474/101 3915/5464/101
f 3924/5471/102 3923/5466/102 3908/5435/102
f 3932/5453/103 3931/5470/103 3916/5438/103
f 3929/5465/104 3944/5475/104 3943/5472/104
f 3952/5473/105 3951/5488/105 3936/5463/105
f 3930/5474/439 3945/5500/439 3944/5475/439
f 3938/5476/107 5375/5503/107 5374/5477/107
f 3952/5473/108 3937/5468/108 5455/5469/108
f 3946/5479/581 3945/5500/581 3930/5474/581
f 3924/5471/110 3939/5481/110 3938/5476/110
f 3947/5480/111 3946/5479/111 3931/5470/111
f 3925/5450/112 3940/5492/112 3939/5481/112
f 3933/5482/113 3948/5489/113 3947/5480/113
f 3941/5483/114 3940/5492/114 3925/5450/114
f 3949/5484/115 3948/5489/115 3933/5482/115
f 3927/5485/116 3942/5495/116 3941/5486/116
f 3935/5462/117 3950/5496/117 3949/5487/117
f 3943/5472/118 3942/5495/118 3927/5485/118
f 3951/5488/119 3950/5496/119 3935/5462/119
f 3948/5489/120 3963/5493/120 3962/5490/120
f 3956/5491/121 3955/5518/121 3940/5492/121
f 3949/5484/122 3964/5520/122 3963/5493/122
f 3957/5494/123 3956/5522/123 3941/5486/123
f 3950/5496/124 3965/5524/124 3964/5497/124
f 3958/5498/125 3957/5494/125 3942/5495/125
f 3966/5499/126 3965/5524/126 3950/5496/126
f 3944/5475/127 3959/5501/127 3958/5498/127
f 3952/5473/128 3967/5504/128 3966/5499/128
f 3945/5500/129 3960/5509/129 3959/5501/129
f 3953/5502/130 5378/5512/130 5375/5503/130
f 3967/5504/274 3952/5473/274 5453/5478/274
f 3961/5506/790 3960/5509/790 3945/5500/790
f 3954/5507/133 3953/5502/133 3938/5476/133
f 3962/5490/134 3961/5506/134 3946/5479/134
f 3940/5492/135 3955/5518/135 3954/5507/135
f 3982/5508/136 3981/5536/136 3966/5499/136
f 3960/5509/137 3975/5538/137 3974/5510/137
f 3953/5502/441 3968/5515/441 5377/5511/441
f 3967/5504/662 5452/5505/662 5451/5513/662
f 3976/5514/140 3975/5538/140 3960/5509/140
f 3954/5507/141 3969/5543/141 3968/5515/141
f 3977/5516/142 3976/5514/142 3961/5506/142
f 3970/5517/143 3969/5543/143 3954/5507/143
f 3963/5493/144 3978/5529/144 3977/5516/144
f 3956/5491/145 3971/5527/145 3970/5517/145
f 3979/5519/146 3978/5529/146 3963/5493/146
f 3957/5494/147 3972/5531/147 3971/5521/147
f 3980/5523/148 3979/5533/148 3964/5497/148
f 3973/5525/149 3972/5531/149 3957/5494/149
f 3966/5499/150 3981/5536/150 3980/5523/150
f 3959/5501/151 3974/5510/151 3973/5525/151
f 3986/5526/152 3985/5556/152 3970/5517/152
f 3979/5519/153 3994/5559/153 3993/5528/153
f 3987/5530/154 3986/5561/154 3971/5521/154
f 3980/5523/155 3995/5562/155 3994/5532/155
f 3988/5534/156 3987/5530/156 3972/5531/156
f 3996/5535/157 3995/5562/157 3980/5523/157
f 3974/5510/158 3989/5539/158 3988/5534/158
f 3997/5537/159 3996/5535/159 3981/5536/159
f 3975/5538/160 3990/5547/160 3989/5539/160
f 3968/5515/161 3983/5544/161 5376/5540/161
f 3982/5508/162 5451/5513/162 5454/5541/162
f 3991/5542/163 3990/5547/163 3975/5538/163
f 3969/5543/164 3984/5546/164 3983/5544/164
f 3992/5545/165 3991/5542/165 3976/5514/165
f 3970/5517/166 3985/5556/166 3984/5546/166
f 3978/5529/167 3993/5528/167 3992/5545/167
f 3990/5547/168 4005/5575/168 4004/5548/168
f 3983/5544/445 3998/5553/445 5379/5549/445
f 3997/5537/663 5454/5541/663 5456/5550/663
f 4006/5552/171 4005/5575/171 3990/5547/171
f 3984/5546/172 3999/5580/172 3998/5553/172
f 4007/5554/173 4006/5552/173 3991/5542/173
f 4000/5555/174 3999/5580/174 3984/5546/174
f 3993/5528/175 4008/5584/175 4007/5554/175
f 4001/5557/176 4000/5555/176 3985/5556/176
f 4009/5558/177 4008/5584/177 3993/5528/177
f 3987/5530/178 4002/5571/178 4001/5560/178
f 3995/5562/179 4010/5565/179 4009/5563/179
f 4003/5564/180 4002/5571/180 3987/5530/180
f 3996/5535/277 4011/5572/277 4010/5565/277
f 3989/5539/182 4004/5548/182 4003/5564/182
f 4012/5551/278 4011/5572/278 3996/5535/278
f 4024/5566/184 4023/5598/184 4008/5567/184
f 4002/5568/185 4017/8683/185 4016/5569/185
f 4010/5565/186 4025/5573/186 4024/5566/186
f 4018/5570/187 4017/8684/187 4002/5571/187
f 4011/5572/188 4026/5605/188 4025/5573/188
f 4004/5548/189 4019/5576/189 4018/5570/189
f 4027/5574/279 4026/5605/279 4011/5572/279
f 4005/5575/191 4020/8685/191 4019/5576/191
f 3998/5553/448 4013/5581/448 5394/5577/448
f 4012/5551/193 5456/5550/193 5447/5578/193
f 4021/5579/194 4020/8685/194 4005/5575/194
f 3999/5580/195 4014/5591/195 4013/5581/195
f 4022/5582/196 4021/5579/196 4006/5552/196
f 4015/5583/197 4014/5591/197 3999/5580/197
f 4008/5584/198 4023/8686/198 4022/5582/198
f 4016/5569/199 4015/5583/199 4000/5555/199
f 4027/5574/200 5447/5578/200 5448/5585/200
f 4036/5587/201 4035/5614/201 4020/5588/201
f 4029/5590/202 4028/5616/202 4013/5581/202
f 4037/5592/203 4036/5587/203 4021/5589/203
f 4015/5583/204 4030/5623/204 4029/5590/204
f 4038/5594/205 4037/5592/205 4022/5593/205
f 4031/5596/206 4030/5623/206 4015/5583/206
f 4024/5566/207 4039/5602/207 4038/5597/207
f 4032/5599/208 4031/5628/208 4016/5600/208
f 4025/5573/209 4040/5610/209 4039/5602/209
f 4018/5603/210 4033/5607/210 4032/5599/210
f 4041/5604/211 4040/5610/211 4025/5573/211
f 4019/5606/212 4034/5608/212 4033/5607/212
f 4027/5574/213 4042/5586/213 4041/5604/213
f 4020/5588/214 4035/5614/214 4034/5608/214
f 4013/5581/215 4028/5616/215 5393/5609/215
f 4040/5610/216 4055/5639/216 4054/5611/216
f 4048/5612/217 4047/5637/217 4032/5599/217
f 4056/5613/218 4055/5639/218 4040/5610/218
f 4034/5608/219 4049/5615/219 4048/5612/219
f 4042/5586/749 4057/5619/749 4056/5613/749
f 4035/5614/221 4050/5644/221 4049/5615/221
f 4028/5616/450 4043/5630/450 5392/5617/450
f 4042/5586/223 5448/5585/223 5449/5618/223
f 4051/5620/224 4050/5644/224 4035/5614/224
f 4044/5621/225 4043/5630/225 4028/5616/225
f 4052/5622/226 4051/5620/226 4036/5587/226
f 4030/5623/227 4045/5633/227 4044/5621/227
f 4038/5594/228 4053/5634/228 4052/5622/228
f 4046/5624/229 4045/5633/229 4030/5623/229
f 4054/5625/230 4053/5634/230 4038/5594/230
f 4032/5599/231 4047/5637/231 4046/5627/231
f 4044/5621/452 4059/5663/452 4058/5629/452
f 4067/5631/233 4066/5648/233 4051/5620/233
f 4060/5632/234 4059/5663/234 4044/5621/234
f 4053/5634/235 4068/5665/235 4067/5631/235
f 4061/5635/236 4060/5632/236 4045/5633/236
f 4069/5636/237 4068/5665/237 4053/5634/237
f 4047/5637/238 4062/5649/238 4061/5638/238
f 4055/5639/239 4070/5642/239 4069/5640/239
f 4063/5641/240 4062/5649/240 4047/5637/240
f 4056/5613/241 4071/5652/241 4070/5642/241
f 4049/5615/242 4064/5645/242 4063/5641/242
f 4072/5643/243 4071/5652/243 4056/5613/243
f 4050/5644/244 4065/5655/244 4064/5645/244
f 4043/5630/245 4058/5629/245 5371/5646/245
f 4057/5619/246 5449/5618/246 5446/5647/246
f 4066/5648/247 4065/5655/247 4050/5644/247
f 4062/5649/248 4063/5641/248 5357/5650/248
f 4071/5652/249 5444/5654/249 5450/5653/249
f 4064/5645/250 5353/5656/250 5357/5650/250
f 4072/5643/684 5445/5658/684 5444/5654/684
f 4065/5655/282 5351/5660/282 5353/5656/282
f 4065/5655/255 4066/5648/255 5352/5659/255
f 4058/5629/256 4059/5663/256 5373/5661/256
f 4066/5648/257 4067/5631/257 5356/5662/257
f 4059/5663/258 4060/5632/258 5370/5664/258
f 4068/5665/259 5354/5668/259 5356/5662/259
f 4060/5632/260 4061/5635/260 5369/5666/260
f 4068/5665/261 4069/5636/261 5359/5667/261
f 4062/5649/262 5355/5651/262 5369/5669/262
f 5359/5670/263 4069/5640/263 4070/5642/263
f 4074/5671/8 5411/5702/8 5493/5672/8
f 4083/5674/9 4082/5703/9 5500/5675/9
f 5502/8687/10 4076/5709/10 5492/5677/10
f 4076/5709/10 4075/5673/10 5492/5677/10
f 4084/5678/11 4083/5674/11 5495/5676/11
f 4076/5680/12 5502/8688/12 5496/5681/12
f 4085/5683/13 4084/5712/13 5503/5684/13
f 4077/5682/14 5496/5681/14 5501/5686/14
f 4086/5688/15 4085/5683/15 5491/5685/15
f 4079/5690/16 4078/5687/16 5501/5686/16
f 4087/5692/17 4086/5688/17 5494/5689/17
f 4079/5690/427 5499/5691/427 5497/5694/427
f 4081/5700/429 4080/5695/429 5497/5694/429
f 4073/5697/22 5412/5696/22 5411/5702/22
f 4081/5700/23 5498/5701/23 5500/5675/23
f 4096/5704/24 4095/5724/24 4080/5695/24
f 4089/5705/634 4088/5716/634 4073/5697/634
f 4082/5703/26 4097/5731/26 4096/5704/26
f 4090/5706/27 4089/5705/27 4074/5671/27
f 4098/5707/28 4097/5731/28 4082/5703/28
f 4091/5708/29 4090/5706/29 4075/5673/29
f 4084/5678/30 4099/5735/30 4098/5707/30
f 4092/5710/31 4091/5737/31 4076/5680/31
f 4085/5683/32 4100/5713/32 4099/5711/32
f 4078/5687/33 4093/5721/33 4092/5710/33
f 4086/5688/34 4101/5715/34 4100/5713/34
f 4094/5714/35 4093/5721/35 4078/5687/35
f 4087/5692/36 4102/5717/36 4101/5715/36
f 4080/5695/605 4095/5724/605 4094/5714/605
f 4088/5716/38 5414/5727/38 5413/5698/38
f 4102/5717/39 4087/5692/39 5490/5699/39
f 4115/5719/40 4114/5746/40 4099/5711/40
f 4108/5720/41 4107/5749/41 4092/5710/41
f 4116/5722/42 4115/5719/42 4100/5713/42
f 4094/5714/43 4109/5725/43 4108/5720/43
f 4117/5723/267 4116/5722/267 4101/5715/267
f 4095/5724/902 4110/5753/902 4109/5725/902
f 4103/5726/46 5415/5756/46 5414/5727/46
f 4117/5723/268 4102/5717/268 5504/5718/268
f 4111/5729/48 4110/5753/48 4095/5724/48
f 4089/5705/814 4104/5732/814 4103/5726/814
f 4112/5730/50 4111/5729/50 4096/5704/50
f 4090/5706/51 4105/5733/51 4104/5732/51
f 4098/5707/52 4113/5741/52 4112/5730/52
f 4091/5708/53 4106/5743/53 4105/5733/53
f 4114/5734/54 4113/5741/54 4098/5707/54
f 4092/5710/55 4107/5749/55 4106/5736/55
f 4127/5738/56 4126/5759/56 4111/5729/56
f 4120/5739/57 4119/5760/57 4104/5732/57
f 4128/5740/58 4127/5738/58 4112/5730/58
f 4121/5742/59 4120/5739/59 4105/5733/59
f 4129/5744/60 4128/5778/60 4113/5745/60
f 4107/5747/61 4122/8689/61 4121/5742/61
f 4115/5719/62 4130/5750/62 4129/5744/62
f 4108/5720/63 4123/5751/63 4122/5748/63
f 4116/5722/64 4131/5752/64 4130/5750/64
f 4109/5725/65 4124/5754/65 4123/5751/65
f 4117/5723/66 4132/5757/66 4131/5752/66
f 4110/5753/67 4125/8690/67 4124/5754/67
f 4118/5755/68 5416/5768/68 5415/5756/68
f 4132/5757/69 4117/5723/69 5505/5728/69
f 4126/5759/70 4125/8690/70 4110/5753/70
f 4119/5760/71 4118/5755/71 4103/5726/71
f 4131/5752/72 4146/5794/72 4145/5761/72
f 4139/5762/73 4138/5792/73 4123/5763/73
f 4147/5765/270 4146/5794/270 4131/5752/270
f 4125/5766/619 4140/5797/619 4139/5762/619
f 4133/5767/76 5408/5799/76 5416/5768/76
f 4147/5765/271 4132/5757/271 5506/5758/271
f 4141/5770/606 4140/5797/606 4125/5766/606
f 4119/5760/435 4134/5784/435 4133/5767/435
f 4127/5772/80 4142/5786/80 4141/5770/80
f 4135/5773/81 4134/5784/81 4119/5760/81
f 4143/5774/82 4142/5786/82 4127/5772/82
f 4136/5776/83 4135/5773/83 4120/5739/83
f 4129/5744/84 4144/5782/84 4143/5777/84
f 4137/5779/85 4136/5790/85 4121/5780/85
f 4130/5750/86 4145/5761/86 4144/5782/86
f 4123/5763/87 4138/5792/87 4137/5779/87
f 4135/5773/436 4150/5787/436 4149/5783/436
f 4158/5785/89 4157/5813/89 4142/5786/89
f 4136/5776/90 4151/5814/90 4150/5787/90
f 4144/5788/91 4159/5816/91 4158/5785/91
f 4152/5789/92 4151/5819/92 4136/5790/92
f 4160/5791/93 4159/5821/93 4144/5782/93
f 4138/5792/94 4153/5803/94 4152/5789/94
f 4161/5793/765 4160/5791/765 4145/5761/765
f 4154/5795/96 4153/5803/96 4138/5792/96
f 4162/5796/97 4161/5793/97 4146/5794/97
f 4140/5797/98 4155/5806/98 4154/5795/98
f 4148/5798/99 5409/5808/99 5408/5799/99
f 4162/5796/100 4147/5765/100 5507/5769/100
f 4156/5801/101 4155/5806/101 4140/5797/101
f 4134/5784/102 4149/5783/102 4148/5798/102
f 4142/5786/103 4157/5813/103 4156/5801/103
f 4154/5795/104 4169/5833/104 4168/5802/104
f 4162/5796/105 4177/5809/105 4176/5804/105
f 4170/5805/439 4169/5833/439 4154/5795/439
f 4163/5807/107 5405/5836/107 5409/5808/107
f 4177/5809/108 4162/5796/108 5508/5800/108
f 4156/5801/581 4171/5839/581 4170/5805/581
f 4164/5811/110 4163/5807/110 4148/5798/110
f 4172/5812/111 4171/5839/111 4156/5801/111
f 4150/5787/112 4165/5815/112 4164/5811/112
f 4158/5785/113 4173/5817/113 4172/5812/113
f 4151/5814/114 4166/5823/114 4165/5815/114
f 4159/5816/115 4174/5825/115 4173/5817/115
f 4167/5818/116 4166/5828/116 4151/5819/116
f 4175/5820/117 4174/5830/117 4159/5821/117
f 4168/5802/118 4167/5818/118 4152/5789/118
f 4176/5804/119 4175/5820/119 4160/5791/119
f 4173/5817/120 4188/5826/120 4187/5822/120
f 4166/5823/121 4181/5852/121 4180/5824/121
f 4174/5825/122 4189/5854/122 4188/5826/122
f 4182/5827/123 4181/5856/123 4166/5828/123
f 4190/5829/124 4189/5858/124 4174/5830/124
f 4183/5831/125 4182/5827/125 4167/5818/125
f 4191/5832/126 4190/5829/126 4175/5820/126
f 4169/5833/127 4184/5843/127 4183/5831/127
f 4177/5809/128 4192/5837/128 4191/5832/128
f 4185/5834/129 4184/5843/129 4169/5833/129
f 4178/5835/661 5403/5845/661 5405/5836/661
f 4192/5837/274 4177/5809/274 5480/5810/274
f 4171/5839/790 4186/5847/790 4185/5834/790
f 4179/5840/133 4178/5835/133 4163/5807/133
f 4187/5822/134 4186/5847/134 4171/5839/134
f 4180/5824/135 4179/5840/135 4164/5811/135
f 4207/5841/136 4206/5869/136 4191/5832/136
f 4200/5842/137 4199/5870/137 4184/5843/137
f 4178/5835/441 4193/5848/441 5404/5844/441
f 4192/5837/662 5479/5838/662 5478/5846/662
f 4186/5847/140 4201/5875/140 4200/5842/140
f 4179/5840/771 4194/5877/771 4193/5848/771
f 4202/5849/142 4201/5875/142 4186/5847/142
f 4195/5850/143 4194/5877/143 4179/5840/143
f 4188/5826/144 4203/5863/144 4202/5849/144
f 4196/5851/145 4195/5850/145 4180/5824/145
f 4204/5853/146 4203/5863/146 4188/5826/146
f 4182/5827/147 4197/5865/147 4196/5855/147
f 4190/5829/148 4205/5860/148 4204/5857/148
f 4198/5859/149 4197/5865/149 4182/5827/149
f 4191/5832/150 4206/5869/150 4205/5860/150
f 4184/5843/151 4199/5870/151 4198/5859/151
f 4211/5861/152 4210/5889/152 4195/5850/152
f 4204/5853/153 4219/5891/153 4218/5862/153
f 4212/5864/154 4211/5893/154 4196/5855/154
f 4205/5860/155 4220/5895/155 4219/5866/155
f 4213/5867/156 4212/5864/156 4197/5865/156
f 4221/5868/157 4220/5895/157 4205/5860/157
f 4199/5870/158 4214/5880/158 4213/5867/158
f 4207/5841/847 4222/5874/847 4221/5868/847
f 4215/5871/160 4214/5880/160 4199/5870/160
f 4193/5848/161 4208/5881/161 5410/5872/161
f 4207/5841/162 5478/5846/162 5481/5873/162
f 4201/5875/163 4216/5885/163 4215/5871/163
f 4209/5876/859 4208/5881/859 4193/5848/859
f 4217/5878/165 4216/5885/165 4201/5875/165
f 4195/5850/166 4210/5889/166 4209/5876/166
f 4203/5863/167 4218/5862/167 4217/5878/167
f 4230/5879/168 4229/5907/168 4214/5880/168
f 4208/5881/445 4223/5886/445 5406/5882/445
f 4222/5874/663 5481/5873/663 5484/5883/663
f 4216/5885/171 4231/5913/171 4230/5879/171
f 4209/5876/609 4224/5915/609 4223/5886/609
f 4232/5887/173 4231/5913/173 4216/5885/173
f 4225/5888/174 4224/5915/174 4209/5876/174
f 4233/5890/175 4232/5887/175 4217/5878/175
f 4211/5861/176 4226/5901/176 4225/5888/176
f 4219/5891/177 4234/8691/177 4233/5890/177
f 4227/5892/178 4226/8692/178 4211/5893/178
f 4235/5894/179 4234/5897/179 4219/5866/179
f 4213/5867/180 4228/5896/180 4227/5892/180
f 4221/5868/181 4236/5906/181 4235/5894/181
f 4214/5880/182 4229/5907/182 4228/5896/182
f 4237/5884/278 4236/5906/278 4221/5868/278
f 4234/5897/184 4249/5931/184 4248/5898/184
f 4242/5900/185 4241/5930/185 4226/5901/185
f 4250/5903/186 4249/5931/186 4234/5897/186
f 4243/5904/187 4242/8693/187 4227/5892/187
f 4251/5905/188 4250/5903/188 4235/5894/188
f 4229/5907/189 4244/5908/189 4243/5904/189
f 4237/5884/279 4252/5911/279 4251/5905/279
f 4230/5879/191 4245/8694/191 4244/5908/191
f 4223/5886/448 4238/5924/448 5407/5909/448
f 4237/5884/193 5484/5883/193 5485/5910/193
f 4246/5912/194 4245/8694/194 4230/5879/194
f 4239/5914/195 4238/5924/195 4223/5886/195
f 4247/5916/196 4246/5912/196 4231/5913/196
f 4225/5888/197 4240/5917/197 4239/5914/197
f 4233/5890/198 4248/8695/198 4247/5916/198
f 4226/5901/199 4241/5930/199 4240/5917/199
f 4252/5911/200 5485/5910/200 5486/5918/200
f 4261/5920/201 4260/5949/201 4245/5921/201
f 4254/5923/772 4253/5951/772 4238/5924/772
f 4262/5925/203 4261/5920/203 4246/5922/203
f 4255/5927/204 4254/5923/204 4239/5914/204
f 4248/5928/205 4263/5959/205 4262/5925/205
f 4256/5929/206 4255/5927/206 4240/5917/206
f 4249/5931/207 4264/5936/207 4263/5932/207
f 4257/5933/208 4256/5962/208 4241/5934/208
f 4250/5903/209 4265/5939/209 4264/5936/209
f 4258/5937/210 4257/5933/210 4242/5935/210
f 4251/5905/211 4266/5941/211 4265/5939/211
f 4244/5940/212 4259/5942/212 4258/5937/212
f 4252/5911/843 4267/5919/843 4266/5941/843
f 4245/5921/214 4260/5949/214 4259/5942/214
f 4238/5924/215 4253/5951/215 5417/5943/215
f 4265/5939/216 4280/5972/216 4279/5944/216
f 4258/5937/217 4273/5947/217 4272/5945/217
f 4281/5946/218 4280/5972/218 4265/5939/218
f 4259/5942/219 4274/5950/219 4273/5947/219
f 4282/5948/749 4281/5946/749 4266/5941/749
f 4260/5949/221 4275/5977/221 4274/5950/221
f 4253/5951/450 4268/5955/450 5418/5952/450
f 4267/5919/223 5486/5918/223 5487/5953/223
f 4276/5954/224 4275/5977/224 4260/5949/224
f 4254/5923/225 4269/5957/225 4268/5955/225
f 4277/5956/226 4276/5954/226 4261/5920/226
f 4255/5927/585 4270/5966/585 4269/5957/585
f 4278/5958/228 4277/5956/228 4262/5925/228
f 4271/5960/229 4270/5966/229 4255/5927/229
f 4264/5961/230 4279/5969/230 4278/5958/230
f 4272/5945/231 4271/5971/231 4256/5962/231
f 4284/5963/452 4283/5991/452 4268/5955/452
f 4292/5964/233 4291/5982/233 4276/5954/233
f 4285/5965/234 4284/5963/234 4269/5957/234
f 4278/5958/235 4293/5997/235 4292/5964/235
f 4286/5967/236 4285/5965/236 4270/5966/236
f 4294/5968/237 4293/5997/237 4278/5958/237
f 4272/5945/238 4287/5983/238 4286/5970/238
f 4280/5972/239 4295/5975/239 4294/5973/239
f 4288/5974/240 4287/5983/240 4272/5945/240
f 4281/5946/241 4296/5976/241 4295/5975/241
f 4274/5950/242 4289/5978/242 4288/5974/242
f 4282/5948/243 4297/5981/243 4296/5976/243
f 4275/5977/244 4290/5989/244 4289/5978/244
f 4268/5955/245 4283/5991/245 5399/5979/245
f 4282/5948/246 5487/5953/246 5483/5980/246
f 4291/5982/247 4290/5989/247 4275/5977/247
f 4287/5983/248 4288/5974/248 5397/5984/248
f 4295/5975/249 4296/5976/249 5476/5986/249
f 4289/5978/250 5391/5990/250 5397/5984/250
f 4296/5976/684 4297/5981/684 5482/5988/684
f 4290/5989/282 5384/5994/282 5391/5990/282
f 4290/5989/455 4291/5982/455 5386/5993/455
f 4284/5963/683 5401/5996/683 5400/5992/683
f 4291/5982/257 4292/5964/257 5396/5995/257
f 4285/5965/258 5398/5999/258 5401/5996/258
f 4293/5997/259 5488/6000/259 5396/5995/259
f 4285/5965/260 4286/5967/260 5402/5998/260
f 4294/5968/261 5475/8696/261 5488/6000/261
f 4286/5970/262 4287/5983/262 5395/5985/262
f 4295/5975/263 5477/5987/263 5475/6002/263
f 4298/6003/8 4306/6010/8 4305/6004/8
f 4314/6006/9 4313/6037/9 4550/6007/9
f 4548/6009/10 4307/6040/10 4306/6010/10
f 4315/6011/11 4314/6006/11 4303/6008/11
f 4299/6013/12 4308/6020/12 4307/6014/12
f 4316/6016/13 4315/6044/13 4551/6017/13
f 4549/6019/14 4309/6046/14 4308/6020/14
f 4317/6021/15 4316/6016/15 4552/6018/15
f 4310/6023/16 4309/6046/16 4549/6019/16
f 4318/6025/17 4317/6021/17 4553/6022/17
f 4301/6027/18 4311/6035/18 4310/6023/18
f 4312/6032/429 4311/6035/429 4301/6027/429
f 4547/6005/430 4305/6004/430 4304/6029/430
f 4550/6007/23 4313/6037/23 4312/6032/23
f 4327/6034/24 4326/6057/24 4311/6035/24
f 4320/6036/25 4319/6049/25 4304/6029/25
f 4313/6037/26 4328/6039/26 4327/6034/26
f 4321/6038/27 4320/6036/27 4305/6004/27
f 4314/6006/28 4329/6065/28 4328/6039/28
f 4307/6040/29 4322/6067/29 4321/6038/29
f 4330/6041/30 4329/6065/30 4314/6006/30
f 4308/6020/31 4323/6054/31 4322/6042/31
f 4331/6043/32 4330/6052/32 4315/6044/32
f 4324/6045/33 4323/6054/33 4308/6020/33
f 4317/6021/34 4332/6048/34 4331/6043/34
f 4325/6047/35 4324/6045/35 4309/6046/35
f 4318/6025/659 4333/6050/659 4332/6048/659
f 4311/6035/37 4326/6057/37 4325/6047/37
f 4331/6043/40 4346/6055/40 4345/6051/40
f 4339/6053/41 4338/6078/41 4323/6054/41
f 4332/6048/266 4347/6056/266 4346/6055/266
f 4325/6047/43 4340/6058/43 4339/6053/43
f 4333/6050/44 4348/6060/44 4347/6056/44
f 4326/6057/45 4341/6082/45 4340/6058/45
f 4342/6061/48 4341/6082/48 4326/6057/48
f 4335/6062/49 4334/6059/49 4319/6049/49
f 4343/6063/50 4342/6061/50 4327/6034/50
f 4336/6064/432 4335/6062/432 4320/6036/432
f 4329/6065/52 4344/6072/52 4343/6063/52
f 4337/6066/53 4336/6064/53 4321/6038/53
f 4345/6068/54 4344/6072/54 4329/6065/54
f 4323/6054/55 4338/6078/55 4337/6069/55
f 4358/6070/56 4357/8697/56 4342/6061/56
f 4336/6064/57 4351/6097/57 4350/6071/57
f 4344/6072/58 4359/8698/58 4358/6070/58
f 4352/6073/59 4351/6097/59 4336/6064/59
f 4360/6074/60 4359/6102/60 4344/6075/60
f 4338/6076/61 4353/8699/61 4352/6073/61
f 4346/6055/62 4361/6085/62 4360/6074/62
f 4354/6077/63 4353/8700/63 4338/6078/63
f 4362/6079/64 4361/6085/64 4346/6055/64
f 4340/6058/65 4355/8701/65 4354/6077/65
f 4363/6080/269 4362/6079/269 4347/6056/269
f 4356/6081/67 4355/8701/67 4340/6058/67
f 4342/6061/70 4357/8697/70 4356/6081/70
f 4335/6062/434 4350/6071/434 4349/6083/434
f 4377/6084/72 4376/6115/72 4361/6085/72
f 4355/6086/73 4370/6091/73 4369/6087/73
f 4378/6089/74 4377/6084/74 4362/6079/74
f 4356/6090/75 4371/6120/75 4370/6091/75
f 4372/6093/78 4371/6120/78 4356/6090/78
f 4350/6071/79 4365/6098/79 4364/6092/79
f 4373/6095/80 4372/6093/80 4357/6094/80
f 4351/6097/81 4366/6107/81 4365/6098/81
f 4359/6099/82 4374/6108/82 4373/6095/82
f 4367/6100/83 4366/6107/83 4351/6097/83
f 4375/6101/84 4374/8702/84 4359/6102/84
f 4353/6103/85 4368/6113/85 4367/6104/85
f 4361/6085/86 4376/6115/86 4375/6101/86
f 4369/6087/87 4368/6113/87 4353/6103/87
f 4382/6106/436 4381/6125/436 4365/6098/436
f 4374/6108/89 4390/6135/89 4389/6109/89
f 4383/6110/90 4382/6106/90 4366/6107/90
f 4391/6111/91 4390/6135/91 4374/6108/91
f 4368/6113/92 4384/6138/92 4383/6114/92
f 4376/6115/93 4392/6118/93 4391/6116/93
f 4385/6117/94 4384/6138/94 4368/6113/94
f 4377/6084/95 4393/6119/95 4392/6118/95
f 4370/6091/96 4386/6121/96 4385/6117/96
f 4378/6089/97 4394/6123/97 4393/6119/97
f 4371/6120/98 4387/6128/98 4386/6121/98
f 4388/6124/101 4387/6128/101 4371/6120/101
f 4381/6125/102 4380/6122/102 4364/6092/102
f 4389/6109/103 4388/6124/103 4372/6093/103
f 4386/6121/104 4401/6129/104 4400/6126/104
f 4394/6123/105 4409/6131/105 4408/6127/105
f 4387/6128/106 4402/6153/106 4401/6129/106
f 4403/6132/581 4402/6153/581 4387/6128/581
f 4396/6133/110 4395/6130/110 4380/6122/110
f 4404/6134/111 4403/6132/111 4388/6124/111
f 4382/6106/112 4397/6144/112 4396/6133/112
f 4390/6135/113 4405/6141/113 4404/6134/113
f 4398/6136/114 4397/6144/114 4382/6106/114
f 4406/6137/115 4405/6141/115 4390/6135/115
f 4384/6138/116 4399/6146/116 4398/6139/116
f 4407/6140/117 4406/6149/117 4391/6116/117
f 4400/6126/118 4399/6146/118 4384/6138/118
f 4408/6127/119 4407/6140/119 4392/6118/119
f 4405/6141/120 4420/6170/120 4419/6142/120
f 4413/6143/121 4412/6157/121 4397/6144/121
f 4421/6145/122 4420/6170/122 4405/6141/122
f 4399/6146/123 4414/6180/123 4413/6147/123
f 4407/6140/124 4422/6178/124 4421/6148/124
f 4415/6150/125 4414/6180/125 4399/6146/125
f 4423/6151/126 4422/6178/126 4407/6140/126
f 4401/6129/127 4416/6154/127 4415/6150/127
f 4424/6152/128 4423/6151/128 4408/6127/128
f 4402/6153/440 4417/6164/440 4416/6154/440
f 4418/6156/132 4417/6164/132 4402/6153/132
f 4396/6133/133 4411/6168/133 4410/6155/133
f 4419/6142/134 4418/6156/134 4403/6132/134
f 4412/6157/135 4411/6168/135 4396/6133/135
f 6077/6158/869 4423/6151/869 4424/6152/869
f 4416/6154/137 4417/6164/137 6135/6160/137
f 4410/6155/441 6082/6166/441 6083/6162/441
f 4424/6152/139 4425/6031/139 6080/6163/139
f 4418/6156/608 6109/6167/608 6135/6160/608
f 4410/6155/870 4411/6168/870 6078/6165/870
f 4419/6142/142 6112/6171/142 6109/6167/142
f 4411/6168/143 4412/6157/143 6175/6169/143
f 4420/6170/144 6107/6174/144 6112/6171/144
f 6106/6173/776 6175/6169/776 4412/6157/776
f 4412/6157/903 4413/6143/903 6106/6173/903
f 4421/6145/871 6174/8703/871 6107/6174/871
f 4413/6147/147 4414/6180/147 6108/6175/147
f 6174/6177/904 4421/6148/904 4422/6178/904
f 4414/6180/149 4415/6150/149 6113/6181/149
f 6076/6179/150 4422/6178/150 4423/6151/150
f 4415/6150/151 4416/6154/151 6136/6161/151
f 4426/6210/905 4379/6030/905 6051/6208/905
f 6055/6209/346 4425/6031/346 4440/6212/346
f 4434/6214/347 4433/6241/347 6027/6215/347
f 4426/6210/512 6049/6211/512 6048/6217/512
f 4435/6219/906 4434/6214/906 6031/6216/906
f 4427/6218/513 6048/6217/513 6044/6221/513
f 4436/6223/907 4435/6219/907 6039/6220/907
f 4428/6222/873 6044/6221/873 6041/6225/873
f 4437/6227/874 4436/6223/874 6038/6224/874
f 4429/6229/908 6041/8704/908 6035/6230/908
f 4438/6232/821 4437/6244/821 6046/6233/821
f 4430/6231/516 6035/6230/516 6033/6235/516
f 4439/6237/352 4438/6232/352 6043/6234/352
f 4431/6236/517 6033/6235/517 6030/6239/517
f 4440/6212/875 4439/6237/875 6056/6238/875
f 4432/6240/597 6030/6239/597 6027/6215/597
f 4430/6231/518 4445/6265/518 4444/6242/518
f 4438/6232/355 4453/6246/355 4452/6243/355
f 4446/6245/519 4445/6265/519 4430/6231/519
f 4439/6237/356 4454/6247/356 4453/6246/356
f 4432/6240/520 4447/6248/520 4446/6245/520
f 4440/6212/357 4455/6250/357 4454/6247/357
f 4433/6241/521 4448/6258/521 4447/6248/521
f 4449/6251/598 4448/6258/598 4433/6241/598
f 4442/6252/523 4441/6249/523 4426/6210/523
f 4450/6253/361 4449/6251/361 4434/6214/361
f 4443/6254/524 4442/6252/524 4427/6218/524
f 4436/6223/362 4451/6262/362 4450/6253/362
f 4444/6255/525 4443/6254/525 4428/6222/525
f 4452/6256/363 4451/6262/363 4436/6223/363
f 4464/6257/364 4463/6278/364 4448/6258/364
f 4442/6252/527 4457/6261/527 4456/6259/527
f 4465/6260/365 4464/6257/365 4449/6251/365
f 4443/6254/528 4458/6284/528 4457/6261/528
f 4451/6262/366 4466/6285/366 4465/6260/366
f 4459/6263/529 4458/6284/529 4443/6254/529
f 4467/6264/367 4466/6285/367 4451/6262/367
f 4445/6265/530 4460/6275/530 4459/6266/530
f 4468/6267/368 4467/6273/368 4452/6243/368
f 4461/6268/531 4460/6275/531 4445/6265/531
f 4469/6269/369 4468/6267/369 4453/6246/369
f 4447/6248/532 4462/6271/532 4461/6268/532
f 4470/6270/370 4469/6269/370 4454/6247/370
f 4448/6258/371 4463/6278/371 4462/6271/371
f 4468/6267/373 4483/6276/373 4482/6272/373
f 4476/6274/534 4475/6299/534 4460/6275/534
f 4469/6269/374 4484/6301/374 4483/6276/374
f 4462/6271/535 4477/6279/535 4476/6274/535
f 4485/6277/787 4484/6301/787 4469/6269/787
f 4463/6278/536 4478/6303/536 4477/6279/536
f 4479/6281/378 4478/6303/378 4463/6278/378
f 4457/6261/538 4472/6289/538 4471/6280/538
f 4480/6282/379 4479/6281/379 4464/6257/379
f 4473/6283/539 4472/6289/539 4457/6261/539
f 4466/6285/380 4481/6293/380 4480/6282/380
f 4474/6286/540 4473/6283/540 4458/6284/540
f 4482/6287/381 4481/6293/381 4466/6285/381
f 4460/6275/541 4475/6299/541 4474/6288/541
f 4472/6289/542 4487/6292/542 4486/6290/542
f 4495/6291/382 4494/6305/382 4479/6281/382
f 4473/6283/543 4488/6320/543 4487/6292/543
f 4481/6293/383 4496/8705/383 4495/6291/383
f 4489/6294/544 4488/6320/544 4473/6283/544
f 4497/6295/384 4496/6325/384 4481/6296/384
f 4475/6297/545 4490/6326/545 4489/6294/545
f 4483/6276/385 4498/6310/385 4497/6295/385
f 4491/6298/546 4490/8706/546 4475/6299/546
f 4499/6300/386 4498/6310/386 4483/6276/386
f 4477/6279/547 4492/6304/547 4491/6298/547
f 4500/6302/387 4499/6300/387 4484/6301/387
f 4478/6303/388 4493/8707/388 4492/6304/388
f 4494/6305/390 4493/8707/390 4478/6303/390
f 4506/6306/549 4505/6334/549 4490/6307/549
f 4514/6309/391 4513/6337/391 4498/6310/391
f 4492/6311/550 4507/6314/550 4506/6306/550
f 4515/6312/392 4514/6309/392 4499/6300/392
f 4493/6313/393 4508/6342/393 4507/6314/393
f 4509/6316/395 4508/6342/395 4493/6313/395
f 4487/6292/553 4502/6321/553 4501/6315/553
f 4510/6318/396 4509/6316/396 4494/6317/396
f 4488/6320/554 4503/6329/554 4502/6321/554
f 4496/6322/397 4511/6330/397 4510/6318/397
f 4504/6323/555 4503/6329/555 4488/6320/555
f 4512/6324/398 4511/8708/398 4496/6325/398
f 4490/6326/556 4505/8709/556 4504/6323/556
f 4498/6310/399 4513/6337/399 4512/6324/399
f 4525/6327/400 4524/6346/400 4509/6316/400
f 4518/6328/557 4517/6347/557 4502/6321/557
f 4511/6330/401 4526/6359/401 4525/6327/401
f 4519/6331/558 4518/6328/558 4503/6329/558
f 4527/6332/402 4526/6359/402 4511/6330/402
f 4505/6334/559 4520/6362/559 4519/6335/559
f 4513/6337/403 4528/6340/403 4527/6338/403
f 4521/6339/560 4520/6362/560 4505/6334/560
f 4514/6309/404 4529/6341/404 4528/6340/404
f 4507/6314/561 4522/6343/561 4521/6339/561
f 4515/6312/405 4530/6345/405 4529/6341/405
f 4508/6342/406 4523/6351/406 4522/6343/406
f 4524/6346/408 4523/6351/408 4508/6342/408
f 4517/6347/563 4516/6344/563 4501/6315/563
f 4529/6341/409 4544/6350/409 4543/6348/409
f 4522/6343/564 4537/6352/564 4536/6349/564
f 4530/6345/410 4545/6354/410 4544/6350/410
f 4523/6351/411 4538/6367/411 4537/6352/411
f 4539/6355/625 4538/6367/625 4523/6351/625
f 4532/6356/566 4531/6353/566 4516/6344/566
f 4540/6357/414 4539/6355/414 4524/6346/414
f 4533/6358/567 4532/6356/567 4517/6347/567
f 4526/6359/415 4541/6365/415 4540/6357/415
f 4534/6360/568 4533/6358/568 4518/6328/568
f 4542/6361/416 4541/6365/416 4526/6359/416
f 4520/6362/569 4535/6366/569 4534/6363/569
f 4528/6340/417 4543/6348/417 4542/6364/417
f 4536/6349/570 4535/6366/570 4520/6362/570
f 4303/6008/418 4550/6007/418 4540/6357/418
f 4534/6360/571 4548/6009/571 4298/6003/571
f 4551/6012/419 4303/6008/419 4541/6365/419
f 4535/6366/572 4299/6013/572 4548/6015/572
f 4543/6348/420 4552/6018/420 4551/6017/420
f 4536/6349/573 4549/6019/573 4299/6013/573
f 4553/6022/421 4552/6018/421 4543/6348/421
f 4537/6352/574 4300/6024/574 4549/6019/574
f 4554/6026/422 4553/6022/422 4544/6350/422
f 4538/6367/848 4301/6027/848 4300/6024/848
f 4302/6033/603 4301/6027/603 4538/6367/603
f 4532/6356/576 4547/6005/576 4546/6028/576
f 4550/6007/426 4302/6033/426 4539/6355/426
f 4533/6358/577 4298/6003/577 4547/6005/577
f 4555/6368/8 4563/6375/8 4562/6369/8
f 4571/6371/9 4570/6400/9 4807/6372/9
f 4805/6374/10 4564/6404/10 4563/6375/10
f 4808/6376/11 4572/6406/11 4571/6371/11
f 4565/6377/12 4564/6408/12 4805/6378/12
f 4573/6380/13 4572/6410/13 4808/6381/13
f 4806/6383/14 4566/6411/14 4565/6377/14
f 4574/6384/15 4573/6380/15 4809/6382/15
f 4567/6386/16 4566/6411/16 4806/6383/16
f 4575/6388/17 4574/6384/17 4810/6385/17
f 4558/6390/630 4568/6398/630 4567/6386/630
f 4569/6395/617 4568/6398/617 4558/6390/617
f 4804/6370/22 4562/6369/22 4561/6392/22
f 4807/6372/23 4570/6400/23 4569/6395/23
f 4584/6397/265 4583/6421/265 4568/6398/265
f 4562/6369/634 4577/6427/634 4576/6399/634
f 4570/6400/26 4585/6429/26 4584/6397/26
f 4578/6401/27 4577/6427/27 4562/6369/27
f 4586/6402/28 4585/6429/28 4570/6400/28
f 4579/6403/29 4578/6401/29 4563/6375/29
f 4587/6405/30 4586/6402/30 4571/6371/30
f 4565/6377/31 4580/6412/31 4579/6407/31
f 4573/6380/32 4588/6413/32 4587/6409/32
f 4566/6411/33 4581/6418/33 4580/6412/33
f 4574/6384/34 4589/6419/34 4588/6413/34
f 4582/6414/35 4581/6418/35 4566/6411/35
f 4590/6415/659 4589/6419/659 4574/6384/659
f 4568/6398/37 4583/6421/37 4582/6414/37
f 4603/6416/40 4602/6437/40 4587/6409/40
f 4596/6417/41 4595/6432/41 4580/6412/41
f 4589/6419/266 4604/6420/266 4603/6416/266
f 4582/6414/43 4597/6422/43 4596/6417/43
f 4590/6415/267 4605/6424/267 4604/6420/267
f 4583/6421/45 4598/6447/45 4597/6422/45
f 4599/6425/48 4598/6447/48 4583/6421/48
f 4592/6426/767 4591/6423/767 4576/6399/767
f 4600/6428/50 4599/6425/50 4584/6397/50
f 4593/6430/51 4592/6426/51 4577/6427/51
f 4586/6402/52 4601/6431/52 4600/6428/52
f 4579/6403/53 4594/6435/53 4593/6430/53
f 4587/6405/54 4602/8710/54 4601/6431/54
f 4595/6432/55 4594/8711/55 4579/6407/55
f 4615/6433/56 4614/8712/56 4599/6425/56
f 4593/6430/57 4608/6436/57 4607/6434/57
f 4601/6431/58 4616/8713/58 4615/6433/58
f 4594/6435/59 4609/6464/59 4608/6436/59
f 4602/6437/60 4617/6466/60 4616/6438/60
f 4610/6440/61 4609/6464/61 4594/6435/61
f 4618/6442/62 4617/6466/62 4602/6437/62
f 4611/6443/63 4610/8714/63 4595/6432/63
f 4619/6444/64 4618/6442/64 4603/6416/64
f 4597/6422/65 4612/8715/65 4611/6443/65
f 4620/6445/66 4619/6444/66 4604/6420/66
f 4613/6446/67 4612/8715/67 4597/6422/67
f 4599/6425/70 4614/8712/70 4613/6446/70
f 4592/6426/71 4607/6434/71 4606/6448/71
f 4619/6444/72 4634/6479/72 4633/6449/72
f 4612/6450/73 4627/6480/73 4626/6451/73
f 4635/6453/270 4634/6479/270 4619/6444/270
f 4628/6454/75 4627/6480/75 4612/6450/75
f 4614/6457/78 4629/6486/78 4628/6454/78
f 4607/6434/79 4622/6472/79 4621/6456/79
f 4630/6458/80 4629/6486/80 4614/6457/80
f 4623/6460/81 4622/6472/81 4607/6434/81
f 4631/6461/82 4630/6458/82 4615/6459/82
f 4624/6463/83 4623/6460/83 4608/6436/83
f 4632/6465/84 4631/8716/84 4616/6438/84
f 4610/6467/85 4625/6470/85 4624/6468/85
f 4618/6442/86 4633/6449/86 4632/6465/86
f 4611/6452/87 4626/6451/87 4625/6470/87
f 4639/6471/88 4638/6487/88 4622/6472/88
f 4631/6461/89 4647/6497/89 4646/6473/89
f 4624/6463/90 4640/6498/90 4639/6471/90
f 4648/6474/91 4647/6497/91 4631/6461/91
f 4625/6470/92 4641/6501/92 4640/6476/92
f 4649/6477/93 4648/6504/93 4632/6465/93
f 4642/6478/94 4641/6501/94 4625/6470/94
f 4634/6479/95 4650/6481/95 4649/6477/95
f 4627/6480/96 4643/6482/96 4642/6478/96
f 4635/6453/97 4651/6484/97 4650/6481/97
f 4628/6454/98 4644/6490/98 4643/6482/98
f 4645/6485/101 4644/6490/101 4628/6454/101
f 4638/6487/102 4637/6483/102 4621/6456/102
f 4646/6473/103 4645/6485/103 4629/6486/103
f 4643/6482/104 4658/6491/104 4657/6488/104
f 4651/6484/105 4666/6493/105 4665/6489/105
f 4644/6490/106 4659/6518/106 4658/6491/106
f 4660/6494/109 4659/6518/109 4644/6490/109
f 4653/6495/110 4652/6492/110 4637/6483/110
f 4661/6496/111 4660/6494/111 4645/6485/111
f 4639/6471/112 4654/6499/112 4653/6495/112
f 4647/6497/113 4662/6505/113 4661/6496/113
f 4640/6498/114 4655/6508/114 4654/6499/114
f 4663/6500/115 4662/6505/115 4647/6497/115
f 4641/6501/116 4656/6511/116 4655/6502/116
f 4664/6503/117 4663/6513/117 4648/6504/117
f 4657/6488/118 4656/6511/118 4641/6501/118
f 4665/6489/119 4664/6503/119 4649/6477/119
f 4662/6505/120 4677/6509/120 4676/6506/120
f 4670/6507/121 4669/6521/121 4654/6499/121
f 4663/6500/122 4678/6536/122 4677/6509/122
f 4671/6510/123 4670/6538/123 4655/6502/123
f 4664/6503/124 4679/6515/124 4678/6512/124
f 4672/6514/125 4671/6510/125 4656/6511/125
f 4665/6489/126 4680/6544/126 4679/6515/126
f 4658/6491/127 4673/6524/127 4672/6514/127
f 4681/6516/128 4680/6544/128 4665/6489/128
f 4674/6517/129 4673/6524/129 4658/6491/129
f 4675/6520/132 4674/6517/132 4659/6518/132
f 4653/6495/133 4668/6532/133 4667/6519/133
f 4676/6506/134 4675/6520/134 4660/6494/134
f 4669/6521/135 4668/6532/135 4653/6495/135
f 6079/6522/869 4680/6544/869 4681/6516/869
f 4673/6524/909 4674/6517/909 5897/6525/909
f 4667/6519/441 5886/6530/441 5887/6527/441
f 4681/6516/139 4682/6394/139 6085/6528/139
f 4675/6520/442 5898/6531/442 5897/6525/442
f 4667/6519/771 4668/6532/771 5907/6529/771
f 4676/6506/142 5905/6534/142 5898/6531/142
f 4668/6532/143 4669/6521/143 5893/6533/143
f 4677/6509/144 5895/6537/144 5905/6534/144
f 4669/6521/816 4670/6507/816 5896/6535/816
f 4678/6536/871 5891/8717/871 5895/6537/871
f 4670/6538/147 4671/6510/147 5894/6539/147
f 5892/6542/148 5891/8718/148 4678/6512/148
f 4678/6512/904 4679/6515/904 5892/6542/904
f 4671/6510/149 4672/6514/149 5906/6543/149
f 6176/6541/150 4679/6515/150 4680/6544/150
f 4672/6514/151 4673/6524/151 5899/6526/151
f 4683/6573/510 4636/6393/510 5874/6571/510
f 6053/6572/346 4682/6394/346 4697/6575/346
f 4691/6577/347 4690/6605/347 6028/6578/347
f 4683/6573/512 5873/6574/512 5875/6580/512
f 4692/6582/906 4691/6577/906 6029/6579/906
f 4684/6581/513 5875/6580/513 5871/6584/513
f 4693/6586/907 4692/6582/907 6034/6583/907
f 4685/6585/514 5871/6584/514 5872/6588/514
f 4694/6590/350 4693/6586/350 6036/6587/350
f 6040/6592/515 4687/6598/515 4686/6593/515
f 4695/6595/821 4694/6608/821 6042/6596/821
f 4687/6598/516 6040/6592/516 6037/6599/516
f 4696/6601/352 4695/6595/352 6045/6597/352
f 4688/6600/517 6037/6599/517 6032/6603/517
f 4697/6575/822 4696/6601/822 6047/6602/822
f 4689/6604/910 6032/6603/910 6028/6578/910
f 4702/6606/518 4701/6629/518 4686/6593/518
f 4710/6607/355 4709/6631/355 4694/6608/355
f 4688/6600/519 4703/6609/519 4702/6606/519
f 4696/6601/356 4711/6610/356 4710/6607/356
f 4689/6604/520 4704/6611/520 4703/6609/520
f 4697/6575/357 4712/6613/357 4711/6610/357
f 4690/6605/358 4705/6620/358 4704/6611/358
f 4706/6614/360 4705/6620/360 4690/6605/360
f 4699/6615/523 4698/6612/523 4683/6573/523
f 4707/6616/361 4706/6614/361 4691/6577/361
f 4700/6617/524 4699/6615/524 4684/6581/524
f 4708/6618/362 4707/6616/362 4692/6582/362
f 4686/6589/525 4701/6625/525 4700/6617/525
f 4694/6590/363 4709/6627/363 4708/6618/363
f 4721/6619/364 4720/6642/364 4705/6620/364
f 4699/6615/649 4714/6646/649 4713/6621/649
f 4722/6622/365 4721/6619/365 4706/6614/365
f 4715/6623/528 4714/6646/528 4699/6615/528
f 4708/6618/366 4723/6649/366 4722/6622/366
f 4716/6624/529 4715/6623/529 4700/6617/529
f 4724/6626/367 4723/6649/367 4708/6618/367
f 4702/6606/530 4717/6638/530 4716/6628/530
f 4710/6607/368 4725/6633/368 4724/6630/368
f 4718/6632/531 4717/6638/531 4702/6606/531
f 4711/6610/369 4726/6640/369 4725/6633/369
f 4704/6611/532 4719/6635/532 4718/6632/532
f 4727/6634/650 4726/6640/650 4711/6610/650
f 4705/6620/371 4720/6642/371 4719/6635/371
f 4725/6633/373 4740/6662/373 4739/6636/373
f 4733/6637/534 4732/6664/534 4717/6638/534
f 4741/6639/675 4740/6662/675 4725/6633/675
f 4719/6635/535 4734/6643/535 4733/6637/535
f 4742/6641/375 4741/6639/375 4726/6640/375
f 4720/6642/536 4735/6667/536 4734/6643/536
f 4736/6645/378 4735/6667/378 4720/6642/378
f 4714/6646/600 4729/6648/600 4728/6644/600
f 4737/6647/379 4736/6645/379 4721/6619/379
f 4715/6623/676 4730/6656/676 4729/6648/676
f 4723/6649/380 4738/6657/380 4737/6647/380
f 4731/6650/540 4730/6656/540 4715/6623/540
f 4739/6651/381 4738/6657/381 4723/6649/381
f 4717/6638/541 4732/6664/541 4731/6652/541
f 4744/6653/615 4743/6669/615 4728/6644/615
f 4752/6654/382 4751/6671/382 4736/6645/382
f 4745/6655/543 4744/6653/543 4729/6648/543
f 4738/6657/383 4753/8719/383 4752/6654/383
f 4746/6658/544 4745/6655/544 4730/6656/544
f 4754/6659/384 4753/6691/384 4738/6660/384
f 4732/6661/545 4747/6693/545 4746/6658/545
f 4740/6662/385 4755/6665/385 4754/6659/385
f 4748/6663/546 4747/8720/546 4732/6664/546
f 4741/6639/386 4756/6666/386 4755/6665/386
f 4734/6643/547 4749/6668/547 4748/6663/547
f 4742/6641/387 4757/6670/387 4756/6666/387
f 4735/6667/388 4750/8721/388 4749/6668/388
f 4751/6671/390 4750/8721/390 4735/6667/390
f 4763/6672/549 4762/6701/549 4747/6673/549
f 4756/6666/391 4771/6677/391 4770/6675/391
f 4749/6676/550 4764/6679/550 4763/6672/550
f 4757/6670/788 4772/6681/788 4771/6677/788
f 4750/6678/393 4765/6708/393 4764/6679/393
f 4766/6682/395 4765/6708/395 4750/6678/395
f 4759/6684/627 4758/6680/627 4743/6669/627
f 4767/6685/396 4766/6682/396 4751/6683/396
f 4760/6687/554 4759/6684/554 4744/6653/554
f 4753/6688/397 4768/6697/397 4767/6685/397
f 4761/6689/555 4760/6687/555 4745/6655/555
f 4754/6659/398 4769/6694/398 4768/6690/398
f 4762/6692/556 4761/6689/556 4746/6658/556
f 4755/6665/399 4770/6675/399 4769/6694/399
f 4782/6695/400 4781/6711/400 4766/6682/400
f 4760/6687/651 4775/6721/651 4774/6696/651
f 4768/6697/401 4783/6722/401 4782/6695/401
f 4776/6698/558 4775/6721/558 4760/6687/558
f 4784/6699/402 4783/6722/402 4768/6697/402
f 4762/6701/559 4777/6726/559 4776/6702/559
f 4770/6675/403 4785/6713/403 4784/6704/403
f 4778/6705/560 4777/6726/560 4762/6701/560
f 4786/6706/789 4785/6713/789 4770/6675/789
f 4764/6679/561 4779/6709/561 4778/6705/561
f 4787/6707/405 4786/6706/405 4771/6677/405
f 4765/6708/406 4780/6716/406 4779/6709/406
f 4781/6711/408 4780/6716/408 4765/6708/408
f 4759/6684/629 4774/6696/629 4773/6710/629
f 4786/6706/409 4801/6731/409 4800/6712/409
f 4794/6714/564 4793/6728/564 4778/6705/564
f 4802/6715/410 4801/6731/410 4786/6706/410
f 4780/6716/411 4795/6732/411 4794/6714/411
f 4796/6718/413 4795/6732/413 4780/6716/413
f 4774/6696/677 4789/6733/677 4788/6717/677
f 4797/6719/414 4796/6718/414 4781/6711/414
f 4790/6720/567 4789/6733/567 4774/6696/567
f 4783/6722/415 4798/6724/415 4797/6719/415
f 4791/6723/568 4790/6720/568 4775/6721/568
f 4784/6699/416 4799/6729/416 4798/6724/416
f 4792/6725/569 4791/6730/569 4776/6702/569
f 4785/6713/417 4800/6712/417 4799/6727/417
f 4793/6728/570 4792/6725/570 4777/6726/570
f 4560/6373/418 4807/6372/418 4797/6719/418
f 4791/6723/571 4805/6374/571 4555/6368/571
f 4808/6376/419 4560/6373/419 4798/6724/419
f 4792/6725/572 4556/6379/572 4805/6378/572
f 4809/6382/420 4808/6381/420 4799/6727/420
f 4793/6728/573 4806/6383/573 4556/6379/573
f 4801/6731/421 4810/6385/421 4809/6382/421
f 4794/6714/574 4557/6387/574 4806/6383/574
f 4802/6715/422 4811/6389/422 4810/6385/422
f 4795/6732/848 4558/6390/848 4557/6387/848
f 4559/6396/603 4558/6390/603 4795/6732/603
f 4804/6370/604 4803/6391/604 4788/6717/604
f 4807/6372/426 4559/6396/426 4796/6718/426
f 4790/6720/577 4555/6368/577 4804/6370/577
f 4820/6734/8 4819/6764/8 5061/6735/8
f 4828/6737/9 4827/6766/9 5064/6738/9
f 5062/6740/10 4821/6770/10 4820/6734/10
f 5065/6741/11 4829/6771/11 4828/6737/11
f 4822/6742/12 4821/6773/12 5062/6743/12
f 4830/6745/13 4829/6775/13 5065/6746/13
f 5063/6748/14 4823/6776/14 4822/6742/14
f 4831/6749/15 4830/6745/15 5066/6747/15
f 4824/6751/16 4823/6776/16 5063/6748/16
f 4832/6753/17 4831/6749/17 5067/6750/17
f 4825/6755/630 4824/6751/630 4814/6752/630
f 4816/6761/617 4826/6762/617 4825/6755/617
f 5061/6735/430 4819/6764/430 4818/6758/430
f 5064/6738/23 4827/6766/23 4826/6762/23
f 4826/6762/265 4841/6767/265 4840/6763/265
f 4819/6764/25 4834/6790/25 4833/6765/25
f 4827/6766/26 4842/6791/26 4841/6767/26
f 4835/6768/27 4834/6790/27 4819/6764/27
f 4843/6769/28 4842/6791/28 4827/6766/28
f 4821/6770/29 4836/6795/29 4835/6768/29
f 4829/6771/30 4844/6796/30 4843/6769/30
f 4837/6772/31 4836/6797/31 4821/6773/31
f 4845/6774/32 4844/6780/32 4829/6775/32
f 4823/6776/33 4838/6781/33 4837/6772/33
f 4831/6749/34 4846/6783/34 4845/6774/34
f 4839/6777/35 4838/6781/35 4823/6776/35
f 4847/6778/36 4846/6783/36 4831/6749/36
f 4840/6763/37 4839/6777/37 4824/6751/37
f 4860/6779/40 4859/6803/40 4844/6780/40
f 4838/6781/41 4853/6810/41 4852/6782/41
f 4846/6783/266 4861/6785/266 4860/6779/266
f 4854/6784/43 4853/6810/43 4838/6781/43
f 4847/6778/267 4862/6788/267 4861/6785/267
f 4855/6786/766 4854/6784/766 4839/6777/766
f 4841/6767/48 4856/6792/48 4855/6786/48
f 4849/6789/49 4848/6787/49 4833/6765/49
f 4842/6791/50 4857/6799/50 4856/6792/50
f 4850/6793/432 4849/6789/432 4834/6790/432
f 4858/6794/52 4857/6799/52 4842/6791/52
f 4836/6795/53 4851/6801/53 4850/6793/53
f 4844/6796/54 4859/8722/54 4858/6794/54
f 4852/6782/55 4851/8723/55 4836/6797/55
f 4872/6798/56 4871/8724/56 4856/6792/56
f 4850/6793/57 4865/6802/57 4864/6800/57
f 4858/6794/58 4873/8725/58 4872/6798/58
f 4851/6801/59 4866/6831/59 4865/6802/59
f 4859/6803/60 4874/6833/60 4873/6804/60
f 4867/6806/61 4866/6831/61 4851/6801/61
f 4875/6808/62 4874/6833/62 4859/6803/62
f 4868/6809/63 4867/8726/63 4852/6782/63
f 4876/6811/64 4875/6808/64 4860/6779/64
f 4854/6784/65 4869/8727/65 4868/6809/65
f 4877/6812/66 4876/6811/66 4861/6785/66
f 4870/6813/67 4869/8727/67 4854/6784/67
f 4856/6792/70 4871/8724/70 4870/6813/70
f 4849/6789/71 4864/6800/71 4863/6814/71
f 4876/6811/72 4891/6819/72 4890/6815/72
f 4869/6816/73 4884/6848/73 4883/6817/73
f 4877/6812/74 4892/6823/74 4891/6819/74
f 4885/6820/75 4884/6848/75 4869/6816/75
f 4871/6824/78 4886/6853/78 4885/6820/78
f 4879/6825/435 4878/6822/435 4863/6814/435
f 4887/6826/80 4886/6853/80 4871/6824/80
f 4880/6828/81 4879/6825/81 4864/6800/81
f 4873/6829/82 4888/6838/82 4887/6826/82
f 4881/6830/83 4880/6828/83 4865/6802/83
f 4889/6832/84 4888/8728/84 4873/6804/84
f 4867/6834/85 4882/6844/85 4881/6835/85
f 4875/6808/86 4890/6815/86 4889/6832/86
f 4883/6817/87 4882/6844/87 4867/6834/87
f 4880/6828/88 4896/6862/88 4895/6837/88
f 4888/6838/89 4904/6842/89 4903/6839/89
f 4897/6840/90 4896/6862/90 4880/6828/90
f 4889/6841/91 4905/6865/91 4904/6842/91
f 4898/6843/92 4897/6867/92 4881/6835/92
f 4890/6815/93 4906/6869/93 4905/6845/93
f 4899/6846/94 4898/6843/94 4882/6844/94
f 4907/6847/765 4906/6869/765 4890/6815/765
f 4884/6848/96 4900/6850/96 4899/6846/96
f 4908/6849/97 4907/6847/97 4891/6819/97
f 4885/6820/580 4901/6857/580 4900/6850/580
f 4902/6852/858 4901/6857/858 4885/6820/858
f 4879/6825/102 4895/6837/102 4894/6851/102
f 4903/6839/103 4902/6852/103 4886/6853/103
f 4900/6850/104 4915/6880/104 4914/6854/104
f 4923/6855/273 4922/6878/273 4907/6847/273
f 4916/6856/106 4915/6880/106 4900/6850/106
f 4917/6859/109 4916/6856/109 4901/6857/109
f 4895/6837/768 4910/6887/768 4909/6858/768
f 4918/6860/111 4917/6859/111 4902/6852/111
f 4911/6861/112 4910/6887/112 4895/6837/112
f 4919/6863/113 4918/6860/113 4903/6839/113
f 4897/6840/114 4912/6873/114 4911/6861/114
f 4920/6864/115 4919/6863/115 4904/6842/115
f 4898/6843/116 4913/6870/116 4912/6866/116
f 4921/6868/117 4920/6876/117 4905/6845/117
f 4899/6846/118 4914/6854/118 4913/6870/118
f 4907/6847/119 4922/6878/119 4921/6868/119
f 4934/6871/120 4933/6888/120 4918/6860/120
f 4927/6872/121 4926/6889/121 4911/6861/121
f 4920/6864/122 4935/6903/122 4934/6871/122
f 4928/6874/123 4927/6905/123 4912/6866/123
f 4921/6868/124 4936/6879/124 4935/6875/124
f 4929/6877/125 4928/6874/125 4913/6870/125
f 4922/6878/126 4937/6881/126 4936/6879/126
f 4915/6880/127 4930/6892/127 4929/6877/127
f 4923/6855/128 4938/6884/128 4937/6881/128
f 4931/6882/440 4930/6892/440 4915/6880/440
f 4932/6885/790 4931/6882/790 4916/6856/790
f 4925/6886/133 4924/6883/133 4909/6858/133
f 4933/6888/134 4932/6885/134 4917/6859/134
f 4926/6889/135 4925/6886/135 4910/6887/135
f 6164/6890/869 4937/6881/869 4938/6884/869
f 4930/6892/275 4931/6882/275 6018/6893/275
f 4924/6883/441 6000/6898/441 5996/6895/441
f 4938/6884/662 4939/6760/662 6161/6896/662
f 4932/6885/140 6020/6899/140 6018/6893/140
f 4924/6883/771 4925/6886/771 5998/6897/771
f 4933/6888/142 6014/6901/142 6020/6899/142
f 4925/6886/143 4926/6889/143 6004/6900/143
f 4934/6871/815 6022/6904/815 6014/6901/815
f 4926/6889/816 4927/6872/816 6006/6902/816
f 4935/6903/911 6163/8729/911 6022/6904/911
f 4927/6905/147 4928/6874/147 6011/6906/147
f 6163/6908/904 4935/6875/904 4936/6879/904
f 4928/6874/818 4929/6877/818 6013/6910/818
f 6162/6909/150 4936/6879/150 4937/6881/150
f 4929/6877/151 4930/6892/151 6016/6894/151
f 4940/6939/510 4893/6759/510 5952/6937/510
f 6154/6938/912 4939/6760/912 4954/6941/912
f 4948/6943/347 4947/6970/347 6144/6944/347
f 4940/6939/512 5953/6940/512 5949/6946/512
f 4949/6948/348 4948/6943/348 6143/6945/348
f 4941/6947/513 5949/6946/513 5947/6950/513
f 4950/6952/349 4949/6948/349 6151/6949/349
f 4942/6951/514 5947/6950/514 6148/6954/514
f 4951/6956/350 4950/6952/350 6149/6953/350
f 4943/6958/908 6148/8730/908 6150/6959/908
f 4952/6961/821 4951/6973/821 6147/6962/821
f 4944/6960/516 6150/6959/516 6146/6964/516
f 4953/6966/352 4952/6961/352 6173/6963/352
f 4945/6965/517 6146/6964/517 6145/6968/517
f 4954/6941/353 4953/6966/353 6152/6967/353
f 4946/6969/910 6145/6968/910 6144/6944/910
f 4959/6971/518 4958/6994/518 4943/6958/518
f 4967/6972/355 4966/6996/355 4951/6973/355
f 4945/6965/519 4960/6975/519 4959/6971/519
f 4968/6974/356 4967/6972/356 4952/6961/356
f 4946/6969/520 4961/6976/520 4960/6975/520
f 4954/6941/357 4969/6978/357 4968/6974/357
f 4947/6970/521 4962/6985/521 4961/6976/521
f 4963/6979/360 4962/6985/360 4947/6970/360
f 4956/6980/523 4955/6977/523 4940/6939/523
f 4964/6981/361 4963/6979/361 4948/6943/361
f 4942/6951/524 4957/6983/524 4956/6980/524
f 4965/6982/362 4964/6981/362 4949/6948/362
f 4943/6955/525 4958/6990/525 4957/6983/525
f 4951/6956/363 4966/6991/363 4965/6982/363
f 4978/6984/364 4977/7008/364 4962/6985/364
f 4971/6986/527 4970/7001/527 4955/6977/527
f 4964/6981/365 4979/6988/365 4978/6984/365
f 4972/6987/528 4971/6986/528 4956/6980/528
f 4965/6982/366 4980/6992/366 4979/6988/366
f 4973/6989/529 4972/6987/529 4957/6983/529
f 4966/6991/367 4981/7017/367 4980/6992/367
f 4974/6993/530 4973/7019/530 4958/6994/530
f 4967/6972/368 4982/6998/368 4981/6995/368
f 4975/6997/531 4974/6993/531 4959/6971/531
f 4968/6974/369 4983/7000/369 4982/6998/369
f 4976/6999/532 4975/6997/532 4960/6975/532
f 4969/6978/370 4984/7002/370 4983/7000/370
f 4962/6985/371 4977/7008/371 4976/6999/371
f 4997/7003/373 4996/7025/373 4981/6995/373
f 4975/6997/534 4990/7006/534 4989/7004/534
f 4998/7005/675 4997/7003/675 4982/6998/675
f 4976/6999/535 4991/7009/535 4990/7006/535
f 4999/7007/375 4998/7005/375 4983/7000/375
f 4977/7008/536 4992/7034/536 4991/7009/536
f 4993/7011/378 4992/7034/378 4977/7008/378
f 4971/6986/600 4986/7013/600 4985/7010/600
f 4994/7012/379 4993/7011/379 4978/6984/379
f 4972/6987/676 4987/7015/676 4986/7013/676
f 4995/7014/380 4994/7012/380 4979/6988/380
f 4973/6989/540 4988/7024/540 4987/7015/540
f 4996/7016/381 4995/7014/381 4980/6992/381
f 4974/6993/541 4989/7004/541 4988/7018/541
f 5001/7020/542 5000/7036/542 4985/7010/542
f 5009/7021/382 5008/7038/382 4993/7011/382
f 5002/7022/543 5001/7020/543 4986/7013/543
f 4995/7014/383 5010/8731/383 5009/7021/383
f 5003/7023/544 5002/7022/544 4987/7015/544
f 4996/7025/384 5011/7030/384 5010/7026/384
f 5004/7028/545 5003/7023/545 4988/7024/545
f 4997/7003/385 5012/7032/385 5011/7030/385
f 5005/7031/546 5004/8732/546 4989/7004/546
f 4998/7005/386 5013/7033/386 5012/7032/386
f 4991/7009/547 5006/7035/547 5005/7031/547
f 4999/7007/387 5014/7037/387 5013/7033/387
f 4992/7034/388 5007/8733/388 5006/7035/388
f 5008/7038/390 5007/8733/390 4992/7034/390
f 5020/7039/549 5019/7067/549 5004/7040/549
f 5013/7033/391 5028/7044/391 5027/7042/391
f 5006/7043/550 5021/7046/550 5020/7039/550
f 5014/7037/392 5029/7048/392 5028/7044/392
f 5007/7045/393 5022/7071/393 5021/7046/393
f 5023/7049/395 5022/7071/395 5007/7045/395
f 5016/7051/553 5015/7047/553 5000/7036/553
f 5024/7052/396 5023/7049/396 5008/7050/396
f 5017/7054/554 5016/7051/554 5001/7020/554
f 5010/7055/397 5025/7062/397 5024/7052/397
f 5018/7056/555 5017/7054/555 5002/7022/555
f 5011/7030/398 5026/7059/398 5025/7057/398
f 5019/7058/556 5018/7056/556 5003/7023/556
f 5012/7032/399 5027/7042/399 5026/7059/399
f 5039/7060/400 5038/7075/400 5023/7049/400
f 5032/7061/557 5031/7076/557 5016/7051/557
f 5025/7062/401 5040/7064/401 5039/7060/401
f 5018/7056/558 5033/7085/558 5032/7061/558
f 5026/7063/402 5041/7087/402 5040/7064/402
f 5034/7065/559 5033/7089/559 5018/7066/559
f 5042/7068/403 5041/7090/403 5026/7059/403
f 5035/7069/560 5034/7065/560 5019/7067/560
f 5043/7070/404 5042/7068/404 5027/7042/404
f 5021/7046/561 5036/7072/561 5035/7069/561
f 5029/7048/405 5044/7074/405 5043/7070/405
f 5022/7071/406 5037/7080/406 5036/7072/406
f 5038/7075/408 5037/7080/408 5022/7071/408
f 5031/7076/563 5030/7073/563 5015/7047/563
f 5043/7070/409 5058/7096/409 5057/7077/409
f 5051/7078/564 5050/7095/564 5035/7069/564
f 5059/7079/876 5058/7096/876 5043/7070/876
f 5037/7080/411 5052/7097/411 5051/7078/411
f 5053/7082/413 5052/7097/413 5037/7080/413
f 5031/7076/566 5046/7098/566 5045/7081/566
f 5039/7060/414 5054/7092/414 5053/7082/414
f 5047/7083/567 5046/7098/567 5031/7076/567
f 5055/7084/415 5054/7092/415 5039/7060/415
f 5033/7085/568 5048/7093/568 5047/7083/568
f 5056/7086/416 5055/7084/416 5040/7064/416
f 5034/7065/569 5049/7091/569 5048/7088/569
f 5057/7077/417 5056/7094/417 5041/7090/417
f 5035/7069/570 5050/7095/570 5049/7091/570
f 4817/6739/418 5064/6738/418 5054/7092/418
f 5048/7093/571 5062/6740/571 4812/6736/571
f 5065/6741/419 4817/6739/419 5055/7084/419
f 5049/7091/572 4813/6744/572 5062/6743/572
f 5057/7077/420 5066/6747/420 5065/6746/420
f 5050/7095/573 5063/6748/573 4813/6744/573
f 5058/7096/421 5067/6750/421 5066/6747/421
f 4814/6752/574 5063/6748/574 5050/7095/574
f 5059/7079/422 5068/6754/422 5067/6750/422
f 5052/7097/848 4815/6756/848 4814/6752/848
f 4816/6761/603 4815/6756/603 5052/7097/603
f 5061/6735/576 5060/6757/576 5045/7081/576
f 5054/7092/426 5064/6738/426 4816/6761/426
f 5047/7083/577 4812/6736/577 5061/6735/577
f 5069/7099/8 5077/7106/8 5076/7100/8
f 5085/7102/9 5084/7133/9 5321/7103/9
f 5319/7105/10 5078/7135/10 5077/7106/10
f 5086/7107/11 5085/7102/11 5074/7104/11
f 5070/7109/12 5079/7116/12 5078/7110/12
f 5087/7112/13 5086/7139/13 5322/7113/13
f 5320/7115/14 5080/7140/14 5079/7116/14
f 5088/7117/15 5087/7112/15 5323/7114/15
f 5081/7119/16 5080/7140/16 5320/7115/16
f 5089/7121/17 5088/7117/17 5324/7118/17
f 5082/7123/630 5081/7119/630 5071/7120/630
f 5073/7129/617 5083/7130/617 5082/7123/617
f 5318/7101/430 5076/7100/430 5075/7126/430
f 5321/7103/23 5084/7133/23 5083/7130/23
f 5098/7131/24 5097/7152/24 5082/7123/24
f 5091/7132/25 5090/7143/25 5075/7126/25
f 5084/7133/26 5099/7155/26 5098/7131/26
f 5077/7106/27 5092/7136/27 5091/7132/27
f 5100/7134/28 5099/7155/28 5084/7133/28
f 5078/7135/29 5093/7159/29 5092/7136/29
f 5086/7107/30 5101/7160/30 5100/7134/30
f 5094/7137/31 5093/7161/31 5078/7110/31
f 5102/7138/32 5101/7146/32 5086/7139/32
f 5080/7140/33 5095/7147/33 5094/7137/33
f 5103/7141/34 5102/7138/34 5087/7112/34
f 5096/7142/35 5095/7147/35 5080/7140/35
f 5089/7121/36 5104/7144/36 5103/7141/36
f 5082/7123/37 5097/7152/37 5096/7142/37
f 5102/7138/40 5117/7171/40 5116/7145/40
f 5095/7147/41 5110/7172/41 5109/7148/41
f 5118/7149/266 5117/7171/266 5102/7138/266
f 5111/7150/43 5110/7172/43 5095/7147/43
f 5119/7151/267 5118/7149/267 5103/7141/267
f 5097/7152/45 5112/7177/45 5111/7150/45
f 5113/7154/857 5112/7177/857 5097/7152/857
f 5091/7132/49 5106/7156/49 5105/7153/49
f 5099/7155/50 5114/7162/50 5113/7154/50
f 5092/7136/432 5107/7165/432 5106/7156/432
f 5115/7157/52 5114/7162/52 5099/7155/52
f 5108/7158/53 5107/7165/53 5092/7136/53
f 5101/7160/54 5116/8734/54 5115/7157/54
f 5109/7148/55 5108/8735/55 5093/7161/55
f 5114/7162/56 5129/8736/56 5128/7163/56
f 5122/7164/57 5121/7192/57 5106/7156/57
f 5130/7166/58 5129/8736/58 5114/7162/58
f 5123/7167/59 5122/7164/59 5107/7165/59
f 5131/7168/60 5130/7199/60 5115/7169/60
f 5109/7170/61 5124/8737/61 5123/7167/61
f 5117/7171/62 5132/7174/62 5131/7168/62
f 5110/7172/63 5125/8738/63 5124/7173/63
f 5118/7149/64 5133/7179/64 5132/7174/64
f 5126/7175/65 5125/8738/65 5110/7172/65
f 5134/7176/269 5133/7179/269 5118/7149/269
f 5112/7177/67 5127/8739/67 5126/7175/67
f 5128/7163/433 5127/8739/433 5112/7177/433
f 5106/7156/71 5121/7192/71 5120/7178/71
f 5133/7179/72 5148/7184/72 5147/7180/72
f 5141/7181/73 5140/7203/73 5125/7182/73
f 5134/7176/270 5149/7188/270 5148/7184/270
f 5142/7185/619 5141/7181/619 5126/7183/619
f 5143/7189/78 5142/7185/78 5127/7186/78
f 5136/7191/79 5135/7187/79 5120/7178/79
f 5129/7193/80 5144/7196/80 5143/7189/80
f 5137/7194/81 5136/7191/81 5121/7192/81
f 5130/7195/82 5145/7205/82 5144/7196/82
f 5138/7197/83 5137/7194/83 5122/7164/83
f 5146/7198/84 5145/8740/84 5130/7199/84
f 5124/7200/85 5139/7210/85 5138/7201/85
f 5132/7174/86 5147/7180/86 5146/7198/86
f 5140/7203/87 5139/7210/87 5124/7200/87
f 5137/7194/436 5153/7207/436 5152/7204/436
f 5145/7205/89 5161/7229/89 5160/7206/89
f 5138/7197/90 5154/7231/90 5153/7207/90
f 5162/7208/91 5161/7229/91 5145/7205/91
f 5139/7210/92 5155/7234/92 5154/7211/92
f 5163/7212/93 5162/7236/93 5146/7198/93
f 5156/7213/94 5155/7234/94 5139/7210/94
f 5164/7214/765 5163/7212/765 5147/7180/765
f 5141/7181/96 5157/7216/96 5156/7213/96
f 5165/7215/97 5164/7214/97 5148/7184/97
f 5142/7185/580 5158/7221/580 5157/7216/580
f 5159/7218/858 5158/7221/858 5142/7185/858
f 5136/7191/774 5152/7204/774 5151/7217/774
f 5160/7206/103 5159/7218/103 5143/7189/103
f 5157/7216/104 5172/7222/104 5171/7219/104
f 5165/7215/273 5180/7224/273 5179/7220/273
f 5158/7221/106 5173/7248/106 5172/7222/106
f 5174/7225/109 5173/7248/109 5158/7221/109
f 5167/7226/768 5166/7223/768 5151/7217/768
f 5175/7227/111 5174/7225/111 5159/7218/111
f 5168/7228/112 5167/7226/112 5152/7204/112
f 5161/7229/113 5176/7232/113 5175/7227/113
f 5169/7230/114 5168/7228/114 5153/7207/114
f 5162/7208/115 5177/7241/115 5176/7232/115
f 5170/7233/116 5169/7243/116 5154/7211/116
f 5163/7212/117 5178/7237/117 5177/7235/117
f 5171/7219/118 5170/7233/118 5155/7234/118
f 5164/7214/119 5179/7220/119 5178/7237/119
f 5176/7232/120 5191/7264/120 5190/7238/120
f 5184/7239/121 5183/7266/121 5168/7228/121
f 5192/7240/122 5191/7264/122 5176/7232/122
f 5170/7233/123 5185/7274/123 5184/7242/123
f 5178/7237/124 5193/7272/124 5192/7244/124
f 5186/7245/125 5185/7274/125 5170/7233/125
f 5194/7246/126 5193/7272/126 5178/7237/126
f 5172/7222/127 5187/7249/127 5186/7245/127
f 5195/7247/709 5194/7246/709 5179/7220/709
f 5173/7248/440 5188/7259/440 5187/7249/440
f 5189/7251/790 5188/7259/790 5173/7248/790
f 5167/7226/769 5182/7252/769 5181/7250/769
f 5190/7238/134 5189/7251/134 5174/7225/134
f 5168/7228/135 5183/7266/135 5182/7252/135
f 5999/7253/136 5194/7246/136 5195/7247/136
f 5187/7249/275 5188/7259/275 6019/7255/275
f 5181/7250/441 6002/7261/441 6003/7257/441
f 5195/7247/139 5196/7128/139 5997/7258/139
f 5189/7251/140 6017/7262/140 6019/7255/140
f 5181/7250/141 5182/7252/141 6009/7260/141
f 5190/7238/142 6012/7265/142 6017/7262/142
f 5182/7252/143 5183/7266/143 6008/7263/143
f 5191/7264/144 6010/7268/144 6012/7265/144
f 5183/7266/776 5184/7239/776 6024/7267/776
f 5192/7240/146 6007/8741/146 6010/7268/146
f 5184/7242/147 5185/7274/147 6015/7269/147
f 6007/7271/148 5192/7244/148 5193/7272/148
f 5185/7274/149 5186/7245/149 6023/7275/149
f 6005/7273/150 5193/7272/150 5194/7246/150
f 5186/7245/151 5187/7249/151 6021/7256/151
f 5197/7304/510 5150/7127/510 5956/7302/510
f 5955/7303/346 5196/7128/346 5211/7306/346
f 5205/7308/511 5204/7336/511 5931/7309/511
f 5197/7304/805 5957/7305/805 5948/7311/805
f 5206/7313/348 5205/7308/348 5934/7310/348
f 5198/7312/513 5948/7311/513 5951/7315/513
f 5207/7317/349 5206/7313/349 5942/7314/349
f 5199/7316/514 5951/7315/514 5946/7319/514
f 5208/7321/350 5207/7317/350 5938/7318/350
f 5200/7323/515 5946/8742/515 5939/7324/515
f 5937/7328/351 6026/7332/351 5209/7338/351
f 5209/7338/821 5208/7326/821 5937/7328/821
f 5201/7325/516 5939/7324/516 5935/7329/516
f 5210/7331/352 5209/7338/352 6026/7332/352
f 5202/7330/517 5935/7329/517 5943/7334/517
f 5211/7306/353 5210/7331/353 5950/7333/353
f 5203/7335/910 5943/7334/910 5931/7309/910
f 5201/7325/518 5216/7359/518 5215/7337/518
f 5209/7338/355 5224/7362/355 5223/7339/355
f 5217/7340/519 5216/7359/519 5201/7325/519
f 5225/7341/356 5224/7362/356 5209/7338/356
f 5203/7335/520 5218/7343/520 5217/7340/520
f 5226/7342/357 5225/7341/357 5210/7331/357
f 5204/7336/899 5219/7351/899 5218/7343/899
f 5220/7345/881 5219/7351/881 5204/7336/881
f 5198/7312/720 5213/7347/720 5212/7344/720
f 5221/7346/361 5220/7345/361 5205/7308/361
f 5199/7316/524 5214/7355/524 5213/7347/524
f 5207/7317/362 5222/7356/362 5221/7346/362
f 5215/7348/525 5214/7355/525 5199/7316/525
f 5223/7349/363 5222/7356/363 5207/7317/363
f 5220/7345/364 5235/7377/364 5234/7350/364
f 5228/7352/527 5227/7365/527 5212/7344/527
f 5236/7353/365 5235/7377/365 5220/7345/365
f 5229/7354/528 5228/7352/528 5213/7347/528
f 5222/7356/366 5237/7381/366 5236/7353/366
f 5230/7357/529 5229/7354/529 5214/7355/529
f 5238/7358/367 5237/7381/367 5222/7356/367
f 5216/7359/530 5231/7370/530 5230/7360/530
f 5239/7361/368 5238/7368/368 5223/7339/368
f 5232/7363/531 5231/7370/531 5216/7359/531
f 5225/7341/369 5240/7364/369 5239/7361/369
f 5218/7343/532 5233/7372/532 5232/7363/532
f 5226/7342/370 5241/7366/370 5240/7364/370
f 5234/7350/371 5233/7372/371 5218/7343/371
f 5239/7361/373 5254/7394/373 5253/7367/373
f 5247/7369/534 5246/7396/534 5231/7370/534
f 5255/7371/374 5254/7394/374 5239/7361/374
f 5233/7372/535 5248/7374/535 5247/7369/535
f 5256/7373/375 5255/7371/375 5240/7364/375
f 5234/7350/536 5249/7400/536 5248/7374/536
f 5250/7376/378 5249/7400/378 5234/7350/378
f 5228/7352/600 5243/7379/600 5242/7375/600
f 5251/7378/379 5250/7376/379 5235/7377/379
f 5229/7354/539 5244/7388/539 5243/7379/539
f 5252/7380/380 5251/7378/380 5236/7353/380
f 5245/7382/540 5244/7388/540 5229/7354/540
f 5253/7383/381 5252/7380/381 5237/7381/381
f 5231/7370/541 5246/7396/541 5245/7384/541
f 5258/7385/615 5257/7402/615 5242/7375/615
f 5266/7386/382 5265/7404/382 5250/7376/382
f 5259/7387/543 5258/7385/543 5243/7379/543
f 5267/7389/383 5266/7386/383 5251/7378/383
f 5260/7390/544 5259/7387/544 5244/7388/544
f 5268/7391/384 5267/7422/384 5252/7392/384
f 5246/7393/545 5261/7424/545 5260/7390/545
f 5254/7394/385 5269/7397/385 5268/7391/385
f 5247/7369/546 5262/7398/546 5261/7395/546
f 5255/7371/386 5270/7399/386 5269/7397/386
f 5248/7374/547 5263/7401/547 5262/7398/547
f 5256/7373/387 5271/7403/387 5270/7399/387
f 5249/7400/388 5264/8743/388 5263/7401/388
f 5265/7404/390 5264/8743/390 5249/7400/390
f 5277/7405/549 5276/7435/549 5261/7406/549
f 5285/7408/391 5284/7436/391 5269/7397/391
f 5263/7409/550 5278/7412/550 5277/7405/550
f 5286/7410/788 5285/7408/788 5270/7399/788
f 5264/7411/393 5279/7441/393 5278/7412/393
f 5280/7414/395 5279/7441/395 5264/7411/395
f 5258/7385/627 5273/7418/627 5272/7413/627
f 5281/7416/396 5280/7414/396 5265/7415/396
f 5259/7387/554 5274/7428/554 5273/7418/554
f 5267/7419/397 5282/7430/397 5281/7416/397
f 5275/7420/555 5274/7428/555 5259/7387/555
f 5268/7391/398 5283/7425/398 5282/7421/398
f 5276/7423/556 5275/7420/556 5260/7390/556
f 5269/7397/399 5284/7436/399 5283/7425/399
f 5281/7416/400 5296/7454/400 5295/7426/400
f 5289/7427/557 5288/7453/557 5273/7418/557
f 5297/7429/401 5296/7454/401 5281/7416/401
f 5290/7431/558 5289/7427/558 5274/7428/558
f 5283/7432/402 5298/7457/402 5297/7429/402
f 5291/7433/559 5290/7459/559 5275/7434/559
f 5284/7436/403 5299/7438/403 5298/7437/403
f 5277/7405/560 5292/7446/560 5291/7433/560
f 5285/7408/404 5300/7443/404 5299/7438/404
f 5293/7439/561 5292/7446/561 5277/7405/561
f 5301/7440/405 5300/7443/405 5285/7408/405
f 5279/7441/406 5294/7448/406 5293/7439/406
f 5295/7426/408 5294/7448/408 5279/7441/408
f 5273/7418/629 5288/7453/629 5287/7442/629
f 5300/7443/409 5315/7447/409 5314/7444/409
f 5308/7445/564 5307/7465/564 5292/7446/564
f 5301/7440/410 5316/7450/410 5315/7447/410
f 5294/7448/411 5309/7466/411 5308/7445/411
f 5310/7451/413 5309/7466/413 5294/7448/413
f 5303/7452/677 5302/7449/677 5287/7442/677
f 5296/7454/414 5311/7460/414 5310/7451/414
f 5304/7455/567 5303/7452/567 5288/7453/567
f 5312/7456/415 5311/7460/415 5296/7454/415
f 5290/7431/568 5305/7461/568 5304/7455/568
f 5298/7457/416 5313/7462/416 5312/7456/416
f 5306/7458/569 5305/7463/569 5290/7459/569
f 5314/7444/417 5313/7464/417 5298/7437/417
f 5292/7446/570 5307/7465/570 5306/7458/570
f 5074/7104/418 5321/7103/418 5311/7460/418
f 5305/7461/571 5319/7105/571 5069/7099/571
f 5322/7108/419 5074/7104/419 5312/7456/419
f 5306/7458/572 5070/7109/572 5319/7111/572
f 5314/7444/420 5323/7114/420 5322/7113/420
f 5307/7465/573 5320/7115/573 5070/7109/573
f 5324/7118/421 5323/7114/421 5314/7444/421
f 5071/7120/574 5320/7115/574 5307/7465/574
f 5325/7122/422 5324/7118/422 5315/7447/422
f 5309/7466/423 5072/7124/423 5071/7120/423
f 5073/7129/425 5072/7124/425 5309/7466/425
f 5303/7452/604 5318/7101/604 5317/7125/604
f 5311/7460/426 5321/7103/426 5073/7129/426
f 5304/7455/577 5069/7099/577 5318/7101/577
