# Blender 4.4.3
# www.blender.org
mtllib wall.mtl
o 円柱
v 0.000000 0.718944 -3.239036
v 0.000000 0.718943 3.239036
v 0.195090 0.705129 -3.239036
v 0.195090 0.705129 3.239036
v 0.382683 0.664217 -3.239036
v 0.382683 0.664217 3.239036
v 0.555570 0.597780 -3.239036
v 0.555570 0.597780 3.239036
v 0.707107 0.508370 -3.239036
v 0.707107 0.508370 3.239036
v 0.831470 0.399424 -3.239036
v 0.831470 0.399423 3.239036
v 0.923879 0.275128 -3.239036
v 0.923879 0.275128 3.239036
v 0.980785 0.140259 -3.239036
v 0.980785 0.140259 3.239036
v 1.000000 0.000000 -3.239036
v 1.000000 -0.000000 3.239036
v 0.980785 -0.140259 -3.239036
v 0.980785 -0.140259 3.239036
v 0.923879 -0.275128 -3.239036
v 0.923879 -0.275128 3.239036
v 0.831470 -0.399423 -3.239036
v 0.831470 -0.399424 3.239036
v 0.707107 -0.508370 -3.239036
v 0.707107 -0.508370 3.239036
v 0.555570 -0.597780 -3.239036
v 0.555570 -0.597780 3.239036
v 0.382683 -0.664217 -3.239036
v 0.382683 -0.664217 3.239036
v 0.195090 -0.705129 -3.239036
v 0.195090 -0.705129 3.239036
v 0.000000 -0.718943 -3.239036
v 0.000000 -0.718944 3.239036
v -0.195090 -0.705129 -3.239036
v -0.195090 -0.705129 3.239036
v -0.382683 -0.664217 -3.239036
v -0.382683 -0.664217 3.239036
v -0.555570 -0.597780 -3.239036
v -0.555570 -0.597780 3.239036
v -0.707107 -0.508370 -3.239036
v -0.707107 -0.508370 3.239036
v -0.831470 -0.399423 -3.239036
v -0.831470 -0.399424 3.239036
v -0.923879 -0.275128 -3.239036
v -0.923879 -0.275128 3.239036
v -0.980785 -0.140259 -3.239036
v -0.980785 -0.140259 3.239036
v -1.000000 0.000000 -3.239036
v -1.000000 -0.000000 3.239036
v -0.980785 0.140259 -3.239036
v -0.980785 0.140259 3.239036
v -0.923879 0.275128 -3.239036
v -0.923879 0.275128 3.239036
v -0.831470 0.399424 -3.239036
v -0.831470 0.399423 3.239036
v -0.707107 0.508370 -3.239036
v -0.707107 0.508370 3.239036
v -0.555570 0.597780 -3.239036
v -0.555570 0.597780 3.239036
v -0.382683 0.664217 -3.239036
v -0.382683 0.664217 3.239036
v -0.195090 0.705129 -3.239036
v -0.195090 0.705129 3.239036
v 0.000000 0.718944 -2.930556
v 0.000000 0.718944 -2.622077
v 0.000000 0.718944 -2.313597
v 0.000000 0.718944 -2.005117
v 0.000000 0.718944 -1.696638
v 0.000000 0.718944 -1.388158
v 0.000000 0.718944 -1.079679
v 0.000000 0.718944 -0.771199
v 0.000000 0.718943 -0.462719
v 0.000000 0.718943 -0.154240
v 0.000000 0.718943 0.154240
v 0.000000 0.718943 0.462719
v 0.000000 0.718943 0.771199
v 0.000000 0.718943 1.079679
v 0.000000 0.718943 1.388158
v 0.000000 0.718943 1.696638
v 0.000000 0.718943 2.005117
v 0.000000 0.718943 2.313597
v 0.000000 0.718943 2.622077
v 0.000000 0.718943 2.930556
v 0.195090 0.705129 2.930556
v 0.195090 0.705129 2.622077
v 0.195090 0.705129 2.313597
v 0.195090 0.705129 2.005117
v 0.195090 0.705129 1.696638
v 0.195090 0.705129 1.388158
v 0.195090 0.705129 1.079679
v 0.195090 0.705129 0.771199
v 0.195090 0.705129 0.462720
v 0.195090 0.705129 0.154240
v 0.195090 0.705129 -0.154240
v 0.195090 0.705129 -0.462719
v 0.195090 0.705129 -0.771199
v 0.195090 0.705129 -1.079679
v 0.195090 0.705129 -1.388158
v 0.195090 0.705129 -1.696638
v 0.195090 0.705129 -2.005117
v 0.195090 0.705129 -2.313597
v 0.195090 0.705129 -2.622077
v 0.195090 0.705129 -2.930556
v 0.382683 0.664217 2.930556
v 0.382683 0.664217 2.622077
v 0.382683 0.664217 2.313597
v 0.382683 0.664217 2.005117
v 0.382683 0.664217 1.696638
v 0.382683 0.664217 1.388158
v 0.382683 0.664217 1.079679
v 0.382683 0.664217 0.771199
v 0.382683 0.664217 0.462720
v 0.382683 0.664217 0.154240
v 0.382683 0.664217 -0.154240
v 0.382683 0.664217 -0.462719
v 0.382683 0.664217 -0.771199
v 0.382683 0.664217 -1.079679
v 0.382683 0.664217 -1.388158
v 0.382683 0.664217 -1.696638
v 0.382683 0.664217 -2.005117
v 0.382683 0.664217 -2.313597
v 0.382683 0.664217 -2.622077
v 0.382683 0.664217 -2.930556
v 0.555570 0.597780 2.930556
v 0.555570 0.597780 2.622077
v 0.555570 0.597780 2.313597
v 0.555570 0.597780 2.005117
v 0.555570 0.597780 1.696638
v 0.555570 0.597780 1.388158
v 0.555570 0.597780 1.079679
v 0.555570 0.597780 0.771199
v 0.555570 0.597780 0.462720
v 0.555570 0.597780 0.154240
v 0.555570 0.597780 -0.154240
v 0.555570 0.597780 -0.462719
v 0.555570 0.597780 -0.771199
v 0.555570 0.597780 -1.079679
v 0.555570 0.597780 -1.388158
v 0.555570 0.597780 -1.696638
v 0.555570 0.597780 -2.005117
v 0.555570 0.597780 -2.313597
v 0.555570 0.597780 -2.622077
v 0.555570 0.597780 -2.930556
v 0.707107 0.508370 2.930556
v 0.707107 0.508370 2.622077
v 0.707107 0.508370 2.313597
v 0.707107 0.508370 2.005117
v 0.707107 0.508370 1.696638
v 0.707107 0.508370 1.388158
v 0.707107 0.508370 1.079679
v 0.707107 0.508370 0.771199
v 0.707107 0.508370 0.462720
v 0.707107 0.508370 0.154240
v 0.707107 0.508370 -0.154240
v 0.707107 0.508370 -0.462719
v 0.707107 0.508370 -0.771199
v 0.707107 0.508370 -1.079679
v 0.707107 0.508370 -1.388158
v 0.707107 0.508370 -1.696638
v 0.707107 0.508370 -2.005117
v 0.707107 0.508370 -2.313597
v 0.707107 0.508370 -2.622077
v 0.707107 0.508370 -2.930556
v 0.831470 0.399423 2.930556
v 0.831470 0.399423 2.622077
v 0.831470 0.399424 2.313597
v 0.831470 0.399424 2.005117
v 0.831470 0.399424 1.696638
v 0.831470 0.399424 1.388158
v 0.831470 0.399424 1.079679
v 0.831470 0.399424 0.771199
v 0.831470 0.399424 0.462720
v 0.831470 0.399424 0.154240
v 0.831470 0.399424 -0.154240
v 0.831470 0.399424 -0.462719
v 0.831470 0.399424 -0.771199
v 0.831470 0.399424 -1.079679
v 0.831470 0.399424 -1.388158
v 0.831470 0.399424 -1.696638
v 0.831470 0.399424 -2.005117
v 0.831470 0.399424 -2.313597
v 0.831470 0.399424 -2.622077
v 0.831470 0.399424 -2.930556
v 0.923879 0.275128 2.930556
v 0.923879 0.275128 2.622077
v 0.923879 0.275128 2.313597
v 0.923879 0.275128 2.005117
v 0.923879 0.275128 1.696638
v 0.923879 0.275128 1.388158
v 0.923879 0.275128 1.079679
v 0.923879 0.275128 0.771199
v 0.923879 0.275128 0.462719
v 0.923879 0.275128 0.154240
v 0.923879 0.275128 -0.154240
v 0.923879 0.275128 -0.462719
v 0.923879 0.275128 -0.771199
v 0.923879 0.275128 -1.079679
v 0.923879 0.275128 -1.388158
v 0.923879 0.275128 -1.696638
v 0.923879 0.275128 -2.005117
v 0.923879 0.275128 -2.313597
v 0.923879 0.275128 -2.622077
v 0.923879 0.275128 -2.930556
v 0.980785 0.140259 2.930556
v 0.980785 0.140259 2.622077
v 0.980785 0.140259 2.313597
v 0.980785 0.140259 2.005117
v 0.980785 0.140259 1.696638
v 0.980785 0.140259 1.388158
v 0.980785 0.140259 1.079679
v 0.980785 0.140259 0.771199
v 0.980785 0.140259 0.462719
v 0.980785 0.140259 0.154240
v 0.980785 0.140259 -0.154240
v 0.980785 0.140259 -0.462719
v 0.980785 0.140259 -0.771199
v 0.980785 0.140259 -1.079679
v 0.980785 0.140259 -1.388158
v 0.980785 0.140259 -1.696638
v 0.980785 0.140259 -2.005117
v 0.980785 0.140259 -2.313597
v 0.980785 0.140259 -2.622077
v 0.980785 0.140259 -2.930556
v 1.000000 -0.000000 2.930556
v 1.000000 -0.000000 2.622077
v 1.000000 -0.000000 2.313597
v 1.000000 -0.000000 2.005117
v 1.000000 -0.000000 1.696638
v 1.000000 -0.000000 1.388158
v 1.000000 -0.000000 1.079679
v 1.000000 -0.000000 0.771199
v 1.000000 -0.000000 0.462719
v 1.000000 -0.000000 0.154240
v 1.000000 0.000000 -0.154240
v 1.000000 0.000000 -0.462719
v 1.000000 0.000000 -0.771199
v 1.000000 0.000000 -1.079679
v 1.000000 0.000000 -1.388158
v 1.000000 0.000000 -1.696638
v 1.000000 0.000000 -2.005117
v 1.000000 0.000000 -2.313597
v 1.000000 0.000000 -2.622077
v 1.000000 0.000000 -2.930556
v 0.980785 -0.140259 2.930556
v 0.980785 -0.140259 2.622077
v 0.980785 -0.140259 2.313597
v 0.980785 -0.140259 2.005117
v 0.980785 -0.140259 1.696638
v 0.980785 -0.140259 1.388158
v 0.980785 -0.140259 1.079679
v 0.980785 -0.140259 0.771199
v 0.980785 -0.140259 0.462719
v 0.980785 -0.140259 0.154240
v 0.980785 -0.140259 -0.154240
v 0.980785 -0.140259 -0.462719
v 0.980785 -0.140259 -0.771199
v 0.980785 -0.140259 -1.079679
v 0.980785 -0.140259 -1.388158
v 0.980785 -0.140259 -1.696638
v 0.980785 -0.140259 -2.005117
v 0.980785 -0.140259 -2.313597
v 0.980785 -0.140259 -2.622077
v 0.980785 -0.140259 -2.930556
v 0.923879 -0.275128 2.930556
v 0.923879 -0.275128 2.622077
v 0.923879 -0.275128 2.313597
v 0.923879 -0.275128 2.005117
v 0.923879 -0.275128 1.696638
v 0.923879 -0.275128 1.388158
v 0.923879 -0.275128 1.079679
v 0.923879 -0.275128 0.771199
v 0.923879 -0.275128 0.462719
v 0.923879 -0.275128 0.154240
v 0.923879 -0.275128 -0.154240
v 0.923879 -0.275128 -0.462719
v 0.923879 -0.275128 -0.771199
v 0.923879 -0.275128 -1.079679
v 0.923879 -0.275128 -1.388158
v 0.923879 -0.275128 -1.696638
v 0.923879 -0.275128 -2.005117
v 0.923879 -0.275128 -2.313597
v 0.923879 -0.275128 -2.622077
v 0.923879 -0.275128 -2.930556
v 0.831470 -0.399424 2.930556
v 0.831470 -0.399424 2.622077
v 0.831470 -0.399424 2.313597
v 0.831470 -0.399424 2.005117
v 0.831470 -0.399424 1.696638
v 0.831470 -0.399424 1.388158
v 0.831470 -0.399424 1.079679
v 0.831470 -0.399424 0.771199
v 0.831470 -0.399424 0.462719
v 0.831470 -0.399424 0.154240
v 0.831470 -0.399424 -0.154240
v 0.831470 -0.399424 -0.462719
v 0.831470 -0.399424 -0.771199
v 0.831470 -0.399424 -1.079679
v 0.831470 -0.399424 -1.388158
v 0.831470 -0.399424 -1.696638
v 0.831470 -0.399424 -2.005117
v 0.831470 -0.399424 -2.313597
v 0.831470 -0.399423 -2.622077
v 0.831470 -0.399423 -2.930556
v 0.707107 -0.508370 2.930556
v 0.707107 -0.508370 2.622077
v 0.707107 -0.508370 2.313597
v 0.707107 -0.508370 2.005117
v 0.707107 -0.508370 1.696638
v 0.707107 -0.508370 1.388158
v 0.707107 -0.508370 1.079679
v 0.707107 -0.508370 0.771199
v 0.707107 -0.508370 0.462719
v 0.707107 -0.508370 0.154240
v 0.707107 -0.508370 -0.154240
v 0.707107 -0.508370 -0.462719
v 0.707107 -0.508370 -0.771199
v 0.707107 -0.508370 -1.079679
v 0.707107 -0.508370 -1.388158
v 0.707107 -0.508370 -1.696638
v 0.707107 -0.508370 -2.005117
v 0.707107 -0.508370 -2.313597
v 0.707107 -0.508370 -2.622077
v 0.707107 -0.508370 -2.930556
v 0.555570 -0.597780 2.930556
v 0.555570 -0.597780 2.622077
v 0.555570 -0.597780 2.313597
v 0.555570 -0.597780 2.005117
v 0.555570 -0.597780 1.696638
v 0.555570 -0.597780 1.388158
v 0.555570 -0.597780 1.079679
v 0.555570 -0.597780 0.771199
v 0.555570 -0.597780 0.462719
v 0.555570 -0.597780 0.154240
v 0.555570 -0.597780 -0.154240
v 0.555570 -0.597780 -0.462719
v 0.555570 -0.597780 -0.771199
v 0.555570 -0.597780 -1.079679
v 0.555570 -0.597780 -1.388158
v 0.555570 -0.597780 -1.696638
v 0.555570 -0.597780 -2.005117
v 0.555570 -0.597780 -2.313597
v 0.555570 -0.597780 -2.622077
v 0.555570 -0.597780 -2.930556
v 0.382683 -0.664217 2.930556
v 0.382683 -0.664217 2.622077
v 0.382683 -0.664217 2.313597
v 0.382683 -0.664217 2.005117
v 0.382683 -0.664217 1.696638
v 0.382683 -0.664217 1.388158
v 0.382683 -0.664217 1.079679
v 0.382683 -0.664217 0.771199
v 0.382683 -0.664217 0.462719
v 0.382683 -0.664217 0.154240
v 0.382683 -0.664217 -0.154240
v 0.382683 -0.664217 -0.462719
v 0.382683 -0.664217 -0.771199
v 0.382683 -0.664217 -1.079679
v 0.382683 -0.664217 -1.388158
v 0.382683 -0.664217 -1.696638
v 0.382683 -0.664217 -2.005117
v 0.382683 -0.664217 -2.313597
v 0.382683 -0.664217 -2.622077
v 0.382683 -0.664217 -2.930556
v 0.195090 -0.705129 2.930556
v 0.195090 -0.705129 2.622077
v 0.195090 -0.705129 2.313597
v 0.195090 -0.705129 2.005117
v 0.195090 -0.705129 1.696638
v 0.195090 -0.705129 1.388158
v 0.195090 -0.705129 1.079679
v 0.195090 -0.705129 0.771199
v 0.195090 -0.705129 0.462719
v 0.195090 -0.705129 0.154240
v 0.195090 -0.705129 -0.154240
v 0.195090 -0.705129 -0.462719
v 0.195090 -0.705129 -0.771199
v 0.195090 -0.705129 -1.079679
v 0.195090 -0.705129 -1.388158
v 0.195090 -0.705129 -1.696638
v 0.195090 -0.705129 -2.005117
v 0.195090 -0.705129 -2.313597
v 0.195090 -0.705129 -2.622077
v 0.195090 -0.705129 -2.930556
v 0.000000 -0.718944 2.930556
v 0.000000 -0.718944 2.622077
v 0.000000 -0.718944 2.313597
v 0.000000 -0.718944 2.005117
v 0.000000 -0.718944 1.696638
v 0.000000 -0.718944 1.388158
v 0.000000 -0.718944 1.079679
v 0.000000 -0.718944 0.771199
v 0.000000 -0.718943 0.462719
v 0.000000 -0.718943 0.154240
v 0.000000 -0.718943 -0.154240
v 0.000000 -0.718943 -0.462719
v 0.000000 -0.718943 -0.771199
v 0.000000 -0.718943 -1.079679
v 0.000000 -0.718943 -1.388158
v 0.000000 -0.718943 -1.696638
v 0.000000 -0.718943 -2.005117
v 0.000000 -0.718943 -2.313597
v 0.000000 -0.718943 -2.622077
v 0.000000 -0.718943 -2.930556
v -0.195090 -0.705129 2.930556
v -0.195090 -0.705129 2.622077
v -0.195090 -0.705129 2.313597
v -0.195090 -0.705129 2.005117
v -0.195090 -0.705129 1.696638
v -0.195090 -0.705129 1.388158
v -0.195090 -0.705129 1.079679
v -0.195090 -0.705129 0.771199
v -0.195090 -0.705129 0.462719
v -0.195090 -0.705129 0.154240
v -0.195090 -0.705129 -0.154240
v -0.195090 -0.705129 -0.462719
v -0.195090 -0.705129 -0.771199
v -0.195090 -0.705129 -1.079679
v -0.195090 -0.705129 -1.388158
v -0.195090 -0.705129 -1.696638
v -0.195090 -0.705129 -2.005117
v -0.195090 -0.705129 -2.313597
v -0.195090 -0.705129 -2.622077
v -0.195090 -0.705129 -2.930556
v -0.382683 -0.664217 2.930556
v -0.382683 -0.664217 2.622077
v -0.382683 -0.664217 2.313597
v -0.382683 -0.664217 2.005117
v -0.382683 -0.664217 1.696638
v -0.382683 -0.664217 1.388158
v -0.382683 -0.664217 1.079679
v -0.382683 -0.664217 0.771199
v -0.382683 -0.664217 0.462719
v -0.382683 -0.664217 0.154240
v -0.382683 -0.664217 -0.154240
v -0.382683 -0.664217 -0.462719
v -0.382683 -0.664217 -0.771199
v -0.382683 -0.664217 -1.079679
v -0.382683 -0.664217 -1.388158
v -0.382683 -0.664217 -1.696638
v -0.382683 -0.664217 -2.005117
v -0.382683 -0.664217 -2.313597
v -0.382683 -0.664217 -2.622077
v -0.382683 -0.664217 -2.930556
v -0.555570 -0.597780 2.930556
v -0.555570 -0.597780 2.622077
v -0.555570 -0.597780 2.313597
v -0.555570 -0.597780 2.005117
v -0.555570 -0.597780 1.696638
v -0.555570 -0.597780 1.388158
v -0.555570 -0.597780 1.079679
v -0.555570 -0.597780 0.771199
v -0.555570 -0.597780 0.462719
v -0.555570 -0.597780 0.154240
v -0.555570 -0.597780 -0.154240
v -0.555570 -0.597780 -0.462719
v -0.555570 -0.597780 -0.771199
v -0.555570 -0.597780 -1.079679
v -0.555570 -0.597780 -1.388158
v -0.555570 -0.597780 -1.696638
v -0.555570 -0.597780 -2.005117
v -0.555570 -0.597780 -2.313597
v -0.555570 -0.597780 -2.622077
v -0.555570 -0.597780 -2.930556
v -0.707107 -0.508370 2.930556
v -0.707107 -0.508370 2.622077
v -0.707107 -0.508370 2.313597
v -0.707107 -0.508370 2.005117
v -0.707107 -0.508370 1.696638
v -0.707107 -0.508370 1.388158
v -0.707107 -0.508370 1.079679
v -0.707107 -0.508370 0.771199
v -0.707107 -0.508370 0.462719
v -0.707107 -0.508370 0.154240
v -0.707107 -0.508370 -0.154240
v -0.707107 -0.508370 -0.462719
v -0.707107 -0.508370 -0.771199
v -0.707107 -0.508370 -1.079679
v -0.707107 -0.508370 -1.388158
v -0.707107 -0.508370 -1.696638
v -0.707107 -0.508370 -2.005117
v -0.707107 -0.508370 -2.313597
v -0.707107 -0.508370 -2.622077
v -0.707107 -0.508370 -2.930556
v -0.831470 -0.399424 2.930556
v -0.831470 -0.399424 2.622077
v -0.831470 -0.399424 2.313597
v -0.831470 -0.399424 2.005117
v -0.831470 -0.399424 1.696638
v -0.831470 -0.399424 1.388158
v -0.831470 -0.399424 1.079679
v -0.831470 -0.399424 0.771199
v -0.831470 -0.399424 0.462719
v -0.831470 -0.399424 0.154240
v -0.831470 -0.399424 -0.154240
v -0.831470 -0.399424 -0.462719
v -0.831470 -0.399424 -0.771199
v -0.831470 -0.399424 -1.079679
v -0.831470 -0.399424 -1.388158
v -0.831470 -0.399424 -1.696638
v -0.831470 -0.399424 -2.005117
v -0.831470 -0.399424 -2.313597
v -0.831470 -0.399423 -2.622077
v -0.831470 -0.399423 -2.930556
v -0.923879 -0.275128 2.930556
v -0.923879 -0.275128 2.622077
v -0.923879 -0.275128 2.313597
v -0.923879 -0.275128 2.005117
v -0.923879 -0.275128 1.696638
v -0.923879 -0.275128 1.388158
v -0.923879 -0.275128 1.079679
v -0.923879 -0.275128 0.771199
v -0.923879 -0.275128 0.462719
v -0.923879 -0.275128 0.154240
v -0.923879 -0.275128 -0.154240
v -0.923879 -0.275128 -0.462719
v -0.923879 -0.275128 -0.771199
v -0.923879 -0.275128 -1.079679
v -0.923879 -0.275128 -1.388158
v -0.923879 -0.275128 -1.696638
v -0.923879 -0.275128 -2.005117
v -0.923879 -0.275128 -2.313597
v -0.923879 -0.275128 -2.622077
v -0.923879 -0.275128 -2.930556
v -0.980785 -0.140259 2.930556
v -0.980785 -0.140259 2.622077
v -0.980785 -0.140259 2.313597
v -0.980785 -0.140259 2.005117
v -0.980785 -0.140259 1.696638
v -0.980785 -0.140259 1.388158
v -0.980785 -0.140259 1.079679
v -0.980785 -0.140259 0.771199
v -0.980785 -0.140259 0.462719
v -0.980785 -0.140259 0.154240
v -0.980785 -0.140259 -0.154240
v -0.980785 -0.140259 -0.462719
v -0.980785 -0.140259 -0.771199
v -0.980785 -0.140259 -1.079679
v -0.980785 -0.140259 -1.388158
v -0.980785 -0.140259 -1.696638
v -0.980785 -0.140259 -2.005117
v -0.980785 -0.140259 -2.313597
v -0.980785 -0.140259 -2.622077
v -0.980785 -0.140259 -2.930556
v -1.000000 -0.000000 2.930556
v -1.000000 -0.000000 2.622077
v -1.000000 -0.000000 2.313597
v -1.000000 -0.000000 2.005117
v -1.000000 -0.000000 1.696638
v -1.000000 -0.000000 1.388158
v -1.000000 -0.000000 1.079679
v -1.000000 -0.000000 0.771199
v -1.000000 -0.000000 0.462719
v -1.000000 -0.000000 0.154240
v -1.000000 0.000000 -0.154240
v -1.000000 0.000000 -0.462719
v -1.000000 0.000000 -0.771199
v -1.000000 0.000000 -1.079679
v -1.000000 0.000000 -1.388158
v -1.000000 0.000000 -1.696638
v -1.000000 0.000000 -2.005117
v -1.000000 0.000000 -2.313597
v -1.000000 0.000000 -2.622077
v -1.000000 0.000000 -2.930556
v -0.980785 0.140259 2.930556
v -0.980785 0.140259 2.622077
v -0.980785 0.140259 2.313597
v -0.980785 0.140259 2.005117
v -0.980785 0.140259 1.696638
v -0.980785 0.140259 1.388158
v -0.980785 0.140259 1.079679
v -0.980785 0.140259 0.771199
v -0.980785 0.140259 0.462719
v -0.980785 0.140259 0.154240
v -0.980785 0.140259 -0.154240
v -0.980785 0.140259 -0.462719
v -0.980785 0.140259 -0.771199
v -0.980785 0.140259 -1.079679
v -0.980785 0.140259 -1.388158
v -0.980785 0.140259 -1.696638
v -0.980785 0.140259 -2.005117
v -0.980785 0.140259 -2.313597
v -0.980785 0.140259 -2.622077
v -0.980785 0.140259 -2.930556
v -0.923879 0.275128 2.930556
v -0.923879 0.275128 2.622077
v -0.923879 0.275128 2.313597
v -0.923879 0.275128 2.005117
v -0.923879 0.275128 1.696638
v -0.923879 0.275128 1.388158
v -0.923879 0.275128 1.079679
v -0.923879 0.275128 0.771199
v -0.923879 0.275128 0.462719
v -0.923879 0.275128 0.154240
v -0.923879 0.275128 -0.154240
v -0.923879 0.275128 -0.462719
v -0.923879 0.275128 -0.771199
v -0.923879 0.275128 -1.079679
v -0.923879 0.275128 -1.388158
v -0.923879 0.275128 -1.696638
v -0.923879 0.275128 -2.005117
v -0.923879 0.275128 -2.313597
v -0.923879 0.275128 -2.622077
v -0.923879 0.275128 -2.930556
v -0.831470 0.399423 2.930556
v -0.831470 0.399423 2.622077
v -0.831470 0.399424 2.313597
v -0.831470 0.399424 2.005117
v -0.831470 0.399424 1.696638
v -0.831470 0.399424 1.388158
v -0.831470 0.399424 1.079679
v -0.831470 0.399424 0.771199
v -0.831470 0.399424 0.462720
v -0.831470 0.399424 0.154240
v -0.831470 0.399424 -0.154240
v -0.831470 0.399424 -0.462719
v -0.831470 0.399424 -0.771199
v -0.831470 0.399424 -1.079679
v -0.831470 0.399424 -1.388158
v -0.831470 0.399424 -1.696638
v -0.831470 0.399424 -2.005117
v -0.831470 0.399424 -2.313597
v -0.831470 0.399424 -2.622077
v -0.831470 0.399424 -2.930556
v -0.707107 0.508370 2.930556
v -0.707107 0.508370 2.622077
v -0.707107 0.508370 2.313597
v -0.707107 0.508370 2.005117
v -0.707107 0.508370 1.696638
v -0.707107 0.508370 1.388158
v -0.707107 0.508370 1.079679
v -0.707107 0.508370 0.771199
v -0.707107 0.508370 0.462720
v -0.707107 0.508370 0.154240
v -0.707107 0.508370 -0.154240
v -0.707107 0.508370 -0.462719
v -0.707107 0.508370 -0.771199
v -0.707107 0.508370 -1.079679
v -0.707107 0.508370 -1.388158
v -0.707107 0.508370 -1.696638
v -0.707107 0.508370 -2.005117
v -0.707107 0.508370 -2.313597
v -0.707107 0.508370 -2.622077
v -0.707107 0.508370 -2.930556
v -0.555570 0.597780 2.930556
v -0.555570 0.597780 2.622077
v -0.555570 0.597780 2.313597
v -0.555570 0.597780 2.005117
v -0.555570 0.597780 1.696638
v -0.555570 0.597780 1.388158
v -0.555570 0.597780 1.079679
v -0.555570 0.597780 0.771199
v -0.555570 0.597780 0.462720
v -0.555570 0.597780 0.154240
v -0.555570 0.597780 -0.154240
v -0.555570 0.597780 -0.462719
v -0.555570 0.597780 -0.771199
v -0.555570 0.597780 -1.079679
v -0.555570 0.597780 -1.388158
v -0.555570 0.597780 -1.696638
v -0.555570 0.597780 -2.005117
v -0.555570 0.597780 -2.313597
v -0.555570 0.597780 -2.622077
v -0.555570 0.597780 -2.930556
v -0.382683 0.664217 2.930556
v -0.382683 0.664217 2.622077
v -0.382683 0.664217 2.313597
v -0.382683 0.664217 2.005117
v -0.382683 0.664217 1.696638
v -0.382683 0.664217 1.388158
v -0.382683 0.664217 1.079679
v -0.382683 0.664217 0.771199
v -0.382683 0.664217 0.462720
v -0.382683 0.664217 0.154240
v -0.382683 0.664217 -0.154240
v -0.382683 0.664217 -0.462719
v -0.382683 0.664217 -0.771199
v -0.382683 0.664217 -1.079679
v -0.382683 0.664217 -1.388158
v -0.382683 0.664217 -1.696638
v -0.382683 0.664217 -2.005117
v -0.382683 0.664217 -2.313597
v -0.382683 0.664217 -2.622077
v -0.382683 0.664217 -2.930556
v -0.195090 0.705129 2.930556
v -0.195090 0.705129 2.622077
v -0.195090 0.705129 2.313597
v -0.195090 0.705129 2.005117
v -0.195090 0.705129 1.696638
v -0.195090 0.705129 1.388158
v -0.195090 0.705129 1.079679
v -0.195090 0.705129 0.771199
v -0.195090 0.705129 0.462720
v -0.195090 0.705129 0.154240
v -0.195090 0.705129 -0.154240
v -0.195090 0.705129 -0.462719
v -0.195090 0.705129 -0.771199
v -0.195090 0.705129 -1.079679
v -0.195090 0.705129 -1.388158
v -0.195090 0.705129 -1.696638
v -0.195090 0.705129 -2.005117
v -0.195090 0.705129 -2.313597
v -0.195090 0.705129 -2.622077
v -0.195090 0.705129 -2.930556
v -0.751243 0.360884 3.239036
v -0.501965 0.540101 3.239036
v -0.638880 0.459319 3.239036
v -0.176267 0.637093 3.239036
v -0.345759 0.600129 3.239036
v 0.176267 0.637093 3.239036
v 0.000000 0.649575 3.239036
v -0.903513 -0.000000 3.239036
v -0.886152 0.126726 3.239036
v -0.886152 -0.126726 3.239036
v -0.751243 -0.360885 3.239036
v -0.501965 -0.540102 3.239036
v -0.638880 -0.459319 3.239036
v -0.834737 -0.248582 3.239036
v -0.176267 -0.637093 3.239036
v 0.176267 -0.637093 3.239036
v 0.000000 -0.649575 3.239036
v 0.638880 -0.459319 3.239036
v 0.501965 -0.540102 3.239036
v 0.751243 -0.360885 3.239036
v 0.345759 -0.600129 3.239036
v 0.501965 0.540101 3.239036
v 0.751243 0.360884 3.239036
v 0.638880 0.459319 3.239036
v 0.903513 -0.000000 3.239036
v 0.886152 -0.126726 3.239036
v 0.886152 0.126726 3.239036
v 0.834737 0.248581 3.239036
v -0.834737 0.248581 3.239036
v -0.345759 -0.600129 3.239036
v 0.834737 -0.248582 3.239036
v 0.345759 0.600129 3.239036
v 0.000000 0.649575 -2.697992
v 0.000000 0.649575 -2.671267
v 0.000000 0.649575 -1.930955
v 0.000000 0.649575 -1.904230
v 0.000000 0.649575 -1.163918
v 0.000000 0.649575 -1.137193
v 0.000000 0.649575 -0.396881
v 0.000000 0.649575 -0.370156
v 0.000000 0.649575 0.370156
v 0.000000 0.649575 0.396881
v 0.000000 0.649575 1.137192
v 0.000000 0.649575 1.163918
v 0.000000 0.649575 1.904229
v 0.000000 0.649575 1.930954
v 0.000000 0.649575 2.671266
v 0.000000 0.649575 2.697991
v 0.176267 0.637093 2.697992
v 0.176267 0.637093 2.671267
v 0.176267 0.637093 1.930955
v 0.176267 0.637093 1.904230
v 0.176267 0.637093 1.163918
v 0.176267 0.637093 1.137193
v 0.176267 0.637093 0.396881
v 0.176267 0.637093 0.370156
v 0.176267 0.637093 -0.370156
v 0.176267 0.637093 -0.396881
v 0.176267 0.637093 -1.137192
v 0.176267 0.637093 -1.163918
v 0.176267 0.637093 -1.904229
v 0.176267 0.637093 -1.930954
v 0.176267 0.637093 -2.671266
v 0.176267 0.637093 -2.697991
v 0.345759 0.600129 2.697992
v 0.345759 0.600129 2.671267
v 0.345759 0.600129 1.930955
v 0.345759 0.600129 1.904230
v 0.345759 0.600129 1.163918
v 0.345759 0.600129 1.137193
v 0.345759 0.600129 0.396881
v 0.345759 0.600129 0.370156
v 0.345759 0.600129 -0.370156
v 0.345759 0.600129 -0.396881
v 0.345759 0.600129 -1.137192
v 0.345759 0.600129 -1.163918
v 0.345759 0.600129 -1.904229
v 0.345759 0.600129 -1.930954
v 0.345759 0.600129 -2.671266
v 0.345759 0.600129 -2.697991
v 0.501965 0.540101 2.697992
v 0.501965 0.540101 2.671267
v 0.501965 0.540102 1.930955
v 0.501965 0.540102 1.904230
v 0.501965 0.540102 1.163918
v 0.501965 0.540102 1.137193
v 0.501965 0.540102 0.396881
v 0.501965 0.540102 0.370156
v 0.501965 0.540102 -0.370156
v 0.501965 0.540102 -0.396881
v 0.501965 0.540102 -1.137192
v 0.501965 0.540102 -1.163918
v 0.501965 0.540102 -1.904229
v 0.501965 0.540102 -1.930954
v 0.501965 0.540102 -2.671266
v 0.501965 0.540102 -2.697991
v 0.638880 0.459319 2.697992
v 0.638880 0.459319 2.671267
v 0.638880 0.459319 1.930955
v 0.638880 0.459319 1.904230
v 0.638880 0.459319 1.163918
v 0.638880 0.459319 1.137193
v 0.638880 0.459319 0.396881
v 0.638880 0.459319 0.370156
v 0.638880 0.459319 -0.370156
v 0.638880 0.459319 -0.396881
v 0.638880 0.459319 -1.137192
v 0.638880 0.459319 -1.163918
v 0.638880 0.459319 -1.904229
v 0.638880 0.459319 -1.930954
v 0.638880 0.459319 -2.671266
v 0.638880 0.459319 -2.697991
v 0.751243 0.360884 2.697992
v 0.751243 0.360884 2.671267
v 0.751243 0.360884 1.930955
v 0.751243 0.360884 1.904230
v 0.751243 0.360884 1.163918
v 0.751243 0.360884 1.137193
v 0.751243 0.360884 0.396881
v 0.751243 0.360884 0.370156
v 0.751243 0.360884 -0.370156
v 0.751243 0.360884 -0.396881
v 0.751243 0.360884 -1.137192
v 0.751243 0.360884 -1.163918
v 0.751243 0.360884 -1.904229
v 0.751243 0.360884 -1.930954
v 0.751243 0.360884 -2.671266
v 0.751243 0.360884 -2.697991
v 0.834737 0.248581 2.697992
v 0.834737 0.248581 2.671267
v 0.834737 0.248581 1.930955
v 0.834737 0.248581 1.904230
v 0.834737 0.248581 1.163918
v 0.834737 0.248581 1.137193
v 0.834737 0.248581 0.396881
v 0.834737 0.248581 0.370156
v 0.834737 0.248581 -0.370156
v 0.834737 0.248581 -0.396881
v 0.834737 0.248582 -1.137192
v 0.834737 0.248582 -1.163918
v 0.834737 0.248582 -1.904229
v 0.834737 0.248582 -1.930954
v 0.834737 0.248582 -2.671266
v 0.834737 0.248582 -2.697991
v 0.886152 0.126726 2.697992
v 0.886152 0.126726 2.671267
v 0.886152 0.126726 1.930955
v 0.886152 0.126726 1.904230
v 0.886152 0.126726 1.163918
v 0.886152 0.126726 1.137193
v 0.886152 0.126726 0.396881
v 0.886152 0.126726 0.370156
v 0.886152 0.126726 -0.370156
v 0.886152 0.126726 -0.396881
v 0.886152 0.126726 -1.137192
v 0.886152 0.126726 -1.163918
v 0.886152 0.126726 -1.904229
v 0.886152 0.126726 -1.930954
v 0.886152 0.126726 -2.671266
v 0.886152 0.126726 -2.697991
v 0.903513 -0.000000 2.697992
v 0.903513 -0.000000 2.671267
v 0.903513 -0.000000 1.930955
v 0.903513 -0.000000 1.904230
v 0.903513 -0.000000 1.163918
v 0.903513 -0.000000 1.137193
v 0.903513 -0.000000 0.396881
v 0.903513 -0.000000 0.370156
v 0.903513 0.000000 -0.370156
v 0.903513 0.000000 -0.396881
v 0.903513 0.000000 -1.137192
v 0.903513 0.000000 -1.163918
v 0.903513 0.000000 -1.904229
v 0.903513 0.000000 -1.930954
v 0.903513 0.000000 -2.671266
v 0.903513 0.000000 -2.697991
v 0.886152 -0.126726 2.697992
v 0.886152 -0.126726 2.671267
v 0.886152 -0.126726 1.930955
v 0.886152 -0.126726 1.904230
v 0.886152 -0.126726 1.163918
v 0.886152 -0.126726 1.137193
v 0.886152 -0.126726 0.396881
v 0.886152 -0.126726 0.370156
v 0.886152 -0.126726 -0.370156
v 0.886152 -0.126726 -0.396881
v 0.886152 -0.126726 -1.137192
v 0.886152 -0.126726 -1.163918
v 0.886152 -0.126726 -1.904229
v 0.886152 -0.126726 -1.930954
v 0.886152 -0.126726 -2.671266
v 0.886152 -0.126726 -2.697991
v 0.834737 -0.248582 2.697992
v 0.834737 -0.248582 2.671267
v 0.834737 -0.248582 1.930955
v 0.834737 -0.248582 1.904230
v 0.834737 -0.248582 1.163918
v 0.834737 -0.248582 1.137193
v 0.834737 -0.248581 0.396881
v 0.834737 -0.248581 0.370156
v 0.834737 -0.248581 -0.370156
v 0.834737 -0.248581 -0.396881
v 0.834737 -0.248581 -1.137192
v 0.834737 -0.248581 -1.163918
v 0.834737 -0.248581 -1.904229
v 0.834737 -0.248581 -1.930954
v 0.834737 -0.248581 -2.671266
v 0.834737 -0.248581 -2.697991
v 0.751243 -0.360884 2.697992
v 0.751243 -0.360884 2.671267
v 0.751243 -0.360884 1.930955
v 0.751243 -0.360884 1.904230
v 0.751243 -0.360884 1.163918
v 0.751243 -0.360884 1.137193
v 0.751243 -0.360884 0.396881
v 0.751243 -0.360884 0.370156
v 0.751243 -0.360884 -0.370156
v 0.751243 -0.360884 -0.396881
v 0.751243 -0.360884 -1.137192
v 0.751243 -0.360884 -1.163918
v 0.751243 -0.360884 -1.904229
v 0.751243 -0.360884 -1.930954
v 0.751243 -0.360884 -2.671266
v 0.751243 -0.360884 -2.697991
v 0.638880 -0.459319 2.697992
v 0.638880 -0.459319 2.671267
v 0.638880 -0.459319 1.930955
v 0.638880 -0.459319 1.904230
v 0.638880 -0.459319 1.163918
v 0.638880 -0.459319 1.137193
v 0.638880 -0.459319 0.396881
v 0.638880 -0.459319 0.370156
v 0.638880 -0.459319 -0.370156
v 0.638880 -0.459319 -0.396881
v 0.638880 -0.459319 -1.137192
v 0.638880 -0.459319 -1.163918
v 0.638880 -0.459319 -1.904229
v 0.638880 -0.459319 -1.930954
v 0.638880 -0.459319 -2.671266
v 0.638880 -0.459319 -2.697991
v 0.501965 -0.540102 2.697992
v 0.501965 -0.540102 2.671267
v 0.501965 -0.540102 1.930955
v 0.501965 -0.540102 1.904230
v 0.501965 -0.540102 1.163918
v 0.501965 -0.540102 1.137193
v 0.501965 -0.540102 0.396881
v 0.501965 -0.540102 0.370156
v 0.501965 -0.540102 -0.370156
v 0.501965 -0.540102 -0.396881
v 0.501965 -0.540102 -1.137192
v 0.501965 -0.540102 -1.163918
v 0.501965 -0.540102 -1.904229
v 0.501965 -0.540102 -1.930954
v 0.501965 -0.540101 -2.671266
v 0.501965 -0.540101 -2.697991
v 0.345759 -0.600129 2.697992
v 0.345759 -0.600129 2.671267
v 0.345759 -0.600129 1.930955
v 0.345759 -0.600129 1.904230
v 0.345759 -0.600129 1.163918
v 0.345759 -0.600129 1.137193
v 0.345759 -0.600129 0.396881
v 0.345759 -0.600129 0.370156
v 0.345759 -0.600129 -0.370156
v 0.345759 -0.600129 -0.396881
v 0.345759 -0.600129 -1.137192
v 0.345759 -0.600129 -1.163918
v 0.345759 -0.600129 -1.904229
v 0.345759 -0.600129 -1.930954
v 0.345759 -0.600129 -2.671266
v 0.345759 -0.600129 -2.697991
v 0.176267 -0.637093 2.697992
v 0.176267 -0.637093 2.671267
v 0.176267 -0.637093 1.930955
v 0.176267 -0.637093 1.904230
v 0.176267 -0.637093 1.163918
v 0.176267 -0.637093 1.137193
v 0.176267 -0.637093 0.396881
v 0.176267 -0.637093 0.370156
v 0.176267 -0.637093 -0.370156
v 0.176267 -0.637093 -0.396881
v 0.176267 -0.637093 -1.137192
v 0.176267 -0.637093 -1.163918
v 0.176267 -0.637093 -1.904229
v 0.176267 -0.637093 -1.930954
v 0.176267 -0.637093 -2.671266
v 0.176267 -0.637093 -2.697991
v 0.000000 -0.649575 2.697992
v 0.000000 -0.649575 2.671267
v 0.000000 -0.649575 1.930955
v 0.000000 -0.649575 1.904230
v 0.000000 -0.649575 1.163918
v 0.000000 -0.649575 1.137193
v 0.000000 -0.649575 0.396881
v 0.000000 -0.649575 0.370156
v 0.000000 -0.649575 -0.370156
v 0.000000 -0.649575 -0.396881
v 0.000000 -0.649575 -1.137192
v 0.000000 -0.649575 -1.163918
v 0.000000 -0.649575 -1.904229
v 0.000000 -0.649575 -1.930954
v 0.000000 -0.649575 -2.671266
v 0.000000 -0.649575 -2.697991
v -0.176267 -0.637093 2.697992
v -0.176267 -0.637093 2.671267
v -0.176267 -0.637093 1.930955
v -0.176267 -0.637093 1.904230
v -0.176267 -0.637093 1.163918
v -0.176267 -0.637093 1.137193
v -0.176267 -0.637093 0.396881
v -0.176267 -0.637093 0.370156
v -0.176267 -0.637093 -0.370156
v -0.176267 -0.637093 -0.396881
v -0.176267 -0.637093 -1.137192
v -0.176267 -0.637093 -1.163918
v -0.176267 -0.637093 -1.904229
v -0.176267 -0.637093 -1.930954
v -0.176267 -0.637093 -2.671266
v -0.176267 -0.637093 -2.697991
v -0.345759 -0.600129 2.697992
v -0.345759 -0.600129 2.671267
v -0.345759 -0.600129 1.930955
v -0.345759 -0.600129 1.904230
v -0.345759 -0.600129 1.163918
v -0.345759 -0.600129 1.137193
v -0.345759 -0.600129 0.396881
v -0.345759 -0.600129 0.370156
v -0.345759 -0.600129 -0.370156
v -0.345759 -0.600129 -0.396881
v -0.345759 -0.600129 -1.137192
v -0.345759 -0.600129 -1.163918
v -0.345759 -0.600129 -1.904229
v -0.345759 -0.600129 -1.930954
v -0.345759 -0.600129 -2.671266
v -0.345759 -0.600129 -2.697991
v -0.501965 -0.540102 2.697992
v -0.501965 -0.540102 2.671267
v -0.501965 -0.540102 1.930955
v -0.501965 -0.540102 1.904230
v -0.501965 -0.540102 1.163918
v -0.501965 -0.540102 1.137193
v -0.501965 -0.540102 0.396881
v -0.501965 -0.540102 0.370156
v -0.501965 -0.540102 -0.370156
v -0.501965 -0.540102 -0.396881
v -0.501965 -0.540102 -1.137192
v -0.501965 -0.540102 -1.163918
v -0.501965 -0.540102 -1.904229
v -0.501965 -0.540102 -1.930954
v -0.501965 -0.540101 -2.671266
v -0.501965 -0.540101 -2.697991
v -0.638880 -0.459319 2.697992
v -0.638880 -0.459319 2.671267
v -0.638880 -0.459319 1.930955
v -0.638880 -0.459319 1.904230
v -0.638880 -0.459319 1.163918
v -0.638880 -0.459319 1.137193
v -0.638880 -0.459319 0.396881
v -0.638880 -0.459319 0.370156
v -0.638880 -0.459319 -0.370156
v -0.638880 -0.459319 -0.396881
v -0.638880 -0.459319 -1.137192
v -0.638880 -0.459319 -1.163918
v -0.638880 -0.459319 -1.904229
v -0.638880 -0.459319 -1.930954
v -0.638880 -0.459319 -2.671266
v -0.638880 -0.459319 -2.697991
v -0.751243 -0.360884 2.697992
v -0.751243 -0.360884 2.671267
v -0.751243 -0.360884 1.930955
v -0.751243 -0.360884 1.904230
v -0.751243 -0.360884 1.163918
v -0.751243 -0.360884 1.137193
v -0.751243 -0.360884 0.396881
v -0.751243 -0.360884 0.370156
v -0.751243 -0.360884 -0.370156
v -0.751243 -0.360884 -0.396881
v -0.751243 -0.360884 -1.137192
v -0.751243 -0.360884 -1.163918
v -0.751243 -0.360884 -1.904229
v -0.751243 -0.360884 -1.930954
v -0.751243 -0.360884 -2.671266
v -0.751243 -0.360884 -2.697991
v -0.834737 -0.248582 2.697992
v -0.834737 -0.248582 2.671267
v -0.834737 -0.248582 1.930955
v -0.834737 -0.248582 1.904230
v -0.834737 -0.248582 1.163918
v -0.834737 -0.248582 1.137193
v -0.834737 -0.248581 0.396881
v -0.834737 -0.248581 0.370156
v -0.834737 -0.248581 -0.370156
v -0.834737 -0.248581 -0.396881
v -0.834737 -0.248581 -1.137192
v -0.834737 -0.248581 -1.163918
v -0.834737 -0.248581 -1.904229
v -0.834737 -0.248581 -1.930954
v -0.834737 -0.248581 -2.671266
v -0.834737 -0.248581 -2.697991
v -0.886152 -0.126726 2.697992
v -0.886152 -0.126726 2.671267
v -0.886152 -0.126726 1.930955
v -0.886152 -0.126726 1.904230
v -0.886152 -0.126726 1.163918
v -0.886152 -0.126726 1.137193
v -0.886152 -0.126726 0.396881
v -0.886152 -0.126726 0.370156
v -0.886152 -0.126726 -0.370156
v -0.886152 -0.126726 -0.396881
v -0.886152 -0.126726 -1.137192
v -0.886152 -0.126726 -1.163918
v -0.886152 -0.126726 -1.904229
v -0.886152 -0.126726 -1.930954
v -0.886152 -0.126726 -2.671266
v -0.886152 -0.126726 -2.697991
v -0.903513 -0.000000 2.697992
v -0.903513 -0.000000 2.671267
v -0.903513 -0.000000 1.930955
v -0.903513 -0.000000 1.904230
v -0.903513 -0.000000 1.163918
v -0.903513 -0.000000 1.137193
v -0.903513 -0.000000 0.396881
v -0.903513 -0.000000 0.370156
v -0.903513 0.000000 -0.370156
v -0.903513 0.000000 -0.396881
v -0.903513 0.000000 -1.137192
v -0.903513 0.000000 -1.163918
v -0.903513 0.000000 -1.904229
v -0.903513 0.000000 -1.930954
v -0.903513 0.000000 -2.671266
v -0.903513 0.000000 -2.697991
v -0.886152 0.126726 2.697992
v -0.886152 0.126726 2.671267
v -0.886152 0.126726 1.930955
v -0.886152 0.126726 1.904230
v -0.886152 0.126726 1.163918
v -0.886152 0.126726 1.137193
v -0.886152 0.126726 0.396881
v -0.886152 0.126726 0.370156
v -0.886152 0.126726 -0.370156
v -0.886152 0.126726 -0.396881
v -0.886152 0.126726 -1.137192
v -0.886152 0.126726 -1.163918
v -0.886152 0.126726 -1.904229
v -0.886152 0.126726 -1.930954
v -0.886152 0.126726 -2.671266
v -0.886152 0.126726 -2.697991
v -0.834737 0.248581 2.697992
v -0.834737 0.248581 2.671267
v -0.834737 0.248581 1.930955
v -0.834737 0.248581 1.904230
v -0.834737 0.248581 1.163918
v -0.834737 0.248581 1.137193
v -0.834737 0.248581 0.396881
v -0.834737 0.248581 0.370156
v -0.834737 0.248581 -0.370156
v -0.834737 0.248581 -0.396881
v -0.834737 0.248582 -1.137192
v -0.834737 0.248582 -1.163918
v -0.834737 0.248582 -1.904229
v -0.834737 0.248582 -1.930954
v -0.834737 0.248582 -2.671266
v -0.834737 0.248582 -2.697991
v -0.751243 0.360884 2.697992
v -0.751243 0.360884 2.671267
v -0.751243 0.360884 1.930955
v -0.751243 0.360884 1.904230
v -0.751243 0.360884 1.163918
v -0.751243 0.360884 1.137193
v -0.751243 0.360884 0.396881
v -0.751243 0.360884 0.370156
v -0.751243 0.360884 -0.370156
v -0.751243 0.360884 -0.396881
v -0.751243 0.360884 -1.137192
v -0.751243 0.360884 -1.163918
v -0.751243 0.360884 -1.904229
v -0.751243 0.360884 -1.930954
v -0.751243 0.360884 -2.671266
v -0.751243 0.360884 -2.697991
v -0.638880 0.459319 2.697992
v -0.638880 0.459319 2.671267
v -0.638880 0.459319 1.930955
v -0.638880 0.459319 1.904230
v -0.638880 0.459319 1.163918
v -0.638880 0.459319 1.137193
v -0.638880 0.459319 0.396881
v -0.638880 0.459319 0.370156
v -0.638880 0.459319 -0.370156
v -0.638880 0.459319 -0.396881
v -0.638880 0.459319 -1.137192
v -0.638880 0.459319 -1.163918
v -0.638880 0.459319 -1.904229
v -0.638880 0.459319 -1.930954
v -0.638880 0.459319 -2.671266
v -0.638880 0.459319 -2.697991
v -0.501965 0.540101 2.697992
v -0.501965 0.540101 2.671267
v -0.501965 0.540102 1.930955
v -0.501965 0.540102 1.904230
v -0.501965 0.540102 1.163918
v -0.501965 0.540102 1.137193
v -0.501965 0.540102 0.396881
v -0.501965 0.540102 0.370156
v -0.501965 0.540102 -0.370156
v -0.501965 0.540102 -0.396881
v -0.501965 0.540102 -1.137192
v -0.501965 0.540102 -1.163918
v -0.501965 0.540102 -1.904229
v -0.501965 0.540102 -1.930954
v -0.501965 0.540102 -2.671266
v -0.501965 0.540102 -2.697991
v -0.345759 0.600129 2.697992
v -0.345759 0.600129 2.671267
v -0.345759 0.600129 1.930955
v -0.345759 0.600129 1.904230
v -0.345759 0.600129 1.163918
v -0.345759 0.600129 1.137193
v -0.345759 0.600129 0.396881
v -0.345759 0.600129 0.370156
v -0.345759 0.600129 -0.370156
v -0.345759 0.600129 -0.396881
v -0.345759 0.600129 -1.137192
v -0.345759 0.600129 -1.163918
v -0.345759 0.600129 -1.904229
v -0.345759 0.600129 -1.930954
v -0.345759 0.600129 -2.671266
v -0.345759 0.600129 -2.697991
v -0.176267 0.637093 2.697992
v -0.176267 0.637093 2.671267
v -0.176267 0.637093 1.930955
v -0.176267 0.637093 1.904230
v -0.176267 0.637093 1.163918
v -0.176267 0.637093 1.137193
v -0.176267 0.637093 0.396881
v -0.176267 0.637093 0.370156
v -0.176267 0.637093 -0.370156
v -0.176267 0.637093 -0.396881
v -0.176267 0.637093 -1.137192
v -0.176267 0.637093 -1.163918
v -0.176267 0.637093 -1.904229
v -0.176267 0.637093 -1.930954
v -0.176267 0.637093 -2.671266
v -0.176267 0.637093 -2.697991
v 0.000000 0.639352 -2.697992
v 0.000000 0.639352 -2.671267
v -0.173492 0.627067 -2.671266
v -0.173492 0.627067 -2.697991
v 0.000000 0.639351 -1.930955
v 0.000000 0.639351 -1.904230
v -0.173492 0.627066 -1.904229
v -0.173492 0.627066 -1.930954
v 0.000000 0.639351 -1.163918
v 0.000000 0.639351 -1.137193
v -0.173492 0.627066 -1.137192
v -0.173492 0.627066 -1.163918
v 0.000000 0.639351 -0.396881
v 0.000000 0.639351 -0.370156
v -0.173492 0.627066 -0.370156
v -0.173492 0.627066 -0.396881
v 0.000000 0.639351 0.370156
v 0.000000 0.639351 0.396881
v -0.173492 0.627066 0.396881
v -0.173492 0.627066 0.370156
v 0.000000 0.639351 1.137192
v 0.000000 0.639351 1.163918
v -0.173492 0.627066 1.163918
v -0.173492 0.627066 1.137193
v 0.000000 0.639351 1.904229
v 0.000000 0.639351 1.930954
v -0.173492 0.627066 1.930955
v -0.173492 0.627066 1.904230
v 0.000000 0.639351 2.671266
v 0.000000 0.639351 2.697991
v -0.173492 0.627066 2.697992
v -0.173492 0.627066 2.671267
v -0.340318 0.590684 -2.671266
v -0.340318 0.590684 -2.697991
v -0.340318 0.590684 -1.904229
v -0.340318 0.590684 -1.930954
v -0.340318 0.590684 -1.137192
v -0.340318 0.590684 -1.163918
v -0.340318 0.590684 -0.370156
v -0.340318 0.590684 -0.396881
v -0.340318 0.590684 0.396881
v -0.340318 0.590684 0.370156
v -0.340318 0.590684 1.163918
v -0.340318 0.590684 1.137193
v -0.340318 0.590684 1.930955
v -0.340318 0.590684 1.904230
v -0.340318 0.590684 2.697992
v -0.340318 0.590684 2.671267
v -0.494065 0.531601 -2.671266
v -0.494065 0.531601 -2.697991
v -0.494065 0.531601 -1.904229
v -0.494065 0.531601 -1.930954
v -0.494065 0.531601 -1.137192
v -0.494065 0.531601 -1.163918
v -0.494065 0.531601 -0.370156
v -0.494065 0.531601 -0.396881
v -0.494065 0.531601 0.396881
v -0.494065 0.531601 0.370156
v -0.494065 0.531601 1.163918
v -0.494065 0.531601 1.137193
v -0.494065 0.531601 1.930955
v -0.494065 0.531601 1.904230
v -0.494065 0.531601 2.697992
v -0.494065 0.531601 2.671267
v -0.628825 0.452090 -2.671266
v -0.628825 0.452090 -2.697991
v -0.628825 0.452090 -1.904229
v -0.628825 0.452090 -1.930954
v -0.628825 0.452090 -1.137192
v -0.628825 0.452090 -1.163918
v -0.628825 0.452090 -0.370156
v -0.628825 0.452090 -0.396881
v -0.628825 0.452090 0.396881
v -0.628825 0.452090 0.370156
v -0.628825 0.452090 1.163918
v -0.628825 0.452090 1.137193
v -0.628825 0.452090 1.930955
v -0.628825 0.452090 1.904230
v -0.628825 0.452090 2.697992
v -0.628825 0.452090 2.671267
v -0.739420 0.355205 -2.671266
v -0.739420 0.355205 -2.697991
v -0.739420 0.355205 -1.904229
v -0.739420 0.355205 -1.930954
v -0.739420 0.355205 -1.137192
v -0.739420 0.355205 -1.163918
v -0.739420 0.355205 -0.370156
v -0.739420 0.355205 -0.396881
v -0.739420 0.355205 0.396881
v -0.739420 0.355205 0.370156
v -0.739420 0.355205 1.163918
v -0.739420 0.355205 1.137193
v -0.739420 0.355205 1.930955
v -0.739420 0.355205 1.904230
v -0.739420 0.355205 2.697992
v -0.739420 0.355205 2.671267
v -0.821600 0.244669 -2.671266
v -0.821600 0.244669 -2.697991
v -0.821600 0.244669 -1.904229
v -0.821600 0.244669 -1.930954
v -0.821600 0.244669 -1.137192
v -0.821600 0.244669 -1.163918
v -0.821600 0.244669 -0.370156
v -0.821600 0.244669 -0.396881
v -0.821600 0.244669 0.396881
v -0.821600 0.244669 0.370156
v -0.821600 0.244669 1.163918
v -0.821600 0.244669 1.137193
v -0.821600 0.244669 1.930955
v -0.821600 0.244669 1.904230
v -0.821600 0.244669 2.697992
v -0.821600 0.244669 2.671267
v -0.872205 0.124731 -2.671266
v -0.872205 0.124731 -2.697991
v -0.872205 0.124731 -1.904229
v -0.872205 0.124731 -1.930954
v -0.872205 0.124731 -1.137192
v -0.872205 0.124731 -1.163918
v -0.872205 0.124731 -0.370156
v -0.872205 0.124731 -0.396881
v -0.872205 0.124731 0.396881
v -0.872205 0.124731 0.370156
v -0.872205 0.124731 1.163918
v -0.872205 0.124731 1.137193
v -0.872205 0.124731 1.930955
v -0.872205 0.124731 1.904230
v -0.872205 0.124731 2.697992
v -0.872205 0.124731 2.671267
v -0.889293 0.000000 -2.671266
v -0.889293 0.000000 -2.697991
v -0.889293 0.000000 -1.904229
v -0.889293 0.000000 -1.930954
v -0.889293 0.000000 -1.137192
v -0.889293 0.000000 -1.163918
v -0.889293 0.000000 -0.370156
v -0.889293 0.000000 -0.396881
v -0.889293 -0.000000 0.396881
v -0.889293 -0.000000 0.370156
v -0.889293 -0.000000 1.163918
v -0.889293 -0.000000 1.137193
v -0.889293 -0.000000 1.930955
v -0.889293 -0.000000 1.904230
v -0.889293 -0.000000 2.697992
v -0.889293 -0.000000 2.671267
v -0.872205 -0.124731 -2.671266
v -0.872205 -0.124731 -2.697991
v -0.872205 -0.124731 -1.904229
v -0.872205 -0.124731 -1.930954
v -0.872205 -0.124731 -1.137192
v -0.872205 -0.124731 -1.163918
v -0.872205 -0.124731 -0.370156
v -0.872205 -0.124731 -0.396881
v -0.872205 -0.124731 0.396881
v -0.872205 -0.124731 0.370156
v -0.872205 -0.124731 1.163918
v -0.872205 -0.124731 1.137193
v -0.872205 -0.124731 1.930955
v -0.872205 -0.124731 1.904230
v -0.872205 -0.124731 2.697992
v -0.872205 -0.124731 2.671267
v -0.821600 -0.244669 -2.671266
v -0.821600 -0.244669 -2.697991
v -0.821600 -0.244669 -1.904229
v -0.821600 -0.244669 -1.930954
v -0.821600 -0.244669 -1.137192
v -0.821600 -0.244669 -1.163918
v -0.821600 -0.244669 -0.370156
v -0.821600 -0.244669 -0.396881
v -0.821600 -0.244669 0.396881
v -0.821600 -0.244669 0.370156
v -0.821600 -0.244669 1.163918
v -0.821600 -0.244669 1.137193
v -0.821600 -0.244669 1.930955
v -0.821600 -0.244669 1.904230
v -0.821600 -0.244669 2.697992
v -0.821600 -0.244669 2.671267
v -0.739420 -0.355205 -2.671266
v -0.739420 -0.355205 -2.697991
v -0.739420 -0.355205 -1.904229
v -0.739420 -0.355205 -1.930954
v -0.739420 -0.355205 -1.137192
v -0.739420 -0.355205 -1.163918
v -0.739420 -0.355205 -0.370156
v -0.739420 -0.355205 -0.396881
v -0.739420 -0.355205 0.396881
v -0.739420 -0.355205 0.370156
v -0.739420 -0.355205 1.163918
v -0.739420 -0.355205 1.137193
v -0.739420 -0.355205 1.930955
v -0.739420 -0.355205 1.904230
v -0.739420 -0.355205 2.697992
v -0.739420 -0.355205 2.671267
v -0.628825 -0.452090 -2.671266
v -0.628825 -0.452090 -2.697991
v -0.628825 -0.452090 -1.904229
v -0.628825 -0.452090 -1.930954
v -0.628825 -0.452090 -1.137192
v -0.628825 -0.452090 -1.163918
v -0.628825 -0.452090 -0.370156
v -0.628825 -0.452090 -0.396881
v -0.628825 -0.452090 0.396881
v -0.628825 -0.452090 0.370156
v -0.628825 -0.452090 1.163918
v -0.628825 -0.452090 1.137193
v -0.628825 -0.452090 1.930955
v -0.628825 -0.452090 1.904230
v -0.628825 -0.452090 2.697992
v -0.628825 -0.452090 2.671267
v -0.494065 -0.531601 -2.671266
v -0.494065 -0.531601 -2.697991
v -0.494065 -0.531601 -1.904229
v -0.494065 -0.531601 -1.930954
v -0.494065 -0.531601 -1.137192
v -0.494065 -0.531601 -1.163918
v -0.494065 -0.531601 -0.370156
v -0.494065 -0.531601 -0.396881
v -0.494065 -0.531601 0.396881
v -0.494065 -0.531601 0.370156
v -0.494065 -0.531601 1.163918
v -0.494065 -0.531601 1.137193
v -0.494065 -0.531601 1.930955
v -0.494065 -0.531601 1.904230
v -0.494065 -0.531601 2.697992
v -0.494065 -0.531601 2.671267
v -0.340318 -0.590684 -2.671266
v -0.340318 -0.590684 -2.697991
v -0.340318 -0.590684 -1.904229
v -0.340318 -0.590684 -1.930954
v -0.340318 -0.590684 -1.137192
v -0.340318 -0.590684 -1.163918
v -0.340318 -0.590684 -0.370156
v -0.340318 -0.590684 -0.396881
v -0.340318 -0.590684 0.396881
v -0.340318 -0.590684 0.370156
v -0.340318 -0.590684 1.163918
v -0.340318 -0.590684 1.137193
v -0.340318 -0.590684 1.930955
v -0.340318 -0.590684 1.904230
v -0.340318 -0.590684 2.697992
v -0.340318 -0.590684 2.671267
v -0.173492 -0.627066 -2.671266
v -0.173492 -0.627066 -2.697991
v -0.173492 -0.627066 -1.904229
v -0.173492 -0.627066 -1.930954
v -0.173492 -0.627066 -1.137192
v -0.173492 -0.627066 -1.163918
v -0.173492 -0.627066 -0.370156
v -0.173492 -0.627066 -0.396881
v -0.173492 -0.627066 0.396881
v -0.173492 -0.627066 0.370156
v -0.173492 -0.627066 1.163918
v -0.173492 -0.627066 1.137193
v -0.173492 -0.627066 1.930955
v -0.173492 -0.627066 1.904230
v -0.173492 -0.627067 2.697992
v -0.173492 -0.627067 2.671267
v 0.000000 -0.639351 -2.671266
v 0.000000 -0.639351 -2.697991
v 0.000000 -0.639351 -1.904229
v 0.000000 -0.639351 -1.930954
v 0.000000 -0.639351 -1.137192
v 0.000000 -0.639351 -1.163918
v 0.000000 -0.639351 -0.370156
v 0.000000 -0.639351 -0.396881
v 0.000000 -0.639351 0.396881
v 0.000000 -0.639351 0.370156
v 0.000000 -0.639351 1.163918
v 0.000000 -0.639351 1.137193
v 0.000000 -0.639351 1.930955
v 0.000000 -0.639351 1.904230
v 0.000000 -0.639352 2.697992
v 0.000000 -0.639352 2.671267
v 0.173492 -0.627066 -2.671266
v 0.173492 -0.627066 -2.697991
v 0.173492 -0.627066 -1.904229
v 0.173492 -0.627066 -1.930954
v 0.173492 -0.627066 -1.137192
v 0.173492 -0.627066 -1.163918
v 0.173492 -0.627066 -0.370156
v 0.173492 -0.627066 -0.396881
v 0.173492 -0.627066 0.396881
v 0.173492 -0.627066 0.370156
v 0.173492 -0.627066 1.163918
v 0.173492 -0.627066 1.137193
v 0.173492 -0.627066 1.930955
v 0.173492 -0.627066 1.904230
v 0.173492 -0.627067 2.697992
v 0.173492 -0.627067 2.671267
v 0.340318 -0.590684 -2.671266
v 0.340318 -0.590684 -2.697991
v 0.340318 -0.590684 -1.904229
v 0.340318 -0.590684 -1.930954
v 0.340318 -0.590684 -1.137192
v 0.340318 -0.590684 -1.163918
v 0.340318 -0.590684 -0.370156
v 0.340318 -0.590684 -0.396881
v 0.340318 -0.590684 0.396881
v 0.340318 -0.590684 0.370156
v 0.340318 -0.590684 1.163918
v 0.340318 -0.590684 1.137193
v 0.340318 -0.590684 1.930955
v 0.340318 -0.590684 1.904230
v 0.340318 -0.590684 2.697992
v 0.340318 -0.590684 2.671267
v 0.494065 -0.531601 -2.671266
v 0.494065 -0.531601 -2.697991
v 0.494065 -0.531601 -1.904229
v 0.494065 -0.531601 -1.930954
v 0.494065 -0.531601 -1.137192
v 0.494065 -0.531601 -1.163918
v 0.494065 -0.531601 -0.370156
v 0.494065 -0.531601 -0.396881
v 0.494065 -0.531601 0.396881
v 0.494065 -0.531601 0.370156
v 0.494065 -0.531601 1.163918
v 0.494065 -0.531601 1.137193
v 0.494065 -0.531601 1.930955
v 0.494065 -0.531601 1.904230
v 0.494065 -0.531601 2.697992
v 0.494065 -0.531601 2.671267
v 0.628825 -0.452090 -2.671266
v 0.628825 -0.452090 -2.697991
v 0.628825 -0.452090 -1.904229
v 0.628825 -0.452090 -1.930954
v 0.628825 -0.452090 -1.137192
v 0.628825 -0.452090 -1.163918
v 0.628825 -0.452090 -0.370156
v 0.628825 -0.452090 -0.396881
v 0.628825 -0.452090 0.396881
v 0.628825 -0.452090 0.370156
v 0.628825 -0.452090 1.163918
v 0.628825 -0.452090 1.137193
v 0.628825 -0.452090 1.930955
v 0.628825 -0.452090 1.904230
v 0.628825 -0.452090 2.697992
v 0.628825 -0.452090 2.671267
v 0.739420 -0.355205 -2.671266
v 0.739420 -0.355205 -2.697991
v 0.739420 -0.355205 -1.904229
v 0.739420 -0.355205 -1.930954
v 0.739420 -0.355205 -1.137192
v 0.739420 -0.355205 -1.163918
v 0.739420 -0.355205 -0.370156
v 0.739420 -0.355205 -0.396881
v 0.739420 -0.355205 0.396881
v 0.739420 -0.355205 0.370156
v 0.739420 -0.355205 1.163918
v 0.739420 -0.355205 1.137193
v 0.739420 -0.355205 1.930955
v 0.739420 -0.355205 1.904230
v 0.739420 -0.355205 2.697992
v 0.739420 -0.355205 2.671267
v 0.821600 -0.244669 -2.671266
v 0.821600 -0.244669 -2.697991
v 0.821600 -0.244669 -1.904229
v 0.821600 -0.244669 -1.930954
v 0.821600 -0.244669 -1.137192
v 0.821600 -0.244669 -1.163918
v 0.821600 -0.244669 -0.370156
v 0.821600 -0.244669 -0.396881
v 0.821600 -0.244669 0.396881
v 0.821600 -0.244669 0.370156
v 0.821600 -0.244669 1.163918
v 0.821600 -0.244669 1.137193
v 0.821600 -0.244669 1.930955
v 0.821600 -0.244669 1.904230
v 0.821600 -0.244669 2.697992
v 0.821600 -0.244669 2.671267
v 0.872205 -0.124731 -2.671266
v 0.872205 -0.124731 -2.697991
v 0.872205 -0.124731 -1.904229
v 0.872205 -0.124731 -1.930954
v 0.872205 -0.124731 -1.137192
v 0.872205 -0.124731 -1.163918
v 0.872205 -0.124731 -0.370156
v 0.872205 -0.124731 -0.396881
v 0.872205 -0.124731 0.396881
v 0.872205 -0.124731 0.370156
v 0.872205 -0.124731 1.163918
v 0.872205 -0.124731 1.137193
v 0.872205 -0.124731 1.930955
v 0.872205 -0.124731 1.904230
v 0.872205 -0.124731 2.697992
v 0.872205 -0.124731 2.671267
v 0.889293 0.000000 -2.671266
v 0.889293 0.000000 -2.697991
v 0.889293 0.000000 -1.904229
v 0.889293 0.000000 -1.930954
v 0.889293 0.000000 -1.137192
v 0.889293 0.000000 -1.163918
v 0.889293 0.000000 -0.370156
v 0.889293 0.000000 -0.396881
v 0.889293 -0.000000 0.396881
v 0.889293 -0.000000 0.370156
v 0.889293 -0.000000 1.163918
v 0.889293 -0.000000 1.137193
v 0.889293 -0.000000 1.930955
v 0.889293 -0.000000 1.904230
v 0.889293 -0.000000 2.697992
v 0.889293 -0.000000 2.671267
v 0.872205 0.124731 -2.671266
v 0.872205 0.124731 -2.697991
v 0.872205 0.124731 -1.904229
v 0.872205 0.124731 -1.930954
v 0.872205 0.124731 -1.137192
v 0.872205 0.124731 -1.163918
v 0.872205 0.124731 -0.370156
v 0.872205 0.124731 -0.396881
v 0.872205 0.124731 0.396881
v 0.872205 0.124731 0.370156
v 0.872205 0.124731 1.163918
v 0.872205 0.124731 1.137193
v 0.872205 0.124731 1.930955
v 0.872205 0.124731 1.904230
v 0.872205 0.124731 2.697992
v 0.872205 0.124731 2.671267
v 0.821600 0.244669 -2.671266
v 0.821600 0.244669 -2.697991
v 0.821600 0.244669 -1.904229
v 0.821600 0.244669 -1.930954
v 0.821600 0.244669 -1.137192
v 0.821600 0.244669 -1.163918
v 0.821600 0.244669 -0.370156
v 0.821600 0.244669 -0.396881
v 0.821600 0.244669 0.396881
v 0.821600 0.244669 0.370156
v 0.821600 0.244669 1.163918
v 0.821600 0.244669 1.137193
v 0.821600 0.244669 1.930955
v 0.821600 0.244669 1.904230
v 0.821600 0.244669 2.697992
v 0.821600 0.244669 2.671267
v 0.739420 0.355205 -2.671266
v 0.739420 0.355205 -2.697991
v 0.739420 0.355205 -1.904229
v 0.739420 0.355205 -1.930954
v 0.739420 0.355205 -1.137192
v 0.739420 0.355205 -1.163918
v 0.739420 0.355205 -0.370156
v 0.739420 0.355205 -0.396881
v 0.739420 0.355205 0.396881
v 0.739420 0.355205 0.370156
v 0.739420 0.355205 1.163918
v 0.739420 0.355205 1.137193
v 0.739420 0.355205 1.930955
v 0.739420 0.355205 1.904230
v 0.739420 0.355205 2.697992
v 0.739420 0.355205 2.671267
v 0.628825 0.452090 -2.671266
v 0.628825 0.452090 -2.697991
v 0.628825 0.452090 -1.904229
v 0.628825 0.452090 -1.930954
v 0.628825 0.452090 -1.137192
v 0.628825 0.452090 -1.163918
v 0.628825 0.452090 -0.370156
v 0.628825 0.452090 -0.396881
v 0.628825 0.452090 0.396881
v 0.628825 0.452090 0.370156
v 0.628825 0.452090 1.163918
v 0.628825 0.452090 1.137193
v 0.628825 0.452090 1.930955
v 0.628825 0.452090 1.904230
v 0.628825 0.452090 2.697992
v 0.628825 0.452090 2.671267
v 0.494065 0.531601 -2.671266
v 0.494065 0.531601 -2.697991
v 0.494065 0.531601 -1.904229
v 0.494065 0.531601 -1.930954
v 0.494065 0.531601 -1.137192
v 0.494065 0.531601 -1.163918
v 0.494065 0.531601 -0.370156
v 0.494065 0.531601 -0.396881
v 0.494065 0.531601 0.396881
v 0.494065 0.531601 0.370156
v 0.494065 0.531601 1.163918
v 0.494065 0.531601 1.137193
v 0.494065 0.531601 1.930955
v 0.494065 0.531601 1.904230
v 0.494065 0.531601 2.697992
v 0.494065 0.531601 2.671267
v 0.340318 0.590684 -2.671266
v 0.340318 0.590684 -2.697991
v 0.340318 0.590684 -1.904229
v 0.340318 0.590684 -1.930954
v 0.340318 0.590684 -1.137192
v 0.340318 0.590684 -1.163918
v 0.340318 0.590684 -0.370156
v 0.340318 0.590684 -0.396881
v 0.340318 0.590684 0.396881
v 0.340318 0.590684 0.370156
v 0.340318 0.590684 1.163918
v 0.340318 0.590684 1.137193
v 0.340318 0.590684 1.930955
v 0.340318 0.590684 1.904230
v 0.340318 0.590684 2.697992
v 0.340318 0.590684 2.671267
v 0.173492 0.627067 -2.671266
v 0.173492 0.627067 -2.697991
v 0.173492 0.627066 -1.904229
v 0.173492 0.627066 -1.930954
v 0.173492 0.627066 -1.137192
v 0.173492 0.627066 -1.163918
v 0.173492 0.627066 -0.370156
v 0.173492 0.627066 -0.396881
v 0.173492 0.627066 0.396881
v 0.173492 0.627066 0.370156
v 0.173492 0.627066 1.163918
v 0.173492 0.627066 1.137193
v 0.173492 0.627066 1.930955
v 0.173492 0.627066 1.904230
v 0.173492 0.627066 2.697992
v 0.173492 0.627066 2.671267
v 0.000000 0.649575 -3.211992
v 0.000000 0.655607 -3.239036
v 0.345759 0.600129 -3.211992
v 0.348970 0.605702 -3.239036
v 0.176267 0.637093 -3.211992
v 0.177903 0.643009 -3.239036
v 0.644812 0.463584 -3.239036
v 0.638880 0.459319 -3.211992
v 0.751243 0.360885 -3.211992
v 0.758219 0.364236 -3.239036
v 0.834737 0.248582 -3.211992
v 0.842488 0.250890 -3.239036
v 0.501965 0.540102 -3.211992
v 0.506626 0.545117 -3.239036
v 0.345759 -0.600129 -3.211992
v 0.348970 -0.605701 -3.239036
v 0.638880 -0.459319 -3.211992
v 0.644812 -0.463584 -3.239036
v 0.501965 -0.540101 -3.211992
v 0.506626 -0.545117 -3.239036
v 0.834737 -0.248581 -3.211992
v 0.842488 -0.250890 -3.239036
v 0.751243 -0.360884 -3.211992
v 0.758219 -0.364235 -3.239036
v 0.903513 0.000000 -3.211992
v 0.911902 0.000000 -3.239036
v 0.886152 -0.126726 -3.211992
v 0.894381 -0.127902 -3.239036
v -0.834737 -0.248581 -3.211992
v -0.842488 -0.250890 -3.239036
v -0.638880 -0.459319 -3.211992
v -0.644812 -0.463584 -3.239036
v -0.751243 -0.360884 -3.211992
v -0.758219 -0.364235 -3.239036
v -0.345759 -0.600129 -3.211992
v -0.348970 -0.605701 -3.239036
v -0.501965 -0.540101 -3.211992
v -0.506626 -0.545117 -3.239036
v 0.000000 -0.649575 -3.211992
v -0.000000 -0.655606 -3.239036
v -0.176267 -0.637093 -3.211992
v -0.177903 -0.643009 -3.239036
v -0.903513 0.000000 -3.211992
v -0.911902 0.000000 -3.239036
v -0.834737 0.248582 -3.211992
v -0.842488 0.250890 -3.239036
v -0.886152 0.126726 -3.211992
v -0.894381 0.127903 -3.239036
v -0.644812 0.463584 -3.239036
v -0.638880 0.459319 -3.211992
v -0.345759 0.600129 -3.211992
v -0.348970 0.605702 -3.239036
v -0.501965 0.540102 -3.211992
v -0.506626 0.545117 -3.239036
v -0.758219 0.364236 -3.239036
v -0.751243 0.360885 -3.211992
v -0.176267 0.637093 -3.211992
v -0.177903 0.643009 -3.239036
v 0.886152 0.126726 -3.211992
v 0.894381 0.127903 -3.239036
v -0.886152 -0.126726 -3.211992
v -0.894381 -0.127902 -3.239036
v 0.176267 -0.637093 -3.211992
v 0.177903 -0.643009 -3.239036
v 0.641176 0.460969 -3.238607
v 0.635244 0.456704 -3.211563
v 0.499108 0.537027 -3.211563
v 0.503769 0.542043 -3.238607
v -0.829986 0.247167 -3.211563
v -0.837737 0.249475 -3.238607
v -0.753943 0.362181 -3.238607
v -0.746967 0.358830 -3.211563
v -0.881108 0.126005 -3.211563
v -0.889337 0.127181 -3.238607
v -0.898370 0.000000 -3.211563
v -0.906760 0.000000 -3.238606
v -0.881108 -0.126004 -3.211563
v -0.889337 -0.127181 -3.238607
v -0.829986 -0.247166 -3.211563
v -0.837737 -0.249475 -3.238607
v -0.746967 -0.358830 -3.211563
v -0.753943 -0.362181 -3.238607
v -0.635244 -0.456704 -3.211563
v -0.641176 -0.460969 -3.238607
v -0.499108 -0.537027 -3.211563
v -0.503769 -0.542042 -3.238607
v -0.343791 -0.596713 -3.211563
v -0.347002 -0.602285 -3.238607
v -0.175263 -0.633467 -3.211563
v -0.176900 -0.639383 -3.238607
v 0.000000 -0.645877 -3.211563
v -0.000000 -0.651909 -3.238606
v 0.175263 -0.633467 -3.211563
v 0.176900 -0.639383 -3.238607
v 0.343791 -0.596713 -3.211563
v 0.347002 -0.602285 -3.238607
v 0.499108 -0.537027 -3.211563
v 0.503769 -0.542042 -3.238607
v 0.635244 -0.456704 -3.211563
v 0.641176 -0.460969 -3.238607
v 0.746967 -0.358830 -3.211563
v 0.753943 -0.362181 -3.238607
v 0.829986 -0.247166 -3.211563
v 0.837737 -0.249475 -3.238607
v 0.881108 -0.126004 -3.211563
v 0.889337 -0.127181 -3.238607
v 0.898370 0.000000 -3.211563
v 0.906760 0.000000 -3.238606
v 0.881108 0.126005 -3.211563
v 0.889337 0.127181 -3.238607
v 0.829986 0.247167 -3.211563
v 0.837737 0.249475 -3.238607
v 0.746967 0.358830 -3.211563
v 0.753943 0.362181 -3.238607
v -0.641176 0.460969 -3.238607
v -0.635244 0.456704 -3.211563
v 0.343791 0.596713 -3.211563
v 0.347002 0.602286 -3.238607
v 0.175263 0.633467 -3.211563
v 0.176900 0.639383 -3.238607
v 0.000000 0.645877 -3.211563
v 0.000000 0.651909 -3.238606
v -0.175263 0.633467 -3.211563
v -0.176900 0.639383 -3.238607
v -0.343791 0.596713 -3.211563
v -0.347002 0.602286 -3.238607
v -0.499108 0.537027 -3.211563
v -0.503769 0.542043 -3.238607
vn -0.0000 0.7224 -0.6915
vn -0.0000 0.7223 0.6915
vn 0.1028 0.7153 -0.6913
vn 0.1028 0.7153 0.6913
vn 0.2074 0.6931 -0.6904
vn 0.2074 0.6931 0.6904
vn 0.3153 0.6527 -0.6889
vn 0.3153 0.6527 0.6889
vn 0.4260 0.5890 -0.6867
vn 0.4260 0.5890 0.6867
vn 0.5360 0.4947 -0.6840
vn 0.5360 0.4947 0.6840
vn 0.6356 0.3633 -0.6811
vn 0.6356 0.3633 0.6811
vn 0.7082 0.1943 -0.6787
vn 0.7082 0.1943 0.6787
vn 0.7352 -0.0000 -0.6778
vn 0.7352 -0.0000 0.6778
vn 0.7082 -0.1943 -0.6787
vn 0.7082 -0.1943 0.6787
vn 0.6356 -0.3633 -0.6811
vn 0.6356 -0.3633 0.6811
vn 0.5360 -0.4947 -0.6840
vn 0.5360 -0.4947 0.6840
vn 0.4260 -0.5890 -0.6867
vn 0.4260 -0.5890 0.6867
vn 0.3153 -0.6527 -0.6889
vn 0.3153 -0.6527 0.6889
vn 0.2074 -0.6931 -0.6904
vn 0.2074 -0.6931 0.6904
vn 0.1028 -0.7153 -0.6913
vn 0.1028 -0.7153 0.6913
vn -0.0000 -0.7224 -0.6915
vn -0.0000 -0.7223 0.6915
vn -0.1028 -0.7153 -0.6913
vn -0.1028 -0.7153 0.6913
vn -0.2074 -0.6931 -0.6904
vn -0.2074 -0.6931 0.6904
vn -0.3153 -0.6527 -0.6889
vn -0.3153 -0.6527 0.6889
vn -0.4260 -0.5890 -0.6867
vn -0.4260 -0.5890 0.6867
vn -0.5360 -0.4947 -0.6840
vn -0.5360 -0.4947 0.6840
vn -0.6356 -0.3633 -0.6811
vn -0.6356 -0.3633 0.6811
vn -0.7082 -0.1943 -0.6787
vn -0.7082 -0.1943 0.6787
vn -0.7352 -0.0000 -0.6778
vn -0.7352 -0.0000 0.6778
vn -0.7082 0.1943 -0.6787
vn -0.7082 0.1943 0.6787
vn -0.6356 0.3633 -0.6811
vn -0.6356 0.3633 0.6811
vn -0.5360 0.4947 -0.6840
vn -0.5360 0.4947 0.6840
vn -0.4260 0.5890 -0.6867
vn -0.4260 0.5890 0.6867
vn -0.3153 0.6527 -0.6889
vn -0.3153 0.6527 0.6889
vn -0.2074 0.6931 -0.6904
vn -0.2074 0.6931 0.6904
vn -0.1028 0.7153 -0.6913
vn -0.1028 0.7153 0.6913
vn -0.0000 1.0000 -0.0000
vn 0.1422 0.9898 -0.0000
vn 0.2867 0.9580 -0.0000
vn 0.4349 0.9005 -0.0000
vn 0.5861 0.8102 -0.0000
vn 0.7349 0.6782 -0.0000
vn 0.8682 0.4963 -0.0000
vn 0.9644 0.2645 -0.0000
vn 1.0000 -0.0000 -0.0000
vn 0.9644 -0.2645 -0.0000
vn 0.8682 -0.4963 -0.0000
vn 0.7349 -0.6782 -0.0000
vn 0.5861 -0.8102 -0.0000
vn 0.4349 -0.9005 -0.0000
vn 0.2867 -0.9580 -0.0000
vn 0.1422 -0.9898 -0.0000
vn -0.0000 -1.0000 -0.0000
vn -0.1422 -0.9898 -0.0000
vn -0.2867 -0.9580 -0.0000
vn -0.4349 -0.9005 -0.0000
vn -0.5861 -0.8102 -0.0000
vn -0.7349 -0.6782 -0.0000
vn -0.8682 -0.4963 -0.0000
vn -0.9644 -0.2645 -0.0000
vn -1.0000 -0.0000 -0.0000
vn -0.9644 0.2645 -0.0000
vn -0.8682 0.4963 -0.0000
vn -0.7349 0.6782 -0.0000
vn -0.5861 0.8102 -0.0000
vn -0.4349 0.9005 -0.0000
vn -0.2867 0.9580 -0.0000
vn -0.1422 0.9898 -0.0000
vn 0.5009 -0.4623 0.7317
vn 0.2990 -0.6190 0.7263
vn 0.4014 -0.5549 0.7287
vn 0.0982 -0.6831 0.7237
vn 0.1976 -0.6602 0.7246
vn -0.0982 -0.6831 0.7237
vn -0.0000 -0.6905 0.7234
vn 0.6737 -0.0000 0.7390
vn 0.6509 -0.1785 0.7379
vn 0.6509 0.1785 0.7379
vn 0.5009 0.4623 0.7317
vn 0.2990 0.6190 0.7263
vn 0.4014 0.5549 0.7287
vn 0.5886 0.3365 0.7351
vn 0.0982 0.6831 0.7237
vn -0.0982 0.6831 0.7237
vn -0.0000 0.6905 0.7234
vn -0.4014 0.5549 0.7287
vn -0.2990 0.6190 0.7263
vn -0.5009 0.4623 0.7317
vn -0.1976 0.6602 0.7246
vn -0.2990 -0.6190 0.7263
vn -0.5009 -0.4623 0.7317
vn -0.4014 -0.5549 0.7287
vn -0.6737 -0.0000 0.7390
vn -0.6509 0.1785 0.7379
vn -0.6509 -0.1785 0.7379
vn -0.5886 -0.3365 0.7351
vn 0.5886 -0.3365 0.7351
vn 0.1976 0.6602 0.7246
vn -0.5886 0.3365 0.7351
vn -0.1976 -0.6602 0.7246
vn -0.0000 -0.7223 -0.6916
vn -0.0000 -0.7223 0.6916
vn -0.1028 -0.7152 0.6913
vn -0.4260 -0.5890 -0.6868
vn -0.6357 -0.3634 -0.6811
vn -0.6357 -0.3633 0.6811
vn -0.6357 -0.3633 -0.6811
vn -0.6357 -0.3634 0.6811
vn -0.6356 -0.3634 -0.6811
vn -0.6356 0.3634 0.6811
vn -0.6357 0.3633 -0.6811
vn -0.6357 0.3633 0.6811
vn -0.6357 0.3634 -0.6811
vn -0.6357 0.3634 0.6811
vn -0.1028 0.7152 -0.6913
vn -0.1028 0.7152 0.6913
vn -0.0000 0.7223 0.6916
vn -0.0000 0.7223 -0.6916
vn 0.1028 0.7152 0.6913
vn 0.1028 0.7152 -0.6913
vn 0.4260 0.5890 0.6868
vn 0.4260 0.5890 -0.6868
vn 0.6356 0.3634 0.6811
vn 0.6357 0.3633 -0.6811
vn 0.6357 0.3633 0.6811
vn 0.6357 0.3634 0.6811
vn 0.6357 0.3634 -0.6811
vn 0.6357 -0.3634 -0.6811
vn 0.6357 -0.3633 0.6811
vn 0.6357 -0.3633 -0.6811
vn 0.6357 -0.3634 0.6811
vn 0.6356 -0.3634 -0.6811
vn 0.1028 -0.7152 0.6913
vn -0.0000 -0.6905 -0.7233
vn -0.0000 -0.6905 0.7233
vn 0.0982 -0.6831 -0.7237
vn 0.1976 -0.6602 -0.7246
vn 0.2990 -0.6190 -0.7263
vn 0.4014 -0.5549 -0.7287
vn 0.5009 -0.4623 -0.7317
vn 0.5886 -0.3365 -0.7351
vn 0.6509 -0.1785 -0.7379
vn 0.6737 -0.0000 -0.7390
vn 0.6509 0.1785 -0.7379
vn 0.5886 0.3364 0.7351
vn 0.5886 0.3365 -0.7351
vn 0.5009 0.4623 -0.7317
vn 0.4014 0.5549 -0.7287
vn 0.2990 0.6190 -0.7263
vn 0.1976 0.6602 -0.7246
vn 0.0982 0.6831 -0.7237
vn -0.0000 0.6905 0.7233
vn -0.0000 0.6905 -0.7233
vn -0.0982 0.6831 -0.7237
vn -0.1976 0.6602 -0.7246
vn -0.2990 0.6190 -0.7263
vn -0.4014 0.5549 -0.7287
vn -0.5009 0.4623 -0.7317
vn -0.5886 0.3365 -0.7351
vn -0.6509 0.1785 -0.7379
vn -0.6737 -0.0000 -0.7390
vn -0.6509 -0.1785 -0.7379
vn -0.5886 -0.3364 0.7351
vn -0.5886 -0.3365 -0.7351
vn -0.5009 -0.4623 -0.7317
vn -0.4014 -0.5549 -0.7287
vn -0.2990 -0.6190 -0.7263
vn -0.1976 -0.6602 -0.7246
vn -0.0982 -0.6831 -0.7237
vn -0.0000 -0.6830 0.7304
vn -0.0000 -0.0553 -0.9985
vn -0.1958 -0.6573 0.7277
vn -0.0157 -0.0504 -0.9986
vn -0.0968 -0.6768 0.7297
vn -0.0081 -0.0539 -0.9985
vn -0.0282 -0.0376 -0.9989
vn -0.4055 -0.5628 0.7203
vn -0.5126 -0.4748 0.7154
vn -0.0327 -0.0291 -0.9990
vn -0.6104 -0.3500 0.7106
vn -0.0357 -0.0197 -0.9992
vn -0.2988 -0.6211 0.7245
vn -0.0225 -0.0449 -0.9987
vn -0.1958 0.6573 0.7277
vn -0.0157 0.0504 -0.9986
vn -0.4055 0.5628 0.7203
vn -0.0282 0.0376 -0.9989
vn -0.2988 0.6211 0.7245
vn -0.0225 0.0449 -0.9987
vn -0.6104 0.3501 0.7106
vn -0.0357 0.0197 -0.9992
vn -0.5126 0.4748 0.7154
vn -0.0327 0.0291 -0.9990
vn -0.7088 -0.0000 0.7054
vn -0.0381 -0.0000 -0.9993
vn -0.6820 0.1876 0.7069
vn -0.0375 0.0099 -0.9992
vn 0.6104 0.3500 0.7106
vn 0.0357 0.0197 -0.9992
vn 0.4055 0.5628 0.7203
vn 0.0282 0.0376 -0.9989
vn 0.5126 0.4748 0.7154
vn 0.0327 0.0291 -0.9990
vn 0.1958 0.6573 0.7277
vn 0.0157 0.0504 -0.9986
vn 0.2988 0.6211 0.7245
vn 0.0225 0.0449 -0.9987
vn -0.0000 0.6830 0.7304
vn -0.0000 0.0553 -0.9985
vn 0.0968 0.6768 0.7297
vn 0.0081 0.0539 -0.9985
vn 0.7088 -0.0000 0.7054
vn 0.0381 -0.0000 -0.9993
vn 0.6104 -0.3500 0.7106
vn 0.0357 -0.0197 -0.9992
vn 0.6820 -0.1876 0.7069
vn 0.0375 -0.0099 -0.9992
vn 0.0282 -0.0376 -0.9989
vn 0.4055 -0.5628 0.7203
vn 0.1958 -0.6573 0.7277
vn 0.0157 -0.0504 -0.9986
vn 0.2988 -0.6211 0.7245
vn 0.0225 -0.0449 -0.9987
vn 0.0327 -0.0291 -0.9990
vn 0.5126 -0.4748 0.7154
vn 0.0968 -0.6768 0.7297
vn 0.0081 -0.0539 -0.9985
vn -0.6820 -0.1876 0.7069
vn -0.0375 -0.0099 -0.9992
vn 0.6820 0.1877 0.7069
vn 0.0375 0.0099 -0.9992
vn -0.0968 0.6768 0.7297
vn -0.0081 0.0539 -0.9985
vn -0.3714 -0.5111 -0.7752
vn -0.4293 -0.5973 0.6775
vn -0.3167 -0.6593 0.6819
vn -0.2800 -0.5773 -0.7670
vn 0.6447 -0.3716 0.6680
vn 0.5286 -0.3004 -0.7940
vn 0.4567 -0.4193 -0.7846
vn 0.5420 -0.5039 0.6726
vn 0.7200 -0.1993 0.6647
vn 0.5775 -0.1574 -0.8011
vn 0.7482 -0.0000 0.6635
vn 0.5950 -0.0000 -0.8037
vn 0.7200 0.1993 0.6647
vn 0.5775 0.1574 -0.8011
vn 0.6447 0.3716 0.6680
vn 0.5286 0.3004 -0.7940
vn 0.5420 0.5039 0.6726
vn 0.4567 0.4193 -0.7846
vn 0.4293 0.5973 0.6775
vn 0.3714 0.5111 -0.7752
vn 0.3167 0.6593 0.6819
vn 0.2800 0.5773 -0.7670
vn 0.2079 0.6979 0.6854
vn 0.1866 0.6214 -0.7610
vn 0.1028 0.7189 0.6875
vn 0.0932 0.6464 -0.7573
vn -0.0000 0.7255 0.6882
vn -0.0000 0.6546 -0.7559
vn -0.1028 0.7189 0.6875
vn -0.0932 0.6464 -0.7573
vn -0.2079 0.6979 0.6854
vn -0.1866 0.6214 -0.7610
vn -0.3167 0.6593 0.6819
vn -0.2800 0.5773 -0.7670
vn -0.4293 0.5973 0.6775
vn -0.3714 0.5111 -0.7752
vn -0.5420 0.5039 0.6726
vn -0.4567 0.4193 -0.7846
vn -0.6447 0.3716 0.6680
vn -0.5286 0.3004 -0.7940
vn -0.7200 0.1993 0.6647
vn -0.5775 0.1574 -0.8011
vn -0.7482 -0.0000 0.6635
vn -0.5950 -0.0000 -0.8037
vn -0.7200 -0.1993 0.6647
vn -0.5775 -0.1574 -0.8011
vn -0.6447 -0.3716 0.6680
vn -0.5286 -0.3004 -0.7940
vn -0.5420 -0.5039 0.6726
vn -0.4567 -0.4193 -0.7846
vn 0.3714 -0.5111 -0.7752
vn 0.4293 -0.5973 0.6775
vn -0.2079 -0.6979 0.6854
vn -0.1866 -0.6214 -0.7610
vn -0.1028 -0.7189 0.6875
vn -0.0932 -0.6464 -0.7573
vn -0.0000 -0.7255 0.6882
vn -0.0000 -0.6546 -0.7559
vn 0.1028 -0.7189 0.6875
vn 0.0932 -0.6464 -0.7573
vn 0.2079 -0.6979 0.6854
vn 0.1866 -0.6214 -0.7610
vn 0.3167 -0.6593 0.6819
vn 0.2800 -0.5773 -0.7670
vt 0.330869 0.005909
vt 0.315395 0.026219
vt 0.315394 0.005909
vt 0.330869 0.026219
vt 0.315395 0.046529
vt 0.330869 0.046529
vt 0.315395 0.066839
vt 0.330869 0.066839
vt 0.315395 0.087149
vt 0.330869 0.087149
vt 0.315395 0.107459
vt 0.330869 0.107459
vt 0.315395 0.127769
vt 0.330869 0.127769
vt 0.315395 0.148079
vt 0.330869 0.148079
vt 0.315395 0.168389
vt 0.330869 0.168389
vt 0.315395 0.188699
vt 0.330869 0.188699
vt 0.315395 0.209009
vt 0.330869 0.209009
vt 0.315395 0.229319
vt 0.330869 0.229319
vt 0.315395 0.249629
vt 0.330869 0.249629
vt 0.315395 0.269939
vt 0.330869 0.269939
vt 0.315395 0.290249
vt 0.330869 0.290249
vt 0.315395 0.310559
vt 0.330869 0.310559
vt 0.315395 0.330869
vt 0.330869 0.330869
vt 0.315395 0.351179
vt 0.330869 0.351179
vt 0.315395 0.371489
vt 0.330869 0.371489
vt 0.315395 0.391799
vt 0.330869 0.391799
vt 0.315395 0.412109
vt 0.330869 0.432419
vt 0.315395 0.432419
vt 0.330869 0.452729
vt 0.315395 0.452729
vt 0.330869 0.473039
vt 0.315395 0.473039
vt 0.330869 0.493349
vt 0.315395 0.493349
vt 0.330869 0.513659
vt 0.315395 0.513659
vt 0.330869 0.533969
vt 0.315395 0.533969
vt 0.330869 0.554279
vt 0.315395 0.554279
vt 0.330869 0.574589
vt 0.315395 0.574589
vt 0.315395 0.594899
vt 0.330869 0.594899
vt 0.315395 0.615209
vt 0.675737 0.263247
vt 0.670145 0.260258
vt 0.674599 0.249505
vt 0.559826 0.201291
vt 0.565418 0.204280
vt 0.560964 0.215034
vt 0.330869 0.615209
vt 0.315395 0.635519
vt 0.330869 0.635519
vt 0.315394 0.655829
vt 0.540566 0.839688
vt 0.524799 0.870568
vt 0.540566 0.870568
vt 0.524799 0.005909
vt 0.540565 0.036789
vt 0.540565 0.005909
vt 0.021383 0.635519
vt 0.005909 0.655829
vt 0.005909 0.635519
vt 0.036857 0.655829
vt 0.021383 0.655829
vt 0.036857 0.635519
vt 0.052331 0.655829
vt 0.052331 0.635519
vt 0.067806 0.655829
vt 0.067806 0.635519
vt 0.083280 0.655829
vt 0.083280 0.635519
vt 0.098754 0.655829
vt 0.098754 0.635519
vt 0.114229 0.655829
vt 0.114229 0.635519
vt 0.129703 0.655829
vt 0.129703 0.635519
vt 0.145177 0.655829
vt 0.145177 0.635519
vt 0.160652 0.655829
vt 0.160652 0.635519
vt 0.176126 0.655829
vt 0.176126 0.635519
vt 0.191600 0.655829
vt 0.191600 0.635519
vt 0.207074 0.655829
vt 0.207074 0.635519
vt 0.222549 0.655829
vt 0.222549 0.635519
vt 0.238023 0.655829
vt 0.238023 0.635519
vt 0.253497 0.655829
vt 0.253497 0.635519
vt 0.268972 0.655829
vt 0.268972 0.635519
vt 0.284446 0.655829
vt 0.284446 0.635519
vt 0.299920 0.655829
vt 0.299920 0.635519
vt 0.021383 0.615209
vt 0.005909 0.615209
vt 0.036857 0.615209
vt 0.052331 0.615209
vt 0.067806 0.615209
vt 0.083280 0.615209
vt 0.098754 0.615209
vt 0.114229 0.615209
vt 0.129703 0.615209
vt 0.145177 0.615209
vt 0.160652 0.615209
vt 0.176126 0.615209
vt 0.191600 0.615209
vt 0.207074 0.615209
vt 0.222549 0.615209
vt 0.238023 0.615209
vt 0.253497 0.615209
vt 0.268972 0.615209
vt 0.284446 0.615209
vt 0.299920 0.615209
vt 0.021383 0.594899
vt 0.005909 0.594899
vt 0.036857 0.594899
vt 0.052331 0.594899
vt 0.083280 0.594899
vt 0.067806 0.594899
vt 0.098754 0.594899
vt 0.114229 0.594899
vt 0.129703 0.594899
vt 0.160652 0.594899
vt 0.145177 0.594899
vt 0.176126 0.594899
vt 0.191600 0.594899
vt 0.222549 0.594899
vt 0.207074 0.594899
vt 0.238023 0.594899
vt 0.253497 0.594899
vt 0.268972 0.594899
vt 0.299920 0.594899
vt 0.284446 0.594899
vt 0.021383 0.574589
vt 0.005909 0.574589
vt 0.036857 0.574589
vt 0.052331 0.574589
vt 0.083280 0.574589
vt 0.067806 0.574589
vt 0.098754 0.574589
vt 0.114229 0.574589
vt 0.129703 0.574589
vt 0.160652 0.574589
vt 0.145177 0.574589
vt 0.176126 0.574589
vt 0.191600 0.574589
vt 0.222549 0.574589
vt 0.207074 0.574589
vt 0.238023 0.574589
vt 0.253497 0.574589
vt 0.268972 0.574589
vt 0.299920 0.574589
vt 0.284446 0.574589
vt 0.005909 0.554279
vt 0.036857 0.554279
vt 0.021383 0.554279
vt 0.052331 0.554279
vt 0.067806 0.554279
vt 0.098754 0.554279
vt 0.083280 0.554279
vt 0.114229 0.554279
vt 0.129703 0.554279
vt 0.145177 0.554279
vt 0.176126 0.554279
vt 0.160652 0.554279
vt 0.191600 0.554279
vt 0.207074 0.554279
vt 0.238023 0.554279
vt 0.222549 0.554279
vt 0.253497 0.554279
vt 0.268972 0.554279
vt 0.284446 0.554279
vt 0.299920 0.554279
vt 0.005909 0.533969
vt 0.036857 0.533969
vt 0.021383 0.533969
vt 0.067806 0.533969
vt 0.052331 0.533969
vt 0.098754 0.533969
vt 0.083280 0.533969
vt 0.114229 0.533969
vt 0.145177 0.533969
vt 0.129703 0.533969
vt 0.160652 0.533969
vt 0.176126 0.533969
vt 0.191600 0.533969
vt 0.207074 0.533969
vt 0.238023 0.533969
vt 0.222549 0.533969
vt 0.253497 0.533969
vt 0.284446 0.533969
vt 0.268972 0.533969
vt 0.299920 0.533969
vt 0.005909 0.513659
vt 0.036857 0.513659
vt 0.021383 0.513659
vt 0.067806 0.513659
vt 0.052331 0.513659
vt 0.083280 0.513659
vt 0.114229 0.513659
vt 0.098754 0.513659
vt 0.129703 0.513659
vt 0.160652 0.513659
vt 0.145177 0.513659
vt 0.176126 0.513659
vt 0.191600 0.513659
vt 0.207074 0.513659
vt 0.222549 0.513659
vt 0.253497 0.513659
vt 0.238023 0.513659
vt 0.284446 0.513659
vt 0.268972 0.513659
vt 0.299920 0.513659
vt 0.005909 0.493349
vt 0.036857 0.493349
vt 0.021383 0.493349
vt 0.067806 0.493349
vt 0.052331 0.493349
vt 0.083280 0.493349
vt 0.098754 0.493349
vt 0.114229 0.493349
vt 0.145177 0.493349
vt 0.129703 0.493349
vt 0.176126 0.493349
vt 0.160652 0.493349
vt 0.191600 0.493349
vt 0.207074 0.493349
vt 0.222549 0.493349
vt 0.238023 0.493349
vt 0.253497 0.493349
vt 0.268972 0.493349
vt 0.299920 0.493349
vt 0.284446 0.493349
vt 0.005909 0.473039
vt 0.036857 0.473039
vt 0.021383 0.473039
vt 0.067806 0.473039
vt 0.052331 0.473039
vt 0.083280 0.473039
vt 0.098754 0.473039
vt 0.114229 0.473039
vt 0.145177 0.473039
vt 0.129703 0.473039
vt 0.176126 0.473039
vt 0.160652 0.473039
vt 0.191600 0.473039
vt 0.207074 0.473039
vt 0.222549 0.473039
vt 0.238023 0.473039
vt 0.253497 0.473039
vt 0.268972 0.473039
vt 0.299920 0.473039
vt 0.284446 0.473039
vt 0.005909 0.452729
vt 0.021383 0.452729
vt 0.036857 0.452729
vt 0.052331 0.452729
vt 0.067806 0.452729
vt 0.098754 0.452729
vt 0.083280 0.452729
vt 0.114229 0.452729
vt 0.145177 0.452729
vt 0.129703 0.452729
vt 0.176126 0.452729
vt 0.160652 0.452729
vt 0.191600 0.452729
vt 0.207074 0.452729
vt 0.238023 0.452729
vt 0.222549 0.452729
vt 0.253497 0.452729
vt 0.268972 0.452729
vt 0.284446 0.452729
vt 0.299920 0.452729
vt 0.005909 0.432419
vt 0.036857 0.432419
vt 0.021383 0.432419
vt 0.067806 0.432419
vt 0.052331 0.432419
vt 0.098754 0.432419
vt 0.083280 0.432419
vt 0.114229 0.432419
vt 0.145177 0.432419
vt 0.129703 0.432419
vt 0.160652 0.432419
vt 0.176126 0.432419
vt 0.191600 0.432419
vt 0.207074 0.432419
vt 0.238023 0.432419
vt 0.222549 0.432419
vt 0.253497 0.432419
vt 0.284446 0.432419
vt 0.268972 0.432419
vt 0.299920 0.432419
vt 0.005909 0.412109
vt 0.036857 0.412109
vt 0.021383 0.412109
vt 0.052331 0.412109
vt 0.067806 0.412109
vt 0.098754 0.412109
vt 0.083280 0.412109
vt 0.114229 0.412109
vt 0.129703 0.412109
vt 0.145177 0.412109
vt 0.176126 0.412109
vt 0.160652 0.412109
vt 0.191600 0.412109
vt 0.207074 0.412109
vt 0.238023 0.412109
vt 0.222549 0.412109
vt 0.253497 0.412109
vt 0.268972 0.412109
vt 0.284446 0.412109
vt 0.299920 0.412109
vt 0.021383 0.391799
vt 0.005909 0.391799
vt 0.036857 0.391799
vt 0.052331 0.391799
vt 0.083280 0.391799
vt 0.067806 0.391799
vt 0.098754 0.391799
vt 0.114229 0.391799
vt 0.129703 0.391799
vt 0.160652 0.391799
vt 0.145177 0.391799
vt 0.176126 0.391799
vt 0.191600 0.391799
vt 0.222549 0.391799
vt 0.207074 0.391799
vt 0.238023 0.391799
vt 0.253497 0.391799
vt 0.268972 0.391799
vt 0.299920 0.391799
vt 0.284446 0.391799
vt 0.021383 0.371489
vt 0.005909 0.371489
vt 0.036857 0.371489
vt 0.052331 0.371489
vt 0.083280 0.371489
vt 0.067806 0.371489
vt 0.098754 0.371489
vt 0.114229 0.371489
vt 0.129703 0.371489
vt 0.160652 0.371489
vt 0.145177 0.371489
vt 0.176126 0.371489
vt 0.191600 0.371489
vt 0.222549 0.371489
vt 0.207074 0.371489
vt 0.238023 0.371489
vt 0.253497 0.371489
vt 0.268972 0.371489
vt 0.299920 0.371489
vt 0.284446 0.371489
vt 0.021383 0.351179
vt 0.005909 0.351179
vt 0.036857 0.351179
vt 0.052331 0.351179
vt 0.067806 0.351179
vt 0.083280 0.351179
vt 0.098754 0.351179
vt 0.114229 0.351179
vt 0.129703 0.351179
vt 0.145177 0.351179
vt 0.160652 0.351179
vt 0.176126 0.351179
vt 0.191600 0.351179
vt 0.207074 0.351179
vt 0.222549 0.351179
vt 0.238023 0.351179
vt 0.253497 0.351179
vt 0.268972 0.351179
vt 0.284446 0.351179
vt 0.299920 0.351179
vt 0.021383 0.330869
vt 0.005909 0.330869
vt 0.036857 0.330869
vt 0.052331 0.330869
vt 0.067806 0.330869
vt 0.083280 0.330869
vt 0.098754 0.330869
vt 0.114229 0.330869
vt 0.129703 0.330869
vt 0.145177 0.330869
vt 0.160652 0.330869
vt 0.176126 0.330869
vt 0.191600 0.330869
vt 0.207074 0.330869
vt 0.222549 0.330869
vt 0.238023 0.330869
vt 0.253497 0.330869
vt 0.268972 0.330869
vt 0.284446 0.330869
vt 0.299920 0.330869
vt 0.021383 0.310559
vt 0.005909 0.310559
vt 0.036857 0.310559
vt 0.052331 0.310559
vt 0.067806 0.310559
vt 0.083280 0.310559
vt 0.098754 0.310559
vt 0.114229 0.310559
vt 0.129703 0.310559
vt 0.145177 0.310559
vt 0.160652 0.310559
vt 0.176126 0.310559
vt 0.191600 0.310559
vt 0.207074 0.310559
vt 0.222549 0.310559
vt 0.238023 0.310559
vt 0.253497 0.310559
vt 0.268972 0.310559
vt 0.284446 0.310559
vt 0.299920 0.310559
vt 0.021383 0.290249
vt 0.005909 0.290249
vt 0.036857 0.290249
vt 0.052331 0.290249
vt 0.067806 0.290249
vt 0.083280 0.290249
vt 0.098754 0.290249
vt 0.114229 0.290249
vt 0.129703 0.290249
vt 0.160652 0.290249
vt 0.145177 0.290249
vt 0.176126 0.290249
vt 0.191600 0.290249
vt 0.207074 0.290249
vt 0.238023 0.290249
vt 0.222549 0.290249
vt 0.253497 0.290249
vt 0.268972 0.290249
vt 0.284446 0.290249
vt 0.299920 0.290249
vt 0.021383 0.269939
vt 0.005909 0.269939
vt 0.036857 0.269939
vt 0.052331 0.269939
vt 0.067806 0.269939
vt 0.083280 0.269939
vt 0.098754 0.269939
vt 0.114229 0.269939
vt 0.129703 0.269939
vt 0.145177 0.269939
vt 0.160652 0.269939
vt 0.176126 0.269939
vt 0.191600 0.269939
vt 0.207074 0.269939
vt 0.222549 0.269939
vt 0.238023 0.269939
vt 0.253497 0.269939
vt 0.268972 0.269939
vt 0.284446 0.269939
vt 0.299920 0.269939
vt 0.021383 0.249629
vt 0.005909 0.249629
vt 0.036857 0.249629
vt 0.052331 0.249629
vt 0.067806 0.249629
vt 0.083280 0.249629
vt 0.098754 0.249629
vt 0.114229 0.249629
vt 0.129703 0.249629
vt 0.145177 0.249629
vt 0.160652 0.249629
vt 0.176126 0.249629
vt 0.207074 0.249629
vt 0.191600 0.249629
vt 0.222549 0.249629
vt 0.238023 0.249629
vt 0.253497 0.249629
vt 0.268972 0.249629
vt 0.284446 0.249629
vt 0.299920 0.249629
vt 0.021383 0.229319
vt 0.005909 0.229319
vt 0.036857 0.229319
vt 0.052331 0.229319
vt 0.067806 0.229319
vt 0.083280 0.229319
vt 0.098754 0.229319
vt 0.114229 0.229319
vt 0.129703 0.229319
vt 0.145177 0.229319
vt 0.160652 0.229319
vt 0.176126 0.229319
vt 0.191600 0.229319
vt 0.207074 0.229319
vt 0.222549 0.229319
vt 0.238023 0.229319
vt 0.253497 0.229319
vt 0.268972 0.229319
vt 0.284446 0.229319
vt 0.299920 0.229319
vt 0.021383 0.209009
vt 0.005909 0.209009
vt 0.036857 0.209009
vt 0.052331 0.209009
vt 0.067806 0.209009
vt 0.083280 0.209009
vt 0.098754 0.209009
vt 0.114229 0.209009
vt 0.129703 0.209009
vt 0.160652 0.209009
vt 0.145177 0.209009
vt 0.176126 0.209009
vt 0.191600 0.209009
vt 0.222549 0.209009
vt 0.207074 0.209009
vt 0.238023 0.209009
vt 0.253497 0.209009
vt 0.268972 0.209009
vt 0.284446 0.209009
vt 0.299920 0.209009
vt 0.021383 0.188699
vt 0.005909 0.188699
vt 0.036857 0.188699
vt 0.052331 0.188699
vt 0.067806 0.188699
vt 0.083280 0.188699
vt 0.098754 0.188699
vt 0.114229 0.188699
vt 0.129703 0.188699
vt 0.145177 0.188699
vt 0.160652 0.188699
vt 0.191600 0.188699
vt 0.176126 0.188699
vt 0.207074 0.188699
vt 0.222549 0.188699
vt 0.238023 0.188699
vt 0.253497 0.188699
vt 0.268972 0.188699
vt 0.284446 0.188699
vt 0.299920 0.188699
vt 0.021383 0.168389
vt 0.005909 0.168389
vt 0.036857 0.168389
vt 0.052331 0.168389
vt 0.067806 0.168389
vt 0.083280 0.168389
vt 0.098754 0.168389
vt 0.114229 0.168389
vt 0.129703 0.168389
vt 0.145177 0.168389
vt 0.160652 0.168389
vt 0.176126 0.168389
vt 0.191600 0.168389
vt 0.207074 0.168389
vt 0.222549 0.168389
vt 0.238023 0.168389
vt 0.253497 0.168389
vt 0.268972 0.168389
vt 0.284446 0.168389
vt 0.299920 0.168389
vt 0.021383 0.148079
vt 0.005909 0.148079
vt 0.036857 0.148079
vt 0.052331 0.148079
vt 0.067806 0.148079
vt 0.083280 0.148079
vt 0.098754 0.148079
vt 0.114229 0.148079
vt 0.129703 0.148079
vt 0.145177 0.148079
vt 0.160652 0.148079
vt 0.176126 0.148079
vt 0.191600 0.148079
vt 0.207074 0.148079
vt 0.222549 0.148079
vt 0.238023 0.148079
vt 0.253497 0.148079
vt 0.268972 0.148079
vt 0.284446 0.148079
vt 0.299920 0.148079
vt 0.021383 0.127769
vt 0.005909 0.127769
vt 0.036857 0.127769
vt 0.052331 0.127769
vt 0.067806 0.127769
vt 0.083280 0.127769
vt 0.098754 0.127769
vt 0.114229 0.127769
vt 0.129703 0.127769
vt 0.145177 0.127769
vt 0.160652 0.127769
vt 0.176126 0.127769
vt 0.207074 0.127769
vt 0.191600 0.127769
vt 0.222549 0.127769
vt 0.238023 0.127769
vt 0.253497 0.127769
vt 0.268972 0.127769
vt 0.284446 0.127769
vt 0.299920 0.127769
vt 0.021383 0.107459
vt 0.005909 0.107459
vt 0.036857 0.107459
vt 0.052331 0.107459
vt 0.067806 0.107459
vt 0.083280 0.107459
vt 0.098754 0.107459
vt 0.114229 0.107459
vt 0.129703 0.107459
vt 0.160652 0.107459
vt 0.145177 0.107459
vt 0.176126 0.107459
vt 0.191600 0.107459
vt 0.222549 0.107459
vt 0.207074 0.107459
vt 0.238023 0.107459
vt 0.253497 0.107459
vt 0.268972 0.107459
vt 0.284446 0.107459
vt 0.299920 0.107459
vt 0.021383 0.087149
vt 0.005909 0.087149
vt 0.036857 0.087149
vt 0.052331 0.087149
vt 0.067806 0.087149
vt 0.083280 0.087149
vt 0.098754 0.087149
vt 0.114229 0.087149
vt 0.129703 0.087149
vt 0.145177 0.087149
vt 0.160652 0.087149
vt 0.176126 0.087149
vt 0.191600 0.087149
vt 0.207074 0.087149
vt 0.222549 0.087149
vt 0.238023 0.087149
vt 0.253497 0.087149
vt 0.268972 0.087149
vt 0.284446 0.087149
vt 0.299920 0.087149
vt 0.021383 0.066839
vt 0.005909 0.066839
vt 0.036857 0.066839
vt 0.052331 0.066839
vt 0.067806 0.066839
vt 0.083280 0.066839
vt 0.098754 0.066839
vt 0.114229 0.066839
vt 0.129703 0.066839
vt 0.145177 0.066839
vt 0.160652 0.066839
vt 0.176126 0.066839
vt 0.207074 0.066839
vt 0.191600 0.066839
vt 0.222549 0.066839
vt 0.238023 0.066839
vt 0.253497 0.066839
vt 0.268972 0.066839
vt 0.284446 0.066839
vt 0.299920 0.066839
vt 0.021383 0.046529
vt 0.005909 0.046529
vt 0.036857 0.046529
vt 0.052331 0.046529
vt 0.067806 0.046529
vt 0.083280 0.046529
vt 0.098754 0.046529
vt 0.114229 0.046529
vt 0.129703 0.046529
vt 0.145177 0.046529
vt 0.160652 0.046529
vt 0.176126 0.046529
vt 0.191600 0.046529
vt 0.207074 0.046529
vt 0.222549 0.046529
vt 0.238023 0.046529
vt 0.253497 0.046529
vt 0.268972 0.046529
vt 0.284446 0.046529
vt 0.299920 0.046529
vt 0.021383 0.026219
vt 0.005909 0.026219
vt 0.036857 0.026218
vt 0.052331 0.026218
vt 0.067806 0.026218
vt 0.083280 0.026218
vt 0.098754 0.026218
vt 0.114229 0.026218
vt 0.129703 0.026218
vt 0.160652 0.026219
vt 0.145177 0.026218
vt 0.176126 0.026218
vt 0.191600 0.026218
vt 0.207074 0.026218
vt 0.238023 0.026219
vt 0.222549 0.026218
vt 0.253497 0.026219
vt 0.268972 0.026219
vt 0.284446 0.026219
vt 0.299920 0.026219
vt 0.021383 0.005909
vt 0.005909 0.005909
vt 0.036857 0.005909
vt 0.052331 0.005909
vt 0.067806 0.005909
vt 0.083280 0.005909
vt 0.098754 0.005909
vt 0.114229 0.005909
vt 0.129703 0.005909
vt 0.145177 0.005909
vt 0.160651 0.005909
vt 0.176126 0.005909
vt 0.191600 0.005909
vt 0.207074 0.005909
vt 0.222549 0.005909
vt 0.238023 0.005909
vt 0.253497 0.005909
vt 0.268972 0.005909
vt 0.284446 0.005909
vt 0.299920 0.005909
vt 0.523979 0.036789
vt 0.501271 0.005909
vt 0.501271 0.036789
vt 0.523979 0.963211
vt 0.501271 0.994091
vt 0.523979 0.994091
vt 0.500451 0.963211
vt 0.477743 0.994091
vt 0.500451 0.994091
vt 0.476923 0.963211
vt 0.454215 0.994091
vt 0.476923 0.994091
vt 0.453395 0.963211
vt 0.430686 0.994091
vt 0.453395 0.994091
vt 0.429866 0.963211
vt 0.407158 0.994091
vt 0.429867 0.994091
vt 0.406338 0.963211
vt 0.383630 0.994091
vt 0.406338 0.994091
vt 0.382810 0.963211
vt 0.360102 0.994091
vt 0.382810 0.994091
vt 0.342686 0.994091
vt 0.359282 0.963211
vt 0.342686 0.963211
vt 0.524799 0.067670
vt 0.540566 0.098551
vt 0.540565 0.067670
vt 0.501271 0.067670
vt 0.523979 0.067670
vt 0.500451 0.036789
vt 0.477743 0.067670
vt 0.500451 0.067670
vt 0.476923 0.036789
vt 0.454214 0.067670
vt 0.476923 0.067670
vt 0.453395 0.036789
vt 0.430686 0.067670
vt 0.453395 0.067670
vt 0.429867 0.036789
vt 0.407158 0.067670
vt 0.429867 0.067670
vt 0.359282 0.067670
vt 0.342686 0.036789
vt 0.342686 0.067670
vt 0.406338 0.036789
vt 0.383630 0.067670
vt 0.406338 0.067670
vt 0.382810 0.036789
vt 0.360102 0.067670
vt 0.382810 0.067670
vt 0.523979 0.098551
vt 0.501271 0.098551
vt 0.500451 0.098551
vt 0.477743 0.098551
vt 0.476923 0.098551
vt 0.454214 0.098551
vt 0.453395 0.098551
vt 0.430686 0.098551
vt 0.429867 0.098551
vt 0.407158 0.098551
vt 0.406338 0.098551
vt 0.383630 0.098551
vt 0.382810 0.098551
vt 0.360102 0.098551
vt 0.359282 0.098551
vt 0.342686 0.098551
vt 0.524799 0.036789
vt 0.523979 0.129431
vt 0.501271 0.129431
vt 0.500451 0.129431
vt 0.477743 0.129431
vt 0.476923 0.129431
vt 0.454214 0.129431
vt 0.453395 0.129431
vt 0.430686 0.129431
vt 0.429867 0.129431
vt 0.407158 0.129431
vt 0.406338 0.129431
vt 0.383630 0.129431
vt 0.382810 0.129431
vt 0.360102 0.129431
vt 0.359282 0.129431
vt 0.342686 0.129431
vt 0.524799 0.098551
vt 0.540566 0.129431
vt 0.523979 0.160312
vt 0.501271 0.160312
vt 0.500451 0.160312
vt 0.477743 0.160312
vt 0.476923 0.160312
vt 0.454214 0.160312
vt 0.453395 0.160312
vt 0.430686 0.160312
vt 0.429867 0.160312
vt 0.407158 0.160312
vt 0.406338 0.160312
vt 0.383630 0.160312
vt 0.382810 0.160312
vt 0.360102 0.160312
vt 0.359282 0.160312
vt 0.342686 0.160312
vt 0.524799 0.191193
vt 0.540566 0.222073
vt 0.540565 0.191193
vt 0.523979 0.191193
vt 0.501271 0.191193
vt 0.500451 0.191193
vt 0.477743 0.191193
vt 0.454214 0.191193
vt 0.430686 0.191193
vt 0.407158 0.191193
vt 0.406338 0.191193
vt 0.383630 0.191193
vt 0.382810 0.191193
vt 0.360102 0.191193
vt 0.359282 0.191193
vt 0.342686 0.191193
vt 0.524799 0.129431
vt 0.540566 0.160312
vt 0.501271 0.222074
vt 0.523979 0.222073
vt 0.477743 0.222074
vt 0.500451 0.222073
vt 0.476923 0.191193
vt 0.454214 0.222074
vt 0.476923 0.222073
vt 0.453395 0.191193
vt 0.430686 0.222074
vt 0.453395 0.222074
vt 0.429867 0.191193
vt 0.407158 0.222074
vt 0.429867 0.222074
vt 0.359282 0.222074
vt 0.342686 0.222074
vt 0.383630 0.222074
vt 0.406338 0.222074
vt 0.360102 0.222074
vt 0.382810 0.222074
vt 0.524799 0.252954
vt 0.540566 0.283835
vt 0.540566 0.252954
vt 0.501271 0.252954
vt 0.523979 0.252954
vt 0.477743 0.252954
vt 0.500451 0.252954
vt 0.454214 0.252954
vt 0.476923 0.252954
vt 0.430686 0.252954
vt 0.453395 0.252954
vt 0.407158 0.252954
vt 0.429867 0.252954
vt 0.359282 0.252954
vt 0.342686 0.252954
vt 0.383630 0.252954
vt 0.406338 0.252954
vt 0.360102 0.252954
vt 0.382810 0.252954
vt 0.524799 0.160312
vt 0.501271 0.283835
vt 0.523979 0.283835
vt 0.477743 0.283835
vt 0.500451 0.283835
vt 0.454214 0.283835
vt 0.476923 0.283835
vt 0.430686 0.283835
vt 0.453395 0.283835
vt 0.407158 0.283835
vt 0.429867 0.283835
vt 0.359282 0.283835
vt 0.342686 0.283835
vt 0.383630 0.283835
vt 0.406338 0.283835
vt 0.360102 0.283835
vt 0.382810 0.283835
vt 0.524799 0.314716
vt 0.540566 0.345596
vt 0.540566 0.314716
vt 0.501271 0.314716
vt 0.523979 0.314716
vt 0.477743 0.314716
vt 0.500451 0.314716
vt 0.454214 0.314716
vt 0.476923 0.314716
vt 0.430686 0.314716
vt 0.453395 0.314716
vt 0.407158 0.314716
vt 0.429867 0.314716
vt 0.359282 0.314716
vt 0.342686 0.314716
vt 0.383630 0.314716
vt 0.406338 0.314716
vt 0.360102 0.314716
vt 0.382810 0.314716
vt 0.524799 0.345596
vt 0.540566 0.376477
vt 0.523979 0.345596
vt 0.501271 0.345596
vt 0.500451 0.345596
vt 0.477743 0.345596
vt 0.454214 0.345596
vt 0.430686 0.345596
vt 0.407158 0.345596
vt 0.406338 0.345596
vt 0.383630 0.345596
vt 0.382810 0.345596
vt 0.360102 0.345596
vt 0.359282 0.345596
vt 0.342686 0.345596
vt 0.524799 0.376477
vt 0.540566 0.407358
vt 0.523979 0.376477
vt 0.501271 0.376477
vt 0.500451 0.376477
vt 0.477743 0.376477
vt 0.476923 0.376477
vt 0.454214 0.376477
vt 0.453395 0.376477
vt 0.430686 0.376477
vt 0.429867 0.376477
vt 0.407158 0.376477
vt 0.406338 0.376477
vt 0.383630 0.376477
vt 0.382810 0.376477
vt 0.360102 0.376477
vt 0.359282 0.376477
vt 0.342686 0.376477
vt 0.524799 0.407358
vt 0.540566 0.438238
vt 0.501271 0.407358
vt 0.477743 0.407358
vt 0.454214 0.407358
vt 0.430686 0.407358
vt 0.407158 0.407358
vt 0.383630 0.407358
vt 0.360102 0.407358
vt 0.342686 0.407358
vt 0.359282 0.407358
vt 0.524799 0.438238
vt 0.540566 0.469119
vt 0.523979 0.438238
vt 0.523979 0.407358
vt 0.477743 0.438239
vt 0.500451 0.407358
vt 0.476923 0.438238
vt 0.476923 0.407358
vt 0.430686 0.438239
vt 0.453395 0.407358
vt 0.429867 0.438239
vt 0.429867 0.407358
vt 0.383630 0.438239
vt 0.406338 0.407358
vt 0.382810 0.438239
vt 0.382810 0.407358
vt 0.342686 0.438239
vt 0.359282 0.438239
vt 0.524799 0.469119
vt 0.540566 0.500000
vt 0.501271 0.469119
vt 0.523979 0.469119
vt 0.500451 0.438238
vt 0.477743 0.469119
vt 0.500451 0.469119
vt 0.454214 0.469119
vt 0.476923 0.469119
vt 0.453395 0.438239
vt 0.430686 0.469119
vt 0.453395 0.469119
vt 0.407158 0.469119
vt 0.429867 0.469119
vt 0.342686 0.469119
vt 0.359282 0.469119
vt 0.406338 0.438239
vt 0.383630 0.469119
vt 0.406338 0.469119
vt 0.360102 0.469119
vt 0.382810 0.469119
vt 0.524799 0.530881
vt 0.524799 0.500000
vt 0.501271 0.500000
vt 0.523979 0.500000
vt 0.477743 0.500000
vt 0.500451 0.500000
vt 0.454214 0.500000
vt 0.476923 0.500000
vt 0.430686 0.500000
vt 0.453395 0.500000
vt 0.407158 0.500000
vt 0.429867 0.500000
vt 0.342686 0.500000
vt 0.359282 0.500000
vt 0.383630 0.500000
vt 0.406338 0.500000
vt 0.360102 0.500000
vt 0.382810 0.500000
vt 0.524799 0.222073
vt 0.501271 0.530881
vt 0.523979 0.530881
vt 0.477743 0.530881
vt 0.500451 0.530881
vt 0.454214 0.530881
vt 0.476923 0.530881
vt 0.430686 0.530881
vt 0.453395 0.530881
vt 0.407158 0.530881
vt 0.429867 0.530881
vt 0.342686 0.530881
vt 0.359282 0.530881
vt 0.383630 0.530881
vt 0.406338 0.530881
vt 0.360102 0.530881
vt 0.382810 0.530881
vt 0.524799 0.561761
vt 0.540566 0.592642
vt 0.540565 0.561761
vt 0.501271 0.561761
vt 0.523979 0.561761
vt 0.477743 0.561761
vt 0.500451 0.561761
vt 0.454214 0.561761
vt 0.476923 0.561761
vt 0.430686 0.561761
vt 0.453395 0.561761
vt 0.407158 0.561761
vt 0.429867 0.561761
vt 0.342686 0.561761
vt 0.359282 0.561761
vt 0.383630 0.561761
vt 0.406338 0.561761
vt 0.360102 0.561761
vt 0.382810 0.561761
vt 0.524799 0.592642
vt 0.540566 0.623523
vt 0.501271 0.592642
vt 0.477743 0.592642
vt 0.454214 0.592642
vt 0.430686 0.592642
vt 0.407158 0.592642
vt 0.383630 0.592642
vt 0.360102 0.592642
vt 0.342686 0.592642
vt 0.359282 0.592642
vt 0.524799 0.654404
vt 0.540566 0.654404
vt 0.501271 0.623523
vt 0.523979 0.592642
vt 0.477743 0.623523
vt 0.500451 0.592642
vt 0.454214 0.623523
vt 0.476923 0.592642
vt 0.430686 0.623523
vt 0.453395 0.592642
vt 0.407158 0.623523
vt 0.429867 0.592642
vt 0.383630 0.623523
vt 0.406338 0.592642
vt 0.360102 0.623523
vt 0.382810 0.592642
vt 0.342686 0.623523
vt 0.359282 0.623523
vt 0.524799 0.685284
vt 0.540566 0.685284
vt 0.501271 0.654403
vt 0.523979 0.623523
vt 0.477743 0.654403
vt 0.500451 0.623523
vt 0.454214 0.654403
vt 0.476923 0.623523
vt 0.430686 0.654403
vt 0.453395 0.623523
vt 0.407158 0.654403
vt 0.429867 0.623523
vt 0.383630 0.654403
vt 0.406338 0.623523
vt 0.360102 0.654403
vt 0.382810 0.623523
vt 0.342686 0.654403
vt 0.359282 0.654403
vt 0.540566 0.716165
vt 0.501271 0.685284
vt 0.523979 0.654404
vt 0.477743 0.685284
vt 0.500451 0.654403
vt 0.476923 0.685284
vt 0.476923 0.654403
vt 0.453395 0.685284
vt 0.453395 0.654403
vt 0.429867 0.685284
vt 0.429867 0.654403
vt 0.383630 0.685284
vt 0.406338 0.654403
vt 0.360102 0.685284
vt 0.382810 0.654403
vt 0.342686 0.685284
vt 0.359282 0.685284
vt 0.524799 0.747046
vt 0.540566 0.747046
vt 0.523979 0.685284
vt 0.501271 0.716165
vt 0.523979 0.716165
vt 0.500451 0.685284
vt 0.477743 0.716165
vt 0.500451 0.716165
vt 0.454214 0.716165
vt 0.476923 0.716165
vt 0.430686 0.716165
vt 0.453395 0.716165
vt 0.407158 0.716165
vt 0.429867 0.716165
vt 0.342686 0.716165
vt 0.359282 0.716165
vt 0.406338 0.685284
vt 0.383630 0.716165
vt 0.406338 0.716165
vt 0.382810 0.685284
vt 0.360102 0.716165
vt 0.382810 0.716165
vt 0.524799 0.777926
vt 0.501271 0.747046
vt 0.523979 0.747046
vt 0.477743 0.747046
vt 0.500451 0.747046
vt 0.454214 0.747046
vt 0.476923 0.747046
vt 0.430686 0.747046
vt 0.453395 0.747046
vt 0.407158 0.747046
vt 0.429866 0.747046
vt 0.342686 0.747046
vt 0.359282 0.747046
vt 0.383630 0.747046
vt 0.406338 0.747046
vt 0.360102 0.747046
vt 0.382810 0.747046
vt 0.524799 0.283835
vt 0.501271 0.777926
vt 0.523979 0.777926
vt 0.477743 0.777926
vt 0.500451 0.777926
vt 0.454214 0.777926
vt 0.476923 0.777926
vt 0.430686 0.777926
vt 0.453395 0.777927
vt 0.407158 0.777926
vt 0.429866 0.777926
vt 0.342686 0.777926
vt 0.359282 0.777926
vt 0.383630 0.777926
vt 0.406338 0.777927
vt 0.360102 0.777926
vt 0.382810 0.777926
vt 0.540566 0.530881
vt 0.501271 0.808807
vt 0.523979 0.808807
vt 0.477743 0.808807
vt 0.500451 0.808807
vt 0.454214 0.808807
vt 0.476923 0.808807
vt 0.430686 0.808807
vt 0.453395 0.808807
vt 0.407158 0.808807
vt 0.429866 0.808807
vt 0.342686 0.808807
vt 0.359282 0.808807
vt 0.383630 0.808807
vt 0.406338 0.808807
vt 0.360102 0.808807
vt 0.382810 0.808807
vt 0.524799 0.808807
vt 0.540566 0.777926
vt 0.501271 0.839688
vt 0.477743 0.839688
vt 0.476923 0.839688
vt 0.453395 0.839688
vt 0.429866 0.839688
vt 0.383630 0.839688
vt 0.360102 0.839688
vt 0.342686 0.839688
vt 0.359282 0.839688
vt 0.540566 0.808807
vt 0.524799 0.839688
vt 0.501271 0.870568
vt 0.523979 0.839688
vt 0.477743 0.870568
vt 0.500451 0.839688
vt 0.454214 0.870569
vt 0.454214 0.839688
vt 0.430686 0.870569
vt 0.430686 0.839688
vt 0.407158 0.870569
vt 0.407158 0.839688
vt 0.383630 0.870569
vt 0.406338 0.839688
vt 0.360102 0.870569
vt 0.382810 0.839688
vt 0.342686 0.870568
vt 0.359282 0.870569
vt 0.701527 0.073136
vt 0.694958 0.073783
vt 0.694958 0.087179
vt 0.523979 0.901449
vt 0.501271 0.901449
vt 0.500451 0.901449
vt 0.477743 0.901449
vt 0.476923 0.901449
vt 0.454214 0.901449
vt 0.453395 0.901449
vt 0.430686 0.901449
vt 0.429866 0.901449
vt 0.407158 0.901449
vt 0.406338 0.901449
vt 0.383630 0.901449
vt 0.382810 0.901449
vt 0.360102 0.901449
vt 0.359282 0.901449
vt 0.342686 0.901449
vt 0.524799 0.932330
vt 0.540565 0.963211
vt 0.540565 0.932330
vt 0.501271 0.932330
vt 0.500451 0.932330
vt 0.477743 0.932330
vt 0.454214 0.932330
vt 0.453395 0.932330
vt 0.430686 0.932330
vt 0.407158 0.932330
vt 0.406338 0.932330
vt 0.383630 0.932330
vt 0.360102 0.932330
vt 0.359282 0.932330
vt 0.342686 0.932330
vt 0.540565 0.901449
vt 0.523979 0.932330
vt 0.501271 0.963211
vt 0.477743 0.963211
vt 0.476923 0.932330
vt 0.454214 0.963211
vt 0.430686 0.963211
vt 0.429866 0.932330
vt 0.407158 0.963211
vt 0.383630 0.963211
vt 0.524799 0.901449
vt 0.477743 0.005909
vt 0.477743 0.036789
vt 0.454215 0.005909
vt 0.454215 0.036789
vt 0.430686 0.005909
vt 0.430686 0.036789
vt 0.407158 0.005909
vt 0.407158 0.036789
vt 0.383630 0.005909
vt 0.383630 0.036789
vt 0.360102 0.005909
vt 0.360102 0.036789
vt 0.359282 0.036789
vt 0.342686 0.005909
vt 0.382810 0.932330
vt 0.360102 0.963211
vt 0.382810 0.222074
vt 0.454214 0.469119
vt 0.454214 0.500000
vt 0.406338 0.222074
vt 0.406338 0.191193
vt 0.453395 0.222074
vt 0.406338 0.747046
vt 0.406338 0.716165
vt 0.407158 0.747046
vt 0.429866 0.747046
vt 0.430686 0.747046
vt 0.360102 0.438239
vt 0.360102 0.469119
vt 0.454214 0.747046
vt 0.383630 0.469119
vt 0.476923 0.747046
vt 0.477743 0.747046
vt 0.407158 0.438239
vt 0.429867 0.438239
vt 0.524799 0.716165
vt 0.359282 0.994091
vt 0.359282 0.963211
vt 0.454214 0.438239
vt 0.360102 0.963211
vt 0.382810 0.963211
vt 0.477743 0.438238
vt 0.406338 0.963211
vt 0.429866 0.963211
vt 0.501271 0.438238
vt 0.407158 0.685284
vt 0.407158 0.716165
vt 0.476923 0.963211
vt 0.430686 0.685284
vt 0.500451 0.963211
vt 0.360102 0.438239
vt 0.523979 0.963211
vt 0.382810 0.407358
vt 0.454214 0.685284
vt 0.524799 0.994091
vt 0.524799 0.963211
vt 0.360102 0.932330
vt 0.407158 0.438239
vt 0.383630 0.932330
vt 0.360102 0.160312
vt 0.406338 0.932330
vt 0.407158 0.160312
vt 0.383630 0.685284
vt 0.501271 0.438239
vt 0.454214 0.160312
vt 0.406338 0.376477
vt 0.383630 0.901449
vt 0.360102 0.129431
vt 0.430686 0.376477
vt 0.454214 0.376477
vt 0.429866 0.901449
vt 0.476923 0.376477
vt 0.477743 0.376477
vt 0.383630 0.654403
vt 0.523979 0.901449
vt 0.359282 0.870569
vt 0.382810 0.870569
vt 0.383630 0.870569
vt 0.360102 0.098551
vt 0.429867 0.345596
vt 0.406338 0.870569
vt 0.453395 0.345596
vt 0.524799 0.623523
vt 0.552383 0.087826
vt 0.558952 0.087179
vt 0.558952 0.073783
vt 0.523979 0.005909
vt 0.524799 0.036789
vt 0.500451 0.005909
vt 0.501271 0.036789
vt 0.476923 0.005909
vt 0.453395 0.005909
vt 0.429867 0.005909
vt 0.406338 0.005909
vt 0.382810 0.005909
vt 0.359282 0.005909
vt 0.360102 0.036789
vt 0.500451 0.067670
vt 0.476923 0.067670
vt 0.453395 0.067670
vt 0.429867 0.067670
vt 0.406338 0.067670
vt 0.360102 0.067670
vt 0.523979 0.252954
vt 0.524799 0.252954
vt 0.500451 0.252954
vt 0.476923 0.252954
vt 0.453395 0.252954
vt 0.454214 0.252954
vt 0.429867 0.252954
vt 0.430686 0.252954
vt 0.406338 0.252954
vt 0.407158 0.252954
vt 0.382810 0.252954
vt 0.359282 0.252954
vt 0.523979 0.283835
vt 0.500451 0.283835
vt 0.453395 0.283835
vt 0.454214 0.283835
vt 0.429867 0.283835
vt 0.430686 0.283835
vt 0.406338 0.283835
vt 0.407158 0.283835
vt 0.523979 0.314716
vt 0.500451 0.314716
vt 0.382810 0.314716
vt 0.359282 0.314716
vt 0.476923 0.345596
vt 0.406338 0.500000
vt 0.407158 0.500000
vt 0.382810 0.500000
vt 0.383630 0.500000
vt 0.454214 0.530881
vt 0.383630 0.530881
vt 0.501271 0.561761
vt 0.429867 0.561761
vt 0.407158 0.561761
vt 0.383630 0.561761
vt 0.383630 0.623523
vt 0.453395 0.777926
vt 0.406338 0.777926
vt 0.407158 0.777926
vt 0.383630 0.777926
vt 0.453395 0.808807
vt 0.454214 0.808807
vt 0.429866 0.808807
vt 0.430686 0.808807
vt 0.406338 0.808807
vt 0.383630 0.808807
vt 0.524799 0.839688
vt 0.476923 0.839688
vt 0.454214 0.839688
vt 0.429866 0.839688
vt 0.383630 0.839688
vt 0.523979 0.870568
vt 0.500451 0.870568
vt 0.476923 0.870568
vt 0.453395 0.870569
vt 0.429866 0.870569
vt 0.500451 0.036789
vt 0.382810 0.036789
vt 0.359282 0.036789
vt 0.523979 0.870568
vt 0.500451 0.870568
vt 0.540566 0.191193
vt 0.687218 0.048270
vt 0.679776 0.037132
vt 0.659166 0.140744
vt 0.646791 0.145870
vt 0.670304 0.133302
vt 0.540565 0.994091
vt 0.540565 0.963211
vt 0.574134 0.037132
vt 0.583606 0.027660
vt 0.561566 0.100317
vt 0.566692 0.112692
vt 0.670304 0.027660
vt 0.540566 0.716165
vt 0.583606 0.133302
vt 0.594744 0.140744
vt 0.574134 0.123830
vt 0.659166 0.020218
vt 0.679776 0.123830
vt 0.687218 0.112692
vt 0.646791 0.015092
vt 0.540566 0.592642
vt 0.566692 0.048270
vt 0.633653 0.012478
vt 0.692344 0.100317
vt 0.540566 0.129431
vt 0.595040 0.140190
vt 0.584005 0.028146
vt 0.595040 0.020772
vt 0.594744 0.020218
vt 0.607302 0.015693
vt 0.607119 0.015091
vt 0.620257 0.012478
vt 0.620319 0.013104
vt 0.633591 0.013104
vt 0.646608 0.015693
vt 0.658870 0.020772
vt 0.669905 0.028146
vt 0.679290 0.037531
vt 0.692344 0.060645
vt 0.686664 0.048566
vt 0.691743 0.060828
vt 0.694332 0.073845
vt 0.694332 0.087117
vt 0.691743 0.100134
vt 0.686664 0.112396
vt 0.679290 0.123431
vt 0.669905 0.132816
vt 0.658870 0.140190
vt 0.646608 0.145269
vt 0.633653 0.148484
vt 0.620257 0.148484
vt 0.633591 0.147858
vt 0.620319 0.147858
vt 0.607119 0.145870
vt 0.607302 0.145269
vt 0.574620 0.037531
vt 0.567246 0.048566
vt 0.584005 0.132816
vt 0.574620 0.123431
vt 0.567246 0.112396
vt 0.562167 0.100134
vt 0.559578 0.087117
vt 0.559578 0.073845
vt 0.562167 0.060828
vt 0.561566 0.060645
vt 0.540566 0.067670
vt 0.540566 0.777927
vt 0.540566 0.561761
vt 0.540566 0.808807
vt 0.540566 0.283835
vt 0.330869 0.412109
vt 0.676870 0.226449
vt 0.674599 0.215034
vt 0.680667 0.213193
vt 0.683180 0.225828
vt 0.683180 0.238710
vt 0.676870 0.238089
vt 0.680667 0.251345
vt 0.668580 0.273958
vt 0.659470 0.283067
vt 0.663678 0.269936
vt 0.648759 0.290225
vt 0.655448 0.278166
vt 0.636857 0.295154
vt 0.645770 0.284633
vt 0.635017 0.289087
vt 0.623601 0.291358
vt 0.624223 0.297668
vt 0.611340 0.297668
vt 0.598705 0.295154
vt 0.600546 0.289087
vt 0.586803 0.290225
vt 0.589792 0.284633
vt 0.576092 0.283067
vt 0.580115 0.278166
vt 0.566983 0.273958
vt 0.571884 0.269936
vt 0.559826 0.263247
vt 0.565418 0.260258
vt 0.554896 0.251345
vt 0.560964 0.249504
vt 0.552383 0.238710
vt 0.558693 0.238089
vt 0.552383 0.225828
vt 0.558693 0.226449
vt 0.554896 0.213193
vt 0.566983 0.190580
vt 0.576092 0.181471
vt 0.571884 0.194602
vt 0.586803 0.174314
vt 0.580115 0.186372
vt 0.598705 0.169384
vt 0.589792 0.179905
vt 0.611340 0.166870
vt 0.600546 0.175451
vt 0.624223 0.166870
vt 0.611962 0.173181
vt 0.636857 0.169384
vt 0.635017 0.175451
vt 0.648759 0.174314
vt 0.645770 0.179906
vt 0.659470 0.181471
vt 0.655448 0.186372
vt 0.668580 0.190580
vt 0.663678 0.194602
vt 0.675737 0.201291
vt 0.670145 0.204280
vt 0.623601 0.173181
vt 0.611962 0.291358
vt 0.330869 0.655829
vt 0.579418 0.138405
vt 0.591632 0.146566
vt 0.605203 0.152188
vt 0.619610 0.155053
vt 0.634300 0.155053
vt 0.648707 0.152188
vt 0.662278 0.146566
vt 0.674492 0.138405
vt 0.684879 0.128018
vt 0.693040 0.115804
vt 0.698662 0.102233
vt 0.701527 0.087826
vt 0.698662 0.058729
vt 0.693040 0.045158
vt 0.684879 0.032944
vt 0.674492 0.022557
vt 0.662278 0.014396
vt 0.648707 0.008774
vt 0.634300 0.005909
vt 0.619610 0.005909
vt 0.605203 0.008774
vt 0.591632 0.014396
vt 0.579418 0.022557
vt 0.569031 0.032944
vt 0.560870 0.045158
vt 0.555248 0.058729
vt 0.552383 0.073136
vt 0.555248 0.102233
vt 0.560870 0.115804
vt 0.569031 0.128018
s 1
usemtl マテリアル
f 2/1/2 85/2/66 84/3/65
f 4/4/4 105/5/67 85/2/66
f 6/6/6 125/7/68 105/5/67
f 8/8/8 145/9/69 125/7/68
f 10/10/10 165/11/70 145/9/69
f 12/12/12 185/13/71 165/11/70
f 14/14/14 205/15/72 185/13/71
f 16/16/16 225/17/73 205/15/72
f 18/18/18 245/19/74 225/17/73
f 20/20/20 265/21/75 245/19/74
f 22/22/22 285/23/76 265/21/75
f 24/24/24 305/25/77 285/23/76
f 26/26/26 325/27/78 305/25/77
f 28/28/28 345/29/79 325/27/78
f 30/30/30 365/31/80 345/29/79
f 32/32/32 385/33/81 365/31/80
f 34/34/34 405/35/82 385/33/81
f 36/36/36 425/37/83 405/35/82
f 38/38/38 445/39/84 425/37/83
f 40/40/40 465/41/85 445/39/84
f 465/41/85 44/42/44 485/43/86
f 485/43/86 46/44/46 505/45/87
f 505/45/87 48/46/48 525/47/88
f 525/47/88 50/48/50 545/49/89
f 545/49/89 52/50/52 565/51/90
f 565/51/90 54/52/54 585/53/91
f 585/53/91 56/54/56 605/55/92
f 605/55/92 58/56/58 625/57/93
f 58/56/58 645/58/94 625/57/93
f 60/59/60 665/60/95 645/58/94
f 14/61/14 732/62/124 731/63/123
f 46/64/46 718/65/110 714/66/106
f 62/67/62 685/68/96 665/60/95
f 64/69/64 84/70/65 685/68/96
f 1769/71/206 816/72/132 1768/73/205
f 737/74/129 1817/75/254 1761/76/198
f 704/77/96 1/78/1 63/79/63
f 704/77/96 66/80/65 65/81/65
f 703/82/96 67/83/65 66/80/65
f 702/84/96 68/85/65 67/83/65
f 701/86/96 69/87/65 68/85/65
f 700/88/96 70/89/65 69/87/65
f 699/90/96 71/91/65 70/89/65
f 698/92/96 72/93/65 71/91/65
f 697/94/96 73/95/65 72/93/65
f 696/96/96 74/97/65 73/95/65
f 695/98/96 75/99/65 74/97/65
f 694/100/96 76/101/65 75/99/65
f 693/102/96 77/103/65 76/101/65
f 692/104/96 78/105/65 77/103/65
f 691/106/96 79/107/65 78/105/65
f 690/108/96 80/109/65 79/107/65
f 689/110/96 81/111/65 80/109/65
f 688/112/96 82/113/65 81/111/65
f 687/114/96 83/115/65 82/113/65
f 686/116/96 84/70/65 83/115/65
f 684/117/95 63/79/63 61/118/61
f 683/119/95 704/77/96 684/117/95
f 682/120/95 703/82/96 683/119/95
f 681/121/95 702/84/96 682/120/95
f 680/122/95 701/86/96 681/121/95
f 679/123/95 700/88/96 680/122/95
f 678/124/95 699/90/96 679/123/95
f 677/125/95 698/92/96 678/124/95
f 676/126/95 697/94/96 677/125/95
f 675/127/95 696/96/96 676/126/95
f 674/128/95 695/98/96 675/127/95
f 673/129/95 694/100/96 674/128/95
f 672/130/95 693/102/96 673/129/95
f 671/131/95 692/104/96 672/130/95
f 670/132/95 691/106/96 671/131/95
f 669/133/95 690/108/96 670/132/95
f 668/134/95 689/110/96 669/133/95
f 667/135/95 688/112/96 668/134/95
f 666/136/95 687/114/96 667/135/95
f 665/60/95 686/116/96 666/136/95
f 664/137/94 61/118/61 59/138/59
f 663/139/94 684/117/95 664/137/94
f 662/140/94 683/119/95 663/139/94
f 662/140/94 681/121/95 682/120/95
f 660/141/94 681/121/95 661/142/94
f 659/143/94 680/122/95 660/141/94
f 658/144/94 679/123/95 659/143/94
f 657/145/94 678/124/95 658/144/94
f 657/145/94 676/126/95 677/125/95
f 655/146/94 676/126/95 656/147/94
f 654/148/94 675/127/95 655/146/94
f 653/149/94 674/128/95 654/148/94
f 653/149/94 672/130/95 673/129/95
f 651/150/94 672/130/95 652/151/94
f 650/152/94 671/131/95 651/150/94
f 649/153/94 670/132/95 650/152/94
f 648/154/94 669/133/95 649/153/94
f 648/154/94 667/135/95 668/134/95
f 646/155/94 667/135/95 647/156/94
f 645/58/94 666/136/95 646/155/94
f 644/157/93 59/138/59 57/158/57
f 643/159/93 664/137/94 644/157/93
f 642/160/93 663/139/94 643/159/93
f 642/160/93 661/142/94 662/140/94
f 640/161/93 661/142/94 641/162/93
f 639/163/93 660/141/94 640/161/93
f 638/164/93 659/143/94 639/163/93
f 637/165/93 658/144/94 638/164/93
f 637/165/93 656/147/94 657/145/94
f 635/166/93 656/147/94 636/167/93
f 634/168/93 655/146/94 635/166/93
f 633/169/93 654/148/94 634/168/93
f 633/169/93 652/151/94 653/149/94
f 631/170/93 652/151/94 632/171/93
f 630/172/93 651/150/94 631/170/93
f 629/173/93 650/152/94 630/172/93
f 628/174/93 649/153/94 629/173/93
f 628/174/93 647/156/94 648/154/94
f 626/175/93 647/156/94 627/176/93
f 625/57/93 646/155/94 626/175/93
f 55/177/55 644/157/93 57/158/57
f 623/178/92 644/157/93 624/179/92
f 623/178/92 642/160/93 643/159/93
f 622/180/92 641/162/93 642/160/93
f 621/181/92 640/161/93 641/162/93
f 619/182/92 640/161/93 620/183/92
f 618/184/92 639/163/93 619/182/92
f 618/184/92 637/165/93 638/164/93
f 617/185/92 636/167/93 637/165/93
f 616/186/92 635/166/93 636/167/93
f 614/187/92 635/166/93 615/188/92
f 614/187/92 633/169/93 634/168/93
f 613/189/92 632/171/93 633/169/93
f 612/190/92 631/170/93 632/171/93
f 610/191/92 631/170/93 611/192/92
f 609/193/92 630/172/93 610/191/92
f 609/193/92 628/174/93 629/173/93
f 608/194/92 627/176/93 628/174/93
f 607/195/92 626/175/93 627/176/93
f 605/55/92 626/175/93 606/196/92
f 53/197/53 624/179/92 55/177/55
f 603/198/91 624/179/92 604/199/91
f 603/198/91 622/180/92 623/178/92
f 601/200/91 622/180/92 602/201/91
f 601/200/91 620/183/92 621/181/92
f 599/202/91 620/183/92 600/203/91
f 598/204/91 619/182/92 599/202/91
f 598/204/91 617/185/92 618/184/92
f 596/205/91 617/185/92 597/206/91
f 595/207/91 616/186/92 596/205/91
f 594/208/91 615/188/92 595/207/91
f 593/209/91 614/187/92 594/208/91
f 592/210/91 613/189/92 593/209/91
f 592/210/91 611/192/92 612/190/92
f 590/211/91 611/192/92 591/212/91
f 589/213/91 610/191/92 590/211/91
f 589/213/91 608/194/92 609/193/92
f 587/214/91 608/194/92 588/215/91
f 587/214/91 606/196/92 607/195/92
f 585/53/91 606/196/92 586/216/91
f 51/217/51 604/199/91 53/197/53
f 583/218/90 604/199/91 584/219/90
f 583/218/90 602/201/91 603/198/91
f 581/220/90 602/201/91 582/221/90
f 581/220/90 600/203/91 601/200/91
f 580/222/90 599/202/91 600/203/91
f 578/223/90 599/202/91 579/224/90
f 578/223/90 597/206/91 598/204/91
f 577/225/90 596/205/91 597/206/91
f 575/226/90 596/205/91 576/227/90
f 574/228/90 595/207/91 575/226/90
f 573/229/90 594/208/91 574/228/90
f 572/230/90 593/209/91 573/229/90
f 572/230/90 591/212/91 592/210/91
f 571/231/90 590/211/91 591/212/91
f 569/232/90 590/211/91 570/233/90
f 569/232/90 588/215/91 589/213/91
f 567/234/90 588/215/91 568/235/90
f 567/234/90 586/216/91 587/214/91
f 565/51/90 586/216/91 566/236/90
f 49/237/49 584/219/90 51/217/51
f 563/238/89 584/219/90 564/239/89
f 563/238/89 582/221/90 583/218/90
f 561/240/89 582/221/90 562/241/89
f 561/240/89 580/222/90 581/220/90
f 560/242/89 579/224/90 580/222/90
f 559/243/89 578/223/90 579/224/90
f 558/244/89 577/225/90 578/223/90
f 556/245/89 577/225/90 557/246/89
f 556/245/89 575/226/90 576/227/90
f 554/247/89 575/226/90 555/248/89
f 553/249/89 574/228/90 554/247/89
f 552/250/89 573/229/90 553/249/89
f 551/251/89 572/230/90 552/250/89
f 551/251/89 570/233/90 571/231/90
f 550/252/89 569/232/90 570/233/90
f 549/253/89 568/235/90 569/232/90
f 548/254/89 567/234/90 568/235/90
f 546/255/89 567/234/90 547/256/89
f 546/255/89 565/51/90 566/236/90
f 47/257/47 564/239/89 49/237/49
f 543/258/88 564/239/89 544/259/88
f 543/258/88 562/241/89 563/238/89
f 541/260/88 562/241/89 542/261/88
f 541/260/88 560/242/89 561/240/89
f 540/262/88 559/243/89 560/242/89
f 539/263/88 558/244/89 559/243/89
f 538/264/88 557/246/89 558/244/89
f 536/265/88 557/246/89 537/266/88
f 536/265/88 555/248/89 556/245/89
f 534/267/88 555/248/89 535/268/88
f 533/269/88 554/247/89 534/267/88
f 532/270/88 553/249/89 533/269/88
f 531/271/88 552/250/89 532/270/88
f 531/271/88 550/252/89 551/251/89
f 530/272/88 549/253/89 550/252/89
f 529/273/88 548/254/89 549/253/89
f 528/274/88 547/256/89 548/254/89
f 526/275/88 547/256/89 527/276/88
f 526/275/88 545/49/89 546/255/89
f 45/277/45 544/259/88 47/257/47
f 524/278/87 543/258/88 544/259/88
f 523/279/87 542/261/88 543/258/88
f 522/280/87 541/260/88 542/261/88
f 521/281/87 540/262/88 541/260/88
f 519/282/87 540/262/88 520/283/87
f 519/282/87 538/264/88 539/263/88
f 518/284/87 537/266/88 538/264/88
f 516/285/87 537/266/88 517/286/87
f 516/285/87 535/268/88 536/265/88
f 514/287/87 535/268/88 515/288/87
f 513/289/87 534/267/88 514/287/87
f 513/289/87 532/270/88 533/269/88
f 512/290/87 531/271/88 532/270/88
f 510/291/87 531/271/88 511/292/87
f 510/291/87 529/273/88 530/272/88
f 509/293/87 528/274/88 529/273/88
f 508/294/87 527/276/88 528/274/88
f 507/295/87 526/275/88 527/276/88
f 506/296/87 525/47/88 526/275/88
f 43/297/43 524/278/87 45/277/45
f 503/298/86 524/278/87 504/299/86
f 503/298/86 522/280/87 523/279/87
f 501/300/86 522/280/87 502/301/86
f 501/300/86 520/283/87 521/281/87
f 499/302/86 520/283/87 500/303/86
f 498/304/86 519/282/87 499/302/86
f 498/304/86 517/286/87 518/284/87
f 496/305/86 517/286/87 497/306/86
f 495/307/86 516/285/87 496/305/86
f 494/308/86 515/288/87 495/307/86
f 493/309/86 514/287/87 494/308/86
f 492/310/86 513/289/87 493/309/86
f 492/310/86 511/292/87 512/290/87
f 490/311/86 511/292/87 491/312/86
f 489/313/86 510/291/87 490/311/86
f 489/313/86 508/294/87 509/293/87
f 487/314/86 508/294/87 488/315/86
f 487/314/86 506/296/87 507/295/87
f 485/43/86 506/296/87 486/316/86
f 41/317/41 504/299/86 43/297/43
f 483/318/85 504/299/86 484/319/85
f 483/318/85 502/301/86 503/298/86
f 482/320/85 501/300/86 502/301/86
f 481/321/85 500/303/86 501/300/86
f 479/322/85 500/303/86 480/323/85
f 478/324/85 499/302/86 479/322/85
f 478/324/85 497/306/86 498/304/86
f 477/325/85 496/305/86 497/306/86
f 476/326/85 495/307/86 496/305/86
f 474/327/85 495/307/86 475/328/85
f 474/327/85 493/309/86 494/308/86
f 473/329/85 492/310/86 493/309/86
f 472/330/85 491/312/86 492/310/86
f 470/331/85 491/312/86 471/332/85
f 469/333/85 490/311/86 470/331/85
f 469/333/85 488/315/86 489/313/86
f 468/334/85 487/314/86 488/315/86
f 467/335/85 486/316/86 487/314/86
f 465/41/85 486/316/86 466/336/85
f 464/337/84 41/317/41 39/338/39
f 463/339/84 484/319/85 464/337/84
f 462/340/84 483/318/85 463/339/84
f 462/340/84 481/321/85 482/320/85
f 460/341/84 481/321/85 461/342/84
f 459/343/84 480/323/85 460/341/84
f 458/344/84 479/322/85 459/343/84
f 457/345/84 478/324/85 458/344/84
f 457/345/84 476/326/85 477/325/85
f 455/346/84 476/326/85 456/347/84
f 454/348/84 475/328/85 455/346/84
f 453/349/84 474/327/85 454/348/84
f 453/349/84 472/330/85 473/329/85
f 451/350/84 472/330/85 452/351/84
f 450/352/84 471/332/85 451/350/84
f 449/353/84 470/331/85 450/352/84
f 448/354/84 469/333/85 449/353/84
f 448/354/84 467/335/85 468/334/85
f 446/355/84 467/335/85 447/356/84
f 445/39/84 466/336/85 446/355/84
f 444/357/83 39/338/39 37/358/37
f 443/359/83 464/337/84 444/357/83
f 442/360/83 463/339/84 443/359/83
f 442/360/83 461/342/84 462/340/84
f 440/361/83 461/342/84 441/362/83
f 439/363/83 460/341/84 440/361/83
f 438/364/83 459/343/84 439/363/83
f 437/365/83 458/344/84 438/364/83
f 437/365/83 456/347/84 457/345/84
f 435/366/83 456/347/84 436/367/83
f 434/368/83 455/346/84 435/366/83
f 433/369/83 454/348/84 434/368/83
f 433/369/83 452/351/84 453/349/84
f 431/370/83 452/351/84 432/371/83
f 430/372/83 451/350/84 431/370/83
f 429/373/83 450/352/84 430/372/83
f 428/374/83 449/353/84 429/373/83
f 428/374/83 447/356/84 448/354/84
f 426/375/83 447/356/84 427/376/83
f 425/37/83 446/355/84 426/375/83
f 424/377/82 37/358/37 35/378/35
f 423/379/82 444/357/83 424/377/82
f 422/380/82 443/359/83 423/379/82
f 421/381/82 442/360/83 422/380/82
f 420/382/82 441/362/83 421/381/82
f 419/383/82 440/361/83 420/382/82
f 418/384/82 439/363/83 419/383/82
f 417/385/82 438/364/83 418/384/82
f 416/386/82 437/365/83 417/385/82
f 415/387/82 436/367/83 416/386/82
f 414/388/82 435/366/83 415/387/82
f 413/389/82 434/368/83 414/388/82
f 412/390/82 433/369/83 413/389/82
f 411/391/82 432/371/83 412/390/82
f 410/392/82 431/370/83 411/391/82
f 409/393/82 430/372/83 410/392/82
f 408/394/82 429/373/83 409/393/82
f 407/395/82 428/374/83 408/394/82
f 406/396/82 427/376/83 407/395/82
f 405/35/82 426/375/83 406/396/82
f 404/397/81 35/378/35 33/398/33
f 403/399/81 424/377/82 404/397/81
f 402/400/81 423/379/82 403/399/81
f 401/401/81 422/380/82 402/400/81
f 400/402/81 421/381/82 401/401/81
f 399/403/81 420/382/82 400/402/81
f 398/404/81 419/383/82 399/403/81
f 397/405/81 418/384/82 398/404/81
f 396/406/81 417/385/82 397/405/81
f 395/407/81 416/386/82 396/406/81
f 394/408/81 415/387/82 395/407/81
f 393/409/81 414/388/82 394/408/81
f 392/410/81 413/389/82 393/409/81
f 391/411/81 412/390/82 392/410/81
f 390/412/81 411/391/82 391/411/81
f 389/413/81 410/392/82 390/412/81
f 388/414/81 409/393/82 389/413/81
f 387/415/81 408/394/82 388/414/81
f 386/416/81 407/395/82 387/415/81
f 385/33/81 406/396/82 386/416/81
f 384/417/80 33/398/33 31/418/31
f 383/419/80 404/397/81 384/417/80
f 382/420/80 403/399/81 383/419/80
f 381/421/80 402/400/81 382/420/80
f 380/422/80 401/401/81 381/421/80
f 379/423/80 400/402/81 380/422/80
f 378/424/80 399/403/81 379/423/80
f 377/425/80 398/404/81 378/424/80
f 376/426/80 397/405/81 377/425/80
f 375/427/80 396/406/81 376/426/80
f 374/428/80 395/407/81 375/427/80
f 373/429/80 394/408/81 374/428/80
f 372/430/80 393/409/81 373/429/80
f 371/431/80 392/410/81 372/430/80
f 370/432/80 391/411/81 371/431/80
f 369/433/80 390/412/81 370/432/80
f 368/434/80 389/413/81 369/433/80
f 367/435/80 388/414/81 368/434/80
f 366/436/80 387/415/81 367/435/80
f 365/31/80 386/416/81 366/436/80
f 364/437/79 31/418/31 29/438/29
f 363/439/79 384/417/80 364/437/79
f 362/440/79 383/419/80 363/439/79
f 361/441/79 382/420/80 362/440/79
f 360/442/79 381/421/80 361/441/79
f 359/443/79 380/422/80 360/442/79
f 358/444/79 379/423/80 359/443/79
f 358/444/79 377/425/80 378/424/80
f 357/445/79 376/426/80 377/425/80
f 355/446/79 376/426/80 356/447/79
f 354/448/79 375/427/80 355/446/79
f 353/449/79 374/428/80 354/448/79
f 353/449/79 372/430/80 373/429/80
f 352/450/79 371/431/80 372/430/80
f 350/451/79 371/431/80 351/452/79
f 349/453/79 370/432/80 350/451/79
f 348/454/79 369/433/80 349/453/79
f 347/455/79 368/434/80 348/454/79
f 346/456/79 367/435/80 347/455/79
f 345/29/79 366/436/80 346/456/79
f 344/457/78 29/438/29 27/458/27
f 343/459/78 364/437/79 344/457/78
f 342/460/78 363/439/79 343/459/78
f 341/461/78 362/440/79 342/460/78
f 340/462/78 361/441/79 341/461/78
f 339/463/78 360/442/79 340/462/78
f 338/464/78 359/443/79 339/463/78
f 337/465/78 358/444/79 338/464/78
f 336/466/78 357/445/79 337/465/78
f 335/467/78 356/447/79 336/466/78
f 334/468/78 355/446/79 335/467/78
f 333/469/78 354/448/79 334/468/78
f 332/470/78 353/449/79 333/469/78
f 331/471/78 352/450/79 332/470/78
f 330/472/78 351/452/79 331/471/78
f 329/473/78 350/451/79 330/472/78
f 328/474/78 349/453/79 329/473/78
f 327/475/78 348/454/79 328/474/78
f 326/476/78 347/455/79 327/475/78
f 325/27/78 346/456/79 326/476/78
f 324/477/77 27/458/27 25/478/25
f 323/479/77 344/457/78 324/477/77
f 322/480/77 343/459/78 323/479/77
f 321/481/77 342/460/78 322/480/77
f 320/482/77 341/461/78 321/481/77
f 319/483/77 340/462/78 320/482/77
f 318/484/77 339/463/78 319/483/77
f 317/485/77 338/464/78 318/484/77
f 316/486/77 337/465/78 317/485/77
f 316/486/77 335/467/78 336/466/78
f 315/487/77 334/468/78 335/467/78
f 314/488/77 333/469/78 334/468/78
f 312/489/77 333/469/78 313/490/77
f 311/491/77 332/470/78 312/489/77
f 310/492/77 331/471/78 311/491/77
f 309/493/77 330/472/78 310/492/77
f 308/494/77 329/473/78 309/493/77
f 307/495/77 328/474/78 308/494/77
f 306/496/77 327/475/78 307/495/77
f 305/25/77 326/476/78 306/496/77
f 304/497/76 25/478/25 23/498/23
f 303/499/76 324/477/77 304/497/76
f 302/500/76 323/479/77 303/499/76
f 301/501/76 322/480/77 302/500/76
f 300/502/76 321/481/77 301/501/76
f 299/503/76 320/482/77 300/502/76
f 298/504/76 319/483/77 299/503/76
f 297/505/76 318/484/77 298/504/76
f 296/506/76 317/485/77 297/505/76
f 295/507/76 316/486/77 296/506/76
f 294/508/76 315/487/77 295/507/76
f 293/509/76 314/488/77 294/508/76
f 292/510/76 313/490/77 293/509/76
f 291/511/76 312/489/77 292/510/76
f 290/512/76 311/491/77 291/511/76
f 289/513/76 310/492/77 290/512/76
f 288/514/76 309/493/77 289/513/76
f 287/515/76 308/494/77 288/514/76
f 286/516/76 307/495/77 287/515/76
f 285/23/76 306/496/77 286/516/76
f 284/517/75 23/498/23 21/518/21
f 283/519/75 304/497/76 284/517/75
f 282/520/75 303/499/76 283/519/75
f 281/521/75 302/500/76 282/520/75
f 280/522/75 301/501/76 281/521/75
f 279/523/75 300/502/76 280/522/75
f 278/524/75 299/503/76 279/523/75
f 277/525/75 298/504/76 278/524/75
f 277/525/75 296/506/76 297/505/76
f 275/526/75 296/506/76 276/527/75
f 274/528/75 295/507/76 275/526/75
f 274/528/75 293/509/76 294/508/76
f 273/529/75 292/510/76 293/509/76
f 271/530/75 292/510/76 272/531/75
f 270/532/75 291/511/76 271/530/75
f 269/533/75 290/512/76 270/532/75
f 268/534/75 289/513/76 269/533/75
f 267/535/75 288/514/76 268/534/75
f 266/536/75 287/515/76 267/535/75
f 265/21/75 286/516/76 266/536/75
f 264/537/74 21/518/21 19/538/19
f 263/539/74 284/517/75 264/537/74
f 262/540/74 283/519/75 263/539/74
f 261/541/74 282/520/75 262/540/74
f 260/542/74 281/521/75 261/541/74
f 259/543/74 280/522/75 260/542/74
f 258/544/74 279/523/75 259/543/74
f 257/545/74 278/524/75 258/544/74
f 256/546/74 277/525/75 257/545/74
f 255/547/74 276/527/75 256/546/74
f 255/547/74 274/528/75 275/526/75
f 253/548/74 274/528/75 254/549/74
f 252/550/74 273/529/75 253/548/74
f 251/551/74 272/531/75 252/550/74
f 250/552/74 271/530/75 251/551/74
f 249/553/74 270/532/75 250/552/74
f 248/554/74 269/533/75 249/553/74
f 247/555/74 268/534/75 248/554/74
f 246/556/74 267/535/75 247/555/74
f 245/19/74 266/536/75 246/556/74
f 244/557/73 19/538/19 17/558/17
f 243/559/73 264/537/74 244/557/73
f 242/560/73 263/539/74 243/559/73
f 241/561/73 262/540/74 242/560/73
f 240/562/73 261/541/74 241/561/73
f 239/563/73 260/542/74 240/562/73
f 238/564/73 259/543/74 239/563/73
f 237/565/73 258/544/74 238/564/73
f 236/566/73 257/545/74 237/565/73
f 235/567/73 256/546/74 236/566/73
f 234/568/73 255/547/74 235/567/73
f 233/569/73 254/549/74 234/568/73
f 232/570/73 253/548/74 233/569/73
f 231/571/73 252/550/74 232/570/73
f 230/572/73 251/551/74 231/571/73
f 229/573/73 250/552/74 230/572/73
f 228/574/73 249/553/74 229/573/73
f 227/575/73 248/554/74 228/574/73
f 226/576/73 247/555/74 227/575/73
f 225/17/73 246/556/74 226/576/73
f 224/577/72 17/558/17 15/578/15
f 223/579/72 244/557/73 224/577/72
f 222/580/72 243/559/73 223/579/72
f 221/581/72 242/560/73 222/580/72
f 220/582/72 241/561/73 221/581/72
f 219/583/72 240/562/73 220/582/72
f 218/584/72 239/563/73 219/583/72
f 217/585/72 238/564/73 218/584/72
f 216/586/72 237/565/73 217/585/72
f 215/587/72 236/566/73 216/586/72
f 214/588/72 235/567/73 215/587/72
f 213/589/72 234/568/73 214/588/72
f 212/590/72 233/569/73 213/589/72
f 211/591/72 232/570/73 212/590/72
f 210/592/72 231/571/73 211/591/72
f 209/593/72 230/572/73 210/592/72
f 208/594/72 229/573/73 209/593/72
f 207/595/72 228/574/73 208/594/72
f 206/596/72 227/575/73 207/595/72
f 205/15/72 226/576/73 206/596/72
f 204/597/71 15/578/15 13/598/13
f 203/599/71 224/577/72 204/597/71
f 202/600/71 223/579/72 203/599/71
f 201/601/71 222/580/72 202/600/71
f 200/602/71 221/581/72 201/601/71
f 199/603/71 220/582/72 200/602/71
f 198/604/71 219/583/72 199/603/71
f 197/605/71 218/584/72 198/604/71
f 196/606/71 217/585/72 197/605/71
f 196/606/71 215/587/72 216/586/72
f 195/607/71 214/588/72 215/587/72
f 194/608/71 213/589/72 214/588/72
f 192/609/71 213/589/72 193/610/71
f 191/611/71 212/590/72 192/609/71
f 190/612/71 211/591/72 191/611/71
f 189/613/71 210/592/72 190/612/71
f 188/614/71 209/593/72 189/613/71
f 187/615/71 208/594/72 188/614/71
f 186/616/71 207/595/72 187/615/71
f 185/13/71 206/596/72 186/616/71
f 184/617/70 13/598/13 11/618/11
f 183/619/70 204/597/71 184/617/70
f 182/620/70 203/599/71 183/619/70
f 181/621/70 202/600/71 182/620/70
f 180/622/70 201/601/71 181/621/70
f 179/623/70 200/602/71 180/622/70
f 178/624/70 199/603/71 179/623/70
f 177/625/70 198/604/71 178/624/70
f 177/625/70 196/606/71 197/605/71
f 175/626/70 196/606/71 176/627/70
f 174/628/70 195/607/71 175/626/70
f 174/628/70 193/610/71 194/608/71
f 173/629/70 192/609/71 193/610/71
f 171/630/70 192/609/71 172/631/70
f 170/632/70 191/611/71 171/630/70
f 169/633/70 190/612/71 170/632/70
f 168/634/70 189/613/71 169/633/70
f 167/635/70 188/614/71 168/634/70
f 166/636/70 187/615/71 167/635/70
f 165/11/70 186/616/71 166/636/70
f 164/637/69 11/618/11 9/638/9
f 163/639/69 184/617/70 164/637/69
f 162/640/69 183/619/70 163/639/69
f 161/641/69 182/620/70 162/640/69
f 160/642/69 181/621/70 161/641/69
f 159/643/69 180/622/70 160/642/69
f 158/644/69 179/623/70 159/643/69
f 157/645/69 178/624/70 158/644/69
f 156/646/69 177/625/70 157/645/69
f 155/647/69 176/627/70 156/646/69
f 154/648/69 175/626/70 155/647/69
f 153/649/69 174/628/70 154/648/69
f 152/650/69 173/629/70 153/649/69
f 151/651/69 172/631/70 152/650/69
f 150/652/69 171/630/70 151/651/69
f 149/653/69 170/632/70 150/652/69
f 148/654/69 169/633/70 149/653/69
f 147/655/69 168/634/70 148/654/69
f 146/656/69 167/635/70 147/655/69
f 145/9/69 166/636/70 146/656/69
f 144/657/68 9/638/9 7/658/7
f 143/659/68 164/637/69 144/657/68
f 142/660/68 163/639/69 143/659/68
f 141/661/68 162/640/69 142/660/68
f 140/662/68 161/641/69 141/661/68
f 139/663/68 160/642/69 140/662/68
f 138/664/68 159/643/69 139/663/68
f 137/665/68 158/644/69 138/664/68
f 136/666/68 157/645/69 137/665/68
f 135/667/68 156/646/69 136/666/68
f 135/667/68 154/648/69 155/647/69
f 134/668/68 153/649/69 154/648/69
f 132/669/68 153/649/69 133/670/68
f 131/671/68 152/650/69 132/669/68
f 130/672/68 151/651/69 131/671/68
f 129/673/68 150/652/69 130/672/68
f 128/674/68 149/653/69 129/673/68
f 127/675/68 148/654/69 128/674/68
f 126/676/68 147/655/69 127/675/68
f 125/7/68 146/656/69 126/676/68
f 124/677/67 7/658/7 5/678/5
f 123/679/67 144/657/68 124/677/67
f 122/680/67 143/659/68 123/679/67
f 121/681/67 142/660/68 122/680/67
f 120/682/67 141/661/68 121/681/67
f 119/683/67 140/662/68 120/682/67
f 118/684/67 139/663/68 119/683/67
f 117/685/67 138/664/68 118/684/67
f 116/686/67 137/665/68 117/685/67
f 115/687/67 136/666/68 116/686/67
f 114/688/67 135/667/68 115/687/67
f 113/689/67 134/668/68 114/688/67
f 112/690/67 133/670/68 113/689/67
f 111/691/67 132/669/68 112/690/67
f 110/692/67 131/671/68 111/691/67
f 109/693/67 130/672/68 110/692/67
f 108/694/67 129/673/68 109/693/67
f 107/695/67 128/674/68 108/694/67
f 106/696/67 127/675/68 107/695/67
f 105/5/67 126/676/68 106/696/67
f 104/697/66 5/678/5 3/698/3
f 103/699/66 124/677/67 104/697/66
f 102/700/66 123/679/67 103/699/66
f 101/701/66 122/680/67 102/700/66
f 100/702/66 121/681/67 101/701/66
f 99/703/66 120/682/67 100/702/66
f 98/704/66 119/683/67 99/703/66
f 98/704/66 117/685/67 118/684/67
f 97/705/66 116/686/67 117/685/67
f 95/706/66 116/686/67 96/707/66
f 94/708/66 115/687/67 95/706/66
f 93/709/66 114/688/67 94/708/66
f 93/709/66 112/690/67 113/689/67
f 92/710/66 111/691/67 112/690/67
f 90/711/66 111/691/67 91/712/66
f 89/713/66 110/692/67 90/711/66
f 88/714/66 109/693/67 89/713/66
f 87/715/66 108/694/67 88/714/66
f 86/716/66 107/695/67 87/715/66
f 85/2/66 106/696/67 86/716/66
f 65/717/65 3/698/3 1/718/1
f 66/719/65 104/697/66 65/717/65
f 67/720/65 103/699/66 66/719/65
f 68/721/65 102/700/66 67/720/65
f 69/722/65 101/701/66 68/721/65
f 70/723/65 100/702/66 69/722/65
f 71/724/65 99/703/66 70/723/65
f 72/725/65 98/704/66 71/724/65
f 73/726/65 97/705/66 72/725/65
f 74/727/65 96/707/66 73/726/65
f 75/728/65 95/706/66 74/727/65
f 76/729/65 94/708/66 75/728/65
f 77/730/65 93/709/66 76/729/65
f 78/731/65 92/710/66 77/730/65
f 79/732/65 91/712/66 78/731/65
f 80/733/65 90/711/66 79/732/65
f 81/734/65 89/713/66 80/733/65
f 82/735/65 88/714/66 81/734/65
f 83/736/65 87/715/66 82/735/65
f 84/3/65 86/716/66 83/736/65
f 1247/737/161 739/738/129 1246/739/31
f 767/740/131 739/741/129 738/742/130
f 765/743/36 741/744/129 740/745/130
f 763/746/36 743/747/129 742/748/130
f 761/749/36 745/750/129 744/751/130
f 759/752/131 747/753/129 746/754/130
f 757/755/131 749/756/129 748/757/130
f 755/758/36 751/759/129 750/760/130
f 711/761/103 753/762/131 710/763/102
f 1232/764/29 1813/765/250 1811/766/248
f 1247/737/161 1230/767/29 1231/768/30
f 1245/769/161 1228/770/29 1229/771/30
f 1243/772/161 1226/773/29 1227/774/30
f 1241/775/161 1224/776/29 1225/777/30
f 1239/778/161 1222/779/29 1223/780/30
f 1217/781/30 708/782/100 709/783/101
f 1237/784/161 1220/785/29 1221/786/30
f 1235/787/161 1218/788/29 1219/789/30
f 1215/790/28 1230/767/29 1214/791/27
f 1213/792/28 1228/770/29 1212/793/27
f 1211/794/28 1226/773/29 1210/795/27
f 1209/796/28 1224/776/29 1208/797/27
f 1207/798/28 1222/779/29 1206/799/27
f 1205/800/28 1220/785/29 1204/801/27
f 1203/802/28 1218/788/29 1202/803/27
f 1201/804/28 709/783/101 706/805/98
f 1248/806/31 1811/766/248 1817/75/254
f 1199/807/26 1214/791/27 1198/808/25
f 1197/809/26 1212/793/27 1196/810/25
f 1195/811/26 1210/795/27 1194/812/25
f 1193/813/26 1208/797/27 1192/814/25
f 1191/815/26 1206/799/27 1190/816/25
f 1189/817/26 1204/801/27 1188/818/25
f 1187/819/26 1202/803/27 1186/820/25
f 1185/821/26 706/805/98 707/822/99
f 1216/823/27 1810/824/247 1813/765/250
f 1183/825/24 1198/808/25 1182/826/23
f 1181/827/24 1196/810/25 1180/828/23
f 1179/829/24 1194/812/25 1178/830/23
f 1177/831/24 1192/814/25 1176/832/23
f 1175/833/24 1190/816/25 1174/834/23
f 1173/835/24 1188/818/25 1172/836/23
f 1171/837/24 1186/820/25 1170/838/23
f 1169/839/24 707/822/99 705/840/97
f 1168/841/160 1807/842/244 1805/843/242
f 1167/844/157 1182/826/23 1166/845/156
f 1165/846/22 1180/828/23 1164/847/156
f 1162/848/158 1179/829/24 1178/830/23
f 1160/849/158 1177/831/24 1176/832/23
f 1158/850/158 1175/833/24 1174/834/23
f 1157/851/157 1172/836/23 1156/852/158
f 1155/853/157 1170/838/23 1154/854/156
f 1153/855/22 705/840/97 733/856/125
f 1200/857/25 1816/858/253 1810/824/247
f 1167/844/157 1150/859/19 1151/860/20
f 1165/846/22 1148/861/19 1149/862/20
f 1163/863/159 1146/864/19 1147/865/20
f 1161/866/159 1144/867/19 1145/868/20
f 1159/869/159 1142/870/19 1143/871/20
f 1137/872/20 733/856/125 713/873/105
f 1157/851/157 1140/874/19 1141/875/20
f 1155/853/157 1138/876/19 1139/877/20
f 1136/878/17 1821/879/258 1803/880/240
f 1151/860/20 1134/881/17 1135/882/18
f 1149/862/20 1132/883/17 1133/884/18
f 1147/865/20 1130/885/17 1131/886/18
f 1145/868/20 1128/887/17 1129/888/18
f 1143/871/20 1126/889/17 1127/890/18
f 1121/891/18 713/873/105 712/892/104
f 1141/875/20 1124/893/17 1125/894/18
f 1139/877/20 1122/895/17 1123/896/18
f 1184/897/23 1805/843/242 1816/858/253
f 1135/882/18 1118/898/15 1119/899/16
f 1133/884/18 1116/900/15 1117/901/16
f 1131/886/18 1114/902/15 1115/903/16
f 1129/888/18 1112/904/15 1113/905/16
f 1127/890/18 1110/906/15 1111/907/16
f 1105/908/16 712/892/104 714/909/106
f 1125/894/18 1108/910/15 1109/911/16
f 1123/896/18 1106/912/15 1107/913/16
f 1104/914/13 1793/915/230 1789/916/226
f 1119/899/16 1102/917/13 1103/918/153
f 1117/901/16 1100/919/13 1101/920/154
f 1115/903/16 1098/921/155 1099/922/154
f 1113/905/16 1096/923/155 1097/924/154
f 1111/907/16 1094/925/155 1095/926/153
f 1089/927/151 714/909/106 718/928/110
f 1109/911/16 1092/929/152 1093/930/154
f 1107/913/16 1090/931/152 1091/932/153
f 1088/933/11 1791/934/228 1793/915/230
f 1087/935/12 1102/917/13 1086/936/11
f 1085/937/12 1100/919/13 1084/938/11
f 1082/939/11 1099/922/154 1098/921/155
f 1080/940/11 1097/924/154 1096/923/155
f 1078/941/11 1095/926/153 1094/925/155
f 1077/942/12 1092/929/152 1076/943/11
f 1075/944/12 1090/931/152 1074/945/11
f 1073/946/12 718/928/110 715/947/107
f 1072/948/150 1797/949/234 1791/934/228
f 1071/950/149 1086/936/11 1070/951/9
f 1069/952/149 1084/938/11 1068/953/9
f 1067/954/10 1082/939/11 1066/955/9
f 1065/956/10 1080/940/11 1064/957/9
f 1063/958/10 1078/941/11 1062/959/9
f 1061/960/10 1076/943/11 1060/961/9
f 1059/962/149 1074/945/11 1058/963/9
f 1057/964/149 715/947/107 717/965/109
f 1056/966/7 1795/967/232 1797/949/234
f 1054/968/7 1071/950/149 1070/951/9
f 1052/969/7 1069/952/149 1068/953/9
f 1050/970/7 1067/954/10 1066/955/9
f 1048/971/7 1065/956/10 1064/957/9
f 1046/972/7 1063/958/10 1062/959/9
f 1044/973/7 1061/960/10 1060/961/9
f 1042/974/7 1059/962/149 1058/963/9
f 1057/964/149 716/975/108 1041/976/8
f 1040/977/5 1801/978/238 1795/967/232
f 1054/968/7 1039/979/6 1055/980/8
f 1036/981/5 1053/982/8 1052/969/7
f 1050/970/7 1035/983/6 1051/984/8
f 1032/985/5 1049/986/8 1048/971/7
f 1046/972/7 1031/987/6 1047/988/8
f 1028/989/5 1045/990/8 1044/973/7
f 1042/974/7 1027/991/6 1043/992/8
f 1041/976/8 734/993/126 1025/994/6
f 1024/995/148 1799/996/236 1801/978/238
f 1039/979/6 1022/997/3 1023/998/4
f 1037/999/6 1020/1000/3 1021/1001/147
f 1035/983/6 1018/1002/3 1019/1003/4
f 1033/1004/6 1016/1005/3 1017/1006/147
f 1031/987/6 1014/1007/3 1015/1008/147
f 1025/994/6 719/1009/111 1009/1010/4
f 1029/1011/6 1012/1012/3 1013/1013/4
f 1027/991/6 1010/1014/3 1011/1015/147
f 992/1016/143 1799/996/236 1008/1017/146
f 1023/998/4 1006/1018/146 1007/1019/145
f 1021/1001/147 1004/1020/146 1005/1021/145
f 1019/1003/4 1002/1022/146 1003/1023/145
f 1017/1006/147 1000/1024/146 1001/1025/145
f 1015/1008/147 998/1026/146 999/1027/145
f 1009/1010/4 721/1028/113 993/1029/145
f 1013/1013/4 996/1030/146 997/1031/145
f 1011/1015/147 994/1032/146 995/1033/145
f 1152/1034/19 1803/880/240 1807/842/244
f 1007/1019/145 990/1035/63 991/1036/64
f 1005/1021/145 988/1037/63 989/1038/144
f 1003/1023/145 986/1039/63 987/1040/64
f 1001/1025/145 984/1041/63 985/1042/144
f 999/1027/145 982/1043/63 983/1044/64
f 993/1029/145 720/1045/112 977/1046/64
f 997/1031/145 980/1047/63 981/1048/64
f 995/1033/145 978/1049/143 979/1050/144
f 976/1051/61 1779/1052/216 1775/1053/212
f 991/1036/64 974/1054/61 975/1055/62
f 989/1038/144 972/1056/61 973/1057/62
f 987/1040/64 970/1058/61 971/1059/62
f 985/1042/144 968/1060/61 969/1061/62
f 983/1044/64 966/1062/61 967/1063/62
f 977/1046/64 725/1064/117 961/1065/62
f 981/1048/64 964/1066/61 965/1067/62
f 979/1050/144 962/1068/61 963/1069/62
f 960/1070/59 1777/1071/214 1779/1052/216
f 958/1072/59 975/1055/62 974/1054/61
f 956/1073/59 973/1057/62 972/1056/61
f 954/1074/59 971/1059/62 970/1058/61
f 952/1075/59 969/1061/62 968/1060/61
f 950/1076/59 967/1063/62 966/1062/61
f 948/1077/59 965/1067/62 964/1066/61
f 946/1078/59 963/1069/62 962/1068/61
f 961/1065/62 723/1079/115 945/1080/60
f 1777/1071/214 928/1081/55 1783/1082/220
f 942/1083/57 959/1084/60 958/1072/59
f 940/1085/57 957/1086/60 956/1073/59
f 938/1087/57 955/1088/60 954/1074/59
f 936/1089/57 953/1090/60 952/1075/59
f 934/1091/57 951/1092/60 950/1076/59
f 932/1093/57 949/1094/60 948/1077/59
f 930/1095/57 947/1096/60 946/1078/59
f 945/1080/60 722/1097/114 929/1098/58
f 1783/1082/220 912/1099/53 1781/1100/218
f 926/1101/55 943/1102/58 942/1083/57
f 924/1103/55 941/1104/58 940/1085/57
f 922/1105/55 939/1106/58 938/1087/57
f 920/1107/55 937/1108/58 936/1089/57
f 918/1109/55 935/1110/58 934/1091/57
f 916/1111/55 933/1112/58 932/1093/57
f 914/1113/55 931/1114/58 930/1095/57
f 929/1098/58 724/1115/116 913/1116/56
f 912/1099/53 1787/1117/224 1781/1100/218
f 910/1118/139 927/1119/56 926/1101/55
f 908/1120/141 925/1121/56 924/1103/55
f 922/1105/55 907/1122/54 923/1123/56
f 920/1107/55 905/1124/54 921/1125/56
f 918/1109/55 903/1126/140 919/1127/56
f 900/1128/139 917/1129/56 916/1111/55
f 898/1130/139 915/1131/56 914/1113/55
f 913/1116/56 735/1132/127 897/1133/138
f 1787/1117/224 880/1134/49 1785/1135/222
f 911/1136/140 894/1137/51 895/1138/52
f 909/1139/142 892/1140/51 893/1141/52
f 907/1122/54 890/1142/51 891/1143/52
f 905/1124/54 888/1144/51 889/1145/52
f 903/1126/140 886/1146/51 887/1147/52
f 897/1133/138 730/1148/122 881/1149/52
f 901/1150/140 884/1151/51 885/1152/52
f 899/1153/140 882/1154/51 883/1155/52
f 864/1156/47 1785/1135/222 880/1134/49
f 895/1138/52 878/1157/49 879/1158/50
f 893/1141/52 876/1159/49 877/1160/50
f 891/1143/52 874/1161/49 875/1162/50
f 889/1145/52 872/1163/49 873/1164/50
f 887/1147/52 870/1165/49 871/1166/50
f 881/1149/52 729/1167/121 865/1168/50
f 885/1152/52 868/1169/49 869/1170/50
f 883/1155/52 866/1171/49 867/1172/50
f 1120/1173/15 1789/916/226 1821/879/258
f 879/1158/50 862/1174/47 863/1175/48
f 877/1160/50 860/1176/47 861/1177/48
f 875/1162/50 858/1178/47 859/1179/48
f 873/1164/50 856/1180/47 857/1181/48
f 871/1166/50 854/1182/47 855/1183/48
f 865/1168/50 731/1184/123 849/1185/48
f 869/1170/50 852/1186/47 853/1187/48
f 867/1172/50 850/1188/47 851/1189/48
f 976/1051/61 1823/1190/260 992/1016/143
f 863/1175/48 846/1191/133 847/1192/134
f 861/1177/48 844/1193/133 845/1194/134
f 859/1179/48 842/1195/45 843/1196/136
f 857/1181/48 840/1197/45 841/1198/136
f 855/1183/48 838/1199/45 839/1200/136
f 849/1185/48 732/1201/124 833/1202/46
f 853/1187/48 836/1203/135 837/1204/134
f 851/1189/48 834/1205/133 835/1206/134
f 848/1207/137 1819/1208/256 864/1156/47
f 830/1209/43 847/1192/134 846/1191/133
f 828/1210/43 845/1194/134 844/1193/133
f 842/1195/45 827/1211/44 843/1196/136
f 840/1197/45 825/1212/44 841/1198/136
f 838/1199/45 823/1213/44 839/1200/136
f 820/1214/43 837/1204/134 836/1203/135
f 818/1215/43 835/1206/134 834/1205/133
f 833/1202/46 727/1216/119 817/1217/44
f 1771/1218/208 832/1219/43 1769/71/206
f 814/1220/132 831/1221/44 830/1209/43
f 812/1222/41 829/1223/44 828/1210/43
f 810/1224/41 827/1211/44 826/1225/43
f 808/1226/41 825/1212/44 824/1227/43
f 806/1228/41 823/1213/44 822/1229/43
f 804/1230/41 821/1231/44 820/1214/43
f 802/1232/41 819/1233/44 818/1215/43
f 817/1217/44 728/1234/120 801/1235/42
f 31/1236/31 1824/1237/261 1776/1238/213
f 799/1239/40 814/1220/132 798/1240/39
f 797/1241/40 812/1222/41 796/1242/39
f 795/1243/40 810/1224/41 794/1244/39
f 793/1245/40 808/1226/41 792/1246/39
f 791/1247/40 806/1228/41 790/1248/39
f 789/1249/40 804/1230/41 788/1250/39
f 787/1251/40 802/1232/41 786/1252/39
f 785/1253/40 728/1234/120 726/1254/118
f 784/1255/37 1765/1256/202 1763/1257/200
f 782/1258/37 799/1239/40 798/1240/39
f 781/1259/38 796/1242/39 780/1260/37
f 778/1261/37 795/1243/40 794/1244/39
f 777/1262/38 792/1246/39 776/1263/37
f 774/1264/37 791/1247/40 790/1248/39
f 773/1265/38 788/1250/39 772/1266/37
f 770/1267/37 787/1251/40 786/1252/39
f 769/1268/38 726/1254/118 736/1269/128
f 816/72/132 1773/1270/210 1768/73/205
f 783/1271/38 766/1272/35 767/740/131
f 781/1259/38 764/1273/35 765/743/36
f 779/1274/38 762/1275/35 763/746/36
f 777/1262/38 760/1276/35 761/749/36
f 775/1277/38 758/1278/35 759/752/131
f 753/762/131 736/1269/128 710/763/102
f 773/1265/38 756/1279/35 757/755/131
f 800/1280/39 1763/1257/200 1773/1270/210
f 1245/769/161 741/1281/129 1244/1282/31
f 1243/772/161 743/1283/129 1242/1284/31
f 1241/775/161 745/1285/129 1240/1286/31
f 1239/778/161 747/1287/129 1238/1288/31
f 1237/784/161 749/1289/129 1236/1290/31
f 1235/787/161 751/1291/129 1234/1292/31
f 1233/1293/32 711/1294/103 708/782/100
f 771/1295/38 754/1296/35 755/758/36
f 1154/854/156 1376/876/170 1138/876/19
f 999/1027/145 1497/1008/111 1015/1008/147
f 862/1174/47 1636/1157/189 1652/1174/190
f 1000/1024/146 1498/1005/179 1514/1024/181
f 1155/853/157 1373/1297/105 1357/853/125
f 863/1175/48 1633/1158/121 879/1158/50
f 1156/852/158 1374/874/170 1140/874/19
f 1001/1025/145 1495/1006/111 1017/1006/147
f 864/1156/47 1634/1134/189 1650/1156/190
f 1002/1022/146 1496/1298/179 1512/1299/181
f 1157/851/157 1371/1300/105 1355/1301/125
f 881/1149/52 1647/1168/121 1631/1149/122
f 1158/850/158 1372/870/170 1142/870/19
f 1003/1023/145 1493/1003/111 1019/1003/4
f 882/1154/51 1648/1171/189 866/1171/49
f 1004/1020/146 1494/1000/179 1510/1020/181
f 1159/869/159 1369/871/105 1353/869/125
f 883/1155/52 1645/1172/121 1629/1155/122
f 1160/849/158 1370/867/170 1144/867/19
f 1005/1021/145 1491/1001/111 1021/1001/147
f 884/1151/51 1646/1169/189 868/1169/49
f 1006/1018/146 1492/997/179 1508/1018/181
f 1161/866/159 1367/1302/105 1351/866/125
f 885/1152/52 1643/1303/121 1627/1304/122
f 1162/848/158 1368/864/170 1146/864/19
f 1007/1019/145 1489/998/111 1023/998/4
f 886/1146/51 1644/1305/189 870/1165/49
f 1008/1017/146 1490/995/179 1506/1017/181
f 1163/863/159 1365/865/105 1349/863/125
f 887/1147/52 1641/1306/121 1625/1147/122
f 1164/847/156 1366/861/170 1148/861/19
f 1009/1010/4 1487/994/126 1025/994/6
f 888/1144/51 1642/1307/189 872/1163/49
f 1010/1014/3 1488/1308/178 1504/1309/179
f 1165/846/22 1363/862/105 1347/846/125
f 889/1145/52 1639/1164/121 1623/1145/122
f 1166/845/156 1364/859/170 1150/859/19
f 1011/1015/147 1485/991/126 1027/991/6
f 890/1142/51 1640/1310/189 874/1161/49
f 1012/1012/3 1486/989/178 1502/1311/179
f 1167/844/157 1361/860/105 1345/844/125
f 891/1143/52 1637/1312/121 1621/1143/122
f 1168/841/160 1362/1034/170 1152/1034/19
f 1013/1013/4 1483/1011/126 1029/1011/6
f 892/1140/51 1638/1313/189 876/1159/49
f 1014/1007/3 1484/1314/178 1500/1007/179
f 1169/839/24 1359/855/125 1343/839/97
f 893/1141/52 1635/1160/121 1619/1141/122
f 1170/838/23 1360/854/169 1154/854/156
f 1015/1008/147 1481/1315/126 1031/987/6
f 894/1137/51 1636/1157/189 878/1157/49
f 1016/1005/3 1482/985/178 1498/1005/179
f 1171/837/24 1357/853/125 1341/837/97
f 895/1138/52 1633/1158/121 1617/1138/122
f 1172/836/23 1358/852/169 1156/852/158
f 1017/1006/147 1479/1004/126 1033/1004/6
f 896/1316/51 1634/1134/189 880/1134/49
f 752/1317/130 1759/1318/102 753/762/131
f 1018/1002/3 1480/1319/178 1496/1298/179
f 751/759/129 1760/1320/197 1277/759/162
f 1173/835/24 1355/1301/125 1339/835/97
f 897/1133/138 1631/1149/122 1615/1133/127
f 750/760/130 1757/1321/102 755/758/36
f 1174/834/23 1356/850/169 1158/850/158
f 1019/1003/4 1477/983/126 1035/983/6
f 898/1130/139 1632/1154/188 882/1154/51
f 749/756/129 1758/1279/197 1273/756/162
f 1020/1000/3 1478/1322/178 1494/1000/179
f 748/757/130 1755/1323/102 757/755/131
f 1175/833/24 1353/869/125 1337/833/97
f 899/1153/140 1629/1155/122 1613/1153/127
f 747/753/129 1756/1278/197 1269/753/162
f 1176/832/23 1354/849/169 1160/849/158
f 1021/1001/147 1475/999/126 1037/999/6
f 900/1128/139 1630/1151/188 884/1151/51
f 746/754/130 1753/1324/102 759/752/131
f 1022/997/3 1476/1325/178 1492/997/179
f 745/750/129 1754/1276/197 1265/750/162
f 1177/831/24 1351/866/125 1335/831/97
f 901/1150/140 1627/1304/122 1611/1150/127
f 744/751/130 1751/749/102 761/749/36
f 1178/830/23 1352/848/169 1162/848/158
f 1023/998/4 1473/979/126 1039/979/6
f 902/1326/141 1628/1327/188 886/1146/51
f 743/747/129 1752/1275/197 1261/747/162
f 1024/995/148 1474/977/178 1490/995/179
f 742/748/130 1749/1328/102 763/746/36
f 1179/829/24 1349/863/125 1333/829/97
f 903/1126/140 1625/1147/122 1609/1126/127
f 741/744/129 1750/1273/197 1257/744/162
f 1180/828/23 1350/847/169 1164/847/156
f 1025/994/6 1471/976/108 1041/976/8
f 904/1329/141 1626/1144/188 888/1144/51
f 740/745/130 1747/1330/102 765/743/36
f 1026/1331/5 1472/974/177 1488/1308/178
f 739/741/129 1748/1272/197 1253/741/162
f 1181/827/24 1347/846/125 1331/827/97
f 905/1124/54 1623/1145/122 1607/1124/127
f 738/742/130 1745/1332/102 767/740/131
f 1182/826/23 1348/845/169 1166/845/156
f 1027/991/6 1469/1333/108 1043/992/8
f 906/1334/141 1624/1142/188 890/1142/51
f 737/1335/129 1746/1336/197 1249/1335/162
f 1028/989/5 1470/973/177 1486/989/178
f 753/762/131 1743/1268/128 769/1268/38
f 1183/825/24 1345/844/125 1329/825/97
f 907/1122/54 1621/1143/122 1605/1122/127
f 754/1296/35 1744/1337/196 1760/1320/197
f 1184/897/23 1346/841/169 1168/841/160
f 1029/1011/6 1467/990/108 1045/990/8
f 908/1120/141 1622/1140/188 892/1140/51
f 1030/1338/5 1468/972/177 1484/1314/178
f 755/758/36 1741/1295/128 771/1295/38
f 1185/821/26 1343/839/97 1327/821/99
f 909/1139/142 1619/1141/122 1603/1139/127
f 756/1279/35 1742/1339/196 1758/1279/197
f 1186/820/25 1344/1340/168 1170/838/23
f 1031/987/6 1465/988/108 1047/988/8
f 910/1118/139 1620/1137/188 894/1137/51
f 1032/985/5 1466/971/177 1482/985/178
f 757/755/131 1739/1341/128 773/1265/38
f 1187/819/26 1341/837/97 1325/819/99
f 911/1136/140 1617/1138/122 1601/1136/127
f 758/1278/35 1740/1264/196 1756/1278/197
f 1188/818/25 1342/836/168 1172/836/23
f 1033/1004/6 1463/986/108 1049/986/8
f 912/1099/53 1618/1316/188 896/1316/51
f 1034/1319/5 1464/970/177 1480/1319/178
f 759/752/131 1737/1277/128 775/1277/38
f 1189/817/26 1339/835/97 1323/817/99
f 913/1116/56 1615/1133/127 1599/1116/116
f 760/1276/35 1738/1263/196 1754/1276/197
f 1190/816/25 1340/1342/168 1174/834/23
f 1035/983/6 1461/984/108 1051/984/8
f 914/1113/55 1616/1130/187 898/1130/139
f 1036/981/5 1462/969/177 1478/1322/178
f 761/749/36 1735/1262/128 777/1262/38
f 1191/815/26 1337/833/97 1321/815/99
f 915/1131/56 1613/1153/127 1597/1131/116
f 762/1275/35 1736/1261/196 1752/1275/197
f 1192/814/25 1338/832/168 1176/832/23
f 1037/999/6 1459/982/108 1053/982/8
f 916/1111/55 1614/1343/187 900/1128/139
f 1038/1344/5 1460/968/177 1476/1325/178
f 763/746/36 1733/1274/128 779/1274/38
f 1193/813/26 1335/831/97 1319/813/99
f 917/1129/56 1611/1150/127 1595/1129/116
f 764/1273/35 1734/1260/196 1750/1273/197
f 1194/812/25 1336/1345/168 1178/830/23
f 1039/979/6 1457/980/108 1055/980/8
f 918/1109/55 1612/1326/187 902/1326/141
f 1040/977/5 1458/966/177 1474/977/178
f 765/743/36 1731/1259/128 781/1259/38
f 1195/811/26 1333/829/97 1317/811/99
f 919/1127/56 1609/1126/127 1593/1127/116
f 766/1272/35 1732/1258/196 1748/1272/197
f 1196/810/25 1334/828/168 1180/828/23
f 1041/976/8 1455/964/109 1057/964/149
f 920/1107/55 1610/1329/187 904/1329/141
f 1042/974/7 1456/963/176 1472/974/177
f 767/740/131 1729/1271/128 783/1271/38
f 1197/809/26 1331/827/97 1315/809/99
f 921/1125/56 1607/1124/127 1591/1125/116
f 768/1336/35 1730/1255/196 1746/1336/197
f 1198/808/25 1332/826/168 1182/826/23
f 1043/992/8 1453/962/109 1059/962/149
f 922/1105/55 1608/1334/187 906/1334/141
f 1044/973/7 1454/961/176 1470/973/177
f 769/1268/38 1727/1253/118 785/1253/40
f 1199/807/26 1329/825/97 1313/807/99
f 923/1123/56 1605/1122/127 1589/1123/116
f 770/1267/37 1728/1252/195 1744/1337/196
f 1200/857/25 1330/897/168 1184/897/23
f 1045/990/8 1451/1346/109 1061/960/10
f 924/1103/55 1606/1120/187 908/1120/141
f 1046/972/7 1452/959/176 1468/972/177
f 771/1295/38 1725/1251/118 787/1251/40
f 1201/804/28 1327/821/99 1311/804/98
f 925/1121/56 1603/1139/127 1587/1121/116
f 772/1266/37 1726/1347/195 1742/1339/196
f 1202/803/27 1328/1348/167 1186/820/25
f 1047/988/8 1449/958/109 1063/958/10
f 926/1101/55 1604/1118/187 910/1118/139
f 1048/971/7 1450/1349/176 1466/971/177
f 773/1265/38 1723/1249/118 789/1249/40
f 1203/802/28 1325/819/99 1309/802/98
f 927/1119/56 1601/1136/127 1585/1119/116
f 774/1264/37 1724/1248/195 1740/1264/196
f 1204/801/27 1326/818/167 1188/818/25
f 1049/986/8 1447/956/109 1065/956/10
f 928/1081/55 1602/1099/187 912/1099/53
f 1050/970/7 1448/1350/176 1464/970/177
f 775/1277/38 1721/1351/118 791/1247/40
f 1205/800/28 1323/817/99 1307/800/98
f 929/1098/58 1599/1116/116 1583/1098/114
f 776/1263/37 1722/1246/195 1738/1263/196
f 1206/799/27 1324/816/167 1190/816/25
f 1051/984/8 1445/1352/109 1067/954/10
f 930/1095/57 1600/1113/186 914/1113/55
f 1052/969/7 1446/1353/176 1462/969/177
f 777/1262/38 1719/1245/118 793/1245/40
f 1207/798/28 1321/815/99 1305/798/98
f 931/1114/58 1597/1131/116 1581/1114/114
f 778/1261/37 1720/1244/195 1736/1261/196
f 1208/797/27 1322/814/167 1192/814/25
f 1053/982/8 1443/952/109 1069/952/149
f 932/1093/57 1598/1354/186 916/1111/55
f 1054/968/7 1444/951/176 1460/968/177
f 779/1274/38 1717/1243/118 795/1243/40
f 1209/796/28 1319/813/99 1303/796/98
f 933/1112/58 1595/1129/116 1579/1112/114
f 780/1260/37 1718/1242/195 1734/1260/196
f 1210/795/27 1320/812/167 1194/812/25
f 1055/980/8 1441/950/109 1071/950/149
f 934/1091/57 1596/1109/186 918/1109/55
f 1056/966/7 1442/948/176 1458/966/177
f 781/1259/38 1715/1241/118 797/1241/40
f 1211/794/28 1317/811/99 1301/794/98
f 935/1110/58 1593/1127/116 1577/1110/114
f 782/1258/37 1716/1240/195 1732/1258/196
f 1212/793/27 1318/810/167 1196/810/25
f 1057/964/149 1439/946/107 1073/946/12
f 936/1089/57 1594/1107/186 920/1107/55
f 1058/963/9 1440/945/175 1456/963/176
f 783/1271/38 1713/1355/118 799/1239/40
f 1213/792/28 1315/809/99 1299/792/98
f 937/1108/58 1591/1125/116 1575/1108/114
f 784/1255/37 1714/1280/195 1730/1255/196
f 1214/791/27 1316/808/167 1198/808/25
f 1059/962/149 1437/944/107 1075/944/12
f 938/1087/57 1592/1105/186 922/1105/55
f 1060/961/9 1438/943/175 1454/961/176
f 785/1253/40 1711/1356/120 801/1235/42
f 1215/790/28 1313/807/99 1297/790/98
f 939/1106/58 1589/1123/116 1573/1106/114
f 786/1252/39 1712/1232/194 1728/1252/195
f 1216/823/27 1314/857/167 1200/857/25
f 1061/960/10 1435/942/107 1077/942/12
f 940/1085/57 1590/1103/186 924/1103/55
f 1062/959/9 1436/941/175 1452/959/176
f 787/1251/40 1709/1357/120 803/1357/42
f 1217/781/30 1311/804/98 1295/781/101
f 941/1104/58 1587/1121/116 1571/1104/114
f 788/1250/39 1710/1358/194 1726/1347/195
f 1218/788/29 1312/1359/166 1202/803/27
f 1063/958/10 1433/1360/107 1079/1360/12
f 942/1083/57 1588/1101/186 926/1101/55
f 1064/957/9 1434/940/175 1450/1349/176
f 789/1249/40 1707/1361/120 805/1361/42
f 1219/789/30 1309/802/98 1293/789/101
f 943/1102/58 1585/1119/116 1569/1102/114
f 790/1248/39 1708/1228/194 1724/1248/195
f 1220/785/29 1310/801/166 1204/801/27
f 1065/956/10 1431/1362/107 1081/1362/12
f 944/1363/57 1586/1081/186 928/1081/55
f 1066/955/9 1432/939/175 1448/1350/176
f 63/1364/63 1818/1365/255 1812/1366/249
f 1250/1367/163 1252/1368/164 1249/74/162
f 1254/1369/163 1256/1370/164 1253/738/162
f 1258/1371/163 1260/1282/164 1257/1281/162
f 1262/1372/163 1264/1284/164 1261/1283/162
f 1266/1373/163 1268/1286/164 1265/1285/162
f 1270/1374/163 1272/1288/164 1269/1287/162
f 1274/1375/163 1276/1290/164 1273/1289/162
f 1278/1376/163 1280/1377/164 1277/1291/162
f 1252/1368/164 1281/768/101 1282/764/165
f 1256/1370/164 1283/1378/101 1284/767/165
f 1260/1282/164 1285/1379/101 1286/770/165
f 1264/1284/164 1287/1380/101 1288/773/165
f 1268/1286/164 1289/1381/101 1290/776/165
f 1272/1288/164 1291/1382/101 1292/779/165
f 1276/1290/164 1293/789/101 1294/785/165
f 1280/1377/164 1295/781/101 1296/1383/165
f 1282/764/165 1297/790/98 1298/823/166
f 1284/767/165 1299/792/98 1300/791/166
f 1286/770/165 1301/794/98 1302/793/166
f 1288/773/165 1303/796/98 1304/795/166
f 1290/776/165 1305/798/98 1306/797/166
f 1292/779/165 1307/800/98 1308/799/166
f 1294/785/165 1309/802/98 1310/801/166
f 1296/1383/165 1311/804/98 1312/1359/166
f 1298/823/166 1313/807/99 1314/857/167
f 1300/791/166 1315/809/99 1316/808/167
f 1302/793/166 1317/811/99 1318/810/167
f 1304/795/166 1319/813/99 1320/812/167
f 1306/797/166 1321/815/99 1322/814/167
f 1308/799/166 1323/817/99 1324/816/167
f 1310/801/166 1325/819/99 1326/818/167
f 1312/1359/166 1327/821/99 1328/1348/167
f 1314/857/167 1329/825/97 1330/897/168
f 1316/808/167 1331/827/97 1332/826/168
f 1318/810/167 1333/829/97 1334/828/168
f 1320/812/167 1335/831/97 1336/1345/168
f 1322/814/167 1337/833/97 1338/832/168
f 1324/816/167 1339/835/97 1340/1342/168
f 1326/818/167 1341/837/97 1342/836/168
f 1328/1348/167 1343/839/97 1344/1340/168
f 1330/897/168 1345/844/125 1346/841/169
f 1332/826/168 1347/846/125 1348/845/169
f 1334/828/168 1349/863/125 1350/847/169
f 1336/1345/168 1351/866/125 1352/848/169
f 1338/832/168 1353/869/125 1354/849/169
f 1340/1342/168 1355/1301/125 1356/850/169
f 1342/836/168 1357/853/125 1358/852/169
f 1344/1340/168 1359/855/125 1360/854/169
f 1346/841/169 1361/860/105 1362/1034/170
f 1348/845/169 1363/862/105 1364/859/170
f 1350/847/169 1365/865/105 1366/861/170
f 1352/848/169 1367/1302/105 1368/864/170
f 1354/849/169 1369/871/105 1370/867/170
f 1356/850/169 1371/1300/105 1372/870/170
f 1358/852/169 1373/1297/105 1374/874/170
f 1360/854/169 1375/872/105 1376/876/170
f 1362/1034/170 1377/1384/104 1378/1385/171
f 1364/859/170 1379/1386/104 1380/881/171
f 1366/861/170 1381/1387/104 1382/883/171
f 1368/864/170 1383/1388/104 1384/1389/171
f 1370/867/170 1385/1390/104 1386/1391/171
f 1372/870/170 1387/1392/104 1388/1393/171
f 1374/874/170 1389/1394/104 1390/893/171
f 1376/876/170 1391/1395/104 1392/895/171
f 1378/1385/171 1393/1396/106 1394/1173/172
f 1380/881/171 1395/1397/106 1396/898/172
f 1382/883/171 1397/903/106 1398/900/172
f 1384/1389/171 1399/1398/106 1400/1399/172
f 1386/1391/171 1401/1400/106 1402/1401/172
f 1388/1393/171 1403/1402/106 1404/1403/172
f 1390/893/171 1405/913/106 1406/910/172
f 1392/895/171 1407/908/106 1408/912/172
f 1394/1173/172 1409/1404/173 1410/914/174
f 1396/898/172 1411/1405/110 1412/917/174
f 1398/900/172 1413/922/110 1414/919/174
f 1400/1399/172 1415/924/110 1416/921/174
f 1402/1401/172 1417/926/110 1418/923/174
f 1404/1403/172 1419/930/110 1420/925/174
f 1406/910/172 1421/1406/110 1422/929/174
f 1408/912/172 1423/1407/110 1424/931/174
f 1410/914/174 1425/935/107 1426/933/175
f 1412/917/174 1427/937/107 1428/936/175
f 1414/919/174 1429/1408/107 1430/938/175
f 1416/921/174 1431/1362/107 1432/939/175
f 1418/923/174 1433/1360/107 1434/940/175
f 1420/925/174 1435/942/107 1436/941/175
f 1422/929/174 1437/944/107 1438/943/175
f 1424/931/174 1439/946/107 1440/945/175
f 1426/933/175 1441/950/109 1442/948/176
f 1428/936/175 1443/952/109 1444/951/176
f 1430/938/175 1445/1352/109 1446/1353/176
f 1432/939/175 1447/956/109 1448/1350/176
f 1434/940/175 1449/958/109 1450/1349/176
f 1436/941/175 1451/1346/109 1452/959/176
f 1438/943/175 1453/962/109 1454/961/176
f 1440/945/175 1455/964/109 1456/963/176
f 1442/948/176 1457/980/108 1458/966/177
f 1444/951/176 1459/982/108 1460/968/177
f 1446/1353/176 1461/984/108 1462/969/177
f 1448/1350/176 1463/986/108 1464/970/177
f 1450/1349/176 1465/988/108 1466/971/177
f 1452/959/176 1467/990/108 1468/972/177
f 1454/961/176 1469/1333/108 1470/973/177
f 1456/963/176 1471/976/108 1472/974/177
f 1458/966/177 1473/979/126 1474/977/178
f 1460/968/177 1475/999/126 1476/1325/178
f 1462/969/177 1477/983/126 1478/1322/178
f 1464/970/177 1479/1004/126 1480/1319/178
f 1466/971/177 1481/1315/126 1482/985/178
f 1468/972/177 1483/1011/126 1484/1314/178
f 1470/973/177 1485/991/126 1486/989/178
f 1472/974/177 1487/994/126 1488/1308/178
f 1474/977/178 1489/998/111 1490/995/179
f 1476/1325/178 1491/1001/111 1492/997/179
f 1478/1322/178 1493/1003/111 1494/1000/179
f 1480/1319/178 1495/1006/111 1496/1298/179
f 1482/985/178 1497/1008/111 1498/1005/179
f 1484/1314/178 1499/1013/111 1500/1007/179
f 1486/989/178 1501/1015/111 1502/1311/179
f 1488/1308/178 1503/1010/111 1504/1309/179
f 1490/995/179 1505/1019/180 1506/1017/181
f 1492/997/179 1507/1021/180 1508/1018/181
f 1494/1000/179 1509/1023/180 1510/1020/181
f 1496/1298/179 1511/1025/180 1512/1299/181
f 1498/1005/179 1513/1027/180 1514/1024/181
f 1500/1007/179 1515/1409/180 1516/1410/181
f 1502/1311/179 1517/1411/180 1518/1412/181
f 1504/1309/179 1519/1029/180 1520/1032/181
f 1506/1017/181 1521/1036/112 1522/1016/182
f 1508/1018/181 1523/1038/112 1524/1035/182
f 1510/1020/181 1525/1040/112 1526/1037/182
f 1512/1299/181 1527/1042/112 1528/1413/182
f 1514/1024/181 1529/1044/112 1530/1041/182
f 1516/1410/181 1531/1048/112 1532/1043/182
f 1518/1412/181 1533/1050/112 1534/1414/182
f 1520/1032/181 1535/1046/112 1536/1049/182
f 1522/1016/182 1537/1055/117 1538/1051/183
f 1524/1035/182 1539/1057/117 1540/1415/183
f 1526/1037/182 1541/1059/117 1542/1056/183
f 1528/1413/182 1543/1061/117 1544/1058/183
f 1530/1041/182 1545/1416/117 1546/1060/183
f 1532/1043/182 1547/1067/117 1548/1417/183
f 1534/1414/182 1549/1069/117 1550/1418/183
f 1536/1049/182 1551/1065/117 1552/1068/183
f 1538/1051/183 1553/1084/115 1554/1070/184
f 1540/1415/183 1555/1086/115 1556/1072/184
f 1542/1056/183 1557/1088/115 1558/1073/184
f 1544/1058/183 1559/1090/115 1560/1074/184
f 1546/1060/183 1561/1092/115 1562/1075/184
f 1548/1417/183 1563/1094/115 1564/1076/184
f 1550/1418/183 1565/1096/115 1566/1077/184
f 1552/1068/183 1567/1080/115 1568/1078/184
f 1554/1070/184 1569/1102/114 1570/1363/185
f 1556/1072/184 1571/1104/114 1572/1083/185
f 1558/1073/184 1573/1106/114 1574/1085/185
f 1560/1074/184 1575/1108/114 1576/1087/185
f 1562/1075/184 1577/1110/114 1578/1089/185
f 1564/1076/184 1579/1112/114 1580/1091/185
f 1566/1077/184 1581/1114/114 1582/1419/185
f 1568/1078/184 1583/1098/114 1584/1095/185
f 1570/1363/185 1585/1119/116 1586/1081/186
f 1572/1083/185 1587/1121/116 1588/1101/186
f 1574/1085/185 1589/1123/116 1590/1103/186
f 1576/1087/185 1591/1125/116 1592/1105/186
f 1578/1089/185 1593/1127/116 1594/1107/186
f 1580/1091/185 1595/1129/116 1596/1109/186
f 1582/1419/185 1597/1131/116 1598/1354/186
f 1584/1095/185 1599/1116/116 1600/1113/186
f 1586/1081/186 1601/1136/127 1602/1099/187
f 1588/1101/186 1603/1139/127 1604/1118/187
f 1590/1103/186 1605/1122/127 1606/1120/187
f 1608/1334/187 1591/1125/116 1607/1124/127
f 1610/1329/187 1593/1127/116 1609/1126/127
f 1596/1109/186 1611/1150/127 1612/1326/187
f 1598/1354/186 1613/1153/127 1614/1343/187
f 1600/1113/186 1615/1133/127 1616/1130/187
f 1602/1099/187 1617/1138/122 1618/1316/188
f 1604/1118/187 1619/1141/122 1620/1137/188
f 1606/1120/187 1621/1143/122 1622/1140/188
f 1608/1334/187 1623/1145/122 1624/1142/188
f 1610/1329/187 1625/1147/122 1626/1144/188
f 1612/1326/187 1627/1304/122 1628/1327/188
f 1614/1343/187 1629/1155/122 1630/1151/188
f 1616/1130/187 1631/1149/122 1632/1154/188
f 1618/1316/188 1633/1158/121 1634/1134/189
f 1620/1137/188 1635/1160/121 1636/1157/189
f 1622/1140/188 1637/1312/121 1638/1313/189
f 1624/1142/188 1639/1164/121 1640/1310/189
f 1626/1144/188 1641/1306/121 1642/1307/189
f 1628/1327/188 1643/1303/121 1644/1305/189
f 1630/1151/188 1645/1172/121 1646/1169/189
f 1632/1154/188 1647/1168/121 1648/1171/189
f 1634/1134/189 1649/1175/123 1650/1156/190
f 1636/1157/189 1651/1177/123 1652/1174/190
f 1638/1313/189 1653/1179/123 1654/1176/190
f 1640/1310/189 1655/1420/123 1656/1178/190
f 1642/1307/189 1657/1183/123 1658/1180/190
f 1644/1305/189 1659/1421/123 1660/1422/190
f 1646/1169/189 1661/1189/123 1662/1423/190
f 1648/1171/189 1663/1185/123 1664/1188/190
f 1650/1156/190 1665/1192/191 1666/1207/192
f 1652/1174/190 1667/1194/124 1668/1191/192
f 1654/1176/190 1669/1196/124 1670/1193/192
f 1656/1178/190 1671/1424/124 1672/1425/192
f 1658/1180/190 1673/1426/124 1674/1427/192
f 1660/1422/190 1675/1428/124 1676/1199/192
f 1662/1423/190 1677/1206/124 1678/1429/192
f 1664/1188/190 1679/1202/124 1680/1205/192
f 1666/1207/192 1681/1221/119 1682/1430/193
f 1668/1191/192 1683/1223/119 1684/1209/193
f 1670/1193/192 1685/1431/119 1686/1210/193
f 1688/1432/193 1671/1424/124 1687/1212/119
f 1690/1227/193 1673/1426/124 1689/1433/119
f 1676/1199/192 1691/1231/119 1692/1229/193
f 1678/1429/192 1693/1233/119 1694/1434/193
f 1680/1205/192 1695/1217/119 1696/1215/193
f 1682/1430/193 1697/1435/120 1698/72/194
f 1684/1209/193 1699/1436/120 1700/1220/194
f 1686/1210/193 1701/1437/120 1702/1222/194
f 1688/1432/193 1703/1438/120 1704/1224/194
f 1690/1227/193 1705/1439/120 1706/1226/194
f 1692/1229/193 1707/1361/120 1708/1228/194
f 1694/1434/193 1709/1357/120 1710/1358/194
f 1696/1215/193 1711/1356/120 1712/1232/194
f 1698/72/194 1713/1355/118 1714/1280/195
f 1700/1220/194 1715/1241/118 1716/1240/195
f 1702/1222/194 1717/1243/118 1718/1242/195
f 1704/1224/194 1719/1245/118 1720/1244/195
f 1706/1226/194 1721/1351/118 1722/1246/195
f 1708/1228/194 1723/1249/118 1724/1248/195
f 1710/1358/194 1725/1251/118 1726/1347/195
f 1712/1232/194 1727/1253/118 1728/1252/195
f 1714/1280/195 1729/1271/128 1730/1255/196
f 1716/1240/195 1731/1259/128 1732/1258/196
f 1718/1242/195 1733/1274/128 1734/1260/196
f 1720/1244/195 1735/1262/128 1736/1261/196
f 1722/1246/195 1737/1277/128 1738/1263/196
f 1724/1248/195 1739/1341/128 1740/1264/196
f 1726/1347/195 1741/1295/128 1742/1339/196
f 1728/1252/195 1743/1268/128 1744/1337/196
f 1730/1255/196 1745/1332/102 1746/1336/197
f 1732/1258/196 1747/1330/102 1748/1272/197
f 1734/1260/196 1749/1328/102 1750/1273/197
f 1736/1261/196 1751/749/102 1752/1275/197
f 1738/1263/196 1753/1324/102 1754/1276/197
f 1740/1264/196 1755/1323/102 1756/1278/197
f 1742/1339/196 1757/1321/102 1758/1279/197
f 1744/1337/196 1759/1318/102 1760/1320/197
f 1746/1336/197 1250/742/163 1249/1335/162
f 1748/1272/197 1254/745/163 1253/741/162
f 1750/1273/197 1258/748/163 1257/744/162
f 1752/1275/197 1262/751/163 1261/747/162
f 1754/1276/197 1266/754/163 1265/750/162
f 1756/1278/197 1270/757/163 1269/753/162
f 1758/1279/197 1274/760/163 1273/756/162
f 1760/1320/197 1278/1317/163 1277/759/162
f 861/1177/48 1635/1160/121 877/1160/50
f 1153/855/22 1375/872/105 1359/855/125
f 998/1026/146 1500/1007/179 1516/1410/181
f 860/1176/47 1638/1313/189 1654/1176/190
f 997/1031/145 1499/1013/111 1013/1013/4
f 1152/1034/19 1378/1385/171 1136/878/17
f 859/1179/48 1637/1312/121 875/1162/50
f 1151/860/20 1377/1384/104 1361/860/105
f 996/1030/146 1502/1311/179 1518/1412/181
f 858/1178/47 1640/1310/189 1656/1178/190
f 995/1033/145 1501/1015/111 1011/1015/147
f 1150/859/19 1380/881/171 1134/881/17
f 857/1181/48 1639/1164/121 873/1164/50
f 1149/862/20 1379/1386/104 1363/862/105
f 994/1032/146 1504/1309/179 1520/1032/181
f 856/1180/47 1642/1307/189 1658/1180/190
f 993/1029/145 1503/1010/111 1009/1010/4
f 1148/861/19 1382/883/171 1132/883/17
f 855/1183/48 1641/1306/121 871/1166/50
f 1147/865/20 1381/1387/104 1365/865/105
f 1008/1017/146 1522/1016/182 992/1016/143
f 854/1182/47 1644/1305/189 1660/1422/190
f 1007/1019/145 1521/1036/112 1505/1019/180
f 1146/864/19 1384/1389/171 1130/885/17
f 853/1187/48 1643/1303/121 869/1170/50
f 1145/868/20 1383/1388/104 1367/1302/105
f 1006/1018/146 1524/1035/182 990/1035/63
f 852/1186/47 1646/1169/189 1662/1423/190
f 1005/1021/145 1523/1038/112 1507/1021/180
f 1144/867/19 1386/1391/171 1128/887/17
f 851/1189/48 1645/1172/121 867/1172/50
f 1143/871/20 1385/1390/104 1369/871/105
f 1004/1020/146 1526/1037/182 988/1037/63
f 850/1188/47 1648/1171/189 1664/1188/190
f 1003/1023/145 1525/1040/112 1509/1023/180
f 1142/870/19 1388/1393/171 1126/889/17
f 849/1185/48 1647/1168/121 865/1168/50
f 1140/874/19 1390/893/171 1124/893/17
f 1141/875/20 1387/1392/104 1371/1300/105
f 1002/1022/146 1528/1413/182 986/1039/63
f 1139/877/20 1389/1394/104 1373/1297/105
f 848/1207/137 1650/1156/190 1666/1207/192
f 1001/1025/145 1527/1042/112 1511/1025/180
f 847/1192/134 1649/1175/123 863/1175/48
f 1138/876/19 1392/895/171 1122/895/17
f 1000/1024/146 1530/1041/182 984/1041/63
f 1137/872/20 1391/1395/104 1375/872/105
f 846/1191/133 1652/1174/190 1668/1191/192
f 999/1027/145 1529/1044/112 1513/1027/180
f 845/1194/134 1651/1177/123 861/1177/48
f 1120/1173/15 1378/1385/171 1394/1173/172
f 998/1026/146 1532/1043/182 982/1043/63
f 1119/899/16 1377/1384/104 1135/882/18
f 844/1193/133 1654/1176/190 1670/1193/192
f 997/1031/145 1531/1048/112 1515/1409/180
f 843/1196/136 1653/1179/123 859/1179/48
f 1118/898/15 1380/881/171 1396/898/172
f 996/1030/146 1534/1414/182 980/1047/63
f 1117/901/16 1379/1386/104 1133/884/18
f 842/1195/45 1656/1178/190 1672/1425/192
f 995/1033/145 1533/1050/112 1517/1411/180
f 841/1198/136 1655/1420/123 857/1181/48
f 1116/900/15 1382/883/171 1398/900/172
f 994/1032/146 1536/1049/182 978/1049/143
f 1115/903/16 1381/1387/104 1131/886/18
f 840/1197/45 1658/1180/190 1674/1427/192
f 993/1029/145 1535/1046/112 1519/1029/180
f 738/1367/130 1251/737/100 1250/1367/163
f 839/1200/136 1657/1183/123 855/1183/48
f 1114/902/15 1384/1389/171 1400/1399/172
f 992/1016/143 1538/1051/183 976/1051/61
f 1113/905/16 1383/1388/104 1129/888/18
f 737/74/129 1252/1368/164 1248/806/31
f 838/1199/45 1660/1422/190 1676/1199/192
f 991/1036/64 1537/1055/117 1521/1036/112
f 837/1204/134 1659/1421/123 853/1187/48
f 1112/904/15 1386/1391/171 1402/1401/172
f 740/1369/130 1255/1440/100 1254/1369/163
f 990/1035/63 1540/1415/183 974/1054/61
f 1111/907/16 1385/1390/104 1127/890/18
f 836/1203/135 1662/1423/190 1678/1429/192
f 989/1038/144 1539/1057/117 1523/1038/112
f 739/738/129 1256/1370/164 1246/739/31
f 835/1206/134 1661/1189/123 851/1189/48
f 1110/906/15 1388/1393/171 1404/1403/172
f 988/1037/63 1542/1056/183 972/1056/61
f 1109/911/16 1387/1392/104 1125/894/18
f 742/1371/130 1259/772/100 1258/1371/163
f 834/1205/133 1664/1188/190 1680/1205/192
f 987/1040/64 1541/1059/117 1525/1040/112
f 833/1202/46 1663/1185/123 849/1185/48
f 1108/910/15 1390/893/171 1406/910/172
f 741/1281/129 1260/1282/164 1244/1282/31
f 986/1039/63 1544/1058/183 970/1058/61
f 1107/913/16 1389/1394/104 1123/896/18
f 832/1219/43 1666/1207/192 1682/1430/193
f 985/1042/144 1543/1061/117 1527/1042/112
f 744/1372/130 1263/775/100 1262/1372/163
f 831/1221/44 1665/1192/191 847/1192/134
f 1106/912/15 1392/895/171 1408/912/172
f 984/1041/63 1546/1060/183 968/1060/61
f 1105/908/16 1391/1395/104 1121/891/18
f 743/1283/129 1264/1284/164 1242/1284/31
f 830/1209/43 1668/1191/192 1684/1209/193
f 983/1044/64 1545/1416/117 1529/1044/112
f 829/1223/44 1667/1194/124 845/1194/134
f 1104/914/13 1394/1173/172 1410/914/174
f 746/1373/130 1267/778/100 1266/1373/163
f 982/1043/63 1548/1417/183 966/1062/61
f 1103/918/153 1393/1396/106 1119/899/16
f 828/1210/43 1670/1193/192 1686/1210/193
f 981/1048/64 1547/1067/117 1531/1048/112
f 745/1285/129 1268/1286/164 1240/1286/31
f 827/1211/44 1669/1196/124 843/1196/136
f 1102/917/13 1396/898/172 1412/917/174
f 980/1047/63 1550/1418/183 964/1066/61
f 1101/920/154 1395/1397/106 1117/901/16
f 748/1374/130 1271/784/100 1270/1374/163
f 826/1225/43 1672/1425/192 1688/1432/193
f 979/1050/144 1549/1069/117 1533/1050/112
f 825/1212/44 1671/1424/124 841/1198/136
f 1100/919/13 1398/900/172 1414/919/174
f 747/1287/129 1272/1288/164 1238/1288/31
f 978/1049/143 1552/1068/183 962/1068/61
f 1099/922/154 1397/903/106 1115/903/16
f 824/1227/43 1674/1427/192 1690/1227/193
f 977/1046/64 1551/1065/117 1535/1046/112
f 750/1375/130 1275/1441/100 1274/1375/163
f 823/1213/44 1673/1426/124 839/1200/136
f 1098/921/155 1400/1399/172 1416/921/174
f 976/1051/61 1554/1070/184 960/1070/59
f 1097/924/154 1399/1398/106 1113/905/16
f 749/1289/129 1276/1290/164 1236/1290/31
f 822/1229/43 1676/1199/192 1692/1229/193
f 975/1055/62 1553/1084/115 1537/1055/117
f 821/1231/44 1675/1428/124 837/1204/134
f 1096/923/155 1402/1401/172 1418/923/174
f 752/1376/130 1279/1442/100 1278/1376/163
f 974/1054/61 1556/1072/184 958/1072/59
f 1095/926/153 1401/1400/106 1111/907/16
f 820/1214/43 1678/1429/192 1694/1434/193
f 973/1057/62 1555/1086/115 1539/1057/117
f 751/1291/129 1280/1377/164 1234/1292/31
f 819/1233/44 1677/1206/124 835/1206/134
f 1094/925/155 1404/1403/172 1420/925/174
f 972/1056/61 1558/1073/184 956/1073/59
f 1093/930/154 1403/1402/106 1109/911/16
f 1248/806/31 1282/764/165 1232/764/29
f 818/1215/43 1680/1205/192 1696/1215/193
f 971/1059/62 1557/1088/115 1541/1059/117
f 1247/737/161 1281/768/101 1251/737/100
f 817/1217/44 1679/1202/124 833/1202/46
f 1092/929/152 1406/910/172 1422/929/174
f 970/1058/61 1560/1074/184 954/1074/59
f 1091/932/153 1405/913/106 1107/913/16
f 1246/739/31 1284/767/165 1230/767/29
f 816/72/132 1682/1430/193 1698/72/194
f 969/1061/62 1559/1090/115 1543/1061/117
f 1245/769/161 1283/1378/101 1255/1440/100
f 815/1443/42 1681/1221/119 831/1221/44
f 1090/931/152 1408/912/172 1424/931/174
f 968/1060/61 1562/1075/184 952/1075/59
f 1089/927/151 1407/908/106 1105/908/16
f 1244/1282/31 1286/770/165 1228/770/29
f 814/1220/132 1684/1209/193 1700/1220/194
f 967/1063/62 1561/1092/115 1545/1416/117
f 1243/772/161 1285/1379/101 1259/772/100
f 813/1444/42 1683/1223/119 829/1223/44
f 1088/933/11 1410/914/174 1426/933/175
f 966/1062/61 1564/1076/184 950/1076/59
f 1087/935/12 1409/1404/173 1103/918/153
f 1242/1284/31 1288/773/165 1226/773/29
f 812/1222/41 1686/1210/193 1702/1222/194
f 965/1067/62 1563/1094/115 1547/1067/117
f 1241/775/161 1287/1380/101 1263/775/100
f 811/1437/42 1685/1431/119 827/1211/44
f 1086/936/11 1412/917/174 1428/936/175
f 964/1066/61 1566/1077/184 948/1077/59
f 1085/937/12 1411/1405/110 1101/920/154
f 1240/1286/31 1290/776/165 1224/776/29
f 810/1224/41 1688/1432/193 1704/1224/194
f 963/1069/62 1565/1096/115 1549/1069/117
f 1239/778/161 1289/1381/101 1267/778/100
f 809/1438/42 1687/1212/119 825/1212/44
f 1084/938/11 1414/919/174 1430/938/175
f 962/1068/61 1568/1078/184 946/1078/59
f 1083/1408/12 1413/922/110 1099/922/154
f 1238/1288/31 1292/779/165 1222/779/29
f 808/1226/41 1690/1227/193 1706/1226/194
f 961/1065/62 1567/1080/115 1551/1065/117
f 1237/784/161 1291/1382/101 1271/784/100
f 807/1439/42 1689/1433/119 823/1213/44
f 1082/939/11 1416/921/174 1432/939/175
f 960/1070/59 1570/1363/185 944/1363/57
f 1081/1362/12 1415/924/110 1097/924/154
f 1236/1290/31 1294/785/165 1220/785/29
f 806/1228/41 1692/1229/193 1708/1228/194
f 959/1084/60 1569/1102/114 1553/1084/115
f 1235/787/161 1293/789/101 1275/1441/100
f 805/1361/42 1691/1231/119 821/1231/44
f 1080/940/11 1418/923/174 1434/940/175
f 958/1072/59 1572/1083/185 942/1083/57
f 1079/1360/12 1417/926/110 1095/926/153
f 1234/1292/31 1296/1383/165 1218/788/29
f 804/1230/41 1694/1434/193 1710/1358/194
f 957/1086/60 1571/1104/114 1555/1086/115
f 1233/1293/32 1295/781/101 1279/1442/100
f 803/1357/42 1693/1233/119 819/1233/44
f 1078/941/11 1420/925/174 1436/941/175
f 956/1073/59 1574/1085/185 940/1085/57
f 1077/942/12 1419/930/110 1093/930/154
f 1232/764/29 1298/823/166 1216/823/27
f 802/1232/41 1696/1215/193 1712/1232/194
f 955/1088/60 1573/1106/114 1557/1088/115
f 1231/768/30 1297/790/98 1281/768/101
f 801/1235/42 1695/1217/119 817/1217/44
f 1076/943/11 1422/929/174 1438/943/175
f 954/1074/59 1576/1087/185 938/1087/57
f 1075/944/12 1421/1406/110 1091/932/153
f 1230/767/29 1300/791/166 1214/791/27
f 800/1280/39 1698/72/194 1714/1280/195
f 953/1090/60 1575/1108/114 1559/1090/115
f 1229/771/30 1299/792/98 1283/1378/101
f 799/1239/40 1697/1435/120 815/1443/42
f 1074/945/11 1424/931/174 1440/945/175
f 952/1075/59 1578/1089/185 936/1089/57
f 1073/946/12 1423/1407/110 1089/927/151
f 1228/770/29 1302/793/166 1212/793/27
f 798/1240/39 1700/1220/194 1716/1240/195
f 951/1092/60 1577/1110/114 1561/1092/115
f 1227/774/30 1301/794/98 1285/1379/101
f 797/1241/40 1699/1436/120 813/1444/42
f 1072/948/150 1426/933/175 1442/948/176
f 950/1076/59 1580/1091/185 934/1091/57
f 1071/950/149 1425/935/107 1087/935/12
f 1226/773/29 1304/795/166 1210/795/27
f 796/1242/39 1702/1222/194 1718/1242/195
f 949/1094/60 1579/1112/114 1563/1094/115
f 1225/777/30 1303/796/98 1287/1380/101
f 795/1243/40 1701/1437/120 811/1437/42
f 1070/951/9 1428/936/175 1444/951/176
f 948/1077/59 1582/1419/185 932/1093/57
f 1069/952/149 1427/937/107 1085/937/12
f 1224/776/29 1306/797/166 1208/797/27
f 794/1244/39 1704/1224/194 1720/1244/195
f 947/1096/60 1581/1114/114 1565/1096/115
f 1223/780/30 1305/798/98 1289/1381/101
f 793/1245/40 1703/1438/120 809/1438/42
f 1068/953/9 1430/938/175 1446/1353/176
f 946/1078/59 1584/1095/185 930/1095/57
f 1067/954/10 1429/1408/107 1083/1408/12
f 1222/779/29 1308/799/166 1206/799/27
f 792/1246/39 1706/1226/194 1722/1246/195
f 945/1080/60 1583/1098/114 1567/1080/115
f 1221/786/30 1307/800/98 1291/1382/101
f 791/1247/40 1705/1439/120 807/1439/42
f 1805/843/242 1833/842/270 1829/1445/266
f 1802/1446/239 1848/1447/285 1850/1446/287
f 1788/1448/225 1868/1449/305 1786/1449/223
f 1816/858/253 1829/1445/266 1832/858/269
f 1761/76/198 1883/75/320 1881/76/318
f 1801/978/238 1847/967/284 1795/967/232
f 1782/1450/219 1866/1448/303 1788/1448/225
f 1761/1451/198 1879/1452/316 1765/1256/202
f 1815/1453/252 1830/1454/267 1806/1454/243
f 1795/967/232 1845/949/282 1797/949/234
f 1762/1455/199 1880/1456/317 1882/1455/319
f 1796/1447/233 1846/1457/283 1848/1447/285
f 1781/1100/218 1865/1458/302 1863/1100/300
f 1774/1459/211 1825/1460/262 1828/1459/265
f 1783/1082/220 1863/1100/300 1861/1082/298
f 1766/1456/203 1878/1461/315 1880/1456/317
f 1798/1457/235 1844/1462/281 1846/1457/283
f 1784/1463/221 1864/1450/301 1782/1450/219
f 1773/1270/210 1826/73/263 1768/73/205
f 1765/1256/202 1877/1257/314 1763/1257/200
f 1797/949/234 1843/934/280 1791/934/228
f 1778/1464/215 1862/1463/299 1784/1463/221
f 1763/1257/200 1827/1270/264 1773/1270/210
f 1791/934/228 1841/915/278 1793/915/230
f 1764/1461/201 1828/1459/265 1878/1461/315
f 1792/1462/229 1842/1465/279 1844/1462/281
f 1777/1071/214 1861/1082/298 1859/1071/296
f 1779/1052/216 1859/1071/296 1857/1466/294
f 1809/1467/246 1831/1453/268 1815/1453/252
f 1794/1465/231 1840/1468/277 1842/1465/279
f 1780/1469/217 1860/1464/297 1778/1464/215
f 1810/824/247 1832/858/269 1876/1470/313
f 1765/1256/202 737/1335/129 1761/1451/198
f 1826/1471/263 1828/1459/265 1825/1460/262
f 1831/1453/268 1829/1472/266 1830/1454/267
f 1833/1473/270 1830/1454/267 1829/1472/266
f 1834/1474/271 1835/1475/272 1836/1476/273
f 1835/1475/272 1838/1477/275 1836/1476/273
f 1840/1468/277 1837/1478/274 1839/1479/276
f 1839/1479/276 1842/1465/279 1840/1468/277
f 1844/1462/281 1841/1480/278 1843/1481/280
f 1843/1481/280 1846/1457/283 1844/1462/281
f 1848/1447/285 1845/1482/282 1847/1483/284
f 1847/1483/284 1850/1446/287 1848/1447/285
f 1852/1484/289 1849/1485/286 1851/1486/288
f 1853/1487/290 1852/1484/289 1851/1486/288
f 1854/1237/291 1855/1488/292 1856/1238/293
f 1857/1489/294 1856/1238/293 1855/1488/292
f 1858/1469/295 1859/1490/296 1860/1464/297
f 1861/1491/298 1860/1464/297 1859/1490/296
f 1862/1463/299 1863/1492/300 1864/1450/301
f 1865/1493/302 1864/1450/301 1863/1492/300
f 1866/1448/303 1867/1494/304 1868/1449/305
f 1867/1494/304 1870/1495/307 1868/1449/305
f 1872/1496/309 1869/1497/306 1871/1498/308
f 1874/1499/311 1871/1498/308 1873/1500/310
f 1825/1460/262 1873/1500/310 1826/1471/263
f 1832/1501/269 1875/1467/312 1876/1502/313
f 1878/1461/315 1827/1503/264 1877/1504/314
f 1877/1504/314 1880/1456/317 1878/1461/315
f 1882/1455/319 1879/1505/316 1881/1506/318
f 1883/1507/320 1882/1455/319 1881/1506/318
f 1884/1365/321 1885/1508/322 1886/1366/323
f 1887/1509/324 1886/1366/323 1885/1508/322
f 1888/1510/325 1876/1502/313 1875/1467/312
f 1762/1455/199 1884/1365/321 1818/1365/255
f 1787/1117/224 1867/1135/304 1865/1458/302
f 1819/1208/256 1867/1135/304 1785/1135/222
f 1800/1484/237 1850/1446/287 1852/1484/289
f 1806/1454/243 1834/1474/271 1808/1474/245
f 1818/1365/255 1886/1366/323 1812/1366/249
f 1799/996/236 1849/978/286 1801/978/238
f 1817/75/254 1885/1511/322 1883/75/320
f 1820/1495/257 1868/1449/305 1870/1495/307
f 1799/996/236 1853/1190/290 1851/996/288
f 1808/1474/245 1836/1476/273 1804/1476/241
f 1811/766/248 1887/765/324 1885/1511/322
f 1807/842/244 1835/880/272 1833/842/270
f 1772/1496/209 1870/1495/307 1872/1496/309
f 1800/1484/237 1854/1237/291 1824/1237/261
f 1821/879/258 1835/880/272 1803/880/240
f 1812/1366/249 1888/1510/325 1814/1510/251
f 1771/1218/208 1869/1512/306 1819/1208/256
f 1814/1510/251 1875/1467/312 1809/1467/246
f 1824/1237/261 1856/1238/293 1776/1238/213
f 1822/1477/259 1836/1476/273 1838/1477/275
f 1813/765/250 1876/1470/313 1887/765/324
f 1770/1499/207 1872/1496/309 1874/1499/311
f 1823/1190/260 1855/1513/292 1853/1190/290
f 1769/71/206 1871/1514/308 1771/1218/208
f 1775/1053/212 1857/1466/294 1855/1513/292
f 1790/1468/227 1838/1477/275 1840/1468/277
f 1767/1460/204 1874/1499/311 1825/1460/262
f 1789/916/226 1837/1515/274 1821/879/258
f 1768/73/205 1873/71/310 1769/71/206
f 1776/1238/213 1858/1469/295 1780/1469/217
f 1793/915/230 1839/916/276 1789/916/226
f 2/1/2 4/4/4 85/2/66
f 4/4/4 6/6/6 105/5/67
f 6/6/6 8/8/8 125/7/68
f 8/8/8 10/10/10 145/9/69
f 10/10/10 12/12/12 165/11/70
f 12/12/12 14/14/14 185/13/71
f 14/14/14 16/16/16 205/15/72
f 16/16/16 18/18/18 225/17/73
f 18/18/18 20/20/20 245/19/74
f 20/20/20 22/22/22 265/21/75
f 22/22/22 24/24/24 285/23/76
f 24/24/24 26/26/26 305/25/77
f 26/26/26 28/28/28 325/27/78
f 28/28/28 30/30/30 345/29/79
f 30/30/30 32/32/32 365/31/80
f 32/32/32 34/34/34 385/33/81
f 34/34/34 36/36/36 405/35/82
f 36/36/36 38/38/38 425/37/83
f 38/38/38 40/40/40 445/39/84
f 40/40/40 42/1516/42 465/41/85
f 465/41/85 42/1516/42 44/42/44
f 485/43/86 44/42/44 46/44/46
f 505/45/87 46/44/46 48/46/48
f 525/47/88 48/46/48 50/48/50
f 545/49/89 50/48/50 52/50/52
f 565/51/90 52/50/52 54/52/54
f 585/53/91 54/52/54 56/54/56
f 605/55/92 56/54/56 58/56/58
f 58/56/58 60/59/60 645/58/94
f 60/59/60 62/67/62 665/60/95
f 730/1517/122 735/1518/127 22/1519/22
f 22/1519/22 20/1520/20 730/1517/122
f 20/1520/20 18/1521/18 729/1522/121
f 18/1521/18 16/1523/16 729/1522/121
f 16/1523/16 14/61/14 731/63/123
f 729/1522/121 16/1523/16 731/63/123
f 14/61/14 12/1524/12 732/62/124
f 12/1524/12 10/1525/10 727/1526/119
f 10/1525/10 8/1527/8 728/1528/120
f 8/1527/8 6/1529/6 726/1530/118
f 728/1528/120 8/1527/8 726/1530/118
f 6/1529/6 736/1531/128 726/1530/118
f 12/1524/12 727/1526/119 732/62/124
f 20/1520/20 729/1522/121 730/1517/122
f 10/1525/10 728/1528/120 727/1526/119
f 710/1532/102 736/1531/128 4/1533/4
f 736/1531/128 6/1529/6 4/1533/4
f 4/1533/4 2/1534/2 710/1532/102
f 2/1534/2 64/1535/64 708/1536/100
f 64/1535/64 62/1537/62 709/1538/101
f 708/1536/100 64/1535/64 709/1538/101
f 62/1537/62 60/1539/60 706/1540/98
f 60/1539/60 58/1541/58 707/1542/99
f 58/1541/58 56/1543/56 705/1544/97
f 56/1543/56 54/1545/54 733/1546/125
f 705/1544/97 56/1543/56 733/1546/125
f 54/1545/54 52/1547/52 713/1548/105
f 52/1547/52 50/1549/50 712/1550/104
f 50/1549/50 48/1551/48 712/1550/104
f 48/1551/48 46/64/46 714/66/106
f 712/1550/104 48/1551/48 714/66/106
f 46/64/46 44/1552/44 718/65/110
f 44/1552/44 42/1553/42 715/1554/107
f 42/1553/42 40/1555/40 717/1556/109
f 40/1555/40 38/1557/38 716/1558/108
f 717/1556/109 40/1555/40 716/1558/108
f 38/1557/38 36/1559/36 734/1560/126
f 36/1559/36 34/1561/34 719/1562/111
f 34/1561/34 32/1563/32 720/1564/112
f 32/1563/32 30/1565/30 725/1566/117
f 720/1564/112 32/1563/32 725/1566/117
f 30/1565/30 28/1567/28 723/1568/115
f 28/1567/28 26/1569/26 722/1570/114
f 26/1569/26 24/1571/24 724/1572/116
f 24/1571/24 22/1519/22 735/1518/127
f 724/1572/116 24/1571/24 735/1518/127
f 724/1572/116 722/1570/114 26/1569/26
f 28/1567/28 722/1570/114 723/1568/115
f 36/1559/36 719/1562/111 734/1560/126
f 721/1573/113 34/1561/34 720/1564/112
f 44/1552/44 715/1554/107 718/65/110
f 52/1547/52 712/1550/104 713/1548/105
f 60/1539/60 707/1542/99 706/1540/98
f 707/1542/99 58/1541/58 705/1544/97
f 711/1574/103 2/1534/2 708/1536/100
f 711/1574/103 710/1532/102 2/1534/2
f 30/1565/30 723/1568/115 725/1566/117
f 706/1540/98 709/1538/101 62/1537/62
f 34/1561/34 721/1573/113 719/1562/111
f 713/1548/105 733/1546/125 54/1545/54
f 38/1557/38 734/1560/126 716/1558/108
f 42/1553/42 717/1556/109 715/1554/107
f 62/67/62 64/69/64 685/68/96
f 64/69/64 2/1575/2 84/70/65
f 1769/71/206 832/1219/43 816/72/132
f 737/74/129 1248/806/31 1817/75/254
f 704/77/96 65/81/65 1/78/1
f 704/77/96 703/82/96 66/80/65
f 703/82/96 702/84/96 67/83/65
f 702/84/96 701/86/96 68/85/65
f 701/86/96 700/88/96 69/87/65
f 700/88/96 699/90/96 70/89/65
f 699/90/96 698/92/96 71/91/65
f 698/92/96 697/94/96 72/93/65
f 697/94/96 696/96/96 73/95/65
f 696/96/96 695/98/96 74/97/65
f 695/98/96 694/100/96 75/99/65
f 694/100/96 693/102/96 76/101/65
f 693/102/96 692/104/96 77/103/65
f 692/104/96 691/106/96 78/105/65
f 691/106/96 690/108/96 79/107/65
f 690/108/96 689/110/96 80/109/65
f 689/110/96 688/112/96 81/111/65
f 688/112/96 687/114/96 82/113/65
f 687/114/96 686/116/96 83/115/65
f 686/116/96 685/68/96 84/70/65
f 684/117/95 704/77/96 63/79/63
f 683/119/95 703/82/96 704/77/96
f 682/120/95 702/84/96 703/82/96
f 681/121/95 701/86/96 702/84/96
f 680/122/95 700/88/96 701/86/96
f 679/123/95 699/90/96 700/88/96
f 678/124/95 698/92/96 699/90/96
f 677/125/95 697/94/96 698/92/96
f 676/126/95 696/96/96 697/94/96
f 675/127/95 695/98/96 696/96/96
f 674/128/95 694/100/96 695/98/96
f 673/129/95 693/102/96 694/100/96
f 672/130/95 692/104/96 693/102/96
f 671/131/95 691/106/96 692/104/96
f 670/132/95 690/108/96 691/106/96
f 669/133/95 689/110/96 690/108/96
f 668/134/95 688/112/96 689/110/96
f 667/135/95 687/114/96 688/112/96
f 666/136/95 686/116/96 687/114/96
f 665/60/95 685/68/96 686/116/96
f 664/137/94 684/117/95 61/118/61
f 663/139/94 683/119/95 684/117/95
f 662/140/94 682/120/95 683/119/95
f 662/140/94 661/142/94 681/121/95
f 660/141/94 680/122/95 681/121/95
f 659/143/94 679/123/95 680/122/95
f 658/144/94 678/124/95 679/123/95
f 657/145/94 677/125/95 678/124/95
f 657/145/94 656/147/94 676/126/95
f 655/146/94 675/127/95 676/126/95
f 654/148/94 674/128/95 675/127/95
f 653/149/94 673/129/95 674/128/95
f 653/149/94 652/151/94 672/130/95
f 651/150/94 671/131/95 672/130/95
f 650/152/94 670/132/95 671/131/95
f 649/153/94 669/133/95 670/132/95
f 648/154/94 668/134/95 669/133/95
f 648/154/94 647/156/94 667/135/95
f 646/155/94 666/136/95 667/135/95
f 645/58/94 665/60/95 666/136/95
f 644/157/93 664/137/94 59/138/59
f 643/159/93 663/139/94 664/137/94
f 642/160/93 662/140/94 663/139/94
f 642/160/93 641/162/93 661/142/94
f 640/161/93 660/141/94 661/142/94
f 639/163/93 659/143/94 660/141/94
f 638/164/93 658/144/94 659/143/94
f 637/165/93 657/145/94 658/144/94
f 637/165/93 636/167/93 656/147/94
f 635/166/93 655/146/94 656/147/94
f 634/168/93 654/148/94 655/146/94
f 633/169/93 653/149/94 654/148/94
f 633/169/93 632/171/93 652/151/94
f 631/170/93 651/150/94 652/151/94
f 630/172/93 650/152/94 651/150/94
f 629/173/93 649/153/94 650/152/94
f 628/174/93 648/154/94 649/153/94
f 628/174/93 627/176/93 647/156/94
f 626/175/93 646/155/94 647/156/94
f 625/57/93 645/58/94 646/155/94
f 55/177/55 624/179/92 644/157/93
f 623/178/92 643/159/93 644/157/93
f 623/178/92 622/180/92 642/160/93
f 622/180/92 621/181/92 641/162/93
f 621/181/92 620/183/92 640/161/93
f 619/182/92 639/163/93 640/161/93
f 618/184/92 638/164/93 639/163/93
f 618/184/92 617/185/92 637/165/93
f 617/185/92 616/186/92 636/167/93
f 616/186/92 615/188/92 635/166/93
f 614/187/92 634/168/93 635/166/93
f 614/187/92 613/189/92 633/169/93
f 613/189/92 612/190/92 632/171/93
f 612/190/92 611/192/92 631/170/93
f 610/191/92 630/172/93 631/170/93
f 609/193/92 629/173/93 630/172/93
f 609/193/92 608/194/92 628/174/93
f 608/194/92 607/195/92 627/176/93
f 607/195/92 606/196/92 626/175/93
f 605/55/92 625/57/93 626/175/93
f 53/197/53 604/199/91 624/179/92
f 603/198/91 623/178/92 624/179/92
f 603/198/91 602/201/91 622/180/92
f 601/200/91 621/181/92 622/180/92
f 601/200/91 600/203/91 620/183/92
f 599/202/91 619/182/92 620/183/92
f 598/204/91 618/184/92 619/182/92
f 598/204/91 597/206/91 617/185/92
f 596/205/91 616/186/92 617/185/92
f 595/207/91 615/188/92 616/186/92
f 594/208/91 614/187/92 615/188/92
f 593/209/91 613/189/92 614/187/92
f 592/210/91 612/190/92 613/189/92
f 592/210/91 591/212/91 611/192/92
f 590/211/91 610/191/92 611/192/92
f 589/213/91 609/193/92 610/191/92
f 589/213/91 588/215/91 608/194/92
f 587/214/91 607/195/92 608/194/92
f 587/214/91 586/216/91 606/196/92
f 585/53/91 605/55/92 606/196/92
f 51/217/51 584/219/90 604/199/91
f 583/218/90 603/198/91 604/199/91
f 583/218/90 582/221/90 602/201/91
f 581/220/90 601/200/91 602/201/91
f 581/220/90 580/222/90 600/203/91
f 580/222/90 579/224/90 599/202/91
f 578/223/90 598/204/91 599/202/91
f 578/223/90 577/225/90 597/206/91
f 577/225/90 576/227/90 596/205/91
f 575/226/90 595/207/91 596/205/91
f 574/228/90 594/208/91 595/207/91
f 573/229/90 593/209/91 594/208/91
f 572/230/90 592/210/91 593/209/91
f 572/230/90 571/231/90 591/212/91
f 571/231/90 570/233/90 590/211/91
f 569/232/90 589/213/91 590/211/91
f 569/232/90 568/235/90 588/215/91
f 567/234/90 587/214/91 588/215/91
f 567/234/90 566/236/90 586/216/91
f 565/51/90 585/53/91 586/216/91
f 49/237/49 564/239/89 584/219/90
f 563/238/89 583/218/90 584/219/90
f 563/238/89 562/241/89 582/221/90
f 561/240/89 581/220/90 582/221/90
f 561/240/89 560/242/89 580/222/90
f 560/242/89 559/243/89 579/224/90
f 559/243/89 558/244/89 578/223/90
f 558/244/89 557/246/89 577/225/90
f 556/245/89 576/227/90 577/225/90
f 556/245/89 555/248/89 575/226/90
f 554/247/89 574/228/90 575/226/90
f 553/249/89 573/229/90 574/228/90
f 552/250/89 572/230/90 573/229/90
f 551/251/89 571/231/90 572/230/90
f 551/251/89 550/252/89 570/233/90
f 550/252/89 549/253/89 569/232/90
f 549/253/89 548/254/89 568/235/90
f 548/254/89 547/256/89 567/234/90
f 546/255/89 566/236/90 567/234/90
f 546/255/89 545/49/89 565/51/90
f 47/257/47 544/259/88 564/239/89
f 543/258/88 563/238/89 564/239/89
f 543/258/88 542/261/88 562/241/89
f 541/260/88 561/240/89 562/241/89
f 541/260/88 540/262/88 560/242/89
f 540/262/88 539/263/88 559/243/89
f 539/263/88 538/264/88 558/244/89
f 538/264/88 537/266/88 557/246/89
f 536/265/88 556/245/89 557/246/89
f 536/265/88 535/268/88 555/248/89
f 534/267/88 554/247/89 555/248/89
f 533/269/88 553/249/89 554/247/89
f 532/270/88 552/250/89 553/249/89
f 531/271/88 551/251/89 552/250/89
f 531/271/88 530/272/88 550/252/89
f 530/272/88 529/273/88 549/253/89
f 529/273/88 528/274/88 548/254/89
f 528/274/88 527/276/88 547/256/89
f 526/275/88 546/255/89 547/256/89
f 526/275/88 525/47/88 545/49/89
f 45/277/45 524/278/87 544/259/88
f 524/278/87 523/279/87 543/258/88
f 523/279/87 522/280/87 542/261/88
f 522/280/87 521/281/87 541/260/88
f 521/281/87 520/283/87 540/262/88
f 519/282/87 539/263/88 540/262/88
f 519/282/87 518/284/87 538/264/88
f 518/284/87 517/286/87 537/266/88
f 516/285/87 536/265/88 537/266/88
f 516/285/87 515/288/87 535/268/88
f 514/287/87 534/267/88 535/268/88
f 513/289/87 533/269/88 534/267/88
f 513/289/87 512/290/87 532/270/88
f 512/290/87 511/292/87 531/271/88
f 510/291/87 530/272/88 531/271/88
f 510/291/87 509/293/87 529/273/88
f 509/293/87 508/294/87 528/274/88
f 508/294/87 507/295/87 527/276/88
f 507/295/87 506/296/87 526/275/88
f 506/296/87 505/45/87 525/47/88
f 43/297/43 504/299/86 524/278/87
f 503/298/86 523/279/87 524/278/87
f 503/298/86 502/301/86 522/280/87
f 501/300/86 521/281/87 522/280/87
f 501/300/86 500/303/86 520/283/87
f 499/302/86 519/282/87 520/283/87
f 498/304/86 518/284/87 519/282/87
f 498/304/86 497/306/86 517/286/87
f 496/305/86 516/285/87 517/286/87
f 495/307/86 515/288/87 516/285/87
f 494/308/86 514/287/87 515/288/87
f 493/309/86 513/289/87 514/287/87
f 492/310/86 512/290/87 513/289/87
f 492/310/86 491/312/86 511/292/87
f 490/311/86 510/291/87 511/292/87
f 489/313/86 509/293/87 510/291/87
f 489/313/86 488/315/86 508/294/87
f 487/314/86 507/295/87 508/294/87
f 487/314/86 486/316/86 506/296/87
f 485/43/86 505/45/87 506/296/87
f 41/317/41 484/319/85 504/299/86
f 483/318/85 503/298/86 504/299/86
f 483/318/85 482/320/85 502/301/86
f 482/320/85 481/321/85 501/300/86
f 481/321/85 480/323/85 500/303/86
f 479/322/85 499/302/86 500/303/86
f 478/324/85 498/304/86 499/302/86
f 478/324/85 477/325/85 497/306/86
f 477/325/85 476/326/85 496/305/86
f 476/326/85 475/328/85 495/307/86
f 474/327/85 494/308/86 495/307/86
f 474/327/85 473/329/85 493/309/86
f 473/329/85 472/330/85 492/310/86
f 472/330/85 471/332/85 491/312/86
f 470/331/85 490/311/86 491/312/86
f 469/333/85 489/313/86 490/311/86
f 469/333/85 468/334/85 488/315/86
f 468/334/85 467/335/85 487/314/86
f 467/335/85 466/336/85 486/316/86
f 465/41/85 485/43/86 486/316/86
f 464/337/84 484/319/85 41/317/41
f 463/339/84 483/318/85 484/319/85
f 462/340/84 482/320/85 483/318/85
f 462/340/84 461/342/84 481/321/85
f 460/341/84 480/323/85 481/321/85
f 459/343/84 479/322/85 480/323/85
f 458/344/84 478/324/85 479/322/85
f 457/345/84 477/325/85 478/324/85
f 457/345/84 456/347/84 476/326/85
f 455/346/84 475/328/85 476/326/85
f 454/348/84 474/327/85 475/328/85
f 453/349/84 473/329/85 474/327/85
f 453/349/84 452/351/84 472/330/85
f 451/350/84 471/332/85 472/330/85
f 450/352/84 470/331/85 471/332/85
f 449/353/84 469/333/85 470/331/85
f 448/354/84 468/334/85 469/333/85
f 448/354/84 447/356/84 467/335/85
f 446/355/84 466/336/85 467/335/85
f 445/39/84 465/41/85 466/336/85
f 444/357/83 464/337/84 39/338/39
f 443/359/83 463/339/84 464/337/84
f 442/360/83 462/340/84 463/339/84
f 442/360/83 441/362/83 461/342/84
f 440/361/83 460/341/84 461/342/84
f 439/363/83 459/343/84 460/341/84
f 438/364/83 458/344/84 459/343/84
f 437/365/83 457/345/84 458/344/84
f 437/365/83 436/367/83 456/347/84
f 435/366/83 455/346/84 456/347/84
f 434/368/83 454/348/84 455/346/84
f 433/369/83 453/349/84 454/348/84
f 433/369/83 432/371/83 452/351/84
f 431/370/83 451/350/84 452/351/84
f 430/372/83 450/352/84 451/350/84
f 429/373/83 449/353/84 450/352/84
f 428/374/83 448/354/84 449/353/84
f 428/374/83 427/376/83 447/356/84
f 426/375/83 446/355/84 447/356/84
f 425/37/83 445/39/84 446/355/84
f 424/377/82 444/357/83 37/358/37
f 423/379/82 443/359/83 444/357/83
f 422/380/82 442/360/83 443/359/83
f 421/381/82 441/362/83 442/360/83
f 420/382/82 440/361/83 441/362/83
f 419/383/82 439/363/83 440/361/83
f 418/384/82 438/364/83 439/363/83
f 417/385/82 437/365/83 438/364/83
f 416/386/82 436/367/83 437/365/83
f 415/387/82 435/366/83 436/367/83
f 414/388/82 434/368/83 435/366/83
f 413/389/82 433/369/83 434/368/83
f 412/390/82 432/371/83 433/369/83
f 411/391/82 431/370/83 432/371/83
f 410/392/82 430/372/83 431/370/83
f 409/393/82 429/373/83 430/372/83
f 408/394/82 428/374/83 429/373/83
f 407/395/82 427/376/83 428/374/83
f 406/396/82 426/375/83 427/376/83
f 405/35/82 425/37/83 426/375/83
f 404/397/81 424/377/82 35/378/35
f 403/399/81 423/379/82 424/377/82
f 402/400/81 422/380/82 423/379/82
f 401/401/81 421/381/82 422/380/82
f 400/402/81 420/382/82 421/381/82
f 399/403/81 419/383/82 420/382/82
f 398/404/81 418/384/82 419/383/82
f 397/405/81 417/385/82 418/384/82
f 396/406/81 416/386/82 417/385/82
f 395/407/81 415/387/82 416/386/82
f 394/408/81 414/388/82 415/387/82
f 393/409/81 413/389/82 414/388/82
f 392/410/81 412/390/82 413/389/82
f 391/411/81 411/391/82 412/390/82
f 390/412/81 410/392/82 411/391/82
f 389/413/81 409/393/82 410/392/82
f 388/414/81 408/394/82 409/393/82
f 387/415/81 407/395/82 408/394/82
f 386/416/81 406/396/82 407/395/82
f 385/33/81 405/35/82 406/396/82
f 384/417/80 404/397/81 33/398/33
f 383/419/80 403/399/81 404/397/81
f 382/420/80 402/400/81 403/399/81
f 381/421/80 401/401/81 402/400/81
f 380/422/80 400/402/81 401/401/81
f 379/423/80 399/403/81 400/402/81
f 378/424/80 398/404/81 399/403/81
f 377/425/80 397/405/81 398/404/81
f 376/426/80 396/406/81 397/405/81
f 375/427/80 395/407/81 396/406/81
f 374/428/80 394/408/81 395/407/81
f 373/429/80 393/409/81 394/408/81
f 372/430/80 392/410/81 393/409/81
f 371/431/80 391/411/81 392/410/81
f 370/432/80 390/412/81 391/411/81
f 369/433/80 389/413/81 390/412/81
f 368/434/80 388/414/81 389/413/81
f 367/435/80 387/415/81 388/414/81
f 366/436/80 386/416/81 387/415/81
f 365/31/80 385/33/81 386/416/81
f 364/437/79 384/417/80 31/418/31
f 363/439/79 383/419/80 384/417/80
f 362/440/79 382/420/80 383/419/80
f 361/441/79 381/421/80 382/420/80
f 360/442/79 380/422/80 381/421/80
f 359/443/79 379/423/80 380/422/80
f 358/444/79 378/424/80 379/423/80
f 358/444/79 357/445/79 377/425/80
f 357/445/79 356/447/79 376/426/80
f 355/446/79 375/427/80 376/426/80
f 354/448/79 374/428/80 375/427/80
f 353/449/79 373/429/80 374/428/80
f 353/449/79 352/450/79 372/430/80
f 352/450/79 351/452/79 371/431/80
f 350/451/79 370/432/80 371/431/80
f 349/453/79 369/433/80 370/432/80
f 348/454/79 368/434/80 369/433/80
f 347/455/79 367/435/80 368/434/80
f 346/456/79 366/436/80 367/435/80
f 345/29/79 365/31/80 366/436/80
f 344/457/78 364/437/79 29/438/29
f 343/459/78 363/439/79 364/437/79
f 342/460/78 362/440/79 363/439/79
f 341/461/78 361/441/79 362/440/79
f 340/462/78 360/442/79 361/441/79
f 339/463/78 359/443/79 360/442/79
f 338/464/78 358/444/79 359/443/79
f 337/465/78 357/445/79 358/444/79
f 336/466/78 356/447/79 357/445/79
f 335/467/78 355/446/79 356/447/79
f 334/468/78 354/448/79 355/446/79
f 333/469/78 353/449/79 354/448/79
f 332/470/78 352/450/79 353/449/79
f 331/471/78 351/452/79 352/450/79
f 330/472/78 350/451/79 351/452/79
f 329/473/78 349/453/79 350/451/79
f 328/474/78 348/454/79 349/453/79
f 327/475/78 347/455/79 348/454/79
f 326/476/78 346/456/79 347/455/79
f 325/27/78 345/29/79 346/456/79
f 324/477/77 344/457/78 27/458/27
f 323/479/77 343/459/78 344/457/78
f 322/480/77 342/460/78 343/459/78
f 321/481/77 341/461/78 342/460/78
f 320/482/77 340/462/78 341/461/78
f 319/483/77 339/463/78 340/462/78
f 318/484/77 338/464/78 339/463/78
f 317/485/77 337/465/78 338/464/78
f 316/486/77 336/466/78 337/465/78
f 316/486/77 315/487/77 335/467/78
f 315/487/77 314/488/77 334/468/78
f 314/488/77 313/490/77 333/469/78
f 312/489/77 332/470/78 333/469/78
f 311/491/77 331/471/78 332/470/78
f 310/492/77 330/472/78 331/471/78
f 309/493/77 329/473/78 330/472/78
f 308/494/77 328/474/78 329/473/78
f 307/495/77 327/475/78 328/474/78
f 306/496/77 326/476/78 327/475/78
f 305/25/77 325/27/78 326/476/78
f 304/497/76 324/477/77 25/478/25
f 303/499/76 323/479/77 324/477/77
f 302/500/76 322/480/77 323/479/77
f 301/501/76 321/481/77 322/480/77
f 300/502/76 320/482/77 321/481/77
f 299/503/76 319/483/77 320/482/77
f 298/504/76 318/484/77 319/483/77
f 297/505/76 317/485/77 318/484/77
f 296/506/76 316/486/77 317/485/77
f 295/507/76 315/487/77 316/486/77
f 294/508/76 314/488/77 315/487/77
f 293/509/76 313/490/77 314/488/77
f 292/510/76 312/489/77 313/490/77
f 291/511/76 311/491/77 312/489/77
f 290/512/76 310/492/77 311/491/77
f 289/513/76 309/493/77 310/492/77
f 288/514/76 308/494/77 309/493/77
f 287/515/76 307/495/77 308/494/77
f 286/516/76 306/496/77 307/495/77
f 285/23/76 305/25/77 306/496/77
f 284/517/75 304/497/76 23/498/23
f 283/519/75 303/499/76 304/497/76
f 282/520/75 302/500/76 303/499/76
f 281/521/75 301/501/76 302/500/76
f 280/522/75 300/502/76 301/501/76
f 279/523/75 299/503/76 300/502/76
f 278/524/75 298/504/76 299/503/76
f 277/525/75 297/505/76 298/504/76
f 277/525/75 276/527/75 296/506/76
f 275/526/75 295/507/76 296/506/76
f 274/528/75 294/508/76 295/507/76
f 274/528/75 273/529/75 293/509/76
f 273/529/75 272/531/75 292/510/76
f 271/530/75 291/511/76 292/510/76
f 270/532/75 290/512/76 291/511/76
f 269/533/75 289/513/76 290/512/76
f 268/534/75 288/514/76 289/513/76
f 267/535/75 287/515/76 288/514/76
f 266/536/75 286/516/76 287/515/76
f 265/21/75 285/23/76 286/516/76
f 264/537/74 284/517/75 21/518/21
f 263/539/74 283/519/75 284/517/75
f 262/540/74 282/520/75 283/519/75
f 261/541/74 281/521/75 282/520/75
f 260/542/74 280/522/75 281/521/75
f 259/543/74 279/523/75 280/522/75
f 258/544/74 278/524/75 279/523/75
f 257/545/74 277/525/75 278/524/75
f 256/546/74 276/527/75 277/525/75
f 255/547/74 275/526/75 276/527/75
f 255/547/74 254/549/74 274/528/75
f 253/548/74 273/529/75 274/528/75
f 252/550/74 272/531/75 273/529/75
f 251/551/74 271/530/75 272/531/75
f 250/552/74 270/532/75 271/530/75
f 249/553/74 269/533/75 270/532/75
f 248/554/74 268/534/75 269/533/75
f 247/555/74 267/535/75 268/534/75
f 246/556/74 266/536/75 267/535/75
f 245/19/74 265/21/75 266/536/75
f 244/557/73 264/537/74 19/538/19
f 243/559/73 263/539/74 264/537/74
f 242/560/73 262/540/74 263/539/74
f 241/561/73 261/541/74 262/540/74
f 240/562/73 260/542/74 261/541/74
f 239/563/73 259/543/74 260/542/74
f 238/564/73 258/544/74 259/543/74
f 237/565/73 257/545/74 258/544/74
f 236/566/73 256/546/74 257/545/74
f 235/567/73 255/547/74 256/546/74
f 234/568/73 254/549/74 255/547/74
f 233/569/73 253/548/74 254/549/74
f 232/570/73 252/550/74 253/548/74
f 231/571/73 251/551/74 252/550/74
f 230/572/73 250/552/74 251/551/74
f 229/573/73 249/553/74 250/552/74
f 228/574/73 248/554/74 249/553/74
f 227/575/73 247/555/74 248/554/74
f 226/576/73 246/556/74 247/555/74
f 225/17/73 245/19/74 246/556/74
f 224/577/72 244/557/73 17/558/17
f 223/579/72 243/559/73 244/557/73
f 222/580/72 242/560/73 243/559/73
f 221/581/72 241/561/73 242/560/73
f 220/582/72 240/562/73 241/561/73
f 219/583/72 239/563/73 240/562/73
f 218/584/72 238/564/73 239/563/73
f 217/585/72 237/565/73 238/564/73
f 216/586/72 236/566/73 237/565/73
f 215/587/72 235/567/73 236/566/73
f 214/588/72 234/568/73 235/567/73
f 213/589/72 233/569/73 234/568/73
f 212/590/72 232/570/73 233/569/73
f 211/591/72 231/571/73 232/570/73
f 210/592/72 230/572/73 231/571/73
f 209/593/72 229/573/73 230/572/73
f 208/594/72 228/574/73 229/573/73
f 207/595/72 227/575/73 228/574/73
f 206/596/72 226/576/73 227/575/73
f 205/15/72 225/17/73 226/576/73
f 204/597/71 224/577/72 15/578/15
f 203/599/71 223/579/72 224/577/72
f 202/600/71 222/580/72 223/579/72
f 201/601/71 221/581/72 222/580/72
f 200/602/71 220/582/72 221/581/72
f 199/603/71 219/583/72 220/582/72
f 198/604/71 218/584/72 219/583/72
f 197/605/71 217/585/72 218/584/72
f 196/606/71 216/586/72 217/585/72
f 196/606/71 195/607/71 215/587/72
f 195/607/71 194/608/71 214/588/72
f 194/608/71 193/610/71 213/589/72
f 192/609/71 212/590/72 213/589/72
f 191/611/71 211/591/72 212/590/72
f 190/612/71 210/592/72 211/591/72
f 189/613/71 209/593/72 210/592/72
f 188/614/71 208/594/72 209/593/72
f 187/615/71 207/595/72 208/594/72
f 186/616/71 206/596/72 207/595/72
f 185/13/71 205/15/72 206/596/72
f 184/617/70 204/597/71 13/598/13
f 183/619/70 203/599/71 204/597/71
f 182/620/70 202/600/71 203/599/71
f 181/621/70 201/601/71 202/600/71
f 180/622/70 200/602/71 201/601/71
f 179/623/70 199/603/71 200/602/71
f 178/624/70 198/604/71 199/603/71
f 177/625/70 197/605/71 198/604/71
f 177/625/70 176/627/70 196/606/71
f 175/626/70 195/607/71 196/606/71
f 174/628/70 194/608/71 195/607/71
f 174/628/70 173/629/70 193/610/71
f 173/629/70 172/631/70 192/609/71
f 171/630/70 191/611/71 192/609/71
f 170/632/70 190/612/71 191/611/71
f 169/633/70 189/613/71 190/612/71
f 168/634/70 188/614/71 189/613/71
f 167/635/70 187/615/71 188/614/71
f 166/636/70 186/616/71 187/615/71
f 165/11/70 185/13/71 186/616/71
f 164/637/69 184/617/70 11/618/11
f 163/639/69 183/619/70 184/617/70
f 162/640/69 182/620/70 183/619/70
f 161/641/69 181/621/70 182/620/70
f 160/642/69 180/622/70 181/621/70
f 159/643/69 179/623/70 180/622/70
f 158/644/69 178/624/70 179/623/70
f 157/645/69 177/625/70 178/624/70
f 156/646/69 176/627/70 177/625/70
f 155/647/69 175/626/70 176/627/70
f 154/648/69 174/628/70 175/626/70
f 153/649/69 173/629/70 174/628/70
f 152/650/69 172/631/70 173/629/70
f 151/651/69 171/630/70 172/631/70
f 150/652/69 170/632/70 171/630/70
f 149/653/69 169/633/70 170/632/70
f 148/654/69 168/634/70 169/633/70
f 147/655/69 167/635/70 168/634/70
f 146/656/69 166/636/70 167/635/70
f 145/9/69 165/11/70 166/636/70
f 144/657/68 164/637/69 9/638/9
f 143/659/68 163/639/69 164/637/69
f 142/660/68 162/640/69 163/639/69
f 141/661/68 161/641/69 162/640/69
f 140/662/68 160/642/69 161/641/69
f 139/663/68 159/643/69 160/642/69
f 138/664/68 158/644/69 159/643/69
f 137/665/68 157/645/69 158/644/69
f 136/666/68 156/646/69 157/645/69
f 135/667/68 155/647/69 156/646/69
f 135/667/68 134/668/68 154/648/69
f 134/668/68 133/670/68 153/649/69
f 132/669/68 152/650/69 153/649/69
f 131/671/68 151/651/69 152/650/69
f 130/672/68 150/652/69 151/651/69
f 129/673/68 149/653/69 150/652/69
f 128/674/68 148/654/69 149/653/69
f 127/675/68 147/655/69 148/654/69
f 126/676/68 146/656/69 147/655/69
f 125/7/68 145/9/69 146/656/69
f 124/677/67 144/657/68 7/658/7
f 123/679/67 143/659/68 144/657/68
f 122/680/67 142/660/68 143/659/68
f 121/681/67 141/661/68 142/660/68
f 120/682/67 140/662/68 141/661/68
f 119/683/67 139/663/68 140/662/68
f 118/684/67 138/664/68 139/663/68
f 117/685/67 137/665/68 138/664/68
f 116/686/67 136/666/68 137/665/68
f 115/687/67 135/667/68 136/666/68
f 114/688/67 134/668/68 135/667/68
f 113/689/67 133/670/68 134/668/68
f 112/690/67 132/669/68 133/670/68
f 111/691/67 131/671/68 132/669/68
f 110/692/67 130/672/68 131/671/68
f 109/693/67 129/673/68 130/672/68
f 108/694/67 128/674/68 129/673/68
f 107/695/67 127/675/68 128/674/68
f 106/696/67 126/676/68 127/675/68
f 105/5/67 125/7/68 126/676/68
f 104/697/66 124/677/67 5/678/5
f 103/699/66 123/679/67 124/677/67
f 102/700/66 122/680/67 123/679/67
f 101/701/66 121/681/67 122/680/67
f 100/702/66 120/682/67 121/681/67
f 99/703/66 119/683/67 120/682/67
f 98/704/66 118/684/67 119/683/67
f 98/704/66 97/705/66 117/685/67
f 97/705/66 96/707/66 116/686/67
f 95/706/66 115/687/67 116/686/67
f 94/708/66 114/688/67 115/687/67
f 93/709/66 113/689/67 114/688/67
f 93/709/66 92/710/66 112/690/67
f 92/710/66 91/712/66 111/691/67
f 90/711/66 110/692/67 111/691/67
f 89/713/66 109/693/67 110/692/67
f 88/714/66 108/694/67 109/693/67
f 87/715/66 107/695/67 108/694/67
f 86/716/66 106/696/67 107/695/67
f 85/2/66 105/5/67 106/696/67
f 65/717/65 104/697/66 3/698/3
f 66/719/65 103/699/66 104/697/66
f 67/720/65 102/700/66 103/699/66
f 68/721/65 101/701/66 102/700/66
f 69/722/65 100/702/66 101/701/66
f 70/723/65 99/703/66 100/702/66
f 71/724/65 98/704/66 99/703/66
f 72/725/65 97/705/66 98/704/66
f 73/726/65 96/707/66 97/705/66
f 74/727/65 95/706/66 96/707/66
f 75/728/65 94/708/66 95/706/66
f 76/729/65 93/709/66 94/708/66
f 77/730/65 92/710/66 93/709/66
f 78/731/65 91/712/66 92/710/66
f 79/732/65 90/711/66 91/712/66
f 80/733/65 89/713/66 90/711/66
f 81/734/65 88/714/66 89/713/66
f 82/735/65 87/715/66 88/714/66
f 83/736/65 86/716/66 87/715/66
f 84/3/65 85/2/66 86/716/66
f 1247/737/161 738/1367/130 739/738/129
f 767/740/131 766/1272/35 739/741/129
f 765/743/36 764/1273/35 741/744/129
f 763/746/36 762/1275/35 743/747/129
f 761/749/36 760/1276/35 745/750/129
f 759/752/131 758/1278/35 747/753/129
f 757/755/131 756/1279/35 749/756/129
f 755/758/36 754/1296/35 751/759/129
f 711/761/103 752/1317/130 753/762/131
f 1232/764/29 1216/823/27 1813/765/250
f 1247/737/161 1246/739/31 1230/767/29
f 1245/769/161 1244/1282/31 1228/770/29
f 1243/772/161 1242/1284/31 1226/773/29
f 1241/775/161 1240/1286/31 1224/776/29
f 1239/778/161 1238/1288/31 1222/779/29
f 1217/781/30 1233/1293/32 708/782/100
f 1237/784/161 1236/1290/31 1220/785/29
f 1235/787/161 1234/1292/31 1218/788/29
f 1215/790/28 1231/768/30 1230/767/29
f 1213/792/28 1229/771/30 1228/770/29
f 1211/794/28 1227/774/30 1226/773/29
f 1209/796/28 1225/777/30 1224/776/29
f 1207/798/28 1223/780/30 1222/779/29
f 1205/800/28 1221/786/30 1220/785/29
f 1203/802/28 1219/789/30 1218/788/29
f 1201/804/28 1217/781/30 709/783/101
f 1248/806/31 1232/764/29 1811/766/248
f 1199/807/26 1215/790/28 1214/791/27
f 1197/809/26 1213/792/28 1212/793/27
f 1195/811/26 1211/794/28 1210/795/27
f 1193/813/26 1209/796/28 1208/797/27
f 1191/815/26 1207/798/28 1206/799/27
f 1189/817/26 1205/800/28 1204/801/27
f 1187/819/26 1203/802/28 1202/803/27
f 1185/821/26 1201/804/28 706/805/98
f 1216/823/27 1200/857/25 1810/824/247
f 1183/825/24 1199/807/26 1198/808/25
f 1181/827/24 1197/809/26 1196/810/25
f 1179/829/24 1195/811/26 1194/812/25
f 1177/831/24 1193/813/26 1192/814/25
f 1175/833/24 1191/815/26 1190/816/25
f 1173/835/24 1189/817/26 1188/818/25
f 1171/837/24 1187/819/26 1186/820/25
f 1169/839/24 1185/821/26 707/822/99
f 1168/841/160 1152/1034/19 1807/842/244
f 1167/844/157 1183/825/24 1182/826/23
f 1165/846/22 1181/827/24 1180/828/23
f 1162/848/158 1163/863/159 1179/829/24
f 1160/849/158 1161/866/159 1177/831/24
f 1158/850/158 1159/869/159 1175/833/24
f 1157/851/157 1173/835/24 1172/836/23
f 1155/853/157 1171/837/24 1170/838/23
f 1153/855/22 1169/839/24 705/840/97
f 1200/857/25 1184/897/23 1816/858/253
f 1167/844/157 1166/845/156 1150/859/19
f 1165/846/22 1164/847/156 1148/861/19
f 1163/863/159 1162/848/158 1146/864/19
f 1161/866/159 1160/849/158 1144/867/19
f 1159/869/159 1158/850/158 1142/870/19
f 1137/872/20 1153/855/22 733/856/125
f 1157/851/157 1156/852/158 1140/874/19
f 1155/853/157 1154/854/156 1138/876/19
f 1136/878/17 1120/1173/15 1821/879/258
f 1151/860/20 1150/859/19 1134/881/17
f 1149/862/20 1148/861/19 1132/883/17
f 1147/865/20 1146/864/19 1130/885/17
f 1145/868/20 1144/867/19 1128/887/17
f 1143/871/20 1142/870/19 1126/889/17
f 1121/891/18 1137/872/20 713/873/105
f 1141/875/20 1140/874/19 1124/893/17
f 1139/877/20 1138/876/19 1122/895/17
f 1184/897/23 1168/841/160 1805/843/242
f 1135/882/18 1134/881/17 1118/898/15
f 1133/884/18 1132/883/17 1116/900/15
f 1131/886/18 1130/885/17 1114/902/15
f 1129/888/18 1128/887/17 1112/904/15
f 1127/890/18 1126/889/17 1110/906/15
f 1105/908/16 1121/891/18 712/892/104
f 1125/894/18 1124/893/17 1108/910/15
f 1123/896/18 1122/895/17 1106/912/15
f 1104/914/13 1088/933/11 1793/915/230
f 1119/899/16 1118/898/15 1102/917/13
f 1117/901/16 1116/900/15 1100/919/13
f 1115/903/16 1114/902/15 1098/921/155
f 1113/905/16 1112/904/15 1096/923/155
f 1111/907/16 1110/906/15 1094/925/155
f 1089/927/151 1105/908/16 714/909/106
f 1109/911/16 1108/910/15 1092/929/152
f 1107/913/16 1106/912/15 1090/931/152
f 1088/933/11 1072/948/150 1791/934/228
f 1087/935/12 1103/918/153 1102/917/13
f 1085/937/12 1101/920/154 1100/919/13
f 1082/939/11 1083/1408/12 1099/922/154
f 1080/940/11 1081/1362/12 1097/924/154
f 1078/941/11 1079/1360/12 1095/926/153
f 1077/942/12 1093/930/154 1092/929/152
f 1075/944/12 1091/932/153 1090/931/152
f 1073/946/12 1089/927/151 718/928/110
f 1072/948/150 1056/966/7 1797/949/234
f 1071/950/149 1087/935/12 1086/936/11
f 1069/952/149 1085/937/12 1084/938/11
f 1067/954/10 1083/1408/12 1082/939/11
f 1065/956/10 1081/1362/12 1080/940/11
f 1063/958/10 1079/1360/12 1078/941/11
f 1061/960/10 1077/942/12 1076/943/11
f 1059/962/149 1075/944/12 1074/945/11
f 1057/964/149 1073/946/12 715/947/107
f 1056/966/7 1040/977/5 1795/967/232
f 1054/968/7 1055/980/8 1071/950/149
f 1052/969/7 1053/982/8 1069/952/149
f 1050/970/7 1051/984/8 1067/954/10
f 1048/971/7 1049/986/8 1065/956/10
f 1046/972/7 1047/988/8 1063/958/10
f 1044/973/7 1045/990/8 1061/960/10
f 1042/974/7 1043/992/8 1059/962/149
f 1057/964/149 717/965/109 716/975/108
f 1040/977/5 1024/995/148 1801/978/238
f 1054/968/7 1038/1344/5 1039/979/6
f 1036/981/5 1037/999/6 1053/982/8
f 1050/970/7 1034/1319/5 1035/983/6
f 1032/985/5 1033/1004/6 1049/986/8
f 1046/972/7 1030/1338/5 1031/987/6
f 1028/989/5 1029/1011/6 1045/990/8
f 1042/974/7 1026/1331/5 1027/991/6
f 1041/976/8 716/975/108 734/993/126
f 1024/995/148 1008/1017/146 1799/996/236
f 1039/979/6 1038/1344/5 1022/997/3
f 1037/999/6 1036/981/5 1020/1000/3
f 1035/983/6 1034/1319/5 1018/1002/3
f 1033/1004/6 1032/985/5 1016/1005/3
f 1031/987/6 1030/1338/5 1014/1007/3
f 1025/994/6 734/993/126 719/1009/111
f 1029/1011/6 1028/989/5 1012/1012/3
f 1027/991/6 1026/1331/5 1010/1014/3
f 992/1016/143 1823/1190/260 1799/996/236
f 1023/998/4 1022/997/3 1006/1018/146
f 1021/1001/147 1020/1000/3 1004/1020/146
f 1019/1003/4 1018/1002/3 1002/1022/146
f 1017/1006/147 1016/1005/3 1000/1024/146
f 1015/1008/147 1014/1007/3 998/1026/146
f 1009/1010/4 719/1009/111 721/1028/113
f 1013/1013/4 1012/1012/3 996/1030/146
f 1011/1015/147 1010/1014/3 994/1032/146
f 1152/1034/19 1136/878/17 1803/880/240
f 1007/1019/145 1006/1018/146 990/1035/63
f 1005/1021/145 1004/1020/146 988/1037/63
f 1003/1023/145 1002/1022/146 986/1039/63
f 1001/1025/145 1000/1024/146 984/1041/63
f 999/1027/145 998/1026/146 982/1043/63
f 993/1029/145 721/1028/113 720/1045/112
f 997/1031/145 996/1030/146 980/1047/63
f 995/1033/145 994/1032/146 978/1049/143
f 976/1051/61 960/1070/59 1779/1052/216
f 991/1036/64 990/1035/63 974/1054/61
f 989/1038/144 988/1037/63 972/1056/61
f 987/1040/64 986/1039/63 970/1058/61
f 985/1042/144 984/1041/63 968/1060/61
f 983/1044/64 982/1043/63 966/1062/61
f 977/1046/64 720/1045/112 725/1064/117
f 981/1048/64 980/1047/63 964/1066/61
f 979/1050/144 978/1049/143 962/1068/61
f 960/1070/59 944/1363/57 1777/1071/214
f 958/1072/59 959/1084/60 975/1055/62
f 956/1073/59 957/1086/60 973/1057/62
f 954/1074/59 955/1088/60 971/1059/62
f 952/1075/59 953/1090/60 969/1061/62
f 950/1076/59 951/1092/60 967/1063/62
f 948/1077/59 949/1094/60 965/1067/62
f 946/1078/59 947/1096/60 963/1069/62
f 961/1065/62 725/1064/117 723/1079/115
f 1777/1071/214 944/1363/57 928/1081/55
f 942/1083/57 943/1102/58 959/1084/60
f 940/1085/57 941/1104/58 957/1086/60
f 938/1087/57 939/1106/58 955/1088/60
f 936/1089/57 937/1108/58 953/1090/60
f 934/1091/57 935/1110/58 951/1092/60
f 932/1093/57 933/1112/58 949/1094/60
f 930/1095/57 931/1114/58 947/1096/60
f 945/1080/60 723/1079/115 722/1097/114
f 1783/1082/220 928/1081/55 912/1099/53
f 926/1101/55 927/1119/56 943/1102/58
f 924/1103/55 925/1121/56 941/1104/58
f 922/1105/55 923/1123/56 939/1106/58
f 920/1107/55 921/1125/56 937/1108/58
f 918/1109/55 919/1127/56 935/1110/58
f 916/1111/55 917/1129/56 933/1112/58
f 914/1113/55 915/1131/56 931/1114/58
f 929/1098/58 722/1097/114 724/1115/116
f 912/1099/53 896/1316/51 1787/1117/224
f 910/1118/139 911/1136/140 927/1119/56
f 908/1120/141 909/1139/142 925/1121/56
f 922/1105/55 906/1334/141 907/1122/54
f 920/1107/55 904/1329/141 905/1124/54
f 918/1109/55 902/1326/141 903/1126/140
f 900/1128/139 901/1150/140 917/1129/56
f 898/1130/139 899/1153/140 915/1131/56
f 913/1116/56 724/1115/116 735/1132/127
f 1787/1117/224 896/1316/51 880/1134/49
f 911/1136/140 910/1118/139 894/1137/51
f 909/1139/142 908/1120/141 892/1140/51
f 907/1122/54 906/1334/141 890/1142/51
f 905/1124/54 904/1329/141 888/1144/51
f 903/1126/140 902/1326/141 886/1146/51
f 897/1133/138 735/1132/127 730/1148/122
f 901/1150/140 900/1128/139 884/1151/51
f 899/1153/140 898/1130/139 882/1154/51
f 864/1156/47 1819/1208/256 1785/1135/222
f 895/1138/52 894/1137/51 878/1157/49
f 893/1141/52 892/1140/51 876/1159/49
f 891/1143/52 890/1142/51 874/1161/49
f 889/1145/52 888/1144/51 872/1163/49
f 887/1147/52 886/1146/51 870/1165/49
f 881/1149/52 730/1148/122 729/1167/121
f 885/1152/52 884/1151/51 868/1169/49
f 883/1155/52 882/1154/51 866/1171/49
f 1120/1173/15 1104/914/13 1789/916/226
f 879/1158/50 878/1157/49 862/1174/47
f 877/1160/50 876/1159/49 860/1176/47
f 875/1162/50 874/1161/49 858/1178/47
f 873/1164/50 872/1163/49 856/1180/47
f 871/1166/50 870/1165/49 854/1182/47
f 865/1168/50 729/1167/121 731/1184/123
f 869/1170/50 868/1169/49 852/1186/47
f 867/1172/50 866/1171/49 850/1188/47
f 976/1051/61 1775/1053/212 1823/1190/260
f 863/1175/48 862/1174/47 846/1191/133
f 861/1177/48 860/1176/47 844/1193/133
f 859/1179/48 858/1178/47 842/1195/45
f 857/1181/48 856/1180/47 840/1197/45
f 855/1183/48 854/1182/47 838/1199/45
f 849/1185/48 731/1184/123 732/1201/124
f 853/1187/48 852/1186/47 836/1203/135
f 851/1189/48 850/1188/47 834/1205/133
f 848/1207/137 1771/1218/208 1819/1208/256
f 830/1209/43 831/1221/44 847/1192/134
f 828/1210/43 829/1223/44 845/1194/134
f 842/1195/45 826/1225/43 827/1211/44
f 840/1197/45 824/1227/43 825/1212/44
f 838/1199/45 822/1229/43 823/1213/44
f 820/1214/43 821/1231/44 837/1204/134
f 818/1215/43 819/1233/44 835/1206/134
f 833/1202/46 732/1201/124 727/1216/119
f 1771/1218/208 848/1207/137 832/1219/43
f 814/1220/132 815/1443/42 831/1221/44
f 812/1222/41 813/1444/42 829/1223/44
f 810/1224/41 811/1437/42 827/1211/44
f 808/1226/41 809/1438/42 825/1212/44
f 806/1228/41 807/1439/42 823/1213/44
f 804/1230/41 805/1361/42 821/1231/44
f 802/1232/41 803/1357/42 819/1233/44
f 817/1217/44 727/1216/119 728/1234/120
f 1767/1460/204 1774/1459/211 7/1576/7
f 7/1576/7 9/1577/9 1767/1460/204
f 9/1577/9 11/1578/11 1770/1499/207
f 11/1578/11 13/1579/13 1772/1496/209
f 13/1579/13 15/1580/15 1820/1495/257
f 1772/1496/209 13/1579/13 1820/1495/257
f 15/1580/15 17/1581/17 1786/1449/223
f 17/1581/17 19/1582/19 1786/1449/223
f 19/1582/19 21/1583/21 1788/1448/225
f 21/1583/21 23/1584/23 1782/1450/219
f 1788/1448/225 21/1583/21 1782/1450/219
f 23/1584/23 25/1585/25 1784/1463/221
f 25/1585/25 27/1586/27 1778/1464/215
f 27/1586/27 29/1587/29 1780/1469/217
f 29/1587/29 31/1236/31 1776/1238/213
f 1780/1469/217 29/1587/29 1776/1238/213
f 31/1236/31 33/1588/33 1824/1237/261
f 33/1588/33 35/1589/35 1802/1446/239
f 35/1589/35 37/1590/37 1796/1447/233
f 37/1590/37 39/1591/39 1798/1457/235
f 1796/1447/233 37/1590/37 1798/1457/235
f 39/1591/39 41/1592/41 1792/1462/229
f 41/1592/41 43/1593/43 1794/1465/231
f 43/1593/43 45/1594/45 1790/1468/227
f 45/1594/45 47/1595/47 1822/1477/259
f 1790/1468/227 45/1594/45 1822/1477/259
f 47/1595/47 49/1596/49 1804/1476/241
f 49/1596/49 51/1597/51 1804/1476/241
f 51/1597/51 53/1598/53 1808/1474/245
f 53/1598/53 55/1599/55 1806/1454/243
f 1808/1474/245 53/1598/53 1806/1454/243
f 55/1599/55 1815/1453/252 1806/1454/243
f 41/1592/41 1794/1465/231 1792/1462/229
f 1794/1465/231 43/1593/43 1790/1468/227
f 33/1588/33 1802/1446/239 1800/1484/237
f 1802/1446/239 35/1589/35 1796/1447/233
f 25/1585/25 1778/1464/215 1784/1463/221
f 9/1577/9 1770/1499/207 1767/1460/204
f 1770/1499/207 11/1578/11 1772/1496/209
f 51/1597/51 1808/1474/245 1804/1476/241
f 47/1595/47 1804/1476/241 1822/1477/259
f 1786/1449/223 1820/1495/257 15/1580/15
f 1788/1448/225 1786/1449/223 19/1582/19
f 39/1591/39 1792/1462/229 1798/1457/235
f 1784/1463/221 1782/1450/219 23/1584/23
f 1780/1469/217 1778/1464/215 27/1586/27
f 33/1588/33 1800/1484/237 1824/1237/261
f 799/1239/40 815/1443/42 814/1220/132
f 797/1241/40 813/1444/42 812/1222/41
f 795/1243/40 811/1437/42 810/1224/41
f 793/1245/40 809/1438/42 808/1226/41
f 791/1247/40 807/1439/42 806/1228/41
f 789/1249/40 805/1361/42 804/1230/41
f 787/1251/40 803/1357/42 802/1232/41
f 785/1253/40 801/1235/42 728/1234/120
f 784/1255/37 768/1336/35 1765/1256/202
f 782/1258/37 783/1271/38 799/1239/40
f 781/1259/38 797/1241/40 796/1242/39
f 778/1261/37 779/1274/38 795/1243/40
f 777/1262/38 793/1245/40 792/1246/39
f 774/1264/37 775/1277/38 791/1247/40
f 773/1265/38 789/1249/40 788/1250/39
f 770/1267/37 771/1295/38 787/1251/40
f 769/1268/38 785/1253/40 726/1254/118
f 816/72/132 800/1280/39 1773/1270/210
f 783/1271/38 782/1258/37 766/1272/35
f 781/1259/38 780/1260/37 764/1273/35
f 779/1274/38 778/1261/37 762/1275/35
f 777/1262/38 776/1263/37 760/1276/35
f 775/1277/38 774/1264/37 758/1278/35
f 753/762/131 769/1268/38 736/1269/128
f 773/1265/38 772/1266/37 756/1279/35
f 800/1280/39 784/1255/37 1763/1257/200
f 1245/769/161 740/1369/130 741/1281/129
f 1243/772/161 742/1371/130 743/1283/129
f 1241/775/161 744/1372/130 745/1285/129
f 1239/778/161 746/1373/130 747/1287/129
f 1237/784/161 748/1374/130 749/1289/129
f 1235/787/161 750/1375/130 751/1291/129
f 1233/1293/32 752/1376/130 711/1294/103
f 771/1295/38 770/1267/37 754/1296/35
f 1154/854/156 1360/854/169 1376/876/170
f 999/1027/145 1513/1027/180 1497/1008/111
f 862/1174/47 878/1157/49 1636/1157/189
f 1000/1024/146 1016/1005/3 1498/1005/179
f 1155/853/157 1139/877/20 1373/1297/105
f 863/1175/48 1649/1175/123 1633/1158/121
f 1156/852/158 1358/852/169 1374/874/170
f 1001/1025/145 1511/1025/180 1495/1006/111
f 864/1156/47 880/1134/49 1634/1134/189
f 1002/1022/146 1018/1002/3 1496/1298/179
f 1157/851/157 1141/875/20 1371/1300/105
f 881/1149/52 865/1168/50 1647/1168/121
f 1158/850/158 1356/850/169 1372/870/170
f 1003/1023/145 1509/1023/180 1493/1003/111
f 882/1154/51 1632/1154/188 1648/1171/189
f 1004/1020/146 1020/1000/3 1494/1000/179
f 1159/869/159 1143/871/20 1369/871/105
f 883/1155/52 867/1172/50 1645/1172/121
f 1160/849/158 1354/849/169 1370/867/170
f 1005/1021/145 1507/1021/180 1491/1001/111
f 884/1151/51 1630/1151/188 1646/1169/189
f 1006/1018/146 1022/997/3 1492/997/179
f 1161/866/159 1145/868/20 1367/1302/105
f 885/1152/52 869/1170/50 1643/1303/121
f 1162/848/158 1352/848/169 1368/864/170
f 1007/1019/145 1505/1019/180 1489/998/111
f 886/1146/51 1628/1327/188 1644/1305/189
f 1008/1017/146 1024/995/148 1490/995/179
f 1163/863/159 1147/865/20 1365/865/105
f 887/1147/52 871/1166/50 1641/1306/121
f 1164/847/156 1350/847/169 1366/861/170
f 1009/1010/4 1503/1010/111 1487/994/126
f 888/1144/51 1626/1144/188 1642/1307/189
f 1010/1014/3 1026/1331/5 1488/1308/178
f 1165/846/22 1149/862/20 1363/862/105
f 889/1145/52 873/1164/50 1639/1164/121
f 1166/845/156 1348/845/169 1364/859/170
f 1011/1015/147 1501/1015/111 1485/991/126
f 890/1142/51 1624/1142/188 1640/1310/189
f 1012/1012/3 1028/989/5 1486/989/178
f 1167/844/157 1151/860/20 1361/860/105
f 891/1143/52 875/1162/50 1637/1312/121
f 1168/841/160 1346/841/169 1362/1034/170
f 1013/1013/4 1499/1013/111 1483/1011/126
f 892/1140/51 1622/1140/188 1638/1313/189
f 1014/1007/3 1030/1338/5 1484/1314/178
f 1169/839/24 1153/855/22 1359/855/125
f 893/1141/52 877/1160/50 1635/1160/121
f 1170/838/23 1344/1340/168 1360/854/169
f 1015/1008/147 1497/1008/111 1481/1315/126
f 894/1137/51 1620/1137/188 1636/1157/189
f 1016/1005/3 1032/985/5 1482/985/178
f 1171/837/24 1155/853/157 1357/853/125
f 895/1138/52 879/1158/50 1633/1158/121
f 1172/836/23 1342/836/168 1358/852/169
f 1017/1006/147 1495/1006/111 1479/1004/126
f 896/1316/51 1618/1316/188 1634/1134/189
f 752/1317/130 1278/1317/163 1759/1318/102
f 1018/1002/3 1034/1319/5 1480/1319/178
f 751/759/129 754/1296/35 1760/1320/197
f 1173/835/24 1157/851/157 1355/1301/125
f 897/1133/138 881/1149/52 1631/1149/122
f 750/760/130 1274/760/163 1757/1321/102
f 1174/834/23 1340/1342/168 1356/850/169
f 1019/1003/4 1493/1003/111 1477/983/126
f 898/1130/139 1616/1130/187 1632/1154/188
f 749/756/129 756/1279/35 1758/1279/197
f 1020/1000/3 1036/981/5 1478/1322/178
f 748/757/130 1270/757/163 1755/1323/102
f 1175/833/24 1159/869/159 1353/869/125
f 899/1153/140 883/1155/52 1629/1155/122
f 747/753/129 758/1278/35 1756/1278/197
f 1176/832/23 1338/832/168 1354/849/169
f 1021/1001/147 1491/1001/111 1475/999/126
f 900/1128/139 1614/1343/187 1630/1151/188
f 746/754/130 1266/754/163 1753/1324/102
f 1022/997/3 1038/1344/5 1476/1325/178
f 745/750/129 760/1276/35 1754/1276/197
f 1177/831/24 1161/866/159 1351/866/125
f 901/1150/140 885/1152/52 1627/1304/122
f 744/751/130 1262/751/163 1751/749/102
f 1178/830/23 1336/1345/168 1352/848/169
f 1023/998/4 1489/998/111 1473/979/126
f 902/1326/141 1612/1326/187 1628/1327/188
f 743/747/129 762/1275/35 1752/1275/197
f 1024/995/148 1040/977/5 1474/977/178
f 742/748/130 1258/748/163 1749/1328/102
f 1179/829/24 1163/863/159 1349/863/125
f 903/1126/140 887/1147/52 1625/1147/122
f 741/744/129 764/1273/35 1750/1273/197
f 1180/828/23 1334/828/168 1350/847/169
f 1025/994/6 1487/994/126 1471/976/108
f 904/1329/141 1610/1329/187 1626/1144/188
f 740/745/130 1254/745/163 1747/1330/102
f 1026/1331/5 1042/974/7 1472/974/177
f 739/741/129 766/1272/35 1748/1272/197
f 1181/827/24 1165/846/22 1347/846/125
f 905/1124/54 889/1145/52 1623/1145/122
f 738/742/130 1250/742/163 1745/1332/102
f 1182/826/23 1332/826/168 1348/845/169
f 1027/991/6 1485/991/126 1469/1333/108
f 906/1334/141 1608/1334/187 1624/1142/188
f 737/1335/129 768/1336/35 1746/1336/197
f 1028/989/5 1044/973/7 1470/973/177
f 753/762/131 1759/1318/102 1743/1268/128
f 1183/825/24 1167/844/157 1345/844/125
f 907/1122/54 891/1143/52 1621/1143/122
f 754/1296/35 770/1267/37 1744/1337/196
f 1184/897/23 1330/897/168 1346/841/169
f 1029/1011/6 1483/1011/126 1467/990/108
f 908/1120/141 1606/1120/187 1622/1140/188
f 1030/1338/5 1046/972/7 1468/972/177
f 755/758/36 1757/1321/102 1741/1295/128
f 1185/821/26 1169/839/24 1343/839/97
f 909/1139/142 893/1141/52 1619/1141/122
f 756/1279/35 772/1266/37 1742/1339/196
f 1186/820/25 1328/1348/167 1344/1340/168
f 1031/987/6 1481/1315/126 1465/988/108
f 910/1118/139 1604/1118/187 1620/1137/188
f 1032/985/5 1048/971/7 1466/971/177
f 757/755/131 1755/1323/102 1739/1341/128
f 1187/819/26 1171/837/24 1341/837/97
f 911/1136/140 895/1138/52 1617/1138/122
f 758/1278/35 774/1264/37 1740/1264/196
f 1188/818/25 1326/818/167 1342/836/168
f 1033/1004/6 1479/1004/126 1463/986/108
f 912/1099/53 1602/1099/187 1618/1316/188
f 1034/1319/5 1050/970/7 1464/970/177
f 759/752/131 1753/1324/102 1737/1277/128
f 1189/817/26 1173/835/24 1339/835/97
f 913/1116/56 897/1133/138 1615/1133/127
f 760/1276/35 776/1263/37 1738/1263/196
f 1190/816/25 1324/816/167 1340/1342/168
f 1035/983/6 1477/983/126 1461/984/108
f 914/1113/55 1600/1113/186 1616/1130/187
f 1036/981/5 1052/969/7 1462/969/177
f 761/749/36 1751/749/102 1735/1262/128
f 1191/815/26 1175/833/24 1337/833/97
f 915/1131/56 899/1153/140 1613/1153/127
f 762/1275/35 778/1261/37 1736/1261/196
f 1192/814/25 1322/814/167 1338/832/168
f 1037/999/6 1475/999/126 1459/982/108
f 916/1111/55 1598/1354/186 1614/1343/187
f 1038/1344/5 1054/968/7 1460/968/177
f 763/746/36 1749/1328/102 1733/1274/128
f 1193/813/26 1177/831/24 1335/831/97
f 917/1129/56 901/1150/140 1611/1150/127
f 764/1273/35 780/1260/37 1734/1260/196
f 1194/812/25 1320/812/167 1336/1345/168
f 1039/979/6 1473/979/126 1457/980/108
f 918/1109/55 1596/1109/186 1612/1326/187
f 1040/977/5 1056/966/7 1458/966/177
f 765/743/36 1747/1330/102 1731/1259/128
f 1195/811/26 1179/829/24 1333/829/97
f 919/1127/56 903/1126/140 1609/1126/127
f 766/1272/35 782/1258/37 1732/1258/196
f 1196/810/25 1318/810/167 1334/828/168
f 1041/976/8 1471/976/108 1455/964/109
f 920/1107/55 1594/1107/186 1610/1329/187
f 1042/974/7 1058/963/9 1456/963/176
f 767/740/131 1745/1332/102 1729/1271/128
f 1197/809/26 1181/827/24 1331/827/97
f 921/1125/56 905/1124/54 1607/1124/127
f 768/1336/35 784/1255/37 1730/1255/196
f 1198/808/25 1316/808/167 1332/826/168
f 1043/992/8 1469/1333/108 1453/962/109
f 922/1105/55 1592/1105/186 1608/1334/187
f 1044/973/7 1060/961/9 1454/961/176
f 769/1268/38 1743/1268/128 1727/1253/118
f 1199/807/26 1183/825/24 1329/825/97
f 923/1123/56 907/1122/54 1605/1122/127
f 770/1267/37 786/1252/39 1728/1252/195
f 1200/857/25 1314/857/167 1330/897/168
f 1045/990/8 1467/990/108 1451/1346/109
f 924/1103/55 1590/1103/186 1606/1120/187
f 1046/972/7 1062/959/9 1452/959/176
f 771/1295/38 1741/1295/128 1725/1251/118
f 1201/804/28 1185/821/26 1327/821/99
f 925/1121/56 909/1139/142 1603/1139/127
f 772/1266/37 788/1250/39 1726/1347/195
f 1202/803/27 1312/1359/166 1328/1348/167
f 1047/988/8 1465/988/108 1449/958/109
f 926/1101/55 1588/1101/186 1604/1118/187
f 1048/971/7 1064/957/9 1450/1349/176
f 773/1265/38 1739/1341/128 1723/1249/118
f 1203/802/28 1187/819/26 1325/819/99
f 927/1119/56 911/1136/140 1601/1136/127
f 774/1264/37 790/1248/39 1724/1248/195
f 1204/801/27 1310/801/166 1326/818/167
f 1049/986/8 1463/986/108 1447/956/109
f 928/1081/55 1586/1081/186 1602/1099/187
f 1050/970/7 1066/955/9 1448/1350/176
f 775/1277/38 1737/1277/128 1721/1351/118
f 1205/800/28 1189/817/26 1323/817/99
f 929/1098/58 913/1116/56 1599/1116/116
f 776/1263/37 792/1246/39 1722/1246/195
f 1206/799/27 1308/799/166 1324/816/167
f 1051/984/8 1461/984/108 1445/1352/109
f 930/1095/57 1584/1095/185 1600/1113/186
f 1052/969/7 1068/953/9 1446/1353/176
f 777/1262/38 1735/1262/128 1719/1245/118
f 1207/798/28 1191/815/26 1321/815/99
f 931/1114/58 915/1131/56 1597/1131/116
f 778/1261/37 794/1244/39 1720/1244/195
f 1208/797/27 1306/797/166 1322/814/167
f 1053/982/8 1459/982/108 1443/952/109
f 932/1093/57 1582/1419/185 1598/1354/186
f 1054/968/7 1070/951/9 1444/951/176
f 779/1274/38 1733/1274/128 1717/1243/118
f 1209/796/28 1193/813/26 1319/813/99
f 933/1112/58 917/1129/56 1595/1129/116
f 780/1260/37 796/1242/39 1718/1242/195
f 1210/795/27 1304/795/166 1320/812/167
f 1055/980/8 1457/980/108 1441/950/109
f 934/1091/57 1580/1091/185 1596/1109/186
f 1056/966/7 1072/948/150 1442/948/176
f 781/1259/38 1731/1259/128 1715/1241/118
f 1211/794/28 1195/811/26 1317/811/99
f 935/1110/58 919/1127/56 1593/1127/116
f 782/1258/37 798/1240/39 1716/1240/195
f 1212/793/27 1302/793/166 1318/810/167
f 1057/964/149 1455/964/109 1439/946/107
f 936/1089/57 1578/1089/185 1594/1107/186
f 1058/963/9 1074/945/11 1440/945/175
f 783/1271/38 1729/1271/128 1713/1355/118
f 1213/792/28 1197/809/26 1315/809/99
f 937/1108/58 921/1125/56 1591/1125/116
f 784/1255/37 800/1280/39 1714/1280/195
f 1214/791/27 1300/791/166 1316/808/167
f 1059/962/149 1453/962/109 1437/944/107
f 938/1087/57 1576/1087/185 1592/1105/186
f 1060/961/9 1076/943/11 1438/943/175
f 785/1253/40 1727/1253/118 1711/1356/120
f 1215/790/28 1199/807/26 1313/807/99
f 939/1106/58 923/1123/56 1589/1123/116
f 786/1252/39 802/1232/41 1712/1232/194
f 1216/823/27 1298/823/166 1314/857/167
f 1061/960/10 1451/1346/109 1435/942/107
f 940/1085/57 1574/1085/185 1590/1103/186
f 1062/959/9 1078/941/11 1436/941/175
f 787/1251/40 1725/1251/118 1709/1357/120
f 1217/781/30 1201/804/28 1311/804/98
f 941/1104/58 925/1121/56 1587/1121/116
f 788/1250/39 804/1230/41 1710/1358/194
f 1218/788/29 1296/1383/165 1312/1359/166
f 1063/958/10 1449/958/109 1433/1360/107
f 942/1083/57 1572/1083/185 1588/1101/186
f 1064/957/9 1080/940/11 1434/940/175
f 789/1249/40 1723/1249/118 1707/1361/120
f 1219/789/30 1203/802/28 1309/802/98
f 943/1102/58 927/1119/56 1585/1119/116
f 790/1248/39 806/1228/41 1708/1228/194
f 1220/785/29 1294/785/165 1310/801/166
f 1065/956/10 1447/956/109 1431/1362/107
f 944/1363/57 1570/1363/185 1586/1081/186
f 1066/955/9 1082/939/11 1432/939/175
f 1809/1467/246 1815/1453/252 57/1600/57
f 1815/1453/252 55/1599/55 57/1600/57
f 57/1600/57 59/1601/59 1809/1467/246
f 59/1601/59 61/1602/61 1814/1510/251
f 61/1602/61 63/1364/63 1812/1366/249
f 1814/1510/251 61/1602/61 1812/1366/249
f 63/1364/63 1/1603/1 1818/1365/255
f 1/1603/1 3/1604/3 1766/1456/203
f 3/1604/3 5/1605/5 1764/1461/201
f 5/1605/5 7/1576/7 1774/1459/211
f 1764/1461/201 5/1605/5 1774/1459/211
f 1764/1461/201 1766/1456/203 3/1604/3
f 1/1603/1 1766/1456/203 1762/1455/199
f 1814/1510/251 1809/1467/246 59/1601/59
f 1/1603/1 1762/1455/199 1818/1365/255
f 1250/1367/163 1251/737/100 1252/1368/164
f 1254/1369/163 1255/1440/100 1256/1370/164
f 1258/1371/163 1259/772/100 1260/1282/164
f 1262/1372/163 1263/775/100 1264/1284/164
f 1266/1373/163 1267/778/100 1268/1286/164
f 1270/1374/163 1271/784/100 1272/1288/164
f 1274/1375/163 1275/1441/100 1276/1290/164
f 1278/1376/163 1279/1442/100 1280/1377/164
f 1252/1368/164 1251/737/100 1281/768/101
f 1256/1370/164 1255/1440/100 1283/1378/101
f 1260/1282/164 1259/772/100 1285/1379/101
f 1264/1284/164 1263/775/100 1287/1380/101
f 1268/1286/164 1267/778/100 1289/1381/101
f 1272/1288/164 1271/784/100 1291/1382/101
f 1276/1290/164 1275/1441/100 1293/789/101
f 1280/1377/164 1279/1442/100 1295/781/101
f 1282/764/165 1281/768/101 1297/790/98
f 1284/767/165 1283/1378/101 1299/792/98
f 1286/770/165 1285/1379/101 1301/794/98
f 1288/773/165 1287/1380/101 1303/796/98
f 1290/776/165 1289/1381/101 1305/798/98
f 1292/779/165 1291/1382/101 1307/800/98
f 1294/785/165 1293/789/101 1309/802/98
f 1296/1383/165 1295/781/101 1311/804/98
f 1298/823/166 1297/790/98 1313/807/99
f 1300/791/166 1299/792/98 1315/809/99
f 1302/793/166 1301/794/98 1317/811/99
f 1304/795/166 1303/796/98 1319/813/99
f 1306/797/166 1305/798/98 1321/815/99
f 1308/799/166 1307/800/98 1323/817/99
f 1310/801/166 1309/802/98 1325/819/99
f 1312/1359/166 1311/804/98 1327/821/99
f 1314/857/167 1313/807/99 1329/825/97
f 1316/808/167 1315/809/99 1331/827/97
f 1318/810/167 1317/811/99 1333/829/97
f 1320/812/167 1319/813/99 1335/831/97
f 1322/814/167 1321/815/99 1337/833/97
f 1324/816/167 1323/817/99 1339/835/97
f 1326/818/167 1325/819/99 1341/837/97
f 1328/1348/167 1327/821/99 1343/839/97
f 1330/897/168 1329/825/97 1345/844/125
f 1332/826/168 1331/827/97 1347/846/125
f 1334/828/168 1333/829/97 1349/863/125
f 1336/1345/168 1335/831/97 1351/866/125
f 1338/832/168 1337/833/97 1353/869/125
f 1340/1342/168 1339/835/97 1355/1301/125
f 1342/836/168 1341/837/97 1357/853/125
f 1344/1340/168 1343/839/97 1359/855/125
f 1346/841/169 1345/844/125 1361/860/105
f 1348/845/169 1347/846/125 1363/862/105
f 1350/847/169 1349/863/125 1365/865/105
f 1352/848/169 1351/866/125 1367/1302/105
f 1354/849/169 1353/869/125 1369/871/105
f 1356/850/169 1355/1301/125 1371/1300/105
f 1358/852/169 1357/853/125 1373/1297/105
f 1360/854/169 1359/855/125 1375/872/105
f 1362/1034/170 1361/860/105 1377/1384/104
f 1364/859/170 1363/862/105 1379/1386/104
f 1366/861/170 1365/865/105 1381/1387/104
f 1368/864/170 1367/1302/105 1383/1388/104
f 1370/867/170 1369/871/105 1385/1390/104
f 1372/870/170 1371/1300/105 1387/1392/104
f 1374/874/170 1373/1297/105 1389/1394/104
f 1376/876/170 1375/872/105 1391/1395/104
f 1378/1385/171 1377/1384/104 1393/1396/106
f 1380/881/171 1379/1386/104 1395/1397/106
f 1382/883/171 1381/1387/104 1397/903/106
f 1384/1389/171 1383/1388/104 1399/1398/106
f 1386/1391/171 1385/1390/104 1401/1400/106
f 1388/1393/171 1387/1392/104 1403/1402/106
f 1390/893/171 1389/1394/104 1405/913/106
f 1392/895/171 1391/1395/104 1407/908/106
f 1394/1173/172 1393/1396/106 1409/1404/173
f 1396/898/172 1395/1397/106 1411/1405/110
f 1398/900/172 1397/903/106 1413/922/110
f 1400/1399/172 1399/1398/106 1415/924/110
f 1402/1401/172 1401/1400/106 1417/926/110
f 1404/1403/172 1403/1402/106 1419/930/110
f 1406/910/172 1405/913/106 1421/1406/110
f 1408/912/172 1407/908/106 1423/1407/110
f 1410/914/174 1409/1404/173 1425/935/107
f 1412/917/174 1411/1405/110 1427/937/107
f 1414/919/174 1413/922/110 1429/1408/107
f 1416/921/174 1415/924/110 1431/1362/107
f 1418/923/174 1417/926/110 1433/1360/107
f 1420/925/174 1419/930/110 1435/942/107
f 1422/929/174 1421/1406/110 1437/944/107
f 1424/931/174 1423/1407/110 1439/946/107
f 1426/933/175 1425/935/107 1441/950/109
f 1428/936/175 1427/937/107 1443/952/109
f 1430/938/175 1429/1408/107 1445/1352/109
f 1432/939/175 1431/1362/107 1447/956/109
f 1434/940/175 1433/1360/107 1449/958/109
f 1436/941/175 1435/942/107 1451/1346/109
f 1438/943/175 1437/944/107 1453/962/109
f 1440/945/175 1439/946/107 1455/964/109
f 1442/948/176 1441/950/109 1457/980/108
f 1444/951/176 1443/952/109 1459/982/108
f 1446/1353/176 1445/1352/109 1461/984/108
f 1448/1350/176 1447/956/109 1463/986/108
f 1450/1349/176 1449/958/109 1465/988/108
f 1452/959/176 1451/1346/109 1467/990/108
f 1454/961/176 1453/962/109 1469/1333/108
f 1456/963/176 1455/964/109 1471/976/108
f 1458/966/177 1457/980/108 1473/979/126
f 1460/968/177 1459/982/108 1475/999/126
f 1462/969/177 1461/984/108 1477/983/126
f 1464/970/177 1463/986/108 1479/1004/126
f 1466/971/177 1465/988/108 1481/1315/126
f 1468/972/177 1467/990/108 1483/1011/126
f 1470/973/177 1469/1333/108 1485/991/126
f 1472/974/177 1471/976/108 1487/994/126
f 1474/977/178 1473/979/126 1489/998/111
f 1476/1325/178 1475/999/126 1491/1001/111
f 1478/1322/178 1477/983/126 1493/1003/111
f 1480/1319/178 1479/1004/126 1495/1006/111
f 1482/985/178 1481/1315/126 1497/1008/111
f 1484/1314/178 1483/1011/126 1499/1013/111
f 1486/989/178 1485/991/126 1501/1015/111
f 1488/1308/178 1487/994/126 1503/1010/111
f 1490/995/179 1489/998/111 1505/1019/180
f 1492/997/179 1491/1001/111 1507/1021/180
f 1494/1000/179 1493/1003/111 1509/1023/180
f 1496/1298/179 1495/1006/111 1511/1025/180
f 1498/1005/179 1497/1008/111 1513/1027/180
f 1500/1007/179 1499/1013/111 1515/1409/180
f 1502/1311/179 1501/1015/111 1517/1411/180
f 1504/1309/179 1503/1010/111 1519/1029/180
f 1506/1017/181 1505/1019/180 1521/1036/112
f 1508/1018/181 1507/1021/180 1523/1038/112
f 1510/1020/181 1509/1023/180 1525/1040/112
f 1512/1299/181 1511/1025/180 1527/1042/112
f 1514/1024/181 1513/1027/180 1529/1044/112
f 1516/1410/181 1515/1409/180 1531/1048/112
f 1518/1412/181 1517/1411/180 1533/1050/112
f 1520/1032/181 1519/1029/180 1535/1046/112
f 1522/1016/182 1521/1036/112 1537/1055/117
f 1524/1035/182 1523/1038/112 1539/1057/117
f 1526/1037/182 1525/1040/112 1541/1059/117
f 1528/1413/182 1527/1042/112 1543/1061/117
f 1530/1041/182 1529/1044/112 1545/1416/117
f 1532/1043/182 1531/1048/112 1547/1067/117
f 1534/1414/182 1533/1050/112 1549/1069/117
f 1536/1049/182 1535/1046/112 1551/1065/117
f 1538/1051/183 1537/1055/117 1553/1084/115
f 1540/1415/183 1539/1057/117 1555/1086/115
f 1542/1056/183 1541/1059/117 1557/1088/115
f 1544/1058/183 1543/1061/117 1559/1090/115
f 1546/1060/183 1545/1416/117 1561/1092/115
f 1548/1417/183 1547/1067/117 1563/1094/115
f 1550/1418/183 1549/1069/117 1565/1096/115
f 1552/1068/183 1551/1065/117 1567/1080/115
f 1554/1070/184 1553/1084/115 1569/1102/114
f 1556/1072/184 1555/1086/115 1571/1104/114
f 1558/1073/184 1557/1088/115 1573/1106/114
f 1560/1074/184 1559/1090/115 1575/1108/114
f 1562/1075/184 1561/1092/115 1577/1110/114
f 1564/1076/184 1563/1094/115 1579/1112/114
f 1566/1077/184 1565/1096/115 1581/1114/114
f 1568/1078/184 1567/1080/115 1583/1098/114
f 1570/1363/185 1569/1102/114 1585/1119/116
f 1572/1083/185 1571/1104/114 1587/1121/116
f 1574/1085/185 1573/1106/114 1589/1123/116
f 1576/1087/185 1575/1108/114 1591/1125/116
f 1578/1089/185 1577/1110/114 1593/1127/116
f 1580/1091/185 1579/1112/114 1595/1129/116
f 1582/1419/185 1581/1114/114 1597/1131/116
f 1584/1095/185 1583/1098/114 1599/1116/116
f 1586/1081/186 1585/1119/116 1601/1136/127
f 1588/1101/186 1587/1121/116 1603/1139/127
f 1590/1103/186 1589/1123/116 1605/1122/127
f 1608/1334/187 1592/1105/186 1591/1125/116
f 1610/1329/187 1594/1107/186 1593/1127/116
f 1596/1109/186 1595/1129/116 1611/1150/127
f 1598/1354/186 1597/1131/116 1613/1153/127
f 1600/1113/186 1599/1116/116 1615/1133/127
f 1602/1099/187 1601/1136/127 1617/1138/122
f 1604/1118/187 1603/1139/127 1619/1141/122
f 1606/1120/187 1605/1122/127 1621/1143/122
f 1608/1334/187 1607/1124/127 1623/1145/122
f 1610/1329/187 1609/1126/127 1625/1147/122
f 1612/1326/187 1611/1150/127 1627/1304/122
f 1614/1343/187 1613/1153/127 1629/1155/122
f 1616/1130/187 1615/1133/127 1631/1149/122
f 1618/1316/188 1617/1138/122 1633/1158/121
f 1620/1137/188 1619/1141/122 1635/1160/121
f 1622/1140/188 1621/1143/122 1637/1312/121
f 1624/1142/188 1623/1145/122 1639/1164/121
f 1626/1144/188 1625/1147/122 1641/1306/121
f 1628/1327/188 1627/1304/122 1643/1303/121
f 1630/1151/188 1629/1155/122 1645/1172/121
f 1632/1154/188 1631/1149/122 1647/1168/121
f 1634/1134/189 1633/1158/121 1649/1175/123
f 1636/1157/189 1635/1160/121 1651/1177/123
f 1638/1313/189 1637/1312/121 1653/1179/123
f 1640/1310/189 1639/1164/121 1655/1420/123
f 1642/1307/189 1641/1306/121 1657/1183/123
f 1644/1305/189 1643/1303/121 1659/1421/123
f 1646/1169/189 1645/1172/121 1661/1189/123
f 1648/1171/189 1647/1168/121 1663/1185/123
f 1650/1156/190 1649/1175/123 1665/1192/191
f 1652/1174/190 1651/1177/123 1667/1194/124
f 1654/1176/190 1653/1179/123 1669/1196/124
f 1656/1178/190 1655/1420/123 1671/1424/124
f 1658/1180/190 1657/1183/123 1673/1426/124
f 1660/1422/190 1659/1421/123 1675/1428/124
f 1662/1423/190 1661/1189/123 1677/1206/124
f 1664/1188/190 1663/1185/123 1679/1202/124
f 1666/1207/192 1665/1192/191 1681/1221/119
f 1668/1191/192 1667/1194/124 1683/1223/119
f 1670/1193/192 1669/1196/124 1685/1431/119
f 1688/1432/193 1672/1425/192 1671/1424/124
f 1690/1227/193 1674/1427/192 1673/1426/124
f 1676/1199/192 1675/1428/124 1691/1231/119
f 1678/1429/192 1677/1206/124 1693/1233/119
f 1680/1205/192 1679/1202/124 1695/1217/119
f 1682/1430/193 1681/1221/119 1697/1435/120
f 1684/1209/193 1683/1223/119 1699/1436/120
f 1686/1210/193 1685/1431/119 1701/1437/120
f 1688/1432/193 1687/1212/119 1703/1438/120
f 1690/1227/193 1689/1433/119 1705/1439/120
f 1692/1229/193 1691/1231/119 1707/1361/120
f 1694/1434/193 1693/1233/119 1709/1357/120
f 1696/1215/193 1695/1217/119 1711/1356/120
f 1698/72/194 1697/1435/120 1713/1355/118
f 1700/1220/194 1699/1436/120 1715/1241/118
f 1702/1222/194 1701/1437/120 1717/1243/118
f 1704/1224/194 1703/1438/120 1719/1245/118
f 1706/1226/194 1705/1439/120 1721/1351/118
f 1708/1228/194 1707/1361/120 1723/1249/118
f 1710/1358/194 1709/1357/120 1725/1251/118
f 1712/1232/194 1711/1356/120 1727/1253/118
f 1714/1280/195 1713/1355/118 1729/1271/128
f 1716/1240/195 1715/1241/118 1731/1259/128
f 1718/1242/195 1717/1243/118 1733/1274/128
f 1720/1244/195 1719/1245/118 1735/1262/128
f 1722/1246/195 1721/1351/118 1737/1277/128
f 1724/1248/195 1723/1249/118 1739/1341/128
f 1726/1347/195 1725/1251/118 1741/1295/128
f 1728/1252/195 1727/1253/118 1743/1268/128
f 1730/1255/196 1729/1271/128 1745/1332/102
f 1732/1258/196 1731/1259/128 1747/1330/102
f 1734/1260/196 1733/1274/128 1749/1328/102
f 1736/1261/196 1735/1262/128 1751/749/102
f 1738/1263/196 1737/1277/128 1753/1324/102
f 1740/1264/196 1739/1341/128 1755/1323/102
f 1742/1339/196 1741/1295/128 1757/1321/102
f 1744/1337/196 1743/1268/128 1759/1318/102
f 1746/1336/197 1745/1332/102 1250/742/163
f 1748/1272/197 1747/1330/102 1254/745/163
f 1750/1273/197 1749/1328/102 1258/748/163
f 1752/1275/197 1751/749/102 1262/751/163
f 1754/1276/197 1753/1324/102 1266/754/163
f 1756/1278/197 1755/1323/102 1270/757/163
f 1758/1279/197 1757/1321/102 1274/760/163
f 1760/1320/197 1759/1318/102 1278/1317/163
f 861/1177/48 1651/1177/123 1635/1160/121
f 1153/855/22 1137/872/20 1375/872/105
f 998/1026/146 1014/1007/3 1500/1007/179
f 860/1176/47 876/1159/49 1638/1313/189
f 997/1031/145 1515/1409/180 1499/1013/111
f 1152/1034/19 1362/1034/170 1378/1385/171
f 859/1179/48 1653/1179/123 1637/1312/121
f 1151/860/20 1135/882/18 1377/1384/104
f 996/1030/146 1012/1012/3 1502/1311/179
f 858/1178/47 874/1161/49 1640/1310/189
f 995/1033/145 1517/1411/180 1501/1015/111
f 1150/859/19 1364/859/170 1380/881/171
f 857/1181/48 1655/1420/123 1639/1164/121
f 1149/862/20 1133/884/18 1379/1386/104
f 994/1032/146 1010/1014/3 1504/1309/179
f 856/1180/47 872/1163/49 1642/1307/189
f 993/1029/145 1519/1029/180 1503/1010/111
f 1148/861/19 1366/861/170 1382/883/171
f 855/1183/48 1657/1183/123 1641/1306/121
f 1147/865/20 1131/886/18 1381/1387/104
f 1008/1017/146 1506/1017/181 1522/1016/182
f 854/1182/47 870/1165/49 1644/1305/189
f 1007/1019/145 991/1036/64 1521/1036/112
f 1146/864/19 1368/864/170 1384/1389/171
f 853/1187/48 1659/1421/123 1643/1303/121
f 1145/868/20 1129/888/18 1383/1388/104
f 1006/1018/146 1508/1018/181 1524/1035/182
f 852/1186/47 868/1169/49 1646/1169/189
f 1005/1021/145 989/1038/144 1523/1038/112
f 1144/867/19 1370/867/170 1386/1391/171
f 851/1189/48 1661/1189/123 1645/1172/121
f 1143/871/20 1127/890/18 1385/1390/104
f 1004/1020/146 1510/1020/181 1526/1037/182
f 850/1188/47 866/1171/49 1648/1171/189
f 1003/1023/145 987/1040/64 1525/1040/112
f 1142/870/19 1372/870/170 1388/1393/171
f 849/1185/48 1663/1185/123 1647/1168/121
f 1140/874/19 1374/874/170 1390/893/171
f 1141/875/20 1125/894/18 1387/1392/104
f 1002/1022/146 1512/1299/181 1528/1413/182
f 1139/877/20 1123/896/18 1389/1394/104
f 848/1207/137 864/1156/47 1650/1156/190
f 1001/1025/145 985/1042/144 1527/1042/112
f 847/1192/134 1665/1192/191 1649/1175/123
f 1138/876/19 1376/876/170 1392/895/171
f 1000/1024/146 1514/1024/181 1530/1041/182
f 1137/872/20 1121/891/18 1391/1395/104
f 846/1191/133 862/1174/47 1652/1174/190
f 999/1027/145 983/1044/64 1529/1044/112
f 845/1194/134 1667/1194/124 1651/1177/123
f 1120/1173/15 1136/878/17 1378/1385/171
f 998/1026/146 1516/1410/181 1532/1043/182
f 1119/899/16 1393/1396/106 1377/1384/104
f 844/1193/133 860/1176/47 1654/1176/190
f 997/1031/145 981/1048/64 1531/1048/112
f 843/1196/136 1669/1196/124 1653/1179/123
f 1118/898/15 1134/881/17 1380/881/171
f 996/1030/146 1518/1412/181 1534/1414/182
f 1117/901/16 1395/1397/106 1379/1386/104
f 842/1195/45 858/1178/47 1656/1178/190
f 995/1033/145 979/1050/144 1533/1050/112
f 841/1198/136 1671/1424/124 1655/1420/123
f 1116/900/15 1132/883/17 1382/883/171
f 994/1032/146 1520/1032/181 1536/1049/182
f 1115/903/16 1397/903/106 1381/1387/104
f 840/1197/45 856/1180/47 1658/1180/190
f 993/1029/145 977/1046/64 1535/1046/112
f 738/1367/130 1247/737/161 1251/737/100
f 839/1200/136 1673/1426/124 1657/1183/123
f 1114/902/15 1130/885/17 1384/1389/171
f 992/1016/143 1522/1016/182 1538/1051/183
f 1113/905/16 1399/1398/106 1383/1388/104
f 737/74/129 1249/74/162 1252/1368/164
f 838/1199/45 854/1182/47 1660/1422/190
f 991/1036/64 975/1055/62 1537/1055/117
f 837/1204/134 1675/1428/124 1659/1421/123
f 1112/904/15 1128/887/17 1386/1391/171
f 740/1369/130 1245/769/161 1255/1440/100
f 990/1035/63 1524/1035/182 1540/1415/183
f 1111/907/16 1401/1400/106 1385/1390/104
f 836/1203/135 852/1186/47 1662/1423/190
f 989/1038/144 973/1057/62 1539/1057/117
f 739/738/129 1253/738/162 1256/1370/164
f 835/1206/134 1677/1206/124 1661/1189/123
f 1110/906/15 1126/889/17 1388/1393/171
f 988/1037/63 1526/1037/182 1542/1056/183
f 1109/911/16 1403/1402/106 1387/1392/104
f 742/1371/130 1243/772/161 1259/772/100
f 834/1205/133 850/1188/47 1664/1188/190
f 987/1040/64 971/1059/62 1541/1059/117
f 833/1202/46 1679/1202/124 1663/1185/123
f 1108/910/15 1124/893/17 1390/893/171
f 741/1281/129 1257/1281/162 1260/1282/164
f 986/1039/63 1528/1413/182 1544/1058/183
f 1107/913/16 1405/913/106 1389/1394/104
f 832/1219/43 848/1207/137 1666/1207/192
f 985/1042/144 969/1061/62 1543/1061/117
f 744/1372/130 1241/775/161 1263/775/100
f 831/1221/44 1681/1221/119 1665/1192/191
f 1106/912/15 1122/895/17 1392/895/171
f 984/1041/63 1530/1041/182 1546/1060/183
f 1105/908/16 1407/908/106 1391/1395/104
f 743/1283/129 1261/1283/162 1264/1284/164
f 830/1209/43 846/1191/133 1668/1191/192
f 983/1044/64 967/1063/62 1545/1416/117
f 829/1223/44 1683/1223/119 1667/1194/124
f 1104/914/13 1120/1173/15 1394/1173/172
f 746/1373/130 1239/778/161 1267/778/100
f 982/1043/63 1532/1043/182 1548/1417/183
f 1103/918/153 1409/1404/173 1393/1396/106
f 828/1210/43 844/1193/133 1670/1193/192
f 981/1048/64 965/1067/62 1547/1067/117
f 745/1285/129 1265/1285/162 1268/1286/164
f 827/1211/44 1685/1431/119 1669/1196/124
f 1102/917/13 1118/898/15 1396/898/172
f 980/1047/63 1534/1414/182 1550/1418/183
f 1101/920/154 1411/1405/110 1395/1397/106
f 748/1374/130 1237/784/161 1271/784/100
f 826/1225/43 842/1195/45 1672/1425/192
f 979/1050/144 963/1069/62 1549/1069/117
f 825/1212/44 1687/1212/119 1671/1424/124
f 1100/919/13 1116/900/15 1398/900/172
f 747/1287/129 1269/1287/162 1272/1288/164
f 978/1049/143 1536/1049/182 1552/1068/183
f 1099/922/154 1413/922/110 1397/903/106
f 824/1227/43 840/1197/45 1674/1427/192
f 977/1046/64 961/1065/62 1551/1065/117
f 750/1375/130 1235/787/161 1275/1441/100
f 823/1213/44 1689/1433/119 1673/1426/124
f 1098/921/155 1114/902/15 1400/1399/172
f 976/1051/61 1538/1051/183 1554/1070/184
f 1097/924/154 1415/924/110 1399/1398/106
f 749/1289/129 1273/1289/162 1276/1290/164
f 822/1229/43 838/1199/45 1676/1199/192
f 975/1055/62 959/1084/60 1553/1084/115
f 821/1231/44 1691/1231/119 1675/1428/124
f 1096/923/155 1112/904/15 1402/1401/172
f 752/1376/130 1233/1293/32 1279/1442/100
f 974/1054/61 1540/1415/183 1556/1072/184
f 1095/926/153 1417/926/110 1401/1400/106
f 820/1214/43 836/1203/135 1678/1429/192
f 973/1057/62 957/1086/60 1555/1086/115
f 751/1291/129 1277/1291/162 1280/1377/164
f 819/1233/44 1693/1233/119 1677/1206/124
f 1094/925/155 1110/906/15 1404/1403/172
f 972/1056/61 1542/1056/183 1558/1073/184
f 1093/930/154 1419/930/110 1403/1402/106
f 1248/806/31 1252/1368/164 1282/764/165
f 818/1215/43 834/1205/133 1680/1205/192
f 971/1059/62 955/1088/60 1557/1088/115
f 1247/737/161 1231/768/30 1281/768/101
f 817/1217/44 1695/1217/119 1679/1202/124
f 1092/929/152 1108/910/15 1406/910/172
f 970/1058/61 1544/1058/183 1560/1074/184
f 1091/932/153 1421/1406/110 1405/913/106
f 1246/739/31 1256/1370/164 1284/767/165
f 816/72/132 832/1219/43 1682/1430/193
f 969/1061/62 953/1090/60 1559/1090/115
f 1245/769/161 1229/771/30 1283/1378/101
f 815/1443/42 1697/1435/120 1681/1221/119
f 1090/931/152 1106/912/15 1408/912/172
f 968/1060/61 1546/1060/183 1562/1075/184
f 1089/927/151 1423/1407/110 1407/908/106
f 1244/1282/31 1260/1282/164 1286/770/165
f 814/1220/132 830/1209/43 1684/1209/193
f 967/1063/62 951/1092/60 1561/1092/115
f 1243/772/161 1227/774/30 1285/1379/101
f 813/1444/42 1699/1436/120 1683/1223/119
f 1088/933/11 1104/914/13 1410/914/174
f 966/1062/61 1548/1417/183 1564/1076/184
f 1087/935/12 1425/935/107 1409/1404/173
f 1242/1284/31 1264/1284/164 1288/773/165
f 812/1222/41 828/1210/43 1686/1210/193
f 965/1067/62 949/1094/60 1563/1094/115
f 1241/775/161 1225/777/30 1287/1380/101
f 811/1437/42 1701/1437/120 1685/1431/119
f 1086/936/11 1102/917/13 1412/917/174
f 964/1066/61 1550/1418/183 1566/1077/184
f 1085/937/12 1427/937/107 1411/1405/110
f 1240/1286/31 1268/1286/164 1290/776/165
f 810/1224/41 826/1225/43 1688/1432/193
f 963/1069/62 947/1096/60 1565/1096/115
f 1239/778/161 1223/780/30 1289/1381/101
f 809/1438/42 1703/1438/120 1687/1212/119
f 1084/938/11 1100/919/13 1414/919/174
f 962/1068/61 1552/1068/183 1568/1078/184
f 1083/1408/12 1429/1408/107 1413/922/110
f 1238/1288/31 1272/1288/164 1292/779/165
f 808/1226/41 824/1227/43 1690/1227/193
f 961/1065/62 945/1080/60 1567/1080/115
f 1237/784/161 1221/786/30 1291/1382/101
f 807/1439/42 1705/1439/120 1689/1433/119
f 1082/939/11 1098/921/155 1416/921/174
f 960/1070/59 1554/1070/184 1570/1363/185
f 1081/1362/12 1431/1362/107 1415/924/110
f 1236/1290/31 1276/1290/164 1294/785/165
f 806/1228/41 822/1229/43 1692/1229/193
f 959/1084/60 943/1102/58 1569/1102/114
f 1235/787/161 1219/789/30 1293/789/101
f 805/1361/42 1707/1361/120 1691/1231/119
f 1080/940/11 1096/923/155 1418/923/174
f 958/1072/59 1556/1072/184 1572/1083/185
f 1079/1360/12 1433/1360/107 1417/926/110
f 1234/1292/31 1280/1377/164 1296/1383/165
f 804/1230/41 820/1214/43 1694/1434/193
f 957/1086/60 941/1104/58 1571/1104/114
f 1233/1293/32 1217/781/30 1295/781/101
f 803/1357/42 1709/1357/120 1693/1233/119
f 1078/941/11 1094/925/155 1420/925/174
f 956/1073/59 1558/1073/184 1574/1085/185
f 1077/942/12 1435/942/107 1419/930/110
f 1232/764/29 1282/764/165 1298/823/166
f 802/1232/41 818/1215/43 1696/1215/193
f 955/1088/60 939/1106/58 1573/1106/114
f 1231/768/30 1215/790/28 1297/790/98
f 801/1235/42 1711/1356/120 1695/1217/119
f 1076/943/11 1092/929/152 1422/929/174
f 954/1074/59 1560/1074/184 1576/1087/185
f 1075/944/12 1437/944/107 1421/1406/110
f 1230/767/29 1284/767/165 1300/791/166
f 800/1280/39 816/72/132 1698/72/194
f 953/1090/60 937/1108/58 1575/1108/114
f 1229/771/30 1213/792/28 1299/792/98
f 799/1239/40 1713/1355/118 1697/1435/120
f 1074/945/11 1090/931/152 1424/931/174
f 952/1075/59 1562/1075/184 1578/1089/185
f 1073/946/12 1439/946/107 1423/1407/110
f 1228/770/29 1286/770/165 1302/793/166
f 798/1240/39 814/1220/132 1700/1220/194
f 951/1092/60 935/1110/58 1577/1110/114
f 1227/774/30 1211/794/28 1301/794/98
f 797/1241/40 1715/1241/118 1699/1436/120
f 1072/948/150 1088/933/11 1426/933/175
f 950/1076/59 1564/1076/184 1580/1091/185
f 1071/950/149 1441/950/109 1425/935/107
f 1226/773/29 1288/773/165 1304/795/166
f 796/1242/39 812/1222/41 1702/1222/194
f 949/1094/60 933/1112/58 1579/1112/114
f 1225/777/30 1209/796/28 1303/796/98
f 795/1243/40 1717/1243/118 1701/1437/120
f 1070/951/9 1086/936/11 1428/936/175
f 948/1077/59 1566/1077/184 1582/1419/185
f 1069/952/149 1443/952/109 1427/937/107
f 1224/776/29 1290/776/165 1306/797/166
f 794/1244/39 810/1224/41 1704/1224/194
f 947/1096/60 931/1114/58 1581/1114/114
f 1223/780/30 1207/798/28 1305/798/98
f 793/1245/40 1719/1245/118 1703/1438/120
f 1068/953/9 1084/938/11 1430/938/175
f 946/1078/59 1568/1078/184 1584/1095/185
f 1067/954/10 1445/1352/109 1429/1408/107
f 1222/779/29 1292/779/165 1308/799/166
f 792/1246/39 808/1226/41 1706/1226/194
f 945/1080/60 929/1098/58 1583/1098/114
f 1221/786/30 1205/800/28 1307/800/98
f 791/1247/40 1721/1351/118 1705/1439/120
f 1805/843/242 1807/842/244 1833/842/270
f 1802/1446/239 1796/1447/233 1848/1447/285
f 1788/1448/225 1866/1448/303 1868/1449/305
f 1816/858/253 1805/843/242 1829/1445/266
f 1761/76/198 1817/75/254 1883/75/320
f 1801/978/238 1849/978/286 1847/967/284
f 1782/1450/219 1864/1450/301 1866/1448/303
f 1761/1451/198 1881/1451/318 1879/1452/316
f 1815/1453/252 1831/1453/268 1830/1454/267
f 1795/967/232 1847/967/284 1845/949/282
f 1762/1455/199 1766/1456/203 1880/1456/317
f 1796/1447/233 1798/1457/235 1846/1457/283
f 1781/1100/218 1787/1117/224 1865/1458/302
f 1774/1459/211 1767/1460/204 1825/1460/262
f 1783/1082/220 1781/1100/218 1863/1100/300
f 1766/1456/203 1764/1461/201 1878/1461/315
f 1798/1457/235 1792/1462/229 1844/1462/281
f 1784/1463/221 1862/1463/299 1864/1450/301
f 1773/1270/210 1827/1270/264 1826/73/263
f 1765/1256/202 1879/1452/316 1877/1257/314
f 1797/949/234 1845/949/282 1843/934/280
f 1778/1464/215 1860/1464/297 1862/1463/299
f 1763/1257/200 1877/1257/314 1827/1270/264
f 1791/934/228 1843/934/280 1841/915/278
f 1764/1461/201 1774/1459/211 1828/1459/265
f 1792/1462/229 1794/1465/231 1842/1465/279
f 1777/1071/214 1783/1082/220 1861/1082/298
f 1779/1052/216 1777/1071/214 1859/1071/296
f 1809/1467/246 1875/1467/312 1831/1453/268
f 1794/1465/231 1790/1468/227 1840/1468/277
f 1780/1469/217 1858/1469/295 1860/1464/297
f 1810/824/247 1816/858/253 1832/858/269
f 1765/1256/202 768/1336/35 737/1335/129
f 1826/1471/263 1827/1503/264 1828/1459/265
f 1831/1453/268 1832/1501/269 1829/1472/266
f 1833/1473/270 1834/1474/271 1830/1454/267
f 1834/1474/271 1833/1473/270 1835/1475/272
f 1835/1475/272 1837/1478/274 1838/1477/275
f 1840/1468/277 1838/1477/275 1837/1478/274
f 1839/1479/276 1841/1480/278 1842/1465/279
f 1844/1462/281 1842/1465/279 1841/1480/278
f 1843/1481/280 1845/1482/282 1846/1457/283
f 1848/1447/285 1846/1457/283 1845/1482/282
f 1847/1483/284 1849/1485/286 1850/1446/287
f 1852/1484/289 1850/1446/287 1849/1485/286
f 1853/1487/290 1854/1237/291 1852/1484/289
f 1854/1237/291 1853/1487/290 1855/1488/292
f 1857/1489/294 1858/1469/295 1856/1238/293
f 1858/1469/295 1857/1489/294 1859/1490/296
f 1861/1491/298 1862/1463/299 1860/1464/297
f 1862/1463/299 1861/1491/298 1863/1492/300
f 1865/1493/302 1866/1448/303 1864/1450/301
f 1866/1448/303 1865/1493/302 1867/1494/304
f 1867/1494/304 1869/1497/306 1870/1495/307
f 1872/1496/309 1870/1495/307 1869/1497/306
f 1874/1499/311 1872/1496/309 1871/1498/308
f 1825/1460/262 1874/1499/311 1873/1500/310
f 1832/1501/269 1831/1453/268 1875/1467/312
f 1878/1461/315 1828/1459/265 1827/1503/264
f 1877/1504/314 1879/1505/316 1880/1456/317
f 1882/1455/319 1880/1456/317 1879/1505/316
f 1883/1507/320 1884/1365/321 1882/1455/319
f 1884/1365/321 1883/1507/320 1885/1508/322
f 1887/1509/324 1888/1510/325 1886/1366/323
f 1888/1510/325 1887/1509/324 1876/1502/313
f 1762/1455/199 1882/1455/319 1884/1365/321
f 1787/1117/224 1785/1135/222 1867/1135/304
f 1819/1208/256 1869/1512/306 1867/1135/304
f 1800/1484/237 1802/1446/239 1850/1446/287
f 1806/1454/243 1830/1454/267 1834/1474/271
f 1818/1365/255 1884/1365/321 1886/1366/323
f 1799/996/236 1851/996/288 1849/978/286
f 1817/75/254 1811/766/248 1885/1511/322
f 1820/1495/257 1786/1449/223 1868/1449/305
f 1799/996/236 1823/1190/260 1853/1190/290
f 1808/1474/245 1834/1474/271 1836/1476/273
f 1811/766/248 1813/765/250 1887/765/324
f 1807/842/244 1803/880/240 1835/880/272
f 1772/1496/209 1820/1495/257 1870/1495/307
f 1800/1484/237 1852/1484/289 1854/1237/291
f 1821/879/258 1837/1515/274 1835/880/272
f 1812/1366/249 1886/1366/323 1888/1510/325
f 1771/1218/208 1871/1514/308 1869/1512/306
f 1814/1510/251 1888/1510/325 1875/1467/312
f 1824/1237/261 1854/1237/291 1856/1238/293
f 1822/1477/259 1804/1476/241 1836/1476/273
f 1813/765/250 1810/824/247 1876/1470/313
f 1770/1499/207 1772/1496/209 1872/1496/309
f 1823/1190/260 1775/1053/212 1855/1513/292
f 1769/71/206 1873/71/310 1871/1514/308
f 1775/1053/212 1779/1052/216 1857/1466/294
f 1790/1468/227 1822/1477/259 1838/1477/275
f 1767/1460/204 1770/1499/207 1874/1499/311
f 1789/916/226 1839/916/276 1837/1515/274
f 1768/73/205 1826/73/263 1873/71/310
f 1776/1238/213 1856/1238/293 1858/1469/295
f 1793/915/230 1841/915/278 1839/916/276
