# Blender 4.1.1
# www.blender.org
mtllib lucky.mtl
o テキスト
v 2.411032 0.218162 0.060000
v 2.401800 0.195920 0.060000
v 2.390059 0.174746 0.060000
v 2.376065 0.154861 0.060000
v 2.360075 0.136487 0.060000
v 2.342344 0.119844 0.060000
v 2.323129 0.105154 0.060000
v 2.302685 0.092639 0.060000
v 2.281270 0.082520 0.060000
v 2.259138 0.075017 0.060000
v 2.236546 0.070354 0.060000
v 2.213750 0.068750 0.060000
v 1.622500 0.068750 0.060000
v 1.600654 0.070354 0.060000
v 1.580231 0.075017 0.060000
v 1.561406 0.082520 0.060000
v 1.544352 0.092639 0.060000
v 1.529242 0.105154 0.060000
v 1.516250 0.119844 0.060000
v 1.505550 0.136487 0.060000
v 1.497315 0.154861 0.060000
v 1.491719 0.174746 0.060000
v 1.488935 0.195920 0.060000
v 1.489138 0.218162 0.060000
v 1.492500 0.241250 0.060000
v 1.498968 0.264075 0.060000
v 1.508200 0.286146 0.060000
v 1.519942 0.307227 0.060000
v 1.533935 0.327083 0.060000
v 1.549926 0.345482 0.060000
v 1.567656 0.362187 0.060000
v 1.586871 0.376966 0.060000
v 1.607315 0.389583 0.060000
v 1.628731 0.399805 0.060000
v 1.650862 0.407396 0.060000
v 1.673454 0.412122 0.060000
v 1.696250 0.413750 0.060000
v 2.287500 0.413750 0.060000
v 2.309346 0.412122 0.060000
v 2.329768 0.407396 0.060000
v 2.348594 0.399805 0.060000
v 2.365648 0.389583 0.060000
v 2.380758 0.376966 0.060000
v 2.393750 0.362188 0.060000
v 2.404450 0.345482 0.060000
v 2.412685 0.327083 0.060000
v 2.418281 0.307227 0.060000
v 2.421065 0.286146 0.060000
v 2.420862 0.264076 0.060000
v 2.417500 0.241250 0.060000
v 1.238888 0.415237 0.060000
v 1.231933 0.398565 0.060000
v 1.223086 0.382656 0.060000
v 1.212546 0.367685 0.060000
v 1.200514 0.353825 0.060000
v 1.187188 0.341250 0.060000
v 1.172768 0.330133 0.060000
v 1.157454 0.320648 0.060000
v 1.141446 0.312969 0.060000
v 1.124942 0.307269 0.060000
v 1.108144 0.303721 0.060000
v 1.091250 0.302500 0.060000
v 0.865000 0.302500 0.060000
v 0.862866 0.302397 0.060000
v 0.860845 0.302089 0.060000
v 0.858945 0.301582 0.060000
v 0.857176 0.300880 0.060000
v 0.855545 0.299986 0.060000
v 0.854063 0.298906 0.060000
v 0.852736 0.297644 0.060000
v 0.851574 0.296204 0.060000
v 0.850586 0.294590 0.060000
v 0.849780 0.292807 0.060000
v 0.849165 0.290859 0.060000
v 0.848750 0.288750 0.060000
v 0.846250 0.266250 0.060000
v 0.846090 0.264379 0.060000
v 0.846221 0.262535 0.060000
v 0.846621 0.260742 0.060000
v 0.847269 0.259028 0.060000
v 0.848142 0.257418 0.060000
v 0.849219 0.255937 0.060000
v 0.850478 0.254614 0.060000
v 0.851898 0.253472 0.060000
v 0.853457 0.252539 0.060000
v 0.855133 0.251840 0.060000
v 0.856905 0.251402 0.060000
v 0.858750 0.251250 0.060000
v 1.080000 0.251250 0.060000
v 1.096385 0.250054 0.060000
v 1.111701 0.246574 0.060000
v 1.125820 0.240977 0.060000
v 1.138611 0.233426 0.060000
v 1.149944 0.224087 0.060000
v 1.159688 0.213125 0.060000
v 1.167713 0.200705 0.060000
v 1.173889 0.186991 0.060000
v 1.178086 0.172148 0.060000
v 1.180174 0.156343 0.060000
v 1.180022 0.139738 0.060000
v 1.177500 0.122500 0.060000
v 1.172661 0.105286 0.060000
v 1.165770 0.088750 0.060000
v 1.157012 0.073047 0.060000
v 1.146574 0.058333 0.060000
v 1.134644 0.044766 0.060000
v 1.121406 0.032500 0.060000
v 1.107049 0.021693 0.060000
v 1.091759 0.012500 0.060000
v 1.075723 0.005078 0.060000
v 1.059126 -0.000417 0.060000
v 1.042156 -0.003828 0.060000
v 1.025000 -0.005000 0.060000
v 0.828750 -0.005000 0.060000
v 0.826616 -0.005128 0.060000
v 0.824595 -0.005503 0.060000
v 0.822695 -0.006113 0.060000
v 0.820926 -0.006944 0.060000
v 0.819295 -0.007984 0.060000
v 0.817813 -0.009219 0.060000
v 0.816486 -0.010636 0.060000
v 0.815324 -0.012222 0.060000
v 0.814336 -0.013965 0.060000
v 0.813530 -0.015851 0.060000
v 0.812915 -0.017867 0.060000
v 0.812500 -0.020000 0.060000
v 0.803750 -0.091250 0.060000
v 0.415000 -0.091250 0.060000
v 0.422500 -0.020000 0.060000
v 0.422660 -0.018129 0.060000
v 0.422529 -0.016285 0.060000
v 0.422129 -0.014492 0.060000
v 0.421482 -0.012778 0.060000
v 0.420608 -0.011168 0.060000
v 0.419531 -0.009688 0.060000
v 0.418272 -0.008364 0.060000
v 0.416852 -0.007222 0.060000
v 0.415293 -0.006289 0.060000
v 0.413617 -0.005590 0.060000
v 0.411845 -0.005152 0.060000
v 0.410000 -0.005000 0.060000
v 0.162500 -0.005000 0.060000
v 0.145853 -0.003828 0.060000
v 0.130365 -0.000417 0.060000
v 0.116152 0.005078 0.060000
v 0.103333 0.012500 0.060000
v 0.092025 0.021693 0.060000
v 0.082344 0.032500 0.060000
v 0.074408 0.044766 0.060000
v 0.068333 0.058333 0.060000
v 0.064238 0.073047 0.060000
v 0.062240 0.088750 0.060000
v 0.062455 0.105286 0.060000
v 0.065000 0.122500 0.060000
v 0.069576 0.139738 0.060000
v 0.076296 0.156343 0.060000
v 0.084961 0.172148 0.060000
v 0.095370 0.186991 0.060000
v 0.107325 0.200705 0.060000
v 0.120625 0.213125 0.060000
v 0.135071 0.224087 0.060000
v 0.150463 0.233426 0.060000
v 0.166602 0.240977 0.060000
v 0.183287 0.246574 0.060000
v 0.200320 0.250054 0.060000
v 0.217500 0.251250 0.060000
v 0.440000 0.251250 0.060000
v 0.442134 0.251378 0.060000
v 0.444155 0.251753 0.060000
v 0.446055 0.252363 0.060000
v 0.447824 0.253194 0.060000
v 0.449455 0.254234 0.060000
v 0.450938 0.255469 0.060000
v 0.452264 0.256886 0.060000
v 0.453426 0.258472 0.060000
v 0.454414 0.260215 0.060000
v 0.455220 0.262101 0.060000
v 0.455835 0.264117 0.060000
v 0.456250 0.266250 0.060000
v 0.458750 0.288750 0.060000
v 0.458910 0.290596 0.060000
v 0.458779 0.292373 0.060000
v 0.458379 0.294062 0.060000
v 0.457732 0.295648 0.060000
v 0.456858 0.297112 0.060000
v 0.455781 0.298437 0.060000
v 0.454522 0.299606 0.060000
v 0.453102 0.300602 0.060000
v 0.451543 0.301406 0.060000
v 0.449867 0.302002 0.060000
v 0.448095 0.302373 0.060000
v 0.446250 0.302500 0.060000
v 0.227500 0.302500 0.060000
v 0.211116 0.303721 0.060000
v 0.195799 0.307269 0.060000
v 0.181680 0.312969 0.060000
v 0.168889 0.320648 0.060000
v 0.157557 0.330133 0.060000
v 0.147813 0.341250 0.060000
v 0.139787 0.353825 0.060000
v 0.133611 0.367685 0.060000
v 0.129414 0.382656 0.060000
v 0.127326 0.398565 0.060000
v 0.127478 0.415237 0.060000
v 0.130000 0.432500 0.060000
v 0.134863 0.449738 0.060000
v 0.141817 0.466343 0.060000
v 0.150664 0.482148 0.060000
v 0.161204 0.496991 0.060000
v 0.173237 0.510705 0.060000
v 0.186563 0.523125 0.060000
v 0.200982 0.534087 0.060000
v 0.216296 0.543426 0.060000
v 0.232305 0.550977 0.060000
v 0.248808 0.556574 0.060000
v 0.265606 0.560054 0.060000
v 0.282500 0.561250 0.060000
v 0.476250 0.561250 0.060000
v 0.478384 0.561377 0.060000
v 0.480405 0.561748 0.060000
v 0.482305 0.562344 0.060000
v 0.484074 0.563148 0.060000
v 0.485705 0.564143 0.060000
v 0.487188 0.565312 0.060000
v 0.488514 0.566638 0.060000
v 0.489676 0.568102 0.060000
v 0.490664 0.569687 0.060000
v 0.491470 0.571377 0.060000
v 0.492085 0.573154 0.060000
v 0.492500 0.575000 0.060000
v 0.497500 0.616250 0.060000
v 0.886250 0.616250 0.060000
v 0.882500 0.575000 0.060000
v 0.882340 0.573154 0.060000
v 0.882471 0.571377 0.060000
v 0.882871 0.569688 0.060000
v 0.883519 0.568102 0.060000
v 0.884392 0.566638 0.060000
v 0.885469 0.565313 0.060000
v 0.886728 0.564144 0.060000
v 0.888148 0.563148 0.060000
v 0.889707 0.562344 0.060000
v 0.891383 0.561748 0.060000
v 0.893155 0.561377 0.060000
v 0.895000 0.561250 0.060000
v 1.146250 0.561250 0.060000
v 1.162635 0.560054 0.060000
v 1.177951 0.556574 0.060000
v 1.192070 0.550977 0.060000
v 1.204861 0.543426 0.060000
v 1.216194 0.534087 0.060000
v 1.225938 0.523125 0.060000
v 1.233963 0.510705 0.060000
v 1.240139 0.496991 0.060000
v 1.244336 0.482148 0.060000
v 1.246424 0.466343 0.060000
v 1.246272 0.449738 0.060000
v 1.243750 0.432500 0.060000
v -0.866250 0.140000 0.060000
v -0.808750 0.405000 0.060000
v -0.606250 0.405000 0.060000
v -0.663750 0.140000 0.060000
v -0.903750 0.140000 0.060000
v -1.106250 0.140000 0.060000
v -1.050000 0.405000 0.060000
v -0.846250 0.405000 0.060000
v -0.296250 0.075000 0.060000
v -0.298335 0.071581 0.060000
v -0.304705 0.062130 0.060000
v -0.315527 0.047852 0.060000
v -0.330972 0.029954 0.060000
v -0.351209 0.009643 0.060000
v -0.376406 -0.011875 0.060000
v -0.406734 -0.033393 0.060000
v -0.442361 -0.053704 0.060000
v -0.483457 -0.071602 0.060000
v -0.530191 -0.085880 0.060000
v -0.582732 -0.095331 0.060000
v -0.641250 -0.098750 0.060000
v -0.703750 -0.098750 0.060000
v -0.717691 -0.097708 0.060000
v -0.730694 -0.094687 0.060000
v -0.742656 -0.089844 0.060000
v -0.753472 -0.083333 0.060000
v -0.763038 -0.075312 0.060000
v -0.771250 -0.065937 0.060000
v -0.778003 -0.055365 0.060000
v -0.783194 -0.043750 0.060000
v -0.786719 -0.031250 0.060000
v -0.788472 -0.018021 0.060000
v -0.788351 -0.004219 0.060000
v -0.786250 0.010000 0.060000
v -0.782189 0.024769 0.060000
v -0.776366 0.038981 0.060000
v -0.768945 0.052500 0.060000
v -0.760092 0.065185 0.060000
v -0.749972 0.076898 0.060000
v -0.738750 0.087500 0.060000
v -0.726590 0.096852 0.060000
v -0.713657 0.104815 0.060000
v -0.700117 0.111250 0.060000
v -0.686134 0.116019 0.060000
v -0.671873 0.118981 0.060000
v -0.657500 0.120000 0.060000
v -0.641250 0.120000 0.060000
v -0.639713 0.120054 0.060000
v -0.638223 0.120220 0.060000
v -0.636777 0.120508 0.060000
v -0.635370 0.120926 0.060000
v -0.633998 0.121483 0.060000
v -0.632656 0.122187 0.060000
v -0.631340 0.123048 0.060000
v -0.630046 0.124074 0.060000
v -0.628769 0.125273 0.060000
v -0.627506 0.126655 0.060000
v -0.626251 0.128228 0.060000
v -0.625000 0.130000 0.060000
v -0.478750 0.382500 0.060000
v -0.261250 0.382500 0.060000
v -0.231800 0.379991 0.060000
v -0.209716 0.373055 0.060000
v -0.194082 0.362578 0.060000
v -0.183981 0.349444 0.060000
v -0.178499 0.334540 0.060000
v -0.176719 0.318750 0.060000
v -0.177725 0.302960 0.060000
v -0.180602 0.288056 0.060000
v -0.184433 0.274922 0.060000
v -0.188304 0.264444 0.060000
v -0.191298 0.257509 0.060000
v -0.192500 0.255000 0.060000
v -1.402413 0.464925 0.060000
v -1.409514 0.447946 0.060000
v -1.418594 0.431738 0.060000
v -1.429444 0.416481 0.060000
v -1.441857 0.402353 0.060000
v -1.455625 0.389531 0.060000
v -1.470538 0.378194 0.060000
v -1.486389 0.368519 0.060000
v -1.502969 0.360684 0.060000
v -1.520069 0.354867 0.060000
v -1.537483 0.351246 0.060000
v -1.555000 0.350000 0.060000
v -2.331250 0.350000 0.060000
v -2.348233 0.351246 0.060000
v -2.364091 0.354867 0.060000
v -2.378691 0.360684 0.060000
v -2.391898 0.368519 0.060000
v -2.403577 0.378194 0.060000
v -2.413594 0.389531 0.060000
v -2.421813 0.402353 0.060000
v -2.428102 0.416481 0.060000
v -2.432324 0.431738 0.060000
v -2.434346 0.447946 0.060000
v -2.434033 0.464925 0.060000
v -2.431250 0.482500 0.060000
v -2.426361 0.500362 0.060000
v -2.419329 0.517581 0.060000
v -2.410352 0.533984 0.060000
v -2.399630 0.549398 0.060000
v -2.387362 0.563649 0.060000
v -2.373750 0.576562 0.060000
v -2.358992 0.587966 0.060000
v -2.343287 0.597685 0.060000
v -2.326836 0.605547 0.060000
v -2.309838 0.611377 0.060000
v -2.292493 0.615003 0.060000
v -2.275000 0.616250 0.060000
v -1.498750 0.616250 0.060000
v -1.481766 0.615003 0.060000
v -1.465903 0.611377 0.060000
v -1.451289 0.605547 0.060000
v -1.438055 0.597685 0.060000
v -1.426332 0.587966 0.060000
v -1.416250 0.576562 0.060000
v -1.407938 0.563649 0.060000
v -1.401528 0.549398 0.060000
v -1.397148 0.533984 0.060000
v -1.394930 0.517581 0.060000
v -1.395004 0.500362 0.060000
v -1.397500 0.482500 0.060000
v -1.567500 -0.090000 0.060000
v -1.998750 -0.090000 0.060000
v -1.950000 0.022500 0.060000
v -1.949504 0.024059 0.060000
v -1.949259 0.025596 0.060000
v -1.949258 0.027090 0.060000
v -1.949491 0.028519 0.060000
v -1.949949 0.029860 0.060000
v -1.950625 0.031094 0.060000
v -1.951509 0.032197 0.060000
v -1.952592 0.033148 0.060000
v -1.953867 0.033926 0.060000
v -1.955324 0.034508 0.060000
v -1.956954 0.034873 0.060000
v -1.958750 0.035000 0.060000
v -2.397500 0.035000 0.060000
v -2.414746 0.036247 0.060000
v -2.430781 0.039873 0.060000
v -2.445488 0.045703 0.060000
v -2.458750 0.053565 0.060000
v -2.470449 0.063284 0.060000
v -2.480469 0.074687 0.060000
v -2.488692 0.087601 0.060000
v -2.495000 0.101852 0.060000
v -2.499277 0.117266 0.060000
v -2.501406 0.133669 0.060000
v -2.501269 0.150888 0.060000
v -2.498750 0.168750 0.060000
v -2.493836 0.186325 0.060000
v -2.486736 0.203304 0.060000
v -2.477656 0.219512 0.060000
v -2.466805 0.234769 0.060000
v -2.454392 0.248897 0.060000
v -2.440625 0.261719 0.060000
v -2.425712 0.273056 0.060000
v -2.409861 0.282731 0.060000
v -2.393281 0.290566 0.060000
v -2.376180 0.296383 0.060000
v -2.358767 0.300004 0.060000
v -2.341250 0.301250 0.060000
v -1.586250 0.301250 0.060000
v -1.545247 0.297659 0.060000
v -1.513958 0.287731 0.060000
v -1.491211 0.272734 0.060000
v -1.475833 0.253935 0.060000
v -1.466653 0.232601 0.060000
v -1.462500 0.210000 0.060000
v -1.462200 0.187399 0.060000
v -1.464583 0.166065 0.060000
v -1.468476 0.147266 0.060000
v -1.472708 0.132269 0.060000
v -1.476107 0.122341 0.060000
v -1.477500 0.118750 0.060000
v 2.411032 0.218162 -0.060000
v 2.401800 0.195920 -0.060000
v 2.390059 0.174746 -0.060000
v 2.376065 0.154861 -0.060000
v 2.360075 0.136487 -0.060000
v 2.342344 0.119844 -0.060000
v 2.323129 0.105154 -0.060000
v 2.302685 0.092639 -0.060000
v 2.281270 0.082520 -0.060000
v 2.259138 0.075017 -0.060000
v 2.236546 0.070354 -0.060000
v 2.213750 0.068750 -0.060000
v 1.622500 0.068750 -0.060000
v 1.600654 0.070354 -0.060000
v 1.580231 0.075017 -0.060000
v 1.561406 0.082520 -0.060000
v 1.544352 0.092639 -0.060000
v 1.529242 0.105154 -0.060000
v 1.516250 0.119844 -0.060000
v 1.505550 0.136487 -0.060000
v 1.497315 0.154861 -0.060000
v 1.491719 0.174746 -0.060000
v 1.488935 0.195920 -0.060000
v 1.489138 0.218162 -0.060000
v 1.492500 0.241250 -0.060000
v 1.498968 0.264075 -0.060000
v 1.508200 0.286146 -0.060000
v 1.519942 0.307227 -0.060000
v 1.533935 0.327083 -0.060000
v 1.549926 0.345482 -0.060000
v 1.567656 0.362187 -0.060000
v 1.586871 0.376966 -0.060000
v 1.607315 0.389583 -0.060000
v 1.628731 0.399805 -0.060000
v 1.650862 0.407396 -0.060000
v 1.673454 0.412122 -0.060000
v 1.696250 0.413750 -0.060000
v 2.287500 0.413750 -0.060000
v 2.309346 0.412122 -0.060000
v 2.329768 0.407396 -0.060000
v 2.348594 0.399805 -0.060000
v 2.365648 0.389583 -0.060000
v 2.380758 0.376966 -0.060000
v 2.393750 0.362188 -0.060000
v 2.404450 0.345482 -0.060000
v 2.412685 0.327083 -0.060000
v 2.418281 0.307227 -0.060000
v 2.421065 0.286146 -0.060000
v 2.420862 0.264076 -0.060000
v 2.417500 0.241250 -0.060000
v 1.238888 0.415237 -0.060000
v 1.231933 0.398565 -0.060000
v 1.223086 0.382656 -0.060000
v 1.212546 0.367685 -0.060000
v 1.200514 0.353825 -0.060000
v 1.187188 0.341250 -0.060000
v 1.172768 0.330133 -0.060000
v 1.157454 0.320648 -0.060000
v 1.141446 0.312969 -0.060000
v 1.124942 0.307269 -0.060000
v 1.108144 0.303721 -0.060000
v 1.091250 0.302500 -0.060000
v 0.865000 0.302500 -0.060000
v 0.862866 0.302397 -0.060000
v 0.860845 0.302089 -0.060000
v 0.858945 0.301582 -0.060000
v 0.857176 0.300880 -0.060000
v 0.855545 0.299986 -0.060000
v 0.854063 0.298906 -0.060000
v 0.852736 0.297644 -0.060000
v 0.851574 0.296204 -0.060000
v 0.850586 0.294590 -0.060000
v 0.849780 0.292807 -0.060000
v 0.849165 0.290859 -0.060000
v 0.848750 0.288750 -0.060000
v 0.846250 0.266250 -0.060000
v 0.846090 0.264379 -0.060000
v 0.846221 0.262535 -0.060000
v 0.846621 0.260742 -0.060000
v 0.847269 0.259028 -0.060000
v 0.848142 0.257418 -0.060000
v 0.849219 0.255937 -0.060000
v 0.850478 0.254614 -0.060000
v 0.851898 0.253472 -0.060000
v 0.853457 0.252539 -0.060000
v 0.855133 0.251840 -0.060000
v 0.856905 0.251402 -0.060000
v 0.858750 0.251250 -0.060000
v 1.080000 0.251250 -0.060000
v 1.096385 0.250054 -0.060000
v 1.111701 0.246574 -0.060000
v 1.125820 0.240977 -0.060000
v 1.138611 0.233426 -0.060000
v 1.149944 0.224087 -0.060000
v 1.159688 0.213125 -0.060000
v 1.167713 0.200705 -0.060000
v 1.173889 0.186991 -0.060000
v 1.178086 0.172148 -0.060000
v 1.180174 0.156343 -0.060000
v 1.180022 0.139738 -0.060000
v 1.177500 0.122500 -0.060000
v 1.172661 0.105286 -0.060000
v 1.165770 0.088750 -0.060000
v 1.157012 0.073047 -0.060000
v 1.146574 0.058333 -0.060000
v 1.134644 0.044766 -0.060000
v 1.121406 0.032500 -0.060000
v 1.107049 0.021693 -0.060000
v 1.091759 0.012500 -0.060000
v 1.075723 0.005078 -0.060000
v 1.059126 -0.000417 -0.060000
v 1.042156 -0.003828 -0.060000
v 1.025000 -0.005000 -0.060000
v 0.828750 -0.005000 -0.060000
v 0.826616 -0.005128 -0.060000
v 0.824595 -0.005503 -0.060000
v 0.822695 -0.006113 -0.060000
v 0.820926 -0.006944 -0.060000
v 0.819295 -0.007984 -0.060000
v 0.817813 -0.009219 -0.060000
v 0.816486 -0.010636 -0.060000
v 0.815324 -0.012222 -0.060000
v 0.814336 -0.013965 -0.060000
v 0.813530 -0.015851 -0.060000
v 0.812915 -0.017867 -0.060000
v 0.812500 -0.020000 -0.060000
v 0.803750 -0.091250 -0.060000
v 0.415000 -0.091250 -0.060000
v 0.422500 -0.020000 -0.060000
v 0.422660 -0.018129 -0.060000
v 0.422529 -0.016285 -0.060000
v 0.422129 -0.014492 -0.060000
v 0.421482 -0.012778 -0.060000
v 0.420608 -0.011168 -0.060000
v 0.419531 -0.009687 -0.060000
v 0.418272 -0.008364 -0.060000
v 0.416852 -0.007222 -0.060000
v 0.415293 -0.006289 -0.060000
v 0.413617 -0.005590 -0.060000
v 0.411845 -0.005152 -0.060000
v 0.410000 -0.005000 -0.060000
v 0.162500 -0.005000 -0.060000
v 0.145853 -0.003828 -0.060000
v 0.130365 -0.000417 -0.060000
v 0.116152 0.005078 -0.060000
v 0.103333 0.012500 -0.060000
v 0.092025 0.021693 -0.060000
v 0.082344 0.032500 -0.060000
v 0.074408 0.044766 -0.060000
v 0.068333 0.058333 -0.060000
v 0.064238 0.073047 -0.060000
v 0.062240 0.088750 -0.060000
v 0.062455 0.105286 -0.060000
v 0.065000 0.122500 -0.060000
v 0.069576 0.139738 -0.060000
v 0.076296 0.156343 -0.060000
v 0.084961 0.172148 -0.060000
v 0.095370 0.186991 -0.060000
v 0.107325 0.200705 -0.060000
v 0.120625 0.213125 -0.060000
v 0.135071 0.224087 -0.060000
v 0.150463 0.233426 -0.060000
v 0.166602 0.240977 -0.060000
v 0.183287 0.246574 -0.060000
v 0.200320 0.250054 -0.060000
v 0.217500 0.251250 -0.060000
v 0.440000 0.251250 -0.060000
v 0.442134 0.251378 -0.060000
v 0.444155 0.251753 -0.060000
v 0.446055 0.252363 -0.060000
v 0.447824 0.253194 -0.060000
v 0.449455 0.254234 -0.060000
v 0.450938 0.255469 -0.060000
v 0.452264 0.256886 -0.060000
v 0.453426 0.258472 -0.060000
v 0.454414 0.260215 -0.060000
v 0.455220 0.262101 -0.060000
v 0.455835 0.264117 -0.060000
v 0.456250 0.266250 -0.060000
v 0.458750 0.288750 -0.060000
v 0.458910 0.290596 -0.060000
v 0.458779 0.292373 -0.060000
v 0.458379 0.294062 -0.060000
v 0.457732 0.295648 -0.060000
v 0.456858 0.297112 -0.060000
v 0.455781 0.298437 -0.060000
v 0.454522 0.299606 -0.060000
v 0.453102 0.300602 -0.060000
v 0.451543 0.301406 -0.060000
v 0.449867 0.302002 -0.060000
v 0.448095 0.302373 -0.060000
v 0.446250 0.302500 -0.060000
v 0.227500 0.302500 -0.060000
v 0.211116 0.303721 -0.060000
v 0.195799 0.307269 -0.060000
v 0.181680 0.312969 -0.060000
v 0.168889 0.320648 -0.060000
v 0.157557 0.330133 -0.060000
v 0.147813 0.341250 -0.060000
v 0.139787 0.353825 -0.060000
v 0.133611 0.367685 -0.060000
v 0.129414 0.382656 -0.060000
v 0.127326 0.398565 -0.060000
v 0.127478 0.415237 -0.060000
v 0.130000 0.432500 -0.060000
v 0.134863 0.449738 -0.060000
v 0.141817 0.466343 -0.060000
v 0.150664 0.482148 -0.060000
v 0.161204 0.496991 -0.060000
v 0.173237 0.510705 -0.060000
v 0.186563 0.523125 -0.060000
v 0.200982 0.534087 -0.060000
v 0.216296 0.543426 -0.060000
v 0.232305 0.550977 -0.060000
v 0.248808 0.556574 -0.060000
v 0.265606 0.560054 -0.060000
v 0.282500 0.561250 -0.060000
v 0.476250 0.561250 -0.060000
v 0.478384 0.561377 -0.060000
v 0.480405 0.561748 -0.060000
v 0.482305 0.562344 -0.060000
v 0.484074 0.563148 -0.060000
v 0.485705 0.564143 -0.060000
v 0.487188 0.565312 -0.060000
v 0.488514 0.566638 -0.060000
v 0.489676 0.568102 -0.060000
v 0.490664 0.569687 -0.060000
v 0.491470 0.571377 -0.060000
v 0.492085 0.573154 -0.060000
v 0.492500 0.575000 -0.060000
v 0.497500 0.616250 -0.060000
v 0.886250 0.616250 -0.060000
v 0.882500 0.575000 -0.060000
v 0.882340 0.573154 -0.060000
v 0.882471 0.571377 -0.060000
v 0.882871 0.569688 -0.060000
v 0.883519 0.568102 -0.060000
v 0.884392 0.566638 -0.060000
v 0.885469 0.565313 -0.060000
v 0.886728 0.564144 -0.060000
v 0.888148 0.563148 -0.060000
v 0.889707 0.562344 -0.060000
v 0.891383 0.561748 -0.060000
v 0.893155 0.561377 -0.060000
v 0.895000 0.561250 -0.060000
v 1.146250 0.561250 -0.060000
v 1.162635 0.560054 -0.060000
v 1.177951 0.556574 -0.060000
v 1.192070 0.550977 -0.060000
v 1.204861 0.543426 -0.060000
v 1.216194 0.534087 -0.060000
v 1.225938 0.523125 -0.060000
v 1.233963 0.510705 -0.060000
v 1.240139 0.496991 -0.060000
v 1.244336 0.482148 -0.060000
v 1.246424 0.466343 -0.060000
v 1.246272 0.449738 -0.060000
v 1.243750 0.432500 -0.060000
v -0.866250 0.140000 -0.060000
v -0.808750 0.405000 -0.060000
v -0.606250 0.405000 -0.060000
v -0.663750 0.140000 -0.060000
v -0.903750 0.140000 -0.060000
v -1.106250 0.140000 -0.060000
v -1.050000 0.405000 -0.060000
v -0.846250 0.405000 -0.060000
v -0.296250 0.075000 -0.060000
v -0.298335 0.071581 -0.060000
v -0.304705 0.062130 -0.060000
v -0.315527 0.047852 -0.060000
v -0.330972 0.029954 -0.060000
v -0.351209 0.009643 -0.060000
v -0.376406 -0.011875 -0.060000
v -0.406734 -0.033393 -0.060000
v -0.442361 -0.053704 -0.060000
v -0.483457 -0.071602 -0.060000
v -0.530191 -0.085880 -0.060000
v -0.582732 -0.095331 -0.060000
v -0.641250 -0.098750 -0.060000
v -0.703750 -0.098750 -0.060000
v -0.717691 -0.097708 -0.060000
v -0.730694 -0.094687 -0.060000
v -0.742656 -0.089844 -0.060000
v -0.753472 -0.083333 -0.060000
v -0.763038 -0.075312 -0.060000
v -0.771250 -0.065937 -0.060000
v -0.778003 -0.055365 -0.060000
v -0.783194 -0.043750 -0.060000
v -0.786719 -0.031250 -0.060000
v -0.788472 -0.018021 -0.060000
v -0.788351 -0.004219 -0.060000
v -0.786250 0.010000 -0.060000
v -0.782189 0.024769 -0.060000
v -0.776366 0.038981 -0.060000
v -0.768945 0.052500 -0.060000
v -0.760092 0.065185 -0.060000
v -0.749972 0.076898 -0.060000
v -0.738750 0.087500 -0.060000
v -0.726590 0.096852 -0.060000
v -0.713657 0.104815 -0.060000
v -0.700117 0.111250 -0.060000
v -0.686134 0.116019 -0.060000
v -0.671873 0.118981 -0.060000
v -0.657500 0.120000 -0.060000
v -0.641250 0.120000 -0.060000
v -0.639713 0.120054 -0.060000
v -0.638223 0.120220 -0.060000
v -0.636777 0.120508 -0.060000
v -0.635370 0.120926 -0.060000
v -0.633998 0.121483 -0.060000
v -0.632656 0.122187 -0.060000
v -0.631340 0.123048 -0.060000
v -0.630046 0.124074 -0.060000
v -0.628769 0.125273 -0.060000
v -0.627506 0.126655 -0.060000
v -0.626251 0.128228 -0.060000
v -0.625000 0.130000 -0.060000
v -0.478750 0.382500 -0.060000
v -0.261250 0.382500 -0.060000
v -0.231800 0.379991 -0.060000
v -0.209716 0.373055 -0.060000
v -0.194082 0.362578 -0.060000
v -0.183981 0.349444 -0.060000
v -0.178499 0.334540 -0.060000
v -0.176719 0.318750 -0.060000
v -0.177725 0.302960 -0.060000
v -0.180602 0.288056 -0.060000
v -0.184433 0.274922 -0.060000
v -0.188304 0.264444 -0.060000
v -0.191298 0.257509 -0.060000
v -0.192500 0.255000 -0.060000
v -1.402413 0.464925 -0.060000
v -1.409514 0.447946 -0.060000
v -1.418594 0.431738 -0.060000
v -1.429444 0.416481 -0.060000
v -1.441857 0.402353 -0.060000
v -1.455625 0.389531 -0.060000
v -1.470538 0.378194 -0.060000
v -1.486389 0.368519 -0.060000
v -1.502969 0.360684 -0.060000
v -1.520069 0.354867 -0.060000
v -1.537483 0.351246 -0.060000
v -1.555000 0.350000 -0.060000
v -2.331250 0.350000 -0.060000
v -2.348233 0.351246 -0.060000
v -2.364091 0.354867 -0.060000
v -2.378691 0.360684 -0.060000
v -2.391898 0.368519 -0.060000
v -2.403577 0.378194 -0.060000
v -2.413594 0.389531 -0.060000
v -2.421813 0.402353 -0.060000
v -2.428102 0.416481 -0.060000
v -2.432324 0.431738 -0.060000
v -2.434346 0.447946 -0.060000
v -2.434033 0.464925 -0.060000
v -2.431250 0.482500 -0.060000
v -2.426361 0.500362 -0.060000
v -2.419329 0.517581 -0.060000
v -2.410352 0.533984 -0.060000
v -2.399630 0.549398 -0.060000
v -2.387362 0.563649 -0.060000
v -2.373750 0.576562 -0.060000
v -2.358992 0.587966 -0.060000
v -2.343287 0.597685 -0.060000
v -2.326836 0.605547 -0.060000
v -2.309838 0.611377 -0.060000
v -2.292493 0.615003 -0.060000
v -2.275000 0.616250 -0.060000
v -1.498750 0.616250 -0.060000
v -1.481766 0.615003 -0.060000
v -1.465903 0.611377 -0.060000
v -1.451289 0.605547 -0.060000
v -1.438055 0.597685 -0.060000
v -1.426332 0.587966 -0.060000
v -1.416250 0.576562 -0.060000
v -1.407938 0.563649 -0.060000
v -1.401528 0.549398 -0.060000
v -1.397148 0.533984 -0.060000
v -1.394930 0.517581 -0.060000
v -1.395004 0.500362 -0.060000
v -1.397500 0.482500 -0.060000
v -1.567500 -0.090000 -0.060000
v -1.998750 -0.090000 -0.060000
v -1.950000 0.022500 -0.060000
v -1.949504 0.024059 -0.060000
v -1.949259 0.025596 -0.060000
v -1.949258 0.027090 -0.060000
v -1.949491 0.028519 -0.060000
v -1.949949 0.029860 -0.060000
v -1.950625 0.031094 -0.060000
v -1.951509 0.032197 -0.060000
v -1.952592 0.033148 -0.060000
v -1.953867 0.033926 -0.060000
v -1.955324 0.034508 -0.060000
v -1.956954 0.034873 -0.060000
v -1.958750 0.035000 -0.060000
v -2.397500 0.035000 -0.060000
v -2.414746 0.036247 -0.060000
v -2.430781 0.039873 -0.060000
v -2.445488 0.045703 -0.060000
v -2.458750 0.053565 -0.060000
v -2.470449 0.063284 -0.060000
v -2.480469 0.074687 -0.060000
v -2.488692 0.087601 -0.060000
v -2.495000 0.101852 -0.060000
v -2.499277 0.117266 -0.060000
v -2.501406 0.133669 -0.060000
v -2.501269 0.150888 -0.060000
v -2.498750 0.168750 -0.060000
v -2.493836 0.186325 -0.060000
v -2.486736 0.203304 -0.060000
v -2.477656 0.219512 -0.060000
v -2.466805 0.234769 -0.060000
v -2.454392 0.248897 -0.060000
v -2.440625 0.261719 -0.060000
v -2.425712 0.273056 -0.060000
v -2.409861 0.282731 -0.060000
v -2.393281 0.290566 -0.060000
v -2.376180 0.296383 -0.060000
v -2.358767 0.300004 -0.060000
v -2.341250 0.301250 -0.060000
v -1.586250 0.301250 -0.060000
v -1.545247 0.297659 -0.060000
v -1.513958 0.287731 -0.060000
v -1.491211 0.272734 -0.060000
v -1.475833 0.253935 -0.060000
v -1.466653 0.232601 -0.060000
v -1.462500 0.210000 -0.060000
v -1.462200 0.187399 -0.060000
v -1.464583 0.166065 -0.060000
v -1.468476 0.147266 -0.060000
v -1.472708 0.132269 -0.060000
v -1.476107 0.122341 -0.060000
v -1.477500 0.118750 -0.060000
v -1.567500 -0.090000 -0.060000
v -1.567500 -0.090000 0.060000
v -1.998750 -0.090000 -0.060000
v -1.998750 -0.090000 0.060000
v -1.950000 0.022500 -0.060000
v -1.950000 0.022500 0.060000
v -1.949504 0.024059 -0.060000
v -1.949504 0.024059 0.060000
v -1.949259 0.025596 -0.060000
v -1.949259 0.025596 0.060000
v -1.949258 0.027090 -0.060000
v -1.949258 0.027090 0.060000
v -1.949491 0.028519 -0.060000
v -1.949491 0.028519 0.060000
v -1.949949 0.029860 -0.060000
v -1.949949 0.029860 0.060000
v -1.950625 0.031094 -0.060000
v -1.950625 0.031094 0.060000
v -1.951509 0.032197 -0.060000
v -1.951509 0.032197 0.060000
v -1.952592 0.033148 -0.060000
v -1.952592 0.033148 0.060000
v -1.953867 0.033926 -0.060000
v -1.953867 0.033926 0.060000
v -1.955324 0.034508 -0.060000
v -1.955324 0.034508 0.060000
v -1.956954 0.034873 -0.060000
v -1.956954 0.034873 0.060000
v -1.958750 0.035000 -0.060000
v -1.958750 0.035000 0.060000
v -2.397500 0.035000 -0.060000
v -2.397500 0.035000 0.060000
v -2.414746 0.036247 -0.060000
v -2.414746 0.036247 0.060000
v -2.430781 0.039873 -0.060000
v -2.430781 0.039873 0.060000
v -2.445488 0.045703 -0.060000
v -2.445488 0.045703 0.060000
v -2.458750 0.053565 -0.060000
v -2.458750 0.053565 0.060000
v -2.470449 0.063284 -0.060000
v -2.470449 0.063284 0.060000
v -2.480469 0.074687 -0.060000
v -2.480469 0.074687 0.060000
v -2.488692 0.087601 -0.060000
v -2.488692 0.087601 0.060000
v -2.495000 0.101852 -0.060000
v -2.495000 0.101852 0.060000
v -2.499277 0.117266 -0.060000
v -2.499277 0.117266 0.060000
v -2.501406 0.133669 -0.060000
v -2.501406 0.133669 0.060000
v -2.501269 0.150888 -0.060000
v -2.501269 0.150888 0.060000
v -2.498750 0.168750 -0.060000
v -2.498750 0.168750 0.060000
v -2.493836 0.186325 -0.060000
v -2.493836 0.186325 0.060000
v -2.486736 0.203304 -0.060000
v -2.486736 0.203304 0.060000
v -2.477656 0.219512 -0.060000
v -2.477656 0.219512 0.060000
v -2.466805 0.234769 -0.060000
v -2.466805 0.234769 0.060000
v -2.454392 0.248897 -0.060000
v -2.454392 0.248897 0.060000
v -2.440625 0.261719 -0.060000
v -2.440625 0.261719 0.060000
v -2.425712 0.273056 -0.060000
v -2.425712 0.273056 0.060000
v -2.409861 0.282731 -0.060000
v -2.409861 0.282731 0.060000
v -2.393281 0.290566 -0.060000
v -2.393281 0.290566 0.060000
v -2.376180 0.296383 -0.060000
v -2.376180 0.296383 0.060000
v -2.358767 0.300004 -0.060000
v -2.358767 0.300004 0.060000
v -2.341250 0.301250 -0.060000
v -2.341250 0.301250 0.060000
v -1.586250 0.301250 -0.060000
v -1.586250 0.301250 0.060000
v -1.545247 0.297659 -0.060000
v -1.545247 0.297659 0.060000
v -1.513958 0.287731 -0.060000
v -1.513958 0.287731 0.060000
v -1.491211 0.272734 -0.060000
v -1.491211 0.272734 0.060000
v -1.475833 0.253935 -0.060000
v -1.475833 0.253935 0.060000
v -1.466653 0.232601 -0.060000
v -1.466653 0.232601 0.060000
v -1.462500 0.210000 -0.060000
v -1.462500 0.210000 0.060000
v -1.462200 0.187399 -0.060000
v -1.462200 0.187399 0.060000
v -1.464583 0.166065 -0.060000
v -1.464583 0.166065 0.060000
v -1.468476 0.147266 -0.060000
v -1.468476 0.147266 0.060000
v -1.472708 0.132269 -0.060000
v -1.472708 0.132269 0.060000
v -1.476107 0.122341 -0.060000
v -1.476107 0.122341 0.060000
v -1.477500 0.118750 -0.060000
v -1.477500 0.118750 0.060000
v -1.402413 0.464925 -0.060000
v -1.402413 0.464925 0.060000
v -1.409514 0.447946 -0.060000
v -1.409514 0.447946 0.060000
v -1.418594 0.431738 -0.060000
v -1.418594 0.431738 0.060000
v -1.429444 0.416481 -0.060000
v -1.429444 0.416481 0.060000
v -1.441857 0.402353 -0.060000
v -1.441857 0.402353 0.060000
v -1.455625 0.389531 -0.060000
v -1.455625 0.389531 0.060000
v -1.470538 0.378194 -0.060000
v -1.470538 0.378194 0.060000
v -1.486389 0.368519 -0.060000
v -1.486389 0.368519 0.060000
v -1.502969 0.360684 -0.060000
v -1.502969 0.360684 0.060000
v -1.520069 0.354867 -0.060000
v -1.520069 0.354867 0.060000
v -1.537483 0.351246 -0.060000
v -1.537483 0.351246 0.060000
v -1.555000 0.350000 -0.060000
v -1.555000 0.350000 0.060000
v -2.331250 0.350000 -0.060000
v -2.331250 0.350000 0.060000
v -2.348233 0.351246 -0.060000
v -2.348233 0.351246 0.060000
v -2.364091 0.354867 -0.060000
v -2.364091 0.354867 0.060000
v -2.378691 0.360684 -0.060000
v -2.378691 0.360684 0.060000
v -2.391898 0.368519 -0.060000
v -2.391898 0.368519 0.060000
v -2.403577 0.378194 -0.060000
v -2.403577 0.378194 0.060000
v -2.413594 0.389531 -0.060000
v -2.413594 0.389531 0.060000
v -2.421813 0.402353 -0.060000
v -2.421813 0.402353 0.060000
v -2.428102 0.416481 -0.060000
v -2.428102 0.416481 0.060000
v -2.432324 0.431738 -0.060000
v -2.432324 0.431738 0.060000
v -2.434346 0.447946 -0.060000
v -2.434346 0.447946 0.060000
v -2.434033 0.464925 -0.060000
v -2.434033 0.464925 0.060000
v -2.431250 0.482500 -0.060000
v -2.431250 0.482500 0.060000
v -2.426361 0.500362 -0.060000
v -2.426361 0.500362 0.060000
v -2.419329 0.517581 -0.060000
v -2.419329 0.517581 0.060000
v -2.410352 0.533984 -0.060000
v -2.410352 0.533984 0.060000
v -2.399630 0.549398 -0.060000
v -2.399630 0.549398 0.060000
v -2.387362 0.563649 -0.060000
v -2.387362 0.563649 0.060000
v -2.373750 0.576562 -0.060000
v -2.373750 0.576562 0.060000
v -2.358992 0.587966 -0.060000
v -2.358992 0.587966 0.060000
v -2.343287 0.597685 -0.060000
v -2.343287 0.597685 0.060000
v -2.326836 0.605547 -0.060000
v -2.326836 0.605547 0.060000
v -2.309838 0.611377 -0.060000
v -2.309838 0.611377 0.060000
v -2.292493 0.615003 -0.060000
v -2.292493 0.615003 0.060000
v -2.275000 0.616250 -0.060000
v -2.275000 0.616250 0.060000
v -1.498750 0.616250 -0.060000
v -1.498750 0.616250 0.060000
v -1.481766 0.615003 -0.060000
v -1.481766 0.615003 0.060000
v -1.465903 0.611377 -0.060000
v -1.465903 0.611377 0.060000
v -1.451289 0.605547 -0.060000
v -1.451289 0.605547 0.060000
v -1.438055 0.597685 -0.060000
v -1.438055 0.597685 0.060000
v -1.426332 0.587966 -0.060000
v -1.426332 0.587966 0.060000
v -1.416250 0.576562 -0.060000
v -1.416250 0.576562 0.060000
v -1.407938 0.563649 -0.060000
v -1.407938 0.563649 0.060000
v -1.401528 0.549398 -0.060000
v -1.401528 0.549398 0.060000
v -1.397148 0.533984 -0.060000
v -1.397148 0.533984 0.060000
v -1.394930 0.517581 -0.060000
v -1.394930 0.517581 0.060000
v -1.395004 0.500362 -0.060000
v -1.395004 0.500362 0.060000
v -1.397500 0.482500 -0.060000
v -1.397500 0.482500 0.060000
v -0.866250 0.140000 -0.060000
v -0.866250 0.140000 0.060000
v -0.808750 0.405000 -0.060000
v -0.808750 0.405000 0.060000
v -0.606250 0.405000 -0.060000
v -0.606250 0.405000 0.060000
v -0.663750 0.140000 -0.060000
v -0.663750 0.140000 0.060000
v -0.903750 0.140000 -0.060000
v -0.903750 0.140000 0.060000
v -1.106250 0.140000 -0.060000
v -1.106250 0.140000 0.060000
v -1.050000 0.405000 -0.060000
v -1.050000 0.405000 0.060000
v -0.846250 0.405000 -0.060000
v -0.846250 0.405000 0.060000
v -0.296250 0.075000 -0.060000
v -0.296250 0.075000 0.060000
v -0.298335 0.071581 -0.060000
v -0.298335 0.071581 0.060000
v -0.304705 0.062130 -0.060000
v -0.304705 0.062130 0.060000
v -0.315527 0.047852 -0.060000
v -0.315527 0.047852 0.060000
v -0.330972 0.029954 -0.060000
v -0.330972 0.029954 0.060000
v -0.351209 0.009643 -0.060000
v -0.351209 0.009643 0.060000
v -0.376406 -0.011875 -0.060000
v -0.376406 -0.011875 0.060000
v -0.406734 -0.033393 -0.060000
v -0.406734 -0.033393 0.060000
v -0.442361 -0.053704 -0.060000
v -0.442361 -0.053704 0.060000
v -0.483457 -0.071602 -0.060000
v -0.483457 -0.071602 0.060000
v -0.530191 -0.085880 -0.060000
v -0.530191 -0.085880 0.060000
v -0.582732 -0.095331 -0.060000
v -0.582732 -0.095331 0.060000
v -0.641250 -0.098750 -0.060000
v -0.641250 -0.098750 0.060000
v -0.703750 -0.098750 -0.060000
v -0.703750 -0.098750 0.060000
v -0.717691 -0.097708 -0.060000
v -0.717691 -0.097708 0.060000
v -0.730694 -0.094687 -0.060000
v -0.730694 -0.094687 0.060000
v -0.742656 -0.089844 -0.060000
v -0.742656 -0.089844 0.060000
v -0.753472 -0.083333 -0.060000
v -0.753472 -0.083333 0.060000
v -0.763038 -0.075312 -0.060000
v -0.763038 -0.075312 0.060000
v -0.771250 -0.065937 -0.060000
v -0.771250 -0.065937 0.060000
v -0.778003 -0.055365 -0.060000
v -0.778003 -0.055365 0.060000
v -0.783194 -0.043750 -0.060000
v -0.783194 -0.043750 0.060000
v -0.786719 -0.031250 -0.060000
v -0.786719 -0.031250 0.060000
v -0.788472 -0.018021 -0.060000
v -0.788472 -0.018021 0.060000
v -0.788351 -0.004219 -0.060000
v -0.788351 -0.004219 0.060000
v -0.786250 0.010000 -0.060000
v -0.786250 0.010000 0.060000
v -0.782189 0.024769 -0.060000
v -0.782189 0.024769 0.060000
v -0.776366 0.038981 -0.060000
v -0.776366 0.038981 0.060000
v -0.768945 0.052500 -0.060000
v -0.768945 0.052500 0.060000
v -0.760092 0.065185 -0.060000
v -0.760092 0.065185 0.060000
v -0.749972 0.076898 -0.060000
v -0.749972 0.076898 0.060000
v -0.738750 0.087500 -0.060000
v -0.738750 0.087500 0.060000
v -0.726590 0.096852 -0.060000
v -0.726590 0.096852 0.060000
v -0.713657 0.104815 -0.060000
v -0.713657 0.104815 0.060000
v -0.700117 0.111250 -0.060000
v -0.700117 0.111250 0.060000
v -0.686134 0.116019 -0.060000
v -0.686134 0.116019 0.060000
v -0.671873 0.118981 -0.060000
v -0.671873 0.118981 0.060000
v -0.657500 0.120000 -0.060000
v -0.657500 0.120000 0.060000
v -0.641250 0.120000 -0.060000
v -0.641250 0.120000 0.060000
v -0.639713 0.120054 -0.060000
v -0.639713 0.120054 0.060000
v -0.638223 0.120220 -0.060000
v -0.638223 0.120220 0.060000
v -0.636777 0.120508 -0.060000
v -0.636777 0.120508 0.060000
v -0.635370 0.120926 -0.060000
v -0.635370 0.120926 0.060000
v -0.633998 0.121483 -0.060000
v -0.633998 0.121483 0.060000
v -0.632656 0.122187 -0.060000
v -0.632656 0.122187 0.060000
v -0.631340 0.123048 -0.060000
v -0.631340 0.123048 0.060000
v -0.630046 0.124074 -0.060000
v -0.630046 0.124074 0.060000
v -0.628769 0.125273 -0.060000
v -0.628769 0.125273 0.060000
v -0.627506 0.126655 -0.060000
v -0.627506 0.126655 0.060000
v -0.626251 0.128228 -0.060000
v -0.626251 0.128228 0.060000
v -0.625000 0.130000 -0.060000
v -0.625000 0.130000 0.060000
v -0.478750 0.382500 -0.060000
v -0.478750 0.382500 0.060000
v -0.261250 0.382500 -0.060000
v -0.261250 0.382500 0.060000
v -0.231800 0.379991 -0.060000
v -0.231800 0.379991 0.060000
v -0.209716 0.373055 -0.060000
v -0.209716 0.373055 0.060000
v -0.194082 0.362578 -0.060000
v -0.194082 0.362578 0.060000
v -0.183981 0.349444 -0.060000
v -0.183981 0.349444 0.060000
v -0.178499 0.334540 -0.060000
v -0.178499 0.334540 0.060000
v -0.176719 0.318750 -0.060000
v -0.176719 0.318750 0.060000
v -0.177725 0.302960 -0.060000
v -0.177725 0.302960 0.060000
v -0.180602 0.288056 -0.060000
v -0.180602 0.288056 0.060000
v -0.184433 0.274922 -0.060000
v -0.184433 0.274922 0.060000
v -0.188304 0.264444 -0.060000
v -0.188304 0.264444 0.060000
v -0.191298 0.257509 -0.060000
v -0.191298 0.257509 0.060000
v -0.192500 0.255000 -0.060000
v -0.192500 0.255000 0.060000
v 1.238888 0.415237 -0.060000
v 1.238888 0.415237 0.060000
v 1.231933 0.398565 -0.060000
v 1.231933 0.398565 0.060000
v 1.223086 0.382656 -0.060000
v 1.223086 0.382656 0.060000
v 1.212546 0.367685 -0.060000
v 1.212546 0.367685 0.060000
v 1.200514 0.353825 -0.060000
v 1.200514 0.353825 0.060000
v 1.187188 0.341250 -0.060000
v 1.187188 0.341250 0.060000
v 1.172768 0.330133 -0.060000
v 1.172768 0.330133 0.060000
v 1.157454 0.320648 -0.060000
v 1.157454 0.320648 0.060000
v 1.141446 0.312969 -0.060000
v 1.141446 0.312969 0.060000
v 1.124942 0.307269 -0.060000
v 1.124942 0.307269 0.060000
v 1.108144 0.303721 -0.060000
v 1.108144 0.303721 0.060000
v 1.091250 0.302500 -0.060000
v 1.091250 0.302500 0.060000
v 0.865000 0.302500 -0.060000
v 0.865000 0.302500 0.060000
v 0.862866 0.302397 -0.060000
v 0.862866 0.302397 0.060000
v 0.860845 0.302089 -0.060000
v 0.860845 0.302089 0.060000
v 0.858945 0.301582 -0.060000
v 0.858945 0.301582 0.060000
v 0.857176 0.300880 -0.060000
v 0.857176 0.300880 0.060000
v 0.855545 0.299986 -0.060000
v 0.855545 0.299986 0.060000
v 0.854063 0.298906 -0.060000
v 0.854063 0.298906 0.060000
v 0.852736 0.297644 -0.060000
v 0.852736 0.297644 0.060000
v 0.851574 0.296204 -0.060000
v 0.851574 0.296204 0.060000
v 0.850586 0.294590 -0.060000
v 0.850586 0.294590 0.060000
v 0.849780 0.292807 -0.060000
v 0.849780 0.292807 0.060000
v 0.849165 0.290859 -0.060000
v 0.849165 0.290859 0.060000
v 0.848750 0.288750 -0.060000
v 0.848750 0.288750 0.060000
v 0.846250 0.266250 -0.060000
v 0.846250 0.266250 0.060000
v 0.846090 0.264379 -0.060000
v 0.846090 0.264379 0.060000
v 0.846221 0.262535 -0.060000
v 0.846221 0.262535 0.060000
v 0.846621 0.260742 -0.060000
v 0.846621 0.260742 0.060000
v 0.847269 0.259028 -0.060000
v 0.847269 0.259028 0.060000
v 0.848142 0.257418 -0.060000
v 0.848142 0.257418 0.060000
v 0.849219 0.255937 -0.060000
v 0.849219 0.255937 0.060000
v 0.850478 0.254614 -0.060000
v 0.850478 0.254614 0.060000
v 0.851898 0.253472 -0.060000
v 0.851898 0.253472 0.060000
v 0.853457 0.252539 -0.060000
v 0.853457 0.252539 0.060000
v 0.855133 0.251840 -0.060000
v 0.855133 0.251840 0.060000
v 0.856905 0.251402 -0.060000
v 0.856905 0.251402 0.060000
v 0.858750 0.251250 -0.060000
v 0.858750 0.251250 0.060000
v 1.080000 0.251250 -0.060000
v 1.080000 0.251250 0.060000
v 1.096385 0.250054 -0.060000
v 1.096385 0.250054 0.060000
v 1.111701 0.246574 -0.060000
v 1.111701 0.246574 0.060000
v 1.125820 0.240977 -0.060000
v 1.125820 0.240977 0.060000
v 1.138611 0.233426 -0.060000
v 1.138611 0.233426 0.060000
v 1.149944 0.224087 -0.060000
v 1.149944 0.224087 0.060000
v 1.159688 0.213125 -0.060000
v 1.159688 0.213125 0.060000
v 1.167713 0.200705 -0.060000
v 1.167713 0.200705 0.060000
v 1.173889 0.186991 -0.060000
v 1.173889 0.186991 0.060000
v 1.178086 0.172148 -0.060000
v 1.178086 0.172148 0.060000
v 1.180174 0.156343 -0.060000
v 1.180174 0.156343 0.060000
v 1.180022 0.139738 -0.060000
v 1.180022 0.139738 0.060000
v 1.177500 0.122500 -0.060000
v 1.177500 0.122500 0.060000
v 1.172661 0.105286 -0.060000
v 1.172661 0.105286 0.060000
v 1.165770 0.088750 -0.060000
v 1.165770 0.088750 0.060000
v 1.157012 0.073047 -0.060000
v 1.157012 0.073047 0.060000
v 1.146574 0.058333 -0.060000
v 1.146574 0.058333 0.060000
v 1.134644 0.044766 -0.060000
v 1.134644 0.044766 0.060000
v 1.121406 0.032500 -0.060000
v 1.121406 0.032500 0.060000
v 1.107049 0.021693 -0.060000
v 1.107049 0.021693 0.060000
v 1.091759 0.012500 -0.060000
v 1.091759 0.012500 0.060000
v 1.075723 0.005078 -0.060000
v 1.075723 0.005078 0.060000
v 1.059126 -0.000417 -0.060000
v 1.059126 -0.000417 0.060000
v 1.042156 -0.003828 -0.060000
v 1.042156 -0.003828 0.060000
v 1.025000 -0.005000 -0.060000
v 1.025000 -0.005000 0.060000
v 0.828750 -0.005000 -0.060000
v 0.828750 -0.005000 0.060000
v 0.826616 -0.005128 -0.060000
v 0.826616 -0.005128 0.060000
v 0.824595 -0.005503 -0.060000
v 0.824595 -0.005503 0.060000
v 0.822695 -0.006113 -0.060000
v 0.822695 -0.006113 0.060000
v 0.820926 -0.006944 -0.060000
v 0.820926 -0.006944 0.060000
v 0.819295 -0.007984 -0.060000
v 0.819295 -0.007984 0.060000
v 0.817813 -0.009219 -0.060000
v 0.817813 -0.009219 0.060000
v 0.816486 -0.010636 -0.060000
v 0.816486 -0.010636 0.060000
v 0.815324 -0.012222 -0.060000
v 0.815324 -0.012222 0.060000
v 0.814336 -0.013965 -0.060000
v 0.814336 -0.013965 0.060000
v 0.813530 -0.015851 -0.060000
v 0.813530 -0.015851 0.060000
v 0.812915 -0.017867 -0.060000
v 0.812915 -0.017867 0.060000
v 0.812500 -0.020000 -0.060000
v 0.812500 -0.020000 0.060000
v 0.803750 -0.091250 -0.060000
v 0.803750 -0.091250 0.060000
v 0.415000 -0.091250 -0.060000
v 0.415000 -0.091250 0.060000
v 0.422500 -0.020000 -0.060000
v 0.422500 -0.020000 0.060000
v 0.422660 -0.018129 -0.060000
v 0.422660 -0.018129 0.060000
v 0.422529 -0.016285 -0.060000
v 0.422529 -0.016285 0.060000
v 0.422129 -0.014492 -0.060000
v 0.422129 -0.014492 0.060000
v 0.421482 -0.012778 -0.060000
v 0.421482 -0.012778 0.060000
v 0.420608 -0.011168 -0.060000
v 0.420608 -0.011168 0.060000
v 0.419531 -0.009687 -0.060000
v 0.419531 -0.009688 0.060000
v 0.418272 -0.008364 -0.060000
v 0.418272 -0.008364 0.060000
v 0.416852 -0.007222 -0.060000
v 0.416852 -0.007222 0.060000
v 0.415293 -0.006289 -0.060000
v 0.415293 -0.006289 0.060000
v 0.413617 -0.005590 -0.060000
v 0.413617 -0.005590 0.060000
v 0.411845 -0.005152 -0.060000
v 0.411845 -0.005152 0.060000
v 0.410000 -0.005000 -0.060000
v 0.410000 -0.005000 0.060000
v 0.162500 -0.005000 -0.060000
v 0.162500 -0.005000 0.060000
v 0.145853 -0.003828 -0.060000
v 0.145853 -0.003828 0.060000
v 0.130365 -0.000417 -0.060000
v 0.130365 -0.000417 0.060000
v 0.116152 0.005078 -0.060000
v 0.116152 0.005078 0.060000
v 0.103333 0.012500 -0.060000
v 0.103333 0.012500 0.060000
v 0.092025 0.021693 -0.060000
v 0.092025 0.021693 0.060000
v 0.082344 0.032500 -0.060000
v 0.082344 0.032500 0.060000
v 0.074408 0.044766 -0.060000
v 0.074408 0.044766 0.060000
v 0.068333 0.058333 -0.060000
v 0.068333 0.058333 0.060000
v 0.064238 0.073047 -0.060000
v 0.064238 0.073047 0.060000
v 0.062240 0.088750 -0.060000
v 0.062240 0.088750 0.060000
v 0.062455 0.105286 -0.060000
v 0.062455 0.105286 0.060000
v 0.065000 0.122500 -0.060000
v 0.065000 0.122500 0.060000
v 0.069576 0.139738 -0.060000
v 0.069576 0.139738 0.060000
v 0.076296 0.156343 -0.060000
v 0.076296 0.156343 0.060000
v 0.084961 0.172148 -0.060000
v 0.084961 0.172148 0.060000
v 0.095370 0.186991 -0.060000
v 0.095370 0.186991 0.060000
v 0.107325 0.200705 -0.060000
v 0.107325 0.200705 0.060000
v 0.120625 0.213125 -0.060000
v 0.120625 0.213125 0.060000
v 0.135071 0.224087 -0.060000
v 0.135071 0.224087 0.060000
v 0.150463 0.233426 -0.060000
v 0.150463 0.233426 0.060000
v 0.166602 0.240977 -0.060000
v 0.166602 0.240977 0.060000
v 0.183287 0.246574 -0.060000
v 0.183287 0.246574 0.060000
v 0.200320 0.250054 -0.060000
v 0.200320 0.250054 0.060000
v 0.217500 0.251250 -0.060000
v 0.217500 0.251250 0.060000
v 0.440000 0.251250 -0.060000
v 0.440000 0.251250 0.060000
v 0.442134 0.251378 -0.060000
v 0.442134 0.251378 0.060000
v 0.444155 0.251753 -0.060000
v 0.444155 0.251753 0.060000
v 0.446055 0.252363 -0.060000
v 0.446055 0.252363 0.060000
v 0.447824 0.253194 -0.060000
v 0.447824 0.253194 0.060000
v 0.449455 0.254234 -0.060000
v 0.449455 0.254234 0.060000
v 0.450938 0.255469 -0.060000
v 0.450938 0.255469 0.060000
v 0.452264 0.256886 -0.060000
v 0.452264 0.256886 0.060000
v 0.453426 0.258472 -0.060000
v 0.453426 0.258472 0.060000
v 0.454414 0.260215 -0.060000
v 0.454414 0.260215 0.060000
v 0.455220 0.262101 -0.060000
v 0.455220 0.262101 0.060000
v 0.455835 0.264117 -0.060000
v 0.455835 0.264117 0.060000
v 0.456250 0.266250 -0.060000
v 0.456250 0.266250 0.060000
v 0.458750 0.288750 -0.060000
v 0.458750 0.288750 0.060000
v 0.458910 0.290596 -0.060000
v 0.458910 0.290596 0.060000
v 0.458779 0.292373 -0.060000
v 0.458779 0.292373 0.060000
v 0.458379 0.294062 -0.060000
v 0.458379 0.294062 0.060000
v 0.457732 0.295648 -0.060000
v 0.457732 0.295648 0.060000
v 0.456858 0.297112 -0.060000
v 0.456858 0.297112 0.060000
v 0.455781 0.298437 -0.060000
v 0.455781 0.298437 0.060000
v 0.454522 0.299606 -0.060000
v 0.454522 0.299606 0.060000
v 0.453102 0.300602 -0.060000
v 0.453102 0.300602 0.060000
v 0.451543 0.301406 -0.060000
v 0.451543 0.301406 0.060000
v 0.449867 0.302002 -0.060000
v 0.449867 0.302002 0.060000
v 0.448095 0.302373 -0.060000
v 0.448095 0.302373 0.060000
v 0.446250 0.302500 -0.060000
v 0.446250 0.302500 0.060000
v 0.227500 0.302500 -0.060000
v 0.227500 0.302500 0.060000
v 0.211116 0.303721 -0.060000
v 0.211116 0.303721 0.060000
v 0.195799 0.307269 -0.060000
v 0.195799 0.307269 0.060000
v 0.181680 0.312969 -0.060000
v 0.181680 0.312969 0.060000
v 0.168889 0.320648 -0.060000
v 0.168889 0.320648 0.060000
v 0.157557 0.330133 -0.060000
v 0.157557 0.330133 0.060000
v 0.147813 0.341250 -0.060000
v 0.147813 0.341250 0.060000
v 0.139787 0.353825 -0.060000
v 0.139787 0.353825 0.060000
v 0.133611 0.367685 -0.060000
v 0.133611 0.367685 0.060000
v 0.129414 0.382656 -0.060000
v 0.129414 0.382656 0.060000
v 0.127326 0.398565 -0.060000
v 0.127326 0.398565 0.060000
v 0.127478 0.415237 -0.060000
v 0.127478 0.415237 0.060000
v 0.130000 0.432500 -0.060000
v 0.130000 0.432500 0.060000
v 0.134863 0.449738 -0.060000
v 0.134863 0.449738 0.060000
v 0.141817 0.466343 -0.060000
v 0.141817 0.466343 0.060000
v 0.150664 0.482148 -0.060000
v 0.150664 0.482148 0.060000
v 0.161204 0.496991 -0.060000
v 0.161204 0.496991 0.060000
v 0.173237 0.510705 -0.060000
v 0.173237 0.510705 0.060000
v 0.186563 0.523125 -0.060000
v 0.186563 0.523125 0.060000
v 0.200982 0.534087 -0.060000
v 0.200982 0.534087 0.060000
v 0.216296 0.543426 -0.060000
v 0.216296 0.543426 0.060000
v 0.232305 0.550977 -0.060000
v 0.232305 0.550977 0.060000
v 0.248808 0.556574 -0.060000
v 0.248808 0.556574 0.060000
v 0.265606 0.560054 -0.060000
v 0.265606 0.560054 0.060000
v 0.282500 0.561250 -0.060000
v 0.282500 0.561250 0.060000
v 0.476250 0.561250 -0.060000
v 0.476250 0.561250 0.060000
v 0.478384 0.561377 -0.060000
v 0.478384 0.561377 0.060000
v 0.480405 0.561748 -0.060000
v 0.480405 0.561748 0.060000
v 0.482305 0.562344 -0.060000
v 0.482305 0.562344 0.060000
v 0.484074 0.563148 -0.060000
v 0.484074 0.563148 0.060000
v 0.485705 0.564143 -0.060000
v 0.485705 0.564143 0.060000
v 0.487188 0.565312 -0.060000
v 0.487188 0.565312 0.060000
v 0.488514 0.566638 -0.060000
v 0.488514 0.566638 0.060000
v 0.489676 0.568102 -0.060000
v 0.489676 0.568102 0.060000
v 0.490664 0.569687 -0.060000
v 0.490664 0.569687 0.060000
v 0.491470 0.571377 -0.060000
v 0.491470 0.571377 0.060000
v 0.492085 0.573154 -0.060000
v 0.492085 0.573154 0.060000
v 0.492500 0.575000 -0.060000
v 0.492500 0.575000 0.060000
v 0.497500 0.616250 -0.060000
v 0.497500 0.616250 0.060000
v 0.886250 0.616250 -0.060000
v 0.886250 0.616250 0.060000
v 0.882500 0.575000 -0.060000
v 0.882500 0.575000 0.060000
v 0.882340 0.573154 -0.060000
v 0.882340 0.573154 0.060000
v 0.882471 0.571377 -0.060000
v 0.882471 0.571377 0.060000
v 0.882871 0.569688 -0.060000
v 0.882871 0.569688 0.060000
v 0.883519 0.568102 -0.060000
v 0.883519 0.568102 0.060000
v 0.884392 0.566638 -0.060000
v 0.884392 0.566638 0.060000
v 0.885469 0.565313 -0.060000
v 0.885469 0.565313 0.060000
v 0.886728 0.564144 -0.060000
v 0.886728 0.564144 0.060000
v 0.888148 0.563148 -0.060000
v 0.888148 0.563148 0.060000
v 0.889707 0.562344 -0.060000
v 0.889707 0.562344 0.060000
v 0.891383 0.561748 -0.060000
v 0.891383 0.561748 0.060000
v 0.893155 0.561377 -0.060000
v 0.893155 0.561377 0.060000
v 0.895000 0.561250 -0.060000
v 0.895000 0.561250 0.060000
v 1.146250 0.561250 -0.060000
v 1.146250 0.561250 0.060000
v 1.162635 0.560054 -0.060000
v 1.162635 0.560054 0.060000
v 1.177951 0.556574 -0.060000
v 1.177951 0.556574 0.060000
v 1.192070 0.550977 -0.060000
v 1.192070 0.550977 0.060000
v 1.204861 0.543426 -0.060000
v 1.204861 0.543426 0.060000
v 1.216194 0.534087 -0.060000
v 1.216194 0.534087 0.060000
v 1.225938 0.523125 -0.060000
v 1.225938 0.523125 0.060000
v 1.233963 0.510705 -0.060000
v 1.233963 0.510705 0.060000
v 1.240139 0.496991 -0.060000
v 1.240139 0.496991 0.060000
v 1.244336 0.482148 -0.060000
v 1.244336 0.482148 0.060000
v 1.246424 0.466343 -0.060000
v 1.246424 0.466343 0.060000
v 1.246272 0.449738 -0.060000
v 1.246272 0.449738 0.060000
v 1.243750 0.432500 -0.060000
v 1.243750 0.432500 0.060000
v 2.411032 0.218162 -0.060000
v 2.411032 0.218162 0.060000
v 2.401800 0.195920 -0.060000
v 2.401800 0.195920 0.060000
v 2.390059 0.174746 -0.060000
v 2.390059 0.174746 0.060000
v 2.376065 0.154861 -0.060000
v 2.376065 0.154861 0.060000
v 2.360075 0.136487 -0.060000
v 2.360075 0.136487 0.060000
v 2.342344 0.119844 -0.060000
v 2.342344 0.119844 0.060000
v 2.323129 0.105154 -0.060000
v 2.323129 0.105154 0.060000
v 2.302685 0.092639 -0.060000
v 2.302685 0.092639 0.060000
v 2.281270 0.082520 -0.060000
v 2.281270 0.082520 0.060000
v 2.259138 0.075017 -0.060000
v 2.259138 0.075017 0.060000
v 2.236546 0.070354 -0.060000
v 2.236546 0.070354 0.060000
v 2.213750 0.068750 -0.060000
v 2.213750 0.068750 0.060000
v 1.622500 0.068750 -0.060000
v 1.622500 0.068750 0.060000
v 1.600654 0.070354 -0.060000
v 1.600654 0.070354 0.060000
v 1.580231 0.075017 -0.060000
v 1.580231 0.075017 0.060000
v 1.561406 0.082520 -0.060000
v 1.561406 0.082520 0.060000
v 1.544352 0.092639 -0.060000
v 1.544352 0.092639 0.060000
v 1.529242 0.105154 -0.060000
v 1.529242 0.105154 0.060000
v 1.516250 0.119844 -0.060000
v 1.516250 0.119844 0.060000
v 1.505550 0.136487 -0.060000
v 1.505550 0.136487 0.060000
v 1.497315 0.154861 -0.060000
v 1.497315 0.154861 0.060000
v 1.491719 0.174746 -0.060000
v 1.491719 0.174746 0.060000
v 1.488935 0.195920 -0.060000
v 1.488935 0.195920 0.060000
v 1.489138 0.218162 -0.060000
v 1.489138 0.218162 0.060000
v 1.492500 0.241250 -0.060000
v 1.492500 0.241250 0.060000
v 1.498968 0.264075 -0.060000
v 1.498968 0.264075 0.060000
v 1.508200 0.286146 -0.060000
v 1.508200 0.286146 0.060000
v 1.519942 0.307227 -0.060000
v 1.519942 0.307227 0.060000
v 1.533935 0.327083 -0.060000
v 1.533935 0.327083 0.060000
v 1.549926 0.345482 -0.060000
v 1.549926 0.345482 0.060000
v 1.567656 0.362187 -0.060000
v 1.567656 0.362187 0.060000
v 1.586871 0.376966 -0.060000
v 1.586871 0.376966 0.060000
v 1.607315 0.389583 -0.060000
v 1.607315 0.389583 0.060000
v 1.628731 0.399805 -0.060000
v 1.628731 0.399805 0.060000
v 1.650862 0.407396 -0.060000
v 1.650862 0.407396 0.060000
v 1.673454 0.412122 -0.060000
v 1.673454 0.412122 0.060000
v 1.696250 0.413750 -0.060000
v 1.696250 0.413750 0.060000
v 2.287500 0.413750 -0.060000
v 2.287500 0.413750 0.060000
v 2.309346 0.412122 -0.060000
v 2.309346 0.412122 0.060000
v 2.329768 0.407396 -0.060000
v 2.329768 0.407396 0.060000
v 2.348594 0.399805 -0.060000
v 2.348594 0.399805 0.060000
v 2.365648 0.389583 -0.060000
v 2.365648 0.389583 0.060000
v 2.380758 0.376966 -0.060000
v 2.380758 0.376966 0.060000
v 2.393750 0.362188 -0.060000
v 2.393750 0.362188 0.060000
v 2.404450 0.345482 -0.060000
v 2.404450 0.345482 0.060000
v 2.412685 0.327083 -0.060000
v 2.412685 0.327083 0.060000
v 2.418281 0.307227 -0.060000
v 2.418281 0.307227 0.060000
v 2.421065 0.286146 -0.060000
v 2.421065 0.286146 0.060000
v 2.420862 0.264076 -0.060000
v 2.420862 0.264076 0.060000
v 2.417500 0.241250 -0.060000
v 2.417500 0.241250 0.060000
vn -0.0000 -0.0000 1.0000
vn -0.0000 -0.0000 -1.0000
vn -0.8360 -0.5488 -0.0000
vn 0.5496 -0.8354 -0.0000
vn -0.9364 0.3509 -0.0000
vn -0.9730 0.2308 -0.0000
vn -0.9969 0.0792 -0.0000
vn -0.9730 0.2309 -0.0000
vn -0.9968 -0.0802 -0.0000
vn -0.9968 0.0793 -0.0000
vn -0.9700 -0.2431 -0.0000
vn -0.9150 -0.4035 -0.0000
vn -0.9700 -0.2430 -0.0000
vn -0.8319 -0.5549 -0.0000
vn -0.9150 -0.4034 -0.0000
vn -0.7229 -0.6910 -0.0000
vn -0.8318 -0.5551 -0.0000
vn -0.5925 -0.8056 -0.0000
vn -0.7228 -0.6911 -0.0000
vn -0.4476 -0.8943 -0.0000
vn -0.2959 -0.9552 -0.0000
vn -0.4475 -0.8943 -0.0000
vn -0.1449 -0.9894 -0.0000
vn -0.2958 -0.9553 -0.0000
vn -0.0352 -0.9994 -0.0000
vn -0.0361 -0.9993 -0.0000
vn -0.1467 -0.9892 -0.0000
vn -0.2954 -0.9554 -0.0000
vn -0.4406 -0.8977 -0.0000
vn -0.5763 -0.8173 -0.0000
vn -0.6973 -0.7168 -0.0000
vn -0.7997 -0.6003 -0.0000
vn -0.6972 -0.7168 -0.0000
vn -0.8815 -0.4723 -0.0000
vn -0.7997 -0.6004 -0.0000
vn -0.9415 -0.3370 -0.0000
vn -0.9801 -0.1985 -0.0000
vn -0.9982 -0.0605 -0.0000
vn -0.9973 0.0740 -0.0000
vn -0.9788 0.2049 -0.0000
vn -0.9446 0.3282 -0.0000
vn -0.8990 0.4380 -0.0000
vn -0.9446 0.3281 -0.0000
vn -0.8449 0.5349 -0.0000
vn -0.7841 0.6206 -0.0000
vn -0.7173 0.6968 -0.0000
vn -0.6442 0.7649 -0.0000
vn -0.5638 0.8259 -0.0000
vn -0.4748 0.8801 -0.0000
vn -0.3752 0.9269 -0.0000
vn -0.2633 0.9647 -0.0000
vn -0.1376 0.9905 -0.0000
vn -0.0355 0.9994 -0.0000
vn 0.0437 0.9990 -0.0000
vn 0.1960 0.9806 -0.0000
vn 0.4305 0.9026 -0.0000
vn 0.6699 0.7425 -0.0000
vn 0.8546 0.5193 -0.0000
vn 0.9571 0.2898 -0.0000
vn 0.9953 0.0973 -0.0000
vn 0.9988 -0.0490 -0.0000
vn 0.9952 0.0974 -0.0000
vn 0.9876 -0.1571 -0.0000
vn 0.9714 -0.2373 -0.0000
vn 0.9546 -0.2978 -0.0000
vn 0.9394 -0.3429 -0.0000
vn 0.9254 -0.3789 -0.0000
vn 0.9394 -0.3428 -0.0000
vn 0.9255 -0.3789 -0.0000
vn 0.8990 -0.4380 -0.0000
vn 0.9446 -0.3282 -0.0000
vn 0.8449 -0.5349 -0.0000
vn 0.7841 -0.6206 -0.0000
vn 0.7173 -0.6968 -0.0000
vn 0.6442 -0.7649 -0.0000
vn 0.5638 -0.8259 -0.0000
vn 0.4748 -0.8801 -0.0000
vn 0.3752 -0.9269 -0.0000
vn 0.2633 -0.9647 -0.0000
vn 0.1376 -0.9905 -0.0000
vn 0.0355 -0.9994 -0.0000
vn -0.0366 -0.9993 -0.0000
vn -0.1483 -0.9889 -0.0000
vn -0.2972 -0.9548 -0.0000
vn -0.4415 -0.8973 -0.0000
vn -0.5758 -0.8176 -0.0000
vn -0.6958 -0.7183 -0.0000
vn -0.5759 -0.8176 -0.0000
vn -0.7980 -0.6027 -0.0000
vn -0.6958 -0.7182 -0.0000
vn -0.8802 -0.4745 -0.0000
vn -0.9413 -0.3376 -0.0000
vn -0.8803 -0.4745 -0.0000
vn -0.9806 -0.1958 -0.0000
vn -0.9986 -0.0528 -0.0000
vn -0.9962 0.0876 -0.0000
vn -0.9776 0.2105 -0.0000
vn -0.9469 0.3216 -0.0000
vn -0.9029 0.4298 -0.0000
vn -0.8503 0.5263 -0.0000
vn -0.7905 0.6125 -0.0000
vn -0.7240 0.6898 -0.0000
vn -0.7904 0.6125 -0.0000
vn -0.6507 0.7594 -0.0000
vn -0.5696 0.8219 -0.0000
vn -0.4794 0.8776 -0.0000
vn -0.3784 0.9256 -0.0000
vn -0.2650 0.9642 -0.0000
vn -0.1382 0.9904 -0.0000
vn -0.0356 0.9994 -0.0000
vn 0.0366 0.9993 -0.0000
vn 0.1484 0.9889 -0.0000
vn 0.2976 0.9547 -0.0000
vn 0.4420 0.8970 -0.0000
vn 0.5763 0.8173 -0.0000
vn 0.6958 0.7183 -0.0000
vn 0.7973 0.6035 -0.0000
vn 0.8789 0.4771 -0.0000
vn 0.7973 0.6036 -0.0000
vn 0.9395 0.3427 -0.0000
vn 0.9789 0.2042 -0.0000
vn 0.9394 0.3427 -0.0000
vn 0.9979 0.0650 -0.0000
vn 0.9974 -0.0715 -0.0000
vn 0.9789 -0.2043 -0.0000
vn -0.6277 0.7785 -0.0000
vn -0.7785 -0.6277 -0.0000
vn 0.7785 0.6277 -0.0000
vn 0.6277 -0.7785 -0.0000
vn -0.7771 -0.6294 -0.0000
vn -0.6294 0.7771 -0.0000
vn -0.7770 -0.6295 -0.0000
vn 0.8417 -0.5400 -0.0000
vn 0.8601 -0.5101 -0.0000
vn 0.8134 -0.5817 -0.0000
vn 0.8417 -0.5399 -0.0000
vn 0.7774 -0.6290 -0.0000
vn 0.7332 -0.6800 -0.0000
vn 0.6794 -0.7337 -0.0000
vn 0.6146 -0.7888 -0.0000
vn 0.5376 -0.8432 -0.0000
vn 0.4479 -0.8941 -0.0000
vn 0.3463 -0.9381 -0.0000
vn 0.2350 -0.9720 -0.0000
vn 0.1179 -0.9930 -0.0000
vn 0.0292 -0.9996 -0.0000
vn -0.0373 -0.9993 -0.0000
vn -0.1508 -0.9886 -0.0000
vn -0.3017 -0.9534 -0.0000
vn -0.4469 -0.8946 -0.0000
vn -0.5809 -0.8140 -0.0000
vn -0.6994 -0.7147 -0.0000
vn -0.7998 -0.6003 -0.0000
vn -0.9402 -0.3406 -0.0000
vn -0.9794 -0.2019 -0.0000
vn -0.9981 -0.0615 -0.0000
vn -0.9970 0.0777 -0.0000
vn -0.9981 -0.0614 -0.0000
vn -0.9785 0.2060 -0.0000
vn -0.9465 0.3227 -0.0000
vn -0.9024 0.4308 -0.0000
vn -0.8496 0.5275 -0.0000
vn -0.7894 0.6139 -0.0000
vn -0.7226 0.6912 -0.0000
vn -0.6490 0.7608 -0.0000
vn -0.5677 0.8232 -0.0000
vn -0.4775 0.8786 -0.0000
vn -0.3766 0.9264 -0.0000
vn -0.2636 0.9646 -0.0000
vn -0.1374 0.9905 -0.0000
vn -0.0354 0.9994 -0.0000
vn -0.0174 0.9998 -0.0000
vn -0.0730 0.9973 -0.0000
vn -0.1533 0.9882 -0.0000
vn -0.2403 0.9707 -0.0000
vn -0.3309 0.9437 -0.0000
vn -0.4210 0.9071 -0.0000
vn -0.3308 0.9437 -0.0000
vn -0.5067 0.8621 -0.0000
vn -0.5849 0.8111 -0.0000
vn -0.5068 0.8621 -0.0000
vn -0.6535 0.7569 -0.0000
vn -0.7118 0.7024 -0.0000
vn -0.7602 0.6497 -0.0000
vn -0.7997 0.6004 -0.0000
vn -0.8420 0.5394 -0.0000
vn -0.4994 0.8664 -0.0000
vn 0.0425 0.9991 -0.0000
vn 0.1934 0.9811 -0.0000
vn 0.4326 0.9016 -0.0000
vn 0.6837 0.7298 -0.0000
vn 0.8756 0.4830 -0.0000
vn 0.9731 0.2303 -0.0000
vn 0.9997 0.0243 -0.0000
vn 0.9919 -0.1268 -0.0000
vn 0.9720 -0.2351 -0.0000
vn 0.9496 -0.3135 -0.0000
vn 0.9284 -0.3716 -0.0000
vn 0.9102 -0.4142 -0.0000
vn 0.8848 -0.4660 -0.0000
vn 0.8999 -0.4362 -0.0000
vn 0.9445 -0.3287 -0.0000
vn 0.8470 -0.5316 -0.0000
vn 0.7874 -0.6164 -0.0000
vn 0.7216 -0.6923 -0.0000
vn 0.6492 -0.7606 -0.0000
vn 0.5693 -0.8221 -0.0000
vn 0.4802 -0.8771 -0.0000
vn 0.3801 -0.9249 -0.0000
vn 0.2671 -0.9637 -0.0000
vn 0.1397 -0.9902 -0.0000
vn 0.0361 -0.9993 -0.0000
vn 0.0242 -0.9997 -0.0000
vn 0.0995 -0.9950 -0.0000
vn 0.2045 -0.9789 -0.0000
vn 0.3140 -0.9494 -0.0000
vn 0.4255 -0.9049 -0.0000
vn 0.5357 -0.8444 -0.0000
vn 0.4256 -0.9049 -0.0000
vn 0.6404 -0.7680 -0.0000
vn 0.7354 -0.6776 -0.0000
vn 0.6404 -0.7681 -0.0000
vn 0.8173 -0.5762 -0.0000
vn 0.8838 -0.4679 -0.0000
vn 0.9341 -0.3570 -0.0000
vn 0.9689 -0.2475 -0.0000
vn 0.9884 -0.1520 -0.0000
vn 0.9952 -0.0978 -0.0000
vn 1.0000 -0.0072 -0.0000
vn 0.9895 0.1447 -0.0000
vn 0.9581 0.2863 -0.0000
vn 0.9094 0.4160 -0.0000
vn 0.9582 0.2863 -0.0000
vn 0.8457 0.5337 -0.0000
vn 0.9094 0.4159 -0.0000
vn 0.7682 0.6402 -0.0000
vn 0.6770 0.7360 -0.0000
vn 0.5714 0.8206 -0.0000
vn 0.4504 0.8928 -0.0000
vn 0.5714 0.8207 -0.0000
vn 0.3134 0.9496 -0.0000
vn 0.1616 0.9868 -0.0000
vn 0.0411 0.9992 -0.0000
vn 0.1616 0.9869 -0.0000
vn 0.0364 0.9993 -0.0000
vn 0.1476 0.9890 -0.0000
vn 0.2959 0.9552 -0.0000
vn 0.4398 0.8981 -0.0000
vn 0.5739 0.8189 -0.0000
vn 0.6938 0.7202 -0.0000
vn 0.7960 0.6053 -0.0000
vn 0.8783 0.4780 -0.0000
vn 0.9396 0.3423 -0.0000
vn 0.9794 0.2020 -0.0000
vn 0.9981 0.0610 -0.0000
vn 0.9794 0.2021 -0.0000
vn 0.9970 -0.0771 -0.0000
vn 0.9981 0.0611 -0.0000
vn 0.9781 -0.2081 -0.0000
vn 0.8997 -0.4366 -0.0000
vn 0.9446 -0.3283 -0.0000
vn 0.8457 -0.5336 -0.0000
vn 0.7844 -0.6203 -0.0000
vn 0.7163 -0.6978 -0.0000
vn 0.6414 -0.7672 -0.0000
vn 0.5591 -0.8291 -0.0000
vn 0.4683 -0.8836 -0.0000
vn 0.3677 -0.9299 -0.0000
vn 0.2562 -0.9666 -0.0000
vn 0.1329 -0.9911 -0.0000
vn 0.0341 -0.9994 -0.0000
vn 0.0300 -0.9996 -0.0000
vn 0.1215 -0.9926 -0.0000
vn 0.2446 -0.9696 -0.0000
vn 0.3662 -0.9305 -0.0000
vn 0.4824 -0.8760 -0.0000
vn 0.5899 -0.8075 -0.0000
vn 0.6863 -0.7273 -0.0000
vn 0.7698 -0.6383 -0.0000
vn 0.6863 -0.7274 -0.0000
vn 0.8398 -0.5430 -0.0000
vn 0.8961 -0.4438 -0.0000
vn 0.9703 -0.2417 -0.0000
vn 0.9877 -0.1566 -0.0000
vn 0.9704 -0.2417 -0.0000
vn 0.6626 -0.7490 -0.0000
vn -0.7432 -0.6691 -0.0000
vn 0.6626 -0.7489 -0.0000
vn -0.9955 0.0949 -0.0000
vn -1.0000 0.0072 -0.0000
vn -0.9895 -0.1447 -0.0000
vn -0.9581 -0.2863 -0.0000
vn -0.9094 -0.4159 -0.0000
vn -0.9582 -0.2862 -0.0000
vn -0.8457 -0.5337 -0.0000
vn -0.7682 -0.6402 -0.0000
vn -0.6770 -0.7360 -0.0000
vn -0.5714 -0.8206 -0.0000
vn -0.4504 -0.8928 -0.0000
vn -0.5714 -0.8207 -0.0000
vn -0.3134 -0.9496 -0.0000
vn -0.1616 -0.9868 -0.0000
vn -0.0411 -0.9992 -0.0000
vn -0.0351 -0.9994 -0.0000
vn -0.1430 -0.9897 -0.0000
vn -0.2887 -0.9574 -0.0000
vn -0.4321 -0.9018 -0.0000
vn -0.5677 -0.8232 -0.0000
vn -0.6900 -0.7238 -0.0000
vn -0.7946 -0.6071 -0.0000
vn -0.8787 -0.4773 -0.0000
vn -0.9407 -0.3393 -0.0000
vn -0.9803 -0.1977 -0.0000
vn -0.9984 -0.0568 -0.0000
vn -0.9968 0.0798 -0.0000
vn -0.9794 0.2018 -0.0000
vn -0.9486 0.3165 -0.0000
vn -0.9035 0.4287 -0.0000
vn -0.8491 0.5283 -0.0000
vn -0.7874 0.6165 -0.0000
vn -0.8491 0.5282 -0.0000
vn -0.7191 0.6949 -0.0000
vn -0.6443 0.7647 -0.0000
vn -0.5624 0.8269 -0.0000
vn -0.4719 0.8816 -0.0000
vn -0.3715 0.9284 -0.0000
vn -0.2596 0.9657 -0.0000
vn -0.1351 0.9908 -0.0000
vn -0.0348 0.9994 -0.0000
vn -0.0300 0.9996 -0.0000
vn -0.1215 0.9926 -0.0000
vn -0.2446 0.9696 -0.0000
vn -0.3662 0.9306 -0.0000
vn -0.4824 0.8760 -0.0000
vn -0.3662 0.9305 -0.0000
vn -0.5899 0.8075 -0.0000
vn -0.6863 0.7273 -0.0000
vn -0.7698 0.6383 -0.0000
vn -0.6863 0.7274 -0.0000
vn -0.8398 0.5430 -0.0000
vn -0.8961 0.4438 -0.0000
vn -0.9394 0.3428 -0.0000
vn -0.9704 0.2417 -0.0000
vn -0.9886 0.1509 -0.0000
vn -0.9703 0.2417 -0.0000
vn -0.9952 0.0984 -0.0000
vn -1.0000 0.0064 -0.0000
vn -0.9952 0.0983 -0.0000
vn -0.9883 -0.1524 -0.0000
vn -0.9523 -0.3051 -0.0000
vn -0.8949 -0.4464 -0.0000
vn -0.8196 -0.5730 -0.0000
vn -0.8949 -0.4463 -0.0000
vn -0.7299 -0.6835 -0.0000
vn -0.6286 -0.7777 -0.0000
vn -0.5175 -0.8557 -0.0000
vn -0.3977 -0.9175 -0.0000
vn -0.2705 -0.9627 -0.0000
vn -0.1371 -0.9906 -0.0000
vn -0.0344 -0.9994 -0.0000
vn -0.0372 -0.9993 -0.0000
vn -0.1504 -0.9886 -0.0000
vn -0.3009 -0.9537 -0.0000
vn -0.4459 -0.8951 -0.0000
vn -0.5801 -0.8146 -0.0000
vn -0.6990 -0.7151 -0.0000
vn -0.8806 -0.4738 -0.0000
vn -0.9406 -0.3394 -0.0000
vn -0.9797 -0.2005 -0.0000
vn -0.9982 -0.0606 -0.0000
vn -0.9970 0.0770 -0.0000
vn -0.9780 0.2085 -0.0000
vn -0.9442 0.3295 -0.0000
vn -0.8989 0.4381 -0.0000
vn -0.8452 0.5345 -0.0000
vn -0.7845 0.6201 -0.0000
vn -0.7176 0.6964 -0.0000
vn -0.6443 0.7648 -0.0000
vn -0.5637 0.8260 -0.0000
vn -0.4743 0.8804 -0.0000
vn -0.3745 0.9272 -0.0000
vn -0.2625 0.9649 -0.0000
vn -0.1370 0.9906 -0.0000
vn -0.0353 0.9994 -0.0000
vn -0.0298 0.9996 -0.0000
vn -0.1201 0.9928 -0.0000
vn -0.3573 0.9340 -0.0000
vn -0.4683 0.8836 -0.0000
vn -0.5711 0.8209 -0.0000
vn -0.6640 0.7477 -0.0000
vn -0.7463 0.6656 -0.0000
vn -0.8173 0.5762 -0.0000
vn -0.8770 0.4804 -0.0000
vn -0.8173 0.5761 -0.0000
vn -0.9253 0.3794 -0.0000
vn -0.9618 0.2737 -0.0000
vn -0.9854 0.1701 -0.0000
vn -0.6632 0.7485 -0.0000
vn 0.7384 0.6743 -0.0000
vn -0.6632 0.7484 -0.0000
vn 0.9961 -0.0884 -0.0000
vn 0.7384 0.6744 -0.0000
vn 1.0000 -0.0064 -0.0000
vn 0.9883 0.1525 -0.0000
vn 0.9523 0.3051 -0.0000
vn 0.9883 0.1524 -0.0000
vn 0.8948 0.4464 -0.0000
vn 0.8196 0.5730 -0.0000
vn 0.8949 0.4464 -0.0000
vn 0.7300 0.6835 -0.0000
vn 0.8196 0.5729 -0.0000
vn 0.6286 0.7777 -0.0000
vn 0.5175 0.8557 -0.0000
vn 0.3977 0.9175 -0.0000
vn 0.2705 0.9627 -0.0000
vn 0.1371 0.9906 -0.0000
vn 0.0344 0.9994 -0.0000
vn 0.9780 -0.2084 -0.0000
vn 0.9005 -0.4349 -0.0000
vn 0.9450 -0.3272 -0.0000
vn 0.8474 -0.5310 -0.0000
vn 0.7871 -0.6168 -0.0000
vn 0.7203 -0.6937 -0.0000
vn 0.6467 -0.7628 -0.0000
vn 0.5655 -0.8248 -0.0000
vn 0.4754 -0.8798 -0.0000
vn 0.3747 -0.9271 -0.0000
vn 0.2621 -0.9650 -0.0000
vn 0.1365 -0.9906 -0.0000
vn 0.0351 -0.9994 -0.0000
vn -0.2973 -0.9548 -0.0000
vn -0.4416 -0.8972 -0.0000
vn -0.6956 -0.7185 -0.0000
vn -0.7974 -0.6034 -0.0000
vn -0.8793 -0.4762 -0.0000
vn -0.9401 -0.3409 -0.0000
vn -0.9796 -0.2011 -0.0000
vn -0.9982 -0.0608 -0.0000
vn -0.9970 0.0768 -0.0000
vn -0.9780 0.2088 -0.0000
vn -0.9440 0.3299 -0.0000
vn -0.8995 0.4369 -0.0000
vn -0.8467 0.5321 -0.0000
vn -0.7871 0.6168 -0.0000
vn -0.7212 0.6928 -0.0000
vn -0.6485 0.7612 -0.0000
vn -0.5682 0.8229 -0.0000
vn -0.4787 0.8780 -0.0000
vn -0.3782 0.9257 -0.0000
vn -0.2651 0.9642 -0.0000
vn -0.1383 0.9904 -0.0000
vn 0.0372 0.9993 -0.0000
vn 0.1503 0.9886 -0.0000
vn 0.3006 0.9537 -0.0000
vn 0.4454 0.8953 -0.0000
vn 0.5793 0.8151 -0.0000
vn 0.6981 0.7160 -0.0000
vn 0.7989 0.6015 -0.0000
vn 0.8798 0.4753 -0.0000
vn 0.7988 0.6015 -0.0000
vn 0.9401 0.3408 -0.0000
vn 0.9795 0.2016 -0.0000
vn 0.9970 -0.0776 -0.0000
vn 0.9781 -0.2082 -0.0000
vt 0.909486 0.890756
vt 0.909972 0.707554
vt 0.909972 0.883955
vt 0.909486 0.701036
vt 0.908076 0.897496
vt 0.908076 0.694943
vt 0.905811 0.904099
vt 0.905811 0.689326
vt 0.902762 0.910489
vt 0.902762 0.684238
vt 0.898997 0.916588
vt 0.898997 0.679730
vt 0.894588 0.675854
vt 0.894588 0.922321
vt 0.889604 0.672661
vt 0.889604 0.927611
vt 0.884115 0.670205
vt 0.884115 0.932382
vt 0.878190 0.668535
vt 0.878190 0.936557
vt 0.871901 0.667705
vt 0.871901 0.940060
vt 0.865316 0.667765
vt 0.865316 0.942814
vt 0.858506 0.668768
vt 0.858506 0.944744
vt 0.851618 0.945747
vt 0.851618 0.670698
vt 0.844982 0.945807
vt 0.844982 0.673452
vt 0.838664 0.944977
vt 0.838664 0.676955
vt 0.832732 0.943307
vt 0.832732 0.681130
vt 0.827250 0.940850
vt 0.827250 0.685901
vt 0.822284 0.937658
vt 0.822284 0.691191
vt 0.817901 0.696924
vt 0.817901 0.933782
vt 0.814168 0.703023
vt 0.814168 0.929274
vt 0.811148 0.709413
vt 0.811148 0.924186
vt 0.808910 0.716016
vt 0.808910 0.918569
vt 0.807519 0.722756
vt 0.807519 0.912476
vt 0.807040 0.905959
vt 0.807040 0.729557
vt 0.432124 0.487031
vt 0.419720 0.602783
vt 0.419991 0.488472
vt 0.431852 0.601709
vt 0.432667 0.486910
vt 0.432395 0.601663
vt 0.432917 0.601703
vt 0.433190 0.486731
vt 0.433414 0.601821
vt 0.433687 0.486495
vt 0.433879 0.602013
vt 0.434154 0.486205
vt 0.434309 0.602271
vt 0.434585 0.485865
vt 0.434698 0.602588
vt 0.434976 0.485476
vt 0.435041 0.602960
vt 0.435321 0.485040
vt 0.435333 0.603378
vt 0.435615 0.484562
vt 0.435568 0.603837
vt 0.435852 0.484042
vt 0.435742 0.604330
vt 0.436029 0.483484
vt 0.435862 0.604851
vt 0.436152 0.482821
vt 0.435984 0.605394
vt 0.436281 0.480742
vt 0.437525 0.418048
vt 0.437098 0.423072
vt 0.436674 0.680181
vt 0.437021 0.685058
vt 0.438048 0.689619
vt 0.438570 0.413050
vt 0.439706 0.693825
vt 0.440246 0.408141
vt 0.441946 0.697636
vt 0.442502 0.403380
vt 0.444720 0.701015
vt 0.445291 0.398827
vt 0.448562 0.394541
vt 0.447977 0.703921
vt 0.452266 0.390581
vt 0.451670 0.706317
vt 0.456355 0.387007
vt 0.455748 0.708163
vt 0.460779 0.383878
vt 0.460164 0.709421
vt 0.465489 0.381254
vt 0.464868 0.710051
vt 0.470435 0.379193
vt 0.469810 0.710015
vt 0.475569 0.377755
vt 0.474943 0.709274
vt 0.480709 0.377014
vt 0.480084 0.707837
vt 0.485671 0.376979
vt 0.485050 0.705776
vt 0.490406 0.377609
vt 0.489791 0.703151
vt 0.494860 0.378867
vt 0.494253 0.700023
vt 0.498982 0.380713
vt 0.498385 0.696449
vt 0.502720 0.383109
vt 0.502136 0.692489
vt 0.506024 0.386015
vt 0.505453 0.688203
vt 0.508841 0.389394
vt 0.508285 0.683650
vt 0.511119 0.393205
vt 0.510580 0.678890
vt 0.512808 0.397411
vt 0.512286 0.673980
vt 0.513856 0.401972
vt 0.513351 0.668982
vt 0.514210 0.406850
vt 0.513724 0.663954
vt 0.514936 0.471961
vt 0.515060 0.472510
vt 0.514912 0.596614
vt 0.515039 0.594049
vt 0.515160 0.593254
vt 0.515180 0.473028
vt 0.515308 0.592698
vt 0.515355 0.473519
vt 0.515514 0.592180
vt 0.515590 0.473975
vt 0.515775 0.591703
vt 0.515881 0.474390
vt 0.516091 0.591270
vt 0.516223 0.474758
vt 0.516460 0.590881
vt 0.516611 0.475073
vt 0.516881 0.590542
vt 0.517039 0.475329
vt 0.517354 0.590252
vt 0.517503 0.475518
vt 0.517875 0.590017
vt 0.517997 0.475635
vt 0.518445 0.589837
vt 0.518517 0.475673
vt 0.519062 0.589715
vt 0.519057 0.475627
vt 0.525639 0.474895
vt 0.525644 0.588984
vt 0.526263 0.474774
vt 0.526191 0.588937
vt 0.526731 0.588975
vt 0.526853 0.474594
vt 0.527255 0.589092
vt 0.527405 0.474358
vt 0.527757 0.589282
vt 0.527914 0.474069
vt 0.528228 0.589537
vt 0.528378 0.473729
vt 0.528661 0.589852
vt 0.528793 0.473341
vt 0.529048 0.590220
vt 0.529154 0.472907
vt 0.529382 0.590636
vt 0.529458 0.472430
vt 0.529655 0.591092
vt 0.529701 0.471912
vt 0.529859 0.591582
vt 0.529880 0.471357
vt 0.529988 0.592100
vt 0.530001 0.470706
vt 0.530110 0.592640
vt 0.530124 0.468650
vt 0.531371 0.397690
vt 0.530953 0.402773
vt 0.530829 0.658148
vt 0.531180 0.662999
vt 0.532207 0.667535
vt 0.532405 0.392648
vt 0.533861 0.671717
vt 0.534066 0.387709
vt 0.536094 0.675505
vt 0.536305 0.382932
vt 0.538856 0.678863
vt 0.539073 0.378377
vt 0.542322 0.374102
vt 0.542100 0.681750
vt 0.546002 0.370167
vt 0.545776 0.684129
vt 0.550065 0.366630
vt 0.549835 0.685960
vt 0.554462 0.363551
vt 0.554229 0.687206
vt 0.559144 0.360989
vt 0.558908 0.687827
vt 0.564061 0.359003
vt 0.563824 0.687786
vt 0.569166 0.357652
vt 0.568929 0.687043
vt 0.574264 0.356902
vt 0.574026 0.685614
vt 0.578924 0.683577
vt 0.579160 0.356842
vt 0.583575 0.680987
vt 0.583809 0.357437
vt 0.587934 0.677900
vt 0.588164 0.358653
vt 0.591954 0.674371
vt 0.592180 0.360454
vt 0.595588 0.670454
vt 0.595810 0.362806
vt 0.598791 0.666206
vt 0.599008 0.365675
vt 0.601516 0.661680
vt 0.601727 0.369025
vt 0.603717 0.656934
vt 0.603922 0.372822
vt 0.605347 0.652021
vt 0.605546 0.377031
vt 0.606361 0.646997
vt 0.606553 0.381617
vt 0.606712 0.641918
vt 0.606896 0.386546
vt 0.607755 0.459825
vt 0.607878 0.460371
vt 0.607735 0.583816
vt 0.607860 0.581757
vt 0.607981 0.581106
vt 0.608007 0.460889
vt 0.608160 0.580551
vt 0.608211 0.461380
vt 0.608403 0.580033
vt 0.608484 0.461836
vt 0.608707 0.579556
vt 0.608818 0.462251
vt 0.609068 0.579122
vt 0.609205 0.462619
vt 0.609483 0.578734
vt 0.609638 0.462934
vt 0.609947 0.578395
vt 0.610109 0.463190
vt 0.610456 0.578106
vt 0.610611 0.463379
vt 0.611008 0.577870
vt 0.611135 0.463496
vt 0.611598 0.577690
vt 0.611675 0.463534
vt 0.612222 0.577568
vt 0.612222 0.463488
vt 0.633063 0.461294
vt 0.633063 0.575009
vt 0.796810 0.873832
vt 0.737346 0.780385
vt 0.796810 0.793007
vt 0.737710 0.861287
vt 0.796388 0.779634
vt 0.737346 0.685920
vt 0.796388 0.698731
vt 0.737346 0.766823
vt 0.651271 0.759232
vt 0.682261 0.887551
vt 0.633815 0.844454
vt 0.689318 0.892828
vt 0.695611 0.895659
vt 0.701170 0.896423
vt 0.706022 0.895499
vt 0.710196 0.893265
vt 0.713722 0.890101
vt 0.716626 0.886385
vt 0.718939 0.882495
vt 0.720688 0.878810
vt 0.721902 0.875709
vt 0.722609 0.873571
vt 0.722839 0.872774
vt 0.735396 0.812123
vt 0.651344 0.758589
vt 0.651376 0.757990
vt 0.651368 0.757432
vt 0.651322 0.756912
vt 0.651237 0.756427
vt 0.651114 0.755974
vt 0.650955 0.755552
vt 0.650760 0.755156
vt 0.650529 0.754784
vt 0.650264 0.754433
vt 0.649965 0.754101
vt 0.649508 0.753665
vt 0.642880 0.747358
vt 0.645884 0.750439
vt 0.640287 0.743865
vt 0.638115 0.740026
vt 0.636372 0.735902
vt 0.635069 0.731558
vt 0.634213 0.727058
vt 0.633815 0.722465
vt 0.633883 0.717843
vt 0.735610 0.810946
vt 0.736065 0.807573
vt 0.634427 0.713256
vt 0.736486 0.802240
vt 0.635455 0.708768
vt 0.736594 0.795181
vt 0.636978 0.704441
vt 0.736113 0.786633
vt 0.639004 0.700341
vt 0.641359 0.696752
vt 0.734765 0.776831
vt 0.644072 0.693650
vt 0.732272 0.766010
vt 0.647090 0.691047
vt 0.650357 0.688958
vt 0.728358 0.754406
vt 0.653821 0.687398
vt 0.722745 0.742255
vt 0.657427 0.686381
vt 0.661120 0.685920
vt 0.715155 0.729792
vt 0.664846 0.686030
vt 0.668551 0.686725
vt 0.705312 0.717252
vt 0.672181 0.688020
vt 0.675681 0.689928
vt 0.692938 0.704872
vt 0.678997 0.692463
vt 0.384223 0.631653
vt 0.384595 0.400887
vt 0.384595 0.626421
vt 0.383522 0.388639
vt 0.383141 0.636855
vt 0.380557 0.379292
vt 0.381403 0.641963
vt 0.379063 0.646916
vt 0.376077 0.372497
vt 0.376173 0.651651
vt 0.372786 0.656106
vt 0.370461 0.367904
vt 0.368956 0.660219
vt 0.364088 0.365161
vt 0.364736 0.663927
vt 0.360178 0.667168
vt 0.357337 0.363921
vt 0.355337 0.669880
vt 0.350585 0.363831
vt 0.350264 0.672001
vt 0.344212 0.364543
vt 0.345015 0.673469
vt 0.339679 0.674222
vt 0.338597 0.365706
vt 0.334535 0.674263
vt 0.334117 0.366970
vt 0.329635 0.673627
vt 0.331151 0.367985
vt 0.330079 0.368401
vt 0.305023 0.511624
vt 0.304914 0.511137
vt 0.267721 0.395286
vt 0.325031 0.672349
vt 0.320774 0.670464
vt 0.316916 0.668008
vt 0.313691 0.665180
vt 0.305548 0.520595
vt 0.310941 0.661877
vt 0.308716 0.658132
vt 0.307064 0.653978
vt 0.306035 0.649448
vt 0.305677 0.644575
vt 0.304655 0.510729
vt 0.304408 0.510353
vt 0.304124 0.510029
vt 0.303795 0.509765
vt 0.303427 0.509562
vt 0.303026 0.509425
vt 0.302599 0.509355
vt 0.302153 0.509355
vt 0.301694 0.509428
vt 0.301228 0.509576
vt 0.267610 0.524109
vt 0.197100 0.790248
vt 0.197472 0.553433
vt 0.197472 0.785029
vt 0.197100 0.548366
vt 0.196019 0.795423
vt 0.196019 0.543633
vt 0.194279 0.800494
vt 0.194279 0.539273
vt 0.191934 0.805403
vt 0.191934 0.535325
vt 0.189034 0.810088
vt 0.189034 0.531827
vt 0.185632 0.814491
vt 0.185632 0.528819
vt 0.181779 0.818553
vt 0.181779 0.526339
vt 0.177527 0.822212
vt 0.177527 0.524427
vt 0.172928 0.825411
vt 0.172928 0.523120
vt 0.168034 0.828090
vt 0.168034 0.522458
vt 0.162897 0.830188
vt 0.162897 0.522480
vt 0.157568 0.831646
vt 0.157568 0.523225
vt 0.152324 0.832477
vt 0.152324 0.524691
vt 0.147258 0.832570
vt 0.147258 0.526809
vt 0.142423 0.831967
vt 0.142423 0.529518
vt 0.137871 0.830707
vt 0.137871 0.532756
vt 0.133656 0.828831
vt 0.133656 0.536459
vt 0.129830 0.826379
vt 0.129830 0.540567
vt 0.126448 0.823390
vt 0.126448 0.545016
vt 0.123561 0.819906
vt 0.123561 0.549745
vt 0.121224 0.815966
vt 0.121224 0.554692
vt 0.119488 0.811610
vt 0.119488 0.559794
vt 0.118408 0.806878
vt 0.118408 0.564989
vt 0.118036 0.801812
vt 0.118036 0.570215
vt 0.947584 0.055427
vt 0.948070 0.062228
vt 0.948070 0.238629
vt 0.947584 0.245147
vt 0.946174 0.048686
vt 0.946174 0.251240
vt 0.943909 0.042084
vt 0.943909 0.256856
vt 0.940860 0.035694
vt 0.940860 0.261945
vt 0.937095 0.029595
vt 0.937095 0.266453
vt 0.932686 0.270329
vt 0.932686 0.023862
vt 0.927702 0.273521
vt 0.927702 0.018572
vt 0.922213 0.275978
vt 0.922213 0.013801
vt 0.916288 0.277648
vt 0.916288 0.009626
vt 0.909999 0.278478
vt 0.909999 0.006123
vt 0.903414 0.278418
vt 0.903414 0.003369
vt 0.896604 0.277415
vt 0.896604 0.001439
vt 0.889716 0.000436
vt 0.889716 0.275485
vt 0.883080 0.000376
vt 0.883080 0.272731
vt 0.876763 0.001206
vt 0.876763 0.269228
vt 0.870830 0.002876
vt 0.870830 0.265053
vt 0.865348 0.005333
vt 0.865348 0.260282
vt 0.860382 0.008525
vt 0.860382 0.254992
vt 0.856000 0.249259
vt 0.856000 0.012401
vt 0.852266 0.243160
vt 0.852266 0.016909
vt 0.849247 0.236770
vt 0.849247 0.021997
vt 0.847008 0.230167
vt 0.847008 0.027614
vt 0.845617 0.223427
vt 0.845617 0.033707
vt 0.845138 0.040225
vt 0.845138 0.216626
vt 0.831985 0.126341
vt 0.844117 0.127782
vt 0.844387 0.242080
vt 0.832257 0.241006
vt 0.831442 0.126220
vt 0.831714 0.240960
vt 0.831192 0.241000
vt 0.830919 0.126040
vt 0.830695 0.241119
vt 0.830422 0.125805
vt 0.830229 0.241310
vt 0.829955 0.125515
vt 0.829799 0.241568
vt 0.829524 0.125175
vt 0.829411 0.241886
vt 0.829133 0.124785
vt 0.829068 0.242257
vt 0.828789 0.124350
vt 0.828776 0.242675
vt 0.828495 0.123871
vt 0.828541 0.243134
vt 0.828257 0.123352
vt 0.828367 0.243627
vt 0.828080 0.122794
vt 0.828246 0.244208
vt 0.827958 0.122200
vt 0.828126 0.246003
vt 0.827832 0.121566
vt 0.826592 0.058981
vt 0.827019 0.063996
vt 0.827435 0.320662
vt 0.827088 0.325531
vt 0.826063 0.330085
vt 0.825549 0.053991
vt 0.824407 0.334283
vt 0.823877 0.049091
vt 0.822171 0.338088
vt 0.821624 0.044338
vt 0.819402 0.341461
vt 0.818841 0.039793
vt 0.815575 0.035514
vt 0.816150 0.344362
vt 0.811877 0.031561
vt 0.812464 0.346754
vt 0.807796 0.027993
vt 0.808392 0.348596
vt 0.803379 0.024869
vt 0.803984 0.349852
vt 0.798678 0.022249
vt 0.799288 0.350481
vt 0.793740 0.020192
vt 0.794354 0.350445
vt 0.788615 0.018757
vt 0.789231 0.349705
vt 0.783484 0.018017
vt 0.784098 0.348270
vt 0.778530 0.017981
vt 0.779140 0.346212
vt 0.773804 0.018610
vt 0.774408 0.343592
vt 0.769358 0.019866
vt 0.769954 0.340469
vt 0.765243 0.021708
vt 0.765829 0.336901
vt 0.761510 0.024100
vt 0.762085 0.332948
vt 0.758212 0.027002
vt 0.758773 0.328669
vt 0.755400 0.030374
vt 0.755947 0.324124
vt 0.753125 0.034179
vt 0.753656 0.319372
vt 0.751439 0.038378
vt 0.751953 0.314471
vt 0.750394 0.042931
vt 0.750889 0.309482
vt 0.750040 0.047801
vt 0.750517 0.304463
vt 0.749313 0.112802
vt 0.749190 0.114598
vt 0.749333 0.237240
vt 0.749210 0.236612
vt 0.749089 0.236018
vt 0.749068 0.115178
vt 0.748940 0.235459
vt 0.748893 0.115671
vt 0.748733 0.234939
vt 0.748657 0.116129
vt 0.748471 0.234460
vt 0.748364 0.116546
vt 0.748153 0.234024
vt 0.748020 0.116917
vt 0.747782 0.233634
vt 0.747631 0.117233
vt 0.747359 0.233292
vt 0.747200 0.117490
vt 0.746884 0.233002
vt 0.746734 0.117681
vt 0.746360 0.232765
vt 0.746237 0.117798
vt 0.745787 0.232584
vt 0.745715 0.117837
vt 0.745167 0.232462
vt 0.745172 0.117790
vt 0.738556 0.117054
vt 0.738551 0.231726
vt 0.737929 0.116932
vt 0.738001 0.231679
vt 0.737459 0.231718
vt 0.737336 0.116751
vt 0.736932 0.231835
vt 0.736782 0.116514
vt 0.736428 0.232026
vt 0.736269 0.116224
vt 0.735954 0.232282
vt 0.735803 0.115882
vt 0.735519 0.232599
vt 0.735386 0.115492
vt 0.735130 0.232969
vt 0.735023 0.115056
vt 0.734794 0.233387
vt 0.734717 0.114577
vt 0.734520 0.233845
vt 0.734473 0.114056
vt 0.734314 0.234338
vt 0.734294 0.113498
vt 0.734185 0.234859
vt 0.734172 0.112904
vt 0.734061 0.236358
vt 0.734049 0.112271
vt 0.732802 0.041256
vt 0.733221 0.046343
vt 0.733340 0.301915
vt 0.732989 0.306771
vt 0.731961 0.311310
vt 0.731768 0.036210
vt 0.730305 0.315495
vt 0.730106 0.031267
vt 0.728070 0.319286
vt 0.727865 0.026487
vt 0.725306 0.322646
vt 0.725095 0.021928
vt 0.721843 0.017650
vt 0.722059 0.325536
vt 0.718160 0.013712
vt 0.718381 0.327916
vt 0.714094 0.010172
vt 0.714319 0.329749
vt 0.709694 0.007091
vt 0.709921 0.330996
vt 0.705009 0.004527
vt 0.705238 0.331618
vt 0.700088 0.002539
vt 0.700318 0.331576
vt 0.694979 0.001186
vt 0.695210 0.330833
vt 0.689878 0.000436
vt 0.690108 0.329402
vt 0.685207 0.327364
vt 0.684978 0.000376
vt 0.680552 0.324772
vt 0.680325 0.000971
vt 0.676190 0.321682
vt 0.675966 0.002188
vt 0.672168 0.318150
vt 0.671947 0.003990
vt 0.668530 0.314230
vt 0.668314 0.006344
vt 0.665325 0.309978
vt 0.665114 0.009215
vt 0.662598 0.305450
vt 0.662392 0.012568
vt 0.660395 0.300700
vt 0.660196 0.016368
vt 0.658764 0.295783
vt 0.658571 0.020580
vt 0.657749 0.290755
vt 0.657563 0.025170
vt 0.657399 0.285672
vt 0.657219 0.030103
vt 0.656358 0.103439
vt 0.656235 0.104940
vt 0.656376 0.227526
vt 0.656253 0.226899
vt 0.656131 0.226304
vt 0.656106 0.105461
vt 0.655952 0.225746
vt 0.655900 0.105953
vt 0.655708 0.225226
vt 0.655626 0.106412
vt 0.655402 0.224746
vt 0.655290 0.106829
vt 0.655039 0.224310
vt 0.654901 0.107200
vt 0.654622 0.223920
vt 0.654466 0.107516
vt 0.654156 0.223579
vt 0.653992 0.107773
vt 0.653643 0.223288
vt 0.653488 0.107963
vt 0.653089 0.223051
vt 0.652961 0.108081
vt 0.652496 0.222870
vt 0.652419 0.108120
vt 0.651869 0.222748
vt 0.651869 0.108073
vt 0.630918 0.105867
vt 0.630918 0.220175
vt 0.523256 0.804249
vt 0.523255 0.723424
vt 0.582720 0.710802
vt 0.582355 0.791705
vt 0.257266 0.522458
vt 0.257266 0.603361
vt 0.198224 0.616172
vt 0.198224 0.535269
vt 0.437072 0.848024
vt 0.419720 0.762717
vt 0.468260 0.719655
vt 0.475329 0.714384
vt 0.481631 0.711559
vt 0.487195 0.710802
vt 0.492049 0.711734
vt 0.496224 0.713974
vt 0.499747 0.717146
vt 0.502649 0.720869
vt 0.504958 0.724765
vt 0.506703 0.728455
vt 0.507913 0.731559
vt 0.508618 0.733700
vt 0.508847 0.734498
vt 0.521330 0.795210
vt 0.437144 0.848667
vt 0.437175 0.849267
vt 0.437167 0.849825
vt 0.437119 0.850346
vt 0.437034 0.850831
vt 0.436910 0.851283
vt 0.436750 0.851706
vt 0.436554 0.852102
vt 0.436323 0.852474
vt 0.436057 0.852825
vt 0.435758 0.853157
vt 0.435442 0.853496
vt 0.428811 0.859788
vt 0.431816 0.856715
vt 0.426216 0.863274
vt 0.424040 0.867107
vt 0.422294 0.871224
vt 0.420985 0.875562
vt 0.420124 0.880057
vt 0.419720 0.884645
vt 0.419782 0.889263
vt 0.521542 0.796386
vt 0.521993 0.799756
vt 0.420319 0.893847
vt 0.522406 0.805085
vt 0.421340 0.898332
vt 0.522504 0.812138
vt 0.422856 0.902657
vt 0.522012 0.820677
vt 0.424875 0.906756
vt 0.427222 0.910345
vt 0.520651 0.830469
vt 0.429928 0.913448
vt 0.518146 0.841276
vt 0.432939 0.916053
vt 0.436201 0.918144
vt 0.514220 0.852864
vt 0.439660 0.919707
vt 0.508595 0.864996
vt 0.443261 0.920729
vt 0.446950 0.921194
vt 0.500995 0.877437
vt 0.450672 0.921089
vt 0.454375 0.920400
vt 0.491144 0.889952
vt 0.458003 0.919112
vt 0.461503 0.917210
vt 0.478765 0.902304
vt 0.464820 0.914682
vt 0.116913 0.565040
vt 0.117285 0.570269
vt 0.117285 0.795656
vt 0.116213 0.807896
vt 0.115832 0.559841
vt 0.113249 0.817237
vt 0.114096 0.554736
vt 0.111757 0.549787
vt 0.108772 0.824028
vt 0.108868 0.545055
vt 0.105484 0.540603
vt 0.103160 0.828618
vt 0.101656 0.536493
vt 0.096792 0.831359
vt 0.097439 0.532788
vt 0.092884 0.529548
vt 0.090045 0.832599
vt 0.088046 0.526838
vt 0.083297 0.832688
vt 0.082977 0.524718
vt 0.076929 0.831977
vt 0.077730 0.523251
vt 0.072398 0.522499
vt 0.071317 0.830815
vt 0.067258 0.522458
vt 0.066840 0.829551
vt 0.062361 0.523094
vt 0.063876 0.828537
vt 0.062804 0.828121
vt 0.037765 0.684991
vt 0.037656 0.685478
vt 0.000487 0.801254
vt 0.057760 0.524371
vt 0.053505 0.526254
vt 0.049650 0.528709
vt 0.046243 0.531696
vt 0.037650 0.684444
vt 0.043338 0.535186
vt 0.040987 0.539143
vt 0.039243 0.543532
vt 0.038156 0.548317
vt 0.037778 0.553466
vt 0.037009 0.687095
vt 0.036745 0.687529
vt 0.036465 0.687849
vt 0.036139 0.688110
vt 0.035775 0.688310
vt 0.035379 0.688446
vt 0.034957 0.688515
vt 0.034516 0.688515
vt 0.034062 0.688443
vt 0.033602 0.688297
vt 0.000376 0.673933
vt 0.886105 0.399164
vt 0.886477 0.404382
vt 0.886477 0.635979
vt 0.886104 0.641046
vt 0.885023 0.393989
vt 0.885023 0.645779
vt 0.883283 0.388917
vt 0.883283 0.650139
vt 0.880938 0.384009
vt 0.880938 0.654087
vt 0.878038 0.379324
vt 0.878038 0.657585
vt 0.874636 0.374920
vt 0.874636 0.660593
vt 0.870783 0.370859
vt 0.870783 0.663073
vt 0.866531 0.367199
vt 0.866531 0.664985
vt 0.861932 0.364001
vt 0.861932 0.666292
vt 0.857038 0.361322
vt 0.857038 0.666954
vt 0.851901 0.359224
vt 0.851901 0.666932
vt 0.846572 0.357765
vt 0.846572 0.666187
vt 0.841329 0.356935
vt 0.841329 0.664721
vt 0.836263 0.356842
vt 0.836263 0.662603
vt 0.831427 0.357445
vt 0.831427 0.659894
vt 0.826875 0.358705
vt 0.826875 0.656656
vt 0.822660 0.360581
vt 0.822660 0.652953
vt 0.818835 0.363033
vt 0.818835 0.648845
vt 0.815452 0.366022
vt 0.815452 0.644396
vt 0.812565 0.369506
vt 0.812565 0.639667
vt 0.810228 0.373446
vt 0.810228 0.634720
vt 0.808492 0.377802
vt 0.808492 0.629618
vt 0.807412 0.382534
vt 0.807412 0.624423
vt 0.807040 0.387601
vt 0.807040 0.619197
vt 0.597827 0.194017
vt 0.605053 0.326677
vt 0.565434 0.296021
vt 0.563270 0.170762
vt 0.630167 0.176535
vt 0.562774 0.170753
vt 0.588126 0.145188
vt 0.562306 0.170661
vt 0.587784 0.144859
vt 0.561868 0.170502
vt 0.587459 0.144546
vt 0.561462 0.170290
vt 0.587148 0.144245
vt 0.561084 0.170037
vt 0.586846 0.143954
vt 0.560733 0.169748
vt 0.586551 0.143668
vt 0.560407 0.169426
vt 0.586258 0.143383
vt 0.560108 0.169070
vt 0.585964 0.143098
vt 0.559842 0.168676
vt 0.585665 0.142806
vt 0.559617 0.168238
vt 0.585355 0.142504
vt 0.559449 0.167750
vt 0.585030 0.142187
vt 0.559353 0.167210
vt 0.584685 0.141848
vt 0.517359 0.043270
vt 0.584308 0.141479
vt 0.514015 0.039966
vt 0.532343 0.007267
vt 0.511094 0.037450
vt 0.526347 0.005052
vt 0.508146 0.035633
vt 0.520599 0.003286
vt 0.505218 0.034424
vt 0.515020 0.001951
vt 0.502300 0.033732
vt 0.509542 0.001029
vt 0.499378 0.033497
vt 0.504106 0.000504
vt 0.496436 0.033686
vt 0.498662 0.000376
vt 0.493460 0.034289
vt 0.493164 0.000651
vt 0.490440 0.035315
vt 0.487578 0.001350
vt 0.487358 0.036740
vt 0.481871 0.002501
vt 0.483674 0.038117
vt 0.476017 0.004144
vt 0.479991 0.039902
vt 0.470004 0.006359
vt 0.476450 0.042053
vt 0.463855 0.009253
vt 0.473086 0.044542
vt 0.457916 0.012743
vt 0.469922 0.047348
vt 0.452282 0.016789
vt 0.466984 0.050448
vt 0.447009 0.021354
vt 0.464299 0.053815
vt 0.442159 0.026376
vt 0.461898 0.057419
vt 0.437783 0.031771
vt 0.459811 0.061232
vt 0.433912 0.037439
vt 0.458071 0.065227
vt 0.430551 0.043275
vt 0.456722 0.069383
vt 0.427673 0.049179
vt 0.455822 0.073688
vt 0.425229 0.055068
vt 0.455460 0.078143
vt 0.423146 0.060881
vt 0.455784 0.082765
vt 0.421336 0.066580
vt 0.458685 0.278765
vt 0.419720 0.072090
vt 0.460699 0.289513
vt 0.419720 0.299849
vt 0.464206 0.297051
vt 0.428052 0.315268
vt 0.468627 0.302446
vt 0.436802 0.326418
vt 0.473619 0.306405
vt 0.445359 0.334398
vt 0.479045 0.309359
vt 0.453773 0.340407
vt 0.484819 0.311496
vt 0.462378 0.345177
vt 0.490782 0.312900
vt 0.471322 0.348964
vt 0.496679 0.313654
vt 0.480392 0.351799
vt 0.502156 0.313879
vt 0.489096 0.353734
vt 0.506772 0.313747
vt 0.496816 0.354934
vt 0.509989 0.313478
vt 0.502942 0.355624
vt 0.511202 0.313332
vt 0.506930 0.355983
vt 0.508337 0.356091
vt 0.331078 0.356172
vt 0.349841 0.323250
vt 0.338166 0.359048
vt 0.324248 0.352616
vt 0.346332 0.321061
vt 0.317724 0.348464
vt 0.342927 0.318337
vt 0.311539 0.343818
vt 0.339695 0.315112
vt 0.305750 0.338769
vt 0.335625 0.312183
vt 0.300404 0.333393
vt 0.331842 0.308933
vt 0.295523 0.327772
vt 0.328392 0.305386
vt 0.291104 0.321988
vt 0.325320 0.301561
vt 0.287113 0.316107
vt 0.322683 0.297473
vt 0.283491 0.310178
vt 0.320546 0.293118
vt 0.280156 0.304220
vt 0.318997 0.288471
vt 0.267610 0.040861
vt 0.318161 0.283447
vt 0.272085 0.035167
vt 0.304468 0.068509
vt 0.276529 0.029924
vt 0.305846 0.062405
vt 0.281017 0.025126
vt 0.307263 0.057390
vt 0.285652 0.020725
vt 0.308917 0.053333
vt 0.290511 0.016696
vt 0.310882 0.050023
vt 0.295652 0.013033
vt 0.313194 0.047254
vt 0.301129 0.009746
vt 0.315784 0.044993
vt 0.306990 0.006856
vt 0.318630 0.043181
vt 0.313284 0.004403
vt 0.321719 0.041787
vt 0.320055 0.002446
vt 0.325065 0.040762
vt 0.327350 0.001066
vt 0.328651 0.040137
vt 0.335208 0.000376
vt 0.332482 0.039933
vt 0.343489 0.000505
vt 0.336561 0.040117
vt 0.351779 0.001501
vt 0.340821 0.040713
vt 0.359978 0.003331
vt 0.345119 0.041762
vt 0.367994 0.005946
vt 0.349420 0.043257
vt 0.375741 0.009281
vt 0.353681 0.045193
vt 0.383140 0.013250
vt 0.357859 0.047560
vt 0.390138 0.017759
vt 0.361907 0.050346
vt 0.396702 0.022706
vt 0.365783 0.053538
vt 0.402830 0.027996
vt 0.369448 0.057123
vt 0.408546 0.033550
vt 0.372868 0.061092
vt 0.413901 0.039308
vt 0.376014 0.065446
vt 0.418969 0.045245
vt 0.378864 0.070202
vt 0.418969 0.339929
vt 0.381403 0.075398
vt 0.413344 0.344305
vt 0.390688 0.307285
vt 0.407799 0.348192
vt 0.387961 0.311642
vt 0.402299 0.351601
vt 0.385200 0.315250
vt 0.396769 0.354572
vt 0.382391 0.318249
vt 0.391147 0.357126
vt 0.379524 0.320730
vt 0.385375 0.359266
vt 0.376588 0.322752
vt 0.379405 0.360975
vt 0.373572 0.324349
vt 0.373196 0.362220
vt 0.370468 0.325536
vt 0.366714 0.362945
vt 0.367266 0.326314
vt 0.359936 0.363080
vt 0.363962 0.326669
vt 0.352850 0.362531
vt 0.360553 0.326577
vt 0.345462 0.361184
vt 0.357038 0.326003
vt 0.353422 0.324900
vt 0.000376 0.847815
vt 0.034819 0.928491
vt 0.000376 0.980831
vt 0.112361 0.833439
vt 0.042690 0.885619
vt 0.112361 0.966455
vt 0.077918 0.885779
vt 0.070047 0.928651
vt 0.887228 0.504021
vt 0.957013 0.451966
vt 0.999248 0.489871
vt 0.887228 0.371050
vt 0.921721 0.451741
vt 0.999624 0.356842
vt 0.929578 0.408831
vt 0.965008 0.409055
vt 0.379321 0.762649
vt 0.339888 0.769226
vt 0.379056 0.761318
vt 0.380080 0.766551
vt 0.340189 0.770416
vt 0.381237 0.772860
vt 0.340894 0.773804
vt 0.382604 0.781437
vt 0.341710 0.779151
vt 0.383866 0.792167
vt 0.342747 0.786323
vt 0.384595 0.804956
vt 0.343486 0.794950
vt 0.384266 0.819710
vt 0.343640 0.804862
vt 0.382253 0.836315
vt 0.342903 0.815904
vt 0.377782 0.854601
vt 0.340943 0.827896
vt 0.369815 0.874257
vt 0.337407 0.840591
vt 0.356781 0.894711
vt 0.331862 0.853261
vt 0.336202 0.914282
vt 0.323948 0.865479
vt 0.306713 0.927425
vt 0.313217 0.876689
vt 0.301235 0.928289
vt 0.299347 0.886713
vt 0.296030 0.928903
vt 0.295672 0.889566
vt 0.291041 0.929250
vt 0.292547 0.891797
vt 0.286177 0.929323
vt 0.289743 0.893318
vt 0.281383 0.929104
vt 0.287079 0.894264
vt 0.276620 0.928572
vt 0.284480 0.894742
vt 0.271859 0.927704
vt 0.281983 0.894809
vt 0.267082 0.926467
vt 0.279565 0.894518
vt 0.262283 0.924824
vt 0.277193 0.893907
vt 0.257460 0.922728
vt 0.274881 0.892986
vt 0.252621 0.920124
vt 0.272628 0.891757
vt 0.247786 0.916944
vt 0.270441 0.890212
vt 0.242903 0.913024
vt 0.268297 0.888374
vt 0.238412 0.908633
vt 0.266205 0.886194
vt 0.234346 0.903827
vt 0.264275 0.883757
vt 0.230731 0.898668
vt 0.262524 0.881081
vt 0.227591 0.893235
vt 0.260965 0.878180
vt 0.224931 0.887608
vt 0.259618 0.875076
vt 0.222743 0.881872
vt 0.258499 0.871788
vt 0.221002 0.876101
vt 0.257624 0.868338
vt 0.219666 0.870357
vt 0.257008 0.864744
vt 0.218687 0.864680
vt 0.256666 0.861021
vt 0.218010 0.859088
vt 0.256611 0.857176
vt 0.217584 0.853572
vt 0.256862 0.853204
vt 0.217385 0.847355
vt 0.257438 0.849087
vt 0.217348 0.846828
vt 0.258296 0.844241
vt 0.217312 0.846318
vt 0.258389 0.843742
vt 0.217277 0.845817
vt 0.258465 0.843250
vt 0.217242 0.845318
vt 0.258522 0.842761
vt 0.217206 0.844815
vt 0.258570 0.842268
vt 0.217169 0.844301
vt 0.258595 0.841768
vt 0.217132 0.843767
vt 0.258597 0.841256
vt 0.217092 0.843206
vt 0.258585 0.840724
vt 0.217049 0.842610
vt 0.258547 0.840167
vt 0.217003 0.841972
vt 0.258481 0.839582
vt 0.216954 0.841287
vt 0.258398 0.838958
vt 0.216901 0.840547
vt 0.258285 0.838294
vt 0.216901 0.734918
vt 0.258141 0.837588
vt 0.277653 0.676157
vt 0.253754 0.749440
vt 0.289590 0.675014
vt 0.284773 0.714804
vt 0.298467 0.675209
vt 0.291507 0.710614
vt 0.305301 0.676055
vt 0.296468 0.708595
vt 0.311067 0.677294
vt 0.300292 0.707840
vt 0.316406 0.678914
vt 0.303446 0.707944
vt 0.321558 0.680952
vt 0.306238 0.708772
vt 0.326473 0.683359
vt 0.308819 0.710254
vt 0.330963 0.685956
vt 0.311238 0.712296
vt 0.334810 0.688456
vt 0.313425 0.714687
vt 0.337810 0.690547
vt 0.315342 0.717217
vt 0.339764 0.691954
vt 0.317224 0.719532
vt 0.340464 0.692456
vt 0.318575 0.721161
vt 0.319076 0.721790
vt 0.157190 0.061811
vt 0.145419 0.011212
vt 0.161673 0.059098
vt 0.152882 0.065159
vt 0.135030 0.017189
vt 0.148818 0.069066
vt 0.125535 0.024158
vt 0.145063 0.073452
vt 0.116989 0.032000
vt 0.141677 0.078229
vt 0.109453 0.040579
vt 0.138711 0.083306
vt 0.102976 0.049756
vt 0.136201 0.088595
vt 0.097594 0.059381
vt 0.134176 0.094012
vt 0.093329 0.069304
vt 0.132648 0.099485
vt 0.090182 0.079381
vt 0.131627 0.104959
vt 0.088137 0.089481
vt 0.131115 0.110397
vt 0.087165 0.099490
vt 0.135573 0.191170
vt 0.087227 0.109321
vt 0.135801 0.193019
vt 0.092578 0.194261
vt 0.135981 0.194837
vt 0.094151 0.196048
vt 0.136115 0.196624
vt 0.095758 0.197749
vt 0.136203 0.198382
vt 0.097396 0.199372
vt 0.136246 0.200113
vt 0.099063 0.200922
vt 0.136244 0.201819
vt 0.100759 0.202408
vt 0.136198 0.203501
vt 0.102483 0.203834
vt 0.136109 0.205161
vt 0.104233 0.205207
vt 0.135974 0.206799
vt 0.106010 0.206532
vt 0.135795 0.208418
vt 0.107813 0.207813
vt 0.135570 0.210016
vt 0.109643 0.209051
vt 0.135269 0.211633
vt 0.111500 0.210246
vt 0.132035 0.215777
vt 0.113383 0.211398
vt 0.130725 0.218171
vt 0.115375 0.215894
vt 0.129385 0.220509
vt 0.117541 0.217069
vt 0.127995 0.222531
vt 0.119737 0.218172
vt 0.126293 0.224670
vt 0.121961 0.219206
vt 0.124571 0.226754
vt 0.124212 0.220169
vt 0.122833 0.228785
vt 0.126491 0.221061
vt 0.121207 0.229788
vt 0.128797 0.221880
vt 0.119593 0.230746
vt 0.131130 0.222626
vt 0.117996 0.231661
vt 0.133490 0.223297
vt 0.116417 0.232535
vt 0.135875 0.223894
vt 0.114860 0.233370
vt 0.138285 0.224414
vt 0.113287 0.234171
vt 0.140720 0.224856
vt 0.101760 0.175321
vt 0.143177 0.225213
vt 0.099770 0.172066
vt 0.130701 0.166073
vt 0.097601 0.169015
vt 0.127610 0.159070
vt 0.095247 0.166200
vt 0.123806 0.152694
vt 0.092713 0.163621
vt 0.119381 0.146951
vt 0.090004 0.161273
vt 0.114410 0.141849
vt 0.087123 0.159154
vt 0.108952 0.137402
vt 0.084073 0.157264
vt 0.103059 0.133631
vt 0.080858 0.155607
vt 0.096782 0.130570
vt 0.077482 0.154187
vt 0.090173 0.128258
vt 0.073953 0.153013
vt 0.083289 0.126747
vt 0.071324 0.153931
vt 0.076202 0.126100
vt 0.068429 0.155337
vt 0.068997 0.126388
vt 0.065422 0.157223
vt 0.061727 0.127638
vt 0.062466 0.159535
vt 0.054566 0.129838
vt 0.059599 0.162244
vt 0.047701 0.132914
vt 0.056865 0.165319
vt 0.041203 0.136807
vt 0.054309 0.168724
vt 0.035144 0.141447
vt 0.051978 0.172418
vt 0.029594 0.146758
vt 0.049912 0.176354
vt 0.024615 0.152655
vt 0.048150 0.180487
vt 0.020259 0.159044
vt 0.046725 0.184770
vt 0.016569 0.165831
vt 0.045664 0.189162
vt 0.013570 0.172921
vt 0.044990 0.193631
vt 0.011275 0.180226
vt 0.044727 0.198152
vt 0.009686 0.187668
vt 0.045303 0.257280
vt 0.008794 0.195186
vt 0.045151 0.258871
vt 0.007722 0.256544
vt 0.044948 0.260433
vt 0.007697 0.257127
vt 0.044697 0.261966
vt 0.007670 0.257684
vt 0.044401 0.263474
vt 0.007642 0.258221
vt 0.044061 0.264956
vt 0.007612 0.258745
vt 0.043682 0.266415
vt 0.007581 0.259261
vt 0.043263 0.267850
vt 0.007548 0.259774
vt 0.042807 0.269262
vt 0.007511 0.260288
vt 0.042316 0.270651
vt 0.007471 0.260807
vt 0.041791 0.272017
vt 0.007427 0.261334
vt 0.041234 0.273361
vt 0.007377 0.261870
vt 0.040646 0.274681
vt 0.007320 0.262419
vt 0.029270 0.285200
vt 0.007255 0.262981
vt 0.035929 0.386574
vt 0.000376 0.282823
vt 0.041975 0.404794
vt 0.003674 0.390088
vt 0.041923 0.405646
vt 0.007353 0.411818
vt 0.041897 0.406466
vt 0.007566 0.413367
vt 0.041892 0.407255
vt 0.007809 0.414903
vt 0.041904 0.408015
vt 0.008082 0.416433
vt 0.041957 0.408756
vt 0.008386 0.417957
vt 0.043180 0.409816
vt 0.008720 0.419475
vt 0.043344 0.410612
vt 0.009085 0.420988
vt 0.043311 0.411371
vt 0.009480 0.422493
vt 0.043257 0.412156
vt 0.009904 0.423989
vt 0.043178 0.412965
vt 0.010358 0.425477
vt 0.043069 0.413799
vt 0.010841 0.426957
vt 0.042928 0.414659
vt 0.011355 0.428430
vt 0.073933 0.476433
vt 0.011903 0.429900
vt 0.075853 0.479732
vt 0.045701 0.494200
vt 0.077957 0.482598
vt 0.050330 0.500142
vt 0.080217 0.485076
vt 0.055389 0.505343
vt 0.082601 0.487206
vt 0.060825 0.509830
vt 0.085073 0.489025
vt 0.066601 0.513620
vt 0.087592 0.490566
vt 0.072687 0.516717
vt 0.090197 0.491804
vt 0.079060 0.519111
vt 0.092877 0.492736
vt 0.085698 0.520774
vt 0.095612 0.493360
vt 0.092576 0.521661
vt 0.098380 0.493656
vt 0.099662 0.521707
vt 0.101668 0.490985
vt 0.106909 0.520830
vt 0.105089 0.487951
vt 0.114254 0.518922
vt 0.108503 0.484571
vt 0.121619 0.515961
vt 0.111771 0.480858
vt 0.128785 0.512014
vt 0.114859 0.476817
vt 0.135563 0.507194
vt 0.117731 0.472465
vt 0.141869 0.501573
vt 0.120350 0.467829
vt 0.147622 0.495235
vt 0.122681 0.462950
vt 0.152744 0.488279
vt 0.124694 0.457873
vt 0.157170 0.480814
vt 0.126367 0.452650
vt 0.160849 0.472959
vt 0.127686 0.447332
vt 0.163744 0.464838
vt 0.128640 0.441965
vt 0.165840 0.456574
vt 0.129224 0.436586
vt 0.167138 0.448282
vt 0.129430 0.431217
vt 0.167654 0.440063
vt 0.125980 0.361813
vt 0.167415 0.432002
vt 0.126808 0.359575
vt 0.163509 0.360381
vt 0.127728 0.358085
vt 0.162352 0.359795
vt 0.128696 0.356664
vt 0.161198 0.359275
vt 0.129713 0.355280
vt 0.160046 0.358811
vt 0.130776 0.353930
vt 0.158895 0.358397
vt 0.131884 0.352615
vt 0.157746 0.358026
vt 0.133033 0.351335
vt 0.156600 0.357696
vt 0.134222 0.350091
vt 0.155458 0.357403
vt 0.135450 0.348884
vt 0.154319 0.357145
vt 0.136715 0.347715
vt 0.153186 0.356923
vt 0.138015 0.346584
vt 0.152059 0.356737
vt 0.139350 0.345496
vt 0.150940 0.356587
vt 0.144684 0.343190
vt 0.149830 0.356477
vt 0.146029 0.342415
vt 0.150613 0.354849
vt 0.147372 0.341699
vt 0.149330 0.354547
vt 0.148712 0.341037
vt 0.148033 0.354291
vt 0.150047 0.340425
vt 0.146724 0.354080
vt 0.151376 0.339862
vt 0.145406 0.353910
vt 0.152696 0.339344
vt 0.144081 0.353784
vt 0.154005 0.338868
vt 0.142751 0.353701
vt 0.155303 0.338435
vt 0.141416 0.353663
vt 0.156586 0.338040
vt 0.140078 0.353672
vt 0.157853 0.337683
vt 0.138736 0.353728
vt 0.159134 0.337352
vt 0.137393 0.353834
vt 0.160431 0.337046
vt 0.136048 0.353993
vt 0.188958 0.387402
vt 0.134704 0.354208
vt 0.190180 0.390204
vt 0.164093 0.403886
vt 0.191570 0.392589
vt 0.168207 0.408345
vt 0.193176 0.394563
vt 0.172538 0.412193
vt 0.194973 0.396159
vt 0.177073 0.415471
vt 0.196945 0.397398
vt 0.181800 0.418204
vt 0.199074 0.398295
vt 0.186708 0.420404
vt 0.201347 0.398854
vt 0.191783 0.422072
vt 0.203752 0.399074
vt 0.197008 0.423203
vt 0.206275 0.398946
vt 0.202363 0.423782
vt 0.208907 0.398457
vt 0.207826 0.423790
vt 0.211635 0.397585
vt 0.213371 0.423204
vt 0.214451 0.396305
vt 0.218968 0.421995
vt 0.217243 0.394637
vt 0.224584 0.420131
vt 0.219898 0.392645
vt 0.230089 0.417623
vt 0.222396 0.390349
vt 0.235348 0.414524
vt 0.224707 0.387779
vt 0.240310 0.410863
vt 0.226799 0.384967
vt 0.244921 0.406680
vt 0.228638 0.381951
vt 0.249129 0.402022
vt 0.230191 0.378774
vt 0.252884 0.396947
vt 0.231426 0.375478
vt 0.256148 0.391518
vt 0.232316 0.372105
vt 0.258889 0.385800
vt 0.232833 0.368693
vt 0.261090 0.379859
vt 0.232952 0.365275
vt 0.262742 0.373752
vt 0.232646 0.361873
vt 0.263848 0.367526
vt 0.226773 0.309572
vt 0.264414 0.361210
vt 0.226982 0.308737
vt 0.260689 0.307394
vt 0.227229 0.307929
vt 0.261021 0.307139
vt 0.227513 0.307145
vt 0.261367 0.306895
vt 0.227832 0.306386
vt 0.261724 0.306656
vt 0.228181 0.305651
vt 0.262092 0.306418
vt 0.228560 0.304941
vt 0.262470 0.306178
vt 0.228965 0.304256
vt 0.262858 0.305933
vt 0.229394 0.303597
vt 0.263254 0.305679
vt 0.229844 0.302965
vt 0.263659 0.305416
vt 0.230312 0.302361
vt 0.264072 0.305140
vt 0.230797 0.301787
vt 0.264493 0.304852
vt 0.231296 0.301243
vt 0.264922 0.304550
vt 0.236712 0.294539
vt 0.265358 0.304231
vt 0.224617 0.192172
vt 0.266859 0.292513
vt 0.218819 0.187276
vt 0.255960 0.187940
vt 0.218093 0.186536
vt 0.253523 0.176276
vt 0.218483 0.185496
vt 0.254664 0.175581
vt 0.218887 0.184427
vt 0.255807 0.174869
vt 0.219308 0.183329
vt 0.256949 0.174133
vt 0.219748 0.182200
vt 0.258086 0.173367
vt 0.220210 0.181040
vt 0.259218 0.172567
vt 0.220697 0.179851
vt 0.260342 0.171731
vt 0.221213 0.178636
vt 0.261458 0.170855
vt 0.221761 0.177396
vt 0.262563 0.169938
vt 0.222344 0.176134
vt 0.263657 0.168978
vt 0.222967 0.174854
vt 0.264739 0.167975
vt 0.223634 0.173558
vt 0.265806 0.166924
vt 0.208978 0.084084
vt 0.266859 0.165823
vt 0.207115 0.079384
vt 0.250882 0.072433
vt 0.204862 0.075107
vt 0.248059 0.062459
vt 0.202248 0.071233
vt 0.244208 0.053022
vt 0.199303 0.067741
vt 0.239399 0.044139
vt 0.196027 0.064634
vt 0.233679 0.035831
vt 0.192463 0.061879
vt 0.227074 0.028122
vt 0.188582 0.059529
vt 0.219596 0.021048
vt 0.184362 0.057646
vt 0.211241 0.014660
vt 0.179802 0.056273
vt 0.201996 0.009024
vt 0.174897 0.055483
vt 0.191838 0.004226
vt 0.170745 0.055874
vt 0.180733 0.000376
vt 0.166265 0.057086
vt 0.168497 0.002711
vt 0.156650 0.006341
vt 0.735570 0.360198
vt 0.719659 0.397180
vt 0.725510 0.357911
vt 0.745312 0.363615
vt 0.725299 0.398883
vt 0.754611 0.368059
vt 0.730862 0.401208
vt 0.763356 0.373403
vt 0.736280 0.404133
vt 0.771463 0.379505
vt 0.741484 0.407625
vt 0.778881 0.386218
vt 0.746406 0.411649
vt 0.785596 0.393398
vt 0.750988 0.416165
vt 0.791627 0.400913
vt 0.755180 0.421134
vt 0.797028 0.408661
vt 0.758944 0.426527
vt 0.801880 0.416571
vt 0.762252 0.432324
vt 0.806289 0.424617
vt 0.765081 0.438531
vt 0.805039 0.632220
vt 0.767421 0.445183
vt 0.800770 0.639602
vt 0.767715 0.611765
vt 0.796188 0.646618
vt 0.766845 0.617608
vt 0.791220 0.653171
vt 0.765092 0.622646
vt 0.785790 0.659252
vt 0.762655 0.627050
vt 0.779838 0.664850
vt 0.759660 0.630917
vt 0.773313 0.669940
vt 0.756194 0.634302
vt 0.766171 0.674475
vt 0.752315 0.637234
vt 0.758370 0.678382
vt 0.748061 0.639720
vt 0.749878 0.681561
vt 0.743462 0.641746
vt 0.740674 0.683875
vt 0.738541 0.643278
vt 0.730758 0.685151
vt 0.733320 0.644267
vt 0.720165 0.685169
vt 0.727824 0.644649
vt 0.709482 0.683784
vt 0.722087 0.644348
vt 0.699035 0.681031
vt 0.716334 0.643317
vt 0.689007 0.676990
vt 0.710676 0.641577
vt 0.679577 0.671785
vt 0.705183 0.639153
vt 0.670897 0.665577
vt 0.699925 0.636082
vt 0.663075 0.658558
vt 0.694976 0.632411
vt 0.656168 0.650929
vt 0.690409 0.628195
vt 0.650180 0.642883
vt 0.686299 0.623490
vt 0.645061 0.634590
vt 0.682718 0.618350
vt 0.640719 0.626179
vt 0.679741 0.612810
vt 0.637024 0.617732
vt 0.677425 0.606816
vt 0.633815 0.609281
vt 0.675844 0.600416
vt 0.633815 0.408692
vt 0.675074 0.593383
vt 0.638393 0.401174
vt 0.671660 0.430841
vt 0.643094 0.394187
vt 0.673283 0.423631
vt 0.648030 0.387745
vt 0.674965 0.417605
vt 0.653328 0.381810
vt 0.677056 0.412659
vt 0.659075 0.376380
vt 0.679636 0.408514
vt 0.665329 0.371480
vt 0.682688 0.405005
vt 0.672137 0.367148
vt 0.686127 0.402109
vt 0.679533 0.363444
vt 0.689932 0.399769
vt 0.687538 0.360448
vt 0.694098 0.397933
vt 0.696165 0.358262
vt 0.698596 0.396625
vt 0.705413 0.357010
vt 0.703421 0.395870
vt 0.715266 0.356842
vt 0.708565 0.395705
vt 0.714009 0.396115
s 0
usemtl マテリアル
f 36/1/1 38/2/1 37/3/1
f 36/1/1 39/4/1 38/2/1
f 35/5/1 39/4/1 36/1/1
f 35/5/1 40/6/1 39/4/1
f 34/7/1 40/6/1 35/5/1
f 34/7/1 41/8/1 40/6/1
f 33/9/1 41/8/1 34/7/1
f 33/9/1 42/10/1 41/8/1
f 32/11/1 42/10/1 33/9/1
f 32/11/1 43/12/1 42/10/1
f 32/11/1 44/13/1 43/12/1
f 31/14/1 44/13/1 32/11/1
f 31/14/1 45/15/1 44/13/1
f 30/16/1 45/15/1 31/14/1
f 30/16/1 46/17/1 45/15/1
f 29/18/1 46/17/1 30/16/1
f 29/18/1 47/19/1 46/17/1
f 28/20/1 47/19/1 29/18/1
f 28/20/1 48/21/1 47/19/1
f 27/22/1 48/21/1 28/20/1
f 27/22/1 49/23/1 48/21/1
f 26/24/1 49/23/1 27/22/1
f 26/24/1 50/25/1 49/23/1
f 25/26/1 50/25/1 26/24/1
f 24/27/1 50/25/1 25/26/1
f 24/27/1 1/28/1 50/25/1
f 23/29/1 1/28/1 24/27/1
f 23/29/1 2/30/1 1/28/1
f 22/31/1 2/30/1 23/29/1
f 22/31/1 3/32/1 2/30/1
f 21/33/1 3/32/1 22/31/1
f 21/33/1 4/34/1 3/32/1
f 20/35/1 4/34/1 21/33/1
f 20/35/1 5/36/1 4/34/1
f 19/37/1 5/36/1 20/35/1
f 19/37/1 6/38/1 5/36/1
f 19/37/1 7/39/1 6/38/1
f 18/40/1 7/39/1 19/37/1
f 18/40/1 8/41/1 7/39/1
f 17/42/1 8/41/1 18/40/1
f 17/42/1 9/43/1 8/41/1
f 16/44/1 9/43/1 17/42/1
f 16/44/1 10/45/1 9/43/1
f 15/46/1 10/45/1 16/44/1
f 15/46/1 11/47/1 10/45/1
f 14/48/1 11/47/1 15/46/1
f 13/49/1 11/47/1 14/48/1
f 13/49/1 12/50/1 11/47/1
f 230/51/1 232/52/1 231/53/1
f 230/51/1 233/54/1 232/52/1
f 229/55/1 233/54/1 230/51/1
f 229/55/1 234/56/1 233/54/1
f 229/55/1 235/57/1 234/56/1
f 228/58/1 235/57/1 229/55/1
f 228/58/1 236/59/1 235/57/1
f 227/60/1 236/59/1 228/58/1
f 227/60/1 237/61/1 236/59/1
f 226/62/1 237/61/1 227/60/1
f 226/62/1 238/63/1 237/61/1
f 225/64/1 238/63/1 226/62/1
f 225/64/1 239/65/1 238/63/1
f 224/66/1 239/65/1 225/64/1
f 224/66/1 240/67/1 239/65/1
f 223/68/1 240/67/1 224/66/1
f 223/68/1 241/69/1 240/67/1
f 222/70/1 241/69/1 223/68/1
f 222/70/1 242/71/1 241/69/1
f 221/72/1 242/71/1 222/70/1
f 221/72/1 243/73/1 242/71/1
f 220/74/1 243/73/1 221/72/1
f 220/74/1 244/75/1 243/73/1
f 219/76/1 244/75/1 220/74/1
f 219/76/1 245/77/1 244/75/1
f 218/78/1 245/77/1 219/76/1
f 216/79/1 218/78/1 217/80/1
f 216/79/1 245/77/1 218/78/1
f 216/79/1 246/81/1 245/77/1
f 216/79/1 247/82/1 246/81/1
f 216/79/1 248/83/1 247/82/1
f 215/84/1 248/83/1 216/79/1
f 215/84/1 249/85/1 248/83/1
f 214/86/1 249/85/1 215/84/1
f 214/86/1 250/87/1 249/85/1
f 213/88/1 250/87/1 214/86/1
f 213/88/1 251/89/1 250/87/1
f 212/90/1 251/89/1 213/88/1
f 211/91/1 251/89/1 212/90/1
f 211/91/1 252/92/1 251/89/1
f 210/93/1 252/92/1 211/91/1
f 210/93/1 253/94/1 252/92/1
f 209/95/1 253/94/1 210/93/1
f 209/95/1 254/96/1 253/94/1
f 208/97/1 254/96/1 209/95/1
f 208/97/1 255/98/1 254/96/1
f 207/99/1 255/98/1 208/97/1
f 207/99/1 256/100/1 255/98/1
f 206/101/1 256/100/1 207/99/1
f 206/101/1 257/102/1 256/100/1
f 205/103/1 257/102/1 206/101/1
f 205/103/1 258/104/1 257/102/1
f 204/105/1 258/104/1 205/103/1
f 204/105/1 51/106/1 258/104/1
f 203/107/1 51/106/1 204/105/1
f 203/107/1 52/108/1 51/106/1
f 202/109/1 52/108/1 203/107/1
f 202/109/1 53/110/1 52/108/1
f 201/111/1 53/110/1 202/109/1
f 201/111/1 54/112/1 53/110/1
f 200/113/1 54/112/1 201/111/1
f 200/113/1 55/114/1 54/112/1
f 199/115/1 55/114/1 200/113/1
f 199/115/1 56/116/1 55/114/1
f 198/117/1 56/116/1 199/115/1
f 198/117/1 57/118/1 56/116/1
f 197/119/1 57/118/1 198/117/1
f 197/119/1 58/120/1 57/118/1
f 196/121/1 58/120/1 197/119/1
f 196/121/1 59/122/1 58/120/1
f 195/123/1 59/122/1 196/121/1
f 195/123/1 60/124/1 59/122/1
f 194/125/1 60/124/1 195/123/1
f 194/125/1 61/126/1 60/124/1
f 193/127/1 61/126/1 194/125/1
f 193/127/1 62/128/1 61/126/1
f 192/129/1 62/128/1 193/127/1
f 191/130/1 63/131/1 192/129/1
f 63/131/1 62/128/1 192/129/1
f 191/130/1 64/132/1 63/131/1
f 191/130/1 65/133/1 64/132/1
f 190/134/1 65/133/1 191/130/1
f 190/134/1 66/135/1 65/133/1
f 189/136/1 66/135/1 190/134/1
f 189/136/1 67/137/1 66/135/1
f 188/138/1 67/137/1 189/136/1
f 188/138/1 68/139/1 67/137/1
f 187/140/1 68/139/1 188/138/1
f 187/140/1 69/141/1 68/139/1
f 186/142/1 69/141/1 187/140/1
f 186/142/1 70/143/1 69/141/1
f 185/144/1 70/143/1 186/142/1
f 185/144/1 71/145/1 70/143/1
f 184/146/1 71/145/1 185/144/1
f 184/146/1 72/147/1 71/145/1
f 183/148/1 72/147/1 184/146/1
f 183/148/1 73/149/1 72/147/1
f 182/150/1 73/149/1 183/148/1
f 182/150/1 74/151/1 73/149/1
f 181/152/1 74/151/1 182/150/1
f 181/152/1 75/153/1 74/151/1
f 180/154/1 75/153/1 181/152/1
f 179/155/1 75/153/1 180/154/1
f 179/155/1 76/156/1 75/153/1
f 178/157/1 76/156/1 179/155/1
f 178/157/1 77/158/1 76/156/1
f 178/157/1 78/159/1 77/158/1
f 177/160/1 78/159/1 178/157/1
f 177/160/1 79/161/1 78/159/1
f 176/162/1 79/161/1 177/160/1
f 176/162/1 80/163/1 79/161/1
f 175/164/1 80/163/1 176/162/1
f 175/164/1 81/165/1 80/163/1
f 174/166/1 81/165/1 175/164/1
f 174/166/1 82/167/1 81/165/1
f 173/168/1 82/167/1 174/166/1
f 173/168/1 83/169/1 82/167/1
f 172/170/1 83/169/1 173/168/1
f 172/170/1 84/171/1 83/169/1
f 171/172/1 84/171/1 172/170/1
f 171/172/1 85/173/1 84/171/1
f 170/174/1 85/173/1 171/172/1
f 170/174/1 86/175/1 85/173/1
f 169/176/1 86/175/1 170/174/1
f 169/176/1 87/177/1 86/175/1
f 168/178/1 87/177/1 169/176/1
f 168/178/1 88/179/1 87/177/1
f 167/180/1 88/179/1 168/178/1
f 165/181/1 167/180/1 166/182/1
f 165/181/1 88/179/1 167/180/1
f 165/181/1 89/183/1 88/179/1
f 165/181/1 90/184/1 89/183/1
f 165/181/1 91/185/1 90/184/1
f 164/186/1 91/185/1 165/181/1
f 164/186/1 92/187/1 91/185/1
f 163/188/1 92/187/1 164/186/1
f 163/188/1 93/189/1 92/187/1
f 162/190/1 93/189/1 163/188/1
f 162/190/1 94/191/1 93/189/1
f 161/192/1 94/191/1 162/190/1
f 160/193/1 94/191/1 161/192/1
f 160/193/1 95/194/1 94/191/1
f 159/195/1 95/194/1 160/193/1
f 159/195/1 96/196/1 95/194/1
f 158/197/1 96/196/1 159/195/1
f 158/197/1 97/198/1 96/196/1
f 157/199/1 97/198/1 158/197/1
f 157/199/1 98/200/1 97/198/1
f 156/201/1 98/200/1 157/199/1
f 156/201/1 99/202/1 98/200/1
f 155/203/1 99/202/1 156/201/1
f 155/203/1 100/204/1 99/202/1
f 154/205/1 100/204/1 155/203/1
f 154/205/1 101/206/1 100/204/1
f 153/207/1 101/206/1 154/205/1
f 153/207/1 102/208/1 101/206/1
f 153/207/1 103/209/1 102/208/1
f 152/210/1 103/209/1 153/207/1
f 152/210/1 104/211/1 103/209/1
f 151/212/1 104/211/1 152/210/1
f 151/212/1 105/213/1 104/211/1
f 150/214/1 105/213/1 151/212/1
f 150/214/1 106/215/1 105/213/1
f 149/216/1 106/215/1 150/214/1
f 149/216/1 107/217/1 106/215/1
f 148/218/1 107/217/1 149/216/1
f 148/218/1 108/219/1 107/217/1
f 147/220/1 108/219/1 148/218/1
f 147/220/1 109/221/1 108/219/1
f 146/222/1 109/221/1 147/220/1
f 146/222/1 110/223/1 109/221/1
f 145/224/1 110/223/1 146/222/1
f 145/224/1 111/225/1 110/223/1
f 144/226/1 111/225/1 145/224/1
f 144/226/1 112/227/1 111/225/1
f 143/228/1 112/227/1 144/226/1
f 143/228/1 113/229/1 112/227/1
f 142/230/1 113/229/1 143/228/1
f 141/231/1 113/229/1 142/230/1
f 140/232/1 114/233/1 141/231/1
f 114/233/1 113/229/1 141/231/1
f 140/232/1 115/234/1 114/233/1
f 140/232/1 116/235/1 115/234/1
f 139/236/1 116/235/1 140/232/1
f 139/236/1 117/237/1 116/235/1
f 138/238/1 117/237/1 139/236/1
f 138/238/1 118/239/1 117/237/1
f 137/240/1 118/239/1 138/238/1
f 137/240/1 119/241/1 118/239/1
f 136/242/1 119/241/1 137/240/1
f 136/242/1 120/243/1 119/241/1
f 135/244/1 120/243/1 136/242/1
f 135/244/1 121/245/1 120/243/1
f 134/246/1 121/245/1 135/244/1
f 134/246/1 122/247/1 121/245/1
f 133/248/1 122/247/1 134/246/1
f 133/248/1 123/249/1 122/247/1
f 132/250/1 123/249/1 133/248/1
f 132/250/1 124/251/1 123/249/1
f 131/252/1 124/251/1 132/250/1
f 131/252/1 125/253/1 124/251/1
f 130/254/1 125/253/1 131/252/1
f 130/254/1 126/255/1 125/253/1
f 129/256/1 126/255/1 130/254/1
f 128/257/1 126/255/1 129/256/1
f 128/257/1 127/258/1 126/255/1
f 264/259/1 266/260/1 265/261/1
f 264/259/1 263/262/1 266/260/1
f 259/263/1 261/264/1 260/265/1
f 259/263/1 262/266/1 261/264/1
f 317/267/1 319/268/1 318/269/1
f 317/267/1 320/270/1 319/268/1
f 317/267/1 321/271/1 320/270/1
f 317/267/1 322/272/1 321/271/1
f 317/267/1 323/273/1 322/272/1
f 317/267/1 324/274/1 323/273/1
f 317/267/1 325/275/1 324/274/1
f 317/267/1 326/276/1 325/275/1
f 317/267/1 327/277/1 326/276/1
f 317/267/1 328/278/1 327/277/1
f 317/267/1 329/279/1 328/278/1
f 317/267/1 330/280/1 329/279/1
f 317/267/1 331/281/1 330/280/1
f 317/267/1 267/282/1 331/281/1
f 316/283/1 267/282/1 317/267/1
f 315/284/1 267/282/1 316/283/1
f 314/285/1 267/282/1 315/284/1
f 313/286/1 267/282/1 314/285/1
f 312/287/1 267/282/1 313/286/1
f 311/288/1 267/282/1 312/287/1
f 310/289/1 267/282/1 311/288/1
f 309/290/1 267/282/1 310/289/1
f 308/291/1 267/282/1 309/290/1
f 307/292/1 267/282/1 308/291/1
f 306/293/1 267/282/1 307/292/1
f 305/294/1 267/282/1 306/293/1
f 303/295/1 305/294/1 304/296/1
f 303/295/1 267/282/1 305/294/1
f 302/297/1 267/282/1 303/295/1
f 301/298/1 267/282/1 302/297/1
f 300/299/1 267/282/1 301/298/1
f 299/300/1 267/282/1 300/299/1
f 298/301/1 267/282/1 299/300/1
f 297/302/1 267/282/1 298/301/1
f 296/303/1 267/282/1 297/302/1
f 296/303/1 268/304/1 267/282/1
f 296/303/1 269/305/1 268/304/1
f 295/306/1 269/305/1 296/303/1
f 295/306/1 270/307/1 269/305/1
f 294/308/1 270/307/1 295/306/1
f 294/308/1 271/309/1 270/307/1
f 293/310/1 271/309/1 294/308/1
f 293/310/1 272/311/1 271/309/1
f 292/312/1 272/311/1 293/310/1
f 291/313/1 272/311/1 292/312/1
f 291/313/1 273/314/1 272/311/1
f 290/315/1 273/314/1 291/313/1
f 290/315/1 274/316/1 273/314/1
f 289/317/1 274/316/1 290/315/1
f 288/318/1 274/316/1 289/317/1
f 288/318/1 275/319/1 274/316/1
f 287/320/1 275/319/1 288/318/1
f 287/320/1 276/321/1 275/319/1
f 286/322/1 276/321/1 287/320/1
f 285/323/1 276/321/1 286/322/1
f 285/323/1 277/324/1 276/321/1
f 284/325/1 277/324/1 285/323/1
f 283/326/1 277/324/1 284/325/1
f 283/326/1 278/327/1 277/324/1
f 282/328/1 278/327/1 283/326/1
f 281/329/1 278/327/1 282/328/1
f 281/329/1 279/330/1 278/327/1
f 280/331/1 279/330/1 281/329/1
f 420/332/1 422/333/1 421/334/1
f 420/332/1 423/335/1 422/333/1
f 419/336/1 423/335/1 420/332/1
f 419/336/1 424/337/1 423/335/1
f 418/338/1 424/337/1 419/336/1
f 417/339/1 424/337/1 418/338/1
f 417/339/1 425/340/1 424/337/1
f 416/341/1 425/340/1 417/339/1
f 415/342/1 425/340/1 416/341/1
f 415/342/1 426/343/1 425/340/1
f 414/344/1 426/343/1 415/342/1
f 414/344/1 427/345/1 426/343/1
f 413/346/1 427/345/1 414/344/1
f 412/347/1 427/345/1 413/346/1
f 412/347/1 428/348/1 427/345/1
f 411/349/1 428/348/1 412/347/1
f 411/349/1 429/350/1 428/348/1
f 410/351/1 429/350/1 411/349/1
f 410/351/1 430/352/1 429/350/1
f 409/353/1 430/352/1 410/351/1
f 408/354/1 430/352/1 409/353/1
f 408/354/1 431/355/1 430/352/1
f 407/356/1 431/355/1 408/354/1
f 407/356/1 432/357/1 431/355/1
f 406/358/1 432/357/1 407/356/1
f 406/358/1 433/359/1 432/357/1
f 406/358/1 434/360/1 433/359/1
f 406/358/1 395/361/1 434/360/1
f 395/361/1 394/362/1 434/360/1
f 394/362/1 382/363/1 434/360/1
f 405/364/1 395/361/1 406/358/1
f 404/365/1 395/361/1 405/364/1
f 403/366/1 395/361/1 404/365/1
f 402/367/1 396/368/1 403/366/1
f 396/368/1 395/361/1 403/366/1
f 401/369/1 396/368/1 402/367/1
f 400/370/1 396/368/1 401/369/1
f 399/371/1 396/368/1 400/370/1
f 398/372/1 396/368/1 399/371/1
f 397/373/1 396/368/1 398/372/1
f 393/374/1 382/363/1 394/362/1
f 392/375/1 382/363/1 393/374/1
f 391/376/1 382/363/1 392/375/1
f 390/377/1 382/363/1 391/376/1
f 389/378/1 382/363/1 390/377/1
f 388/379/1 382/363/1 389/378/1
f 387/380/1 382/363/1 388/379/1
f 386/381/1 382/363/1 387/380/1
f 385/382/1 382/363/1 386/381/1
f 384/383/1 382/363/1 385/382/1
f 383/384/1 382/363/1 384/383/1
f 367/385/1 369/386/1 368/387/1
f 367/385/1 370/388/1 369/386/1
f 366/389/1 370/388/1 367/385/1
f 366/389/1 371/390/1 370/388/1
f 365/391/1 371/390/1 366/389/1
f 365/391/1 372/392/1 371/390/1
f 364/393/1 372/392/1 365/391/1
f 364/393/1 373/394/1 372/392/1
f 363/395/1 373/394/1 364/393/1
f 363/395/1 374/396/1 373/394/1
f 362/397/1 374/396/1 363/395/1
f 362/397/1 375/398/1 374/396/1
f 361/399/1 375/398/1 362/397/1
f 361/399/1 376/400/1 375/398/1
f 360/401/1 376/400/1 361/399/1
f 360/401/1 377/402/1 376/400/1
f 359/403/1 377/402/1 360/401/1
f 359/403/1 378/404/1 377/402/1
f 358/405/1 378/404/1 359/403/1
f 358/405/1 379/406/1 378/404/1
f 357/407/1 379/406/1 358/405/1
f 357/407/1 380/408/1 379/406/1
f 356/409/1 380/408/1 357/407/1
f 356/409/1 381/410/1 380/408/1
f 355/411/1 381/410/1 356/409/1
f 355/411/1 332/412/1 381/410/1
f 354/413/1 332/412/1 355/411/1
f 354/413/1 333/414/1 332/412/1
f 353/415/1 333/414/1 354/413/1
f 353/415/1 334/416/1 333/414/1
f 352/417/1 334/416/1 353/415/1
f 352/417/1 335/418/1 334/416/1
f 351/419/1 335/418/1 352/417/1
f 351/419/1 336/420/1 335/418/1
f 350/421/1 336/420/1 351/419/1
f 350/421/1 337/422/1 336/420/1
f 349/423/1 337/422/1 350/421/1
f 349/423/1 338/424/1 337/422/1
f 348/425/1 338/424/1 349/423/1
f 348/425/1 339/426/1 338/424/1
f 347/427/1 339/426/1 348/425/1
f 347/427/1 340/428/1 339/426/1
f 346/429/1 340/428/1 347/427/1
f 346/429/1 341/430/1 340/428/1
f 345/431/1 341/430/1 346/429/1
f 345/431/1 342/432/1 341/430/1
f 344/433/1 342/432/1 345/431/1
f 344/433/1 343/434/1 342/432/1
f 470/435/2 471/436/2 472/437/2
f 470/435/2 472/437/2 473/438/2
f 469/439/2 470/435/2 473/438/2
f 469/439/2 473/438/2 474/440/2
f 468/441/2 469/439/2 474/440/2
f 468/441/2 474/440/2 475/442/2
f 467/443/2 468/441/2 475/442/2
f 467/443/2 475/442/2 476/444/2
f 466/445/2 467/443/2 476/444/2
f 466/445/2 476/444/2 477/446/2
f 466/445/2 477/446/2 478/447/2
f 465/448/2 466/445/2 478/447/2
f 465/448/2 478/447/2 479/449/2
f 464/450/2 465/448/2 479/449/2
f 464/450/2 479/449/2 480/451/2
f 463/452/2 464/450/2 480/451/2
f 463/452/2 480/451/2 481/453/2
f 462/454/2 463/452/2 481/453/2
f 462/454/2 481/453/2 482/455/2
f 461/456/2 462/454/2 482/455/2
f 461/456/2 482/455/2 483/457/2
f 460/458/2 461/456/2 483/457/2
f 460/458/2 483/457/2 484/459/2
f 459/460/2 460/458/2 484/459/2
f 458/461/2 459/460/2 484/459/2
f 458/461/2 484/459/2 435/462/2
f 457/463/2 458/461/2 435/462/2
f 457/463/2 435/462/2 436/464/2
f 456/465/2 457/463/2 436/464/2
f 456/465/2 436/464/2 437/466/2
f 455/467/2 456/465/2 437/466/2
f 455/467/2 437/466/2 438/468/2
f 454/469/2 455/467/2 438/468/2
f 454/469/2 438/468/2 439/470/2
f 453/471/2 454/469/2 439/470/2
f 453/471/2 439/470/2 440/472/2
f 453/471/2 440/472/2 441/473/2
f 452/474/2 453/471/2 441/473/2
f 452/474/2 441/473/2 442/475/2
f 451/476/2 452/474/2 442/475/2
f 451/476/2 442/475/2 443/477/2
f 450/478/2 451/476/2 443/477/2
f 450/478/2 443/477/2 444/479/2
f 449/480/2 450/478/2 444/479/2
f 449/480/2 444/479/2 445/481/2
f 448/482/2 449/480/2 445/481/2
f 447/483/2 448/482/2 445/481/2
f 447/483/2 445/481/2 446/484/2
f 664/485/2 665/486/2 666/487/2
f 664/485/2 666/487/2 667/488/2
f 663/489/2 664/485/2 667/488/2
f 663/489/2 667/488/2 668/490/2
f 663/489/2 668/490/2 669/491/2
f 662/492/2 663/489/2 669/491/2
f 662/492/2 669/491/2 670/493/2
f 661/494/2 662/492/2 670/493/2
f 661/494/2 670/493/2 671/495/2
f 660/496/2 661/494/2 671/495/2
f 660/496/2 671/495/2 672/497/2
f 659/498/2 660/496/2 672/497/2
f 659/498/2 672/497/2 673/499/2
f 658/500/2 659/498/2 673/499/2
f 658/500/2 673/499/2 674/501/2
f 657/502/2 658/500/2 674/501/2
f 657/502/2 674/501/2 675/503/2
f 656/504/2 657/502/2 675/503/2
f 656/504/2 675/503/2 676/505/2
f 655/506/2 656/504/2 676/505/2
f 655/506/2 676/505/2 677/507/2
f 654/508/2 655/506/2 677/507/2
f 654/508/2 677/507/2 678/509/2
f 653/510/2 654/508/2 678/509/2
f 653/510/2 678/509/2 679/511/2
f 652/512/2 653/510/2 679/511/2
f 650/513/2 651/514/2 652/512/2
f 650/513/2 652/512/2 679/511/2
f 650/513/2 679/511/2 680/515/2
f 650/513/2 680/515/2 681/516/2
f 650/513/2 681/516/2 682/517/2
f 649/518/2 650/513/2 682/517/2
f 649/518/2 682/517/2 683/519/2
f 648/520/2 649/518/2 683/519/2
f 648/520/2 683/519/2 684/521/2
f 647/522/2 648/520/2 684/521/2
f 647/522/2 684/521/2 685/523/2
f 646/524/2 647/522/2 685/523/2
f 645/525/2 646/524/2 685/523/2
f 645/525/2 685/523/2 686/526/2
f 644/527/2 645/525/2 686/526/2
f 644/527/2 686/526/2 687/528/2
f 643/529/2 644/527/2 687/528/2
f 643/529/2 687/528/2 688/530/2
f 642/531/2 643/529/2 688/530/2
f 642/531/2 688/530/2 689/532/2
f 641/533/2 642/531/2 689/532/2
f 641/533/2 689/532/2 690/534/2
f 640/535/2 641/533/2 690/534/2
f 640/535/2 690/534/2 691/536/2
f 639/537/2 640/535/2 691/536/2
f 639/537/2 691/536/2 692/538/2
f 638/539/2 639/537/2 692/538/2
f 638/539/2 692/538/2 485/540/2
f 637/541/2 638/539/2 485/540/2
f 637/541/2 485/540/2 486/542/2
f 636/543/2 637/541/2 486/542/2
f 636/543/2 486/542/2 487/544/2
f 635/545/2 636/543/2 487/544/2
f 635/545/2 487/544/2 488/546/2
f 634/547/2 635/545/2 488/546/2
f 634/547/2 488/546/2 489/548/2
f 633/549/2 634/547/2 489/548/2
f 633/549/2 489/548/2 490/550/2
f 632/551/2 633/549/2 490/550/2
f 632/551/2 490/550/2 491/552/2
f 631/553/2 632/551/2 491/552/2
f 631/553/2 491/552/2 492/554/2
f 630/555/2 631/553/2 492/554/2
f 630/555/2 492/554/2 493/556/2
f 629/557/2 630/555/2 493/556/2
f 629/557/2 493/556/2 494/558/2
f 628/559/2 629/557/2 494/558/2
f 628/559/2 494/558/2 495/560/2
f 627/561/2 628/559/2 495/560/2
f 627/561/2 495/560/2 496/562/2
f 626/563/1 627/561/1 496/562/1
f 625/564/2 626/563/2 497/565/2
f 497/565/1 626/563/1 496/562/1
f 625/564/2 497/565/2 498/566/2
f 625/564/2 498/566/2 499/567/2
f 624/568/2 625/564/2 499/567/2
f 624/568/2 499/567/2 500/569/2
f 623/570/2 624/568/2 500/569/2
f 623/570/2 500/569/2 501/571/2
f 622/572/2 623/570/2 501/571/2
f 622/572/2 501/571/2 502/573/2
f 621/574/2 622/572/2 502/573/2
f 621/574/2 502/573/2 503/575/2
f 620/576/2 621/574/2 503/575/2
f 620/576/2 503/575/2 504/577/2
f 619/578/2 620/576/2 504/577/2
f 619/578/2 504/577/2 505/579/2
f 618/580/2 619/578/2 505/579/2
f 618/580/2 505/579/2 506/581/2
f 617/582/2 618/580/2 506/581/2
f 617/582/2 506/581/2 507/583/2
f 616/584/2 617/582/2 507/583/2
f 616/584/2 507/583/2 508/585/2
f 615/586/2 616/584/2 508/585/2
f 615/586/2 508/585/2 509/587/2
f 614/588/2 615/586/2 509/587/2
f 613/589/2 614/588/2 509/587/2
f 613/589/2 509/587/2 510/590/2
f 612/591/2 613/589/2 510/590/2
f 612/591/2 510/590/2 511/592/2
f 612/591/2 511/592/2 512/593/2
f 611/594/2 612/591/2 512/593/2
f 611/594/2 512/593/2 513/595/2
f 610/596/2 611/594/2 513/595/2
f 610/596/2 513/595/2 514/597/2
f 609/598/2 610/596/2 514/597/2
f 609/598/2 514/597/2 515/599/2
f 608/600/2 609/598/2 515/599/2
f 608/600/2 515/599/2 516/601/2
f 607/602/2 608/600/2 516/601/2
f 607/602/2 516/601/2 517/603/2
f 606/604/2 607/602/2 517/603/2
f 606/604/2 517/603/2 518/605/2
f 605/606/2 606/604/2 518/605/2
f 605/606/2 518/605/2 519/607/2
f 604/608/2 605/606/2 519/607/2
f 604/608/2 519/607/2 520/609/2
f 603/610/2 604/608/2 520/609/2
f 603/610/2 520/609/2 521/611/2
f 602/612/2 603/610/2 521/611/2
f 602/612/2 521/611/2 522/613/2
f 601/614/2 602/612/2 522/613/2
f 599/615/2 600/616/2 601/614/2
f 599/615/2 601/614/2 522/613/2
f 599/615/2 522/613/2 523/617/2
f 599/615/2 523/617/2 524/618/2
f 599/615/2 524/618/2 525/619/2
f 598/620/2 599/615/2 525/619/2
f 598/620/2 525/619/2 526/621/2
f 597/622/2 598/620/2 526/621/2
f 597/622/2 526/621/2 527/623/2
f 596/624/2 597/622/2 527/623/2
f 596/624/2 527/623/2 528/625/2
f 595/626/2 596/624/2 528/625/2
f 594/627/2 595/626/2 528/625/2
f 594/627/2 528/625/2 529/628/2
f 593/629/2 594/627/2 529/628/2
f 593/629/2 529/628/2 530/630/2
f 592/631/2 593/629/2 530/630/2
f 592/631/2 530/630/2 531/632/2
f 591/633/2 592/631/2 531/632/2
f 591/633/2 531/632/2 532/634/2
f 590/635/2 591/633/2 532/634/2
f 590/635/2 532/634/2 533/636/2
f 589/637/2 590/635/2 533/636/2
f 589/637/2 533/636/2 534/638/2
f 588/639/2 589/637/2 534/638/2
f 588/639/2 534/638/2 535/640/2
f 587/641/2 588/639/2 535/640/2
f 587/641/2 535/640/2 536/642/2
f 587/641/2 536/642/2 537/643/2
f 586/644/2 587/641/2 537/643/2
f 586/644/2 537/643/2 538/645/2
f 585/646/2 586/644/2 538/645/2
f 585/646/2 538/645/2 539/647/2
f 584/648/2 585/646/2 539/647/2
f 584/648/2 539/647/2 540/649/2
f 583/650/2 584/648/2 540/649/2
f 583/650/2 540/649/2 541/651/2
f 582/652/2 583/650/2 541/651/2
f 582/652/2 541/651/2 542/653/2
f 581/654/2 582/652/2 542/653/2
f 581/654/2 542/653/2 543/655/2
f 580/656/2 581/654/2 543/655/2
f 580/656/2 543/655/2 544/657/2
f 579/658/2 580/656/2 544/657/2
f 579/658/2 544/657/2 545/659/2
f 578/660/2 579/658/2 545/659/2
f 578/660/2 545/659/2 546/661/2
f 577/662/2 578/660/2 546/661/2
f 577/662/2 546/661/2 547/663/2
f 576/664/2 577/662/2 547/663/2
f 575/665/1 576/664/1 547/663/1
f 574/666/2 575/665/2 548/667/2
f 548/667/1 575/665/1 547/663/1
f 574/666/2 548/667/2 549/668/2
f 574/666/2 549/668/2 550/669/2
f 573/670/2 574/666/2 550/669/2
f 573/670/2 550/669/2 551/671/2
f 572/672/2 573/670/2 551/671/2
f 572/672/2 551/671/2 552/673/2
f 571/674/2 572/672/2 552/673/2
f 571/674/2 552/673/2 553/675/2
f 570/676/2 571/674/2 553/675/2
f 570/676/2 553/675/2 554/677/2
f 569/678/2 570/676/2 554/677/2
f 569/678/2 554/677/2 555/679/2
f 568/680/2 569/678/2 555/679/2
f 568/680/2 555/679/2 556/681/2
f 567/682/2 568/680/2 556/681/2
f 567/682/2 556/681/2 557/683/2
f 566/684/2 567/682/2 557/683/2
f 566/684/2 557/683/2 558/685/2
f 565/686/2 566/684/2 558/685/2
f 565/686/2 558/685/2 559/687/2
f 564/688/2 565/686/2 559/687/2
f 564/688/2 559/687/2 560/689/2
f 563/690/2 564/688/2 560/689/2
f 562/691/2 563/690/2 560/689/2
f 562/691/2 560/689/2 561/692/2
f 698/693/2 699/694/2 700/695/2
f 698/693/2 700/695/2 697/696/2
f 693/697/2 694/698/2 695/699/2
f 693/697/2 695/699/2 696/700/2
f 751/701/2 752/702/2 753/703/2
f 751/701/2 753/703/2 754/704/2
f 751/701/2 754/704/2 755/705/2
f 751/701/2 755/705/2 756/706/2
f 751/701/2 756/706/2 757/707/2
f 751/701/2 757/707/2 758/708/2
f 751/701/2 758/708/2 759/709/2
f 751/701/2 759/709/2 760/710/2
f 751/701/2 760/710/2 761/711/2
f 751/701/2 761/711/2 762/712/2
f 751/701/2 762/712/2 763/713/2
f 751/701/2 763/713/2 764/714/2
f 751/701/2 764/714/2 765/715/2
f 751/701/2 765/715/2 701/716/2
f 750/717/2 751/701/2 701/716/2
f 749/718/2 750/717/2 701/716/2
f 748/719/2 749/718/2 701/716/2
f 747/720/2 748/719/2 701/716/2
f 746/721/2 747/720/2 701/716/2
f 745/722/2 746/721/2 701/716/2
f 744/723/2 745/722/2 701/716/2
f 743/724/2 744/723/2 701/716/2
f 742/725/2 743/724/2 701/716/2
f 741/726/2 742/725/2 701/716/2
f 740/727/2 741/726/2 701/716/2
f 739/728/2 740/727/2 701/716/2
f 737/729/2 738/730/2 739/728/2
f 737/729/2 739/728/2 701/716/2
f 736/731/2 737/729/2 701/716/2
f 735/732/2 736/731/2 701/716/2
f 734/733/2 735/732/2 701/716/2
f 733/734/2 734/733/2 701/716/2
f 732/735/2 733/734/2 701/716/2
f 731/736/2 732/735/2 701/716/2
f 730/737/2 731/736/2 701/716/2
f 730/737/2 701/716/2 702/738/2
f 730/737/2 702/738/2 703/739/2
f 729/740/2 730/737/2 703/739/2
f 729/740/2 703/739/2 704/741/2
f 728/742/2 729/740/2 704/741/2
f 728/742/2 704/741/2 705/743/2
f 727/744/2 728/742/2 705/743/2
f 727/744/2 705/743/2 706/745/2
f 726/746/2 727/744/2 706/745/2
f 725/747/2 726/746/2 706/745/2
f 725/747/2 706/745/2 707/748/2
f 724/749/2 725/747/2 707/748/2
f 724/749/2 707/748/2 708/750/2
f 723/751/2 724/749/2 708/750/2
f 722/752/2 723/751/2 708/750/2
f 722/752/2 708/750/2 709/753/2
f 721/754/2 722/752/2 709/753/2
f 721/754/2 709/753/2 710/755/2
f 720/756/2 721/754/2 710/755/2
f 719/757/2 720/756/2 710/755/2
f 719/757/2 710/755/2 711/758/2
f 718/759/2 719/757/2 711/758/2
f 717/760/2 718/759/2 711/758/2
f 717/760/2 711/758/2 712/761/2
f 716/762/2 717/760/2 712/761/2
f 715/763/2 716/762/2 712/761/2
f 715/763/2 712/761/2 713/764/2
f 714/765/2 715/763/2 713/764/2
f 854/766/2 855/767/2 856/768/2
f 854/766/2 856/768/2 857/769/2
f 853/770/2 854/766/2 857/769/2
f 853/770/2 857/769/2 858/771/2
f 852/772/2 853/770/2 858/771/2
f 851/773/2 852/772/2 858/771/2
f 851/773/2 858/771/2 859/774/2
f 850/775/2 851/773/2 859/774/2
f 849/776/2 850/775/2 859/774/2
f 849/776/2 859/774/2 860/777/2
f 848/778/2 849/776/2 860/777/2
f 848/778/2 860/777/2 861/779/2
f 847/780/2 848/778/2 861/779/2
f 846/781/2 847/780/2 861/779/2
f 846/781/2 861/779/2 862/782/2
f 845/783/2 846/781/2 862/782/2
f 845/783/2 862/782/2 863/784/2
f 844/785/2 845/783/2 863/784/2
f 844/785/2 863/784/2 864/786/2
f 843/787/2 844/785/2 864/786/2
f 842/788/2 843/787/2 864/786/2
f 842/788/2 864/786/2 865/789/2
f 841/790/2 842/788/2 865/789/2
f 841/790/2 865/789/2 866/791/2
f 840/792/2 841/790/2 866/791/2
f 840/792/2 866/791/2 867/793/2
f 840/792/2 867/793/2 868/794/2
f 840/792/2 868/794/2 829/795/2
f 829/795/2 868/794/2 828/796/2
f 828/796/2 868/794/2 816/797/2
f 839/798/2 840/792/2 829/795/2
f 838/799/2 839/798/2 829/795/2
f 837/800/2 838/799/2 829/795/2
f 836/801/2 837/800/2 830/802/2
f 830/802/2 837/800/2 829/795/2
f 835/803/2 836/801/2 830/802/2
f 834/804/2 835/803/2 830/802/2
f 833/805/2 834/804/2 830/802/2
f 832/806/2 833/805/2 830/802/2
f 831/807/2 832/806/2 830/802/2
f 827/808/2 828/796/2 816/797/2
f 826/809/2 827/808/2 816/797/2
f 825/810/2 826/809/2 816/797/2
f 824/811/2 825/810/2 816/797/2
f 823/812/2 824/811/2 816/797/2
f 822/813/2 823/812/2 816/797/2
f 821/814/2 822/813/2 816/797/2
f 820/815/2 821/814/2 816/797/2
f 819/816/2 820/815/2 816/797/2
f 818/817/2 819/816/2 816/797/2
f 817/818/2 818/817/2 816/797/2
f 801/819/2 802/820/2 803/821/2
f 801/819/2 803/821/2 804/822/2
f 800/823/2 801/819/2 804/822/2
f 800/823/2 804/822/2 805/824/2
f 799/825/2 800/823/2 805/824/2
f 799/825/2 805/824/2 806/826/2
f 798/827/2 799/825/2 806/826/2
f 798/827/2 806/826/2 807/828/2
f 797/829/2 798/827/2 807/828/2
f 797/829/2 807/828/2 808/830/2
f 796/831/2 797/829/2 808/830/2
f 796/831/2 808/830/2 809/832/2
f 795/833/2 796/831/2 809/832/2
f 795/833/2 809/832/2 810/834/2
f 794/835/2 795/833/2 810/834/2
f 794/835/2 810/834/2 811/836/2
f 793/837/2 794/835/2 811/836/2
f 793/837/2 811/836/2 812/838/2
f 792/839/2 793/837/2 812/838/2
f 792/839/2 812/838/2 813/840/2
f 791/841/2 792/839/2 813/840/2
f 791/841/2 813/840/2 814/842/2
f 790/843/2 791/841/2 814/842/2
f 790/843/2 814/842/2 815/844/2
f 789/845/2 790/843/2 815/844/2
f 789/845/2 815/844/2 766/846/2
f 788/847/2 789/845/2 766/846/2
f 788/847/2 766/846/2 767/848/2
f 787/849/2 788/847/2 767/848/2
f 787/849/2 767/848/2 768/850/2
f 786/851/2 787/849/2 768/850/2
f 786/851/2 768/850/2 769/852/2
f 785/853/2 786/851/2 769/852/2
f 785/853/2 769/852/2 770/854/2
f 784/855/2 785/853/2 770/854/2
f 784/855/2 770/854/2 771/856/2
f 783/857/2 784/855/2 771/856/2
f 783/857/2 771/856/2 772/858/2
f 782/859/2 783/857/2 772/858/2
f 782/859/2 772/858/2 773/860/2
f 781/861/2 782/859/2 773/860/2
f 781/861/2 773/860/2 774/862/2
f 780/863/2 781/861/2 774/862/2
f 780/863/2 774/862/2 775/864/2
f 779/865/2 780/863/2 775/864/2
f 779/865/2 775/864/2 776/866/2
f 778/867/2 779/865/2 776/866/2
f 778/867/2 776/866/2 777/868/2
s 1
f 872/869/3 869/870/4 870/871/4
f 874/872/5 871/873/3 872/869/3
f 876/874/6 873/875/5 874/872/5
f 878/876/7 875/877/8 876/874/6
f 880/878/9 877/879/10 878/876/7
f 882/880/11 879/881/9 880/878/9
f 884/882/12 881/883/13 882/880/11
f 886/884/14 883/885/15 884/882/12
f 888/886/16 885/887/17 886/884/14
f 890/888/18 887/889/19 888/886/16
f 892/890/20 889/891/18 890/888/18
f 894/892/21 891/893/22 892/890/20
f 896/894/23 893/895/24 894/892/21
f 898/896/25 895/897/23 896/894/23
f 900/898/26 897/899/25 898/896/25
f 902/900/27 899/901/26 900/898/26
f 904/902/28 901/903/27 902/900/27
f 906/904/29 903/905/28 904/902/28
f 908/906/30 905/907/29 906/904/29
f 910/908/31 907/909/30 908/906/30
f 912/910/32 909/911/33 910/908/31
f 914/912/34 911/913/35 912/910/32
f 916/914/36 913/915/34 914/912/34
f 918/916/37 915/917/36 916/914/36
f 920/918/38 917/919/37 918/916/37
f 922/920/39 919/921/38 920/918/38
f 924/922/40 921/923/39 922/920/39
f 926/924/41 923/925/40 924/922/40
f 928/926/42 925/927/43 926/924/41
f 930/928/44 927/929/42 928/926/42
f 932/930/45 929/931/44 930/928/44
f 934/932/46 931/933/45 932/930/45
f 936/934/47 933/935/46 934/932/46
f 938/936/48 935/937/47 936/934/47
f 940/938/49 937/939/48 938/936/48
f 942/940/50 939/941/49 940/938/49
f 944/942/51 941/943/50 942/940/50
f 946/944/52 943/945/51 944/942/51
f 948/946/53 945/947/52 946/944/52
f 950/948/54 947/949/53 948/946/53
f 952/950/55 949/951/54 950/948/54
f 954/952/56 951/953/55 952/950/55
f 956/954/57 953/955/56 954/952/56
f 958/956/58 955/957/57 956/954/57
f 960/958/59 957/959/58 958/956/58
f 962/960/60 959/961/59 960/958/59
f 964/962/61 961/963/62 962/960/60
f 966/964/63 963/965/61 964/962/61
f 968/966/64 965/967/63 966/964/63
f 970/968/65 967/969/64 968/966/64
f 972/970/66 969/971/65 970/968/65
f 974/972/67 971/973/68 972/970/66
f 870/871/4 973/974/69 974/972/67
f 978/975/70 975/976/71 976/977/71
f 980/978/72 977/979/70 978/975/70
f 982/980/73 979/981/72 980/978/72
f 984/982/74 981/983/73 982/980/73
f 986/984/75 983/985/74 984/982/74
f 988/986/76 985/987/75 986/984/75
f 990/988/77 987/989/76 988/986/76
f 992/990/78 989/991/77 990/988/77
f 994/992/79 991/993/78 992/990/78
f 996/994/80 993/995/79 994/992/79
f 998/996/81 995/997/80 996/994/80
f 1000/998/82 997/999/81 998/996/81
f 1002/1000/83 999/1001/82 1000/998/82
f 1004/1002/84 1001/1003/83 1002/1000/83
f 1006/1004/85 1003/1005/84 1004/1002/84
f 1008/1006/86 1005/1007/85 1006/1004/85
f 1010/1008/87 1007/1009/88 1008/1006/86
f 1012/1010/89 1009/1011/90 1010/1008/87
f 1014/1012/91 1011/1013/89 1012/1010/89
f 1016/1014/92 1013/1015/93 1014/1012/91
f 1018/1016/94 1015/1017/92 1016/1014/92
f 1020/1018/95 1017/1019/94 1018/1016/94
f 1022/1020/96 1019/1021/95 1020/1018/95
f 1024/1022/97 1021/1023/96 1022/1020/96
f 1026/1024/98 1023/1025/97 1024/1022/97
f 1028/1026/99 1025/1027/98 1026/1024/98
f 1030/1028/100 1027/1029/99 1028/1026/99
f 1032/1030/101 1029/1031/100 1030/1028/100
f 1034/1032/102 1031/1033/103 1032/1030/101
f 1036/1034/104 1033/1035/102 1034/1032/102
f 1038/1036/105 1035/1037/104 1036/1034/104
f 1040/1038/106 1037/1039/105 1038/1036/105
f 1042/1040/107 1039/1041/106 1040/1038/106
f 1044/1042/108 1041/1043/107 1042/1040/107
f 1046/1044/109 1043/1045/108 1044/1042/108
f 1048/1046/110 1045/1047/109 1046/1044/109
f 1050/1048/111 1047/1049/110 1048/1046/110
f 1052/1050/112 1049/1051/111 1050/1048/111
f 1054/1052/113 1051/1053/112 1052/1050/112
f 1056/1054/114 1053/1055/113 1054/1052/113
f 1058/1056/115 1055/1057/114 1056/1054/114
f 1060/1058/116 1057/1059/115 1058/1056/115
f 1062/1060/117 1059/1061/116 1060/1058/116
f 1064/1062/118 1061/1063/119 1062/1060/117
f 1066/1064/120 1063/1065/118 1064/1062/118
f 1068/1066/121 1065/1067/122 1066/1064/120
f 1070/1068/123 1067/1069/121 1068/1066/121
f 1072/1070/124 1069/1071/123 1070/1068/123
f 1074/1072/125 1071/1073/124 1072/1070/124
f 976/977/71 1073/1074/125 1074/1072/125
f 1078/1075/126 1075/1076/127 1076/1077/127
f 1080/1078/128 1077/1079/126 1078/1075/126
f 1082/1080/129 1079/1081/128 1080/1078/128
f 1076/1077/127 1081/1082/129 1082/1080/129
f 1086/1083/130 1083/1084/129 1084/1085/129
f 1088/1086/131 1085/1087/132 1086/1083/130
f 1090/1088/128 1087/1089/131 1088/1086/131
f 1084/1085/129 1089/1090/128 1090/1088/128
f 1094/1091/133 1091/1092/134 1092/1093/134
f 1096/1094/135 1093/1095/136 1094/1091/133
f 1098/1096/137 1095/1097/135 1096/1094/135
f 1100/1098/138 1097/1099/137 1098/1096/137
f 1102/1100/139 1099/1101/138 1100/1098/138
f 1104/1102/140 1101/1103/139 1102/1100/139
f 1106/1104/141 1103/1105/140 1104/1102/140
f 1108/1106/142 1105/1107/141 1106/1104/141
f 1110/1108/143 1107/1109/142 1108/1106/142
f 1112/1110/144 1109/1111/143 1110/1108/143
f 1114/1112/145 1111/1113/144 1112/1110/144
f 1116/1114/146 1113/1115/145 1114/1112/145
f 1118/1116/147 1115/1117/146 1116/1114/146
f 1120/1118/148 1117/1119/147 1118/1116/147
f 1122/1120/149 1119/1121/148 1120/1118/148
f 1124/1122/150 1121/1123/149 1122/1120/149
f 1126/1124/151 1123/1125/150 1124/1122/150
f 1128/1126/152 1125/1127/151 1126/1124/151
f 1130/1128/153 1127/1129/152 1128/1126/152
f 1132/1130/93 1129/1131/153 1130/1128/153
f 1134/1132/154 1131/1133/93 1132/1130/93
f 1136/1134/155 1133/1135/154 1134/1132/154
f 1138/1136/156 1135/1137/155 1136/1134/155
f 1140/1138/157 1137/1139/158 1138/1136/156
f 1142/1140/159 1139/1141/157 1140/1138/157
f 1144/1142/160 1141/1143/159 1142/1140/159
f 1146/1144/161 1143/1145/160 1144/1142/160
f 1148/1146/162 1145/1147/161 1146/1144/161
f 1150/1148/163 1147/1149/162 1148/1146/162
f 1152/1150/164 1149/1151/163 1150/1148/163
f 1154/1152/165 1151/1153/164 1152/1150/164
f 1156/1154/166 1153/1155/165 1154/1152/165
f 1158/1156/167 1155/1157/166 1156/1154/166
f 1160/1158/168 1157/1159/167 1158/1156/167
f 1162/1160/169 1159/1161/168 1160/1158/168
f 1164/1162/170 1161/1163/169 1162/1160/169
f 1166/1164/171 1163/1165/170 1164/1162/170
f 1168/1166/172 1165/1167/171 1166/1164/171
f 1170/1168/173 1167/1169/172 1168/1166/172
f 1172/1170/174 1169/1171/173 1170/1168/173
f 1174/1172/175 1171/1173/174 1172/1170/174
f 1176/1174/176 1173/1175/175 1174/1172/175
f 1178/1176/177 1175/1177/178 1176/1174/176
f 1180/1178/179 1177/1179/177 1178/1176/177
f 1182/1180/180 1179/1181/181 1180/1178/179
f 1184/1182/182 1181/1183/180 1182/1180/180
f 1186/1184/183 1183/1185/182 1184/1182/182
f 1188/1186/184 1185/1187/183 1186/1184/183
f 1190/1188/185 1187/1189/184 1188/1186/184
f 1192/1190/186 1189/1191/185 1190/1188/185
f 1194/1192/187 1191/1193/186 1192/1190/186
f 1196/1194/188 1193/1195/187 1194/1192/187
f 1198/1196/189 1195/1197/188 1196/1194/188
f 1200/1198/190 1197/1199/189 1198/1196/189
f 1202/1200/191 1199/1201/190 1200/1198/190
f 1204/1202/192 1201/1203/191 1202/1200/191
f 1206/1204/193 1203/1205/192 1204/1202/192
f 1208/1206/194 1205/1207/193 1206/1204/193
f 1210/1208/195 1207/1209/194 1208/1206/194
f 1212/1210/196 1209/1211/195 1210/1208/195
f 1214/1212/197 1211/1213/196 1212/1210/196
f 1216/1214/198 1213/1215/197 1214/1212/197
f 1218/1216/199 1215/1217/198 1216/1214/198
f 1220/1218/200 1217/1219/199 1218/1216/199
f 1092/1093/134 1219/1220/200 1220/1218/200
f 1224/1221/201 1221/1222/202 1222/1223/202
f 1226/1224/203 1223/1225/201 1224/1221/201
f 1228/1226/204 1225/1227/203 1226/1224/203
f 1230/1228/205 1227/1229/204 1228/1226/204
f 1232/1230/206 1229/1231/205 1230/1228/205
f 1234/1232/207 1231/1233/206 1232/1230/206
f 1236/1234/208 1233/1235/207 1234/1232/207
f 1238/1236/209 1235/1237/208 1236/1234/208
f 1240/1238/210 1237/1239/209 1238/1236/209
f 1242/1240/211 1239/1241/210 1240/1238/210
f 1244/1242/212 1241/1243/211 1242/1240/211
f 1246/1244/213 1243/1245/212 1244/1242/212
f 1248/1246/214 1245/1247/213 1246/1244/213
f 1250/1248/215 1247/1249/214 1248/1246/214
f 1252/1250/216 1249/1251/215 1250/1248/215
f 1254/1252/217 1251/1253/216 1252/1250/216
f 1256/1254/218 1253/1255/219 1254/1252/217
f 1258/1256/220 1255/1257/218 1256/1254/218
f 1260/1258/221 1257/1259/222 1258/1256/220
f 1262/1260/223 1259/1261/221 1260/1258/221
f 1264/1262/224 1261/1263/223 1262/1260/223
f 1266/1264/225 1263/1265/224 1264/1262/224
f 1268/1266/226 1265/1267/225 1266/1264/225
f 1270/1268/227 1267/1269/226 1268/1266/226
f 1272/1270/228 1269/1271/227 1270/1268/227
f 1274/1272/229 1271/1273/228 1272/1270/228
f 1276/1274/230 1273/1275/229 1274/1272/229
f 1278/1276/231 1275/1277/230 1276/1274/230
f 1280/1278/232 1277/1279/233 1278/1276/231
f 1282/1280/234 1279/1281/235 1280/1278/232
f 1284/1282/236 1281/1283/234 1282/1280/234
f 1286/1284/237 1283/1285/236 1284/1282/236
f 1288/1286/238 1285/1287/237 1286/1284/237
f 1290/1288/239 1287/1289/240 1288/1286/238
f 1292/1290/241 1289/1291/239 1290/1288/239
f 1294/1292/242 1291/1293/241 1292/1290/241
f 1296/1294/243 1293/1295/244 1294/1292/242
f 1298/1296/245 1295/1297/243 1296/1294/243
f 1300/1298/246 1297/1299/245 1298/1296/245
f 1302/1300/247 1299/1301/246 1300/1298/246
f 1304/1302/248 1301/1303/247 1302/1300/247
f 1306/1304/249 1303/1305/248 1304/1302/248
f 1308/1306/250 1305/1307/249 1306/1304/249
f 1310/1308/251 1307/1309/250 1308/1306/250
f 1312/1310/252 1309/1311/251 1310/1308/251
f 1314/1312/253 1311/1313/252 1312/1310/252
f 1316/1314/254 1313/1315/253 1314/1312/253
f 1318/1316/255 1315/1317/256 1316/1314/254
f 1320/1318/257 1317/1319/258 1318/1316/255
f 1322/1320/259 1319/1321/257 1320/1318/257
f 1324/1322/71 1321/1323/259 1322/1320/259
f 1326/1324/260 1323/1325/261 1324/1322/71
f 1328/1326/262 1325/1327/260 1326/1324/260
f 1330/1328/263 1327/1329/262 1328/1326/262
f 1332/1330/264 1329/1331/263 1330/1328/263
f 1334/1332/265 1331/1333/264 1332/1330/264
f 1336/1334/266 1333/1335/265 1334/1332/265
f 1338/1336/267 1335/1337/266 1336/1334/266
f 1340/1338/268 1337/1339/267 1338/1336/267
f 1342/1340/269 1339/1341/268 1340/1338/268
f 1344/1342/270 1341/1343/269 1342/1340/269
f 1346/1344/271 1343/1345/270 1344/1342/270
f 1348/1346/272 1345/1347/271 1346/1344/271
f 1350/1348/273 1347/1349/272 1348/1346/272
f 1352/1350/274 1349/1351/273 1350/1348/273
f 1354/1352/275 1351/1353/274 1352/1350/274
f 1356/1354/276 1353/1355/275 1354/1352/275
f 1358/1356/277 1355/1357/276 1356/1354/276
f 1360/1358/278 1357/1359/277 1358/1356/277
f 1362/1360/279 1359/1361/280 1360/1358/278
f 1364/1362/281 1361/1363/279 1362/1360/279
f 1366/1364/282 1363/1365/281 1364/1362/281
f 1368/1366/68 1365/1367/282 1366/1364/282
f 1370/1368/283 1367/1369/68 1368/1366/68
f 1372/1370/284 1369/1371/285 1370/1368/283
f 1374/1372/286 1371/1373/284 1372/1370/284
f 1376/1374/287 1373/1375/288 1374/1372/286
f 1378/1376/289 1375/1377/287 1376/1374/287
f 1380/1378/290 1377/1379/289 1378/1376/289
f 1382/1380/291 1379/1381/290 1380/1378/290
f 1384/1382/292 1381/1383/291 1382/1380/291
f 1386/1384/293 1383/1385/294 1384/1382/292
f 1388/1386/295 1385/1387/293 1386/1384/293
f 1390/1388/296 1387/1389/295 1388/1386/295
f 1392/1390/297 1389/1391/296 1390/1388/296
f 1394/1392/298 1391/1393/297 1392/1390/297
f 1396/1394/299 1393/1395/300 1394/1392/298
f 1398/1396/301 1395/1397/299 1396/1394/299
f 1400/1398/302 1397/1399/301 1398/1396/301
f 1402/1400/303 1399/1401/302 1400/1398/302
f 1404/1402/304 1401/1403/303 1402/1400/303
f 1406/1404/305 1403/1405/304 1404/1402/304
f 1408/1406/306 1405/1407/305 1406/1404/305
f 1410/1408/307 1407/1409/306 1408/1406/306
f 1412/1410/308 1409/1411/307 1410/1408/307
f 1414/1412/309 1411/1413/308 1412/1410/308
f 1416/1414/310 1413/1415/309 1414/1412/309
f 1418/1416/311 1415/1417/310 1416/1414/310
f 1420/1418/312 1417/1419/311 1418/1416/311
f 1422/1420/313 1419/1421/312 1420/1418/312
f 1424/1422/314 1421/1423/313 1422/1420/313
f 1426/1424/315 1423/1425/314 1424/1422/314
f 1428/1426/316 1425/1427/315 1426/1424/315
f 1430/1428/317 1427/1429/316 1428/1426/316
f 1432/1430/318 1429/1431/317 1430/1428/317
f 1434/1432/319 1431/1433/318 1432/1430/318
f 1436/1434/320 1433/1435/321 1434/1432/319
f 1438/1436/322 1435/1437/320 1436/1434/320
f 1440/1438/323 1437/1439/322 1438/1436/322
f 1442/1440/324 1439/1441/323 1440/1438/323
f 1444/1442/325 1441/1443/324 1442/1440/324
f 1446/1444/326 1443/1445/325 1444/1442/325
f 1448/1446/327 1445/1447/326 1446/1444/326
f 1450/1448/328 1447/1449/327 1448/1446/327
f 1452/1450/329 1449/1451/328 1450/1448/328
f 1454/1452/330 1451/1453/329 1452/1450/329
f 1456/1454/331 1453/1455/330 1454/1452/330
f 1458/1456/332 1455/1457/331 1456/1454/331
f 1460/1458/333 1457/1459/332 1458/1456/332
f 1462/1460/334 1459/1461/335 1460/1458/333
f 1464/1462/336 1461/1463/334 1462/1460/334
f 1466/1464/337 1463/1465/336 1464/1462/336
f 1468/1466/338 1465/1467/339 1466/1464/337
f 1470/1468/340 1467/1469/338 1468/1466/338
f 1472/1470/341 1469/1471/340 1470/1468/340
f 1474/1472/342 1471/1473/341 1472/1470/341
f 1476/1474/343 1473/1475/342 1474/1472/342
f 1478/1476/344 1475/1477/345 1476/1474/343
f 1480/1478/346 1477/1479/344 1478/1476/344
f 1482/1480/347 1479/1481/348 1480/1478/346
f 1484/1482/349 1481/1483/347 1482/1480/347
f 1486/1484/350 1483/1485/349 1484/1482/349
f 1488/1486/351 1485/1487/350 1486/1484/350
f 1490/1488/352 1487/1489/353 1488/1486/351
f 1492/1490/354 1489/1491/352 1490/1488/352
f 1494/1492/355 1491/1493/354 1492/1490/354
f 1496/1494/356 1493/1495/355 1494/1492/355
f 1498/1496/357 1495/1497/356 1496/1494/356
f 1500/1498/358 1497/1499/357 1498/1496/357
f 1502/1500/359 1499/1501/358 1500/1498/358
f 1504/1502/360 1501/1503/359 1502/1500/359
f 1506/1504/361 1503/1505/360 1504/1502/360
f 1508/1506/362 1505/1507/361 1506/1504/361
f 1510/1508/363 1507/1509/362 1508/1506/362
f 1512/1510/364 1509/1511/363 1510/1508/363
f 1514/1512/365 1511/1513/364 1512/1510/364
f 1516/1514/366 1513/1515/365 1514/1512/365
f 1518/1516/153 1515/1517/366 1516/1514/366
f 1520/1518/367 1517/1519/153 1518/1516/153
f 1522/1520/368 1519/1521/367 1520/1518/367
f 1524/1522/369 1521/1523/368 1522/1520/368
f 1526/1524/370 1523/1525/369 1524/1522/369
f 1528/1526/371 1525/1527/370 1526/1524/370
f 1530/1528/372 1527/1529/371 1528/1526/371
f 1532/1530/373 1529/1531/372 1530/1528/372
f 1534/1532/374 1531/1533/373 1532/1530/373
f 1536/1534/375 1533/1535/374 1534/1532/374
f 1538/1536/376 1535/1537/375 1536/1534/375
f 1540/1538/377 1537/1539/376 1538/1536/376
f 1542/1540/378 1539/1541/377 1540/1538/377
f 1544/1542/379 1541/1543/378 1542/1540/378
f 1546/1544/380 1543/1545/379 1544/1542/379
f 1548/1546/381 1545/1547/380 1546/1544/380
f 1550/1548/382 1547/1549/381 1548/1546/381
f 1552/1550/383 1549/1551/382 1550/1548/382
f 1554/1552/384 1551/1553/383 1552/1550/383
f 1556/1554/385 1553/1555/384 1554/1552/384
f 1558/1556/386 1555/1557/385 1556/1554/385
f 1560/1558/175 1557/1559/386 1558/1556/386
f 1562/1560/387 1559/1561/175 1560/1558/175
f 1564/1562/388 1561/1563/387 1562/1560/387
f 1566/1564/389 1563/1565/388 1564/1562/388
f 1568/1566/390 1565/1567/389 1566/1564/389
f 1570/1568/391 1567/1569/390 1568/1566/390
f 1572/1570/392 1569/1571/391 1570/1568/391
f 1574/1572/393 1571/1573/394 1572/1570/392
f 1576/1574/395 1573/1575/393 1574/1572/393
f 1578/1576/396 1575/1577/395 1576/1574/395
f 1580/1578/397 1577/1579/396 1578/1576/396
f 1582/1580/398 1579/1581/397 1580/1578/397
f 1584/1582/399 1581/1583/400 1582/1580/398
f 1586/1584/401 1583/1585/402 1584/1582/399
f 1588/1586/403 1585/1587/401 1586/1584/401
f 1590/1588/404 1587/1589/403 1588/1586/403
f 1592/1590/405 1589/1591/406 1590/1588/404
f 1594/1592/407 1591/1593/405 1592/1590/405
f 1596/1594/408 1593/1595/409 1594/1592/407
f 1598/1596/410 1595/1597/411 1596/1594/408
f 1600/1598/412 1597/1599/410 1598/1596/410
f 1602/1600/413 1599/1601/412 1600/1598/412
f 1604/1602/414 1601/1603/413 1602/1600/413
f 1606/1604/415 1603/1605/414 1604/1602/414
f 1608/1606/416 1605/1607/415 1606/1604/415
f 1610/1608/417 1607/1609/416 1608/1606/416
f 1612/1610/245 1609/1611/417 1610/1608/417
f 1614/1612/246 1611/1613/245 1612/1610/245
f 1616/1614/247 1613/1615/246 1614/1612/246
f 1618/1616/248 1615/1617/247 1616/1614/247
f 1620/1618/249 1617/1619/248 1618/1616/248
f 1622/1620/250 1619/1621/249 1620/1618/249
f 1624/1622/251 1621/1623/250 1622/1620/250
f 1626/1624/252 1623/1625/251 1624/1622/251
f 1628/1626/253 1625/1627/252 1626/1624/252
f 1630/1628/256 1627/1629/253 1628/1626/253
f 1632/1630/258 1629/1631/254 1630/1628/256
f 1634/1632/257 1631/1633/258 1632/1630/258
f 1636/1634/418 1633/1635/257 1634/1632/257
f 1222/1223/202 1635/1636/418 1636/1634/418
f 1640/1637/419 1637/1638/420 1638/1639/420
f 1642/1640/421 1639/1641/419 1640/1637/419
f 1644/1642/422 1641/1643/421 1642/1640/421
f 1646/1644/423 1643/1645/422 1644/1642/422
f 1648/1646/424 1645/1647/423 1646/1644/423
f 1650/1648/425 1647/1649/424 1648/1646/424
f 1652/1650/426 1649/1651/425 1650/1648/425
f 1654/1652/427 1651/1653/426 1652/1650/426
f 1656/1654/428 1653/1655/427 1654/1652/427
f 1658/1656/429 1655/1657/428 1656/1654/428
f 1660/1658/430 1657/1659/429 1658/1656/429
f 1662/1660/82 1659/1661/430 1660/1658/430
f 1664/1662/83 1661/1663/82 1662/1660/82
f 1666/1664/431 1663/1665/83 1664/1662/83
f 1668/1666/432 1665/1667/431 1666/1664/431
f 1670/1668/86 1667/1669/432 1668/1666/432
f 1672/1670/433 1669/1671/86 1670/1668/86
f 1674/1672/434 1671/1673/433 1672/1670/433
f 1676/1674/435 1673/1675/434 1674/1672/434
f 1678/1676/436 1675/1677/435 1676/1674/435
f 1680/1678/437 1677/1679/436 1678/1676/436
f 1682/1680/438 1679/1681/437 1680/1678/437
f 1684/1682/439 1681/1683/438 1682/1680/438
f 1686/1684/440 1683/1685/439 1684/1682/439
f 1688/1686/441 1685/1687/440 1686/1684/440
f 1690/1688/442 1687/1689/441 1688/1686/441
f 1692/1690/443 1689/1691/442 1690/1688/442
f 1694/1692/444 1691/1693/443 1692/1690/443
f 1696/1694/445 1693/1695/444 1694/1692/444
f 1698/1696/446 1695/1697/445 1696/1694/445
f 1700/1698/447 1697/1699/446 1698/1696/446
f 1702/1700/448 1699/1701/447 1700/1698/447
f 1704/1702/449 1701/1703/448 1702/1700/448
f 1706/1704/450 1703/1705/449 1704/1702/449
f 1708/1706/451 1705/1707/450 1706/1704/450
f 1710/1708/110 1707/1709/451 1708/1706/451
f 1712/1710/452 1709/1711/110 1710/1708/110
f 1714/1712/453 1711/1713/452 1712/1710/452
f 1716/1714/454 1713/1715/453 1714/1712/453
f 1718/1716/455 1715/1717/454 1716/1714/454
f 1720/1718/456 1717/1719/455 1718/1716/455
f 1722/1720/457 1719/1721/456 1720/1718/456
f 1724/1722/458 1721/1723/457 1722/1720/457
f 1726/1724/459 1723/1725/460 1724/1722/458
f 1728/1726/461 1725/1727/459 1726/1724/459
f 1730/1728/462 1727/1729/461 1728/1726/461
f 1732/1730/255 1729/1731/462 1730/1728/462
f 1734/1732/463 1731/1733/255 1732/1730/255
f 1736/1734/464 1733/1735/463 1734/1732/463
f 1638/1639/420 1735/1736/464 1736/1734/464
f 872/869/3 871/873/3 869/870/4
f 874/872/5 873/875/5 871/873/3
f 876/874/6 875/877/8 873/875/5
f 878/876/7 877/879/10 875/877/8
f 880/878/9 879/881/9 877/879/10
f 882/880/11 881/883/13 879/881/9
f 884/882/12 883/885/15 881/883/13
f 886/884/14 885/887/17 883/885/15
f 888/886/16 887/889/19 885/887/17
f 890/888/18 889/891/18 887/889/19
f 892/890/20 891/893/22 889/891/18
f 894/892/21 893/895/24 891/893/22
f 896/894/23 895/897/23 893/895/24
f 898/896/25 897/899/25 895/897/23
f 900/898/26 899/901/26 897/899/25
f 902/900/27 901/903/27 899/901/26
f 904/902/28 903/905/28 901/903/27
f 906/904/29 905/907/29 903/905/28
f 908/906/30 907/909/30 905/907/29
f 910/908/31 909/911/33 907/909/30
f 912/910/32 911/913/35 909/911/33
f 914/912/34 913/915/34 911/913/35
f 916/914/36 915/917/36 913/915/34
f 918/916/37 917/919/37 915/917/36
f 920/918/38 919/921/38 917/919/37
f 922/920/39 921/923/39 919/921/38
f 924/922/40 923/925/40 921/923/39
f 926/924/41 925/927/43 923/925/40
f 928/926/42 927/929/42 925/927/43
f 930/928/44 929/931/44 927/929/42
f 932/930/45 931/933/45 929/931/44
f 934/932/46 933/935/46 931/933/45
f 936/934/47 935/937/47 933/935/46
f 938/936/48 937/939/48 935/937/47
f 940/938/49 939/941/49 937/939/48
f 942/940/50 941/943/50 939/941/49
f 944/942/51 943/945/51 941/943/50
f 946/944/52 945/947/52 943/945/51
f 948/946/53 947/949/53 945/947/52
f 950/948/54 949/951/54 947/949/53
f 952/950/55 951/953/55 949/951/54
f 954/952/56 953/955/56 951/953/55
f 956/954/57 955/957/57 953/955/56
f 958/956/58 957/959/58 955/957/57
f 960/958/59 959/961/59 957/959/58
f 962/960/60 961/963/62 959/961/59
f 964/962/61 963/965/61 961/963/62
f 966/964/63 965/967/63 963/965/61
f 968/966/64 967/969/64 965/967/63
f 970/968/65 969/971/65 967/969/64
f 972/970/66 971/973/68 969/971/65
f 974/972/67 973/974/69 971/973/68
f 870/871/4 869/870/4 973/974/69
f 978/975/70 977/979/70 975/976/71
f 980/978/72 979/981/72 977/979/70
f 982/980/73 981/983/73 979/981/72
f 984/982/74 983/985/74 981/983/73
f 986/984/75 985/987/75 983/985/74
f 988/986/76 987/989/76 985/987/75
f 990/988/77 989/991/77 987/989/76
f 992/990/78 991/993/78 989/991/77
f 994/992/79 993/995/79 991/993/78
f 996/994/80 995/997/80 993/995/79
f 998/996/81 997/999/81 995/997/80
f 1000/998/82 999/1001/82 997/999/81
f 1002/1000/83 1001/1003/83 999/1001/82
f 1004/1002/84 1003/1005/84 1001/1003/83
f 1006/1004/85 1005/1007/85 1003/1005/84
f 1008/1006/86 1007/1009/88 1005/1007/85
f 1010/1008/87 1009/1011/90 1007/1009/88
f 1012/1010/89 1011/1013/89 1009/1011/90
f 1014/1012/91 1013/1015/93 1011/1013/89
f 1016/1014/92 1015/1017/92 1013/1015/93
f 1018/1016/94 1017/1019/94 1015/1017/92
f 1020/1018/95 1019/1021/95 1017/1019/94
f 1022/1020/96 1021/1023/96 1019/1021/95
f 1024/1022/97 1023/1025/97 1021/1023/96
f 1026/1024/98 1025/1027/98 1023/1025/97
f 1028/1026/99 1027/1029/99 1025/1027/98
f 1030/1028/100 1029/1031/100 1027/1029/99
f 1032/1030/101 1031/1033/103 1029/1031/100
f 1034/1032/102 1033/1035/102 1031/1033/103
f 1036/1034/104 1035/1037/104 1033/1035/102
f 1038/1036/105 1037/1039/105 1035/1037/104
f 1040/1038/106 1039/1041/106 1037/1039/105
f 1042/1040/107 1041/1043/107 1039/1041/106
f 1044/1042/108 1043/1045/108 1041/1043/107
f 1046/1044/109 1045/1047/109 1043/1045/108
f 1048/1046/110 1047/1049/110 1045/1047/109
f 1050/1048/111 1049/1051/111 1047/1049/110
f 1052/1050/112 1051/1053/112 1049/1051/111
f 1054/1052/113 1053/1055/113 1051/1053/112
f 1056/1054/114 1055/1057/114 1053/1055/113
f 1058/1056/115 1057/1059/115 1055/1057/114
f 1060/1058/116 1059/1061/116 1057/1059/115
f 1062/1060/117 1061/1063/119 1059/1061/116
f 1064/1062/118 1063/1065/118 1061/1063/119
f 1066/1064/120 1065/1067/122 1063/1065/118
f 1068/1066/121 1067/1069/121 1065/1067/122
f 1070/1068/123 1069/1071/123 1067/1069/121
f 1072/1070/124 1071/1073/124 1069/1071/123
f 1074/1072/125 1073/1074/125 1071/1073/124
f 976/977/71 975/976/71 1073/1074/125
f 1078/1075/126 1077/1079/126 1075/1076/127
f 1080/1078/128 1079/1081/128 1077/1079/126
f 1082/1080/129 1081/1082/129 1079/1081/128
f 1076/1077/127 1075/1076/127 1081/1082/129
f 1086/1083/130 1085/1087/132 1083/1084/129
f 1088/1086/131 1087/1089/131 1085/1087/132
f 1090/1088/128 1089/1090/128 1087/1089/131
f 1084/1085/129 1083/1084/129 1089/1090/128
f 1094/1091/133 1093/1095/136 1091/1092/134
f 1096/1094/135 1095/1097/135 1093/1095/136
f 1098/1096/137 1097/1099/137 1095/1097/135
f 1100/1098/138 1099/1101/138 1097/1099/137
f 1102/1100/139 1101/1103/139 1099/1101/138
f 1104/1102/140 1103/1105/140 1101/1103/139
f 1106/1104/141 1105/1107/141 1103/1105/140
f 1108/1106/142 1107/1109/142 1105/1107/141
f 1110/1108/143 1109/1111/143 1107/1109/142
f 1112/1110/144 1111/1113/144 1109/1111/143
f 1114/1112/145 1113/1115/145 1111/1113/144
f 1116/1114/146 1115/1117/146 1113/1115/145
f 1118/1116/147 1117/1119/147 1115/1117/146
f 1120/1118/148 1119/1121/148 1117/1119/147
f 1122/1120/149 1121/1123/149 1119/1121/148
f 1124/1122/150 1123/1125/150 1121/1123/149
f 1126/1124/151 1125/1127/151 1123/1125/150
f 1128/1126/152 1127/1129/152 1125/1127/151
f 1130/1128/153 1129/1131/153 1127/1129/152
f 1132/1130/93 1131/1133/93 1129/1131/153
f 1134/1132/154 1133/1135/154 1131/1133/93
f 1136/1134/155 1135/1137/155 1133/1135/154
f 1138/1136/156 1137/1139/158 1135/1137/155
f 1140/1138/157 1139/1141/157 1137/1139/158
f 1142/1140/159 1141/1143/159 1139/1141/157
f 1144/1142/160 1143/1145/160 1141/1143/159
f 1146/1144/161 1145/1147/161 1143/1145/160
f 1148/1146/162 1147/1149/162 1145/1147/161
f 1150/1148/163 1149/1151/163 1147/1149/162
f 1152/1150/164 1151/1153/164 1149/1151/163
f 1154/1152/165 1153/1155/165 1151/1153/164
f 1156/1154/166 1155/1157/166 1153/1155/165
f 1158/1156/167 1157/1159/167 1155/1157/166
f 1160/1158/168 1159/1161/168 1157/1159/167
f 1162/1160/169 1161/1163/169 1159/1161/168
f 1164/1162/170 1163/1165/170 1161/1163/169
f 1166/1164/171 1165/1167/171 1163/1165/170
f 1168/1166/172 1167/1169/172 1165/1167/171
f 1170/1168/173 1169/1171/173 1167/1169/172
f 1172/1170/174 1171/1173/174 1169/1171/173
f 1174/1172/175 1173/1175/175 1171/1173/174
f 1176/1174/176 1175/1177/178 1173/1175/175
f 1178/1176/177 1177/1179/177 1175/1177/178
f 1180/1178/179 1179/1181/181 1177/1179/177
f 1182/1180/180 1181/1183/180 1179/1181/181
f 1184/1182/182 1183/1185/182 1181/1183/180
f 1186/1184/183 1185/1187/183 1183/1185/182
f 1188/1186/184 1187/1189/184 1185/1187/183
f 1190/1188/185 1189/1191/185 1187/1189/184
f 1192/1190/186 1191/1193/186 1189/1191/185
f 1194/1192/187 1193/1195/187 1191/1193/186
f 1196/1194/188 1195/1197/188 1193/1195/187
f 1198/1196/189 1197/1199/189 1195/1197/188
f 1200/1198/190 1199/1201/190 1197/1199/189
f 1202/1200/191 1201/1203/191 1199/1201/190
f 1204/1202/192 1203/1205/192 1201/1203/191
f 1206/1204/193 1205/1207/193 1203/1205/192
f 1208/1206/194 1207/1209/194 1205/1207/193
f 1210/1208/195 1209/1211/195 1207/1209/194
f 1212/1210/196 1211/1213/196 1209/1211/195
f 1214/1212/197 1213/1215/197 1211/1213/196
f 1216/1214/198 1215/1217/198 1213/1215/197
f 1218/1216/199 1217/1219/199 1215/1217/198
f 1220/1218/200 1219/1220/200 1217/1219/199
f 1092/1093/134 1091/1092/134 1219/1220/200
f 1224/1221/201 1223/1225/201 1221/1222/202
f 1226/1224/203 1225/1227/203 1223/1225/201
f 1228/1226/204 1227/1229/204 1225/1227/203
f 1230/1228/205 1229/1231/205 1227/1229/204
f 1232/1230/206 1231/1233/206 1229/1231/205
f 1234/1232/207 1233/1235/207 1231/1233/206
f 1236/1234/208 1235/1237/208 1233/1235/207
f 1238/1236/209 1237/1239/209 1235/1237/208
f 1240/1238/210 1239/1241/210 1237/1239/209
f 1242/1240/211 1241/1243/211 1239/1241/210
f 1244/1242/212 1243/1245/212 1241/1243/211
f 1246/1244/213 1245/1247/213 1243/1245/212
f 1248/1246/214 1247/1249/214 1245/1247/213
f 1250/1248/215 1249/1251/215 1247/1249/214
f 1252/1250/216 1251/1253/216 1249/1251/215
f 1254/1252/217 1253/1255/219 1251/1253/216
f 1256/1254/218 1255/1257/218 1253/1255/219
f 1258/1256/220 1257/1259/222 1255/1257/218
f 1260/1258/221 1259/1261/221 1257/1259/222
f 1262/1260/223 1261/1263/223 1259/1261/221
f 1264/1262/224 1263/1265/224 1261/1263/223
f 1266/1264/225 1265/1267/225 1263/1265/224
f 1268/1266/226 1267/1269/226 1265/1267/225
f 1270/1268/227 1269/1271/227 1267/1269/226
f 1272/1270/228 1271/1273/228 1269/1271/227
f 1274/1272/229 1273/1275/229 1271/1273/228
f 1276/1274/230 1275/1277/230 1273/1275/229
f 1278/1276/231 1277/1279/233 1275/1277/230
f 1280/1278/232 1279/1281/235 1277/1279/233
f 1282/1280/234 1281/1283/234 1279/1281/235
f 1284/1282/236 1283/1285/236 1281/1283/234
f 1286/1284/237 1285/1287/237 1283/1285/236
f 1288/1286/238 1287/1289/240 1285/1287/237
f 1290/1288/239 1289/1291/239 1287/1289/240
f 1292/1290/241 1291/1293/241 1289/1291/239
f 1294/1292/242 1293/1295/244 1291/1293/241
f 1296/1294/243 1295/1297/243 1293/1295/244
f 1298/1296/245 1297/1299/245 1295/1297/243
f 1300/1298/246 1299/1301/246 1297/1299/245
f 1302/1300/247 1301/1303/247 1299/1301/246
f 1304/1302/248 1303/1305/248 1301/1303/247
f 1306/1304/249 1305/1307/249 1303/1305/248
f 1308/1306/250 1307/1309/250 1305/1307/249
f 1310/1308/251 1309/1311/251 1307/1309/250
f 1312/1310/252 1311/1313/252 1309/1311/251
f 1314/1312/253 1313/1315/253 1311/1313/252
f 1316/1314/254 1315/1317/256 1313/1315/253
f 1318/1316/255 1317/1319/258 1315/1317/256
f 1320/1318/257 1319/1321/257 1317/1319/258
f 1322/1320/259 1321/1323/259 1319/1321/257
f 1324/1322/71 1323/1325/261 1321/1323/259
f 1326/1324/260 1325/1327/260 1323/1325/261
f 1328/1326/262 1327/1329/262 1325/1327/260
f 1330/1328/263 1329/1331/263 1327/1329/262
f 1332/1330/264 1331/1333/264 1329/1331/263
f 1334/1332/265 1333/1335/265 1331/1333/264
f 1336/1334/266 1335/1337/266 1333/1335/265
f 1338/1336/267 1337/1339/267 1335/1337/266
f 1340/1338/268 1339/1341/268 1337/1339/267
f 1342/1340/269 1341/1343/269 1339/1341/268
f 1344/1342/270 1343/1345/270 1341/1343/269
f 1346/1344/271 1345/1347/271 1343/1345/270
f 1348/1346/272 1347/1349/272 1345/1347/271
f 1350/1348/273 1349/1351/273 1347/1349/272
f 1352/1350/274 1351/1353/274 1349/1351/273
f 1354/1352/275 1353/1355/275 1351/1353/274
f 1356/1354/276 1355/1357/276 1353/1355/275
f 1358/1356/277 1357/1359/277 1355/1357/276
f 1360/1358/278 1359/1361/280 1357/1359/277
f 1362/1360/279 1361/1363/279 1359/1361/280
f 1364/1362/281 1363/1365/281 1361/1363/279
f 1366/1364/282 1365/1367/282 1363/1365/281
f 1368/1366/68 1367/1369/68 1365/1367/282
f 1370/1368/283 1369/1371/285 1367/1369/68
f 1372/1370/284 1371/1373/284 1369/1371/285
f 1374/1372/286 1373/1375/288 1371/1373/284
f 1376/1374/287 1375/1377/287 1373/1375/288
f 1378/1376/289 1377/1379/289 1375/1377/287
f 1380/1378/290 1379/1381/290 1377/1379/289
f 1382/1380/291 1381/1383/291 1379/1381/290
f 1384/1382/292 1383/1385/294 1381/1383/291
f 1386/1384/293 1385/1387/293 1383/1385/294
f 1388/1386/295 1387/1389/295 1385/1387/293
f 1390/1388/296 1389/1391/296 1387/1389/295
f 1392/1390/297 1391/1393/297 1389/1391/296
f 1394/1392/298 1393/1395/300 1391/1393/297
f 1396/1394/299 1395/1397/299 1393/1395/300
f 1398/1396/301 1397/1399/301 1395/1397/299
f 1400/1398/302 1399/1401/302 1397/1399/301
f 1402/1400/303 1401/1403/303 1399/1401/302
f 1404/1402/304 1403/1405/304 1401/1403/303
f 1406/1404/305 1405/1407/305 1403/1405/304
f 1408/1406/306 1407/1409/306 1405/1407/305
f 1410/1408/307 1409/1411/307 1407/1409/306
f 1412/1410/308 1411/1413/308 1409/1411/307
f 1414/1412/309 1413/1415/309 1411/1413/308
f 1416/1414/310 1415/1417/310 1413/1415/309
f 1418/1416/311 1417/1419/311 1415/1417/310
f 1420/1418/312 1419/1421/312 1417/1419/311
f 1422/1420/313 1421/1423/313 1419/1421/312
f 1424/1422/314 1423/1425/314 1421/1423/313
f 1426/1424/315 1425/1427/315 1423/1425/314
f 1428/1426/316 1427/1429/316 1425/1427/315
f 1430/1428/317 1429/1431/317 1427/1429/316
f 1432/1430/318 1431/1433/318 1429/1431/317
f 1434/1432/319 1433/1435/321 1431/1433/318
f 1436/1434/320 1435/1437/320 1433/1435/321
f 1438/1436/322 1437/1439/322 1435/1437/320
f 1440/1438/323 1439/1441/323 1437/1439/322
f 1442/1440/324 1441/1443/324 1439/1441/323
f 1444/1442/325 1443/1445/325 1441/1443/324
f 1446/1444/326 1445/1447/326 1443/1445/325
f 1448/1446/327 1447/1449/327 1445/1447/326
f 1450/1448/328 1449/1451/328 1447/1449/327
f 1452/1450/329 1451/1453/329 1449/1451/328
f 1454/1452/330 1453/1455/330 1451/1453/329
f 1456/1454/331 1455/1457/331 1453/1455/330
f 1458/1456/332 1457/1459/332 1455/1457/331
f 1460/1458/333 1459/1461/335 1457/1459/332
f 1462/1460/334 1461/1463/334 1459/1461/335
f 1464/1462/336 1463/1465/336 1461/1463/334
f 1466/1464/337 1465/1467/339 1463/1465/336
f 1468/1466/338 1467/1469/338 1465/1467/339
f 1470/1468/340 1469/1471/340 1467/1469/338
f 1472/1470/341 1471/1473/341 1469/1471/340
f 1474/1472/342 1473/1475/342 1471/1473/341
f 1476/1474/343 1475/1477/345 1473/1475/342
f 1478/1476/344 1477/1479/344 1475/1477/345
f 1480/1478/346 1479/1481/348 1477/1479/344
f 1482/1480/347 1481/1483/347 1479/1481/348
f 1484/1482/349 1483/1485/349 1481/1483/347
f 1486/1484/350 1485/1487/350 1483/1485/349
f 1488/1486/351 1487/1489/353 1485/1487/350
f 1490/1488/352 1489/1491/352 1487/1489/353
f 1492/1490/354 1491/1493/354 1489/1491/352
f 1494/1492/355 1493/1495/355 1491/1493/354
f 1496/1494/356 1495/1497/356 1493/1495/355
f 1498/1496/357 1497/1499/357 1495/1497/356
f 1500/1498/358 1499/1501/358 1497/1499/357
f 1502/1500/359 1501/1503/359 1499/1501/358
f 1504/1502/360 1503/1505/360 1501/1503/359
f 1506/1504/361 1505/1507/361 1503/1505/360
f 1508/1506/362 1507/1509/362 1505/1507/361
f 1510/1508/363 1509/1511/363 1507/1509/362
f 1512/1510/364 1511/1513/364 1509/1511/363
f 1514/1512/365 1513/1515/365 1511/1513/364
f 1516/1514/366 1515/1517/366 1513/1515/365
f 1518/1516/153 1517/1519/153 1515/1517/366
f 1520/1518/367 1519/1521/367 1517/1519/153
f 1522/1520/368 1521/1523/368 1519/1521/367
f 1524/1522/369 1523/1525/369 1521/1523/368
f 1526/1524/370 1525/1527/370 1523/1525/369
f 1528/1526/371 1527/1529/371 1525/1527/370
f 1530/1528/372 1529/1531/372 1527/1529/371
f 1532/1530/373 1531/1533/373 1529/1531/372
f 1534/1532/374 1533/1535/374 1531/1533/373
f 1536/1534/375 1535/1537/375 1533/1535/374
f 1538/1536/376 1537/1539/376 1535/1537/375
f 1540/1538/377 1539/1541/377 1537/1539/376
f 1542/1540/378 1541/1543/378 1539/1541/377
f 1544/1542/379 1543/1545/379 1541/1543/378
f 1546/1544/380 1545/1547/380 1543/1545/379
f 1548/1546/381 1547/1549/381 1545/1547/380
f 1550/1548/382 1549/1551/382 1547/1549/381
f 1552/1550/383 1551/1553/383 1549/1551/382
f 1554/1552/384 1553/1555/384 1551/1553/383
f 1556/1554/385 1555/1557/385 1553/1555/384
f 1558/1556/386 1557/1559/386 1555/1557/385
f 1560/1558/175 1559/1561/175 1557/1559/386
f 1562/1560/387 1561/1563/387 1559/1561/175
f 1564/1562/388 1563/1565/388 1561/1563/387
f 1566/1564/389 1565/1567/389 1563/1565/388
f 1568/1566/390 1567/1569/390 1565/1567/389
f 1570/1568/391 1569/1571/391 1567/1569/390
f 1572/1570/392 1571/1573/394 1569/1571/391
f 1574/1572/393 1573/1575/393 1571/1573/394
f 1576/1574/395 1575/1577/395 1573/1575/393
f 1578/1576/396 1577/1579/396 1575/1577/395
f 1580/1578/397 1579/1581/397 1577/1579/396
f 1582/1580/398 1581/1583/400 1579/1581/397
f 1584/1582/399 1583/1585/402 1581/1583/400
f 1586/1584/401 1585/1587/401 1583/1585/402
f 1588/1586/403 1587/1589/403 1585/1587/401
f 1590/1588/404 1589/1591/406 1587/1589/403
f 1592/1590/405 1591/1593/405 1589/1591/406
f 1594/1592/407 1593/1595/409 1591/1593/405
f 1596/1594/408 1595/1597/411 1593/1595/409
f 1598/1596/410 1597/1599/410 1595/1597/411
f 1600/1598/412 1599/1601/412 1597/1599/410
f 1602/1600/413 1601/1603/413 1599/1601/412
f 1604/1602/414 1603/1605/414 1601/1603/413
f 1606/1604/415 1605/1607/415 1603/1605/414
f 1608/1606/416 1607/1609/416 1605/1607/415
f 1610/1608/417 1609/1611/417 1607/1609/416
f 1612/1610/245 1611/1613/245 1609/1611/417
f 1614/1612/246 1613/1615/246 1611/1613/245
f 1616/1614/247 1615/1617/247 1613/1615/246
f 1618/1616/248 1617/1619/248 1615/1617/247
f 1620/1618/249 1619/1621/249 1617/1619/248
f 1622/1620/250 1621/1623/250 1619/1621/249
f 1624/1622/251 1623/1625/251 1621/1623/250
f 1626/1624/252 1625/1627/252 1623/1625/251
f 1628/1626/253 1627/1629/253 1625/1627/252
f 1630/1628/256 1629/1631/254 1627/1629/253
f 1632/1630/258 1631/1633/258 1629/1631/254
f 1634/1632/257 1633/1635/257 1631/1633/258
f 1636/1634/418 1635/1636/418 1633/1635/257
f 1222/1223/202 1221/1222/202 1635/1636/418
f 1640/1637/419 1639/1641/419 1637/1638/420
f 1642/1640/421 1641/1643/421 1639/1641/419
f 1644/1642/422 1643/1645/422 1641/1643/421
f 1646/1644/423 1645/1647/423 1643/1645/422
f 1648/1646/424 1647/1649/424 1645/1647/423
f 1650/1648/425 1649/1651/425 1647/1649/424
f 1652/1650/426 1651/1653/426 1649/1651/425
f 1654/1652/427 1653/1655/427 1651/1653/426
f 1656/1654/428 1655/1657/428 1653/1655/427
f 1658/1656/429 1657/1659/429 1655/1657/428
f 1660/1658/430 1659/1661/430 1657/1659/429
f 1662/1660/82 1661/1663/82 1659/1661/430
f 1664/1662/83 1663/1665/83 1661/1663/82
f 1666/1664/431 1665/1667/431 1663/1665/83
f 1668/1666/432 1667/1669/432 1665/1667/431
f 1670/1668/86 1669/1671/86 1667/1669/432
f 1672/1670/433 1671/1673/433 1669/1671/86
f 1674/1672/434 1673/1675/434 1671/1673/433
f 1676/1674/435 1675/1677/435 1673/1675/434
f 1678/1676/436 1677/1679/436 1675/1677/435
f 1680/1678/437 1679/1681/437 1677/1679/436
f 1682/1680/438 1681/1683/438 1679/1681/437
f 1684/1682/439 1683/1685/439 1681/1683/438
f 1686/1684/440 1685/1687/440 1683/1685/439
f 1688/1686/441 1687/1689/441 1685/1687/440
f 1690/1688/442 1689/1691/442 1687/1689/441
f 1692/1690/443 1691/1693/443 1689/1691/442
f 1694/1692/444 1693/1695/444 1691/1693/443
f 1696/1694/445 1695/1697/445 1693/1695/444
f 1698/1696/446 1697/1699/446 1695/1697/445
f 1700/1698/447 1699/1701/447 1697/1699/446
f 1702/1700/448 1701/1703/448 1699/1701/447
f 1704/1702/449 1703/1705/449 1701/1703/448
f 1706/1704/450 1705/1707/450 1703/1705/449
f 1708/1706/451 1707/1709/451 1705/1707/450
f 1710/1708/110 1709/1711/110 1707/1709/451
f 1712/1710/452 1711/1713/452 1709/1711/110
f 1714/1712/453 1713/1715/453 1711/1713/452
f 1716/1714/454 1715/1717/454 1713/1715/453
f 1718/1716/455 1717/1719/455 1715/1717/454
f 1720/1718/456 1719/1721/456 1717/1719/455
f 1722/1720/457 1721/1723/457 1719/1721/456
f 1724/1722/458 1723/1725/460 1721/1723/457
f 1726/1724/459 1725/1727/459 1723/1725/460
f 1728/1726/461 1727/1729/461 1725/1727/459
f 1730/1728/462 1729/1731/462 1727/1729/461
f 1732/1730/255 1731/1733/255 1729/1731/462
f 1734/1732/463 1733/1735/463 1731/1733/255
f 1736/1734/464 1735/1736/464 1733/1735/463
f 1638/1639/420 1637/1638/420 1735/1736/464
