# Blender 4.1.1
# www.blender.org
mtllib Clear.mtl
o テキスト
v 1.193633 0.257249 0.060000
v 1.194237 0.254919 0.060000
v 1.194505 0.253224 0.060000
v 1.193225 0.249264 0.060000
v 1.192108 0.244409 0.060000
v 1.191399 0.237605 0.060000
v 1.191429 0.232053 0.060000
v 1.191220 0.227820 0.060000
v 1.190594 0.222670 0.060000
v 1.189472 0.217585 0.060000
v 1.187921 0.208863 0.060000
v 1.184879 0.189302 0.060000
v 1.180940 0.179601 0.060000
v 1.178287 0.172074 0.060000
v 1.176384 0.167315 0.060000
v 1.174106 0.162457 0.060000
v 1.171696 0.157906 0.060000
v 1.169575 0.154282 0.060000
v 1.166956 0.150544 0.060000
v 1.163353 0.146188 0.060000
v 1.159414 0.142294 0.060000
v 1.156730 0.140022 0.060000
v 1.154606 0.138783 0.060000
v 1.151851 0.137720 0.060000
v 1.149852 0.137184 0.060000
v 1.148197 0.133382 0.060000
v 1.146781 0.131384 0.060000
v 1.145188 0.130352 0.060000
v 1.143050 0.129703 0.060000
v 1.141330 0.129480 0.060000
v 1.140259 0.128787 0.060000
v 1.138809 0.127300 0.060000
v 1.137921 0.125496 0.060000
v 1.137659 0.123974 0.060000
v 1.137112 0.122113 0.060000
v 1.136130 0.120106 0.060000
v 1.131854 0.115485 0.060000
v 1.125338 0.109653 0.060000
v 1.119584 0.105567 0.060000
v 1.115360 0.103166 0.060000
v 1.113186 0.101648 0.060000
v 1.110217 0.098878 0.060000
v 1.107489 0.097120 0.060000
v 1.107117 0.097067 0.060000
v 1.106100 0.096536 0.060000
v 1.103942 0.096317 0.060000
v 1.098531 0.090149 0.060000
v 1.095841 0.088641 0.060000
v 1.092921 0.087140 0.060000
v 1.090612 0.085665 0.060000
v 1.085264 0.082154 0.060000
v 1.080347 0.078496 0.060000
v 1.077343 0.075914 0.060000
v 1.074788 0.072765 0.060000
v 1.073142 0.071276 0.060000
v 1.072035 0.069900 0.060000
v 1.070408 0.068366 0.060000
v 1.067595 0.066536 0.060000
v 1.065201 0.065437 0.060000
v 1.060163 0.064688 0.060000
v 1.053470 0.064315 0.060000
v 1.049250 0.063971 0.060000
v 1.046080 0.061053 0.060000
v 1.041352 0.057521 0.060000
v 1.038951 0.056469 0.060000
v 1.034191 0.053941 0.060000
v 1.033440 0.053290 0.060000
v 1.032596 0.052264 0.060000
v 1.032162 0.051317 0.060000
v 1.031965 0.050243 0.060000
v 1.031597 0.049415 0.060000
v 1.030736 0.048518 0.060000
v 1.028249 0.037945 0.060000
v 1.025824 0.028246 0.060000
v 1.023281 0.020466 0.060000
v 1.021097 0.015009 0.060000
v 1.020874 0.013125 0.060000
v 1.020183 0.010338 0.060000
v 1.019020 0.007628 0.060000
v 1.017085 0.004697 0.060000
v 1.015116 0.002404 0.060000
v 1.013407 0.000776 0.060000
v 1.012237 -0.001038 0.060000
v 1.010045 -0.003330 0.060000
v 1.006736 -0.005987 0.060000
v 1.005018 -0.007015 0.060000
v 1.002610 -0.008729 0.060000
v 0.999066 -0.011774 0.060000
v 0.994446 -0.016589 0.060000
v 0.992582 -0.018882 0.060000
v 0.992381 -0.019493 0.060000
v 0.991887 -0.020170 0.060000
v 0.991230 -0.020540 0.060000
v 0.989949 -0.020789 0.060000
v 0.987966 -0.021552 0.060000
v 0.985672 -0.020899 0.060000
v 0.984474 -0.020805 0.060000
v 0.983200 -0.020283 0.060000
v 0.980838 -0.018924 0.060000
v 0.978951 -0.018490 0.060000
v 0.977940 -0.018286 0.060000
v 0.976950 -0.018246 0.060000
v 0.975916 -0.018412 0.060000
v 0.973614 -0.018509 0.060000
v 0.963097 -0.017188 0.060000
v 0.957571 -0.016568 0.060000
v 0.954050 -0.014156 0.060000
v 0.951119 -0.012722 0.060000
v 0.948544 -0.011327 0.060000
v 0.944595 -0.008817 0.060000
v 0.939859 -0.006369 0.060000
v 0.936734 -0.004642 0.060000
v 0.938503 -0.000495 0.060000
v 0.938904 0.001581 0.060000
v 0.938646 0.007773 0.060000
v 0.939597 0.010325 0.060000
v 0.941069 0.013611 0.060000
v 0.943720 0.018527 0.060000
v 0.945935 0.022325 0.060000
v 0.946761 0.023314 0.060000
v 0.947540 0.024763 0.060000
v 0.948300 0.026851 0.060000
v 0.949061 0.030460 0.060000
v 0.949797 0.032059 0.060000
v 0.950743 0.034626 0.060000
v 0.951358 0.037049 0.060000
v 0.952009 0.040994 0.060000
v 0.952733 0.044150 0.060000
v 0.953604 0.046898 0.060000
v 0.955065 0.049906 0.060000
v 0.956800 0.052274 0.060000
v 0.959043 0.054468 0.060000
v 0.961332 0.056926 0.060000
v 0.963027 0.059120 0.060000
v 0.964110 0.061220 0.060000
v 0.964693 0.063061 0.060000
v 0.964835 0.064314 0.060000
v 0.964840 0.070775 0.060000
v 0.965745 0.074100 0.060000
v 0.966921 0.076704 0.060000
v 0.967224 0.078458 0.060000
v 0.966927 0.080400 0.060000
v 0.966283 0.081955 0.060000
v 0.966105 0.083089 0.060000
v 0.966144 0.084347 0.060000
v 0.966589 0.086052 0.060000
v 0.967864 0.089032 0.060000
v 0.968278 0.090849 0.060000
v 0.968451 0.095762 0.060000
v 0.968863 0.099090 0.060000
v 0.969772 0.103405 0.060000
v 0.970576 0.106281 0.060000
v 0.971273 0.110937 0.060000
v 0.971866 0.113269 0.060000
v 0.972502 0.115015 0.060000
v 0.973432 0.116916 0.060000
v 0.975071 0.119204 0.060000
v 0.975872 0.120904 0.060000
v 0.976596 0.122846 0.060000
v 0.977188 0.125201 0.060000
v 0.977384 0.127298 0.060000
v 0.977348 0.129593 0.060000
v 0.977766 0.131677 0.060000
v 0.978831 0.133702 0.060000
v 0.979901 0.134923 0.060000
v 0.980607 0.137115 0.060000
v 0.980650 0.146709 0.060000
v 0.981016 0.147571 0.060000
v 0.982563 0.149133 0.060000
v 0.984349 0.150022 0.060000
v 0.987217 0.150981 0.060000
v 0.989901 0.151408 0.060000
v 0.993439 0.151539 0.060000
v 0.996692 0.152179 0.060000
v 0.999607 0.153221 0.060000
v 1.001531 0.154279 0.060000
v 1.003855 0.155259 0.060000
v 1.006632 0.156057 0.060000
v 1.017103 0.157573 0.060000
v 1.027021 0.161011 0.060000
v 1.034599 0.163395 0.060000
v 1.036921 0.162442 0.060000
v 1.037734 0.161849 0.060000
v 1.038015 0.161390 0.060000
v 1.038086 0.160901 0.060000
v 1.038920 0.159153 0.060000
v 1.039956 0.157661 0.060000
v 1.041663 0.156020 0.060000
v 1.044347 0.154078 0.060000
v 1.046426 0.151965 0.060000
v 1.048091 0.149540 0.060000
v 1.047915 0.147396 0.060000
v 1.047482 0.145175 0.060000
v 1.047283 0.141788 0.060000
v 1.047074 0.141008 0.060000
v 1.047276 0.139709 0.060000
v 1.048263 0.138483 0.060000
v 1.049768 0.137665 0.060000
v 1.051286 0.137380 0.060000
v 1.052559 0.137467 0.060000
v 1.054494 0.138215 0.060000
v 1.054920 0.138630 0.060000
v 1.055388 0.138737 0.060000
v 1.057162 0.140107 0.060000
v 1.059704 0.142410 0.060000
v 1.061729 0.144510 0.060000
v 1.063541 0.146048 0.060000
v 1.065768 0.147525 0.060000
v 1.068305 0.148798 0.060000
v 1.069988 0.150021 0.060000
v 1.071721 0.152062 0.060000
v 1.073025 0.154190 0.060000
v 1.074707 0.157060 0.060000
v 1.076316 0.160423 0.060000
v 1.077713 0.162967 0.060000
v 1.079935 0.165451 0.060000
v 1.082672 0.168981 0.060000
v 1.085310 0.172974 0.060000
v 1.089851 0.181291 0.060000
v 1.094054 0.188276 0.060000
v 1.094926 0.191318 0.060000
v 1.094945 0.193681 0.060000
v 1.094347 0.195371 0.060000
v 1.093945 0.197442 0.060000
v 1.092899 0.198920 0.060000
v 1.091803 0.199743 0.060000
v 1.088940 0.201058 0.060000
v 1.086537 0.201756 0.060000
v 1.084856 0.201931 0.060000
v 1.082600 0.201826 0.060000
v 1.079361 0.202003 0.060000
v 1.076341 0.202535 0.060000
v 1.070801 0.204028 0.060000
v 1.065768 0.205023 0.060000
v 1.063202 0.205878 0.060000
v 1.058859 0.206745 0.060000
v 1.054401 0.207014 0.060000
v 1.045989 0.206650 0.060000
v 1.037607 0.206541 0.060000
v 1.035375 0.206351 0.060000
v 1.034040 0.205945 0.060000
v 1.033004 0.205380 0.060000
v 1.029235 0.204948 0.060000
v 1.024581 0.204587 0.060000
v 1.021869 0.204239 0.060000
v 1.021548 0.204239 0.060000
v 1.021227 0.204239 0.060000
v 1.020905 0.204239 0.060000
v 1.020584 0.204239 0.060000
v 1.020263 0.204239 0.060000
v 1.019942 0.204239 0.060000
v 1.019621 0.204239 0.060000
v 1.019300 0.204239 0.060000
v 1.018979 0.204239 0.060000
v 1.018657 0.204239 0.060000
v 1.018336 0.204239 0.060000
v 1.018015 0.204239 0.060000
v 1.016715 0.204151 0.060000
v 1.014510 0.203532 0.060000
v 1.013335 0.203091 0.060000
v 1.009226 0.202057 0.060000
v 1.006069 0.200771 0.060000
v 1.001576 0.201180 0.060000
v 0.994482 0.201420 0.060000
v 0.988348 0.201235 0.060000
v 0.981801 0.200734 0.060000
v 0.975343 0.200817 0.060000
v 0.968415 0.201698 0.060000
v 0.964043 0.202702 0.060000
v 0.960888 0.202085 0.060000
v 0.957633 0.201085 0.060000
v 0.955651 0.200662 0.060000
v 0.953324 0.200420 0.060000
v 0.949802 0.200359 0.060000
v 0.945666 0.199984 0.060000
v 0.939775 0.198852 0.060000
v 0.937088 0.199654 0.060000
v 0.933039 0.200545 0.060000
v 0.927494 0.201414 0.060000
v 0.922776 0.201935 0.060000
v 0.917857 0.200404 0.060000
v 0.915717 0.199239 0.060000
v 0.912639 0.198359 0.060000
v 0.909882 0.198474 0.060000
v 0.907086 0.199521 0.060000
v 0.904341 0.200836 0.060000
v 0.900371 0.203127 0.060000
v 0.898920 0.204563 0.060000
v 0.898556 0.205254 0.060000
v 0.898198 0.207588 0.060000
v 0.898122 0.211548 0.060000
v 0.897668 0.215781 0.060000
v 0.896589 0.220653 0.060000
v 0.895521 0.226571 0.060000
v 0.894885 0.231771 0.060000
v 0.892774 0.243156 0.060000
v 0.893530 0.246383 0.060000
v 0.894370 0.250959 0.060000
v 0.894991 0.255596 0.060000
v 0.895485 0.261344 0.060000
v 0.896242 0.266018 0.060000
v 0.897512 0.270605 0.060000
v 0.898555 0.273218 0.060000
v 0.900154 0.274670 0.060000
v 0.902759 0.276262 0.060000
v 0.904956 0.277146 0.060000
v 0.907185 0.277853 0.060000
v 0.908903 0.278223 0.060000
v 0.913247 0.279473 0.060000
v 0.916638 0.280151 0.060000
v 0.918586 0.280839 0.060000
v 0.920523 0.281942 0.060000
v 0.921803 0.282940 0.060000
v 0.923001 0.283473 0.060000
v 0.923850 0.283536 0.060000
v 0.924380 0.283243 0.060000
v 0.926610 0.283164 0.060000
v 0.930004 0.283534 0.060000
v 0.932978 0.284370 0.060000
v 0.935964 0.285632 0.060000
v 0.938990 0.286558 0.060000
v 0.942870 0.287251 0.060000
v 0.945582 0.287436 0.060000
v 0.946596 0.287030 0.060000
v 0.950857 0.286363 0.060000
v 0.952234 0.286286 0.060000
v 0.954852 0.285861 0.060000
v 0.955913 0.285813 0.060000
v 0.957568 0.286182 0.060000
v 0.962837 0.287000 0.060000
v 0.969688 0.287799 0.060000
v 0.975168 0.288185 0.060000
v 0.979458 0.288249 0.060000
v 0.984523 0.289780 0.060000
v 0.987946 0.290559 0.060000
v 0.995649 0.290563 0.060000
v 0.997283 0.291504 0.060000
v 0.999194 0.292313 0.060000
v 1.002068 0.293004 0.060000
v 1.006049 0.293357 0.060000
v 1.009076 0.293192 0.060000
v 1.012134 0.292699 0.060000
v 1.020123 0.290300 0.060000
v 1.026097 0.288251 0.060000
v 1.028679 0.289195 0.060000
v 1.031097 0.289921 0.060000
v 1.034174 0.290567 0.060000
v 1.038823 0.289018 0.060000
v 1.041263 0.288478 0.060000
v 1.044165 0.288214 0.060000
v 1.046425 0.288279 0.060000
v 1.048620 0.288600 0.060000
v 1.050834 0.289202 0.060000
v 1.057531 0.291823 0.060000
v 1.069104 0.295925 0.060000
v 1.073002 0.296203 0.060000
v 1.077700 0.296897 0.060000
v 1.083123 0.297505 0.060000
v 1.084283 0.296638 0.060000
v 1.086152 0.295481 0.060000
v 1.091643 0.292885 0.060000
v 1.096627 0.294412 0.060000
v 1.102646 0.296393 0.060000
v 1.104375 0.296603 0.060000
v 1.106048 0.296362 0.060000
v 1.107033 0.295954 0.060000
v 1.109918 0.296397 0.060000
v 1.116075 0.297015 0.060000
v 1.122176 0.297148 0.060000
v 1.126181 0.297650 0.060000
v 1.130493 0.298770 0.060000
v 1.133241 0.299809 0.060000
v 1.136676 0.298883 0.060000
v 1.137653 0.298204 0.060000
v 1.139768 0.295970 0.060000
v 1.142522 0.293896 0.060000
v 1.145531 0.292311 0.060000
v 1.148796 0.291216 0.060000
v 1.152318 0.290610 0.060000
v 1.155398 0.290511 0.060000
v 1.162139 0.290559 0.060000
v 1.171014 0.286577 0.060000
v 1.174175 0.285437 0.060000
v 1.177498 0.284606 0.060000
v 1.181067 0.283981 0.060000
v 1.183918 0.283009 0.060000
v 1.185868 0.281958 0.060000
v 1.187676 0.280675 0.060000
v 1.189838 0.278533 0.060000
v 1.191725 0.275920 0.060000
v 1.192969 0.273600 0.060000
v 1.192871 0.271383 0.060000
v 1.191813 0.262407 0.060000
v 1.192354 0.260328 0.060000
v 0.642011 0.218877 0.060000
v 0.640482 0.214635 0.060000
v 0.639563 0.212884 0.060000
v 0.638922 0.211942 0.060000
v 0.638868 0.211040 0.060000
v 0.638542 0.209500 0.060000
v 0.638743 0.205402 0.060000
v 0.638437 0.199389 0.060000
v 0.637495 0.193912 0.060000
v 0.636011 0.188416 0.060000
v 0.634860 0.183060 0.060000
v 0.633911 0.176561 0.060000
v 0.633525 0.172060 0.060000
v 0.633866 0.168235 0.060000
v 0.633918 0.165264 0.060000
v 0.634106 0.163560 0.060000
v 0.634637 0.161183 0.060000
v 0.634748 0.159661 0.060000
v 0.634573 0.157963 0.060000
v 0.634251 0.156638 0.060000
v 0.633940 0.154387 0.060000
v 0.633872 0.151873 0.060000
v 0.633539 0.149533 0.060000
v 0.632700 0.148755 0.060000
v 0.631323 0.147812 0.060000
v 0.629960 0.147212 0.060000
v 0.624697 0.145689 0.060000
v 0.619540 0.146282 0.060000
v 0.616131 0.146448 0.060000
v 0.614288 0.146362 0.060000
v 0.612446 0.146091 0.060000
v 0.611476 0.146046 0.060000
v 0.606961 0.144881 0.060000
v 0.603037 0.143608 0.060000
v 0.599890 0.142669 0.060000
v 0.593154 0.140873 0.060000
v 0.588885 0.139459 0.060000
v 0.586070 0.138782 0.060000
v 0.583039 0.138397 0.060000
v 0.580061 0.138316 0.060000
v 0.577499 0.137900 0.060000
v 0.571830 0.136020 0.060000
v 0.571351 0.136275 0.060000
v 0.570534 0.137256 0.060000
v 0.569871 0.137784 0.060000
v 0.569483 0.138036 0.060000
v 0.569503 0.138654 0.060000
v 0.570268 0.140605 0.060000
v 0.570628 0.140834 0.060000
v 0.571051 0.141361 0.060000
v 0.571165 0.142481 0.060000
v 0.571483 0.142970 0.060000
v 0.571605 0.143921 0.060000
v 0.571570 0.145265 0.060000
v 0.571216 0.146622 0.060000
v 0.569152 0.150342 0.060000
v 0.568295 0.163688 0.060000
v 0.567712 0.169506 0.060000
v 0.566453 0.177540 0.060000
v 0.565331 0.183074 0.060000
v 0.563303 0.190929 0.060000
v 0.561859 0.197245 0.060000
v 0.563279 0.205931 0.060000
v 0.564606 0.216218 0.060000
v 0.565705 0.223137 0.060000
v 0.564588 0.228031 0.060000
v 0.564055 0.230728 0.060000
v 0.563694 0.233876 0.060000
v 0.563023 0.236189 0.060000
v 0.561434 0.239139 0.060000
v 0.559923 0.241233 0.060000
v 0.559777 0.243157 0.060000
v 0.559841 0.246603 0.060000
v 0.560253 0.249818 0.060000
v 0.560220 0.252204 0.060000
v 0.559726 0.254880 0.060000
v 0.559151 0.256652 0.060000
v 0.560136 0.260522 0.060000
v 0.562347 0.267255 0.060000
v 0.563193 0.271223 0.060000
v 0.563662 0.274661 0.060000
v 0.564078 0.279916 0.060000
v 0.564170 0.283772 0.060000
v 0.564602 0.285100 0.060000
v 0.565299 0.286282 0.060000
v 0.566328 0.287390 0.060000
v 0.568779 0.289308 0.060000
v 0.570728 0.290570 0.060000
v 0.574312 0.290992 0.060000
v 0.577760 0.291269 0.060000
v 0.581297 0.291735 0.060000
v 0.583447 0.291960 0.060000
v 0.585419 0.291934 0.060000
v 0.588840 0.291355 0.060000
v 0.590433 0.292093 0.060000
v 0.593839 0.293347 0.060000
v 0.597156 0.294037 0.060000
v 0.599094 0.294792 0.060000
v 0.600915 0.296052 0.060000
v 0.602036 0.297207 0.060000
v 0.604382 0.298297 0.060000
v 0.606846 0.298887 0.060000
v 0.609380 0.299049 0.060000
v 0.614164 0.298937 0.060000
v 0.618883 0.298690 0.060000
v 0.621904 0.298655 0.060000
v 0.626020 0.300651 0.060000
v 0.629554 0.301962 0.060000
v 0.632221 0.302328 0.060000
v 0.634846 0.302139 0.060000
v 0.636788 0.301652 0.060000
v 0.637566 0.300811 0.060000
v 0.638133 0.299650 0.060000
v 0.638527 0.297370 0.060000
v 0.638535 0.281754 0.060000
v 0.638400 0.274938 0.060000
v 0.638148 0.268668 0.060000
v 0.637934 0.267134 0.060000
v 0.637947 0.265350 0.060000
v 0.638471 0.262886 0.060000
v 0.639598 0.260096 0.060000
v 0.640199 0.257662 0.060000
v 0.640312 0.254943 0.060000
v 0.640087 0.253198 0.060000
v 0.639956 0.250537 0.060000
v 0.639583 0.247827 0.060000
v 0.639009 0.244916 0.060000
v 0.638626 0.242047 0.060000
v 0.638537 0.238614 0.060000
v 0.638822 0.235649 0.060000
v 0.639427 0.232571 0.060000
v 0.640303 0.229664 0.060000
v 0.641131 0.225847 0.060000
v 0.707904 -0.004489 0.060000
v 0.702950 -0.008162 0.060000
v 0.699070 -0.011521 0.060000
v 0.684918 -0.020034 0.060000
v 0.680849 -0.022157 0.060000
v 0.676467 -0.024035 0.060000
v 0.673607 -0.025046 0.060000
v 0.672608 -0.023045 0.060000
v 0.671066 -0.020788 0.060000
v 0.669131 -0.018534 0.060000
v 0.666811 -0.016582 0.060000
v 0.664541 -0.015118 0.060000
v 0.663562 -0.014683 0.060000
v 0.661785 -0.013628 0.060000
v 0.659499 -0.011729 0.060000
v 0.656963 -0.010166 0.060000
v 0.653791 -0.008823 0.060000
v 0.651516 -0.007436 0.060000
v 0.648562 -0.006511 0.060000
v 0.647809 -0.004069 0.060000
v 0.646201 -0.001044 0.060000
v 0.644294 0.000882 0.060000
v 0.641748 0.002353 0.060000
v 0.639590 0.003887 0.060000
v 0.637685 0.005667 0.060000
v 0.635683 0.008079 0.060000
v 0.634297 0.010405 0.060000
v 0.634281 0.014650 0.060000
v 0.633920 0.016829 0.060000
v 0.633911 0.020024 0.060000
v 0.633673 0.021867 0.060000
v 0.633506 0.025794 0.060000
v 0.635990 0.028337 0.060000
v 0.639727 0.031650 0.060000
v 0.643739 0.034740 0.060000
v 0.649038 0.038277 0.060000
v 0.653497 0.041783 0.060000
v 0.658103 0.046193 0.060000
v 0.660885 0.049324 0.060000
v 0.661370 0.050652 0.060000
v 0.662542 0.053417 0.060000
v 0.663223 0.055934 0.060000
v 0.664583 0.058405 0.060000
v 0.666361 0.061086 0.060000
v 0.667477 0.062354 0.060000
v 0.668837 0.063391 0.060000
v 0.670136 0.063976 0.060000
v 0.671696 0.064979 0.060000
v 0.673875 0.066808 0.060000
v 0.675609 0.068767 0.060000
v 0.679537 0.074364 0.060000
v 0.681277 0.076654 0.060000
v 0.682914 0.079990 0.060000
v 0.685254 0.083777 0.060000
v 0.689161 0.088523 0.060000
v 0.692098 0.091327 0.060000
v 0.692951 0.096693 0.060000
v 0.694459 0.103840 0.060000
v 0.695900 0.108779 0.060000
v 0.697087 0.112098 0.060000
v 0.697323 0.115966 0.060000
v 0.698545 0.118162 0.060000
v 0.699710 0.120934 0.060000
v 0.700307 0.123563 0.060000
v 0.700663 0.128347 0.060000
v 0.701347 0.132596 0.060000
v 0.701781 0.137443 0.060000
v 0.702394 0.142426 0.060000
v 0.703132 0.145219 0.060000
v 0.704532 0.148038 0.060000
v 0.705718 0.149721 0.060000
v 0.706228 0.150972 0.060000
v 0.706369 0.152510 0.060000
v 0.705827 0.154663 0.060000
v 0.705563 0.157149 0.060000
v 0.707310 0.163025 0.060000
v 0.708626 0.167471 0.060000
v 0.710405 0.178124 0.060000
v 0.711386 0.180866 0.060000
v 0.712857 0.183249 0.060000
v 0.714065 0.184586 0.060000
v 0.714321 0.186828 0.060000
v 0.714351 0.190276 0.060000
v 0.713952 0.193623 0.060000
v 0.712604 0.199106 0.060000
v 0.711370 0.203474 0.060000
v 0.712740 0.207664 0.060000
v 0.714522 0.214486 0.060000
v 0.715813 0.221309 0.060000
v 0.717696 0.235551 0.060000
v 0.719107 0.245327 0.060000
v 0.719406 0.245812 0.060000
v 0.720120 0.246408 0.060000
v 0.721268 0.247066 0.060000
v 0.722300 0.247436 0.060000
v 0.723207 0.247512 0.060000
v 0.723695 0.247370 0.060000
v 0.725102 0.246320 0.060000
v 0.726496 0.245639 0.060000
v 0.728019 0.245050 0.060000
v 0.731085 0.244826 0.060000
v 0.733527 0.244897 0.060000
v 0.737537 0.245305 0.060000
v 0.744204 0.246264 0.060000
v 0.751512 0.246942 0.060000
v 0.755595 0.247094 0.060000
v 0.759940 0.246772 0.060000
v 0.763110 0.246179 0.060000
v 0.765787 0.245461 0.060000
v 0.774594 0.247184 0.060000
v 0.782279 0.249062 0.060000
v 0.790919 0.250492 0.060000
v 0.792558 0.250283 0.060000
v 0.794529 0.249784 0.060000
v 0.796564 0.248881 0.060000
v 0.797531 0.248070 0.060000
v 0.798301 0.246962 0.060000
v 0.798998 0.244876 0.060000
v 0.799229 0.243167 0.060000
v 0.801850 0.242371 0.060000
v 0.803847 0.241250 0.060000
v 0.804366 0.239232 0.060000
v 0.805537 0.236245 0.060000
v 0.806987 0.233505 0.060000
v 0.808262 0.230273 0.060000
v 0.808862 0.227750 0.060000
v 0.808500 0.225104 0.060000
v 0.808131 0.220175 0.060000
v 0.807351 0.216187 0.060000
v 0.807292 0.203703 0.060000
v 0.806967 0.201955 0.060000
v 0.806423 0.199969 0.060000
v 0.806138 0.197210 0.060000
v 0.805149 0.193197 0.060000
v 0.805006 0.191584 0.060000
v 0.805244 0.188796 0.060000
v 0.805131 0.184532 0.060000
v 0.804516 0.180608 0.060000
v 0.803365 0.176242 0.060000
v 0.802548 0.172325 0.060000
v 0.802064 0.168805 0.060000
v 0.801512 0.164048 0.060000
v 0.800495 0.159637 0.060000
v 0.799044 0.155292 0.060000
v 0.797688 0.152216 0.060000
v 0.795962 0.147327 0.060000
v 0.794009 0.140729 0.060000
v 0.792816 0.135829 0.060000
v 0.792299 0.131851 0.060000
v 0.792215 0.128342 0.060000
v 0.792647 0.123646 0.060000
v 0.782250 0.091647 0.060000
v 0.777952 0.084019 0.060000
v 0.773480 0.076640 0.060000
v 0.767328 0.067024 0.060000
v 0.759505 0.054321 0.060000
v 0.758596 0.053157 0.060000
v 0.757804 0.051729 0.060000
v 0.756768 0.050703 0.060000
v 0.754407 0.048508 0.060000
v 0.751310 0.045043 0.060000
v 0.748493 0.041330 0.060000
v 0.743693 0.034130 0.060000
v 0.739400 0.027963 0.060000
v 0.734542 0.020981 0.060000
v 0.730723 0.015866 0.060000
v 0.727625 0.012380 0.060000
v 0.723745 0.008990 0.060000
v 0.721387 0.007322 0.060000
v 0.719546 0.004973 0.060000
v 0.716148 0.001508 0.060000
v 0.712486 -0.001431 0.060000
v 0.468690 0.208478 0.060000
v 0.469870 0.207018 0.060000
v 0.471079 0.205147 0.060000
v 0.471924 0.203320 0.060000
v 0.472406 0.201539 0.060000
v 0.472527 0.199804 0.060000
v 0.472140 0.197557 0.060000
v 0.471393 0.189315 0.060000
v 0.471427 0.186689 0.060000
v 0.471770 0.180655 0.060000
v 0.470661 0.173392 0.060000
v 0.470323 0.170608 0.060000
v 0.470223 0.167999 0.060000
v 0.468736 0.158428 0.060000
v 0.467965 0.154127 0.060000
v 0.466500 0.147853 0.060000
v 0.465913 0.143350 0.060000
v 0.465721 0.140041 0.060000
v 0.465355 0.137052 0.060000
v 0.464666 0.133649 0.060000
v 0.463959 0.131262 0.060000
v 0.463870 0.130451 0.060000
v 0.464827 0.127150 0.060000
v 0.464594 0.125767 0.060000
v 0.463808 0.124004 0.060000
v 0.462653 0.122780 0.060000
v 0.460940 0.121749 0.060000
v 0.459613 0.120612 0.060000
v 0.458358 0.118902 0.060000
v 0.457461 0.114347 0.060000
v 0.456023 0.108388 0.060000
v 0.453876 0.100711 0.060000
v 0.452479 0.094694 0.060000
v 0.449831 0.086597 0.060000
v 0.448118 0.082183 0.060000
v 0.446551 0.079032 0.060000
v 0.444693 0.075936 0.060000
v 0.443482 0.074215 0.060000
v 0.442133 0.071873 0.060000
v 0.440987 0.069351 0.060000
v 0.439363 0.065001 0.060000
v 0.437081 0.059297 0.060000
v 0.435888 0.055838 0.060000
v 0.433514 0.050334 0.060000
v 0.430802 0.045263 0.060000
v 0.426506 0.038337 0.060000
v 0.422664 0.031676 0.060000
v 0.420162 0.027046 0.060000
v 0.415875 0.022288 0.060000
v 0.411638 0.016848 0.060000
v 0.407840 0.012357 0.060000
v 0.406313 0.011302 0.060000
v 0.404003 0.009512 0.060000
v 0.402892 0.008252 0.060000
v 0.402105 0.006836 0.060000
v 0.400744 0.004977 0.060000
v 0.399194 0.003403 0.060000
v 0.394609 -0.000513 0.060000
v 0.391104 -0.003901 0.060000
v 0.388384 -0.006138 0.060000
v 0.381516 -0.011237 0.060000
v 0.379989 -0.013410 0.060000
v 0.379027 -0.015190 0.060000
v 0.378148 -0.017189 0.060000
v 0.376928 -0.018741 0.060000
v 0.375049 -0.020103 0.060000
v 0.373145 -0.020842 0.060000
v 0.372479 -0.021188 0.060000
v 0.372094 -0.021773 0.060000
v 0.371788 -0.022708 0.060000
v 0.371335 -0.023639 0.060000
v 0.370822 -0.024268 0.060000
v 0.368069 -0.024893 0.060000
v 0.364827 -0.025747 0.060000
v 0.362744 -0.026202 0.060000
v 0.361541 -0.029017 0.060000
v 0.360367 -0.030795 0.060000
v 0.359224 -0.033150 0.060000
v 0.357099 -0.034940 0.060000
v 0.353533 -0.036949 0.060000
v 0.350049 -0.037966 0.060000
v 0.346780 -0.038295 0.060000
v 0.344350 -0.038775 0.060000
v 0.341968 -0.039577 0.060000
v 0.339188 -0.040892 0.060000
v 0.336919 -0.042360 0.060000
v 0.333390 -0.041068 0.060000
v 0.327285 -0.040082 0.060000
v 0.325156 -0.035970 0.060000
v 0.322893 -0.032390 0.060000
v 0.320549 -0.029057 0.060000
v 0.317762 -0.025204 0.060000
v 0.316888 -0.023618 0.060000
v 0.316296 -0.021921 0.060000
v 0.316056 -0.020690 0.060000
v 0.312632 -0.016065 0.060000
v 0.309411 -0.012348 0.060000
v 0.306203 -0.009362 0.060000
v 0.303571 -0.007324 0.060000
v 0.301822 -0.006159 0.060000
v 0.301916 -0.002960 0.060000
v 0.302172 0.000558 0.060000
v 0.302217 0.002699 0.060000
v 0.301619 0.004904 0.060000
v 0.300285 0.009625 0.060000
v 0.302491 0.013566 0.060000
v 0.306057 0.018608 0.060000
v 0.308927 0.021933 0.060000
v 0.312890 0.025824 0.060000
v 0.315994 0.028145 0.060000
v 0.318721 0.030784 0.060000
v 0.321303 0.034001 0.060000
v 0.322906 0.036725 0.060000
v 0.324740 0.039373 0.060000
v 0.327263 0.042441 0.060000
v 0.331244 0.046566 0.060000
v 0.333845 0.048971 0.060000
v 0.339751 0.054861 0.060000
v 0.343043 0.057802 0.060000
v 0.345384 0.060261 0.060000
v 0.348460 0.064303 0.060000
v 0.350291 0.067442 0.060000
v 0.351503 0.070009 0.060000
v 0.352048 0.071906 0.060000
v 0.352404 0.074027 0.060000
v 0.352681 0.076779 0.060000
v 0.353405 0.079177 0.060000
v 0.354035 0.080683 0.060000
v 0.355272 0.083261 0.060000
v 0.357041 0.085509 0.060000
v 0.359235 0.087866 0.060000
v 0.360975 0.093068 0.060000
v 0.364022 0.100586 0.060000
v 0.364756 0.103535 0.060000
v 0.365231 0.104480 0.060000
v 0.365963 0.105229 0.060000
v 0.366570 0.105588 0.060000
v 0.368486 0.109001 0.060000
v 0.370619 0.113654 0.060000
v 0.371909 0.117229 0.060000
v 0.372976 0.120872 0.060000
v 0.373987 0.125844 0.060000
v 0.374549 0.130945 0.060000
v 0.374690 0.136790 0.060000
v 0.374926 0.138861 0.060000
v 0.377641 0.144306 0.060000
v 0.378410 0.146161 0.060000
v 0.378957 0.148199 0.060000
v 0.379097 0.151638 0.060000
v 0.378812 0.154119 0.060000
v 0.378091 0.155731 0.060000
v 0.376882 0.157155 0.060000
v 0.375819 0.157996 0.060000
v 0.373892 0.157896 0.060000
v 0.371197 0.158036 0.060000
v 0.368504 0.158456 0.060000
v 0.365217 0.159296 0.060000
v 0.362340 0.159382 0.060000
v 0.359277 0.158605 0.060000
v 0.357322 0.157611 0.060000
v 0.353847 0.159558 0.060000
v 0.348881 0.161882 0.060000
v 0.345140 0.163214 0.060000
v 0.340821 0.164188 0.060000
v 0.338029 0.164622 0.060000
v 0.335295 0.165434 0.060000
v 0.332583 0.166716 0.060000
v 0.329784 0.168471 0.060000
v 0.327094 0.169748 0.060000
v 0.323696 0.170828 0.060000
v 0.317866 0.171900 0.060000
v 0.314520 0.172330 0.060000
v 0.313452 0.172376 0.060000
v 0.312267 0.172154 0.060000
v 0.311206 0.171718 0.060000
v 0.309789 0.170249 0.060000
v 0.308083 0.167445 0.060000
v 0.307138 0.164552 0.060000
v 0.305516 0.160623 0.060000
v 0.303688 0.157241 0.060000
v 0.298386 0.149181 0.060000
v 0.294380 0.142753 0.060000
v 0.292321 0.139525 0.060000
v 0.288149 0.133313 0.060000
v 0.283361 0.127175 0.060000
v 0.282536 0.126975 0.060000
v 0.280692 0.126219 0.060000
v 0.278150 0.124593 0.060000
v 0.274984 0.123317 0.060000
v 0.273428 0.123554 0.060000
v 0.271221 0.124384 0.060000
v 0.269225 0.125631 0.060000
v 0.266182 0.128141 0.060000
v 0.261087 0.131397 0.060000
v 0.260021 0.131482 0.060000
v 0.257420 0.132006 0.060000
v 0.255228 0.132191 0.060000
v 0.251489 0.133079 0.060000
v 0.245733 0.134803 0.060000
v 0.242480 0.136111 0.060000
v 0.239864 0.137410 0.060000
v 0.238237 0.138401 0.060000
v 0.237616 0.139071 0.060000
v 0.236882 0.139141 0.060000
v 0.235474 0.139511 0.060000
v 0.233670 0.139451 0.060000
v 0.233367 0.139433 0.060000
v 0.230221 0.139161 0.060000
v 0.227457 0.139114 0.060000
v 0.218967 0.150652 0.060000
v 0.218981 0.156047 0.060000
v 0.221251 0.159465 0.060000
v 0.222798 0.162168 0.060000
v 0.225001 0.165166 0.060000
v 0.227081 0.168412 0.060000
v 0.228697 0.172041 0.060000
v 0.229460 0.174479 0.060000
v 0.229946 0.176916 0.060000
v 0.230182 0.180225 0.060000
v 0.230572 0.182493 0.060000
v 0.231332 0.185056 0.060000
v 0.233158 0.188947 0.060000
v 0.234727 0.191792 0.060000
v 0.238527 0.196613 0.060000
v 0.241971 0.201585 0.060000
v 0.244810 0.205029 0.060000
v 0.245512 0.211360 0.060000
v 0.245898 0.214004 0.060000
v 0.247265 0.219120 0.060000
v 0.247870 0.222084 0.060000
v 0.248414 0.223873 0.060000
v 0.249406 0.225990 0.060000
v 0.251033 0.228231 0.060000
v 0.252652 0.231037 0.060000
v 0.253838 0.233917 0.060000
v 0.256700 0.243869 0.060000
v 0.259100 0.246840 0.060000
v 0.262470 0.251464 0.060000
v 0.265501 0.256236 0.060000
v 0.267890 0.260735 0.060000
v 0.269568 0.265021 0.060000
v 0.270809 0.269489 0.060000
v 0.271431 0.273516 0.060000
v 0.271838 0.275219 0.060000
v 0.272793 0.277401 0.060000
v 0.273698 0.278996 0.060000
v 0.274573 0.281944 0.060000
v 0.275852 0.285876 0.060000
v 0.276817 0.289394 0.060000
v 0.277854 0.294133 0.060000
v 0.279171 0.298980 0.060000
v 0.281067 0.304431 0.060000
v 0.282639 0.307924 0.060000
v 0.284408 0.311183 0.060000
v 0.287325 0.315548 0.060000
v 0.289499 0.318304 0.060000
v 0.294664 0.320654 0.060000
v 0.296916 0.320389 0.060000
v 0.297699 0.320069 0.060000
v 0.299111 0.319067 0.060000
v 0.301661 0.317594 0.060000
v 0.304411 0.316403 0.060000
v 0.306095 0.315472 0.060000
v 0.307778 0.314222 0.060000
v 0.309168 0.312963 0.060000
v 0.313060 0.310597 0.060000
v 0.316198 0.309315 0.060000
v 0.318284 0.308222 0.060000
v 0.320848 0.306369 0.060000
v 0.323202 0.305228 0.060000
v 0.325555 0.304696 0.060000
v 0.327934 0.304564 0.060000
v 0.330700 0.304598 0.060000
v 0.333059 0.304816 0.060000
v 0.337283 0.304817 0.060000
v 0.342957 0.302716 0.060000
v 0.350051 0.299696 0.060000
v 0.356109 0.297187 0.060000
v 0.358207 0.295712 0.060000
v 0.359483 0.294212 0.060000
v 0.360114 0.292524 0.060000
v 0.360213 0.291027 0.060000
v 0.359837 0.288714 0.060000
v 0.359061 0.286064 0.060000
v 0.357239 0.282108 0.060000
v 0.356158 0.278620 0.060000
v 0.353955 0.276743 0.060000
v 0.352507 0.275352 0.060000
v 0.350794 0.274014 0.060000
v 0.348800 0.272801 0.060000
v 0.346406 0.267946 0.060000
v 0.345333 0.264983 0.060000
v 0.344983 0.263107 0.060000
v 0.344883 0.261171 0.060000
v 0.345014 0.259611 0.060000
v 0.345683 0.258231 0.060000
v 0.346470 0.257399 0.060000
v 0.347250 0.257041 0.060000
v 0.354390 0.252395 0.060000
v 0.361104 0.248535 0.060000
v 0.368903 0.244459 0.060000
v 0.372657 0.242709 0.060000
v 0.377276 0.241214 0.060000
v 0.381155 0.240503 0.060000
v 0.385438 0.240227 0.060000
v 0.391407 0.239440 0.060000
v 0.397147 0.238198 0.060000
v 0.416104 0.232675 0.060000
v 0.419325 0.231261 0.060000
v 0.420682 0.230893 0.060000
v 0.425731 0.230386 0.060000
v 0.430732 0.229208 0.060000
v 0.434229 0.228004 0.060000
v 0.437854 0.226431 0.060000
v 0.441350 0.224590 0.060000
v 0.444609 0.223126 0.060000
v 0.449506 0.221385 0.060000
v 0.453279 0.220421 0.060000
v 0.461790 0.211917 0.060000
v 0.464329 0.210074 0.060000
v 0.466952 0.208892 0.060000
v -0.098459 0.197303 0.060000
v -0.097863 0.196326 0.060000
v -0.097225 0.194789 0.060000
v -0.096943 0.193284 0.060000
v -0.096641 0.190596 0.060000
v -0.096466 0.187403 0.060000
v -0.096600 0.184202 0.060000
v -0.097226 0.179902 0.060000
v -0.098318 0.174678 0.060000
v -0.098919 0.172727 0.060000
v -0.099813 0.169155 0.060000
v -0.100699 0.163346 0.060000
v -0.101143 0.159627 0.060000
v -0.098527 0.150747 0.060000
v -0.097762 0.146592 0.060000
v -0.097848 0.143173 0.060000
v -0.098498 0.139274 0.060000
v -0.099765 0.134585 0.060000
v -0.101335 0.130856 0.060000
v -0.103262 0.128021 0.060000
v -0.104624 0.126782 0.060000
v -0.108313 0.126245 0.060000
v -0.114022 0.125990 0.060000
v -0.118870 0.126341 0.060000
v -0.123727 0.127160 0.060000
v -0.127477 0.127416 0.060000
v -0.133093 0.127188 0.060000
v -0.139041 0.127208 0.060000
v -0.144033 0.127498 0.060000
v -0.149309 0.128098 0.060000
v -0.157833 0.129563 0.060000
v -0.165213 0.131022 0.060000
v -0.166110 0.131185 0.060000
v -0.167132 0.131768 0.060000
v -0.168831 0.133631 0.060000
v -0.170655 0.134990 0.060000
v -0.172572 0.135903 0.060000
v -0.174752 0.136582 0.060000
v -0.176768 0.137449 0.060000
v -0.179077 0.138809 0.060000
v -0.180585 0.139929 0.060000
v -0.183995 0.147234 0.060000
v -0.184316 0.150681 0.060000
v -0.185250 0.159031 0.060000
v -0.186319 0.166860 0.060000
v -0.185578 0.167697 0.060000
v -0.184702 0.169356 0.060000
v -0.184407 0.171072 0.060000
v -0.183730 0.175786 0.060000
v -0.182406 0.181371 0.060000
v -0.180600 0.187206 0.060000
v -0.178645 0.192611 0.060000
v -0.177376 0.195240 0.060000
v -0.175723 0.199072 0.060000
v -0.174485 0.202642 0.060000
v -0.173546 0.206459 0.060000
v -0.172951 0.210121 0.060000
v -0.172345 0.212351 0.060000
v -0.171729 0.213933 0.060000
v -0.170997 0.215052 0.060000
v -0.170025 0.215846 0.060000
v -0.168601 0.216441 0.060000
v -0.167028 0.216603 0.060000
v -0.163523 0.217299 0.060000
v -0.160793 0.217370 0.060000
v -0.157006 0.217716 0.060000
v -0.154149 0.217027 0.060000
v -0.149478 0.215568 0.060000
v -0.145088 0.213858 0.060000
v -0.139986 0.211576 0.060000
v -0.133979 0.209170 0.060000
v -0.127816 0.207085 0.060000
v -0.125174 0.206011 0.060000
v -0.121040 0.204031 0.060000
v -0.118510 0.203086 0.060000
v -0.117892 0.203018 0.060000
v -0.116626 0.202550 0.060000
v -0.115045 0.201517 0.060000
v -0.113441 0.199953 0.060000
v -0.112178 0.199041 0.060000
v -0.109974 0.198015 0.060000
v -0.106459 0.197348 0.060000
v 0.109270 0.136731 0.060000
v 0.108948 0.134865 0.060000
v 0.108849 0.133619 0.060000
v 0.106117 0.129474 0.060000
v 0.103247 0.126167 0.060000
v 0.101441 0.123425 0.060000
v 0.099559 0.119959 0.060000
v 0.096309 0.115401 0.060000
v 0.092966 0.111731 0.060000
v 0.086863 0.106205 0.060000
v 0.080195 0.100386 0.060000
v 0.068981 0.090930 0.060000
v 0.065844 0.087935 0.060000
v 0.062874 0.084678 0.060000
v 0.061079 0.082466 0.060000
v 0.058065 0.081134 0.060000
v 0.053572 0.078789 0.060000
v 0.049108 0.075980 0.060000
v 0.044641 0.072589 0.060000
v 0.040906 0.069411 0.060000
v 0.037426 0.066140 0.060000
v 0.033544 0.062186 0.060000
v 0.028070 0.057129 0.060000
v 0.022756 0.052737 0.060000
v 0.017043 0.048396 0.060000
v 0.011934 0.044223 0.060000
v 0.006299 0.039166 0.060000
v 0.000555 0.033558 0.060000
v -0.004583 0.029218 0.060000
v -0.011828 0.022794 0.060000
v -0.014267 0.020965 0.060000
v -0.016946 0.019346 0.060000
v -0.018690 0.018497 0.060000
v -0.020160 0.017417 0.060000
v -0.022614 0.015958 0.060000
v -0.025062 0.014852 0.060000
v -0.029895 0.013181 0.060000
v -0.034108 0.011560 0.060000
v -0.035683 0.011323 0.060000
v -0.037952 0.010538 0.060000
v -0.039810 0.009401 0.060000
v -0.041824 0.007697 0.060000
v -0.043634 0.006687 0.060000
v -0.045628 0.006018 0.060000
v -0.048299 0.005602 0.060000
v -0.050424 0.004766 0.060000
v -0.052189 0.003595 0.060000
v -0.055041 0.001087 0.060000
v -0.058207 -0.001077 0.060000
v -0.062947 -0.003366 0.060000
v -0.066138 -0.004803 0.060000
v -0.068131 -0.005931 0.060000
v -0.071134 -0.008132 0.060000
v -0.072169 -0.009250 0.060000
v -0.073576 -0.010390 0.060000
v -0.075922 -0.011703 0.060000
v -0.079968 -0.013227 0.060000
v -0.082823 -0.014034 0.060000
v -0.090196 -0.017120 0.060000
v -0.095172 -0.019510 0.060000
v -0.111659 -0.028187 0.060000
v -0.113196 -0.030368 0.060000
v -0.114254 -0.031612 0.060000
v -0.118568 -0.032358 0.060000
v -0.120956 -0.032602 0.060000
v -0.122605 -0.032394 0.060000
v -0.124303 -0.031805 0.060000
v -0.125422 -0.031217 0.060000
v -0.126145 -0.029522 0.060000
v -0.127326 -0.028157 0.060000
v -0.129942 -0.020102 0.060000
v -0.135852 -0.004627 0.060000
v -0.137256 -0.003971 0.060000
v -0.138918 -0.002958 0.060000
v -0.143157 0.000380 0.060000
v -0.143481 0.000952 0.060000
v -0.144135 0.001744 0.060000
v -0.145426 0.003038 0.060000
v -0.147336 0.006829 0.060000
v -0.149505 0.010280 0.060000
v -0.151738 0.014034 0.060000
v -0.154500 0.019822 0.060000
v -0.155569 0.021679 0.060000
v -0.157783 0.024703 0.060000
v -0.155924 0.028410 0.060000
v -0.155155 0.029639 0.060000
v -0.150723 0.032350 0.060000
v -0.147782 0.033922 0.060000
v -0.147429 0.035022 0.060000
v -0.146284 0.037482 0.060000
v -0.144580 0.039886 0.060000
v -0.143453 0.041696 0.060000
v -0.142777 0.043139 0.060000
v -0.140758 0.043387 0.060000
v -0.139267 0.044314 0.060000
v -0.135498 0.044326 0.060000
v -0.133214 0.044666 0.060000
v -0.121167 0.050683 0.060000
v -0.113357 0.054390 0.060000
v -0.110197 0.056671 0.060000
v -0.107438 0.059487 0.060000
v -0.103903 0.064089 0.060000
v -0.100636 0.067410 0.060000
v -0.098219 0.069358 0.060000
v -0.095718 0.070944 0.060000
v -0.092849 0.072286 0.060000
v -0.088383 0.073677 0.060000
v -0.084930 0.075052 0.060000
v -0.081691 0.076705 0.060000
v -0.078665 0.078635 0.060000
v -0.075175 0.081422 0.060000
v -0.072375 0.084344 0.060000
v -0.071641 0.084940 0.060000
v -0.070491 0.085472 0.060000
v -0.068158 0.086156 0.060000
v -0.065698 0.087536 0.060000
v -0.062385 0.090450 0.060000
v -0.059774 0.092999 0.060000
v -0.058156 0.094325 0.060000
v -0.056351 0.095462 0.060000
v -0.053566 0.096797 0.060000
v -0.051081 0.098322 0.060000
v -0.049046 0.099930 0.060000
v -0.046177 0.102637 0.060000
v -0.043006 0.104984 0.060000
v -0.041234 0.106101 0.060000
v -0.039502 0.107497 0.060000
v -0.037801 0.109182 0.060000
v -0.036208 0.111143 0.060000
v -0.034810 0.112578 0.060000
v -0.033047 0.114006 0.060000
v -0.031477 0.115132 0.060000
v -0.029700 0.116255 0.060000
v -0.026607 0.117349 0.060000
v -0.023824 0.118409 0.060000
v -0.021793 0.119671 0.060000
v -0.020129 0.121066 0.060000
v -0.016749 0.124857 0.060000
v -0.014818 0.126144 0.060000
v -0.012856 0.128003 0.060000
v -0.010946 0.130298 0.060000
v -0.008933 0.132168 0.060000
v -0.007193 0.133438 0.060000
v -0.005645 0.134395 0.060000
v -0.004042 0.135662 0.060000
v -0.002623 0.137126 0.060000
v 0.001384 0.142261 0.060000
v 0.012413 0.158250 0.060000
v 0.023485 0.171314 0.060000
v 0.029947 0.178154 0.060000
v 0.032524 0.180886 0.060000
v 0.035197 0.183180 0.060000
v 0.038941 0.187101 0.060000
v 0.040418 0.188345 0.060000
v 0.042616 0.189811 0.060000
v 0.049955 0.194217 0.060000
v 0.051980 0.194735 0.060000
v 0.054184 0.194829 0.060000
v 0.055912 0.194578 0.060000
v 0.058228 0.193603 0.060000
v 0.065226 0.185884 0.060000
v 0.067827 0.182736 0.060000
v 0.072375 0.177014 0.060000
v 0.075341 0.173509 0.060000
v 0.078871 0.169100 0.060000
v 0.081746 0.165773 0.060000
v 0.086164 0.160553 0.060000
v 0.090090 0.156679 0.060000
v 0.093464 0.153600 0.060000
v 0.096377 0.151317 0.060000
v 0.098411 0.149308 0.060000
v 0.099489 0.148084 0.060000
v 0.102299 0.145558 0.060000
v 0.104738 0.143766 0.060000
v 0.107301 0.141473 0.060000
v 0.108016 0.139541 0.060000
v -0.056840 0.285549 0.060000
v -0.056266 0.282324 0.060000
v -0.055719 0.277045 0.060000
v -0.055601 0.271631 0.060000
v -0.055807 0.267488 0.060000
v -0.056313 0.262686 0.060000
v -0.057484 0.256563 0.060000
v -0.058391 0.253199 0.060000
v -0.059422 0.251606 0.060000
v -0.059927 0.250514 0.060000
v -0.060283 0.249058 0.060000
v -0.060563 0.245519 0.060000
v -0.061467 0.241771 0.060000
v -0.062570 0.239148 0.060000
v -0.063978 0.236669 0.060000
v -0.066423 0.233611 0.060000
v -0.069488 0.230826 0.060000
v -0.072229 0.228916 0.060000
v -0.075340 0.225963 0.060000
v -0.079135 0.222679 0.060000
v -0.081901 0.220031 0.060000
v -0.083085 0.219379 0.060000
v -0.085059 0.218996 0.060000
v -0.087014 0.219186 0.060000
v -0.090504 0.220520 0.060000
v -0.095689 0.222334 0.060000
v -0.101808 0.224175 0.060000
v -0.108068 0.226091 0.060000
v -0.112999 0.228228 0.060000
v -0.117786 0.230825 0.060000
v -0.118168 0.230929 0.060000
v -0.119301 0.231623 0.060000
v -0.120782 0.234862 0.060000
v -0.121527 0.236217 0.060000
v -0.122726 0.237804 0.060000
v -0.126223 0.240595 0.060000
v -0.129508 0.242520 0.060000
v -0.132653 0.243905 0.060000
v -0.138369 0.246122 0.060000
v -0.143138 0.247779 0.060000
v -0.145734 0.248426 0.060000
v -0.149879 0.249953 0.060000
v -0.156639 0.253166 0.060000
v -0.157105 0.254005 0.060000
v -0.157774 0.254925 0.060000
v -0.158521 0.255537 0.060000
v -0.159365 0.255888 0.060000
v -0.160557 0.258707 0.060000
v -0.160851 0.260556 0.060000
v -0.160766 0.262003 0.060000
v -0.160319 0.263631 0.060000
v -0.157824 0.268982 0.060000
v -0.155589 0.274741 0.060000
v -0.154278 0.278773 0.060000
v -0.151502 0.289137 0.060000
v -0.150192 0.294598 0.060000
v -0.148295 0.301260 0.060000
v -0.145397 0.309341 0.060000
v -0.143558 0.315043 0.060000
v -0.142330 0.319326 0.060000
v -0.141884 0.319829 0.060000
v -0.139860 0.320971 0.060000
v -0.137828 0.320968 0.060000
v -0.133526 0.320341 0.060000
v -0.129771 0.319443 0.060000
v -0.125871 0.318177 0.060000
v -0.122288 0.316610 0.060000
v -0.118921 0.314685 0.060000
v -0.116956 0.313295 0.060000
v -0.114566 0.312924 0.060000
v -0.110957 0.312073 0.060000
v -0.107390 0.310858 0.060000
v -0.102375 0.308608 0.060000
v -0.097312 0.306180 0.060000
v -0.094242 0.304583 0.060000
v -0.090961 0.303165 0.060000
v -0.087115 0.301760 0.060000
v -0.080899 0.299923 0.060000
v -0.078782 0.299468 0.060000
v -0.076988 0.298743 0.060000
v -0.075081 0.297604 0.060000
v -0.073614 0.296278 0.060000
v -0.071182 0.294709 0.060000
v -0.068477 0.293587 0.060000
v -0.063781 0.292344 0.060000
v -0.057974 0.290568 0.060000
v -0.057159 0.289709 0.060000
v -0.056845 0.288617 0.060000
v 0.060954 0.282334 0.060000
v 0.060859 0.281075 0.060000
v 0.059959 0.278603 0.060000
v 0.059208 0.275573 0.060000
v 0.058933 0.272754 0.060000
v 0.059020 0.269640 0.060000
v 0.058986 0.266009 0.060000
v 0.058767 0.262784 0.060000
v 0.058761 0.256643 0.060000
v 0.058423 0.253343 0.060000
v 0.057822 0.251630 0.060000
v 0.056573 0.249655 0.060000
v 0.055128 0.248354 0.060000
v 0.053239 0.247275 0.060000
v 0.051859 0.245981 0.060000
v 0.050935 0.244173 0.060000
v 0.050674 0.242775 0.060000
v 0.046004 0.241587 0.060000
v 0.039947 0.239657 0.060000
v 0.035955 0.238130 0.060000
v 0.031466 0.238345 0.060000
v 0.026933 0.238870 0.060000
v 0.020828 0.240227 0.060000
v 0.017544 0.240853 0.060000
v 0.014374 0.239275 0.060000
v 0.012559 0.238537 0.060000
v 0.011163 0.238628 0.060000
v 0.009183 0.239104 0.060000
v 0.007051 0.239965 0.060000
v 0.004212 0.241543 0.060000
v 0.001057 0.243807 0.060000
v -0.000985 0.245495 0.060000
v -0.001325 0.248673 0.060000
v -0.001380 0.251649 0.060000
v -0.001733 0.255224 0.060000
v -0.001644 0.256234 0.060000
v -0.001354 0.258345 0.060000
v -0.001355 0.263118 0.060000
v -0.001692 0.265033 0.060000
v -0.001964 0.269151 0.060000
v -0.001931 0.275752 0.060000
v -0.001553 0.280503 0.060000
v -0.000988 0.284729 0.060000
v -0.000524 0.285592 0.060000
v -0.000094 0.286872 0.060000
v 0.000039 0.288117 0.060000
v -0.000121 0.290109 0.060000
v -0.000202 0.292866 0.060000
v 0.000662 0.294367 0.060000
v 0.001918 0.295987 0.060000
v 0.003432 0.297230 0.060000
v 0.004803 0.297897 0.060000
v 0.006664 0.299388 0.060000
v 0.008958 0.300736 0.060000
v 0.010059 0.301580 0.060000
v 0.012443 0.304122 0.060000
v 0.014491 0.306788 0.060000
v 0.016996 0.307217 0.060000
v 0.019858 0.307208 0.060000
v 0.024861 0.305892 0.060000
v 0.028832 0.305135 0.060000
v 0.034533 0.304416 0.060000
v 0.037039 0.305481 0.060000
v 0.039270 0.306703 0.060000
v 0.042238 0.308681 0.060000
v 0.043741 0.309827 0.060000
v 0.050597 0.309813 0.060000
v 0.054486 0.309096 0.060000
v 0.055603 0.308980 0.060000
v 0.056574 0.308575 0.060000
v 0.056999 0.308094 0.060000
v 0.057243 0.307326 0.060000
v 0.057006 0.305667 0.060000
v 0.056972 0.303964 0.060000
v 0.057170 0.301856 0.060000
v 0.057943 0.298763 0.060000
v 0.059105 0.294449 0.060000
v 0.060227 0.291237 0.060000
v 0.060672 0.289200 0.060000
v 0.060801 0.286989 0.060000
v 0.060687 0.285394 0.060000
v 0.060776 0.283636 0.060000
v 0.140327 0.299668 0.060000
v 0.140470 0.296871 0.060000
v 0.139921 0.290963 0.060000
v 0.139156 0.279360 0.060000
v 0.138897 0.266670 0.060000
v 0.138121 0.262385 0.060000
v 0.136875 0.258169 0.060000
v 0.135826 0.253932 0.060000
v 0.134292 0.251464 0.060000
v 0.131314 0.248040 0.060000
v 0.128205 0.245540 0.060000
v 0.126204 0.244316 0.060000
v 0.123635 0.244881 0.060000
v 0.119675 0.245328 0.060000
v 0.115782 0.245261 0.060000
v 0.103129 0.243548 0.060000
v 0.100083 0.242659 0.060000
v 0.096403 0.242314 0.060000
v 0.092880 0.242596 0.060000
v 0.090455 0.243075 0.060000
v 0.086919 0.243586 0.060000
v 0.081075 0.243947 0.060000
v 0.076637 0.244358 0.060000
v 0.075508 0.244623 0.060000
v 0.074228 0.245260 0.060000
v 0.073410 0.245857 0.060000
v 0.072664 0.246240 0.060000
v 0.071876 0.247124 0.060000
v 0.071507 0.248306 0.060000
v 0.071530 0.250628 0.060000
v 0.071806 0.252233 0.060000
v 0.072302 0.253461 0.060000
v 0.072583 0.255443 0.060000
v 0.072178 0.257963 0.060000
v 0.071496 0.259710 0.060000
v 0.073684 0.263112 0.060000
v 0.075063 0.265746 0.060000
v 0.075644 0.267744 0.060000
v 0.075823 0.269856 0.060000
v 0.075716 0.271510 0.060000
v 0.075821 0.272988 0.060000
v 0.076094 0.274883 0.060000
v 0.076035 0.278411 0.060000
v 0.076477 0.283439 0.060000
v 0.077616 0.288195 0.060000
v 0.079898 0.294684 0.060000
v 0.082632 0.301725 0.060000
v 0.084176 0.302177 0.060000
v 0.086290 0.303138 0.060000
v 0.088385 0.304510 0.060000
v 0.091163 0.306846 0.060000
v 0.092752 0.308344 0.060000
v 0.095618 0.308928 0.060000
v 0.097919 0.308650 0.060000
v 0.099226 0.308288 0.060000
v 0.100943 0.308157 0.060000
v 0.103413 0.307514 0.060000
v 0.105264 0.307338 0.060000
v 0.106920 0.307568 0.060000
v 0.113177 0.307929 0.060000
v 0.119002 0.307692 0.060000
v 0.134270 0.305973 0.060000
v 0.138594 0.305956 0.060000
v 0.139802 0.303019 0.060000
v -0.274420 0.161318 0.060000
v -0.274383 0.158441 0.060000
v -0.273891 0.154767 0.060000
v -0.273314 0.152216 0.060000
v -0.273529 0.149659 0.060000
v -0.274172 0.145695 0.060000
v -0.275020 0.142336 0.060000
v -0.276444 0.137896 0.060000
v -0.277443 0.132985 0.060000
v -0.277875 0.129042 0.060000
v -0.278039 0.124901 0.060000
v -0.277861 0.120264 0.060000
v -0.277383 0.116390 0.060000
v -0.276516 0.111846 0.060000
v -0.276146 0.107854 0.060000
v -0.276149 0.104078 0.060000
v -0.276397 0.101349 0.060000
v -0.280432 0.099451 0.060000
v -0.285507 0.097658 0.060000
v -0.288375 0.096977 0.060000
v -0.292994 0.096232 0.060000
v -0.302273 0.095156 0.060000
v -0.303681 0.094931 0.060000
v -0.306276 0.094895 0.060000
v -0.309024 0.095267 0.060000
v -0.313811 0.096387 0.060000
v -0.319762 0.097486 0.060000
v -0.322520 0.097624 0.060000
v -0.326918 0.098383 0.060000
v -0.330527 0.098630 0.060000
v -0.333212 0.098635 0.060000
v -0.334822 0.098437 0.060000
v -0.335646 0.098266 0.060000
v -0.337260 0.097807 0.060000
v -0.340007 0.096565 0.060000
v -0.342375 0.095881 0.060000
v -0.345394 0.095539 0.060000
v -0.352763 0.095837 0.060000
v -0.357559 0.096401 0.060000
v -0.360776 0.096961 0.060000
v -0.362679 0.097473 0.060000
v -0.369708 0.097973 0.060000
v -0.374168 0.098227 0.060000
v -0.377360 0.098266 0.060000
v -0.382531 0.098183 0.060000
v -0.389209 0.097654 0.060000
v -0.397420 0.096604 0.060000
v -0.399326 0.096339 0.060000
v -0.400309 0.096201 0.060000
v -0.403146 0.096062 0.060000
v -0.409829 0.096324 0.060000
v -0.411657 0.096339 0.060000
v -0.413564 0.096140 0.060000
v -0.420024 0.096111 0.060000
v -0.424588 0.096339 0.060000
v -0.429446 0.096722 0.060000
v -0.438479 0.097938 0.060000
v -0.440559 0.098266 0.060000
v -0.441507 0.098410 0.060000
v -0.443543 0.098544 0.060000
v -0.447098 0.097885 0.060000
v -0.448259 0.097475 0.060000
v -0.450287 0.097232 0.060000
v -0.452390 0.097433 0.060000
v -0.455924 0.098250 0.060000
v -0.459381 0.098618 0.060000
v -0.462367 0.098725 0.060000
v -0.465427 0.098619 0.060000
v -0.468988 0.098077 0.060000
v -0.473098 0.097081 0.060000
v -0.476409 0.096702 0.060000
v -0.478813 0.096854 0.060000
v -0.480409 0.097201 0.060000
v -0.488189 0.099258 0.060000
v -0.496784 0.100985 0.060000
v -0.505693 0.102884 0.060000
v -0.506367 0.111879 0.060000
v -0.506712 0.123302 0.060000
v -0.506655 0.132102 0.060000
v -0.506427 0.137937 0.060000
v -0.505209 0.142496 0.060000
v -0.502472 0.150284 0.060000
v -0.501477 0.154205 0.060000
v -0.499449 0.166297 0.060000
v -0.498624 0.169824 0.060000
v -0.497578 0.172918 0.060000
v -0.496769 0.174643 0.060000
v -0.494201 0.175900 0.060000
v -0.492483 0.176258 0.060000
v -0.490890 0.176288 0.060000
v -0.487518 0.175668 0.060000
v -0.481443 0.175304 0.060000
v -0.479949 0.175097 0.060000
v -0.477502 0.175158 0.060000
v -0.475145 0.175669 0.060000
v -0.472202 0.176662 0.060000
v -0.469660 0.177010 0.060000
v -0.467846 0.176862 0.060000
v -0.466179 0.176450 0.060000
v -0.463434 0.176139 0.060000
v -0.461022 0.176125 0.060000
v -0.457862 0.176484 0.060000
v -0.455116 0.178131 0.060000
v -0.453585 0.179375 0.060000
v -0.452622 0.179889 0.060000
v -0.451497 0.180066 0.060000
v -0.449923 0.179659 0.060000
v -0.447767 0.178777 0.060000
v -0.444828 0.177225 0.060000
v -0.441153 0.175000 0.060000
v -0.438202 0.173710 0.060000
v -0.436161 0.173297 0.060000
v -0.434624 0.173289 0.060000
v -0.431245 0.173975 0.060000
v -0.425789 0.174735 0.060000
v -0.419891 0.175393 0.060000
v -0.413984 0.175715 0.060000
v -0.410110 0.175424 0.060000
v -0.408709 0.175080 0.060000
v -0.406260 0.174940 0.060000
v -0.403216 0.175135 0.060000
v -0.394169 0.176160 0.060000
v -0.389052 0.176588 0.060000
v -0.387113 0.176614 0.060000
v -0.384739 0.176392 0.060000
v -0.381979 0.175896 0.060000
v -0.379468 0.175635 0.060000
v -0.376113 0.175626 0.060000
v -0.372424 0.175756 0.060000
v -0.368973 0.175998 0.060000
v -0.365637 0.176456 0.060000
v -0.362491 0.177121 0.060000
v -0.359413 0.178143 0.060000
v -0.357692 0.179190 0.060000
v -0.354875 0.178572 0.060000
v -0.347638 0.176373 0.060000
v -0.341913 0.175068 0.060000
v -0.338896 0.174545 0.060000
v -0.336241 0.174917 0.060000
v -0.334440 0.175635 0.060000
v -0.332808 0.176068 0.060000
v -0.316567 0.176123 0.060000
v -0.312746 0.176344 0.060000
v -0.308915 0.176874 0.060000
v -0.303059 0.178239 0.060000
v -0.299320 0.178828 0.060000
v -0.295287 0.178414 0.060000
v -0.290727 0.177358 0.060000
v -0.287980 0.177211 0.060000
v -0.285120 0.177720 0.060000
v -0.283333 0.178420 0.060000
v -0.281592 0.177041 0.060000
v -0.279313 0.175628 0.060000
v -0.275241 0.173771 0.060000
v -0.274663 0.171090 0.060000
v -0.274171 0.167256 0.060000
v -0.274139 0.164178 0.060000
v -0.597710 0.181665 0.060000
v -0.597552 0.180820 0.060000
v -0.597692 0.180327 0.060000
v -0.598542 0.174278 0.060000
v -0.599143 0.167626 0.060000
v -0.600003 0.151828 0.060000
v -0.600735 0.148820 0.060000
v -0.601441 0.143874 0.060000
v -0.602433 0.140521 0.060000
v -0.604177 0.134580 0.060000
v -0.605779 0.126300 0.060000
v -0.606391 0.120224 0.060000
v -0.606569 0.115198 0.060000
v -0.608705 0.112096 0.060000
v -0.612332 0.107834 0.060000
v -0.615213 0.105180 0.060000
v -0.617744 0.103247 0.060000
v -0.620008 0.103008 0.060000
v -0.621442 0.103109 0.060000
v -0.623109 0.103524 0.060000
v -0.624278 0.104046 0.060000
v -0.624476 0.104046 0.060000
v -0.624684 0.104046 0.060000
v -0.624904 0.104046 0.060000
v -0.625134 0.104046 0.060000
v -0.625375 0.104046 0.060000
v -0.625626 0.104046 0.060000
v -0.625889 0.104046 0.060000
v -0.626162 0.104046 0.060000
v -0.626445 0.104046 0.060000
v -0.626740 0.104046 0.060000
v -0.627045 0.104046 0.060000
v -0.627360 0.104046 0.060000
v -0.628782 0.103963 0.060000
v -0.630386 0.103473 0.060000
v -0.633325 0.102311 0.060000
v -0.635841 0.101739 0.060000
v -0.638320 0.101511 0.060000
v -0.641341 0.101655 0.060000
v -0.644246 0.102025 0.060000
v -0.648211 0.102874 0.060000
v -0.652226 0.102872 0.060000
v -0.657538 0.101224 0.060000
v -0.661295 0.099667 0.060000
v -0.663185 0.099153 0.060000
v -0.665006 0.098965 0.060000
v -0.667287 0.099037 0.060000
v -0.669364 0.099422 0.060000
v -0.670556 0.098963 0.060000
v -0.671812 0.098131 0.060000
v -0.672947 0.096760 0.060000
v -0.673567 0.094949 0.060000
v -0.673716 0.093224 0.060000
v -0.673603 0.091715 0.060000
v -0.673341 0.090745 0.060000
v -0.673262 0.089212 0.060000
v -0.673555 0.087710 0.060000
v -0.674221 0.086146 0.060000
v -0.675221 0.084477 0.060000
v -0.676300 0.083231 0.060000
v -0.677361 0.075001 0.060000
v -0.677843 0.070133 0.060000
v -0.678534 0.068316 0.060000
v -0.679105 0.065567 0.060000
v -0.679304 0.062623 0.060000
v -0.679392 0.058941 0.060000
v -0.680081 0.057235 0.060000
v -0.681445 0.054850 0.060000
v -0.683000 0.052962 0.060000
v -0.685694 0.050497 0.060000
v -0.689026 0.046678 0.060000
v -0.689371 0.044057 0.060000
v -0.689461 0.041613 0.060000
v -0.690420 0.038405 0.060000
v -0.697926 0.027690 0.060000
v -0.699340 0.026568 0.060000
v -0.701390 0.025673 0.060000
v -0.702677 0.024829 0.060000
v -0.703775 0.023750 0.060000
v -0.704571 0.022330 0.060000
v -0.704619 0.020997 0.060000
v -0.704163 0.019614 0.060000
v -0.704036 0.018179 0.060000
v -0.704379 0.016660 0.060000
v -0.706280 0.013738 0.060000
v -0.709092 0.009902 0.060000
v -0.713427 0.004499 0.060000
v -0.717169 0.000756 0.060000
v -0.718612 -0.000447 0.060000
v -0.721095 -0.002247 0.060000
v -0.723655 -0.004560 0.060000
v -0.725312 -0.006571 0.060000
v -0.726655 -0.008735 0.060000
v -0.728112 -0.010588 0.060000
v -0.729903 -0.012496 0.060000
v -0.732130 -0.014458 0.060000
v -0.736946 -0.018293 0.060000
v -0.742501 -0.022484 0.060000
v -0.751673 -0.028975 0.060000
v -0.759199 -0.034635 0.060000
v -0.761009 -0.035320 0.060000
v -0.761848 -0.035815 0.060000
v -0.763757 -0.036067 0.060000
v -0.766441 -0.035901 0.060000
v -0.768845 -0.035114 0.060000
v -0.772982 -0.032227 0.060000
v -0.777364 -0.028802 0.060000
v -0.781554 -0.025206 0.060000
v -0.785551 -0.021439 0.060000
v -0.789355 -0.017501 0.060000
v -0.793810 -0.012394 0.060000
v -0.800603 0.007625 0.060000
v -0.800795 0.008916 0.060000
v -0.801044 0.009524 0.060000
v -0.801605 0.011834 0.060000
v -0.801701 0.014535 0.060000
v -0.801267 0.017040 0.060000
v -0.800575 0.018794 0.060000
v -0.799625 0.020441 0.060000
v -0.797866 0.022473 0.060000
v -0.796167 0.023873 0.060000
v -0.793263 0.025578 0.060000
v -0.790042 0.027845 0.060000
v -0.787242 0.030161 0.060000
v -0.776889 0.039678 0.060000
v -0.773148 0.044738 0.060000
v -0.767951 0.053082 0.060000
v -0.764643 0.059571 0.060000
v -0.762407 0.064660 0.060000
v -0.761724 0.066551 0.060000
v -0.760760 0.068669 0.060000
v -0.759522 0.070780 0.060000
v -0.757148 0.073978 0.060000
v -0.754903 0.076704 0.060000
v -0.752985 0.080024 0.060000
v -0.751671 0.083144 0.060000
v -0.751192 0.084968 0.060000
v -0.751090 0.086902 0.060000
v -0.751564 0.088310 0.060000
v -0.752386 0.089340 0.060000
v -0.753638 0.090302 0.060000
v -0.755322 0.091191 0.060000
v -0.758509 0.092366 0.060000
v -0.763978 0.093658 0.060000
v -0.766604 0.094063 0.060000
v -0.769333 0.094267 0.060000
v -0.771732 0.093937 0.060000
v -0.773583 0.093328 0.060000
v -0.775553 0.092451 0.060000
v -0.777278 0.092113 0.060000
v -0.779075 0.092149 0.060000
v -0.782752 0.092744 0.060000
v -0.785346 0.092873 0.060000
v -0.787104 0.092046 0.060000
v -0.789342 0.091115 0.060000
v -0.791211 0.090108 0.060000
v -0.792665 0.089039 0.060000
v -0.795086 0.089368 0.060000
v -0.797446 0.089419 0.060000
v -0.798910 0.089637 0.060000
v -0.800334 0.090118 0.060000
v -0.801170 0.090566 0.060000
v -0.807495 0.091343 0.060000
v -0.813645 0.091807 0.060000
v -0.817225 0.091835 0.060000
v -0.820868 0.091610 0.060000
v -0.823121 0.091329 0.060000
v -0.826002 0.091443 0.060000
v -0.830431 0.091362 0.060000
v -0.834553 0.090998 0.060000
v -0.840911 0.090056 0.060000
v -0.849176 0.089021 0.060000
v -0.852543 0.089062 0.060000
v -0.854276 0.089650 0.060000
v -0.855297 0.090445 0.060000
v -0.855936 0.091289 0.060000
v -0.856414 0.092369 0.060000
v -0.857127 0.094802 0.060000
v -0.857751 0.097502 0.060000
v -0.858136 0.100580 0.060000
v -0.858188 0.104312 0.060000
v -0.857949 0.111087 0.060000
v -0.856765 0.125567 0.060000
v -0.856637 0.129752 0.060000
v -0.856957 0.134965 0.060000
v -0.857607 0.137029 0.060000
v -0.858101 0.139704 0.060000
v -0.858129 0.142209 0.060000
v -0.857456 0.146796 0.060000
v -0.856816 0.151926 0.060000
v -0.855622 0.155843 0.060000
v -0.853671 0.159229 0.060000
v -0.852020 0.161082 0.060000
v -0.848151 0.162268 0.060000
v -0.841743 0.163823 0.060000
v -0.836078 0.165726 0.060000
v -0.827008 0.167239 0.060000
v -0.823268 0.169050 0.060000
v -0.818824 0.170816 0.060000
v -0.813871 0.172307 0.060000
v -0.808192 0.173574 0.060000
v -0.800781 0.175383 0.060000
v -0.795401 0.176862 0.060000
v -0.792359 0.176089 0.060000
v -0.789656 0.175749 0.060000
v -0.785906 0.174515 0.060000
v -0.783117 0.174191 0.060000
v -0.777919 0.174179 0.060000
v -0.775743 0.173178 0.060000
v -0.774566 0.172368 0.060000
v -0.771974 0.170350 0.060000
v -0.770736 0.169573 0.060000
v -0.763077 0.169910 0.060000
v -0.755943 0.169986 0.060000
v -0.750155 0.170417 0.060000
v -0.746721 0.170804 0.060000
v -0.743147 0.170922 0.060000
v -0.740301 0.170700 0.060000
v -0.736859 0.169808 0.060000
v -0.733990 0.169479 0.060000
v -0.731836 0.169531 0.060000
v -0.728522 0.169934 0.060000
v -0.722991 0.171056 0.060000
v -0.717648 0.172397 0.060000
v -0.711827 0.174609 0.060000
v -0.707505 0.175753 0.060000
v -0.704189 0.176370 0.060000
v -0.692963 0.178781 0.060000
v -0.684682 0.180870 0.060000
v -0.682871 0.181113 0.060000
v -0.659381 0.181120 0.060000
v -0.651014 0.182870 0.060000
v -0.648428 0.183594 0.060000
v -0.645699 0.184587 0.060000
v -0.643266 0.185630 0.060000
v -0.639606 0.186815 0.060000
v -0.635827 0.187588 0.060000
v -0.632690 0.187865 0.060000
v -0.626943 0.187926 0.060000
v -0.621229 0.187679 0.060000
v -0.619458 0.187166 0.060000
v -0.617277 0.186902 0.060000
v -0.613488 0.186898 0.060000
v -0.611727 0.187297 0.060000
v -0.609153 0.187436 0.060000
v -0.607376 0.187162 0.060000
v -0.606031 0.186742 0.060000
v -0.599673 0.183877 0.060000
v -0.598677 0.183088 0.060000
v -0.644090 0.282049 0.060000
v -0.643920 0.280571 0.060000
v -0.645233 0.278701 0.060000
v -0.646343 0.276552 0.060000
v -0.647565 0.273294 0.060000
v -0.648179 0.271247 0.060000
v -0.648048 0.269317 0.060000
v -0.647657 0.267228 0.060000
v -0.646832 0.264193 0.060000
v -0.646387 0.261004 0.060000
v -0.646440 0.258140 0.060000
v -0.647225 0.252307 0.060000
v -0.647410 0.247382 0.060000
v -0.648431 0.245435 0.060000
v -0.649552 0.242121 0.060000
v -0.650089 0.238486 0.060000
v -0.650097 0.225851 0.060000
v -0.653060 0.223044 0.060000
v -0.655480 0.220189 0.060000
v -0.658181 0.217338 0.060000
v -0.663587 0.216515 0.060000
v -0.669752 0.215782 0.060000
v -0.678209 0.215106 0.060000
v -0.686503 0.214870 0.060000
v -0.693635 0.214978 0.060000
v -0.700276 0.215461 0.060000
v -0.704829 0.215684 0.060000
v -0.707842 0.216132 0.060000
v -0.710969 0.216982 0.060000
v -0.713076 0.217781 0.060000
v -0.715481 0.218153 0.060000
v -0.717788 0.218113 0.060000
v -0.720018 0.217765 0.060000
v -0.721901 0.217661 0.060000
v -0.723952 0.217837 0.060000
v -0.725241 0.218112 0.060000
v -0.726224 0.218540 0.060000
v -0.727903 0.218924 0.060000
v -0.729618 0.218973 0.060000
v -0.732591 0.218630 0.060000
v -0.734950 0.218506 0.060000
v -0.740483 0.218405 0.060000
v -0.748042 0.217788 0.060000
v -0.752151 0.217039 0.060000
v -0.755185 0.216113 0.060000
v -0.756953 0.215765 0.060000
v -0.758795 0.215686 0.060000
v -0.759923 0.215800 0.060000
v -0.761067 0.216360 0.060000
v -0.762900 0.216756 0.060000
v -0.764668 0.216623 0.060000
v -0.767683 0.215750 0.060000
v -0.770830 0.215399 0.060000
v -0.773391 0.215747 0.060000
v -0.778574 0.217004 0.060000
v -0.783779 0.217748 0.060000
v -0.787298 0.217465 0.060000
v -0.790314 0.217318 0.060000
v -0.792261 0.216999 0.060000
v -0.794752 0.216093 0.060000
v -0.797497 0.215430 0.060000
v -0.807779 0.215425 0.060000
v -0.810231 0.217912 0.060000
v -0.811765 0.220628 0.060000
v -0.812623 0.223288 0.060000
v -0.813144 0.225653 0.060000
v -0.813443 0.228818 0.060000
v -0.813854 0.231568 0.060000
v -0.814036 0.236013 0.060000
v -0.814469 0.239744 0.060000
v -0.814662 0.244380 0.060000
v -0.815077 0.247520 0.060000
v -0.815346 0.251353 0.060000
v -0.815419 0.254668 0.060000
v -0.814822 0.259079 0.060000
v -0.813543 0.265341 0.060000
v -0.811827 0.272187 0.060000
v -0.810757 0.277969 0.060000
v -0.810213 0.281789 0.060000
v -0.809526 0.283293 0.060000
v -0.808755 0.284228 0.060000
v -0.807751 0.284996 0.060000
v -0.806511 0.285596 0.060000
v -0.805370 0.285987 0.060000
v -0.803255 0.287156 0.060000
v -0.801077 0.287759 0.060000
v -0.800184 0.288355 0.060000
v -0.798687 0.290018 0.060000
v -0.796586 0.291744 0.060000
v -0.794312 0.293022 0.060000
v -0.791651 0.293866 0.060000
v -0.789057 0.294403 0.060000
v -0.785928 0.294774 0.060000
v -0.782243 0.295049 0.060000
v -0.778060 0.295756 0.060000
v -0.775596 0.295947 0.060000
v -0.763414 0.295962 0.060000
v -0.760975 0.297925 0.060000
v -0.756638 0.300505 0.060000
v -0.755289 0.301350 0.060000
v -0.754077 0.301721 0.060000
v -0.733311 0.301734 0.060000
v -0.724683 0.298381 0.060000
v -0.720043 0.296504 0.060000
v -0.716303 0.295761 0.060000
v -0.712098 0.295874 0.060000
v -0.701529 0.297116 0.060000
v -0.696886 0.296348 0.060000
v -0.693403 0.295372 0.060000
v -0.690804 0.295072 0.060000
v -0.688428 0.295173 0.060000
v -0.685462 0.295460 0.060000
v -0.682971 0.295250 0.060000
v -0.680148 0.294811 0.060000
v -0.673989 0.294798 0.060000
v -0.671574 0.294931 0.060000
v -0.666143 0.294991 0.060000
v -0.661541 0.294706 0.060000
v -0.659442 0.294609 0.060000
v -0.657509 0.294971 0.060000
v -0.655495 0.295172 0.060000
v -0.652503 0.295356 0.060000
v -0.649791 0.294911 0.060000
v -0.648044 0.294157 0.060000
v -0.646758 0.293299 0.060000
v -0.645779 0.292399 0.060000
v -0.645164 0.291320 0.060000
v -0.644851 0.290089 0.060000
v -0.644978 0.288247 0.060000
v -0.644709 0.286292 0.060000
v -0.644621 0.284966 0.060000
v -0.938990 0.030022 0.060000
v -0.938639 0.027335 0.060000
v -0.941320 0.023999 0.060000
v -0.944874 0.019975 0.060000
v -0.950265 0.014580 0.060000
v -0.954110 0.011123 0.060000
v -0.956047 0.009827 0.060000
v -0.959230 0.008165 0.060000
v -0.960595 0.007325 0.060000
v -0.961384 0.006310 0.060000
v -0.963356 0.004160 0.060000
v -0.964410 0.002912 0.060000
v -0.965231 0.001542 0.060000
v -0.967128 0.001312 0.060000
v -0.969962 0.000573 0.060000
v -0.972522 -0.000559 0.060000
v -0.975013 -0.002147 0.060000
v -0.977307 -0.003880 0.060000
v -0.980283 -0.006546 0.060000
v -0.992269 -0.006542 0.060000
v -0.996194 -0.003574 0.060000
v -0.998883 -0.001066 0.060000
v -1.000733 0.000055 0.060000
v -1.002950 0.000681 0.060000
v -1.004528 0.000771 0.060000
v -1.005451 0.001452 0.060000
v -1.006649 0.002716 0.060000
v -1.007450 0.004002 0.060000
v -1.008121 0.005549 0.060000
v -1.009033 0.006838 0.060000
v -1.010388 0.007941 0.060000
v -1.011695 0.008626 0.060000
v -1.013712 0.010797 0.060000
v -1.015157 0.013361 0.060000
v -1.017165 0.015732 0.060000
v -1.021324 0.020618 0.060000
v -1.027748 0.027413 0.060000
v -1.033148 0.032847 0.060000
v -1.035948 0.035388 0.060000
v -1.042096 0.040566 0.060000
v -1.048337 0.046383 0.060000
v -1.050927 0.049032 0.060000
v -1.053877 0.052863 0.060000
v -1.058480 0.059346 0.060000
v -1.060074 0.060047 0.060000
v -1.062144 0.060445 0.060000
v -1.063528 0.060169 0.060000
v -1.069069 0.056886 0.060000
v -1.070633 0.055736 0.060000
v -1.072054 0.054310 0.060000
v -1.088148 0.038153 0.060000
v -1.088678 0.036859 0.060000
v -1.090070 0.034499 0.060000
v -1.091274 0.031931 0.060000
v -1.092668 0.030806 0.060000
v -1.093831 0.030092 0.060000
v -1.098503 0.027362 0.060000
v -1.101636 0.025980 0.060000
v -1.103729 0.024816 0.060000
v -1.105997 0.022997 0.060000
v -1.112417 0.017912 0.060000
v -1.118249 0.013840 0.060000
v -1.122139 0.009732 0.060000
v -1.123240 0.008742 0.060000
v -1.125288 0.007424 0.060000
v -1.127399 0.005857 0.060000
v -1.129970 0.004234 0.060000
v -1.132646 0.002953 0.060000
v -1.136134 0.001814 0.060000
v -1.139805 0.001243 0.060000
v -1.142109 0.001155 0.060000
v -1.144221 -0.001180 0.060000
v -1.146694 -0.003837 0.060000
v -1.152272 -0.006488 0.060000
v -1.160910 -0.010888 0.060000
v -1.170174 -0.015407 0.060000
v -1.171664 -0.015522 0.060000
v -1.173729 -0.015391 0.060000
v -1.175584 -0.014919 0.060000
v -1.178865 -0.013388 0.060000
v -1.182596 -0.011543 0.060000
v -1.185294 -0.005934 0.060000
v -1.187493 0.000074 0.060000
v -1.190304 0.006675 0.060000
v -1.192746 0.013277 0.060000
v -1.195512 0.020121 0.060000
v -1.198067 0.025262 0.060000
v -1.200447 0.029170 0.060000
v -1.202002 0.032455 0.060000
v -1.203282 0.036548 0.060000
v -1.204913 0.043886 0.060000
v -1.204854 0.044860 0.060000
v -1.204466 0.045899 0.060000
v -1.203855 0.046452 0.060000
v -1.203372 0.046628 0.060000
v -1.203067 0.047368 0.060000
v -1.202282 0.048433 0.060000
v -1.200981 0.049327 0.060000
v -1.199705 0.049826 0.060000
v -1.196120 0.051222 0.060000
v -1.188200 0.053216 0.060000
v -1.183612 0.056082 0.060000
v -1.180207 0.058816 0.060000
v -1.177737 0.061187 0.060000
v -1.173952 0.065270 0.060000
v -1.169397 0.069644 0.060000
v -1.165635 0.072817 0.060000
v -1.164490 0.073444 0.060000
v -1.163348 0.074326 0.060000
v -1.161753 0.075915 0.060000
v -1.160635 0.078086 0.060000
v -1.158956 0.080770 0.060000
v -1.157063 0.083239 0.060000
v -1.154956 0.085495 0.060000
v -1.152039 0.088022 0.060000
v -1.149422 0.089788 0.060000
v -1.147056 0.091145 0.060000
v -1.143497 0.093725 0.060000
v -1.140386 0.096583 0.060000
v -1.137068 0.100217 0.060000
v -1.132536 0.104763 0.060000
v -1.129012 0.107888 0.060000
v -1.126011 0.112331 0.060000
v -1.122438 0.117171 0.060000
v -1.116609 0.124307 0.060000
v -1.113614 0.129026 0.060000
v -1.111208 0.134552 0.060000
v -1.110125 0.138280 0.060000
v -1.106760 0.144532 0.060000
v -1.103958 0.150375 0.060000
v -1.101379 0.156721 0.060000
v -1.095744 0.171763 0.060000
v -1.089964 0.188226 0.060000
v -1.086222 0.199604 0.060000
v -1.086437 0.201027 0.060000
v -1.087034 0.202898 0.060000
v -1.088032 0.204524 0.060000
v -1.089926 0.206219 0.060000
v -1.091671 0.207435 0.060000
v -1.093904 0.208764 0.060000
v -1.095484 0.209345 0.060000
v -1.097391 0.209657 0.060000
v -1.099921 0.209408 0.060000
v -1.103550 0.208234 0.060000
v -1.108422 0.207258 0.060000
v -1.113444 0.207006 0.060000
v -1.120674 0.207674 0.060000
v -1.127175 0.208636 0.060000
v -1.132502 0.209558 0.060000
v -1.138575 0.210117 0.060000
v -1.143386 0.210249 0.060000
v -1.153252 0.210053 0.060000
v -1.162452 0.209971 0.060000
v -1.165074 0.209459 0.060000
v -1.167558 0.208375 0.060000
v -1.170728 0.207512 0.060000
v -1.174010 0.207241 0.060000
v -1.185690 0.208102 0.060000
v -1.191031 0.212256 0.060000
v -1.193019 0.214343 0.060000
v -1.194448 0.216315 0.060000
v -1.195282 0.217731 0.060000
v -1.193530 0.221013 0.060000
v -1.192919 0.222481 0.060000
v -1.192582 0.223892 0.060000
v -1.191483 0.227205 0.060000
v -1.191283 0.228409 0.060000
v -1.191298 0.229643 0.060000
v -1.191432 0.230483 0.060000
v -1.191323 0.234027 0.060000
v -1.190734 0.239391 0.060000
v -1.189549 0.245073 0.060000
v -1.188681 0.250622 0.060000
v -1.188342 0.254766 0.060000
v -1.188805 0.257188 0.060000
v -1.189420 0.259329 0.060000
v -1.190687 0.263042 0.060000
v -1.191417 0.265490 0.060000
v -1.190607 0.266596 0.060000
v -1.190291 0.267606 0.060000
v -1.189929 0.268173 0.060000
v -1.186918 0.270299 0.060000
v -1.183533 0.272595 0.060000
v -1.180082 0.275249 0.060000
v -1.178187 0.275870 0.060000
v -1.176448 0.275974 0.060000
v -1.174076 0.276666 0.060000
v -1.168979 0.277653 0.060000
v -1.165036 0.278619 0.060000
v -1.162570 0.279725 0.060000
v -1.160374 0.281244 0.060000
v -1.159059 0.282463 0.060000
v -1.156922 0.281084 0.060000
v -1.154086 0.279661 0.060000
v -1.152437 0.278978 0.060000
v -1.146043 0.280291 0.060000
v -1.141292 0.281838 0.060000
v -1.136974 0.282993 0.060000
v -1.132426 0.283851 0.060000
v -1.127397 0.284398 0.060000
v -1.122025 0.284728 0.060000
v -1.115046 0.284823 0.060000
v -1.110468 0.285205 0.060000
v -1.107892 0.285543 0.060000
v -1.105229 0.286174 0.060000
v -1.102783 0.286052 0.060000
v -1.100090 0.285306 0.060000
v -1.097782 0.284905 0.060000
v -1.095678 0.284770 0.060000
v -1.092923 0.285034 0.060000
v -1.089981 0.285694 0.060000
v -1.087593 0.286477 0.060000
v -1.085275 0.287511 0.060000
v -1.083104 0.288678 0.060000
v -1.081625 0.289309 0.060000
v -1.079757 0.289810 0.060000
v -1.077846 0.290013 0.060000
v -1.075893 0.289918 0.060000
v -1.073896 0.289524 0.060000
v -1.072340 0.289014 0.060000
v -1.068532 0.290738 0.060000
v -1.066397 0.291829 0.060000
v -1.064725 0.292926 0.060000
v -1.063490 0.294020 0.060000
v -1.052264 0.292524 0.060000
v -1.048172 0.292271 0.060000
v -1.044109 0.292575 0.060000
v -1.036863 0.294018 0.060000
v -1.035194 0.293690 0.060000
v -1.033268 0.293053 0.060000
v -1.029879 0.291492 0.060000
v -1.027956 0.290463 0.060000
v -1.026266 0.289981 0.060000
v -1.025138 0.290089 0.060000
v -1.023349 0.290260 0.060000
v -1.021461 0.290085 0.060000
v -1.019127 0.289547 0.060000
v -1.015901 0.288170 0.060000
v -1.013515 0.287548 0.060000
v -1.011081 0.287394 0.060000
v -1.008023 0.287739 0.060000
v -1.005240 0.287860 0.060000
v -0.999161 0.287861 0.060000
v -0.996077 0.287327 0.060000
v -0.993347 0.287074 0.060000
v -0.992272 0.286260 0.060000
v -0.990914 0.284881 0.060000
v -0.989996 0.283517 0.060000
v -0.989267 0.281908 0.060000
v -0.988267 0.280238 0.060000
v -0.987182 0.278988 0.060000
v -0.981795 0.270525 0.060000
v -0.983135 0.266081 0.060000
v -0.984363 0.260673 0.060000
v -0.984927 0.257812 0.060000
v -0.985924 0.256702 0.060000
v -0.986939 0.254411 0.060000
v -0.987193 0.253283 0.060000
v -0.986805 0.250768 0.060000
v -0.986758 0.246972 0.060000
v -0.987353 0.243195 0.060000
v -0.989389 0.236719 0.060000
v -0.991442 0.230772 0.060000
v -0.992674 0.226176 0.060000
v -0.994413 0.218225 0.060000
v -0.995793 0.210198 0.060000
v -0.997406 0.202704 0.060000
v -0.999379 0.195239 0.060000
v -1.001659 0.187818 0.060000
v -1.004462 0.179936 0.060000
v -1.005606 0.176195 0.060000
v -1.006642 0.171733 0.060000
v -1.007751 0.165129 0.060000
v -1.009153 0.159178 0.060000
v -1.009965 0.156280 0.060000
v -1.010355 0.153820 0.060000
v -1.010607 0.151468 0.060000
v -1.011010 0.149821 0.060000
v -1.011442 0.148765 0.060000
v -1.012164 0.146589 0.060000
v -1.013350 0.144920 0.060000
v -1.014174 0.142332 0.060000
v -1.013511 0.140014 0.060000
v -1.012084 0.136610 0.060000
v -1.010197 0.133495 0.060000
v -1.008387 0.131188 0.060000
v -1.006297 0.129048 0.060000
v -1.003546 0.126673 0.060000
v -1.000474 0.123424 0.060000
v -0.998249 0.120687 0.060000
v -0.994840 0.116085 0.060000
v -0.989859 0.110187 0.060000
v -0.987528 0.107927 0.060000
v -0.985726 0.105823 0.060000
v -0.984227 0.103667 0.060000
v -0.979265 0.095628 0.060000
v -0.973875 0.087239 0.060000
v -0.971847 0.084637 0.060000
v -0.968493 0.081369 0.060000
v -0.962960 0.075235 0.060000
v -0.959921 0.068216 0.060000
v -0.956166 0.060135 0.060000
v -0.952852 0.053587 0.060000
v -0.949880 0.048399 0.060000
v -0.946157 0.042718 0.060000
v -0.943647 0.039313 0.060000
v -0.942696 0.037630 0.060000
v -0.940737 0.034955 0.060000
v -0.939765 0.032790 0.060000
v -0.939492 0.032419 0.060000
v -0.939065 0.031519 0.060000
v 1.193633 0.257249 -0.060000
v 1.194237 0.254919 -0.060000
v 1.194505 0.253224 -0.060000
v 1.193225 0.249264 -0.060000
v 1.192108 0.244409 -0.060000
v 1.191399 0.237605 -0.060000
v 1.191429 0.232053 -0.060000
v 1.191220 0.227820 -0.060000
v 1.190594 0.222670 -0.060000
v 1.189472 0.217585 -0.060000
v 1.187921 0.208863 -0.060000
v 1.184879 0.189302 -0.060000
v 1.180940 0.179601 -0.060000
v 1.178287 0.172074 -0.060000
v 1.176384 0.167315 -0.060000
v 1.174106 0.162457 -0.060000
v 1.171696 0.157906 -0.060000
v 1.169575 0.154282 -0.060000
v 1.166956 0.150544 -0.060000
v 1.163353 0.146188 -0.060000
v 1.159414 0.142294 -0.060000
v 1.156730 0.140022 -0.060000
v 1.154606 0.138783 -0.060000
v 1.151851 0.137720 -0.060000
v 1.149852 0.137184 -0.060000
v 1.148197 0.133382 -0.060000
v 1.146781 0.131384 -0.060000
v 1.145188 0.130352 -0.060000
v 1.143050 0.129703 -0.060000
v 1.141330 0.129480 -0.060000
v 1.140259 0.128787 -0.060000
v 1.138809 0.127300 -0.060000
v 1.137921 0.125496 -0.060000
v 1.137659 0.123974 -0.060000
v 1.137112 0.122113 -0.060000
v 1.136130 0.120106 -0.060000
v 1.131854 0.115485 -0.060000
v 1.125338 0.109653 -0.060000
v 1.119584 0.105567 -0.060000
v 1.115360 0.103166 -0.060000
v 1.113186 0.101648 -0.060000
v 1.110217 0.098878 -0.060000
v 1.107489 0.097120 -0.060000
v 1.107117 0.097067 -0.060000
v 1.106100 0.096536 -0.060000
v 1.103942 0.096317 -0.060000
v 1.098531 0.090149 -0.060000
v 1.095841 0.088641 -0.060000
v 1.092921 0.087140 -0.060000
v 1.090612 0.085665 -0.060000
v 1.085264 0.082154 -0.060000
v 1.080347 0.078496 -0.060000
v 1.077343 0.075914 -0.060000
v 1.074788 0.072765 -0.060000
v 1.073142 0.071276 -0.060000
v 1.072035 0.069900 -0.060000
v 1.070408 0.068366 -0.060000
v 1.067595 0.066536 -0.060000
v 1.065201 0.065437 -0.060000
v 1.060163 0.064688 -0.060000
v 1.053470 0.064315 -0.060000
v 1.049250 0.063971 -0.060000
v 1.046080 0.061053 -0.060000
v 1.041352 0.057521 -0.060000
v 1.038951 0.056469 -0.060000
v 1.034191 0.053941 -0.060000
v 1.033440 0.053290 -0.060000
v 1.032596 0.052264 -0.060000
v 1.032162 0.051317 -0.060000
v 1.031965 0.050243 -0.060000
v 1.031597 0.049415 -0.060000
v 1.030736 0.048518 -0.060000
v 1.028249 0.037945 -0.060000
v 1.025824 0.028246 -0.060000
v 1.023281 0.020466 -0.060000
v 1.021097 0.015009 -0.060000
v 1.020874 0.013125 -0.060000
v 1.020183 0.010338 -0.060000
v 1.019020 0.007628 -0.060000
v 1.017085 0.004697 -0.060000
v 1.015116 0.002404 -0.060000
v 1.013407 0.000776 -0.060000
v 1.012237 -0.001038 -0.060000
v 1.010045 -0.003330 -0.060000
v 1.006736 -0.005987 -0.060000
v 1.005018 -0.007015 -0.060000
v 1.002610 -0.008729 -0.060000
v 0.999066 -0.011774 -0.060000
v 0.994446 -0.016589 -0.060000
v 0.992582 -0.018882 -0.060000
v 0.992381 -0.019493 -0.060000
v 0.991887 -0.020170 -0.060000
v 0.991230 -0.020540 -0.060000
v 0.989949 -0.020789 -0.060000
v 0.987966 -0.021552 -0.060000
v 0.985672 -0.020899 -0.060000
v 0.984474 -0.020805 -0.060000
v 0.983200 -0.020283 -0.060000
v 0.980838 -0.018924 -0.060000
v 0.978951 -0.018490 -0.060000
v 0.977940 -0.018286 -0.060000
v 0.976950 -0.018246 -0.060000
v 0.975916 -0.018412 -0.060000
v 0.973614 -0.018509 -0.060000
v 0.963097 -0.017188 -0.060000
v 0.957571 -0.016568 -0.060000
v 0.954050 -0.014156 -0.060000
v 0.951119 -0.012722 -0.060000
v 0.948544 -0.011327 -0.060000
v 0.944595 -0.008817 -0.060000
v 0.939859 -0.006369 -0.060000
v 0.936734 -0.004642 -0.060000
v 0.938503 -0.000495 -0.060000
v 0.938904 0.001581 -0.060000
v 0.938646 0.007773 -0.060000
v 0.939597 0.010325 -0.060000
v 0.941069 0.013611 -0.060000
v 0.943720 0.018527 -0.060000
v 0.945935 0.022325 -0.060000
v 0.946761 0.023314 -0.060000
v 0.947540 0.024763 -0.060000
v 0.948300 0.026851 -0.060000
v 0.949061 0.030460 -0.060000
v 0.949797 0.032059 -0.060000
v 0.950743 0.034626 -0.060000
v 0.951358 0.037049 -0.060000
v 0.952009 0.040994 -0.060000
v 0.952733 0.044150 -0.060000
v 0.953604 0.046898 -0.060000
v 0.955065 0.049906 -0.060000
v 0.956800 0.052274 -0.060000
v 0.959043 0.054468 -0.060000
v 0.961332 0.056926 -0.060000
v 0.963027 0.059120 -0.060000
v 0.964110 0.061220 -0.060000
v 0.964693 0.063061 -0.060000
v 0.964835 0.064314 -0.060000
v 0.964840 0.070775 -0.060000
v 0.965745 0.074100 -0.060000
v 0.966921 0.076704 -0.060000
v 0.967224 0.078458 -0.060000
v 0.966927 0.080400 -0.060000
v 0.966283 0.081955 -0.060000
v 0.966105 0.083089 -0.060000
v 0.966144 0.084347 -0.060000
v 0.966589 0.086052 -0.060000
v 0.967864 0.089032 -0.060000
v 0.968278 0.090849 -0.060000
v 0.968451 0.095762 -0.060000
v 0.968863 0.099090 -0.060000
v 0.969772 0.103405 -0.060000
v 0.970576 0.106281 -0.060000
v 0.971273 0.110937 -0.060000
v 0.971866 0.113269 -0.060000
v 0.972502 0.115015 -0.060000
v 0.973432 0.116916 -0.060000
v 0.975071 0.119204 -0.060000
v 0.975872 0.120904 -0.060000
v 0.976596 0.122846 -0.060000
v 0.977188 0.125201 -0.060000
v 0.977384 0.127298 -0.060000
v 0.977348 0.129593 -0.060000
v 0.977766 0.131677 -0.060000
v 0.978831 0.133702 -0.060000
v 0.979901 0.134923 -0.060000
v 0.980607 0.137115 -0.060000
v 0.980650 0.146709 -0.060000
v 0.980999 0.147541 -0.060000
v 0.982563 0.149133 -0.060000
v 0.984349 0.150022 -0.060000
v 0.987217 0.150981 -0.060000
v 0.989901 0.151408 -0.060000
v 0.993439 0.151539 -0.060000
v 0.996692 0.152179 -0.060000
v 0.999607 0.153221 -0.060000
v 1.001531 0.154279 -0.060000
v 1.003855 0.155259 -0.060000
v 1.006632 0.156057 -0.060000
v 1.017103 0.157573 -0.060000
v 1.027021 0.161011 -0.060000
v 1.034599 0.163395 -0.060000
v 1.036921 0.162442 -0.060000
v 1.037734 0.161849 -0.060000
v 1.038015 0.161390 -0.060000
v 1.038086 0.160901 -0.060000
v 1.038920 0.159153 -0.060000
v 1.039956 0.157661 -0.060000
v 1.041663 0.156020 -0.060000
v 1.044347 0.154078 -0.060000
v 1.046426 0.151965 -0.060000
v 1.048091 0.149540 -0.060000
v 1.047915 0.147396 -0.060000
v 1.047482 0.145175 -0.060000
v 1.047283 0.141788 -0.060000
v 1.047074 0.141008 -0.060000
v 1.047276 0.139709 -0.060000
v 1.048263 0.138483 -0.060000
v 1.049240 0.137910 -0.060000
v 1.050524 0.137467 -0.060000
v 1.052300 0.137405 -0.060000
v 1.054494 0.138216 -0.060000
v 1.054924 0.138632 -0.060000
v 1.055388 0.138737 -0.060000
v 1.057162 0.140107 -0.060000
v 1.059704 0.142410 -0.060000
v 1.061729 0.144510 -0.060000
v 1.063541 0.146048 -0.060000
v 1.065768 0.147525 -0.060000
v 1.068305 0.148798 -0.060000
v 1.069988 0.150021 -0.060000
v 1.071721 0.152062 -0.060000
v 1.073025 0.154190 -0.060000
v 1.074707 0.157060 -0.060000
v 1.076316 0.160423 -0.060000
v 1.077713 0.162967 -0.060000
v 1.079935 0.165451 -0.060000
v 1.082672 0.168981 -0.060000
v 1.085310 0.172974 -0.060000
v 1.089851 0.181291 -0.060000
v 1.094054 0.188276 -0.060000
v 1.094926 0.191318 -0.060000
v 1.094945 0.193681 -0.060000
v 1.094347 0.195371 -0.060000
v 1.093945 0.197442 -0.060000
v 1.092899 0.198920 -0.060000
v 1.091803 0.199743 -0.060000
v 1.088940 0.201058 -0.060000
v 1.086537 0.201756 -0.060000
v 1.084856 0.201931 -0.060000
v 1.082600 0.201826 -0.060000
v 1.079361 0.202003 -0.060000
v 1.076341 0.202535 -0.060000
v 1.070801 0.204028 -0.060000
v 1.065768 0.205023 -0.060000
v 1.063202 0.205878 -0.060000
v 1.058859 0.206745 -0.060000
v 1.054401 0.207014 -0.060000
v 1.045989 0.206650 -0.060000
v 1.037607 0.206541 -0.060000
v 1.035375 0.206351 -0.060000
v 1.034040 0.205945 -0.060000
v 1.033004 0.205380 -0.060000
v 1.029235 0.204948 -0.060000
v 1.024581 0.204587 -0.060000
v 1.021869 0.204239 -0.060000
v 1.021548 0.204239 -0.060000
v 1.021227 0.204239 -0.060000
v 1.020905 0.204239 -0.060000
v 1.020584 0.204239 -0.060000
v 1.020263 0.204239 -0.060000
v 1.019942 0.204239 -0.060000
v 1.019621 0.204239 -0.060000
v 1.019300 0.204239 -0.060000
v 1.018979 0.204239 -0.060000
v 1.018657 0.204239 -0.060000
v 1.018336 0.204239 -0.060000
v 1.018015 0.204239 -0.060000
v 1.016715 0.204151 -0.060000
v 1.014510 0.203532 -0.060000
v 1.013335 0.203091 -0.060000
v 1.009226 0.202057 -0.060000
v 1.006069 0.200771 -0.060000
v 1.001576 0.201180 -0.060000
v 0.994482 0.201420 -0.060000
v 0.988348 0.201235 -0.060000
v 0.981801 0.200734 -0.060000
v 0.975343 0.200817 -0.060000
v 0.968415 0.201698 -0.060000
v 0.964043 0.202702 -0.060000
v 0.960888 0.202085 -0.060000
v 0.957633 0.201085 -0.060000
v 0.955651 0.200662 -0.060000
v 0.953324 0.200420 -0.060000
v 0.949802 0.200359 -0.060000
v 0.945666 0.199984 -0.060000
v 0.939775 0.198852 -0.060000
v 0.937088 0.199654 -0.060000
v 0.933039 0.200545 -0.060000
v 0.927494 0.201414 -0.060000
v 0.922776 0.201935 -0.060000
v 0.917857 0.200404 -0.060000
v 0.915717 0.199239 -0.060000
v 0.912639 0.198359 -0.060000
v 0.909882 0.198474 -0.060000
v 0.907086 0.199521 -0.060000
v 0.904341 0.200836 -0.060000
v 0.900371 0.203127 -0.060000
v 0.898920 0.204563 -0.060000
v 0.898556 0.205254 -0.060000
v 0.898198 0.207588 -0.060000
v 0.898122 0.211548 -0.060000
v 0.897668 0.215781 -0.060000
v 0.896589 0.220653 -0.060000
v 0.895521 0.226571 -0.060000
v 0.894885 0.231771 -0.060000
v 0.892774 0.243156 -0.060000
v 0.893530 0.246383 -0.060000
v 0.894370 0.250959 -0.060000
v 0.894991 0.255596 -0.060000
v 0.895485 0.261344 -0.060000
v 0.896242 0.266018 -0.060000
v 0.897512 0.270605 -0.060000
v 0.898555 0.273218 -0.060000
v 0.900154 0.274670 -0.060000
v 0.902759 0.276262 -0.060000
v 0.904956 0.277146 -0.060000
v 0.907185 0.277853 -0.060000
v 0.908903 0.278223 -0.060000
v 0.913247 0.279473 -0.060000
v 0.916638 0.280151 -0.060000
v 0.918586 0.280839 -0.060000
v 0.920523 0.281942 -0.060000
v 0.921803 0.282940 -0.060000
v 0.923001 0.283473 -0.060000
v 0.923850 0.283536 -0.060000
v 0.924380 0.283243 -0.060000
v 0.926610 0.283164 -0.060000
v 0.930004 0.283534 -0.060000
v 0.932978 0.284370 -0.060000
v 0.935964 0.285632 -0.060000
v 0.938990 0.286558 -0.060000
v 0.942870 0.287251 -0.060000
v 0.945582 0.287436 -0.060000
v 0.946596 0.287030 -0.060000
v 0.950857 0.286363 -0.060000
v 0.952234 0.286286 -0.060000
v 0.954852 0.285861 -0.060000
v 0.955913 0.285813 -0.060000
v 0.957568 0.286182 -0.060000
v 0.962837 0.287000 -0.060000
v 0.969688 0.287799 -0.060000
v 0.975168 0.288185 -0.060000
v 0.979458 0.288249 -0.060000
v 0.984523 0.289780 -0.060000
v 0.987946 0.290559 -0.060000
v 0.995649 0.290563 -0.060000
v 0.997283 0.291504 -0.060000
v 0.999194 0.292313 -0.060000
v 1.002068 0.293004 -0.060000
v 1.006049 0.293357 -0.060000
v 1.009076 0.293192 -0.060000
v 1.012134 0.292699 -0.060000
v 1.020123 0.290300 -0.060000
v 1.026097 0.288251 -0.060000
v 1.028679 0.289195 -0.060000
v 1.031097 0.289921 -0.060000
v 1.034176 0.290567 -0.060000
v 1.038823 0.289018 -0.060000
v 1.041263 0.288478 -0.060000
v 1.044165 0.288214 -0.060000
v 1.046425 0.288279 -0.060000
v 1.048620 0.288600 -0.060000
v 1.050834 0.289202 -0.060000
v 1.057531 0.291823 -0.060000
v 1.069104 0.295925 -0.060000
v 1.073002 0.296203 -0.060000
v 1.077700 0.296897 -0.060000
v 1.083123 0.297505 -0.060000
v 1.084283 0.296638 -0.060000
v 1.086152 0.295481 -0.060000
v 1.091643 0.292885 -0.060000
v 1.096627 0.294412 -0.060000
v 1.102646 0.296393 -0.060000
v 1.104375 0.296603 -0.060000
v 1.106048 0.296362 -0.060000
v 1.107033 0.295954 -0.060000
v 1.109918 0.296397 -0.060000
v 1.116075 0.297015 -0.060000
v 1.122176 0.297148 -0.060000
v 1.126181 0.297650 -0.060000
v 1.130493 0.298770 -0.060000
v 1.133241 0.299809 -0.060000
v 1.136676 0.298883 -0.060000
v 1.137653 0.298204 -0.060000
v 1.139768 0.295970 -0.060000
v 1.142522 0.293896 -0.060000
v 1.145531 0.292311 -0.060000
v 1.148796 0.291216 -0.060000
v 1.152318 0.290610 -0.060000
v 1.155398 0.290511 -0.060000
v 1.162139 0.290559 -0.060000
v 1.171014 0.286577 -0.060000
v 1.174175 0.285437 -0.060000
v 1.177498 0.284606 -0.060000
v 1.181067 0.283981 -0.060000
v 1.183918 0.283009 -0.060000
v 1.185868 0.281958 -0.060000
v 1.187676 0.280675 -0.060000
v 1.189838 0.278533 -0.060000
v 1.191725 0.275920 -0.060000
v 1.192969 0.273600 -0.060000
v 1.192871 0.271383 -0.060000
v 1.191813 0.262407 -0.060000
v 1.192354 0.260328 -0.060000
v 0.642011 0.218877 -0.060000
v 0.640482 0.214635 -0.060000
v 0.639563 0.212884 -0.060000
v 0.638922 0.211942 -0.060000
v 0.638868 0.211040 -0.060000
v 0.638542 0.209500 -0.060000
v 0.638743 0.205402 -0.060000
v 0.638437 0.199389 -0.060000
v 0.637495 0.193912 -0.060000
v 0.636011 0.188416 -0.060000
v 0.634860 0.183060 -0.060000
v 0.633911 0.176561 -0.060000
v 0.633525 0.172060 -0.060000
v 0.633866 0.168235 -0.060000
v 0.633918 0.165264 -0.060000
v 0.634106 0.163560 -0.060000
v 0.634637 0.161183 -0.060000
v 0.634748 0.159661 -0.060000
v 0.634573 0.157963 -0.060000
v 0.634251 0.156638 -0.060000
v 0.633940 0.154387 -0.060000
v 0.633872 0.151873 -0.060000
v 0.633539 0.149533 -0.060000
v 0.632700 0.148755 -0.060000
v 0.631323 0.147812 -0.060000
v 0.629960 0.147212 -0.060000
v 0.624697 0.145689 -0.060000
v 0.619540 0.146282 -0.060000
v 0.616131 0.146448 -0.060000
v 0.614288 0.146362 -0.060000
v 0.612446 0.146091 -0.060000
v 0.611476 0.146046 -0.060000
v 0.606961 0.144881 -0.060000
v 0.603037 0.143608 -0.060000
v 0.599890 0.142669 -0.060000
v 0.593154 0.140873 -0.060000
v 0.588885 0.139459 -0.060000
v 0.586070 0.138782 -0.060000
v 0.583039 0.138397 -0.060000
v 0.580061 0.138316 -0.060000
v 0.577529 0.137906 -0.060000
v 0.571831 0.136020 -0.060000
v 0.571351 0.136275 -0.060000
v 0.570534 0.137256 -0.060000
v 0.569871 0.137784 -0.060000
v 0.569483 0.138036 -0.060000
v 0.569503 0.138654 -0.060000
v 0.570268 0.140605 -0.060000
v 0.570628 0.140834 -0.060000
v 0.571051 0.141361 -0.060000
v 0.571165 0.142481 -0.060000
v 0.571483 0.142970 -0.060000
v 0.571605 0.143921 -0.060000
v 0.571570 0.145265 -0.060000
v 0.571216 0.146622 -0.060000
v 0.569152 0.150342 -0.060000
v 0.568295 0.163688 -0.060000
v 0.567712 0.169506 -0.060000
v 0.566453 0.177540 -0.060000
v 0.565331 0.183074 -0.060000
v 0.563303 0.190929 -0.060000
v 0.561859 0.197245 -0.060000
v 0.563279 0.205931 -0.060000
v 0.564606 0.216218 -0.060000
v 0.565705 0.223137 -0.060000
v 0.564588 0.228031 -0.060000
v 0.564055 0.230728 -0.060000
v 0.563694 0.233876 -0.060000
v 0.563023 0.236189 -0.060000
v 0.561434 0.239139 -0.060000
v 0.559923 0.241233 -0.060000
v 0.559777 0.243157 -0.060000
v 0.559841 0.246603 -0.060000
v 0.560253 0.249818 -0.060000
v 0.560220 0.252204 -0.060000
v 0.559726 0.254880 -0.060000
v 0.559151 0.256652 -0.060000
v 0.560136 0.260522 -0.060000
v 0.562347 0.267255 -0.060000
v 0.563193 0.271223 -0.060000
v 0.563662 0.274661 -0.060000
v 0.564078 0.279916 -0.060000
v 0.564170 0.283772 -0.060000
v 0.564602 0.285100 -0.060000
v 0.565299 0.286282 -0.060000
v 0.566328 0.287390 -0.060000
v 0.568779 0.289308 -0.060000
v 0.570728 0.290570 -0.060000
v 0.574312 0.290992 -0.060000
v 0.577760 0.291269 -0.060000
v 0.581297 0.291735 -0.060000
v 0.583447 0.291960 -0.060000
v 0.585419 0.291934 -0.060000
v 0.588840 0.291355 -0.060000
v 0.590433 0.292093 -0.060000
v 0.593839 0.293347 -0.060000
v 0.597156 0.294037 -0.060000
v 0.599094 0.294792 -0.060000
v 0.600915 0.296052 -0.060000
v 0.602036 0.297207 -0.060000
v 0.604382 0.298297 -0.060000
v 0.606846 0.298887 -0.060000
v 0.609380 0.299049 -0.060000
v 0.614164 0.298937 -0.060000
v 0.618883 0.298690 -0.060000
v 0.621904 0.298655 -0.060000
v 0.626020 0.300651 -0.060000
v 0.629554 0.301962 -0.060000
v 0.632221 0.302328 -0.060000
v 0.634846 0.302139 -0.060000
v 0.636788 0.301652 -0.060000
v 0.637566 0.300811 -0.060000
v 0.638133 0.299650 -0.060000
v 0.638527 0.297370 -0.060000
v 0.638535 0.281754 -0.060000
v 0.638400 0.274938 -0.060000
v 0.638148 0.268668 -0.060000
v 0.637934 0.267134 -0.060000
v 0.637947 0.265350 -0.060000
v 0.638471 0.262886 -0.060000
v 0.639598 0.260096 -0.060000
v 0.640199 0.257662 -0.060000
v 0.640312 0.254943 -0.060000
v 0.640087 0.253198 -0.060000
v 0.639956 0.250537 -0.060000
v 0.639583 0.247827 -0.060000
v 0.639009 0.244916 -0.060000
v 0.638626 0.242047 -0.060000
v 0.638537 0.238614 -0.060000
v 0.638822 0.235649 -0.060000
v 0.639427 0.232571 -0.060000
v 0.640303 0.229664 -0.060000
v 0.641131 0.225847 -0.060000
v 0.707904 -0.004489 -0.060000
v 0.702950 -0.008162 -0.060000
v 0.699070 -0.011521 -0.060000
v 0.684918 -0.020034 -0.060000
v 0.680849 -0.022157 -0.060000
v 0.676467 -0.024035 -0.060000
v 0.673607 -0.025046 -0.060000
v 0.672608 -0.023045 -0.060000
v 0.671066 -0.020788 -0.060000
v 0.669131 -0.018534 -0.060000
v 0.666811 -0.016582 -0.060000
v 0.664541 -0.015118 -0.060000
v 0.663562 -0.014683 -0.060000
v 0.661785 -0.013628 -0.060000
v 0.659499 -0.011729 -0.060000
v 0.656963 -0.010166 -0.060000
v 0.653791 -0.008823 -0.060000
v 0.651516 -0.007436 -0.060000
v 0.648562 -0.006511 -0.060000
v 0.647809 -0.004069 -0.060000
v 0.646201 -0.001044 -0.060000
v 0.644294 0.000882 -0.060000
v 0.641748 0.002353 -0.060000
v 0.639590 0.003887 -0.060000
v 0.637685 0.005667 -0.060000
v 0.635683 0.008079 -0.060000
v 0.634297 0.010405 -0.060000
v 0.634281 0.014650 -0.060000
v 0.633917 0.016858 -0.060000
v 0.633911 0.020024 -0.060000
v 0.633673 0.021867 -0.060000
v 0.633506 0.025794 -0.060000
v 0.635990 0.028337 -0.060000
v 0.639727 0.031650 -0.060000
v 0.643739 0.034740 -0.060000
v 0.649038 0.038277 -0.060000
v 0.653497 0.041783 -0.060000
v 0.658103 0.046193 -0.060000
v 0.660885 0.049324 -0.060000
v 0.661370 0.050652 -0.060000
v 0.662542 0.053417 -0.060000
v 0.663223 0.055934 -0.060000
v 0.664583 0.058405 -0.060000
v 0.666361 0.061086 -0.060000
v 0.667477 0.062354 -0.060000
v 0.668837 0.063391 -0.060000
v 0.670136 0.063976 -0.060000
v 0.671696 0.064979 -0.060000
v 0.673875 0.066808 -0.060000
v 0.675609 0.068767 -0.060000
v 0.679537 0.074364 -0.060000
v 0.681277 0.076654 -0.060000
v 0.682914 0.079990 -0.060000
v 0.685254 0.083777 -0.060000
v 0.689161 0.088523 -0.060000
v 0.692098 0.091327 -0.060000
v 0.692951 0.096693 -0.060000
v 0.694459 0.103840 -0.060000
v 0.695900 0.108779 -0.060000
v 0.697087 0.112098 -0.060000
v 0.697323 0.115966 -0.060000
v 0.698545 0.118162 -0.060000
v 0.699710 0.120934 -0.060000
v 0.700307 0.123563 -0.060000
v 0.700663 0.128347 -0.060000
v 0.701347 0.132596 -0.060000
v 0.701781 0.137443 -0.060000
v 0.702394 0.142426 -0.060000
v 0.703132 0.145219 -0.060000
v 0.704532 0.148038 -0.060000
v 0.705718 0.149721 -0.060000
v 0.706228 0.150972 -0.060000
v 0.706369 0.152510 -0.060000
v 0.705827 0.154663 -0.060000
v 0.705563 0.157149 -0.060000
v 0.707310 0.163025 -0.060000
v 0.708626 0.167471 -0.060000
v 0.710405 0.178124 -0.060000
v 0.711386 0.180866 -0.060000
v 0.712857 0.183249 -0.060000
v 0.714065 0.184586 -0.060000
v 0.714321 0.186828 -0.060000
v 0.714351 0.190276 -0.060000
v 0.713952 0.193623 -0.060000
v 0.712604 0.199106 -0.060000
v 0.711370 0.203474 -0.060000
v 0.712740 0.207664 -0.060000
v 0.714522 0.214486 -0.060000
v 0.715813 0.221309 -0.060000
v 0.717696 0.235551 -0.060000
v 0.719107 0.245327 -0.060000
v 0.719406 0.245812 -0.060000
v 0.720120 0.246408 -0.060000
v 0.721268 0.247066 -0.060000
v 0.722300 0.247436 -0.060000
v 0.723207 0.247512 -0.060000
v 0.723695 0.247370 -0.060000
v 0.725102 0.246320 -0.060000
v 0.726496 0.245639 -0.060000
v 0.728019 0.245050 -0.060000
v 0.731085 0.244826 -0.060000
v 0.733527 0.244897 -0.060000
v 0.737537 0.245305 -0.060000
v 0.744204 0.246264 -0.060000
v 0.751512 0.246942 -0.060000
v 0.755595 0.247094 -0.060000
v 0.759940 0.246772 -0.060000
v 0.763110 0.246179 -0.060000
v 0.765787 0.245461 -0.060000
v 0.774594 0.247184 -0.060000
v 0.782279 0.249062 -0.060000
v 0.790919 0.250492 -0.060000
v 0.792558 0.250283 -0.060000
v 0.794529 0.249784 -0.060000
v 0.796564 0.248881 -0.060000
v 0.797531 0.248070 -0.060000
v 0.798301 0.246962 -0.060000
v 0.798998 0.244876 -0.060000
v 0.799229 0.243167 -0.060000
v 0.801850 0.242371 -0.060000
v 0.803847 0.241250 -0.060000
v 0.804366 0.239232 -0.060000
v 0.805537 0.236245 -0.060000
v 0.806987 0.233505 -0.060000
v 0.808262 0.230273 -0.060000
v 0.808862 0.227750 -0.060000
v 0.808500 0.225104 -0.060000
v 0.808131 0.220175 -0.060000
v 0.807351 0.216187 -0.060000
v 0.807292 0.203703 -0.060000
v 0.806967 0.201955 -0.060000
v 0.806423 0.199969 -0.060000
v 0.806138 0.197207 -0.060000
v 0.805148 0.193186 -0.060000
v 0.805006 0.191584 -0.060000
v 0.805244 0.188796 -0.060000
v 0.805131 0.184532 -0.060000
v 0.804516 0.180608 -0.060000
v 0.803365 0.176242 -0.060000
v 0.802548 0.172325 -0.060000
v 0.802064 0.168805 -0.060000
v 0.801512 0.164048 -0.060000
v 0.800495 0.159637 -0.060000
v 0.799044 0.155292 -0.060000
v 0.797688 0.152216 -0.060000
v 0.795962 0.147327 -0.060000
v 0.794009 0.140729 -0.060000
v 0.792816 0.135829 -0.060000
v 0.792299 0.131851 -0.060000
v 0.792215 0.128342 -0.060000
v 0.792647 0.123646 -0.060000
v 0.782250 0.091647 -0.060000
v 0.777952 0.084019 -0.060000
v 0.773480 0.076640 -0.060000
v 0.767328 0.067024 -0.060000
v 0.759505 0.054321 -0.060000
v 0.758596 0.053157 -0.060000
v 0.757804 0.051729 -0.060000
v 0.756768 0.050703 -0.060000
v 0.754407 0.048508 -0.060000
v 0.751310 0.045043 -0.060000
v 0.748493 0.041330 -0.060000
v 0.743693 0.034130 -0.060000
v 0.739400 0.027963 -0.060000
v 0.734542 0.020981 -0.060000
v 0.730723 0.015866 -0.060000
v 0.727625 0.012381 -0.060000
v 0.723745 0.008990 -0.060000
v 0.721387 0.007322 -0.060000
v 0.719546 0.004973 -0.060000
v 0.716148 0.001508 -0.060000
v 0.712486 -0.001431 -0.060000
v 0.468690 0.208478 -0.060000
v 0.469870 0.207018 -0.060000
v 0.471079 0.205147 -0.060000
v 0.471924 0.203320 -0.060000
v 0.472406 0.201539 -0.060000
v 0.472527 0.199804 -0.060000
v 0.472140 0.197557 -0.060000
v 0.471393 0.189315 -0.060000
v 0.471427 0.186689 -0.060000
v 0.471770 0.180655 -0.060000
v 0.470661 0.173392 -0.060000
v 0.470323 0.170608 -0.060000
v 0.470223 0.167999 -0.060000
v 0.468736 0.158428 -0.060000
v 0.467965 0.154127 -0.060000
v 0.466500 0.147853 -0.060000
v 0.465913 0.143350 -0.060000
v 0.465721 0.140041 -0.060000
v 0.465355 0.137052 -0.060000
v 0.464666 0.133649 -0.060000
v 0.463959 0.131262 -0.060000
v 0.463870 0.130451 -0.060000
v 0.464827 0.127150 -0.060000
v 0.464594 0.125767 -0.060000
v 0.463808 0.124004 -0.060000
v 0.462653 0.122780 -0.060000
v 0.460940 0.121749 -0.060000
v 0.459613 0.120612 -0.060000
v 0.458358 0.118902 -0.060000
v 0.457461 0.114347 -0.060000
v 0.456023 0.108388 -0.060000
v 0.453876 0.100711 -0.060000
v 0.452479 0.094694 -0.060000
v 0.449831 0.086597 -0.060000
v 0.448118 0.082183 -0.060000
v 0.446551 0.079032 -0.060000
v 0.444693 0.075936 -0.060000
v 0.443482 0.074215 -0.060000
v 0.442133 0.071873 -0.060000
v 0.440987 0.069351 -0.060000
v 0.439363 0.065001 -0.060000
v 0.437081 0.059297 -0.060000
v 0.435888 0.055838 -0.060000
v 0.433514 0.050334 -0.060000
v 0.430802 0.045263 -0.060000
v 0.426506 0.038337 -0.060000
v 0.422664 0.031676 -0.060000
v 0.420162 0.027046 -0.060000
v 0.415875 0.022288 -0.060000
v 0.411638 0.016848 -0.060000
v 0.407840 0.012357 -0.060000
v 0.406313 0.011302 -0.060000
v 0.404003 0.009512 -0.060000
v 0.402892 0.008252 -0.060000
v 0.402105 0.006836 -0.060000
v 0.400744 0.004977 -0.060000
v 0.399194 0.003403 -0.060000
v 0.394609 -0.000513 -0.060000
v 0.391104 -0.003901 -0.060000
v 0.388384 -0.006137 -0.060000
v 0.381516 -0.011237 -0.060000
v 0.379989 -0.013410 -0.060000
v 0.379027 -0.015190 -0.060000
v 0.378148 -0.017189 -0.060000
v 0.376928 -0.018741 -0.060000
v 0.375049 -0.020103 -0.060000
v 0.373145 -0.020842 -0.060000
v 0.372479 -0.021188 -0.060000
v 0.372094 -0.021773 -0.060000
v 0.371788 -0.022708 -0.060000
v 0.371335 -0.023639 -0.060000
v 0.370822 -0.024268 -0.060000
v 0.368069 -0.024893 -0.060000
v 0.364827 -0.025747 -0.060000
v 0.362744 -0.026202 -0.060000
v 0.361541 -0.029017 -0.060000
v 0.360367 -0.030795 -0.060000
v 0.359224 -0.033150 -0.060000
v 0.357099 -0.034940 -0.060000
v 0.353533 -0.036949 -0.060000
v 0.350049 -0.037966 -0.060000
v 0.346780 -0.038295 -0.060000
v 0.344350 -0.038775 -0.060000
v 0.341968 -0.039577 -0.060000
v 0.339188 -0.040892 -0.060000
v 0.336919 -0.042360 -0.060000
v 0.333390 -0.041068 -0.060000
v 0.327285 -0.040082 -0.060000
v 0.325156 -0.035970 -0.060000
v 0.322893 -0.032390 -0.060000
v 0.320549 -0.029057 -0.060000
v 0.317762 -0.025204 -0.060000
v 0.316888 -0.023618 -0.060000
v 0.316296 -0.021921 -0.060000
v 0.316056 -0.020690 -0.060000
v 0.312632 -0.016065 -0.060000
v 0.309411 -0.012348 -0.060000
v 0.306203 -0.009362 -0.060000
v 0.303571 -0.007324 -0.060000
v 0.301822 -0.006159 -0.060000
v 0.301916 -0.002960 -0.060000
v 0.302172 0.000558 -0.060000
v 0.302209 0.002829 -0.060000
v 0.300275 0.009591 -0.060000
v 0.302491 0.013566 -0.060000
v 0.306057 0.018608 -0.060000
v 0.308927 0.021933 -0.060000
v 0.312890 0.025824 -0.060000
v 0.315994 0.028145 -0.060000
v 0.318721 0.030784 -0.060000
v 0.321303 0.034001 -0.060000
v 0.322906 0.036725 -0.060000
v 0.324740 0.039373 -0.060000
v 0.327263 0.042441 -0.060000
v 0.331244 0.046566 -0.060000
v 0.333845 0.048971 -0.060000
v 0.339751 0.054861 -0.060000
v 0.343043 0.057802 -0.060000
v 0.345384 0.060261 -0.060000
v 0.348460 0.064303 -0.060000
v 0.350291 0.067442 -0.060000
v 0.351503 0.070009 -0.060000
v 0.352048 0.071906 -0.060000
v 0.352404 0.074027 -0.060000
v 0.352681 0.076779 -0.060000
v 0.353405 0.079177 -0.060000
v 0.354035 0.080683 -0.060000
v 0.355272 0.083261 -0.060000
v 0.357041 0.085509 -0.060000
v 0.359235 0.087866 -0.060000
v 0.360975 0.093068 -0.060000
v 0.364022 0.100586 -0.060000
v 0.364756 0.103535 -0.060000
v 0.365231 0.104480 -0.060000
v 0.365963 0.105229 -0.060000
v 0.366570 0.105588 -0.060000
v 0.368486 0.109001 -0.060000
v 0.370619 0.113654 -0.060000
v 0.371909 0.117229 -0.060000
v 0.372976 0.120872 -0.060000
v 0.373987 0.125844 -0.060000
v 0.374549 0.130945 -0.060000
v 0.374690 0.136790 -0.060000
v 0.374926 0.138861 -0.060000
v 0.377641 0.144306 -0.060000
v 0.378410 0.146161 -0.060000
v 0.378957 0.148199 -0.060000
v 0.379097 0.151638 -0.060000
v 0.378812 0.154119 -0.060000
v 0.378091 0.155731 -0.060000
v 0.376882 0.157155 -0.060000
v 0.375819 0.157996 -0.060000
v 0.373892 0.157896 -0.060000
v 0.371197 0.158036 -0.060000
v 0.368504 0.158456 -0.060000
v 0.365217 0.159296 -0.060000
v 0.362340 0.159382 -0.060000
v 0.359277 0.158605 -0.060000
v 0.357322 0.157611 -0.060000
v 0.353847 0.159558 -0.060000
v 0.348881 0.161882 -0.060000
v 0.345140 0.163214 -0.060000
v 0.340821 0.164188 -0.060000
v 0.338029 0.164622 -0.060000
v 0.335295 0.165434 -0.060000
v 0.332583 0.166716 -0.060000
v 0.329784 0.168471 -0.060000
v 0.327094 0.169748 -0.060000
v 0.323696 0.170828 -0.060000
v 0.317866 0.171900 -0.060000
v 0.314520 0.172330 -0.060000
v 0.313452 0.172376 -0.060000
v 0.312267 0.172154 -0.060000
v 0.311206 0.171718 -0.060000
v 0.309789 0.170249 -0.060000
v 0.308083 0.167445 -0.060000
v 0.307138 0.164552 -0.060000
v 0.305516 0.160623 -0.060000
v 0.303688 0.157241 -0.060000
v 0.298386 0.149181 -0.060000
v 0.294380 0.142753 -0.060000
v 0.292321 0.139525 -0.060000
v 0.288149 0.133313 -0.060000
v 0.283361 0.127175 -0.060000
v 0.282536 0.126975 -0.060000
v 0.280692 0.126219 -0.060000
v 0.278150 0.124593 -0.060000
v 0.274984 0.123317 -0.060000
v 0.273428 0.123554 -0.060000
v 0.271221 0.124384 -0.060000
v 0.269225 0.125631 -0.060000
v 0.266182 0.128141 -0.060000
v 0.261087 0.131397 -0.060000
v 0.260021 0.131482 -0.060000
v 0.257420 0.132006 -0.060000
v 0.255228 0.132191 -0.060000
v 0.251489 0.133079 -0.060000
v 0.245733 0.134803 -0.060000
v 0.242480 0.136111 -0.060000
v 0.239864 0.137410 -0.060000
v 0.238237 0.138401 -0.060000
v 0.237616 0.139071 -0.060000
v 0.236882 0.139141 -0.060000
v 0.235474 0.139511 -0.060000
v 0.233670 0.139451 -0.060000
v 0.233367 0.139433 -0.060000
v 0.230221 0.139161 -0.060000
v 0.227457 0.139114 -0.060000
v 0.218967 0.150652 -0.060000
v 0.218981 0.156047 -0.060000
v 0.221251 0.159465 -0.060000
v 0.222798 0.162168 -0.060000
v 0.225001 0.165166 -0.060000
v 0.227081 0.168412 -0.060000
v 0.228697 0.172041 -0.060000
v 0.229460 0.174479 -0.060000
v 0.229946 0.176916 -0.060000
v 0.230182 0.180225 -0.060000
v 0.230572 0.182493 -0.060000
v 0.231332 0.185056 -0.060000
v 0.233158 0.188947 -0.060000
v 0.234727 0.191792 -0.060000
v 0.238527 0.196613 -0.060000
v 0.241971 0.201585 -0.060000
v 0.244810 0.205029 -0.060000
v 0.245512 0.211360 -0.060000
v 0.245898 0.214004 -0.060000
v 0.247265 0.219120 -0.060000
v 0.247870 0.222084 -0.060000
v 0.248414 0.223873 -0.060000
v 0.249406 0.225990 -0.060000
v 0.251033 0.228231 -0.060000
v 0.252652 0.231037 -0.060000
v 0.253838 0.233917 -0.060000
v 0.256700 0.243869 -0.060000
v 0.259100 0.246840 -0.060000
v 0.262470 0.251464 -0.060000
v 0.265501 0.256236 -0.060000
v 0.267890 0.260735 -0.060000
v 0.269568 0.265021 -0.060000
v 0.270809 0.269489 -0.060000
v 0.271431 0.273516 -0.060000
v 0.271838 0.275219 -0.060000
v 0.272793 0.277401 -0.060000
v 0.273698 0.278996 -0.060000
v 0.274573 0.281944 -0.060000
v 0.275852 0.285876 -0.060000
v 0.276817 0.289394 -0.060000
v 0.277854 0.294133 -0.060000
v 0.279171 0.298980 -0.060000
v 0.281067 0.304431 -0.060000
v 0.282639 0.307924 -0.060000
v 0.284408 0.311183 -0.060000
v 0.287325 0.315548 -0.060000
v 0.289499 0.318304 -0.060000
v 0.294664 0.320654 -0.060000
v 0.296916 0.320389 -0.060000
v 0.297699 0.320069 -0.060000
v 0.299111 0.319067 -0.060000
v 0.301661 0.317594 -0.060000
v 0.304411 0.316403 -0.060000
v 0.306095 0.315472 -0.060000
v 0.307778 0.314222 -0.060000
v 0.309168 0.312963 -0.060000
v 0.313060 0.310597 -0.060000
v 0.316198 0.309315 -0.060000
v 0.318284 0.308222 -0.060000
v 0.320848 0.306369 -0.060000
v 0.323202 0.305228 -0.060000
v 0.325555 0.304696 -0.060000
v 0.327934 0.304564 -0.060000
v 0.330700 0.304598 -0.060000
v 0.333059 0.304816 -0.060000
v 0.337283 0.304817 -0.060000
v 0.342957 0.302716 -0.060000
v 0.350051 0.299696 -0.060000
v 0.356109 0.297187 -0.060000
v 0.358207 0.295712 -0.060000
v 0.359483 0.294212 -0.060000
v 0.360114 0.292524 -0.060000
v 0.360213 0.291027 -0.060000
v 0.359837 0.288714 -0.060000
v 0.359061 0.286064 -0.060000
v 0.357239 0.282108 -0.060000
v 0.356158 0.278620 -0.060000
v 0.353955 0.276743 -0.060000
v 0.352507 0.275352 -0.060000
v 0.350794 0.274014 -0.060000
v 0.348800 0.272801 -0.060000
v 0.346406 0.267946 -0.060000
v 0.345333 0.264983 -0.060000
v 0.344983 0.263107 -0.060000
v 0.344883 0.261171 -0.060000
v 0.345014 0.259611 -0.060000
v 0.345683 0.258231 -0.060000
v 0.346470 0.257399 -0.060000
v 0.347250 0.257041 -0.060000
v 0.354390 0.252395 -0.060000
v 0.361104 0.248535 -0.060000
v 0.368903 0.244459 -0.060000
v 0.372657 0.242709 -0.060000
v 0.377276 0.241214 -0.060000
v 0.381155 0.240503 -0.060000
v 0.385438 0.240227 -0.060000
v 0.391407 0.239440 -0.060000
v 0.397147 0.238198 -0.060000
v 0.416104 0.232675 -0.060000
v 0.419325 0.231261 -0.060000
v 0.420682 0.230893 -0.060000
v 0.425731 0.230386 -0.060000
v 0.430732 0.229208 -0.060000
v 0.434229 0.228004 -0.060000
v 0.437854 0.226431 -0.060000
v 0.441350 0.224590 -0.060000
v 0.444609 0.223126 -0.060000
v 0.449506 0.221385 -0.060000
v 0.453279 0.220421 -0.060000
v 0.461790 0.211917 -0.060000
v 0.464329 0.210074 -0.060000
v 0.466952 0.208892 -0.060000
v -0.098459 0.197303 -0.060000
v -0.097863 0.196326 -0.060000
v -0.097225 0.194789 -0.060000
v -0.096943 0.193284 -0.060000
v -0.096641 0.190596 -0.060000
v -0.096466 0.187403 -0.060000
v -0.096600 0.184202 -0.060000
v -0.097226 0.179902 -0.060000
v -0.098318 0.174678 -0.060000
v -0.098919 0.172727 -0.060000
v -0.099813 0.169155 -0.060000
v -0.100699 0.163346 -0.060000
v -0.101143 0.159627 -0.060000
v -0.098527 0.150747 -0.060000
v -0.097762 0.146592 -0.060000
v -0.097848 0.143173 -0.060000
v -0.098498 0.139274 -0.060000
v -0.099765 0.134585 -0.060000
v -0.101335 0.130856 -0.060000
v -0.103262 0.128021 -0.060000
v -0.104624 0.126782 -0.060000
v -0.108313 0.126245 -0.060000
v -0.114022 0.125990 -0.060000
v -0.118870 0.126341 -0.060000
v -0.123727 0.127160 -0.060000
v -0.127477 0.127416 -0.060000
v -0.133093 0.127188 -0.060000
v -0.139041 0.127208 -0.060000
v -0.144033 0.127498 -0.060000
v -0.149309 0.128098 -0.060000
v -0.157833 0.129563 -0.060000
v -0.165213 0.131022 -0.060000
v -0.166110 0.131185 -0.060000
v -0.167132 0.131768 -0.060000
v -0.168831 0.133631 -0.060000
v -0.170655 0.134990 -0.060000
v -0.172572 0.135903 -0.060000
v -0.174752 0.136582 -0.060000
v -0.176768 0.137449 -0.060000
v -0.179077 0.138809 -0.060000
v -0.180585 0.139929 -0.060000
v -0.183995 0.147234 -0.060000
v -0.184316 0.150681 -0.060000
v -0.185250 0.159031 -0.060000
v -0.186319 0.166860 -0.060000
v -0.185578 0.167697 -0.060000
v -0.184702 0.169356 -0.060000
v -0.184407 0.171072 -0.060000
v -0.183730 0.175786 -0.060000
v -0.182406 0.181371 -0.060000
v -0.180600 0.187206 -0.060000
v -0.178645 0.192611 -0.060000
v -0.177376 0.195240 -0.060000
v -0.175723 0.199072 -0.060000
v -0.174485 0.202642 -0.060000
v -0.173546 0.206459 -0.060000
v -0.172951 0.210121 -0.060000
v -0.172345 0.212351 -0.060000
v -0.171729 0.213933 -0.060000
v -0.170997 0.215052 -0.060000
v -0.170025 0.215846 -0.060000
v -0.168601 0.216441 -0.060000
v -0.167028 0.216603 -0.060000
v -0.163523 0.217299 -0.060000
v -0.160793 0.217370 -0.060000
v -0.157006 0.217716 -0.060000
v -0.154149 0.217027 -0.060000
v -0.149478 0.215568 -0.060000
v -0.145088 0.213858 -0.060000
v -0.139986 0.211576 -0.060000
v -0.133979 0.209170 -0.060000
v -0.127816 0.207085 -0.060000
v -0.125174 0.206011 -0.060000
v -0.121040 0.204031 -0.060000
v -0.118510 0.203086 -0.060000
v -0.117892 0.203018 -0.060000
v -0.116626 0.202550 -0.060000
v -0.115045 0.201517 -0.060000
v -0.113441 0.199953 -0.060000
v -0.112178 0.199041 -0.060000
v -0.109974 0.198015 -0.060000
v -0.106459 0.197348 -0.060000
v 0.109270 0.136731 -0.060000
v 0.108948 0.134865 -0.060000
v 0.108849 0.133619 -0.060000
v 0.106117 0.129474 -0.060000
v 0.103247 0.126167 -0.060000
v 0.101441 0.123425 -0.060000
v 0.099559 0.119959 -0.060000
v 0.096309 0.115401 -0.060000
v 0.092966 0.111731 -0.060000
v 0.086863 0.106205 -0.060000
v 0.080195 0.100386 -0.060000
v 0.068981 0.090930 -0.060000
v 0.065844 0.087935 -0.060000
v 0.062874 0.084678 -0.060000
v 0.061079 0.082466 -0.060000
v 0.058065 0.081134 -0.060000
v 0.053572 0.078789 -0.060000
v 0.049108 0.075980 -0.060000
v 0.044641 0.072589 -0.060000
v 0.040906 0.069411 -0.060000
v 0.037426 0.066140 -0.060000
v 0.033544 0.062186 -0.060000
v 0.028070 0.057129 -0.060000
v 0.022756 0.052737 -0.060000
v 0.017043 0.048396 -0.060000
v 0.011934 0.044223 -0.060000
v 0.006299 0.039166 -0.060000
v 0.000555 0.033558 -0.060000
v -0.004583 0.029218 -0.060000
v -0.011828 0.022794 -0.060000
v -0.014267 0.020965 -0.060000
v -0.016946 0.019346 -0.060000
v -0.018690 0.018497 -0.060000
v -0.020160 0.017417 -0.060000
v -0.022614 0.015958 -0.060000
v -0.025062 0.014852 -0.060000
v -0.029895 0.013181 -0.060000
v -0.034108 0.011560 -0.060000
v -0.035683 0.011323 -0.060000
v -0.037952 0.010538 -0.060000
v -0.039810 0.009401 -0.060000
v -0.041824 0.007697 -0.060000
v -0.043634 0.006687 -0.060000
v -0.045628 0.006018 -0.060000
v -0.048299 0.005602 -0.060000
v -0.050424 0.004766 -0.060000
v -0.052189 0.003595 -0.060000
v -0.055041 0.001087 -0.060000
v -0.058207 -0.001077 -0.060000
v -0.062947 -0.003366 -0.060000
v -0.066138 -0.004803 -0.060000
v -0.068131 -0.005931 -0.060000
v -0.071134 -0.008132 -0.060000
v -0.072169 -0.009250 -0.060000
v -0.073576 -0.010390 -0.060000
v -0.075922 -0.011703 -0.060000
v -0.079968 -0.013227 -0.060000
v -0.082823 -0.014034 -0.060000
v -0.090196 -0.017120 -0.060000
v -0.095240 -0.019543 -0.060000
v -0.111664 -0.028194 -0.060000
v -0.113196 -0.030368 -0.060000
v -0.114254 -0.031612 -0.060000
v -0.118568 -0.032358 -0.060000
v -0.120956 -0.032602 -0.060000
v -0.122605 -0.032394 -0.060000
v -0.124303 -0.031805 -0.060000
v -0.125422 -0.031217 -0.060000
v -0.126145 -0.029522 -0.060000
v -0.127326 -0.028157 -0.060000
v -0.129942 -0.020102 -0.060000
v -0.135852 -0.004627 -0.060000
v -0.137256 -0.003971 -0.060000
v -0.138918 -0.002958 -0.060000
v -0.143157 0.000380 -0.060000
v -0.143481 0.000952 -0.060000
v -0.144132 0.001741 -0.060000
v -0.145426 0.003037 -0.060000
v -0.147336 0.006829 -0.060000
v -0.149505 0.010280 -0.060000
v -0.151738 0.014034 -0.060000
v -0.154500 0.019822 -0.060000
v -0.155569 0.021679 -0.060000
v -0.157783 0.024703 -0.060000
v -0.155924 0.028410 -0.060000
v -0.155155 0.029639 -0.060000
v -0.150723 0.032350 -0.060000
v -0.147782 0.033922 -0.060000
v -0.147429 0.035022 -0.060000
v -0.146284 0.037482 -0.060000
v -0.144580 0.039886 -0.060000
v -0.143453 0.041697 -0.060000
v -0.142777 0.043139 -0.060000
v -0.140758 0.043387 -0.060000
v -0.139269 0.044312 -0.060000
v -0.135534 0.044322 -0.060000
v -0.133218 0.044665 -0.060000
v -0.121272 0.050632 -0.060000
v -0.113357 0.054390 -0.060000
v -0.110197 0.056671 -0.060000
v -0.107438 0.059487 -0.060000
v -0.103903 0.064089 -0.060000
v -0.100636 0.067410 -0.060000
v -0.098219 0.069358 -0.060000
v -0.095718 0.070944 -0.060000
v -0.092849 0.072286 -0.060000
v -0.088383 0.073677 -0.060000
v -0.084930 0.075052 -0.060000
v -0.081691 0.076705 -0.060000
v -0.078665 0.078635 -0.060000
v -0.075175 0.081422 -0.060000
v -0.072375 0.084344 -0.060000
v -0.071641 0.084940 -0.060000
v -0.070491 0.085472 -0.060000
v -0.068158 0.086156 -0.060000
v -0.065698 0.087536 -0.060000
v -0.062385 0.090450 -0.060000
v -0.059774 0.092999 -0.060000
v -0.058156 0.094325 -0.060000
v -0.056351 0.095462 -0.060000
v -0.053566 0.096797 -0.060000
v -0.051081 0.098322 -0.060000
v -0.049046 0.099930 -0.060000
v -0.046177 0.102637 -0.060000
v -0.043006 0.104984 -0.060000
v -0.041234 0.106101 -0.060000
v -0.039502 0.107497 -0.060000
v -0.037801 0.109182 -0.060000
v -0.036208 0.111143 -0.060000
v -0.034810 0.112578 -0.060000
v -0.033047 0.114006 -0.060000
v -0.031477 0.115132 -0.060000
v -0.029700 0.116255 -0.060000
v -0.026607 0.117349 -0.060000
v -0.023824 0.118409 -0.060000
v -0.021793 0.119671 -0.060000
v -0.020129 0.121066 -0.060000
v -0.016749 0.124857 -0.060000
v -0.014818 0.126144 -0.060000
v -0.012856 0.128003 -0.060000
v -0.010946 0.130298 -0.060000
v -0.008933 0.132168 -0.060000
v -0.007193 0.133438 -0.060000
v -0.005645 0.134395 -0.060000
v -0.004042 0.135662 -0.060000
v -0.002623 0.137126 -0.060000
v 0.001384 0.142261 -0.060000
v 0.012414 0.158251 -0.060000
v 0.023520 0.171353 -0.060000
v 0.029947 0.178154 -0.060000
v 0.032524 0.180886 -0.060000
v 0.035197 0.183180 -0.060000
v 0.038941 0.187101 -0.060000
v 0.040418 0.188345 -0.060000
v 0.042616 0.189811 -0.060000
v 0.049955 0.194217 -0.060000
v 0.051980 0.194735 -0.060000
v 0.054184 0.194829 -0.060000
v 0.055912 0.194578 -0.060000
v 0.058228 0.193603 -0.060000
v 0.065226 0.185884 -0.060000
v 0.067827 0.182736 -0.060000
v 0.072375 0.177014 -0.060000
v 0.075341 0.173509 -0.060000
v 0.078871 0.169100 -0.060000
v 0.081746 0.165773 -0.060000
v 0.086164 0.160553 -0.060000
v 0.090090 0.156679 -0.060000
v 0.093464 0.153600 -0.060000
v 0.096377 0.151317 -0.060000
v 0.098411 0.149308 -0.060000
v 0.099489 0.148084 -0.060000
v 0.102299 0.145558 -0.060000
v 0.104738 0.143766 -0.060000
v 0.107301 0.141473 -0.060000
v 0.108016 0.139541 -0.060000
v -0.056840 0.285549 -0.060000
v -0.056266 0.282324 -0.060000
v -0.055719 0.277045 -0.060000
v -0.055601 0.271631 -0.060000
v -0.055807 0.267488 -0.060000
v -0.056313 0.262686 -0.060000
v -0.057484 0.256563 -0.060000
v -0.058391 0.253199 -0.060000
v -0.059422 0.251606 -0.060000
v -0.059927 0.250514 -0.060000
v -0.060283 0.249058 -0.060000
v -0.060563 0.245519 -0.060000
v -0.061467 0.241771 -0.060000
v -0.062570 0.239148 -0.060000
v -0.063978 0.236669 -0.060000
v -0.066423 0.233611 -0.060000
v -0.069488 0.230826 -0.060000
v -0.072229 0.228916 -0.060000
v -0.075340 0.225963 -0.060000
v -0.079135 0.222679 -0.060000
v -0.081901 0.220031 -0.060000
v -0.083085 0.219379 -0.060000
v -0.085059 0.218996 -0.060000
v -0.087014 0.219186 -0.060000
v -0.090504 0.220520 -0.060000
v -0.095689 0.222334 -0.060000
v -0.101808 0.224175 -0.060000
v -0.108068 0.226091 -0.060000
v -0.112999 0.228228 -0.060000
v -0.117786 0.230825 -0.060000
v -0.118168 0.230929 -0.060000
v -0.119301 0.231623 -0.060000
v -0.120782 0.234862 -0.060000
v -0.121527 0.236217 -0.060000
v -0.122726 0.237804 -0.060000
v -0.126223 0.240595 -0.060000
v -0.129508 0.242520 -0.060000
v -0.132653 0.243905 -0.060000
v -0.138369 0.246122 -0.060000
v -0.143138 0.247779 -0.060000
v -0.145734 0.248426 -0.060000
v -0.149879 0.249953 -0.060000
v -0.156639 0.253166 -0.060000
v -0.157105 0.254005 -0.060000
v -0.157774 0.254925 -0.060000
v -0.158521 0.255537 -0.060000
v -0.159365 0.255888 -0.060000
v -0.160557 0.258707 -0.060000
v -0.160851 0.260556 -0.060000
v -0.160766 0.262003 -0.060000
v -0.160319 0.263631 -0.060000
v -0.157824 0.268982 -0.060000
v -0.155589 0.274741 -0.060000
v -0.154278 0.278773 -0.060000
v -0.151502 0.289137 -0.060000
v -0.150192 0.294598 -0.060000
v -0.148295 0.301260 -0.060000
v -0.145397 0.309341 -0.060000
v -0.143558 0.315043 -0.060000
v -0.142330 0.319326 -0.060000
v -0.141884 0.319829 -0.060000
v -0.139860 0.320971 -0.060000
v -0.137828 0.320968 -0.060000
v -0.133526 0.320341 -0.060000
v -0.129771 0.319443 -0.060000
v -0.125871 0.318177 -0.060000
v -0.122288 0.316610 -0.060000
v -0.118921 0.314685 -0.060000
v -0.116956 0.313295 -0.060000
v -0.114566 0.312924 -0.060000
v -0.110957 0.312073 -0.060000
v -0.107390 0.310858 -0.060000
v -0.102375 0.308608 -0.060000
v -0.097312 0.306180 -0.060000
v -0.094242 0.304583 -0.060000
v -0.090961 0.303165 -0.060000
v -0.087115 0.301760 -0.060000
v -0.080899 0.299923 -0.060000
v -0.078782 0.299468 -0.060000
v -0.076988 0.298743 -0.060000
v -0.075081 0.297604 -0.060000
v -0.073614 0.296278 -0.060000
v -0.071182 0.294709 -0.060000
v -0.068477 0.293587 -0.060000
v -0.063781 0.292344 -0.060000
v -0.057974 0.290568 -0.060000
v -0.057159 0.289709 -0.060000
v -0.056845 0.288617 -0.060000
v 0.060954 0.282334 -0.060000
v 0.060859 0.281075 -0.060000
v 0.059959 0.278603 -0.060000
v 0.059208 0.275573 -0.060000
v 0.058933 0.272754 -0.060000
v 0.059020 0.269640 -0.060000
v 0.058986 0.266009 -0.060000
v 0.058767 0.262784 -0.060000
v 0.058761 0.256643 -0.060000
v 0.058423 0.253343 -0.060000
v 0.057822 0.251630 -0.060000
v 0.056573 0.249655 -0.060000
v 0.055128 0.248354 -0.060000
v 0.053239 0.247275 -0.060000
v 0.051859 0.245981 -0.060000
v 0.050935 0.244173 -0.060000
v 0.050674 0.242775 -0.060000
v 0.046004 0.241587 -0.060000
v 0.039947 0.239657 -0.060000
v 0.035955 0.238130 -0.060000
v 0.031466 0.238345 -0.060000
v 0.026933 0.238870 -0.060000
v 0.020828 0.240227 -0.060000
v 0.017545 0.240853 -0.060000
v 0.014407 0.239289 -0.060000
v 0.012559 0.238537 -0.060000
v 0.011163 0.238628 -0.060000
v 0.009183 0.239104 -0.060000
v 0.007051 0.239965 -0.060000
v 0.004212 0.241543 -0.060000
v 0.001057 0.243807 -0.060000
v -0.000985 0.245495 -0.060000
v -0.001325 0.248673 -0.060000
v -0.001380 0.251649 -0.060000
v -0.001733 0.255224 -0.060000
v -0.001644 0.256234 -0.060000
v -0.001353 0.258356 -0.060000
v -0.001355 0.263124 -0.060000
v -0.001692 0.265033 -0.060000
v -0.001964 0.269151 -0.060000
v -0.001931 0.275752 -0.060000
v -0.001553 0.280503 -0.060000
v -0.000988 0.284729 -0.060000
v -0.000524 0.285592 -0.060000
v -0.000094 0.286872 -0.060000
v 0.000039 0.288117 -0.060000
v -0.000121 0.290109 -0.060000
v -0.000202 0.292866 -0.060000
v 0.000662 0.294367 -0.060000
v 0.001918 0.295987 -0.060000
v 0.003432 0.297230 -0.060000
v 0.004803 0.297897 -0.060000
v 0.006664 0.299388 -0.060000
v 0.008958 0.300736 -0.060000
v 0.010059 0.301580 -0.060000
v 0.012443 0.304122 -0.060000
v 0.014491 0.306788 -0.060000
v 0.016996 0.307217 -0.060000
v 0.019858 0.307208 -0.060000
v 0.024861 0.305892 -0.060000
v 0.028832 0.305135 -0.060000
v 0.034533 0.304416 -0.060000
v 0.037039 0.305481 -0.060000
v 0.039270 0.306703 -0.060000
v 0.042238 0.308681 -0.060000
v 0.043741 0.309827 -0.060000
v 0.050597 0.309813 -0.060000
v 0.054486 0.309096 -0.060000
v 0.055603 0.308980 -0.060000
v 0.056574 0.308575 -0.060000
v 0.056999 0.308094 -0.060000
v 0.057243 0.307326 -0.060000
v 0.057006 0.305667 -0.060000
v 0.056972 0.303964 -0.060000
v 0.057170 0.301856 -0.060000
v 0.057943 0.298763 -0.060000
v 0.059105 0.294449 -0.060000
v 0.060227 0.291237 -0.060000
v 0.060672 0.289200 -0.060000
v 0.060801 0.286989 -0.060000
v 0.060687 0.285394 -0.060000
v 0.060776 0.283636 -0.060000
v 0.140327 0.299668 -0.060000
v 0.140470 0.296871 -0.060000
v 0.139921 0.290963 -0.060000
v 0.139156 0.279360 -0.060000
v 0.138897 0.266670 -0.060000
v 0.138121 0.262385 -0.060000
v 0.136875 0.258169 -0.060000
v 0.135826 0.253932 -0.060000
v 0.134292 0.251464 -0.060000
v 0.131314 0.248040 -0.060000
v 0.128205 0.245540 -0.060000
v 0.126204 0.244316 -0.060000
v 0.123635 0.244881 -0.060000
v 0.119675 0.245328 -0.060000
v 0.115782 0.245261 -0.060000
v 0.103129 0.243548 -0.060000
v 0.100083 0.242659 -0.060000
v 0.096403 0.242314 -0.060000
v 0.092880 0.242596 -0.060000
v 0.090455 0.243075 -0.060000
v 0.086919 0.243586 -0.060000
v 0.081075 0.243947 -0.060000
v 0.076637 0.244358 -0.060000
v 0.075508 0.244623 -0.060000
v 0.074228 0.245260 -0.060000
v 0.073410 0.245857 -0.060000
v 0.072664 0.246240 -0.060000
v 0.071876 0.247124 -0.060000
v 0.071507 0.248306 -0.060000
v 0.071530 0.250628 -0.060000
v 0.071806 0.252233 -0.060000
v 0.072302 0.253461 -0.060000
v 0.072583 0.255443 -0.060000
v 0.072178 0.257963 -0.060000
v 0.071496 0.259710 -0.060000
v 0.073684 0.263112 -0.060000
v 0.075063 0.265746 -0.060000
v 0.075644 0.267744 -0.060000
v 0.075823 0.269856 -0.060000
v 0.075716 0.271510 -0.060000
v 0.075821 0.272988 -0.060000
v 0.076094 0.274883 -0.060000
v 0.076035 0.278411 -0.060000
v 0.076477 0.283439 -0.060000
v 0.077616 0.288195 -0.060000
v 0.079898 0.294684 -0.060000
v 0.082632 0.301725 -0.060000
v 0.084176 0.302177 -0.060000
v 0.086290 0.303138 -0.060000
v 0.088385 0.304510 -0.060000
v 0.091163 0.306846 -0.060000
v 0.092752 0.308344 -0.060000
v 0.095618 0.308928 -0.060000
v 0.097919 0.308650 -0.060000
v 0.099226 0.308288 -0.060000
v 0.100943 0.308157 -0.060000
v 0.103413 0.307514 -0.060000
v 0.105264 0.307338 -0.060000
v 0.106920 0.307568 -0.060000
v 0.113177 0.307929 -0.060000
v 0.119002 0.307692 -0.060000
v 0.134270 0.305973 -0.060000
v 0.138594 0.305956 -0.060000
v 0.139802 0.303019 -0.060000
v -0.274420 0.161318 -0.060000
v -0.274383 0.158441 -0.060000
v -0.273891 0.154767 -0.060000
v -0.273314 0.152216 -0.060000
v -0.273529 0.149659 -0.060000
v -0.274172 0.145695 -0.060000
v -0.275020 0.142336 -0.060000
v -0.276444 0.137896 -0.060000
v -0.277443 0.132985 -0.060000
v -0.277875 0.129042 -0.060000
v -0.278039 0.124901 -0.060000
v -0.277861 0.120264 -0.060000
v -0.277383 0.116390 -0.060000
v -0.276516 0.111846 -0.060000
v -0.276146 0.107854 -0.060000
v -0.276149 0.104078 -0.060000
v -0.276397 0.101349 -0.060000
v -0.280432 0.099451 -0.060000
v -0.285507 0.097658 -0.060000
v -0.288375 0.096977 -0.060000
v -0.292994 0.096232 -0.060000
v -0.302273 0.095156 -0.060000
v -0.303681 0.094931 -0.060000
v -0.306276 0.094895 -0.060000
v -0.309024 0.095267 -0.060000
v -0.313811 0.096387 -0.060000
v -0.319762 0.097486 -0.060000
v -0.322520 0.097624 -0.060000
v -0.326918 0.098383 -0.060000
v -0.330527 0.098630 -0.060000
v -0.333212 0.098635 -0.060000
v -0.334822 0.098437 -0.060000
v -0.335646 0.098266 -0.060000
v -0.337260 0.097807 -0.060000
v -0.340007 0.096565 -0.060000
v -0.342375 0.095881 -0.060000
v -0.345394 0.095539 -0.060000
v -0.352763 0.095837 -0.060000
v -0.357559 0.096401 -0.060000
v -0.360776 0.096961 -0.060000
v -0.362679 0.097473 -0.060000
v -0.369708 0.097973 -0.060000
v -0.374168 0.098227 -0.060000
v -0.377360 0.098266 -0.060000
v -0.382531 0.098183 -0.060000
v -0.389209 0.097654 -0.060000
v -0.397420 0.096604 -0.060000
v -0.399326 0.096339 -0.060000
v -0.400309 0.096201 -0.060000
v -0.403146 0.096062 -0.060000
v -0.409829 0.096324 -0.060000
v -0.411657 0.096339 -0.060000
v -0.413564 0.096140 -0.060000
v -0.420024 0.096111 -0.060000
v -0.424588 0.096339 -0.060000
v -0.429446 0.096722 -0.060000
v -0.438479 0.097938 -0.060000
v -0.440559 0.098266 -0.060000
v -0.441507 0.098410 -0.060000
v -0.443543 0.098544 -0.060000
v -0.447098 0.097885 -0.060000
v -0.448259 0.097475 -0.060000
v -0.450287 0.097232 -0.060000
v -0.452390 0.097433 -0.060000
v -0.455924 0.098250 -0.060000
v -0.459381 0.098618 -0.060000
v -0.462367 0.098725 -0.060000
v -0.465427 0.098619 -0.060000
v -0.468988 0.098077 -0.060000
v -0.473098 0.097081 -0.060000
v -0.476409 0.096702 -0.060000
v -0.478813 0.096854 -0.060000
v -0.480409 0.097201 -0.060000
v -0.488189 0.099258 -0.060000
v -0.496784 0.100985 -0.060000
v -0.505693 0.102884 -0.060000
v -0.506367 0.111879 -0.060000
v -0.506712 0.123302 -0.060000
v -0.506655 0.132102 -0.060000
v -0.506427 0.137937 -0.060000
v -0.505209 0.142496 -0.060000
v -0.502472 0.150284 -0.060000
v -0.501477 0.154205 -0.060000
v -0.499449 0.166297 -0.060000
v -0.498624 0.169824 -0.060000
v -0.497578 0.172918 -0.060000
v -0.496769 0.174643 -0.060000
v -0.494201 0.175900 -0.060000
v -0.492483 0.176258 -0.060000
v -0.490890 0.176288 -0.060000
v -0.487518 0.175668 -0.060000
v -0.481443 0.175304 -0.060000
v -0.479949 0.175097 -0.060000
v -0.477502 0.175158 -0.060000
v -0.475145 0.175669 -0.060000
v -0.472202 0.176662 -0.060000
v -0.469660 0.177010 -0.060000
v -0.467846 0.176862 -0.060000
v -0.466179 0.176450 -0.060000
v -0.463434 0.176139 -0.060000
v -0.461022 0.176125 -0.060000
v -0.457862 0.176484 -0.060000
v -0.455116 0.178131 -0.060000
v -0.453585 0.179375 -0.060000
v -0.452622 0.179889 -0.060000
v -0.451497 0.180066 -0.060000
v -0.449923 0.179659 -0.060000
v -0.447767 0.178777 -0.060000
v -0.444828 0.177225 -0.060000
v -0.441153 0.175000 -0.060000
v -0.438202 0.173710 -0.060000
v -0.436161 0.173297 -0.060000
v -0.434624 0.173289 -0.060000
v -0.431245 0.173975 -0.060000
v -0.425789 0.174735 -0.060000
v -0.419891 0.175393 -0.060000
v -0.413984 0.175715 -0.060000
v -0.410110 0.175424 -0.060000
v -0.408709 0.175080 -0.060000
v -0.406260 0.174940 -0.060000
v -0.403216 0.175135 -0.060000
v -0.394169 0.176160 -0.060000
v -0.389052 0.176588 -0.060000
v -0.387113 0.176614 -0.060000
v -0.384739 0.176392 -0.060000
v -0.381979 0.175896 -0.060000
v -0.379468 0.175635 -0.060000
v -0.376113 0.175626 -0.060000
v -0.372424 0.175756 -0.060000
v -0.368973 0.175998 -0.060000
v -0.365637 0.176456 -0.060000
v -0.362491 0.177121 -0.060000
v -0.359413 0.178143 -0.060000
v -0.357692 0.179190 -0.060000
v -0.354875 0.178572 -0.060000
v -0.347638 0.176373 -0.060000
v -0.341913 0.175068 -0.060000
v -0.338896 0.174545 -0.060000
v -0.336241 0.174917 -0.060000
v -0.334440 0.175635 -0.060000
v -0.332808 0.176068 -0.060000
v -0.316567 0.176123 -0.060000
v -0.312746 0.176344 -0.060000
v -0.308915 0.176874 -0.060000
v -0.303059 0.178239 -0.060000
v -0.299320 0.178828 -0.060000
v -0.295287 0.178414 -0.060000
v -0.290727 0.177358 -0.060000
v -0.287980 0.177211 -0.060000
v -0.285120 0.177720 -0.060000
v -0.283333 0.178420 -0.060000
v -0.281592 0.177041 -0.060000
v -0.279313 0.175628 -0.060000
v -0.275241 0.173771 -0.060000
v -0.274663 0.171090 -0.060000
v -0.274171 0.167256 -0.060000
v -0.274139 0.164178 -0.060000
v -0.597710 0.181665 -0.060000
v -0.597552 0.180820 -0.060000
v -0.597692 0.180327 -0.060000
v -0.598542 0.174278 -0.060000
v -0.599143 0.167626 -0.060000
v -0.600003 0.151828 -0.060000
v -0.600735 0.148820 -0.060000
v -0.601441 0.143874 -0.060000
v -0.602433 0.140521 -0.060000
v -0.604177 0.134580 -0.060000
v -0.605779 0.126300 -0.060000
v -0.606391 0.120224 -0.060000
v -0.606569 0.115198 -0.060000
v -0.608705 0.112096 -0.060000
v -0.612332 0.107834 -0.060000
v -0.615213 0.105180 -0.060000
v -0.617744 0.103247 -0.060000
v -0.620008 0.103008 -0.060000
v -0.621442 0.103109 -0.060000
v -0.623109 0.103524 -0.060000
v -0.624278 0.104046 -0.060000
v -0.624476 0.104046 -0.060000
v -0.624684 0.104046 -0.060000
v -0.624904 0.104046 -0.060000
v -0.625134 0.104046 -0.060000
v -0.625375 0.104046 -0.060000
v -0.625626 0.104046 -0.060000
v -0.625889 0.104046 -0.060000
v -0.626162 0.104046 -0.060000
v -0.626445 0.104046 -0.060000
v -0.626740 0.104046 -0.060000
v -0.627045 0.104046 -0.060000
v -0.627360 0.104046 -0.060000
v -0.628782 0.103963 -0.060000
v -0.630386 0.103473 -0.060000
v -0.633325 0.102311 -0.060000
v -0.635841 0.101739 -0.060000
v -0.638320 0.101511 -0.060000
v -0.641341 0.101655 -0.060000
v -0.644246 0.102025 -0.060000
v -0.648211 0.102874 -0.060000
v -0.652226 0.102872 -0.060000
v -0.657538 0.101224 -0.060000
v -0.661295 0.099667 -0.060000
v -0.663185 0.099153 -0.060000
v -0.665006 0.098965 -0.060000
v -0.667287 0.099037 -0.060000
v -0.669364 0.099422 -0.060000
v -0.670556 0.098963 -0.060000
v -0.671812 0.098131 -0.060000
v -0.672947 0.096760 -0.060000
v -0.673567 0.094949 -0.060000
v -0.673716 0.093224 -0.060000
v -0.673603 0.091715 -0.060000
v -0.673341 0.090745 -0.060000
v -0.673262 0.089212 -0.060000
v -0.673555 0.087710 -0.060000
v -0.674221 0.086146 -0.060000
v -0.675221 0.084477 -0.060000
v -0.676294 0.083238 -0.060000
v -0.677257 0.075836 -0.060000
v -0.677854 0.070110 -0.060000
v -0.678534 0.068316 -0.060000
v -0.679105 0.065567 -0.060000
v -0.679304 0.062623 -0.060000
v -0.679392 0.058941 -0.060000
v -0.680081 0.057235 -0.060000
v -0.681445 0.054850 -0.060000
v -0.683000 0.052963 -0.060000
v -0.685694 0.050498 -0.060000
v -0.689026 0.046678 -0.060000
v -0.689371 0.044057 -0.060000
v -0.689461 0.041613 -0.060000
v -0.690420 0.038405 -0.060000
v -0.697926 0.027690 -0.060000
v -0.699014 0.026796 -0.060000
v -0.700113 0.026198 -0.060000
v -0.701697 0.025516 -0.060000
v -0.703180 0.024390 -0.060000
v -0.704207 0.023130 -0.060000
v -0.704619 0.022024 -0.060000
v -0.704619 0.020997 -0.060000
v -0.704163 0.019614 -0.060000
v -0.704036 0.018179 -0.060000
v -0.704379 0.016660 -0.060000
v -0.706280 0.013738 -0.060000
v -0.709092 0.009902 -0.060000
v -0.713445 0.004477 -0.060000
v -0.717212 0.000718 -0.060000
v -0.718612 -0.000447 -0.060000
v -0.721095 -0.002247 -0.060000
v -0.723655 -0.004560 -0.060000
v -0.725312 -0.006571 -0.060000
v -0.726655 -0.008735 -0.060000
v -0.728112 -0.010588 -0.060000
v -0.729903 -0.012496 -0.060000
v -0.732130 -0.014457 -0.060000
v -0.736946 -0.018293 -0.060000
v -0.742501 -0.022484 -0.060000
v -0.751673 -0.028975 -0.060000
v -0.758942 -0.034444 -0.060000
v -0.759608 -0.034815 -0.060000
v -0.761311 -0.035451 -0.060000
v -0.761853 -0.035838 -0.060000
v -0.763757 -0.036067 -0.060000
v -0.766441 -0.035901 -0.060000
v -0.768845 -0.035114 -0.060000
v -0.772982 -0.032227 -0.060000
v -0.777364 -0.028802 -0.060000
v -0.781554 -0.025206 -0.060000
v -0.785551 -0.021439 -0.060000
v -0.789355 -0.017501 -0.060000
v -0.793810 -0.012394 -0.060000
v -0.800603 0.007625 -0.060000
v -0.800795 0.008916 -0.060000
v -0.801044 0.009524 -0.060000
v -0.801605 0.011834 -0.060000
v -0.801701 0.014535 -0.060000
v -0.801267 0.017040 -0.060000
v -0.800575 0.018794 -0.060000
v -0.799625 0.020441 -0.060000
v -0.797866 0.022473 -0.060000
v -0.796167 0.023873 -0.060000
v -0.793263 0.025578 -0.060000
v -0.790042 0.027845 -0.060000
v -0.787242 0.030161 -0.060000
v -0.776889 0.039678 -0.060000
v -0.773148 0.044738 -0.060000
v -0.767951 0.053082 -0.060000
v -0.764643 0.059571 -0.060000
v -0.762407 0.064660 -0.060000
v -0.761724 0.066551 -0.060000
v -0.760760 0.068669 -0.060000
v -0.759522 0.070780 -0.060000
v -0.757148 0.073978 -0.060000
v -0.754903 0.076704 -0.060000
v -0.752985 0.080024 -0.060000
v -0.751671 0.083144 -0.060000
v -0.751192 0.084968 -0.060000
v -0.751090 0.086902 -0.060000
v -0.751564 0.088310 -0.060000
v -0.752386 0.089340 -0.060000
v -0.753638 0.090302 -0.060000
v -0.755322 0.091191 -0.060000
v -0.758509 0.092366 -0.060000
v -0.763978 0.093658 -0.060000
v -0.766604 0.094063 -0.060000
v -0.769333 0.094267 -0.060000
v -0.771732 0.093937 -0.060000
v -0.773583 0.093328 -0.060000
v -0.775553 0.092451 -0.060000
v -0.777278 0.092113 -0.060000
v -0.779075 0.092149 -0.060000
v -0.782752 0.092744 -0.060000
v -0.785346 0.092873 -0.060000
v -0.787104 0.092046 -0.060000
v -0.789342 0.091115 -0.060000
v -0.791211 0.090108 -0.060000
v -0.792665 0.089039 -0.060000
v -0.795086 0.089368 -0.060000
v -0.797446 0.089419 -0.060000
v -0.798910 0.089637 -0.060000
v -0.800334 0.090118 -0.060000
v -0.801170 0.090566 -0.060000
v -0.807495 0.091343 -0.060000
v -0.813645 0.091807 -0.060000
v -0.817225 0.091835 -0.060000
v -0.820868 0.091610 -0.060000
v -0.823121 0.091329 -0.060000
v -0.826002 0.091443 -0.060000
v -0.830431 0.091362 -0.060000
v -0.834553 0.090998 -0.060000
v -0.840911 0.090056 -0.060000
v -0.849176 0.089021 -0.060000
v -0.852543 0.089062 -0.060000
v -0.854276 0.089650 -0.060000
v -0.855297 0.090445 -0.060000
v -0.855936 0.091289 -0.060000
v -0.856414 0.092369 -0.060000
v -0.857127 0.094802 -0.060000
v -0.857751 0.097502 -0.060000
v -0.858136 0.100580 -0.060000
v -0.858188 0.104312 -0.060000
v -0.857949 0.111087 -0.060000
v -0.856765 0.125567 -0.060000
v -0.856637 0.129752 -0.060000
v -0.856957 0.134965 -0.060000
v -0.857607 0.137029 -0.060000
v -0.858101 0.139704 -0.060000
v -0.858129 0.142209 -0.060000
v -0.857456 0.146796 -0.060000
v -0.856816 0.151926 -0.060000
v -0.855622 0.155843 -0.060000
v -0.853671 0.159229 -0.060000
v -0.852020 0.161082 -0.060000
v -0.848151 0.162268 -0.060000
v -0.841743 0.163823 -0.060000
v -0.836077 0.165727 -0.060000
v -0.827008 0.167239 -0.060000
v -0.823268 0.169050 -0.060000
v -0.818824 0.170816 -0.060000
v -0.813871 0.172307 -0.060000
v -0.808192 0.173574 -0.060000
v -0.800781 0.175383 -0.060000
v -0.795401 0.176862 -0.060000
v -0.792359 0.176089 -0.060000
v -0.789656 0.175749 -0.060000
v -0.785906 0.174515 -0.060000
v -0.783117 0.174191 -0.060000
v -0.777919 0.174179 -0.060000
v -0.775743 0.173178 -0.060000
v -0.774566 0.172368 -0.060000
v -0.771974 0.170350 -0.060000
v -0.770736 0.169573 -0.060000
v -0.763077 0.169910 -0.060000
v -0.755943 0.169986 -0.060000
v -0.750155 0.170417 -0.060000
v -0.746721 0.170804 -0.060000
v -0.743147 0.170922 -0.060000
v -0.740301 0.170700 -0.060000
v -0.736859 0.169808 -0.060000
v -0.733990 0.169479 -0.060000
v -0.731836 0.169531 -0.060000
v -0.728522 0.169934 -0.060000
v -0.722991 0.171056 -0.060000
v -0.717648 0.172397 -0.060000
v -0.711827 0.174609 -0.060000
v -0.707505 0.175753 -0.060000
v -0.704189 0.176370 -0.060000
v -0.692963 0.178781 -0.060000
v -0.684682 0.180870 -0.060000
v -0.682871 0.181113 -0.060000
v -0.659381 0.181120 -0.060000
v -0.651014 0.182870 -0.060000
v -0.648428 0.183594 -0.060000
v -0.645699 0.184587 -0.060000
v -0.643266 0.185630 -0.060000
v -0.639606 0.186815 -0.060000
v -0.635827 0.187588 -0.060000
v -0.632690 0.187865 -0.060000
v -0.626943 0.187926 -0.060000
v -0.621229 0.187679 -0.060000
v -0.619458 0.187166 -0.060000
v -0.617277 0.186902 -0.060000
v -0.613488 0.186898 -0.060000
v -0.611727 0.187297 -0.060000
v -0.609153 0.187436 -0.060000
v -0.607376 0.187162 -0.060000
v -0.606031 0.186742 -0.060000
v -0.599673 0.183877 -0.060000
v -0.598677 0.183088 -0.060000
v -0.644090 0.282049 -0.060000
v -0.643920 0.280571 -0.060000
v -0.645233 0.278701 -0.060000
v -0.646343 0.276552 -0.060000
v -0.647565 0.273294 -0.060000
v -0.648179 0.271247 -0.060000
v -0.648048 0.269317 -0.060000
v -0.647657 0.267228 -0.060000
v -0.646832 0.264193 -0.060000
v -0.646387 0.261004 -0.060000
v -0.646440 0.258140 -0.060000
v -0.647225 0.252307 -0.060000
v -0.647410 0.247382 -0.060000
v -0.648431 0.245435 -0.060000
v -0.649552 0.242121 -0.060000
v -0.650089 0.238486 -0.060000
v -0.650097 0.225851 -0.060000
v -0.653060 0.223044 -0.060000
v -0.655480 0.220189 -0.060000
v -0.658181 0.217338 -0.060000
v -0.663587 0.216515 -0.060000
v -0.669752 0.215782 -0.060000
v -0.678209 0.215106 -0.060000
v -0.686503 0.214870 -0.060000
v -0.693635 0.214978 -0.060000
v -0.700276 0.215461 -0.060000
v -0.704829 0.215684 -0.060000
v -0.707842 0.216132 -0.060000
v -0.710969 0.216982 -0.060000
v -0.713076 0.217781 -0.060000
v -0.715481 0.218153 -0.060000
v -0.717788 0.218113 -0.060000
v -0.720018 0.217765 -0.060000
v -0.721901 0.217661 -0.060000
v -0.723952 0.217837 -0.060000
v -0.725241 0.218112 -0.060000
v -0.726224 0.218540 -0.060000
v -0.727903 0.218924 -0.060000
v -0.729618 0.218973 -0.060000
v -0.732591 0.218630 -0.060000
v -0.734950 0.218506 -0.060000
v -0.740483 0.218405 -0.060000
v -0.748042 0.217788 -0.060000
v -0.752151 0.217039 -0.060000
v -0.755185 0.216113 -0.060000
v -0.756953 0.215765 -0.060000
v -0.758795 0.215686 -0.060000
v -0.759923 0.215800 -0.060000
v -0.761067 0.216360 -0.060000
v -0.762900 0.216756 -0.060000
v -0.764668 0.216623 -0.060000
v -0.767683 0.215750 -0.060000
v -0.770830 0.215399 -0.060000
v -0.773391 0.215747 -0.060000
v -0.778574 0.217004 -0.060000
v -0.783779 0.217748 -0.060000
v -0.787298 0.217465 -0.060000
v -0.790314 0.217318 -0.060000
v -0.792261 0.216999 -0.060000
v -0.794752 0.216093 -0.060000
v -0.797497 0.215430 -0.060000
v -0.807779 0.215425 -0.060000
v -0.810231 0.217912 -0.060000
v -0.811765 0.220628 -0.060000
v -0.812623 0.223288 -0.060000
v -0.813144 0.225653 -0.060000
v -0.813443 0.228818 -0.060000
v -0.813854 0.231568 -0.060000
v -0.814036 0.236013 -0.060000
v -0.814469 0.239744 -0.060000
v -0.814662 0.244380 -0.060000
v -0.815077 0.247520 -0.060000
v -0.815346 0.251353 -0.060000
v -0.815419 0.254668 -0.060000
v -0.814822 0.259079 -0.060000
v -0.813543 0.265341 -0.060000
v -0.811827 0.272187 -0.060000
v -0.810757 0.277969 -0.060000
v -0.810213 0.281789 -0.060000
v -0.809526 0.283293 -0.060000
v -0.808755 0.284228 -0.060000
v -0.807751 0.284996 -0.060000
v -0.806511 0.285596 -0.060000
v -0.805370 0.285987 -0.060000
v -0.803255 0.287156 -0.060000
v -0.801077 0.287759 -0.060000
v -0.800184 0.288355 -0.060000
v -0.798687 0.290018 -0.060000
v -0.796586 0.291744 -0.060000
v -0.794312 0.293022 -0.060000
v -0.791651 0.293866 -0.060000
v -0.789057 0.294403 -0.060000
v -0.785928 0.294774 -0.060000
v -0.782243 0.295049 -0.060000
v -0.778060 0.295756 -0.060000
v -0.775596 0.295947 -0.060000
v -0.763414 0.295962 -0.060000
v -0.760975 0.297925 -0.060000
v -0.756638 0.300505 -0.060000
v -0.755289 0.301350 -0.060000
v -0.754077 0.301721 -0.060000
v -0.733311 0.301734 -0.060000
v -0.724683 0.298381 -0.060000
v -0.720043 0.296504 -0.060000
v -0.716303 0.295761 -0.060000
v -0.712098 0.295874 -0.060000
v -0.701529 0.297116 -0.060000
v -0.696886 0.296348 -0.060000
v -0.693403 0.295372 -0.060000
v -0.690804 0.295072 -0.060000
v -0.688428 0.295173 -0.060000
v -0.685462 0.295460 -0.060000
v -0.682971 0.295250 -0.060000
v -0.680148 0.294811 -0.060000
v -0.673989 0.294798 -0.060000
v -0.671574 0.294931 -0.060000
v -0.666143 0.294991 -0.060000
v -0.661541 0.294706 -0.060000
v -0.659442 0.294609 -0.060000
v -0.657509 0.294971 -0.060000
v -0.655495 0.295172 -0.060000
v -0.652503 0.295356 -0.060000
v -0.649791 0.294911 -0.060000
v -0.648044 0.294157 -0.060000
v -0.646758 0.293299 -0.060000
v -0.645779 0.292399 -0.060000
v -0.645164 0.291320 -0.060000
v -0.644851 0.290089 -0.060000
v -0.644978 0.288247 -0.060000
v -0.644709 0.286292 -0.060000
v -0.644621 0.284966 -0.060000
v -0.938990 0.030022 -0.060000
v -0.938639 0.027335 -0.060000
v -0.941320 0.023999 -0.060000
v -0.944874 0.019975 -0.060000
v -0.950265 0.014580 -0.060000
v -0.954110 0.011123 -0.060000
v -0.956047 0.009827 -0.060000
v -0.959230 0.008165 -0.060000
v -0.960595 0.007325 -0.060000
v -0.961384 0.006310 -0.060000
v -0.963356 0.004160 -0.060000
v -0.964410 0.002912 -0.060000
v -0.965231 0.001542 -0.060000
v -0.967128 0.001312 -0.060000
v -0.969962 0.000573 -0.060000
v -0.972522 -0.000559 -0.060000
v -0.975013 -0.002147 -0.060000
v -0.977307 -0.003880 -0.060000
v -0.980283 -0.006546 -0.060000
v -0.992269 -0.006542 -0.060000
v -0.996194 -0.003574 -0.060000
v -0.998883 -0.001066 -0.060000
v -1.000733 0.000055 -0.060000
v -1.002950 0.000681 -0.060000
v -1.004528 0.000771 -0.060000
v -1.005451 0.001452 -0.060000
v -1.006649 0.002716 -0.060000
v -1.007450 0.004002 -0.060000
v -1.008121 0.005549 -0.060000
v -1.009033 0.006838 -0.060000
v -1.010388 0.007941 -0.060000
v -1.011695 0.008626 -0.060000
v -1.013712 0.010797 -0.060000
v -1.015157 0.013361 -0.060000
v -1.017165 0.015732 -0.060000
v -1.021324 0.020618 -0.060000
v -1.027748 0.027413 -0.060000
v -1.033148 0.032847 -0.060000
v -1.035948 0.035388 -0.060000
v -1.042096 0.040566 -0.060000
v -1.048337 0.046383 -0.060000
v -1.050927 0.049032 -0.060000
v -1.053877 0.052863 -0.060000
v -1.058480 0.059346 -0.060000
v -1.060074 0.060047 -0.060000
v -1.062144 0.060445 -0.060000
v -1.063528 0.060169 -0.060000
v -1.069069 0.056886 -0.060000
v -1.070633 0.055736 -0.060000
v -1.072054 0.054310 -0.060000
v -1.088148 0.038153 -0.060000
v -1.088678 0.036859 -0.060000
v -1.090070 0.034499 -0.060000
v -1.091274 0.031931 -0.060000
v -1.092668 0.030806 -0.060000
v -1.093831 0.030092 -0.060000
v -1.098503 0.027362 -0.060000
v -1.101636 0.025980 -0.060000
v -1.103729 0.024816 -0.060000
v -1.105997 0.022997 -0.060000
v -1.112417 0.017912 -0.060000
v -1.118249 0.013840 -0.060000
v -1.122139 0.009732 -0.060000
v -1.123240 0.008742 -0.060000
v -1.125288 0.007424 -0.060000
v -1.127399 0.005857 -0.060000
v -1.129970 0.004234 -0.060000
v -1.132646 0.002953 -0.060000
v -1.136134 0.001814 -0.060000
v -1.139805 0.001243 -0.060000
v -1.142109 0.001155 -0.060000
v -1.144221 -0.001180 -0.060000
v -1.146694 -0.003837 -0.060000
v -1.152272 -0.006488 -0.060000
v -1.160910 -0.010888 -0.060000
v -1.170174 -0.015407 -0.060000
v -1.171664 -0.015522 -0.060000
v -1.173729 -0.015391 -0.060000
v -1.175584 -0.014919 -0.060000
v -1.178865 -0.013388 -0.060000
v -1.182596 -0.011543 -0.060000
v -1.185294 -0.005934 -0.060000
v -1.187493 0.000074 -0.060000
v -1.190304 0.006675 -0.060000
v -1.192746 0.013277 -0.060000
v -1.195512 0.020121 -0.060000
v -1.198067 0.025262 -0.060000
v -1.200447 0.029170 -0.060000
v -1.202002 0.032455 -0.060000
v -1.203282 0.036548 -0.060000
v -1.204913 0.043886 -0.060000
v -1.204854 0.044860 -0.060000
v -1.204466 0.045899 -0.060000
v -1.203855 0.046452 -0.060000
v -1.203372 0.046628 -0.060000
v -1.203067 0.047368 -0.060000
v -1.202282 0.048433 -0.060000
v -1.200981 0.049327 -0.060000
v -1.199705 0.049826 -0.060000
v -1.196185 0.051200 -0.060000
v -1.188200 0.053216 -0.060000
v -1.183612 0.056082 -0.060000
v -1.180207 0.058816 -0.060000
v -1.177737 0.061187 -0.060000
v -1.173952 0.065270 -0.060000
v -1.169397 0.069644 -0.060000
v -1.165635 0.072817 -0.060000
v -1.164490 0.073444 -0.060000
v -1.163330 0.074341 -0.060000
v -1.161753 0.075915 -0.060000
v -1.160635 0.078086 -0.060000
v -1.158956 0.080770 -0.060000
v -1.157063 0.083239 -0.060000
v -1.154956 0.085495 -0.060000
v -1.152039 0.088022 -0.060000
v -1.149422 0.089788 -0.060000
v -1.147056 0.091145 -0.060000
v -1.143497 0.093725 -0.060000
v -1.140386 0.096583 -0.060000
v -1.137068 0.100217 -0.060000
v -1.132536 0.104763 -0.060000
v -1.129012 0.107888 -0.060000
v -1.126011 0.112331 -0.060000
v -1.122438 0.117171 -0.060000
v -1.116609 0.124307 -0.060000
v -1.113614 0.129026 -0.060000
v -1.111208 0.134552 -0.060000
v -1.110125 0.138280 -0.060000
v -1.106760 0.144532 -0.060000
v -1.103958 0.150375 -0.060000
v -1.101379 0.156721 -0.060000
v -1.095744 0.171763 -0.060000
v -1.089964 0.188226 -0.060000
v -1.086222 0.199604 -0.060000
v -1.086437 0.201027 -0.060000
v -1.087034 0.202898 -0.060000
v -1.088032 0.204524 -0.060000
v -1.089926 0.206219 -0.060000
v -1.091671 0.207435 -0.060000
v -1.093904 0.208764 -0.060000
v -1.095484 0.209345 -0.060000
v -1.097391 0.209657 -0.060000
v -1.099921 0.209408 -0.060000
v -1.103550 0.208234 -0.060000
v -1.108422 0.207258 -0.060000
v -1.113444 0.207006 -0.060000
v -1.120674 0.207674 -0.060000
v -1.127175 0.208636 -0.060000
v -1.132502 0.209558 -0.060000
v -1.138575 0.210117 -0.060000
v -1.143386 0.210249 -0.060000
v -1.153252 0.210053 -0.060000
v -1.162452 0.209971 -0.060000
v -1.165074 0.209459 -0.060000
v -1.167558 0.208375 -0.060000
v -1.170728 0.207512 -0.060000
v -1.174010 0.207241 -0.060000
v -1.185690 0.208102 -0.060000
v -1.191031 0.212256 -0.060000
v -1.193019 0.214343 -0.060000
v -1.194448 0.216315 -0.060000
v -1.195282 0.217731 -0.060000
v -1.193530 0.221013 -0.060000
v -1.192919 0.222481 -0.060000
v -1.192582 0.223892 -0.060000
v -1.191483 0.227205 -0.060000
v -1.191283 0.228409 -0.060000
v -1.191298 0.229643 -0.060000
v -1.191432 0.230483 -0.060000
v -1.191323 0.234027 -0.060000
v -1.190734 0.239391 -0.060000
v -1.189549 0.245073 -0.060000
v -1.188681 0.250622 -0.060000
v -1.188342 0.254766 -0.060000
v -1.188805 0.257188 -0.060000
v -1.189420 0.259329 -0.060000
v -1.190687 0.263042 -0.060000
v -1.191417 0.265490 -0.060000
v -1.190607 0.266596 -0.060000
v -1.190291 0.267606 -0.060000
v -1.189929 0.268173 -0.060000
v -1.186918 0.270299 -0.060000
v -1.183533 0.272595 -0.060000
v -1.180082 0.275249 -0.060000
v -1.178187 0.275870 -0.060000
v -1.176448 0.275974 -0.060000
v -1.174076 0.276666 -0.060000
v -1.168979 0.277653 -0.060000
v -1.165036 0.278619 -0.060000
v -1.162570 0.279725 -0.060000
v -1.160374 0.281244 -0.060000
v -1.159059 0.282463 -0.060000
v -1.156922 0.281084 -0.060000
v -1.154086 0.279661 -0.060000
v -1.152437 0.278978 -0.060000
v -1.146043 0.280291 -0.060000
v -1.141292 0.281838 -0.060000
v -1.136974 0.282993 -0.060000
v -1.132426 0.283851 -0.060000
v -1.127397 0.284398 -0.060000
v -1.122025 0.284728 -0.060000
v -1.115046 0.284823 -0.060000
v -1.110468 0.285205 -0.060000
v -1.107892 0.285543 -0.060000
v -1.105229 0.286174 -0.060000
v -1.102783 0.286052 -0.060000
v -1.100090 0.285306 -0.060000
v -1.097782 0.284905 -0.060000
v -1.095678 0.284770 -0.060000
v -1.092923 0.285034 -0.060000
v -1.089981 0.285694 -0.060000
v -1.087593 0.286477 -0.060000
v -1.085275 0.287511 -0.060000
v -1.083104 0.288678 -0.060000
v -1.081625 0.289309 -0.060000
v -1.079757 0.289810 -0.060000
v -1.077846 0.290013 -0.060000
v -1.075893 0.289918 -0.060000
v -1.073896 0.289524 -0.060000
v -1.072340 0.289014 -0.060000
v -1.068532 0.290738 -0.060000
v -1.066397 0.291829 -0.060000
v -1.064725 0.292926 -0.060000
v -1.063490 0.294020 -0.060000
v -1.052264 0.292524 -0.060000
v -1.048172 0.292271 -0.060000
v -1.044109 0.292575 -0.060000
v -1.036863 0.294018 -0.060000
v -1.035194 0.293690 -0.060000
v -1.033268 0.293053 -0.060000
v -1.029879 0.291492 -0.060000
v -1.027956 0.290463 -0.060000
v -1.026266 0.289981 -0.060000
v -1.025138 0.290089 -0.060000
v -1.023349 0.290260 -0.060000
v -1.021461 0.290085 -0.060000
v -1.019127 0.289547 -0.060000
v -1.015901 0.288170 -0.060000
v -1.013515 0.287548 -0.060000
v -1.011081 0.287394 -0.060000
v -1.008023 0.287739 -0.060000
v -1.005240 0.287860 -0.060000
v -0.999161 0.287861 -0.060000
v -0.996077 0.287327 -0.060000
v -0.993347 0.287074 -0.060000
v -0.992272 0.286260 -0.060000
v -0.990914 0.284881 -0.060000
v -0.989996 0.283517 -0.060000
v -0.989267 0.281908 -0.060000
v -0.988267 0.280238 -0.060000
v -0.987182 0.278988 -0.060000
v -0.981795 0.270525 -0.060000
v -0.983135 0.266081 -0.060000
v -0.984363 0.260673 -0.060000
v -0.984927 0.257812 -0.060000
v -0.985924 0.256702 -0.060000
v -0.986939 0.254411 -0.060000
v -0.987193 0.253283 -0.060000
v -0.986805 0.250768 -0.060000
v -0.986758 0.246972 -0.060000
v -0.987353 0.243195 -0.060000
v -0.989389 0.236719 -0.060000
v -0.991442 0.230772 -0.060000
v -0.992674 0.226176 -0.060000
v -0.994413 0.218225 -0.060000
v -0.995793 0.210198 -0.060000
v -0.997406 0.202704 -0.060000
v -0.999379 0.195239 -0.060000
v -1.001659 0.187818 -0.060000
v -1.004462 0.179936 -0.060000
v -1.005606 0.176195 -0.060000
v -1.006642 0.171733 -0.060000
v -1.007751 0.165129 -0.060000
v -1.009153 0.159178 -0.060000
v -1.009965 0.156280 -0.060000
v -1.010355 0.153820 -0.060000
v -1.010607 0.151468 -0.060000
v -1.011010 0.149821 -0.060000
v -1.011442 0.148765 -0.060000
v -1.012164 0.146589 -0.060000
v -1.013350 0.144920 -0.060000
v -1.014174 0.142332 -0.060000
v -1.013511 0.140014 -0.060000
v -1.012084 0.136610 -0.060000
v -1.010197 0.133495 -0.060000
v -1.008387 0.131188 -0.060000
v -1.006297 0.129048 -0.060000
v -1.003546 0.126673 -0.060000
v -1.000474 0.123424 -0.060000
v -0.998249 0.120687 -0.060000
v -0.994840 0.116085 -0.060000
v -0.989859 0.110187 -0.060000
v -0.987528 0.107927 -0.060000
v -0.985726 0.105823 -0.060000
v -0.984227 0.103667 -0.060000
v -0.979340 0.095751 -0.060000
v -0.973648 0.086890 -0.060000
v -0.971456 0.084232 -0.060000
v -0.968493 0.081369 -0.060000
v -0.962960 0.075235 -0.060000
v -0.959921 0.068216 -0.060000
v -0.956166 0.060135 -0.060000
v -0.952852 0.053587 -0.060000
v -0.949880 0.048399 -0.060000
v -0.946157 0.042718 -0.060000
v -0.943647 0.039313 -0.060000
v -0.942696 0.037630 -0.060000
v -0.940737 0.034955 -0.060000
v -0.939765 0.032790 -0.060000
v -0.939492 0.032419 -0.060000
v -0.939065 0.031519 -0.060000
v -0.938640 0.027351 -0.060000
v -0.938631 0.027268 0.060000
v -0.944250 0.020523 -0.060000
v -0.947117 0.017561 0.060000
v -0.954750 0.010594 -0.060000
v -0.955259 0.010282 0.060000
v -0.960423 0.007500 -0.060000
v -0.960271 0.007566 0.060000
v -0.963246 0.004240 -0.060000
v -0.965341 0.001661 0.060000
v -0.965258 0.001553 -0.060000
v -0.968729 0.001014 -0.060000
v -0.971445 0.000060 0.060000
v -0.975152 -0.002083 -0.060000
v -0.979964 -0.006006 0.060000
v -0.980255 -0.006551 -0.060000
v -0.992282 -0.006536 -0.060000
v -0.992260 -0.006545 0.060000
v -0.998697 -0.001335 -0.060000
v -0.999009 -0.001073 0.060000
v -1.001831 0.000522 -0.060000
v -1.001950 0.000529 0.060000
v -1.005497 0.001343 -0.060000
v -1.004568 0.000776 0.060000
v -1.006891 0.002918 0.060000
v -1.008932 0.006954 -0.060000
v -1.009017 0.007005 0.060000
v -1.012951 0.009738 -0.060000
v -1.012888 0.009627 0.060000
v -1.015368 0.013699 -0.060000
v -1.015437 0.013787 0.060000
v -1.022953 0.022464 -0.060000
v -1.021914 0.021297 0.060000
v -1.033640 0.033369 0.060000
v -1.034323 0.033978 -0.060000
v -1.042130 0.040594 -0.060000
v -1.042658 0.041043 0.060000
v -1.050967 0.048998 -0.060000
v -1.051123 0.049203 0.060000
v -1.058683 0.059581 -0.060000
v -1.058657 0.059549 0.060000
v -1.063040 0.060438 -0.060000
v -1.062988 0.060460 0.060000
v -1.070377 0.056069 0.060000
v -1.070411 0.056030 -0.060000
v -1.088369 0.037474 -0.060000
v -1.088247 0.037735 0.060000
v -1.091625 0.031495 -0.060000
v -1.091630 0.031496 0.060000
v -1.102890 0.025294 -0.060000
v -1.098596 0.027311 0.060000
v -1.103675 0.024913 0.060000
v -1.108213 0.021066 -0.060000
v -1.118743 0.013352 0.060000
v -1.118435 0.013696 -0.060000
v -1.123192 0.008704 -0.060000
v -1.123159 0.008715 0.060000
v -1.130830 0.003598 -0.060000
v -1.128494 0.005066 0.060000
v -1.134490 0.002208 0.060000
v -1.142335 0.000875 -0.060000
v -1.142203 0.001054 0.060000
v -1.146404 -0.003600 -0.060000
v -1.146433 -0.003637 0.060000
v -1.170343 -0.015576 0.060000
v -1.170394 -0.015503 -0.060000
v -1.174966 -0.015184 -0.060000
v -1.175264 -0.015062 0.060000
v -1.182554 -0.011584 -0.060000
v -1.182626 -0.011550 0.060000
v -1.184975 -0.006604 -0.060000
v -1.185851 -0.004345 0.060000
v -1.190211 0.006476 -0.060000
v -1.190165 0.006408 0.060000
v -1.195442 0.020065 -0.060000
v -1.196573 0.022593 0.060000
v -1.201069 0.030359 -0.060000
v -1.202435 0.033170 0.060000
v -1.203098 0.035709 -0.060000
v -1.204963 0.044327 -0.060000
v -1.204979 0.044622 0.060000
v -1.203990 0.046407 -0.060000
v -1.203532 0.046670 0.060000
v -1.202176 0.048733 -0.060000
v -1.201657 0.049034 0.060000
v -1.196102 0.051225 -0.060000
v -1.195725 0.051326 0.060000
v -1.188184 0.053220 -0.060000
v -1.188092 0.053244 0.060000
v -1.180501 0.058373 -0.060000
v -1.180534 0.058465 0.060000
v -1.171556 0.067683 -0.060000
v -1.166298 0.072362 0.060000
v -1.164086 0.073724 -0.060000
v -1.163546 0.074084 0.060000
v -1.162239 0.075491 -0.060000
v -1.158724 0.081336 0.060000
v -1.155386 0.085162 -0.060000
v -1.152841 0.087420 0.060000
v -1.149312 0.089791 -0.060000
v -1.146331 0.091602 0.060000
v -1.141951 0.095117 -0.060000
v -1.140951 0.096127 0.060000
v -1.128957 0.107989 -0.060000
v -1.128940 0.108012 0.060000
v -1.124124 0.115039 -0.060000
v -1.123961 0.115236 0.060000
v -1.114968 0.126443 -0.060000
v -1.115117 0.126232 0.060000
v -1.109905 0.138555 -0.060000
v -1.109914 0.138465 0.060000
v -1.104076 0.149841 -0.060000
v -1.104015 0.149945 0.060000
v -1.094112 0.176194 -0.060000
v -1.093077 0.179145 0.060000
v -1.086160 0.199770 -0.060000
v -1.086169 0.199753 0.060000
v -1.087505 0.203910 -0.060000
v -1.087448 0.203824 0.060000
v -1.090457 0.206656 -0.060000
v -1.092242 0.207970 0.060000
v -1.094489 0.209070 -0.060000
v -1.097954 0.209758 0.060000
v -1.098569 0.209697 -0.060000
v -1.106208 0.207522 -0.060000
v -1.106433 0.207447 0.060000
v -1.115583 0.207063 -0.060000
v -1.118208 0.207268 0.060000
v -1.136676 0.210151 -0.060000
v -1.138077 0.210244 0.060000
v -1.163621 0.209904 -0.060000
v -1.163520 0.209913 0.060000
v -1.169263 0.207757 -0.060000
v -1.168225 0.208110 0.060000
v -1.173333 0.207199 0.060000
v -1.174082 0.207245 -0.060000
v -1.185793 0.208114 -0.060000
v -1.185755 0.208106 0.060000
v -1.191880 0.213029 0.060000
v -1.192225 0.213371 -0.060000
v -1.195342 0.217651 0.060000
v -1.195317 0.217686 -0.060000
v -1.193191 0.221693 -0.060000
v -1.193125 0.221804 0.060000
v -1.191227 0.228088 0.060000
v -1.191269 0.227908 -0.060000
v -1.191477 0.230920 -0.060000
v -1.191488 0.231134 0.060000
v -1.190840 0.238739 -0.060000
v -1.190289 0.241340 0.060000
v -1.188925 0.248359 -0.060000
v -1.188292 0.255613 0.060000
v -1.188652 0.256856 -0.060000
v -1.191329 0.265393 -0.060000
v -1.191436 0.265497 0.060000
v -1.190704 0.266364 0.060000
v -1.190113 0.268018 -0.060000
v -1.190001 0.268111 0.060000
v -1.179407 0.275671 -0.060000
v -1.179554 0.275588 0.060000
v -1.175911 0.276118 0.060000
v -1.174477 0.276516 -0.060000
v -1.164317 0.278755 -0.060000
v -1.165722 0.278386 0.060000
v -1.161554 0.280290 0.060000
v -1.159067 0.282333 -0.060000
v -1.159071 0.282448 0.060000
v -1.152762 0.278944 0.060000
v -1.152515 0.278963 -0.060000
v -1.145942 0.280319 -0.060000
v -1.146147 0.280264 0.060000
v -1.138925 0.282554 -0.060000
v -1.138173 0.282778 0.060000
v -1.127563 0.284498 -0.060000
v -1.126350 0.284557 0.060000
v -1.111006 0.285040 -0.060000
v -1.115096 0.284821 0.060000
v -1.108147 0.285471 0.060000
v -1.104632 0.286320 -0.060000
v -1.104085 0.286288 0.060000
v -1.097263 0.284699 -0.060000
v -1.096554 0.284606 0.060000
v -1.088364 0.286072 -0.060000
v -1.087440 0.286452 0.060000
v -1.080445 0.289840 -0.060000
v -1.081747 0.289303 0.060000
v -1.076609 0.290122 0.060000
v -1.072032 0.289150 -0.060000
v -1.072341 0.289014 0.060000
v -1.067142 0.291402 0.060000
v -1.065996 0.292019 -0.060000
v -1.063379 0.293989 0.060000
v -1.063468 0.294019 -0.060000
v -1.050487 0.292316 -0.060000
v -1.048444 0.292127 0.060000
v -1.044685 0.292480 -0.060000
v -1.036116 0.294070 0.060000
v -1.036864 0.294019 -0.060000
v -1.034021 0.293394 -0.060000
v -1.028916 0.290969 0.060000
v -1.028339 0.290637 -0.060000
v -1.025928 0.289901 0.060000
v -1.025790 0.289927 -0.060000
v -1.021053 0.290158 -0.060000
v -1.021004 0.290173 0.060000
v -1.013399 0.287334 -0.060000
v -1.013201 0.287313 0.060000
v -1.006729 0.287846 -0.060000
v -1.006583 0.287848 0.060000
v -0.999266 0.287809 -0.060000
v -0.999293 0.287816 0.060000
v -0.993204 0.287063 -0.060000
v -0.993221 0.287064 0.060000
v -0.990420 0.284276 -0.060000
v -0.990388 0.284249 0.060000
v -0.988602 0.280653 -0.060000
v -0.988563 0.280591 0.060000
v -0.981930 0.270528 -0.060000
v -0.981811 0.270546 0.060000
v -0.985136 0.257776 0.060000
v -0.985100 0.257816 -0.060000
v -0.987181 0.253675 -0.060000
v -0.987144 0.253812 0.060000
v -0.986709 0.249954 0.060000
v -0.986773 0.244898 -0.060000
v -0.987226 0.243364 0.060000
v -0.992502 0.227152 -0.060000
v -0.991928 0.229221 0.060000
v -0.994766 0.216154 0.060000
v -0.996729 0.205234 -0.060000
v -0.999563 0.194245 0.060000
v -1.001293 0.188885 -0.060000
v -1.005913 0.175468 -0.060000
v -1.005849 0.175708 0.060000
v -1.007916 0.164244 0.060000
v -1.010172 0.155005 -0.060000
v -1.010047 0.155920 0.060000
v -1.010759 0.150489 0.060000
v -1.010864 0.150282 -0.060000
v -1.011998 0.146844 0.060000
v -1.013286 0.144883 -0.060000
v -1.013369 0.144872 0.060000
v -1.014217 0.142154 0.060000
v -1.014201 0.142014 -0.060000
v -1.009870 0.132610 -0.060000
v -1.010147 0.132985 0.060000
v -1.001132 0.124304 -0.060000
v -1.001144 0.124345 0.060000
v -0.992174 0.112688 -0.060000
v -0.991509 0.111884 0.060000
v -0.985742 0.106046 -0.060000
v -0.985441 0.105591 0.060000
v -0.972936 0.085855 -0.060000
v -0.972927 0.085837 0.060000
v -0.963237 0.075522 -0.060000
v -0.963224 0.075517 0.060000
v -0.952777 0.053350 -0.060000
v -0.951053 0.050071 0.060000
v -0.943271 0.038491 -0.060000
v -0.943027 0.038167 0.060000
v -0.940716 0.034921 -0.060000
v -0.940521 0.034610 0.060000
v -0.939173 0.031817 -0.060000
v -0.939168 0.031842 0.060000
v -0.643885 0.280693 0.060000
v -0.643924 0.280635 -0.060000
v -0.646430 0.276461 -0.060000
v -0.646316 0.276709 0.060000
v -0.648325 0.270604 0.060000
v -0.648203 0.271194 -0.060000
v -0.647502 0.266719 -0.060000
v -0.646495 0.262655 0.060000
v -0.646369 0.259567 -0.060000
v -0.646872 0.255353 0.060000
v -0.647433 0.247353 -0.060000
v -0.647436 0.247573 0.060000
v -0.649183 0.243700 -0.060000
v -0.650042 0.240114 0.060000
v -0.650090 0.238421 -0.060000
v -0.650096 0.225830 -0.060000
v -0.650123 0.226054 0.060000
v -0.652743 0.223353 -0.060000
v -0.657894 0.217515 0.060000
v -0.658174 0.217338 -0.060000
v -0.667967 0.215901 0.060000
v -0.669235 0.215777 -0.060000
v -0.689332 0.214778 -0.060000
v -0.689168 0.214766 0.060000
v -0.706458 0.215835 -0.060000
v -0.706251 0.215805 0.060000
v -0.713952 0.218001 -0.060000
v -0.714968 0.218247 0.060000
v -0.719326 0.217889 -0.060000
v -0.722479 0.217552 0.060000
v -0.724449 0.217898 -0.060000
v -0.727939 0.219070 0.060000
v -0.728819 0.219032 -0.060000
v -0.738227 0.218464 -0.060000
v -0.734240 0.218540 0.060000
v -0.749534 0.217702 0.060000
v -0.748911 0.217684 -0.060000
v -0.756673 0.215764 -0.060000
v -0.757945 0.215561 0.060000
v -0.759838 0.215856 -0.060000
v -0.762938 0.216957 0.060000
v -0.763811 0.216811 -0.060000
v -0.767758 0.215735 -0.060000
v -0.770518 0.215337 0.060000
v -0.771884 0.215406 -0.060000
v -0.777770 0.216774 0.060000
v -0.779051 0.217119 -0.060000
v -0.784237 0.217780 0.060000
v -0.784542 0.217740 -0.060000
v -0.791491 0.217185 0.060000
v -0.791295 0.217263 -0.060000
v -0.796181 0.215645 -0.060000
v -0.796022 0.215700 0.060000
v -0.808056 0.215559 -0.060000
v -0.807766 0.215421 0.060000
v -0.811148 0.219103 0.060000
v -0.811660 0.220167 -0.060000
v -0.813024 0.224793 0.060000
v -0.813096 0.225474 -0.060000
v -0.813769 0.231609 0.060000
v -0.813807 0.231454 -0.060000
v -0.814717 0.243613 -0.060000
v -0.814810 0.244468 0.060000
v -0.815458 0.254175 -0.060000
v -0.815437 0.255013 0.060000
v -0.814320 0.261977 -0.060000
v -0.812423 0.269873 0.060000
v -0.811866 0.271987 -0.060000
v -0.810170 0.281895 -0.060000
v -0.809975 0.282839 0.060000
v -0.808401 0.284748 -0.060000
v -0.807303 0.285281 0.060000
v -0.803979 0.286866 -0.060000
v -0.804167 0.286757 0.060000
v -0.800543 0.287971 -0.060000
v -0.800664 0.287940 0.060000
v -0.797518 0.291113 -0.060000
v -0.794407 0.293158 0.060000
v -0.792542 0.293744 -0.060000
v -0.784442 0.294851 0.060000
v -0.783328 0.294916 -0.060000
v -0.777294 0.295872 0.060000
v -0.777036 0.295892 -0.060000
v -0.762893 0.296569 -0.060000
v -0.763211 0.296327 0.060000
v -0.754730 0.301611 -0.060000
v -0.754763 0.301596 0.060000
v -0.733309 0.301733 -0.060000
v -0.733313 0.301734 0.060000
v -0.720406 0.296659 -0.060000
v -0.719514 0.296318 0.060000
v -0.715599 0.295605 -0.060000
v -0.714997 0.295698 0.060000
v -0.700435 0.297140 0.060000
v -0.701525 0.297118 -0.060000
v -0.693955 0.295579 -0.060000
v -0.690912 0.294932 0.060000
v -0.689503 0.295044 -0.060000
v -0.684600 0.295491 0.060000
v -0.683866 0.295398 -0.060000
v -0.669384 0.295015 -0.060000
v -0.668522 0.295032 0.060000
v -0.660073 0.294573 -0.060000
v -0.660052 0.294548 0.060000
v -0.656650 0.295107 -0.060000
v -0.656585 0.295115 0.060000
v -0.651100 0.295313 -0.060000
v -0.651346 0.295348 0.060000
v -0.646032 0.292870 -0.060000
v -0.645886 0.292781 0.060000
v -0.644931 0.290206 -0.060000
v -0.644924 0.289784 0.060000
v -0.644682 0.285597 -0.060000
v -0.644709 0.285899 0.060000
v -0.597498 0.181155 -0.060000
v -0.597510 0.181197 0.060000
v -0.598830 0.172029 -0.060000
v -0.598981 0.170402 0.060000
v -0.600038 0.152172 -0.060000
v -0.600000 0.151913 0.060000
v -0.601704 0.142685 0.060000
v -0.601664 0.142742 -0.060000
v -0.605267 0.130002 -0.060000
v -0.605606 0.128544 0.060000
v -0.606646 0.115122 -0.060000
v -0.606598 0.114929 0.060000
v -0.610654 0.109542 -0.060000
v -0.613138 0.106973 0.060000
v -0.617760 0.103168 -0.060000
v -0.617732 0.103251 0.060000
v -0.620657 0.102994 0.060000
v -0.621731 0.103127 -0.060000
v -0.624376 0.103998 0.060000
v -0.624327 0.104044 -0.060000
v -0.628944 0.104008 0.060000
v -0.628974 0.104003 -0.060000
v -0.635873 0.101523 0.060000
v -0.635920 0.101592 -0.060000
v -0.645733 0.102240 -0.060000
v -0.645981 0.102307 0.060000
v -0.654081 0.102446 -0.060000
v -0.653472 0.102640 0.060000
v -0.662801 0.099122 -0.060000
v -0.662684 0.099156 0.060000
v -0.670191 0.099357 -0.060000
v -0.669691 0.099331 0.060000
v -0.672996 0.096986 0.060000
v -0.673338 0.096061 -0.060000
v -0.673601 0.091960 -0.060000
v -0.673655 0.092205 0.060000
v -0.673492 0.087435 -0.060000
v -0.673449 0.087558 0.060000
v -0.676303 0.083178 -0.060000
v -0.676334 0.083128 0.060000
v -0.677951 0.070005 -0.060000
v -0.677848 0.070225 0.060000
v -0.679077 0.065990 -0.060000
v -0.679124 0.065789 0.060000
v -0.679434 0.058602 -0.060000
v -0.679408 0.058685 0.060000
v -0.682210 0.053753 -0.060000
v -0.682169 0.053790 0.060000
v -0.689014 0.047007 -0.060000
v -0.689097 0.046750 0.060000
v -0.689592 0.040479 -0.060000
v -0.689576 0.040656 0.060000
v -0.698968 0.026757 -0.060000
v -0.698737 0.026920 0.060000
v -0.702626 0.025012 0.060000
v -0.702087 0.025304 -0.060000
v -0.704336 0.023026 -0.060000
v -0.704698 0.021799 0.060000
v -0.704463 0.020683 -0.060000
v -0.704169 0.017112 -0.060000
v -0.704165 0.017055 0.060000
v -0.708132 0.011071 -0.060000
v -0.707683 0.011739 0.060000
v -0.713436 0.004487 0.060000
v -0.713657 0.004263 -0.060000
v -0.717792 0.000219 -0.060000
v -0.717736 0.000256 0.060000
v -0.724595 -0.005624 -0.060000
v -0.724457 -0.005381 0.060000
v -0.728528 -0.011342 0.060000
v -0.730055 -0.012731 -0.060000
v -0.740514 -0.021044 -0.060000
v -0.740334 -0.020919 0.060000
v -0.759499 -0.034750 0.060000
v -0.759338 -0.034698 -0.060000
v -0.761633 -0.035629 -0.060000
v -0.761866 -0.035763 0.060000
v -0.765348 -0.036120 -0.060000
v -0.767120 -0.035897 0.060000
v -0.770209 -0.034462 -0.060000
v -0.778208 -0.028259 0.060000
v -0.784912 -0.022143 -0.060000
v -0.793309 -0.013266 0.060000
v -0.793769 -0.012494 -0.060000
v -0.800908 0.009216 -0.060000
v -0.800907 0.009208 0.060000
v -0.801789 0.013470 -0.060000
v -0.801840 0.013788 0.060000
v -0.800633 0.018984 -0.060000
v -0.800464 0.019202 0.060000
v -0.796823 0.023453 -0.060000
v -0.796941 0.023383 0.060000
v -0.789428 0.028198 -0.060000
v -0.789489 0.028136 0.060000
v -0.776070 0.040467 -0.060000
v -0.776670 0.039888 0.060000
v -0.768025 0.052720 0.060000
v -0.764919 0.058602 -0.060000
v -0.760424 0.069565 0.060000
v -0.760367 0.069665 -0.060000
v -0.754149 0.077677 -0.060000
v -0.754244 0.077554 0.060000
v -0.750933 0.085842 -0.060000
v -0.750956 0.085598 0.060000
v -0.752591 0.089783 -0.060000
v -0.751788 0.088734 0.060000
v -0.755549 0.091446 0.060000
v -0.761382 0.093175 -0.060000
v -0.766968 0.094212 0.060000
v -0.770688 0.094326 -0.060000
v -0.772143 0.093877 0.060000
v -0.776986 0.091994 -0.060000
v -0.777090 0.091953 0.060000
v -0.784995 0.092981 -0.060000
v -0.785144 0.092924 0.060000
v -0.789939 0.090850 -0.060000
v -0.789881 0.090877 0.060000
v -0.792654 0.089077 -0.060000
v -0.792615 0.089133 0.060000
v -0.798411 0.089486 -0.060000
v -0.798377 0.089485 0.060000
v -0.801316 0.090606 -0.060000
v -0.801440 0.090655 0.060000
v -0.814581 0.091929 -0.060000
v -0.815924 0.091951 0.060000
v -0.822991 0.091386 -0.060000
v -0.822971 0.091376 0.060000
v -0.832789 0.091231 -0.060000
v -0.832599 0.091252 0.060000
v -0.848183 0.089087 -0.060000
v -0.847603 0.089158 0.060000
v -0.853929 0.089367 -0.060000
v -0.853428 0.089208 0.060000
v -0.856096 0.091335 0.060000
v -0.856142 0.091558 -0.060000
v -0.857763 0.097257 -0.060000
v -0.858110 0.099521 0.060000
v -0.858229 0.106144 -0.060000
v -0.858076 0.109009 0.060000
v -0.856611 0.127747 -0.060000
v -0.856622 0.127612 0.060000
v -0.856967 0.135019 -0.060000
v -0.856947 0.134885 0.060000
v -0.858307 0.140124 -0.060000
v -0.858327 0.140116 0.060000
v -0.856641 0.152967 -0.060000
v -0.856541 0.153658 0.060000
v -0.854672 0.157719 -0.060000
v -0.852399 0.160956 0.060000
v -0.851930 0.161230 -0.060000
v -0.842390 0.163699 0.060000
v -0.841662 0.163845 -0.060000
v -0.836087 0.165725 -0.060000
v -0.836065 0.165729 0.060000
v -0.827014 0.167238 -0.060000
v -0.827260 0.167207 0.060000
v -0.818088 0.171198 -0.060000
v -0.816583 0.171590 0.060000
v -0.795376 0.176853 -0.060000
v -0.795364 0.176853 0.060000
v -0.789936 0.175744 -0.060000
v -0.790159 0.175777 0.060000
v -0.785043 0.174262 -0.060000
v -0.785041 0.174264 0.060000
v -0.777908 0.174178 -0.060000
v -0.778005 0.174181 0.060000
v -0.775489 0.173051 0.060000
v -0.775145 0.172786 -0.060000
v -0.770898 0.169668 -0.060000
v -0.770917 0.169679 0.060000
v -0.755831 0.169990 -0.060000
v -0.755755 0.169999 0.060000
v -0.743004 0.171040 -0.060000
v -0.743485 0.171018 0.060000
v -0.736687 0.169727 -0.060000
v -0.736921 0.169769 0.060000
v -0.731085 0.169537 -0.060000
v -0.731321 0.169512 0.060000
v -0.718928 0.171967 -0.060000
v -0.718836 0.171983 0.060000
v -0.710256 0.175145 -0.060000
v -0.710072 0.175190 0.060000
v -0.683352 0.181099 -0.060000
v -0.683325 0.181098 0.060000
v -0.659370 0.181133 -0.060000
v -0.659354 0.181118 0.060000
v -0.648934 0.183342 0.060000
v -0.648593 0.183457 -0.060000
v -0.638082 0.187365 -0.060000
v -0.638434 0.187292 0.060000
v -0.622463 0.187876 -0.060000
v -0.622201 0.187881 0.060000
v -0.618568 0.186967 -0.060000
v -0.616952 0.186855 0.060000
v -0.613488 0.186898 -0.060000
v -0.610238 0.187511 -0.060000
v -0.608769 0.187633 0.060000
v -0.606543 0.186953 -0.060000
v -0.599192 0.183651 0.060000
v -0.599114 0.183580 -0.060000
v -0.274504 0.159983 -0.060000
v -0.274503 0.160151 0.060000
v -0.273293 0.151721 -0.060000
v -0.273342 0.151938 0.060000
v -0.274255 0.144961 0.060000
v -0.274511 0.144074 -0.060000
v -0.276470 0.137805 -0.060000
v -0.276469 0.137776 0.060000
v -0.277995 0.128935 -0.060000
v -0.277966 0.129323 0.060000
v -0.277704 0.118363 -0.060000
v -0.277711 0.118319 0.060000
v -0.276261 0.110222 -0.060000
v -0.276019 0.108051 0.060000
v -0.276311 0.101296 -0.060000
v -0.276419 0.101258 0.060000
v -0.287146 0.097105 -0.060000
v -0.286947 0.097147 0.060000
v -0.306048 0.094734 -0.060000
v -0.306028 0.094730 0.060000
v -0.318772 0.097399 0.060000
v -0.321285 0.097537 -0.060000
v -0.325899 0.098181 0.060000
v -0.329249 0.098592 -0.060000
v -0.334975 0.098619 0.060000
v -0.335517 0.098427 -0.060000
v -0.342669 0.095620 -0.060000
v -0.342781 0.095621 0.060000
v -0.357561 0.096283 -0.060000
v -0.357266 0.096241 0.060000
v -0.362668 0.097460 -0.060000
v -0.362681 0.097474 0.060000
v -0.372537 0.098179 0.060000
v -0.374484 0.098287 -0.060000
v -0.384454 0.098139 0.060000
v -0.386663 0.097932 -0.060000
v -0.401672 0.096049 -0.060000
v -0.401816 0.096033 0.060000
v -0.411041 0.096369 -0.060000
v -0.412060 0.096242 0.060000
v -0.417788 0.096037 -0.060000
v -0.427605 0.096487 0.060000
v -0.429393 0.096705 -0.060000
v -0.443086 0.098605 -0.060000
v -0.443076 0.098605 0.060000
v -0.450038 0.097150 -0.060000
v -0.450315 0.097104 0.060000
v -0.457773 0.098589 -0.060000
v -0.459075 0.098682 0.060000
v -0.467224 0.098442 -0.060000
v -0.467693 0.098362 0.060000
v -0.475028 0.096714 -0.060000
v -0.476924 0.096516 0.060000
v -0.479724 0.096990 -0.060000
v -0.486090 0.098805 0.060000
v -0.487370 0.099079 -0.060000
v -0.505709 0.102855 0.060000
v -0.505772 0.102899 -0.060000
v -0.506744 0.120517 0.060000
v -0.506739 0.122721 -0.060000
v -0.506426 0.138282 -0.060000
v -0.506351 0.138865 0.060000
v -0.501962 0.151826 -0.060000
v -0.501814 0.152353 0.060000
v -0.499111 0.168123 -0.060000
v -0.499126 0.168034 0.060000
v -0.496811 0.174738 -0.060000
v -0.496923 0.174537 0.060000
v -0.492580 0.176383 0.060000
v -0.492037 0.176324 -0.060000
v -0.477794 0.175033 -0.060000
v -0.477666 0.175028 0.060000
v -0.471319 0.176914 -0.060000
v -0.470300 0.177102 0.060000
v -0.467031 0.176647 -0.060000
v -0.465212 0.176266 0.060000
v -0.462090 0.176063 -0.060000
v -0.458399 0.176302 0.060000
v -0.457853 0.176487 -0.060000
v -0.455335 0.177958 0.060000
v -0.452978 0.179736 -0.060000
v -0.452267 0.180129 0.060000
v -0.450596 0.180010 -0.060000
v -0.447501 0.178721 0.060000
v -0.439417 0.174076 -0.060000
v -0.439564 0.174139 0.060000
v -0.435271 0.173258 -0.060000
v -0.435339 0.173241 0.060000
v -0.416627 0.175753 -0.060000
v -0.416973 0.175730 0.060000
v -0.406971 0.174850 -0.060000
v -0.406737 0.174819 0.060000
v -0.387392 0.176740 0.060000
v -0.387085 0.176693 -0.060000
v -0.379122 0.175523 -0.060000
v -0.379187 0.175543 0.060000
v -0.370782 0.175816 0.060000
v -0.367117 0.176195 -0.060000
v -0.361223 0.177333 0.060000
v -0.360157 0.177775 -0.060000
v -0.357613 0.179235 -0.060000
v -0.357523 0.179271 0.060000
v -0.347559 0.176357 -0.060000
v -0.347746 0.176403 0.060000
v -0.338141 0.174441 -0.060000
v -0.338074 0.174430 0.060000
v -0.333362 0.176008 -0.060000
v -0.333340 0.176005 0.060000
v -0.311803 0.176327 -0.060000
v -0.312025 0.176303 0.060000
v -0.300061 0.178836 -0.060000
v -0.298995 0.179015 0.060000
v -0.295181 0.178395 -0.060000
v -0.289226 0.177121 -0.060000
v -0.289411 0.177133 0.060000
v -0.283295 0.178302 -0.060000
v -0.283238 0.178299 0.060000
v -0.280154 0.176017 -0.060000
v -0.279473 0.175662 0.060000
v -0.275140 0.173745 -0.060000
v -0.275155 0.173753 0.060000
v -0.274065 0.165700 -0.060000
v -0.274070 0.165969 0.060000
v -0.056813 0.285907 -0.060000
v -0.055643 0.277324 0.060000
v -0.055550 0.274176 -0.060000
v -0.055978 0.264951 0.060000
v -0.056129 0.263836 -0.060000
v -0.058246 0.253531 -0.060000
v -0.058211 0.253467 0.060000
v -0.060111 0.250188 0.060000
v -0.060201 0.249698 -0.060000
v -0.060937 0.243285 -0.060000
v -0.060808 0.243816 0.060000
v -0.063554 0.237266 -0.060000
v -0.063305 0.237676 0.060000
v -0.067975 0.231996 -0.060000
v -0.067543 0.232391 0.060000
v -0.073091 0.228024 -0.060000
v -0.072756 0.228328 0.060000
v -0.082529 0.219584 -0.060000
v -0.082475 0.219619 0.060000
v -0.085991 0.218991 -0.060000
v -0.086155 0.218956 0.060000
v -0.107658 0.225961 0.060000
v -0.107074 0.225702 -0.060000
v -0.118077 0.230854 -0.060000
v -0.118077 0.230864 0.060000
v -0.119287 0.231634 -0.060000
v -0.119286 0.231636 0.060000
v -0.121871 0.237014 -0.060000
v -0.121939 0.237140 0.060000
v -0.128629 0.242124 -0.060000
v -0.129246 0.242454 0.060000
v -0.141344 0.247256 -0.060000
v -0.141815 0.247397 0.060000
v -0.148802 0.249469 -0.060000
v -0.148225 0.249257 0.060000
v -0.156546 0.253098 0.060000
v -0.156579 0.253257 -0.060000
v -0.157962 0.255137 0.060000
v -0.159394 0.256003 -0.060000
v -0.159557 0.256066 0.060000
v -0.160673 0.259024 -0.060000
v -0.160863 0.262337 0.060000
v -0.160727 0.262655 -0.060000
v -0.156020 0.273076 -0.060000
v -0.155052 0.276131 0.060000
v -0.148946 0.299160 -0.060000
v -0.148890 0.299405 0.060000
v -0.142046 0.319660 0.060000
v -0.142186 0.319640 -0.060000
v -0.139559 0.321119 0.060000
v -0.139417 0.321123 -0.060000
v -0.131552 0.319949 -0.060000
v -0.131852 0.320020 0.060000
v -0.123857 0.317407 -0.060000
v -0.124134 0.317528 0.060000
v -0.116861 0.313324 -0.060000
v -0.116876 0.313352 0.060000
v -0.109380 0.311790 -0.060000
v -0.108947 0.311500 0.060000
v -0.093341 0.304222 0.060000
v -0.090749 0.302921 -0.060000
v -0.085450 0.301195 0.060000
v -0.077227 0.299006 -0.060000
v -0.077434 0.299085 0.060000
v -0.071069 0.294428 -0.060000
v -0.071161 0.294457 0.060000
v -0.057837 0.290511 -0.060000
v -0.057713 0.290457 0.060000
v -0.056856 0.289003 -0.060000
v -0.056864 0.288501 0.060000
v 0.060935 0.281622 -0.060000
v 0.060975 0.281617 0.060000
v 0.058994 0.275354 0.060000
v 0.058954 0.274057 -0.060000
v 0.059045 0.267315 -0.060000
v 0.058779 0.259405 0.060000
v 0.058780 0.259706 -0.060000
v 0.058344 0.252714 -0.060000
v 0.058317 0.252694 0.060000
v 0.055965 0.248940 -0.060000
v 0.056092 0.249060 0.060000
v 0.052350 0.246659 -0.060000
v 0.052437 0.246735 0.060000
v 0.050550 0.242815 -0.060000
v 0.050527 0.242808 0.060000
v 0.035611 0.238150 -0.060000
v 0.035665 0.238182 0.060000
v 0.028934 0.238511 0.060000
v 0.028579 0.238594 -0.060000
v 0.017638 0.240896 -0.060000
v 0.017636 0.240896 0.060000
v 0.012972 0.238626 -0.060000
v 0.012759 0.238545 0.060000
v 0.008764 0.239096 -0.060000
v 0.008494 0.239240 0.060000
v -0.001077 0.245361 -0.060000
v -0.001079 0.245317 0.060000
v -0.001752 0.255513 -0.060000
v -0.001672 0.255673 0.060000
v -0.001363 0.258010 -0.060000
v -0.001370 0.263659 0.060000
v -0.001446 0.263875 -0.060000
v -0.002099 0.275018 0.060000
v -0.001985 0.275960 -0.060000
v -0.000985 0.284736 -0.060000
v -0.000946 0.284716 0.060000
v 0.000045 0.287027 -0.060000
v 0.000044 0.287493 0.060000
v -0.000182 0.293108 -0.060000
v -0.000203 0.292892 0.060000
v 0.001905 0.296071 0.060000
v 0.002394 0.296483 -0.060000
v 0.004941 0.298109 -0.060000
v 0.004994 0.298157 0.060000
v 0.009522 0.301093 -0.060000
v 0.010303 0.301654 0.060000
v 0.014610 0.306737 -0.060000
v 0.014655 0.306931 0.060000
v 0.018836 0.307405 -0.060000
v 0.019845 0.307212 0.060000
v 0.026986 0.305418 -0.060000
v 0.026826 0.305448 0.060000
v 0.034540 0.304416 -0.060000
v 0.034526 0.304416 0.060000
v 0.039117 0.306552 -0.060000
v 0.038316 0.306115 0.060000
v 0.043809 0.309825 0.060000
v 0.043752 0.309826 -0.060000
v 0.050626 0.309812 -0.060000
v 0.051279 0.309790 0.060000
v 0.055302 0.308976 -0.060000
v 0.056457 0.308768 0.060000
v 0.057193 0.308006 -0.060000
v 0.057240 0.307356 0.060000
v 0.056888 0.302960 -0.060000
v 0.056946 0.302681 0.060000
v 0.060782 0.289228 -0.060000
v 0.060505 0.290174 0.060000
v 0.060709 0.284470 0.060000
v 0.140491 0.297899 -0.060000
v 0.140491 0.297253 0.060000
v 0.139447 0.284786 0.060000
v 0.139148 0.279179 -0.060000
v 0.138767 0.264979 0.060000
v 0.138818 0.265391 -0.060000
v 0.135531 0.253191 -0.060000
v 0.135778 0.253766 0.060000
v 0.132627 0.249366 0.060000
v 0.130788 0.247527 -0.060000
v 0.126587 0.244352 0.060000
v 0.126276 0.244307 -0.060000
v 0.118711 0.245586 -0.060000
v 0.117379 0.245443 0.060000
v 0.102801 0.243398 0.060000
v 0.103150 0.243552 -0.060000
v 0.096474 0.242088 -0.060000
v 0.094786 0.242296 0.060000
v 0.086919 0.243565 -0.060000
v 0.087039 0.243559 0.060000
v 0.076030 0.244426 -0.060000
v 0.076078 0.244419 0.060000
v 0.071807 0.246874 -0.060000
v 0.071842 0.246829 0.060000
v 0.071606 0.251521 -0.060000
v 0.071605 0.251548 0.060000
v 0.072610 0.254615 -0.060000
v 0.072596 0.254737 0.060000
v 0.071586 0.259820 -0.060000
v 0.071602 0.259839 0.060000
v 0.074802 0.265077 -0.060000
v 0.074726 0.264927 0.060000
v 0.075834 0.268815 -0.060000
v 0.075819 0.268647 0.060000
v 0.075903 0.273475 -0.060000
v 0.075860 0.273059 0.060000
v 0.076128 0.281442 -0.060000
v 0.076068 0.280517 0.060000
v 0.077660 0.288478 0.060000
v 0.078052 0.289612 -0.060000
v 0.082593 0.301577 -0.060000
v 0.082590 0.301589 0.060000
v 0.087982 0.304153 -0.060000
v 0.087416 0.303786 0.060000
v 0.092807 0.308318 0.060000
v 0.092993 0.308514 -0.060000
v 0.095324 0.308927 0.060000
v 0.098123 0.308598 -0.060000
v 0.099135 0.308368 0.060000
v 0.104609 0.307322 0.060000
v 0.104507 0.307292 -0.060000
v 0.115439 0.308044 -0.060000
v 0.115277 0.308057 0.060000
v 0.138746 0.305631 -0.060000
v 0.138747 0.305618 0.060000
v 0.139817 0.302962 -0.060000
v 0.139926 0.302621 0.060000
v -0.098349 0.197248 -0.060000
v -0.098378 0.197281 0.060000
v -0.097034 0.194135 -0.060000
v -0.097034 0.194178 0.060000
v -0.096471 0.188812 -0.060000
v -0.096301 0.185866 0.060000
v -0.096842 0.181874 -0.060000
v -0.099382 0.170902 0.060000
v -0.099534 0.170447 -0.060000
v -0.101123 0.160031 -0.060000
v -0.101175 0.159727 0.060000
v -0.097870 0.148006 0.060000
v -0.097613 0.145729 -0.060000
v -0.097987 0.141679 0.060000
v -0.099184 0.136264 -0.060000
v -0.100463 0.132501 0.060000
v -0.101866 0.129850 -0.060000
v -0.104436 0.126693 0.060000
v -0.104751 0.126614 -0.060000
v -0.116369 0.126028 -0.060000
v -0.116646 0.126040 0.060000
v -0.125573 0.127412 -0.060000
v -0.126825 0.127380 0.060000
v -0.138263 0.127072 -0.060000
v -0.146524 0.127566 0.060000
v -0.152238 0.128527 -0.060000
v -0.166593 0.131288 -0.060000
v -0.166586 0.131286 0.060000
v -0.170418 0.134990 -0.060000
v -0.170445 0.135033 0.060000
v -0.175774 0.136938 -0.060000
v -0.175792 0.136957 0.060000
v -0.180486 0.139767 -0.060000
v -0.180506 0.139769 0.060000
v -0.183846 0.146930 -0.060000
v -0.183905 0.147053 0.060000
v -0.186298 0.166849 0.060000
v -0.186286 0.166749 -0.060000
v -0.184765 0.169156 0.060000
v -0.184634 0.169666 -0.060000
v -0.182916 0.179506 -0.060000
v -0.182218 0.182204 0.060000
v -0.179226 0.191319 -0.060000
v -0.177807 0.194269 0.060000
v -0.175496 0.199509 -0.060000
v -0.173961 0.204382 0.060000
v -0.173655 0.205863 -0.060000
v -0.172500 0.212171 -0.060000
v -0.172564 0.211934 0.060000
v -0.169945 0.216039 -0.060000
v -0.170021 0.216015 0.060000
v -0.163486 0.217268 -0.060000
v -0.163582 0.217266 0.060000
v -0.156642 0.217746 -0.060000
v -0.156786 0.217735 0.060000
v -0.147487 0.214877 0.060000
v -0.146599 0.214512 -0.060000
v -0.137182 0.210375 0.060000
v -0.136196 0.209995 -0.060000
v -0.126419 0.206582 -0.060000
v -0.126443 0.206589 0.060000
v -0.119052 0.203221 -0.060000
v -0.119092 0.203226 0.060000
v -0.115760 0.202117 -0.060000
v -0.115820 0.202156 0.060000
v -0.112775 0.199392 -0.060000
v -0.112954 0.199521 0.060000
v -0.108387 0.197502 -0.060000
v -0.108638 0.197549 0.060000
v 0.109272 0.136725 -0.060000
v 0.109271 0.136726 0.060000
v 0.108804 0.133567 -0.060000
v 0.108722 0.133031 0.060000
v 0.106059 0.129401 -0.060000
v 0.102549 0.125271 -0.060000
v 0.102497 0.125233 0.060000
v 0.099022 0.119105 0.060000
v 0.095073 0.113689 -0.060000
v 0.094109 0.112796 0.060000
v 0.082051 0.101960 0.060000
v 0.067465 0.089524 -0.060000
v 0.066288 0.088556 0.060000
v 0.061079 0.082559 -0.060000
v 0.061128 0.082567 0.060000
v 0.050098 0.076755 -0.060000
v 0.049606 0.076468 0.060000
v 0.040764 0.069325 -0.060000
v 0.039238 0.067868 0.060000
v 0.029043 0.057813 -0.060000
v 0.025685 0.055034 0.060000
v 0.014356 0.046305 -0.060000
v 0.011403 0.043900 0.060000
v 0.000376 0.033452 -0.060000
v 0.000496 0.033566 0.060000
v -0.012791 0.021959 -0.060000
v -0.012952 0.021859 0.060000
v -0.018674 0.018428 -0.060000
v -0.018667 0.018432 0.060000
v -0.023883 0.015302 -0.060000
v -0.023715 0.015377 0.060000
v -0.034178 0.011627 -0.060000
v -0.034166 0.011629 0.060000
v -0.038975 0.010048 -0.060000
v -0.038865 0.010119 0.060000
v -0.043631 0.006523 -0.060000
v -0.043457 0.006601 0.060000
v -0.050202 0.005070 -0.060000
v -0.050088 0.005126 0.060000
v -0.056866 -0.000349 -0.060000
v -0.057176 -0.000595 0.060000
v -0.067533 -0.005491 -0.060000
v -0.068535 -0.006046 0.060000
v -0.071633 -0.008677 -0.060000
v -0.072704 -0.009783 0.060000
v -0.075489 -0.011606 -0.060000
v -0.077208 -0.012305 0.060000
v -0.082920 -0.014071 -0.060000
v -0.083359 -0.014202 0.060000
v -0.093252 -0.018514 -0.060000
v -0.094184 -0.018993 0.060000
v -0.111672 -0.028197 -0.060000
v -0.111626 -0.028170 0.060000
v -0.114099 -0.031562 0.060000
v -0.114154 -0.031585 -0.060000
v -0.121294 -0.032686 -0.060000
v -0.121216 -0.032685 0.060000
v -0.125383 -0.031309 -0.060000
v -0.125243 -0.031284 0.060000
v -0.126154 -0.029509 -0.060000
v -0.127064 -0.028390 0.060000
v -0.127033 -0.028400 -0.060000
v -0.135849 -0.004647 0.060000
v -0.135836 -0.004673 -0.060000
v -0.138486 -0.003262 0.060000
v -0.138753 -0.003077 -0.060000
v -0.143027 0.000347 0.060000
v -0.143068 0.000418 -0.060000
v -0.145171 0.002832 0.060000
v -0.145169 0.002843 -0.060000
v -0.151476 0.013503 -0.060000
v -0.151241 0.013108 0.060000
v -0.155290 0.021388 0.060000
v -0.154961 0.020732 -0.060000
v -0.157785 0.024700 -0.060000
v -0.157804 0.024663 0.060000
v -0.155279 0.029548 -0.060000
v -0.155284 0.029542 0.060000
v -0.147797 0.034046 -0.060000
v -0.147789 0.034053 0.060000
v -0.146572 0.036910 -0.060000
v -0.146431 0.037235 0.060000
v -0.142691 0.043137 0.060000
v -0.142766 0.043074 -0.060000
v -0.140774 0.043381 0.060000
v -0.139274 0.044223 -0.060000
v -0.139271 0.044309 0.060000
v -0.133871 0.044395 0.060000
v -0.133885 0.044400 -0.060000
v -0.113027 0.054649 -0.060000
v -0.112826 0.054739 0.060000
v -0.108716 0.057970 -0.060000
v -0.108382 0.058331 0.060000
v -0.101467 0.066903 -0.060000
v -0.103108 0.065000 0.060000
v -0.096018 0.071017 0.060000
v -0.093901 0.071914 -0.060000
v -0.086339 0.074403 -0.060000
v -0.086828 0.074208 0.060000
v -0.077616 0.079204 -0.060000
v -0.078066 0.078868 0.060000
v -0.071896 0.084840 -0.060000
v -0.071690 0.085019 0.060000
v -0.066942 0.086610 -0.060000
v -0.066251 0.086967 0.060000
v -0.058120 0.094461 -0.060000
v -0.058038 0.094503 0.060000
v -0.051400 0.097968 -0.060000
v -0.049666 0.099495 0.060000
v -0.046273 0.102564 -0.060000
v -0.040420 0.106691 -0.060000
v -0.040465 0.106666 0.060000
v -0.035565 0.111818 -0.060000
v -0.035707 0.111649 0.060000
v -0.030317 0.116001 -0.060000
v -0.030329 0.116000 0.060000
v -0.023719 0.118432 0.060000
v -0.021803 0.119434 -0.060000
v -0.020457 0.120727 0.060000
v -0.016828 0.124747 -0.060000
v -0.016818 0.124763 0.060000
v -0.013261 0.127532 -0.060000
v -0.013344 0.127445 0.060000
v -0.009369 0.131922 -0.060000
v -0.009525 0.131787 0.060000
v -0.003734 0.135794 -0.060000
v -0.003793 0.135731 0.060000
v 0.001173 0.141986 -0.060000
v 0.001191 0.142010 0.060000
v 0.012514 0.158369 -0.060000
v 0.014254 0.160607 0.060000
v 0.023575 0.171416 -0.060000
v 0.032050 0.180384 0.060000
v 0.032197 0.180511 -0.060000
v 0.039928 0.188086 -0.060000
v 0.040026 0.188178 0.060000
v 0.050473 0.194524 -0.060000
v 0.050047 0.194301 0.060000
v 0.054516 0.194906 0.060000
v 0.055370 0.194736 -0.060000
v 0.058203 0.193604 -0.060000
v 0.058178 0.193633 0.060000
v 0.066209 0.184802 -0.060000
v 0.066078 0.184949 0.060000
v 0.075597 0.173062 0.060000
v 0.076543 0.171936 -0.060000
v 0.087071 0.159527 -0.060000
v 0.086016 0.160713 0.060000
v 0.093537 0.153572 0.060000
v 0.092677 0.154248 -0.060000
v 0.097137 0.150672 -0.060000
v 0.100591 0.146965 0.060000
v 0.101151 0.146486 -0.060000
v 0.107085 0.141841 -0.060000
v 0.107082 0.141853 0.060000
v 0.469167 0.208269 -0.060000
v 0.468795 0.208442 0.060000
v 0.471549 0.204312 0.060000
v 0.472584 0.201056 -0.060000
v 0.472537 0.200430 0.060000
v 0.471355 0.188653 -0.060000
v 0.471356 0.188716 0.060000
v 0.471777 0.180465 -0.060000
v 0.471769 0.180655 0.060000
v 0.470500 0.172365 0.060000
v 0.470229 0.169097 -0.060000
v 0.470205 0.167992 0.060000
v 0.468328 0.155789 -0.060000
v 0.468310 0.155677 0.060000
v 0.466182 0.146234 -0.060000
v 0.466129 0.145862 0.060000
v 0.465596 0.138508 -0.060000
v 0.465581 0.138454 0.060000
v 0.463842 0.130812 -0.060000
v 0.463813 0.130686 0.060000
v 0.464909 0.126862 -0.060000
v 0.464856 0.127095 0.060000
v 0.463689 0.123613 0.060000
v 0.463311 0.123289 -0.060000
v 0.459887 0.120993 0.060000
v 0.458535 0.119456 -0.060000
v 0.458334 0.118792 0.060000
v 0.456366 0.109814 -0.060000
v 0.456256 0.109389 0.060000
v 0.452240 0.093776 -0.060000
v 0.452409 0.094469 0.060000
v 0.447904 0.081280 0.060000
v 0.447286 0.080128 -0.060000
v 0.442019 0.071857 -0.060000
v 0.442026 0.071895 0.060000
v 0.436807 0.058413 -0.060000
v 0.436802 0.058458 0.060000
v 0.432208 0.047643 -0.060000
v 0.432408 0.048112 0.060000
v 0.425172 0.036129 -0.060000
v 0.420144 0.027258 0.060000
v 0.420047 0.027125 -0.060000
v 0.408266 0.012691 -0.060000
v 0.408228 0.012661 0.060000
v 0.403577 0.009167 -0.060000
v 0.403668 0.009252 0.060000
v 0.401449 0.005796 -0.060000
v 0.400791 0.004828 0.060000
v 0.396260 0.000956 -0.060000
v 0.389861 -0.004997 0.060000
v 0.389876 -0.005011 -0.060000
v 0.380759 -0.011928 -0.060000
v 0.380808 -0.011873 0.060000
v 0.377376 -0.018470 -0.060000
v 0.377719 -0.017970 0.060000
v 0.373912 -0.020685 0.060000
v 0.372416 -0.021140 -0.060000
v 0.372277 -0.021371 0.060000
v 0.371112 -0.024141 0.060000
v 0.370978 -0.024215 -0.060000
v 0.362734 -0.026243 -0.060000
v 0.362739 -0.026211 0.060000
v 0.361220 -0.029462 -0.060000
v 0.361328 -0.029290 0.060000
v 0.359004 -0.033592 -0.060000
v 0.359031 -0.033536 0.060000
v 0.352934 -0.037210 -0.060000
v 0.351958 -0.037633 0.060000
v 0.344504 -0.038657 -0.060000
v 0.344500 -0.038654 0.060000
v 0.336789 -0.042292 -0.060000
v 0.336763 -0.042281 0.060000
v 0.333442 -0.041086 -0.060000
v 0.333525 -0.041105 0.060000
v 0.327276 -0.040087 -0.060000
v 0.327445 -0.040110 0.060000
v 0.324325 -0.034487 -0.060000
v 0.317320 -0.024456 0.060000
v 0.317051 -0.024153 -0.060000
v 0.315977 -0.020608 0.060000
v 0.315945 -0.020346 -0.060000
v 0.311596 -0.014770 0.060000
v 0.307574 -0.010434 -0.060000
v 0.306032 -0.009123 0.060000
v 0.301772 -0.006094 -0.060000
v 0.301770 -0.006078 0.060000
v 0.302223 0.002738 -0.060000
v 0.302225 0.002685 0.060000
v 0.300279 0.009573 0.060000
v 0.300193 0.009873 -0.060000
v 0.303742 0.015621 0.060000
v 0.310300 0.023678 -0.060000
v 0.309948 0.023039 0.060000
v 0.316094 0.028204 0.060000
v 0.319333 0.031179 -0.060000
v 0.320878 0.033352 0.060000
v 0.324944 0.039803 -0.060000
v 0.326510 0.041801 0.060000
v 0.337375 0.052551 -0.060000
v 0.336419 0.051564 0.060000
v 0.345559 0.060139 0.060000
v 0.345831 0.060465 -0.060000
v 0.351929 0.070956 -0.060000
v 0.351941 0.070939 0.060000
v 0.352878 0.077846 -0.060000
v 0.352775 0.077287 0.060000
v 0.354868 0.082639 0.060000
v 0.355665 0.083907 -0.060000
v 0.359080 0.087811 0.060000
v 0.359230 0.087853 -0.060000
v 0.363526 0.099566 -0.060000
v 0.364015 0.100582 0.060000
v 0.364914 0.104042 -0.060000
v 0.364894 0.103996 0.060000
v 0.366481 0.105589 -0.060000
v 0.366746 0.105788 0.060000
v 0.370383 0.112824 -0.060000
v 0.371903 0.116845 0.060000
v 0.374189 0.126159 -0.060000
v 0.374336 0.127984 0.060000
v 0.374791 0.138537 -0.060000
v 0.374789 0.138528 0.060000
v 0.378121 0.145303 -0.060000
v 0.378724 0.146672 0.060000
v 0.379154 0.149528 -0.060000
v 0.379027 0.153295 0.060000
v 0.378492 0.155288 -0.060000
v 0.377688 0.156384 0.060000
v 0.375940 0.157915 -0.060000
v 0.375862 0.157926 0.060000
v 0.369546 0.158224 -0.060000
v 0.369789 0.158183 0.060000
v 0.363667 0.159545 -0.060000
v 0.363855 0.159536 0.060000
v 0.357286 0.157771 -0.060000
v 0.357180 0.157746 0.060000
v 0.347817 0.162428 0.060000
v 0.346636 0.162803 -0.060000
v 0.335440 0.165220 -0.060000
v 0.335283 0.165266 0.060000
v 0.326757 0.170087 -0.060000
v 0.326629 0.170113 0.060000
v 0.313571 0.172477 -0.060000
v 0.313629 0.172477 0.060000
v 0.310378 0.171053 -0.060000
v 0.310484 0.171176 0.060000
v 0.308236 0.167694 -0.060000
v 0.308107 0.167489 0.060000
v 0.305505 0.160238 0.060000
v 0.304659 0.158929 -0.060000
v 0.289698 0.135403 0.060000
v 0.289802 0.135609 -0.060000
v 0.283416 0.127236 -0.060000
v 0.283381 0.127219 0.060000
v 0.279429 0.125399 -0.060000
v 0.279757 0.125593 0.060000
v 0.274914 0.123296 -0.060000
v 0.274890 0.123282 0.060000
v 0.271161 0.124295 -0.060000
v 0.270844 0.124465 0.060000
v 0.266272 0.128081 -0.060000
v 0.266272 0.128074 0.060000
v 0.261013 0.131387 -0.060000
v 0.261113 0.131384 0.060000
v 0.255738 0.132202 0.060000
v 0.254713 0.132223 -0.060000
v 0.243975 0.135321 0.060000
v 0.243053 0.135746 -0.060000
v 0.237778 0.139002 -0.060000
v 0.237769 0.139002 0.060000
v 0.235253 0.139562 -0.060000
v 0.235260 0.139560 0.060000
v 0.227564 0.139040 -0.060000
v 0.227631 0.139038 0.060000
v 0.218972 0.150656 -0.060000
v 0.218957 0.150655 0.060000
v 0.218983 0.156048 -0.060000
v 0.218980 0.156048 0.060000
v 0.222714 0.161964 -0.060000
v 0.223328 0.162957 0.060000
v 0.226266 0.166836 -0.060000
v 0.226986 0.168238 0.060000
v 0.229676 0.175159 -0.060000
v 0.229702 0.174943 0.060000
v 0.230585 0.182999 0.060000
v 0.231194 0.184926 -0.060000
v 0.234439 0.191440 0.060000
v 0.234682 0.191753 -0.060000
v 0.241502 0.200864 -0.060000
v 0.241240 0.200493 0.060000
v 0.244838 0.205066 -0.060000
v 0.244806 0.205024 0.060000
v 0.245740 0.213343 0.060000
v 0.245719 0.213262 -0.060000
v 0.248494 0.224402 -0.060000
v 0.248441 0.224219 0.060000
v 0.252822 0.231017 0.060000
v 0.253435 0.232653 -0.060000
v 0.256710 0.243884 -0.060000
v 0.256664 0.243726 0.060000
v 0.261055 0.249377 -0.060000
v 0.266039 0.256853 0.060000
v 0.266833 0.258516 -0.060000
v 0.270289 0.267064 -0.060000
v 0.270331 0.267311 0.060000
v 0.271681 0.275103 -0.060000
v 0.271674 0.275054 0.060000
v 0.273695 0.279112 -0.060000
v 0.273693 0.278988 0.060000
v 0.276361 0.287567 0.060000
v 0.276416 0.287738 -0.060000
v 0.278511 0.296848 -0.060000
v 0.278406 0.296461 0.060000
v 0.282495 0.307946 -0.060000
v 0.282355 0.307654 0.060000
v 0.289272 0.318165 -0.060000
v 0.289183 0.318071 0.060000
v 0.296752 0.320553 -0.060000
v 0.294535 0.320627 0.060000
v 0.297192 0.320353 0.060000
v 0.300805 0.318006 -0.060000
v 0.304839 0.316121 0.060000
v 0.305343 0.315962 -0.060000
v 0.310693 0.311800 -0.060000
v 0.310637 0.311849 0.060000
v 0.316854 0.309033 -0.060000
v 0.316750 0.309083 0.060000
v 0.321136 0.306198 -0.060000
v 0.321922 0.305688 0.060000
v 0.325053 0.304679 -0.060000
v 0.327893 0.304454 0.060000
v 0.331865 0.304679 -0.060000
v 0.338514 0.304519 -0.060000
v 0.338179 0.304656 0.060000
v 0.356152 0.297169 -0.060000
v 0.357710 0.296420 0.060000
v 0.359208 0.294734 -0.060000
v 0.360291 0.292119 0.060000
v 0.360261 0.291723 -0.060000
v 0.359506 0.287207 -0.060000
v 0.359446 0.287015 0.060000
v 0.357273 0.282210 -0.060000
v 0.355920 0.278505 0.060000
v 0.356165 0.278654 -0.060000
v 0.352040 0.274930 -0.060000
v 0.351689 0.274613 0.060000
v 0.348620 0.272652 -0.060000
v 0.348611 0.272614 0.060000
v 0.345046 0.264195 -0.060000
v 0.345227 0.264812 0.060000
v 0.344902 0.259942 0.060000
v 0.345013 0.259472 -0.060000
v 0.346133 0.257649 0.060000
v 0.346432 0.257445 -0.060000
v 0.357027 0.250775 0.060000
v 0.360460 0.248847 -0.060000
v 0.370559 0.243610 0.060000
v 0.372625 0.242627 -0.060000
v 0.377667 0.241043 0.060000
v 0.380118 0.240625 -0.060000
v 0.392644 0.239431 -0.060000
v 0.391653 0.239582 0.060000
v 0.416104 0.232674 0.060000
v 0.415970 0.232732 -0.060000
v 0.420007 0.230972 -0.060000
v 0.420019 0.230968 0.060000
v 0.428131 0.229974 -0.060000
v 0.426242 0.230314 0.060000
v 0.435183 0.227743 0.060000
v 0.436594 0.227041 -0.060000
v 0.443288 0.223644 0.060000
v 0.446609 0.222278 -0.060000
v 0.453420 0.220256 0.060000
v 0.453284 0.220416 -0.060000
v 0.461750 0.211957 0.060000
v 0.463378 0.210459 -0.060000
v 0.465510 0.209376 0.060000
v 0.642011 0.218872 -0.060000
v 0.642012 0.218875 0.060000
v 0.640093 0.213727 -0.060000
v 0.640273 0.214134 0.060000
v 0.638933 0.211944 0.060000
v 0.638750 0.210668 -0.060000
v 0.638622 0.209854 0.060000
v 0.638159 0.196923 -0.060000
v 0.638167 0.196827 0.060000
v 0.635334 0.185738 -0.060000
v 0.635341 0.185713 0.060000
v 0.633484 0.172650 -0.060000
v 0.633479 0.172739 0.060000
v 0.634034 0.164222 -0.060000
v 0.634033 0.164282 0.060000
v 0.634765 0.160395 -0.060000
v 0.634842 0.159748 0.060000
v 0.634035 0.155386 -0.060000
v 0.634015 0.155175 0.060000
v 0.633701 0.149899 -0.060000
v 0.633540 0.149455 0.060000
v 0.631220 0.147635 -0.060000
v 0.630576 0.147390 0.060000
v 0.624809 0.145762 -0.060000
v 0.624638 0.145698 0.060000
v 0.615920 0.146509 0.060000
v 0.615095 0.146446 -0.060000
v 0.610630 0.145919 -0.060000
v 0.610416 0.145892 0.060000
v 0.600791 0.142906 -0.060000
v 0.600296 0.142772 0.060000
v 0.587291 0.139029 -0.060000
v 0.586070 0.138688 0.060000
v 0.578438 0.138158 -0.060000
v 0.578458 0.138188 0.060000
v 0.571661 0.135992 -0.060000
v 0.571701 0.136053 0.060000
v 0.569409 0.138234 -0.060000
v 0.569344 0.138189 0.060000
v 0.570850 0.141066 -0.060000
v 0.570951 0.141124 0.060000
v 0.571197 0.142574 -0.060000
v 0.571360 0.142865 0.060000
v 0.571619 0.145771 -0.060000
v 0.571425 0.146259 0.060000
v 0.569155 0.150328 -0.060000
v 0.569157 0.150315 0.060000
v 0.567996 0.167577 -0.060000
v 0.568057 0.166881 0.060000
v 0.565943 0.180492 0.060000
v 0.565926 0.180589 -0.060000
v 0.561908 0.196730 -0.060000
v 0.561844 0.196944 0.060000
v 0.565646 0.223468 0.060000
v 0.565660 0.223442 -0.060000
v 0.564271 0.229375 0.060000
v 0.564041 0.230579 -0.060000
v 0.563540 0.234921 0.060000
v 0.563459 0.235176 -0.060000
v 0.559869 0.241495 -0.060000
v 0.559900 0.241477 0.060000
v 0.559783 0.246084 0.060000
v 0.560255 0.251019 -0.060000
v 0.560327 0.251104 0.060000
v 0.559160 0.256914 -0.060000
v 0.559184 0.256868 0.060000
v 0.562870 0.269108 0.060000
v 0.562759 0.268631 -0.060000
v 0.563749 0.275323 -0.060000
v 0.564015 0.278462 0.060000
v 0.564227 0.284123 -0.060000
v 0.564284 0.284637 0.060000
v 0.565510 0.286618 -0.060000
v 0.566950 0.287994 0.060000
v 0.570590 0.290601 -0.060000
v 0.570897 0.290584 0.060000
v 0.583789 0.291979 -0.060000
v 0.584257 0.292068 0.060000
v 0.588820 0.291394 -0.060000
v 0.588776 0.291358 0.060000
v 0.593933 0.293373 -0.060000
v 0.593932 0.293380 0.060000
v 0.598266 0.294340 -0.060000
v 0.599323 0.294755 0.060000
v 0.602143 0.297209 -0.060000
v 0.602117 0.297276 0.060000
v 0.607092 0.299113 -0.060000
v 0.607290 0.299110 0.060000
v 0.621761 0.298590 -0.060000
v 0.621764 0.298587 0.060000
v 0.629436 0.302023 -0.060000
v 0.628567 0.301707 0.060000
v 0.633347 0.302370 0.060000
v 0.636654 0.301927 -0.060000
v 0.637309 0.301308 0.060000
v 0.638502 0.298487 -0.060000
v 0.638520 0.297970 0.060000
v 0.638252 0.269682 -0.060000
v 0.638511 0.277925 0.060000
v 0.638120 0.268568 0.060000
v 0.637996 0.264399 -0.060000
v 0.638168 0.263742 0.060000
v 0.640381 0.257524 -0.060000
v 0.640379 0.257386 0.060000
v 0.639914 0.249860 0.060000
v 0.639101 0.245214 -0.060000
v 0.638475 0.241495 0.060000
v 0.638511 0.238668 -0.060000
v 0.638857 0.235328 0.060000
v 0.639232 0.233285 -0.060000
v 0.640860 0.227495 0.060000
v 0.640928 0.227178 -0.060000
v 0.706442 -0.005487 -0.060000
v 0.704908 -0.006582 0.060000
v 0.698849 -0.011658 -0.060000
v 0.699037 -0.011550 0.060000
v 0.683081 -0.021101 -0.060000
v 0.681624 -0.021947 0.060000
v 0.673641 -0.025107 -0.060000
v 0.673626 -0.025037 0.060000
v 0.672063 -0.022105 -0.060000
v 0.670303 -0.019592 0.060000
v 0.668244 -0.017644 -0.060000
v 0.662700 -0.014174 0.060000
v 0.662382 -0.014043 -0.060000
v 0.657913 -0.010595 -0.060000
v 0.657961 -0.010616 0.060000
v 0.651664 -0.007585 -0.060000
v 0.651840 -0.007687 0.060000
v 0.648747 -0.006540 -0.060000
v 0.648717 -0.006533 0.060000
v 0.645283 0.000190 -0.060000
v 0.645395 0.000088 0.060000
v 0.638554 0.004579 -0.060000
v 0.640516 0.003131 0.060000
v 0.634921 0.008906 0.060000
v 0.634307 0.010297 -0.060000
v 0.633945 0.016344 -0.060000
v 0.633966 0.016221 0.060000
v 0.633894 0.019818 0.060000
v 0.633887 0.019854 -0.060000
v 0.633508 0.025817 -0.060000
v 0.633505 0.025930 0.060000
v 0.640341 0.032295 -0.060000
v 0.642122 0.033619 0.060000
v 0.651452 0.039992 -0.060000
v 0.651519 0.040070 0.060000
v 0.660706 0.048963 -0.060000
v 0.660689 0.048916 0.060000
v 0.662533 0.053386 -0.060000
v 0.662512 0.053331 0.060000
v 0.663372 0.056421 -0.060000
v 0.663336 0.056316 0.060000
v 0.667518 0.062544 0.060000
v 0.667232 0.062175 -0.060000
v 0.670651 0.064268 -0.060000
v 0.670593 0.064186 0.060000
v 0.674990 0.067905 -0.060000
v 0.674924 0.067820 0.060000
v 0.681295 0.076764 -0.060000
v 0.681294 0.076770 0.060000
v 0.684486 0.082736 -0.060000
v 0.684233 0.082348 0.060000
v 0.692105 0.091560 -0.060000
v 0.692110 0.091603 0.060000
v 0.693638 0.100329 0.060000
v 0.693801 0.101070 -0.060000
v 0.696975 0.112104 -0.060000
v 0.697068 0.112414 0.060000
v 0.697247 0.115681 -0.060000
v 0.697316 0.115870 0.060000
v 0.700153 0.122334 -0.060000
v 0.700117 0.122163 0.060000
v 0.700872 0.129892 -0.060000
v 0.700882 0.129920 0.060000
v 0.702560 0.144100 -0.060000
v 0.702189 0.141243 0.060000
v 0.703556 0.146413 0.060000
v 0.706472 0.151228 -0.060000
v 0.706490 0.151455 0.060000
v 0.705458 0.156804 -0.060000
v 0.705551 0.157097 0.060000
v 0.708604 0.167341 0.060000
v 0.708624 0.167468 -0.060000
v 0.710717 0.179493 -0.060000
v 0.711043 0.180662 0.060000
v 0.714174 0.184894 -0.060000
v 0.714161 0.184726 0.060000
v 0.714179 0.192857 -0.060000
v 0.714209 0.192704 0.060000
v 0.711430 0.203309 -0.060000
v 0.711423 0.203335 0.060000
v 0.715391 0.218401 -0.060000
v 0.715343 0.218112 0.060000
v 0.719142 0.245654 -0.060000
v 0.719135 0.245635 0.060000
v 0.723124 0.247708 -0.060000
v 0.721816 0.247324 0.060000
v 0.723464 0.247412 0.060000
v 0.726871 0.245400 -0.060000
v 0.727703 0.245128 0.060000
v 0.732573 0.244751 -0.060000
v 0.732680 0.244787 0.060000
v 0.751650 0.247110 -0.060000
v 0.756884 0.247213 0.060000
v 0.761181 0.246609 -0.060000
v 0.765838 0.245473 0.060000
v 0.765785 0.245458 -0.060000
v 0.781574 0.248843 -0.060000
v 0.780937 0.248692 0.060000
v 0.791909 0.250559 -0.060000
v 0.791024 0.250510 0.060000
v 0.796147 0.249281 0.060000
v 0.797648 0.248185 -0.060000
v 0.798686 0.246245 0.060000
v 0.799331 0.243165 -0.060000
v 0.799229 0.243167 0.060000
v 0.803603 0.241609 0.060000
v 0.803666 0.241498 -0.060000
v 0.807001 0.233343 -0.060000
v 0.806800 0.233754 0.060000
v 0.808817 0.228063 -0.060000
v 0.808874 0.227943 0.060000
v 0.807929 0.218642 0.060000
v 0.807810 0.217984 -0.060000
v 0.807239 0.203076 -0.060000
v 0.807249 0.203137 0.060000
v 0.806173 0.198114 -0.060000
v 0.806161 0.197919 0.060000
v 0.805065 0.192781 -0.060000
v 0.805055 0.192709 0.060000
v 0.804968 0.182781 -0.060000
v 0.804974 0.182699 0.060000
v 0.803012 0.174831 -0.060000
v 0.802558 0.172482 0.060000
v 0.801369 0.162893 -0.060000
v 0.800081 0.157975 0.060000
v 0.798325 0.153627 -0.060000
v 0.796009 0.147735 0.060000
v 0.793540 0.139524 -0.060000
v 0.792208 0.132498 0.060000
v 0.792164 0.129903 -0.060000
v 0.792652 0.123645 -0.060000
v 0.792640 0.123660 0.060000
v 0.780205 0.087588 -0.060000
v 0.782230 0.091592 0.060000
v 0.775530 0.079962 0.060000
v 0.759051 0.053793 -0.060000
v 0.759394 0.054213 0.060000
v 0.757620 0.051465 0.060000
v 0.757552 0.051368 -0.060000
v 0.751237 0.045148 -0.060000
v 0.750555 0.044239 0.060000
v 0.741353 0.030709 -0.060000
v 0.730528 0.015344 0.060000
v 0.730493 0.015505 -0.060000
v 0.724976 0.009922 -0.060000
v 0.721473 0.007241 0.060000
v 0.721416 0.007336 -0.060000
v 0.716149 0.001336 -0.060000
v 0.714598 0.000091 0.060000
v 1.193648 0.257205 -0.060000
v 1.194516 0.253420 -0.060000
v 1.194384 0.253616 0.060000
v 1.192193 0.245001 -0.060000
v 1.191431 0.239246 0.060000
v 1.191439 0.235429 -0.060000
v 1.191095 0.225336 0.060000
v 1.190620 0.223355 -0.060000
v 1.188941 0.214995 0.060000
v 1.184819 0.189175 -0.060000
v 1.184861 0.189181 0.060000
v 1.181801 0.181964 0.060000
v 1.176267 0.166869 -0.060000
v 1.177271 0.169365 0.060000
v 1.170522 0.155577 0.060000
v 1.170214 0.155210 -0.060000
v 1.162968 0.145619 -0.060000
v 1.162463 0.145139 0.060000
v 1.155753 0.139323 -0.060000
v 1.155892 0.139407 0.060000
v 1.149832 0.137113 -0.060000
v 1.149820 0.137097 0.060000
v 1.147320 0.131879 -0.060000
v 1.147401 0.131989 0.060000
v 1.144270 0.129944 -0.060000
v 1.144437 0.129997 0.060000
v 1.140900 0.129295 -0.060000
v 1.141258 0.129464 0.060000
v 1.138577 0.127137 0.060000
v 1.138250 0.126466 -0.060000
v 1.137465 0.123058 0.060000
v 1.135981 0.119627 -0.060000
v 1.135675 0.119319 0.060000
v 1.122552 0.107437 -0.060000
v 1.123913 0.108481 0.060000
v 1.113925 0.102291 0.060000
v 1.114099 0.102410 -0.060000
v 1.110294 0.098931 -0.060000
v 1.109724 0.098487 0.060000
v 1.106766 0.096847 -0.060000
v 1.106713 0.096845 0.060000
v 1.103939 0.096319 -0.060000
v 1.103948 0.096316 0.060000
v 1.098225 0.089926 -0.060000
v 1.098300 0.089961 0.060000
v 1.092227 0.086744 -0.060000
v 1.092075 0.086657 0.060000
v 1.083869 0.081219 0.060000
v 1.083069 0.080623 -0.060000
v 1.077446 0.076036 -0.060000
v 1.077477 0.076069 0.060000
v 1.073818 0.071783 -0.060000
v 1.073887 0.071841 0.060000
v 1.070451 0.068302 -0.060000
v 1.071148 0.068947 0.060000
v 1.064968 0.065189 0.060000
v 1.064568 0.065179 -0.060000
v 1.049368 0.064045 -0.060000
v 1.049308 0.064026 0.060000
v 1.045582 0.060625 0.060000
v 1.042230 0.058058 -0.060000
v 1.041235 0.057554 0.060000
v 1.033927 0.053781 -0.060000
v 1.033747 0.053675 0.060000
v 1.032318 0.051819 -0.060000
v 1.031912 0.050268 0.060000
v 1.031851 0.049807 -0.060000
v 1.030737 0.048523 -0.060000
v 1.030780 0.048551 0.060000
v 1.026124 0.029240 -0.060000
v 1.024947 0.025072 0.060000
v 1.021195 0.014951 -0.060000
v 1.021176 0.015091 0.060000
v 1.020589 0.011527 -0.060000
v 1.019427 0.008165 0.060000
v 1.017578 0.005121 -0.060000
v 1.013179 0.000189 0.060000
v 1.013414 0.000782 -0.060000
v 1.011364 -0.002130 -0.060000
v 1.007442 -0.005488 0.060000
v 1.006567 -0.006050 -0.060000
v 0.999196 -0.011512 -0.060000
v 1.000573 -0.010332 0.060000
v 0.992784 -0.018522 0.060000
v 0.992600 -0.018829 -0.060000
v 0.991924 -0.020262 -0.060000
v 0.991643 -0.020369 0.060000
v 0.987970 -0.021552 -0.060000
v 0.987961 -0.021553 0.060000
v 0.984184 -0.020703 -0.060000
v 0.983991 -0.020660 0.060000
v 0.980376 -0.018691 -0.060000
v 0.980871 -0.018939 0.060000
v 0.977553 -0.018234 0.060000
v 0.977600 -0.018221 -0.060000
v 0.974561 -0.018555 -0.060000
v 0.973626 -0.018510 0.060000
v 0.957462 -0.016515 -0.060000
v 0.957514 -0.016526 0.060000
v 0.954818 -0.014586 -0.060000
v 0.952066 -0.013201 0.060000
v 0.949564 -0.011937 -0.060000
v 0.944852 -0.008965 -0.060000
v 0.944783 -0.008921 0.060000
v 0.936715 -0.004696 -0.060000
v 0.936712 -0.004689 0.060000
v 0.938879 0.000713 -0.060000
v 0.938777 0.000325 0.060000
v 0.938703 0.008093 0.060000
v 0.938645 0.007773 -0.060000
v 0.940713 0.012974 -0.060000
v 0.941270 0.014008 0.060000
v 0.945793 0.022158 0.060000
v 0.945867 0.022246 -0.060000
v 0.947646 0.024708 -0.060000
v 0.947339 0.024166 0.060000
v 0.949108 0.030411 0.060000
v 0.949045 0.030324 -0.060000
v 0.951139 0.035919 -0.060000
v 0.951100 0.035758 0.060000
v 0.952760 0.044677 -0.060000
v 0.952232 0.042197 0.060000
v 0.955069 0.050349 0.060000
v 0.955915 0.051301 -0.060000
v 0.962554 0.058215 -0.060000
v 0.963166 0.059129 0.060000
v 0.964809 0.063332 -0.060000
v 0.964821 0.063613 0.060000
v 0.964907 0.071806 -0.060000
v 0.964898 0.071742 0.060000
v 0.967230 0.077631 -0.060000
v 0.967207 0.077515 0.060000
v 0.966239 0.082291 -0.060000
v 0.966304 0.082115 0.060000
v 0.966262 0.085180 -0.060000
v 0.966231 0.085065 0.060000
v 0.968186 0.089957 -0.060000
v 0.968163 0.089866 0.060000
v 0.968467 0.096647 -0.060000
v 0.968454 0.096523 0.060000
v 0.970597 0.106777 -0.060000
v 0.970437 0.105862 0.060000
v 0.971463 0.112007 0.060000
v 0.972765 0.115818 -0.060000
v 0.973085 0.116388 0.060000
v 0.975477 0.119849 -0.060000
v 0.975491 0.119890 0.060000
v 0.977115 0.124701 -0.060000
v 0.977330 0.125607 0.060000
v 0.977483 0.131257 -0.060000
v 0.977660 0.131901 0.060000
v 0.980330 0.135731 -0.060000
v 0.980372 0.135976 0.060000
v 0.980773 0.147271 -0.060000
v 0.980744 0.147190 0.060000
v 0.982625 0.149195 0.060000
v 0.982817 0.149376 -0.060000
v 0.987755 0.151211 0.060000
v 0.988420 0.151273 -0.060000
v 0.996128 0.151842 -0.060000
v 0.993329 0.151527 0.060000
v 0.998324 0.152656 0.060000
v 1.004498 0.155641 -0.060000
v 1.005643 0.155879 0.060000
v 1.016687 0.157527 -0.060000
v 1.016845 0.157539 0.060000
v 1.034568 0.163406 0.060000
v 1.034593 0.163398 -0.060000
v 1.037782 0.161973 -0.060000
v 1.037744 0.161996 0.060000
v 1.039657 0.157791 -0.060000
v 1.040122 0.157299 0.060000
v 1.044794 0.153738 -0.060000
v 1.045312 0.153283 0.060000
v 1.048140 0.149491 -0.060000
v 1.048132 0.149355 0.060000
v 1.047086 0.140184 -0.060000
v 1.047206 0.141457 0.060000
v 1.047644 0.138895 0.060000
v 1.048914 0.137947 -0.060000
v 1.051948 0.137229 0.060000
v 1.052121 0.137362 -0.060000
v 1.055002 0.138643 -0.060000
v 1.055014 0.138667 0.060000
v 1.059122 0.141829 -0.060000
v 1.059122 0.141823 0.060000
v 1.063514 0.146156 -0.060000
v 1.063587 0.146189 0.060000
v 1.069236 0.149304 -0.060000
v 1.069173 0.149269 0.060000
v 1.073539 0.154824 -0.060000
v 1.073404 0.154574 0.060000
v 1.077419 0.162483 -0.060000
v 1.077462 0.162555 0.060000
v 1.084501 0.171576 -0.060000
v 1.084332 0.171309 0.060000
v 1.094380 0.189130 -0.060000
v 1.094067 0.188588 0.060000
v 1.095123 0.192590 0.060000
v 1.094860 0.193872 -0.060000
v 1.094176 0.196629 0.060000
v 1.093772 0.197866 -0.060000
v 1.092495 0.199343 0.060000
v 1.091771 0.199821 -0.060000
v 1.086980 0.201761 0.060000
v 1.086262 0.201853 -0.060000
v 1.081076 0.201813 0.060000
v 1.077909 0.202213 -0.060000
v 1.073850 0.203245 0.060000
v 1.065743 0.205043 -0.060000
v 1.065688 0.205119 0.060000
v 1.060927 0.206491 -0.060000
v 1.056817 0.207005 0.060000
v 1.054429 0.206971 -0.060000
v 1.036404 0.206497 -0.060000
v 1.035435 0.206432 0.060000
v 1.032970 0.205454 -0.060000
v 1.032822 0.205298 0.060000
v 1.021739 0.204277 -0.060000
v 1.021674 0.204272 0.060000
v 1.016587 0.204204 0.060000
v 1.016505 0.204190 -0.060000
v 1.010536 0.202460 -0.060000
v 1.010874 0.202545 0.060000
v 1.006245 0.200859 -0.060000
v 1.006217 0.200847 0.060000
v 0.991549 0.201421 -0.060000
v 0.991546 0.201433 0.060000
v 0.978331 0.200593 -0.060000
v 0.978216 0.200621 0.060000
v 0.963270 0.202677 -0.060000
v 0.963246 0.202661 0.060000
v 0.956644 0.200814 -0.060000
v 0.955609 0.200563 0.060000
v 0.947302 0.200219 -0.060000
v 0.946713 0.200193 0.060000
v 0.939861 0.198872 -0.060000
v 0.939843 0.198872 0.060000
v 0.933695 0.200429 -0.060000
v 0.931657 0.200844 0.060000
v 0.922984 0.201992 -0.060000
v 0.922404 0.201893 0.060000
v 0.917852 0.200402 -0.060000
v 0.913916 0.198491 -0.060000
v 0.914159 0.198558 0.060000
v 0.908253 0.198862 -0.060000
v 0.908904 0.198659 0.060000
v 0.900205 0.203216 0.060000
v 0.900270 0.203214 -0.060000
v 0.898402 0.205381 -0.060000
v 0.898381 0.205561 0.060000
v 0.897976 0.213939 -0.060000
v 0.897959 0.214261 0.060000
v 0.895873 0.224135 -0.060000
v 0.895211 0.229299 0.060000
v 0.892827 0.243170 -0.060000
v 0.892818 0.242947 0.060000
v 0.894573 0.251797 -0.060000
v 0.894883 0.254443 0.060000
v 0.895794 0.264014 -0.060000
v 0.896122 0.266024 0.060000
v 0.898376 0.273064 -0.060000
v 0.898532 0.273201 0.060000
v 0.901870 0.275929 0.060000
v 0.902206 0.276088 -0.060000
v 0.908492 0.278157 -0.060000
v 0.908396 0.278135 0.060000
v 0.918607 0.280701 -0.060000
v 0.918549 0.280690 0.060000
v 0.922605 0.283373 -0.060000
v 0.922448 0.283313 0.060000
v 0.924542 0.283223 -0.060000
v 0.924449 0.283263 0.060000
v 0.931378 0.283803 -0.060000
v 0.931421 0.283797 0.060000
v 0.937388 0.286180 -0.060000
v 0.937433 0.286178 0.060000
v 0.945460 0.287377 -0.060000
v 0.945434 0.287360 0.060000
v 0.950984 0.286342 -0.060000
v 0.950919 0.286337 0.060000
v 0.955431 0.285797 -0.060000
v 0.955383 0.285809 0.060000
v 0.958346 0.286424 -0.060000
v 0.958275 0.286399 0.060000
v 0.971631 0.287992 0.060000
v 0.979836 0.288459 -0.060000
v 0.979524 0.288265 0.060000
v 0.986552 0.290330 -0.060000
v 0.986043 0.290198 0.060000
v 0.995679 0.290606 -0.060000
v 0.995648 0.290561 0.060000
v 0.998441 0.292073 0.060000
v 0.998811 0.292198 -0.060000
v 1.004041 0.293345 -0.060000
v 1.003813 0.293318 0.060000
v 1.011588 0.292869 -0.060000
v 1.011911 0.292833 0.060000
v 1.026068 0.288331 -0.060000
v 1.026022 0.288310 0.060000
v 1.034090 0.290594 -0.060000
v 1.034082 0.290597 0.060000
v 1.041412 0.288247 -0.060000
v 1.041347 0.288287 0.060000
v 1.049573 0.288752 -0.060000
v 1.049457 0.288707 0.060000
v 1.068473 0.295733 -0.060000
v 1.068448 0.295728 0.060000
v 1.083123 0.297504 -0.060000
v 1.083105 0.297504 0.060000
v 1.085576 0.295770 -0.060000
v 1.085832 0.295639 0.060000
v 1.091641 0.292881 -0.060000
v 1.091638 0.292883 0.060000
v 1.103709 0.296726 -0.060000
v 1.104043 0.296810 0.060000
v 1.106987 0.296001 -0.060000
v 1.106973 0.295991 0.060000
v 1.116246 0.297025 -0.060000
v 1.116215 0.297029 0.060000
v 1.124300 0.297278 -0.060000
v 1.124386 0.297309 0.060000
v 1.133429 0.299764 -0.060000
v 1.133456 0.299755 0.060000
v 1.137274 0.298625 -0.060000
v 1.137276 0.298629 0.060000
v 1.141296 0.294654 -0.060000
v 1.140905 0.294947 0.060000
v 1.149961 0.290678 -0.060000
v 1.146851 0.291729 0.060000
v 1.153261 0.290497 0.060000
v 1.162159 0.290558 -0.060000
v 1.162157 0.290558 0.060000
v 1.173882 0.285402 -0.060000
v 1.173743 0.285450 0.060000
v 1.182786 0.283531 -0.060000
v 1.182382 0.283670 0.060000
v 1.189534 0.279233 -0.060000
v 1.189206 0.279582 0.060000
v 1.193040 0.273025 -0.060000
v 1.193055 0.273196 0.060000
v 1.191802 0.261939 -0.060000
v 1.191800 0.262283 0.060000
v 1.193812 0.256710 0.060000
vn -0.0000 -0.0000 1.0000
vn -0.0000 -0.0000 -1.0000
vn -0.0001 -0.0000 1.0000
vn 0.0001 -0.0000 1.0000
vn -0.0001 -0.0000 -1.0000
vn 0.0001 -0.0000 -1.0000
vn 0.9553 -0.2957 0.0009
vn 0.9583 0.2859 -0.0002
vn 0.9594 0.2820 -0.0001
vn 0.7108 -0.7034 0.0012
vn 0.7315 -0.6818 -0.0009
vn 0.5751 -0.8181 0.0004
vn 0.5875 -0.8092 -0.0008
vn 0.6279 -0.7783 -0.0004
vn 0.6275 -0.7786 -0.0004
vn 0.5300 -0.8480 -0.0014
vn 0.7783 -0.6279 0.0002
vn 0.4233 -0.9060 -0.0026
vn 0.2967 -0.9550 0.0018
vn 0.3276 -0.9448 0.0006
vn 0.5518 -0.8340 0.0021
vn -0.3147 -0.9492 0.0022
vn 0.3518 -0.9361 0.0011
vn -0.5565 -0.8308 -0.0002
vn -0.3347 -0.9423 -0.0000
vn -0.2919 -0.9565 -0.0002
vn -0.3677 -0.9299 -0.0012
vn -0.4066 -0.9136 0.0009
vn -0.7948 -0.6069 0.0006
vn -0.5818 -0.8133 -0.0032
vn -0.7467 -0.6651 -0.0002
vn -0.7274 -0.6863 -0.0018
vn -0.7231 -0.6908 -0.0001
vn -0.8076 -0.5898 -0.0000
vn -0.8077 -0.5896 0.0001
vn -0.7378 -0.6751 -0.0003
vn -0.6834 -0.7301 -0.0003
vn -0.7343 -0.6788 0.0003
vn -0.6712 -0.7413 0.0001
vn -0.6796 -0.7336 0.0002
vn -0.7541 -0.6567 0.0001
vn -0.7517 -0.6595 -0.0001
vn -0.5433 -0.8395 -0.0001
vn 0.1638 -0.9865 -0.0001
vn -0.5376 -0.8432 0.0001
vn 0.6188 -0.7855 -0.0000
vn 0.1715 -0.9852 0.0002
vn 0.8053 -0.5929 0.0001
vn 0.6211 -0.7837 0.0004
vn 0.7225 -0.6914 0.0001
vn 0.8059 -0.5921 0.0004
vn 0.4715 -0.8819 -0.0001
vn 0.7093 -0.7049 -0.0012
vn 0.5215 -0.8533 0.0012
vn 0.5530 -0.8332 -0.0004
vn 0.6679 -0.7443 0.0010
vn 0.6042 -0.7968 0.0005
vn 0.6479 -0.7617 -0.0001
vn 0.6570 -0.7539 -0.0005
vn 0.4997 -0.8662 0.0013
vn 0.6439 -0.7651 -0.0004
vn 0.2919 -0.9564 0.0018
vn 0.4004 -0.9163 -0.0024
vn 0.4728 -0.8812 0.0007
vn 0.5066 -0.8622 -0.0020
vn 0.6052 -0.7961 -0.0001
vn 0.6028 -0.7979 -0.0002
vn 0.1789 -0.9839 0.0002
vn -0.2714 -0.9625 0.0003
vn -0.2537 -0.9673 -0.0003
vn -0.7154 -0.6987 0.0004
vn -0.9207 -0.3903 0.0006
vn -0.9145 -0.4045 -0.0001
vn -0.9291 -0.3699 -0.0003
vn -0.9038 -0.4280 0.0002
vn -0.9076 -0.4199 0.0009
vn -0.9351 -0.3543 0.0011
vn -0.9078 -0.4194 -0.0002
vn -0.9805 0.1966 0.0014
vn -0.9591 -0.2831 -0.0009
vn -0.8004 0.5994 0.0018
vn -0.8521 0.5235 0.0003
vn -0.5924 0.8056 0.0011
vn -0.6048 0.7963 0.0005
vn -0.3026 0.9531 0.0002
vn -0.3125 0.9499 -0.0003
vn -0.4124 0.9110 -0.0004
vn -0.6365 0.7712 0.0008
vn -0.6430 0.7659 -0.0003
vn -0.6174 0.7867 0.0012
vn -0.6768 0.7362 -0.0015
vn -0.6968 0.7173 -0.0014
vn -0.6597 0.7515 -0.0009
vn -0.7799 0.6258 -0.0003
vn -0.7581 0.6521 -0.0017
vn -0.6335 0.7737 0.0014
vn -0.7188 0.6952 -0.0031
vn -0.5928 0.8053 -0.0001
vn -0.5951 0.8037 0.0001
vn -0.6743 0.7385 -0.0006
vn -0.6475 0.7621 0.0011
vn -0.7668 0.6419 -0.0000
vn -0.8018 0.5976 0.0001
vn -0.8029 0.5962 0.0001
vn -0.8578 0.5141 -0.0002
vn -0.9055 0.4243 -0.0001
vn -0.8596 0.5109 0.0002
vn -0.9144 0.4048 -0.0001
vn -0.9063 0.4226 0.0001
vn -0.9425 0.3342 -0.0003
vn -0.9416 0.3367 0.0002
vn -1.0000 0.0097 -0.0001
vn -1.0000 0.0056 0.0003
vn -0.8359 -0.5488 -0.0002
vn -0.4874 -0.8732 -0.0017
vn -0.8426 -0.5385 -0.0009
vn -0.0179 -0.9998 -0.0020
vn -0.3391 -0.9408 0.0015
vn 0.1411 -0.9900 0.0005
vn 0.0628 -0.9980 0.0006
vn -0.0676 -0.9977 0.0005
vn -0.0479 -0.9989 -0.0009
vn -0.0675 -0.9977 -0.0004
vn -0.0688 -0.9976 -0.0003
vn 0.1883 -0.9821 -0.0001
vn 0.1857 -0.9826 0.0002
vn 0.2684 -0.9633 0.0006
vn 0.0513 -0.9987 0.0007
vn 0.2328 -0.9725 -0.0007
vn -0.3662 -0.9305 0.0001
vn 0.0157 -0.9999 -0.0005
vn -0.7190 -0.6950 0.0004
vn -0.3705 -0.9288 -0.0002
vn -0.9971 -0.0759 0.0004
vn -0.7292 -0.6843 -0.0004
vn -0.9242 0.3819 0.0002
vn -0.9234 0.3838 -0.0001
vn -0.9946 0.1038 0.0002
vn -0.9999 0.0152 0.0010
vn -1.0000 0.0059 0.0001
vn -0.9916 0.1293 -0.0005
vn -0.9903 0.1386 0.0001
vn -0.9964 -0.0853 -0.0016
vn -0.9934 0.1150 0.0016
vn -0.9807 0.1955 -0.0009
vn -0.9906 -0.1367 0.0014
vn -0.8571 0.5152 -0.0003
vn -0.9978 0.0657 0.0004
vn -0.7860 0.6182 0.0002
vn -0.7702 0.6378 0.0006
vn -0.3737 0.9276 0.0002
vn -0.1807 0.9835 0.0006
vn -0.3846 0.9231 0.0006
vn -0.3173 0.9483 -0.0007
vn -0.1924 0.9813 0.0009
vn -0.5417 0.8406 -0.0014
vn -0.3958 0.9183 0.0014
vn -0.1040 0.9946 -0.0010
vn -0.0620 0.9981 0.0020
vn 0.1543 0.9880 -0.0005
vn -0.2486 0.9686 -0.0002
vn 0.1351 0.9908 0.0006
vn -0.2258 0.9742 0.0004
vn -0.2531 0.9674 0.0001
vn -0.0859 0.9963 0.0004
vn -0.1005 0.9949 -0.0000
vn -0.0580 0.9983 -0.0008
vn -0.1461 0.9893 -0.0001
vn -0.1151 0.9934 0.0009
vn 0.0112 0.9999 0.0003
vn 0.0086 1.0000 0.0002
vn 0.0103 0.9999 -0.0010
vn 0.0325 0.9995 0.0005
vn -0.3262 0.9453 -0.0012
vn -0.2945 0.9556 0.0010
vn -0.3073 0.9516 0.0009
vn -0.1818 0.9833 -0.0023
vn 0.0482 0.9988 0.0021
vn -0.0877 0.9961 0.0009
vn -0.1782 0.9840 -0.0022
vn -0.4935 0.8698 -0.0006
vn -0.2372 0.9715 -0.0005
vn -0.5282 0.8491 0.0006
vn -0.0155 0.9999 -0.0009
vn -0.2666 0.9638 -0.0000
vn 0.1237 0.9923 -0.0001
vn -0.1114 0.9938 0.0013
vn 0.3671 0.9302 0.0003
vn 0.3283 0.9446 -0.0010
vn 0.1432 0.9897 -0.0004
vn 0.3541 0.9352 0.0001
vn 0.1477 0.9890 -0.0001
vn 0.1110 0.9938 0.0002
vn 0.1347 0.9909 -0.0002
vn 0.1382 0.9904 -0.0000
vn -0.0381 0.9993 -0.0000
vn -0.0360 0.9994 0.0001
vn 0.0638 0.9980 -0.0000
vn 0.4374 0.8993 -0.0000
vn 0.0637 0.9980 -0.0000
vn 0.8106 0.5855 -0.0000
vn 0.4388 0.8986 -0.0000
vn 0.8642 0.5032 -0.0000
vn 0.8657 0.5005 -0.0005
vn 0.9859 0.1675 -0.0005
vn 0.9354 -0.3536 -0.0004
vn 0.9858 0.1680 -0.0004
vn 0.9841 -0.1775 -0.0002
vn 0.9376 -0.3476 0.0002
vn 0.9998 0.0180 0.0011
vn 0.9783 -0.2073 -0.0011
vn 0.9799 -0.1993 0.0011
vn 0.9910 -0.1335 -0.0009
vn 0.9644 -0.2644 -0.0007
vn 0.9773 -0.2117 0.0012
vn 0.9685 -0.2489 0.0009
vn 0.9632 -0.2688 0.0019
vn 0.9736 -0.2284 -0.0001
vn 0.9682 -0.2502 0.0002
vn 0.9546 -0.2980 -0.0008
vn 0.9771 -0.2126 0.0002
vn 0.9644 -0.2643 -0.0012
vn 0.9819 -0.1896 0.0004
vn 0.9845 -0.1751 -0.0016
vn 0.9739 -0.2271 -0.0002
vn 0.8927 -0.4506 0.0001
vn 0.9603 -0.2791 -0.0019
vn 0.8983 -0.4394 0.0006
vn 0.9337 -0.3581 -0.0013
vn 0.9984 0.0573 0.0001
vn 0.8186 0.5743 -0.0005
vn 0.9981 0.0614 0.0006
vn 0.7437 0.6685 -0.0005
vn 0.8130 0.5822 0.0003
vn 0.7564 0.6541 0.0003
vn 0.7565 0.6540 0.0003
vn 0.7865 0.6176 0.0004
vn 0.7854 0.6190 0.0003
vn 0.7902 0.6129 -0.0000
vn 0.8251 0.5649 -0.0000
vn 0.7903 0.6127 -0.0000
vn 0.8680 0.4966 -0.0001
vn 0.8266 0.5627 -0.0006
vn 0.8233 0.5676 -0.0000
vn 0.8276 0.5613 0.0012
vn 0.8607 0.5091 -0.0000
vn 0.8571 0.5152 -0.0002
vn 0.9077 -0.4196 -0.0001
vn 0.9811 -0.1936 -0.0001
vn 0.9810 -0.1941 -0.0001
vn 0.9989 -0.0459 -0.0004
vn 0.9080 -0.4190 -0.0002
vn 0.9961 0.0881 0.0008
vn 0.9876 0.1571 -0.0006
vn 0.9980 -0.0627 0.0013
vn 0.9994 0.0338 -0.0009
vn 0.9790 -0.2038 -0.0014
vn 0.9646 -0.2636 0.0010
vn 0.9856 -0.1692 -0.0017
vn 0.9527 -0.3039 0.0013
vn 0.9315 -0.3638 -0.0007
vn 0.9964 -0.0847 0.0011
vn 0.4762 -0.8794 -0.0000
vn 0.7138 -0.7003 0.0004
vn 0.1058 -0.9944 0.0007
vn 0.4691 -0.8832 -0.0006
vn -0.0038 -1.0000 0.0002
vn 0.0947 -0.9955 -0.0003
vn -0.1661 -0.9861 0.0001
vn -0.0060 -1.0000 -0.0001
vn -0.0905 -0.9959 -0.0001
vn -0.1706 -0.9853 -0.0002
vn -0.0887 -0.9961 0.0006
vn 0.0112 -0.9999 -0.0003
vn -0.0942 -0.9956 0.0007
vn -0.1291 -0.9916 -0.0003
vn 0.0690 -0.9976 -0.0008
vn -0.0956 -0.9954 0.0004
vn 0.1521 -0.9884 -0.0000
vn 0.0660 -0.9978 -0.0005
vn -0.0114 -0.9999 0.0014
vn 0.1075 -0.9942 -0.0003
vn -0.0312 -0.9995 0.0018
vn -0.1337 -0.9910 0.0005
vn 0.0075 -1.0000 0.0016
vn 0.1722 -0.9851 -0.0011
vn -0.1750 -0.9846 0.0002
vn -0.0778 -0.9970 -0.0009
vn -0.0358 -0.9994 -0.0005
vn -0.1730 -0.9849 0.0001
vn 0.1979 -0.9802 0.0001
vn -0.0207 -0.9998 0.0001
vn 0.1695 -0.9855 0.0002
vn 0.1631 -0.9866 -0.0006
vn -0.3911 -0.9203 0.0007
vn -0.8624 -0.5062 0.0011
vn -0.4346 -0.9006 -0.0018
vn -0.9773 -0.2117 0.0006
vn -0.8944 -0.4472 -0.0015
vn -0.9955 -0.0947 -0.0001
vn -0.9818 -0.1897 -0.0002
vn -0.9975 -0.0703 0.0002
vn -0.9974 -0.0725 -0.0000
vn -0.9976 0.0697 0.0015
vn -0.9993 0.0372 -0.0005
vn -0.9812 0.1929 0.0012
vn -0.9815 0.1916 -0.0005
vn -0.8739 0.4861 0.0016
vn -0.9352 0.3540 -0.0022
vn -0.5557 0.8314 0.0014
vn -0.6671 0.7450 -0.0013
vn -0.3736 0.9276 0.0001
vn -0.4894 0.8721 0.0019
vn -0.3699 0.9291 -0.0000
vn -0.4180 0.9084 0.0029
vn -0.6022 0.7984 -0.0017
vn -0.1535 0.9881 0.0007
vn -0.3010 0.9536 -0.0017
vn -0.0873 0.9962 -0.0003
vn -0.1396 0.9902 -0.0004
vn -0.2908 0.9568 0.0003
vn -0.1000 0.9950 0.0008
vn -0.2783 0.9605 0.0002
vn -0.2967 0.9550 0.0010
vn 0.1828 0.9832 0.0001
vn -0.2759 0.9612 -0.0000
vn 0.2529 0.9675 -0.0007
vn 0.1834 0.9830 -0.0000
vn 0.0185 0.9998 -0.0009
vn 0.0542 0.9985 0.0009
vn 0.0646 0.9979 -0.0004
vn 0.0696 0.9976 -0.0003
vn 0.1607 0.9870 0.0002
vn -0.0297 0.9996 -0.0004
vn 0.0274 0.9996 0.0006
vn 0.0425 0.9991 -0.0002
vn -0.0178 0.9998 -0.0008
vn -0.0525 0.9986 0.0001
vn -0.0535 0.9986 -0.0001
vn -0.1030 0.9947 -0.0000
vn -0.0960 0.9954 -0.0001
vn 0.1960 0.9806 0.0003
vn 0.7511 0.6602 0.0009
vn 0.2048 0.9788 -0.0001
vn 0.9834 0.1815 0.0006
vn 0.9753 0.2208 -0.0004
vn 0.9944 0.1058 -0.0000
vn 0.9947 0.1028 -0.0001
vn 0.9955 -0.0950 -0.0005
vn 0.9947 -0.1027 0.0003
vn 0.9731 0.2304 -0.0002
vn 0.9929 -0.1187 -0.0006
vn 0.9933 -0.1154 0.0003
vn 0.9747 -0.2237 -0.0002
vn 0.9854 -0.1703 -0.0001
vn 0.9753 -0.2211 -0.0001
vn 0.9289 -0.3704 0.0009
vn 0.9371 -0.3492 0.0001
vn 0.7041 -0.7101 0.0013
vn 0.7445 -0.6676 -0.0016
vn 0.3750 -0.9270 0.0006
vn 0.3620 -0.9322 -0.0017
vn -0.0877 -0.9961 0.0010
vn -0.1331 -0.9911 0.0004
vn -0.1641 -0.9864 -0.0008
vn 0.1704 -0.9854 -0.0002
vn -0.1647 -0.9863 -0.0002
vn 0.1333 -0.9911 0.0001
vn 0.1709 -0.9853 -0.0003
vn -0.0609 -0.9981 0.0004
vn -0.0461 -0.9989 0.0006
vn 0.1577 -0.9875 0.0001
vn 0.1677 -0.9858 -0.0000
vn 0.1695 -0.9855 0.0008
vn 0.2908 -0.9568 -0.0012
vn 0.1654 -0.9862 -0.0001
vn 0.8551 -0.5184 -0.0023
vn 0.3777 -0.9259 0.0017
vn 0.9990 -0.0456 -0.0007
vn 0.9162 -0.4008 0.0020
vn 0.9647 -0.2634 0.0003
vn 0.9998 -0.0198 0.0001
vn 0.9403 -0.3404 -0.0002
vn 0.9611 -0.2762 -0.0002
vn 0.9804 -0.1971 -0.0005
vn 0.9803 -0.1975 -0.0000
vn 0.9872 -0.1593 -0.0002
vn 0.9620 -0.2732 -0.0000
vn 0.9599 -0.2802 0.0001
vn 0.7986 -0.6019 -0.0004
vn 0.9100 -0.4146 -0.0005
vn 0.9051 -0.4252 0.0002
vn 0.9450 -0.3269 0.0004
vn 0.9416 -0.3367 -0.0001
vn 0.6588 -0.7523 0.0005
vn 0.6639 -0.7478 -0.0013
vn 0.6469 -0.7626 -0.0006
vn 0.9739 -0.2271 -0.0011
vn 0.9143 -0.4049 0.0021
vn 0.9721 -0.2344 0.0004
vn 0.9999 0.0147 0.0012
vn 0.8095 -0.5871 0.0002
vn 0.8074 -0.5900 -0.0003
vn 0.7437 -0.6686 0.0003
vn 0.6725 -0.7401 -0.0000
vn 0.7390 -0.6737 -0.0002
vn 0.7412 -0.6713 0.0001
vn 0.6755 -0.7374 0.0003
vn 0.7358 -0.6772 0.0005
vn 0.7270 -0.6867 -0.0011
vn 0.6076 -0.7943 0.0004
vn 0.7122 -0.7019 -0.0015
vn 0.4925 -0.8703 0.0001
vn 0.6047 -0.7965 0.0001
vn 0.2141 -0.9768 0.0012
vn 0.4853 -0.8744 0.0001
vn -0.2841 -0.9588 0.0036
vn -0.0978 -0.9952 -0.0019
vn -0.6389 -0.7693 0.0036
vn -0.4908 -0.8713 -0.0029
vn -0.8489 -0.5286 0.0023
vn -0.6913 -0.7226 -0.0021
vn -0.9656 -0.2600 0.0007
vn -0.8630 -0.5053 -0.0007
vn -0.9997 0.0236 0.0004
vn -0.9661 -0.2580 0.0001
vn -0.8894 0.4572 0.0004
vn -0.8976 0.4408 -0.0007
vn -0.6588 0.7523 -0.0001
vn -0.6091 0.7931 0.0001
vn -0.6575 0.7535 -0.0001
vn -0.7575 0.6529 -0.0006
vn -0.7708 0.6371 0.0017
vn -0.8732 0.4873 -0.0021
vn -0.8577 0.5142 -0.0016
vn -0.8917 0.4526 0.0015
vn -0.8661 0.4998 -0.0001
vn -0.8652 0.5014 -0.0001
vn -0.9979 0.0644 -0.0005
vn -0.8689 0.4950 0.0003
vn -0.8243 -0.5661 -0.0020
vn -0.9999 -0.0108 0.0018
vn -0.4178 -0.9085 -0.0027
vn -0.6967 -0.7173 0.0036
vn -0.0865 -0.9962 -0.0026
vn -0.2429 -0.9701 0.0033
vn 0.2173 -0.9761 -0.0010
vn 0.1164 -0.9932 0.0014
vn 0.1246 -0.9922 0.0001
vn 0.1436 -0.9896 -0.0003
vn 0.1416 -0.9899 -0.0002
vn 0.4687 -0.8833 -0.0000
vn 0.2508 -0.9680 -0.0000
vn 0.4730 -0.8811 0.0001
vn -0.2114 -0.9774 0.0001
vn -0.2176 -0.9760 0.0002
vn -0.2254 -0.9743 -0.0003
vn -0.0037 -1.0000 -0.0004
vn -0.0176 -0.9998 0.0006
vn 0.0471 -0.9989 -0.0001
vn 0.0404 -0.9992 0.0005
vn 0.0757 -0.9971 -0.0001
vn 0.0652 -0.9979 0.0003
vn 0.0771 -0.9970 -0.0000
vn -0.3340 -0.9426 0.0011
vn 0.0451 -0.9990 -0.0006
vn -0.8422 -0.5392 0.0017
vn -0.4028 -0.9153 -0.0011
vn -0.9930 -0.1184 0.0014
vn -0.9864 -0.1646 -0.0010
vn -0.9991 0.0413 0.0003
vn -0.9999 0.0118 -0.0009
vn -0.9999 0.0166 -0.0003
vn -0.9886 -0.1507 -0.0001
vn -0.9999 0.0130 -0.0000
vn -0.9980 -0.0634 -0.0000
vn -0.9883 -0.1523 -0.0000
vn -0.9484 0.3171 0.0016
vn -0.9662 0.2576 -0.0008
vn -0.6134 0.7897 0.0023
vn -0.8639 0.5036 -0.0015
vn -0.2845 0.9587 0.0002
vn -0.5465 0.8374 -0.0010
vn -0.2364 0.9717 -0.0004
vn -0.2833 0.9590 -0.0002
vn -0.2749 0.9615 0.0008
vn -0.2874 0.9578 -0.0003
vn -0.3105 0.9506 0.0008
vn -0.3246 0.9459 -0.0002
vn -0.0197 0.9998 -0.0001
vn 0.2431 0.9700 0.0001
vn -0.0215 0.9998 0.0001
vn 0.1492 0.9888 0.0001
vn 0.2450 0.9695 -0.0000
vn 0.2153 0.9766 0.0001
vn 0.1524 0.9883 -0.0000
vn 0.5047 0.8633 0.0001
vn 0.2367 0.9716 -0.0003
vn 0.3024 0.9532 -0.0001
vn 0.5229 0.8524 -0.0003
vn -0.0520 0.9986 -0.0000
vn -0.0515 0.9987 -0.0001
vn 0.0522 0.9986 0.0005
vn 0.1171 0.9931 0.0003
vn 0.0617 0.9981 -0.0000
vn -0.0747 0.9972 -0.0002
vn 0.1192 0.9929 0.0002
vn -0.2698 0.9629 -0.0000
vn -0.0817 0.9967 0.0001
vn -0.2802 0.9599 0.0001
vn -0.2808 0.9598 0.0001
vn -0.1089 0.9941 -0.0000
vn -0.1054 0.9944 0.0001
vn -0.1094 0.9940 0.0001
vn -0.2811 0.9597 -0.0000
vn -0.1066 0.9943 0.0002
vn -0.1969 0.9804 0.0002
vn -0.2806 0.9598 -0.0001
vn 0.0790 0.9969 -0.0006
vn -0.1930 0.9812 -0.0002
vn 0.0493 0.9988 -0.0020
vn 0.1215 0.9926 0.0001
vn 0.1477 0.9890 -0.0002
vn -0.0861 0.9963 0.0009
vn 0.6307 0.7760 0.0010
vn 0.2848 0.9586 -0.0015
vn 0.6478 0.7618 -0.0002
vn 1.0000 0.0054 0.0002
vn 0.9994 0.0344 0.0001
vn 0.9995 0.0329 -0.0000
vn 0.9770 -0.2131 0.0003
vn 1.0000 -0.0058 -0.0004
vn 0.9720 -0.2349 -0.0001
vn 0.9721 -0.2345 0.0002
vn 0.9971 -0.0761 -0.0002
vn 0.9956 0.0935 0.0003
vn 0.9975 -0.0713 0.0002
vn 0.9986 0.0522 0.0008
vn 0.9963 0.0855 -0.0010
vn 0.8087 -0.5883 0.0005
vn 0.8230 -0.5681 -0.0014
vn 0.2466 -0.9691 0.0001
vn -0.0402 -0.9992 0.0001
vn 0.2444 -0.9697 -0.0002
vn -0.1569 -0.9876 0.0007
vn -0.0294 -0.9996 0.0012
vn -0.0797 -0.9968 -0.0005
vn -0.1554 -0.9878 0.0015
vn 0.1593 -0.9872 -0.0008
vn -0.0530 -0.9986 0.0008
vn 0.1611 -0.9869 0.0002
vn 0.1640 -0.9865 -0.0002
vn -0.1329 -0.9911 0.0001
vn -0.1471 -0.9891 0.0002
vn -0.1352 -0.9908 -0.0001
vn -0.0344 -0.9994 -0.0004
vn -0.1477 -0.9890 0.0002
vn 0.0621 -0.9981 -0.0007
vn -0.0207 -0.9998 0.0006
vn 0.0499 -0.9988 -0.0008
vn 0.0773 -0.9970 0.0006
vn -0.0169 -0.9999 0.0006
vn 0.0076 -1.0000 -0.0004
vn -0.0766 -0.9971 0.0012
vn -0.0041 -1.0000 -0.0007
vn 0.0342 -0.9994 -0.0000
vn 0.0343 -0.9994 0.0002
vn 0.0127 -0.9999 -0.0006
vn -0.0703 -0.9975 -0.0008
vn -0.0847 -0.9964 0.0001
vn 0.1176 -0.9931 0.0005
vn 0.1167 -0.9932 0.0005
vn -0.0236 -0.9997 0.0016
vn 0.0804 -0.9968 -0.0012
vn -0.2229 -0.9748 0.0009
vn -0.1630 -0.9866 -0.0009
vn -0.7564 -0.6541 0.0003
vn -0.2333 -0.9724 0.0002
vn -0.9998 -0.0186 0.0004
vn -0.7599 -0.6500 -0.0007
vn -0.9850 0.1723 0.0001
vn -0.9858 0.1680 -0.0003
vn -0.9696 0.2446 -0.0001
vn -0.9698 0.2437 -0.0002
vn -0.9694 0.2456 0.0001
vn -0.9680 0.2510 0.0001
vn -0.7335 0.6797 0.0007
vn -0.1547 0.9880 0.0005
vn -0.7026 0.7116 -0.0012
vn -0.0921 0.9958 0.0004
vn -0.1143 0.9934 -0.0010
vn -0.0557 0.9984 0.0007
vn -0.1108 0.9938 -0.0009
vn 0.0795 0.9968 -0.0006
vn 0.0909 0.9959 -0.0003
vn -0.2481 0.9687 -0.0013
vn 0.0089 1.0000 0.0012
vn -0.5279 0.8493 -0.0000
vn -0.3370 0.9415 0.0013
vn -0.1643 0.9864 0.0020
vn -0.3453 0.9385 -0.0006
vn 0.3952 0.9186 0.0015
vn 0.1856 0.9826 -0.0026
vn 0.3584 0.9336 -0.0000
vn 0.3357 0.9420 -0.0011
vn 0.0372 0.9993 -0.0001
vn -0.0231 0.9997 0.0002
vn 0.0308 0.9995 -0.0000
vn -0.0051 1.0000 0.0004
vn -0.0198 0.9998 -0.0001
vn 0.0231 0.9997 0.0001
vn 0.0002 1.0000 -0.0002
vn 0.0562 0.9984 -0.0001
vn 0.0454 0.9990 0.0007
vn -0.0943 0.9955 -0.0009
vn -0.3147 0.9492 -0.0012
vn -0.1391 0.9903 0.0015
vn -0.0987 0.9951 -0.0004
vn -0.3641 0.9314 0.0009
vn 0.2409 0.9705 -0.0000
vn 0.2376 0.9714 -0.0002
vn -0.0600 0.9982 -0.0000
vn -0.1668 0.9860 0.0001
vn -0.1651 0.9863 0.0002
vn -0.1093 0.9940 -0.0001
vn -0.0060 1.0000 0.0004
vn -0.1124 0.9937 0.0003
vn 0.0041 1.0000 0.0003
vn 0.1507 0.9886 -0.0010
vn 0.2108 0.9775 -0.0006
vn 0.0071 1.0000 0.0002
vn 0.4911 0.8711 -0.0004
vn 0.5033 0.8641 -0.0000
vn 0.7981 0.6025 0.0001
vn 0.8025 0.5967 0.0001
vn 0.9995 0.0322 0.0002
vn 0.9996 0.0280 -0.0001
vn 0.9991 0.0419 -0.0003
vn 0.9981 0.0613 -0.0010
vn 0.9669 0.2551 -0.0001
vn 0.9940 -0.1097 0.0010
vn 0.9997 0.0252 -0.0013
vn 0.9363 -0.3512 -0.0000
vn 0.9916 -0.1290 -0.0005
vn 0.9502 -0.3116 -0.0004
vn 0.9435 -0.3313 0.0004
vn 0.9696 -0.2448 0.0002
vn 0.9576 -0.2882 0.0003
vn 0.8622 -0.5065 0.0006
vn 0.9658 -0.2592 -0.0005
vn 0.7022 -0.7120 0.0004
vn 0.8504 -0.5261 -0.0006
vn 0.6413 -0.7673 0.0002
vn 0.6934 -0.7206 -0.0002
vn 0.4390 -0.8985 0.0001
vn 0.4347 -0.9006 -0.0000
vn -0.0686 -0.9976 -0.0003
vn -0.3683 -0.9297 -0.0002
vn -0.0693 -0.9976 0.0002
vn -0.4830 -0.8756 0.0001
vn -0.4842 -0.8750 -0.0000
vn -0.7479 -0.6638 -0.0000
vn -0.7678 -0.6406 -0.0004
vn -0.7499 -0.6616 -0.0000
vn -0.4808 -0.8768 -0.0005
vn -0.4930 -0.8700 0.0005
vn -0.3226 -0.9465 -0.0002
vn -0.3295 -0.9442 0.0001
vn -0.3498 -0.9368 0.0002
vn -0.6430 -0.7659 -0.0001
vn -0.3622 -0.9321 -0.0007
vn -0.6782 -0.7348 -0.0004
vn -0.5766 -0.8171 0.0010
vn -0.8105 -0.5857 0.0021
vn -0.8251 -0.5650 0.0011
vn -0.9951 0.0986 0.0009
vn -0.9785 -0.2063 -0.0010
vn -0.9468 0.3218 -0.0006
vn -0.9412 0.3377 -0.0000
vn -0.9574 0.2886 0.0004
vn -0.7758 0.6310 0.0002
vn -0.9576 0.2880 0.0004
vn -0.1931 0.9812 0.0003
vn -0.7658 0.6431 0.0003
vn 0.2250 0.9744 0.0002
vn -0.1708 0.9853 -0.0004
vn 0.4052 0.9142 0.0002
vn 0.2315 0.9728 -0.0002
vn 0.3667 0.9304 0.0009
vn 0.4112 0.9116 -0.0002
vn 0.3270 0.9450 0.0011
vn 0.3176 0.9482 -0.0003
vn 0.3915 0.9202 -0.0009
vn 0.3062 0.9520 -0.0012
vn 0.3557 0.9346 0.0004
vn 0.4316 0.9021 0.0002
vn 0.4441 0.8960 0.0009
vn 0.4462 0.8949 0.0002
vn 0.6629 0.7487 0.0009
vn 0.4471 0.8945 0.0002
vn 0.9568 0.2906 -0.0002
vn 0.9943 -0.1064 -0.0003
vn 0.9930 -0.1181 0.0019
vn 0.9980 0.0636 0.0009
vn 0.9873 -0.1587 0.0005
vn 0.9991 -0.0414 0.0007
vn 0.9999 -0.0108 -0.0002
vn 0.9526 -0.3042 0.0002
vn 0.9516 -0.3072 -0.0003
vn 0.7132 -0.7010 0.0002
vn 0.7461 -0.6659 -0.0001
vn 0.7072 -0.7070 -0.0001
vn 0.6519 -0.7583 -0.0002
vn 0.7499 -0.6616 0.0002
vn 0.1262 -0.9920 0.0001
vn 0.6577 -0.7533 0.0001
vn -0.1282 -0.9917 0.0001
vn 0.1197 -0.9928 -0.0002
vn 0.1204 -0.9927 0.0001
vn 0.1223 -0.9925 -0.0000
vn 0.1436 -0.9896 0.0005
vn 0.1702 -0.9854 -0.0004
vn -0.3560 -0.9345 0.0003
vn -0.3327 -0.9430 -0.0006
vn -0.8622 -0.5066 -0.0001
vn -1.0000 -0.0091 -0.0009
vn -0.8604 -0.5097 0.0002
vn -0.9999 -0.0139 -0.0006
vn -0.9975 0.0702 0.0005
vn -0.9996 0.0272 0.0004
vn -0.9996 -0.0300 -0.0003
vn -0.9734 0.2289 -0.0005
vn -0.9643 0.2650 0.0002
vn -0.9891 0.1474 -0.0006
vn -0.9815 0.1913 0.0001
vn -0.9638 0.2665 0.0005
vn -0.7100 0.7042 0.0007
vn -0.9532 0.3022 -0.0007
vn -0.5546 0.8321 0.0001
vn -0.6766 0.7363 -0.0006
vn -0.6681 0.7441 -0.0005
vn -0.6493 0.7605 0.0008
vn -0.4516 0.8922 0.0007
vn -0.4776 0.8786 -0.0000
vn 0.0974 0.9952 0.0008
vn 0.0417 0.9991 -0.0007
vn 0.1891 0.9820 -0.0003
vn -0.1436 0.9896 -0.0001
vn 0.1844 0.9829 -0.0000
vn -0.4860 0.8739 -0.0004
vn -0.1517 0.9884 0.0003
vn -0.2907 0.9568 -0.0004
vn -0.5020 0.8649 0.0004
vn 0.0996 0.9950 -0.0001
vn -0.3018 0.9534 0.0002
vn 0.5884 0.8086 0.0011
vn 0.3191 0.9477 -0.0018
vn 0.9758 0.2189 0.0009
vn 0.8690 0.4948 -0.0021
vn 0.9942 0.1073 -0.0002
vn 0.9942 0.1075 -0.0003
vn 0.9877 0.1564 0.0011
vn 0.9891 0.1472 0.0008
vn 0.9999 0.0104 0.0001
vn 0.9996 0.0299 0.0001
vn 0.9713 0.2377 0.0003
vn 0.9983 -0.0590 -0.0006
vn 0.9892 -0.1468 -0.0008
vn 0.9989 -0.0476 0.0005
vn 0.9046 -0.4263 0.0002
vn 0.8871 -0.4615 -0.0012
vn 0.7321 -0.6812 0.0015
vn 0.2821 -0.9594 -0.0002
vn 0.6791 -0.7340 -0.0015
vn 0.0116 -0.9999 -0.0011
vn -0.0182 -0.9998 -0.0001
vn 0.1386 -0.9903 0.0019
vn -0.0138 -0.9999 0.0015
vn 0.0310 -0.9995 -0.0002
vn -0.1194 -0.9928 -0.0002
vn -0.2934 -0.9560 0.0001
vn -0.1158 -0.9933 -0.0000
vn -0.8515 -0.5243 0.0002
vn -0.2975 -0.9547 -0.0001
vn -0.9921 0.1254 -0.0001
vn -0.8555 -0.5178 -0.0001
vn -0.9985 0.0543 -0.0002
vn -0.9982 0.0598 -0.0000
vn -0.9840 0.1782 0.0001
vn -0.9138 0.4062 -0.0001
vn -0.9843 0.1764 0.0001
vn -0.9891 0.1470 -0.0002
vn -0.9175 0.3978 0.0002
vn -0.9998 0.0187 -0.0002
vn -0.9899 0.1414 -0.0000
vn -0.9937 0.1120 0.0004
vn -0.9998 0.0216 -0.0003
vn -0.9614 0.2752 0.0006
vn -0.9916 0.1292 -0.0006
vn -0.7305 0.6829 0.0001
vn -0.9561 0.2930 -0.0005
vn -0.5337 0.8457 -0.0004
vn -0.7358 0.6772 0.0003
vn -0.4519 0.8921 0.0003
vn -0.5491 0.8358 0.0005
vn -0.0457 0.9990 0.0009
vn -0.3591 0.9333 -0.0015
vn 0.1665 0.9860 0.0005
vn 0.0934 0.9956 -0.0017
vn 0.0601 0.9982 -0.0000
vn 0.0173 0.9998 -0.0001
vn 0.0666 0.9978 -0.0003
vn 0.6050 0.7962 -0.0000
vn 0.6022 0.7983 0.0002
vn 0.9694 0.2457 -0.0000
vn 0.5632 0.8264 -0.0002
vn 0.5597 0.8287 -0.0001
vn 0.9984 -0.0568 0.0011
vn 0.9684 0.2495 0.0005
vn 0.9835 -0.1810 0.0007
vn 0.9898 -0.1427 -0.0014
vn 0.9983 0.0584 0.0003
vn 0.9817 -0.1904 -0.0002
vn 0.9917 0.1283 0.0017
vn 0.9990 0.0454 -0.0011
vn 0.9901 -0.1406 0.0022
vn 0.9993 0.0381 -0.0024
vn 0.9083 -0.4182 0.0024
vn 0.9610 -0.2767 -0.0023
vn 0.4894 -0.8721 0.0018
vn 0.8460 -0.5332 -0.0018
vn -0.0394 -0.9992 -0.0005
vn 0.4313 -0.9022 -0.0007
vn -0.0685 -0.9977 0.0008
vn -0.0612 -0.9981 -0.0002
vn -0.0971 -0.9953 0.0019
vn -0.0375 -0.9993 -0.0013
vn -0.4594 -0.8883 0.0004
vn -0.1473 -0.9891 -0.0014
vn -0.5295 -0.8483 0.0001
vn -0.4614 -0.8872 0.0001
vn -0.4274 -0.9040 0.0001
vn -0.4302 -0.9027 0.0001
vn -0.7420 -0.6704 -0.0000
vn -0.9615 -0.2748 -0.0002
vn -0.9609 -0.2769 -0.0001
vn -0.9729 0.2310 -0.0005
vn -0.9253 0.3793 0.0004
vn -0.9807 0.1955 0.0006
vn -0.9634 0.2679 0.0019
vn -0.9719 0.2354 -0.0007
vn -0.9364 0.3510 0.0001
vn -0.9339 0.3575 -0.0002
vn -0.9631 0.2691 -0.0013
vn -0.9377 0.3474 0.0007
vn -0.9324 0.3614 0.0002
vn -0.9734 0.2291 0.0004
vn -0.5667 0.8239 0.0004
vn -0.9278 0.3731 -0.0003
vn -0.1300 0.9915 -0.0000
vn -0.5542 0.8324 -0.0003
vn 0.1142 0.9935 0.0002
vn -0.1285 0.9917 -0.0001
vn 0.3477 0.9376 0.0003
vn 0.1204 0.9927 -0.0003
vn 0.3668 0.9303 -0.0000
vn 0.3531 0.9356 -0.0001
vn 0.3745 0.9272 -0.0001
vn 0.3641 0.9314 0.0002
vn 0.3640 0.9314 -0.0000
vn 0.3727 0.9279 -0.0000
vn 0.5053 0.8630 0.0001
vn 0.3669 0.9303 -0.0000
vn 0.5532 0.8331 -0.0001
vn 0.5071 0.8619 -0.0000
vn 0.2254 0.9743 -0.0003
vn 0.5425 0.8401 0.0003
vn 0.2141 0.9768 0.0001
vn 0.9918 0.1277 -0.0000
vn 0.7929 0.6094 -0.0000
vn 0.7939 0.6081 -0.0001
vn 0.9171 -0.3987 0.0008
vn 0.9918 0.1280 -0.0000
vn 0.8280 -0.5607 0.0009
vn 0.7996 -0.6006 -0.0008
vn 0.8319 -0.5549 0.0008
vn 0.8034 -0.5954 -0.0015
vn 0.7311 -0.6822 0.0008
vn 0.7565 -0.6540 -0.0025
vn 0.6582 -0.7528 -0.0002
vn 0.7047 -0.7095 -0.0000
vn 0.6981 -0.7160 -0.0000
vn 0.6236 -0.7818 -0.0002
vn 0.6116 -0.7911 0.0008
vn 0.5558 -0.8313 -0.0006
vn 0.6642 -0.7475 0.0005
vn 0.6627 -0.7488 0.0004
vn 0.6512 -0.7589 0.0008
vn 0.6601 -0.7512 -0.0002
vn 0.6522 -0.7580 -0.0002
vn 0.6466 -0.7628 0.0004
vn 0.6724 -0.7402 0.0001
vn 0.6677 -0.7444 0.0009
vn 0.5876 -0.8091 0.0001
vn 0.5884 -0.8086 -0.0000
vn 0.5160 -0.8566 -0.0000
vn 0.4299 -0.9029 0.0001
vn 0.5146 -0.8574 -0.0001
vn 0.3218 -0.9468 -0.0000
vn 0.4274 -0.9041 -0.0001
vn 0.4639 -0.8859 -0.0000
vn 0.3244 -0.9459 0.0001
vn 0.4227 -0.9063 0.0001
vn 0.4646 -0.8855 -0.0000
vn 0.4339 -0.9010 -0.0000
vn 0.4193 -0.9079 -0.0001
vn 0.5338 -0.8456 -0.0004
vn 0.4352 -0.9003 0.0001
vn 0.5555 -0.8315 -0.0007
vn 0.5263 -0.8503 0.0004
vn 0.5823 -0.8130 0.0005
vn 0.6102 -0.7923 -0.0003
vn 0.3932 -0.9194 0.0009
vn 0.4659 -0.8848 -0.0015
vn 0.3501 -0.9367 -0.0002
vn 0.3548 -0.9349 -0.0003
vn 0.4356 -0.9002 -0.0002
vn 0.4306 -0.9025 0.0002
vn 0.6538 -0.7567 -0.0001
vn 0.6528 -0.7575 -0.0001
vn 0.5216 -0.8532 -0.0000
vn -0.0890 -0.9960 0.0002
vn 0.5190 -0.8548 -0.0002
vn -0.6229 -0.7823 -0.0006
vn -0.0860 -0.9963 0.0002
vn -0.8967 -0.4425 -0.0008
vn -0.8587 -0.5124 0.0005
vn -0.7512 -0.6600 -0.0000
vn -0.8713 -0.4907 -0.0001
vn -0.5460 -0.8378 0.0002
vn -0.7566 -0.6539 -0.0002
vn -0.6928 -0.7212 -0.0000
vn -0.5569 -0.8305 -0.0003
vn -0.8123 -0.5832 -0.0001
vn -0.6953 -0.7187 -0.0002
vn -0.8803 -0.4744 0.0001
vn -0.8115 -0.5843 -0.0000
vn -0.8501 -0.5266 -0.0000
vn -0.8815 -0.4722 -0.0000
vn -0.9960 -0.0890 -0.0002
vn -0.9975 -0.0710 0.0005
vn -0.7298 0.6837 -0.0000
vn -0.7543 0.6565 -0.0000
vn -0.7295 0.6840 -0.0000
vn -0.8851 0.4655 -0.0002
vn -0.8875 0.4608 0.0001
vn -0.5365 0.8439 -0.0005
vn -0.3334 0.9428 -0.0005
vn -0.6186 0.7857 0.0016
vn -0.2807 0.9598 -0.0007
vn -0.1754 0.9845 0.0014
vn -0.2344 0.9722 -0.0003
vn -0.5381 0.8429 -0.0003
vn -0.5282 0.8491 0.0003
vn -0.7108 0.7034 -0.0007
vn -0.6982 0.7159 0.0003
vn -0.7201 0.6938 0.0012
vn -0.6730 0.7396 -0.0015
vn -0.4954 0.8686 0.0021
vn -0.3995 0.9167 0.0004
vn -0.4352 0.9003 -0.0016
vn -0.5876 0.8092 -0.0005
vn -0.3990 0.9170 0.0004
vn -0.5275 0.8496 -0.0007
vn -0.5978 0.8017 0.0004
vn -0.5172 0.8559 -0.0003
vn -0.5093 0.8606 0.0004
vn -0.5963 0.8028 -0.0016
vn -0.5684 0.8227 0.0008
vn -0.5662 0.8243 -0.0004
vn -0.5695 0.8220 -0.0000
vn -0.6701 0.7423 0.0013
vn -0.6230 0.7822 0.0001
vn -0.6776 0.7354 0.0001
vn -0.6543 0.7562 -0.0000
vn -0.4937 0.8697 0.0002
vn -0.6764 0.7365 -0.0000
vn -0.4636 0.8860 -0.0011
vn -0.5034 0.8640 0.0008
vn -0.6640 0.7477 -0.0006
vn -0.5658 0.8246 0.0009
vn -0.6794 0.7338 0.0005
vn -0.6841 0.7294 -0.0000
vn -0.6746 0.7381 0.0001
vn -0.6640 0.7478 0.0001
vn -0.6848 0.7288 -0.0000
vn -0.6825 0.7309 0.0001
vn -0.6621 0.7494 -0.0000
vn -0.8011 0.5985 -0.0000
vn -0.6827 0.7307 0.0001
vn -0.7827 0.6224 0.0012
vn -0.8032 0.5958 0.0006
vn -0.7209 0.6930 0.0011
vn -0.7444 0.6678 -0.0004
vn -0.6140 0.7893 -0.0002
vn -0.7129 0.7013 -0.0001
vn -0.3354 0.9421 0.0006
vn -0.2919 0.9565 -0.0010
vn 0.0999 0.9950 0.0012
vn 0.5513 0.8343 0.0005
vn 0.1681 0.9858 -0.0009
vn 0.7605 0.6493 -0.0000
vn 0.5700 0.8217 -0.0001
vn 0.7725 0.6350 -0.0000
vn 0.7601 0.6498 0.0001
vn 0.7278 0.6858 -0.0006
vn 0.7712 0.6366 0.0003
vn 0.6851 0.7284 0.0008
vn 0.7249 0.6888 -0.0003
vn 0.6525 0.7577 0.0013
vn 0.6753 0.7376 0.0003
vn 0.6706 0.7418 0.0003
vn 0.9136 0.4065 0.0016
vn 0.6766 0.7364 -0.0009
vn 0.5884 0.8086 0.0007
vn 0.9973 0.0737 0.0008
vn 0.9855 0.1697 -0.0019
vn 0.9997 -0.0246 -0.0001
vn 0.9987 -0.0502 0.0001
vn 0.9997 -0.0236 -0.0000
vn 0.9940 -0.1096 -0.0000
vn 0.9991 -0.0424 0.0007
vn 0.9939 -0.1100 -0.0008
vn 0.9905 -0.1377 0.0007
vn 0.9829 -0.1843 -0.0007
vn 0.9893 -0.1456 -0.0001
vn 0.9890 -0.1479 0.0001
vn 0.9889 -0.1483 0.0001
vn 0.9888 -0.1493 0.0001
vn 0.9996 0.0294 -0.0000
vn 0.9998 -0.0200 0.0005
vn 0.9970 -0.0776 -0.0006
vn 0.7987 -0.6017 0.0007
vn 0.7027 -0.7115 -0.0007
vn 0.7906 -0.6123 0.0006
vn 0.9150 -0.4034 -0.0009
vn 0.8488 -0.5287 0.0017
vn 0.9725 -0.2328 0.0001
vn 0.9722 -0.2342 0.0002
vn 0.9581 -0.2865 0.0003
vn 0.9029 -0.4298 0.0006
vn 0.9555 -0.2950 -0.0007
vn 0.8937 -0.4487 0.0004
vn 0.8969 -0.4423 -0.0007
vn 0.9263 -0.3767 0.0002
vn 0.9262 -0.3771 -0.0000
vn 0.8929 -0.4503 -0.0005
vn 0.8210 -0.5709 -0.0006
vn 0.8614 -0.5079 0.0001
vn 0.6918 -0.7221 -0.0000
vn 0.6928 -0.7211 0.0001
vn 0.7298 -0.6837 -0.0001
vn 0.7597 -0.6502 -0.0008
vn 0.7352 -0.6778 0.0002
vn 0.6376 -0.7704 -0.0005
vn 0.6819 -0.7314 -0.0010
vn 0.7679 -0.6405 -0.0000
vn 0.6445 -0.7646 0.0001
vn 0.7587 -0.6515 0.0008
vn 0.7653 -0.6437 -0.0003
vn 0.4860 -0.8740 0.0001
vn 0.7133 -0.7008 -0.0016
vn 0.7072 -0.7070 -0.0005
vn 0.7263 -0.6874 -0.0017
vn 0.6499 -0.7600 0.0003
vn 0.6378 -0.7702 0.0002
vn 0.6337 -0.7736 0.0001
vn 0.8948 -0.4464 -0.0000
vn 0.7175 -0.6966 0.0001
vn 0.8933 -0.4494 -0.0001
vn 0.7226 -0.6912 0.0006
vn 0.2833 -0.9590 -0.0000
vn 0.2997 -0.9540 -0.0009
vn 0.0449 -0.9990 -0.0000
vn -0.2526 -0.9676 -0.0000
vn 0.0473 -0.9989 0.0001
vn -0.5485 -0.8361 -0.0019
vn -0.2505 -0.9681 0.0001
vn -0.8976 -0.4408 -0.0010
vn -0.8528 -0.5222 0.0006
vn -0.8828 -0.4698 0.0001
vn -0.9012 -0.4334 -0.0000
vn -0.7579 -0.6524 -0.0012
vn -0.8818 -0.4716 0.0009
vn -0.6488 -0.7609 -0.0007
vn -0.6856 -0.7280 0.0016
vn -0.9008 -0.4343 -0.0000
vn -0.9051 -0.4251 0.0006
vn -0.9938 -0.1114 -0.0001
vn -0.9926 0.1214 0.0010
vn -0.9936 -0.1129 -0.0000
vn -0.8205 0.5717 0.0013
vn -0.9846 0.1750 -0.0023
vn -0.7081 0.7061 0.0017
vn -0.7270 0.6866 -0.0011
vn -0.6881 0.7256 -0.0003
vn -0.7857 0.6186 -0.0006
vn -0.7472 0.6646 0.0013
vn -0.7707 0.6372 0.0008
vn -0.7815 0.6240 -0.0006
vn -0.6931 0.7208 0.0004
vn -0.6992 0.7149 -0.0008
vn -0.7802 0.6256 -0.0000
vn -0.9454 0.3260 -0.0004
vn -0.7823 0.6229 0.0003
vn -0.9686 0.2487 0.0003
vn -0.9601 0.2796 -0.0007
vn -0.8639 0.5037 0.0012
vn -0.8647 0.5024 0.0011
vn -0.8347 0.5507 -0.0011
vn -0.9521 0.3057 0.0004
vn -0.9471 0.3211 0.0002
vn -0.8644 0.5028 0.0001
vn -0.8545 0.5194 0.0009
vn -0.8139 0.5810 -0.0012
vn -0.9475 0.3198 -0.0022
vn -0.9261 0.3773 0.0019
vn -0.9918 0.1278 -0.0007
vn -0.9868 0.1617 0.0014
vn -0.9697 0.2442 0.0003
vn -0.9692 0.2462 -0.0012
vn -0.9682 0.2501 -0.0003
vn -0.9836 -0.1806 -0.0025
vn -0.9980 0.0627 0.0023
vn -0.8022 -0.5970 -0.0014
vn -0.9035 -0.4286 0.0021
vn -0.3633 -0.9317 -0.0001
vn -0.4109 -0.9117 0.0007
vn -0.1328 -0.9911 0.0001
vn 0.0187 -0.9998 -0.0002
vn -0.1344 -0.9909 -0.0000
vn -0.1007 -0.9949 -0.0006
vn 0.0251 -0.9997 0.0001
vn -0.3366 -0.9417 -0.0007
vn -0.0854 -0.9963 0.0007
vn -0.3583 -0.9336 -0.0006
vn -0.3208 -0.9471 0.0007
vn -0.3383 -0.9410 -0.0002
vn -0.3384 -0.9410 -0.0001
vn 0.1059 -0.9944 -0.0001
vn 0.6406 -0.7679 -0.0002
vn 0.1197 -0.9928 0.0003
vn 0.8968 -0.4424 0.0001
vn 0.6529 -0.7574 0.0003
vn 0.8979 -0.4402 0.0001
vn 0.8884 -0.4590 -0.0012
vn 0.8185 -0.5745 -0.0000
vn 0.8879 -0.4600 -0.0013
vn 0.6191 -0.7854 0.0001
vn 0.6251 -0.7806 -0.0000
vn 0.4193 -0.9079 0.0001
vn 0.0795 -0.9968 0.0005
vn 0.4205 -0.9073 0.0002
vn -0.4587 -0.8886 0.0003
vn -0.4435 -0.8963 -0.0003
vn -0.5805 -0.8142 -0.0000
vn -0.5732 -0.8194 -0.0000
vn -0.3529 -0.9357 -0.0000
vn -0.2031 -0.9792 0.0011
vn -0.3398 -0.9405 0.0007
vn -0.3872 -0.9220 0.0014
vn -0.2104 -0.9776 -0.0000
vn -0.3685 -0.9296 0.0004
vn -0.4110 -0.9116 -0.0006
vn -0.0752 -0.9972 -0.0000
vn -0.3762 -0.9266 -0.0000
vn -0.4173 -0.9088 0.0002
vn -0.0751 -0.9972 -0.0000
vn -0.9497 -0.3130 0.0001
vn -0.4196 -0.9077 -0.0001
vn -0.9602 0.2792 -0.0001
vn -0.9500 -0.3121 -0.0001
vn -0.8341 0.5516 -0.0009
vn -0.9604 0.2786 -0.0001
vn -0.8802 0.4745 -0.0003
vn -0.8728 0.4881 0.0001
vn -0.9696 0.2448 0.0008
vn -0.9643 0.2650 0.0012
vn -0.9636 0.2672 -0.0008
vn -0.8593 0.5115 0.0009
vn -0.9511 0.3088 -0.0015
vn -0.7927 0.6095 0.0001
vn -0.8485 0.5292 -0.0003
vn -0.9251 0.3797 -0.0000
vn -0.7920 0.6105 0.0001
vn -0.9843 0.1766 -0.0001
vn -0.9253 0.3793 0.0001
vn -0.9180 0.3966 0.0002
vn -0.9846 0.1747 -0.0000
vn -0.9075 0.4200 -0.0002
vn -0.9239 0.3827 0.0012
vn -0.8972 0.4415 -0.0016
vn -0.9168 0.3993 0.0013
vn -0.8756 0.4831 -0.0013
vn -0.8156 0.5786 0.0010
vn -0.9609 0.2768 -0.0002
vn -0.9616 0.2746 -0.0005
vn -0.9483 0.3173 0.0001
vn -0.9257 0.3782 0.0002
vn -0.9496 0.3133 0.0002
vn -0.9654 0.2608 0.0001
vn -0.9266 0.3759 0.0002
vn -0.9604 0.2787 0.0001
vn -0.9649 0.2626 -0.0001
vn -0.8962 0.4437 0.0003
vn -0.9596 0.2814 -0.0002
vn -0.6579 0.7531 0.0004
vn -0.8938 0.4486 -0.0002
vn -0.1708 0.9853 0.0007
vn -0.6044 0.7967 -0.0033
vn 0.3006 0.9538 -0.0006
vn 0.1275 0.9918 -0.0037
vn 0.5387 0.8425 -0.0005
vn 0.4728 0.8812 -0.0001
vn 0.5060 0.8625 0.0006
vn 0.5158 0.8567 0.0003
vn 0.4819 0.8762 -0.0000
vn 0.5155 0.8569 -0.0000
vn 0.3832 0.9236 -0.0014
vn 0.4825 0.8759 -0.0000
vn 0.0906 0.9959 -0.0008
vn 0.1840 0.9829 0.0017
vn 0.1889 0.9820 0.0006
vn 0.0111 0.9999 0.0004
vn 0.6545 0.7560 0.0018
vn 0.2085 0.9780 -0.0002
vn 0.9825 0.1861 0.0019
vn 0.8158 0.5783 -0.0023
vn 0.9613 -0.2754 -0.0006
vn 0.9574 -0.2886 0.0001
vn 0.8199 -0.5725 -0.0007
vn 0.9353 -0.3538 0.0006
vn 0.6129 -0.7901 -0.0001
vn 0.6142 -0.7892 -0.0001
vn 0.7635 -0.6458 -0.0001
vn 0.7701 -0.6379 -0.0000
vn 0.9717 -0.2361 -0.0006
vn 0.9774 0.2116 -0.0011
vn 0.9794 -0.2022 0.0008
vn 0.7312 0.6821 -0.0006
vn 0.9548 0.2972 0.0010
vn 0.5013 0.8653 -0.0004
vn 0.6853 0.7282 0.0011
vn 0.4051 0.9143 -0.0013
vn 0.4891 0.8722 0.0008
vn 0.2233 0.9748 -0.0015
vn 0.3591 0.9333 0.0012
vn 0.1878 0.9822 -0.0001
vn 0.1764 0.9843 0.0007
vn 0.3368 0.9416 0.0005
vn 0.1865 0.9825 -0.0001
vn 0.2550 0.9669 -0.0000
vn 0.3385 0.9410 0.0001
vn 0.1907 0.9817 0.0008
vn 0.2632 0.9647 -0.0004
vn 0.3659 0.9307 0.0008
vn 0.2257 0.9742 -0.0012
vn 0.3859 0.9225 -0.0009
vn 0.3800 0.9250 -0.0001
vn 0.5247 0.8513 -0.0009
vn 0.3502 0.9367 0.0012
vn 0.6392 0.7691 -0.0012
vn 0.5014 0.8652 0.0008
vn 0.4247 0.9054 -0.0015
vn 0.5401 0.8416 0.0014
vn 0.9940 -0.1091 0.0001
vn 0.9800 0.1989 -0.0001
vn 0.9816 0.1909 -0.0005
vn 0.9004 -0.4351 0.0002
vn 0.9936 -0.1133 -0.0001
vn 0.9398 -0.3416 0.0003
vn 0.9263 -0.3767 0.0013
vn 0.9959 -0.0910 0.0004
vn 0.9743 -0.2254 0.0014
vn 0.9899 -0.1418 0.0003
vn 0.9809 -0.1945 -0.0001
vn 0.9812 -0.1928 -0.0001
vn 0.9993 -0.0386 -0.0000
vn 0.9927 0.1207 -0.0000
vn 0.9993 -0.0376 0.0001
vn 1.0000 -0.0012 -0.0001
vn 0.9920 0.1265 0.0002
vn 0.9915 -0.1302 0.0004
vn 0.9947 -0.1030 -0.0007
vn 0.8666 -0.4990 0.0013
vn 0.9024 -0.4308 -0.0009
vn 0.4282 -0.9037 0.0006
vn 0.4895 -0.8720 -0.0011
vn 0.0921 -0.9958 -0.0004
vn 0.1063 -0.9943 0.0002
vn 0.0095 -1.0000 -0.0004
vn 0.2040 -0.9790 -0.0000
vn 0.0239 -0.9997 0.0005
vn 0.2853 -0.9584 0.0001
vn 0.2845 -0.9587 0.0002
vn 0.1718 -0.9851 0.0001
vn 0.1848 -0.9828 0.0003
vn 0.2017 -0.9795 -0.0008
vn -0.2138 -0.9769 -0.0001
vn -0.2347 -0.9721 0.0005
vn -0.9861 -0.1663 -0.0001
vn -0.9874 -0.1582 0.0002
vn -0.9339 0.3577 0.0006
vn -0.9398 0.3418 0.0002
vn -0.9921 0.1254 -0.0004
vn -0.9840 0.1779 0.0009
vn -0.9699 -0.2434 -0.0009
vn -0.9834 -0.1813 0.0008
vn -0.9588 -0.2841 -0.0000
vn -0.9606 -0.2778 0.0003
vn -0.9939 -0.1099 -0.0002
vn -0.9802 -0.1979 -0.0002
vn -0.9937 -0.1123 0.0001
vn -0.9987 -0.0506 -0.0004
vn -0.9799 -0.1996 -0.0000
vn -0.9991 -0.0434 -0.0004
vn -0.9986 -0.0522 -0.0002
vn -0.9838 -0.1791 0.0003
vn -0.9991 -0.0418 -0.0002
vn -0.9497 -0.3132 0.0001
vn -0.9849 -0.1734 -0.0000
vn -0.9647 -0.2633 -0.0001
vn -0.9488 -0.3158 0.0003
vn -0.9992 0.0411 0.0003
vn -0.9716 -0.2366 -0.0011
vn -0.9990 -0.0439 0.0006
vn -0.9975 -0.0707 -0.0010
vn -0.9988 0.0485 0.0005
vn -0.9785 0.2061 -0.0003
vn -0.9984 0.0570 -0.0001
vn -0.9966 0.0822 -0.0003
vn -0.9949 0.1006 0.0005
vn -0.9370 0.3492 0.0013
vn -0.9654 0.2608 -0.0004
vn -0.6742 0.7385 0.0019
vn -0.7710 0.6368 -0.0016
vn -0.3382 0.9411 0.0007
vn -0.3745 0.9272 -0.0006
vn 0.0224 0.9997 -0.0000
vn 0.0053 1.0000 -0.0004
vn -0.1087 0.9941 0.0003
vn -0.1261 0.9920 -0.0006
vn -0.3063 0.9519 -0.0005
vn -0.4724 0.8814 -0.0008
vn -0.4146 0.9100 0.0012
vn -0.5122 0.8589 -0.0000
vn -0.4821 0.8761 0.0009
vn -0.1515 0.9885 0.0003
vn -0.1648 0.9863 -0.0003
vn -0.1957 0.9807 -0.0000
vn -0.2806 0.9598 0.0008
vn -0.1915 0.9815 -0.0003
vn 0.0613 0.9981 0.0025
vn -0.2031 0.9792 -0.0019
vn 0.6765 0.7364 0.0027
vn 0.5191 0.8547 -0.0032
vn 0.9850 0.1724 0.0006
vn 0.9709 0.2395 -0.0019
vn 0.9998 -0.0208 0.0002
vn 0.9999 -0.0166 -0.0003
vn 0.9996 -0.0292 -0.0004
vn 0.9851 0.1721 -0.0005
vn 0.9898 0.1423 0.0005
vn 0.9907 0.1360 0.0002
vn 0.9933 0.1159 -0.0011
vn 0.9933 -0.1158 -0.0002
vn 0.9985 -0.0546 -0.0006
vn 0.9952 -0.0982 -0.0002
vn 0.9878 0.1554 -0.0011
vn 0.9998 0.0221 0.0016
vn 0.9796 0.2009 0.0003
vn 0.6073 -0.7945 -0.0003
vn 0.6027 -0.7980 -0.0000
vn 0.6467 -0.7627 0.0009
vn 0.5814 -0.8136 -0.0001
vn 0.5740 -0.8189 0.0004
vn 0.4382 -0.8989 0.0003
vn 0.4538 -0.8911 -0.0009
vn -0.3220 -0.9467 -0.0006
vn -0.3367 -0.9416 -0.0010
vn -0.7322 -0.6811 -0.0024
vn -0.8281 -0.5606 0.0013
vn -0.5894 -0.8079 -0.0012
vn -0.6489 -0.7609 0.0014
vn -0.5188 -0.8549 0.0004
vn -0.5678 -0.8232 0.0003
vn -0.3896 -0.9210 -0.0001
vn -0.5252 -0.8510 -0.0000
vn -0.6667 -0.7453 -0.0003
vn -0.3862 -0.9224 -0.0001
vn -0.7391 -0.6736 -0.0002
vn -0.6593 -0.7519 0.0002
vn -0.6275 -0.7786 0.0015
vn -0.7421 -0.6703 -0.0004
vn -0.9006 -0.4347 0.0035
vn -0.6849 -0.7287 -0.0019
vn -0.9973 -0.0738 0.0018
vn -0.9399 -0.3414 -0.0013
vn -0.9991 -0.0418 0.0001
vn -0.9993 -0.0382 0.0001
vn -0.9254 0.3791 0.0009
vn -0.9992 -0.0401 -0.0000
vn -0.6167 0.7872 0.0007
vn -0.6305 0.7762 -0.0006
vn -0.6323 0.7747 -0.0002
vn -0.6347 0.7728 -0.0002
vn -0.8268 0.5626 -0.0000
vn -0.9459 0.3245 -0.0000
vn -0.8274 0.5616 0.0001
vn -0.9089 0.4171 0.0001
vn -0.9458 0.3246 -0.0000
vn -0.6706 0.7418 0.0003
vn -0.9088 0.4172 0.0001
vn -0.5599 0.8286 0.0003
vn -0.5835 0.8121 -0.0006
vn -0.7346 0.6785 0.0001
vn -0.8516 0.5242 -0.0000
vn -0.8282 0.5604 0.0002
vn -0.8501 0.5266 -0.0002
vn -0.9050 0.4254 0.0002
vn -0.8245 0.5659 -0.0002
vn -0.9748 0.2229 0.0002
vn -0.9029 0.4299 -0.0002
vn -0.9849 0.1731 0.0004
vn -0.9740 0.2264 -0.0001
vn -0.9701 0.2429 0.0002
vn -0.9705 0.2413 0.0004
vn -0.9667 0.2557 -0.0001
vn -0.9943 0.1065 -0.0002
vn -0.9681 0.2506 0.0002
vn -0.9828 0.1845 0.0014
vn -0.9525 0.3045 -0.0009
vn -0.9234 0.3839 0.0011
vn -0.9838 0.1795 0.0002
vn -0.9869 0.1611 -0.0008
vn -0.9980 0.0627 0.0006
vn -0.9985 0.0542 0.0003
vn -0.9724 0.2332 -0.0000
vn -0.9141 0.4055 0.0004
vn -0.9735 0.2287 0.0005
vn -0.9459 0.3245 0.0004
vn -0.9594 0.2821 -0.0014
vn -0.9922 -0.1249 -0.0001
vn -1.0000 0.0015 -0.0001
vn -0.9918 -0.1280 0.0001
vn -0.9804 0.1968 -0.0001
vn -1.0000 -0.0002 0.0001
vn -0.8405 0.5419 -0.0000
vn -0.9807 0.1954 0.0001
vn -0.3037 0.9528 0.0014
vn -0.8168 0.5769 -0.0012
vn 0.2199 0.9755 0.0007
vn 0.0387 0.9992 -0.0009
vn 0.2773 0.9608 -0.0008
vn 0.3269 0.9451 0.0010
vn -0.0170 0.9999 0.0014
vn -0.0054 1.0000 0.0006
vn 0.0465 0.9989 0.0026
vn -0.0362 0.9993 -0.0014
vn -0.0085 1.0000 0.0009
vn 0.1491 0.9888 -0.0016
vn -0.1930 0.9812 0.0001
vn 0.0170 0.9999 -0.0001
vn 0.0279 0.9996 0.0012
vn -0.1870 0.9824 -0.0003
vn 0.5264 0.8502 0.0030
vn 0.1127 0.9936 -0.0022
vn 0.9070 0.4210 0.0023
vn 0.7311 0.6823 -0.0036
vn 0.7639 0.6453 0.0006
vn 0.7229 0.6909 -0.0020
vn 0.6913 0.7226 0.0002
vn 0.9342 0.3567 0.0003
vn 0.6998 0.7143 -0.0002
vn 0.9928 0.1202 -0.0001
vn 0.9360 0.3521 0.0001
vn 0.9974 -0.0725 -0.0007
vn 0.9933 0.1156 -0.0003
vn 0.9923 -0.1242 -0.0003
vn 0.9976 -0.0690 -0.0003
vn 0.9786 -0.2059 -0.0000
vn 0.9922 -0.1246 -0.0002
vn 0.9941 -0.1083 -0.0000
vn 0.9943 -0.1071 -0.0001
vn 0.9928 -0.1201 -0.0004
vn 0.9802 -0.1979 0.0014
vn 0.9821 -0.1883 0.0004
vn 0.9624 -0.2716 0.0016
vn 0.9746 -0.2240 -0.0006
vn 0.9516 -0.3074 -0.0016
vn 0.9480 -0.3182 -0.0001
vn 0.9953 -0.0970 -0.0023
vn 0.9726 -0.2325 0.0024
vn 0.9913 -0.1316 -0.0006
vn 0.9995 -0.0313 0.0013
vn 0.9141 -0.4056 0.0005
vn 0.9921 -0.1253 -0.0021
vn 0.8567 -0.5159 0.0007
vn 0.9016 -0.4325 -0.0028
vn 0.8438 -0.5366 -0.0005
vn 0.8490 -0.5284 -0.0004
vn 0.7814 -0.6240 -0.0008
vn 0.7717 -0.6360 -0.0000
vn 0.7670 -0.6417 0.0003
vn 0.7499 -0.6616 0.0018
vn 0.8198 -0.5727 -0.0002
vn 0.6942 -0.7198 0.0024
vn 0.6517 -0.7585 -0.0009
vn 0.6680 -0.7441 -0.0009
vn 0.9999 -0.0113 -0.0012
vn 0.9997 -0.0225 0.0006
vn 0.9650 0.2621 -0.0001
vn 0.9937 -0.1118 -0.0012
vn 0.9849 -0.1734 0.0018
vn 0.9934 -0.1150 -0.0000
vn 0.9974 -0.0714 -0.0001
vn 0.9837 -0.1800 -0.0002
vn 0.9929 -0.1192 -0.0004
vn 0.9614 -0.2752 -0.0003
vn 0.9645 -0.2639 0.0018
vn 0.9312 -0.3646 -0.0004
vn 0.9213 -0.3889 0.0004
vn 0.9125 -0.4092 0.0005
vn 0.8491 -0.5283 0.0011
vn 0.7277 -0.6859 0.0003
vn 0.7316 -0.6818 -0.0002
vn 0.5147 -0.8574 -0.0000
vn 0.6787 -0.7344 0.0001
vn 0.5118 -0.8591 -0.0002
vn 0.7580 -0.6522 0.0002
vn 0.6746 -0.7382 -0.0002
vn 0.3698 -0.9291 0.0003
vn 0.7476 -0.6642 -0.0003
vn 0.4260 -0.9047 -0.0004
vn 0.3685 -0.9296 0.0002
vn 0.8467 -0.5321 -0.0010
vn 0.4827 -0.8758 0.0014
vn 0.9375 -0.3481 -0.0000
vn 0.8602 -0.5099 -0.0005
vn 0.8040 -0.5947 0.0005
vn 0.8378 -0.5459 -0.0019
vn 0.6053 -0.7960 0.0006
vn 0.6012 -0.7991 0.0009
vn 0.5944 -0.8042 -0.0006
vn 0.5789 -0.8154 0.0003
vn 0.5951 -0.8036 -0.0003
vn 0.3374 -0.9413 0.0001
vn 0.3513 -0.9363 -0.0004
vn 0.4940 -0.8695 -0.0000
vn 0.6179 -0.7863 -0.0001
vn 0.4909 -0.8712 -0.0002
vn 0.5113 -0.8594 -0.0000
vn 0.5127 -0.8586 0.0002
vn 0.5904 -0.8071 -0.0001
vn 0.6980 -0.7161 -0.0002
vn 0.5947 -0.8040 0.0002
vn 0.7445 -0.6676 -0.0001
vn 0.6993 -0.7148 -0.0000
vn 0.6289 -0.7775 0.0007
vn 0.7402 -0.6724 -0.0003
vn 0.3048 -0.9524 0.0007
vn 0.6015 -0.7989 -0.0009
vn 0.3960 -0.9183 0.0001
vn 0.3771 -0.9262 -0.0009
vn 0.6271 -0.7789 0.0007
vn 0.5193 -0.8546 0.0007
vn 0.5533 -0.8330 -0.0008
vn 0.7007 -0.7135 -0.0016
vn 0.8593 -0.5115 -0.0007
vn 0.8972 -0.4417 0.0005
vn 0.9158 -0.4017 0.0014
vn 0.8910 -0.4540 0.0001
vn 0.9546 -0.2980 0.0007
vn 0.9602 -0.2792 -0.0011
vn 0.9542 -0.2990 0.0015
vn 0.9678 -0.2517 -0.0008
vn 0.8980 -0.4400 0.0030
vn 0.9535 -0.3014 -0.0013
vn 0.7467 -0.6652 0.0032
vn 0.8239 -0.5667 -0.0025
vn 0.6412 -0.7674 0.0013
vn 0.7320 -0.6813 -0.0010
vn 0.6534 -0.7570 -0.0009
vn 0.6137 -0.7896 -0.0000
vn 0.7925 -0.6099 -0.0000
vn 0.6725 -0.7401 0.0008
vn 0.6160 -0.7877 0.0007
vn 0.6612 -0.7502 -0.0001
vn 0.0450 -0.9990 -0.0001
vn -0.3547 -0.9350 0.0001
vn 0.0474 -0.9989 -0.0000
vn -0.3496 -0.9369 -0.0005
vn -0.3212 -0.9470 -0.0003
vn -0.0689 -0.9976 -0.0001
vn -0.0265 -0.9996 0.0004
vn -0.0045 -1.0000 -0.0003
vn -0.3296 -0.9441 -0.0011
vn -0.3660 -0.9306 -0.0002
vn -0.5129 -0.8585 -0.0003
vn -0.5214 -0.8533 -0.0000
vn -0.4861 -0.8739 0.0007
vn -0.4924 -0.8704 -0.0000
vn -0.9399 -0.3416 -0.0000
vn -0.9382 -0.3461 0.0003
vn -0.9818 0.1897 -0.0005
vn -0.9802 0.1981 -0.0000
vn -0.9849 0.1729 0.0005
vn -0.8968 0.4425 0.0004
vn -0.9035 0.4287 -0.0003
vn -0.8357 0.5492 -0.0001
vn -0.8932 0.4498 -0.0006
vn -0.8436 0.5370 0.0002
vn -0.9505 0.3106 -0.0005
vn -0.9069 0.4213 0.0004
vn -0.9650 0.2623 0.0001
vn -0.9550 0.2965 0.0003
vn -0.9680 0.2509 0.0012
vn -0.9637 0.2671 -0.0002
vn -0.8571 0.5152 0.0006
vn -0.9514 0.3079 -0.0017
vn -0.8530 0.5219 -0.0010
vn -0.8307 0.5568 0.0010
vn -0.9836 0.1803 -0.0003
vn -0.9775 0.2112 0.0008
vn -0.9811 0.1937 0.0001
vn -0.9956 0.0933 -0.0001
vn -0.9809 0.1943 0.0001
vn -0.9940 -0.1094 0.0001
vn -0.9964 0.0849 0.0002
vn -0.9840 0.1781 0.0003
vn -0.9949 -0.1008 -0.0000
vn -0.9774 0.2116 -0.0000
vn -0.9809 0.1943 -0.0001
vn -0.9920 0.1260 -0.0000
vn -0.9775 0.2108 -0.0000
vn -0.9825 0.1862 -0.0000
vn -0.9922 0.1244 0.0001
vn -0.9665 0.2568 0.0003
vn -0.9759 0.2184 -0.0014
vn -0.8876 0.4605 0.0004
vn -0.9153 0.4029 -0.0018
vn -0.8976 0.4409 -0.0001
vn -0.8966 0.4429 -0.0006
vn -0.9836 0.1805 0.0006
vn -0.9491 0.3150 0.0002
vn -0.9522 0.3055 -0.0001
vn -0.9524 0.3049 -0.0003
vn -0.9545 0.2983 -0.0009
vn -0.9236 0.3833 0.0003
vn -0.5613 0.8276 0.0006
vn -0.9193 0.3936 -0.0002
vn -0.2141 0.9768 0.0010
vn -0.5343 0.8453 -0.0007
vn -0.1378 0.9905 -0.0006
vn -0.2469 0.9690 0.0007
vn -0.3146 0.9492 -0.0003
vn -0.2765 0.9610 0.0007
vn -0.2861 0.9582 0.0007
vn -0.2315 0.9728 -0.0001
vn 0.0491 0.9988 0.0002
vn -0.2331 0.9725 -0.0000
vn 0.6892 0.7246 -0.0008
vn 0.0517 0.9987 -0.0001
vn 0.7706 0.6373 -0.0006
vn 0.7888 0.6146 0.0005
vn 0.7196 0.6944 0.0005
vn 0.7069 0.7073 -0.0001
vn 0.9682 0.2501 0.0004
vn 0.9619 0.2734 -0.0004
vn 0.9997 0.0256 -0.0014
vn 0.7743 0.6329 -0.0036
vn 0.9596 0.2814 0.0018
vn -0.0357 0.9994 -0.0020
vn 0.5076 0.8616 0.0023
vn -0.5200 0.8542 -0.0001
vn -0.5127 0.8585 0.0002
vn -0.6554 0.7552 0.0001
vn -0.5964 0.8027 0.0001
vn -0.5976 0.8018 -0.0000
vn -0.6447 0.7645 -0.0001
vn -0.8410 0.5411 -0.0001
vn -0.6486 0.7611 0.0002
vn -0.8430 0.5379 -0.0000
vn -0.8444 0.5357 0.0001
vn -0.8314 0.5557 -0.0001
vn -0.9265 0.3763 -0.0007
vn -0.8326 0.5539 0.0001
vn -0.9999 0.0135 -0.0008
vn -0.9530 0.3030 0.0016
vn -0.9243 -0.3818 -0.0014
vn -0.9965 -0.0833 0.0019
vn -0.6550 -0.7556 -0.0020
vn -0.8622 -0.5066 0.0010
vn -0.2093 -0.9779 -0.0010
vn -0.5342 -0.8454 0.0013
vn -0.1013 -0.9949 0.0005
vn -0.1958 -0.9806 -0.0004
vn -0.2095 -0.9778 0.0012
vn -0.1363 -0.9907 -0.0007
vn -0.2169 -0.9762 -0.0012
vn -0.2573 -0.9663 0.0006
vn -0.0904 -0.9959 -0.0016
vn -0.1823 -0.9833 0.0010
vn 0.2164 -0.9763 -0.0005
vn 0.1592 -0.9872 0.0008
vn 0.2483 -0.9687 -0.0004
vn 0.1992 -0.9800 0.0003
vn 0.0526 -0.9986 -0.0000
vn 0.0601 -0.9982 -0.0005
vn 0.1474 -0.9891 -0.0001
vn 0.3108 -0.9505 -0.0002
vn 0.1488 -0.9889 -0.0000
vn 0.1543 -0.9880 -0.0002
vn 0.3142 -0.9494 -0.0001
vn 0.0106 -0.9999 0.0001
vn 0.1588 -0.9873 -0.0000
vn -0.0373 -0.9993 0.0002
vn -0.0374 -0.9993 -0.0000
vn 0.0662 -0.9978 -0.0000
vn 0.1543 -0.9880 -0.0001
vn 0.0681 -0.9977 0.0001
vn 0.1156 -0.9933 -0.0000
vn 0.1204 -0.9927 -0.0004
vn -0.0233 -0.9997 -0.0000
vn -0.0337 -0.9994 -0.0001
vn -0.1742 -0.9847 -0.0007
vn 0.1349 -0.9909 -0.0020
vn 0.0778 -0.9970 0.0008
vn 0.1826 -0.9832 -0.0010
vn 0.3677 -0.9299 0.0001
vn -0.2481 -0.9687 0.0008
vn 0.1923 -0.9813 -0.0009
vn -0.6413 -0.7673 0.0009
vn -0.2789 -0.9603 -0.0008
vn -0.9378 -0.3470 0.0004
vn -0.9285 -0.3713 -0.0002
vn -0.9933 -0.1151 0.0011
vn -0.9845 -0.1754 0.0010
vn -0.9837 -0.1798 0.0009
vn -1.0000 0.0024 -0.0008
vn -0.9998 0.0202 0.0008
vn -0.9900 0.1409 -0.0002
vn -0.9888 0.1491 0.0003
vn -0.9769 0.2136 0.0008
vn -0.9824 0.1869 -0.0008
vn -0.8224 0.5689 0.0004
vn -0.8306 0.5569 -0.0013
vn -0.4844 0.8748 0.0001
vn -0.2823 0.9593 0.0002
vn -0.4732 0.8809 -0.0004
vn -0.4071 0.9134 -0.0001
vn -0.2785 0.9604 -0.0001
vn -0.2801 0.9600 0.0002
vn -0.4058 0.9140 -0.0002
vn -0.0255 0.9997 0.0001
vn -0.2531 0.9674 -0.0003
vn -0.2250 0.9744 -0.0001
vn -0.0036 1.0000 -0.0001
vn -0.2589 0.9659 0.0001
vn 0.0189 0.9998 0.0001
vn 0.1506 0.9886 0.0001
vn 0.1529 0.9882 0.0001
vn -0.0418 0.9991 -0.0000
vn -0.1595 0.9872 -0.0000
vn -0.0450 0.9990 -0.0000
vn -0.0770 0.9970 0.0006
vn -0.1534 0.9882 -0.0012
vn -0.1604 0.9870 0.0012
vn -0.1812 0.9834 -0.0012
vn -0.1624 0.9867 0.0009
vn -0.2637 0.9646 0.0006
vn -0.1502 0.9887 0.0002
vn -0.3542 0.9352 0.0003
vn -0.2479 0.9688 -0.0001
vn -0.0839 0.9965 0.0003
vn -0.3363 0.9418 -0.0003
vn 0.1840 0.9829 0.0003
vn -0.0762 0.9971 -0.0000
vn 0.0169 0.9999 0.0002
vn 0.0145 0.9999 -0.0003
vn 0.0157 0.9999 -0.0000
vn 0.1278 0.9918 -0.0003
vn 0.1240 0.9923 0.0001
vn -0.2017 0.9795 -0.0002
vn -0.2351 0.9720 -0.0000
vn -0.2064 0.9785 0.0001
vn 0.2374 0.9714 -0.0002
vn -0.2349 0.9720 -0.0000
vn 0.4980 0.8672 -0.0001
vn 0.5056 0.8628 -0.0000
vn 0.0683 0.9977 -0.0000
vn -0.0170 0.9999 -0.0000
vn 0.0681 0.9977 0.0001
vn 0.0803 0.9968 0.0001
vn 0.0540 0.9985 -0.0007
vn -0.0729 0.9973 -0.0001
vn -0.1483 0.9889 -0.0001
vn -0.1480 0.9890 -0.0000
vn 0.0116 0.9999 -0.0000
vn 0.5139 0.8579 -0.0000
vn 0.0111 0.9999 -0.0000
vn 0.6008 0.7994 -0.0003
vn 0.5088 0.8609 0.0003
vn 0.3372 0.9414 -0.0021
vn 0.5690 0.8223 0.0017
vn 0.0896 0.9960 -0.0010
vn 0.2174 0.9761 0.0014
vn 0.2033 0.9791 0.0008
vn 0.3044 0.9526 -0.0001
vn 0.2106 0.9776 -0.0000
vn 0.3627 0.9319 0.0003
vn 0.3056 0.9522 -0.0002
vn 0.7061 0.7081 0.0008
vn 0.3773 0.9261 -0.0007
vn 0.9773 0.2121 0.0004
vn 0.7256 0.6881 -0.0009
vn 0.9933 0.1154 -0.0005
vn 0.9799 0.1997 -0.0003
vn 0.9915 0.1300 0.0003
vn 0.9599 -0.2805 -0.0003
vn 0.5150 -0.8572 0.0011
vn -0.5714 -0.8207 0.0003
vn -0.7274 -0.6862 -0.0003
vn -0.6680 -0.7441 -0.0002
vn 0.1942 -0.9810 -0.0007
vn -0.7036 -0.7106 -0.0002
vn -0.9308 -0.3654 0.0002
vn -0.9938 0.1114 -0.0004
vn -0.4066 0.9136 0.0001
vn -0.7677 0.6408 -0.0000
vn -0.9134 0.4070 0.0001
vn -0.6016 -0.7988 -0.0002
vn 0.1626 -0.9867 -0.0003
vn -0.9978 -0.0668 -0.0002
vn -0.9933 0.1154 0.0002
vn -0.2369 0.9715 -0.0003
vn 0.0520 0.9986 0.0007
vn 0.0103 0.9999 -0.0005
vn 0.1518 0.9884 -0.0002
vn 0.8110 0.5851 -0.0001
vn 0.7426 0.6697 -0.0002
vn 0.8758 0.4827 0.0006
vn 0.9964 -0.0854 0.0006
vn 0.9171 -0.3986 0.0009
vn -0.1307 -0.9914 0.0009
vn 0.1568 -0.9876 0.0010
vn 0.0164 -0.9999 0.0011
vn 0.1937 -0.9811 -0.0003
vn -0.9953 -0.0964 0.0004
vn -0.9792 0.2031 -0.0010
vn -0.5295 0.8483 -0.0003
vn 0.2914 0.9566 0.0006
vn 0.0458 0.9989 -0.0006
vn 0.0369 0.9993 -0.0004
vn 0.7269 0.6867 -0.0004
vn 0.9756 0.2196 -0.0000
vn 0.9830 -0.1837 0.0005
vn 0.1336 -0.9910 -0.0006
vn 0.9380 -0.3467 0.0001
vn 0.9871 -0.1602 0.0001
vn 0.7931 -0.6091 -0.0001
vn 0.5756 -0.8177 0.0006
vn 0.9691 -0.2466 -0.0002
vn 0.2557 -0.9668 -0.0006
vn -1.0000 0.0008 -0.0004
vn -0.6105 0.7920 0.0001
vn 0.1159 -0.9933 -0.0002
vn 0.2510 -0.9680 0.0004
vn -0.2317 -0.9728 0.0002
vn -0.8610 -0.5086 -0.0006
vn -0.9980 -0.0638 -0.0002
vn -0.2428 0.9701 -0.0000
vn 0.3012 0.9536 -0.0000
vn -0.2708 0.9626 0.0001
vn 0.0979 0.9952 -0.0003
vn -0.0197 0.9998 -0.0008
vn 0.9735 -0.2287 -0.0004
vn 0.9949 0.1013 0.0001
vn 0.1994 -0.9799 0.0007
vn 0.0454 -0.9990 -0.0001
vn -0.0979 -0.9952 -0.0004
vn 0.0115 -0.9999 -0.0004
vn -0.9999 -0.0139 -0.0003
vn -0.0959 0.9954 0.0001
vn 0.0269 0.9996 -0.0003
vn -0.1210 0.9926 -0.0002
vn -0.0580 0.9983 0.0001
vn -0.0609 0.9981 -0.0009
vn 0.2144 0.9767 -0.0001
vn 0.6404 -0.7681 0.0002
vn -0.3642 -0.9313 0.0002
vn -0.7741 -0.6330 0.0002
vn -0.9790 0.2036 -0.0006
vn 0.3572 0.9340 -0.0002
vn 0.5979 0.8016 -0.0003
vn 0.9928 -0.1201 0.0010
vn 0.9988 -0.0485 -0.0001
vn -0.1349 -0.9909 -0.0003
vn -0.9990 0.0440 0.0006
vn -0.9994 0.0348 -0.0007
vn -0.5420 0.8404 -0.0001
vn 0.0891 0.9960 -0.0003
vn 0.9671 0.2543 -0.0002
vn 0.9898 -0.1428 -0.0001
vn 0.2236 -0.9747 -0.0002
vn 0.1719 -0.9851 -0.0008
vn -0.9909 0.1348 -0.0000
vn 0.9996 0.0272 -0.0007
vn -0.0492 -0.9988 -0.0000
vn -0.5303 -0.8478 0.0002
vn -0.7423 -0.6701 -0.0001
vn -0.9415 0.3369 0.0004
vn 0.9344 -0.3563 -0.0010
vn 0.5472 -0.8370 0.0002
vn 0.5364 -0.8440 -0.0003
vn -0.6785 -0.7346 0.0009
vn -0.8610 -0.5086 0.0004
vn -0.7538 0.6571 -0.0000
vn -0.2423 0.9702 0.0001
vn -0.5319 0.8468 -0.0003
vn -0.7939 0.6081 0.0002
vn -0.6145 0.7889 -0.0001
vn 0.6563 0.7545 -0.0005
vn 0.9836 -0.1804 -0.0000
vn 0.9998 0.0197 0.0003
vn 0.8923 -0.4515 0.0001
vn 0.8887 -0.4585 0.0003
vn 0.8247 -0.5655 -0.0000
vn 0.7707 -0.6372 -0.0009
vn 0.6342 -0.7732 -0.0002
vn 0.3474 -0.9377 -0.0005
vn -0.5840 -0.8118 0.0007
vn -0.9455 0.3256 0.0001
vn -0.8562 0.5167 -0.0009
vn -0.7999 0.6001 0.0008
vn -0.9396 0.3424 0.0008
vn -0.3538 -0.9353 -0.0001
vn 0.8200 -0.5724 -0.0003
vn 0.0878 -0.9961 -0.0001
vn -0.8276 0.5614 -0.0004
vn -0.8885 0.4588 0.0003
vn -0.8902 0.4557 0.0004
vn 0.4600 0.8879 0.0008
vn 0.5077 0.8615 -0.0012
vn 0.9964 0.0847 -0.0005
vn 0.8425 -0.5387 0.0011
vn 0.9895 -0.1446 -0.0002
vn 0.9997 0.0226 -0.0005
vn 0.2058 -0.9786 0.0001
vn 0.1884 -0.9821 -0.0009
vn -0.9753 0.2208 -0.0000
vn -0.2902 0.9570 -0.0001
vn -0.9309 0.3654 -0.0004
vn -0.6926 0.7213 -0.0006
vn -0.9842 0.1772 0.0003
vn -0.9943 0.1063 0.0001
vn -0.9325 0.3612 -0.0010
vn 0.9784 -0.2067 -0.0002
vn 0.9921 -0.1251 -0.0001
vn 0.7817 -0.6236 0.0001
vn 0.7650 -0.6441 -0.0011
vn 0.6738 -0.7389 -0.0009
vn 0.9557 0.2944 -0.0001
vn 0.8456 -0.5338 -0.0005
vn 0.5959 -0.8030 0.0001
vn 0.6166 -0.7872 -0.0002
vn 0.2772 -0.9608 -0.0008
vn 0.6285 -0.7778 0.0003
vn 0.8895 -0.4570 -0.0002
vn 0.7717 -0.6360 -0.0016
vn 0.8326 -0.5539 0.0001
vn -0.3458 -0.9383 -0.0002
vn -0.0292 -0.9996 -0.0001
vn -0.4994 -0.8663 -0.0000
vn -0.9852 0.1714 -0.0000
vn -0.8220 0.5695 -0.0013
vn -0.9817 0.1903 0.0003
vn -0.1983 0.9801 -0.0006
vn 0.7067 0.7075 0.0001
vn -0.1189 0.9929 0.0009
vn -0.6580 0.7531 -0.0000
vn -0.8444 0.5357 0.0002
vn -0.0231 -0.9997 0.0007
vn 0.0121 -0.9999 0.0001
vn 0.1686 -0.9857 -0.0006
vn -0.1954 -0.9807 0.0001
vn -0.6282 -0.7780 -0.0003
vn -0.9920 -0.1261 0.0002
vn -0.2285 0.9735 0.0001
vn 0.0190 0.9998 0.0001
vn 0.1821 0.9833 -0.0002
vn 0.0176 0.9998 -0.0000
vn 0.2452 0.9695 -0.0000
vn -0.0459 0.9989 -0.0006
vn -0.0707 0.9975 -0.0001
vt 0.812132 0.955792
vt 0.812566 0.958257
vt 0.811931 0.956965
vt 0.812891 0.958602
vt 0.812271 0.953994
vt 0.813919 0.959307
vt 0.812191 0.952362
vt 0.809206 0.934691
vt 0.809737 0.937209
vt 0.809332 0.936819
vt 0.811848 0.949913
vt 0.811639 0.947415
vt 0.809144 0.932838
vt 0.811126 0.944514
vt 0.811384 0.945862
vt 0.811170 0.945215
vt 0.810306 0.937867
vt 0.811477 0.941970
vt 0.811603 0.946232
vt 0.808964 0.931067
vt 0.814941 0.960258
vt 0.811740 0.939867
vt 0.809812 0.926174
vt 0.815785 0.961344
vt 0.805798 0.903878
vt 0.806121 0.906453
vt 0.805901 0.905353
vt 0.806492 0.907537
vt 0.805885 0.902789
vt 0.816451 0.962568
vt 0.807826 0.910322
vt 0.806061 0.902043
vt 0.806310 0.901391
vt 0.816941 0.963930
vt 0.805874 0.898569
vt 0.817230 0.965145
vt 0.820000 0.971305
vt 0.817682 0.967840
vt 0.805977 0.897273
vt 0.810370 0.923313
vt 0.808607 0.914405
vt 0.809450 0.917276
vt 0.808562 0.915614
vt 0.808720 0.913440
vt 0.809801 0.918171
vt 0.810455 0.922388
vt 0.806236 0.895330
vt 0.808907 0.912399
vt 0.810423 0.921432
vt 0.810105 0.919250
vt 0.805248 0.887922
vt 0.804341 0.879332
vt 0.804057 0.872876
vt 0.801938 0.854314
vt 0.802290 0.856217
vt 0.802014 0.855729
vt 0.802011 0.852274
vt 0.802972 0.858346
vt 0.804010 0.868276
vt 0.803118 0.859047
vt 0.820801 0.972776
vt 0.802255 0.850652
vt 0.803517 0.860362
vt 0.803988 0.864303
vt 0.802645 0.849018
vt 0.821605 0.974389
vt 0.822309 0.976148
vt 0.802850 0.847076
vt 0.823032 0.977535
vt 0.801361 0.834817
vt 0.801745 0.836056
vt 0.801427 0.835599
vt 0.802370 0.840576
vt 0.801668 0.833664
vt 0.802104 0.832826
vt 0.823741 0.978510
vt 0.824605 0.979385
vt 0.802568 0.831613
vt 0.802885 0.829896
vt 0.825965 0.980408
vt 0.803190 0.825433
vt 0.803776 0.820953
vt 0.804024 0.817662
vt 0.827613 0.981285
vt 0.804484 0.814819
vt 0.805006 0.812812
vt 0.805810 0.811020
vt 0.829057 0.981846
vt 0.806499 0.809952
vt 0.830353 0.981594
vt 0.807956 0.809165
vt 0.810531 0.808068
vt 0.835515 0.980303
vt 0.813197 0.807256
vt 0.836765 0.980490
vt 0.816506 0.806493
vt 0.838673 0.980943
vt 0.840076 0.981131
vt 0.841090 0.981172
vt 0.819166 0.805778
vt 0.843301 0.980118
vt 0.821770 0.804927
vt 0.846058 0.979122
vt 0.823600 0.804250
vt 0.849969 0.978181
vt 0.830410 0.804569
vt 0.853204 0.977717
vt 0.855658 0.977269
vt 0.833494 0.804578
vt 0.858608 0.976484
vt 0.837030 0.804747
vt 0.861499 0.975464
vt 0.839960 0.804957
vt 0.866478 0.973907
vt 0.842464 0.804908
vt 0.844782 0.804678
vt 0.857620 0.893200
vt 0.858503 0.898274
vt 0.855799 0.876571
vt 0.845787 0.804659
vt 0.852293 0.848938
vt 0.851781 0.843121
vt 0.859323 0.900746
vt 0.851856 0.842095
vt 0.851983 0.841684
vt 0.859984 0.902195
vt 0.851825 0.838994
vt 0.845982 0.804718
vt 0.851475 0.835145
vt 0.860944 0.905058
vt 0.851105 0.832112
vt 0.851373 0.833601
vt 0.850882 0.830356
vt 0.851129 0.832236
vt 0.851153 0.832360
vt 0.851177 0.832483
vt 0.851201 0.832607
vt 0.851224 0.832731
vt 0.851248 0.832855
vt 0.851270 0.832979
vt 0.851293 0.833103
vt 0.851314 0.833227
vt 0.851335 0.833351
vt 0.851356 0.833476
vt 0.846353 0.804988
vt 0.850908 0.829643
vt 0.862176 0.908203
vt 0.850957 0.829365
vt 0.849141 0.818548
vt 0.849511 0.819450
vt 0.851032 0.828197
vt 0.849150 0.817849
vt 0.862705 0.909929
vt 0.847617 0.809700
vt 0.863220 0.913123
vt 0.863064 0.911803
vt 0.863528 0.914079
vt 0.847021 0.805729
vt 0.847921 0.810685
vt 0.850608 0.825011
vt 0.864105 0.915433
vt 0.849216 0.817112
vt 0.850405 0.823692
vt 0.850928 0.826521
vt 0.849968 0.820896
vt 0.847720 0.808585
vt 0.850242 0.822273
vt 0.848332 0.811832
vt 0.851175 0.827470
vt 0.849224 0.816672
vt 0.865069 0.917016
vt 0.877699 0.970735
vt 0.849181 0.816165
vt 0.849014 0.815136
vt 0.847856 0.808074
vt 0.847423 0.806255
vt 0.848931 0.814287
vt 0.848666 0.812604
vt 0.865632 0.917587
vt 0.848921 0.813099
vt 0.847759 0.806807
vt 0.847904 0.807384
vt 0.866566 0.918074
vt 0.867796 0.918183
vt 0.868824 0.918398
vt 0.870195 0.918228
vt 0.871911 0.917517
vt 0.875731 0.914617
vt 0.883095 0.967750
vt 0.880238 0.911327
vt 0.887295 0.965642
vt 0.882398 0.909519
vt 0.889941 0.964192
vt 0.884262 0.907665
vt 0.892622 0.962520
vt 0.885577 0.906210
vt 0.882871 0.867763
vt 0.882512 0.873941
vt 0.881782 0.872568
vt 0.882904 0.874418
vt 0.886969 0.905220
vt 0.883199 0.874564
vt 0.883497 0.874615
vt 0.895117 0.960797
vt 0.884625 0.875023
vt 0.884449 0.861446
vt 0.888807 0.904020
vt 0.885589 0.875602
vt 0.886697 0.876560
vt 0.897079 0.959293
vt 0.884867 0.854895
vt 0.890373 0.902845
vt 0.885193 0.853135
vt 0.888075 0.878082
vt 0.885684 0.851650
vt 0.891514 0.901919
vt 0.886206 0.850394
vt 0.889479 0.879262
vt 0.886690 0.848537
vt 0.899085 0.957507
vt 0.886900 0.846473
vt 0.886714 0.842123
vt 0.886853 0.840302
vt 0.892579 0.900765
vt 0.891130 0.880188
vt 0.887324 0.838369
vt 0.887786 0.837138
vt 0.893180 0.899705
vt 0.901359 0.955078
vt 0.888750 0.836063
vt 0.892517 0.879972
vt 0.893778 0.898145
vt 0.889277 0.835760
vt 0.894485 0.896740
vt 0.893961 0.879599
vt 0.895569 0.835168
vt 0.895254 0.895573
vt 0.903379 0.952521
vt 0.896172 0.879274
vt 0.896322 0.894228
vt 0.896677 0.879110
vt 0.897486 0.892578
vt 0.904514 0.950791
vt 0.897520 0.879186
vt 0.905089 0.949456
vt 0.898384 0.879737
vt 0.898169 0.891292
vt 0.898108 0.886013
vt 0.898985 0.884757
vt 0.905576 0.947644
vt 0.898979 0.880685
vt 0.899356 0.883441
vt 0.899293 0.881649
vt 0.905803 0.946288
vt 0.896967 0.834584
vt 0.908193 0.944973
vt 0.897730 0.833842
vt 0.898988 0.833027
vt 0.909404 0.943920
vt 0.909990 0.942828
vt 0.900320 0.832618
vt 0.910312 0.941181
vt 0.910411 0.939109
vt 0.910816 0.938384
vt 0.901811 0.832467
vt 0.911699 0.937369
vt 0.903157 0.832203
vt 0.912798 0.936668
vt 0.913759 0.936374
vt 0.904648 0.831676
vt 0.914932 0.935906
vt 0.905869 0.831096
vt 0.916169 0.935141
vt 0.906910 0.830457
vt 0.918887 0.932069
vt 0.908332 0.829299
vt 0.909496 0.828563
vt 0.910591 0.828044
vt 0.922271 0.927482
vt 0.912073 0.827532
vt 0.915036 0.826733
vt 0.924591 0.923510
vt 0.925928 0.920637
vt 0.916870 0.826081
vt 0.926801 0.919147
vt 0.919620 0.825239
vt 0.928355 0.917006
vt 0.929353 0.915194
vt 0.921668 0.824766
vt 0.929379 0.911266
vt 0.930060 0.909033
vt 0.929415 0.895850
vt 0.932347 0.892728
vt 0.924259 0.824367
vt 0.925176 0.824016
vt 0.932979 0.891226
vt 0.933612 0.889610
vt 0.926684 0.823209
vt 0.934241 0.888308
vt 0.927552 0.822881
vt 0.935787 0.885301
vt 0.928206 0.822773
vt 0.928810 0.822808
vt 0.929671 0.823017
vt 0.937403 0.882496
vt 0.930701 0.823056
vt 0.931599 0.822801
vt 0.938588 0.880774
vt 0.932917 0.822070
vt 0.940059 0.879219
vt 0.934604 0.821396
vt 0.940744 0.878267
vt 0.941410 0.877611
vt 0.942101 0.876656
vt 0.942896 0.875075
vt 0.937985 0.820985
vt 0.943336 0.873760
vt 0.943410 0.870482
vt 0.943005 0.862997
vt 0.938558 0.820839
vt 0.942854 0.859659
vt 0.944005 0.858037
vt 0.939368 0.820472
vt 0.940269 0.819860
vt 0.945360 0.855674
vt 0.941177 0.818960
vt 0.945740 0.854529
vt 0.942182 0.817780
vt 0.946615 0.852200
vt 0.946881 0.851826
vt 0.943080 0.816645
vt 0.947304 0.851385
vt 0.947710 0.851133
vt 0.944069 0.815723
vt 0.948184 0.850965
vt 0.948541 0.850751
vt 0.948896 0.850303
vt 0.945362 0.814886
vt 0.946566 0.814320
vt 0.947975 0.813821
vt 0.953617 0.848582
vt 0.949740 0.813282
vt 0.950814 0.812863
vt 0.957918 0.846907
vt 0.951938 0.812287
vt 0.952632 0.811860
vt 0.954239 0.811303
vt 0.955158 0.810850
vt 0.961345 0.845318
vt 0.955771 0.810405
vt 0.956189 0.809984
vt 0.957810 0.808761
vt 0.963731 0.844026
vt 0.959921 0.807281
vt 0.964579 0.843807
vt 0.965816 0.843334
vt 0.961339 0.806414
vt 0.962455 0.805827
vt 0.966987 0.842646
vt 0.968225 0.841603
vt 0.965301 0.805575
vt 0.969170 0.840578
vt 0.969823 0.839704
vt 0.966228 0.805288
vt 0.970580 0.839058
vt 0.968028 0.804250
vt 0.971510 0.837931
vt 0.972547 0.836269
vt 0.968998 0.805603
vt 0.972941 0.835435
vt 0.970410 0.807617
vt 0.973591 0.834236
vt 0.974804 0.832453
vt 0.971749 0.809311
vt 0.972540 0.810408
vt 0.973383 0.811655
vt 0.976745 0.830063
vt 0.974680 0.813136
vt 0.975262 0.815646
vt 0.976436 0.820374
vt 0.976530 0.821887
vt 0.976622 0.822383
vt 0.977679 0.829069
vt 0.976531 0.821405
vt 0.976770 0.822837
vt 0.977083 0.823668
vt 0.977942 0.828934
vt 0.977796 0.824700
vt 0.978221 0.828673
vt 0.978356 0.828357
vt 0.978423 0.827760
vt 0.978121 0.825246
vt 0.978240 0.825787
vt 0.978668 0.826802
vt 0.043129 0.946476
vt 0.046086 0.946449
vt 0.044625 0.946622
vt 0.047150 0.946126
vt 0.041111 0.945861
vt 0.047574 0.945650
vt 0.047839 0.944980
vt 0.038756 0.944847
vt 0.030322 0.945376
vt 0.034420 0.945230
vt 0.031743 0.945409
vt 0.048003 0.943699
vt 0.037059 0.944986
vt 0.028930 0.945109
vt 0.027589 0.944566
vt 0.026908 0.943983
vt 0.025858 0.943328
vt 0.024759 0.942952
vt 0.022895 0.942602
vt 0.047624 0.934723
vt 0.020949 0.942016
vt 0.015816 0.942051
vt 0.018128 0.942048
vt 0.017026 0.942113
vt 0.020029 0.941640
vt 0.013704 0.941879
vt 0.010659 0.941754
vt 0.008153 0.941574
vt 0.006990 0.940874
vt 0.005502 0.939820
vt 0.004879 0.939194
vt 0.004437 0.938526
vt 0.004155 0.937760
vt 0.003974 0.935511
vt 0.047363 0.930737
vt 0.003600 0.932446
vt 0.003246 0.930444
vt 0.047076 0.926969
vt 0.002625 0.928152
vt 0.046909 0.926074
vt 0.046889 0.925031
vt 0.001218 0.924247
vt 0.047129 0.923580
vt 0.047677 0.921906
vt 0.047954 0.920468
vt 0.000511 0.922017
vt 0.000781 0.920961
vt 0.047949 0.918878
vt 0.000997 0.919384
vt 0.047791 0.917861
vt 0.047638 0.916307
vt 0.000959 0.917990
vt 0.494847 0.999146
vt 0.496704 0.999478
vt 0.495666 0.999356
vt 0.490963 0.996855
vt 0.497844 0.999405
vt 0.047352 0.914731
vt 0.000671 0.916114
vt 0.498461 0.999216
vt 0.487590 0.994570
vt 0.499022 0.998812
vt 0.457580 0.983008
vt 0.458350 0.983292
vt 0.458054 0.983238
vt 0.457099 0.982590
vt 0.476558 0.990138
vt 0.480637 0.991617
vt 0.478493 0.990961
vt 0.456617 0.981990
vt 0.459335 0.983022
vt 0.473185 0.988433
vt 0.483677 0.992106
vt 0.482265 0.991940
vt 0.046954 0.913039
vt 0.456360 0.981515
vt 0.499748 0.997937
vt 0.460234 0.982940
vt 0.470119 0.986742
vt 0.456299 0.981192
vt 0.461182 0.982964
vt 0.467442 0.985402
vt 0.457614 0.975586
vt 0.000535 0.914101
vt 0.463265 0.983633
vt 0.046664 0.911369
vt 0.500237 0.997095
vt 0.501865 0.997101
vt 0.000555 0.912971
vt 0.503195 0.996921
vt 0.001363 0.911693
vt 0.503925 0.995956
vt 0.046528 0.909363
vt 0.002208 0.909927
vt 0.505186 0.994577
vt 0.046602 0.907622
vt 0.002546 0.908563
vt 0.506533 0.993373
vt 0.046891 0.905808
vt 0.002706 0.906714
vt 0.507891 0.991875
vt 0.047291 0.904076
vt 0.002936 0.905120
vt 0.508781 0.990655
vt 0.047662 0.901819
vt 0.459573 0.967443
vt 0.509163 0.989146
vt 0.003459 0.902225
vt 0.002660 0.898200
vt 0.509964 0.986378
vt 0.048009 0.897720
vt 0.460315 0.963464
vt 0.510392 0.984051
vt 0.046991 0.895285
vt 0.513001 0.977252
vt 0.046421 0.894279
vt 0.046024 0.893742
vt 0.460792 0.959381
vt 0.045956 0.893217
vt 0.001573 0.892221
vt 0.045750 0.892317
vt 0.045715 0.889912
vt 0.460955 0.956815
vt 0.045377 0.886404
vt 0.513209 0.976239
vt 0.000518 0.887174
vt 0.462544 0.954699
vt 0.513360 0.975049
vt 0.513782 0.973491
vt 0.044690 0.883224
vt 0.464428 0.952000
vt 0.514107 0.971101
vt 0.001220 0.883438
vt 0.465354 0.950270
vt 0.514348 0.970191
vt 0.515042 0.968716
vt 0.043710 0.880036
vt 0.466068 0.948393
vt 0.515882 0.966378
vt 0.002165 0.878780
vt 0.042903 0.876931
vt 0.466422 0.947126
vt 0.466074 0.946136
vt 0.516385 0.964120
vt 0.465781 0.944536
vt 0.042175 0.873153
vt 0.002684 0.875513
vt 0.465830 0.942844
vt 0.516715 0.961509
vt 0.467101 0.936678
vt 0.517101 0.959209
vt 0.041818 0.870531
vt 0.003194 0.870776
vt 0.517579 0.957193
vt 0.041889 0.868283
vt 0.518253 0.954485
vt 0.003398 0.867357
vt 0.041866 0.866542
vt 0.467318 0.933982
vt 0.041944 0.865543
vt 0.042163 0.864134
vt 0.518647 0.951877
vt 0.003558 0.859519
vt 0.042185 0.863241
vt 0.467631 0.930426
vt 0.042039 0.862254
vt 0.518767 0.949210
vt 0.041833 0.861483
vt 0.468300 0.929135
vt 0.041604 0.860173
vt 0.469003 0.928055
vt 0.518708 0.947252
vt 0.041464 0.858707
vt 0.518834 0.944232
vt 0.469267 0.927203
vt 0.041217 0.857345
vt 0.469260 0.926418
vt 0.040704 0.856921
vt 0.469006 0.925248
vt 0.004636 0.857286
vt 0.039874 0.856408
vt 0.039065 0.856084
vt 0.468856 0.923424
vt 0.029851 0.855933
vt 0.025651 0.855980
vt 0.032940 0.855746
vt 0.035948 0.855289
vt 0.023868 0.855871
vt 0.021127 0.855917
vt 0.004789 0.856645
vt 0.019270 0.855554
vt 0.004769 0.856096
vt 0.017629 0.855148
vt 0.469027 0.921753
vt 0.519151 0.940233
vt 0.004703 0.855709
vt 0.016318 0.854837
vt 0.004580 0.855510
vt 0.004463 0.855071
vt 0.013517 0.854272
vt 0.004293 0.854862
vt 0.004155 0.854766
vt 0.469742 0.918915
vt 0.011729 0.853825
vt 0.003786 0.853993
vt 0.010560 0.853625
vt 0.519557 0.937322
vt 0.009311 0.853547
vt 0.003768 0.853749
vt 0.007981 0.853571
vt 0.006952 0.853463
vt 0.003901 0.853632
vt 0.004145 0.853400
vt 0.004463 0.853002
vt 0.004640 0.852886
vt 0.470530 0.916189
vt 0.520109 0.935052
vt 0.471077 0.913741
vt 0.520806 0.933129
vt 0.522040 0.930674
vt 0.471852 0.911055
vt 0.523143 0.911078
vt 0.472082 0.909504
vt 0.472037 0.907755
vt 0.471898 0.906307
vt 0.472565 0.904154
vt 0.472622 0.902095
vt 0.472895 0.899109
vt 0.473589 0.894908
vt 0.474241 0.891809
vt 0.473275 0.889648
vt 0.522417 0.906025
vt 0.472161 0.886247
vt 0.471660 0.883703
vt 0.521553 0.901068
vt 0.471479 0.881544
vt 0.471019 0.879929
vt 0.520270 0.894537
vt 0.470048 0.876063
vt 0.469516 0.874636
vt 0.468721 0.873183
vt 0.468104 0.872295
vt 0.467534 0.871693
vt 0.467016 0.870846
vt 0.518715 0.885977
vt 0.466673 0.869925
vt 0.466282 0.868091
vt 0.466047 0.866463
vt 0.466191 0.864951
vt 0.518464 0.885154
vt 0.518298 0.884219
vt 0.466171 0.863202
vt 0.517972 0.883439
vt 0.517177 0.881736
vt 0.466180 0.862378
vt 0.465306 0.860098
vt 0.516228 0.879199
vt 0.463738 0.856730
vt 0.515482 0.876587
vt 0.462066 0.853878
vt 0.514374 0.871665
vt 0.459971 0.850811
vt 0.458438 0.848289
vt 0.513352 0.867405
vt 0.457120 0.845694
vt 0.456300 0.843800
vt 0.512189 0.862583
vt 0.457221 0.841702
vt 0.457732 0.840747
vt 0.511194 0.858997
vt 0.458428 0.839020
vt 0.459077 0.837910
vt 0.510228 0.856458
vt 0.459978 0.835602
vt 0.508853 0.853791
vt 0.461245 0.834664
vt 0.507945 0.852374
vt 0.507416 0.850717
vt 0.462826 0.833753
vt 0.464240 0.833202
vt 0.506306 0.848118
vt 0.465733 0.832813
vt 0.467419 0.832517
vt 0.468847 0.831867
vt 0.504947 0.845744
vt 0.470357 0.830576
vt 0.503132 0.843094
vt 0.471315 0.829410
vt 0.501234 0.840042
vt 0.473109 0.829521
vt 0.474643 0.829305
vt 0.476647 0.829217
vt 0.499823 0.837402
vt 0.478352 0.828895
vt 0.480009 0.828395
vt 0.481191 0.828179
vt 0.481813 0.828132
vt 0.483355 0.827815
vt 0.493915 0.829796
vt 0.485019 0.827230
vt 0.486556 0.826436
vt 0.492153 0.827784
vt 0.487862 0.825526
vt 0.490172 0.825836
vt 0.488841 0.824667
vt 0.595495 0.638564
vt 0.592007 0.635751
vt 0.593265 0.636140
vt 0.591517 0.635739
vt 0.590528 0.635932
vt 0.588824 0.636114
vt 0.596001 0.640545
vt 0.587080 0.636152
vt 0.585967 0.636265
vt 0.584780 0.636545
vt 0.596553 0.643551
vt 0.583738 0.636863
vt 0.581113 0.637216
vt 0.579141 0.637227
vt 0.596766 0.645698
vt 0.577776 0.637337
vt 0.575970 0.637694
vt 0.596779 0.647928
vt 0.574454 0.637757
vt 0.573075 0.637514
vt 0.569058 0.635794
vt 0.563275 0.634685
vt 0.566796 0.634828
vt 0.570278 0.636439
vt 0.571758 0.637074
vt 0.596556 0.651281
vt 0.558785 0.634638
vt 0.554970 0.634635
vt 0.596150 0.654177
vt 0.553509 0.634917
vt 0.552500 0.635445
vt 0.551764 0.636183
vt 0.595645 0.656957
vt 0.551369 0.636958
vt 0.551037 0.638280
vt 0.550869 0.639876
vt 0.595350 0.659061
vt 0.595117 0.661457
vt 0.550866 0.642409
vt 0.550672 0.644528
vt 0.594917 0.663237
vt 0.595023 0.664300
vt 0.551425 0.646039
vt 0.595031 0.665685
vt 0.551893 0.647110
vt 0.552518 0.648209
vt 0.594862 0.666687
vt 0.553273 0.649331
vt 0.594313 0.668995
vt 0.553429 0.652478
vt 0.593939 0.671668
vt 0.553334 0.654308
vt 0.553098 0.655393
vt 0.593869 0.674346
vt 0.552702 0.656448
vt 0.552280 0.657252
vt 0.551604 0.657831
vt 0.594105 0.677301
vt 0.550997 0.658090
vt 0.550500 0.658112
vt 0.545610 0.658954
vt 0.594631 0.680550
vt 0.541131 0.659486
vt 0.595374 0.683798
vt 0.536023 0.659892
vt 0.595948 0.685942
vt 0.533612 0.659941
vt 0.530801 0.659682
vt 0.528530 0.659261
vt 0.526143 0.658508
vt 0.522765 0.657569
vt 0.519408 0.656923
vt 0.507993 0.655528
vt 0.595235 0.691930
vt 0.595219 0.693741
vt 0.505774 0.655961
vt 0.504830 0.656153
vt 0.501827 0.655747
vt 0.595465 0.695609
vt 0.498878 0.655257
vt 0.496730 0.655118
vt 0.494431 0.655176
vt 0.595801 0.697184
vt 0.492138 0.655361
vt 0.595878 0.698541
vt 0.490059 0.655422
vt 0.595778 0.699624
vt 0.487025 0.655288
vt 0.595469 0.701358
vt 0.484714 0.655155
vt 0.595062 0.704414
vt 0.478239 0.657833
vt 0.594685 0.705925
vt 0.476469 0.658265
vt 0.474798 0.658327
vt 0.473746 0.658251
vt 0.472793 0.658785
vt 0.593672 0.709495
vt 0.471730 0.659527
vt 0.470873 0.660325
vt 0.594404 0.711984
vt 0.470223 0.661178
vt 0.469776 0.662085
vt 0.469477 0.663375
vt 0.595213 0.715412
vt 0.596203 0.718846
vt 0.468041 0.667977
vt 0.596385 0.720733
vt 0.467459 0.669390
vt 0.596504 0.723231
vt 0.465949 0.672569
vt 0.596362 0.724779
vt 0.596080 0.726090
vt 0.595489 0.727928
vt 0.464946 0.676729
vt 0.595214 0.729348
vt 0.595091 0.730830
vt 0.551317 0.713323
vt 0.548620 0.712380
vt 0.553009 0.714216
vt 0.464494 0.678298
vt 0.546615 0.712123
vt 0.553451 0.714655
vt 0.543202 0.711494
vt 0.595215 0.733000
vt 0.553871 0.715670
vt 0.541139 0.711285
vt 0.463957 0.679721
vt 0.539409 0.711362
vt 0.554184 0.717417
vt 0.537505 0.711633
vt 0.554114 0.719060
vt 0.595568 0.735055
vt 0.535762 0.711696
vt 0.534113 0.711525
vt 0.462586 0.685194
vt 0.532511 0.711147
vt 0.529973 0.710709
vt 0.596072 0.737003
vt 0.554152 0.721359
vt 0.527668 0.710558
vt 0.524479 0.710692
vt 0.596344 0.738665
vt 0.519861 0.708866
vt 0.518291 0.708301
vt 0.554397 0.723423
vt 0.521321 0.709969
vt 0.516346 0.707961
vt 0.514805 0.707585
vt 0.596806 0.740837
vt 0.522171 0.710919
vt 0.512304 0.706589
vt 0.513326 0.707055
vt 0.511549 0.706817
vt 0.462041 0.687680
vt 0.510582 0.707305
vt 0.595730 0.743546
vt 0.509839 0.708004
vt 0.509115 0.709260
vt 0.555446 0.728538
vt 0.461344 0.691366
vt 0.589170 0.747683
vt 0.508416 0.711134
vt 0.508233 0.712345
vt 0.460659 0.693918
vt 0.508214 0.713514
vt 0.556194 0.732568
vt 0.508399 0.717048
vt 0.586086 0.746328
vt 0.587887 0.747198
vt 0.586707 0.746886
vt 0.556604 0.734717
vt 0.460026 0.695742
vt 0.587722 0.747142
vt 0.586262 0.746409
vt 0.587806 0.747127
vt 0.585854 0.746852
vt 0.585395 0.746903
vt 0.459545 0.697428
vt 0.584921 0.747122
vt 0.583837 0.747270
vt 0.508066 0.718211
vt 0.557481 0.738899
vt 0.582173 0.747385
vt 0.459139 0.699408
vt 0.580172 0.747354
vt 0.506839 0.721386
vt 0.576758 0.747012
vt 0.574584 0.746691
vt 0.458956 0.700861
vt 0.573372 0.746353
vt 0.571890 0.746036
vt 0.571294 0.745921
vt 0.458806 0.701306
vt 0.558633 0.743194
vt 0.567895 0.746516
vt 0.505980 0.724247
vt 0.457561 0.702867
vt 0.559008 0.743491
vt 0.457403 0.703670
vt 0.565726 0.747120
vt 0.559794 0.744310
vt 0.560820 0.745692
vt 0.564401 0.747329
vt 0.457426 0.704785
vt 0.505391 0.727141
vt 0.562198 0.747065
vt 0.563060 0.747277
vt 0.457756 0.705698
vt 0.458408 0.706661
vt 0.458858 0.707569
vt 0.459132 0.708769
vt 0.505117 0.729334
vt 0.458623 0.711415
vt 0.505012 0.731544
vt 0.505096 0.734522
vt 0.458025 0.714934
vt 0.505330 0.736789
vt 0.457393 0.719532
vt 0.505561 0.737127
vt 0.505781 0.737691
vt 0.505822 0.738301
vt 0.505574 0.740052
vt 0.505452 0.744772
vt 0.456803 0.723080
vt 0.456401 0.728025
vt 0.505216 0.747960
vt 0.505862 0.749723
vt 0.506268 0.751334
vt 0.456304 0.730778
vt 0.506372 0.752991
vt 0.456427 0.732823
vt 0.506366 0.753942
vt 0.506181 0.755384
vt 0.456715 0.734905
vt 0.456950 0.736107
vt 0.505748 0.756932
vt 0.505465 0.758151
vt 0.457141 0.737668
vt 0.505321 0.759290
vt 0.457184 0.739280
vt 0.505382 0.760941
vt 0.457079 0.741982
vt 0.505673 0.763035
vt 0.457005 0.745558
vt 0.506399 0.765898
vt 0.456876 0.747684
vt 0.507061 0.767761
vt 0.508152 0.770088
vt 0.456895 0.751173
vt 0.509987 0.774586
vt 0.510823 0.776471
vt 0.457189 0.754508
vt 0.512009 0.779591
vt 0.457881 0.759202
vt 0.512674 0.781804
vt 0.513055 0.783640
vt 0.513320 0.785460
vt 0.458435 0.763646
vt 0.513978 0.787768
vt 0.514838 0.789800
vt 0.458712 0.766702
vt 0.515926 0.791773
vt 0.459923 0.770228
vt 0.517185 0.794752
vt 0.517954 0.797190
vt 0.460993 0.774098
vt 0.518699 0.800705
vt 0.461998 0.777372
vt 0.462564 0.778291
vt 0.519022 0.803310
vt 0.463382 0.779781
vt 0.463702 0.780702
vt 0.517237 0.805541
vt 0.463826 0.781636
vt 0.464132 0.782940
vt 0.464595 0.784139
vt 0.516415 0.806586
vt 0.515961 0.807747
vt 0.466143 0.787289
vt 0.515280 0.809685
vt 0.467286 0.789887
vt 0.514605 0.811422
vt 0.468216 0.791713
vt 0.513409 0.811662
vt 0.511536 0.812156
vt 0.470718 0.796016
vt 0.509147 0.813046
vt 0.471049 0.797525
vt 0.471160 0.798697
vt 0.506565 0.814282
vt 0.471209 0.799965
vt 0.503686 0.815994
vt 0.471512 0.801066
vt 0.472203 0.802220
vt 0.473571 0.803350
vt 0.503259 0.816563
vt 0.474022 0.803770
vt 0.474099 0.804156
vt 0.474066 0.804713
vt 0.502576 0.817319
vt 0.474106 0.805298
vt 0.474221 0.805745
vt 0.501771 0.817956
vt 0.475520 0.806683
vt 0.477037 0.807835
vt 0.478035 0.808541
vt 0.499472 0.819373
vt 0.478050 0.810278
vt 0.478234 0.811472
vt 0.497510 0.820600
vt 0.478315 0.812955
vt 0.479075 0.814341
vt 0.495539 0.821979
vt 0.480494 0.816172
vt 0.482077 0.817479
vt 0.493511 0.823650
vt 0.483696 0.818404
vt 0.484854 0.819202
vt 0.485929 0.820138
vt 0.487072 0.821456
vt 0.490086 0.822845
vt 0.487961 0.822726
vt 0.140542 0.912302
vt 0.141564 0.908755
vt 0.140974 0.911214
vt 0.139501 0.913159
vt 0.141884 0.906531
vt 0.139139 0.913293
vt 0.142032 0.904149
vt 0.136557 0.913055
vt 0.141952 0.901876
vt 0.141633 0.899643
vt 0.141321 0.898277
vt 0.133077 0.912835
vt 0.141618 0.896902
vt 0.141931 0.894767
vt 0.142035 0.892578
vt 0.141910 0.889381
vt 0.141680 0.886120
vt 0.128085 0.912618
vt 0.141497 0.884115
vt 0.141424 0.882036
vt 0.141499 0.879654
vt 0.141842 0.875897
vt 0.142016 0.874650
vt 0.142010 0.873526
vt 0.141806 0.872251
vt 0.141437 0.871163
vt 0.124071 0.912242
vt 0.141110 0.869515
vt 0.141080 0.867814
vt 0.141386 0.865004
vt 0.120831 0.911803
vt 0.141658 0.861483
vt 0.141365 0.860875
vt 0.140860 0.860463
vt 0.139207 0.859790
vt 0.137575 0.858805
vt 0.114628 0.911079
vt 0.134837 0.857377
vt 0.112165 0.910920
vt 0.131934 0.856151
vt 0.108569 0.910906
vt 0.129653 0.855359
vt 0.105138 0.911056
vt 0.126940 0.854629
vt 0.104163 0.910969
vt 0.103367 0.910698
vt 0.123380 0.853937
vt 0.102432 0.910146
vt 0.101158 0.908903
vt 0.101059 0.908357
vt 0.100894 0.907814
vt 0.100537 0.907258
vt 0.121365 0.853675
vt 0.100197 0.906819
vt 0.120283 0.853896
vt 0.099935 0.902470
vt 0.119585 0.853922
vt 0.118723 0.853806
vt 0.100005 0.899903
vt 0.116740 0.853230
vt 0.100185 0.898357
vt 0.100303 0.895420
vt 0.100343 0.891852
vt 0.114523 0.852913
vt 0.100255 0.889855
vt 0.099921 0.887666
vt 0.112868 0.852920
vt 0.099154 0.885181
vt 0.111229 0.853172
vt 0.098573 0.884188
vt 0.109051 0.853834
vt 0.098011 0.883486
vt 0.096586 0.881978
vt 0.106887 0.854889
vt 0.096376 0.881196
vt 0.096257 0.880903
vt 0.105248 0.855936
vt 0.095904 0.877749
vt 0.102975 0.856969
vt 0.095864 0.874622
vt 0.096168 0.870826
vt 0.100357 0.858265
vt 0.096520 0.867122
vt 0.096685 0.863929
vt 0.098327 0.859184
vt 0.097744 0.859706
vt 0.096761 0.861758
vt 0.097095 0.860669
vt 0.810546 0.608026
vt 0.815419 0.608643
vt 0.811426 0.608688
vt 0.817685 0.608245
vt 0.818335 0.608170
vt 0.818896 0.607945
vt 0.819148 0.607674
vt 0.808812 0.606882
vt 0.819274 0.607227
vt 0.794383 0.606898
vt 0.797506 0.607136
vt 0.795840 0.607154
vt 0.819172 0.606262
vt 0.800426 0.606404
vt 0.793164 0.605382
vt 0.807518 0.606160
vt 0.802740 0.605970
vt 0.806055 0.605558
vt 0.819144 0.605271
vt 0.819276 0.604046
vt 0.791792 0.603887
vt 0.791146 0.603402
vt 0.819706 0.602240
vt 0.789828 0.602589
vt 0.788742 0.601726
vt 0.787954 0.601314
vt 0.787064 0.600610
vt 0.820392 0.599729
vt 0.786332 0.599670
vt 0.785826 0.598801
vt 0.821022 0.597849
vt 0.785869 0.597196
vt 0.821278 0.596664
vt 0.785945 0.596035
vt 0.821354 0.595378
vt 0.785866 0.595312
vt 0.785618 0.594568
vt 0.821308 0.594448
vt 0.785368 0.594059
vt 0.821362 0.593424
vt 0.821447 0.592664
vt 0.785035 0.591597
vt 0.821383 0.591935
vt 0.820897 0.590484
vt 0.784834 0.588827
vt 0.820461 0.588721
vt 0.820297 0.587081
vt 0.784813 0.584982
vt 0.820325 0.585266
vt 0.820298 0.583151
vt 0.784939 0.582579
vt 0.785123 0.581464
vt 0.820182 0.581271
vt 0.820161 0.577693
vt 0.785135 0.578684
vt 0.784980 0.577453
vt 0.784920 0.576864
vt 0.819973 0.575770
vt 0.785118 0.574781
vt 0.819608 0.574782
vt 0.818883 0.573638
vt 0.785176 0.573048
vt 0.818054 0.572874
vt 0.816973 0.572215
vt 0.785370 0.571196
vt 0.816184 0.571458
vt 0.786555 0.570217
vt 0.815649 0.570415
vt 0.788401 0.568911
vt 0.815467 0.569609
vt 0.812753 0.568890
vt 0.796158 0.568453
vt 0.790045 0.567976
vt 0.809221 0.567775
vt 0.798072 0.568091
vt 0.794303 0.567554
vt 0.801638 0.567345
vt 0.791285 0.567471
vt 0.806893 0.566902
vt 0.792436 0.567190
vt 0.793245 0.567126
vt 0.804276 0.567022
vt 0.860777 0.595033
vt 0.861131 0.592044
vt 0.861196 0.593386
vt 0.860979 0.591268
vt 0.860930 0.590268
vt 0.860817 0.586423
vt 0.861210 0.579649
vt 0.861166 0.582922
vt 0.860685 0.588803
vt 0.859873 0.595917
vt 0.860673 0.587517
vt 0.860693 0.570789
vt 0.858445 0.597476
vt 0.860773 0.568292
vt 0.859102 0.567513
vt 0.857575 0.598645
vt 0.856959 0.599848
vt 0.856626 0.600714
vt 0.857175 0.567086
vt 0.855553 0.566909
vt 0.852447 0.602100
vt 0.852096 0.567030
vt 0.848594 0.603211
vt 0.845318 0.567107
vt 0.845793 0.603715
vt 0.842857 0.603836
vt 0.840805 0.603737
vt 0.839692 0.603817
vt 0.837923 0.566916
vt 0.838829 0.603831
vt 0.837868 0.603744
vt 0.836636 0.603785
vt 0.835460 0.604065
vt 0.835408 0.567252
vt 0.833883 0.604778
vt 0.831837 0.605949
vt 0.832908 0.567814
vt 0.830824 0.605517
vt 0.829377 0.605211
vt 0.830411 0.568304
vt 0.828221 0.605299
vt 0.828950 0.569159
vt 0.827485 0.605524
vt 0.826543 0.605624
vt 0.826871 0.570785
vt 0.825194 0.605569
vt 0.824527 0.605316
vt 0.825312 0.572504
vt 0.824043 0.604838
vt 0.823823 0.604405
vt 0.823512 0.603907
vt 0.824891 0.577452
vt 0.824670 0.580585
vt 0.824752 0.575135
vt 0.823191 0.603167
vt 0.824522 0.573620
vt 0.823374 0.587643
vt 0.823066 0.602529
vt 0.822962 0.600027
vt 0.822892 0.596738
vt 0.822725 0.594739
vt 0.822809 0.589330
vt 0.822549 0.593362
vt 0.822508 0.591380
vt 0.198095 0.954843
vt 0.198905 0.951058
vt 0.198872 0.952771
vt 0.197596 0.956351
vt 0.196675 0.958212
vt 0.196318 0.959058
vt 0.198810 0.948212
vt 0.195792 0.959778
vt 0.195192 0.960186
vt 0.198536 0.945484
vt 0.194459 0.960436
vt 0.193477 0.960537
vt 0.198067 0.942265
vt 0.192134 0.960518
vt 0.197660 0.938520
vt 0.189984 0.960321
vt 0.197416 0.934741
vt 0.197216 0.933094
vt 0.196784 0.930462
vt 0.187698 0.960261
vt 0.196622 0.928899
vt 0.196582 0.928518
vt 0.196483 0.927732
vt 0.196141 0.926693
vt 0.185504 0.960400
vt 0.195539 0.925538
vt 0.195220 0.924691
vt 0.195016 0.923297
vt 0.183100 0.960745
vt 0.195163 0.921227
vt 0.196248 0.916699
vt 0.195780 0.916226
vt 0.195015 0.915636
vt 0.446368 0.662593
vt 0.445246 0.660931
vt 0.445833 0.661602
vt 0.446738 0.663601
vt 0.444193 0.660199
vt 0.194217 0.915246
vt 0.181428 0.961044
vt 0.192751 0.914671
vt 0.178092 0.961307
vt 0.438950 0.659245
vt 0.446803 0.667985
vt 0.446754 0.669337
vt 0.190984 0.914088
vt 0.446633 0.670319
vt 0.189165 0.913681
vt 0.445966 0.673014
vt 0.436877 0.658966
vt 0.174540 0.961441
vt 0.186656 0.913375
vt 0.445663 0.674792
vt 0.445184 0.676654
vt 0.171203 0.961312
vt 0.433156 0.658543
vt 0.183555 0.913196
vt 0.443954 0.681314
vt 0.430826 0.658220
vt 0.182367 0.913217
vt 0.168448 0.961017
vt 0.427952 0.657886
vt 0.180226 0.913158
vt 0.167442 0.960951
vt 0.425726 0.657545
vt 0.166382 0.961177
vt 0.165791 0.961448
vt 0.176827 0.912789
vt 0.161548 0.959673
vt 0.441316 0.689680
vt 0.422263 0.657019
vt 0.174655 0.912502
vt 0.419510 0.656386
vt 0.417258 0.655752
vt 0.170063 0.909686
vt 0.157001 0.957870
vt 0.415464 0.655143
vt 0.414044 0.654791
vt 0.437375 0.698817
vt 0.167845 0.908635
vt 0.413223 0.654640
vt 0.155106 0.957170
vt 0.411365 0.654101
vt 0.165918 0.908153
vt 0.409914 0.653558
vt 0.151536 0.954124
vt 0.408223 0.653066
vt 0.163632 0.907923
vt 0.407191 0.653264
vt 0.151142 0.953111
vt 0.436254 0.701960
vt 0.150730 0.951608
vt 0.405634 0.653505
vt 0.160806 0.907931
vt 0.150542 0.950346
vt 0.436007 0.702974
vt 0.150470 0.949020
vt 0.150241 0.947809
vt 0.404846 0.654180
vt 0.435895 0.704013
vt 0.149756 0.946581
vt 0.404353 0.654574
vt 0.435884 0.704944
vt 0.158478 0.908252
vt 0.435804 0.706044
vt 0.149019 0.945317
vt 0.435532 0.707423
vt 0.403307 0.656891
vt 0.148822 0.944670
vt 0.148813 0.944130
vt 0.149121 0.939759
vt 0.156601 0.908905
vt 0.435087 0.708885
vt 0.149608 0.934749
vt 0.402602 0.659017
vt 0.150066 0.931696
vt 0.152415 0.922463
vt 0.434832 0.710242
vt 0.150628 0.928910
vt 0.151472 0.925666
vt 0.152878 0.920211
vt 0.155678 0.909443
vt 0.153219 0.917364
vt 0.154828 0.911438
vt 0.153794 0.914596
vt 0.434781 0.711430
vt 0.401926 0.660555
vt 0.434077 0.713933
vt 0.400978 0.662336
vt 0.433906 0.715030
vt 0.433925 0.716253
vt 0.434210 0.717749
vt 0.399876 0.664979
vt 0.434545 0.719394
vt 0.434561 0.720466
vt 0.434500 0.721454
vt 0.399192 0.667426
vt 0.434361 0.722607
vt 0.434123 0.723604
vt 0.433727 0.724835
vt 0.398447 0.671577
vt 0.433455 0.726030
vt 0.433320 0.727161
vt 0.433303 0.728233
vt 0.433129 0.730244
vt 0.397740 0.676055
vt 0.432777 0.732233
vt 0.432638 0.733552
vt 0.432654 0.735044
vt 0.432808 0.736618
vt 0.396677 0.683493
vt 0.432809 0.737709
vt 0.432678 0.738771
vt 0.432302 0.740602
vt 0.396234 0.685669
vt 0.431957 0.742834
vt 0.432038 0.744276
vt 0.395630 0.687846
vt 0.432387 0.745665
vt 0.432473 0.746338
vt 0.432418 0.746818
vt 0.431948 0.748842
vt 0.395169 0.689234
vt 0.395397 0.690912
vt 0.395603 0.693507
vt 0.431669 0.751118
vt 0.431655 0.752961
vt 0.395591 0.696216
vt 0.431820 0.754822
vt 0.432164 0.756700
vt 0.395347 0.699086
vt 0.432747 0.759030
vt 0.432954 0.760642
vt 0.394984 0.701579
vt 0.432948 0.762163
vt 0.432760 0.763746
vt 0.394514 0.703988
vt 0.432178 0.766064
vt 0.393875 0.706763
vt 0.431200 0.768879
vt 0.393169 0.710525
vt 0.430730 0.770846
vt 0.430608 0.772840
vt 0.392702 0.714037
vt 0.431085 0.777254
vt 0.392353 0.717707
vt 0.431795 0.784196
vt 0.391912 0.721116
vt 0.434505 0.789738
vt 0.440285 0.799527
vt 0.440366 0.802156
vt 0.446855 0.814829
vt 0.446179 0.815686
vt 0.390966 0.725955
vt 0.445477 0.817010
vt 0.444585 0.818877
vt 0.389680 0.731451
vt 0.443538 0.820466
vt 0.443003 0.821081
vt 0.443101 0.823424
vt 0.388853 0.736106
vt 0.443040 0.827096
vt 0.442522 0.828125
vt 0.440942 0.830622
vt 0.387575 0.742801
vt 0.438321 0.830345
vt 0.387343 0.744933
vt 0.436814 0.830361
vt 0.387320 0.747135
vt 0.387412 0.748496
vt 0.432315 0.830727
vt 0.387301 0.749775
vt 0.387295 0.751782
vt 0.387496 0.753661
vt 0.388180 0.757195
vt 0.429244 0.830731
vt 0.388724 0.760325
vt 0.389215 0.761601
vt 0.389552 0.763254
vt 0.389538 0.764777
vt 0.426385 0.830683
vt 0.389275 0.766607
vt 0.389297 0.768057
vt 0.389616 0.769493
vt 0.390340 0.771470
vt 0.423421 0.830875
vt 0.390607 0.773049
vt 0.390538 0.774524
vt 0.390098 0.777142
vt 0.422136 0.830571
vt 0.421426 0.830471
vt 0.420968 0.830462
vt 0.389905 0.779813
vt 0.417459 0.829076
vt 0.390194 0.783482
vt 0.416252 0.828450
vt 0.390445 0.785916
vt 0.415356 0.827830
vt 0.390473 0.787517
vt 0.390197 0.790103
vt 0.389941 0.791134
vt 0.389754 0.792383
vt 0.389821 0.794258
vt 0.390317 0.797238
vt 0.390798 0.799253
vt 0.403936 0.829814
vt 0.391581 0.804788
vt 0.391911 0.808634
vt 0.392533 0.821640
vt 0.398152 0.831096
vt 0.396906 0.830889
vt 0.391803 0.823355
vt 0.395630 0.831024
vt 0.391439 0.824429
vt 0.394887 0.830538
vt 0.392514 0.827290
vt 0.393932 0.829725
vt 0.393227 0.828807
vt 0.387367 0.863579
vt 0.387465 0.865030
vt 0.387273 0.864179
vt 0.387645 0.863063
vt 0.387929 0.866198
vt 0.388306 0.862229
vt 0.387748 0.919127
vt 0.387595 0.921380
vt 0.387260 0.919991
vt 0.387827 0.951929
vt 0.387811 0.955754
vt 0.387558 0.953773
vt 0.388190 0.960764
vt 0.388564 0.962517
vt 0.387884 0.961658
vt 0.388743 0.867796
vt 0.388319 0.958005
vt 0.388271 0.917615
vt 0.388637 0.924972
vt 0.389206 0.860759
vt 0.388413 0.959354
vt 0.388410 0.949021
vt 0.389270 0.852182
vt 0.389099 0.854650
vt 0.389053 0.853619
vt 0.388599 0.916060
vt 0.389303 0.855604
vt 0.388644 0.947128
vt 0.388594 0.902659
vt 0.388676 0.904966
vt 0.388573 0.903695
vt 0.389917 0.869859
vt 0.388856 0.899923
vt 0.389825 0.850507
vt 0.389455 0.857167
vt 0.389435 0.858966
vt 0.389297 0.963649
vt 0.388824 0.914410
vt 0.388724 0.945071
vt 0.388907 0.906449
vt 0.389950 0.839157
vt 0.389682 0.841056
vt 0.389701 0.840138
vt 0.389947 0.843020
vt 0.388793 0.935757
vt 0.389437 0.895084
vt 0.388941 0.912683
vt 0.389005 0.934720
vt 0.389028 0.907794
vt 0.389017 0.910146
vt 0.389324 0.927906
vt 0.389479 0.883469
vt 0.389387 0.889034
vt 0.389277 0.886829
vt 0.390698 0.837688
vt 0.390125 0.849171
vt 0.390099 0.846535
vt 0.389336 0.933761
vt 0.390197 0.847402
vt 0.389536 0.889840
vt 0.389891 0.880114
vt 0.389584 0.892044
vt 0.390370 0.965852
vt 0.389582 0.930374
vt 0.391689 0.837238
vt 0.390619 0.871574
vt 0.390370 0.876863
vt 0.391927 0.966169
vt 0.390820 0.874291
vt 0.390863 0.872750
vt 0.393481 0.836644
vt 0.394141 0.966465
vt 0.395523 0.836178
vt 0.395919 0.966501
vt 0.402520 0.835018
vt 0.397576 0.966375
vt 0.399238 0.966414
vt 0.401360 0.966710
vt 0.402837 0.967036
vt 0.404786 0.834446
vt 0.404315 0.966905
vt 0.406609 0.966548
vt 0.409319 0.832945
vt 0.408556 0.966077
vt 0.411141 0.965311
vt 0.411957 0.832258
vt 0.415329 0.832132
vt 0.413980 0.964736
vt 0.416261 0.964492
vt 0.420420 0.832140
vt 0.418656 0.964420
vt 0.421336 0.964541
vt 0.427025 0.832390
vt 0.423575 0.964824
vt 0.426206 0.965307
vt 0.428511 0.965549
vt 0.432223 0.832792
vt 0.430694 0.965551
vt 0.432275 0.965439
vt 0.433295 0.837947
vt 0.433353 0.963097
vt 0.434345 0.842913
vt 0.434771 0.857764
vt 0.434514 0.928945
vt 0.434800 0.855816
vt 0.435043 0.859563
vt 0.434421 0.934140
vt 0.434571 0.936227
vt 0.434724 0.926538
vt 0.435332 0.861376
vt 0.435255 0.867853
vt 0.434453 0.960187
vt 0.435512 0.869183
vt 0.435085 0.853803
vt 0.434822 0.926080
vt 0.435655 0.869695
vt 0.435804 0.870713
vt 0.435389 0.903664
vt 0.435572 0.897860
vt 0.435439 0.905382
vt 0.435115 0.925228
vt 0.435510 0.847342
vt 0.435529 0.865914
vt 0.435511 0.907782
vt 0.434899 0.938787
vt 0.435839 0.894187
vt 0.435715 0.865311
vt 0.435726 0.863195
vt 0.435592 0.851470
vt 0.435694 0.911568
vt 0.435034 0.940379
vt 0.436343 0.875021
vt 0.435933 0.912601
vt 0.435788 0.923756
vt 0.435832 0.864273
vt 0.434896 0.958541
vt 0.435703 0.848244
vt 0.436351 0.890277
vt 0.435590 0.943835
vt 0.435777 0.849600
vt 0.435381 0.955878
vt 0.436189 0.914337
vt 0.436538 0.877334
vt 0.436479 0.889369
vt 0.436636 0.879509
vt 0.436561 0.883495
vt 0.436632 0.882585
vt 0.436571 0.884366
vt 0.436546 0.888901
vt 0.436622 0.887551
vt 0.436199 0.922500
vt 0.436392 0.916924
vt 0.436151 0.946624
vt 0.436127 0.950526
vt 0.436412 0.920885
vt 0.436268 0.949713
vt 0.436325 0.948216
vt 0.228598 0.880797
vt 0.228265 0.890960
vt 0.228399 0.881363
vt 0.228981 0.880169
vt 0.229767 0.894977
vt 0.230213 0.878185
vt 0.230575 0.897147
vt 0.231124 0.877060
vt 0.230876 0.900957
vt 0.230631 0.908410
vt 0.230259 0.906133
vt 0.230905 0.898904
vt 0.231313 0.870971
vt 0.231051 0.910131
vt 0.231523 0.868673
vt 0.231925 0.866236
vt 0.231272 0.912579
vt 0.231237 0.915267
vt 0.231151 0.914040
vt 0.231631 0.930629
vt 0.231759 0.933866
vt 0.231541 0.932328
vt 0.231259 0.911408
vt 0.231537 0.916668
vt 0.231752 0.929485
vt 0.232495 0.857203
vt 0.231925 0.928384
vt 0.231542 0.920152
vt 0.231463 0.924588
vt 0.231476 0.921518
vt 0.231661 0.927194
vt 0.232844 0.854514
vt 0.232164 0.934867
vt 0.233192 0.852896
vt 0.232645 0.935605
vt 0.233706 0.851390
vt 0.233151 0.936167
vt 0.234439 0.850100
vt 0.233763 0.936521
vt 0.235434 0.848912
vt 0.234461 0.936692
vt 0.235510 0.936681
vt 0.236414 0.848008
vt 0.236920 0.847179
vt 0.237702 0.844806
vt 0.236635 0.936837
vt 0.238484 0.843375
vt 0.237405 0.936913
vt 0.238718 0.842709
vt 0.239079 0.841996
vt 0.239536 0.841421
vt 0.240086 0.840985
vt 0.239101 0.937226
vt 0.240970 0.840623
vt 0.239985 0.937344
vt 0.243189 0.840304
vt 0.241093 0.936617
vt 0.242352 0.935994
vt 0.246559 0.839723
vt 0.244257 0.935314
vt 0.245451 0.934971
vt 0.246571 0.935072
vt 0.250568 0.838832
vt 0.247781 0.935318
vt 0.249546 0.935799
vt 0.254225 0.838171
vt 0.251393 0.936089
vt 0.253057 0.936090
vt 0.256793 0.837841
vt 0.256462 0.935738
vt 0.258721 0.837922
vt 0.259327 0.935661
vt 0.260947 0.838121
vt 0.260481 0.935107
vt 0.262770 0.838395
vt 0.262415 0.934490
vt 0.265464 0.838558
vt 0.264531 0.934216
vt 0.267634 0.838818
vt 0.270218 0.838971
vt 0.271891 0.934319
vt 0.271813 0.839242
vt 0.273646 0.839479
vt 0.273557 0.932630
vt 0.275019 0.839789
vt 0.276549 0.840334
vt 0.275220 0.931226
vt 0.277941 0.841127
vt 0.277059 0.886162
vt 0.277053 0.889120
vt 0.277385 0.882606
vt 0.276918 0.929699
vt 0.277262 0.890100
vt 0.277640 0.878024
vt 0.278002 0.863264
vt 0.277481 0.890682
vt 0.277390 0.896359
vt 0.278271 0.858946
vt 0.277399 0.895020
vt 0.277611 0.891438
vt 0.277575 0.897763
vt 0.277608 0.893724
vt 0.278198 0.848410
vt 0.277687 0.892631
vt 0.277979 0.899009
vt 0.278252 0.846429
vt 0.278475 0.857740
vt 0.278417 0.850190
vt 0.278284 0.845640
vt 0.278355 0.845173
vt 0.277482 0.926571
vt 0.278610 0.841725
vt 0.278537 0.854643
vt 0.278566 0.854074
vt 0.278651 0.855186
vt 0.278421 0.900840
vt 0.278527 0.844612
vt 0.278717 0.856868
vt 0.278773 0.853226
vt 0.278009 0.922997
vt 0.278763 0.851643
vt 0.278802 0.855516
vt 0.278811 0.856363
vt 0.278636 0.902598
vt 0.278662 0.844000
vt 0.278830 0.855838
vt 0.278712 0.905248
vt 0.278520 0.918087
vt 0.278871 0.852353
vt 0.278865 0.909119
vt 0.278815 0.913269
vt 0.692550 0.839816
vt 0.689126 0.835590
vt 0.690884 0.837657
vt 0.693358 0.841071
vt 0.688434 0.835058
vt 0.694178 0.842706
vt 0.686061 0.832258
vt 0.684731 0.830683
vt 0.685348 0.831269
vt 0.684173 0.830317
vt 0.686454 0.833018
vt 0.687683 0.834338
vt 0.694829 0.844410
vt 0.681220 0.828828
vt 0.695185 0.845615
vt 0.695629 0.846918
vt 0.680640 0.828691
vt 0.696129 0.848090
vt 0.679833 0.828761
vt 0.697959 0.851709
vt 0.679465 0.828946
vt 0.706131 0.862346
vt 0.707839 0.864953
vt 0.709764 0.869195
vt 0.679300 0.829156
vt 0.677051 0.831468
vt 0.712411 0.874649
vt 0.745867 0.918474
vt 0.743410 0.914537
vt 0.744743 0.915622
vt 0.713220 0.876234
vt 0.742343 0.913495
vt 0.714131 0.878410
vt 0.740592 0.912233
vt 0.747507 0.922321
vt 0.739542 0.911104
vt 0.737650 0.908973
vt 0.736496 0.908350
vt 0.715178 0.881523
vt 0.748830 0.925223
vt 0.735754 0.908100
vt 0.749830 0.927875
vt 0.716338 0.884187
vt 0.734015 0.907637
vt 0.725392 0.896211
vt 0.723391 0.893710
vt 0.724325 0.894785
vt 0.674470 0.833914
vt 0.726306 0.897671
vt 0.717731 0.886928
vt 0.727941 0.900080
vt 0.721966 0.892609
vt 0.750556 0.930392
vt 0.730694 0.903778
vt 0.733253 0.907373
vt 0.719159 0.889279
vt 0.720846 0.891502
vt 0.751036 0.932618
vt 0.760046 0.949583
vt 0.761324 0.953368
vt 0.763489 0.958610
vt 0.764669 0.961808
vt 0.667102 0.840088
vt 0.764317 0.963299
vt 0.763360 0.965507
vt 0.761863 0.967539
vt 0.665856 0.841540
vt 0.759589 0.969784
vt 0.663712 0.843762
vt 0.757539 0.971787
vt 0.662397 0.845474
vt 0.756288 0.972695
vt 0.660051 0.848501
vt 0.754781 0.973436
vt 0.753538 0.973917
vt 0.750827 0.975672
vt 0.656532 0.852347
vt 0.748791 0.977271
vt 0.653764 0.854914
vt 0.742020 0.983178
vt 0.651333 0.856854
vt 0.650618 0.859077
vt 0.649843 0.862447
vt 0.738785 0.985781
vt 0.649561 0.864851
vt 0.652335 0.869770
vt 0.649553 0.866813
vt 0.657171 0.876503
vt 0.664328 0.887141
vt 0.656665 0.875822
vt 0.656177 0.875162
vt 0.655708 0.874524
vt 0.655257 0.873909
vt 0.654825 0.873316
vt 0.654411 0.872744
vt 0.654016 0.872195
vt 0.653640 0.871668
vt 0.653283 0.871162
vt 0.652945 0.870678
vt 0.652628 0.870215
vt 0.651658 0.869362
vt 0.665716 0.890142
vt 0.650831 0.868701
vt 0.650256 0.868024
vt 0.672350 0.899877
vt 0.671103 0.898165
vt 0.666233 0.892013
vt 0.737117 0.987001
vt 0.669503 0.896747
vt 0.673363 0.902649
vt 0.666765 0.893263
vt 0.668441 0.895627
vt 0.667446 0.894383
vt 0.673935 0.904714
vt 0.677529 0.909766
vt 0.674468 0.906002
vt 0.677701 0.910402
vt 0.676335 0.908617
vt 0.735722 0.987812
vt 0.675194 0.907240
vt 0.677752 0.911176
vt 0.677525 0.912060
vt 0.734420 0.988406
vt 0.676997 0.912887
vt 0.707276 0.953994
vt 0.676333 0.913483
vt 0.705355 0.951742
vt 0.708792 0.956267
vt 0.733258 0.988864
vt 0.704342 0.950807
vt 0.709114 0.957145
vt 0.702110 0.948952
vt 0.712429 0.961744
vt 0.709386 0.958145
vt 0.711590 0.960818
vt 0.675678 0.913910
vt 0.712639 0.962654
vt 0.710304 0.959571
vt 0.709765 0.958898
vt 0.732717 0.988999
vt 0.721860 0.974802
vt 0.720336 0.972846
vt 0.700654 0.947975
vt 0.723072 0.976530
vt 0.718346 0.970646
vt 0.675202 0.914114
vt 0.712933 0.963782
vt 0.724425 0.978404
vt 0.723603 0.977402
vt 0.725758 0.980178
vt 0.726763 0.981705
vt 0.732250 0.989009
vt 0.699767 0.947552
vt 0.716202 0.968453
vt 0.713081 0.964792
vt 0.728188 0.984151
vt 0.715793 0.968255
vt 0.731703 0.988864
vt 0.674545 0.914552
vt 0.698983 0.947331
vt 0.715193 0.967854
vt 0.730090 0.987288
vt 0.714677 0.967365
vt 0.713945 0.966496
vt 0.731032 0.988428
vt 0.713115 0.965667
vt 0.698306 0.947310
vt 0.674013 0.915133
vt 0.697590 0.947563
vt 0.673566 0.915887
vt 0.696811 0.948180
vt 0.673193 0.916818
vt 0.696202 0.948939
vt 0.672994 0.917645
vt 0.695335 0.950456
vt 0.669896 0.920614
vt 0.694518 0.952260
vt 0.694073 0.954030
vt 0.693474 0.955998
vt 0.668033 0.922323
vt 0.667471 0.923153
vt 0.692985 0.957164
vt 0.692404 0.958216
vt 0.666520 0.924245
vt 0.691846 0.959092
vt 0.665366 0.925241
vt 0.690423 0.961587
vt 0.663867 0.926413
vt 0.663389 0.927237
vt 0.688779 0.964972
vt 0.662823 0.928536
vt 0.662516 0.929759
vt 0.662287 0.931631
vt 0.686921 0.969697
vt 0.661725 0.934182
vt 0.660765 0.935137
vt 0.659811 0.935960
vt 0.685943 0.972797
vt 0.658768 0.937333
vt 0.656626 0.943741
vt 0.685194 0.980026
vt 0.685102 0.981902
vt 0.656625 0.944670
vt 0.685155 0.983935
vt 0.656836 0.945802
vt 0.656889 0.946593
vt 0.685333 0.985666
vt 0.656773 0.947377
vt 0.685257 0.986801
vt 0.656418 0.948128
vt 0.684956 0.988154
vt 0.655901 0.948565
vt 0.655200 0.948830
vt 0.684582 0.989061
vt 0.654574 0.949224
vt 0.684053 0.989878
vt 0.654045 0.949824
vt 0.683151 0.990828
vt 0.653423 0.951512
vt 0.682005 0.991620
vt 0.652693 0.953858
vt 0.680866 0.992138
vt 0.680498 0.992241
vt 0.679898 0.992550
vt 0.651791 0.957323
vt 0.669498 0.995886
vt 0.651388 0.960027
vt 0.651322 0.960995
vt 0.651318 0.962579
vt 0.651143 0.964351
vt 0.650826 0.965657
vt 0.650369 0.966890
vt 0.650035 0.968061
vt 0.649806 0.969393
vt 0.649663 0.970920
vt 0.666007 0.995610
vt 0.649555 0.974100
vt 0.663201 0.995242
vt 0.649533 0.977696
vt 0.660408 0.994742
vt 0.649625 0.983502
vt 0.657626 0.994109
vt 0.654855 0.993343
vt 0.649639 0.988365
vt 0.652395 0.992495
vt 0.649874 0.989333
vt 0.651332 0.991747
vt 0.649928 0.989831
vt 0.650439 0.990689
vt 0.925444 0.354992
vt 0.930959 0.354406
vt 0.926034 0.355428
vt 0.934705 0.354144
vt 0.938588 0.354273
vt 0.937884 0.354496
vt 0.939401 0.353943
vt 0.940825 0.353140
vt 0.932839 0.354154
vt 0.924672 0.354555
vt 0.923690 0.354147
vt 0.941649 0.352636
vt 0.942379 0.352358
vt 0.942874 0.352331
vt 0.944502 0.352184
vt 0.943672 0.352317
vt 0.945505 0.351838
vt 0.918693 0.354116
vt 0.920404 0.354028
vt 0.919544 0.354139
vt 0.921945 0.353514
vt 0.921273 0.353784
vt 0.917850 0.353961
vt 0.917172 0.353740
vt 0.946902 0.351155
vt 0.916167 0.353307
vt 0.947933 0.350797
vt 0.950363 0.350593
vt 0.954286 0.350282
vt 0.951598 0.350536
vt 0.955623 0.349865
vt 0.948999 0.350604
vt 0.915100 0.352947
vt 0.956782 0.349229
vt 0.957214 0.348810
vt 0.914014 0.352695
vt 0.906821 0.353186
vt 0.908731 0.353208
vt 0.907829 0.353324
vt 0.957757 0.348139
vt 0.909718 0.352874
vt 0.912685 0.352544
vt 0.905850 0.353150
vt 0.910563 0.352651
vt 0.903935 0.353173
vt 0.911357 0.352529
vt 0.894666 0.353752
vt 0.888079 0.354007
vt 0.958151 0.347426
vt 0.884915 0.353935
vt 0.882526 0.353701
vt 0.958471 0.346573
vt 0.880254 0.353300
vt 0.870053 0.353842
vt 0.871850 0.353609
vt 0.870798 0.354401
vt 0.958920 0.345676
vt 0.877732 0.352757
vt 0.868855 0.353156
vt 0.873245 0.352740
vt 0.874069 0.352326
vt 0.959408 0.344975
vt 0.867534 0.352702
vt 0.961816 0.340364
vt 0.865394 0.352349
vt 0.862277 0.352033
vt 0.859140 0.351524
vt 0.850923 0.351596
vt 0.847848 0.351015
vt 0.845684 0.349620
vt 0.843650 0.348420
vt 0.960893 0.337844
vt 0.841786 0.347272
vt 0.841233 0.346521
vt 0.840796 0.345553
vt 0.839991 0.344562
vt 0.840349 0.343112
vt 0.959981 0.334756
vt 0.840947 0.340913
vt 0.959532 0.333084
vt 0.841222 0.339649
vt 0.958565 0.332224
vt 0.841413 0.338234
vt 0.957884 0.330935
vt 0.841044 0.335856
vt 0.957673 0.330209
vt 0.957767 0.328718
vt 0.957659 0.326527
vt 0.840365 0.332675
vt 0.957180 0.324369
vt 0.839524 0.329422
vt 0.955790 0.320692
vt 0.838968 0.326348
vt 0.954399 0.317325
vt 0.838768 0.324305
vt 0.838803 0.323814
vt 0.953549 0.314703
vt 0.838767 0.323102
vt 0.838609 0.322415
vt 0.837864 0.320533
vt 0.837597 0.319738
vt 0.837213 0.318903
vt 0.952233 0.310176
vt 0.836085 0.317067
vt 0.836525 0.316225
vt 0.837280 0.315036
vt 0.951142 0.305587
vt 0.838368 0.313776
vt 0.865364 0.310539
vt 0.868553 0.310069
vt 0.857098 0.311034
vt 0.840934 0.311416
vt 0.851369 0.311357
vt 0.892293 0.308154
vt 0.872030 0.309469
vt 0.850099 0.311242
vt 0.890695 0.308151
vt 0.893430 0.307906
vt 0.848952 0.310888
vt 0.875057 0.308773
vt 0.888563 0.307667
vt 0.894319 0.307515
vt 0.949973 0.301303
vt 0.878745 0.307987
vt 0.895580 0.306695
vt 0.847522 0.310624
vt 0.885740 0.307295
vt 0.846064 0.310625
vt 0.882860 0.307347
vt 0.896552 0.305938
vt 0.897580 0.304892
vt 0.898121 0.303937
vt 0.898415 0.302842
vt 0.898513 0.302016
vt 0.948633 0.297036
vt 0.896014 0.295543
vt 0.947092 0.292811
vt 0.945274 0.288319
vt 0.892199 0.286183
vt 0.944512 0.286186
vt 0.943790 0.283634
vt 0.942916 0.279855
vt 0.888528 0.277633
vt 0.941956 0.276447
vt 0.941419 0.274789
vt 0.941125 0.273377
vt 0.886836 0.274044
vt 0.940893 0.272027
vt 0.940615 0.271087
vt 0.940336 0.270487
vt 0.939836 0.269264
vt 0.885067 0.270734
vt 0.939166 0.268294
vt 0.938606 0.266833
vt 0.882939 0.267215
vt 0.938913 0.265482
vt 0.939660 0.263482
vt 0.882180 0.265097
vt 0.940645 0.261620
vt 0.941626 0.260234
vt 0.880633 0.261974
vt 0.942774 0.258938
vt 0.944272 0.257461
vt 0.878777 0.259329
vt 0.945967 0.255504
vt 0.947179 0.253860
vt 0.875238 0.255334
vt 0.949047 0.251119
vt 0.873034 0.252636
vt 0.951759 0.247564
vt 0.871165 0.250155
vt 0.953023 0.246174
vt 0.869055 0.248425
vt 0.953995 0.244899
vt 0.954814 0.243618
vt 0.866291 0.245939
vt 0.957454 0.238825
vt 0.864250 0.243950
vt 0.862367 0.242391
vt 0.860237 0.241000
vt 0.960351 0.233827
vt 0.858841 0.240261
vt 0.857293 0.239290
vt 0.855525 0.237926
vt 0.961469 0.232281
vt 0.854243 0.236681
vt 0.963274 0.230258
vt 0.853078 0.235306
vt 0.852031 0.233802
vt 0.966314 0.226561
vt 0.851314 0.232583
vt 0.849671 0.231095
vt 0.848720 0.230453
vt 0.847729 0.229927
vt 0.967928 0.222400
vt 0.845465 0.228147
vt 0.842699 0.225698
vt 0.969950 0.217593
vt 0.840370 0.223419
vt 0.907781 0.219926
vt 0.838868 0.222105
vt 0.906508 0.219820
vt 0.909138 0.219608
vt 0.910066 0.219192
vt 0.903211 0.218070
vt 0.912640 0.215315
vt 0.836819 0.220622
vt 0.971745 0.213692
vt 0.902280 0.217440
vt 0.901416 0.216658
vt 0.834091 0.219078
vt 0.891665 0.207724
vt 0.829468 0.218082
vt 0.973386 0.210602
vt 0.914291 0.213018
vt 0.827352 0.217383
vt 0.826604 0.217118
vt 0.825835 0.216637
vt 0.825347 0.216052
vt 0.915742 0.211408
vt 0.825140 0.215638
vt 0.824831 0.215529
vt 0.824475 0.215222
vt 0.975449 0.207205
vt 0.824222 0.214639
vt 0.919279 0.207885
vt 0.824150 0.214081
vt 0.824921 0.209790
vt 0.976833 0.205152
vt 0.977376 0.204161
vt 0.891306 0.206999
vt 0.922758 0.204718
vt 0.978422 0.202529
vt 0.890468 0.205649
vt 0.825567 0.207391
vt 0.924338 0.203169
vt 0.978952 0.201252
vt 0.889679 0.204192
vt 0.979115 0.201030
vt 0.979323 0.200494
vt 0.888562 0.203378
vt 0.927390 0.199885
vt 0.979377 0.199623
vt 0.826348 0.205444
vt 0.887603 0.202857
vt 0.979520 0.198048
vt 0.827558 0.203111
vt 0.884810 0.201429
vt 0.882984 0.200696
vt 0.977879 0.196150
vt 0.881755 0.200079
vt 0.930993 0.195766
vt 0.880394 0.199114
vt 0.975707 0.193881
vt 0.828897 0.200096
vt 0.876533 0.196420
vt 0.830276 0.196083
vt 0.972446 0.190834
vt 0.933345 0.192839
vt 0.873087 0.194221
vt 0.934449 0.191399
vt 0.870733 0.191978
vt 0.970140 0.188876
vt 0.935302 0.189908
vt 0.968971 0.188174
vt 0.936423 0.188595
vt 0.870065 0.191450
vt 0.967093 0.187234
vt 0.937146 0.188133
vt 0.868848 0.190760
vt 0.831492 0.192223
vt 0.966272 0.186782
vt 0.937911 0.187463
vt 0.867590 0.189919
vt 0.965783 0.186211
vt 0.938421 0.186698
vt 0.964592 0.184988
vt 0.866068 0.189063
vt 0.938804 0.185790
vt 0.864495 0.188407
vt 0.963962 0.184270
vt 0.939252 0.185027
vt 0.832905 0.188358
vt 0.862456 0.187877
vt 0.963447 0.183491
vt 0.939925 0.184266
vt 0.860338 0.187636
vt 0.962331 0.183377
vt 0.858686 0.187646
vt 0.960662 0.183002
vt 0.940440 0.183837
vt 0.941356 0.183715
vt 0.857418 0.186387
vt 0.942633 0.183306
vt 0.959145 0.182394
vt 0.943690 0.182622
vt 0.957652 0.181524
vt 0.834028 0.184903
vt 0.945241 0.181132
vt 0.855935 0.184956
vt 0.956276 0.180556
vt 0.852705 0.183596
vt 0.954487 0.179052
vt 0.947477 0.179320
vt 0.835369 0.181637
vt 0.847670 0.181376
vt 0.837423 0.180481
vt 0.842284 0.179088
vt 0.839242 0.179529
vt 0.840277 0.179207
vt 0.841441 0.179071
vt 0.820468 0.556255
vt 0.818780 0.556538
vt 0.816924 0.555618
vt 0.816429 0.555149
vt 0.823057 0.556064
vt 0.815418 0.553666
vt 0.825405 0.556187
vt 0.850979 0.560618
vt 0.847801 0.560419
vt 0.847219 0.559813
vt 0.828927 0.556692
vt 0.832521 0.557005
vt 0.853747 0.560721
vt 0.836694 0.557757
vt 0.835684 0.557691
vt 0.834755 0.557380
vt 0.846255 0.558970
vt 0.840356 0.557264
vt 0.834223 0.557063
vt 0.856012 0.560930
vt 0.814056 0.552191
vt 0.843383 0.556897
vt 0.863077 0.559738
vt 0.812497 0.550970
vt 0.895554 0.565874
vt 0.893247 0.565704
vt 0.891526 0.565354
vt 0.889831 0.564768
vt 0.897259 0.565743
vt 0.810738 0.550006
vt 0.885478 0.562666
vt 0.898429 0.565471
vt 0.899451 0.565084
vt 0.808782 0.549294
vt 0.903866 0.565782
vt 0.806283 0.548737
vt 0.802357 0.548066
vt 0.797594 0.544851
vt 0.905895 0.565627
vt 0.867219 0.558945
vt 0.880664 0.561239
vt 0.879210 0.561404
vt 0.877388 0.561466
vt 0.874891 0.560119
vt 0.873544 0.559587
vt 0.868568 0.558827
vt 0.908936 0.565233
vt 0.882233 0.560963
vt 0.869878 0.558863
vt 0.871553 0.559063
vt 0.911478 0.565342
vt 0.914782 0.565220
vt 0.918927 0.564956
vt 0.930904 0.565869
vt 0.929373 0.565780
vt 0.928847 0.565480
vt 0.933112 0.565797
vt 0.926545 0.564734
vt 0.922138 0.564643
vt 0.925467 0.564528
vt 0.795811 0.543886
vt 0.934910 0.565532
vt 0.923983 0.564072
vt 0.923210 0.564106
vt 0.936775 0.565094
vt 0.793388 0.542868
vt 0.790895 0.541979
vt 0.938610 0.564807
vt 0.789311 0.541147
vt 0.942815 0.564876
vt 0.942317 0.564846
vt 0.942023 0.564649
vt 0.940690 0.564554
vt 0.943569 0.564626
vt 0.944424 0.564164
vt 0.788248 0.540369
vt 0.787313 0.539439
vt 0.945665 0.563662
vt 0.946898 0.563238
vt 0.786230 0.537990
vt 0.949034 0.562544
vt 0.951779 0.561665
vt 0.952892 0.561098
vt 0.785336 0.536296
vt 0.954328 0.560432
vt 0.955726 0.559822
vt 0.957387 0.558995
vt 0.784774 0.534834
vt 0.958468 0.558302
vt 0.785033 0.533524
vt 0.959269 0.556833
vt 0.960388 0.554233
vt 0.786359 0.528310
vt 0.961218 0.551541
vt 0.786174 0.527046
vt 0.962003 0.548198
vt 0.785724 0.525115
vt 0.785539 0.523697
vt 0.785502 0.522671
vt 0.962736 0.545512
vt 0.786576 0.520440
vt 0.963606 0.542883
vt 0.787593 0.517656
vt 0.964298 0.541036
vt 0.788559 0.513705
vt 0.964001 0.534149
vt 0.789041 0.510438
vt 0.789504 0.507958
vt 0.964004 0.531032
vt 0.790309 0.504978
vt 0.963848 0.527456
vt 0.791351 0.502060
vt 0.963647 0.524493
vt 0.792937 0.497055
vt 0.963706 0.521962
vt 0.963947 0.519617
vt 0.871296 0.505846
vt 0.865936 0.504947
vt 0.877021 0.506064
vt 0.963952 0.518213
vt 0.882077 0.505991
vt 0.883509 0.505430
vt 0.863513 0.504142
vt 0.884377 0.505065
vt 0.885057 0.504763
vt 0.862117 0.503499
vt 0.887379 0.504515
vt 0.963817 0.517773
vt 0.890236 0.504267
vt 0.859358 0.502563
vt 0.894160 0.504551
vt 0.891899 0.504161
vt 0.894963 0.504436
vt 0.893972 0.504515
vt 0.893784 0.504480
vt 0.893596 0.504445
vt 0.893408 0.504410
vt 0.893220 0.504376
vt 0.893032 0.504343
vt 0.892843 0.504310
vt 0.892655 0.504277
vt 0.892466 0.504246
vt 0.892277 0.504215
vt 0.892088 0.504186
vt 0.963106 0.516796
vt 0.896335 0.504266
vt 0.856329 0.501363
vt 0.897073 0.504132
vt 0.926011 0.509064
vt 0.923545 0.508046
vt 0.899611 0.503816
vt 0.927924 0.509047
vt 0.854597 0.500835
vt 0.950219 0.513304
vt 0.850279 0.500172
vt 0.852384 0.500419
vt 0.847922 0.499697
vt 0.961086 0.514967
vt 0.947525 0.512466
vt 0.908331 0.504999
vt 0.846660 0.499160
vt 0.929942 0.508871
vt 0.911939 0.505565
vt 0.904199 0.504112
vt 0.919588 0.506782
vt 0.953273 0.513033
vt 0.915822 0.506021
vt 0.944383 0.511329
vt 0.901602 0.503428
vt 0.931148 0.508851
vt 0.845211 0.498270
vt 0.795969 0.486499
vt 0.932534 0.508973
vt 0.934607 0.509292
vt 0.954672 0.512662
vt 0.959650 0.513863
vt 0.937066 0.509531
vt 0.942121 0.510342
vt 0.844689 0.497752
vt 0.940637 0.509570
vt 0.958140 0.512937
vt 0.956562 0.512536
vt 0.844245 0.496893
vt 0.844149 0.495765
vt 0.843956 0.494820
vt 0.844117 0.493563
vt 0.844775 0.491991
vt 0.847449 0.488496
vt 0.798725 0.481559
vt 0.850482 0.484373
vt 0.800674 0.477712
vt 0.852148 0.482397
vt 0.802013 0.475290
vt 0.853855 0.480693
vt 0.803557 0.472836
vt 0.855195 0.479492
vt 0.883413 0.480134
vt 0.879274 0.481056
vt 0.878094 0.480423
vt 0.877685 0.480084
vt 0.856108 0.478218
vt 0.877560 0.479829
vt 0.877518 0.479573
vt 0.805145 0.470552
vt 0.877170 0.478601
vt 0.888856 0.478796
vt 0.857215 0.476535
vt 0.876675 0.477769
vt 0.875854 0.476812
vt 0.806532 0.468758
vt 0.894497 0.478457
vt 0.858299 0.475103
vt 0.896013 0.478182
vt 0.874548 0.475622
vt 0.897292 0.477764
vt 0.859151 0.474060
vt 0.898376 0.477320
vt 0.873537 0.474408
vt 0.899975 0.476909
vt 0.808178 0.466923
vt 0.901734 0.476733
vt 0.903626 0.476741
vt 0.905071 0.476631
vt 0.860214 0.473086
vt 0.872774 0.473043
vt 0.906638 0.476255
vt 0.907636 0.475885
vt 0.861189 0.472538
vt 0.810414 0.464846
vt 0.872954 0.471920
vt 0.862622 0.471995
vt 0.908522 0.475093
vt 0.908757 0.474681
vt 0.863913 0.471351
vt 0.873260 0.470752
vt 0.909256 0.469585
vt 0.864987 0.470650
vt 0.812767 0.463001
vt 0.873531 0.468962
vt 0.866224 0.469674
vt 0.873665 0.468553
vt 0.867742 0.468612
vt 0.814358 0.461966
vt 0.873606 0.467870
vt 0.815577 0.461445
vt 0.873163 0.467169
vt 0.868777 0.467972
vt 0.869077 0.467531
vt 0.869419 0.466717
vt 0.817117 0.461035
vt 0.872677 0.466814
vt 0.872013 0.466530
vt 0.870636 0.466398
vt 0.818239 0.460851
vt 0.909739 0.468442
vt 0.819324 0.458896
vt 0.910349 0.467819
vt 0.911022 0.466791
vt 0.820191 0.457908
vt 0.821087 0.457431
vt 0.911361 0.465701
vt 0.822268 0.457157
vt 0.823213 0.457010
vt 0.823814 0.456677
vt 0.911490 0.464469
vt 0.824657 0.455949
vt 0.911713 0.463355
vt 0.825242 0.455041
vt 0.825488 0.454246
vt 0.912154 0.462122
vt 0.825880 0.453277
vt 0.912638 0.461113
vt 0.826517 0.452254
vt 0.913170 0.460252
vt 0.829069 0.450013
vt 0.914134 0.459079
vt 0.914747 0.458117
vt 0.915180 0.457212
vt 0.832877 0.447226
vt 0.915609 0.455986
vt 0.916280 0.453535
vt 0.836174 0.445318
vt 0.838557 0.444219
vt 0.916826 0.452019
vt 0.839793 0.443501
vt 0.917531 0.449744
vt 0.841571 0.442222
vt 0.843117 0.441405
vt 0.917943 0.447981
vt 0.843341 0.441092
vt 0.843978 0.440372
vt 0.845205 0.439813
vt 0.848498 0.436837
vt 0.918355 0.445358
vt 0.918717 0.444422
vt 0.850035 0.436196
vt 0.851689 0.435556
vt 0.919547 0.442883
vt 0.853023 0.434917
vt 0.919886 0.441997
vt 0.856102 0.433347
vt 0.920000 0.441328
vt 0.919966 0.440711
vt 0.919755 0.439830
vt 0.858976 0.431705
vt 0.919719 0.438777
vt 0.919983 0.437860
vt 0.860740 0.430500
vt 0.920735 0.436514
vt 0.862336 0.429002
vt 0.921430 0.434793
vt 0.863311 0.428305
vt 0.863985 0.427628
vt 0.864964 0.426924
vt 0.866583 0.426117
vt 0.921863 0.431333
vt 0.867929 0.425672
vt 0.870684 0.425540
vt 0.874328 0.425489
vt 0.922035 0.430675
vt 0.876631 0.425490
vt 0.878532 0.424150
vt 0.922468 0.429729
vt 0.923187 0.428677
vt 0.881302 0.422575
vt 0.924244 0.427619
vt 0.882644 0.422135
vt 0.925629 0.426447
vt 0.885373 0.421120
vt 0.885812 0.420810
vt 0.926961 0.425401
vt 0.886329 0.420317
vt 0.886626 0.419843
vt 0.928044 0.424248
vt 0.886824 0.419289
vt 0.887075 0.418873
vt 0.887601 0.418458
vt 0.929029 0.422738
vt 0.929695 0.421332
vt 0.930285 0.419685
vt 0.889634 0.412942
vt 0.930923 0.417622
vt 0.931417 0.416366
vt 0.891612 0.407917
vt 0.932095 0.415054
vt 0.932598 0.414244
vt 0.933257 0.412365
vt 0.933791 0.411292
vt 0.893485 0.403913
vt 0.934313 0.410576
vt 0.934809 0.410090
vt 0.936245 0.408197
vt 0.895007 0.401126
vt 0.937986 0.405733
vt 0.895267 0.400134
vt 0.895824 0.398689
vt 0.939007 0.404078
vt 0.939698 0.402775
vt 0.896634 0.397322
vt 0.897859 0.395878
vt 0.940004 0.399445
vt 0.899063 0.394777
vt 0.900088 0.394015
vt 0.940344 0.398362
vt 0.900847 0.393133
vt 0.941565 0.396260
vt 0.902170 0.392049
vt 0.904118 0.390843
vt 0.939987 0.395120
vt 0.905096 0.390385
vt 0.937635 0.393459
vt 0.906502 0.389629
vt 0.908592 0.388217
vt 0.935658 0.391885
vt 0.934378 0.390955
vt 0.932922 0.389964
vt 0.911397 0.385955
vt 0.931194 0.388440
vt 0.928260 0.387749
vt 0.922707 0.386350
vt 0.920906 0.386233
vt 0.920025 0.386086
vt 0.912551 0.384879
vt 0.921471 0.386232
vt 0.919512 0.385919
vt 0.918582 0.385565
vt 0.912703 0.384586
vt 0.917431 0.384765
vt 0.912996 0.384275
vt 0.913349 0.384125
vt 0.914016 0.384053
vt 0.916823 0.384400
vt 0.916219 0.384264
vt 0.915087 0.383783
vt 0.374005 0.838005
vt 0.375558 0.837853
vt 0.377075 0.838033
vt 0.378179 0.838368
vt 0.371911 0.838644
vt 0.378618 0.838862
vt 0.378895 0.839557
vt 0.369466 0.839697
vt 0.360646 0.839159
vt 0.362013 0.839127
vt 0.364588 0.839299
vt 0.379064 0.840887
vt 0.367150 0.839534
vt 0.359269 0.839427
vt 0.357876 0.839991
vt 0.357170 0.840597
vt 0.356081 0.841276
vt 0.354940 0.841666
vt 0.353005 0.842030
vt 0.378683 0.849966
vt 0.350986 0.842638
vt 0.345658 0.842603
vt 0.346914 0.842539
vt 0.348058 0.842606
vt 0.350031 0.843029
vt 0.343589 0.842789
vt 0.341573 0.842968
vt 0.339478 0.843167
vt 0.338323 0.843862
vt 0.336846 0.844909
vt 0.336227 0.845530
vt 0.335788 0.846194
vt 0.335508 0.846955
vt 0.335329 0.849189
vt 0.378424 0.853925
vt 0.334957 0.852233
vt 0.334606 0.854222
vt 0.378141 0.857667
vt 0.333990 0.856499
vt 0.377975 0.858556
vt 0.377955 0.859592
vt 0.332593 0.860377
vt 0.378193 0.861033
vt 0.378738 0.862696
vt 0.379014 0.864125
vt 0.331891 0.862592
vt 0.332159 0.863641
vt 0.379009 0.865703
vt 0.332374 0.865207
vt 0.378852 0.866714
vt 0.378700 0.868257
vt 0.332336 0.866592
vt 0.561754 0.825053
vt 0.562674 0.824817
vt 0.563840 0.824680
vt 0.557393 0.827627
vt 0.565120 0.824762
vt 0.378416 0.869822
vt 0.332051 0.868455
vt 0.565813 0.824974
vt 0.553606 0.830194
vt 0.566442 0.825427
vt 0.525444 0.841239
vt 0.525914 0.841010
vt 0.526208 0.840957
vt 0.524967 0.841653
vt 0.541218 0.835172
vt 0.543391 0.834247
vt 0.545799 0.833511
vt 0.524488 0.842248
vt 0.527184 0.841224
vt 0.537430 0.837088
vt 0.549212 0.832961
vt 0.547627 0.833147
vt 0.378021 0.871503
vt 0.524234 0.842719
vt 0.567252 0.826400
vt 0.528077 0.841305
vt 0.534022 0.838974
vt 0.524174 0.843039
vt 0.529016 0.841282
vt 0.531974 0.840108
vt 0.525484 0.848626
vt 0.331916 0.870454
vt 0.530714 0.840761
vt 0.377733 0.873162
vt 0.567756 0.827263
vt 0.569651 0.827147
vt 0.331935 0.871576
vt 0.571032 0.827306
vt 0.332738 0.872846
vt 0.571762 0.828270
vt 0.377598 0.875154
vt 0.333578 0.874600
vt 0.573022 0.829647
vt 0.377673 0.876884
vt 0.333914 0.875955
vt 0.574368 0.830850
vt 0.377959 0.878685
vt 0.334074 0.877791
vt 0.575725 0.832347
vt 0.378357 0.880406
vt 0.334302 0.879375
vt 0.576615 0.833567
vt 0.378726 0.882647
vt 0.527442 0.856763
vt 0.576996 0.835075
vt 0.334822 0.882250
vt 0.334029 0.886248
vt 0.577796 0.837840
vt 0.379071 0.886718
vt 0.528183 0.860740
vt 0.578225 0.840166
vt 0.378061 0.889137
vt 0.580831 0.846960
vt 0.377494 0.890137
vt 0.377100 0.890670
vt 0.528660 0.864819
vt 0.377032 0.891192
vt 0.332949 0.892187
vt 0.376828 0.892085
vt 0.376794 0.894474
vt 0.528823 0.867383
vt 0.376458 0.897958
vt 0.581040 0.847972
vt 0.331902 0.897200
vt 0.530411 0.869498
vt 0.581191 0.849162
vt 0.581613 0.850720
vt 0.375777 0.901116
vt 0.532294 0.872195
vt 0.581938 0.853113
vt 0.332600 0.900910
vt 0.533219 0.873924
vt 0.582178 0.854016
vt 0.582872 0.855490
vt 0.374804 0.904283
vt 0.533932 0.875800
vt 0.583712 0.857826
vt 0.333540 0.905536
vt 0.374003 0.907368
vt 0.534286 0.877066
vt 0.533939 0.878055
vt 0.584214 0.860082
vt 0.533646 0.879654
vt 0.373280 0.911120
vt 0.334055 0.908781
vt 0.533695 0.881345
vt 0.584544 0.862692
vt 0.534965 0.887506
vt 0.584930 0.864991
vt 0.372926 0.913724
vt 0.334563 0.913486
vt 0.585407 0.867005
vt 0.372996 0.915957
vt 0.586080 0.869711
vt 0.334766 0.916882
vt 0.372974 0.917686
vt 0.535182 0.890201
vt 0.373052 0.918679
vt 0.373269 0.920079
vt 0.586475 0.872317
vt 0.334926 0.924667
vt 0.373291 0.920965
vt 0.535495 0.893754
vt 0.373146 0.921945
vt 0.586594 0.874982
vt 0.372942 0.922711
vt 0.536163 0.895044
vt 0.372715 0.924013
vt 0.536866 0.896124
vt 0.586536 0.876939
vt 0.372576 0.925469
vt 0.586661 0.879956
vt 0.537130 0.896975
vt 0.372331 0.926821
vt 0.537123 0.897759
vt 0.371821 0.927242
vt 0.536869 0.898929
vt 0.335999 0.926891
vt 0.370997 0.927753
vt 0.370193 0.928075
vt 0.536720 0.900751
vt 0.362130 0.928276
vt 0.361052 0.928396
vt 0.364110 0.928411
vt 0.367098 0.928865
vt 0.359966 0.928588
vt 0.359396 0.928707
vt 0.336172 0.927682
vt 0.356732 0.929221
vt 0.336145 0.928462
vt 0.354402 0.929798
vt 0.536890 0.902421
vt 0.586978 0.883952
vt 0.336051 0.929012
vt 0.352541 0.930241
vt 0.335876 0.929295
vt 0.335710 0.929917
vt 0.348565 0.931045
vt 0.335470 0.930214
vt 0.335273 0.930350
vt 0.537605 0.905257
vt 0.346026 0.931681
vt 0.334751 0.931448
vt 0.344367 0.931966
vt 0.587384 0.886862
vt 0.342594 0.932078
vt 0.334726 0.931798
vt 0.340861 0.932053
vt 0.339380 0.932209
vt 0.334919 0.931968
vt 0.335276 0.932306
vt 0.335997 0.933053
vt 0.335738 0.932884
vt 0.538392 0.907981
vt 0.587935 0.889130
vt 0.538939 0.910427
vt 0.588632 0.891052
vt 0.589866 0.893505
vt 0.539713 0.913111
vt 0.590968 0.913087
vt 0.539943 0.914661
vt 0.539899 0.916409
vt 0.539759 0.917856
vt 0.540426 0.920008
vt 0.540483 0.922065
vt 0.540756 0.925048
vt 0.541449 0.929246
vt 0.542101 0.932344
vt 0.541136 0.934503
vt 0.590243 0.918137
vt 0.540022 0.937902
vt 0.539522 0.940444
vt 0.589380 0.923090
vt 0.539342 0.942601
vt 0.538881 0.944215
vt 0.588097 0.929617
vt 0.537912 0.948079
vt 0.537380 0.949505
vt 0.536586 0.950956
vt 0.535969 0.951844
vt 0.535400 0.952445
vt 0.534882 0.953292
vt 0.586544 0.938170
vt 0.534539 0.954212
vt 0.534148 0.956044
vt 0.533914 0.957672
vt 0.534058 0.959182
vt 0.586293 0.938993
vt 0.586128 0.939927
vt 0.534038 0.960930
vt 0.585802 0.940706
vt 0.585007 0.942408
vt 0.534047 0.961754
vt 0.533173 0.964032
vt 0.584059 0.944944
vt 0.531606 0.967398
vt 0.583314 0.947554
vt 0.529936 0.970247
vt 0.582206 0.952472
vt 0.527843 0.973312
vt 0.526311 0.975833
vt 0.581185 0.956730
vt 0.524993 0.978426
vt 0.524174 0.980319
vt 0.580023 0.961547
vt 0.525095 0.982415
vt 0.525606 0.983369
vt 0.526294 0.985080
vt 0.579029 0.965131
vt 0.526949 0.986205
vt 0.578064 0.967668
vt 0.527850 0.988510
vt 0.576689 0.970333
vt 0.529116 0.989448
vt 0.575783 0.971750
vt 0.575254 0.973406
vt 0.530696 0.990358
vt 0.532109 0.990909
vt 0.574144 0.976003
vt 0.533601 0.991297
vt 0.535285 0.991593
vt 0.536712 0.992243
vt 0.572787 0.978375
vt 0.538222 0.993533
vt 0.570973 0.981023
vt 0.539179 0.994698
vt 0.569077 0.984073
vt 0.540972 0.994587
vt 0.542505 0.994803
vt 0.544507 0.994890
vt 0.567666 0.986710
vt 0.546211 0.995212
vt 0.547867 0.995712
vt 0.549048 0.995928
vt 0.549670 0.995975
vt 0.551210 0.996292
vt 0.561763 0.994312
vt 0.552874 0.996876
vt 0.554409 0.997670
vt 0.560003 0.996323
vt 0.555714 0.998579
vt 0.558022 0.998269
vt 0.556693 0.999438
vt 0.973153 0.173562
vt 0.971276 0.175619
vt 0.970214 0.175952
vt 0.969800 0.175964
vt 0.968963 0.175805
vt 0.967522 0.175657
vt 0.973573 0.171886
vt 0.966048 0.175632
vt 0.965106 0.175540
vt 0.964101 0.175307
vt 0.974030 0.169343
vt 0.963219 0.175042
vt 0.960999 0.174753
vt 0.959332 0.174751
vt 0.974202 0.167526
vt 0.958177 0.174663
vt 0.956649 0.174367
vt 0.974203 0.165616
vt 0.955367 0.174320
vt 0.954203 0.174530
vt 0.948828 0.176889
vt 0.946757 0.177783
vt 0.943528 0.177927
vt 0.949944 0.176292
vt 0.952338 0.175241
vt 0.973987 0.162581
vt 0.939411 0.177987
vt 0.935912 0.178005
vt 0.973604 0.159927
vt 0.934571 0.177752
vt 0.933644 0.177271
vt 0.932966 0.176597
vt 0.973130 0.157380
vt 0.932601 0.175888
vt 0.932291 0.174677
vt 0.932131 0.173214
vt 0.972851 0.155451
vt 0.972629 0.153254
vt 0.932119 0.170890
vt 0.931932 0.168948
vt 0.972439 0.151623
vt 0.972532 0.150648
vt 0.932618 0.167560
vt 0.972534 0.149377
vt 0.933042 0.166575
vt 0.933612 0.165566
vt 0.972375 0.148458
vt 0.934300 0.164534
vt 0.971863 0.146344
vt 0.934431 0.161647
vt 0.971510 0.143894
vt 0.934337 0.159969
vt 0.934117 0.158975
vt 0.971435 0.141439
vt 0.933749 0.158009
vt 0.933359 0.157273
vt 0.932737 0.156745
vt 0.971641 0.138728
vt 0.932179 0.156509
vt 0.931719 0.156493
vt 0.927231 0.155739
vt 0.972111 0.135745
vt 0.923121 0.155268
vt 0.972780 0.132764
vt 0.918434 0.154915
vt 0.973299 0.130796
vt 0.916223 0.154880
vt 0.913642 0.155129
vt 0.911139 0.155706
vt 0.908356 0.156662
vt 0.905188 0.157560
vt 0.902061 0.158176
vt 0.891416 0.159524
vt 0.972615 0.125250
vt 0.972595 0.123543
vt 0.888497 0.159487
vt 0.885172 0.160329
vt 0.873346 0.164425
vt 0.972847 0.121599
vt 0.870209 0.164959
vt 0.867922 0.165116
vt 0.865475 0.165064
vt 0.973197 0.119921
vt 0.863033 0.164877
vt 0.973274 0.118476
vt 0.860820 0.164821
vt 0.973162 0.117324
vt 0.857469 0.165027
vt 0.972825 0.115473
vt 0.854362 0.165444
vt 0.972376 0.112200
vt 0.847415 0.162603
vt 0.971966 0.110584
vt 0.845516 0.162147
vt 0.843706 0.162097
vt 0.842311 0.162294
vt 0.841285 0.161724
vt 0.970865 0.106759
vt 0.840141 0.160931
vt 0.839218 0.160078
vt 0.971640 0.104082
vt 0.838515 0.159166
vt 0.838032 0.158194
vt 0.837705 0.156809
vt 0.972494 0.100399
vt 0.973541 0.096707
vt 0.836144 0.151874
vt 0.973729 0.094680
vt 0.835513 0.150359
vt 0.973846 0.091997
vt 0.833878 0.146953
vt 0.973687 0.090335
vt 0.973379 0.088929
vt 0.972737 0.086958
vt 0.832783 0.142490
vt 0.972435 0.085434
vt 0.972296 0.083844
vt 0.923154 0.103746
vt 0.918594 0.105487
vt 0.923757 0.103267
vt 0.832311 0.140871
vt 0.914479 0.106635
vt 0.924255 0.102762
vt 0.910481 0.107529
vt 0.972430 0.081367
vt 0.924736 0.101586
vt 0.908424 0.107749
vt 0.831772 0.139457
vt 0.906702 0.107678
vt 0.925090 0.099567
vt 0.904807 0.107416
vt 0.925001 0.097668
vt 0.972829 0.078991
vt 0.903073 0.107361
vt 0.901432 0.107537
vt 0.830390 0.134033
vt 0.899841 0.107920
vt 0.897317 0.108366
vt 0.973403 0.076738
vt 0.925034 0.095012
vt 0.895025 0.108526
vt 0.891852 0.108406
vt 0.973709 0.074816
vt 0.887265 0.110241
vt 0.884504 0.111324
vt 0.925308 0.092625
vt 0.888713 0.109138
vt 0.882587 0.111674
vt 0.881042 0.112063
vt 0.974232 0.072304
vt 0.889555 0.108189
vt 0.878134 0.113250
vt 0.879330 0.112694
vt 0.877407 0.113033
vt 0.829855 0.131638
vt 0.876476 0.112568
vt 0.972976 0.069178
vt 0.875757 0.111898
vt 0.875056 0.110693
vt 0.926495 0.086710
vt 0.829169 0.128095
vt 0.965376 0.064428
vt 0.874376 0.108892
vt 0.874196 0.107728
vt 0.828500 0.125642
vt 0.874173 0.106604
vt 0.927341 0.082049
vt 0.874337 0.103203
vt 0.961819 0.066009
vt 0.961975 0.065894
vt 0.951895 0.070175
vt 0.927700 0.080122
vt 0.827884 0.123891
vt 0.960976 0.066329
vt 0.961992 0.065928
vt 0.963778 0.065088
vt 0.950611 0.070455
vt 0.948304 0.071216
vt 0.827415 0.122270
vt 0.947907 0.071085
vt 0.947132 0.070982
vt 0.874012 0.102086
vt 0.928326 0.077058
vt 0.945943 0.070905
vt 0.827016 0.120367
vt 0.944514 0.070934
vt 0.872819 0.099036
vt 0.942076 0.071189
vt 0.940504 0.071433
vt 0.826827 0.118973
vt 0.938829 0.072013
vt 0.937814 0.072241
vt 0.936693 0.072616
vt 0.826678 0.118547
vt 0.929049 0.074298
vt 0.934642 0.072263
vt 0.871981 0.096286
vt 0.825473 0.117050
vt 0.929275 0.074117
vt 0.825318 0.116278
vt 0.933328 0.071903
vt 0.929748 0.073620
vt 0.930365 0.072781
vt 0.932526 0.071781
vt 0.825336 0.115205
vt 0.871403 0.093504
vt 0.931194 0.071947
vt 0.931715 0.071816
vt 0.825650 0.114325
vt 0.826274 0.113396
vt 0.826703 0.112520
vt 0.826962 0.111365
vt 0.871131 0.091395
vt 0.826462 0.108820
vt 0.871021 0.089269
vt 0.871091 0.086403
vt 0.825873 0.105437
vt 0.871306 0.084221
vt 0.825246 0.101014
vt 0.871528 0.083894
vt 0.871737 0.083351
vt 0.871774 0.082764
vt 0.871529 0.081080
vt 0.871393 0.076538
vt 0.824665 0.097603
vt 0.824259 0.092846
vt 0.871153 0.073472
vt 0.871768 0.071773
vt 0.872152 0.070221
vt 0.824155 0.090197
vt 0.872246 0.068626
vt 0.824264 0.088229
vt 0.872237 0.067711
vt 0.872053 0.066324
vt 0.824533 0.086224
vt 0.824755 0.085067
vt 0.871630 0.064836
vt 0.871353 0.063664
vt 0.824933 0.083564
vt 0.871210 0.062569
vt 0.824968 0.082013
vt 0.871262 0.060980
vt 0.824856 0.079414
vt 0.871533 0.058964
vt 0.824771 0.075972
vt 0.872221 0.056206
vt 0.824638 0.073927
vt 0.872851 0.054411
vt 0.873891 0.052167
vt 0.824643 0.070570
vt 0.875639 0.047832
vt 0.876437 0.046015
vt 0.824913 0.067360
vt 0.877565 0.043008
vt 0.825560 0.062840
vt 0.878196 0.040876
vt 0.878555 0.039107
vt 0.878803 0.037356
vt 0.826076 0.058562
vt 0.879427 0.035132
vt 0.880247 0.033173
vt 0.826330 0.055620
vt 0.881287 0.031270
vt 0.827482 0.052222
vt 0.882487 0.028399
vt 0.883216 0.026050
vt 0.828496 0.048494
vt 0.883920 0.022665
vt 0.829450 0.045340
vt 0.829991 0.044453
vt 0.884210 0.020143
vt 0.830772 0.043016
vt 0.831077 0.042129
vt 0.831192 0.041230
vt 0.881742 0.017070
vt 0.831482 0.039974
vt 0.831922 0.038818
vt 0.881257 0.015899
vt 0.833400 0.035781
vt 0.880594 0.014037
vt 0.834489 0.033277
vt 0.879938 0.012369
vt 0.835377 0.031516
vt 0.878786 0.012142
vt 0.876982 0.011674
vt 0.837768 0.027365
vt 0.874679 0.010827
vt 0.838080 0.025912
vt 0.838182 0.024784
vt 0.872190 0.009648
vt 0.838224 0.023563
vt 0.869413 0.008011
vt 0.838512 0.022502
vt 0.839172 0.021390
vt 0.839948 0.020531
vt 0.868994 0.007458
vt 0.840204 0.020197
vt 0.840278 0.019816
vt 0.840244 0.019267
vt 0.868317 0.006716
vt 0.840281 0.018690
vt 0.840392 0.018248
vt 0.867520 0.006091
vt 0.841670 0.017317
vt 0.843161 0.016175
vt 0.844143 0.015474
vt 0.865247 0.004702
vt 0.844151 0.013761
vt 0.844328 0.012583
vt 0.863306 0.003499
vt 0.844401 0.011119
vt 0.845146 0.009749
vt 0.861356 0.002147
vt 0.846538 0.007937
vt 0.848094 0.006640
vt 0.859349 0.000506
vt 0.849687 0.005721
vt 0.850826 0.004930
vt 0.851883 0.004002
vt 0.853006 0.002697
vt 0.855974 0.001314
vt 0.853877 0.001441
vt 0.093301 0.853886
vt 0.093735 0.854979
vt 0.094327 0.857451
vt 0.092254 0.853025
vt 0.094650 0.859685
vt 0.091890 0.852891
vt 0.094798 0.862078
vt 0.089297 0.853129
vt 0.094717 0.864363
vt 0.094397 0.866607
vt 0.094083 0.867979
vt 0.085799 0.853350
vt 0.094382 0.869361
vt 0.094697 0.871507
vt 0.094801 0.873707
vt 0.094675 0.876919
vt 0.094444 0.880195
vt 0.080783 0.853568
vt 0.094260 0.882211
vt 0.094187 0.884300
vt 0.094262 0.886694
vt 0.094607 0.890469
vt 0.094781 0.891722
vt 0.094776 0.892851
vt 0.094571 0.894133
vt 0.094200 0.895226
vt 0.076749 0.853947
vt 0.093872 0.896883
vt 0.093841 0.898592
vt 0.094149 0.901416
vt 0.073494 0.854387
vt 0.094422 0.904953
vt 0.094128 0.905565
vt 0.093621 0.905979
vt 0.091959 0.906655
vt 0.090319 0.907645
vt 0.067260 0.855115
vt 0.087568 0.909080
vt 0.064785 0.855275
vt 0.084651 0.910312
vt 0.061172 0.855289
vt 0.082359 0.911108
vt 0.057723 0.855138
vt 0.079632 0.911842
vt 0.056744 0.855225
vt 0.055944 0.855497
vt 0.076054 0.912537
vt 0.055004 0.856053
vt 0.053724 0.857302
vt 0.053682 0.857998
vt 0.053528 0.858572
vt 0.053171 0.859129
vt 0.074032 0.912800
vt 0.052830 0.859569
vt 0.072949 0.912579
vt 0.052568 0.863925
vt 0.072249 0.912552
vt 0.071386 0.912669
vt 0.052638 0.866497
vt 0.069400 0.913245
vt 0.052818 0.868045
vt 0.052936 0.870987
vt 0.052976 0.874561
vt 0.067179 0.913563
vt 0.052888 0.876562
vt 0.052553 0.878754
vt 0.065521 0.913556
vt 0.051786 0.881243
vt 0.063880 0.913304
vt 0.051203 0.882238
vt 0.061699 0.912641
vt 0.050640 0.882941
vt 0.049214 0.884451
vt 0.059531 0.911584
vt 0.049049 0.885355
vt 0.049810 0.887897
vt 0.057995 0.910606
vt 0.049551 0.890902
vt 0.055941 0.909672
vt 0.049515 0.893726
vt 0.049791 0.897156
vt 0.053576 0.908502
vt 0.050108 0.900501
vt 0.050258 0.903386
vt 0.051741 0.907672
vt 0.051215 0.907200
vt 0.050327 0.905347
vt 0.050628 0.906331
vt 0.623596 0.771473
vt 0.624475 0.770812
vt 0.628469 0.770856
vt 0.630734 0.771254
vt 0.631385 0.771329
vt 0.631946 0.771555
vt 0.632198 0.771825
vt 0.621861 0.772618
vt 0.632324 0.772272
vt 0.607433 0.772602
vt 0.608890 0.772346
vt 0.610556 0.772365
vt 0.632222 0.773238
vt 0.613475 0.773096
vt 0.606213 0.774119
vt 0.620568 0.773340
vt 0.615790 0.773530
vt 0.619104 0.773942
vt 0.632194 0.774229
vt 0.632326 0.775454
vt 0.604842 0.775614
vt 0.604196 0.776098
vt 0.632756 0.777259
vt 0.602878 0.776912
vt 0.601792 0.777775
vt 0.601004 0.778187
vt 0.600114 0.778890
vt 0.633442 0.779771
vt 0.599382 0.779831
vt 0.598876 0.780699
vt 0.634072 0.781650
vt 0.598919 0.782305
vt 0.634328 0.782835
vt 0.598995 0.783466
vt 0.634404 0.784122
vt 0.598917 0.784189
vt 0.598668 0.784932
vt 0.634358 0.785052
vt 0.598418 0.785442
vt 0.634412 0.786076
vt 0.634497 0.786836
vt 0.598085 0.787903
vt 0.634433 0.787564
vt 0.633948 0.789016
vt 0.597884 0.790673
vt 0.633512 0.790779
vt 0.633347 0.792419
vt 0.597864 0.794518
vt 0.633376 0.794234
vt 0.633348 0.796349
vt 0.597990 0.796922
vt 0.598173 0.798033
vt 0.633233 0.798229
vt 0.633212 0.801807
vt 0.598186 0.800810
vt 0.598030 0.802047
vt 0.597970 0.802637
vt 0.633024 0.803730
vt 0.598169 0.804720
vt 0.632659 0.804718
vt 0.631933 0.805861
vt 0.598227 0.806453
vt 0.631105 0.806626
vt 0.630024 0.807285
vt 0.598421 0.808304
vt 0.629235 0.808042
vt 0.599606 0.809284
vt 0.628700 0.809085
vt 0.601452 0.810589
vt 0.628518 0.809891
vt 0.625804 0.810609
vt 0.609209 0.811047
vt 0.603096 0.811524
vt 0.622272 0.811725
vt 0.611123 0.811409
vt 0.607374 0.811938
vt 0.614689 0.812155
vt 0.604336 0.812030
vt 0.619945 0.812598
vt 0.605487 0.812310
vt 0.606297 0.812374
vt 0.617328 0.812478
vt 0.900544 0.577826
vt 0.900960 0.579462
vt 0.900895 0.580795
vt 0.900745 0.581565
vt 0.900696 0.582559
vt 0.900577 0.586097
vt 0.900939 0.589729
vt 0.900985 0.593124
vt 0.900453 0.584014
vt 0.899645 0.576947
vt 0.900435 0.585122
vt 0.900464 0.602062
vt 0.898216 0.575388
vt 0.900544 0.604559
vt 0.898873 0.605337
vt 0.897347 0.574220
vt 0.896732 0.573017
vt 0.896399 0.572152
vt 0.896948 0.605764
vt 0.895326 0.605941
vt 0.892222 0.570767
vt 0.891871 0.605820
vt 0.888371 0.569656
vt 0.885097 0.605742
vt 0.885571 0.569152
vt 0.882637 0.569031
vt 0.880585 0.569130
vt 0.879473 0.569051
vt 0.877705 0.605933
vt 0.878610 0.569036
vt 0.877650 0.569124
vt 0.876419 0.569083
vt 0.875243 0.568803
vt 0.875191 0.605598
vt 0.873667 0.568090
vt 0.871622 0.566919
vt 0.872693 0.605037
vt 0.870609 0.567352
vt 0.869163 0.567657
vt 0.870197 0.604547
vt 0.868008 0.567569
vt 0.868736 0.603692
vt 0.867272 0.567345
vt 0.866331 0.567245
vt 0.866659 0.602067
vt 0.864982 0.567300
vt 0.864315 0.567552
vt 0.865100 0.600348
vt 0.863832 0.568030
vt 0.863612 0.568463
vt 0.863300 0.568963
vt 0.864679 0.595403
vt 0.864504 0.593144
vt 0.864540 0.597719
vt 0.862970 0.569725
vt 0.864311 0.599233
vt 0.863173 0.585891
vt 0.862844 0.570459
vt 0.862753 0.573308
vt 0.862683 0.576649
vt 0.862513 0.578681
vt 0.862599 0.584177
vt 0.862334 0.580081
vt 0.862292 0.582094
vt 0.197681 0.859166
vt 0.198413 0.861115
vt 0.198444 0.862726
vt 0.197212 0.857748
vt 0.196345 0.855998
vt 0.196010 0.855202
vt 0.198355 0.865403
vt 0.195515 0.854526
vt 0.194951 0.854142
vt 0.198097 0.867969
vt 0.194262 0.853907
vt 0.193338 0.853812
vt 0.197656 0.870997
vt 0.192074 0.853829
vt 0.197274 0.874519
vt 0.190053 0.854015
vt 0.197044 0.878073
vt 0.196856 0.879622
vt 0.196450 0.882098
vt 0.187891 0.854071
vt 0.196289 0.883536
vt 0.196579 0.885071
vt 0.196512 0.885943
vt 0.196176 0.886961
vt 0.185753 0.853935
vt 0.195586 0.888093
vt 0.195274 0.888923
vt 0.195074 0.890289
vt 0.183363 0.853592
vt 0.195251 0.892436
vt 0.196612 0.897975
vt 0.196140 0.898452
vt 0.195369 0.899046
vt 0.593362 0.830174
vt 0.594097 0.829135
vt 0.594846 0.828462
vt 0.592809 0.831254
vt 0.596127 0.827784
vt 0.194565 0.899439
vt 0.181678 0.853290
vt 0.193088 0.900019
vt 0.178317 0.853025
vt 0.602138 0.827426
vt 0.592141 0.836164
vt 0.592012 0.837687
vt 0.191307 0.900606
vt 0.592015 0.838805
vt 0.189475 0.901016
vt 0.592397 0.841918
vt 0.604502 0.827394
vt 0.174737 0.852890
vt 0.186945 0.901325
vt 0.592495 0.843954
vt 0.592779 0.846108
vt 0.171375 0.853020
vt 0.608733 0.827425
vt 0.183821 0.901505
vt 0.593521 0.851473
vt 0.611390 0.827380
vt 0.182624 0.901484
vt 0.168598 0.853317
vt 0.614660 0.827396
vt 0.180467 0.901544
vt 0.167584 0.853384
vt 0.617204 0.827316
vt 0.166516 0.853156
vt 0.165921 0.852883
vt 0.177041 0.901915
vt 0.161645 0.854672
vt 0.595348 0.861245
vt 0.621160 0.827196
vt 0.174853 0.902205
vt 0.624334 0.826860
vt 0.626946 0.826455
vt 0.170226 0.905042
vt 0.157064 0.856488
vt 0.629041 0.826015
vt 0.630682 0.825813
vt 0.598528 0.872031
vt 0.167991 0.906101
vt 0.631624 0.825755
vt 0.155154 0.857194
vt 0.633781 0.825404
vt 0.166049 0.906586
vt 0.635483 0.824991
vt 0.151557 0.860263
vt 0.637447 0.824669
vt 0.163745 0.906819
vt 0.638578 0.825031
vt 0.151159 0.861284
vt 0.599358 0.875709
vt 0.150744 0.862798
vt 0.640292 0.825512
vt 0.160898 0.906811
vt 0.150555 0.864070
vt 0.599498 0.876880
vt 0.150482 0.865406
vt 0.150252 0.866627
vt 0.641087 0.826374
vt 0.599483 0.878061
vt 0.149763 0.867864
vt 0.641587 0.826882
vt 0.599368 0.879107
vt 0.158557 0.906488
vt 0.599309 0.880352
vt 0.149020 0.869138
vt 0.599427 0.881936
vt 0.642445 0.829623
vt 0.148822 0.869790
vt 0.149055 0.871257
vt 0.149401 0.875699
vt 0.156711 0.905848
vt 0.599727 0.883636
vt 0.149877 0.880595
vt 0.642948 0.832105
vt 0.150325 0.883582
vt 0.152680 0.892823
vt 0.599829 0.885194
vt 0.150888 0.886370
vt 0.151741 0.889643
vt 0.153160 0.895106
vt 0.155819 0.905329
vt 0.153484 0.897808
vt 0.155012 0.903435
vt 0.154030 0.900436
vt 0.599725 0.886533
vt 0.643496 0.833922
vt 0.600175 0.889437
vt 0.644319 0.836049
vt 0.600217 0.890690
vt 0.600030 0.892060
vt 0.599507 0.893700
vt 0.645196 0.839164
vt 0.598907 0.895499
vt 0.598745 0.896700
vt 0.598678 0.897816
vt 0.645631 0.842002
vt 0.598678 0.899129
vt 0.598809 0.900280
vt 0.599086 0.901715
vt 0.645903 0.846760
vt 0.599229 0.903092
vt 0.599227 0.904379
vt 0.599099 0.905585
vt 0.599022 0.907864
vt 0.646087 0.851879
vt 0.599147 0.910143
vt 0.599123 0.911642
vt 0.598903 0.913314
vt 0.598516 0.915058
vt 0.646269 0.860369
vt 0.598367 0.916282
vt 0.598370 0.917492
vt 0.598542 0.919597
vt 0.646470 0.862870
vt 0.598626 0.922147
vt 0.598344 0.923748
vt 0.646851 0.865392
vt 0.597894 0.925099
vt 0.597726 0.925815
vt 0.597723 0.926359
vt 0.597975 0.928687
vt 0.647179 0.867008
vt 0.646697 0.868853
vt 0.646116 0.871727
vt 0.597978 0.931269
vt 0.597745 0.933332
vt 0.645761 0.874758
vt 0.597309 0.935391
vt 0.596670 0.937444
vt 0.645646 0.878001
vt 0.595702 0.939971
vt 0.595251 0.941746
vt 0.645714 0.880839
vt 0.595053 0.943447
vt 0.595049 0.945243
vt 0.645914 0.883596
vt 0.595385 0.947914
vt 0.646252 0.886785
vt 0.596098 0.951195
vt 0.646533 0.891089
vt 0.596356 0.953458
vt 0.596223 0.955705
vt 0.646579 0.895079
vt 0.595077 0.960642
vt 0.646472 0.899231
vt 0.646500 0.903049
vt 0.593401 0.968192
vt 0.593117 0.969686
vt 0.591986 0.971564
vt 0.592384 0.972979
vt 0.592363 0.974433
vt 0.592782 0.975264
vt 0.646804 0.907419
vt 0.593224 0.976415
vt 0.593768 0.978029
vt 0.647310 0.912038
vt 0.594465 0.979431
vt 0.594842 0.979987
vt 0.594530 0.981892
vt 0.647523 0.915924
vt 0.594223 0.984888
vt 0.594586 0.985724
vt 0.595631 0.987917
vt 0.647903 0.921515
vt 0.597798 0.987950
vt 0.647881 0.923279
vt 0.599027 0.988112
vt 0.647681 0.925079
vt 0.647471 0.926181
vt 0.602663 0.988857
vt 0.647436 0.927236
vt 0.647241 0.928875
vt 0.646891 0.930389
vt 0.645983 0.933205
vt 0.605171 0.989165
vt 0.645228 0.935707
vt 0.644824 0.936539
vt 0.644388 0.937853
vt 0.644247 0.939102
vt 0.607518 0.989410
vt 0.644280 0.940627
vt 0.644118 0.941812
vt 0.643714 0.942957
vt 0.643031 0.944366
vt 0.609931 0.989863
vt 0.642660 0.945629
vt 0.642569 0.946848
vt 0.642670 0.949041
vt 0.611045 0.989707
vt 0.611635 0.989697
vt 0.612012 0.989735
vt 0.642562 0.951253
vt 0.615031 0.988947
vt 0.641958 0.954236
vt 0.616084 0.988553
vt 0.641510 0.956209
vt 0.616882 0.988133
vt 0.641327 0.957520
vt 0.641296 0.959671
vt 0.641403 0.960543
vt 0.641432 0.961587
vt 0.641190 0.963119
vt 0.640487 0.965516
vt 0.639890 0.967123
vt 0.626058 0.990901
vt 0.638696 0.971588
vt 0.638034 0.974756
vt 0.630679 0.992530
vt 0.636235 0.985332
vt 0.631723 0.992484
vt 0.636663 0.986808
vt 0.632756 0.992722
vt 0.636855 0.987726
vt 0.633415 0.992397
vt 0.635687 0.989968
vt 0.634280 0.991825
vt 0.634950 0.991142
vt 0.647111 0.664847
vt 0.647204 0.665465
vt 0.647001 0.666340
vt 0.646828 0.664315
vt 0.646515 0.667538
vt 0.646154 0.663452
vt 0.646655 0.719863
vt 0.647219 0.720877
vt 0.646817 0.722498
vt 0.646396 0.752452
vt 0.646691 0.754571
vt 0.646386 0.756842
vt 0.645917 0.762868
vt 0.646268 0.763918
vt 0.645465 0.764920
vt 0.645667 0.669178
vt 0.645787 0.759421
vt 0.646054 0.718092
vt 0.645571 0.726691
vt 0.645237 0.661934
vt 0.645666 0.761156
vt 0.645746 0.749099
vt 0.645203 0.653942
vt 0.645398 0.655289
vt 0.645348 0.656255
vt 0.645681 0.716270
vt 0.645152 0.657147
vt 0.645486 0.746880
vt 0.645721 0.702570
vt 0.645736 0.703663
vt 0.645618 0.705002
vt 0.644473 0.671244
vt 0.645462 0.699686
vt 0.644683 0.652341
vt 0.645000 0.658621
vt 0.645014 0.660188
vt 0.644614 0.766214
vt 0.645432 0.714339
vt 0.645403 0.744668
vt 0.645365 0.706562
vt 0.644630 0.641762
vt 0.644863 0.642705
vt 0.644875 0.643588
vt 0.644609 0.645472
vt 0.645369 0.735276
vt 0.644877 0.694530
vt 0.645307 0.712342
vt 0.645140 0.734326
vt 0.645229 0.707979
vt 0.645231 0.710208
vt 0.644773 0.729991
vt 0.644901 0.684864
vt 0.645082 0.688256
vt 0.644957 0.690480
vt 0.643921 0.640347
vt 0.644398 0.651034
vt 0.644441 0.648846
vt 0.644781 0.733267
vt 0.644341 0.649679
vt 0.644801 0.691292
vt 0.644507 0.681473
vt 0.644740 0.692747
vt 0.643454 0.768687
vt 0.644502 0.731734
vt 0.642960 0.639903
vt 0.643786 0.672891
vt 0.644041 0.678319
vt 0.641885 0.768996
vt 0.643598 0.676355
vt 0.643545 0.674019
vt 0.641174 0.639299
vt 0.639665 0.769278
vt 0.639133 0.638819
vt 0.637885 0.769302
vt 0.632134 0.637612
vt 0.636227 0.769164
vt 0.634562 0.769193
vt 0.632436 0.769476
vt 0.630955 0.769792
vt 0.629869 0.637024
vt 0.629476 0.769651
vt 0.627181 0.769279
vt 0.625341 0.635492
vt 0.625235 0.768794
vt 0.622652 0.768011
vt 0.622704 0.634787
vt 0.619328 0.634639
vt 0.619814 0.767416
vt 0.617531 0.767157
vt 0.614231 0.634614
vt 0.615133 0.767070
vt 0.612449 0.767173
vt 0.607616 0.634821
vt 0.610205 0.767441
vt 0.607568 0.767908
vt 0.605259 0.768135
vt 0.602409 0.635189
vt 0.603073 0.768124
vt 0.601491 0.768001
vt 0.601302 0.640380
vt 0.600428 0.765652
vt 0.600219 0.645570
vt 0.599695 0.661342
vt 0.599503 0.735218
vt 0.599675 0.658743
vt 0.599421 0.670578
vt 0.599574 0.739165
vt 0.599437 0.741835
vt 0.599327 0.734416
vt 0.599134 0.673607
vt 0.599174 0.680609
vt 0.599406 0.762914
vt 0.598964 0.686212
vt 0.599396 0.656682
vt 0.599248 0.734044
vt 0.598845 0.687108
vt 0.598702 0.688040
vt 0.598891 0.715384
vt 0.598764 0.713072
vt 0.598884 0.718884
vt 0.599038 0.733417
vt 0.599005 0.650068
vt 0.598913 0.678040
vt 0.598833 0.721164
vt 0.599134 0.744121
vt 0.598536 0.710084
vt 0.598735 0.677449
vt 0.598737 0.675382
vt 0.598894 0.654291
vt 0.598707 0.724807
vt 0.599023 0.746968
vt 0.598172 0.692082
vt 0.598552 0.725414
vt 0.598602 0.732446
vt 0.598627 0.676434
vt 0.599042 0.761530
vt 0.598802 0.650990
vt 0.598078 0.706409
vt 0.598558 0.749721
vt 0.598716 0.652377
vt 0.598666 0.759390
vt 0.598384 0.726507
vt 0.597975 0.694253
vt 0.597962 0.705556
vt 0.597871 0.696295
vt 0.597919 0.700039
vt 0.597857 0.699184
vt 0.597907 0.701078
vt 0.597904 0.705136
vt 0.597844 0.703946
vt 0.598348 0.731652
vt 0.598247 0.728137
vt 0.598095 0.751956
vt 0.598094 0.755090
vt 0.598219 0.730634
vt 0.597985 0.754436
vt 0.597947 0.753234
vt 0.330667 0.868877
vt 0.330852 0.869408
vt 0.330866 0.878713
vt 0.330304 0.868264
vt 0.329366 0.882581
vt 0.329136 0.866330
vt 0.328558 0.884671
vt 0.328268 0.865231
vt 0.328236 0.890159
vt 0.328773 0.895207
vt 0.328383 0.897420
vt 0.328222 0.886724
vt 0.328161 0.859765
vt 0.327953 0.899098
vt 0.327997 0.858653
vt 0.327636 0.856650
vt 0.327710 0.905536
vt 0.327819 0.907082
vt 0.327711 0.908378
vt 0.327124 0.930374
vt 0.327193 0.932106
vt 0.326950 0.933669
vt 0.327735 0.901862
vt 0.327376 0.910364
vt 0.327016 0.929208
vt 0.327192 0.854741
vt 0.326855 0.927610
vt 0.327331 0.913760
vt 0.327376 0.915034
vt 0.327352 0.917897
vt 0.327135 0.920802
vt 0.326888 0.853026
vt 0.326526 0.934683
vt 0.326555 0.851525
vt 0.326028 0.935425
vt 0.326054 0.849991
vt 0.325508 0.935989
vt 0.325327 0.848673
vt 0.324882 0.936339
vt 0.324334 0.847455
vt 0.324172 0.936504
vt 0.323108 0.936479
vt 0.323351 0.846561
vt 0.322850 0.846043
vt 0.322098 0.844804
vt 0.321978 0.936621
vt 0.321339 0.843584
vt 0.321210 0.936686
vt 0.321115 0.842917
vt 0.320764 0.842203
vt 0.320318 0.841626
vt 0.319776 0.841184
vt 0.319519 0.936976
vt 0.318900 0.840813
vt 0.318637 0.937083
vt 0.316696 0.840467
vt 0.317545 0.936345
vt 0.316299 0.935708
vt 0.313350 0.839845
vt 0.314412 0.935007
vt 0.313229 0.934650
vt 0.312113 0.934736
vt 0.309372 0.838907
vt 0.310905 0.934967
vt 0.309143 0.935422
vt 0.305740 0.838202
vt 0.307300 0.935686
vt 0.305645 0.935667
vt 0.303189 0.837840
vt 0.302260 0.935272
vt 0.301270 0.837897
vt 0.299410 0.935159
vt 0.299051 0.838066
vt 0.298268 0.934592
vt 0.297234 0.838315
vt 0.296351 0.933954
vt 0.294550 0.838443
vt 0.294250 0.933654
vt 0.292388 0.838674
vt 0.289814 0.838793
vt 0.286924 0.933662
vt 0.288223 0.839042
vt 0.286396 0.839254
vt 0.285287 0.931960
vt 0.285026 0.839545
vt 0.283496 0.840068
vt 0.283650 0.930541
vt 0.281936 0.840963
vt 0.282406 0.887622
vt 0.282389 0.890511
vt 0.282111 0.885897
vt 0.282049 0.929067
vt 0.282180 0.891551
vt 0.281870 0.884532
vt 0.281450 0.881325
vt 0.281965 0.892100
vt 0.282003 0.898966
vt 0.280973 0.876940
vt 0.281991 0.896207
vt 0.281833 0.892814
vt 0.281830 0.900727
vt 0.281809 0.894978
vt 0.281367 0.856240
vt 0.281746 0.893942
vt 0.281457 0.901827
vt 0.281234 0.854200
vt 0.280587 0.874555
vt 0.280892 0.859241
vt 0.281171 0.852452
vt 0.281002 0.851324
vt 0.281585 0.926285
vt 0.280443 0.842318
vt 0.280538 0.868319
vt 0.280487 0.867298
vt 0.280293 0.869369
vt 0.281044 0.903447
vt 0.280569 0.849853
vt 0.280119 0.872779
vt 0.280079 0.865530
vt 0.281158 0.923108
vt 0.280139 0.862236
vt 0.279979 0.870035
vt 0.279941 0.871753
vt 0.280834 0.905004
vt 0.280237 0.848254
vt 0.279915 0.870687
vt 0.280736 0.907355
vt 0.280761 0.918747
vt 0.279897 0.863710
vt 0.280556 0.910787
vt 0.280553 0.914469
vt 0.750514 0.242801
vt 0.751571 0.241315
vt 0.752693 0.239888
vt 0.750006 0.243661
vt 0.753141 0.239514
vt 0.749479 0.244835
vt 0.759019 0.231452
vt 0.759848 0.230205
vt 0.760577 0.229457
vt 0.761245 0.228982
vt 0.758573 0.232403
vt 0.753662 0.238960
vt 0.748833 0.246772
vt 0.764798 0.227017
vt 0.748454 0.248265
vt 0.747970 0.249886
vt 0.765503 0.226822
vt 0.747411 0.251346
vt 0.766496 0.226870
vt 0.745336 0.255872
vt 0.766946 0.227071
vt 0.737450 0.267057
vt 0.737082 0.268093
vt 0.735232 0.272722
vt 0.767137 0.227296
vt 0.769714 0.229750
vt 0.732544 0.278845
vt 0.699472 0.327136
vt 0.700007 0.325608
vt 0.700688 0.325009
vt 0.731718 0.280628
vt 0.701230 0.324437
vt 0.730805 0.283064
vt 0.702128 0.323735
vt 0.698483 0.329694
vt 0.702723 0.323025
vt 0.707785 0.316036
vt 0.708910 0.315372
vt 0.729781 0.286541
vt 0.697276 0.332632
vt 0.709638 0.315096
vt 0.696382 0.335309
vt 0.728615 0.289527
vt 0.711351 0.314568
vt 0.719189 0.303224
vt 0.720297 0.301619
vt 0.721274 0.300403
vt 0.772636 0.232317
vt 0.718250 0.304860
vt 0.727256 0.292523
vt 0.716574 0.307549
vt 0.722765 0.299162
vt 0.695752 0.337858
vt 0.714387 0.310772
vt 0.712100 0.314277
vt 0.726416 0.294296
vt 0.724439 0.297171
vt 0.695336 0.340225
vt 0.694891 0.346394
vt 0.693997 0.349790
vt 0.692987 0.353612
vt 0.692457 0.355991
vt 0.779917 0.237966
vt 0.692842 0.357380
vt 0.693822 0.359424
vt 0.695302 0.361283
vt 0.781142 0.239288
vt 0.697523 0.363314
vt 0.783239 0.241302
vt 0.699523 0.365126
vt 0.784537 0.242867
vt 0.700733 0.365935
vt 0.786853 0.245631
vt 0.702177 0.366579
vt 0.703364 0.366987
vt 0.705978 0.368541
vt 0.790301 0.249124
vt 0.707951 0.369973
vt 0.792998 0.251441
vt 0.714534 0.375290
vt 0.795355 0.253180
vt 0.796107 0.255246
vt 0.796957 0.258389
vt 0.717703 0.377645
vt 0.797308 0.260642
vt 0.794874 0.265369
vt 0.797386 0.262487
vt 0.793968 0.266925
vt 0.794012 0.267952
vt 0.794063 0.266767
vt 0.794155 0.266614
vt 0.794243 0.266466
vt 0.794328 0.266324
vt 0.794409 0.266187
vt 0.794486 0.266055
vt 0.794560 0.265928
vt 0.794631 0.265806
vt 0.794698 0.265689
vt 0.794761 0.265578
vt 0.794819 0.265471
vt 0.795496 0.264961
vt 0.794093 0.269151
vt 0.796251 0.264309
vt 0.796768 0.263652
vt 0.787340 0.279945
vt 0.788644 0.278005
vt 0.793760 0.271008
vt 0.719505 0.378858
vt 0.790350 0.276372
vt 0.786352 0.283030
vt 0.793226 0.272411
vt 0.791475 0.275091
vt 0.792521 0.273676
vt 0.785806 0.285334
vt 0.783287 0.289303
vt 0.785426 0.286408
vt 0.783120 0.290027
vt 0.784132 0.288410
vt 0.721100 0.379706
vt 0.784931 0.287350
vt 0.783097 0.290900
vt 0.783390 0.291886
vt 0.722592 0.380319
vt 0.784020 0.292795
vt 0.752896 0.338692
vt 0.784783 0.293431
vt 0.755211 0.335673
vt 0.752071 0.340246
vt 0.723985 0.380807
vt 0.756439 0.334367
vt 0.751723 0.341324
vt 0.758747 0.332295
vt 0.747928 0.347037
vt 0.751446 0.342526
vt 0.749004 0.345729
vt 0.785498 0.293859
vt 0.747715 0.348147
vt 0.750442 0.344223
vt 0.751039 0.343417
vt 0.724657 0.380947
vt 0.737655 0.362525
vt 0.739166 0.360425
vt 0.760258 0.331193
vt 0.736525 0.364326
vt 0.741415 0.357734
vt 0.786014 0.294057
vt 0.747419 0.349491
vt 0.734867 0.366818
vt 0.735882 0.365481
vt 0.733400 0.368942
vt 0.732154 0.371004
vt 0.725272 0.380936
vt 0.761188 0.330707
vt 0.743816 0.355082
vt 0.747292 0.350674
vt 0.730394 0.374309
vt 0.744285 0.354832
vt 0.725988 0.380716
vt 0.786732 0.294497
vt 0.762014 0.330439
vt 0.744967 0.354339
vt 0.728040 0.378552
vt 0.745546 0.353745
vt 0.746360 0.352700
vt 0.726852 0.380107
vt 0.747291 0.351696
vt 0.762735 0.330389
vt 0.787323 0.295095
vt 0.763509 0.330630
vt 0.787831 0.295880
vt 0.764365 0.331256
vt 0.788266 0.296859
vt 0.765045 0.332040
vt 0.788510 0.297729
vt 0.766031 0.333622
vt 0.791583 0.300469
vt 0.766975 0.335513
vt 0.767522 0.337381
vt 0.794002 0.302525
vt 0.768241 0.339455
vt 0.794625 0.303379
vt 0.768809 0.340677
vt 0.769471 0.341775
vt 0.795683 0.304505
vt 0.770102 0.342687
vt 0.796954 0.305519
vt 0.771721 0.345289
vt 0.798600 0.306708
vt 0.799142 0.307566
vt 0.773612 0.348830
vt 0.799799 0.308928
vt 0.800176 0.310219
vt 0.800497 0.312206
vt 0.775785 0.353792
vt 0.801201 0.314903
vt 0.802262 0.315881
vt 0.803313 0.316721
vt 0.776954 0.357058
vt 0.804481 0.318142
vt 0.807025 0.324886
vt 0.778047 0.364734
vt 0.778222 0.366730
vt 0.807083 0.325659
vt 0.778248 0.368900
vt 0.807023 0.326344
vt 0.806871 0.327280
vt 0.806908 0.328301
vt 0.778128 0.370752
vt 0.807166 0.329154
vt 0.778256 0.371959
vt 0.807530 0.329686
vt 0.778632 0.373389
vt 0.807995 0.329999
vt 0.808753 0.330253
vt 0.779067 0.374341
vt 0.809437 0.330648
vt 0.779664 0.375191
vt 0.810025 0.331266
vt 0.780665 0.376167
vt 0.810757 0.333040
vt 0.781920 0.376965
vt 0.811631 0.335512
vt 0.783165 0.377456
vt 0.783579 0.377524
vt 0.784231 0.377829
vt 0.812737 0.339181
vt 0.795443 0.380959
vt 0.813277 0.342060
vt 0.813381 0.343057
vt 0.813451 0.344744
vt 0.813709 0.346625
vt 0.814100 0.348003
vt 0.814637 0.349298
vt 0.815040 0.350531
vt 0.815338 0.351940
vt 0.815553 0.353560
vt 0.799150 0.380523
vt 0.815797 0.356943
vt 0.802123 0.380017
vt 0.815967 0.360772
vt 0.805079 0.379370
vt 0.816105 0.366960
vt 0.808016 0.378583
vt 0.810935 0.377655
vt 0.816308 0.371966
vt 0.813521 0.376651
vt 0.816262 0.372383
vt 0.816053 0.373360
vt 0.814623 0.375811
vt 0.816041 0.373724
vt 0.815531 0.374648
vt 0.854751 0.798832
vt 0.854088 0.799224
vt 0.849058 0.797632
vt 0.845088 0.796953
vt 0.841568 0.796982
vt 0.840821 0.796660
vt 0.839969 0.796207
vt 0.838516 0.795181
vt 0.847087 0.797164
vt 0.855609 0.798456
vt 0.856703 0.798127
vt 0.837691 0.794552
vt 0.836620 0.794117
vt 0.835532 0.793932
vt 0.834646 0.793826
vt 0.833737 0.793583
vt 0.832661 0.793084
vt 0.862230 0.798672
vt 0.861281 0.798600
vt 0.860337 0.798379
vt 0.858681 0.797631
vt 0.859398 0.798008
vt 0.863186 0.798595
vt 0.863966 0.798427
vt 0.831185 0.792166
vt 0.865133 0.798059
vt 0.830075 0.791649
vt 0.825150 0.790738
vt 0.823702 0.790523
vt 0.820565 0.789899
vt 0.818496 0.789142
vt 0.827156 0.790989
vt 0.866544 0.797745
vt 0.806898 0.786198
vt 0.806412 0.785545
vt 0.868148 0.797542
vt 0.879709 0.799607
vt 0.878016 0.799665
vt 0.876543 0.799320
vt 0.805732 0.784504
vt 0.874966 0.798600
vt 0.870086 0.797522
vt 0.881322 0.799711
vt 0.873605 0.798087
vt 0.884160 0.800016
vt 0.871984 0.797691
vt 0.888582 0.800521
vt 0.892058 0.800759
vt 0.805316 0.783534
vt 0.895316 0.800942
vt 0.898294 0.800954
vt 0.805027 0.782436
vt 0.901162 0.800746
vt 0.913327 0.802634
vt 0.912337 0.803230
vt 0.911137 0.802118
vt 0.804584 0.781267
vt 0.904357 0.800393
vt 0.914895 0.801939
vt 0.909524 0.800868
vt 0.908567 0.800252
vt 0.804069 0.780336
vt 0.916583 0.801545
vt 0.801681 0.774334
vt 0.919194 0.801363
vt 0.922561 0.801253
vt 0.924260 0.800554
vt 0.925530 0.799887
vt 0.926913 0.799160
vt 0.929404 0.797847
vt 0.931797 0.796748
vt 0.802990 0.771649
vt 0.933948 0.795680
vt 0.934317 0.794856
vt 0.934735 0.793806
vt 0.935426 0.792753
vt 0.935198 0.791115
vt 0.804345 0.768348
vt 0.934788 0.788624
vt 0.805002 0.766553
vt 0.934628 0.787200
vt 0.805786 0.765651
vt 0.934578 0.785614
vt 0.806679 0.764304
vt 0.935257 0.783028
vt 0.806982 0.763523
vt 0.807045 0.761863
vt 0.807414 0.759453
vt 0.936369 0.779590
vt 0.808188 0.757122
vt 0.937669 0.776089
vt 0.810143 0.753217
vt 0.938633 0.772755
vt 0.812064 0.749652
vt 0.939086 0.770518
vt 0.939104 0.769972
vt 0.813302 0.746851
vt 0.939224 0.769189
vt 0.939477 0.768448
vt 0.940514 0.766453
vt 0.940899 0.765604
vt 0.941419 0.764725
vt 0.815271 0.741997
vt 0.942875 0.762823
vt 0.942484 0.761843
vt 0.941784 0.760442
vt 0.816999 0.737048
vt 0.940724 0.758926
vt 0.909556 0.751981
vt 0.897186 0.749597
vt 0.917063 0.753161
vt 0.937830 0.755670
vt 0.922915 0.754064
vt 0.872559 0.745077
vt 0.892900 0.748503
vt 0.924629 0.754062
vt 0.874878 0.745357
vt 0.870603 0.744587
vt 0.926337 0.753722
vt 0.890029 0.747525
vt 0.877001 0.745100
vt 0.869812 0.744137
vt 0.818552 0.733023
vt 0.886520 0.746391
vt 0.868715 0.743252
vt 0.928439 0.753552
vt 0.879784 0.745020
vt 0.930543 0.753769
vt 0.882581 0.745358
vt 0.867883 0.742454
vt 0.867024 0.741381
vt 0.866612 0.740439
vt 0.866443 0.739391
vt 0.866431 0.738612
vt 0.820209 0.729176
vt 0.869379 0.732821
vt 0.822049 0.725387
vt 0.824173 0.721376
vt 0.873829 0.724464
vt 0.825087 0.719461
vt 0.826005 0.717152
vt 0.827180 0.713715
vt 0.878067 0.716850
vt 0.828400 0.710631
vt 0.829060 0.709138
vt 0.829469 0.707850
vt 0.879987 0.713668
vt 0.829814 0.706615
vt 0.830163 0.705766
vt 0.830481 0.705234
vt 0.831063 0.704141
vt 0.881952 0.710753
vt 0.831780 0.703302
vt 0.832442 0.701995
vt 0.884271 0.707678
vt 0.832285 0.700707
vt 0.831781 0.698771
vt 0.885181 0.705777
vt 0.831041 0.696942
vt 0.830260 0.695558
vt 0.886921 0.703015
vt 0.829314 0.694240
vt 0.828060 0.692720
vt 0.888904 0.700728
vt 0.826668 0.690735
vt 0.825696 0.689087
vt 0.892583 0.697345
vt 0.824217 0.686354
vt 0.894895 0.695042
vt 0.822031 0.682783
vt 0.896874 0.692910
vt 0.820986 0.681367
vt 0.899006 0.691500
vt 0.820202 0.680085
vt 0.819562 0.678814
vt 0.901819 0.689448
vt 0.817591 0.674167
vt 0.903911 0.687790
vt 0.905814 0.686517
vt 0.815235 0.668962
vt 0.907932 0.685426
vt 0.909303 0.684871
vt 0.910838 0.684113
vt 0.912616 0.683012
vt 0.814282 0.667357
vt 0.913930 0.681975
vt 0.812958 0.665557
vt 0.915146 0.680805
vt 0.916266 0.679504
vt 0.810480 0.661821
vt 0.917051 0.678437
vt 0.918116 0.677131
vt 0.918839 0.676584
vt 0.919518 0.676150
vt 0.809383 0.657823
vt 0.921774 0.674723
vt 0.924556 0.672726
vt 0.807985 0.653232
vt 0.926920 0.670846
vt 0.863550 0.661017
vt 0.928435 0.669772
vt 0.865692 0.661178
vt 0.860637 0.660361
vt 0.859867 0.659916
vt 0.868928 0.659865
vt 0.857976 0.656317
vt 0.930485 0.668588
vt 0.806758 0.649634
vt 0.869855 0.659368
vt 0.870734 0.658723
vt 0.933172 0.667412
vt 0.880665 0.651338
vt 0.805607 0.646802
vt 0.937606 0.666921
vt 0.856746 0.654174
vt 0.939606 0.666478
vt 0.940327 0.666303
vt 0.941089 0.665928
vt 0.941600 0.665431
vt 0.855629 0.652646
vt 0.941832 0.665065
vt 0.942103 0.664987
vt 0.942463 0.664735
vt 0.804118 0.643666
vt 0.942754 0.664218
vt 0.852869 0.649268
vt 0.942875 0.663705
vt 0.942567 0.659639
vt 0.803098 0.641758
vt 0.802715 0.640849
vt 0.881068 0.650698
vt 0.850129 0.646206
vt 0.801952 0.639338
vt 0.881977 0.649522
vt 0.942196 0.657345
vt 0.848894 0.644719
vt 0.801604 0.638181
vt 0.882839 0.648240
vt 0.801482 0.637973
vt 0.801350 0.637489
vt 0.883712 0.647552
vt 0.846535 0.641592
vt 0.801380 0.636727
vt 0.941652 0.655452
vt 0.884415 0.647119
vt 0.801397 0.635346
vt 0.940741 0.653144
vt 0.887152 0.646044
vt 0.888937 0.645533
vt 0.802992 0.633842
vt 0.890150 0.645072
vt 0.843771 0.637692
vt 0.891522 0.644297
vt 0.805082 0.632064
vt 0.939775 0.650185
vt 0.895406 0.642140
vt 0.938867 0.646284
vt 0.808188 0.629707
vt 0.841988 0.634938
vt 0.898853 0.640408
vt 0.841157 0.633588
vt 0.901280 0.638529
vt 0.810366 0.628211
vt 0.840548 0.632216
vt 0.811444 0.627706
vt 0.839692 0.630975
vt 0.901958 0.638098
vt 0.813160 0.627057
vt 0.839105 0.630509
vt 0.903166 0.637567
vt 0.938097 0.642543
vt 0.813915 0.626737
vt 0.838500 0.629859
vt 0.904428 0.636899
vt 0.814391 0.626284
vt 0.838124 0.629149
vt 0.815535 0.625328
vt 0.905941 0.636242
vt 0.837873 0.628325
vt 0.907481 0.635778
vt 0.816146 0.624760
vt 0.837551 0.627623
vt 0.937142 0.638770
vt 0.909445 0.635477
vt 0.816663 0.624129
vt 0.837035 0.626901
vt 0.911458 0.635455
vt 0.817642 0.624129
vt 0.912700 0.635578
vt 0.819121 0.623954
vt 0.836625 0.626482
vt 0.835468 0.626244
vt 0.914029 0.634504
vt 0.834419 0.625785
vt 0.820465 0.623569
vt 0.833580 0.625111
vt 0.821810 0.622960
vt 0.936413 0.635377
vt 0.832392 0.623710
vt 0.915578 0.633289
vt 0.823064 0.622257
vt 0.918782 0.632311
vt 0.824716 0.621135
vt 0.830650 0.621975
vt 0.935456 0.632141
vt 0.923786 0.630692
vt 0.933616 0.630841
vt 0.929130 0.629042
vt 0.931979 0.629759
vt 0.931027 0.629351
vt 0.929933 0.629109
vt 0.005209 0.104104
vt 0.055589 0.123313
vt 0.004103 0.109225
vt 0.007501 0.097426
vt 0.056795 0.118364
vt 0.009846 0.091226
vt 0.058871 0.112641
vt 0.012135 0.085681
vt 0.060337 0.110596
vt 0.015827 0.078170
vt 0.061077 0.109217
vt 0.018188 0.074298
vt 0.062598 0.107084
vt 0.022421 0.068045
vt 0.064307 0.104678
vt 0.026242 0.063240
vt 0.065653 0.102291
vt 0.029563 0.058486
vt 0.069515 0.098658
vt 0.030946 0.056606
vt 0.073736 0.094610
vt 0.032030 0.055182
vt 0.033487 0.053277
vt 0.075127 0.093298
vt 0.035684 0.050533
vt 0.077270 0.090693
vt 0.038021 0.047776
vt 0.040659 0.044817
vt 0.080505 0.086998
vt 0.045375 0.040153
vt 0.053537 0.033008
vt 0.084372 0.082906
vt 0.060163 0.027916
vt 0.089884 0.077466
vt 0.065948 0.023916
vt 0.097731 0.070293
vt 0.072493 0.019819
vt 0.075353 0.018253
vt 0.101991 0.066075
vt 0.081649 0.015249
vt 0.103642 0.064946
vt 0.093173 0.009650
vt 0.106687 0.062226
vt 0.100787 0.006537
vt 0.116225 0.056466
vt 0.109539 0.003752
vt 0.118180 0.054257
vt 0.113716 0.002759
vt 0.122806 0.051815
vt 0.125400 0.000949
vt 0.125351 0.050667
vt 0.131528 0.000570
vt 0.130135 0.048862
vt 0.136086 0.000549
vt 0.132266 0.047005
vt 0.139643 0.000703
vt 0.135551 0.045700
vt 0.143818 0.001030
vt 0.140010 0.045208
vt 0.151799 0.002273
vt 0.141463 0.042029
vt 0.166634 0.007161
vt 0.170588 0.008972
vt 0.151329 0.039082
vt 0.176645 0.012321
vt 0.181222 0.015487
vt 0.152730 0.043968
vt 0.187445 0.020567
vt 0.195208 0.028723
vt 0.155298 0.055479
vt 0.200493 0.035354
vt 0.156944 0.060095
vt 0.205945 0.043202
vt 0.157379 0.062366
vt 0.207867 0.046045
vt 0.157306 0.066504
vt 0.209535 0.048844
vt 0.156667 0.067484
vt 0.212439 0.054358
vt 0.154996 0.069544
vt 0.215313 0.060949
vt 0.217072 0.067139
vt 0.151608 0.076893
vt 0.220233 0.080915
vt 0.150607 0.084448
vt 0.221370 0.084447
vt 0.149306 0.090974
vt 0.223334 0.092620
vt 0.148118 0.094732
vt 0.224126 0.098773
vt 0.147581 0.102011
vt 0.224806 0.104576
vt 0.146687 0.106700
vt 0.225388 0.110025
vt 0.145350 0.112620
vt 0.226417 0.123161
vt 0.226719 0.129865
vt 0.142423 0.131183
vt 0.227060 0.140691
vt 0.227218 0.150929
vt 0.141126 0.141745
vt 0.227194 0.161254
vt 0.140867 0.151300
vt 0.226649 0.185469
vt 0.138500 0.180985
vt 0.226015 0.202088
vt 0.137099 0.197965
vt 0.225850 0.205607
vt 0.225554 0.210828
vt 0.136764 0.200859
vt 0.225242 0.215587
vt 0.142830 0.208496
vt 0.224750 0.222155
vt 0.143288 0.211192
vt 0.223989 0.230791
vt 0.143915 0.222407
vt 0.222351 0.245413
vt 0.145858 0.235022
vt 0.219262 0.264406
vt 0.147125 0.250107
vt 0.218316 0.268691
vt 0.217352 0.272675
vt 0.146960 0.253263
vt 0.214744 0.282035
vt 0.146972 0.255832
vt 0.212531 0.288672
vt 0.147597 0.261767
vt 0.210777 0.293322
vt 0.148652 0.266245
vt 0.208556 0.298573
vt 0.148091 0.269855
vt 0.205066 0.305765
vt 0.203523 0.308620
vt 0.146972 0.272877
vt 0.199480 0.315079
vt 0.145105 0.276247
vt 0.193241 0.324065
vt 0.142550 0.280305
vt 0.187062 0.331928
vt 0.140790 0.283885
vt 0.185778 0.333505
vt 0.140245 0.287590
vt 0.183085 0.336744
vt 0.140319 0.288275
vt 0.173797 0.345597
vt 0.170079 0.348934
vt 0.136398 0.290379
vt 0.162189 0.354526
vt 0.135380 0.290493
vt 0.158753 0.356689
vt 0.131171 0.291095
vt 0.156267 0.358167
vt 0.128469 0.292068
vt 0.150521 0.361404
vt 0.145280 0.363990
vt 0.125940 0.291128
vt 0.138886 0.366696
vt 0.122857 0.291333
vt 0.129705 0.370076
vt 0.113297 0.291887
vt 0.120199 0.373579
vt 0.113064 0.376455
vt 0.106507 0.293104
vt 0.108949 0.377802
vt 0.105471 0.294545
vt 0.101195 0.379960
vt 0.104400 0.295963
vt 0.092685 0.381233
vt 0.101921 0.296733
vt 0.086908 0.381774
vt 0.099309 0.296838
vt 0.082045 0.382133
vt 0.077925 0.382329
vt 0.096906 0.296667
vt 0.070735 0.383757
vt 0.064421 0.385006
vt 0.096865 0.296490
vt 0.051637 0.375015
vt 0.097097 0.296317
vt 0.041571 0.364803
vt 0.092888 0.293771
vt 0.034736 0.354685
vt 0.090926 0.292096
vt 0.031857 0.349346
vt 0.092081 0.291062
vt 0.028579 0.343690
vt 0.092765 0.290636
vt 0.024048 0.335971
vt 0.090814 0.287278
vt 0.020588 0.329124
vt 0.088301 0.284882
vt 0.017100 0.321052
vt 0.014194 0.310997
vt 0.079557 0.280239
vt 0.012869 0.306668
vt 0.073377 0.277352
vt 0.011656 0.301775
vt 0.070412 0.274505
vt 0.008973 0.293943
vt 0.005751 0.283841
vt 0.068130 0.269603
vt 0.004341 0.277481
vt 0.067868 0.264084
vt 0.003622 0.273879
vt 0.067474 0.261572
vt 0.002723 0.268810
vt 0.067251 0.257274
vt 0.001279 0.257053
vt 0.000826 0.245337
vt 0.068027 0.247959
vt 0.000541 0.231170
vt 0.069690 0.236001
vt 0.000557 0.218725
vt 0.071999 0.227091
vt 0.000692 0.211070
vt 0.074530 0.218502
vt 0.000851 0.205446
vt 0.078534 0.203260
vt 0.001270 0.201811
vt 0.001615 0.199287
vt 0.079997 0.197473
vt 0.001866 0.197736
vt 0.082196 0.190081
vt 0.002050 0.195908
vt 0.001616 0.189252
vt 0.083137 0.186556
vt 0.001124 0.181058
vt 0.082457 0.178932
vt 0.000671 0.170884
vt 0.074100 0.164072
vt 0.000548 0.165215
vt 0.071481 0.159296
vt 0.000675 0.150231
vt 0.001130 0.141383
vt 0.065882 0.147041
vt 0.001995 0.125701
vt 0.062798 0.140937
vt 0.002864 0.117197
vt 0.056109 0.125137
vt 0.003466 0.112938
vt 0.055778 0.124136
vt 0.748321 0.622736
vt 0.748426 0.621669
vt 0.742236 0.621910
vt 0.755952 0.624436
vt 0.748828 0.627328
vt 0.763615 0.627117
vt 0.749562 0.635939
vt 0.768459 0.629658
vt 0.750633 0.639075
vt 0.773366 0.632803
vt 0.752328 0.644061
vt 0.777592 0.636324
vt 0.752855 0.645720
vt 0.784097 0.643372
vt 0.753662 0.647638
vt 0.792221 0.653748
vt 0.755732 0.652980
vt 0.794347 0.659296
vt 0.755781 0.656847
vt 0.797431 0.671548
vt 0.755447 0.661372
vt 0.799622 0.684999
vt 0.754660 0.669620
vt 0.800129 0.693402
vt 0.753728 0.677127
vt 0.800241 0.702155
vt 0.752889 0.683270
vt 0.799898 0.709200
vt 0.752737 0.685814
vt 0.798982 0.717391
vt 0.752481 0.688056
vt 0.794298 0.735566
vt 0.752378 0.692806
vt 0.790289 0.745927
vt 0.750267 0.703014
vt 0.787313 0.752209
vt 0.749626 0.704957
vt 0.782135 0.761367
vt 0.747920 0.709662
vt 0.776423 0.769647
vt 0.747116 0.711974
vt 0.770897 0.776400
vt 0.745307 0.715814
vt 0.760852 0.789031
vt 0.744065 0.718602
vt 0.754680 0.795104
vt 0.742495 0.726461
vt 0.746318 0.798347
vt 0.740816 0.801730
vt 0.737083 0.728546
vt 0.732951 0.806614
vt 0.735101 0.727438
vt 0.721472 0.813600
vt 0.733695 0.725782
vt 0.700897 0.821727
vt 0.729836 0.726470
vt 0.681486 0.827112
vt 0.727503 0.727188
vt 0.668305 0.811067
vt 0.724298 0.725867
vt 0.658764 0.795551
vt 0.716430 0.721107
vt 0.656553 0.789929
vt 0.715720 0.720197
vt 0.654710 0.783116
vt 0.653268 0.772356
vt 0.715331 0.718796
vt 0.651007 0.757154
vt 0.715452 0.716976
vt 0.649641 0.741118
vt 0.714952 0.715022
vt 0.650222 0.727878
vt 0.714805 0.711610
vt 0.649690 0.715729
vt 0.714974 0.709294
vt 0.655108 0.695551
vt 0.714599 0.702275
vt 0.656928 0.682288
vt 0.714985 0.696341
vt 0.661451 0.669598
vt 0.716105 0.686035
vt 0.663774 0.665115
vt 0.721125 0.674613
vt 0.669885 0.653864
vt 0.677086 0.645440
vt 0.726461 0.660131
vt 0.683800 0.639695
vt 0.727963 0.656773
vt 0.693787 0.630647
vt 0.730330 0.651772
vt 0.700831 0.626678
vt 0.735772 0.637503
vt 0.706872 0.624898
vt 0.736821 0.635210
vt 0.712316 0.623160
vt 0.717202 0.621774
vt 0.738301 0.632109
vt 0.722546 0.621292
vt 0.741637 0.627784
vt 0.730724 0.621173
vt 0.744617 0.625132
vt 0.421194 0.648172
vt 0.379746 0.566918
vt 0.434242 0.643779
vt 0.401850 0.652044
vt 0.370009 0.569338
vt 0.388203 0.651458
vt 0.373913 0.651704
vt 0.367085 0.568588
vt 0.362344 0.652032
vt 0.351442 0.570185
vt 0.353127 0.651462
vt 0.347664 0.569378
vt 0.347796 0.650877
vt 0.342667 0.567649
vt 0.343329 0.649038
vt 0.337284 0.646194
vt 0.341814 0.565931
vt 0.330356 0.642521
vt 0.341311 0.564752
vt 0.322534 0.638862
vt 0.340403 0.562488
vt 0.313322 0.634535
vt 0.333392 0.555472
vt 0.307431 0.631989
vt 0.299459 0.627429
vt 0.329120 0.552210
vt 0.294071 0.624136
vt 0.324830 0.547923
vt 0.291010 0.622157
vt 0.321078 0.544664
vt 0.287517 0.619871
vt 0.318464 0.542934
vt 0.283996 0.616637
vt 0.315845 0.542327
vt 0.280130 0.612670
vt 0.313281 0.541496
vt 0.271813 0.604701
vt 0.303095 0.537489
vt 0.269089 0.601595
vt 0.265166 0.596767
vt 0.297381 0.535473
vt 0.262306 0.593660
vt 0.257672 0.587931
vt 0.290259 0.531141
vt 0.255301 0.582947
vt 0.287306 0.530084
vt 0.248242 0.576219
vt 0.245943 0.571832
vt 0.280621 0.526731
vt 0.244126 0.568347
vt 0.280427 0.524736
vt 0.242093 0.563999
vt 0.280001 0.524515
vt 0.239874 0.559880
vt 0.277184 0.523452
vt 0.237018 0.554124
vt 0.235393 0.548526
vt 0.274876 0.522100
vt 0.233560 0.542907
vt 0.273804 0.521340
vt 0.232325 0.538785
vt 0.271881 0.519841
vt 0.230257 0.531270
vt 0.270038 0.518658
vt 0.228248 0.519293
vt 0.267602 0.516560
vt 0.228323 0.514541
vt 0.264232 0.513518
vt 0.228444 0.511185
vt 0.262952 0.512850
vt 0.228963 0.505568
vt 0.262448 0.511865
vt 0.230201 0.497916
vt 0.262031 0.507482
vt 0.231745 0.487491
vt 0.262044 0.504576
vt 0.232352 0.484326
vt 0.264594 0.500502
vt 0.233118 0.481902
vt 0.266589 0.498977
vt 0.233946 0.479569
vt 0.235479 0.475374
vt 0.267838 0.498393
vt 0.239149 0.467310
vt 0.275337 0.496391
vt 0.243008 0.461542
vt 0.247501 0.453730
vt 0.283217 0.493374
vt 0.249690 0.448162
vt 0.288627 0.490918
vt 0.252174 0.444024
vt 0.294056 0.488693
vt 0.253019 0.442266
vt 0.298398 0.486340
vt 0.254348 0.439860
vt 0.300285 0.483952
vt 0.257989 0.433515
vt 0.302749 0.477821
vt 0.259655 0.430264
vt 0.304109 0.470977
vt 0.261492 0.426866
vt 0.264572 0.421567
vt 0.305000 0.460195
vt 0.266911 0.417581
vt 0.268431 0.415282
vt 0.304489 0.455968
vt 0.271356 0.411131
vt 0.304285 0.449327
vt 0.273043 0.408976
vt 0.279278 0.402928
vt 0.306030 0.439884
vt 0.282529 0.400119
vt 0.306314 0.435442
vt 0.286906 0.396864
vt 0.294335 0.392313
vt 0.306628 0.430710
vt 0.297271 0.390828
vt 0.305991 0.423714
vt 0.300067 0.389419
vt 0.305857 0.421282
vt 0.306033 0.387064
vt 0.306432 0.418401
vt 0.312473 0.385335
vt 0.308744 0.418200
vt 0.325458 0.383797
vt 0.330262 0.383885
vt 0.317292 0.422483
vt 0.334705 0.384077
vt 0.320154 0.423331
vt 0.346246 0.385571
vt 0.326317 0.426628
vt 0.352023 0.387166
vt 0.328195 0.427706
vt 0.360684 0.389976
vt 0.329693 0.428984
vt 0.366117 0.392176
vt 0.331893 0.433836
vt 0.376641 0.396581
vt 0.334742 0.441614
vt 0.383414 0.401520
vt 0.337873 0.445805
vt 0.395739 0.412031
vt 0.401098 0.416245
vt 0.344955 0.456531
vt 0.406063 0.420609
vt 0.345808 0.459485
vt 0.413179 0.427328
vt 0.346978 0.461545
vt 0.415664 0.429986
vt 0.348240 0.464503
vt 0.420926 0.435927
vt 0.348642 0.465882
vt 0.428177 0.448083
vt 0.350701 0.476255
vt 0.433938 0.458945
vt 0.437153 0.465412
vt 0.351795 0.483752
vt 0.439619 0.470936
vt 0.352503 0.488324
vt 0.444587 0.483841
vt 0.353687 0.492743
vt 0.447664 0.493559
vt 0.359902 0.507941
vt 0.452935 0.520335
vt 0.454634 0.543572
vt 0.366080 0.526597
vt 0.455238 0.558539
vt 0.368749 0.542832
vt 0.454352 0.572484
vt 0.371673 0.548106
vt 0.451071 0.591786
vt 0.374201 0.553564
vt 0.449088 0.602147
vt 0.376958 0.562485
vt 0.444886 0.617334
vt 0.379381 0.563137
vt 0.437980 0.634366
vt 0.380407 0.565531
vt 0.381331 0.567453
vt 0.126403 0.734433
vt 0.192803 0.663982
vt 0.128487 0.735889
vt 0.124210 0.733597
vt 0.187908 0.653743
vt 0.121698 0.733022
vt 0.168075 0.650111
vt 0.118560 0.732428
vt 0.114371 0.731678
vt 0.156459 0.648865
vt 0.110393 0.731267
vt 0.133425 0.648373
vt 0.107717 0.731290
vt 0.122867 0.649278
vt 0.103636 0.733560
vt 0.096632 0.739613
vt 0.109890 0.651347
vt 0.092264 0.745578
vt 0.088788 0.657494
vt 0.085782 0.752248
vt 0.071278 0.666119
vt 0.078476 0.758846
vt 0.061500 0.672926
vt 0.075010 0.761381
vt 0.047395 0.684305
vt 0.067180 0.767549
vt 0.065682 0.768286
vt 0.035198 0.695657
vt 0.062510 0.770584
vt 0.031144 0.700373
vt 0.058862 0.773428
vt 0.023214 0.711505
vt 0.055554 0.775728
vt 0.016721 0.720188
vt 0.054073 0.777306
vt 0.006536 0.742433
vt 0.052513 0.779726
vt 0.004734 0.748478
vt 0.051750 0.782018
vt 0.000533 0.770205
vt 0.052035 0.782985
vt 0.051590 0.785483
vt 0.001312 0.787031
vt 0.049910 0.789396
vt 0.002377 0.794734
vt 0.047071 0.794610
vt 0.003581 0.800518
vt 0.044102 0.799672
vt 0.004531 0.804070
vt 0.038209 0.808930
vt 0.006373 0.809625
vt 0.038667 0.815163
vt 0.011594 0.821007
vt 0.042242 0.818010
vt 0.024256 0.836153
vt 0.047385 0.816639
vt 0.034041 0.842603
vt 0.052839 0.815847
vt 0.046182 0.847814
vt 0.055239 0.815410
vt 0.057040 0.814057
vt 0.051601 0.849341
vt 0.062639 0.808794
vt 0.056414 0.850394
vt 0.065821 0.806481
vt 0.076270 0.851766
vt 0.068002 0.804435
vt 0.080615 0.851522
vt 0.071364 0.801168
vt 0.087571 0.851002
vt 0.073137 0.799894
vt 0.093792 0.850253
vt 0.075152 0.798372
vt 0.102218 0.848685
vt 0.077371 0.795866
vt 0.106006 0.847826
vt 0.081716 0.789180
vt 0.117273 0.843385
vt 0.083571 0.787930
vt 0.091347 0.783251
vt 0.121064 0.841615
vt 0.095615 0.780417
vt 0.135147 0.833090
vt 0.103480 0.774835
vt 0.142946 0.827599
vt 0.106775 0.772315
vt 0.163960 0.807848
vt 0.109851 0.769590
vt 0.113495 0.766464
vt 0.171525 0.798088
vt 0.115415 0.765309
vt 0.175872 0.791602
vt 0.118439 0.761756
vt 0.183618 0.777798
vt 0.121049 0.758001
vt 0.124341 0.756754
vt 0.191299 0.759717
vt 0.126782 0.747635
vt 0.128999 0.743794
vt 0.194293 0.741777
vt 0.129879 0.741252
vt 0.198109 0.718918
vt 0.130288 0.739858
vt 0.198433 0.710558
vt 0.130709 0.739128
vt 0.198365 0.694277
vt 0.131211 0.738628
vt 0.198342 0.681860
vt 0.129716 0.736810
vt 0.195296 0.671905
vt 0.809298 0.062100
vt 0.758219 0.020726
vt 0.800619 0.052437
vt 0.810576 0.070919
vt 0.758364 0.023039
vt 0.810927 0.080225
vt 0.758067 0.024664
vt 0.818088 0.090263
vt 0.757182 0.025709
vt 0.821480 0.100677
vt 0.759917 0.022127
vt 0.819053 0.106458
vt 0.759156 0.021410
vt 0.816198 0.112530
vt 0.757113 0.022296
vt 0.813602 0.119379
vt 0.754961 0.023112
vt 0.815801 0.148543
vt 0.750144 0.018482
vt 0.816154 0.158881
vt 0.795302 0.191154
vt 0.749808 0.016222
vt 0.782164 0.211151
vt 0.733603 0.002690
vt 0.777485 0.194742
vt 0.767684 0.173796
vt 0.741212 0.008271
vt 0.756496 0.162416
vt 0.747650 0.022476
vt 0.742416 0.150288
vt 0.745281 0.025586
vt 0.736954 0.141064
vt 0.731009 0.128616
vt 0.744815 0.026726
vt 0.732176 0.116355
vt 0.744433 0.026461
vt 0.732941 0.108829
vt 0.746486 0.026973
vt 0.733632 0.093580
vt 0.746894 0.027146
vt 0.733397 0.075674
vt 0.747365 0.027718
vt 0.733952 0.059923
vt 0.738234 0.049075
vt 0.747162 0.027204
vt 0.742135 0.045669
vt 0.747904 0.025083
vt 0.745131 0.042588
vt 0.749146 0.024260
vt 0.748327 0.040107
vt 0.749599 0.024004
vt 0.751996 0.038122
vt 0.750032 0.023712
vt 0.756063 0.036818
vt 0.750980 0.022749
vt 0.766575 0.036189
vt 0.772532 0.037198
vt 0.752964 0.021754
vt 0.779503 0.039264
vt 0.754795 0.020636
vt 0.786007 0.042236
vt 0.795052 0.049459
vt 0.755768 0.019917
vt 0.756922 0.020736
vt 0.774204 0.481802
vt 0.747463 0.417008
vt 0.769170 0.480114
vt 0.776574 0.484688
vt 0.779281 0.493764
vt 0.745949 0.418019
vt 0.782509 0.499809
vt 0.745427 0.417031
vt 0.782895 0.503260
vt 0.783340 0.507154
vt 0.744870 0.416710
vt 0.783763 0.511523
vt 0.744348 0.416178
vt 0.776212 0.521954
vt 0.743854 0.415545
vt 0.777987 0.533952
vt 0.738735 0.414696
vt 0.777798 0.555168
vt 0.738294 0.401433
vt 0.780312 0.572209
vt 0.739836 0.393581
vt 0.775934 0.577248
vt 0.738414 0.391787
vt 0.761353 0.587003
vt 0.751429 0.582583
vt 0.733046 0.388606
vt 0.749032 0.554863
vt 0.738695 0.393594
vt 0.740368 0.542707
vt 0.743114 0.399714
vt 0.733114 0.535261
vt 0.740977 0.405623
vt 0.732885 0.530603
vt 0.741486 0.406346
vt 0.732958 0.522511
vt 0.734192 0.516176
vt 0.742717 0.407743
vt 0.735401 0.510618
vt 0.743944 0.408898
vt 0.738549 0.501543
vt 0.746089 0.410752
vt 0.739434 0.495728
vt 0.746136 0.411574
vt 0.740392 0.491877
vt 0.746108 0.411899
vt 0.740876 0.488132
vt 0.741894 0.484653
vt 0.745544 0.412154
vt 0.743742 0.482649
vt 0.745189 0.412109
vt 0.746744 0.480095
vt 0.745854 0.412672
vt 0.750383 0.478179
vt 0.746314 0.413530
vt 0.753806 0.477254
vt 0.746687 0.414857
vt 0.755640 0.476966
vt 0.746867 0.414994
vt 0.759732 0.476729
vt 0.747061 0.415489
vt 0.765920 0.478362
vt 0.746521 0.416974
vt 0.719230 0.099100
vt 0.710847 0.042708
vt 0.713371 0.100616
vt 0.720305 0.099515
vt 0.722474 0.103302
vt 0.707777 0.041311
vt 0.729995 0.109546
vt 0.706115 0.039061
vt 0.729905 0.111989
vt 0.729576 0.116053
vt 0.704527 0.038228
vt 0.729481 0.122126
vt 0.702849 0.034893
vt 0.728344 0.134202
vt 0.726842 0.142186
vt 0.698460 0.026815
vt 0.726240 0.152642
vt 0.725844 0.172575
vt 0.696856 0.021761
vt 0.727854 0.187387
vt 0.695277 0.014651
vt 0.729370 0.203365
vt 0.696591 0.010651
vt 0.728244 0.212322
vt 0.701230 0.005381
vt 0.723314 0.222120
vt 0.716792 0.216133
vt 0.701685 0.001499
vt 0.712901 0.207880
vt 0.704871 0.007284
vt 0.711494 0.192555
vt 0.705949 0.011486
vt 0.709147 0.172854
vt 0.708596 0.016190
vt 0.702461 0.165943
vt 0.707841 0.020884
vt 0.692616 0.155298
vt 0.705303 0.024340
vt 0.692508 0.147793
vt 0.701508 0.028482
vt 0.693690 0.138039
vt 0.702023 0.030068
vt 0.695735 0.133291
vt 0.703320 0.032171
vt 0.701689 0.124046
vt 0.706690 0.033765
vt 0.708734 0.113981
vt 0.710522 0.107562
vt 0.710954 0.035928
vt 0.709326 0.102068
vt 0.710702 0.038835
vt 0.707121 0.043649
vt 0.660055 0.570232
vt 0.649649 0.491811
vt 0.659721 0.569537
vt 0.660500 0.570431
vt 0.650063 0.497780
vt 0.661421 0.568627
vt 0.649578 0.510472
vt 0.662559 0.567219
vt 0.650996 0.521075
vt 0.662637 0.566655
vt 0.654885 0.530751
vt 0.662950 0.566420
vt 0.657924 0.537768
vt 0.663075 0.566259
vt 0.660876 0.541592
vt 0.663296 0.566276
vt 0.663105 0.543723
vt 0.662964 0.566461
vt 0.665119 0.545076
vt 0.663114 0.567119
vt 0.672173 0.547482
vt 0.663546 0.568469
vt 0.681260 0.547532
vt 0.663112 0.570413
vt 0.686602 0.545141
vt 0.663412 0.572552
vt 0.694386 0.540080
vt 0.663380 0.574048
vt 0.705955 0.532399
vt 0.663190 0.575320
vt 0.663774 0.580706
vt 0.722553 0.517479
vt 0.661002 0.584033
vt 0.660672 0.586047
vt 0.727159 0.496736
vt 0.656959 0.590123
vt 0.730877 0.476937
vt 0.653526 0.596509
vt 0.728258 0.459451
vt 0.652565 0.605267
vt 0.730497 0.438603
vt 0.651849 0.612970
vt 0.731359 0.421209
vt 0.651260 0.618013
vt 0.731418 0.402063
vt 0.655656 0.612312
vt 0.729616 0.389206
vt 0.661802 0.600603
vt 0.718322 0.396138
vt 0.659947 0.594355
vt 0.705584 0.414833
vt 0.656703 0.589218
vt 0.689751 0.422565
vt 0.654385 0.584692
vt 0.674693 0.430312
vt 0.656713 0.579370
vt 0.663043 0.440596
vt 0.660707 0.574966
vt 0.657350 0.457272
vt 0.662685 0.572017
vt 0.657633 0.472221
vt 0.662565 0.570460
vt 0.656921 0.481973
vt 0.654913 0.486976
vt 0.619430 0.401923
vt 0.588283 0.416966
vt 0.610967 0.396547
vt 0.626974 0.407264
vt 0.591529 0.414991
vt 0.632446 0.413621
vt 0.590592 0.422036
vt 0.635363 0.417983
vt 0.590438 0.424929
vt 0.637483 0.422373
vt 0.590513 0.431224
vt 0.641209 0.431821
vt 0.645273 0.445487
vt 0.588905 0.447785
vt 0.646441 0.450962
vt 0.588417 0.452324
vt 0.647643 0.459903
vt 0.648393 0.469438
vt 0.585688 0.464126
vt 0.648246 0.481950
vt 0.584373 0.472603
vt 0.647298 0.494001
vt 0.582599 0.482309
vt 0.645979 0.505646
vt 0.580774 0.492360
vt 0.642675 0.522656
vt 0.578167 0.501428
vt 0.641053 0.528231
vt 0.639381 0.533280
vt 0.576947 0.504830
vt 0.635713 0.542728
vt 0.575797 0.507796
vt 0.633771 0.547090
vt 0.573219 0.512928
vt 0.631302 0.552137
vt 0.571944 0.515263
vt 0.628106 0.558049
vt 0.570757 0.518001
vt 0.623340 0.565788
vt 0.569006 0.520961
vt 0.616140 0.575723
vt 0.564465 0.529889
vt 0.612512 0.580170
vt 0.563392 0.532072
vt 0.608845 0.584274
vt 0.562417 0.534007
vt 0.604391 0.588835
vt 0.560382 0.536920
vt 0.597610 0.594784
vt 0.557184 0.541017
vt 0.585522 0.603977
vt 0.551727 0.548100
vt 0.578197 0.609693
vt 0.570946 0.614031
vt 0.552628 0.550454
vt 0.566190 0.616594
vt 0.551108 0.552087
vt 0.557969 0.621587
vt 0.550309 0.552603
vt 0.536076 0.626275
vt 0.550757 0.552621
vt 0.531755 0.627613
vt 0.540622 0.550200
vt 0.523611 0.629618
vt 0.539768 0.550386
vt 0.514243 0.633001
vt 0.538191 0.550437
vt 0.498733 0.633553
vt 0.538847 0.550598
vt 0.486121 0.633051
vt 0.534583 0.548931
vt 0.480677 0.632422
vt 0.530362 0.546841
vt 0.475491 0.620830
vt 0.469258 0.606466
vt 0.531032 0.545412
vt 0.467241 0.601732
vt 0.530898 0.542099
vt 0.463663 0.591717
vt 0.462761 0.586912
vt 0.530439 0.540183
vt 0.462007 0.580517
vt 0.531709 0.540590
vt 0.460520 0.569594
vt 0.457065 0.545110
vt 0.532314 0.530917
vt 0.456746 0.539508
vt 0.532423 0.528523
vt 0.456426 0.532046
vt 0.532153 0.523073
vt 0.456317 0.524319
vt 0.456469 0.516363
vt 0.532464 0.518665
vt 0.456863 0.508503
vt 0.533280 0.514729
vt 0.457738 0.500435
vt 0.534128 0.509526
vt 0.459339 0.492927
vt 0.536850 0.500756
vt 0.462408 0.480768
vt 0.538643 0.491852
vt 0.465379 0.471212
vt 0.539919 0.487241
vt 0.469431 0.460494
vt 0.540876 0.483061
vt 0.472619 0.453856
vt 0.542056 0.478769
vt 0.476460 0.447071
vt 0.543131 0.474490
vt 0.481345 0.439878
vt 0.544534 0.470459
vt 0.484183 0.436071
vt 0.547177 0.465017
vt 0.488017 0.431233
vt 0.490823 0.427806
vt 0.548851 0.460703
vt 0.494487 0.423597
vt 0.549982 0.458201
vt 0.499164 0.418750
vt 0.551275 0.455037
vt 0.505344 0.413298
vt 0.553035 0.451449
vt 0.515571 0.403053
vt 0.554900 0.447222
vt 0.531252 0.392314
vt 0.561448 0.432769
vt 0.540878 0.388594
vt 0.564260 0.428644
vt 0.550446 0.385932
vt 0.570662 0.422220
vt 0.553556 0.385219
vt 0.556411 0.384704
vt 0.571063 0.421691
vt 0.565221 0.383861
vt 0.571344 0.421444
vt 0.576591 0.384379
vt 0.572657 0.420879
vt 0.588010 0.386435
vt 0.574538 0.420481
vt 0.595757 0.388998
vt 0.576509 0.420416
vt 0.603787 0.392511
vt 0.580522 0.419484
vt 0.583299 0.418670
vt 0.688864 0.201950
vt 0.620287 0.191671
vt 0.689380 0.198385
vt 0.688362 0.204952
vt 0.619755 0.195436
vt 0.686528 0.213921
vt 0.684858 0.220353
vt 0.617153 0.200492
vt 0.682722 0.227270
vt 0.615656 0.203832
vt 0.681486 0.230870
vt 0.613118 0.208064
vt 0.677989 0.240077
vt 0.674911 0.247284
vt 0.607322 0.218221
vt 0.672498 0.252501
vt 0.605529 0.221936
vt 0.669453 0.258518
vt 0.667198 0.262408
vt 0.603594 0.226812
vt 0.665589 0.265101
vt 0.663447 0.268519
vt 0.602426 0.228487
vt 0.662126 0.270546
vt 0.600077 0.230567
vt 0.658225 0.276363
vt 0.597360 0.235530
vt 0.651608 0.285547
vt 0.645074 0.293683
vt 0.592878 0.243765
vt 0.639533 0.300002
vt 0.588664 0.250635
vt 0.631977 0.307795
vt 0.581236 0.261904
vt 0.626696 0.313055
vt 0.615068 0.323695
vt 0.573238 0.273070
vt 0.603740 0.331808
vt 0.564871 0.284215
vt 0.598101 0.334626
vt 0.593812 0.336686
vt 0.563389 0.286277
vt 0.583279 0.341204
vt 0.560332 0.290151
vt 0.575060 0.343897
vt 0.557746 0.292960
vt 0.569666 0.345198
vt 0.554353 0.296420
vt 0.566014 0.345906
vt 0.552588 0.298921
vt 0.563713 0.346161
vt 0.550975 0.300717
vt 0.559426 0.346471
vt 0.550855 0.346737
vt 0.547419 0.305743
vt 0.547518 0.346619
vt 0.542669 0.346230
vt 0.546574 0.307306
vt 0.538351 0.345686
vt 0.545409 0.309274
vt 0.534348 0.344946
vt 0.540997 0.311319
vt 0.529939 0.343852
vt 0.526858 0.342875
vt 0.538539 0.312451
vt 0.521416 0.340817
vt 0.537796 0.311860
vt 0.510418 0.334852
vt 0.535719 0.309284
vt 0.507518 0.332925
vt 0.533987 0.305820
vt 0.504132 0.330209
vt 0.533605 0.304595
vt 0.500490 0.326948
vt 0.531168 0.301403
vt 0.498142 0.324654
vt 0.529764 0.299801
vt 0.492074 0.318359
vt 0.486795 0.311986
vt 0.529463 0.296978
vt 0.485158 0.308788
vt 0.529046 0.294632
vt 0.483017 0.304270
vt 0.529426 0.289006
vt 0.481104 0.300139
vt 0.479268 0.296131
vt 0.530247 0.284608
vt 0.476644 0.289830
vt 0.530950 0.280050
vt 0.473213 0.280384
vt 0.533175 0.271273
vt 0.470449 0.271105
vt 0.468845 0.262592
vt 0.535017 0.265054
vt 0.467570 0.257154
vt 0.537258 0.253229
vt 0.466508 0.251989
vt 0.465440 0.245802
vt 0.538492 0.248375
vt 0.464340 0.233984
vt 0.542101 0.235643
vt 0.463955 0.230068
vt 0.543245 0.231482
vt 0.463784 0.227437
vt 0.463914 0.218604
vt 0.545637 0.224456
vt 0.464113 0.210426
vt 0.547956 0.215028
vt 0.464218 0.202611
vt 0.464168 0.195535
vt 0.550105 0.204616
vt 0.464162 0.190362
vt 0.554308 0.191556
vt 0.464167 0.187741
vt 0.555244 0.184932
vt 0.464161 0.185862
vt 0.555150 0.180692
vt 0.464064 0.181199
vt 0.463977 0.176565
vt 0.553343 0.175158
vt 0.463888 0.171303
vt 0.551920 0.169964
vt 0.463810 0.163372
vt 0.549718 0.164995
vt 0.463834 0.153858
vt 0.548331 0.155061
vt 0.464058 0.146607
vt 0.544969 0.137955
vt 0.464701 0.137056
vt 0.465366 0.134418
vt 0.541414 0.128192
vt 0.466490 0.130995
vt 0.539513 0.125972
vt 0.466770 0.126176
vt 0.536664 0.124687
vt 0.468243 0.108322
vt 0.534026 0.121159
vt 0.469038 0.102212
vt 0.526043 0.107898
vt 0.469717 0.099132
vt 0.470654 0.095248
vt 0.524939 0.107190
vt 0.471352 0.092589
vt 0.523870 0.105313
vt 0.472358 0.089059
vt 0.524259 0.103934
vt 0.473472 0.085502
vt 0.475185 0.080712
vt 0.524752 0.102282
vt 0.478227 0.073880
vt 0.523209 0.101410
vt 0.480524 0.069091
vt 0.523620 0.097713
vt 0.482058 0.065878
vt 0.523410 0.096297
vt 0.485349 0.060468
vt 0.522003 0.096314
vt 0.490015 0.055584
vt 0.520394 0.094915
vt 0.491667 0.053891
vt 0.524538 0.090529
vt 0.495317 0.049125
vt 0.526315 0.089585
vt 0.498102 0.046177
vt 0.528473 0.089689
vt 0.501076 0.043546
vt 0.504706 0.040169
vt 0.531499 0.088946
vt 0.509513 0.035481
vt 0.534556 0.087662
vt 0.515597 0.030627
vt 0.536669 0.087085
vt 0.518841 0.028229
vt 0.540559 0.086641
vt 0.524449 0.023566
vt 0.542518 0.086415
vt 0.531970 0.018722
vt 0.544876 0.084730
vt 0.537482 0.015851
vt 0.548995 0.082823
vt 0.546729 0.011847
vt 0.552975 0.081862
vt 0.557463 0.008851
vt 0.561474 0.079750
vt 0.565295 0.006904
vt 0.571502 0.077903
vt 0.571371 0.005285
vt 0.575241 0.004150
vt 0.575050 0.076514
vt 0.583934 0.001788
vt 0.576767 0.075931
vt 0.591595 0.000822
vt 0.579719 0.074408
vt 0.600999 0.000543
vt 0.583557 0.073131
vt 0.610955 0.000808
vt 0.588759 0.072146
vt 0.614844 0.001511
vt 0.594198 0.071962
vt 0.617869 0.003899
vt 0.597030 0.073274
vt 0.626018 0.010355
vt 0.596866 0.074351
vt 0.631883 0.015396
vt 0.597165 0.075706
vt 0.636967 0.020170
vt 0.597467 0.077806
vt 0.641484 0.024966
vt 0.598140 0.080005
vt 0.645592 0.029711
vt 0.599041 0.083189
vt 0.651314 0.036335
vt 0.600516 0.085208
vt 0.661891 0.050940
vt 0.602747 0.087664
vt 0.664135 0.054542
vt 0.607237 0.097208
vt 0.666446 0.058772
vt 0.606485 0.100355
vt 0.670316 0.066853
vt 0.605537 0.102524
vt 0.672636 0.072783
vt 0.604183 0.106689
vt 0.673915 0.076211
vt 0.603916 0.108784
vt 0.676499 0.083500
vt 0.677862 0.087797
vt 0.602220 0.113144
vt 0.678602 0.090475
vt 0.601217 0.115438
vt 0.681492 0.101047
vt 0.600918 0.116889
vt 0.684427 0.113290
vt 0.602241 0.127672
vt 0.685622 0.119742
vt 0.603737 0.136865
vt 0.687656 0.130665
vt 0.604946 0.141977
vt 0.690768 0.149583
vt 0.607981 0.149773
vt 0.690702 0.154503
vt 0.612984 0.164449
vt 0.690867 0.159863
vt 0.613191 0.165996
vt 0.691281 0.166637
vt 0.614817 0.169887
vt 0.691384 0.173824
vt 0.616407 0.174705
vt 0.690947 0.182964
vt 0.617887 0.179837
vt 0.690210 0.192036
vt 0.619001 0.182523
vt 0.689762 0.195670
vt 0.619527 0.189237
vt 0.376491 0.771821
vt 0.306896 0.772597
vt 0.380157 0.760905
vt 0.372315 0.779689
vt 0.305689 0.776733
vt 0.370258 0.783335
vt 0.303654 0.779372
vt 0.364935 0.789921
vt 0.301385 0.780969
vt 0.359888 0.800347
vt 0.356268 0.807815
vt 0.295385 0.795109
vt 0.351620 0.815827
vt 0.340125 0.823026
vt 0.292878 0.802495
vt 0.334766 0.826038
vt 0.291150 0.806268
vt 0.329371 0.828692
vt 0.289101 0.810058
vt 0.321253 0.831680
vt 0.287638 0.812711
vt 0.317304 0.833060
vt 0.286473 0.813666
vt 0.310230 0.834979
vt 0.283797 0.815174
vt 0.303152 0.836645
vt 0.293855 0.836733
vt 0.279405 0.816496
vt 0.283731 0.836438
vt 0.270581 0.821888
vt 0.274853 0.835179
vt 0.269252 0.833041
vt 0.258867 0.829912
vt 0.261828 0.828715
vt 0.254986 0.834048
vt 0.252958 0.822235
vt 0.257975 0.828438
vt 0.247071 0.817297
vt 0.260656 0.824143
vt 0.241655 0.812550
vt 0.262753 0.820676
vt 0.237799 0.808360
vt 0.264746 0.816752
vt 0.233513 0.802974
vt 0.266580 0.811834
vt 0.230290 0.792730
vt 0.228802 0.783506
vt 0.269010 0.802036
vt 0.228304 0.771056
vt 0.270396 0.794955
vt 0.231377 0.751701
vt 0.271907 0.786506
vt 0.232973 0.743213
vt 0.276341 0.774094
vt 0.234752 0.737126
vt 0.277596 0.769804
vt 0.237322 0.731062
vt 0.278280 0.767454
vt 0.239337 0.726593
vt 0.278766 0.764398
vt 0.241757 0.721810
vt 0.280447 0.760253
vt 0.244785 0.716662
vt 0.252527 0.705988
vt 0.281245 0.757869
vt 0.260084 0.696939
vt 0.285030 0.751060
vt 0.266141 0.690488
vt 0.286305 0.748064
vt 0.270870 0.685986
vt 0.286871 0.747156
vt 0.276352 0.681258
vt 0.288527 0.745415
vt 0.293581 0.669399
vt 0.292394 0.743107
vt 0.301551 0.664291
vt 0.293474 0.742082
vt 0.308072 0.662030
vt 0.315299 0.659668
vt 0.296880 0.741072
vt 0.320360 0.658201
vt 0.298290 0.740425
vt 0.327734 0.656645
vt 0.299932 0.740141
vt 0.349683 0.653210
vt 0.360866 0.653094
vt 0.303874 0.740134
vt 0.367396 0.654782
vt 0.306013 0.739912
vt 0.370319 0.660610
vt 0.307560 0.740282
vt 0.372315 0.666852
vt 0.307828 0.740624
vt 0.381926 0.688807
vt 0.384410 0.703318
vt 0.310522 0.751582
vt 0.385101 0.710511
vt 0.310340 0.754002
vt 0.385916 0.719066
vt 0.310540 0.757365
vt 0.386105 0.728878
vt 0.385293 0.740071
vt 0.309597 0.763409
vt 0.383501 0.749237
vt 0.308728 0.766730
vt 0.307795 0.769459
vt 0.106744 0.642647
vt 0.079932 0.602799
vt 0.114359 0.639621
vt 0.101613 0.644260
vt 0.076628 0.606555
vt 0.088397 0.646722
vt 0.070307 0.613146
vt 0.082916 0.647078
vt 0.066807 0.616663
vt 0.076136 0.645851
vt 0.067305 0.614991
vt 0.066360 0.643109
vt 0.067576 0.612372
vt 0.058994 0.640046
vt 0.067752 0.609376
vt 0.050647 0.635709
vt 0.068435 0.606371
vt 0.046442 0.633167
vt 0.069165 0.602788
vt 0.041671 0.629762
vt 0.069501 0.601191
vt 0.038173 0.626941
vt 0.068887 0.597770
vt 0.033929 0.623029
vt 0.067505 0.594826
vt 0.029826 0.618768
vt 0.066344 0.592001
vt 0.025032 0.613519
vt 0.066193 0.588827
vt 0.020945 0.608192
vt 0.067246 0.585622
vt 0.016936 0.601535
vt 0.067016 0.577160
vt 0.013394 0.594809
vt 0.065564 0.570347
vt 0.009905 0.587201
vt 0.007571 0.581147
vt 0.064422 0.563667
vt 0.006314 0.577448
vt 0.064583 0.560483
vt 0.004150 0.569884
vt 0.064569 0.559145
vt 0.003286 0.566270
vt 0.064226 0.555209
vt 0.002361 0.561444
vt 0.001069 0.551934
vt 0.063907 0.553050
vt 0.000793 0.547586
vt 0.063839 0.548782
vt 0.000546 0.539231
vt 0.063929 0.546034
vt 0.000592 0.531964
vt 0.063761 0.541291
vt 0.001233 0.521697
vt 0.064540 0.537698
vt 0.001519 0.517432
vt 0.065705 0.532647
vt 0.002458 0.511020
vt 0.003889 0.503904
vt 0.066327 0.530337
vt 0.006612 0.493917
vt 0.069860 0.523418
vt 0.008156 0.489153
vt 0.010130 0.483136
vt 0.071595 0.520895
vt 0.012582 0.475643
vt 0.072838 0.519664
vt 0.017882 0.464041
vt 0.025020 0.452983
vt 0.076083 0.512316
vt 0.027994 0.448792
vt 0.081332 0.502713
vt 0.032802 0.442838
vt 0.040198 0.434415
vt 0.083661 0.499620
vt 0.049620 0.426338
vt 0.087116 0.496016
vt 0.069346 0.412044
vt 0.092868 0.486011
vt 0.075183 0.407666
vt 0.100076 0.475431
vt 0.078671 0.405179
vt 0.101135 0.474704
vt 0.089929 0.397721
vt 0.102248 0.474556
vt 0.097334 0.394261
vt 0.104401 0.474097
vt 0.125947 0.387253
vt 0.113271 0.473343
vt 0.136229 0.386296
vt 0.117975 0.473324
vt 0.154328 0.386144
vt 0.120185 0.473573
vt 0.166785 0.387004
vt 0.127593 0.474756
vt 0.172445 0.394614
vt 0.132174 0.475734
vt 0.176449 0.400902
vt 0.133533 0.476466
vt 0.179169 0.405052
vt 0.134198 0.477838
vt 0.184629 0.419791
vt 0.189942 0.432470
vt 0.133740 0.477664
vt 0.193022 0.441090
vt 0.134652 0.480217
vt 0.196535 0.456591
vt 0.135259 0.482024
vt 0.199943 0.470490
vt 0.135040 0.485156
vt 0.200670 0.480848
vt 0.135864 0.492212
vt 0.200615 0.492755
vt 0.133678 0.497876
vt 0.200077 0.504355
vt 0.198887 0.514512
vt 0.132169 0.507137
vt 0.196236 0.527921
vt 0.131013 0.513332
vt 0.193589 0.537188
vt 0.129717 0.518279
vt 0.188743 0.550199
vt 0.127545 0.525937
vt 0.185406 0.557348
vt 0.126411 0.531027
vt 0.178580 0.574338
vt 0.126009 0.534314
vt 0.174233 0.583319
vt 0.118368 0.552312
vt 0.162644 0.602324
vt 0.107054 0.569950
vt 0.157373 0.607502
vt 0.150269 0.614656
vt 0.102814 0.575166
vt 0.128812 0.631836
vt 0.097067 0.582630
vt 0.120850 0.636485
vt 0.088356 0.593670
vt 0.084122 0.598478
vt 0.269004 0.335600
vt 0.325683 0.307538
vt 0.271168 0.338148
vt 0.264111 0.327189
vt 0.325352 0.303486
vt 0.259563 0.318730
vt 0.324426 0.298793
vt 0.256099 0.311864
vt 0.323163 0.292848
vt 0.248317 0.293839
vt 0.320024 0.274937
vt 0.246318 0.288218
vt 0.243174 0.278480
vt 0.318879 0.261406
vt 0.239834 0.266737
vt 0.237129 0.256055
vt 0.318815 0.246557
vt 0.235424 0.248623
vt 0.234155 0.242734
vt 0.319576 0.240855
vt 0.232816 0.236997
vt 0.320755 0.237381
vt 0.232010 0.233281
vt 0.320269 0.233604
vt 0.231473 0.230117
vt 0.320612 0.231476
vt 0.230788 0.226355
vt 0.321350 0.229567
vt 0.230054 0.221832
vt 0.321503 0.226951
vt 0.229553 0.217583
vt 0.321007 0.221953
vt 0.229602 0.204103
vt 0.229519 0.193437
vt 0.322963 0.208510
vt 0.229201 0.187323
vt 0.325101 0.196738
vt 0.228749 0.182395
vt 0.325624 0.193134
vt 0.228262 0.177803
vt 0.229104 0.170588
vt 0.326239 0.190635
vt 0.229294 0.162242
vt 0.328505 0.177836
vt 0.230211 0.151492
vt 0.231293 0.142672
vt 0.328510 0.168376
vt 0.232207 0.135134
vt 0.328361 0.162288
vt 0.232988 0.130702
vt 0.327684 0.156817
vt 0.234538 0.123524
vt 0.327596 0.152860
vt 0.238663 0.107351
vt 0.331338 0.136808
vt 0.240400 0.101486
vt 0.242403 0.095310
vt 0.331721 0.129337
vt 0.246402 0.084553
vt 0.248585 0.079388
vt 0.332341 0.119589
vt 0.249995 0.076217
vt 0.331790 0.118110
vt 0.260206 0.057125
vt 0.333542 0.105884
vt 0.265145 0.048887
vt 0.335994 0.097956
vt 0.269282 0.042179
vt 0.336247 0.096318
vt 0.275778 0.032676
vt 0.337136 0.093241
vt 0.281199 0.025819
vt 0.338773 0.089347
vt 0.287232 0.018883
vt 0.340307 0.087043
vt 0.295959 0.009913
vt 0.342450 0.083942
vt 0.298761 0.006567
vt 0.344527 0.079052
vt 0.304120 0.000506
vt 0.310153 0.001032
vt 0.343974 0.077894
vt 0.315620 0.001844
vt 0.343916 0.077468
vt 0.321159 0.003041
vt 0.327500 0.004724
vt 0.342971 0.076891
vt 0.342199 0.006531
vt 0.347908 0.074890
vt 0.348359 0.008098
vt 0.348718 0.074928
vt 0.356356 0.010613
vt 0.350201 0.074842
vt 0.364532 0.013802
vt 0.353725 0.074787
vt 0.369073 0.015847
vt 0.375318 0.019021
vt 0.354189 0.076202
vt 0.380020 0.021596
vt 0.356233 0.079466
vt 0.386353 0.025375
vt 0.388567 0.027010
vt 0.357761 0.082876
vt 0.393680 0.030946
vt 0.357795 0.083852
vt 0.397245 0.033739
vt 0.358492 0.085744
vt 0.401333 0.037205
vt 0.359677 0.087940
vt 0.406301 0.041690
vt 0.361711 0.091213
vt 0.412895 0.048212
vt 0.364558 0.098472
vt 0.415601 0.051161
vt 0.365725 0.101047
vt 0.420065 0.056412
vt 0.423330 0.060541
vt 0.368291 0.104680
vt 0.425699 0.063705
vt 0.369836 0.107627
vt 0.427197 0.065819
vt 0.371532 0.109531
vt 0.429685 0.069486
vt 0.372435 0.110795
vt 0.432679 0.074163
vt 0.373704 0.113281
vt 0.436687 0.080972
vt 0.375767 0.116308
vt 0.439124 0.085518
vt 0.378700 0.121184
vt 0.440889 0.089166
vt 0.381156 0.125675
vt 0.442428 0.092648
vt 0.382080 0.128169
vt 0.444380 0.097105
vt 0.446249 0.101484
vt 0.385294 0.133770
vt 0.447627 0.105189
vt 0.386393 0.136465
vt 0.450729 0.112726
vt 0.452075 0.117147
vt 0.389641 0.141385
vt 0.453427 0.121193
vt 0.389256 0.142176
vt 0.454710 0.125344
vt 0.388633 0.148834
vt 0.455789 0.129169
vt 0.457322 0.135197
vt 0.388512 0.153647
vt 0.459166 0.143685
vt 0.461479 0.157708
vt 0.387726 0.160294
vt 0.461663 0.161601
vt 0.387263 0.171441
vt 0.461960 0.166194
vt 0.385036 0.175262
vt 0.462320 0.171274
vt 0.383170 0.178127
vt 0.462534 0.175056
vt 0.381516 0.180485
vt 0.462701 0.182028
vt 0.462712 0.184332
vt 0.379094 0.186974
vt 0.462737 0.188097
vt 0.378133 0.188582
vt 0.462582 0.192572
vt 0.376654 0.195066
vt 0.462490 0.197380
vt 0.462439 0.202270
vt 0.375704 0.205994
vt 0.462354 0.207229
vt 0.462187 0.212497
vt 0.374719 0.211738
vt 0.461704 0.219460
vt 0.374960 0.227570
vt 0.461934 0.227644
vt 0.462357 0.241888
vt 0.374708 0.237632
vt 0.462162 0.244724
vt 0.375182 0.255752
vt 0.461755 0.247444
vt 0.376018 0.260847
vt 0.461308 0.249470
vt 0.377321 0.265723
vt 0.461103 0.253286
vt 0.378550 0.268681
vt 0.461024 0.256938
vt 0.381312 0.273124
vt 0.461110 0.261408
vt 0.385447 0.277907
vt 0.461209 0.266345
vt 0.390948 0.284922
vt 0.461700 0.271533
vt 0.392839 0.287474
vt 0.462057 0.283533
vt 0.401592 0.297799
vt 0.461382 0.285250
vt 0.403191 0.299365
vt 0.460625 0.291115
vt 0.406893 0.303603
vt 0.459844 0.293761
vt 0.458971 0.296707
vt 0.408592 0.305659
vt 0.458164 0.299077
vt 0.410992 0.307769
vt 0.458679 0.304779
vt 0.412837 0.309224
vt 0.459059 0.309850
vt 0.417962 0.316879
vt 0.459317 0.315542
vt 0.458793 0.319176
vt 0.420029 0.320701
vt 0.458088 0.323067
vt 0.422312 0.323706
vt 0.457398 0.326081
vt 0.423209 0.324967
vt 0.456638 0.329288
vt 0.455699 0.332725
vt 0.424454 0.328110
vt 0.454455 0.336123
vt 0.424951 0.328743
vt 0.453776 0.337918
vt 0.425254 0.329267
vt 0.452355 0.341230
vt 0.425518 0.330049
vt 0.451538 0.342715
vt 0.425695 0.331639
vt 0.449609 0.345992
vt 0.446544 0.350540
vt 0.424485 0.334018
vt 0.443361 0.354488
vt 0.423070 0.336440
vt 0.440982 0.357036
vt 0.422059 0.337507
vt 0.438476 0.359481
vt 0.420667 0.338950
vt 0.436749 0.361053
vt 0.419515 0.339872
vt 0.435422 0.362221
vt 0.433115 0.364124
vt 0.418884 0.339952
vt 0.429640 0.366576
vt 0.418006 0.339865
vt 0.427940 0.367684
vt 0.416445 0.339778
vt 0.426945 0.368363
vt 0.415707 0.339666
vt 0.424557 0.369606
vt 0.415478 0.339485
vt 0.422416 0.370597
vt 0.413028 0.339340
vt 0.419660 0.371759
vt 0.416628 0.373497
vt 0.410588 0.338661
vt 0.414290 0.374629
vt 0.412855 0.375201
vt 0.409843 0.338310
vt 0.407560 0.376421
vt 0.409238 0.338168
vt 0.404418 0.376990
vt 0.403868 0.336886
vt 0.400910 0.378024
vt 0.397141 0.378207
vt 0.402707 0.336809
vt 0.395523 0.379027
vt 0.400001 0.336059
vt 0.393008 0.379739
vt 0.399058 0.336126
vt 0.389674 0.379964
vt 0.397446 0.335873
vt 0.383442 0.380180
vt 0.390242 0.332792
vt 0.379134 0.381402
vt 0.374800 0.382706
vt 0.384595 0.331558
vt 0.370988 0.382524
vt 0.360760 0.382291
vt 0.381170 0.330682
vt 0.352457 0.382111
vt 0.372657 0.330540
vt 0.350337 0.382134
vt 0.366126 0.329645
vt 0.346155 0.382067
vt 0.338387 0.380571
vt 0.364184 0.328928
vt 0.336232 0.380223
vt 0.358412 0.330183
vt 0.331275 0.378624
vt 0.326855 0.377072
vt 0.351207 0.330184
vt 0.321822 0.375089
vt 0.316995 0.373912
vt 0.347519 0.330864
vt 0.313560 0.372408
vt 0.347252 0.328922
vt 0.310301 0.370466
vt 0.345725 0.326593
vt 0.307192 0.368527
vt 0.341847 0.323948
vt 0.303326 0.365890
vt 0.295280 0.360603
vt 0.336508 0.321890
vt 0.290500 0.356863
vt 0.332738 0.319212
vt 0.286863 0.353585
vt 0.329706 0.317601
vt 0.283433 0.350333
vt 0.327184 0.315454
vt 0.275701 0.342948
vt 0.325513 0.313115
vt 0.326010 0.309877
vt 0.055725 0.121974
vt 0.061590 0.108165
vt 0.072401 0.095857
vt 0.078992 0.088876
vt 0.093479 0.074009
vt 0.150519 0.038514
vt 0.152361 0.041831
vt 0.153749 0.049588
vt 0.157762 0.065769
vt 0.153005 0.072424
vt 0.143050 0.125097
vt 0.139830 0.160860
vt 0.141289 0.205312
vt 0.143393 0.216438
vt 0.148736 0.268701
vt 0.147290 0.271764
vt 0.119227 0.291733
vt 0.094105 0.294568
vt 0.090746 0.292547
vt 0.091846 0.289460
vt 0.071914 0.275964
vt 0.078666 0.172065
vt 0.058772 0.130937
vt 0.749188 0.632769
vt 0.755766 0.651163
vt 0.753026 0.680605
vt 0.751542 0.698197
vt 0.748591 0.707326
vt 0.743291 0.723270
vt 0.733023 0.725886
vt 0.720157 0.723536
vt 0.715793 0.718165
vt 0.719673 0.677997
vt 0.723854 0.665765
vt 0.733739 0.642863
vt 0.740154 0.629392
vt 0.383086 0.566474
vt 0.360107 0.568825
vt 0.337776 0.559346
vt 0.310510 0.539697
vt 0.300952 0.536556
vt 0.294645 0.534083
vt 0.280674 0.525575
vt 0.279181 0.524476
vt 0.263537 0.513462
vt 0.265529 0.499766
vt 0.270022 0.497888
vt 0.304230 0.466116
vt 0.304042 0.453685
vt 0.304629 0.447156
vt 0.305697 0.419945
vt 0.321921 0.423994
vt 0.333299 0.436512
vt 0.349092 0.468311
vt 0.357128 0.501566
vt 0.376054 0.561234
vt 0.379955 0.564299
vt 0.177108 0.651497
vt 0.143487 0.648132
vt 0.054951 0.677821
vt 0.009845 0.732855
vt 0.002258 0.757144
vt 0.000767 0.779794
vt 0.017882 0.829878
vt 0.069857 0.851798
vt 0.157770 0.814455
vt 0.177987 0.788376
vt 0.187500 0.768369
vt 0.197164 0.726280
vt 0.198234 0.702221
vt 0.752832 0.023257
vt 0.738312 0.010668
vt 0.747831 0.017620
vt 0.747001 0.027277
vt 0.750419 0.023032
vt 0.756449 0.020822
vt 0.746830 0.417568
vt 0.745394 0.417874
vt 0.738646 0.409709
vt 0.734842 0.389389
vt 0.742372 0.404043
vt 0.744619 0.409624
vt 0.746562 0.414436
vt 0.708598 0.043353
vt 0.705181 0.040694
vt 0.703293 0.037302
vt 0.700217 0.029463
vt 0.699561 0.007280
vt 0.649863 0.504068
vt 0.667734 0.546515
vt 0.701273 0.536354
vt 0.709566 0.528268
vt 0.730191 0.490640
vt 0.590596 0.419522
vt 0.586896 0.458133
vt 0.567270 0.524844
vt 0.550068 0.552693
vt 0.532026 0.547607
vt 0.531266 0.542908
vt 0.532395 0.540350
vt 0.535260 0.505163
vt 0.558129 0.439015
vt 0.567249 0.425363
vt 0.578733 0.419978
vt 0.609852 0.213825
vt 0.603714 0.225427
vt 0.585506 0.255030
vt 0.577590 0.267285
vt 0.570308 0.277346
vt 0.562416 0.287772
vt 0.550180 0.302724
vt 0.543451 0.310351
vt 0.536580 0.310747
vt 0.536482 0.258188
vt 0.539876 0.244636
vt 0.544031 0.229650
vt 0.552945 0.196508
vt 0.546408 0.145801
vt 0.527971 0.111365
vt 0.523884 0.106199
vt 0.527252 0.089681
vt 0.557971 0.080045
vt 0.566926 0.079018
vt 0.598455 0.081767
vt 0.606711 0.095445
vt 0.607168 0.098583
vt 0.604868 0.104075
vt 0.297819 0.788649
vt 0.290321 0.807944
vt 0.276176 0.818506
vt 0.263685 0.826330
vt 0.283843 0.753409
vt 0.295418 0.741486
vt 0.067735 0.581893
vt 0.064485 0.556622
vt 0.065443 0.533572
vt 0.067387 0.527999
vt 0.079350 0.506686
vt 0.134935 0.494965
vt 0.132980 0.502975
vt 0.105999 0.571467
vt 0.091040 0.590563
vt 0.086766 0.595297
vt 0.325862 0.308682
vt 0.318504 0.253699
vt 0.324579 0.201007
vt 0.327157 0.183669
vt 0.328229 0.147832
vt 0.332439 0.121638
vt 0.331128 0.117086
vt 0.338196 0.090842
vt 0.344551 0.080524
vt 0.344051 0.077558
vt 0.343564 0.077257
vt 0.351503 0.074837
vt 0.355456 0.077833
vt 0.363211 0.094192
vt 0.383340 0.130734
vt 0.389159 0.145052
vt 0.386335 0.173252
vt 0.377124 0.190678
vt 0.376209 0.200548
vt 0.374593 0.218428
vt 0.395276 0.290456
vt 0.415666 0.313472
vt 0.421113 0.321960
vt 0.423682 0.326205
vt 0.425670 0.331400
vt 0.425204 0.332598
vt 0.414290 0.339346
vt 0.411379 0.339169
vt 0.395054 0.335103
vt 0.387115 0.332544
vt 0.366917 0.330045
vt 0.359281 0.329962
vt 0.354474 0.330154
s 0
usemtl マテリアル
f 371/1/1 373/2/1 372/3/1
f 371/1/1 374/4/1 373/2/1
f 370/5/1 374/4/1 371/1/1
f 370/5/1 375/6/1 374/4/1
f 369/7/1 375/6/1 370/5/1
f 357/8/1 359/9/1 358/10/1
f 368/11/1 375/6/1 369/7/1
f 367/12/1 375/6/1 368/11/1
f 356/13/1 359/9/1 357/8/1
f 363/14/1 365/15/1 364/16/1
f 356/13/1 360/17/1 359/9/1
f 362/18/1 365/15/1 363/14/1
f 366/19/1 375/6/1 367/12/1
f 362/18/1 366/19/1 365/15/1
f 355/20/1 360/17/1 356/13/1
f 362/18/1 375/6/1 366/19/1
f 362/18/1 376/21/1 375/6/1
f 355/20/1 361/22/1 360/17/1
f 361/22/1 376/21/1 362/18/1
f 354/23/1 361/22/1 355/20/1
f 361/22/1 377/24/1 376/21/1
f 339/25/1 341/26/1 340/27/1
f 339/25/1 342/28/1 341/26/1
f 354/23/1 377/24/1 361/22/1
f 338/29/1 342/28/1 339/25/1
f 354/23/1 378/30/1 377/24/1
f 338/29/1 343/31/1 342/28/1
f 337/32/1 343/31/1 338/29/1
f 336/33/1 343/31/1 337/32/1
f 354/23/1 379/34/1 378/30/1
f 335/35/1 343/31/1 336/33/1
f 380/36/1 382/37/1 381/38/1
f 354/23/1 380/36/1 379/34/1
f 354/23/1 382/37/1 380/36/1
f 334/39/1 343/31/1 335/35/1
f 353/40/1 382/37/1 354/23/1
f 346/41/1 348/42/1 347/43/1
f 345/44/1 348/42/1 346/41/1
f 345/44/1 349/45/1 348/42/1
f 352/46/1 382/37/1 353/40/1
f 333/47/1 343/31/1 334/39/1
f 344/48/1 349/45/1 345/44/1
f 333/47/1 344/48/1 343/31/1
f 351/49/1 382/37/1 352/46/1
f 344/48/1 350/50/1 349/45/1
f 332/51/1 344/48/1 333/47/1
f 332/51/1 350/50/1 344/48/1
f 350/50/1 382/37/1 351/49/1
f 332/51/1 382/37/1 350/50/1
f 331/52/1 382/37/1 332/51/1
f 330/53/1 382/37/1 331/52/1
f 322/54/1 324/55/1 323/56/1
f 321/57/1 324/55/1 322/54/1
f 321/57/1 325/58/1 324/55/1
f 329/59/1 382/37/1 330/53/1
f 321/57/1 326/60/1 325/58/1
f 329/59/1 383/61/1 382/37/1
f 320/62/1 326/60/1 321/57/1
f 320/62/1 327/63/1 326/60/1
f 328/64/1 383/61/1 329/59/1
f 320/62/1 328/64/1 327/63/1
f 320/62/1 383/61/1 328/64/1
f 319/65/1 383/61/1 320/62/1
f 319/65/1 384/66/1 383/61/1
f 319/65/1 385/67/1 384/66/1
f 318/68/1 385/67/1 319/65/1
f 318/68/1 386/69/1 385/67/1
f 314/70/1 316/71/1 315/72/1
f 317/73/1 386/69/1 318/68/1
f 313/74/1 316/71/1 314/70/1
f 313/74/1 317/73/1 316/71/1
f 313/74/1 386/69/1 317/73/1
f 312/75/1 386/69/1 313/74/1
f 312/75/1 387/76/1 386/69/1
f 312/75/1 388/77/1 387/76/1
f 311/78/1 388/77/1 312/75/1
f 310/79/1 388/77/1 311/78/1
f 310/79/1 389/80/1 388/77/1
f 309/81/1 389/80/1 310/79/1
f 308/82/1 389/80/1 309/81/1
f 307/83/1 389/80/1 308/82/1
f 307/83/1 390/84/1 389/80/1
f 306/85/1 390/84/1 307/83/1
f 305/86/1 390/84/1 306/85/1
f 304/87/1 390/84/1 305/86/1
f 304/87/1 391/88/1 390/84/1
f 303/89/1 391/88/1 304/87/1
f 303/89/1 392/90/1 391/88/1
f 302/91/1 392/90/1 303/89/1
f 301/92/1 392/90/1 302/91/1
f 301/92/1 393/93/1 392/90/1
f 300/94/1 393/93/1 301/92/1
f 300/94/1 394/95/1 393/93/1
f 299/96/1 394/95/1 300/94/1
f 299/96/1 1/97/1 394/95/1
f 299/96/1 2/98/1 1/97/1
f 299/96/1 3/99/1 2/98/1
f 298/100/1 3/99/1 299/96/1
f 298/100/1 4/101/1 3/99/1
f 297/102/1 4/101/1 298/100/1
f 297/102/1 5/103/1 4/101/1
f 296/104/1 5/103/1 297/102/1
f 296/104/1 6/105/1 5/103/1
f 295/106/1 6/105/1 296/104/1
f 295/106/1 7/107/1 6/105/1
f 295/106/1 8/108/1 7/107/1
f 294/109/1 8/108/1 295/106/1
f 294/109/1 9/110/1 8/108/1
f 293/111/1 9/110/1 294/109/1
f 293/111/1 10/112/1 9/110/1
f 292/113/1 10/112/1 293/111/1
f 292/113/1 11/114/1 10/112/1
f 291/115/1 11/114/1 292/113/1
f 290/116/1 11/114/1 291/115/1
f 237/117/1 11/114/1 290/116/1
f 236/118/1 11/114/1 237/117/1
f 290/116/1 238/119/1 237/117/1
f 289/120/1 238/119/1 290/116/1
f 289/120/1 239/121/1 238/119/1
f 289/120/1 240/122/1 239/121/1
f 235/123/1 11/114/1 236/118/1
f 289/120/1 241/124/1 240/122/1
f 289/120/1 242/125/1 241/124/1
f 234/126/1 11/114/1 235/123/1
f 289/120/1 243/127/1 242/125/1
f 288/128/1 243/127/1 289/120/1
f 288/128/1 244/129/1 243/127/1
f 233/130/1 11/114/1 234/126/1
f 288/128/1 257/131/1 244/129/1
f 257/131/1 245/132/1 244/129/1
f 288/128/1 258/133/1 257/131/1
f 256/134/1 245/132/1 257/131/1
f 255/135/2 245/132/2 256/134/2
f 254/136/1 245/132/1 255/135/1
f 253/137/1 245/132/1 254/136/1
f 252/138/1 245/132/1 253/137/1
f 251/139/1 245/132/1 252/138/1
f 250/140/2 245/132/2 251/139/2
f 249/141/1 245/132/1 250/140/1
f 248/142/1 245/132/1 249/141/1
f 247/143/1 245/132/1 248/142/1
f 246/144/1 245/132/1 247/143/1
f 287/145/1 258/133/1 288/128/1
f 287/145/1 259/146/1 258/133/1
f 232/147/1 11/114/1 233/130/1
f 287/145/1 260/148/1 259/146/1
f 287/145/1 269/149/1 260/148/1
f 268/150/1 260/148/1 269/149/1
f 268/150/1 261/151/1 260/148/1
f 287/145/1 270/152/1 269/149/1
f 231/153/1 11/114/1 232/147/1
f 287/145/1 280/154/1 270/152/1
f 229/155/1 11/114/1 231/153/1
f 231/153/1 230/156/1 229/155/1
f 228/157/1 11/114/1 229/155/1
f 286/158/1 280/154/1 287/145/1
f 279/159/1 270/152/1 280/154/1
f 264/160/1 261/151/1 268/150/1
f 227/161/1 11/114/1 228/157/1
f 279/159/1 271/162/1 270/152/1
f 268/150/1 265/163/1 264/160/1
f 263/164/1 261/151/1 264/160/1
f 267/165/1 265/163/1 268/150/1
f 286/158/1 281/166/1 280/154/1
f 267/165/1 266/167/1 265/163/1
f 278/168/1 271/162/1 279/159/1
f 263/164/1 262/169/1 261/151/1
f 278/168/1 272/170/1 271/162/1
f 226/171/1 11/114/1 227/161/1
f 226/171/1 12/172/1 11/114/1
f 278/168/1 273/173/1 272/170/1
f 278/168/1 274/174/1 273/173/1
f 286/158/1 282/175/1 281/166/1
f 285/176/1 282/175/1 286/158/1
f 278/168/1 275/177/1 274/174/1
f 277/178/1 275/177/1 278/168/1
f 225/179/1 12/172/1 226/171/1
f 277/178/1 276/180/1 275/177/1
f 284/181/1 282/175/1 285/176/1
f 284/181/1 283/182/1 282/175/1
f 224/183/1 12/172/1 225/179/1
f 223/184/1 12/172/1 224/183/1
f 222/185/1 12/172/1 223/184/1
f 221/186/1 12/172/1 222/185/1
f 220/187/1 12/172/1 221/186/1
f 219/188/1 12/172/1 220/187/1
f 219/188/1 13/189/1 12/172/1
f 218/190/1 13/189/1 219/188/1
f 218/190/1 14/191/1 13/189/1
f 217/192/1 14/191/1 218/190/1
f 217/192/1 15/193/1 14/191/1
f 216/194/1 15/193/1 217/192/1
f 216/194/1 16/195/1 15/193/1
f 215/196/1 16/195/1 216/194/1
f 180/197/1 182/198/1 181/199/1
f 180/197/1 183/200/1 182/198/1
f 214/201/1 16/195/1 215/196/1
f 180/197/1 184/202/1 183/200/1
f 180/197/1 185/203/1 184/202/1
f 214/201/1 17/204/1 16/195/1
f 180/197/1 186/205/1 185/203/1
f 179/206/1 186/205/1 180/197/1
f 213/207/1 17/204/1 214/201/1
f 179/206/1 187/208/1 186/205/1
f 179/206/1 188/209/1 187/208/1
f 213/207/1 18/210/1 17/204/1
f 178/211/1 188/209/1 179/206/1
f 212/212/1 18/210/1 213/207/1
f 177/213/1 188/209/1 178/211/1
f 177/213/1 189/214/1 188/209/1
f 176/215/1 189/214/1 177/213/1
f 211/216/1 18/210/1 212/212/1
f 175/217/1 189/214/1 176/215/1
f 175/217/1 190/218/1 189/214/1
f 174/219/1 190/218/1 175/217/1
f 211/216/1 19/220/1 18/210/1
f 173/221/1 190/218/1 174/219/1
f 172/222/1 190/218/1 173/221/1
f 171/223/1 190/218/1 172/222/1
f 210/224/1 19/220/1 211/216/1
f 171/223/1 191/225/1 190/218/1
f 170/226/1 191/225/1 171/223/1
f 169/227/1 191/225/1 170/226/1
f 209/228/1 19/220/1 210/224/1
f 209/228/1 20/229/1 19/220/1
f 168/230/1 191/225/1 169/227/1
f 168/230/1 192/231/1 191/225/1
f 208/232/1 20/229/1 209/228/1
f 167/233/1 192/231/1 168/230/1
f 207/234/1 20/229/1 208/232/1
f 167/233/1 193/235/1 192/231/1
f 166/236/1 193/235/1 167/233/1
f 206/237/1 20/229/1 207/234/1
f 206/237/1 21/238/1 20/229/1
f 166/236/1 194/239/1 193/235/1
f 205/240/1 21/238/1 206/237/1
f 166/236/1 195/241/1 194/239/1
f 204/242/1 21/238/1 205/240/1
f 204/242/1 22/243/1 21/238/1
f 166/236/1 196/244/1 195/241/1
f 204/242/1 23/245/1 22/243/1
f 166/236/1 197/246/1 196/244/1
f 203/247/1 23/245/1 204/242/1
f 202/248/1 23/245/1 203/247/1
f 201/249/1 23/245/1 202/248/1
f 201/249/1 24/250/1 23/245/1
f 166/236/1 198/251/1 197/246/1
f 200/252/1 24/250/1 201/249/1
f 166/236/1 199/253/1 198/251/1
f 199/253/1 24/250/1 200/252/1
f 199/253/1 25/254/1 24/250/1
f 166/236/1 25/254/1 199/253/1
f 165/255/1 25/254/1 166/236/1
f 165/255/1 26/256/1 25/254/1
f 164/257/1 26/256/1 165/255/1
f 163/258/1 26/256/1 164/257/1
f 163/258/1 27/259/1 26/256/1
f 163/258/1 28/260/1 27/259/1
f 162/261/1 28/260/1 163/258/1
f 162/261/1 29/262/1 28/260/1
f 162/261/1 30/263/1 29/262/1
f 162/261/1 31/264/1 30/263/1
f 161/265/1 31/264/1 162/261/1
f 161/265/1 32/266/1 31/264/1
f 160/267/1 32/266/1 161/265/1
f 160/267/1 33/268/1 32/266/1
f 160/267/1 34/269/1 33/268/1
f 159/270/1 34/269/1 160/267/1
f 159/270/1 35/271/1 34/269/1
f 158/272/1 35/271/1 159/270/1
f 158/272/1 36/273/1 35/271/1
f 157/274/1 36/273/1 158/272/1
f 157/274/1 37/275/1 36/273/1
f 156/276/1 37/275/1 157/274/1
f 155/277/1 37/275/1 156/276/1
f 154/278/1 37/275/1 155/277/1
f 154/278/1 38/279/1 37/275/1
f 153/280/1 38/279/1 154/278/1
f 152/281/1 38/279/1 153/280/1
f 152/281/1 39/282/1 38/279/1
f 152/281/1 40/283/1 39/282/1
f 151/284/1 40/283/1 152/281/1
f 151/284/1 41/285/1 40/283/1
f 150/286/1 41/285/1 151/284/1
f 150/286/1 42/287/1 41/285/1
f 150/286/1 43/288/1 42/287/1
f 149/289/1 43/288/1 150/286/1
f 149/289/1 44/290/1 43/288/1
f 149/289/1 45/291/1 44/290/1
f 149/289/1 46/292/1 45/291/1
f 149/289/1 47/293/1 46/292/1
f 148/294/1 47/293/1 149/289/1
f 147/295/1 47/293/1 148/294/1
f 147/295/1 48/296/1 47/293/1
f 147/295/1 49/297/1 48/296/1
f 146/298/1 49/297/1 147/295/1
f 146/298/1 50/299/1 49/297/1
f 145/300/1 50/299/1 146/298/1
f 145/300/1 51/301/1 50/299/1
f 144/302/1 51/301/1 145/300/1
f 143/303/1 51/301/1 144/302/1
f 142/304/1 51/301/1 143/303/1
f 142/304/1 52/305/1 51/301/1
f 141/306/1 52/305/1 142/304/1
f 140/307/1 52/305/1 141/306/1
f 140/307/1 53/308/1 52/305/1
f 139/309/1 53/308/1 140/307/1
f 139/309/1 54/310/1 53/308/1
f 138/311/1 54/310/1 139/309/1
f 138/311/1 55/312/1 54/310/1
f 138/311/1 56/313/1 55/312/1
f 138/311/1 57/314/1 56/313/1
f 138/311/1 58/315/1 57/314/1
f 137/316/1 58/315/1 138/311/1
f 137/316/1 59/317/1 58/315/1
f 137/316/1 60/318/1 59/317/1
f 137/316/1 61/319/1 60/318/1
f 136/320/1 61/319/1 137/316/1
f 136/320/1 62/321/1 61/319/1
f 136/320/1 63/322/1 62/321/1
f 135/323/1 63/322/1 136/320/1
f 134/324/1 63/322/1 135/323/1
f 134/324/1 64/325/1 63/322/1
f 133/326/1 64/325/1 134/324/1
f 133/326/1 65/327/1 64/325/1
f 132/328/1 65/327/1 133/326/1
f 132/328/1 66/329/1 65/327/1
f 132/328/1 67/330/1 66/329/1
f 131/331/1 67/330/1 132/328/1
f 131/331/1 68/332/1 67/330/1
f 131/331/1 69/333/1 68/332/1
f 130/334/1 69/333/1 131/331/1
f 130/334/1 70/335/1 69/333/1
f 130/334/1 71/336/1 70/335/1
f 130/334/1 72/337/1 71/336/1
f 129/338/1 72/337/1 130/334/1
f 128/339/1 72/337/1 129/338/1
f 127/340/1 72/337/1 128/339/1
f 127/340/1 73/341/1 72/337/1
f 126/342/1 73/341/1 127/340/1
f 125/343/1 73/341/1 126/342/1
f 125/343/1 74/344/1 73/341/1
f 124/345/1 74/344/1 125/343/1
f 123/346/1 74/344/1 124/345/1
f 122/347/1 74/344/1 123/346/1
f 121/348/1 74/344/1 122/347/1
f 121/348/1 75/349/1 74/344/1
f 120/350/1 75/349/1 121/348/1
f 119/351/1 75/349/1 120/350/1
f 118/352/1 75/349/1 119/351/1
f 118/352/1 76/353/1 75/349/1
f 117/354/1 76/353/1 118/352/1
f 117/354/1 77/355/1 76/353/1
f 117/354/1 78/356/1 77/355/1
f 116/357/1 78/356/1 117/354/1
f 115/358/1 78/356/1 116/357/1
f 115/358/1 79/359/1 78/356/1
f 115/358/1 80/360/1 79/359/1
f 114/361/1 80/360/1 115/358/1
f 114/361/1 81/362/1 80/360/1
f 114/361/1 82/363/1 81/362/1
f 113/364/1 82/363/1 114/361/1
f 113/364/1 83/365/1 82/363/1
f 112/366/1 83/365/1 113/364/1
f 112/366/1 84/367/1 83/365/1
f 112/366/1 85/368/1 84/367/1
f 111/369/1 85/368/1 112/366/1
f 111/369/1 86/370/1 85/368/1
f 110/371/1 86/370/1 111/369/1
f 110/371/1 87/372/1 86/370/1
f 110/371/1 88/373/1 87/372/1
f 109/374/1 88/373/1 110/371/1
f 108/375/1 88/373/1 109/374/1
f 107/376/1 88/373/1 108/375/1
f 107/376/1 89/377/1 88/373/1
f 106/378/1 89/377/1 107/376/1
f 105/379/1 89/377/1 106/378/1
f 104/380/1 89/377/1 105/379/1
f 102/381/1 89/377/1 104/380/1
f 101/382/1 89/377/1 102/381/1
f 101/382/1 90/383/1 89/377/1
f 104/380/1 103/384/1 102/381/1
f 100/385/1 90/383/1 101/382/1
f 99/386/1 90/383/1 100/385/1
f 99/386/1 91/387/1 90/383/1
f 98/388/1 91/387/1 99/386/1
f 98/388/1 92/389/1 91/387/1
f 98/388/1 93/390/1 92/389/1
f 98/388/1 94/391/1 93/390/1
f 97/392/1 94/391/1 98/388/1
f 96/393/1 94/391/1 97/392/1
f 96/393/1 95/394/1 94/391/1
f 502/395/1 504/396/1 503/397/1
f 502/395/1 505/398/1 504/396/1
f 501/399/1 505/398/1 502/395/1
f 501/399/1 506/400/1 505/398/1
f 501/399/1 507/401/1 506/400/1
f 500/402/1 507/401/1 501/399/1
f 496/403/1 498/404/1 497/405/1
f 500/402/1 508/406/1 507/401/1
f 496/403/1 499/407/1 498/404/1
f 495/408/1 499/407/1 496/403/1
f 495/408/1 500/402/1 499/407/1
f 495/408/1 508/406/1 500/402/1
f 494/409/1 508/406/1 495/408/1
f 493/410/1 508/406/1 494/409/1
f 492/411/1 508/406/1 493/410/1
f 491/412/1 508/406/1 492/411/1
f 490/413/1 508/406/1 491/412/1
f 490/413/1 509/414/1 508/406/1
f 489/415/1 509/414/1 490/413/1
f 485/416/1 487/417/1 486/418/1
f 485/416/1 488/419/1 487/417/1
f 488/419/1 509/414/1 489/415/1
f 484/420/1 488/419/1 485/416/1
f 484/420/1 509/414/1 488/419/1
f 483/421/1 509/414/1 484/420/1
f 482/422/1 509/414/1 483/421/1
f 481/423/1 509/414/1 482/422/1
f 480/424/1 509/414/1 481/423/1
f 479/425/1 509/414/1 480/424/1
f 478/426/1 509/414/1 479/425/1
f 477/427/1 509/414/1 478/426/1
f 476/428/1 509/414/1 477/427/1
f 476/428/1 510/429/1 509/414/1
f 475/430/1 510/429/1 476/428/1
f 474/431/1 510/429/1 475/430/1
f 474/431/1 511/432/1 510/429/1
f 473/433/1 511/432/1 474/431/1
f 473/433/1 512/434/1 511/432/1
f 473/433/1 513/435/1 512/434/1
f 472/436/1 513/435/1 473/433/1
f 472/436/1 514/437/1 513/435/1
f 472/436/1 515/438/1 514/437/1
f 472/436/1 516/439/1 515/438/1
f 471/440/1 516/439/1 472/436/1
f 470/441/1 516/439/1 471/440/1
f 470/441/1 517/442/1 516/439/1
f 469/443/1 517/442/1 470/441/1
f 469/443/1 518/444/1 517/442/1
f 469/443/1 519/445/1 518/444/1
f 468/446/1 519/445/1 469/443/1
f 639/447/1 641/448/1 640/449/1
f 638/450/1 641/448/1 639/447/1
f 638/450/1 642/451/1 641/448/1
f 468/446/1 520/452/1 519/445/1
f 467/453/1 520/452/1 468/446/1
f 638/450/1 643/454/1 642/451/1
f 637/455/1 643/454/1 638/450/1
f 637/455/1 644/456/1 643/454/1
f 622/457/1 624/458/1 623/459/1
f 621/460/1 624/458/1 622/457/1
f 632/461/1 634/462/1 633/463/1
f 620/464/1 624/458/1 621/460/1
f 620/464/1 625/465/1 624/458/1
f 631/466/1 634/462/1 632/461/1
f 636/467/1 644/456/1 637/455/1
f 631/466/1 635/468/1 634/462/1
f 467/453/1 521/469/1 520/452/1
f 619/470/1 625/465/1 620/464/1
f 636/467/1 645/471/1 644/456/1
f 631/466/1 636/467/1 635/468/1
f 619/470/1 626/472/1 625/465/1
f 630/473/1 636/467/1 631/466/1
f 618/474/1 626/472/1 619/470/1
f 630/473/1 645/471/1 636/467/1
f 618/474/1 627/475/1 626/472/1
f 629/476/1 645/471/1 630/473/1
f 617/477/1 627/475/1 618/474/1
f 466/478/1 521/469/1 467/453/1
f 617/477/1 628/479/1 627/475/1
f 628/479/1 645/471/1 629/476/1
f 617/477/1 645/471/1 628/479/1
f 466/478/1 522/480/1 521/469/1
f 617/477/1 646/481/1 645/471/1
f 617/477/1 647/482/1 646/481/1
f 465/483/1 522/480/1 466/478/1
f 617/477/1 648/484/1 647/482/1
f 464/485/1 522/480/1 465/483/1
f 617/477/1 649/486/1 648/484/1
f 464/485/1 523/487/1 522/480/1
f 463/488/1 523/487/1 464/485/1
f 617/477/1 650/489/1 649/486/1
f 463/488/1 524/490/1 523/487/1
f 462/491/1 524/490/1 463/488/1
f 617/477/1 651/492/1 650/489/1
f 462/491/1 525/493/1 524/490/1
f 461/494/1 525/493/1 462/491/1
f 617/477/1 652/495/1 651/492/1
f 461/494/1 526/496/1 525/493/1
f 460/497/1 526/496/1 461/494/1
f 617/477/1 653/498/1 652/495/1
f 460/497/1 527/499/1 526/496/1
f 616/500/1 653/498/1 617/477/1
f 616/500/1 654/501/1 653/498/1
f 459/502/1 527/499/1 460/497/1
f 458/503/1 527/499/1 459/502/1
f 616/500/1 655/504/1 654/501/1
f 458/503/1 395/505/1 527/499/1
f 615/506/1 655/504/1 616/500/1
f 615/506/1 656/507/1 655/504/1
f 458/503/1 396/508/1 395/505/1
f 615/506/1 657/509/1 656/507/1
f 458/503/1 397/510/1 396/508/1
f 458/503/1 398/511/1 397/510/1
f 614/512/1 657/509/1 615/506/1
f 458/503/1 399/513/1 398/511/1
f 457/514/1 399/513/1 458/503/1
f 457/514/1 400/515/1 399/513/1
f 457/514/1 401/516/1 400/515/1
f 613/517/1 657/509/1 614/512/1
f 457/514/1 402/518/1 401/516/1
f 613/517/1 658/519/1 657/509/1
f 456/520/1 402/518/1 457/514/1
f 612/521/1 658/519/1 613/517/1
f 612/521/1 659/522/1 658/519/1
f 612/521/1 660/523/1 659/522/1
f 456/520/1 403/524/1 402/518/1
f 611/525/1 660/523/1 612/521/1
f 611/525/1 661/526/1 660/523/1
f 455/527/1 403/524/1 456/520/1
f 610/528/1 661/526/1 611/525/1
f 610/528/1 662/529/1 661/526/1
f 610/528/1 663/530/1 662/529/1
f 455/527/1 404/531/1 403/524/1
f 609/532/1 663/530/1 610/528/1
f 609/532/1 664/533/1 663/530/1
f 454/534/1 404/531/1 455/527/1
f 454/534/1 405/535/1 404/531/1
f 608/536/1 664/533/1 609/532/1
f 607/537/1 664/533/1 608/536/1
f 607/537/1 665/538/1 664/533/1
f 606/539/1 665/538/1 607/537/1
f 454/534/1 406/540/1 405/535/1
f 453/541/1 406/540/1 454/534/1
f 605/542/1 665/538/1 606/539/1
f 605/542/1 666/543/1 665/538/1
f 604/544/1 666/543/1 605/542/1
f 604/544/1 667/545/1 666/543/1
f 453/541/1 407/546/1 406/540/1
f 452/547/1 407/546/1 453/541/1
f 604/544/1 668/548/1 667/545/1
f 452/547/1 408/549/1 407/546/1
f 604/544/1 669/550/1 668/548/1
f 451/551/1 408/549/1 452/547/1
f 451/551/1 409/552/1 408/549/1
f 603/553/1 669/550/1 604/544/1
f 451/551/1 410/554/1 409/552/1
f 451/551/1 411/555/1 410/554/1
f 603/553/1 670/556/1 669/550/1
f 450/557/1 411/555/1 451/551/1
f 450/557/1 412/558/1 411/555/1
f 602/559/1 670/556/1 603/553/1
f 450/557/1 413/560/1 412/558/1
f 602/559/1 671/561/1 670/556/1
f 450/557/1 414/562/1 413/560/1
f 601/563/1 671/561/1 602/559/1
f 450/557/1 415/564/1 414/562/1
f 600/565/1 671/561/1 601/563/1
f 600/565/1 672/566/1 671/561/1
f 450/557/1 416/567/1 415/564/1
f 600/565/1 673/568/1 672/566/1
f 599/569/1 673/568/1 600/565/1
f 450/557/1 417/570/1 416/567/1
f 598/571/1 673/568/1 599/569/1
f 450/557/1 418/572/1 417/570/1
f 597/573/1 673/568/1 598/571/1
f 449/574/1 418/572/1 450/557/1
f 449/574/1 419/575/1 418/572/1
f 449/574/1 420/576/1 419/575/1
f 596/577/1 673/568/1 597/573/1
f 449/574/1 423/578/1 420/576/1
f 449/574/1 424/579/1 423/578/1
f 422/580/1 420/576/1 423/578/1
f 422/580/1 421/581/1 420/576/1
f 449/574/1 425/582/1 424/579/1
f 449/574/1 426/583/1 425/582/1
f 448/584/1 426/583/1 449/574/1
f 448/584/1 427/585/1 426/583/1
f 447/586/1 427/585/1 448/584/1
f 447/586/1 428/587/1 427/585/1
f 595/588/1 673/568/1 596/577/1
f 595/588/1 674/589/1 673/568/1
f 446/590/1 428/587/1 447/586/1
f 446/590/1 429/591/1 428/587/1
f 445/592/1 429/591/1 446/590/1
f 444/593/1 429/591/1 445/592/1
f 444/593/1 430/594/1 429/591/1
f 443/595/1 430/594/1 444/593/1
f 442/596/1 430/594/1 443/595/1
f 594/597/1 674/589/1 595/588/1
f 442/596/1 431/598/1 430/594/1
f 441/599/1 431/598/1 442/596/1
f 441/599/1 432/600/1 431/598/1
f 594/597/1 675/601/1 674/589/1
f 441/599/1 433/602/1 432/600/1
f 440/603/1 433/602/1 441/599/1
f 440/603/3 434/604/3 433/602/3
f 440/603/1 435/605/1 434/604/1
f 439/606/1 435/605/1 440/603/1
f 438/607/1 435/605/1 439/606/1
f 437/608/1 435/605/1 438/607/1
f 437/608/1 436/609/1 435/605/1
f 593/610/1 675/601/1 594/597/1
f 593/610/1 676/611/1 675/601/1
f 592/612/1 676/611/1 593/610/1
f 592/612/1 677/613/1 676/611/1
f 592/612/1 678/614/1 677/613/1
f 591/615/1 678/614/1 592/612/1
f 591/615/1 679/616/1 678/614/1
f 590/617/1 679/616/1 591/615/1
f 589/618/1 679/616/1 590/617/1
f 588/619/1 679/616/1 589/618/1
f 587/620/1 679/616/1 588/619/1
f 586/621/1 679/616/1 587/620/1
f 585/622/1 679/616/1 586/621/1
f 584/623/1 679/616/1 585/622/1
f 583/624/1 679/616/1 584/623/1
f 582/625/1 679/616/1 583/624/1
f 582/625/1 680/626/1 679/616/1
f 581/627/1 680/626/1 582/625/1
f 580/628/1 680/626/1 581/627/1
f 580/628/1 681/629/1 680/626/1
f 579/630/1 681/629/1 580/628/1
f 578/631/1 681/629/1 579/630/1
f 578/631/1 682/632/1 681/629/1
f 577/633/1 682/632/1 578/631/1
f 576/634/1 682/632/1 577/633/1
f 575/635/1 682/632/1 576/634/1
f 574/636/1 682/632/1 575/635/1
f 573/637/1 682/632/1 574/636/1
f 572/638/1 682/632/1 573/637/1
f 572/638/1 683/639/1 682/632/1
f 571/640/1 683/639/1 572/638/1
f 570/641/1 683/639/1 571/640/1
f 569/642/1 683/639/1 570/641/1
f 568/643/1 683/639/1 569/642/1
f 568/643/1 684/644/1 683/639/1
f 568/643/1 685/645/1 684/644/1
f 567/646/1 685/645/1 568/643/1
f 567/646/1 686/647/1 685/645/1
f 567/646/1 687/648/1 686/647/1
f 566/649/1 687/648/1 567/646/1
f 565/650/1 687/648/1 566/649/1
f 565/650/1 688/651/1 687/648/1
f 564/652/1 688/651/1 565/650/1
f 564/652/1 689/653/1 688/651/1
f 563/654/1 689/653/1 564/652/1
f 563/654/1 690/655/1 689/653/1
f 562/656/1 690/655/1 563/654/1
f 561/657/1 690/655/1 562/656/1
f 561/657/1 691/658/1 690/655/1
f 560/659/1 691/658/1 561/657/1
f 559/660/1 691/658/1 560/659/1
f 559/660/1 692/661/1 691/658/1
f 558/662/1 692/661/1 559/660/1
f 557/663/1 692/661/1 558/662/1
f 557/663/1 693/664/1 692/661/1
f 556/665/1 693/664/1 557/663/1
f 555/666/1 693/664/1 556/665/1
f 555/666/1 694/667/1 693/664/1
f 554/668/1 694/667/1 555/666/1
f 554/668/1 695/669/1 694/667/1
f 553/670/1 695/669/1 554/668/1
f 553/670/1 696/671/1 695/669/1
f 553/670/1 697/672/1 696/671/1
f 552/673/1 697/672/1 553/670/1
f 551/674/1 697/672/1 552/673/1
f 551/674/1 698/675/1 697/672/1
f 550/676/1 698/675/1 551/674/1
f 549/677/1 698/675/1 550/676/1
f 548/678/1 698/675/1 549/677/1
f 548/678/1 699/679/1 698/675/1
f 547/680/1 699/679/1 548/678/1
f 547/680/1 528/681/1 699/679/1
f 546/682/1 528/681/1 547/680/1
f 546/682/1 529/683/1 528/681/1
f 545/684/1 529/683/1 546/682/1
f 544/685/1 529/683/1 545/684/1
f 543/686/1 529/683/1 544/685/1
f 543/686/1 530/687/1 529/683/1
f 542/688/1 530/687/1 543/686/1
f 541/689/1 530/687/1 542/688/1
f 540/690/1 530/687/1 541/689/1
f 539/691/1 530/687/1 540/690/1
f 538/692/1 530/687/1 539/691/1
f 538/692/1 531/693/1 530/687/1
f 537/694/1 531/693/1 538/692/1
f 536/695/1 531/693/1 537/694/1
f 536/695/1 532/696/1 531/693/1
f 535/697/1 532/696/1 536/695/1
f 535/697/1 533/698/1 532/696/1
f 534/699/1 533/698/1 535/697/1
f 955/700/1 957/701/1 956/702/1
f 955/700/1 958/703/1 957/701/1
f 955/700/1 959/704/1 958/703/1
f 955/700/1 960/705/1 959/704/1
f 954/706/1 960/705/1 955/700/1
f 954/706/1 961/707/1 960/705/1
f 954/706/1 962/708/1 961/707/1
f 954/706/1 963/709/1 962/708/1
f 953/710/1 963/709/1 954/706/1
f 953/710/1 964/711/1 963/709/1
f 953/710/1 965/712/1 964/711/1
f 953/710/1 966/713/1 965/712/1
f 952/714/1 966/713/1 953/710/1
f 952/714/1 967/715/1 966/713/1
f 952/714/1 968/716/1 967/715/1
f 951/717/1 968/716/1 952/714/1
f 951/717/1 969/718/1 968/716/1
f 951/717/1 970/719/1 969/718/1
f 973/720/1 975/721/1 974/722/1
f 972/723/1 975/721/1 973/720/1
f 951/717/1 971/724/1 970/719/1
f 971/724/1 975/721/1 972/723/1
f 951/717/1 975/721/1 971/724/1
f 950/725/1 975/721/1 951/717/1
f 950/725/1 976/726/1 975/721/1
f 950/725/1 977/727/1 976/726/1
f 949/728/1 977/727/1 950/725/1
f 949/728/1 978/729/1 977/727/1
f 949/728/1 979/730/1 978/729/1
f 949/728/1 980/731/1 979/730/1
f 948/732/1 980/731/1 949/728/1
f 948/732/1 981/733/1 980/731/1
f 948/732/1 982/734/1 981/733/1
f 948/732/1 983/735/1 982/734/1
f 947/736/1 983/735/1 948/732/1
f 946/737/1 983/735/1 947/736/1
f 946/737/1 984/738/1 983/735/1
f 946/737/1 985/739/1 984/738/1
f 945/740/1 985/739/1 946/737/1
f 944/741/1 985/739/1 945/740/1
f 944/741/1 986/742/1 985/739/1
f 943/743/1 986/742/1 944/741/1
f 943/743/1 987/744/1 986/742/1
f 943/743/1 988/745/1 987/744/1
f 942/746/1 988/745/1 943/743/1
f 942/746/1 989/747/1 988/745/1
f 941/748/1 989/747/1 942/746/1
f 941/748/1 990/749/1 989/747/1
f 940/750/1 990/749/1 941/748/1
f 940/750/1 991/751/1 990/749/1
f 940/750/1 992/752/1 991/751/1
f 939/753/1 992/752/1 940/750/1
f 939/753/1 993/754/1 992/752/1
f 939/753/1 994/755/1 993/754/1
f 939/753/1 995/756/1 994/755/1
f 938/757/1 995/756/1 939/753/1
f 938/757/1 996/758/1 995/756/1
f 938/757/1 997/759/1 996/758/1
f 938/757/1 998/760/1 997/759/1
f 937/761/1 998/760/1 938/757/1
f 937/761/1 999/762/1 998/760/1
f 936/763/1 999/762/1 937/761/1
f 936/763/1 1000/764/1 999/762/1
f 935/765/1 1000/764/1 936/763/1
f 935/765/1 1001/766/1 1000/764/1
f 935/765/1 1002/767/1 1001/766/1
f 935/765/1 1003/768/1 1002/767/1
f 935/765/1 1004/769/1 1003/768/1
f 935/765/1 1005/770/1 1004/769/1
f 935/765/1 1006/771/1 1005/770/1
f 935/765/1 1007/772/1 1006/771/1
f 934/773/1 1007/772/1 935/765/1
f 933/774/1 1007/772/1 934/773/1
f 933/774/1 1008/775/1 1007/772/1
f 933/774/1 1009/776/1 1008/775/1
f 933/774/1 1010/777/1 1009/776/1
f 932/778/1 1010/777/1 933/774/1
f 932/778/1 1011/779/1 1010/777/1
f 932/778/1 1012/780/1 1011/779/1
f 932/778/1 1013/781/1 1012/780/1
f 931/782/1 1013/781/1 932/778/1
f 931/782/1 1014/783/1 1013/781/1
f 930/784/1 1014/783/1 931/782/1
f 930/784/1 1015/785/1 1014/783/1
f 929/786/1 1015/785/1 930/784/1
f 929/786/1 1016/787/1 1015/785/1
f 928/788/1 1016/787/1 929/786/1
f 928/788/1 1017/789/1 1016/787/1
f 927/790/1 1017/789/1 928/788/1
f 927/790/1 1018/791/1 1017/789/1
f 926/792/1 1018/791/1 927/790/1
f 926/792/1 1019/793/1 1018/791/1
f 926/792/1 1020/794/1 1019/793/1
f 926/792/1 700/795/1 1020/794/1
f 926/792/1 701/796/1 700/795/1
f 925/797/1 701/796/1 926/792/1
f 925/797/1 702/798/1 701/796/1
f 925/797/1 703/799/1 702/798/1
f 924/800/1 703/799/1 925/797/1
f 924/800/1 704/801/1 703/799/1
f 924/800/1 705/802/1 704/801/1
f 924/800/1 706/803/1 705/802/1
f 923/804/1 706/803/1 924/800/1
f 922/805/1 706/803/1 923/804/1
f 922/805/1 707/806/1 706/803/1
f 921/807/1 707/806/1 922/805/1
f 921/807/1 708/808/1 707/806/1
f 920/809/1 708/808/1 921/807/1
f 920/809/1 709/810/1 708/808/1
f 919/811/1 709/810/1 920/809/1
f 918/812/1 709/810/1 919/811/1
f 917/813/1 709/810/1 918/812/1
f 917/813/1 710/814/1 709/810/1
f 916/815/1 710/814/1 917/813/1
f 915/816/1 710/814/1 916/815/1
f 872/817/1 710/814/1 915/816/1
f 871/818/1 710/814/1 872/817/1
f 915/816/1 873/819/1 872/817/1
f 871/818/1 711/820/1 710/814/1
f 870/821/1 711/820/1 871/818/1
f 915/816/1 874/822/1 873/819/1
f 869/823/1 711/820/1 870/821/1
f 914/824/1 874/822/1 915/816/1
f 914/824/1 875/825/1 874/822/1
f 868/826/1 711/820/1 869/823/1
f 868/826/1 712/827/1 711/820/1
f 867/828/1 712/827/1 868/826/1
f 914/824/1 876/829/1 875/825/1
f 866/830/1 712/827/1 867/828/1
f 914/824/1 877/831/1 876/829/1
f 913/832/1 877/831/1 914/824/1
f 865/833/1 712/827/1 866/830/1
f 864/834/1 712/827/1 865/833/1
f 864/834/1 713/835/1 712/827/1
f 863/836/1 713/835/1 864/834/1
f 862/837/1 713/835/1 863/836/1
f 912/838/1 877/831/1 913/832/1
f 912/838/1 878/839/1 877/831/1
f 861/840/1 713/835/1 862/837/1
f 860/841/1 713/835/1 861/840/1
f 911/842/1 878/839/1 912/838/1
f 857/843/1 713/835/1 860/841/1
f 856/844/1 713/835/1 857/843/1
f 911/842/1 879/845/1 878/839/1
f 860/841/1 858/846/1 857/843/1
f 855/847/1 713/835/1 856/844/1
f 854/848/1 713/835/1 855/847/1
f 910/849/1 879/845/1 911/842/1
f 859/850/1 858/846/1 860/841/1
f 852/851/1 713/835/1 854/848/1
f 854/848/1 853/852/1 852/851/1
f 851/853/1 713/835/1 852/851/1
f 851/853/1 714/854/1 713/835/1
f 850/855/1 714/854/1 851/853/1
f 909/856/1 879/845/1 910/849/1
f 849/857/1 714/854/1 850/855/1
f 848/858/1 714/854/1 849/857/1
f 909/856/1 880/859/1 879/845/1
f 848/858/1 715/860/1 714/854/1
f 908/861/1 880/859/1 909/856/1
f 847/862/1 715/860/1 848/858/1
f 846/863/1 715/860/1 847/862/1
f 846/863/1 716/864/1 715/860/1
f 845/865/1 716/864/1 846/863/1
f 908/861/1 881/866/1 880/859/1
f 844/867/1 716/864/1 845/865/1
f 908/861/1 905/868/1 881/866/1
f 905/868/1 906/869/1 881/866/1
f 906/869/1 904/870/1 881/866/1
f 904/870/1 882/871/1 881/866/1
f 844/867/1 717/872/1 716/864/1
f 905/873/1 906/869/1 904/870/1
f 908/861/4 906/874/4 905/868/4
f 908/861/1 907/875/1 906/874/1
f 903/876/1 882/871/1 904/870/1
f 902/877/1 882/871/1 903/876/1
f 844/867/1 718/878/1 717/872/1
f 901/879/1 882/871/1 902/877/1
f 900/880/1 882/871/1 901/879/1
f 843/881/1 718/878/1 844/867/1
f 900/880/1 883/882/1 882/871/1
f 899/883/1 883/882/1 900/880/1
f 843/881/1 719/884/1 718/878/1
f 898/885/1 883/882/1 899/883/1
f 842/886/1 719/884/1 843/881/1
f 897/887/1 883/882/1 898/885/1
f 896/888/1 883/882/1 897/887/1
f 842/886/1 720/889/1 719/884/1
f 895/890/1 883/882/1 896/888/1
f 894/891/1 883/882/1 895/890/1
f 893/892/1 883/882/1 894/891/1
f 842/886/1 721/893/1 720/889/1
f 893/892/1 884/894/1 883/882/1
f 892/895/1 884/894/1 893/892/1
f 841/896/1 721/893/1 842/886/1
f 841/896/1 722/897/1 721/893/1
f 892/895/1 885/898/1 884/894/1
f 841/896/1 723/899/1 722/897/1
f 891/900/1 885/898/1 892/895/1
f 891/900/1 886/901/1 885/898/1
f 891/900/1 887/902/1 886/901/1
f 890/903/1 887/902/1 891/900/1
f 841/896/1 724/904/1 723/899/1
f 840/905/1 724/904/1 841/896/1
f 890/903/1 888/906/1 887/902/1
f 889/907/1 888/906/1 890/903/1
f 840/905/1 725/908/1 724/904/1
f 840/905/1 726/909/1 725/908/1
f 840/905/1 727/910/1 726/909/1
f 840/905/1 728/911/1 727/910/1
f 839/912/1 728/911/1 840/905/1
f 839/912/1 729/913/1 728/911/1
f 838/914/1 729/913/1 839/912/1
f 837/915/1 729/913/1 838/914/1
f 837/915/1 730/916/1 729/913/1
f 836/917/1 730/916/1 837/915/1
f 836/917/1 731/918/1 730/916/1
f 835/919/1 731/918/1 836/917/1
f 834/920/1 731/918/1 835/919/1
f 833/921/1 731/918/1 834/920/1
f 832/922/1 731/918/1 833/921/1
f 831/923/1 731/918/1 832/922/1
f 831/923/1 732/924/1 731/918/1
f 831/923/1 733/925/1 732/924/1
f 830/926/1 733/925/1 831/923/1
f 829/927/1 733/925/1 830/926/1
f 828/928/1 733/925/1 829/927/1
f 828/928/1 734/929/1 733/925/1
f 827/930/1 734/929/1 828/928/1
f 827/930/1 735/931/1 734/929/1
f 826/932/1 735/931/1 827/930/1
f 825/933/1 735/931/1 826/932/1
f 825/933/1 736/934/1 735/931/1
f 825/933/1 737/935/1 736/934/1
f 824/936/1 737/935/1 825/933/1
f 823/937/1 737/935/1 824/936/1
f 823/937/1 738/938/1 737/935/1
f 822/939/1 738/938/1 823/937/1
f 822/939/1 739/940/1 738/938/1
f 821/941/1 739/940/1 822/939/1
f 821/941/1 740/942/1 739/940/1
f 820/943/1 740/942/1 821/941/1
f 820/943/1 741/944/1 740/942/1
f 819/945/1 741/944/1 820/943/1
f 819/945/1 742/946/1 741/944/1
f 818/947/1 742/946/1 819/945/1
f 817/948/1 742/946/1 818/947/1
f 817/948/1 743/949/1 742/946/1
f 816/950/1 743/949/1 817/948/1
f 815/951/1 743/949/1 816/950/1
f 815/951/1 744/952/1 743/949/1
f 814/953/1 744/952/1 815/951/1
f 814/953/1 745/954/1 744/952/1
f 813/955/1 745/954/1 814/953/1
f 812/956/1 745/954/1 813/955/1
f 811/957/1 745/954/1 812/956/1
f 811/957/1 746/958/1 745/954/1
f 810/959/1 746/958/1 811/957/1
f 809/960/1 746/958/1 810/959/1
f 809/960/1 747/961/1 746/958/1
f 808/962/1 747/961/1 809/960/1
f 808/962/1 748/963/1 747/961/1
f 807/964/1 748/963/1 808/962/1
f 806/965/1 748/963/1 807/964/1
f 806/965/1 749/966/1 748/963/1
f 805/967/1 749/966/1 806/965/1
f 805/967/1 750/968/1 749/966/1
f 805/967/1 751/969/1 750/968/1
f 804/970/1 751/969/1 805/967/1
f 804/970/1 752/971/1 751/969/1
f 804/970/1 753/972/1 752/971/1
f 803/973/1 753/972/1 804/970/1
f 803/973/1 754/974/1 753/972/1
f 803/973/1 755/975/1 754/974/1
f 803/973/1 756/976/1 755/975/1
f 802/977/1 756/976/1 803/973/1
f 801/978/1 756/976/1 802/977/1
f 801/978/1 757/979/1 756/976/1
f 800/980/1 757/979/1 801/978/1
f 800/980/1 758/981/1 757/979/1
f 799/982/1 758/981/1 800/980/1
f 799/982/1 759/983/1 758/981/1
f 798/984/1 759/983/1 799/982/1
f 797/985/1 759/983/1 798/984/1
f 797/985/1 760/986/1 759/983/1
f 796/987/1 760/986/1 797/985/1
f 796/987/1 761/988/1 760/986/1
f 796/987/1 762/989/1 761/988/1
f 795/990/1 762/989/1 796/987/1
f 795/990/1 763/991/1 762/989/1
f 794/992/1 763/991/1 795/990/1
f 794/992/1 764/993/1 763/991/1
f 794/992/1 765/994/1 764/993/1
f 794/992/1 766/995/1 765/994/1
f 793/996/1 766/995/1 794/992/1
f 793/996/1 767/997/1 766/995/1
f 793/996/1 768/998/1 767/997/1
f 793/996/1 769/999/1 768/998/1
f 792/1000/1 769/999/1 793/996/1
f 792/1000/1 770/1001/1 769/999/1
f 792/1000/1 771/1002/1 770/1001/1
f 791/1003/1 771/1002/1 792/1000/1
f 791/1003/1 772/1004/1 771/1002/1
f 791/1003/1 773/1005/1 772/1004/1
f 791/1003/1 774/1006/1 773/1005/1
f 790/1007/1 774/1006/1 791/1003/1
f 790/1007/1 775/1008/1 774/1006/1
f 790/1007/1 776/1009/1 775/1008/1
f 789/1010/1 776/1009/1 790/1007/1
f 789/1010/1 777/1011/1 776/1009/1
f 789/1010/1 778/1012/1 777/1011/1
f 788/1013/1 778/1012/1 789/1010/1
f 788/1013/1 779/1014/1 778/1012/1
f 788/1013/1 780/1015/1 779/1014/1
f 787/1016/1 780/1015/1 788/1013/1
f 787/1016/1 781/1017/1 780/1015/1
f 787/1016/1 782/1018/1 781/1017/1
f 787/1016/1 783/1019/1 782/1018/1
f 787/1016/1 784/1020/1 783/1019/1
f 786/1021/1 784/1020/1 787/1016/1
f 785/1022/1 784/1020/1 786/1021/1
f 1340/1023/1 1342/1024/1 1341/1025/1
f 1339/1026/1 1342/1024/1 1340/1023/1
f 1339/1026/1 1343/1027/1 1342/1024/1
f 1338/1028/1 1343/1027/1 1339/1026/1
f 1338/1028/1 1344/1029/1 1343/1027/1
f 1337/1030/1 1344/1029/1 1338/1028/1
f 1337/1030/1 1345/1031/1 1344/1029/1
f 1337/1030/1 1346/1032/1 1345/1031/1
f 1337/1030/1 1347/1033/1 1346/1032/1
f 1336/1034/1 1347/1033/1 1337/1030/1
f 1336/1034/1 1348/1035/1 1347/1033/1
f 1336/1034/1 1349/1036/1 1348/1035/1
f 1336/1034/1 1350/1037/1 1349/1036/1
f 1336/1034/1 1351/1038/1 1350/1037/1
f 1336/1034/1 1352/1039/1 1351/1038/1
f 1335/1040/1 1352/1039/1 1336/1034/1
f 1335/1040/1 1353/1041/1 1352/1039/1
f 1335/1040/1 1354/1042/1 1353/1041/1
f 1335/1040/1 1355/1043/1 1354/1042/1
f 1335/1040/1 1356/1044/1 1355/1043/1
f 1335/1040/1 1357/1045/1 1356/1044/1
f 1335/1040/1 1358/1046/1 1357/1045/1
f 1335/1040/1 1359/1047/1 1358/1046/1
f 1335/1040/1 1360/1048/1 1359/1047/1
f 1334/1049/1 1360/1048/1 1335/1040/1
f 1334/1049/1 1361/1050/1 1360/1048/1
f 1334/1049/1 1362/1051/1 1361/1050/1
f 1334/1049/1 1363/1052/1 1362/1051/1
f 1333/1053/1 1363/1052/1 1334/1049/1
f 1333/1053/1 1364/1054/1 1363/1052/1
f 1333/1053/1 1365/1055/1 1364/1054/1
f 1333/1053/1 1366/1056/1 1365/1055/1
f 1333/1053/1 1279/1057/1 1366/1056/1
f 1333/1053/1 1280/1058/1 1279/1057/1
f 1332/1059/1 1280/1058/1 1333/1053/1
f 1332/1059/1 1281/1060/1 1280/1058/1
f 1331/1061/1 1281/1060/1 1332/1059/1
f 1331/1061/1 1282/1062/1 1281/1060/1
f 1330/1063/1 1282/1062/1 1331/1061/1
f 1330/1063/1 1283/1064/1 1282/1062/1
f 1329/1065/1 1283/1064/1 1330/1063/1
f 1329/1065/1 1284/1066/1 1283/1064/1
f 1328/1067/1 1284/1066/1 1329/1065/1
f 1327/1068/1 1284/1066/1 1328/1067/1
f 1327/1068/1 1285/1069/1 1284/1066/1
f 1326/1070/1 1285/1069/1 1327/1068/1
f 1325/1071/1 1285/1069/1 1326/1070/1
f 1324/1072/1 1285/1069/1 1325/1071/1
f 1323/1073/1 1285/1069/1 1324/1072/1
f 1322/1074/1 1285/1069/1 1323/1073/1
f 1322/1074/1 1286/1075/1 1285/1069/1
f 1321/1076/1 1286/1075/1 1322/1074/1
f 1321/1076/1 1287/1077/1 1286/1075/1
f 1320/1078/1 1287/1077/1 1321/1076/1
f 1320/1078/1 1288/1079/1 1287/1077/1
f 1320/1078/1 1289/1080/1 1288/1079/1
f 1319/1081/1 1289/1080/1 1320/1078/1
f 1319/1081/1 1290/1082/1 1289/1080/1
f 1318/1083/1 1290/1082/1 1319/1081/1
f 1317/1084/1 1290/1082/1 1318/1083/1
f 1316/1085/1 1290/1082/1 1317/1084/1
f 1316/1085/1 1291/1086/1 1290/1082/1
f 1315/1087/1 1291/1086/1 1316/1085/1
f 1314/1088/1 1291/1086/1 1315/1087/1
f 1314/1088/1 1292/1089/1 1291/1086/1
f 1313/1090/1 1292/1089/1 1314/1088/1
f 1313/1090/1 1293/1091/1 1292/1089/1
f 1312/1092/1 1293/1091/1 1313/1090/1
f 1312/1092/1 1294/1093/1 1293/1091/1
f 1311/1094/1 1294/1093/1 1312/1092/1
f 1310/1095/1 1294/1093/1 1311/1094/1
f 1310/1095/1 1295/1096/1 1294/1093/1
f 1309/1097/1 1295/1096/1 1310/1095/1
f 1308/1098/1 1295/1096/1 1309/1097/1
f 1308/1098/1 1296/1099/1 1295/1096/1
f 1307/1100/1 1296/1099/1 1308/1098/1
f 1307/1100/1 1297/1101/1 1296/1099/1
f 1306/1102/1 1297/1101/1 1307/1100/1
f 1305/1103/1 1297/1101/1 1306/1102/1
f 1305/1103/1 1298/1104/1 1297/1101/1
f 1304/1105/1 1298/1104/1 1305/1103/1
f 1303/1106/1 1298/1104/1 1304/1105/1
f 1303/1106/1 1299/1107/1 1298/1104/1
f 1303/1106/1 1300/1108/1 1299/1107/1
f 1302/1109/1 1300/1108/1 1303/1106/1
f 1302/1109/1 1301/1110/1 1300/1108/1
f 1431/1111/1 1433/1112/1 1432/1113/1
f 1431/1111/1 1434/1114/1 1433/1112/1
f 1431/1111/1 1435/1115/1 1434/1114/1
f 1431/1111/1 1436/1116/1 1435/1115/1
f 1431/1111/1 1437/1117/1 1436/1116/1
f 1430/1118/1 1437/1117/1 1431/1111/1
f 1430/1118/1 1438/1119/1 1437/1117/1
f 1423/1120/1 1425/1121/1 1424/1122/1
f 1430/1118/1 1439/1123/1 1438/1119/1
f 1423/1120/1 1426/1124/1 1425/1121/1
f 1422/1125/1 1426/1124/1 1423/1120/1
f 1429/1126/1 1439/1123/1 1430/1118/1
f 1422/1125/1 1427/1127/1 1426/1124/1
f 1428/1128/1 1439/1123/1 1429/1126/1
f 1428/1128/1 1440/1129/1 1439/1123/1
f 1422/1125/1 1428/1128/1 1427/1127/1
f 1422/1125/1 1440/1129/1 1428/1128/1
f 1422/1125/1 1441/1130/1 1440/1129/1
f 1421/1131/1 1441/1130/1 1422/1125/1
f 1420/1132/1 1441/1130/1 1421/1131/1
f 1420/1132/1 1442/1133/1 1441/1130/1
f 1419/1134/1 1442/1133/1 1420/1132/1
f 1418/1135/1 1442/1133/1 1419/1134/1
f 1417/1136/1 1442/1133/1 1418/1135/1
f 1416/1137/1 1442/1133/1 1417/1136/1
f 1416/1137/1 1443/1138/1 1442/1133/1
f 1415/1139/1 1443/1138/1 1416/1137/1
f 1414/1140/1 1443/1138/1 1415/1139/1
f 1414/1140/1 1444/1141/1 1443/1138/1
f 1413/1142/1 1444/1141/1 1414/1140/1
f 1413/1142/1 1445/1143/1 1444/1141/1
f 1412/1144/1 1445/1143/1 1413/1142/1
f 1412/1144/1 1446/1145/1 1445/1143/1
f 1411/1146/1 1446/1145/1 1412/1144/1
f 1410/1147/1 1446/1145/1 1411/1146/1
f 1410/1147/1 1447/1148/1 1446/1145/1
f 1409/1149/1 1447/1148/1 1410/1147/1
f 1409/1149/1 1448/1150/1 1447/1148/1
f 1409/1149/1 1367/1151/1 1448/1150/1
f 1408/1152/1 1367/1151/1 1409/1149/1
f 1408/1152/1 1368/1153/1 1367/1151/1
f 1408/1152/1 1369/1154/1 1368/1153/1
f 1407/1155/1 1369/1154/1 1408/1152/1
f 1407/1155/1 1370/1156/1 1369/1154/1
f 1407/1155/1 1371/1157/1 1370/1156/1
f 1406/1158/1 1371/1157/1 1407/1155/1
f 1406/1158/1 1372/1159/1 1371/1157/1
f 1406/1158/1 1373/1160/1 1372/1159/1
f 1405/1161/1 1373/1160/1 1406/1158/1
f 1404/1162/1 1373/1160/1 1405/1161/1
f 1404/1162/1 1374/1163/1 1373/1160/1
f 1404/1162/1 1375/1164/1 1374/1163/1
f 1403/1165/1 1375/1164/1 1404/1162/1
f 1402/1166/1 1375/1164/1 1403/1165/1
f 1401/1167/1 1375/1164/1 1402/1166/1
f 1401/1167/1 1376/1168/1 1375/1164/1
f 1400/1169/1 1376/1168/1 1401/1167/1
f 1400/1169/1 1377/1170/1 1376/1168/1
f 1400/1169/1 1378/1171/1 1377/1170/1
f 1399/1172/1 1378/1171/1 1400/1169/1
f 1399/1172/1 1379/1173/1 1378/1171/1
f 1399/1172/1 1380/1174/1 1379/1173/1
f 1398/1175/1 1380/1174/1 1399/1172/1
f 1398/1175/1 1381/1176/1 1380/1174/1
f 1397/1177/1 1381/1176/1 1398/1175/1
f 1397/1177/1 1382/1178/1 1381/1176/1
f 1396/1179/1 1382/1178/1 1397/1177/1
f 1396/1179/1 1383/1180/1 1382/1178/1
f 1396/1179/1 1384/1181/1 1383/1180/1
f 1396/1179/1 1390/1182/1 1384/1181/1
f 1395/1183/1 1390/1182/1 1396/1179/1
f 1390/1182/1 1385/1184/1 1384/1181/1
f 1389/1185/1 1385/1184/1 1390/1182/1
f 1395/1183/1 1391/1186/1 1390/1182/1
f 1388/1187/1 1385/1184/1 1389/1185/1
f 1394/1188/1 1391/1186/1 1395/1183/1
f 1388/1187/1 1386/1189/1 1385/1184/1
f 1393/1190/1 1391/1186/1 1394/1188/1
f 1393/1190/1 1392/1191/1 1391/1186/1
f 1387/1192/1 1386/1189/1 1388/1187/1
f 1500/1193/1 1502/1194/1 1501/1195/1
f 1500/1193/1 1503/1196/1 1502/1194/1
f 1500/1193/1 1504/1197/1 1503/1196/1
f 1507/1198/1 1509/1199/1 1508/1200/1
f 1500/1193/1 1505/1201/1 1504/1197/1
f 1499/1202/1 1505/1201/1 1500/1193/1
f 1506/1203/1 1509/1199/1 1507/1198/1
f 1499/1202/1 1506/1203/1 1505/1201/1
f 1499/1202/1 1509/1199/1 1506/1203/1
f 1499/1202/1 1510/1204/1 1509/1199/1
f 1498/1205/1 1510/1204/1 1499/1202/1
f 1498/1205/1 1511/1206/1 1510/1204/1
f 1498/1205/1 1512/1207/1 1511/1206/1
f 1497/1208/1 1512/1207/1 1498/1205/1
f 1496/1209/1 1512/1207/1 1497/1208/1
f 1495/1210/1 1512/1207/1 1496/1209/1
f 1495/1210/1 1449/1211/1 1512/1207/1
f 1495/1210/1 1450/1212/1 1449/1211/1
f 1494/1213/1 1450/1212/1 1495/1210/1
f 1494/1213/1 1451/1214/1 1450/1212/1
f 1493/1215/1 1451/1214/1 1494/1213/1
f 1493/1215/1 1452/1216/1 1451/1214/1
f 1492/1217/1 1452/1216/1 1493/1215/1
f 1491/1218/1 1452/1216/1 1492/1217/1
f 1490/1219/1 1452/1216/1 1491/1218/1
f 1489/1220/1 1452/1216/1 1490/1219/1
f 1489/1220/1 1453/1221/1 1452/1216/1
f 1488/1222/1 1453/1221/1 1489/1220/1
f 1487/1223/1 1453/1221/1 1488/1222/1
f 1486/1224/1 1453/1221/1 1487/1223/1
f 1485/1225/1 1453/1221/1 1486/1224/1
f 1485/1225/1 1454/1226/1 1453/1221/1
f 1484/1227/1 1454/1226/1 1485/1225/1
f 1483/1228/1 1454/1226/1 1484/1227/1
f 1483/1228/1 1455/1229/1 1454/1226/1
f 1482/1230/1 1455/1229/1 1483/1228/1
f 1481/1231/1 1455/1229/1 1482/1230/1
f 1481/1231/1 1456/1232/1 1455/1229/1
f 1480/1233/1 1456/1232/1 1481/1231/1
f 1480/1233/1 1457/1234/1 1456/1232/1
f 1479/1235/1 1457/1234/1 1480/1233/1
f 1478/1236/1 1457/1234/1 1479/1235/1
f 1478/1236/1 1458/1237/1 1457/1234/1
f 1477/1238/1 1458/1237/1 1478/1236/1
f 1476/1239/1 1458/1237/1 1477/1238/1
f 1476/1239/1 1459/1240/1 1458/1237/1
f 1475/1241/1 1459/1240/1 1476/1239/1
f 1474/1242/1 1459/1240/1 1475/1241/1
f 1473/1243/1 1459/1240/1 1474/1242/1
f 1473/1243/1 1462/1244/1 1459/1240/1
f 1473/1243/1 1463/1245/1 1462/1244/1
f 1461/1246/1 1459/1240/1 1462/1244/1
f 1472/1247/1 1463/1245/1 1473/1243/1
f 1461/1246/1 1460/1248/1 1459/1240/1
f 1472/1247/1 1464/1249/1 1463/1245/1
f 1471/1250/1 1464/1249/1 1472/1247/1
f 1470/1251/1 1464/1249/1 1471/1250/1
f 1469/1252/1 1464/1249/1 1470/1251/1
f 1468/1253/1 1464/1249/1 1469/1252/1
f 1468/1253/1 1465/1254/1 1464/1249/1
f 1467/1255/1 1465/1254/1 1468/1253/1
f 1466/1256/1 1465/1254/1 1467/1255/1
f 1085/1257/1 1087/1258/1 1086/1259/1
f 1084/1260/1 1087/1258/1 1085/1257/1
f 1083/1261/1 1087/1258/1 1084/1260/1
f 1082/1262/1 1087/1258/1 1083/1261/1
f 1082/1262/1 1088/1263/1 1087/1258/1
f 1081/1264/1 1088/1263/1 1082/1262/1
f 1080/1265/1 1088/1263/1 1081/1264/1
f 1080/1265/1 1089/1266/1 1088/1263/1
f 1079/1267/1 1089/1266/1 1080/1265/1
f 1078/1268/1 1089/1266/1 1079/1267/1
f 1078/1268/1 1090/1269/1 1089/1266/1
f 1077/1270/1 1090/1269/1 1078/1268/1
f 1077/1270/1 1091/1271/1 1090/1269/1
f 1076/1272/1 1091/1271/1 1077/1270/1
f 1076/1272/1 1092/1273/1 1091/1271/1
f 1076/1272/1 1093/1274/1 1092/1273/1
f 1076/1272/1 1094/1275/1 1093/1274/1
f 1075/1276/1 1094/1275/1 1076/1272/1
f 1075/1276/1 1095/1277/1 1094/1275/1
f 1075/1276/1 1096/1278/1 1095/1277/1
f 1075/1276/1 1097/1279/1 1096/1278/1
f 1075/1276/1 1098/1280/1 1097/1279/1
f 1074/1281/1 1098/1280/1 1075/1276/1
f 1074/1281/1 1099/1282/1 1098/1280/1
f 1074/1281/1 1100/1283/1 1099/1282/1
f 1074/1281/1 1101/1284/1 1100/1283/1
f 1073/1285/1 1101/1284/1 1074/1281/1
f 1073/1285/1 1102/1286/1 1101/1284/1
f 1073/1285/1 1021/1287/1 1102/1286/1
f 1073/1285/1 1022/1288/1 1021/1287/1
f 1073/1285/1 1023/1289/1 1022/1288/1
f 1259/1290/1 1261/1291/1 1260/1292/1
f 1258/1293/1 1261/1291/1 1259/1290/1
f 1258/1293/1 1262/1294/1 1261/1291/1
f 1073/1285/1 1024/1295/1 1023/1289/1
f 1072/1296/1 1024/1295/1 1073/1285/1
f 1072/1296/1 1025/1297/1 1024/1295/1
f 1071/1298/1 1025/1297/1 1072/1296/1
f 1258/1293/1 1263/1299/1 1262/1294/1
f 1257/1300/1 1263/1299/1 1258/1293/1
f 1256/1301/1 1263/1299/1 1257/1300/1
f 1071/1298/1 1026/1302/1 1025/1297/1
f 1255/1303/1 1263/1299/1 1256/1301/1
f 1071/1298/1 1027/1304/1 1026/1302/1
f 1254/1305/1 1263/1299/1 1255/1303/1
f 1254/1305/1 1264/1306/1 1263/1299/1
f 1070/1307/1 1027/1304/1 1071/1298/1
f 1070/1307/1 1028/1308/1 1027/1304/1
f 1253/1309/1 1264/1306/1 1254/1305/1
f 1252/1310/1 1264/1306/1 1253/1309/1
f 1069/1311/1 1028/1308/1 1070/1307/1
f 1252/1310/1 1265/1312/1 1264/1306/1
f 1069/1311/1 1029/1313/1 1028/1308/1
f 1251/1314/1 1265/1312/1 1252/1310/1
f 1251/1314/1 1266/1315/1 1265/1312/1
f 1069/1311/1 1030/1316/1 1029/1313/1
f 1068/1317/1 1030/1316/1 1069/1311/1
f 1251/1314/1 1267/1318/1 1266/1315/1
f 1068/1317/1 1031/1319/1 1030/1316/1
f 1067/1320/1 1031/1319/1 1068/1317/1
f 1251/1314/1 1268/1321/1 1267/1318/1
f 1066/1322/1 1031/1319/1 1067/1320/1
f 1065/1323/1 1031/1319/1 1066/1322/1
f 1065/1323/1 1032/1324/1 1031/1319/1
f 1064/1325/1 1032/1324/1 1065/1323/1
f 1250/1326/1 1268/1321/1 1251/1314/1
f 1250/1326/1 1269/1327/1 1268/1321/1
f 1064/1325/1 1033/1328/1 1032/1324/1
f 1250/1326/1 1270/1329/1 1269/1327/1
f 1250/1326/1 1271/1330/1 1270/1329/1
f 1064/1325/1 1034/1331/1 1033/1328/1
f 1063/1332/1 1034/1331/1 1064/1325/1
f 1250/1326/1 1272/1333/1 1271/1330/1
f 1250/1326/1 1273/1334/1 1272/1333/1
f 1249/1335/1 1273/1334/1 1250/1326/1
f 1063/1332/1 1035/1336/1 1034/1331/1
f 1249/1335/1 1274/1337/1 1273/1334/1
f 1062/1338/1 1035/1336/1 1063/1332/1
f 1249/1335/1 1275/1339/1 1274/1337/1
f 1062/1338/1 1036/1340/1 1035/1336/1
f 1249/1335/1 1276/1341/1 1275/1339/1
f 1061/1342/1 1036/1340/1 1062/1338/1
f 1249/1335/1 1277/1343/1 1276/1341/1
f 1061/1342/1 1037/1344/1 1036/1340/1
f 1249/1335/1 1278/1345/1 1277/1343/1
f 1060/1346/1 1037/1344/1 1061/1342/1
f 1248/1347/1 1278/1345/1 1249/1335/1
f 1059/1348/1 1037/1344/1 1060/1346/1
f 1248/1347/1 1103/1349/1 1278/1345/1
f 1059/1348/1 1038/1350/1 1037/1344/1
f 1058/1351/1 1038/1350/1 1059/1348/1
f 1247/1352/1 1103/1349/1 1248/1347/1
f 1057/1353/1 1038/1350/1 1058/1351/1
f 1056/1354/1 1038/1350/1 1057/1353/1
f 1247/1352/1 1104/1355/1 1103/1349/1
f 1246/1356/1 1104/1355/1 1247/1352/1
f 1055/1357/1 1038/1350/1 1056/1354/1
f 1246/1356/1 1105/1358/1 1104/1355/1
f 1245/1359/1 1105/1358/1 1246/1356/1
f 1055/1357/1 1039/1360/1 1038/1350/1
f 1244/1361/1 1105/1358/1 1245/1359/1
f 1054/1362/1 1039/1360/1 1055/1357/1
f 1243/1363/1 1105/1358/1 1244/1361/1
f 1243/1363/1 1106/1364/1 1105/1358/1
f 1053/1365/1 1039/1360/1 1054/1362/1
f 1052/1366/1 1039/1360/1 1053/1365/1
f 1051/1367/1 1039/1360/1 1052/1366/1
f 1051/1367/1 1040/1368/1 1039/1360/1
f 1242/1369/1 1106/1364/1 1243/1363/1
f 1050/1370/1 1040/1368/1 1051/1367/1
f 1242/1369/1 1107/1371/1 1106/1364/1
f 1049/1372/1 1040/1368/1 1050/1370/1
f 1046/1373/1 1040/1368/1 1049/1372/1
f 1241/1374/1 1107/1371/1 1242/1369/1
f 1048/1375/1 1046/1373/1 1049/1372/1
f 1048/1375/1 1047/1376/1 1046/1373/1
f 1045/1377/1 1040/1368/1 1046/1373/1
f 1045/1377/1 1041/1378/1 1040/1368/1
f 1044/1379/1 1041/1378/1 1045/1377/1
f 1044/1379/1 1042/1380/1 1041/1378/1
f 1043/1381/1 1042/1380/1 1044/1379/1
f 1240/1382/1 1107/1371/1 1241/1374/1
f 1240/1382/1 1108/1383/1 1107/1371/1
f 1239/1384/1 1108/1383/1 1240/1382/1
f 1239/1384/1 1109/1385/1 1108/1383/1
f 1238/1386/1 1109/1385/1 1239/1384/1
f 1237/1387/1 1109/1385/1 1238/1386/1
f 1236/1388/1 1109/1385/1 1237/1387/1
f 1236/1388/1 1110/1389/1 1109/1385/1
f 1235/1390/1 1110/1389/1 1236/1388/1
f 1234/1391/1 1110/1389/1 1235/1390/1
f 1233/1392/1 1110/1389/1 1234/1391/1
f 1233/1392/1 1111/1393/1 1110/1389/1
f 1232/1394/1 1111/1393/1 1233/1392/1
f 1231/1395/1 1111/1393/1 1232/1394/1
f 1230/1396/1 1111/1393/1 1231/1395/1
f 1230/1396/1 1112/1397/1 1111/1393/1
f 1229/1398/1 1112/1397/1 1230/1396/1
f 1228/1399/1 1112/1397/1 1229/1398/1
f 1227/1400/1 1112/1397/1 1228/1399/1
f 1226/1401/1 1112/1397/1 1227/1400/1
f 1226/1401/1 1113/1402/1 1112/1397/1
f 1225/1403/1 1113/1402/1 1226/1401/1
f 1224/1404/1 1113/1402/1 1225/1403/1
f 1223/1405/1 1113/1402/1 1224/1404/1
f 1222/1406/1 1113/1402/1 1223/1405/1
f 1222/1406/1 1114/1407/1 1113/1402/1
f 1221/1408/1 1114/1407/1 1222/1406/1
f 1220/1409/1 1114/1407/1 1221/1408/1
f 1219/1410/1 1114/1407/1 1220/1409/1
f 1219/1410/1 1115/1411/1 1114/1407/1
f 1218/1412/1 1115/1411/1 1219/1410/1
f 1217/1413/1 1115/1411/1 1218/1412/1
f 1217/1413/1 1116/1414/1 1115/1411/1
f 1216/1415/1 1116/1414/1 1217/1413/1
f 1215/1416/1 1116/1414/1 1216/1415/1
f 1214/1417/1 1116/1414/1 1215/1416/1
f 1213/1418/1 1116/1414/1 1214/1417/1
f 1213/1418/1 1117/1419/1 1116/1414/1
f 1213/1418/1 1118/1420/1 1117/1419/1
f 1213/1418/1 1119/1421/1 1118/1420/1
f 1212/1422/1 1119/1421/1 1213/1418/1
f 1211/1423/1 1119/1421/1 1212/1422/1
f 1211/1423/1 1120/1424/1 1119/1421/1
f 1210/1425/1 1120/1424/1 1211/1423/1
f 1209/1426/1 1120/1424/1 1210/1425/1
f 1209/1426/1 1121/1427/1 1120/1424/1
f 1208/1428/1 1121/1427/1 1209/1426/1
f 1207/1429/1 1121/1427/1 1208/1428/1
f 1207/1429/1 1122/1430/1 1121/1427/1
f 1206/1431/1 1122/1430/1 1207/1429/1
f 1205/1432/1 1122/1430/1 1206/1431/1
f 1205/1432/1 1123/1433/1 1122/1430/1
f 1204/1434/1 1123/1433/1 1205/1432/1
f 1204/1434/1 1124/1435/1 1123/1433/1
f 1203/1436/1 1124/1435/1 1204/1434/1
f 1203/1436/1 1125/1437/1 1124/1435/1
f 1202/1438/1 1125/1437/1 1203/1436/1
f 1201/1439/1 1125/1437/1 1202/1438/1
f 1201/1439/1 1126/1440/1 1125/1437/1
f 1200/1441/1 1126/1440/1 1201/1439/1
f 1200/1441/1 1127/1442/1 1126/1440/1
f 1199/1443/1 1127/1442/1 1200/1441/1
f 1199/1443/1 1128/1444/1 1127/1442/1
f 1198/1445/1 1128/1444/1 1199/1443/1
f 1197/1446/1 1128/1444/1 1198/1445/1
f 1196/1447/1 1128/1444/1 1197/1446/1
f 1195/1448/1 1128/1444/1 1196/1447/1
f 1194/1449/1 1128/1444/1 1195/1448/1
f 1194/1449/1 1129/1450/1 1128/1444/1
f 1193/1451/1 1129/1450/1 1194/1449/1
f 1192/1452/1 1129/1450/1 1193/1451/1
f 1192/1452/1 1130/1453/1 1129/1450/1
f 1191/1454/1 1130/1453/1 1192/1452/1
f 1190/1455/1 1130/1453/1 1191/1454/1
f 1189/1456/1 1130/1453/1 1190/1455/1
f 1189/1456/1 1131/1457/1 1130/1453/1
f 1188/1458/1 1131/1457/1 1189/1456/1
f 1187/1459/1 1131/1457/1 1188/1458/1
f 1186/1460/1 1131/1457/1 1187/1459/1
f 1186/1460/1 1132/1461/1 1131/1457/1
f 1185/1462/1 1132/1461/1 1186/1460/1
f 1185/1462/1 1133/1463/1 1132/1461/1
f 1184/1464/1 1133/1463/1 1185/1462/1
f 1184/1464/1 1134/1465/1 1133/1463/1
f 1184/1464/1 1135/1466/1 1134/1465/1
f 1183/1467/1 1135/1466/1 1184/1464/1
f 1183/1467/1 1136/1468/1 1135/1466/1
f 1183/1467/1 1137/1469/1 1136/1468/1
f 1183/1467/1 1138/1470/1 1137/1469/1
f 1183/1467/1 1139/1471/1 1138/1470/1
f 1182/1472/1 1139/1471/1 1183/1467/1
f 1182/1472/1 1140/1473/1 1139/1471/1
f 1182/1472/1 1141/1474/1 1140/1473/1
f 1182/1472/1 1142/1475/1 1141/1474/1
f 1182/1472/1 1143/1476/1 1142/1475/1
f 1181/1477/1 1143/1476/1 1182/1472/1
f 1181/1477/1 1144/1478/1 1143/1476/1
f 1181/1477/1 1145/1479/1 1144/1478/1
f 1181/1477/1 1146/1480/1 1145/1479/1
f 1181/1477/1 1147/1481/1 1146/1480/1
f 1180/1482/1 1147/1481/1 1181/1477/1
f 1180/1482/1 1148/1483/1 1147/1481/1
f 1180/1482/1 1149/1484/1 1148/1483/1
f 1180/1482/1 1150/1485/1 1149/1484/1
f 1179/1486/1 1150/1485/1 1180/1482/1
f 1178/1487/1 1150/1485/1 1179/1486/1
f 1177/1488/1 1150/1485/1 1178/1487/1
f 1177/1488/1 1151/1489/1 1150/1485/1
f 1176/1490/1 1151/1489/1 1177/1488/1
f 1176/1490/1 1152/1491/1 1151/1489/1
f 1175/1492/1 1152/1491/1 1176/1490/1
f 1175/1492/1 1153/1493/1 1152/1491/1
f 1174/1494/1 1153/1493/1 1175/1492/1
f 1174/1494/1 1154/1495/1 1153/1493/1
f 1174/1494/1 1155/1496/1 1154/1495/1
f 1174/1494/1 1156/1497/1 1155/1496/1
f 1174/1494/1 1157/1498/1 1156/1497/1
f 1174/1494/1 1158/1499/1 1157/1498/1
f 1174/1494/1 1159/1500/1 1158/1499/1
f 1174/1494/1 1160/1501/1 1159/1500/1
f 1173/1502/1 1160/1501/1 1174/1494/1
f 1173/1502/1 1161/1503/1 1160/1501/1
f 1173/1502/1 1162/1504/1 1161/1503/1
f 1173/1502/1 1163/1505/1 1162/1504/1
f 1172/1506/1 1163/1505/1 1173/1502/1
f 1171/1507/1 1163/1505/1 1172/1506/1
f 1171/1507/1 1164/1508/1 1163/1505/1
f 1170/1509/1 1164/1508/1 1171/1507/1
f 1170/1509/1 1165/1510/1 1164/1508/1
f 1169/1511/1 1165/1510/1 1170/1509/1
f 1169/1511/1 1166/1512/1 1165/1510/1
f 1168/1513/1 1166/1512/1 1169/1511/1
f 1168/1513/1 1167/1514/1 1166/1512/1
f 1617/1515/1 1619/1516/1 1618/1517/1
f 1616/1518/1 1619/1516/1 1617/1515/1
f 1616/1518/1 1620/1519/1 1619/1516/1
f 1615/1520/1 1620/1519/1 1616/1518/1
f 1645/1521/1 1647/1522/1 1646/1523/1
f 1657/1524/1 1659/1525/1 1658/1526/1
f 1662/1527/1 1664/1528/1 1663/1529/1
f 1615/1520/1 1621/1530/1 1620/1519/1
f 1657/1524/1 1660/1531/1 1659/1525/1
f 1644/1532/1 1647/1522/1 1645/1521/1
f 1644/1532/1 1648/1533/1 1647/1522/1
f 1614/1534/1 1621/1530/1 1615/1520/1
f 1661/1535/1 1664/1528/1 1662/1527/1
f 1656/1536/1 1660/1531/1 1657/1524/1
f 1656/1536/1 1661/1535/1 1660/1531/1
f 1656/1536/1 1664/1528/1 1661/1535/1
f 1608/1537/1 1610/1538/1 1609/1539/1
f 1643/1540/1 1648/1533/1 1644/1532/1
f 1608/1537/1 1611/1541/1 1610/1538/1
f 1655/1542/1 1664/1528/1 1656/1536/1
f 1635/1543/1 1637/1544/1 1636/1545/1
f 1614/1534/1 1622/1546/1 1621/1530/1
f 1634/1547/1 1637/1544/1 1635/1543/1
f 1607/1548/1 1611/1541/1 1608/1537/1
f 1607/1548/1 1612/1549/1 1611/1541/1
f 1613/1550/1 1622/1546/1 1614/1534/1
f 1655/1542/1 1665/1551/1 1664/1528/1
f 1642/1552/1 1648/1533/1 1643/1540/1
f 1654/1553/1 1665/1551/1 1655/1542/1
f 1634/1547/1 1638/1554/1 1637/1544/1
f 1600/1555/1 1602/1556/1 1601/1557/1
f 1607/1548/1 1613/1550/1 1612/1549/1
f 1600/1555/1 1603/1558/1 1602/1556/1
f 1607/1548/1 1622/1546/1 1613/1550/1
f 1653/1559/1 1665/1551/1 1654/1553/1
f 1633/1560/1 1638/1554/1 1634/1547/1
f 1641/1561/1 1648/1533/1 1642/1552/1
f 1652/1562/1 1665/1551/1 1653/1559/1
f 1633/1560/1 1639/1563/1 1638/1554/1
f 1640/1564/1 1648/1533/1 1641/1561/1
f 1633/1560/1 1640/1564/1 1639/1563/1
f 1640/1564/1 1649/1565/1 1648/1533/1
f 1633/1560/1 1649/1565/1 1640/1564/1
f 1628/1566/1 1630/1567/1 1629/1568/1
f 1599/1569/1 1603/1558/1 1600/1555/1
f 1606/1570/1 1622/1546/1 1607/1548/1
f 1599/1569/1 1604/1571/1 1603/1558/1
f 1651/1572/1 1665/1551/1 1652/1562/1
f 1599/1569/1 1605/1573/1 1604/1571/1
f 1628/1566/1 1631/1574/1 1630/1567/1
f 1627/1575/1 1631/1574/1 1628/1566/1
f 1605/1573/1 1622/1546/1 1606/1570/1
f 1599/1569/1 1622/1546/1 1605/1573/1
f 1632/1576/1 1649/1565/1 1633/1560/1
f 1627/1575/1 1632/1576/1 1631/1574/1
f 1627/1575/1 1649/1565/1 1632/1576/1
f 1651/1572/1 1666/1577/1 1665/1551/1
f 1627/1575/1 1650/1578/1 1649/1565/1
f 1650/1578/1 1666/1577/1 1651/1572/1
f 1598/1579/1 1622/1546/1 1599/1569/1
f 1627/1575/1 1666/1577/1 1650/1578/1
f 1598/1579/1 1623/1580/1 1622/1546/1
f 1626/1581/1 1666/1577/1 1627/1575/1
f 1626/1581/1 1667/1582/1 1666/1577/1
f 1625/1583/1 1667/1582/1 1626/1581/1
f 1598/1579/1 1624/1584/1 1623/1580/1
f 1598/1579/1 1625/1583/1 1624/1584/1
f 1598/1579/1 1667/1582/1 1625/1583/1
f 1597/1585/1 1667/1582/1 1598/1579/1
f 1597/1585/1 1668/1586/1 1667/1582/1
f 1596/1587/1 1668/1586/1 1597/1585/1
f 1596/1587/1 1669/1588/1 1668/1586/1
f 1595/1589/1 1669/1588/1 1596/1587/1
f 1595/1589/1 1513/1590/1 1669/1588/1
f 1595/1589/1 1514/1591/1 1513/1590/1
f 1595/1589/1 1515/1592/1 1514/1591/1
f 1595/1589/1 1516/1593/1 1515/1592/1
f 1594/1594/1 1516/1593/1 1595/1589/1
f 1594/1594/1 1517/1595/1 1516/1593/1
f 1594/1594/1 1518/1596/1 1517/1595/1
f 1593/1597/1 1518/1596/1 1594/1594/1
f 1593/1597/1 1519/1598/1 1518/1596/1
f 1593/1597/1 1520/1599/1 1519/1598/1
f 1592/1600/1 1520/1599/1 1593/1597/1
f 1591/1601/1 1520/1599/1 1592/1600/1
f 1591/1601/1 1521/1602/1 1520/1599/1
f 1591/1601/1 1522/1603/1 1521/1602/1
f 1590/1604/1 1522/1603/1 1591/1601/1
f 1590/1604/1 1523/1605/1 1522/1603/1
f 1590/1604/1 1524/1606/1 1523/1605/1
f 1589/1607/1 1524/1606/1 1590/1604/1
f 1589/1607/1 1525/1608/1 1524/1606/1
f 1589/1607/1 1526/1609/1 1525/1608/1
f 1589/1607/1 1527/1610/1 1526/1609/1
f 1588/1611/1 1527/1610/1 1589/1607/1
f 1588/1611/1 1528/1612/1 1527/1610/1
f 1588/1611/1 1529/1613/1 1528/1612/1
f 1587/1614/1 1529/1613/1 1588/1611/1
f 1587/1614/1 1530/1615/1 1529/1613/1
f 1586/1616/1 1530/1615/1 1587/1614/1
f 1586/1616/1 1579/1617/1 1530/1615/1
f 1579/1617/1 1543/1618/1 1530/1615/1
f 1586/1616/1 1580/1619/1 1579/1617/1
f 1578/1620/1 1543/1618/1 1579/1617/1
f 1542/1621/1 1530/1615/1 1543/1618/1
f 1541/1622/1 1530/1615/1 1542/1621/1
f 1578/1620/1 1544/1623/1 1543/1618/1
f 1577/1624/1 1572/1625/1 1578/1620/1
f 1572/1625/1 1544/1623/1 1578/1620/1
f 1541/1622/1 1531/1626/1 1530/1615/1
f 1571/1627/1 1544/1623/1 1572/1625/1
f 1586/1616/1 1581/1628/1 1580/1619/1
f 1571/1627/1 1545/1629/1 1544/1623/1
f 1570/1630/1 1545/1629/1 1571/1627/1
f 1569/1631/1 1556/1632/1 1570/1630/1
f 1556/1632/1 1545/1629/1 1570/1630/1
f 1569/1631/1 1557/1633/1 1556/1632/1
f 1555/1634/1 1545/1629/1 1556/1632/1
f 1555/1634/1 1546/1635/1 1545/1629/1
f 1585/1636/1 1581/1628/1 1586/1616/1
f 1577/1624/1 1573/1637/1 1572/1625/1
f 1554/1638/1 1546/1635/1 1555/1634/1
f 1540/1639/1 1531/1626/1 1541/1622/1
f 1569/1631/1 1558/1640/1 1557/1633/1
f 1577/1624/1 1574/1641/1 1573/1637/1
f 1576/1642/1 1574/1641/1 1577/1624/1
f 1585/1636/1 1582/1643/1 1581/1628/1
f 1553/1644/1 1546/1635/1 1554/1638/1
f 1539/1645/1 1531/1626/1 1540/1639/1
f 1568/1646/1 1558/1640/1 1569/1631/1
f 1552/1647/1 1546/1635/1 1553/1644/1
f 1552/1647/1 1547/1648/1 1546/1635/1
f 1576/1642/1 1575/1649/1 1574/1641/1
f 1539/1645/1 1532/1650/1 1531/1626/1
f 1584/1651/1 1582/1643/1 1585/1636/1
f 1568/1646/1 1559/1652/1 1558/1640/1
f 1538/1653/1 1532/1650/1 1539/1645/1
f 1584/1651/1 1583/1654/1 1582/1643/1
f 1538/1653/1 1533/1655/1 1532/1650/1
f 1551/1656/1 1547/1648/1 1552/1647/1
f 1567/1657/1 1559/1652/1 1568/1646/1
f 1567/1657/1 1560/1658/1 1559/1652/1
f 1566/1659/1 1564/1660/1 1567/1657/1
f 1564/1660/1 1560/1658/1 1567/1657/1
f 1566/1659/1 1565/1661/1 1564/1660/1
f 1563/1662/1 1560/1658/1 1564/1660/1
f 1563/1662/1 1561/1663/1 1560/1658/1
f 1562/1664/1 1561/1663/1 1563/1662/1
f 1551/1656/1 1548/1665/1 1547/1648/1
f 1550/1666/1 1548/1665/1 1551/1656/1
f 1537/1667/1 1533/1655/1 1538/1653/1
f 1537/1667/1 1534/1668/1 1533/1655/1
f 1550/1666/1 1549/1669/1 1548/1665/1
f 1537/1667/1 1535/1670/1 1534/1668/1
f 1536/1671/1 1535/1670/1 1537/1667/1
f 2018/1672/1 2020/1673/1 2019/1674/1
f 2017/1675/1 2020/1673/1 2018/1672/1
f 2017/1675/1 2021/1676/1 2020/1673/1
f 2016/1677/1 2021/1676/1 2017/1675/1
f 2016/1677/1 2022/1678/1 2021/1676/1
f 2015/1679/1 2022/1678/1 2016/1677/1
f 2024/1680/1 2026/1681/1 2025/1682/1
f 2015/1679/1 2023/1683/1 2022/1678/1
f 2014/1684/1 2023/1683/1 2015/1679/1
f 2024/1680/1 2027/1685/1 2026/1681/1
f 2013/1686/1 2023/1683/1 2014/1684/1
f 2023/1683/1 2027/1685/1 2024/1680/1
f 2013/1686/1 2027/1685/1 2023/1683/1
f 2012/1687/1 2027/1685/1 2013/1686/1
f 2029/1688/1 2031/1689/1 2030/1690/1
f 2039/1691/1 2041/1692/1 2040/1693/1
f 2012/1687/1 2028/1694/1 2027/1685/1
f 2029/1688/1 2032/1695/1 2031/1689/1
f 2028/1694/1 2032/1695/1 2029/1688/1
f 2038/1696/1 2041/1692/1 2039/1691/1
f 2012/1687/1 2032/1695/1 2028/1694/1
f 2011/1697/1 2032/1695/1 2012/1687/1
f 2037/1698/1 2041/1692/1 2038/1696/1
f 2033/1699/1 2035/1700/1 2034/1701/1
f 2033/1699/1 2036/1702/1 2035/1700/1
f 2011/1697/1 2033/1699/1 2032/1695/1
f 2011/1697/1 2036/1702/1 2033/1699/1
f 2010/1703/1 2036/1702/1 2011/1697/1
f 2037/1698/1 2042/1704/1 2041/1692/1
f 2010/1703/1 2037/1698/1 2036/1702/1
f 2010/1703/1 2042/1704/1 2037/1698/1
f 2009/1705/1 2042/1704/1 2010/1703/1
f 2009/1705/1 2043/1706/1 2042/1704/1
f 2008/1707/1 2043/1706/1 2009/1705/1
f 2008/1707/1 2044/1708/1 2043/1706/1
f 2007/1709/1 2044/1708/1 2008/1707/1
f 2007/1709/1 2045/1710/1 2044/1708/1
f 2006/1711/1 2045/1710/1 2007/1709/1
f 2006/1711/1 2046/1712/1 2045/1710/1
f 2006/1711/1 2047/1713/1 2046/1712/1
f 2005/1714/1 2047/1713/1 2006/1711/1
f 2004/1715/1 2047/1713/1 2005/1714/1
f 2003/1716/1 2047/1713/1 2004/1715/1
f 2003/1716/1 2048/1717/1 2047/1713/1
f 2002/1718/1 2048/1717/1 2003/1716/1
f 2002/1718/1 2049/1719/1 2048/1717/1
f 2001/1720/1 2049/1719/1 2002/1718/1
f 2000/1721/1 2049/1719/1 2001/1720/1
f 1999/1722/1 2049/1719/1 2000/1721/1
f 1998/1723/1 2049/1719/1 1999/1722/1
f 1998/1723/1 1919/1724/1 2049/1719/1
f 1997/1725/1 1919/1724/1 1998/1723/1
f 1997/1725/1 1920/1726/1 1919/1724/1
f 1996/1727/1 1920/1726/1 1997/1725/1
f 1996/1727/1 1921/1728/1 1920/1726/1
f 1996/1727/1 1922/1729/1 1921/1728/1
f 1995/1730/1 1922/1729/1 1996/1727/1
f 1995/1730/1 1923/1731/1 1922/1729/1
f 1995/1730/1 1924/1732/1 1923/1731/1
f 1995/1730/1 1925/1733/1 1924/1732/1
f 1994/1734/1 1925/1733/1 1995/1730/1
f 1994/1734/1 1926/1735/1 1925/1733/1
f 1994/1734/1 1927/1736/1 1926/1735/1
f 1993/1737/1 1927/1736/1 1994/1734/1
f 1993/1737/1 1928/1738/1 1927/1736/1
f 1993/1737/1 1929/1739/1 1928/1738/1
f 1992/1740/1 1929/1739/1 1993/1737/1
f 1992/1740/1 1930/1741/1 1929/1739/1
f 1991/1742/1 1930/1741/1 1992/1740/1
f 1991/1742/1 1931/1743/1 1930/1741/1
f 1990/1744/1 1931/1743/1 1991/1742/1
f 1990/1744/1 1932/1745/1 1931/1743/1
f 1989/1746/1 1932/1745/1 1990/1744/1
f 1989/1746/1 1933/1747/1 1932/1745/1
f 1988/1748/1 1933/1747/1 1989/1746/1
f 1988/1748/1 1934/1749/1 1933/1747/1
f 1987/1750/1 1934/1749/1 1988/1748/1
f 1986/1751/1 1934/1749/1 1987/1750/1
f 1986/1751/1 1935/1752/1 1934/1749/1
f 1985/1753/1 1935/1752/1 1986/1751/1
f 1984/1754/1 1935/1752/1 1985/1753/1
f 1984/1754/1 1936/1755/1 1935/1752/1
f 1983/1756/1 1936/1755/1 1984/1754/1
f 1982/1757/1 1936/1755/1 1983/1756/1
f 1982/1757/1 1937/1758/1 1936/1755/1
f 1981/1759/1 1937/1758/1 1982/1757/1
f 1981/1759/1 1957/1760/1 1937/1758/1
f 1956/1761/1 1937/1758/1 1957/1760/1
f 1981/1759/1 1958/1762/1 1957/1760/1
f 1956/1761/1 1938/1763/1 1937/1758/1
f 1955/1764/1 1938/1763/1 1956/1761/1
f 1981/1759/1 1959/1765/1 1958/1762/1
f 1981/1759/1 1960/1766/1 1959/1765/1
f 1954/1767/1 1949/1768/1 1955/1764/1
f 1949/1768/1 1938/1763/1 1955/1764/1
f 1981/1759/1 1961/1769/1 1960/1766/1
f 1954/1767/1 1950/1770/1 1949/1768/1
f 1953/1771/1 1950/1770/1 1954/1767/1
f 1948/1772/1 1938/1763/1 1949/1768/1
f 1953/1771/1 1951/1773/1 1950/1770/1
f 1974/1774/1 1961/1769/1 1981/1759/1
f 1952/1775/1 1951/1773/1 1953/1771/1
f 1947/1776/1 1938/1763/1 1948/1772/1
f 1981/1759/1 1975/1777/1 1974/1774/1
f 1974/1774/1 1962/1778/1 1961/1769/1
f 1973/1779/1 1962/1778/1 1974/1774/1
f 1981/1759/1 1976/1780/1 1975/1777/1
f 1981/1759/1 1977/1781/1 1976/1780/1
f 1947/1776/1 1939/1782/1 1938/1763/1
f 1980/1783/1 1977/1781/1 1981/1759/1
f 1973/1779/1 1968/1784/1 1962/1778/1
f 1973/1779/1 1969/1785/1 1968/1784/1
f 1967/1786/1 1962/1778/1 1968/1784/1
f 1946/1787/1 1939/1782/1 1947/1776/1
f 1980/1783/1 1978/1788/1 1977/1781/1
f 1967/1786/1 1963/1789/1 1962/1778/1
f 1973/1779/1 1970/1790/1 1969/1785/1
f 1946/1787/1 1940/1791/1 1939/1782/1
f 1972/1792/1 1970/1790/1 1973/1779/1
f 1966/1793/1 1963/1789/1 1967/1786/1
f 1966/1793/1 1964/1794/1 1963/1789/1
f 1945/1795/1 1940/1791/1 1946/1787/1
f 1980/1783/1 1979/1796/1 1978/1788/1
f 1965/1797/1 1964/1794/1 1966/1793/1
f 1944/1798/1 1940/1791/1 1945/1795/1
f 1944/1798/1 1941/1799/1 1940/1791/1
f 1972/1792/1 1971/1800/1 1970/1790/1
f 1943/1801/1 1941/1799/1 1944/1798/1
f 1943/1801/1 1942/1802/1 1941/1799/1
f 1907/1803/1 1909/1804/1 1908/1805/1
f 1906/1806/1 1909/1804/1 1907/1803/1
f 1906/1806/1 1910/1807/1 1909/1804/1
f 1905/1808/1 1910/1807/1 1906/1806/1
f 1913/1809/1 1915/1810/1 1914/1811/1
f 1913/1809/1 1916/1812/1 1915/1810/1
f 1912/1813/1 1916/1812/1 1913/1809/1
f 1905/1808/1 1911/1814/1 1910/1807/1
f 1905/1808/1 1912/1813/1 1911/1814/1
f 1905/1808/1 1916/1812/1 1912/1813/1
f 1904/1815/1 1916/1812/1 1905/1808/1
f 1904/1815/1 1917/1816/1 1916/1812/1
f 1903/1817/1 1917/1816/1 1904/1815/1
f 1902/1818/1 1917/1816/1 1903/1817/1
f 1902/1818/1 1918/1819/1 1917/1816/1
f 1901/1820/1 1918/1819/1 1902/1818/1
f 1901/1820/1 1670/1821/1 1918/1819/1
f 1900/1822/1 1670/1821/1 1901/1820/1
f 1900/1822/1 1671/1823/1 1670/1821/1
f 1899/1824/1 1671/1823/1 1900/1822/1
f 1898/1825/1 1671/1823/1 1899/1824/1
f 1897/1826/1 1671/1823/1 1898/1825/1
f 1897/1826/1 1672/1827/1 1671/1823/1
f 1897/1826/1 1673/1828/1 1672/1827/1
f 1896/1829/1 1673/1828/1 1897/1826/1
f 1871/1830/1 1873/1831/1 1872/1832/1
f 1895/1833/1 1673/1828/1 1896/1829/1
f 1871/1830/1 1874/1834/1 1873/1831/1
f 1894/1835/1 1673/1828/1 1895/1833/1
f 1871/1830/1 1875/1836/1 1874/1834/1
f 1870/1837/1 1875/1836/1 1871/1830/1
f 1870/1837/1 1876/1838/1 1875/1836/1
f 1870/1837/1 1877/1839/1 1876/1838/1
f 1870/1837/1 1878/1840/1 1877/1839/1
f 1893/1841/1 1673/1828/1 1894/1835/1
f 1869/1842/1 1878/1840/1 1870/1837/1
f 1869/1842/1 1879/1843/1 1878/1840/1
f 1868/1844/1 1879/1843/1 1869/1842/1
f 1892/1845/1 1673/1828/1 1893/1841/1
f 1868/1844/1 1880/1846/1 1879/1843/1
f 1885/1847/1 1887/1848/1 1886/1849/1
f 1892/1845/1 1674/1850/1 1673/1828/1
f 1884/1851/1 1887/1848/1 1885/1847/1
f 1891/1852/1 1674/1850/1 1892/1845/1
f 1883/1853/1 1887/1848/1 1884/1851/1
f 1883/1853/1 1888/1854/1 1887/1848/1
f 1867/1855/1 1880/1846/1 1868/1844/1
f 1882/1856/1 1888/1854/1 1883/1853/1
f 1881/1857/1 1888/1854/1 1882/1856/1
f 1867/1855/1 1881/1857/1 1880/1846/1
f 1890/1858/1 1674/1850/1 1891/1852/1
f 1881/1857/1 1889/1859/1 1888/1854/1
f 1867/1855/1 1889/1859/1 1881/1857/1
f 1889/1859/1 1674/1850/1 1890/1858/1
f 1867/1855/1 1674/1850/1 1889/1859/1
f 1866/1860/1 1674/1850/1 1867/1855/1
f 1865/1861/1 1674/1850/1 1866/1860/1
f 1864/1862/1 1674/1850/1 1865/1861/1
f 1863/1863/1 1674/1850/1 1864/1862/1
f 1862/1864/1 1674/1850/1 1863/1863/1
f 1862/1864/1 1675/1865/1 1674/1850/1
f 1861/1866/1 1675/1865/1 1862/1864/1
f 1860/1867/1 1675/1865/1 1861/1866/1
f 1859/1868/1 1675/1865/1 1860/1867/1
f 1859/1868/1 1676/1869/1 1675/1865/1
f 1858/1870/1 1676/1869/1 1859/1868/1
f 1858/1870/1 1677/1871/1 1676/1869/1
f 1857/1872/1 1677/1871/1 1858/1870/1
f 1857/1872/1 1678/1873/1 1677/1871/1
f 1856/1874/1 1678/1873/1 1857/1872/1
f 1856/1874/1 1679/1875/1 1678/1873/1
f 1855/1876/1 1679/1875/1 1856/1874/1
f 1854/1877/1 1679/1875/1 1855/1876/1
f 1853/1878/1 1679/1875/1 1854/1877/1
f 1853/1878/1 1680/1879/1 1679/1875/1
f 1852/1880/1 1680/1879/1 1853/1878/1
f 1852/1880/1 1681/1881/1 1680/1879/1
f 1851/1882/1 1681/1881/1 1852/1880/1
f 1851/1882/1 1682/1883/1 1681/1881/1
f 1851/1882/1 1683/1884/1 1682/1883/1
f 1851/1882/1 1684/1885/1 1683/1884/1
f 1850/1886/1 1684/1885/1 1851/1882/1
f 1850/1886/1 1685/1887/1 1684/1885/1
f 1850/1886/1 1690/1888/1 1685/1887/1
f 1690/1888/1 1686/1889/1 1685/1887/1
f 1702/1890/1 1690/1888/1 1850/1886/1
f 1850/1886/1 1703/1891/1 1702/1890/1
f 1701/1892/1 1690/1888/1 1702/1890/1
f 1700/1893/1 1690/1888/1 1701/1892/1
f 1699/1894/1 1690/1888/1 1700/1893/1
f 1698/1895/1 1690/1888/1 1699/1894/1
f 1697/1896/1 1690/1888/1 1698/1895/1
f 1696/1897/1 1690/1888/1 1697/1896/1
f 1695/1898/1 1690/1888/1 1696/1897/1
f 1694/1899/1 1690/1888/1 1695/1898/1
f 1693/1900/1 1690/1888/1 1694/1899/1
f 1692/1901/1 1690/1888/1 1693/1900/1
f 1691/1902/1 1690/1888/1 1692/1901/1
f 1689/1903/1 1686/1889/1 1690/1888/1
f 1850/1886/1 1704/1904/1 1703/1891/1
f 1688/1905/1 1686/1889/1 1689/1903/1
f 1688/1905/1 1687/1906/1 1686/1889/1
f 1850/1886/1 1711/1907/1 1704/1904/1
f 1711/1907/1 1710/1908/1 1704/1904/1
f 1710/1908/1 1705/1909/1 1704/1904/1
f 1849/1910/1 1711/1907/1 1850/1886/1
f 1709/1911/1 1705/1909/1 1710/1908/1
f 1849/1910/1 1712/1912/1 1711/1907/1
f 1709/1911/1 1706/1913/1 1705/1909/1
f 1708/1914/1 1706/1913/1 1709/1911/1
f 1708/1914/1 1707/1915/1 1706/1913/1
f 1849/1910/1 1713/1916/1 1712/1912/1
f 1849/1910/1 1717/1917/1 1713/1916/1
f 1717/1917/1 1714/1918/1 1713/1916/1
f 1849/1910/1 1718/1919/1 1717/1917/1
f 1716/1920/1 1714/1918/1 1717/1917/1
f 1848/1921/1 1718/1919/1 1849/1910/1
f 1716/1920/1 1715/1922/1 1714/1918/1
f 1848/1921/1 1719/1923/1 1718/1919/1
f 1848/1921/1 1720/1924/1 1719/1923/1
f 1847/1925/1 1720/1924/1 1848/1921/1
f 1847/1925/1 1721/1926/1 1720/1924/1
f 1847/1925/1 1815/1927/1 1721/1926/1
f 1815/1927/1 1722/1928/1 1721/1926/1
f 1814/1929/1 1722/1928/1 1815/1927/1
f 1847/1925/1 1816/1930/1 1815/1927/1
f 1846/1931/1 1816/1930/1 1847/1925/1
f 1813/1932/1 1722/1928/1 1814/1929/1
f 1846/1931/1 1817/1933/1 1816/1930/1
f 1812/1934/1 1722/1928/1 1813/1932/1
f 1846/1931/1 1822/1935/1 1817/1933/1
f 1822/1935/1 1818/1936/1 1817/1933/1
f 1821/1937/1 1818/1936/1 1822/1935/1
f 1812/1934/1 1723/1938/1 1722/1928/1
f 1846/1931/1 1823/1939/1 1822/1935/1
f 1820/1940/1 1818/1936/1 1821/1937/1
f 1820/1940/1 1819/1941/1 1818/1936/1
f 1845/1942/1 1834/1943/1 1846/1931/1
f 1834/1943/1 1823/1939/1 1846/1931/1
f 1833/1944/1 1823/1939/1 1834/1943/1
f 1811/1945/1 1723/1938/1 1812/1934/1
f 1845/1942/1 1835/1946/1 1834/1943/1
f 1832/1947/1 1823/1939/1 1833/1944/1
f 1811/1945/1 1724/1948/1 1723/1938/1
f 1832/1947/1 1824/1949/1 1823/1939/1
f 1837/1950/1 1835/1946/1 1845/1942/1
f 1837/1950/1 1836/1951/1 1835/1946/1
f 1845/1942/1 1838/1952/1 1837/1950/1
f 1845/1942/1 1839/1953/1 1838/1952/1
f 1844/1954/1 1839/1953/1 1845/1942/1
f 1810/1955/1 1724/1948/1 1811/1945/1
f 1831/1956/1 1824/1949/1 1832/1947/1
f 1831/1956/1 1825/1957/1 1824/1949/1
f 1844/1954/1 1840/1958/1 1839/1953/1
f 1830/1959/1 1825/1957/1 1831/1956/1
f 1843/1960/1 1840/1958/1 1844/1954/1
f 1810/1955/1 1725/1961/1 1724/1948/1
f 1809/1962/1 1725/1961/1 1810/1955/1
f 1829/1963/1 1825/1957/1 1830/1959/1
f 1843/1960/1 1841/1964/1 1840/1958/1
f 1828/1965/1 1825/1957/1 1829/1963/1
f 1827/1966/1 1825/1957/1 1828/1965/1
f 1842/1967/1 1841/1964/1 1843/1960/1
f 1826/1968/1 1825/1957/1 1827/1966/1
f 1808/1969/1 1725/1961/1 1809/1962/1
f 1808/1969/1 1726/1970/1 1725/1961/1
f 1807/1971/1 1726/1970/1 1808/1969/1
f 1807/1971/1 1727/1972/1 1726/1970/1
f 1806/1973/1 1727/1972/1 1807/1971/1
f 1806/1973/1 1728/1974/1 1727/1972/1
f 1805/1975/1 1728/1974/1 1806/1973/1
f 1805/1975/1 1729/1976/1 1728/1974/1
f 1804/1977/1 1729/1976/1 1805/1975/1
f 1804/1977/1 1730/1978/1 1729/1976/1
f 1803/1979/1 1730/1978/1 1804/1977/1
f 1802/1980/1 1730/1978/1 1803/1979/1
f 1801/1981/1 1730/1978/1 1802/1980/1
f 1801/1981/1 1731/1982/1 1730/1978/1
f 1801/1981/1 1732/1983/1 1731/1982/1
f 1800/1984/1 1732/1983/1 1801/1981/1
f 1799/1985/1 1732/1983/1 1800/1984/1
f 1799/1985/1 1733/1986/1 1732/1983/1
f 1798/1987/1 1733/1986/1 1799/1985/1
f 1798/1987/1 1734/1988/1 1733/1986/1
f 1797/1989/1 1734/1988/1 1798/1987/1
f 1797/1989/1 1735/1990/1 1734/1988/1
f 1797/1989/1 1736/1991/1 1735/1990/1
f 1796/1992/1 1736/1991/1 1797/1989/1
f 1796/1992/1 1737/1993/1 1736/1991/1
f 1796/1992/1 1738/1994/1 1737/1993/1
f 1796/1992/1 1739/1995/1 1738/1994/1
f 1795/1996/1 1739/1995/1 1796/1992/1
f 1795/1996/1 1740/1997/1 1739/1995/1
f 1795/1996/1 1741/1998/1 1740/1997/1
f 1795/1996/1 1742/1999/1 1741/1998/1
f 1794/2000/1 1742/1999/1 1795/1996/1
f 1794/2000/1 1743/2001/1 1742/1999/1
f 1794/2000/1 1744/2002/1 1743/2001/1
f 1793/2003/1 1744/2002/1 1794/2000/1
f 1792/2004/1 1744/2002/1 1793/2003/1
f 1792/2004/1 1745/2005/1 1744/2002/1
f 1791/2006/1 1745/2005/1 1792/2004/1
f 1791/2006/1 1746/2007/1 1745/2005/1
f 1791/2006/1 1747/2008/1 1746/2007/1
f 1790/2009/1 1747/2008/1 1791/2006/1
f 1790/2009/1 1748/2010/1 1747/2008/1
f 1789/2011/1 1748/2010/1 1790/2009/1
f 1789/2011/1 1749/2012/1 1748/2010/1
f 1788/2013/1 1749/2012/1 1789/2011/1
f 1788/2013/1 1750/2014/1 1749/2012/1
f 1788/2013/1 1751/2015/1 1750/2014/1
f 1787/2016/1 1751/2015/1 1788/2013/1
f 1787/2016/1 1752/2017/1 1751/2015/1
f 1786/2018/1 1752/2017/1 1787/2016/1
f 1786/2018/1 1753/2019/1 1752/2017/1
f 1785/2020/1 1753/2019/1 1786/2018/1
f 1785/2020/1 1754/2021/1 1753/2019/1
f 1784/2022/1 1754/2021/1 1785/2020/1
f 1784/2022/1 1755/2023/1 1754/2021/1
f 1783/2024/1 1755/2023/1 1784/2022/1
f 1782/2025/1 1755/2023/1 1783/2024/1
f 1781/2026/1 1755/2023/1 1782/2025/1
f 1781/2026/1 1756/2027/1 1755/2023/1
f 1780/2028/1 1756/2027/1 1781/2026/1
f 1780/2028/1 1757/2029/1 1756/2027/1
f 1780/2028/1 1758/2030/1 1757/2029/1
f 1780/2028/1 1759/2031/1 1758/2030/1
f 1780/2028/1 1760/2032/1 1759/2031/1
f 1780/2028/1 1761/2033/1 1760/2032/1
f 1780/2028/1 1762/2034/1 1761/2033/1
f 1780/2028/1 1763/2035/1 1762/2034/1
f 1780/2028/1 1764/2036/1 1763/2035/1
f 1780/2028/1 1765/2037/1 1764/2036/1
f 1779/2038/1 1765/2037/1 1780/2028/1
f 1779/2038/1 1766/2039/1 1765/2037/1
f 1778/2040/1 1766/2039/1 1779/2038/1
f 1778/2040/1 1767/2041/1 1766/2039/1
f 1777/2042/1 1767/2041/1 1778/2040/1
f 1777/2042/1 1768/2043/1 1767/2041/1
f 1776/2044/1 1768/2043/1 1777/2042/1
f 1775/2045/1 1768/2043/1 1776/2044/1
f 1775/2045/1 1769/2046/1 1768/2043/1
f 1774/2047/1 1769/2046/1 1775/2045/1
f 1774/2047/1 1770/2048/1 1769/2046/1
f 1773/2049/1 1770/2048/1 1774/2047/1
f 1773/2049/1 1771/2050/1 1770/2048/1
f 1773/2049/1 1772/2051/1 1771/2050/1
f 2272/2052/1 2274/2053/1 2273/2054/1
f 2276/2055/1 2278/2056/1 2277/2057/1
f 2276/2055/1 2279/2058/1 2278/2056/1
f 2276/2055/1 2280/2059/1 2279/2058/1
f 2272/2052/1 2275/2060/1 2274/2053/1
f 2275/2060/1 2280/2059/1 2276/2055/1
f 2271/2061/1 2275/2060/1 2272/2052/1
f 2271/2061/1 2280/2059/1 2275/2060/1
f 2270/2062/1 2280/2059/1 2271/2061/1
f 2270/2062/1 2281/2063/1 2280/2059/1
f 2270/2062/1 2282/2064/1 2281/2063/1
f 2283/2065/1 2285/2066/1 2284/2067/1
f 2283/2065/1 2286/2068/1 2285/2066/1
f 2282/2064/1 2286/2068/1 2283/2065/1
f 2270/2062/1 2286/2068/1 2282/2064/1
f 2265/2069/1 2267/2070/1 2266/2071/1
f 2269/2072/1 2286/2068/1 2270/2062/1
f 2265/2069/1 2268/2073/1 2267/2070/1
f 2264/2074/1 2268/2073/1 2265/2069/1
f 2264/2074/1 2269/2072/1 2268/2073/1
f 2263/2075/1 2269/2072/1 2264/2074/1
f 2263/2075/1 2286/2068/1 2269/2072/1
f 2263/2075/1 2287/2076/1 2286/2068/1
f 2262/2077/1 2287/2076/1 2263/2075/1
f 2262/2077/1 2288/2078/1 2287/2076/1
f 2290/2079/1 2292/2080/1 2291/2081/1
f 2290/2079/1 2293/2082/1 2292/2080/1
f 2289/2083/1 2293/2082/1 2290/2079/1
f 2262/2077/1 2289/2083/1 2288/2078/1
f 2262/2077/1 2293/2082/1 2289/2083/1
f 2261/2084/1 2293/2082/1 2262/2077/1
f 2261/2084/1 2294/2085/1 2293/2082/1
f 2261/2084/1 2295/2086/1 2294/2085/1
f 2260/2087/1 2295/2086/1 2261/2084/1
f 2253/2088/1 2255/2089/1 2254/2090/1
f 2260/2087/1 2296/2091/1 2295/2086/1
f 2253/2088/1 2256/2092/1 2255/2089/1
f 2259/2093/1 2296/2091/1 2260/2087/1
f 2252/2094/1 2256/2092/1 2253/2088/1
f 2252/2094/1 2257/2095/1 2256/2092/1
f 2251/2096/1 2257/2095/1 2252/2094/1
f 2258/2097/1 2296/2091/1 2259/2093/1
f 2251/2096/1 2258/2097/1 2257/2095/1
f 2250/2098/1 2258/2097/1 2251/2096/1
f 2250/2098/1 2296/2091/1 2258/2097/1
f 2249/2099/1 2296/2091/1 2250/2098/1
f 2249/2099/1 2297/2100/1 2296/2091/1
f 2248/2101/1 2297/2100/1 2249/2099/1
f 2247/2102/1 2297/2100/1 2248/2101/1
f 2247/2102/1 2298/2103/1 2297/2100/1
f 2246/2104/1 2298/2103/1 2247/2102/1
f 2240/2105/1 2242/2106/1 2241/2107/1
f 2246/2104/1 2299/2108/1 2298/2103/1
f 2245/2109/1 2299/2108/1 2246/2104/1
f 2239/2110/1 2242/2106/1 2240/2105/1
f 2239/2110/1 2243/2111/1 2242/2106/1
f 2244/2112/1 2299/2108/1 2245/2109/1
f 2244/2112/1 2300/2113/1 2299/2108/1
f 2238/2114/1 2243/2111/1 2239/2110/1
f 2238/2114/1 2244/2112/1 2243/2111/1
f 2238/2114/1 2300/2113/1 2244/2112/1
f 2238/2114/1 2301/2115/1 2300/2113/1
f 2237/2116/1 2301/2115/1 2238/2114/1
f 2236/2117/1 2301/2115/1 2237/2116/1
f 2235/2118/1 2301/2115/1 2236/2117/1
f 2234/2119/1 2301/2115/1 2235/2118/1
f 2233/2120/1 2301/2115/1 2234/2119/1
f 2232/2121/1 2301/2115/1 2233/2120/1
f 2231/2122/1 2301/2115/1 2232/2121/1
f 2231/2122/1 2302/2123/1 2301/2115/1
f 2230/2124/1 2302/2123/1 2231/2122/1
f 2229/2125/1 2302/2123/1 2230/2124/1
f 2228/2126/1 2302/2123/1 2229/2125/1
f 2227/2127/1 2302/2123/1 2228/2126/1
f 2226/2128/1 2302/2123/1 2227/2127/1
f 2226/2128/1 2303/2129/1 2302/2123/1
f 2225/2130/1 2303/2129/1 2226/2128/1
f 2225/2130/1 2304/2131/1 2303/2129/1
f 2224/2132/1 2304/2131/1 2225/2130/1
f 2224/2132/1 2305/2133/1 2304/2131/1
f 2223/2134/1 2305/2133/1 2224/2132/1
f 2223/2134/1 2306/2135/1 2305/2133/1
f 2222/2136/1 2306/2135/1 2223/2134/1
f 2222/2136/1 2307/2137/1 2306/2135/1
f 2222/2136/1 2308/2138/1 2307/2137/1
f 2222/2136/1 2309/2139/1 2308/2138/1
f 2221/2140/1 2309/2139/1 2222/2136/1
f 2221/2140/1 2310/2141/1 2309/2139/1
f 2220/2142/1 2310/2141/1 2221/2140/1
f 2220/2142/1 2311/2143/1 2310/2141/1
f 2219/2144/1 2311/2143/1 2220/2142/1
f 2219/2144/1 2312/2145/1 2311/2143/1
f 2218/2146/1 2312/2145/1 2219/2144/1
f 2217/2147/1 2312/2145/1 2218/2146/1
f 2217/2147/1 2313/2148/1 2312/2145/1
f 2216/2149/1 2313/2148/1 2217/2147/1
f 2215/2150/1 2313/2148/1 2216/2149/1
f 2214/2151/1 2313/2148/1 2215/2150/1
f 2213/2152/1 2313/2148/1 2214/2151/1
f 2212/2153/1 2313/2148/1 2213/2152/1
f 2212/2153/1 2314/2154/1 2313/2148/1
f 2211/2155/1 2314/2154/1 2212/2153/1
f 2210/2156/1 2314/2154/1 2211/2155/1
f 2209/2157/1 2314/2154/1 2210/2156/1
f 2209/2157/1 2315/2158/1 2314/2154/1
f 2208/2159/1 2315/2158/1 2209/2157/1
f 2200/2160/1 2315/2158/1 2208/2159/1
f 2199/2161/1 2315/2158/1 2200/2160/1
f 2208/2159/1 2201/2162/1 2200/2160/1
f 2207/2163/1 2202/2164/1 2208/2159/1
f 2202/2164/1 2201/2162/1 2208/2159/1
f 2191/2165/1 2315/2158/1 2199/2161/1
f 2198/2166/1 2191/2165/1 2199/2161/1
f 2207/2163/1 2203/2167/1 2202/2164/1
f 2198/2166/1 2192/2168/1 2191/2165/1
f 2190/2169/1 2315/2158/1 2191/2165/1
f 2207/2163/1 2204/2170/1 2203/2167/1
f 2197/2171/1 2192/2168/1 2198/2166/1
f 2197/2171/1 2193/2172/1 2192/2168/1
f 2189/2173/1 2315/2158/1 2190/2169/1
f 2189/2173/1 2316/2174/1 2315/2158/1
f 2196/2175/1 2193/2172/1 2197/2171/1
f 2188/2176/1 2316/2174/1 2189/2173/1
f 2207/2163/1 2205/2177/1 2204/2170/1
f 2196/2175/1 2194/2178/1 2193/2172/1
f 2206/2179/1 2205/2177/1 2207/2163/1
f 2195/2180/1 2194/2178/1 2196/2175/1
f 2187/2181/1 2316/2174/1 2188/2176/1
f 2186/2182/1 2316/2174/1 2187/2181/1
f 2185/2183/1 2316/2174/1 2186/2182/1
f 2184/2184/1 2316/2174/1 2185/2183/1
f 2183/2185/1 2316/2174/1 2184/2184/1
f 2183/2185/1 2317/2186/1 2316/2174/1
f 2182/2187/1 2317/2186/1 2183/2185/1
f 2182/2187/1 2318/2188/1 2317/2186/1
f 2182/2187/1 2319/2189/1 2318/2188/1
f 2181/2190/1 2319/2189/1 2182/2187/1
f 2181/2190/1 2320/2191/1 2319/2189/1
f 2181/2190/1 2321/2192/1 2320/2191/1
f 2181/2190/1 2322/2193/1 2321/2192/1
f 2180/2194/1 2322/2193/1 2181/2190/1
f 2180/2194/1 2323/2195/1 2322/2193/1
f 2180/2194/1 2324/2196/1 2323/2195/1
f 2180/2194/1 2325/2197/1 2324/2196/1
f 2179/2198/1 2325/2197/1 2180/2194/1
f 2179/2198/1 2326/2199/1 2325/2197/1
f 2179/2198/1 2327/2200/1 2326/2199/1
f 2179/2198/1 2328/2201/1 2327/2200/1
f 2179/2198/1 2329/2202/1 2328/2201/1
f 2178/2203/1 2329/2202/1 2179/2198/1
f 2178/2203/1 2330/2204/1 2329/2202/1
f 2178/2203/1 2331/2205/1 2330/2204/1
f 2177/2206/1 2331/2205/1 2178/2203/1
f 2177/2206/1 2332/2207/1 2331/2205/1
f 2177/2206/1 2333/2208/1 2332/2207/1
f 2176/2209/1 2333/2208/1 2177/2206/1
f 2176/2209/1 2334/2210/1 2333/2208/1
f 2176/2209/1 2335/2211/1 2334/2210/1
f 2175/2212/1 2335/2211/1 2176/2209/1
f 2175/2212/1 2336/2213/1 2335/2211/1
f 2175/2212/1 2337/2214/1 2336/2213/1
f 2174/2215/1 2337/2214/1 2175/2212/1
f 2174/2215/1 2338/2216/1 2337/2214/1
f 2174/2215/1 2339/2217/1 2338/2216/1
f 2173/2218/1 2339/2217/1 2174/2215/1
f 2173/2218/1 2340/2219/1 2339/2217/1
f 2172/2220/1 2340/2219/1 2173/2218/1
f 2172/2220/1 2341/2221/1 2340/2219/1
f 2171/2222/1 2341/2221/1 2172/2220/1
f 2171/2222/1 2342/2223/1 2341/2221/1
f 2170/2224/1 2342/2223/1 2171/2222/1
f 2170/2224/1 2343/2225/1 2342/2223/1
f 2170/2224/1 2344/2226/1 2343/2225/1
f 2169/2227/1 2344/2226/1 2170/2224/1
f 2169/2227/1 2345/2228/1 2344/2226/1
f 2168/2229/1 2345/2228/1 2169/2227/1
f 2167/2230/1 2345/2228/1 2168/2229/1
f 2166/2231/1 2345/2228/1 2167/2230/1
f 2166/2231/1 2346/2232/1 2345/2228/1
f 2165/2233/1 2346/2232/1 2166/2231/1
f 2164/2234/1 2346/2232/1 2165/2233/1
f 2163/2235/1 2346/2232/1 2164/2234/1
f 2163/2235/1 2347/2236/1 2346/2232/1
f 2162/2237/1 2347/2236/1 2163/2235/1
f 2162/2237/1 2348/2238/1 2347/2236/1
f 2161/2239/1 2348/2238/1 2162/2237/1
f 2160/2240/1 2348/2238/1 2161/2239/1
f 2160/2240/1 2349/2241/1 2348/2238/1
f 2159/2242/1 2349/2241/1 2160/2240/1
f 2158/2243/1 2349/2241/1 2159/2242/1
f 2157/2244/1 2349/2241/1 2158/2243/1
f 2156/2245/1 2349/2241/1 2157/2244/1
f 2156/2245/1 2350/2246/1 2349/2241/1
f 2155/2247/1 2350/2246/1 2156/2245/1
f 2154/2248/1 2350/2246/1 2155/2247/1
f 2154/2248/1 2351/2249/1 2350/2246/1
f 2153/2250/1 2351/2249/1 2154/2248/1
f 2153/2250/1 2095/2251/1 2351/2249/1
f 2152/2252/1 2095/2251/1 2153/2250/1
f 2152/2252/1 2096/2253/1 2095/2251/1
f 2094/2254/1 2351/2249/1 2095/2251/1
f 2093/2255/1 2351/2249/1 2094/2254/1
f 2152/2252/1 2097/2256/1 2096/2253/1
f 2092/2257/1 2351/2249/1 2093/2255/1
f 2151/2258/1 2097/2256/1 2152/2252/1
f 2092/2257/1 2352/2259/1 2351/2249/1
f 2151/2258/1 2098/2260/1 2097/2256/1
f 2151/2258/1 2099/2261/1 2098/2260/1
f 2150/2262/1 2099/2261/1 2151/2258/1
f 2150/2262/1 2100/2263/1 2099/2261/1
f 2149/2264/1 2100/2263/1 2150/2262/1
f 2092/2257/1 2353/2265/1 2352/2259/1
f 2091/2266/1 2353/2265/1 2092/2257/1
f 2148/2267/1 2100/2263/1 2149/2264/1
f 2147/2268/1 2100/2263/1 2148/2267/1
f 2146/2269/1 2100/2263/1 2147/2268/1
f 2145/2270/1 2100/2263/1 2146/2269/1
f 2090/2271/1 2353/2265/1 2091/2266/1
f 2144/2272/1 2100/2263/1 2145/2270/1
f 2143/2273/1 2100/2263/1 2144/2272/1
f 2142/2274/1 2100/2263/1 2143/2273/1
f 2090/2271/1 2354/2275/1 2353/2265/1
f 2141/2276/1 2100/2263/1 2142/2274/1
f 2089/2277/1 2354/2275/1 2090/2271/1
f 2140/2278/1 2100/2263/1 2141/2276/1
f 2139/2279/1 2100/2263/1 2140/2278/1
f 2089/2277/1 2355/2280/1 2354/2275/1
f 2089/2277/1 2356/2281/1 2355/2280/1
f 2139/2279/1 2101/2282/1 2100/2263/1
f 2088/2283/1 2356/2281/1 2089/2277/1
f 2088/2283/1 2357/2284/1 2356/2281/1
f 2139/2279/1 2102/2285/1 2101/2282/1
f 2138/2286/1 2102/2285/1 2139/2279/1
f 2087/2287/1 2357/2284/1 2088/2283/1
f 2087/2287/1 2358/2288/1 2357/2284/1
f 2138/2286/1 2103/2289/1 2102/2285/1
f 2087/2287/1 2359/2290/1 2358/2288/1
f 2087/2287/1 2360/2291/1 2359/2290/1
f 2138/2286/1 2104/2292/1 2103/2289/1
f 2086/2293/1 2360/2291/1 2087/2287/1
f 2086/2293/1 2050/2294/1 2360/2291/1
f 2137/2295/1 2104/2292/1 2138/2286/1
f 2137/2295/1 2105/2296/1 2104/2292/1
f 2086/2293/1 2051/2297/1 2050/2294/1
f 2136/2298/1 2105/2296/1 2137/2295/1
f 2136/2298/1 2106/2299/1 2105/2296/1
f 2136/2298/1 2107/2300/1 2106/2299/1
f 2086/2293/1 2052/2301/1 2051/2297/1
f 2136/2298/1 2108/2302/1 2107/2300/1
f 2085/2303/1 2052/2301/1 2086/2293/1
f 2136/2298/1 2109/2304/1 2108/2302/1
f 2085/2303/1 2053/2305/1 2052/2301/1
f 2135/2306/1 2109/2304/1 2136/2298/1
f 2135/2306/1 2110/2307/1 2109/2304/1
f 2134/2308/1 2110/2307/1 2135/2306/1
f 2085/2303/1 2054/2309/1 2053/2305/1
f 2084/2310/1 2054/2309/1 2085/2303/1
f 2134/2308/1 2111/2311/1 2110/2307/1
f 2083/2312/1 2054/2309/1 2084/2310/1
f 2134/2308/1 2112/2313/1 2111/2311/1
f 2083/2312/1 2055/2314/1 2054/2309/1
f 2082/2315/1 2055/2314/1 2083/2312/1
f 2082/2315/1 2056/2316/1 2055/2314/1
f 2081/2317/1 2056/2316/1 2082/2315/1
f 2134/2308/1 2113/2318/1 2112/2313/1
f 2081/2317/1 2057/2319/1 2056/2316/1
f 2080/2320/1 2057/2319/1 2081/2317/1
f 2134/2308/1 2114/2321/1 2113/2318/1
f 2133/2322/1 2114/2321/1 2134/2308/1
f 2080/2320/1 2058/2323/1 2057/2319/1
f 2079/2324/1 2058/2323/1 2080/2320/1
f 2133/2322/1 2115/2325/1 2114/2321/1
f 2079/2324/1 2059/2326/1 2058/2323/1
f 2078/2327/1 2059/2326/1 2079/2324/1
f 2078/2327/1 2060/2328/1 2059/2326/1
f 2133/2322/1 2116/2329/1 2115/2325/1
f 2077/2330/1 2060/2328/1 2078/2327/1
f 2133/2322/1 2117/2331/1 2116/2329/1
f 2077/2330/1 2061/2332/1 2060/2328/1
f 2076/2333/1 2061/2332/1 2077/2330/1
f 2132/2334/1 2117/2331/1 2133/2322/1
f 2132/2334/1 2118/2335/1 2117/2331/1
f 2076/2333/1 2062/2336/1 2061/2332/1
f 2075/2337/1 2062/2336/1 2076/2333/1
f 2132/2334/1 2119/2338/1 2118/2335/1
f 2075/2337/1 2063/2339/1 2062/2336/1
f 2132/2334/1 2120/2340/1 2119/2338/1
f 2075/2337/1 2064/2341/1 2063/2339/1
f 2074/2342/1 2064/2341/1 2075/2337/1
f 2073/2343/1 2064/2341/1 2074/2342/1
f 2132/2334/1 2121/2344/1 2120/2340/1
f 2072/2345/1 2064/2341/1 2073/2343/1
f 2072/2345/1 2065/2346/1 2064/2341/1
f 2071/2347/1 2065/2346/1 2072/2345/1
f 2071/2347/1 2066/2348/1 2065/2346/1
f 2131/2349/1 2121/2344/1 2132/2334/1
f 2070/2350/1 2066/2348/1 2071/2347/1
f 2131/2349/1 2122/2351/1 2121/2344/1
f 2070/2350/1 2067/2352/1 2066/2348/1
f 2131/2349/1 2123/2353/1 2122/2351/1
f 2070/2350/1 2068/2354/1 2067/2352/1
f 2069/2355/1 2068/2354/1 2070/2350/1
f 2130/2356/1 2123/2353/1 2131/2349/1
f 2130/2356/1 2124/2357/1 2123/2353/1
f 2129/2358/1 2124/2357/1 2130/2356/1
f 2129/2358/1 2125/2359/1 2124/2357/1
f 2128/2360/1 2125/2359/1 2129/2358/1
f 2127/2361/1 2125/2359/1 2128/2360/1
f 2127/2361/1 2126/2362/1 2125/2359/1
f 2731/2363/2 2732/2364/2 2733/2365/2
f 2731/2363/2 2733/2365/2 2734/2366/2
f 2730/2367/2 2731/2363/2 2734/2366/2
f 2730/2367/2 2734/2366/2 2735/2368/2
f 2729/2369/2 2730/2367/2 2735/2368/2
f 2717/2370/2 2718/2371/2 2719/2372/2
f 2728/2373/2 2729/2369/2 2735/2368/2
f 2727/2374/2 2728/2373/2 2735/2368/2
f 2716/2375/2 2717/2370/2 2719/2372/2
f 2723/2376/2 2724/2377/2 2725/2378/2
f 2716/2375/2 2719/2372/2 2720/2379/2
f 2722/2380/2 2723/2376/2 2725/2378/2
f 2726/2381/2 2727/2374/2 2735/2368/2
f 2722/2380/2 2725/2378/2 2726/2381/2
f 2715/2382/2 2716/2375/2 2720/2379/2
f 2722/2380/2 2726/2381/2 2735/2368/2
f 2722/2380/2 2735/2368/2 2736/2383/2
f 2715/2382/2 2720/2379/2 2721/2384/2
f 2721/2384/2 2722/2380/2 2736/2383/2
f 2714/2385/2 2715/2382/2 2721/2384/2
f 2721/2384/2 2736/2383/2 2737/2386/2
f 2699/2387/2 2700/2388/2 2701/2389/2
f 2699/2387/2 2701/2389/2 2702/2390/2
f 2714/2385/2 2721/2384/2 2737/2386/2
f 2698/2391/2 2699/2387/2 2702/2390/2
f 2714/2385/2 2737/2386/2 2738/2392/2
f 2698/2391/2 2702/2390/2 2703/2393/2
f 2697/2394/2 2698/2391/2 2703/2393/2
f 2696/2395/2 2697/2394/2 2703/2393/2
f 2714/2385/2 2738/2392/2 2739/2396/2
f 2695/2397/2 2696/2395/2 2703/2393/2
f 2740/2398/2 2741/2399/2 2742/2400/2
f 2714/2385/2 2739/2396/2 2740/2398/2
f 2714/2385/2 2740/2398/2 2742/2400/2
f 2694/2401/2 2695/2397/2 2703/2393/2
f 2713/2402/2 2714/2385/2 2742/2400/2
f 2705/2403/2 2706/2404/2 2707/2405/2
f 2705/2403/2 2707/2405/2 2708/2406/2
f 2705/2403/2 2708/2406/2 2709/2407/2
f 2712/2408/2 2713/2402/2 2742/2400/2
f 2693/2409/2 2694/2401/2 2703/2393/2
f 2704/2410/2 2705/2403/2 2709/2407/2
f 2693/2409/2 2703/2393/2 2704/2410/2
f 2711/2411/2 2712/2408/2 2742/2400/2
f 2704/2410/2 2709/2407/2 2710/2412/2
f 2692/2413/2 2693/2409/2 2704/2410/2
f 2692/2413/2 2704/2410/2 2710/2412/2
f 2710/2412/2 2711/2411/2 2742/2400/2
f 2692/2413/2 2710/2412/2 2742/2400/2
f 2691/2414/2 2692/2413/2 2742/2400/2
f 2690/2415/2 2691/2414/2 2742/2400/2
f 2682/2416/2 2683/2417/2 2684/2418/2
f 2681/2419/2 2682/2416/2 2684/2418/2
f 2681/2419/2 2684/2418/2 2685/2420/2
f 2689/2421/2 2690/2415/2 2742/2400/2
f 2681/2419/2 2685/2420/2 2686/2422/2
f 2689/2421/2 2742/2400/2 2743/2423/2
f 2680/2424/2 2681/2419/2 2686/2422/2
f 2680/2424/2 2686/2422/2 2687/2425/2
f 2688/2426/2 2689/2421/2 2743/2423/2
f 2680/2424/2 2687/2425/2 2688/2426/2
f 2680/2424/2 2688/2426/2 2743/2423/2
f 2679/2427/2 2680/2424/2 2743/2423/2
f 2679/2427/2 2743/2423/2 2744/2428/2
f 2679/2427/2 2744/2428/2 2745/2429/2
f 2678/2430/2 2679/2427/2 2745/2429/2
f 2678/2430/2 2745/2429/2 2746/2431/2
f 2674/2432/2 2675/2433/2 2676/2434/2
f 2677/2435/2 2678/2430/2 2746/2431/2
f 2673/2436/2 2674/2432/2 2676/2434/2
f 2673/2436/2 2676/2434/2 2677/2435/2
f 2673/2436/2 2677/2435/2 2746/2431/2
f 2672/2437/2 2673/2436/2 2746/2431/2
f 2672/2437/2 2746/2431/2 2747/2438/2
f 2672/2437/2 2747/2438/2 2748/2439/2
f 2671/2440/2 2672/2437/2 2748/2439/2
f 2670/2441/2 2671/2440/2 2748/2439/2
f 2670/2441/2 2748/2439/2 2749/2442/2
f 2669/2443/2 2670/2441/2 2749/2442/2
f 2668/2444/2 2669/2443/2 2749/2442/2
f 2667/2445/2 2668/2444/2 2749/2442/2
f 2667/2445/2 2749/2442/2 2750/2446/2
f 2666/2447/2 2667/2445/2 2750/2446/2
f 2665/2448/2 2666/2447/2 2750/2446/2
f 2664/2449/2 2665/2448/2 2750/2446/2
f 2664/2449/2 2750/2446/2 2751/2450/2
f 2663/2451/2 2664/2449/2 2751/2450/2
f 2663/2451/2 2751/2450/2 2752/2452/2
f 2662/2453/2 2663/2451/2 2752/2452/2
f 2661/2454/2 2662/2453/2 2752/2452/2
f 2661/2454/2 2752/2452/2 2753/2455/2
f 2660/2456/2 2661/2454/2 2753/2455/2
f 2660/2456/2 2753/2455/2 2754/2457/2
f 2659/2458/2 2660/2456/2 2754/2457/2
f 2659/2458/2 2754/2457/2 2361/2459/2
f 2659/2458/2 2361/2459/2 2362/2460/2
f 2659/2458/2 2362/2460/2 2363/2461/2
f 2658/2462/2 2659/2458/2 2363/2461/2
f 2658/2462/2 2363/2461/2 2364/2463/2
f 2657/2464/2 2658/2462/2 2364/2463/2
f 2657/2464/2 2364/2463/2 2365/2465/2
f 2656/2466/2 2657/2464/2 2365/2465/2
f 2656/2466/2 2365/2465/2 2366/2467/2
f 2655/2468/2 2656/2466/2 2366/2467/2
f 2655/2468/2 2366/2467/2 2367/2469/2
f 2655/2468/2 2367/2469/2 2368/2470/2
f 2654/2471/2 2655/2468/2 2368/2470/2
f 2654/2471/2 2368/2470/2 2369/2472/2
f 2653/2473/2 2654/2471/2 2369/2472/2
f 2653/2473/2 2369/2472/2 2370/2474/2
f 2652/2475/2 2653/2473/2 2370/2474/2
f 2652/2475/2 2370/2474/2 2371/2476/2
f 2651/2477/2 2652/2475/2 2371/2476/2
f 2650/2478/2 2651/2477/2 2371/2476/2
f 2597/2479/2 2650/2478/2 2371/2476/2
f 2596/2480/2 2597/2479/2 2371/2476/2
f 2650/2478/2 2597/2479/2 2598/2481/2
f 2649/2482/2 2650/2478/2 2598/2481/2
f 2649/2482/2 2598/2481/2 2599/2483/2
f 2649/2482/2 2599/2483/2 2600/2484/2
f 2595/2485/2 2596/2480/2 2371/2476/2
f 2649/2482/2 2600/2484/2 2601/2486/2
f 2649/2482/2 2601/2486/2 2602/2487/2
f 2594/2488/2 2595/2485/2 2371/2476/2
f 2649/2482/2 2602/2487/2 2603/2489/2
f 2648/2490/2 2649/2482/2 2603/2489/2
f 2648/2490/2 2603/2489/2 2604/2491/2
f 2593/2492/2 2594/2488/2 2371/2476/2
f 2648/2490/2 2604/2491/2 2617/2493/2
f 2617/2493/2 2604/2491/2 2605/2494/2
f 2648/2490/2 2617/2493/2 2618/2495/2
f 2616/2496/2 2617/2493/2 2605/2494/2
f 2615/2497/1 2616/2496/1 2605/2494/1
f 2614/2498/1 2615/2497/1 2605/2494/1
f 2613/2499/1 2614/2498/1 2605/2494/1
f 2612/2500/1 2613/2499/1 2605/2494/1
f 2611/2501/1 2612/2500/1 2605/2494/1
f 2610/2502/1 2611/2501/1 2605/2494/1
f 2609/2503/1 2610/2502/1 2605/2494/1
f 2608/2504/1 2609/2503/1 2605/2494/1
f 2607/2505/1 2608/2504/1 2605/2494/1
f 2606/2506/1 2607/2505/1 2605/2494/1
f 2647/2507/2 2648/2490/2 2618/2495/2
f 2647/2507/2 2618/2495/2 2619/2508/2
f 2592/2509/2 2593/2492/2 2371/2476/2
f 2647/2507/2 2619/2508/2 2620/2510/2
f 2647/2507/2 2620/2510/2 2629/2511/2
f 2628/2512/2 2629/2511/2 2620/2510/2
f 2628/2512/2 2620/2510/2 2621/2513/2
f 2647/2507/2 2629/2511/2 2630/2514/2
f 2591/2515/2 2592/2509/2 2371/2476/2
f 2647/2507/2 2630/2514/2 2640/2516/2
f 2589/2517/2 2591/2515/2 2371/2476/2
f 2591/2515/2 2589/2517/2 2590/2518/2
f 2588/2519/2 2589/2517/2 2371/2476/2
f 2646/2520/2 2647/2507/2 2640/2516/2
f 2639/2521/2 2640/2516/2 2630/2514/2
f 2624/2522/2 2628/2512/2 2621/2513/2
f 2587/2523/2 2588/2519/2 2371/2476/2
f 2639/2521/2 2630/2514/2 2631/2524/2
f 2628/2512/2 2624/2522/2 2625/2525/2
f 2623/2526/2 2624/2522/2 2621/2513/2
f 2627/2527/2 2628/2512/2 2625/2525/2
f 2646/2520/2 2640/2516/2 2641/2528/2
f 2627/2527/2 2625/2525/2 2626/2529/2
f 2638/2530/2 2639/2521/2 2631/2524/2
f 2623/2526/2 2621/2513/2 2622/2531/2
f 2638/2530/2 2631/2524/2 2632/2532/2
f 2586/2533/2 2587/2523/2 2371/2476/2
f 2586/2533/2 2371/2476/2 2372/2534/2
f 2638/2530/2 2632/2532/2 2633/2535/2
f 2638/2530/2 2633/2535/2 2634/2536/2
f 2646/2520/2 2641/2528/2 2642/2537/2
f 2645/2538/2 2646/2520/2 2642/2537/2
f 2638/2530/2 2634/2536/2 2635/2539/2
f 2637/2540/2 2638/2530/2 2635/2539/2
f 2585/2541/2 2586/2533/2 2372/2534/2
f 2637/2540/2 2635/2539/2 2636/2542/2
f 2644/2543/2 2645/2538/2 2642/2537/2
f 2644/2543/2 2642/2537/2 2643/2544/2
f 2584/2545/2 2585/2541/2 2372/2534/2
f 2583/2546/2 2584/2545/2 2372/2534/2
f 2582/2547/2 2583/2546/2 2372/2534/2
f 2581/2548/2 2582/2547/2 2372/2534/2
f 2580/2549/2 2581/2548/2 2372/2534/2
f 2579/2550/2 2580/2549/2 2372/2534/2
f 2579/2550/2 2372/2534/2 2373/2551/2
f 2578/2552/2 2579/2550/2 2373/2551/2
f 2578/2552/2 2373/2551/2 2374/2553/2
f 2577/2554/2 2578/2552/2 2374/2553/2
f 2577/2554/2 2374/2553/2 2375/2555/2
f 2576/2556/2 2577/2554/2 2375/2555/2
f 2576/2556/2 2375/2555/2 2376/2557/2
f 2575/2558/2 2576/2556/2 2376/2557/2
f 2540/2559/2 2541/2560/2 2542/2561/2
f 2540/2559/2 2542/2561/2 2543/2562/2
f 2574/2563/2 2575/2558/2 2376/2557/2
f 2540/2559/2 2543/2562/2 2544/2564/2
f 2540/2559/2 2544/2564/2 2545/2565/2
f 2574/2563/2 2376/2557/2 2377/2566/2
f 2540/2559/2 2545/2565/2 2546/2567/2
f 2539/2568/2 2540/2559/2 2546/2567/2
f 2573/2569/2 2574/2563/2 2377/2566/2
f 2539/2568/2 2546/2567/2 2547/2570/2
f 2539/2568/2 2547/2570/2 2548/2571/2
f 2573/2569/2 2377/2566/2 2378/2572/2
f 2538/2573/2 2539/2568/2 2548/2571/2
f 2572/2574/2 2573/2569/2 2378/2572/2
f 2537/2575/2 2538/2573/2 2548/2571/2
f 2537/2575/2 2548/2571/2 2549/2576/2
f 2536/2577/2 2537/2575/2 2549/2576/2
f 2571/2578/2 2572/2574/2 2378/2572/2
f 2535/2579/2 2536/2577/2 2549/2576/2
f 2535/2579/2 2549/2576/2 2550/2580/2
f 2534/2581/2 2535/2579/2 2550/2580/2
f 2571/2578/2 2378/2572/2 2379/2582/2
f 2533/2583/2 2534/2581/2 2550/2580/2
f 2532/2584/2 2533/2583/2 2550/2580/2
f 2531/2585/2 2532/2584/2 2550/2580/2
f 2570/2586/2 2571/2578/2 2379/2582/2
f 2531/2585/2 2550/2580/2 2551/2587/2
f 2530/2588/2 2531/2585/2 2551/2587/2
f 2529/2589/2 2530/2588/2 2551/2587/2
f 2569/2590/2 2570/2586/2 2379/2582/2
f 2569/2590/2 2379/2582/2 2380/2591/2
f 2529/2589/2 2551/2587/2 2552/2592/2
f 2568/2593/2 2569/2590/2 2380/2591/2
f 2528/2594/2 2529/2589/2 2552/2592/2
f 2527/2595/2 2528/2594/2 2552/2592/2
f 2567/2596/2 2568/2593/2 2380/2591/2
f 2527/2595/2 2552/2592/2 2553/2597/2
f 2526/2598/2 2527/2595/2 2553/2597/2
f 2566/2599/2 2567/2596/2 2380/2591/2
f 2566/2599/2 2380/2591/2 2381/2600/2
f 2526/2598/2 2553/2597/2 2554/2601/2
f 2565/2602/2 2566/2599/2 2381/2600/2
f 2526/2598/2 2554/2601/2 2555/2603/2
f 2564/2604/2 2565/2602/2 2381/2600/2
f 2564/2604/2 2381/2600/2 2382/2605/2
f 2526/2598/2 2555/2603/2 2556/2606/2
f 2564/2604/2 2382/2605/2 2383/2607/2
f 2526/2598/2 2556/2606/2 2557/2608/2
f 2563/2609/2 2564/2604/2 2383/2607/2
f 2562/2610/2 2563/2609/2 2383/2607/2
f 2561/2611/2 2562/2610/2 2383/2607/2
f 2561/2611/2 2383/2607/2 2384/2612/2
f 2526/2598/2 2557/2608/2 2558/2613/2
f 2526/2598/2 2558/2613/2 2559/2614/2
f 2560/2615/2 2561/2611/2 2384/2612/2
f 2526/2598/2 2559/2614/2 2560/2615/2
f 2560/2615/2 2384/2612/2 2385/2616/2
f 2526/2598/2 2560/2615/2 2385/2616/2
f 2525/2617/2 2526/2598/2 2385/2616/2
f 2525/2617/2 2385/2616/2 2386/2618/2
f 2524/2619/2 2525/2617/2 2386/2618/2
f 2523/2620/2 2524/2619/2 2386/2618/2
f 2523/2620/2 2386/2618/2 2387/2621/2
f 2523/2620/2 2387/2621/2 2388/2622/2
f 2522/2623/2 2523/2620/2 2388/2622/2
f 2522/2623/2 2388/2622/2 2389/2624/2
f 2522/2623/2 2389/2624/2 2390/2625/2
f 2522/2623/2 2390/2625/2 2391/2626/2
f 2521/2627/2 2522/2623/2 2391/2626/2
f 2521/2627/2 2391/2626/2 2392/2628/2
f 2520/2629/2 2521/2627/2 2392/2628/2
f 2520/2629/2 2392/2628/2 2393/2630/2
f 2520/2629/2 2393/2630/2 2394/2631/2
f 2519/2632/2 2520/2629/2 2394/2631/2
f 2519/2632/2 2394/2631/2 2395/2633/2
f 2518/2634/2 2519/2632/2 2395/2633/2
f 2518/2634/2 2395/2633/2 2396/2635/2
f 2517/2636/2 2518/2634/2 2396/2635/2
f 2517/2636/2 2396/2635/2 2397/2637/2
f 2516/2638/2 2517/2636/2 2397/2637/2
f 2515/2639/2 2516/2638/2 2397/2637/2
f 2514/2640/2 2515/2639/2 2397/2637/2
f 2514/2640/2 2397/2637/2 2398/2641/2
f 2513/2642/2 2514/2640/2 2398/2641/2
f 2512/2643/2 2513/2642/2 2398/2641/2
f 2512/2643/2 2398/2641/2 2399/2644/2
f 2512/2643/2 2399/2644/2 2400/2645/2
f 2511/2646/2 2512/2643/2 2400/2645/2
f 2511/2646/2 2400/2645/2 2401/2647/2
f 2510/2648/2 2511/2646/2 2401/2647/2
f 2510/2648/2 2401/2647/2 2402/2649/2
f 2510/2648/2 2402/2649/2 2403/2650/2
f 2509/2651/2 2510/2648/2 2403/2650/2
f 2509/2651/2 2403/2650/2 2404/2652/2
f 2509/2651/2 2404/2652/2 2405/2653/2
f 2509/2651/2 2405/2653/2 2406/2654/2
f 2509/2651/2 2406/2654/2 2407/2655/2
f 2508/2656/2 2509/2651/2 2407/2655/2
f 2507/2657/2 2508/2656/2 2407/2655/2
f 2507/2657/2 2407/2655/2 2408/2658/2
f 2507/2657/2 2408/2658/2 2409/2659/2
f 2506/2660/2 2507/2657/2 2409/2659/2
f 2506/2660/2 2409/2659/2 2410/2661/2
f 2505/2662/2 2506/2660/2 2410/2661/2
f 2505/2662/2 2410/2661/2 2411/2663/2
f 2504/2664/2 2505/2662/2 2411/2663/2
f 2503/2665/2 2504/2664/2 2411/2663/2
f 2502/2666/2 2503/2665/2 2411/2663/2
f 2502/2666/2 2411/2663/2 2412/2667/2
f 2501/2668/2 2502/2666/2 2412/2667/2
f 2500/2669/2 2501/2668/2 2412/2667/2
f 2500/2669/2 2412/2667/2 2413/2670/2
f 2499/2671/2 2500/2669/2 2413/2670/2
f 2499/2671/2 2413/2670/2 2414/2672/2
f 2498/2673/2 2499/2671/2 2414/2672/2
f 2498/2673/2 2414/2672/2 2415/2674/2
f 2498/2673/2 2415/2674/2 2416/2675/2
f 2498/2673/2 2416/2675/2 2417/2676/2
f 2498/2673/2 2417/2676/2 2418/2677/2
f 2497/2678/2 2498/2673/2 2418/2677/2
f 2497/2678/2 2418/2677/2 2419/2679/2
f 2497/2678/2 2419/2679/2 2420/2680/2
f 2497/2678/2 2420/2680/2 2421/2681/2
f 2496/2682/2 2497/2678/2 2421/2681/2
f 2496/2682/2 2421/2681/2 2422/2683/2
f 2496/2682/2 2422/2683/2 2423/2684/2
f 2495/2685/2 2496/2682/2 2423/2684/2
f 2494/2686/2 2495/2685/2 2423/2684/2
f 2494/2686/2 2423/2684/2 2424/2687/2
f 2493/2688/2 2494/2686/2 2424/2687/2
f 2493/2688/2 2424/2687/2 2425/2689/2
f 2492/2690/2 2493/2688/2 2425/2689/2
f 2492/2690/2 2425/2689/2 2426/2691/2
f 2492/2690/2 2426/2691/2 2427/2692/2
f 2491/2693/2 2492/2690/2 2427/2692/2
f 2491/2693/2 2427/2692/2 2428/2694/2
f 2491/2693/2 2428/2694/2 2429/2695/2
f 2490/2696/2 2491/2693/2 2429/2695/2
f 2490/2696/2 2429/2695/2 2430/2697/2
f 2490/2696/2 2430/2697/2 2431/2698/2
f 2490/2696/2 2431/2698/2 2432/2699/2
f 2489/2700/2 2490/2696/2 2432/2699/2
f 2488/2701/2 2489/2700/2 2432/2699/2
f 2487/2702/2 2488/2701/2 2432/2699/2
f 2487/2702/2 2432/2699/2 2433/2703/2
f 2486/2704/2 2487/2702/2 2433/2703/2
f 2485/2705/2 2486/2704/2 2433/2703/2
f 2485/2705/2 2433/2703/2 2434/2706/2
f 2484/2707/2 2485/2705/2 2434/2706/2
f 2483/2708/2 2484/2707/2 2434/2706/2
f 2482/2709/2 2483/2708/2 2434/2706/2
f 2481/2710/2 2482/2709/2 2434/2706/2
f 2481/2710/2 2434/2706/2 2435/2711/2
f 2480/2712/2 2481/2710/2 2435/2711/2
f 2479/2713/2 2480/2712/2 2435/2711/2
f 2478/2714/2 2479/2713/2 2435/2711/2
f 2478/2714/2 2435/2711/2 2436/2715/2
f 2477/2716/2 2478/2714/2 2436/2715/2
f 2477/2716/2 2436/2715/2 2437/2717/2
f 2477/2716/2 2437/2717/2 2438/2718/2
f 2476/2719/2 2477/2716/2 2438/2718/2
f 2475/2720/2 2476/2719/2 2438/2718/2
f 2475/2720/2 2438/2718/2 2439/2721/2
f 2475/2720/2 2439/2721/2 2440/2722/2
f 2474/2723/2 2475/2720/2 2440/2722/2
f 2474/2723/2 2440/2722/2 2441/2724/2
f 2474/2723/2 2441/2724/2 2442/2725/2
f 2473/2726/2 2474/2723/2 2442/2725/2
f 2473/2726/2 2442/2725/2 2443/2727/2
f 2472/2728/2 2473/2726/2 2443/2727/2
f 2472/2728/2 2443/2727/2 2444/2729/2
f 2472/2728/2 2444/2729/2 2445/2730/2
f 2471/2731/2 2472/2728/2 2445/2730/2
f 2471/2731/2 2445/2730/2 2446/2732/2
f 2470/2733/2 2471/2731/2 2446/2732/2
f 2470/2733/2 2446/2732/2 2447/2734/2
f 2470/2733/2 2447/2734/2 2448/2735/2
f 2469/2736/2 2470/2733/2 2448/2735/2
f 2468/2737/2 2469/2736/2 2448/2735/2
f 2467/2738/2 2468/2737/2 2448/2735/2
f 2467/2738/2 2448/2735/2 2449/2739/2
f 2466/2740/2 2467/2738/2 2449/2739/2
f 2465/2741/2 2466/2740/2 2449/2739/2
f 2464/2742/2 2465/2741/2 2449/2739/2
f 2462/2743/2 2464/2742/2 2449/2739/2
f 2461/2744/2 2462/2743/2 2449/2739/2
f 2461/2744/2 2449/2739/2 2450/2745/2
f 2464/2742/2 2462/2743/2 2463/2746/2
f 2460/2747/2 2461/2744/2 2450/2745/2
f 2459/2748/2 2460/2747/2 2450/2745/2
f 2459/2748/2 2450/2745/2 2451/2749/2
f 2458/2750/2 2459/2748/2 2451/2749/2
f 2458/2750/2 2451/2749/2 2452/2751/2
f 2458/2750/2 2452/2751/2 2453/2752/2
f 2458/2750/2 2453/2752/2 2454/2753/2
f 2457/2754/2 2458/2750/2 2454/2753/2
f 2456/2755/2 2457/2754/2 2454/2753/2
f 2456/2755/2 2454/2753/2 2455/2756/2
f 2862/2757/2 2863/2758/2 2864/2759/2
f 2862/2757/2 2864/2759/2 2865/2760/2
f 2861/2761/2 2862/2757/2 2865/2760/2
f 2861/2761/2 2865/2760/2 2866/2762/2
f 2861/2761/2 2866/2762/2 2867/2763/2
f 2860/2764/2 2861/2761/2 2867/2763/2
f 2856/2765/2 2857/2766/2 2858/2767/2
f 2860/2764/2 2867/2763/2 2868/2768/2
f 2856/2765/2 2858/2767/2 2859/2769/2
f 2855/2770/2 2856/2765/2 2859/2769/2
f 2855/2770/2 2859/2769/2 2860/2764/2
f 2855/2770/2 2860/2764/2 2868/2768/2
f 2854/2771/2 2855/2770/2 2868/2768/2
f 2853/2772/2 2854/2771/2 2868/2768/2
f 2852/2773/2 2853/2772/2 2868/2768/2
f 2851/2774/2 2852/2773/2 2868/2768/2
f 2850/2775/2 2851/2774/2 2868/2768/2
f 2850/2775/2 2868/2768/2 2869/2776/2
f 2849/2777/2 2850/2775/2 2869/2776/2
f 2845/2778/2 2846/2779/2 2847/2780/2
f 2845/2778/2 2847/2780/2 2848/2781/2
f 2848/2781/2 2849/2777/2 2869/2776/2
f 2844/2782/2 2845/2778/2 2848/2781/2
f 2844/2782/2 2848/2781/2 2869/2776/2
f 2843/2783/2 2844/2782/2 2869/2776/2
f 2842/2784/2 2843/2783/2 2869/2776/2
f 2841/2785/2 2842/2784/2 2869/2776/2
f 2840/2786/2 2841/2785/2 2869/2776/2
f 2839/2787/2 2840/2786/2 2869/2776/2
f 2838/2788/2 2839/2787/2 2869/2776/2
f 2837/2789/2 2838/2788/2 2869/2776/2
f 2836/2790/2 2837/2789/2 2869/2776/2
f 2836/2790/2 2869/2776/2 2870/2791/2
f 2835/2792/2 2836/2790/2 2870/2791/2
f 2834/2793/2 2835/2792/2 2870/2791/2
f 2834/2793/2 2870/2791/2 2871/2794/2
f 2833/2795/2 2834/2793/2 2871/2794/2
f 2833/2795/2 2871/2794/2 2872/2796/2
f 2833/2795/2 2872/2796/2 2873/2797/2
f 2832/2798/2 2833/2795/2 2873/2797/2
f 2832/2798/2 2873/2797/2 2874/2799/2
f 2832/2798/2 2874/2799/2 2875/2800/2
f 2832/2798/2 2875/2800/2 2876/2801/2
f 2831/2802/2 2832/2798/2 2876/2801/2
f 2830/2803/2 2831/2802/2 2876/2801/2
f 2830/2803/2 2876/2801/2 2877/2804/2
f 2829/2805/2 2830/2803/2 2877/2804/2
f 2829/2805/2 2877/2804/2 2878/2806/2
f 2829/2805/2 2878/2806/2 2879/2807/2
f 2828/2808/2 2829/2805/2 2879/2807/2
f 2999/2809/2 3000/2810/2 3001/2811/2
f 2998/2812/2 2999/2809/2 3001/2811/2
f 2998/2812/2 3001/2811/2 3002/2813/2
f 2828/2808/2 2879/2807/2 2880/2814/2
f 2827/2815/2 2828/2808/2 2880/2814/2
f 2998/2812/2 3002/2813/2 3003/2816/2
f 2997/2817/2 2998/2812/2 3003/2816/2
f 2997/2817/2 3003/2816/2 3004/2818/2
f 2982/2819/2 2983/2820/2 2984/2821/2
f 2981/2822/2 2982/2819/2 2984/2821/2
f 2992/2823/2 2993/2824/2 2994/2825/2
f 2980/2826/2 2981/2822/2 2984/2821/2
f 2980/2826/2 2984/2821/2 2985/2827/2
f 2991/2828/2 2992/2823/2 2994/2825/2
f 2996/2829/2 2997/2817/2 3004/2818/2
f 2991/2828/2 2994/2825/2 2995/2830/2
f 2827/2815/2 2880/2814/2 2881/2831/2
f 2979/2832/2 2980/2826/2 2985/2827/2
f 2996/2829/2 3004/2818/2 3005/2833/2
f 2991/2828/2 2995/2830/2 2996/2829/2
f 2979/2832/2 2985/2827/2 2986/2834/2
f 2990/2835/2 2991/2828/2 2996/2829/2
f 2978/2836/2 2979/2832/2 2986/2834/2
f 2990/2835/2 2996/2829/2 3005/2833/2
f 2978/2836/2 2986/2834/2 2987/2837/2
f 2989/2838/2 2990/2835/2 3005/2833/2
f 2977/2839/2 2978/2836/2 2987/2837/2
f 2826/2840/2 2827/2815/2 2881/2831/2
f 2977/2839/2 2987/2837/2 2988/2841/2
f 2988/2841/2 2989/2838/2 3005/2833/2
f 2977/2839/2 2988/2841/2 3005/2833/2
f 2826/2840/2 2881/2831/2 2882/2842/2
f 2977/2839/2 3005/2833/2 3006/2843/2
f 2977/2839/2 3006/2843/2 3007/2844/2
f 2825/2845/2 2826/2840/2 2882/2842/2
f 2977/2839/2 3007/2844/2 3008/2846/2
f 2824/2847/2 2825/2845/2 2882/2842/2
f 2977/2839/2 3008/2846/2 3009/2848/2
f 2824/2847/2 2882/2842/2 2883/2849/2
f 2823/2850/2 2824/2847/2 2883/2849/2
f 2977/2839/2 3009/2848/2 3010/2851/2
f 2823/2850/2 2883/2849/2 2884/2852/2
f 2822/2853/2 2823/2850/2 2884/2852/2
f 2977/2839/2 3010/2851/2 3011/2854/2
f 2822/2853/2 2884/2852/2 2885/2855/2
f 2821/2856/2 2822/2853/2 2885/2855/2
f 2977/2839/2 3011/2854/2 3012/2857/2
f 2821/2856/2 2885/2855/2 2886/2858/2
f 2820/2859/2 2821/2856/2 2886/2858/2
f 2977/2839/2 3012/2857/2 3013/2860/2
f 2820/2859/2 2886/2858/2 2887/2861/2
f 2976/2862/2 2977/2839/2 3013/2860/2
f 2976/2862/2 3013/2860/2 3014/2863/2
f 2819/2864/2 2820/2859/2 2887/2861/2
f 2818/2865/2 2819/2864/2 2887/2861/2
f 2976/2862/2 3014/2863/2 3015/2866/2
f 2818/2865/2 2887/2861/2 2755/2867/2
f 2975/2868/2 2976/2862/2 3015/2866/2
f 2975/2868/2 3015/2866/2 3016/2869/2
f 2818/2865/2 2755/2867/2 2756/2870/2
f 2975/2868/2 3016/2869/2 3017/2871/2
f 2818/2865/2 2756/2870/2 2757/2872/2
f 2818/2865/2 2757/2872/2 2758/2873/2
f 2974/2874/2 2975/2868/2 3017/2871/2
f 2818/2865/2 2758/2873/2 2759/2875/2
f 2817/2876/2 2818/2865/2 2759/2875/2
f 2817/2876/2 2759/2875/2 2760/2877/2
f 2817/2876/2 2760/2877/2 2761/2878/2
f 2973/2879/2 2974/2874/2 3017/2871/2
f 2817/2876/2 2761/2878/2 2762/2880/2
f 2973/2879/2 3017/2871/2 3018/2881/2
f 2816/2882/2 2817/2876/2 2762/2880/2
f 2972/2883/2 2973/2879/2 3018/2881/2
f 2972/2883/2 3018/2881/2 3019/2884/2
f 2972/2883/2 3019/2884/2 3020/2885/2
f 2816/2882/2 2762/2880/2 2763/2886/2
f 2971/2887/2 2972/2883/2 3020/2885/2
f 2971/2887/2 3020/2885/2 3021/2888/2
f 2815/2889/2 2816/2882/2 2763/2886/2
f 2970/2890/2 2971/2887/2 3021/2888/2
f 2970/2890/2 3021/2888/2 3022/2891/2
f 2970/2890/2 3022/2891/2 3023/2892/2
f 2815/2889/2 2763/2886/2 2764/2893/2
f 2969/2894/2 2970/2890/2 3023/2892/2
f 2969/2894/2 3023/2892/2 3024/2895/2
f 2814/2896/2 2815/2889/2 2764/2893/2
f 2814/2896/2 2764/2893/2 2765/2897/2
f 2968/2898/2 2969/2894/2 3024/2895/2
f 2967/2899/2 2968/2898/2 3024/2895/2
f 2967/2899/2 3024/2895/2 3025/2900/2
f 2966/2901/2 2967/2899/2 3025/2900/2
f 2814/2896/2 2765/2897/2 2766/2902/2
f 2813/2903/2 2814/2896/2 2766/2902/2
f 2965/2904/2 2966/2901/2 3025/2900/2
f 2965/2904/2 3025/2900/2 3026/2905/2
f 2964/2906/2 2965/2904/2 3026/2905/2
f 2964/2906/2 3026/2905/2 3027/2907/2
f 2813/2903/2 2766/2902/2 2767/2908/2
f 2812/2909/2 2813/2903/2 2767/2908/2
f 2964/2906/2 3027/2907/2 3028/2910/2
f 2812/2909/2 2767/2908/2 2768/2911/2
f 2964/2906/2 3028/2910/2 3029/2912/2
f 2811/2913/2 2812/2909/2 2768/2911/2
f 2811/2913/2 2768/2911/2 2769/2914/2
f 2963/2915/2 2964/2906/2 3029/2912/2
f 2811/2913/2 2769/2914/2 2770/2916/2
f 2811/2913/2 2770/2916/2 2771/2917/2
f 2963/2915/2 3029/2912/2 3030/2918/2
f 2810/2919/2 2811/2913/2 2771/2917/2
f 2810/2919/2 2771/2917/2 2772/2920/2
f 2962/2921/2 2963/2915/2 3030/2918/2
f 2810/2919/2 2772/2920/2 2773/2922/2
f 2962/2921/2 3030/2918/2 3031/2923/2
f 2810/2919/2 2773/2922/2 2774/2924/2
f 2961/2925/2 2962/2921/2 3031/2923/2
f 2810/2919/2 2774/2924/2 2775/2926/2
f 2960/2927/2 2961/2925/2 3031/2923/2
f 2960/2927/2 3031/2923/2 3032/2928/2
f 2810/2919/2 2775/2926/2 2776/2929/2
f 2960/2927/2 3032/2928/2 3033/2930/2
f 2959/2931/2 2960/2927/2 3033/2930/2
f 2810/2919/2 2776/2929/2 2777/2932/2
f 2958/2933/2 2959/2931/2 3033/2930/2
f 2810/2919/2 2777/2932/2 2778/2934/2
f 2957/2935/2 2958/2933/2 3033/2930/2
f 2809/2936/2 2810/2919/2 2778/2934/2
f 2809/2936/2 2778/2934/2 2779/2937/2
f 2809/2936/2 2779/2937/2 2780/2938/2
f 2956/2939/2 2957/2935/2 3033/2930/2
f 2809/2936/2 2780/2938/2 2783/2940/2
f 2809/2936/2 2783/2940/2 2784/2941/2
f 2782/2942/2 2783/2940/2 2780/2938/2
f 2782/2942/2 2780/2938/2 2781/2943/2
f 2809/2936/2 2784/2941/2 2785/2944/2
f 2809/2936/2 2785/2944/2 2786/2945/2
f 2808/2946/2 2809/2936/2 2786/2945/2
f 2808/2946/2 2786/2945/2 2787/2947/2
f 2807/2948/2 2808/2946/2 2787/2947/2
f 2807/2948/2 2787/2947/2 2788/2949/2
f 2955/2950/2 2956/2939/2 3033/2930/2
f 2955/2950/2 3033/2930/2 3034/2951/2
f 2806/2952/2 2807/2948/2 2788/2949/2
f 2806/2952/2 2788/2949/2 2789/2953/2
f 2805/2954/2 2806/2952/2 2789/2953/2
f 2804/2955/2 2805/2954/2 2789/2953/2
f 2804/2955/2 2789/2953/2 2790/2956/2
f 2803/2957/2 2804/2955/2 2790/2956/2
f 2802/2958/2 2803/2957/2 2790/2956/2
f 2954/2959/2 2955/2950/2 3034/2951/2
f 2802/2958/2 2790/2956/2 2791/2960/2
f 2801/2961/2 2802/2958/2 2791/2960/2
f 2801/2961/2 2791/2960/2 2792/2962/2
f 2954/2959/2 3034/2951/2 3035/2963/2
f 2801/2961/2 2792/2962/2 2793/2964/2
f 2800/2965/2 2801/2961/2 2793/2964/2
f 2800/2965/5 2793/2964/5 2794/2966/5
f 2800/2965/2 2794/2966/2 2795/2967/2
f 2799/2968/2 2800/2965/2 2795/2967/2
f 2798/2969/2 2799/2968/2 2795/2967/2
f 2798/2969/2 2795/2967/2 2796/2970/2
f 2797/2971/2 2798/2969/2 2796/2970/2
f 2953/2972/2 2954/2959/2 3035/2963/2
f 2953/2972/2 3035/2963/2 3036/2973/2
f 2952/2974/2 2953/2972/2 3036/2973/2
f 2952/2974/2 3036/2973/2 3037/2975/2
f 2952/2974/2 3037/2975/2 3038/2976/2
f 2951/2977/2 2952/2974/2 3038/2976/2
f 2951/2977/2 3038/2976/2 3039/2978/2
f 2950/2979/2 2951/2977/2 3039/2978/2
f 2949/2980/2 2950/2979/2 3039/2978/2
f 2948/2981/2 2949/2980/2 3039/2978/2
f 2947/2982/2 2948/2981/2 3039/2978/2
f 2946/2983/2 2947/2982/2 3039/2978/2
f 2945/2984/2 2946/2983/2 3039/2978/2
f 2944/2985/2 2945/2984/2 3039/2978/2
f 2943/2986/2 2944/2985/2 3039/2978/2
f 2942/2987/2 2943/2986/2 3039/2978/2
f 2942/2987/2 3039/2978/2 3040/2988/2
f 2941/2989/2 2942/2987/2 3040/2988/2
f 2940/2990/2 2941/2989/2 3040/2988/2
f 2940/2990/2 3040/2988/2 3041/2991/2
f 2939/2992/2 2940/2990/2 3041/2991/2
f 2938/2993/2 2939/2992/2 3041/2991/2
f 2938/2993/2 3041/2991/2 3042/2994/2
f 2937/2995/2 2938/2993/2 3042/2994/2
f 2936/2996/2 2937/2995/2 3042/2994/2
f 2935/2997/2 2936/2996/2 3042/2994/2
f 2934/2998/2 2935/2997/2 3042/2994/2
f 2933/2999/2 2934/2998/2 3042/2994/2
f 2932/3000/2 2933/2999/2 3042/2994/2
f 2932/3000/2 3042/2994/2 3043/3001/2
f 2931/3002/2 2932/3000/2 3043/3001/2
f 2930/3003/2 2931/3002/2 3043/3001/2
f 2929/3004/2 2930/3003/2 3043/3001/2
f 2928/3005/2 2929/3004/2 3043/3001/2
f 2928/3005/2 3043/3001/2 3044/3006/2
f 2928/3005/2 3044/3006/2 3045/3007/2
f 2927/3008/2 2928/3005/2 3045/3007/2
f 2927/3008/2 3045/3007/2 3046/3009/2
f 2927/3008/2 3046/3009/2 3047/3010/2
f 2926/3011/2 2927/3008/2 3047/3010/2
f 2925/3012/2 2926/3011/2 3047/3010/2
f 2925/3012/2 3047/3010/2 3048/3013/2
f 2924/3014/2 2925/3012/2 3048/3013/2
f 2924/3014/2 3048/3013/2 3049/3015/2
f 2923/3016/2 2924/3014/2 3049/3015/2
f 2923/3016/2 3049/3015/2 3050/3017/2
f 2922/3018/2 2923/3016/2 3050/3017/2
f 2921/3019/2 2922/3018/2 3050/3017/2
f 2921/3019/2 3050/3017/2 3051/3020/2
f 2920/3021/2 2921/3019/2 3051/3020/2
f 2919/3022/2 2920/3021/2 3051/3020/2
f 2919/3022/2 3051/3020/2 3052/3023/2
f 2918/3024/2 2919/3022/2 3052/3023/2
f 2917/3025/2 2918/3024/2 3052/3023/2
f 2916/3026/2 2917/3025/2 3052/3023/2
f 2916/3026/2 3052/3023/2 3053/3027/2
f 2915/3028/2 2916/3026/2 3053/3027/2
f 2915/3028/2 3053/3027/2 3054/3029/2
f 2914/3030/2 2915/3028/2 3054/3029/2
f 2914/3030/2 3054/3029/2 3055/3031/2
f 2913/3032/2 2914/3030/2 3055/3031/2
f 2913/3032/2 3055/3031/2 3056/3033/2
f 2913/3032/2 3056/3033/2 3057/3034/2
f 2912/3035/2 2913/3032/2 3057/3034/2
f 2911/3036/2 2912/3035/2 3057/3034/2
f 2911/3036/2 3057/3034/2 3058/3037/2
f 2910/3038/2 2911/3036/2 3058/3037/2
f 2909/3039/2 2910/3038/2 3058/3037/2
f 2908/3040/2 2909/3039/2 3058/3037/2
f 2908/3040/2 3058/3037/2 3059/3041/2
f 2907/3042/2 2908/3040/2 3059/3041/2
f 2907/3042/2 3059/3041/2 2888/3043/2
f 2906/3044/2 2907/3042/2 2888/3043/2
f 2906/3044/2 2888/3043/2 2889/3045/2
f 2905/3046/2 2906/3044/2 2889/3045/2
f 2904/3047/2 2905/3046/2 2889/3045/2
f 2903/3048/2 2904/3047/2 2889/3045/2
f 2903/3048/2 2889/3045/2 2890/3049/2
f 2902/3050/2 2903/3048/2 2890/3049/2
f 2901/3051/2 2902/3050/2 2890/3049/2
f 2900/3052/2 2901/3051/2 2890/3049/2
f 2899/3053/2 2900/3052/2 2890/3049/2
f 2898/3054/2 2899/3053/2 2890/3049/2
f 2898/3054/2 2890/3049/2 2891/3055/2
f 2897/3056/2 2898/3054/2 2891/3055/2
f 2896/3057/2 2897/3056/2 2891/3055/2
f 2896/3057/2 2891/3055/2 2892/3058/2
f 2895/3059/2 2896/3057/2 2892/3058/2
f 2895/3059/2 2892/3058/2 2893/3060/2
f 2894/3061/2 2895/3059/2 2893/3060/2
f 3314/3062/2 3315/3063/2 3316/3064/2
f 3314/3062/2 3316/3064/2 3317/3065/2
f 3314/3062/2 3317/3065/2 3318/3066/2
f 3314/3062/2 3318/3066/2 3319/3067/2
f 3313/3068/2 3314/3062/2 3319/3067/2
f 3313/3068/2 3319/3067/2 3320/3069/2
f 3313/3068/2 3320/3069/2 3321/3070/2
f 3313/3068/2 3321/3070/2 3322/3071/2
f 3312/3072/2 3313/3068/2 3322/3071/2
f 3312/3072/2 3322/3071/2 3323/3073/2
f 3312/3072/2 3323/3073/2 3324/3074/2
f 3312/3072/2 3324/3074/2 3325/3075/2
f 3311/3076/2 3312/3072/2 3325/3075/2
f 3311/3076/2 3325/3075/2 3326/3077/2
f 3311/3076/2 3326/3077/2 3327/3078/2
f 3310/3079/2 3311/3076/2 3327/3078/2
f 3310/3079/2 3327/3078/2 3328/3080/2
f 3310/3079/2 3328/3080/2 3329/3081/2
f 3332/3082/2 3333/3083/2 3334/3084/2
f 3331/3085/2 3332/3082/2 3334/3084/2
f 3310/3079/2 3329/3081/2 3330/3086/2
f 3330/3086/2 3331/3085/2 3334/3084/2
f 3310/3079/2 3330/3086/2 3334/3084/2
f 3309/3087/2 3310/3079/2 3334/3084/2
f 3309/3087/2 3334/3084/2 3335/3088/2
f 3309/3087/2 3335/3088/2 3336/3089/2
f 3308/3090/2 3309/3087/2 3336/3089/2
f 3308/3090/2 3336/3089/2 3337/3091/2
f 3308/3090/2 3337/3091/2 3338/3092/2
f 3308/3090/2 3338/3092/2 3339/3093/2
f 3307/3094/2 3308/3090/2 3339/3093/2
f 3307/3094/2 3339/3093/2 3340/3095/2
f 3307/3094/2 3340/3095/2 3341/3096/2
f 3307/3094/2 3341/3096/2 3342/3097/2
f 3306/3098/2 3307/3094/2 3342/3097/2
f 3305/3099/2 3306/3098/2 3342/3097/2
f 3305/3099/2 3342/3097/2 3343/3100/2
f 3305/3099/2 3343/3100/2 3344/3101/2
f 3304/3102/2 3305/3099/2 3344/3101/2
f 3303/3103/2 3304/3102/2 3344/3101/2
f 3303/3103/2 3344/3101/2 3345/3104/2
f 3302/3105/2 3303/3103/2 3345/3104/2
f 3302/3105/2 3345/3104/2 3346/3106/2
f 3302/3105/2 3346/3106/2 3347/3107/2
f 3301/3108/2 3302/3105/2 3347/3107/2
f 3301/3108/2 3347/3107/2 3348/3109/2
f 3300/3110/2 3301/3108/2 3348/3109/2
f 3300/3110/2 3348/3109/2 3349/3111/2
f 3299/3112/2 3300/3110/2 3349/3111/2
f 3299/3112/2 3349/3111/2 3350/3113/2
f 3299/3112/2 3350/3113/2 3351/3114/2
f 3298/3115/2 3299/3112/2 3351/3114/2
f 3298/3115/2 3351/3114/2 3352/3116/2
f 3298/3115/2 3352/3116/2 3353/3117/2
f 3298/3115/2 3353/3117/2 3354/3118/2
f 3297/3119/2 3298/3115/2 3354/3118/2
f 3297/3119/2 3354/3118/2 3355/3120/2
f 3297/3119/2 3355/3120/2 3356/3121/2
f 3297/3119/2 3356/3121/2 3357/3122/2
f 3296/3123/2 3297/3119/2 3357/3122/2
f 3296/3123/2 3357/3122/2 3358/3124/2
f 3295/3125/2 3296/3123/2 3358/3124/2
f 3295/3125/2 3358/3124/2 3359/3126/2
f 3294/3127/2 3295/3125/2 3359/3126/2
f 3294/3127/2 3359/3126/2 3360/3128/2
f 3294/3127/2 3360/3128/2 3361/3129/2
f 3294/3127/2 3361/3129/2 3362/3130/2
f 3294/3127/2 3362/3130/2 3363/3131/2
f 3294/3127/2 3363/3131/2 3364/3132/2
f 3294/3127/2 3364/3132/2 3365/3133/2
f 3294/3127/2 3365/3133/2 3366/3134/2
f 3293/3135/2 3294/3127/2 3366/3134/2
f 3292/3136/2 3293/3135/2 3366/3134/2
f 3292/3136/2 3366/3134/2 3367/3137/2
f 3292/3136/2 3367/3137/2 3368/3138/2
f 3292/3136/2 3368/3138/2 3369/3139/2
f 3291/3140/2 3292/3136/2 3369/3139/2
f 3291/3140/2 3369/3139/2 3370/3141/2
f 3291/3140/2 3370/3141/2 3371/3142/2
f 3291/3140/2 3371/3142/2 3372/3143/2
f 3290/3144/2 3291/3140/2 3372/3143/2
f 3290/3144/2 3372/3143/2 3373/3145/2
f 3289/3146/2 3290/3144/2 3373/3145/2
f 3289/3146/2 3373/3145/2 3374/3147/2
f 3288/3148/2 3289/3146/2 3374/3147/2
f 3288/3148/2 3374/3147/2 3375/3149/2
f 3287/3150/2 3288/3148/2 3375/3149/2
f 3287/3150/2 3375/3149/2 3376/3151/2
f 3286/3152/2 3287/3150/2 3376/3151/2
f 3286/3152/2 3376/3151/2 3377/3153/2
f 3285/3154/2 3286/3152/2 3377/3153/2
f 3285/3154/2 3377/3153/2 3378/3155/2
f 3285/3154/2 3378/3155/2 3379/3156/2
f 3285/3154/2 3379/3156/2 3060/3157/2
f 3285/3154/2 3060/3157/2 3061/3158/2
f 3284/3159/2 3285/3154/2 3061/3158/2
f 3284/3159/2 3061/3158/2 3062/3160/2
f 3284/3159/2 3062/3160/2 3063/3161/2
f 3283/3162/2 3284/3159/2 3063/3161/2
f 3283/3162/2 3063/3161/2 3064/3163/2
f 3283/3162/2 3064/3163/2 3065/3164/2
f 3283/3162/2 3065/3164/2 3066/3165/2
f 3282/3166/2 3283/3162/2 3066/3165/2
f 3281/3167/2 3282/3166/2 3066/3165/2
f 3281/3167/2 3066/3165/2 3067/3168/2
f 3280/3169/2 3281/3167/2 3067/3168/2
f 3280/3169/2 3067/3168/2 3068/3170/2
f 3279/3171/2 3280/3169/2 3068/3170/2
f 3279/3171/2 3068/3170/2 3069/3172/2
f 3278/3173/2 3279/3171/2 3069/3172/2
f 3277/3174/2 3278/3173/2 3069/3172/2
f 3276/3175/2 3277/3174/2 3069/3172/2
f 3276/3175/2 3069/3172/2 3070/3176/2
f 3275/3177/2 3276/3175/2 3070/3176/2
f 3274/3178/2 3275/3177/2 3070/3176/2
f 3231/3179/2 3274/3178/2 3070/3176/2
f 3230/3180/2 3231/3179/2 3070/3176/2
f 3274/3178/2 3231/3179/2 3232/3181/2
f 3230/3180/2 3070/3176/2 3071/3182/2
f 3229/3183/2 3230/3180/2 3071/3182/2
f 3274/3178/2 3232/3181/2 3233/3184/2
f 3228/3185/2 3229/3183/2 3071/3182/2
f 3273/3186/2 3274/3178/2 3233/3184/2
f 3273/3186/2 3233/3184/2 3234/3187/2
f 3227/3188/2 3228/3185/2 3071/3182/2
f 3227/3188/2 3071/3182/2 3072/3189/2
f 3226/3190/2 3227/3188/2 3072/3189/2
f 3273/3186/2 3234/3187/2 3235/3191/2
f 3225/3192/2 3226/3190/2 3072/3189/2
f 3273/3186/2 3235/3191/2 3236/3193/2
f 3272/3194/2 3273/3186/2 3236/3193/2
f 3224/3195/2 3225/3192/2 3072/3189/2
f 3223/3196/2 3224/3195/2 3072/3189/2
f 3223/3196/2 3072/3189/2 3073/3197/2
f 3222/3198/2 3223/3196/2 3073/3197/2
f 3221/3199/2 3222/3198/2 3073/3197/2
f 3271/3200/2 3272/3194/2 3236/3193/2
f 3271/3200/2 3236/3193/2 3237/3201/2
f 3220/3202/2 3221/3199/2 3073/3197/2
f 3219/3203/2 3220/3202/2 3073/3197/2
f 3270/3204/2 3271/3200/2 3237/3201/2
f 3216/3205/2 3219/3203/2 3073/3197/2
f 3215/3206/2 3216/3205/2 3073/3197/2
f 3270/3204/2 3237/3201/2 3238/3207/2
f 3219/3203/2 3216/3205/2 3217/3208/2
f 3214/3209/2 3215/3206/2 3073/3197/2
f 3213/3210/2 3214/3209/2 3073/3197/2
f 3269/3211/2 3270/3204/2 3238/3207/2
f 3218/3212/2 3219/3203/2 3217/3208/2
f 3211/3213/2 3213/3210/2 3073/3197/2
f 3213/3210/2 3211/3213/2 3212/3214/2
f 3210/3215/2 3211/3213/2 3073/3197/2
f 3210/3215/2 3073/3197/2 3074/3216/2
f 3209/3217/2 3210/3215/2 3074/3216/2
f 3268/3218/2 3269/3211/2 3238/3207/2
f 3208/3219/2 3209/3217/2 3074/3216/2
f 3207/3220/2 3208/3219/2 3074/3216/2
f 3268/3218/2 3238/3207/2 3239/3221/2
f 3207/3220/2 3074/3216/2 3075/3222/2
f 3267/3223/2 3268/3218/2 3239/3221/2
f 3206/3224/2 3207/3220/2 3075/3222/2
f 3205/3225/2 3206/3224/2 3075/3222/2
f 3205/3225/2 3075/3222/2 3076/3226/2
f 3204/3227/2 3205/3225/2 3076/3226/2
f 3267/3223/2 3239/3221/2 3240/3228/2
f 3203/3229/2 3204/3227/2 3076/3226/2
f 3267/3223/2 3240/3228/2 3264/3230/2
f 3264/3230/2 3240/3228/2 3265/3231/2
f 3265/3231/2 3240/3228/2 3263/3232/2
f 3263/3232/2 3240/3228/2 3241/3233/2
f 3203/3229/2 3076/3226/2 3077/3234/2
f 3264/3235/2 3263/3232/2 3265/3231/2
f 3267/3223/6 3264/3230/6 3265/3236/6
f 3267/3223/2 3265/3236/2 3266/3237/2
f 3262/3238/2 3263/3232/2 3241/3233/2
f 3261/3239/2 3262/3238/2 3241/3233/2
f 3203/3229/2 3077/3234/2 3078/3240/2
f 3260/3241/2 3261/3239/2 3241/3233/2
f 3259/3242/2 3260/3241/2 3241/3233/2
f 3202/3243/2 3203/3229/2 3078/3240/2
f 3259/3242/2 3241/3233/2 3242/3244/2
f 3258/3245/2 3259/3242/2 3242/3244/2
f 3202/3243/2 3078/3240/2 3079/3246/2
f 3257/3247/2 3258/3245/2 3242/3244/2
f 3201/3248/2 3202/3243/2 3079/3246/2
f 3256/3249/2 3257/3247/2 3242/3244/2
f 3255/3250/2 3256/3249/2 3242/3244/2
f 3201/3248/2 3079/3246/2 3080/3251/2
f 3254/3252/2 3255/3250/2 3242/3244/2
f 3253/3253/2 3254/3252/2 3242/3244/2
f 3252/3254/2 3253/3253/2 3242/3244/2
f 3201/3248/2 3080/3251/2 3081/3255/2
f 3252/3254/2 3242/3244/2 3243/3256/2
f 3251/3257/2 3252/3254/2 3243/3256/2
f 3200/3258/2 3201/3248/2 3081/3255/2
f 3200/3258/2 3081/3255/2 3082/3259/2
f 3251/3257/2 3243/3256/2 3244/3260/2
f 3200/3258/2 3082/3259/2 3083/3261/2
f 3250/3262/2 3251/3257/2 3244/3260/2
f 3250/3262/2 3244/3260/2 3245/3263/2
f 3250/3262/2 3245/3263/2 3246/3264/2
f 3249/3265/2 3250/3262/2 3246/3264/2
f 3200/3258/2 3083/3261/2 3084/3266/2
f 3199/3267/2 3200/3258/2 3084/3266/2
f 3249/3265/2 3246/3264/2 3247/3268/2
f 3248/3269/2 3249/3265/2 3247/3268/2
f 3199/3267/2 3084/3266/2 3085/3270/2
f 3199/3267/2 3085/3270/2 3086/3271/2
f 3199/3267/2 3086/3271/2 3087/3272/2
f 3199/3267/2 3087/3272/2 3088/3273/2
f 3198/3274/2 3199/3267/2 3088/3273/2
f 3198/3274/2 3088/3273/2 3089/3275/2
f 3197/3276/2 3198/3274/2 3089/3275/2
f 3196/3277/2 3197/3276/2 3089/3275/2
f 3196/3277/2 3089/3275/2 3090/3278/2
f 3195/3279/2 3196/3277/2 3090/3278/2
f 3195/3279/2 3090/3278/2 3091/3280/2
f 3194/3281/2 3195/3279/2 3091/3280/2
f 3193/3282/2 3194/3281/2 3091/3280/2
f 3192/3283/2 3193/3282/2 3091/3280/2
f 3191/3284/2 3192/3283/2 3091/3280/2
f 3190/3285/2 3191/3284/2 3091/3280/2
f 3190/3285/2 3091/3280/2 3092/3286/2
f 3190/3285/2 3092/3286/2 3093/3287/2
f 3189/3288/2 3190/3285/2 3093/3287/2
f 3188/3289/2 3189/3288/2 3093/3287/2
f 3187/3290/2 3188/3289/2 3093/3287/2
f 3187/3290/2 3093/3287/2 3094/3291/2
f 3186/3292/2 3187/3290/2 3094/3291/2
f 3186/3292/2 3094/3291/2 3095/3293/2
f 3185/3294/2 3186/3292/2 3095/3293/2
f 3184/3295/2 3185/3294/2 3095/3293/2
f 3184/3295/2 3095/3293/2 3096/3296/2
f 3184/3295/2 3096/3296/2 3097/3297/2
f 3183/3298/2 3184/3295/2 3097/3297/2
f 3182/3299/2 3183/3298/2 3097/3297/2
f 3182/3299/2 3097/3297/2 3098/3300/2
f 3181/3301/2 3182/3299/2 3098/3300/2
f 3181/3301/2 3098/3300/2 3099/3302/2
f 3180/3303/2 3181/3301/2 3099/3302/2
f 3180/3303/2 3099/3302/2 3100/3304/2
f 3179/3305/2 3180/3303/2 3100/3304/2
f 3179/3305/2 3100/3304/2 3101/3306/2
f 3178/3307/2 3179/3305/2 3101/3306/2
f 3178/3307/2 3101/3306/2 3102/3308/2
f 3177/3309/2 3178/3307/2 3102/3308/2
f 3176/3310/2 3177/3309/2 3102/3308/2
f 3176/3310/2 3102/3308/2 3103/3311/2
f 3175/3312/2 3176/3310/2 3103/3311/2
f 3174/3313/2 3175/3312/2 3103/3311/2
f 3174/3313/2 3103/3311/2 3104/3314/2
f 3173/3315/2 3174/3313/2 3104/3314/2
f 3173/3315/2 3104/3314/2 3105/3316/2
f 3172/3317/2 3173/3315/2 3105/3316/2
f 3171/3318/2 3172/3317/2 3105/3316/2
f 3170/3319/2 3171/3318/2 3105/3316/2
f 3170/3319/2 3105/3316/2 3106/3320/2
f 3169/3321/2 3170/3319/2 3106/3320/2
f 3168/3322/2 3169/3321/2 3106/3320/2
f 3168/3322/2 3106/3320/2 3107/3323/2
f 3167/3324/2 3168/3322/2 3107/3323/2
f 3167/3324/2 3107/3323/2 3108/3325/2
f 3166/3326/2 3167/3324/2 3108/3325/2
f 3165/3327/2 3166/3326/2 3108/3325/2
f 3165/3327/2 3108/3325/2 3109/3328/2
f 3164/3329/2 3165/3327/2 3109/3328/2
f 3164/3329/2 3109/3328/2 3110/3330/2
f 3164/3329/2 3110/3330/2 3111/3331/2
f 3163/3332/2 3164/3329/2 3111/3331/2
f 3163/3332/2 3111/3331/2 3112/3333/2
f 3163/3332/2 3112/3333/2 3113/3334/2
f 3163/3332/2 3113/3334/2 3114/3335/2
f 3162/3336/2 3163/3332/2 3114/3335/2
f 3162/3336/2 3114/3335/2 3115/3337/2
f 3162/3336/2 3115/3337/2 3116/3338/2
f 3161/3339/2 3162/3336/2 3116/3338/2
f 3161/3339/2 3116/3338/2 3117/3340/2
f 3160/3341/2 3161/3339/2 3117/3340/2
f 3160/3341/2 3117/3340/2 3118/3342/2
f 3159/3343/2 3160/3341/2 3118/3342/2
f 3159/3343/2 3118/3342/2 3119/3344/2
f 3158/3345/2 3159/3343/2 3119/3344/2
f 3157/3346/2 3158/3345/2 3119/3344/2
f 3157/3346/2 3119/3344/2 3120/3347/2
f 3156/3348/2 3157/3346/2 3120/3347/2
f 3156/3348/2 3120/3347/2 3121/3349/2
f 3156/3348/2 3121/3349/2 3122/3350/2
f 3155/3351/2 3156/3348/2 3122/3350/2
f 3155/3351/2 3122/3350/2 3123/3352/2
f 3154/3353/2 3155/3351/2 3123/3352/2
f 3154/3353/2 3123/3352/2 3124/3354/2
f 3154/3353/2 3124/3354/2 3125/3355/2
f 3154/3353/2 3125/3355/2 3126/3356/2
f 3153/3357/2 3154/3353/2 3126/3356/2
f 3153/3357/2 3126/3356/2 3127/3358/2
f 3153/3357/2 3127/3358/2 3128/3359/2
f 3153/3357/2 3128/3359/2 3129/3360/2
f 3152/3361/2 3153/3357/2 3129/3360/2
f 3152/3361/2 3129/3360/2 3130/3362/2
f 3152/3361/2 3130/3362/2 3131/3363/2
f 3151/3364/2 3152/3361/2 3131/3363/2
f 3151/3364/2 3131/3363/2 3132/3365/2
f 3151/3364/2 3132/3365/2 3133/3366/2
f 3151/3364/2 3133/3366/2 3134/3367/2
f 3150/3368/2 3151/3364/2 3134/3367/2
f 3150/3368/2 3134/3367/2 3135/3369/2
f 3150/3368/2 3135/3369/2 3136/3370/2
f 3149/3371/2 3150/3368/2 3136/3370/2
f 3149/3371/2 3136/3370/2 3137/3372/2
f 3149/3371/2 3137/3372/2 3138/3373/2
f 3148/3374/2 3149/3371/2 3138/3373/2
f 3148/3374/2 3138/3373/2 3139/3375/2
f 3148/3374/2 3139/3375/2 3140/3376/2
f 3147/3377/2 3148/3374/2 3140/3376/2
f 3147/3377/2 3140/3376/2 3141/3378/2
f 3147/3377/2 3141/3378/2 3142/3379/2
f 3147/3377/2 3142/3379/2 3143/3380/2
f 3147/3377/2 3143/3380/2 3144/3381/2
f 3146/3382/2 3147/3377/2 3144/3381/2
f 3145/3383/2 3146/3382/2 3144/3381/2
f 3699/3384/2 3700/3385/2 3701/3386/2
f 3698/3387/2 3699/3384/2 3701/3386/2
f 3698/3387/2 3701/3386/2 3702/3388/2
f 3697/3389/2 3698/3387/2 3702/3388/2
f 3697/3389/2 3702/3388/2 3703/3390/2
f 3696/3391/2 3697/3389/2 3703/3390/2
f 3696/3391/2 3703/3390/2 3704/3392/2
f 3696/3391/2 3704/3392/2 3705/3393/2
f 3696/3391/2 3705/3393/2 3706/3394/2
f 3695/3395/2 3696/3391/2 3706/3394/2
f 3695/3395/2 3706/3394/2 3707/3396/2
f 3695/3395/2 3707/3396/2 3708/3397/2
f 3695/3395/2 3708/3397/2 3709/3398/2
f 3695/3395/2 3709/3398/2 3710/3399/2
f 3695/3395/2 3710/3399/2 3711/3400/2
f 3694/3401/2 3695/3395/2 3711/3400/2
f 3694/3401/2 3711/3400/2 3712/3402/2
f 3694/3401/2 3712/3402/2 3713/3403/2
f 3694/3401/2 3713/3403/2 3714/3404/2
f 3694/3401/2 3714/3404/2 3715/3405/2
f 3694/3401/2 3715/3405/2 3716/3406/2
f 3694/3401/2 3716/3406/2 3717/3407/2
f 3694/3401/2 3717/3407/2 3718/3408/2
f 3694/3401/2 3718/3408/2 3719/3409/2
f 3693/3410/2 3694/3401/2 3719/3409/2
f 3693/3410/2 3719/3409/2 3720/3411/2
f 3693/3410/2 3720/3411/2 3721/3412/2
f 3693/3410/2 3721/3412/2 3722/3413/2
f 3692/3414/2 3693/3410/2 3722/3413/2
f 3692/3414/2 3722/3413/2 3723/3415/2
f 3692/3414/2 3723/3415/2 3724/3416/2
f 3692/3414/2 3724/3416/2 3725/3417/2
f 3692/3414/2 3725/3417/2 3638/3418/2
f 3692/3414/2 3638/3418/2 3639/3419/2
f 3691/3420/2 3692/3414/2 3639/3419/2
f 3691/3420/2 3639/3419/2 3640/3421/2
f 3690/3422/2 3691/3420/2 3640/3421/2
f 3690/3422/2 3640/3421/2 3641/3423/2
f 3689/3424/2 3690/3422/2 3641/3423/2
f 3689/3424/2 3641/3423/2 3642/3425/2
f 3688/3426/2 3689/3424/2 3642/3425/2
f 3688/3426/2 3642/3425/2 3643/3427/2
f 3687/3428/2 3688/3426/2 3643/3427/2
f 3686/3429/2 3687/3428/2 3643/3427/2
f 3686/3429/2 3643/3427/2 3644/3430/2
f 3685/3431/2 3686/3429/2 3644/3430/2
f 3684/3432/2 3685/3431/2 3644/3430/2
f 3683/3433/2 3684/3432/2 3644/3430/2
f 3682/3434/2 3683/3433/2 3644/3430/2
f 3681/3435/2 3682/3434/2 3644/3430/2
f 3681/3435/2 3644/3430/2 3645/3436/2
f 3680/3437/2 3681/3435/2 3645/3436/2
f 3680/3437/2 3645/3436/2 3646/3438/2
f 3679/3439/2 3680/3437/2 3646/3438/2
f 3679/3439/2 3646/3438/2 3647/3440/2
f 3679/3439/2 3647/3440/2 3648/3441/2
f 3678/3442/2 3679/3439/2 3648/3441/2
f 3678/3442/2 3648/3441/2 3649/3443/2
f 3677/3444/2 3678/3442/2 3649/3443/2
f 3676/3445/2 3677/3444/2 3649/3443/2
f 3675/3446/2 3676/3445/2 3649/3443/2
f 3675/3446/2 3649/3443/2 3650/3447/2
f 3674/3448/2 3675/3446/2 3650/3447/2
f 3673/3449/2 3674/3448/2 3650/3447/2
f 3673/3449/2 3650/3447/2 3651/3450/2
f 3672/3451/2 3673/3449/2 3651/3450/2
f 3672/3451/2 3651/3450/2 3652/3452/2
f 3671/3453/2 3672/3451/2 3652/3452/2
f 3671/3453/2 3652/3452/2 3653/3454/2
f 3670/3455/2 3671/3453/2 3653/3454/2
f 3669/3456/2 3670/3455/2 3653/3454/2
f 3669/3456/2 3653/3454/2 3654/3457/2
f 3668/3458/2 3669/3456/2 3654/3457/2
f 3667/3459/2 3668/3458/2 3654/3457/2
f 3667/3459/2 3654/3457/2 3655/3460/2
f 3666/3461/2 3667/3459/2 3655/3460/2
f 3666/3461/2 3655/3460/2 3656/3462/2
f 3665/3463/2 3666/3461/2 3656/3462/2
f 3664/3464/2 3665/3463/2 3656/3462/2
f 3664/3464/2 3656/3462/2 3657/3465/2
f 3663/3466/2 3664/3464/2 3657/3465/2
f 3662/3467/2 3663/3466/2 3657/3465/2
f 3662/3467/2 3657/3465/2 3658/3468/2
f 3662/3467/2 3658/3468/2 3659/3469/2
f 3661/3470/2 3662/3467/2 3659/3469/2
f 3661/3470/2 3659/3469/2 3660/3471/2
f 3790/3472/2 3791/3473/2 3792/3474/2
f 3790/3472/2 3792/3474/2 3793/3475/2
f 3790/3472/2 3793/3475/2 3794/3476/2
f 3790/3472/2 3794/3476/2 3795/3477/2
f 3790/3472/2 3795/3477/2 3796/3478/2
f 3789/3479/2 3790/3472/2 3796/3478/2
f 3789/3479/2 3796/3478/2 3797/3480/2
f 3782/3481/2 3783/3482/2 3784/3483/2
f 3789/3479/2 3797/3480/2 3798/3484/2
f 3782/3481/2 3784/3483/2 3785/3485/2
f 3781/3486/2 3782/3481/2 3785/3485/2
f 3788/3487/2 3789/3479/2 3798/3484/2
f 3781/3486/2 3785/3485/2 3786/3488/2
f 3787/3489/2 3788/3487/2 3798/3484/2
f 3787/3489/2 3798/3484/2 3799/3490/2
f 3781/3486/2 3786/3488/2 3787/3489/2
f 3781/3486/2 3787/3489/2 3799/3490/2
f 3781/3486/2 3799/3490/2 3800/3491/2
f 3780/3492/2 3781/3486/2 3800/3491/2
f 3779/3493/2 3780/3492/2 3800/3491/2
f 3779/3493/2 3800/3491/2 3801/3494/2
f 3778/3495/2 3779/3493/2 3801/3494/2
f 3777/3496/2 3778/3495/2 3801/3494/2
f 3776/3497/2 3777/3496/2 3801/3494/2
f 3775/3498/2 3776/3497/2 3801/3494/2
f 3775/3498/2 3801/3494/2 3802/3499/2
f 3774/3500/2 3775/3498/2 3802/3499/2
f 3773/3501/2 3774/3500/2 3802/3499/2
f 3773/3501/2 3802/3499/2 3803/3502/2
f 3772/3503/2 3773/3501/2 3803/3502/2
f 3772/3503/2 3803/3502/2 3804/3504/2
f 3771/3505/2 3772/3503/2 3804/3504/2
f 3771/3505/2 3804/3504/2 3805/3506/2
f 3770/3507/2 3771/3505/2 3805/3506/2
f 3769/3508/2 3770/3507/2 3805/3506/2
f 3769/3508/2 3805/3506/2 3806/3509/2
f 3768/3510/2 3769/3508/2 3806/3509/2
f 3768/3510/2 3806/3509/2 3807/3511/2
f 3768/3510/2 3807/3511/2 3726/3512/2
f 3767/3513/2 3768/3510/2 3726/3512/2
f 3767/3513/2 3726/3512/2 3727/3514/2
f 3767/3513/2 3727/3514/2 3728/3515/2
f 3766/3516/2 3767/3513/2 3728/3515/2
f 3766/3516/2 3728/3515/2 3729/3517/2
f 3766/3516/2 3729/3517/2 3730/3518/2
f 3765/3519/2 3766/3516/2 3730/3518/2
f 3765/3519/2 3730/3518/2 3731/3520/2
f 3765/3519/2 3731/3520/2 3732/3521/2
f 3764/3522/2 3765/3519/2 3732/3521/2
f 3763/3523/2 3764/3522/2 3732/3521/2
f 3763/3523/2 3732/3521/2 3733/3524/2
f 3763/3523/2 3733/3524/2 3734/3525/2
f 3762/3526/2 3763/3523/2 3734/3525/2
f 3761/3527/2 3762/3526/2 3734/3525/2
f 3760/3528/2 3761/3527/2 3734/3525/2
f 3760/3528/2 3734/3525/2 3735/3529/2
f 3759/3530/2 3760/3528/2 3735/3529/2
f 3759/3530/2 3735/3529/2 3736/3531/2
f 3759/3530/2 3736/3531/2 3737/3532/2
f 3758/3533/2 3759/3530/2 3737/3532/2
f 3758/3533/2 3737/3532/2 3738/3534/2
f 3758/3533/2 3738/3534/2 3739/3535/2
f 3757/3536/2 3758/3533/2 3739/3535/2
f 3757/3536/2 3739/3535/2 3740/3537/2
f 3756/3538/2 3757/3536/2 3740/3537/2
f 3756/3538/2 3740/3537/2 3741/3539/2
f 3755/3540/2 3756/3538/2 3741/3539/2
f 3755/3540/2 3741/3539/2 3742/3541/2
f 3755/3540/2 3742/3541/2 3743/3542/2
f 3755/3540/2 3743/3542/2 3749/3543/2
f 3754/3544/2 3755/3540/2 3749/3543/2
f 3749/3543/2 3743/3542/2 3744/3545/2
f 3748/3546/2 3749/3543/2 3744/3545/2
f 3754/3544/2 3749/3543/2 3750/3547/2
f 3747/3548/2 3748/3546/2 3744/3545/2
f 3753/3549/2 3754/3544/2 3750/3547/2
f 3747/3548/2 3744/3545/2 3745/3550/2
f 3752/3551/2 3753/3549/2 3750/3547/2
f 3752/3551/2 3750/3547/2 3751/3552/2
f 3746/3553/2 3747/3548/2 3745/3550/2
f 3859/3554/2 3860/3555/2 3861/3556/2
f 3859/3554/2 3861/3556/2 3862/3557/2
f 3859/3554/2 3862/3557/2 3863/3558/2
f 3866/3559/2 3867/3560/2 3868/3561/2
f 3859/3554/2 3863/3558/2 3864/3562/2
f 3858/3563/2 3859/3554/2 3864/3562/2
f 3865/3564/2 3866/3559/2 3868/3561/2
f 3858/3563/2 3864/3562/2 3865/3564/2
f 3858/3563/2 3865/3564/2 3868/3561/2
f 3858/3563/2 3868/3561/2 3869/3565/2
f 3857/3566/2 3858/3563/2 3869/3565/2
f 3857/3566/2 3869/3565/2 3870/3567/2
f 3857/3566/2 3870/3567/2 3871/3568/2
f 3856/3569/2 3857/3566/2 3871/3568/2
f 3855/3570/2 3856/3569/2 3871/3568/2
f 3854/3571/2 3855/3570/2 3871/3568/2
f 3854/3571/2 3871/3568/2 3808/3572/2
f 3854/3571/2 3808/3572/2 3809/3573/2
f 3853/3574/2 3854/3571/2 3809/3573/2
f 3853/3574/2 3809/3573/2 3810/3575/2
f 3852/3576/2 3853/3574/2 3810/3575/2
f 3852/3576/2 3810/3575/2 3811/3577/2
f 3851/3578/2 3852/3576/2 3811/3577/2
f 3850/3579/2 3851/3578/2 3811/3577/2
f 3849/3580/2 3850/3579/2 3811/3577/2
f 3848/3581/2 3849/3580/2 3811/3577/2
f 3848/3581/2 3811/3577/2 3812/3582/2
f 3847/3583/2 3848/3581/2 3812/3582/2
f 3846/3584/2 3847/3583/2 3812/3582/2
f 3845/3585/2 3846/3584/2 3812/3582/2
f 3844/3586/2 3845/3585/2 3812/3582/2
f 3844/3586/2 3812/3582/2 3813/3587/2
f 3843/3588/2 3844/3586/2 3813/3587/2
f 3842/3589/2 3843/3588/2 3813/3587/2
f 3842/3589/2 3813/3587/2 3814/3590/2
f 3841/3591/2 3842/3589/2 3814/3590/2
f 3840/3592/2 3841/3591/2 3814/3590/2
f 3840/3592/2 3814/3590/2 3815/3593/2
f 3839/3594/2 3840/3592/2 3815/3593/2
f 3839/3594/2 3815/3593/2 3816/3595/2
f 3838/3596/2 3839/3594/2 3816/3595/2
f 3837/3597/2 3838/3596/2 3816/3595/2
f 3837/3597/2 3816/3595/2 3817/3598/2
f 3836/3599/2 3837/3597/2 3817/3598/2
f 3835/3600/2 3836/3599/2 3817/3598/2
f 3835/3600/2 3817/3598/2 3818/3601/2
f 3834/3602/2 3835/3600/2 3818/3601/2
f 3833/3603/2 3834/3602/2 3818/3601/2
f 3832/3604/2 3833/3603/2 3818/3601/2
f 3832/3604/2 3818/3601/2 3821/3605/2
f 3832/3604/2 3821/3605/2 3822/3606/2
f 3820/3607/2 3821/3605/2 3818/3601/2
f 3831/3608/2 3832/3604/2 3822/3606/2
f 3820/3607/2 3818/3601/2 3819/3609/2
f 3831/3608/2 3822/3606/2 3823/3610/2
f 3830/3611/2 3831/3608/2 3823/3610/2
f 3829/3612/2 3830/3611/2 3823/3610/2
f 3828/3613/2 3829/3612/2 3823/3610/2
f 3827/3614/2 3828/3613/2 3823/3610/2
f 3827/3614/2 3823/3610/2 3824/3615/2
f 3826/3616/2 3827/3614/2 3824/3615/2
f 3825/3617/2 3826/3616/2 3824/3615/2
f 3444/3618/2 3445/3619/2 3446/3620/2
f 3443/3621/2 3444/3618/2 3446/3620/2
f 3442/3622/2 3443/3621/2 3446/3620/2
f 3441/3623/2 3442/3622/2 3446/3620/2
f 3441/3623/2 3446/3620/2 3447/3624/2
f 3440/3625/2 3441/3623/2 3447/3624/2
f 3439/3626/2 3440/3625/2 3447/3624/2
f 3439/3626/2 3447/3624/2 3448/3627/2
f 3438/3628/2 3439/3626/2 3448/3627/2
f 3437/3629/2 3438/3628/2 3448/3627/2
f 3437/3629/2 3448/3627/2 3449/3630/2
f 3436/3631/2 3437/3629/2 3449/3630/2
f 3436/3631/2 3449/3630/2 3450/3632/2
f 3435/3633/2 3436/3631/2 3450/3632/2
f 3435/3633/2 3450/3632/2 3451/3634/2
f 3435/3633/2 3451/3634/2 3452/3635/2
f 3435/3633/2 3452/3635/2 3453/3636/2
f 3434/3637/2 3435/3633/2 3453/3636/2
f 3434/3637/2 3453/3636/2 3454/3638/2
f 3434/3637/2 3454/3638/2 3455/3639/2
f 3434/3637/2 3455/3639/2 3456/3640/2
f 3434/3637/2 3456/3640/2 3457/3641/2
f 3433/3642/2 3434/3637/2 3457/3641/2
f 3433/3642/2 3457/3641/2 3458/3643/2
f 3433/3642/2 3458/3643/2 3459/3644/2
f 3433/3642/2 3459/3644/2 3460/3645/2
f 3432/3646/2 3433/3642/2 3460/3645/2
f 3432/3646/2 3460/3645/2 3461/3647/2
f 3432/3646/2 3461/3647/2 3380/3648/2
f 3432/3646/2 3380/3648/2 3381/3649/2
f 3432/3646/2 3381/3649/2 3382/3650/2
f 3618/3651/2 3619/3652/2 3620/3653/2
f 3617/3654/2 3618/3651/2 3620/3653/2
f 3617/3654/2 3620/3653/2 3621/3655/2
f 3432/3646/2 3382/3650/2 3383/3656/2
f 3431/3657/2 3432/3646/2 3383/3656/2
f 3431/3657/2 3383/3656/2 3384/3658/2
f 3430/3659/2 3431/3657/2 3384/3658/2
f 3617/3654/2 3621/3655/2 3622/3660/2
f 3616/3661/2 3617/3654/2 3622/3660/2
f 3615/3662/2 3616/3661/2 3622/3660/2
f 3430/3659/2 3384/3658/2 3385/3663/2
f 3614/3664/2 3615/3662/2 3622/3660/2
f 3430/3659/2 3385/3663/2 3386/3665/2
f 3613/3666/2 3614/3664/2 3622/3660/2
f 3613/3666/2 3622/3660/2 3623/3667/2
f 3429/3668/2 3430/3659/2 3386/3665/2
f 3429/3668/2 3386/3665/2 3387/3669/2
f 3612/3670/2 3613/3666/2 3623/3667/2
f 3611/3671/2 3612/3670/2 3623/3667/2
f 3428/3672/2 3429/3668/2 3387/3669/2
f 3611/3671/2 3623/3667/2 3624/3673/2
f 3428/3672/2 3387/3669/2 3388/3674/2
f 3610/3675/2 3611/3671/2 3624/3673/2
f 3610/3675/2 3624/3673/2 3625/3676/2
f 3428/3672/2 3388/3674/2 3389/3677/2
f 3427/3678/2 3428/3672/2 3389/3677/2
f 3610/3675/2 3625/3676/2 3626/3679/2
f 3427/3678/2 3389/3677/2 3390/3680/2
f 3426/3681/2 3427/3678/2 3390/3680/2
f 3610/3675/2 3626/3679/2 3627/3682/2
f 3425/3683/2 3426/3681/2 3390/3680/2
f 3424/3684/2 3425/3683/2 3390/3680/2
f 3424/3684/2 3390/3680/2 3391/3685/2
f 3423/3686/2 3424/3684/2 3391/3685/2
f 3609/3687/2 3610/3675/2 3627/3682/2
f 3609/3687/2 3627/3682/2 3628/3688/2
f 3423/3686/2 3391/3685/2 3392/3689/2
f 3609/3687/2 3628/3688/2 3629/3690/2
f 3609/3687/2 3629/3690/2 3630/3691/2
f 3423/3686/2 3392/3689/2 3393/3692/2
f 3422/3693/2 3423/3686/2 3393/3692/2
f 3609/3687/2 3630/3691/2 3631/3694/2
f 3609/3687/2 3631/3694/2 3632/3695/2
f 3608/3696/2 3609/3687/2 3632/3695/2
f 3422/3693/2 3393/3692/2 3394/3697/2
f 3608/3696/2 3632/3695/2 3633/3698/2
f 3421/3699/2 3422/3693/2 3394/3697/2
f 3608/3696/2 3633/3698/2 3634/3700/2
f 3421/3699/2 3394/3697/2 3395/3701/2
f 3608/3696/2 3634/3700/2 3635/3702/2
f 3420/3703/2 3421/3699/2 3395/3701/2
f 3608/3696/2 3635/3702/2 3636/3704/2
f 3420/3703/2 3395/3701/2 3396/3705/2
f 3608/3696/2 3636/3704/2 3637/3706/2
f 3419/3707/2 3420/3703/2 3396/3705/2
f 3607/3708/2 3608/3696/2 3637/3706/2
f 3418/3709/2 3419/3707/2 3396/3705/2
f 3607/3708/2 3637/3706/2 3462/3710/2
f 3418/3709/2 3396/3705/2 3397/3711/2
f 3417/3712/2 3418/3709/2 3397/3711/2
f 3606/3713/2 3607/3708/2 3462/3710/2
f 3416/3714/2 3417/3712/2 3397/3711/2
f 3415/3715/2 3416/3714/2 3397/3711/2
f 3606/3713/2 3462/3710/2 3463/3716/2
f 3605/3717/2 3606/3713/2 3463/3716/2
f 3414/3718/2 3415/3715/2 3397/3711/2
f 3605/3717/2 3463/3716/2 3464/3719/2
f 3604/3720/2 3605/3717/2 3464/3719/2
f 3414/3718/2 3397/3711/2 3398/3721/2
f 3603/3722/2 3604/3720/2 3464/3719/2
f 3413/3723/2 3414/3718/2 3398/3721/2
f 3602/3724/2 3603/3722/2 3464/3719/2
f 3602/3724/2 3464/3719/2 3465/3725/2
f 3412/3726/2 3413/3723/2 3398/3721/2
f 3411/3727/2 3412/3726/2 3398/3721/2
f 3410/3728/2 3411/3727/2 3398/3721/2
f 3410/3728/2 3398/3721/2 3399/3729/2
f 3601/3730/2 3602/3724/2 3465/3725/2
f 3409/3731/2 3410/3728/2 3399/3729/2
f 3601/3730/2 3465/3725/2 3466/3732/2
f 3408/3733/2 3409/3731/2 3399/3729/2
f 3405/3734/2 3408/3733/2 3399/3729/2
f 3600/3735/2 3601/3730/2 3466/3732/2
f 3407/3736/2 3408/3733/2 3405/3734/2
f 3407/3736/2 3405/3734/2 3406/3737/2
f 3404/3738/2 3405/3734/2 3399/3729/2
f 3404/3738/2 3399/3729/2 3400/3739/2
f 3403/3740/2 3404/3738/2 3400/3739/2
f 3403/3740/2 3400/3739/2 3401/3741/2
f 3402/3742/2 3403/3740/2 3401/3741/2
f 3599/3743/2 3600/3735/2 3466/3732/2
f 3599/3743/2 3466/3732/2 3467/3744/2
f 3598/3745/2 3599/3743/2 3467/3744/2
f 3598/3745/2 3467/3744/2 3468/3746/2
f 3597/3747/2 3598/3745/2 3468/3746/2
f 3596/3748/2 3597/3747/2 3468/3746/2
f 3595/3749/2 3596/3748/2 3468/3746/2
f 3595/3749/2 3468/3746/2 3469/3750/2
f 3594/3751/2 3595/3749/2 3469/3750/2
f 3593/3752/2 3594/3751/2 3469/3750/2
f 3592/3753/2 3593/3752/2 3469/3750/2
f 3592/3753/2 3469/3750/2 3470/3754/2
f 3591/3755/2 3592/3753/2 3470/3754/2
f 3590/3756/2 3591/3755/2 3470/3754/2
f 3589/3757/2 3590/3756/2 3470/3754/2
f 3589/3757/2 3470/3754/2 3471/3758/2
f 3588/3759/2 3589/3757/2 3471/3758/2
f 3587/3760/2 3588/3759/2 3471/3758/2
f 3586/3761/2 3587/3760/2 3471/3758/2
f 3585/3762/2 3586/3761/2 3471/3758/2
f 3585/3762/2 3471/3758/2 3472/3763/2
f 3584/3764/2 3585/3762/2 3472/3763/2
f 3583/3765/2 3584/3764/2 3472/3763/2
f 3582/3766/2 3583/3765/2 3472/3763/2
f 3581/3767/2 3582/3766/2 3472/3763/2
f 3581/3767/2 3472/3763/2 3473/3768/2
f 3580/3769/2 3581/3767/2 3473/3768/2
f 3579/3770/2 3580/3769/2 3473/3768/2
f 3578/3771/2 3579/3770/2 3473/3768/2
f 3578/3771/2 3473/3768/2 3474/3772/2
f 3577/3773/2 3578/3771/2 3474/3772/2
f 3576/3774/2 3577/3773/2 3474/3772/2
f 3576/3774/2 3474/3772/2 3475/3775/2
f 3575/3776/2 3576/3774/2 3475/3775/2
f 3574/3777/2 3575/3776/2 3475/3775/2
f 3573/3778/2 3574/3777/2 3475/3775/2
f 3572/3779/2 3573/3778/2 3475/3775/2
f 3572/3779/2 3475/3775/2 3476/3780/2
f 3572/3779/2 3476/3780/2 3477/3781/2
f 3572/3779/2 3477/3781/2 3478/3782/2
f 3571/3783/2 3572/3779/2 3478/3782/2
f 3570/3784/2 3571/3783/2 3478/3782/2
f 3570/3784/2 3478/3782/2 3479/3785/2
f 3569/3786/2 3570/3784/2 3479/3785/2
f 3568/3787/2 3569/3786/2 3479/3785/2
f 3568/3787/2 3479/3785/2 3480/3788/2
f 3567/3789/2 3568/3787/2 3480/3788/2
f 3566/3790/2 3567/3789/2 3480/3788/2
f 3566/3790/2 3480/3788/2 3481/3791/2
f 3565/3792/2 3566/3790/2 3481/3791/2
f 3564/3793/2 3565/3792/2 3481/3791/2
f 3564/3793/2 3481/3791/2 3482/3794/2
f 3563/3795/2 3564/3793/2 3482/3794/2
f 3563/3795/2 3482/3794/2 3483/3796/2
f 3562/3797/2 3563/3795/2 3483/3796/2
f 3562/3797/2 3483/3796/2 3484/3798/2
f 3561/3799/2 3562/3797/2 3484/3798/2
f 3560/3800/2 3561/3799/2 3484/3798/2
f 3560/3800/2 3484/3798/2 3485/3801/2
f 3559/3802/2 3560/3800/2 3485/3801/2
f 3559/3802/2 3485/3801/2 3486/3803/2
f 3559/3802/2 3486/3803/2 3487/3804/2
f 3558/3805/2 3559/3802/2 3487/3804/2
f 3557/3806/2 3558/3805/2 3487/3804/2
f 3556/3807/2 3557/3806/2 3487/3804/2
f 3555/3808/2 3556/3807/2 3487/3804/2
f 3554/3809/2 3555/3808/2 3487/3804/2
f 3553/3810/2 3554/3809/2 3487/3804/2
f 3553/3810/2 3487/3804/2 3488/3811/2
f 3552/3812/2 3553/3810/2 3488/3811/2
f 3551/3813/2 3552/3812/2 3488/3811/2
f 3551/3813/2 3488/3811/2 3489/3814/2
f 3550/3815/2 3551/3813/2 3489/3814/2
f 3549/3816/2 3550/3815/2 3489/3814/2
f 3548/3817/2 3549/3816/2 3489/3814/2
f 3548/3817/2 3489/3814/2 3490/3818/2
f 3547/3819/2 3548/3817/2 3490/3818/2
f 3546/3820/2 3547/3819/2 3490/3818/2
f 3545/3821/2 3546/3820/2 3490/3818/2
f 3545/3821/2 3490/3818/2 3491/3822/2
f 3544/3823/2 3545/3821/2 3491/3822/2
f 3544/3823/2 3491/3822/2 3492/3824/2
f 3543/3825/2 3544/3823/2 3492/3824/2
f 3543/3825/2 3492/3824/2 3493/3826/2
f 3543/3825/2 3493/3826/2 3494/3827/2
f 3542/3828/2 3543/3825/2 3494/3827/2
f 3542/3828/2 3494/3827/2 3495/3829/2
f 3542/3828/2 3495/3829/2 3496/3830/2
f 3542/3828/2 3496/3830/2 3497/3831/2
f 3542/3828/2 3497/3831/2 3498/3832/2
f 3541/3833/2 3542/3828/2 3498/3832/2
f 3541/3833/2 3498/3832/2 3499/3834/2
f 3541/3833/2 3499/3834/2 3500/3835/2
f 3541/3833/2 3500/3835/2 3501/3836/2
f 3541/3833/2 3501/3836/2 3502/3837/2
f 3540/3838/2 3541/3833/2 3502/3837/2
f 3540/3838/2 3502/3837/2 3503/3839/2
f 3540/3838/2 3503/3839/2 3504/3840/2
f 3540/3838/2 3504/3840/2 3505/3841/2
f 3540/3838/2 3505/3841/2 3506/3842/2
f 3539/3843/2 3540/3838/2 3506/3842/2
f 3539/3843/2 3506/3842/2 3507/3844/2
f 3539/3843/2 3507/3844/2 3508/3845/2
f 3539/3843/2 3508/3845/2 3509/3846/2
f 3538/3847/2 3539/3843/2 3509/3846/2
f 3537/3848/2 3538/3847/2 3509/3846/2
f 3536/3849/2 3537/3848/2 3509/3846/2
f 3536/3849/2 3509/3846/2 3510/3850/2
f 3535/3851/2 3536/3849/2 3510/3850/2
f 3535/3851/2 3510/3850/2 3511/3852/2
f 3534/3853/2 3535/3851/2 3511/3852/2
f 3534/3853/2 3511/3852/2 3512/3854/2
f 3533/3855/2 3534/3853/2 3512/3854/2
f 3533/3855/2 3512/3854/2 3513/3856/2
f 3533/3855/2 3513/3856/2 3514/3857/2
f 3533/3855/2 3514/3857/2 3515/3858/2
f 3533/3855/2 3515/3858/2 3516/3859/2
f 3533/3855/2 3516/3859/2 3517/3860/2
f 3533/3855/2 3517/3860/2 3518/3861/2
f 3533/3855/2 3518/3861/2 3519/3862/2
f 3532/3863/2 3533/3855/2 3519/3862/2
f 3532/3863/2 3519/3862/2 3520/3864/2
f 3532/3863/2 3520/3864/2 3521/3865/2
f 3531/3866/2 3532/3863/2 3521/3865/2
f 3531/3866/2 3521/3865/2 3522/3867/2
f 3530/3868/2 3531/3866/2 3522/3867/2
f 3530/3868/2 3522/3867/2 3523/3869/2
f 3529/3870/2 3530/3868/2 3523/3869/2
f 3529/3870/2 3523/3869/2 3524/3871/2
f 3528/3872/2 3529/3870/2 3524/3871/2
f 3528/3872/2 3524/3871/2 3525/3873/2
f 3527/3874/2 3528/3872/2 3525/3873/2
f 3527/3874/2 3525/3873/2 3526/3875/2
f 3976/3876/2 3977/3877/2 3978/3878/2
f 3975/3879/2 3976/3876/2 3978/3878/2
f 3975/3879/2 3978/3878/2 3979/3880/2
f 3974/3881/2 3975/3879/2 3979/3880/2
f 4004/3882/2 4005/3883/2 4006/3884/2
f 4016/3885/2 4017/3886/2 4018/3887/2
f 4021/3888/2 4022/3889/2 4023/3890/2
f 3974/3881/2 3979/3880/2 3980/3891/2
f 4016/3885/2 4018/3887/2 4019/3892/2
f 4003/3893/2 4004/3882/2 4006/3884/2
f 4003/3893/2 4006/3884/2 4007/3894/2
f 3973/3895/2 3974/3881/2 3980/3891/2
f 4020/3896/2 4021/3888/2 4023/3890/2
f 4015/3897/2 4016/3885/2 4019/3892/2
f 4015/3897/2 4019/3892/2 4020/3896/2
f 4015/3897/2 4020/3896/2 4023/3890/2
f 3967/3898/2 3968/3899/2 3969/3900/2
f 4002/3901/2 4003/3893/2 4007/3894/2
f 3967/3898/2 3969/3900/2 3970/3902/2
f 4014/3903/2 4015/3897/2 4023/3890/2
f 3994/3904/2 3995/3905/2 3996/3906/2
f 3973/3895/2 3980/3891/2 3981/3907/2
f 3993/3908/2 3994/3904/2 3996/3906/2
f 3966/3909/2 3967/3898/2 3970/3902/2
f 3966/3909/2 3970/3902/2 3971/3910/2
f 3972/3911/2 3973/3895/2 3981/3907/2
f 4014/3903/2 4023/3890/2 4024/3912/2
f 4001/3913/2 4002/3901/2 4007/3894/2
f 4013/3914/2 4014/3903/2 4024/3912/2
f 3993/3908/2 3996/3906/2 3997/3915/2
f 3959/3916/2 3960/3917/2 3961/3918/2
f 3966/3909/2 3971/3910/2 3972/3911/2
f 3959/3916/2 3961/3918/2 3962/3919/2
f 3966/3909/2 3972/3911/2 3981/3907/2
f 4012/3920/2 4013/3914/2 4024/3912/2
f 3992/3921/2 3993/3908/2 3997/3915/2
f 4000/3922/2 4001/3913/2 4007/3894/2
f 4011/3923/2 4012/3920/2 4024/3912/2
f 3992/3921/2 3997/3915/2 3998/3924/2
f 3999/3925/2 4000/3922/2 4007/3894/2
f 3992/3921/2 3998/3924/2 3999/3925/2
f 3999/3925/2 4007/3894/2 4008/3926/2
f 3992/3921/2 3999/3925/2 4008/3926/2
f 3987/3927/2 3988/3928/2 3989/3929/2
f 3958/3930/2 3959/3916/2 3962/3919/2
f 3965/3931/2 3966/3909/2 3981/3907/2
f 3958/3930/2 3962/3919/2 3963/3932/2
f 4010/3933/2 4011/3923/2 4024/3912/2
f 3958/3930/2 3963/3932/2 3964/3934/2
f 3987/3927/2 3989/3929/2 3990/3935/2
f 3986/3936/2 3987/3927/2 3990/3935/2
f 3964/3934/2 3965/3931/2 3981/3907/2
f 3958/3930/2 3964/3934/2 3981/3907/2
f 3991/3937/2 3992/3921/2 4008/3926/2
f 3986/3936/2 3990/3935/2 3991/3937/2
f 3986/3936/2 3991/3937/2 4008/3926/2
f 4010/3933/2 4024/3912/2 4025/3938/2
f 3986/3936/2 4008/3926/2 4009/3939/2
f 4009/3939/2 4010/3933/2 4025/3938/2
f 3957/3940/2 3958/3930/2 3981/3907/2
f 3986/3936/2 4009/3939/2 4025/3938/2
f 3957/3940/2 3981/3907/2 3982/3941/2
f 3985/3942/2 3986/3936/2 4025/3938/2
f 3985/3942/2 4025/3938/2 4026/3943/2
f 3984/3944/2 3985/3942/2 4026/3943/2
f 3957/3940/2 3982/3941/2 3983/3945/2
f 3957/3940/2 3983/3945/2 3984/3944/2
f 3957/3940/2 3984/3944/2 4026/3943/2
f 3956/3946/2 3957/3940/2 4026/3943/2
f 3956/3946/2 4026/3943/2 4027/3947/2
f 3955/3948/2 3956/3946/2 4027/3947/2
f 3955/3948/2 4027/3947/2 4028/3949/2
f 3954/3950/2 3955/3948/2 4028/3949/2
f 3954/3950/2 4028/3949/2 3872/3951/2
f 3954/3950/2 3872/3951/2 3873/3952/2
f 3954/3950/2 3873/3952/2 3874/3953/2
f 3954/3950/2 3874/3953/2 3875/3954/2
f 3953/3955/2 3954/3950/2 3875/3954/2
f 3953/3955/2 3875/3954/2 3876/3956/2
f 3953/3955/2 3876/3956/2 3877/3957/2
f 3952/3958/2 3953/3955/2 3877/3957/2
f 3952/3958/2 3877/3957/2 3878/3959/2
f 3952/3958/2 3878/3959/2 3879/3960/2
f 3951/3961/2 3952/3958/2 3879/3960/2
f 3950/3962/2 3951/3961/2 3879/3960/2
f 3950/3962/2 3879/3960/2 3880/3963/2
f 3950/3962/2 3880/3963/2 3881/3964/2
f 3949/3965/2 3950/3962/2 3881/3964/2
f 3949/3965/2 3881/3964/2 3882/3966/2
f 3949/3965/2 3882/3966/2 3883/3967/2
f 3948/3968/2 3949/3965/2 3883/3967/2
f 3948/3968/2 3883/3967/2 3884/3969/2
f 3948/3968/2 3884/3969/2 3885/3970/2
f 3948/3968/2 3885/3970/2 3886/3971/2
f 3947/3972/2 3948/3968/2 3886/3971/2
f 3947/3972/2 3886/3971/2 3887/3973/2
f 3947/3972/2 3887/3973/2 3888/3974/2
f 3946/3975/2 3947/3972/2 3888/3974/2
f 3946/3975/2 3888/3974/2 3889/3976/2
f 3945/3977/2 3946/3975/2 3889/3976/2
f 3945/3977/2 3889/3976/2 3938/3978/2
f 3938/3978/2 3889/3976/2 3902/3979/2
f 3945/3977/2 3938/3978/2 3939/3980/2
f 3937/3981/2 3938/3978/2 3902/3979/2
f 3901/3982/2 3902/3979/2 3889/3976/2
f 3900/3983/2 3901/3982/2 3889/3976/2
f 3937/3981/2 3902/3979/2 3903/3984/2
f 3936/3985/2 3937/3981/2 3931/3986/2
f 3931/3986/2 3937/3981/2 3903/3984/2
f 3900/3983/2 3889/3976/2 3890/3987/2
f 3930/3988/2 3931/3986/2 3903/3984/2
f 3945/3977/2 3939/3980/2 3940/3989/2
f 3930/3988/2 3903/3984/2 3904/3990/2
f 3929/3991/2 3930/3988/2 3904/3990/2
f 3928/3992/2 3929/3991/2 3915/3993/2
f 3915/3993/1 3929/3991/1 3904/3990/1
f 3928/3992/2 3915/3993/2 3916/3994/2
f 3914/3995/2 3915/3993/2 3904/3990/2
f 3914/3995/2 3904/3990/2 3905/3996/2
f 3944/3997/2 3945/3977/2 3940/3989/2
f 3936/3985/2 3931/3986/2 3932/3998/2
f 3913/3999/2 3914/3995/2 3905/3996/2
f 3899/4000/2 3900/3983/2 3890/3987/2
f 3928/3992/2 3916/3994/2 3917/4001/2
f 3936/3985/2 3932/3998/2 3933/4002/2
f 3935/4003/2 3936/3985/2 3933/4002/2
f 3944/3997/2 3940/3989/2 3941/4004/2
f 3912/4005/2 3913/3999/2 3905/3996/2
f 3898/4006/2 3899/4000/2 3890/3987/2
f 3927/4007/2 3928/3992/2 3917/4001/2
f 3911/4008/2 3912/4005/2 3905/3996/2
f 3911/4008/2 3905/3996/2 3906/4009/2
f 3935/4003/2 3933/4002/2 3934/4010/2
f 3898/4006/2 3890/3987/2 3891/4011/2
f 3943/4012/2 3944/3997/2 3941/4004/2
f 3927/4007/2 3917/4001/2 3918/4013/2
f 3897/4014/2 3898/4006/2 3891/4011/2
f 3943/4012/2 3941/4004/2 3942/4015/2
f 3897/4014/2 3891/4011/2 3892/4016/2
f 3910/4017/2 3911/4008/2 3906/4009/2
f 3926/4018/2 3927/4007/2 3918/4013/2
f 3926/4018/2 3918/4013/2 3919/4019/2
f 3925/4020/2 3926/4018/2 3923/4021/2
f 3923/4021/1 3926/4018/1 3919/4019/1
f 3925/4020/2 3923/4021/2 3924/4022/2
f 3922/4023/2 3923/4021/2 3919/4019/2
f 3922/4023/2 3919/4019/2 3920/4024/2
f 3921/4025/2 3922/4023/2 3920/4024/2
f 3910/4017/2 3906/4009/2 3907/4026/2
f 3909/4027/2 3910/4017/2 3907/4026/2
f 3896/4028/2 3897/4014/2 3892/4016/2
f 3896/4028/2 3892/4016/2 3893/4029/2
f 3909/4027/2 3907/4026/2 3908/4030/2
f 3896/4028/2 3893/4029/2 3894/4031/2
f 3895/4032/2 3896/4028/2 3894/4031/2
f 4379/4033/2 4380/4034/2 4381/4035/2
f 4378/4036/2 4379/4033/2 4381/4035/2
f 4378/4036/2 4381/4035/2 4382/4037/2
f 4377/4038/2 4378/4036/2 4382/4037/2
f 4377/4038/2 4382/4037/2 4383/4039/2
f 4376/4040/2 4377/4038/2 4383/4039/2
f 4385/4041/2 4386/4042/2 4387/4043/2
f 4376/4040/2 4383/4039/2 4384/4044/2
f 4375/4045/2 4376/4040/2 4384/4044/2
f 4385/4041/2 4387/4043/2 4388/4046/2
f 4374/4047/2 4375/4045/2 4384/4044/2
f 4384/4044/2 4385/4041/2 4388/4046/2
f 4374/4047/2 4384/4044/2 4388/4046/2
f 4373/4048/2 4374/4047/2 4388/4046/2
f 4390/4049/2 4391/4050/2 4392/4051/2
f 4400/4052/2 4401/4053/2 4402/4054/2
f 4373/4048/2 4388/4046/2 4389/4055/2
f 4390/4049/2 4392/4051/2 4393/4056/2
f 4389/4055/2 4390/4049/2 4393/4056/2
f 4399/4057/2 4400/4052/2 4402/4054/2
f 4373/4048/2 4389/4055/2 4393/4056/2
f 4372/4058/2 4373/4048/2 4393/4056/2
f 4398/4059/2 4399/4057/2 4402/4054/2
f 4394/4060/2 4395/4061/2 4396/4062/2
f 4394/4060/2 4396/4062/2 4397/4063/2
f 4372/4058/2 4393/4056/2 4394/4060/2
f 4372/4058/2 4394/4060/2 4397/4063/2
f 4371/4064/2 4372/4058/2 4397/4063/2
f 4398/4059/2 4402/4054/2 4403/4065/2
f 4371/4064/2 4397/4063/2 4398/4059/2
f 4371/4064/2 4398/4059/2 4403/4065/2
f 4370/4066/2 4371/4064/2 4403/4065/2
f 4370/4066/2 4403/4065/2 4404/4067/2
f 4369/4068/2 4370/4066/2 4404/4067/2
f 4369/4068/2 4404/4067/2 4405/4069/2
f 4368/4070/2 4369/4068/2 4405/4069/2
f 4368/4070/2 4405/4069/2 4406/4071/2
f 4367/4072/2 4368/4070/2 4406/4071/2
f 4367/4072/2 4406/4071/2 4407/4073/2
f 4367/4072/2 4407/4073/2 4408/4074/2
f 4366/4075/2 4367/4072/2 4408/4074/2
f 4365/4076/2 4366/4075/2 4408/4074/2
f 4364/4077/2 4365/4076/2 4408/4074/2
f 4364/4077/2 4408/4074/2 4409/4078/2
f 4363/4079/2 4364/4077/2 4409/4078/2
f 4363/4079/2 4409/4078/2 4410/4080/2
f 4362/4081/2 4363/4079/2 4410/4080/2
f 4361/4082/2 4362/4081/2 4410/4080/2
f 4360/4083/2 4361/4082/2 4410/4080/2
f 4359/4084/2 4360/4083/2 4410/4080/2
f 4359/4084/2 4410/4080/2 4280/4085/2
f 4358/4086/2 4359/4084/2 4280/4085/2
f 4358/4086/2 4280/4085/2 4281/4087/2
f 4357/4088/2 4358/4086/2 4281/4087/2
f 4357/4088/2 4281/4087/2 4282/4089/2
f 4357/4088/2 4282/4089/2 4283/4090/2
f 4356/4091/2 4357/4088/2 4283/4090/2
f 4356/4091/2 4283/4090/2 4284/4092/2
f 4356/4091/2 4284/4092/2 4285/4093/2
f 4356/4091/2 4285/4093/2 4286/4094/2
f 4355/4095/2 4356/4091/2 4286/4094/2
f 4355/4095/2 4286/4094/2 4287/4096/2
f 4355/4095/2 4287/4096/2 4288/4097/2
f 4354/4098/2 4355/4095/2 4288/4097/2
f 4354/4098/2 4288/4097/2 4289/4099/2
f 4354/4098/2 4289/4099/2 4290/4100/2
f 4353/4101/2 4354/4098/2 4290/4100/2
f 4353/4101/2 4290/4100/2 4291/4102/2
f 4352/4103/2 4353/4101/2 4291/4102/2
f 4352/4103/2 4291/4102/2 4292/4104/2
f 4351/4105/2 4352/4103/2 4292/4104/2
f 4351/4105/2 4292/4104/2 4293/4106/2
f 4350/4107/2 4351/4105/2 4293/4106/2
f 4350/4107/2 4293/4106/2 4294/4108/2
f 4349/4109/2 4350/4107/2 4294/4108/2
f 4349/4109/2 4294/4108/2 4295/4110/2
f 4348/4111/2 4349/4109/2 4295/4110/2
f 4347/4112/2 4348/4111/2 4295/4110/2
f 4347/4112/2 4295/4110/2 4296/4113/2
f 4346/4114/2 4347/4112/2 4296/4113/2
f 4345/4115/2 4346/4114/2 4296/4113/2
f 4345/4115/2 4296/4113/2 4297/4116/2
f 4344/4117/2 4345/4115/2 4297/4116/2
f 4343/4118/2 4344/4117/2 4297/4116/2
f 4343/4118/2 4297/4116/2 4298/4119/2
f 4342/4120/2 4343/4118/2 4298/4119/2
f 4342/4120/2 4298/4119/2 4318/4121/2
f 4317/4122/2 4318/4121/2 4298/4119/2
f 4342/4120/2 4318/4121/2 4319/4123/2
f 4317/4122/2 4298/4119/2 4299/4124/2
f 4316/4125/2 4317/4122/2 4299/4124/2
f 4342/4120/2 4319/4123/2 4320/4126/2
f 4342/4120/2 4320/4126/2 4321/4127/2
f 4315/4128/2 4316/4125/2 4310/4129/2
f 4310/4129/2 4316/4125/2 4299/4124/2
f 4342/4120/2 4321/4127/2 4322/4130/2
f 4315/4128/2 4310/4129/2 4311/4131/2
f 4314/4132/2 4315/4128/2 4311/4131/2
f 4309/4133/2 4310/4129/2 4299/4124/2
f 4314/4132/2 4311/4131/2 4312/4134/2
f 4335/4135/2 4342/4120/2 4322/4130/2
f 4313/4136/2 4314/4132/2 4312/4134/2
f 4308/4137/2 4309/4133/2 4299/4124/2
f 4342/4120/2 4335/4135/2 4336/4138/2
f 4335/4135/2 4322/4130/2 4323/4139/2
f 4334/4140/2 4335/4135/2 4323/4139/2
f 4342/4120/2 4336/4138/2 4337/4141/2
f 4342/4120/2 4337/4141/2 4338/4142/2
f 4308/4137/2 4299/4124/2 4300/4143/2
f 4341/4144/2 4342/4120/2 4338/4142/2
f 4334/4140/2 4323/4139/2 4329/4145/2
f 4334/4140/2 4329/4145/2 4330/4146/2
f 4328/4147/2 4329/4145/2 4323/4139/2
f 4307/4148/2 4308/4137/2 4300/4143/2
f 4341/4144/2 4338/4142/2 4339/4149/2
f 4328/4147/2 4323/4139/2 4324/4150/2
f 4334/4140/2 4330/4146/2 4331/4151/2
f 4307/4148/2 4300/4143/2 4301/4152/2
f 4333/4153/2 4334/4140/2 4331/4151/2
f 4327/4154/2 4328/4147/2 4324/4150/2
f 4327/4154/2 4324/4150/2 4325/4155/2
f 4306/4156/2 4307/4148/2 4301/4152/2
f 4341/4144/2 4339/4149/2 4340/4157/2
f 4326/4158/2 4327/4154/2 4325/4155/2
f 4305/4159/2 4306/4156/2 4301/4152/2
f 4305/4159/2 4301/4152/2 4302/4160/2
f 4333/4153/2 4331/4151/2 4332/4161/2
f 4304/4162/2 4305/4159/2 4302/4160/2
f 4304/4162/2 4302/4160/2 4303/4163/2
f 4268/4164/2 4269/4165/2 4270/4166/2
f 4267/4167/2 4268/4164/2 4270/4166/2
f 4267/4167/2 4270/4166/2 4271/4168/2
f 4266/4169/2 4267/4167/2 4271/4168/2
f 4274/4170/2 4275/4171/2 4276/4172/2
f 4274/4170/2 4276/4172/2 4277/4173/2
f 4273/4174/2 4274/4170/2 4277/4173/2
f 4266/4169/2 4271/4168/2 4272/4175/2
f 4266/4169/2 4272/4175/2 4273/4174/2
f 4266/4169/2 4273/4174/2 4277/4173/2
f 4265/4176/2 4266/4169/2 4277/4173/2
f 4265/4176/2 4277/4173/2 4278/4177/2
f 4264/4178/2 4265/4176/2 4278/4177/2
f 4263/4179/2 4264/4178/2 4278/4177/2
f 4263/4179/2 4278/4177/2 4279/4180/2
f 4262/4181/2 4263/4179/2 4279/4180/2
f 4262/4181/2 4279/4180/2 4029/4182/2
f 4261/4183/2 4262/4181/2 4029/4182/2
f 4261/4183/2 4029/4182/2 4030/4184/2
f 4260/4185/2 4261/4183/2 4030/4184/2
f 4259/4186/2 4260/4185/2 4030/4184/2
f 4258/4187/2 4259/4186/2 4030/4184/2
f 4258/4187/2 4030/4184/2 4031/4188/2
f 4258/4187/2 4031/4188/2 4032/4189/2
f 4257/4190/2 4258/4187/2 4032/4189/2
f 4232/4191/2 4233/4192/2 4234/4193/2
f 4256/4194/2 4257/4190/2 4032/4189/2
f 4232/4191/2 4234/4193/2 4235/4195/2
f 4255/4196/2 4256/4194/2 4032/4189/2
f 4232/4191/2 4235/4195/2 4236/4197/2
f 4231/4198/2 4232/4191/2 4236/4197/2
f 4231/4198/2 4236/4197/2 4237/4199/2
f 4231/4198/2 4237/4199/2 4238/4200/2
f 4231/4198/2 4238/4200/2 4239/4201/2
f 4254/4202/2 4255/4196/2 4032/4189/2
f 4230/4203/2 4231/4198/2 4239/4201/2
f 4230/4203/2 4239/4201/2 4240/4204/2
f 4229/4205/2 4230/4203/2 4240/4204/2
f 4253/4206/2 4254/4202/2 4032/4189/2
f 4229/4205/2 4240/4204/2 4241/4207/2
f 4246/4208/2 4247/4209/2 4248/4210/2
f 4253/4206/2 4032/4189/2 4033/4211/2
f 4245/4212/2 4246/4208/2 4248/4210/2
f 4252/4213/2 4253/4206/2 4033/4211/2
f 4244/4214/2 4245/4212/2 4248/4210/2
f 4244/4214/2 4248/4210/2 4249/4215/2
f 4228/4216/2 4229/4205/2 4241/4207/2
f 4243/4217/2 4244/4214/2 4249/4215/2
f 4242/4218/2 4243/4217/2 4249/4215/2
f 4228/4216/2 4241/4207/2 4242/4218/2
f 4251/4219/2 4252/4213/2 4033/4211/2
f 4242/4218/2 4249/4215/2 4250/4220/2
f 4228/4216/2 4242/4218/2 4250/4220/2
f 4250/4220/2 4251/4219/2 4033/4211/2
f 4228/4216/2 4250/4220/2 4033/4211/2
f 4227/4221/2 4228/4216/2 4033/4211/2
f 4226/4222/2 4227/4221/2 4033/4211/2
f 4225/4223/2 4226/4222/2 4033/4211/2
f 4224/4224/2 4225/4223/2 4033/4211/2
f 4223/4225/2 4224/4224/2 4033/4211/2
f 4223/4225/2 4033/4211/2 4034/4226/2
f 4222/4227/2 4223/4225/2 4034/4226/2
f 4221/4228/2 4222/4227/2 4034/4226/2
f 4220/4229/2 4221/4228/2 4034/4226/2
f 4220/4229/2 4034/4226/2 4035/4230/2
f 4219/4231/2 4220/4229/2 4035/4230/2
f 4219/4231/2 4035/4230/2 4036/4232/2
f 4218/4233/2 4219/4231/2 4036/4232/2
f 4218/4233/2 4036/4232/2 4037/4234/2
f 4217/4235/2 4218/4233/2 4037/4234/2
f 4217/4235/2 4037/4234/2 4038/4236/2
f 4216/4237/2 4217/4235/2 4038/4236/2
f 4215/4238/2 4216/4237/2 4038/4236/2
f 4214/4239/2 4215/4238/2 4038/4236/2
f 4214/4239/2 4038/4236/2 4039/4240/2
f 4213/4241/2 4214/4239/2 4039/4240/2
f 4213/4241/2 4039/4240/2 4040/4242/2
f 4212/4243/2 4213/4241/2 4040/4242/2
f 4212/4243/2 4040/4242/2 4041/4244/2
f 4212/4243/2 4041/4244/2 4042/4245/2
f 4212/4243/2 4042/4245/2 4043/4246/2
f 4211/4247/2 4212/4243/2 4043/4246/2
f 4211/4247/2 4043/4246/2 4044/4248/2
f 4211/4247/2 4044/4248/2 4049/4249/2
f 4049/4249/2 4044/4248/2 4045/4250/2
f 4061/4251/2 4211/4247/2 4049/4249/2
f 4211/4247/2 4061/4251/2 4062/4252/2
f 4060/4253/1 4061/4251/1 4049/4249/1
f 4059/4254/1 4060/4253/1 4049/4249/1
f 4058/4255/1 4059/4254/1 4049/4249/1
f 4057/4256/1 4058/4255/1 4049/4249/1
f 4056/4257/1 4057/4256/1 4049/4249/1
f 4055/4258/1 4056/4257/1 4049/4249/1
f 4054/4259/1 4055/4258/1 4049/4249/1
f 4053/4260/1 4054/4259/1 4049/4249/1
f 4052/4261/1 4053/4260/1 4049/4249/1
f 4051/4262/1 4052/4261/1 4049/4249/1
f 4050/4263/1 4051/4262/1 4049/4249/1
f 4048/4264/2 4049/4249/2 4045/4250/2
f 4211/4247/2 4062/4252/2 4063/4265/2
f 4047/4266/2 4048/4264/2 4045/4250/2
f 4047/4266/2 4045/4250/2 4046/4267/2
f 4211/4247/2 4063/4265/2 4070/4268/2
f 4070/4268/2 4063/4265/2 4069/4269/2
f 4069/4269/2 4063/4265/2 4064/4270/2
f 4210/4271/2 4211/4247/2 4070/4268/2
f 4068/4272/2 4069/4269/2 4064/4270/2
f 4210/4271/2 4070/4268/2 4071/4273/2
f 4068/4272/2 4064/4270/2 4065/4274/2
f 4067/4275/2 4068/4272/2 4065/4274/2
f 4067/4275/2 4065/4274/2 4066/4276/2
f 4210/4271/2 4071/4273/2 4072/4277/2
f 4210/4271/2 4072/4277/2 4076/4278/2
f 4076/4278/2 4072/4277/2 4073/4279/2
f 4210/4271/2 4076/4278/2 4077/4280/2
f 4075/4281/2 4076/4278/2 4073/4279/2
f 4209/4282/2 4210/4271/2 4077/4280/2
f 4075/4281/2 4073/4279/2 4074/4283/2
f 4209/4282/2 4077/4280/2 4078/4284/2
f 4209/4282/2 4078/4284/2 4079/4285/2
f 4208/4286/2 4209/4282/2 4079/4285/2
f 4208/4286/2 4079/4285/2 4080/4287/2
f 4208/4286/2 4080/4287/2 4176/4288/2
f 4176/4288/2 4080/4287/2 4081/4289/2
f 4175/4290/2 4176/4288/2 4081/4289/2
f 4208/4286/2 4176/4288/2 4177/4291/2
f 4207/4292/2 4208/4286/2 4177/4291/2
f 4174/4293/2 4175/4290/2 4081/4289/2
f 4207/4292/2 4177/4291/2 4178/4294/2
f 4173/4295/2 4174/4293/2 4081/4289/2
f 4207/4292/2 4178/4294/2 4183/4296/2
f 4183/4296/2 4178/4294/2 4179/4297/2
f 4182/4298/2 4183/4296/2 4179/4297/2
f 4173/4295/2 4081/4289/2 4082/4299/2
f 4207/4292/2 4183/4296/2 4184/4300/2
f 4181/4301/2 4182/4298/2 4179/4297/2
f 4181/4301/2 4179/4297/2 4180/4302/2
f 4206/4303/2 4207/4292/2 4195/4304/2
f 4195/4304/2 4207/4292/2 4184/4300/2
f 4194/4305/2 4195/4304/2 4184/4300/2
f 4172/4306/2 4173/4295/2 4082/4299/2
f 4206/4303/2 4195/4304/2 4196/4307/2
f 4193/4308/2 4194/4305/2 4184/4300/2
f 4172/4306/2 4082/4299/2 4083/4309/2
f 4193/4308/2 4184/4300/2 4185/4310/2
f 4198/4311/2 4206/4303/2 4196/4307/2
f 4198/4311/2 4196/4307/2 4197/4312/2
f 4206/4303/2 4198/4311/2 4199/4313/2
f 4206/4303/2 4199/4313/2 4200/4314/2
f 4205/4315/2 4206/4303/2 4200/4314/2
f 4171/4316/2 4172/4306/2 4083/4309/2
f 4192/4317/2 4193/4308/2 4185/4310/2
f 4192/4317/2 4185/4310/2 4186/4318/2
f 4205/4315/2 4200/4314/2 4201/4319/2
f 4191/4320/2 4192/4317/2 4186/4318/2
f 4204/4321/2 4205/4315/2 4201/4319/2
f 4171/4316/2 4083/4309/2 4084/4322/2
f 4170/4323/2 4171/4316/2 4084/4322/2
f 4190/4324/2 4191/4320/2 4186/4318/2
f 4204/4321/2 4201/4319/2 4202/4325/2
f 4189/4326/2 4190/4324/2 4186/4318/2
f 4188/4327/2 4189/4326/2 4186/4318/2
f 4203/4328/2 4204/4321/2 4202/4325/2
f 4187/4329/2 4188/4327/2 4186/4318/2
f 4169/4330/2 4170/4323/2 4084/4322/2
f 4169/4330/2 4084/4322/2 4085/4331/2
f 4168/4332/2 4169/4330/2 4085/4331/2
f 4168/4332/2 4085/4331/2 4086/4333/2
f 4167/4334/2 4168/4332/2 4086/4333/2
f 4167/4334/2 4086/4333/2 4087/4335/2
f 4166/4336/2 4167/4334/2 4087/4335/2
f 4166/4336/2 4087/4335/2 4088/4337/2
f 4165/4338/2 4166/4336/2 4088/4337/2
f 4165/4338/2 4088/4337/2 4089/4339/2
f 4164/4340/2 4165/4338/2 4089/4339/2
f 4163/4341/2 4164/4340/2 4089/4339/2
f 4163/4341/2 4089/4339/2 4090/4342/2
f 4162/4343/2 4163/4341/2 4090/4342/2
f 4162/4343/2 4090/4342/2 4091/4344/2
f 4161/4345/2 4162/4343/2 4091/4344/2
f 4160/4346/2 4161/4345/2 4091/4344/2
f 4160/4346/2 4091/4344/2 4092/4347/2
f 4159/4348/2 4160/4346/2 4092/4347/2
f 4159/4348/2 4092/4347/2 4093/4349/2
f 4158/4350/2 4159/4348/2 4093/4349/2
f 4158/4350/2 4093/4349/2 4094/4351/2
f 4158/4350/2 4094/4351/2 4095/4352/2
f 4157/4353/2 4158/4350/2 4095/4352/2
f 4157/4353/2 4095/4352/2 4096/4354/2
f 4157/4353/2 4096/4354/2 4097/4355/2
f 4157/4353/2 4097/4355/2 4098/4356/2
f 4156/4357/2 4157/4353/2 4098/4356/2
f 4156/4357/2 4098/4356/2 4099/4358/2
f 4156/4357/2 4099/4358/2 4100/4359/2
f 4156/4357/2 4100/4359/2 4101/4360/2
f 4155/4361/2 4156/4357/2 4101/4360/2
f 4155/4361/2 4101/4360/2 4102/4362/2
f 4155/4361/2 4102/4362/2 4103/4363/2
f 4154/4364/2 4155/4361/2 4103/4363/2
f 4153/4365/2 4154/4364/2 4103/4363/2
f 4153/4365/2 4103/4363/2 4104/4366/2
f 4152/4367/2 4153/4365/2 4104/4366/2
f 4152/4367/2 4104/4366/2 4105/4368/2
f 4152/4367/2 4105/4368/2 4106/4369/2
f 4152/4367/2 4106/4369/2 4107/4370/2
f 4151/4371/2 4152/4367/2 4107/4370/2
f 4151/4371/2 4107/4370/2 4108/4372/2
f 4150/4373/2 4151/4371/2 4108/4372/2
f 4150/4373/2 4108/4372/2 4109/4374/2
f 4149/4375/2 4150/4373/2 4109/4374/2
f 4149/4375/2 4109/4374/2 4110/4376/2
f 4149/4375/2 4110/4376/2 4111/4377/2
f 4148/4378/2 4149/4375/2 4111/4377/2
f 4148/4378/2 4111/4377/2 4112/4379/2
f 4147/4380/2 4148/4378/2 4112/4379/2
f 4147/4380/2 4112/4379/2 4113/4381/2
f 4146/4382/2 4147/4380/2 4113/4381/2
f 4146/4382/2 4113/4381/2 4114/4383/2
f 4145/4384/2 4146/4382/2 4114/4383/2
f 4145/4384/2 4114/4383/2 4115/4385/2
f 4144/4386/2 4145/4384/2 4115/4385/2
f 4143/4387/2 4144/4386/2 4115/4385/2
f 4142/4388/2 4143/4387/2 4115/4385/2
f 4142/4388/2 4115/4385/2 4116/4389/2
f 4141/4390/2 4142/4388/2 4116/4389/2
f 4141/4390/2 4116/4389/2 4117/4391/2
f 4141/4390/2 4117/4391/2 4118/4392/2
f 4141/4390/2 4118/4392/2 4119/4393/2
f 4141/4390/2 4119/4393/2 4120/4394/2
f 4141/4390/2 4120/4394/2 4121/4395/2
f 4141/4390/2 4121/4395/2 4122/4396/2
f 4141/4390/2 4122/4396/2 4123/4397/2
f 4141/4390/2 4123/4397/2 4124/4398/2
f 4141/4390/2 4124/4398/2 4125/4399/2
f 4140/4400/2 4141/4390/2 4125/4399/2
f 4140/4400/2 4125/4399/2 4126/4401/2
f 4139/4402/2 4140/4400/2 4126/4401/2
f 4139/4402/2 4126/4401/2 4127/4403/2
f 4138/4404/2 4139/4402/2 4127/4403/2
f 4138/4404/2 4127/4403/2 4128/4405/2
f 4137/4406/2 4138/4404/2 4128/4405/2
f 4136/4407/2 4137/4406/2 4128/4405/2
f 4136/4407/2 4128/4405/2 4129/4408/2
f 4135/4409/2 4136/4407/2 4129/4408/2
f 4135/4409/2 4129/4408/2 4130/4410/2
f 4135/4409/2 4130/4410/2 4131/4411/2
f 4134/4412/2 4135/4409/2 4131/4411/2
f 4134/4412/2 4131/4411/2 4132/4413/2
f 4134/4412/2 4132/4413/2 4133/4414/2
f 4633/4415/2 4634/4416/2 4635/4417/2
f 4637/4418/2 4638/4419/2 4639/4420/2
f 4637/4418/2 4639/4420/2 4640/4421/2
f 4637/4418/2 4640/4421/2 4641/4422/2
f 4633/4415/2 4635/4417/2 4636/4423/2
f 4636/4423/2 4637/4418/2 4641/4422/2
f 4632/4424/2 4633/4415/2 4636/4423/2
f 4632/4424/2 4636/4423/2 4641/4422/2
f 4631/4425/2 4632/4424/2 4641/4422/2
f 4631/4425/2 4641/4422/2 4642/4426/2
f 4631/4425/2 4642/4426/2 4643/4427/2
f 4644/4428/2 4645/4429/2 4646/4430/2
f 4644/4428/2 4646/4430/2 4647/4431/2
f 4643/4427/2 4644/4428/2 4647/4431/2
f 4631/4425/2 4643/4427/2 4647/4431/2
f 4626/4432/2 4627/4433/2 4628/4434/2
f 4630/4435/2 4631/4425/2 4647/4431/2
f 4626/4432/2 4628/4434/2 4629/4436/2
f 4625/4437/2 4626/4432/2 4629/4436/2
f 4625/4437/2 4629/4436/2 4630/4435/2
f 4624/4438/2 4625/4437/2 4630/4435/2
f 4624/4438/2 4630/4435/2 4647/4431/2
f 4624/4438/2 4647/4431/2 4648/4439/2
f 4623/4440/2 4624/4438/2 4648/4439/2
f 4623/4440/2 4648/4439/2 4649/4441/2
f 4651/4442/2 4652/4443/2 4653/4444/2
f 4651/4442/2 4653/4444/2 4654/4445/2
f 4650/4446/2 4651/4442/2 4654/4445/2
f 4623/4440/2 4649/4441/2 4650/4446/2
f 4623/4440/2 4650/4446/2 4654/4445/2
f 4622/4447/2 4623/4440/2 4654/4445/2
f 4622/4447/2 4654/4445/2 4655/4448/2
f 4622/4447/2 4655/4448/2 4656/4449/2
f 4621/4450/2 4622/4447/2 4656/4449/2
f 4614/4451/2 4615/4452/2 4616/4453/2
f 4621/4450/2 4656/4449/2 4657/4454/2
f 4614/4451/2 4616/4453/2 4617/4455/2
f 4620/4456/2 4621/4450/2 4657/4454/2
f 4613/4457/2 4614/4451/2 4617/4455/2
f 4613/4457/2 4617/4455/2 4618/4458/2
f 4612/4459/2 4613/4457/2 4618/4458/2
f 4619/4460/2 4620/4456/2 4657/4454/2
f 4612/4459/2 4618/4458/2 4619/4460/2
f 4611/4461/2 4612/4459/2 4619/4460/2
f 4611/4461/2 4619/4460/2 4657/4454/2
f 4610/4462/2 4611/4461/2 4657/4454/2
f 4610/4462/2 4657/4454/2 4658/4463/2
f 4609/4464/2 4610/4462/2 4658/4463/2
f 4608/4465/2 4609/4464/2 4658/4463/2
f 4608/4465/2 4658/4463/2 4659/4466/2
f 4607/4467/2 4608/4465/2 4659/4466/2
f 4601/4468/2 4602/4469/2 4603/4470/2
f 4607/4467/2 4659/4466/2 4660/4471/2
f 4606/4472/2 4607/4467/2 4660/4471/2
f 4600/4473/2 4601/4468/2 4603/4470/2
f 4600/4473/2 4603/4470/2 4604/4474/2
f 4605/4475/2 4606/4472/2 4660/4471/2
f 4605/4475/2 4660/4471/2 4661/4476/2
f 4599/4477/2 4600/4473/2 4604/4474/2
f 4599/4477/2 4604/4474/2 4605/4475/2
f 4599/4477/2 4605/4475/2 4661/4476/2
f 4599/4477/2 4661/4476/2 4662/4478/2
f 4598/4479/2 4599/4477/2 4662/4478/2
f 4597/4480/2 4598/4479/2 4662/4478/2
f 4596/4481/2 4597/4480/2 4662/4478/2
f 4595/4482/2 4596/4481/2 4662/4478/2
f 4594/4483/2 4595/4482/2 4662/4478/2
f 4593/4484/2 4594/4483/2 4662/4478/2
f 4592/4485/2 4593/4484/2 4662/4478/2
f 4592/4485/2 4662/4478/2 4663/4486/2
f 4591/4487/2 4592/4485/2 4663/4486/2
f 4590/4488/2 4591/4487/2 4663/4486/2
f 4589/4489/2 4590/4488/2 4663/4486/2
f 4588/4490/2 4589/4489/2 4663/4486/2
f 4587/4491/2 4588/4490/2 4663/4486/2
f 4587/4491/2 4663/4486/2 4664/4492/2
f 4586/4493/2 4587/4491/2 4664/4492/2
f 4586/4493/2 4664/4492/2 4665/4494/2
f 4585/4495/2 4586/4493/2 4665/4494/2
f 4585/4495/2 4665/4494/2 4666/4496/2
f 4584/4497/2 4585/4495/2 4666/4496/2
f 4584/4497/2 4666/4496/2 4667/4498/2
f 4583/4499/2 4584/4497/2 4667/4498/2
f 4583/4499/2 4667/4498/2 4668/4500/2
f 4583/4499/2 4668/4500/2 4669/4501/2
f 4583/4499/2 4669/4501/2 4670/4502/2
f 4582/4503/2 4583/4499/2 4670/4502/2
f 4582/4503/2 4670/4502/2 4671/4504/2
f 4581/4505/2 4582/4503/2 4671/4504/2
f 4581/4505/2 4671/4504/2 4672/4506/2
f 4580/4507/2 4581/4505/2 4672/4506/2
f 4580/4507/2 4672/4506/2 4673/4508/2
f 4579/4509/2 4580/4507/2 4673/4508/2
f 4578/4510/2 4579/4509/2 4673/4508/2
f 4578/4510/2 4673/4508/2 4674/4511/2
f 4577/4512/2 4578/4510/2 4674/4511/2
f 4576/4513/2 4577/4512/2 4674/4511/2
f 4575/4514/2 4576/4513/2 4674/4511/2
f 4574/4515/2 4575/4514/2 4674/4511/2
f 4573/4516/2 4574/4515/2 4674/4511/2
f 4573/4516/2 4674/4511/2 4675/4517/2
f 4572/4518/2 4573/4516/2 4675/4517/2
f 4571/4519/2 4572/4518/2 4675/4517/2
f 4570/4520/2 4571/4519/2 4675/4517/2
f 4570/4520/2 4675/4517/2 4676/4521/2
f 4569/4522/2 4570/4520/2 4676/4521/2
f 4561/4523/2 4569/4522/2 4676/4521/2
f 4560/4524/2 4561/4523/2 4676/4521/2
f 4569/4522/2 4561/4523/2 4562/4525/2
f 4568/4526/2 4569/4522/2 4563/4527/2
f 4563/4527/2 4569/4522/2 4562/4525/2
f 4552/4528/2 4560/4524/2 4676/4521/2
f 4559/4529/2 4560/4524/2 4552/4528/2
f 4568/4526/2 4563/4527/2 4564/4530/2
f 4559/4529/2 4552/4528/2 4553/4531/2
f 4551/4532/2 4552/4528/2 4676/4521/2
f 4568/4526/2 4564/4530/2 4565/4533/2
f 4558/4534/2 4559/4529/2 4553/4531/2
f 4558/4534/2 4553/4531/2 4554/4535/2
f 4550/4536/2 4551/4532/2 4676/4521/2
f 4550/4536/2 4676/4521/2 4677/4537/2
f 4557/4538/2 4558/4534/2 4554/4535/2
f 4549/4539/2 4550/4536/2 4677/4537/2
f 4568/4526/2 4565/4533/2 4566/4540/2
f 4557/4538/2 4554/4535/2 4555/4541/2
f 4567/4542/2 4568/4526/2 4566/4540/2
f 4556/4543/2 4557/4538/2 4555/4541/2
f 4548/4544/2 4549/4539/2 4677/4537/2
f 4547/4545/2 4548/4544/2 4677/4537/2
f 4546/4546/2 4547/4545/2 4677/4537/2
f 4545/4547/2 4546/4546/2 4677/4537/2
f 4544/4548/2 4545/4547/2 4677/4537/2
f 4544/4548/2 4677/4537/2 4678/4549/2
f 4543/4550/2 4544/4548/2 4678/4549/2
f 4543/4550/2 4678/4549/2 4679/4551/2
f 4543/4550/2 4679/4551/2 4680/4552/2
f 4542/4553/2 4543/4550/2 4680/4552/2
f 4542/4553/2 4680/4552/2 4681/4554/2
f 4542/4553/2 4681/4554/2 4682/4555/2
f 4542/4553/2 4682/4555/2 4683/4556/2
f 4541/4557/2 4542/4553/2 4683/4556/2
f 4541/4557/2 4683/4556/2 4684/4558/2
f 4541/4557/2 4684/4558/2 4685/4559/2
f 4541/4557/2 4685/4559/2 4686/4560/2
f 4540/4561/2 4541/4557/2 4686/4560/2
f 4540/4561/2 4686/4560/2 4687/4562/2
f 4540/4561/2 4687/4562/2 4688/4563/2
f 4540/4561/2 4688/4563/2 4689/4564/2
f 4540/4561/2 4689/4564/2 4690/4565/2
f 4539/4566/2 4540/4561/2 4690/4565/2
f 4539/4566/2 4690/4565/2 4691/4567/2
f 4539/4566/2 4691/4567/2 4692/4568/2
f 4538/4569/2 4539/4566/2 4692/4568/2
f 4538/4569/2 4692/4568/2 4693/4570/2
f 4538/4569/2 4693/4570/2 4694/4571/2
f 4537/4572/2 4538/4569/2 4694/4571/2
f 4537/4572/2 4694/4571/2 4695/4573/2
f 4537/4572/2 4695/4573/2 4696/4574/2
f 4536/4575/2 4537/4572/2 4696/4574/2
f 4536/4575/2 4696/4574/2 4697/4576/2
f 4536/4575/2 4697/4576/2 4698/4577/2
f 4535/4578/2 4536/4575/2 4698/4577/2
f 4535/4578/2 4698/4577/2 4699/4579/2
f 4535/4578/2 4699/4579/2 4700/4580/2
f 4534/4581/2 4535/4578/2 4700/4580/2
f 4534/4581/2 4700/4580/2 4701/4582/2
f 4533/4583/2 4534/4581/2 4701/4582/2
f 4533/4583/2 4701/4582/2 4702/4584/2
f 4532/4585/2 4533/4583/2 4702/4584/2
f 4532/4585/2 4702/4584/2 4703/4586/2
f 4531/4587/2 4532/4585/2 4703/4586/2
f 4531/4587/2 4703/4586/2 4704/4588/2
f 4531/4587/2 4704/4588/2 4705/4589/2
f 4530/4590/2 4531/4587/2 4705/4589/2
f 4530/4590/2 4705/4589/2 4706/4591/2
f 4529/4592/2 4530/4590/2 4706/4591/2
f 4528/4593/2 4529/4592/2 4706/4591/2
f 4528/4593/2 4706/4591/2 4707/4594/2
f 4527/4595/2 4528/4593/2 4707/4594/2
f 4526/4596/2 4527/4595/2 4707/4594/2
f 4525/4597/2 4526/4596/2 4707/4594/2
f 4524/4598/2 4525/4597/2 4707/4594/2
f 4524/4598/2 4707/4594/2 4708/4599/2
f 4523/4600/2 4524/4598/2 4708/4599/2
f 4523/4600/2 4708/4599/2 4709/4601/2
f 4522/4602/2 4523/4600/2 4709/4601/2
f 4521/4603/2 4522/4602/2 4709/4601/2
f 4521/4603/2 4709/4601/2 4710/4604/2
f 4520/4605/2 4521/4603/2 4710/4604/2
f 4519/4606/2 4520/4605/2 4710/4604/2
f 4518/4607/2 4519/4606/2 4710/4604/2
f 4517/4608/2 4518/4607/2 4710/4604/2
f 4517/4608/2 4710/4604/2 4711/4609/2
f 4516/4610/2 4517/4608/2 4711/4609/2
f 4515/4611/2 4516/4610/2 4711/4609/2
f 4515/4611/2 4711/4609/2 4712/4612/2
f 4514/4613/2 4515/4611/2 4712/4612/2
f 4514/4613/2 4712/4612/2 4456/4614/2
f 4513/4615/2 4514/4613/2 4456/4614/2
f 4513/4615/2 4456/4614/2 4457/4616/2
f 4455/4617/2 4456/4614/2 4712/4612/2
f 4454/4618/2 4455/4617/2 4712/4612/2
f 4513/4615/2 4457/4616/2 4458/4619/2
f 4453/4620/2 4454/4618/2 4712/4612/2
f 4512/4621/2 4513/4615/2 4458/4619/2
f 4453/4620/2 4712/4612/2 4713/4622/2
f 4512/4621/2 4458/4619/2 4459/4623/2
f 4512/4621/2 4459/4623/2 4460/4624/2
f 4511/4625/2 4512/4621/2 4460/4624/2
f 4511/4625/2 4460/4624/2 4461/4626/2
f 4453/4620/2 4713/4622/2 4714/4627/2
f 4510/4628/2 4511/4625/2 4461/4626/2
f 4452/4629/2 4453/4620/2 4714/4627/2
f 4509/4630/2 4510/4628/2 4461/4626/2
f 4508/4631/2 4509/4630/2 4461/4626/2
f 4507/4632/2 4508/4631/2 4461/4626/2
f 4506/4633/2 4507/4632/2 4461/4626/2
f 4451/4634/2 4452/4629/2 4714/4627/2
f 4505/4635/2 4506/4633/2 4461/4626/2
f 4504/4636/2 4505/4635/2 4461/4626/2
f 4503/4637/2 4504/4636/2 4461/4626/2
f 4451/4634/2 4714/4627/2 4715/4638/2
f 4502/4639/2 4503/4637/2 4461/4626/2
f 4450/4640/2 4451/4634/2 4715/4638/2
f 4501/4641/2 4502/4639/2 4461/4626/2
f 4500/4642/2 4501/4641/2 4461/4626/2
f 4450/4640/2 4715/4638/2 4716/4643/2
f 4450/4640/2 4716/4643/2 4717/4644/2
f 4500/4642/2 4461/4626/2 4462/4645/2
f 4449/4646/2 4450/4640/2 4717/4644/2
f 4449/4646/2 4717/4644/2 4718/4647/2
f 4500/4642/2 4462/4645/2 4463/4648/2
f 4499/4649/2 4500/4642/2 4463/4648/2
f 4448/4650/2 4449/4646/2 4718/4647/2
f 4448/4650/2 4718/4647/2 4719/4651/2
f 4499/4649/2 4463/4648/2 4464/4652/2
f 4448/4650/2 4719/4651/2 4720/4653/2
f 4448/4650/2 4720/4653/2 4721/4654/2
f 4499/4649/2 4464/4652/2 4465/4655/2
f 4447/4656/2 4448/4650/2 4721/4654/2
f 4447/4656/2 4721/4654/2 4411/4657/2
f 4498/4658/2 4499/4649/2 4465/4655/2
f 4498/4658/2 4465/4655/2 4466/4659/2
f 4447/4656/2 4411/4657/2 4412/4660/2
f 4497/4661/2 4498/4658/2 4466/4659/2
f 4497/4661/2 4466/4659/2 4467/4662/2
f 4497/4661/2 4467/4662/2 4468/4663/2
f 4447/4656/2 4412/4660/2 4413/4664/2
f 4497/4661/2 4468/4663/2 4469/4665/2
f 4446/4666/2 4447/4656/2 4413/4664/2
f 4497/4661/2 4469/4665/2 4470/4667/2
f 4446/4666/2 4413/4664/2 4414/4668/2
f 4496/4669/2 4497/4661/2 4470/4667/2
f 4496/4669/2 4470/4667/2 4471/4670/2
f 4495/4671/2 4496/4669/2 4471/4670/2
f 4446/4666/2 4414/4668/2 4415/4672/2
f 4445/4673/2 4446/4666/2 4415/4672/2
f 4495/4671/2 4471/4670/2 4472/4674/2
f 4444/4675/2 4445/4673/2 4415/4672/2
f 4495/4671/2 4472/4674/2 4473/4676/2
f 4444/4675/2 4415/4672/2 4416/4677/2
f 4443/4678/2 4444/4675/2 4416/4677/2
f 4443/4678/2 4416/4677/2 4417/4679/2
f 4442/4680/2 4443/4678/2 4417/4679/2
f 4495/4671/2 4473/4676/2 4474/4681/2
f 4442/4680/2 4417/4679/2 4418/4682/2
f 4441/4683/2 4442/4680/2 4418/4682/2
f 4495/4671/2 4474/4681/2 4475/4684/2
f 4494/4685/2 4495/4671/2 4475/4684/2
f 4441/4683/2 4418/4682/2 4419/4686/2
f 4440/4687/2 4441/4683/2 4419/4686/2
f 4494/4685/2 4475/4684/2 4476/4688/2
f 4440/4687/2 4419/4686/2 4420/4689/2
f 4439/4690/2 4440/4687/2 4420/4689/2
f 4439/4690/2 4420/4689/2 4421/4691/2
f 4494/4685/2 4476/4688/2 4477/4692/2
f 4438/4693/2 4439/4690/2 4421/4691/2
f 4494/4685/2 4477/4692/2 4478/4694/2
f 4438/4693/2 4421/4691/2 4422/4695/2
f 4437/4696/2 4438/4693/2 4422/4695/2
f 4493/4697/2 4494/4685/2 4478/4694/2
f 4493/4697/2 4478/4694/2 4479/4698/2
f 4437/4696/2 4422/4695/2 4423/4699/2
f 4436/4700/2 4437/4696/2 4423/4699/2
f 4493/4697/2 4479/4698/2 4480/4701/2
f 4436/4700/2 4423/4699/2 4424/4702/2
f 4493/4697/2 4480/4701/2 4481/4703/2
f 4436/4700/2 4424/4702/2 4425/4704/2
f 4435/4705/2 4436/4700/2 4425/4704/2
f 4434/4706/2 4435/4705/2 4425/4704/2
f 4493/4697/2 4481/4703/2 4482/4707/2
f 4433/4708/2 4434/4706/2 4425/4704/2
f 4433/4708/2 4425/4704/2 4426/4709/2
f 4432/4710/2 4433/4708/2 4426/4709/2
f 4432/4710/2 4426/4709/2 4427/4711/2
f 4492/4712/2 4493/4697/2 4482/4707/2
f 4431/4713/2 4432/4710/2 4427/4711/2
f 4492/4712/2 4482/4707/2 4483/4714/2
f 4431/4713/2 4427/4711/2 4428/4715/2
f 4492/4712/2 4483/4714/2 4484/4716/2
f 4431/4713/2 4428/4715/2 4429/4717/2
f 4430/4718/2 4431/4713/2 4429/4717/2
f 4491/4719/2 4492/4712/2 4484/4716/2
f 4491/4719/2 4484/4716/2 4485/4720/2
f 4490/4721/2 4491/4719/2 4485/4720/2
f 4490/4721/2 4485/4720/2 4486/4722/2
f 4489/4723/2 4490/4721/2 4486/4722/2
f 4488/4724/2 4489/4723/2 4486/4722/2
f 4488/4724/2 4486/4722/2 4487/4725/2
s 1
f 4723/4726/7 4984/4727/8 4985/4728/9
f 4725/4729/10 4724/4730/11 4723/4726/7
f 4727/4731/12 4726/4732/13 4725/4729/10
f 4729/4733/14 4728/4734/15 4727/4731/12
f 4731/4735/16 4730/4736/17 4729/4733/14
f 4734/4737/18 4733/4738/19 4731/4735/16
f 4736/4739/20 4735/4740/21 4734/4737/18
f 4739/4741/22 4737/4742/23 4736/4739/20
f 4741/4743/24 4738/4744/25 4739/4741/22
f 4743/4745/26 4742/4746/27 4741/4743/24
f 4745/4747/28 4742/4746/27 4743/4745/26
f 4746/4748/29 4744/4749/30 4745/4747/28
f 4748/4750/31 4747/4751/32 4746/4748/29
f 4750/4752/33 4747/4751/32 4748/4750/31
f 4752/4753/34 4751/4754/35 4750/4752/33
f 4754/4755/36 4751/4754/35 4752/4753/34
f 4755/4756/37 4753/4757/38 4754/4755/36
f 4758/4758/39 4756/4759/40 4755/4756/37
f 4760/4760/41 4759/4761/42 4758/4758/39
f 4762/4762/43 4759/4761/42 4760/4760/41
f 4764/4763/44 4761/4764/45 4762/4762/43
f 4765/4765/46 4763/4766/47 4764/4763/44
f 4768/4767/48 4766/4768/49 4765/4765/46
f 4770/4769/50 4767/4770/51 4768/4767/48
f 4772/4771/52 4769/4772/53 4770/4769/50
f 4773/4773/54 4771/4774/55 4772/4771/52
f 4775/4775/56 4774/4776/57 4773/4773/54
f 4778/4777/58 4776/4778/59 4775/4775/56
f 4780/4779/60 4777/4780/61 4778/4777/58
f 4781/4781/62 4779/4782/63 4780/4779/60
f 4783/4783/64 4782/4784/65 4781/4781/62
f 4785/4785/66 4784/4786/67 4783/4783/64
f 4786/4787/68 4784/4786/67 4785/4785/66
f 4789/4788/69 4788/4789/70 4786/4787/68
f 4791/4790/71 4788/4789/70 4789/4788/69
f 4793/4791/72 4792/4792/73 4791/4790/71
f 4795/4793/74 4792/4792/73 4793/4791/72
f 4797/4794/75 4796/4795/76 4795/4793/74
f 4799/4796/77 4798/4797/78 4797/4794/75
f 4802/4798/79 4800/4799/80 4799/4796/77
f 4804/4800/81 4803/4801/82 4802/4798/79
f 4806/4802/83 4805/4803/84 4804/4800/81
f 4808/4804/85 4807/4805/86 4806/4802/83
f 4810/4806/87 4807/4805/86 4808/4804/85
f 4812/4807/88 4811/4808/89 4810/4806/87
f 4814/4809/90 4813/4810/91 4812/4807/88
f 4816/4811/92 4815/4812/93 4814/4809/90
f 4818/4813/94 4817/4814/95 4816/4811/92
f 4820/4815/96 4819/4816/97 4818/4813/94
f 4822/4817/98 4821/4818/99 4820/4815/96
f 4824/4819/100 4823/4820/101 4822/4817/98
f 4826/4821/102 4823/4820/101 4824/4819/100
f 4828/4822/103 4827/4823/104 4826/4821/102
f 4830/4824/105 4827/4823/104 4828/4822/103
f 4832/4825/106 4829/4826/107 4830/4824/105
f 4834/4827/108 4831/4828/109 4832/4825/106
f 4836/4829/110 4835/4830/111 4834/4827/108
f 4838/4831/112 4837/4832/113 4836/4829/110
f 4840/4833/114 4837/4832/113 4838/4831/112
f 4842/4834/115 4839/4835/116 4840/4833/114
f 4844/4836/117 4843/4837/118 4842/4834/115
f 4847/4838/119 4845/4839/120 4844/4836/117
f 4849/4840/121 4848/4841/122 4847/4838/119
f 4851/4842/123 4850/4843/124 4849/4840/121
f 4853/4844/125 4852/4845/126 4851/4842/123
f 4855/4846/127 4852/4845/126 4853/4844/125
f 4856/4847/128 4854/4848/129 4855/4846/127
f 4859/4849/130 4857/4850/131 4856/4847/128
f 4860/4851/132 4858/4852/133 4859/4849/130
f 4862/4853/134 4861/4854/135 4860/4851/132
f 4865/4855/136 4864/4856/137 4862/4853/134
f 4866/4857/138 4864/4856/137 4865/4855/136
f 4869/4858/139 4868/4859/140 4866/4857/138
f 4871/4860/141 4870/4861/142 4869/4858/139
f 4873/4862/143 4872/4863/144 4871/4860/141
f 4876/4864/145 4874/4865/146 4873/4862/143
f 4877/4866/147 4875/4867/148 4876/4864/145
f 4879/4868/149 4878/4869/150 4877/4866/147
f 4881/4870/151 4878/4869/150 4879/4868/149
f 4882/4871/152 4880/4872/153 4881/4870/151
f 4885/4873/154 4883/4874/155 4882/4871/152
f 4886/4875/156 4884/4876/157 4885/4873/154
f 4888/4877/158 4887/4878/159 4886/4875/156
f 4889/4879/160 4887/4878/159 4888/4877/158
f 4892/4880/161 4890/4881/162 4889/4879/160
f 4894/4882/163 4891/4883/164 4892/4880/161
f 4896/4884/165 4895/4885/166 4894/4882/163
f 4898/4886/167 4895/4885/166 4896/4884/165
f 4899/4887/168 4897/4888/169 4898/4886/167
f 4901/4889/170 4900/4890/171 4899/4887/168
f 4903/4891/172 4902/4892/173 4901/4889/170
f 4905/4893/174 4904/4894/175 4903/4891/172
f 4907/4895/176 4906/4896/177 4905/4893/174
f 4908/4897/178 4906/4896/177 4907/4895/176
f 4910/4898/179 4909/4899/180 4908/4897/178
f 4911/4900/181 4909/4899/180 4910/4898/179
f 4913/4901/182 4912/4902/183 4911/4900/181
f 4916/4903/184 4914/4904/185 4913/4901/182
f 4918/4905/186 4917/4906/187 4916/4903/184
f 4921/4907/188 4920/4908/189 4918/4905/186
f 4923/4909/190 4922/4910/191 4921/4907/188
f 4926/4911/192 4924/4912/193 4923/4909/190
f 4928/4913/194 4927/4914/195 4926/4911/192
f 4930/4915/196 4929/4916/197 4928/4913/194
f 4932/4917/198 4929/4916/197 4930/4915/196
f 4934/4918/199 4931/4919/200 4932/4917/198
f 4936/4920/201 4933/4921/202 4934/4918/199
f 4938/4922/203 4937/4923/204 4936/4920/201
f 4940/4924/205 4937/4923/204 4938/4922/203
f 4941/4925/206 4939/4926/207 4940/4924/205
f 4944/4927/208 4942/4928/209 4941/4925/206
f 4945/4929/210 4943/4930/211 4944/4927/208
f 4947/4931/212 4946/4932/213 4945/4929/210
f 4949/4933/214 4946/4932/213 4947/4931/212
f 4950/4934/215 4948/4935/216 4949/4933/214
f 4952/4936/217 4951/4937/218 4950/4934/215
f 4955/4938/219 4953/4939/220 4952/4936/217
f 4956/4940/221 4954/4941/222 4955/4938/219
f 4958/4942/223 4957/4943/224 4956/4940/221
f 4959/4944/225 4957/4943/224 4958/4942/223
f 4961/4945/226 4960/4946/227 4959/4944/225
f 4963/4947/228 4962/4948/229 4961/4945/226
f 4964/4949/230 4962/4948/229 4963/4947/228
f 4967/4950/231 4965/4951/232 4964/4949/230
f 4969/4952/233 4966/4953/234 4967/4950/231
f 4971/4954/235 4970/4955/236 4969/4952/233
f 4973/4956/237 4972/4957/238 4971/4954/235
f 4975/4958/239 4972/4957/238 4973/4956/237
f 4977/4959/240 4974/4960/241 4975/4958/239
f 4979/4961/242 4976/4962/243 4977/4959/240
f 4981/4963/244 4980/4964/245 4979/4961/242
f 4983/4965/246 4982/4966/247 4981/4963/244
f 4985/4728/9 4984/4727/8 4983/4965/246
f 4989/4967/248 4987/4968/249 4986/4969/250
f 4990/4970/251 4988/4971/252 4989/4967/248
f 4993/4972/253 4992/4973/254 4990/4970/251
f 4995/4974/255 4994/4975/256 4993/4972/253
f 4997/4976/257 4996/4977/258 4995/4974/255
f 4999/4978/259 4998/4979/260 4997/4976/257
f 5002/4980/261 5000/4981/262 4999/4978/259
f 5004/4982/263 5003/4983/264 5002/4980/261
f 5006/4984/265 5005/4985/266 5004/4982/263
f 5009/4986/267 5007/4987/268 5006/4984/265
f 5011/4988/269 5008/4989/270 5009/4986/267
f 5013/4990/271 5010/4991/272 5011/4988/269
f 5015/4992/273 5014/4993/274 5013/4990/271
f 5017/4994/275 5016/4995/276 5015/4992/273
f 5020/4996/277 5018/4997/278 5017/4994/275
f 5021/4998/279 5019/4999/280 5020/4996/277
f 5024/5000/281 5023/5001/282 5021/4998/279
f 5026/5002/283 5025/5003/284 5024/5000/281
f 5029/5004/285 5028/5005/286 5026/5002/283
f 5031/5006/287 5030/5007/288 5029/5004/285
f 5033/5008/289 5032/5009/290 5031/5006/287
f 5035/5010/291 5034/5011/292 5033/5008/289
f 5038/5012/293 5037/5013/294 5035/5010/291
f 5040/5014/295 5037/5013/294 5038/5012/293
f 5041/5015/296 5039/5016/297 5040/5014/295
f 5043/5017/298 5042/5018/299 5041/5015/296
f 5045/5019/300 5044/5020/301 5043/5017/298
f 5048/5021/302 5047/5022/303 5045/5019/300
f 5050/5023/304 5049/5024/305 5048/5021/302
f 5052/5025/306 5051/5026/307 5050/5023/304
f 5055/5027/308 5054/5028/309 5052/5025/306
f 5057/5029/310 5056/5030/311 5055/5027/308
f 5059/5031/312 5056/5030/311 5057/5029/310
f 5061/5032/313 5058/5033/314 5059/5031/312
f 5063/5034/315 5062/5035/316 5061/5032/313
f 5065/5036/317 5064/5037/318 5063/5034/315
f 5067/5038/319 5066/5039/320 5065/5036/317
f 5070/5040/321 5068/5041/322 5067/5038/319
f 5072/5042/323 5069/5043/324 5070/5040/321
f 5074/5044/325 5071/5045/326 5072/5042/323
f 5076/5046/327 5073/5047/328 5074/5044/325
f 5078/5048/329 5077/5049/330 5076/5046/327
f 5079/5050/331 5077/5049/330 5078/5048/329
f 5082/5051/332 5081/5052/333 5079/5050/331
f 5084/5053/334 5083/5054/335 5082/5051/332
f 5087/5055/336 5085/5056/337 5084/5053/334
f 5089/5057/338 5088/5058/339 5087/5055/336
f 5091/5059/340 5090/5060/341 5089/5057/338
f 5093/5061/342 5090/5060/341 5091/5059/340
f 5095/5062/343 5092/5063/344 5093/5061/342
f 5097/5064/345 5096/5065/346 5095/5062/343
f 5099/5066/347 5096/5065/346 5097/5064/345
f 4986/4969/250 5098/5067/348 5099/5066/347
f 5103/5068/349 5102/5069/350 5101/5070/351
f 5105/5071/352 5104/5072/353 5103/5068/349
f 5106/5073/354 5104/5072/353 5105/5071/352
f 5109/5074/355 5107/5075/356 5106/5073/354
f 5111/5076/357 5110/5077/358 5109/5074/355
f 5113/5078/359 5112/5079/360 5111/5076/357
f 5115/5080/361 5114/5081/362 5113/5078/359
f 5116/5082/363 5114/5081/362 5115/5080/361
f 5118/5083/364 5117/5084/365 5116/5082/363
f 5120/5085/366 5119/5086/367 5118/5083/364
f 5122/5087/368 5121/5088/369 5120/5085/366
f 5125/5089/370 5124/5090/371 5122/5087/368
f 5127/5091/372 5124/5090/371 5125/5089/370
f 5129/5092/373 5126/5093/374 5127/5091/372
f 5131/5094/375 5128/5095/376 5129/5092/373
f 5132/5096/377 5130/5097/378 5131/5094/375
f 5135/5098/379 5133/5099/380 5132/5096/377
f 5137/5100/381 5134/5101/382 5135/5098/379
f 5139/5102/383 5136/5103/384 5137/5100/381
f 5141/5104/385 5140/5105/386 5139/5102/383
f 5143/5106/387 5140/5105/386 5141/5104/385
f 5145/5107/388 5144/5108/389 5143/5106/387
f 5147/5109/390 5144/5108/389 5145/5107/388
f 5149/5110/391 5148/5111/392 5147/5109/390
f 5151/5112/393 5150/5113/394 5149/5110/391
f 5153/5114/395 5150/5113/394 5151/5112/393
f 5154/5115/396 5152/5116/397 5153/5114/395
f 5157/5117/398 5156/5118/399 5154/5115/396
f 5160/5119/400 5158/5120/401 5157/5117/398
f 5162/5121/402 5161/5122/403 5160/5119/400
f 5163/5123/404 5161/5122/403 5162/5121/402
f 5166/5124/405 5164/5125/406 5163/5123/404
f 5168/5126/407 5165/5127/408 5166/5124/405
f 5169/5128/409 5167/5129/410 5168/5126/407
f 5172/5130/411 5170/5131/412 5169/5128/409
f 5173/5132/413 5171/5133/414 5172/5130/411
f 5176/5134/415 5174/5135/416 5173/5132/413
f 5178/5136/417 5177/5137/418 5176/5134/415
f 5180/5138/419 5179/5139/420 5178/5136/417
f 5182/5140/421 5181/5141/422 5180/5138/419
f 5185/5142/423 5183/5143/424 5182/5140/421
f 5187/5144/425 5184/5145/426 5185/5142/423
f 5189/5146/427 5188/5147/428 5187/5144/425
f 5191/5148/429 5188/5147/428 5189/5146/427
f 5193/5149/430 5190/5150/431 5191/5148/429
f 5195/5151/432 5194/5152/433 5193/5149/430
f 5196/5153/434 5194/5152/433 5195/5151/432
f 5198/5154/435 5197/5155/436 5196/5153/434
f 5201/5156/437 5199/5157/438 5198/5154/435
f 5203/5158/439 5200/5159/440 5201/5156/437
f 5205/5160/441 5202/5161/442 5203/5158/439
f 5206/5162/443 5204/5163/444 5205/5160/441
f 5208/5164/445 5207/5165/446 5206/5162/443
f 5210/5166/447 5209/5167/448 5208/5164/445
f 5212/5168/449 5209/5167/448 5210/5166/447
f 5214/5169/450 5213/5170/451 5212/5168/449
f 5216/5171/452 5213/5170/451 5214/5169/450
f 5218/5172/453 5215/5173/454 5216/5171/452
f 5220/5174/455 5219/5175/456 5218/5172/453
f 5222/5176/457 5219/5175/456 5220/5174/455
f 5224/5177/458 5223/5178/459 5222/5176/457
f 5226/5179/460 5225/5180/461 5224/5177/458
f 5228/5181/462 5225/5180/461 5226/5179/460
f 5230/5182/463 5227/5183/464 5228/5181/462
f 5232/5184/465 5229/5185/466 5230/5182/463
f 5233/5186/467 5231/5187/468 5232/5184/465
f 5236/5188/469 5235/5189/470 5233/5186/467
f 5238/5190/471 5237/5191/472 5236/5188/469
f 5240/5192/473 5237/5191/472 5238/5190/471
f 5242/5193/474 5239/5194/475 5240/5192/473
f 5244/5195/476 5241/5196/477 5242/5193/474
f 5246/5197/478 5245/5198/479 5244/5195/476
f 5248/5199/480 5247/5200/481 5246/5197/478
f 5250/5201/482 5249/5202/483 5248/5199/480
f 5253/5203/484 5251/5204/485 5250/5201/482
f 5255/5205/486 5254/5206/487 5253/5203/484
f 5257/5207/488 5256/5208/489 5255/5205/486
f 5259/5209/490 5256/5208/489 5257/5207/488
f 5261/5210/491 5258/5211/492 5259/5209/490
f 5263/5212/493 5260/5213/494 5261/5210/491
f 5265/5214/495 5262/5215/496 5263/5212/493
f 5266/5216/497 5264/5217/498 5265/5214/495
f 5269/5218/499 5267/5219/500 5266/5216/497
f 5271/5220/501 5270/5221/502 5269/5218/499
f 5273/5222/503 5270/5221/502 5271/5220/501
f 5275/5223/504 5272/5224/505 5273/5222/503
f 5277/5225/506 5274/5226/507 5275/5223/504
f 5279/5227/508 5276/5228/509 5277/5225/506
f 5281/5229/510 5280/5230/511 5279/5227/508
f 5283/5231/512 5280/5230/511 5281/5229/510
f 5285/5232/513 5282/5233/514 5283/5231/512
f 5286/5234/515 5284/5235/516 5285/5232/513
f 5289/5236/517 5287/5237/518 5286/5234/515
f 5291/5238/519 5288/5239/520 5289/5236/517
f 5293/5240/521 5292/5241/522 5291/5238/519
f 5296/5242/523 5294/5243/524 5293/5240/521
f 5298/5244/525 5297/5245/526 5296/5242/523
f 5101/5070/351 5299/5246/527 5298/5244/525
f 5303/5247/528 5300/5248/529 5301/5249/530
f 5304/5250/531 5302/5251/532 5303/5247/528
f 5307/5252/533 5306/5253/534 5304/5250/531
f 5309/5254/535 5306/5253/534 5307/5252/533
f 5311/5255/536 5308/5256/537 5309/5254/535
f 5313/5257/538 5312/5258/539 5311/5255/536
f 5315/5259/540 5314/5260/541 5313/5257/538
f 5317/5261/542 5314/5260/541 5315/5259/540
f 5319/5262/543 5316/5263/544 5317/5261/542
f 5320/5264/545 5318/5265/546 5319/5262/543
f 5322/5266/547 5321/5267/548 5320/5264/545
f 5324/5268/549 5323/5269/550 5322/5266/547
f 5327/5270/551 5326/5271/552 5324/5268/549
f 5329/5272/553 5326/5271/552 5327/5270/551
f 5331/5273/554 5328/5274/555 5329/5272/553
f 5332/5275/556 5330/5276/557 5331/5273/554
f 5334/5277/558 5333/5278/559 5332/5275/556
f 5337/5279/560 5335/5280/561 5334/5277/558
f 5339/5281/562 5338/5282/563 5337/5279/560
f 5341/5283/564 5340/5284/565 5339/5281/562
f 5344/5285/566 5343/5286/567 5341/5283/564
f 5346/5287/568 5343/5286/567 5344/5285/566
f 5348/5288/569 5347/5289/570 5346/5287/568
f 5350/5290/571 5349/5291/572 5348/5288/569
f 5352/5292/573 5351/5293/574 5350/5290/571
f 5354/5294/575 5353/5295/576 5352/5292/573
f 5356/5296/577 5355/5297/578 5354/5294/575
f 5358/5298/579 5357/5299/580 5356/5296/577
f 5361/5300/581 5360/5301/582 5358/5298/579
f 5363/5302/583 5362/5303/584 5361/5300/581
f 5365/5304/585 5364/5305/586 5363/5302/583
f 5367/5306/587 5364/5305/586 5365/5304/585
f 5368/5307/588 5366/5308/589 5367/5306/587
f 5371/5309/590 5369/5310/591 5368/5307/588
f 5373/5311/592 5372/5312/593 5371/5309/590
f 5375/5313/594 5374/5314/595 5373/5311/592
f 5377/5315/596 5376/5316/597 5375/5313/594
f 5379/5317/598 5378/5318/599 5377/5315/596
f 5381/5319/600 5380/5320/601 5379/5317/598
f 5383/5321/602 5382/5322/603 5381/5319/600
f 5385/5323/604 5384/5324/605 5383/5321/602
f 5387/5325/606 5384/5324/605 5385/5323/604
f 5389/5326/607 5386/5327/608 5387/5325/606
f 5391/5328/609 5388/5329/610 5389/5326/607
f 5392/5330/611 5390/5331/612 5391/5328/609
f 5395/5332/613 5394/5333/614 5392/5330/611
f 5396/5334/615 5394/5333/614 5395/5332/613
f 5398/5335/616 5397/5336/617 5396/5334/615
f 5401/5337/618 5399/5338/619 5398/5335/616
f 5403/5339/620 5402/5340/621 5401/5337/618
f 5405/5341/622 5402/5340/621 5403/5339/620
f 5407/5342/623 5406/5343/624 5405/5341/622
f 5409/5344/625 5406/5343/624 5407/5342/623
f 5411/5345/626 5408/5346/627 5409/5344/625
f 5414/5347/628 5412/5348/629 5411/5345/626
f 5416/5349/630 5413/5350/631 5414/5347/628
f 5418/5351/632 5417/5352/633 5416/5349/630
f 5420/5353/634 5419/5354/635 5418/5351/632
f 5422/5355/636 5419/5354/635 5420/5353/634
f 5301/5249/530 5421/5356/637 5422/5355/636
f 5424/5357/638 5423/5358/639 5492/5359/640
f 5426/5360/641 5425/5361/642 5424/5357/638
f 5429/5362/643 5427/5363/644 5426/5360/641
f 5430/5364/645 5428/5365/646 5429/5362/643
f 5433/5366/647 5431/5367/648 5430/5364/645
f 5435/5368/649 5432/5369/650 5433/5366/647
f 5437/5370/651 5434/5371/652 5435/5368/649
f 5439/5372/653 5436/5373/654 5437/5370/651
f 5441/5374/655 5440/5375/656 5439/5372/653
f 5443/5376/657 5440/5375/656 5441/5374/655
f 5444/5377/658 5442/5378/659 5443/5376/657
f 5447/5379/660 5446/5380/661 5444/5377/658
f 5449/5381/662 5446/5380/661 5447/5379/660
f 5451/5382/663 5448/5383/664 5449/5381/662
f 5453/5384/665 5452/5385/666 5451/5382/663
f 5455/5386/667 5454/5387/668 5453/5384/665
f 5457/5388/669 5454/5387/668 5455/5386/667
f 5458/5389/670 5456/5390/671 5457/5388/669
f 5460/5391/672 5459/5392/673 5458/5389/670
f 5462/5393/674 5461/5394/675 5460/5391/672
f 5464/5395/676 5463/5396/677 5462/5393/674
f 5467/5397/678 5466/5398/679 5464/5395/676
f 5469/5399/680 5466/5398/679 5467/5397/678
f 5470/5400/681 5468/5401/682 5469/5399/680
f 5472/5402/683 5471/5403/684 5470/5400/681
f 5475/5404/685 5473/5405/686 5472/5402/683
f 5477/5406/687 5474/5407/688 5475/5404/685
f 5479/5408/689 5476/5409/690 5477/5406/687
f 5481/5410/691 5480/5411/692 5479/5408/689
f 5482/5412/693 5480/5411/692 5481/5410/691
f 5484/5413/694 5483/5414/695 5482/5412/693
f 5486/5415/696 5485/5416/697 5484/5413/694
f 5488/5417/698 5485/5416/697 5486/5415/696
f 5490/5418/699 5487/5419/700 5488/5417/698
f 5492/5359/640 5491/5420/701 5490/5418/699
f 5494/5421/702 5493/5422/703 5561/5423/704
f 5495/5424/705 5493/5422/703 5494/5421/702
f 5498/5425/706 5497/5426/707 5495/5424/705
f 5501/5427/708 5500/5428/709 5498/5425/706
f 5503/5429/710 5500/5428/709 5501/5427/708
f 5505/5430/711 5502/5431/712 5503/5429/710
f 5507/5432/713 5504/5433/714 5505/5430/711
f 5509/5434/715 5506/5435/716 5507/5432/713
f 5510/5436/717 5508/5437/718 5509/5434/715
f 5513/5438/719 5512/5439/720 5510/5436/717
f 5515/5440/721 5514/5441/722 5513/5438/719
f 5517/5442/723 5516/5443/724 5515/5440/721
f 5519/5444/725 5516/5443/724 5517/5442/723
f 5521/5445/726 5518/5446/727 5519/5444/725
f 5523/5447/728 5522/5448/729 5521/5445/726
f 5525/5449/730 5524/5450/731 5523/5447/728
f 5528/5451/732 5527/5452/733 5525/5449/730
f 5530/5453/734 5529/5454/735 5528/5451/732
f 5532/5455/736 5529/5454/735 5530/5453/734
f 5533/5456/737 5531/5457/738 5532/5455/736
f 5536/5458/739 5534/5459/740 5533/5456/737
f 5538/5460/741 5537/5461/742 5536/5458/739
f 5540/5462/743 5539/5463/744 5538/5460/741
f 5542/5464/745 5541/5465/746 5540/5462/743
f 5544/5466/747 5541/5465/746 5542/5464/745
f 5546/5467/748 5543/5468/749 5544/5466/747
f 5548/5469/750 5545/5470/751 5546/5467/748
f 5549/5471/752 5547/5472/753 5548/5469/750
f 5552/5473/754 5550/5474/755 5549/5471/752
f 5554/5475/756 5553/5476/757 5552/5473/754
f 5556/5477/758 5555/5478/759 5554/5475/756
f 5558/5479/760 5557/5480/761 5556/5477/758
f 5560/5481/762 5557/5480/761 5558/5479/760
f 5561/5423/704 5559/5482/763 5560/5481/762
f 5563/5483/764 5562/5484/765 5618/5485/766
f 5564/5486/767 5562/5484/765 5563/5483/764
f 5566/5487/768 5565/5488/769 5564/5486/767
f 5569/5489/770 5568/5490/771 5566/5487/768
f 5570/5491/772 5568/5490/771 5569/5489/770
f 5572/5492/773 5571/5493/774 5570/5491/772
f 5575/5494/775 5574/5495/776 5572/5492/773
f 5576/5496/777 5574/5495/776 5575/5494/775
f 5579/5497/778 5578/5498/779 5576/5496/777
f 5581/5499/780 5578/5498/779 5579/5497/778
f 5583/5500/781 5580/5501/782 5581/5499/780
f 5585/5502/783 5582/5503/784 5583/5500/781
f 5587/5504/785 5584/5505/786 5585/5502/783
f 5589/5506/787 5588/5507/788 5587/5504/785
f 5591/5508/789 5588/5507/788 5589/5506/787
f 5593/5509/790 5590/5510/791 5591/5508/789
f 5595/5511/792 5592/5512/793 5593/5509/790
f 5597/5513/794 5594/5514/795 5595/5511/792
f 5599/5515/796 5596/5516/797 5597/5513/794
f 5600/5517/798 5598/5518/799 5599/5515/796
f 5603/5519/800 5601/5520/801 5600/5517/798
f 5605/5521/802 5602/5522/803 5603/5519/800
f 5606/5523/804 5604/5524/805 5605/5521/802
f 5608/5525/806 5607/5526/807 5606/5523/804
f 5610/5527/808 5609/5528/809 5608/5525/806
f 5611/5529/810 5609/5528/809 5610/5527/808
f 5614/5530/811 5612/5531/812 5611/5529/810
f 5616/5532/813 5613/5533/811 5614/5530/811
f 5618/5485/766 5615/5534/814 5616/5532/813
f 5622/5535/815 5619/5536/816 5620/5537/817
f 5624/5538/818 5621/5539/819 5622/5535/815
f 5626/5540/820 5625/5541/821 5624/5538/818
f 5629/5542/822 5627/5543/823 5626/5540/820
f 5630/5544/824 5628/5545/825 5629/5542/822
f 5632/5546/826 5631/5547/827 5630/5544/824
f 5634/5548/828 5633/5549/829 5632/5546/826
f 5636/5550/830 5635/5551/831 5634/5548/828
f 5639/5552/832 5637/5553/833 5636/5550/830
f 5641/5554/834 5640/5555/835 5639/5552/832
f 5643/5556/836 5642/5557/837 5641/5554/834
f 5646/5558/838 5644/5559/839 5643/5556/836
f 5648/5560/840 5645/5561/841 5646/5558/838
f 5650/5562/842 5649/5563/843 5648/5560/840
f 5652/5564/844 5649/5563/843 5650/5562/842
f 5654/5565/845 5653/5566/846 5652/5564/844
f 5655/5567/847 5653/5566/846 5654/5565/845
f 5657/5568/848 5656/5569/849 5655/5567/847
f 5660/5570/850 5659/5571/851 5657/5568/848
f 5662/5572/852 5661/5573/853 5660/5570/850
f 5664/5574/854 5663/5575/855 5662/5572/852
f 5667/5576/856 5665/5577/857 5664/5574/854
f 5669/5578/858 5666/5579/859 5667/5576/856
f 5671/5580/860 5668/5581/861 5669/5578/858
f 5673/5582/862 5670/5583/863 5671/5580/860
f 5674/5584/864 5672/5585/865 5673/5582/862
f 5676/5586/866 5675/5587/867 5674/5584/864
f 5679/5588/868 5677/5589/869 5676/5586/866
f 5681/5590/870 5678/5591/871 5679/5588/868
f 5683/5592/872 5680/5593/873 5681/5590/870
f 5685/5594/874 5682/5595/875 5683/5592/872
f 5687/5596/876 5684/5597/877 5685/5594/874
f 5620/5537/817 5686/5598/878 5687/5596/876
f 5689/5599/879 5841/5600/880 5842/5601/881
f 5691/5602/882 5688/5603/883 5689/5599/879
f 5694/5604/884 5692/5605/885 5691/5602/882
f 5695/5606/886 5693/5607/887 5694/5604/884
f 5697/5608/888 5696/5609/889 5695/5606/886
f 5698/5610/890 5696/5609/889 5697/5608/888
f 5700/5611/891 5699/5612/892 5698/5610/890
f 5702/5613/893 5701/5614/894 5700/5611/891
f 5704/5615/895 5701/5614/894 5702/5613/893
f 5706/5616/896 5705/5617/897 5704/5615/895
f 5708/5618/898 5707/5619/899 5706/5616/896
f 5710/5620/900 5709/5621/901 5708/5618/898
f 5712/5622/902 5711/5623/903 5710/5620/900
f 5714/5624/904 5713/5625/905 5712/5622/902
f 5716/5626/906 5713/5625/905 5714/5624/904
f 5718/5627/907 5715/5628/908 5716/5626/906
f 5720/5629/909 5717/5630/910 5718/5627/907
f 5722/5631/911 5719/5632/912 5720/5629/909
f 5724/5633/913 5721/5634/914 5722/5631/911
f 5726/5635/915 5723/5636/916 5724/5633/913
f 5728/5637/917 5725/5638/918 5726/5635/915
f 5730/5639/919 5729/5640/920 5728/5637/917
f 5732/5641/921 5731/5642/922 5730/5639/919
f 5734/5643/923 5733/5644/924 5732/5641/921
f 5736/5645/925 5735/5646/926 5734/5643/923
f 5738/5647/927 5737/5648/928 5736/5645/925
f 5740/5649/929 5739/5650/930 5738/5647/927
f 5741/5651/931 5739/5650/930 5740/5649/929
f 5744/5652/932 5742/5653/933 5741/5651/931
f 5746/5654/934 5743/5655/935 5744/5652/932
f 5748/5656/936 5747/5657/937 5746/5654/934
f 5750/5658/938 5749/5659/939 5748/5656/936
f 5752/5660/940 5751/5661/941 5750/5658/938
f 5754/5662/942 5753/5663/943 5752/5660/940
f 5756/5664/944 5755/5665/945 5754/5662/942
f 5759/5666/946 5757/5667/947 5756/5664/944
f 5760/5668/948 5758/5669/949 5759/5666/946
f 5763/5670/950 5762/5671/951 5760/5668/948
f 5765/5672/952 5762/5671/951 5763/5670/950
f 5767/5673/953 5764/5674/954 5765/5672/952
f 5769/5675/955 5768/5676/956 5767/5673/953
f 5770/5677/957 5768/5676/956 5769/5675/955
f 5772/5678/958 5771/5679/959 5770/5677/957
f 5774/5680/960 5773/5681/961 5772/5678/958
f 5775/5682/962 5773/5681/961 5774/5680/960
f 5778/5683/963 5777/5684/964 5775/5682/962
f 5780/5685/965 5779/5686/966 5778/5683/963
f 5782/5687/967 5781/5688/968 5780/5685/965
f 5783/5689/969 5781/5688/968 5782/5687/967
f 5786/5690/970 5784/5691/971 5783/5689/969
f 5788/5692/972 5785/5693/973 5786/5690/970
f 5790/5694/974 5787/5695/975 5788/5692/972
f 5792/5696/976 5791/5697/977 5790/5694/974
f 5794/5698/978 5793/5699/979 5792/5696/976
f 5796/5700/980 5795/5701/981 5794/5698/978
f 5799/5702/982 5797/5703/983 5796/5700/980
f 5801/5704/984 5798/5705/985 5799/5702/982
f 5803/5706/986 5800/5707/987 5801/5704/984
f 5804/5708/988 5802/5709/989 5803/5706/986
f 5806/5710/990 5805/5711/991 5804/5708/988
f 5808/5712/992 5805/5711/991 5806/5710/990
f 5810/5713/993 5807/5714/994 5808/5712/992
f 5812/5715/995 5809/5716/996 5810/5713/993
f 5814/5717/997 5811/5718/998 5812/5715/995
f 5816/5719/999 5813/5720/1000 5814/5717/997
f 5818/5721/1001 5815/5722/1002 5816/5719/999
f 5820/5723/1003 5819/5724/1004 5818/5721/1001
f 5823/5725/1005 5821/5726/1006 5820/5723/1003
f 5825/5727/1007 5824/5728/1008 5823/5725/1005
f 5826/5729/1009 5824/5728/1008 5825/5727/1007
f 5829/5730/1010 5827/5731/1011 5826/5729/1009
f 5831/5732/1012 5828/5733/1013 5829/5730/1010
f 5832/5734/1014 5830/5735/1015 5831/5732/1012
f 5835/5736/1016 5833/5737/1017 5832/5734/1014
f 5836/5738/1018 5834/5739/1019 5835/5736/1016
f 5839/5740/1020 5838/5741/1021 5836/5738/1018
f 5842/5601/881 5840/5742/1022 5839/5740/1020
f 5845/5743/1023 5843/5744/1024 5844/5745/1025
f 5847/5746/1026 5846/5747/1027 5845/5743/1023
f 5849/5748/1028 5846/5747/1027 5847/5746/1026
f 5851/5749/1029 5848/5750/1030 5849/5748/1028
f 5852/5751/1031 5850/5752/1032 5851/5749/1029
f 5854/5753/1033 5853/5754/1034 5852/5751/1031
f 5856/5755/1035 5853/5754/1034 5854/5753/1033
f 5858/5756/1036 5857/5757/1037 5856/5755/1035
f 5860/5758/1038 5859/5759/1039 5858/5756/1036
f 5862/5760/1040 5859/5759/1039 5860/5758/1038
f 5864/5761/1041 5863/5762/1042 5862/5760/1040
f 5865/5763/1043 5863/5762/1042 5864/5761/1041
f 5867/5764/1044 5866/5765/1045 5865/5763/1043
f 5869/5766/1046 5868/5767/1047 5867/5764/1044
f 5871/5768/1048 5870/5769/1049 5869/5766/1046
f 5873/5770/1050 5870/5769/1049 5871/5768/1048
f 5874/5771/1051 5872/5772/1052 5873/5770/1050
f 5877/5773/1053 5875/5774/1054 5874/5771/1051
f 5879/5775/1055 5878/5776/1056 5877/5773/1053
f 5881/5777/1057 5878/5776/1056 5879/5775/1055
f 5883/5778/1058 5882/5779/1059 5881/5777/1057
f 5886/5780/1060 5885/5781/1061 5883/5778/1058
f 5888/5782/1062 5885/5781/1061 5886/5780/1060
f 5890/5783/1063 5887/5784/1064 5888/5782/1062
f 5892/5785/1065 5891/5786/1066 5890/5783/1063
f 5895/5787/1067 5893/5788/1068 5892/5785/1065
f 5897/5789/1069 5894/5790/1070 5895/5787/1067
f 5898/5791/1071 5896/5792/1072 5897/5789/1069
f 5900/5793/1073 5899/5794/1074 5898/5791/1071
f 5901/5795/1075 5899/5794/1074 5900/5793/1073
f 5904/5796/1076 5903/5797/1077 5901/5795/1075
f 5906/5798/1078 5903/5797/1077 5904/5796/1076
f 5908/5799/1079 5905/5800/1080 5906/5798/1078
f 5910/5801/912 5907/5802/1081 5908/5799/1079
f 5912/5803/1082 5911/5804/1083 5910/5801/912
f 5914/5805/1084 5911/5804/1083 5912/5803/1082
f 5916/5806/1085 5913/5807/1086 5914/5805/1084
f 5918/5808/1087 5915/5809/1088 5916/5806/1085
f 5920/5810/1089 5919/5811/1090 5918/5808/1087
f 5922/5812/1091 5921/5813/1092 5920/5810/1089
f 5924/5814/1093 5923/5815/1094 5922/5812/1091
f 5926/5816/1095 5925/5817/1096 5924/5814/1093
f 5928/5818/1097 5927/5819/1098 5926/5816/1095
f 5930/5820/1099 5927/5819/1098 5928/5818/1097
f 5931/5821/1100 5929/5822/1101 5930/5820/1099
f 5933/5823/1102 5932/5824/1103 5931/5821/1100
f 5935/5825/1104 5934/5826/1105 5933/5823/1102
f 5936/5827/1106 5934/5826/1105 5935/5825/1104
f 5938/5828/1107 5937/5829/1108 5936/5827/1106
f 5940/5830/1109 5939/5831/1110 5938/5828/1107
f 5942/5832/1111 5941/5833/1112 5940/5830/1109
f 5943/5834/1113 5941/5833/1112 5942/5832/1111
f 5946/5835/1114 5944/5836/1115 5943/5834/1113
f 5948/5837/1116 5947/5838/1117 5946/5835/1114
f 5949/5839/1118 5947/5838/1117 5948/5837/1116
f 5951/5840/1119 5950/5841/1120 5949/5839/1118
f 5954/5842/1121 5953/5843/1122 5951/5840/1119
f 5956/5844/1123 5955/5845/1124 5954/5842/1121
f 5958/5846/1125 5955/5845/1124 5956/5844/1123
f 5960/5847/1126 5959/5848/1127 5958/5846/1125
f 5962/5849/1128 5961/5850/1129 5960/5847/1126
f 5964/5851/1130 5961/5850/1129 5962/5849/1128
f 5966/5852/1131 5963/5853/1132 5964/5851/1130
f 5968/5854/1133 5967/5855/1134 5966/5852/1131
f 5970/5856/1135 5969/5857/1136 5968/5854/1133
f 5972/5858/1137 5971/5859/1138 5970/5856/1135
f 5974/5860/1139 5971/5859/1138 5972/5858/1137
f 5976/5861/1140 5973/5862/1141 5974/5860/1139
f 5978/5863/1142 5975/5864/1143 5976/5861/1140
f 5979/5865/1144 5977/5866/1145 5978/5863/1142
f 5982/5867/1146 5980/5868/1147 5979/5865/1144
f 5984/5869/1148 5983/5870/1149 5982/5867/1146
f 5986/5871/1150 5983/5870/1149 5984/5869/1148
f 5988/5872/1151 5985/5873/1152 5986/5871/1150
f 5990/5874/1153 5987/5875/1154 5988/5872/1151
f 5991/5876/1155 5989/5877/1156 5990/5874/1153
f 5993/5878/1157 5992/5879/1158 5991/5876/1155
f 5996/5880/1159 5995/5881/1160 5993/5878/1157
f 5998/5882/1161 5995/5881/1160 5996/5880/1159
f 6000/5883/1162 5997/5884/1163 5998/5882/1161
f 6002/5885/1164 6001/5886/1165 6000/5883/1162
f 6004/5887/1166 6003/5888/1167 6002/5885/1164
f 6006/5889/1168 6003/5888/1167 6004/5887/1166
f 6007/5890/1169 6005/5891/1170 6006/5889/1168
f 6009/5892/1171 6008/5893/1172 6007/5890/1169
f 6012/5894/1173 6010/5895/1174 6009/5892/1171
f 6014/5896/1175 6011/5897/1176 6012/5894/1173
f 6016/5898/1177 6013/5899/1178 6014/5896/1175
f 6018/5900/1179 6015/5901/1180 6016/5898/1177
f 6020/5902/1181 6017/5903/1182 6018/5900/1179
f 6022/5904/1183 6019/5905/1184 6020/5902/1181
f 6024/5906/1185 6023/5907/1186 6022/5904/1183
f 6026/5908/1187 6023/5907/1186 6024/5906/1185
f 6027/5909/1188 6025/5910/1189 6026/5908/1187
f 6029/5911/1190 6028/5912/1191 6027/5909/1188
f 6032/5913/1192 6030/5914/1193 6029/5911/1190
f 6034/5915/1194 6031/5916/1195 6032/5913/1192
f 6035/5917/1196 6033/5918/1197 6034/5915/1194
f 6038/5919/1198 6036/5920/1199 6035/5917/1196
f 6039/5921/1200 6037/5922/1201 6038/5919/1198
f 6042/5923/1202 6040/5924/1203 6039/5921/1200
f 6044/5925/1204 6043/5926/1205 6042/5923/1202
f 6047/5927/1206 6046/5928/1207 6044/5925/1204
f 6049/5929/1208 6046/5928/1207 6047/5927/1206
f 6051/5930/1209 6048/5931/1210 6049/5929/1208
f 6052/5932/1211 6050/5933/1212 6051/5930/1209
f 6055/5934/1213 6053/5935/1214 6052/5932/1211
f 6057/5936/1215 6054/5937/1216 6055/5934/1213
f 6059/5938/1217 6056/5939/1218 6057/5936/1215
f 6061/5940/1219 6058/5941/1220 6059/5938/1217
f 6062/5942/1221 6060/5943/1222 6061/5940/1219
f 6064/5944/1223 6063/5945/1224 6062/5942/1221
f 6067/5946/1225 6065/5947/1226 6064/5944/1223
f 6069/5948/1227 6066/5949/1228 6067/5946/1225
f 6071/5950/1229 6068/5951/1230 6069/5948/1227
f 6073/5952/1231 6072/5953/1232 6071/5950/1229
f 6076/5954/1233 6074/5955/1234 6073/5952/1231
f 6078/5956/1235 6075/5957/1236 6076/5954/1233
f 6080/5958/1237 6079/5959/1238 6078/5956/1235
f 6083/5960/1239 6082/5961/1240 6080/5958/1237
f 6085/5962/1241 6084/5963/1242 6083/5960/1239
f 6088/5964/1243 6087/5965/1244 6085/5962/1241
f 6090/5966/1245 6089/5967/1246 6088/5964/1243
f 6092/5968/1247 6089/5967/1246 6090/5966/1245
f 6093/5969/1248 6091/5970/1249 6092/5968/1247
f 6095/5971/1250 6094/5972/1251 6093/5969/1248
f 6097/5973/1252 6096/5974/1253 6095/5971/1250
f 6099/5975/1254 6098/5976/1255 6097/5973/1252
f 6101/5977/1256 6100/5978/1257 6099/5975/1254
f 6104/5979/1258 6102/5980/1259 6101/5977/1256
f 6105/5981/1260 6103/5982/1261 6104/5979/1258
f 6108/5983/1262 6106/5984/1263 6105/5981/1260
f 6110/5985/1264 6107/5986/1265 6108/5983/1262
f 6111/5987/1266 6109/5988/1267 6110/5985/1264
f 6113/5989/1268 6112/5990/1269 6111/5987/1266
f 6115/5991/1270 6114/5992/1271 6113/5989/1268
f 6117/5993/1272 6116/5994/1273 6115/5991/1270
f 6119/5995/1274 6118/5996/1275 6117/5993/1272
f 5844/5745/1025 5843/5744/1024 6119/5995/1274
f 6121/5997/1276 6231/5998/1277 6230/5999/1278
f 6123/6000/1279 6120/6001/1280 6121/5997/1276
f 6124/6002/1281 6122/6003/1282 6123/6000/1279
f 6126/6004/1283 6125/6005/1284 6124/6002/1281
f 6128/6006/1285 6125/6005/1284 6126/6004/1283
f 6130/6007/1286 6129/6008/1287 6128/6006/1285
f 6132/6009/1288 6129/6008/1287 6130/6007/1286
f 6134/6010/1289 6131/6011/1290 6132/6009/1288
f 6136/6012/1291 6133/6013/1292 6134/6010/1289
f 6138/6014/1293 6137/6015/1294 6136/6012/1291
f 6140/6016/1295 6139/6017/1296 6138/6014/1293
f 6142/6018/1297 6141/6019/1298 6140/6016/1295
f 6144/6020/1299 6143/6021/1300 6142/6018/1297
f 6145/6022/1301 6143/6021/1300 6144/6020/1299
f 6148/6023/1302 6146/6024/1303 6145/6022/1301
f 6150/6025/1304 6149/6026/1305 6148/6023/1302
f 6152/6027/1306 6149/6026/1305 6150/6025/1304
f 6154/6028/1307 6153/6029/1308 6152/6027/1306
f 6156/6030/1309 6155/6031/1310 6154/6028/1307
f 6158/6032/1311 6157/6033/1312 6156/6030/1309
f 6160/6034/1313 6159/6035/1314 6158/6032/1311
f 6162/6036/1315 6161/6037/1316 6160/6034/1313
f 6164/6038/1317 6163/6039/1318 6162/6036/1315
f 6166/6040/1319 6165/6041/1320 6164/6038/1317
f 6168/6042/1321 6165/6041/1320 6166/6040/1319
f 6169/6043/1322 6167/6044/1323 6168/6042/1321
f 6172/6045/1324 6170/6046/1325 6169/6043/1322
f 6173/6047/1326 6171/6048/1327 6172/6045/1324
f 6175/6049/1328 6174/6050/1329 6173/6047/1326
f 6177/6051/1330 6176/6052/1331 6175/6049/1328
f 6180/6053/1332 6178/6054/1333 6177/6051/1330
f 6181/6055/1334 6179/6056/1335 6180/6053/1332
f 6183/6057/1336 6182/6058/1337 6181/6055/1334
f 6185/6059/1338 6182/6058/1337 6183/6057/1336
f 6186/6060/1339 6184/6061/1340 6185/6059/1338
f 6189/6062/1341 6188/6063/1342 6186/6060/1339
f 6191/6064/1343 6190/6065/1344 6189/6062/1341
f 6193/6066/1345 6192/6067/1346 6191/6064/1343
f 6195/6068/1347 6194/6069/1348 6193/6066/1345
f 6197/6070/1349 6196/6071/1350 6195/6068/1347
f 6199/6072/1351 6198/6073/1352 6197/6070/1349
f 6201/6074/1353 6198/6073/1352 6199/6072/1351
f 6203/6075/1354 6202/6076/1355 6201/6074/1353
f 6205/6077/1356 6204/6078/1357 6203/6075/1354
f 6207/6079/1358 6206/6080/1359 6205/6077/1356
f 6209/6081/1360 6206/6080/1359 6207/6079/1358
f 6211/6082/1361 6208/6083/1362 6209/6081/1360
f 6212/6084/1363 6210/6085/1364 6211/6082/1361
f 6214/6086/1365 6213/6087/1366 6212/6084/1363
f 6216/6088/1367 6215/6089/1368 6214/6086/1365
f 6218/6090/1369 6215/6089/1368 6216/6088/1367
f 6219/6091/1370 6217/6092/1371 6218/6090/1369
f 6221/6093/1372 6220/6094/1373 6219/6091/1370
f 6223/6095/1374 6222/6096/1375 6221/6093/1372
f 6224/6097/1376 6222/6096/1375 6223/6095/1374
f 6226/6098/1377 6225/6099/1378 6224/6097/1376
f 6228/6100/1379 6227/6101/1380 6226/6098/1377
f 6230/5999/1278 6229/6102/1381 6228/6100/1379
f 6233/6103/1382 6232/6104/1383 6380/6105/1384
f 6235/6106/1385 6234/6107/1386 6233/6103/1382
f 6237/6108/1387 6236/6109/1388 6235/6106/1385
f 6239/6110/1389 6238/6111/1390 6237/6108/1387
f 6241/6112/1391 6240/6113/1392 6239/6110/1389
f 6243/6114/1393 6242/6115/1394 6241/6112/1391
f 6246/6116/1395 6244/6117/1396 6243/6114/1393
f 6248/6118/1397 6245/6119/1398 6246/6116/1395
f 6250/6120/1399 6247/6121/1400 6248/6118/1397
f 6252/6122/1401 6249/6123/1402 6250/6120/1399
f 6254/6124/1403 6251/6125/1404 6252/6122/1401
f 6255/6126/1405 6253/6127/1406 6254/6124/1403
f 6258/6128/1407 6256/6129/1408 6255/6126/1405
f 6259/6130/1409 6257/6131/1410 6258/6128/1407
f 6262/6132/1411 6260/6133/1412 6259/6130/1409
f 6264/6134/1413 6263/6135/1414 6262/6132/1411
f 6266/6136/1415 6265/6137/1416 6264/6134/1413
f 6268/6138/1417 6265/6137/1416 6266/6136/1415
f 6270/6139/1418 6267/6140/1419 6268/6138/1417
f 6272/6141/1420 6269/6142/1421 6270/6139/1418
f 6273/6143/1422 6271/6144/1423 6272/6141/1420
f 6276/6145/1424 6275/6146/1425 6273/6143/1422
f 6278/6147/1426 6275/6146/1425 6276/6145/1424
f 6280/6148/1427 6277/6149/1426 6278/6147/1426
f 6282/6150/1428 6279/6151/1429 6280/6148/1427
f 6284/6152/1430 6281/6153/1431 6282/6150/1428
f 6285/6154/1432 6283/6155/1433 6284/6152/1430
f 6288/6156/1434 6286/6157/1435 6285/6154/1432
f 6290/6158/1436 6289/6159/1437 6288/6156/1434
f 6292/6160/1438 6289/6159/1437 6290/6158/1436
f 6294/6161/1439 6291/6162/1440 6292/6160/1438
f 6296/6163/1441 6295/6164/1442 6294/6161/1439
f 6297/6165/1443 6295/6164/1442 6296/6163/1441
f 6299/6166/1444 6298/6167/1445 6297/6165/1443
f 6301/6168/1446 6300/6169/1447 6299/6166/1444
f 6302/6170/1448 6300/6169/1447 6301/6168/1446
f 6305/6171/1449 6303/6172/1450 6302/6170/1448
f 6307/6173/1451 6306/6174/1452 6305/6171/1449
f 6309/6175/1453 6306/6174/1452 6307/6173/1451
f 6311/6176/1454 6308/6177/1455 6309/6175/1453
f 6313/6178/1456 6310/6179/1457 6311/6176/1454
f 6315/6180/1458 6312/6181/1459 6313/6178/1456
f 6317/6182/1460 6314/6183/1461 6315/6180/1458
f 6318/6184/1462 6316/6185/1463 6317/6182/1460
f 6320/6186/1464 6319/6187/1465 6318/6184/1462
f 6322/6188/1466 6321/6189/1467 6320/6186/1464
f 6324/6190/1468 6323/6191/1469 6322/6188/1466
f 6326/6192/1470 6325/6193/1471 6324/6190/1468
f 6329/6194/1472 6327/6195/1473 6326/6192/1470
f 6331/6196/1474 6328/6197/1475 6329/6194/1472
f 6332/6198/1476 6330/6199/1477 6331/6196/1474
f 6334/6200/1478 6333/6201/1479 6332/6198/1476
f 6336/6202/1480 6335/6203/1481 6334/6200/1478
f 6337/6204/1482 6335/6203/1481 6336/6202/1480
f 6340/6205/1483 6338/6206/1484 6337/6204/1482
f 6342/6207/1485 6339/6208/1486 6340/6205/1483
f 6343/6209/1487 6341/6210/1488 6342/6207/1485
f 6346/6211/1489 6344/6212/1490 6343/6209/1487
f 6348/6213/1491 6345/6214/1492 6346/6211/1489
f 6350/6215/1493 6349/6216/1494 6348/6213/1491
f 6352/6217/1495 6349/6216/1494 6350/6215/1493
f 6354/6218/1496 6353/6219/1497 6352/6217/1495
f 6356/6220/1498 6355/6221/1499 6354/6218/1496
f 6358/6222/1500 6357/6223/1501 6356/6220/1498
f 6360/6224/1502 6359/6225/1503 6358/6222/1500
f 6363/6226/1504 6361/6227/1505 6360/6224/1502
f 6365/6228/1506 6362/6229/1507 6363/6226/1504
f 6366/6230/1508 6364/6231/1509 6365/6228/1506
f 6368/6232/1510 6367/6233/1511 6366/6230/1508
f 6369/6234/1512 6367/6233/1511 6368/6232/1510
f 6372/6235/1513 6371/6236/1514 6369/6234/1512
f 6374/6237/1515 6373/6238/1516 6372/6235/1513
f 6377/6239/1517 6376/6240/1518 6374/6237/1515
f 6380/6105/1384 6379/6241/1519 6377/6239/1517
f 6383/6242/1520 6382/6243/1521 6724/6244/1522
f 6385/6245/1523 6384/6246/1524 6383/6242/1520
f 6387/6247/1525 6386/6248/1526 6385/6245/1523
f 6389/6249/1527 6388/6250/1528 6387/6247/1525
f 6391/6251/1529 6390/6252/1530 6389/6249/1527
f 6392/6253/1531 6390/6252/1530 6391/6251/1529
f 6394/6254/1532 6393/6255/1533 6392/6253/1531
f 6395/6256/1534 6393/6255/1533 6394/6254/1532
f 6398/6257/1535 6397/6258/1536 6395/6256/1534
f 6400/6259/1537 6397/6258/1536 6398/6257/1535
f 6402/6260/1538 6399/6261/1539 6400/6259/1537
f 6404/6262/1540 6401/6263/1541 6402/6260/1538
f 6406/6264/1542 6403/6265/1543 6404/6262/1540
f 6408/6266/1544 6405/6267/1545 6406/6264/1542
f 6409/6268/1546 6407/6269/1547 6408/6266/1544
f 6411/6270/1548 6410/6271/1549 6409/6268/1546
f 6413/6272/1550 6412/6273/1551 6411/6270/1548
f 6415/6274/1552 6412/6273/1551 6413/6272/1550
f 6416/6275/1553 6414/6276/1554 6415/6274/1552
f 6419/6277/1555 6418/6278/1556 6416/6275/1553
f 6421/6279/1557 6420/6280/1558 6419/6277/1555
f 6423/6281/1559 6420/6280/1558 6421/6279/1557
f 6425/6282/1560 6422/6283/1561 6423/6281/1559
f 6427/6284/1562 6426/6285/1563 6425/6282/1560
f 6428/6286/1564 6426/6285/1563 6427/6284/1562
f 6431/6287/1565 6429/6288/1566 6428/6286/1564
f 6433/6289/1567 6430/6290/1568 6431/6287/1565
f 6435/6291/1569 6432/6292/1570 6433/6289/1567
f 6436/6293/1571 6434/6294/1572 6435/6291/1569
f 6439/6295/1573 6438/6296/1574 6436/6293/1571
f 6440/6297/1575 6438/6296/1574 6439/6295/1573
f 6442/6298/1576 6441/6299/1577 6440/6297/1575
f 6444/6300/1578 6441/6299/1577 6442/6298/1576
f 6446/6301/1579 6445/6302/1580 6444/6300/1578
f 6449/6303/1581 6447/6304/1582 6446/6301/1579
f 6451/6305/1583 6450/6306/1584 6449/6303/1581
f 6453/6307/1585 6452/6308/1586 6451/6305/1583
f 6455/6309/1587 6454/6310/1588 6453/6307/1585
f 6457/6311/1589 6456/6312/1590 6455/6309/1587
f 6460/6313/1591 6459/6314/1592 6457/6311/1589
f 6463/6315/1593 6461/6316/1594 6460/6313/1591
f 6464/6317/1595 6462/6318/1596 6463/6315/1593
f 6467/6319/1597 6466/6320/1598 6464/6317/1595
f 6469/6321/1599 6466/6320/1598 6467/6319/1597
f 6471/6322/1600 6468/6323/1601 6469/6321/1599
f 6473/6324/1602 6472/6325/1603 6471/6322/1600
f 6474/6326/1604 6472/6325/1603 6473/6324/1602
f 6477/6327/1605 6476/6328/1606 6474/6326/1604
f 6479/6329/1607 6478/6330/1608 6477/6327/1605
f 6481/6331/1609 6480/6332/1610 6479/6329/1607
f 6484/6333/1611 6482/6334/1612 6481/6331/1609
f 6486/6335/1613 6485/6336/1614 6484/6333/1611
f 6488/6337/1615 6485/6336/1614 6486/6335/1613
f 6489/6338/1616 6487/6339/1617 6488/6337/1615
f 6492/6340/1618 6491/6341/1619 6489/6338/1616
f 6493/6342/1620 6491/6341/1619 6492/6340/1618
f 6496/6343/1621 6494/6344/1622 6493/6342/1620
f 6497/6345/1623 6495/6346/1624 6496/6343/1621
f 6500/6347/1625 6498/6348/1626 6497/6345/1623
f 6502/6349/1627 6499/6350/1628 6500/6347/1625
f 6503/6351/1629 6501/6352/1630 6502/6349/1627
f 6506/6353/1631 6505/6354/1632 6503/6351/1629
f 6508/6355/1633 6507/6356/1634 6506/6353/1631
f 6510/6357/1635 6507/6356/1634 6508/6355/1633
f 6512/6358/1636 6509/6359/1637 6510/6357/1635
f 6514/6360/1638 6511/6361/1639 6512/6358/1636
f 6516/6362/1640 6513/6363/1641 6514/6360/1638
f 6518/6364/1642 6515/6365/1643 6516/6362/1640
f 6520/6366/1644 6517/6367/1645 6518/6364/1642
f 6522/6368/1646 6519/6369/1647 6520/6366/1644
f 6523/6370/1648 6521/6371/1649 6522/6368/1646
f 6525/6372/1650 6524/6373/1651 6523/6370/1648
f 6527/6374/1652 6526/6375/1653 6525/6372/1650
f 6529/6376/1654 6526/6375/1653 6527/6374/1652
f 6531/6377/1655 6530/6378/1656 6529/6376/1654
f 6533/6379/1657 6532/6380/1658 6531/6377/1655
f 6535/6381/1659 6532/6380/1658 6533/6379/1657
f 6536/6382/1660 6534/6383/1661 6535/6381/1659
f 6538/6384/1662 6537/6385/1663 6536/6382/1660
f 6541/6386/1664 6540/6387/1665 6538/6384/1662
f 6542/6388/1666 6540/6387/1665 6541/6386/1664
f 6544/6389/1667 6543/6390/1668 6542/6388/1666
f 6546/6391/1669 6543/6390/1668 6544/6389/1667
f 6547/6392/1670 6545/6393/1671 6546/6391/1669
f 6550/6394/1672 6548/6395/1673 6547/6392/1670
f 6552/6396/1674 6551/6397/1675 6550/6394/1672
f 6554/6398/1676 6553/6399/1677 6552/6396/1674
f 6556/6400/1678 6555/6401/1679 6554/6398/1676
f 6558/6402/1680 6555/6401/1679 6556/6400/1678
f 6559/6403/1681 6557/6404/1682 6558/6402/1680
f 6561/6405/1683 6560/6406/1684 6559/6403/1681
f 6564/6407/1685 6563/6408/1686 6561/6405/1683
f 6566/6409/1687 6563/6408/1686 6564/6407/1685
f 6568/6410/1688 6567/6411/1689 6566/6409/1687
f 6570/6412/1690 6567/6411/1689 6568/6410/1688
f 6572/6413/1691 6569/6414/1692 6570/6412/1690
f 6574/6415/1693 6573/6416/1694 6572/6413/1691
f 6576/6417/1695 6573/6416/1694 6574/6415/1693
f 6578/6418/1696 6575/6419/1697 6576/6417/1695
f 6579/6420/1698 6577/6421/1699 6578/6418/1696
f 6581/6422/1700 6580/6423/1701 6579/6420/1698
f 6583/6424/1702 6582/6425/1703 6581/6422/1700
f 6585/6426/1704 6584/6427/1705 6583/6424/1702
f 6587/6428/1706 6586/6429/1707 6585/6426/1704
f 6589/6430/1708 6588/6431/1709 6587/6428/1706
f 6591/6432/1710 6590/6433/1711 6589/6430/1708
f 6593/6434/1712 6592/6435/1713 6591/6432/1710
f 6596/6436/1714 6595/6437/1715 6593/6434/1712
f 6598/6438/1716 6597/6439/1717 6596/6436/1714
f 6600/6440/1718 6599/6441/1719 6598/6438/1716
f 6601/6442/1720 6599/6441/1719 6600/6440/1718
f 6604/6443/1721 6602/6444/1722 6601/6442/1720
f 6606/6445/1723 6603/6446/1724 6604/6443/1721
f 6608/6447/1725 6605/6448/1726 6606/6445/1723
f 6610/6449/1727 6609/6450/1728 6608/6447/1725
f 6612/6451/1729 6609/6450/1728 6610/6449/1727
f 6614/6452/1730 6611/6453/1731 6612/6451/1729
f 6616/6454/1732 6615/6455/1733 6614/6452/1730
f 6618/6456/1734 6617/6457/1735 6616/6454/1732
f 6620/6458/1736 6617/6457/1735 6618/6456/1734
f 6622/6459/1737 6621/6460/1738 6620/6458/1736
f 6625/6461/1739 6623/6462/1740 6622/6459/1737
f 6627/6463/1741 6624/6464/1742 6625/6461/1739
f 6628/6465/1743 6626/6466/1744 6627/6463/1741
f 6631/6467/1745 6630/6468/1746 6628/6465/1743
f 6633/6469/1747 6630/6468/1746 6631/6467/1745
f 6635/6470/1748 6634/6471/1749 6633/6469/1747
f 6637/6472/1750 6636/6473/1751 6635/6470/1748
f 6639/6474/1752 6638/6475/1753 6637/6472/1750
f 6641/6476/1754 6640/6477/1755 6639/6474/1752
f 6643/6478/1756 6642/6479/1757 6641/6476/1754
f 6644/6480/1758 6642/6479/1757 6643/6478/1756
f 6647/6481/1759 6645/6482/1760 6644/6480/1758
f 6649/6483/1761 6646/6484/1762 6647/6481/1759
f 6651/6485/1763 6648/6486/1764 6649/6483/1761
f 6653/6487/1765 6650/6488/1766 6651/6485/1763
f 6655/6489/1767 6652/6490/1768 6653/6487/1765
f 6657/6491/1769 6656/6492/1769 6655/6489/1767
f 6659/6493/1770 6656/6492/1769 6657/6491/1769
f 6661/6494/1771 6660/6495/1772 6659/6493/1770
f 6663/6496/1773 6660/6495/1772 6661/6494/1771
f 6665/6497/1774 6662/6498/1775 6663/6496/1773
f 6666/6499/1776 6664/6500/1777 6665/6497/1774
f 6668/6501/1778 6667/6502/1779 6666/6499/1776
f 6670/6503/1780 6667/6502/1779 6668/6501/1778
f 6672/6504/1781 6669/6505/1782 6670/6503/1780
f 6673/6506/1783 6671/6507/1784 6672/6504/1781
f 6676/6508/1785 6674/6509/1786 6673/6506/1783
f 6678/6510/1787 6675/6511/1788 6676/6508/1785
f 6680/6512/1789 6679/6513/1790 6678/6510/1787
f 6682/6514/1791 6679/6513/1790 6680/6512/1789
f 6684/6515/1792 6683/6516/1793 6682/6514/1791
f 6686/6517/1794 6683/6516/1793 6684/6515/1792
f 6688/6518/1795 6685/6519/1796 6686/6517/1794
f 6690/6520/1797 6687/6521/1798 6688/6518/1795
f 6692/6522/1799 6691/6523/1800 6690/6520/1797
f 6694/6524/1801 6691/6523/1800 6692/6522/1799
f 6696/6525/1802 6693/6526/1803 6694/6524/1801
f 6698/6527/1804 6697/6528/1805 6696/6525/1802
f 6700/6529/1806 6697/6528/1805 6698/6527/1804
f 6702/6530/1807 6701/6531/1808 6700/6529/1806
f 6704/6532/1809 6701/6531/1808 6702/6530/1807
f 6706/6533/1810 6703/6534/1811 6704/6532/1809
f 6708/6535/1812 6705/6536/1813 6706/6533/1810
f 6710/6537/1814 6707/6538/1815 6708/6535/1812
f 6711/6539/1816 6709/6540/1817 6710/6537/1814
f 6713/6541/1818 6709/6540/1817 6711/6539/1816
f 6715/6542/1819 6712/6543/1820 6713/6541/1818
f 6717/6544/1821 6714/6545/1822 6715/6542/1819
f 6719/6546/1823 6716/6547/1824 6717/6544/1821
f 6721/6548/1825 6718/6549/1826 6719/6546/1823
f 6723/6550/1827 6720/6551/1828 6721/6548/1825
f 6724/6244/1522 6722/6552/1829 6723/6550/1827
f 4723/4726/7 4722/6553/1830 4984/4727/8
f 4723/4726/7 4724/4730/11 4722/6553/1830
f 4725/4729/10 4726/4732/13 4724/4730/11
f 4727/4731/12 4728/4734/15 4726/4732/13
f 4729/4733/14 4730/4736/17 4728/4734/15
f 4731/4735/16 4732/6554/1831 4730/4736/17
f 4731/4735/16 4733/4738/19 4732/6554/1831
f 4734/4737/18 4735/4740/21 4733/4738/19
f 4736/4739/20 4737/4742/23 4735/4740/21
f 4739/4741/22 4738/4744/25 4737/4742/23
f 4741/4743/24 4740/6555/1832 4738/4744/25
f 4741/4743/24 4742/4746/27 4740/6555/1832
f 4745/4747/28 4744/4749/30 4742/4746/27
f 4746/4748/29 4747/4751/32 4744/4749/30
f 4750/4752/33 4749/6556/1833 4747/4751/32
f 4750/4752/33 4751/4754/35 4749/6556/1833
f 4754/4755/36 4753/4757/38 4751/4754/35
f 4755/4756/37 4756/4759/40 4753/4757/38
f 4758/4758/39 4757/6557/1834 4756/4759/40
f 4758/4758/39 4759/4761/42 4757/6557/1834
f 4762/4762/43 4761/4764/45 4759/4761/42
f 4764/4763/44 4763/4766/47 4761/4764/45
f 4765/4765/46 4766/4768/49 4763/4766/47
f 4768/4767/48 4767/4770/51 4766/4768/49
f 4770/4769/50 4769/4772/53 4767/4770/51
f 4772/4771/52 4771/4774/55 4769/4772/53
f 4773/4773/54 4774/4776/57 4771/4774/55
f 4775/4775/56 4776/4778/59 4774/4776/57
f 4778/4777/58 4777/4780/61 4776/4778/59
f 4780/4779/60 4779/4782/63 4777/4780/61
f 4781/4781/62 4782/4784/65 4779/4782/63
f 4783/4783/64 4784/4786/67 4782/4784/65
f 4786/4787/68 4787/6558/1835 4784/4786/67
f 4786/4787/68 4788/4789/70 4787/6558/1835
f 4791/4790/71 4790/6559/1836 4788/4789/70
f 4791/4790/71 4792/4792/73 4790/6559/1836
f 4795/4793/74 4794/6560/1837 4792/4792/73
f 4795/4793/74 4796/4795/76 4794/6560/1837
f 4797/4794/75 4798/4797/78 4796/4795/76
f 4799/4796/77 4800/4799/80 4798/4797/78
f 4802/4798/79 4801/6561/1838 4800/4799/80
f 4802/4798/79 4803/4801/82 4801/6561/1838
f 4804/4800/81 4805/4803/84 4803/4801/82
f 4806/4802/83 4807/4805/86 4805/4803/84
f 4810/4806/87 4809/6562/1839 4807/4805/86
f 4810/4806/87 4811/4808/89 4809/6562/1839
f 4812/4807/88 4813/4810/91 4811/4808/89
f 4814/4809/90 4815/4812/93 4813/4810/91
f 4816/4811/92 4817/4814/95 4815/4812/93
f 4818/4813/94 4819/4816/97 4817/4814/95
f 4820/4815/96 4821/4818/99 4819/4816/97
f 4822/4817/98 4823/4820/101 4821/4818/99
f 4826/4821/102 4825/6563/1840 4823/4820/101
f 4826/4821/102 4827/4823/104 4825/6563/1840
f 4830/4824/105 4829/4826/107 4827/4823/104
f 4832/4825/106 4831/4828/109 4829/4826/107
f 4834/4827/108 4833/6564/1841 4831/4828/109
f 4834/4827/108 4835/4830/111 4833/6564/1841
f 4836/4829/110 4837/4832/113 4835/4830/111
f 4840/4833/114 4839/4835/116 4837/4832/113
f 4842/4834/115 4841/6565/1842 4839/4835/116
f 4842/4834/115 4843/4837/118 4841/6565/1842
f 4844/4836/117 4845/4839/120 4843/4837/118
f 4847/4838/119 4846/6566/1843 4845/4839/120
f 4847/4838/119 4848/4841/122 4846/6566/1843
f 4849/4840/121 4850/4843/124 4848/4841/122
f 4851/4842/123 4852/4845/126 4850/4843/124
f 4855/4846/127 4854/4848/129 4852/4845/126
f 4856/4847/128 4857/4850/131 4854/4848/129
f 4859/4849/130 4858/4852/133 4857/4850/131
f 4860/4851/132 4861/4854/135 4858/4852/133
f 4862/4853/134 4863/6567/1844 4861/4854/135
f 4862/4853/134 4864/4856/137 4863/6567/1844
f 4866/4857/138 4867/6568/1845 4864/4856/137
f 4866/4857/138 4868/4859/140 4867/6568/1845
f 4869/4858/139 4870/4861/142 4868/4859/140
f 4871/4860/141 4872/4863/144 4870/4861/142
f 4873/4862/143 4874/4865/146 4872/4863/144
f 4876/4864/145 4875/4867/148 4874/4865/146
f 4877/4866/147 4878/4869/150 4875/4867/148
f 4881/4870/151 4880/4872/153 4878/4869/150
f 4882/4871/152 4883/4874/155 4880/4872/153
f 4885/4873/154 4884/4876/157 4883/4874/155
f 4886/4875/156 4887/4878/159 4884/4876/157
f 4889/4879/160 4890/4881/162 4887/4878/159
f 4892/4880/161 4891/4883/164 4890/4881/162
f 4894/4882/163 4893/6569/1846 4891/4883/164
f 4894/4882/163 4895/4885/166 4893/6569/1846
f 4898/4886/167 4897/4888/169 4895/4885/166
f 4899/4887/168 4900/4890/171 4897/4888/169
f 4901/4889/170 4902/4892/173 4900/4890/171
f 4903/4891/172 4904/4894/175 4902/4892/173
f 4905/4893/174 4906/4896/177 4904/4894/175
f 4908/4897/178 4909/4899/180 4906/4896/177
f 4911/4900/181 4912/4902/183 4909/4899/180
f 4913/4901/182 4914/4904/185 4912/4902/183
f 4916/4903/184 4915/6570/1847 4914/4904/185
f 4916/4903/184 4917/4906/187 4915/6570/1847
f 4918/4905/186 4919/6571/1848 4917/4906/187
f 4918/4905/186 4920/4908/189 4919/6571/1848
f 4921/4907/188 4922/4910/191 4920/4908/189
f 4923/4909/190 4924/4912/193 4922/4910/191
f 4926/4911/192 4925/6572/1849 4924/4912/193
f 4926/4911/192 4927/4914/195 4925/6572/1849
f 4928/4913/194 4929/4916/197 4927/4914/195
f 4932/4917/198 4931/4919/200 4929/4916/197
f 4934/4918/199 4933/4921/202 4931/4919/200
f 4936/4920/201 4935/6573/1850 4933/4921/202
f 4936/4920/201 4937/4923/204 4935/6573/1850
f 4940/4924/205 4939/4926/207 4937/4923/204
f 4941/4925/206 4942/4928/209 4939/4926/207
f 4944/4927/208 4943/4930/211 4942/4928/209
f 4945/4929/210 4946/4932/213 4943/4930/211
f 4949/4933/214 4948/4935/216 4946/4932/213
f 4950/4934/215 4951/4937/218 4948/4935/216
f 4952/4936/217 4953/4939/220 4951/4937/218
f 4955/4938/219 4954/4941/222 4953/4939/220
f 4956/4940/221 4957/4943/224 4954/4941/222
f 4959/4944/225 4960/4946/227 4957/4943/224
f 4961/4945/226 4962/4948/229 4960/4946/227
f 4964/4949/230 4965/4951/232 4962/4948/229
f 4967/4950/231 4966/4953/234 4965/4951/232
f 4969/4952/233 4968/6574/1851 4966/4953/234
f 4969/4952/233 4970/4955/236 4968/6574/1851
f 4971/4954/235 4972/4957/238 4970/4955/236
f 4975/4958/239 4974/4960/241 4972/4957/238
f 4977/4959/240 4976/4962/243 4974/4960/241
f 4979/4961/242 4978/6575/1852 4976/4962/243
f 4979/4961/242 4980/4964/245 4978/6575/1852
f 4981/4963/244 4982/4966/247 4980/4964/245
f 4983/4965/246 4984/4727/8 4982/4966/247
f 4986/4969/250 4987/4968/249 5098/5067/348
f 4989/4967/248 4988/4971/252 4987/4968/249
f 4990/4970/251 4991/6576/1853 4988/4971/252
f 4990/4970/251 4992/4973/254 4991/6576/1853
f 4993/4972/253 4994/4975/256 4992/4973/254
f 4995/4974/255 4996/4977/258 4994/4975/256
f 4997/4976/257 4998/4979/260 4996/4977/258
f 4999/4978/259 5000/4981/262 4998/4979/260
f 5002/4980/261 5001/6577/1854 5000/4981/262
f 5002/4980/261 5003/4983/264 5001/6577/1854
f 5004/4982/263 5005/4985/266 5003/4983/264
f 5006/4984/265 5007/4987/268 5005/4985/266
f 5009/4986/267 5008/4989/270 5007/4987/268
f 5011/4988/269 5010/4991/272 5008/4989/270
f 5013/4990/271 5012/6578/1855 5010/4991/272
f 5013/4990/271 5014/4993/274 5012/6578/1855
f 5015/4992/273 5016/4995/276 5014/4993/274
f 5017/4994/275 5018/4997/278 5016/4995/276
f 5020/4996/277 5019/4999/280 5018/4997/278
f 5021/4998/279 5022/6579/1856 5019/4999/280
f 5021/4998/279 5023/5001/282 5022/6579/1856
f 5024/5000/281 5025/5003/284 5023/5001/282
f 5026/5002/283 5027/6580/1857 5025/5003/284
f 5026/5002/283 5028/5005/286 5027/6580/1857
f 5029/5004/285 5030/5007/288 5028/5005/286
f 5031/5006/287 5032/5009/290 5030/5007/288
f 5033/5008/289 5034/5011/292 5032/5009/290
f 5035/5010/291 5036/6581/1858 5034/5011/292
f 5035/5010/291 5037/5013/294 5036/6581/1858
f 5040/5014/295 5039/5016/297 5037/5013/294
f 5041/5015/296 5042/5018/299 5039/5016/297
f 5043/5017/298 5044/5020/301 5042/5018/299
f 5045/5019/300 5046/6582/1859 5044/5020/301
f 5045/5019/300 5047/5022/303 5046/6582/1859
f 5048/5021/302 5049/5024/305 5047/5022/303
f 5050/5023/304 5051/5026/307 5049/5024/305
f 5052/5025/306 5053/6583/1860 5051/5026/307
f 5052/5025/306 5054/5028/309 5053/6583/1860
f 5055/5027/308 5056/5030/311 5054/5028/309
f 5059/5031/312 5058/5033/314 5056/5030/311
f 5061/5032/313 5060/6584/1861 5058/5033/314
f 5061/5032/313 5062/5035/316 5060/6584/1861
f 5063/5034/315 5064/5037/318 5062/5035/316
f 5065/5036/317 5066/5039/320 5064/5037/318
f 5067/5038/319 5068/5041/322 5066/5039/320
f 5070/5040/321 5069/5043/324 5068/5041/322
f 5072/5042/323 5071/5045/326 5069/5043/324
f 5074/5044/325 5073/5047/328 5071/5045/326
f 5076/5046/327 5075/6585/1862 5073/5047/328
f 5076/5046/327 5077/5049/330 5075/6585/1862
f 5079/5050/331 5080/6586/1863 5077/5049/330
f 5079/5050/331 5081/5052/333 5080/6586/1863
f 5082/5051/332 5083/5054/335 5081/5052/333
f 5084/5053/334 5085/5056/337 5083/5054/335
f 5087/5055/336 5086/6587/1864 5085/5056/337
f 5087/5055/336 5088/5058/339 5086/6587/1864
f 5089/5057/338 5090/5060/341 5088/5058/339
f 5093/5061/342 5092/5063/344 5090/5060/341
f 5095/5062/343 5094/6588/1865 5092/5063/344
f 5095/5062/343 5096/5065/346 5094/6588/1865
f 5099/5066/347 5098/5067/348 5096/5065/346
f 5101/5070/351 5102/5069/350 5100/6589/1866
f 5103/5068/349 5104/5072/353 5102/5069/350
f 5106/5073/354 5107/5075/356 5104/5072/353
f 5109/5074/355 5108/6590/1867 5107/5075/356
f 5109/5074/355 5110/5077/358 5108/6590/1867
f 5111/5076/357 5112/5079/360 5110/5077/358
f 5113/5078/359 5114/5081/362 5112/5079/360
f 5116/5082/363 5117/5084/365 5114/5081/362
f 5118/5083/364 5119/5086/367 5117/5084/365
f 5120/5085/366 5121/5088/369 5119/5086/367
f 5122/5087/368 5123/6591/1868 5121/5088/369
f 5122/5087/368 5124/5090/371 5123/6591/1868
f 5127/5091/372 5126/5093/374 5124/5090/371
f 5129/5092/373 5128/5095/376 5126/5093/374
f 5131/5094/375 5130/5097/378 5128/5095/376
f 5132/5096/377 5133/5099/380 5130/5097/378
f 5135/5098/379 5134/5101/382 5133/5099/380
f 5137/5100/381 5136/5103/384 5134/5101/382
f 5139/5102/383 5138/6592/1869 5136/5103/384
f 5139/5102/383 5140/5105/386 5138/6592/1869
f 5143/5106/387 5142/6593/1870 5140/5105/386
f 5143/5106/387 5144/5108/389 5142/6593/1870
f 5147/5109/390 5146/6594/1871 5144/5108/389
f 5147/5109/390 5148/5111/392 5146/6594/1871
f 5149/5110/391 5150/5113/394 5148/5111/392
f 5153/5114/395 5152/5116/397 5150/5113/394
f 5154/5115/396 5155/6595/1872 5152/5116/397
f 5154/5115/396 5156/5118/399 5155/6595/1872
f 5157/5117/398 5158/5120/401 5156/5118/399
f 5160/5119/400 5159/6596/1873 5158/5120/401
f 5160/5119/400 5161/5122/403 5159/6596/1873
f 5163/5123/404 5164/5125/406 5161/5122/403
f 5166/5124/405 5165/5127/408 5164/5125/406
f 5168/5126/407 5167/5129/410 5165/5127/408
f 5169/5128/409 5170/5131/412 5167/5129/410
f 5172/5130/411 5171/5133/414 5170/5131/412
f 5173/5132/413 5174/5135/416 5171/5133/414
f 5176/5134/415 5175/6597/1874 5174/5135/416
f 5176/5134/415 5177/5137/418 5175/6597/1874
f 5178/5136/417 5179/5139/420 5177/5137/418
f 5180/5138/419 5181/5141/422 5179/5139/420
f 5182/5140/421 5183/5143/424 5181/5141/422
f 5185/5142/423 5184/5145/426 5183/5143/424
f 5187/5144/425 5186/6598/1875 5184/5145/426
f 5187/5144/425 5188/5147/428 5186/6598/1875
f 5191/5148/429 5190/5150/431 5188/5147/428
f 5193/5149/430 5192/6599/1876 5190/5150/431
f 5193/5149/430 5194/5152/433 5192/6599/1876
f 5196/5153/434 5197/5155/436 5194/5152/433
f 5198/5154/435 5199/5157/438 5197/5155/436
f 5201/5156/437 5200/5159/440 5199/5157/438
f 5203/5158/439 5202/5161/442 5200/5159/440
f 5205/5160/441 5204/5163/444 5202/5161/442
f 5206/5162/443 5207/5165/446 5204/5163/444
f 5208/5164/445 5209/5167/448 5207/5165/446
f 5212/5168/449 5211/6600/1877 5209/5167/448
f 5212/5168/449 5213/5170/451 5211/6600/1877
f 5216/5171/452 5215/5173/454 5213/5170/451
f 5218/5172/453 5217/6601/1878 5215/5173/454
f 5218/5172/453 5219/5175/456 5217/6601/1878
f 5222/5176/457 5221/6602/1879 5219/5175/456
f 5222/5176/457 5223/5178/459 5221/6602/1879
f 5224/5177/458 5225/5180/461 5223/5178/459
f 5228/5181/462 5227/5183/464 5225/5180/461
f 5230/5182/463 5229/5185/466 5227/5183/464
f 5232/5184/465 5231/5187/468 5229/5185/466
f 5233/5186/467 5234/6603/1880 5231/5187/468
f 5233/5186/467 5235/5189/470 5234/6603/1880
f 5236/5188/469 5237/5191/472 5235/5189/470
f 5240/5192/473 5239/5194/475 5237/5191/472
f 5242/5193/474 5241/5196/477 5239/5194/475
f 5244/5195/476 5243/6604/1881 5241/5196/477
f 5244/5195/476 5245/5198/479 5243/6604/1881
f 5246/5197/478 5247/5200/481 5245/5198/479
f 5248/5199/480 5249/5202/483 5247/5200/481
f 5250/5201/482 5251/5204/485 5249/5202/483
f 5253/5203/484 5252/6605/1882 5251/5204/485
f 5253/5203/484 5254/5206/487 5252/6605/1882
f 5255/5205/486 5256/5208/489 5254/5206/487
f 5259/5209/490 5258/5211/492 5256/5208/489
f 5261/5210/491 5260/5213/494 5258/5211/492
f 5263/5212/493 5262/5215/496 5260/5213/494
f 5265/5214/495 5264/5217/498 5262/5215/496
f 5266/5216/497 5267/5219/500 5264/5217/498
f 5269/5218/499 5268/6606/1883 5267/5219/500
f 5269/5218/499 5270/5221/502 5268/6606/1883
f 5273/5222/503 5272/5224/505 5270/5221/502
f 5275/5223/504 5274/5226/507 5272/5224/505
f 5277/5225/506 5276/5228/509 5274/5226/507
f 5279/5227/508 5278/6607/1884 5276/5228/509
f 5279/5227/508 5280/5230/511 5278/6607/1884
f 5283/5231/512 5282/5233/514 5280/5230/511
f 5285/5232/513 5284/5235/516 5282/5233/514
f 5286/5234/515 5287/5237/518 5284/5235/516
f 5289/5236/517 5288/5239/520 5287/5237/518
f 5291/5238/519 5290/6608/1885 5288/5239/520
f 5291/5238/519 5292/5241/522 5290/6608/1885
f 5293/5240/521 5294/5243/524 5292/5241/522
f 5296/5242/523 5295/6609/1886 5294/5243/524
f 5296/5242/523 5297/5245/526 5295/6609/1886
f 5298/5244/525 5299/5246/527 5297/5245/526
f 5101/5070/351 5100/6589/1866 5299/5246/527
f 5303/5247/528 5302/5251/532 5300/5248/529
f 5304/5250/531 5305/6610/1887 5302/5251/532
f 5304/5250/531 5306/5253/534 5305/6610/1887
f 5309/5254/535 5308/5256/537 5306/5253/534
f 5311/5255/536 5310/6611/1888 5308/5256/537
f 5311/5255/536 5312/5258/539 5310/6611/1888
f 5313/5257/538 5314/5260/541 5312/5258/539
f 5317/5261/542 5316/5263/544 5314/5260/541
f 5319/5262/543 5318/5265/546 5316/5263/544
f 5320/5264/545 5321/5267/548 5318/5265/546
f 5322/5266/547 5323/5269/550 5321/5267/548
f 5324/5268/549 5325/6612/1889 5323/5269/550
f 5324/5268/549 5326/5271/552 5325/6612/1889
f 5329/5272/553 5328/5274/555 5326/5271/552
f 5331/5273/554 5330/5276/557 5328/5274/555
f 5332/5275/556 5333/5278/559 5330/5276/557
f 5334/5277/558 5335/5280/561 5333/5278/559
f 5337/5279/560 5336/6613/1890 5335/5280/561
f 5337/5279/560 5338/5282/563 5336/6613/1890
f 5339/5281/562 5340/5284/565 5338/5282/563
f 5341/5283/564 5342/6614/1891 5340/5284/565
f 5341/5283/564 5343/5286/567 5342/6614/1891
f 5346/5287/568 5345/6615/1892 5343/5286/567
f 5346/5287/568 5347/5289/570 5345/6615/1892
f 5348/5288/569 5349/5291/572 5347/5289/570
f 5350/5290/571 5351/5293/574 5349/5291/572
f 5352/5292/573 5353/5295/576 5351/5293/574
f 5354/5294/575 5355/5297/578 5353/5295/576
f 5356/5296/577 5357/5299/580 5355/5297/578
f 5358/5298/579 5359/6616/1893 5357/5299/580
f 5358/5298/579 5360/5301/582 5359/6616/1893
f 5361/5300/581 5362/5303/584 5360/5301/582
f 5363/5302/583 5364/5305/586 5362/5303/584
f 5367/5306/587 5366/5308/589 5364/5305/586
f 5368/5307/588 5369/5310/591 5366/5308/589
f 5371/5309/590 5370/6617/1894 5369/5310/591
f 5371/5309/590 5372/5312/593 5370/6617/1894
f 5373/5311/592 5374/5314/595 5372/5312/593
f 5375/5313/594 5376/5316/597 5374/5314/595
f 5377/5315/596 5378/5318/599 5376/5316/597
f 5379/5317/598 5380/5320/601 5378/5318/599
f 5381/5319/600 5382/5322/603 5380/5320/601
f 5383/5321/602 5384/5324/605 5382/5322/603
f 5387/5325/606 5386/5327/608 5384/5324/605
f 5389/5326/607 5388/5329/610 5386/5327/608
f 5391/5328/609 5390/5331/612 5388/5329/610
f 5392/5330/611 5393/6618/1895 5390/5331/612
f 5392/5330/611 5394/5333/614 5393/6618/1895
f 5396/5334/615 5397/5336/617 5394/5333/614
f 5398/5335/616 5399/5338/619 5397/5336/617
f 5401/5337/618 5400/6619/1896 5399/5338/619
f 5401/5337/618 5402/5340/621 5400/6619/1896
f 5405/5341/622 5404/6620/1897 5402/5340/621
f 5405/5341/622 5406/5343/624 5404/6620/1897
f 5409/5344/625 5408/5346/627 5406/5343/624
f 5411/5345/626 5410/6621/1898 5408/5346/627
f 5411/5345/626 5412/5348/629 5410/6621/1898
f 5414/5347/628 5413/5350/631 5412/5348/629
f 5416/5349/630 5415/6622/1899 5413/5350/631
f 5416/5349/630 5417/5352/633 5415/6622/1899
f 5418/5351/632 5419/5354/635 5417/5352/633
f 5422/5355/636 5421/5356/637 5419/5354/635
f 5301/5249/530 5300/5248/529 5421/5356/637
f 5492/5359/640 5423/5358/639 5491/5420/701
f 5424/5357/638 5425/5361/642 5423/5358/639
f 5426/5360/641 5427/5363/644 5425/5361/642
f 5429/5362/643 5428/5365/646 5427/5363/644
f 5430/5364/645 5431/5367/648 5428/5365/646
f 5433/5366/647 5432/5369/650 5431/5367/648
f 5435/5368/649 5434/5371/652 5432/5369/650
f 5437/5370/651 5436/5373/654 5434/5371/652
f 5439/5372/653 5438/6623/1900 5436/5373/654
f 5439/5372/653 5440/5375/656 5438/6623/1900
f 5443/5376/657 5442/5378/659 5440/5375/656
f 5444/5377/658 5445/6624/1901 5442/5378/659
f 5444/5377/658 5446/5380/661 5445/6624/1901
f 5449/5381/662 5448/5383/664 5446/5380/661
f 5451/5382/663 5450/6625/1902 5448/5383/664
f 5451/5382/663 5452/5385/666 5450/6625/1902
f 5453/5384/665 5454/5387/668 5452/5385/666
f 5457/5388/669 5456/5390/671 5454/5387/668
f 5458/5389/670 5459/5392/673 5456/5390/671
f 5460/5391/672 5461/5394/675 5459/5392/673
f 5462/5393/674 5463/5396/677 5461/5394/675
f 5464/5395/676 5465/6626/1903 5463/5396/677
f 5464/5395/676 5466/5398/679 5465/6626/1903
f 5469/5399/680 5468/5401/682 5466/5398/679
f 5470/5400/681 5471/5403/684 5468/5401/682
f 5472/5402/683 5473/5405/686 5471/5403/684
f 5475/5404/685 5474/5407/688 5473/5405/686
f 5477/5406/687 5476/5409/690 5474/5407/688
f 5479/5408/689 5478/6627/1904 5476/5409/690
f 5479/5408/689 5480/5411/692 5478/6627/1904
f 5482/5412/693 5483/5414/695 5480/5411/692
f 5484/5413/694 5485/5416/697 5483/5414/695
f 5488/5417/698 5487/5419/700 5485/5416/697
f 5490/5418/699 5489/6628/1905 5487/5419/700
f 5490/5418/699 5491/5420/701 5489/6628/1905
f 5495/5424/705 5496/6629/1906 5493/5422/703
f 5495/5424/705 5497/5426/707 5496/6629/1906
f 5498/5425/706 5499/6630/1907 5497/5426/707
f 5498/5425/706 5500/5428/709 5499/6630/1907
f 5503/5429/710 5502/5431/712 5500/5428/709
f 5505/5430/711 5504/5433/714 5502/5431/712
f 5507/5432/713 5506/5435/716 5504/5433/714
f 5509/5434/715 5508/5437/718 5506/5435/716
f 5510/5436/717 5511/6631/1908 5508/5437/718
f 5510/5436/717 5512/5439/720 5511/6631/1908
f 5513/5438/719 5514/5441/722 5512/5439/720
f 5515/5440/721 5516/5443/724 5514/5441/722
f 5519/5444/725 5518/5446/727 5516/5443/724
f 5521/5445/726 5520/6632/1909 5518/5446/727
f 5521/5445/726 5522/5448/729 5520/6632/1909
f 5523/5447/728 5524/5450/731 5522/5448/729
f 5525/5449/730 5526/6633/1910 5524/5450/731
f 5525/5449/730 5527/5452/733 5526/6633/1910
f 5528/5451/732 5529/5454/735 5527/5452/733
f 5532/5455/736 5531/5457/738 5529/5454/735
f 5533/5456/737 5534/5459/740 5531/5457/738
f 5536/5458/739 5535/6634/1911 5534/5459/740
f 5536/5458/739 5537/5461/742 5535/6634/1911
f 5538/5460/741 5539/5463/744 5537/5461/742
f 5540/5462/743 5541/5465/746 5539/5463/744
f 5544/5466/747 5543/5468/749 5541/5465/746
f 5546/5467/748 5545/5470/751 5543/5468/749
f 5548/5469/750 5547/5472/753 5545/5470/751
f 5549/5471/752 5550/5474/755 5547/5472/753
f 5552/5473/754 5551/6635/1912 5550/5474/755
f 5552/5473/754 5553/5476/757 5551/6635/1912
f 5554/5475/756 5555/5478/759 5553/5476/757
f 5556/5477/758 5557/5480/761 5555/5478/759
f 5560/5481/762 5559/5482/763 5557/5480/761
f 5561/5423/704 5493/5422/703 5559/5482/763
f 5618/5485/766 5562/5484/765 5617/6636/1913
f 5564/5486/767 5565/5488/769 5562/5484/765
f 5566/5487/768 5567/6637/1914 5565/5488/769
f 5566/5487/768 5568/5490/771 5567/6637/1914
f 5570/5491/772 5571/5493/774 5568/5490/771
f 5572/5492/773 5573/6638/1915 5571/5493/774
f 5572/5492/773 5574/5495/776 5573/6638/1915
f 5576/5496/777 5577/6639/1916 5574/5495/776
f 5576/5496/777 5578/5498/779 5577/6639/1916
f 5581/5499/780 5580/5501/782 5578/5498/779
f 5583/5500/781 5582/5503/784 5580/5501/782
f 5585/5502/783 5584/5505/786 5582/5503/784
f 5587/5504/785 5586/6640/1917 5584/5505/786
f 5587/5504/785 5588/5507/788 5586/6640/1917
f 5591/5508/789 5590/5510/791 5588/5507/788
f 5593/5509/790 5592/5512/793 5590/5510/791
f 5595/5511/792 5594/5514/795 5592/5512/793
f 5597/5513/794 5596/5516/797 5594/5514/795
f 5599/5515/796 5598/5518/799 5596/5516/797
f 5600/5517/798 5601/5520/801 5598/5518/799
f 5603/5519/800 5602/5522/803 5601/5520/801
f 5605/5521/802 5604/5524/805 5602/5522/803
f 5606/5523/804 5607/5526/807 5604/5524/805
f 5608/5525/806 5609/5528/809 5607/5526/807
f 5611/5529/810 5612/5531/812 5609/5528/809
f 5614/5530/811 5613/5533/811 5612/5531/812
f 5616/5532/813 5615/5534/814 5613/5533/811
f 5618/5485/766 5617/6636/1913 5615/5534/814
f 5622/5535/815 5621/5539/819 5619/5536/816
f 5624/5538/818 5623/6641/1918 5621/5539/819
f 5624/5538/818 5625/5541/821 5623/6641/1918
f 5626/5540/820 5627/5543/823 5625/5541/821
f 5629/5542/822 5628/5545/825 5627/5543/823
f 5630/5544/824 5631/5547/827 5628/5545/825
f 5632/5546/826 5633/5549/829 5631/5547/827
f 5634/5548/828 5635/5551/831 5633/5549/829
f 5636/5550/830 5637/5553/833 5635/5551/831
f 5639/5552/832 5638/6642/1919 5637/5553/833
f 5639/5552/832 5640/5555/835 5638/6642/1919
f 5641/5554/834 5642/5557/837 5640/5555/835
f 5643/5556/836 5644/5559/839 5642/5557/837
f 5646/5558/838 5645/5561/841 5644/5559/839
f 5648/5560/840 5647/6643/1920 5645/5561/841
f 5648/5560/840 5649/5563/843 5647/6643/1920
f 5652/5564/844 5651/6644/1921 5649/5563/843
f 5652/5564/844 5653/5566/846 5651/6644/1921
f 5655/5567/847 5656/5569/849 5653/5566/846
f 5657/5568/848 5658/6645/1922 5656/5569/849
f 5657/5568/848 5659/5571/851 5658/6645/1922
f 5660/5570/850 5661/5573/853 5659/5571/851
f 5662/5572/852 5663/5575/855 5661/5573/853
f 5664/5574/854 5665/5577/857 5663/5575/855
f 5667/5576/856 5666/5579/859 5665/5577/857
f 5669/5578/858 5668/5581/861 5666/5579/859
f 5671/5580/860 5670/5583/863 5668/5581/861
f 5673/5582/862 5672/5585/865 5670/5583/863
f 5674/5584/864 5675/5587/867 5672/5585/865
f 5676/5586/866 5677/5589/869 5675/5587/867
f 5679/5588/868 5678/5591/871 5677/5589/869
f 5681/5590/870 5680/5593/873 5678/5591/871
f 5683/5592/872 5682/5595/875 5680/5593/873
f 5685/5594/874 5684/5597/877 5682/5595/875
f 5687/5596/876 5686/5598/878 5684/5597/877
f 5620/5537/817 5619/5536/816 5686/5598/878
f 5689/5599/879 5688/5603/883 5841/5600/880
f 5691/5602/882 5690/6646/1923 5688/5603/883
f 5691/5602/882 5692/5605/885 5690/6646/1923
f 5694/5604/884 5693/5607/887 5692/5605/885
f 5695/5606/886 5696/5609/889 5693/5607/887
f 5698/5610/890 5699/5612/892 5696/5609/889
f 5700/5611/891 5701/5614/894 5699/5612/892
f 5704/5615/895 5703/6647/1924 5701/5614/894
f 5704/5615/895 5705/5617/897 5703/6647/1924
f 5706/5616/896 5707/5619/899 5705/5617/897
f 5708/5618/898 5709/5621/901 5707/5619/899
f 5710/5620/900 5711/5623/903 5709/5621/901
f 5712/5622/902 5713/5625/905 5711/5623/903
f 5716/5626/906 5715/5628/908 5713/5625/905
f 5718/5627/907 5717/5630/910 5715/5628/908
f 5720/5629/909 5719/5632/912 5717/5630/910
f 5722/5631/911 5721/5634/914 5719/5632/912
f 5724/5633/913 5723/5636/916 5721/5634/914
f 5726/5635/915 5725/5638/918 5723/5636/916
f 5728/5637/917 5727/6648/1925 5725/5638/918
f 5728/5637/917 5729/5640/920 5727/6648/1925
f 5730/5639/919 5731/5642/922 5729/5640/920
f 5732/5641/921 5733/5644/924 5731/5642/922
f 5734/5643/923 5735/5646/926 5733/5644/924
f 5736/5645/925 5737/5648/928 5735/5646/926
f 5738/5647/927 5739/5650/930 5737/5648/928
f 5741/5651/931 5742/5653/933 5739/5650/930
f 5744/5652/932 5743/5655/935 5742/5653/933
f 5746/5654/934 5745/6649/1926 5743/5655/935
f 5746/5654/934 5747/5657/937 5745/6649/1926
f 5748/5656/936 5749/5659/939 5747/5657/937
f 5750/5658/938 5751/5661/941 5749/5659/939
f 5752/5660/940 5753/5663/943 5751/5661/941
f 5754/5662/942 5755/5665/945 5753/5663/943
f 5756/5664/944 5757/5667/947 5755/5665/945
f 5759/5666/946 5758/5669/949 5757/5667/947
f 5760/5668/948 5761/6650/1927 5758/5669/949
f 5760/5668/948 5762/5671/951 5761/6650/1927
f 5765/5672/952 5764/5674/954 5762/5671/951
f 5767/5673/953 5766/6651/1928 5764/5674/954
f 5767/5673/953 5768/5676/956 5766/6651/1928
f 5770/5677/957 5771/5679/959 5768/5676/956
f 5772/5678/958 5773/5681/961 5771/5679/959
f 5775/5682/962 5776/6652/1929 5773/5681/961
f 5775/5682/962 5777/5684/964 5776/6652/1929
f 5778/5683/963 5779/5686/966 5777/5684/964
f 5780/5685/965 5781/5688/968 5779/5686/966
f 5783/5689/969 5784/5691/971 5781/5688/968
f 5786/5690/970 5785/5693/973 5784/5691/971
f 5788/5692/972 5787/5695/975 5785/5693/973
f 5790/5694/974 5789/6653/1930 5787/5695/975
f 5790/5694/974 5791/5697/977 5789/6653/1930
f 5792/5696/976 5793/5699/979 5791/5697/977
f 5794/5698/978 5795/5701/981 5793/5699/979
f 5796/5700/980 5797/5703/983 5795/5701/981
f 5799/5702/982 5798/5705/985 5797/5703/983
f 5801/5704/984 5800/5707/987 5798/5705/985
f 5803/5706/986 5802/5709/989 5800/5707/987
f 5804/5708/988 5805/5711/991 5802/5709/989
f 5808/5712/992 5807/5714/994 5805/5711/991
f 5810/5713/993 5809/5716/996 5807/5714/994
f 5812/5715/995 5811/5718/998 5809/5716/996
f 5814/5717/997 5813/5720/1000 5811/5718/998
f 5816/5719/999 5815/5722/1002 5813/5720/1000
f 5818/5721/1001 5817/6654/1931 5815/5722/1002
f 5818/5721/1001 5819/5724/1004 5817/6654/1931
f 5820/5723/1003 5821/5726/1006 5819/5724/1004
f 5823/5725/1005 5822/6655/1932 5821/5726/1006
f 5823/5725/1005 5824/5728/1008 5822/6655/1932
f 5826/5729/1009 5827/5731/1011 5824/5728/1008
f 5829/5730/1010 5828/5733/1013 5827/5731/1011
f 5831/5732/1012 5830/5735/1015 5828/5733/1013
f 5832/5734/1014 5833/5737/1017 5830/5735/1015
f 5835/5736/1016 5834/5739/1019 5833/5737/1017
f 5836/5738/1018 5837/6656/1933 5834/5739/1019
f 5836/5738/1018 5838/5741/1021 5837/6656/1933
f 5839/5740/1020 5840/5742/1022 5838/5741/1021
f 5842/5601/881 5841/5600/880 5840/5742/1022
f 5845/5743/1023 5846/5747/1027 5843/5744/1024
f 5849/5748/1028 5848/5750/1030 5846/5747/1027
f 5851/5749/1029 5850/5752/1032 5848/5750/1030
f 5852/5751/1031 5853/5754/1034 5850/5752/1032
f 5856/5755/1035 5855/6657/1934 5853/5754/1034
f 5856/5755/1035 5857/5757/1037 5855/6657/1934
f 5858/5756/1036 5859/5759/1039 5857/5757/1037
f 5862/5760/1040 5861/6658/1935 5859/5759/1039
f 5862/5760/1040 5863/5762/1042 5861/6658/1935
f 5865/5763/1043 5866/5765/1045 5863/5762/1042
f 5867/5764/1044 5868/5767/1047 5866/5765/1045
f 5869/5766/1046 5870/5769/1049 5868/5767/1047
f 5873/5770/1050 5872/5772/1052 5870/5769/1049
f 5874/5771/1051 5875/5774/1054 5872/5772/1052
f 5877/5773/1053 5876/6659/1936 5875/5774/1054
f 5877/5773/1053 5878/5776/1056 5876/6659/1936
f 5881/5777/1057 5880/6660/1937 5878/5776/1056
f 5881/5777/1057 5882/5779/1059 5880/6660/1937
f 5883/5778/1058 5884/6661/1938 5882/5779/1059
f 5883/5778/1058 5885/5781/1061 5884/6661/1938
f 5888/5782/1062 5887/5784/1064 5885/5781/1061
f 5890/5783/1063 5889/6662/1939 5887/5784/1064
f 5890/5783/1063 5891/5786/1066 5889/6662/1939
f 5892/5785/1065 5893/5788/1068 5891/5786/1066
f 5895/5787/1067 5894/5790/1070 5893/5788/1068
f 5897/5789/1069 5896/5792/1072 5894/5790/1070
f 5898/5791/1071 5899/5794/1074 5896/5792/1072
f 5901/5795/1075 5902/6663/1940 5899/5794/1074
f 5901/5795/1075 5903/5797/1077 5902/6663/1940
f 5906/5798/1078 5905/5800/1080 5903/5797/1077
f 5908/5799/1079 5907/5802/1081 5905/5800/1080
f 5910/5801/912 5909/6664/1941 5907/5802/1081
f 5910/5801/912 5911/5804/1083 5909/6664/1941
f 5914/5805/1084 5913/5807/1086 5911/5804/1083
f 5916/5806/1085 5915/5809/1088 5913/5807/1086
f 5918/5808/1087 5917/6665/1942 5915/5809/1088
f 5918/5808/1087 5919/5811/1090 5917/6665/1942
f 5920/5810/1089 5921/5813/1092 5919/5811/1090
f 5922/5812/1091 5923/5815/1094 5921/5813/1092
f 5924/5814/1093 5925/5817/1096 5923/5815/1094
f 5926/5816/1095 5927/5819/1098 5925/5817/1096
f 5930/5820/1099 5929/5822/1101 5927/5819/1098
f 5931/5821/1100 5932/5824/1103 5929/5822/1101
f 5933/5823/1102 5934/5826/1105 5932/5824/1103
f 5936/5827/1106 5937/5829/1108 5934/5826/1105
f 5938/5828/1107 5939/5831/1110 5937/5829/1108
f 5940/5830/1109 5941/5833/1112 5939/5831/1110
f 5943/5834/1113 5944/5836/1115 5941/5833/1112
f 5946/5835/1114 5945/6666/1943 5944/5836/1115
f 5946/5835/1114 5947/5838/1117 5945/6666/1943
f 5949/5839/1118 5950/5841/1120 5947/5838/1117
f 5951/5840/1119 5952/6667/1944 5950/5841/1120
f 5951/5840/1119 5953/5843/1122 5952/6667/1944
f 5954/5842/1121 5955/5845/1124 5953/5843/1122
f 5958/5846/1125 5957/6668/1945 5955/5845/1124
f 5958/5846/1125 5959/5848/1127 5957/6668/1945
f 5960/5847/1126 5961/5850/1129 5959/5848/1127
f 5964/5851/1130 5963/5853/1132 5961/5850/1129
f 5966/5852/1131 5965/6669/1946 5963/5853/1132
f 5966/5852/1131 5967/5855/1134 5965/6669/1946
f 5968/5854/1133 5969/5857/1136 5967/5855/1134
f 5970/5856/1135 5971/5859/1138 5969/5857/1136
f 5974/5860/1139 5973/5862/1141 5971/5859/1138
f 5976/5861/1140 5975/5864/1143 5973/5862/1141
f 5978/5863/1142 5977/5866/1145 5975/5864/1143
f 5979/5865/1144 5980/5868/1147 5977/5866/1145
f 5982/5867/1146 5981/6670/1947 5980/5868/1147
f 5982/5867/1146 5983/5870/1149 5981/6670/1947
f 5986/5871/1150 5985/5873/1152 5983/5870/1149
f 5988/5872/1151 5987/5875/1154 5985/5873/1152
f 5990/5874/1153 5989/5877/1156 5987/5875/1154
f 5991/5876/1155 5992/5879/1158 5989/5877/1156
f 5993/5878/1157 5994/6671/1948 5992/5879/1158
f 5993/5878/1157 5995/5881/1160 5994/6671/1948
f 5998/5882/1161 5997/5884/1163 5995/5881/1160
f 6000/5883/1162 5999/6672/1949 5997/5884/1163
f 6000/5883/1162 6001/5886/1165 5999/6672/1949
f 6002/5885/1164 6003/5888/1167 6001/5886/1165
f 6006/5889/1168 6005/5891/1170 6003/5888/1167
f 6007/5890/1169 6008/5893/1172 6005/5891/1170
f 6009/5892/1171 6010/5895/1174 6008/5893/1172
f 6012/5894/1173 6011/5897/1176 6010/5895/1174
f 6014/5896/1175 6013/5899/1178 6011/5897/1176
f 6016/5898/1177 6015/5901/1180 6013/5899/1178
f 6018/5900/1179 6017/5903/1182 6015/5901/1180
f 6020/5902/1181 6019/5905/1184 6017/5903/1182
f 6022/5904/1183 6021/6673/1950 6019/5905/1184
f 6022/5904/1183 6023/5907/1186 6021/6673/1950
f 6026/5908/1187 6025/5910/1189 6023/5907/1186
f 6027/5909/1188 6028/5912/1191 6025/5910/1189
f 6029/5911/1190 6030/5914/1193 6028/5912/1191
f 6032/5913/1192 6031/5916/1195 6030/5914/1193
f 6034/5915/1194 6033/5918/1197 6031/5916/1195
f 6035/5917/1196 6036/5920/1199 6033/5918/1197
f 6038/5919/1198 6037/5922/1201 6036/5920/1199
f 6039/5921/1200 6040/5924/1203 6037/5922/1201
f 6042/5923/1202 6041/6674/1951 6040/5924/1203
f 6042/5923/1202 6043/5926/1205 6041/6674/1951
f 6044/5925/1204 6045/6675/1952 6043/5926/1205
f 6044/5925/1204 6046/5928/1207 6045/6675/1952
f 6049/5929/1208 6048/5931/1210 6046/5928/1207
f 6051/5930/1209 6050/5933/1212 6048/5931/1210
f 6052/5932/1211 6053/5935/1214 6050/5933/1212
f 6055/5934/1213 6054/5937/1216 6053/5935/1214
f 6057/5936/1215 6056/5939/1218 6054/5937/1216
f 6059/5938/1217 6058/5941/1220 6056/5939/1218
f 6061/5940/1219 6060/5943/1222 6058/5941/1220
f 6062/5942/1221 6063/5945/1224 6060/5943/1222
f 6064/5944/1223 6065/5947/1226 6063/5945/1224
f 6067/5946/1225 6066/5949/1228 6065/5947/1226
f 6069/5948/1227 6068/5951/1230 6066/5949/1228
f 6071/5950/1229 6070/6676/1953 6068/5951/1230
f 6071/5950/1229 6072/5953/1232 6070/6676/1953
f 6073/5952/1231 6074/5955/1234 6072/5953/1232
f 6076/5954/1233 6075/5957/1236 6074/5955/1234
f 6078/5956/1235 6077/6677/1954 6075/5957/1236
f 6078/5956/1235 6079/5959/1238 6077/6677/1954
f 6080/5958/1237 6081/6678/1955 6079/5959/1238
f 6080/5958/1237 6082/5961/1240 6081/6678/1955
f 6083/5960/1239 6084/5963/1242 6082/5961/1240
f 6085/5962/1241 6086/6679/1956 6084/5963/1242
f 6085/5962/1241 6087/5965/1244 6086/6679/1956
f 6088/5964/1243 6089/5967/1246 6087/5965/1244
f 6092/5968/1247 6091/5970/1249 6089/5967/1246
f 6093/5969/1248 6094/5972/1251 6091/5970/1249
f 6095/5971/1250 6096/5974/1253 6094/5972/1251
f 6097/5973/1252 6098/5976/1255 6096/5974/1253
f 6099/5975/1254 6100/5978/1257 6098/5976/1255
f 6101/5977/1256 6102/5980/1259 6100/5978/1257
f 6104/5979/1258 6103/5982/1261 6102/5980/1259
f 6105/5981/1260 6106/5984/1263 6103/5982/1261
f 6108/5983/1262 6107/5986/1265 6106/5984/1263
f 6110/5985/1264 6109/5988/1267 6107/5986/1265
f 6111/5987/1266 6112/5990/1269 6109/5988/1267
f 6113/5989/1268 6114/5992/1271 6112/5990/1269
f 6115/5991/1270 6116/5994/1273 6114/5992/1271
f 6117/5993/1272 6118/5996/1275 6116/5994/1273
f 6119/5995/1274 5843/5744/1024 6118/5996/1275
f 6121/5997/1276 6120/6001/1280 6231/5998/1277
f 6123/6000/1279 6122/6003/1282 6120/6001/1280
f 6124/6002/1281 6125/6005/1284 6122/6003/1282
f 6128/6006/1285 6127/6680/1957 6125/6005/1284
f 6128/6006/1285 6129/6008/1287 6127/6680/1957
f 6132/6009/1288 6131/6011/1290 6129/6008/1287
f 6134/6010/1289 6133/6013/1292 6131/6011/1290
f 6136/6012/1291 6135/6681/1958 6133/6013/1292
f 6136/6012/1291 6137/6015/1294 6135/6681/1958
f 6138/6014/1293 6139/6017/1296 6137/6015/1294
f 6140/6016/1295 6141/6019/1298 6139/6017/1296
f 6142/6018/1297 6143/6021/1300 6141/6019/1298
f 6145/6022/1301 6146/6024/1303 6143/6021/1300
f 6148/6023/1302 6147/6682/1959 6146/6024/1303
f 6148/6023/1302 6149/6026/1305 6147/6682/1959
f 6152/6027/1306 6151/6683/1960 6149/6026/1305
f 6152/6027/1306 6153/6029/1308 6151/6683/1960
f 6154/6028/1307 6155/6031/1310 6153/6029/1308
f 6156/6030/1309 6157/6033/1312 6155/6031/1310
f 6158/6032/1311 6159/6035/1314 6157/6033/1312
f 6160/6034/1313 6161/6037/1316 6159/6035/1314
f 6162/6036/1315 6163/6039/1318 6161/6037/1316
f 6164/6038/1317 6165/6041/1320 6163/6039/1318
f 6168/6042/1321 6167/6044/1323 6165/6041/1320
f 6169/6043/1322 6170/6046/1325 6167/6044/1323
f 6172/6045/1324 6171/6048/1327 6170/6046/1325
f 6173/6047/1326 6174/6050/1329 6171/6048/1327
f 6175/6049/1328 6176/6052/1331 6174/6050/1329
f 6177/6051/1330 6178/6054/1333 6176/6052/1331
f 6180/6053/1332 6179/6056/1335 6178/6054/1333
f 6181/6055/1334 6182/6058/1337 6179/6056/1335
f 6185/6059/1338 6184/6061/1340 6182/6058/1337
f 6186/6060/1339 6187/6684/1961 6184/6061/1340
f 6186/6060/1339 6188/6063/1342 6187/6684/1961
f 6189/6062/1341 6190/6065/1344 6188/6063/1342
f 6191/6064/1343 6192/6067/1346 6190/6065/1344
f 6193/6066/1345 6194/6069/1348 6192/6067/1346
f 6195/6068/1347 6196/6071/1350 6194/6069/1348
f 6197/6070/1349 6198/6073/1352 6196/6071/1350
f 6201/6074/1353 6200/6685/1962 6198/6073/1352
f 6201/6074/1353 6202/6076/1355 6200/6685/1962
f 6203/6075/1354 6204/6078/1357 6202/6076/1355
f 6205/6077/1356 6206/6080/1359 6204/6078/1357
f 6209/6081/1360 6208/6083/1362 6206/6080/1359
f 6211/6082/1361 6210/6085/1364 6208/6083/1362
f 6212/6084/1363 6213/6087/1366 6210/6085/1364
f 6214/6086/1365 6215/6089/1368 6213/6087/1366
f 6218/6090/1369 6217/6092/1371 6215/6089/1368
f 6219/6091/1370 6220/6094/1373 6217/6092/1371
f 6221/6093/1372 6222/6096/1375 6220/6094/1373
f 6224/6097/1376 6225/6099/1378 6222/6096/1375
f 6226/6098/1377 6227/6101/1380 6225/6099/1378
f 6228/6100/1379 6229/6102/1381 6227/6101/1380
f 6230/5999/1278 6231/5998/1277 6229/6102/1381
f 6233/6103/1382 6234/6107/1386 6232/6104/1383
f 6235/6106/1385 6236/6109/1388 6234/6107/1386
f 6237/6108/1387 6238/6111/1390 6236/6109/1388
f 6239/6110/1389 6240/6113/1392 6238/6111/1390
f 6241/6112/1391 6242/6115/1394 6240/6113/1392
f 6243/6114/1393 6244/6117/1396 6242/6115/1394
f 6246/6116/1395 6245/6119/1398 6244/6117/1396
f 6248/6118/1397 6247/6121/1400 6245/6119/1398
f 6250/6120/1399 6249/6123/1402 6247/6121/1400
f 6252/6122/1401 6251/6125/1404 6249/6123/1402
f 6254/6124/1403 6253/6127/1406 6251/6125/1404
f 6255/6126/1405 6256/6129/1408 6253/6127/1406
f 6258/6128/1407 6257/6131/1410 6256/6129/1408
f 6259/6130/1409 6260/6133/1412 6257/6131/1410
f 6262/6132/1411 6261/6686/1963 6260/6133/1412
f 6262/6132/1411 6263/6135/1414 6261/6686/1963
f 6264/6134/1413 6265/6137/1416 6263/6135/1414
f 6268/6138/1417 6267/6140/1419 6265/6137/1416
f 6270/6139/1418 6269/6142/1421 6267/6140/1419
f 6272/6141/1420 6271/6144/1423 6269/6142/1421
f 6273/6143/1422 6274/6687/1964 6271/6144/1423
f 6273/6143/1422 6275/6146/1425 6274/6687/1964
f 6278/6147/1426 6277/6149/1426 6275/6146/1425
f 6280/6148/1427 6279/6151/1429 6277/6149/1426
f 6282/6150/1428 6281/6153/1431 6279/6151/1429
f 6284/6152/1430 6283/6155/1433 6281/6153/1431
f 6285/6154/1432 6286/6157/1435 6283/6155/1433
f 6288/6156/1434 6287/6688/1965 6286/6157/1435
f 6288/6156/1434 6289/6159/1437 6287/6688/1965
f 6292/6160/1438 6291/6162/1440 6289/6159/1437
f 6294/6161/1439 6293/6689/1966 6291/6162/1440
f 6294/6161/1439 6295/6164/1442 6293/6689/1966
f 6297/6165/1443 6298/6167/1445 6295/6164/1442
f 6299/6166/1444 6300/6169/1447 6298/6167/1445
f 6302/6170/1448 6303/6172/1450 6300/6169/1447
f 6305/6171/1449 6304/6690/1967 6303/6172/1450
f 6305/6171/1449 6306/6174/1452 6304/6690/1967
f 6309/6175/1453 6308/6177/1455 6306/6174/1452
f 6311/6176/1454 6310/6179/1457 6308/6177/1455
f 6313/6178/1456 6312/6181/1459 6310/6179/1457
f 6315/6180/1458 6314/6183/1461 6312/6181/1459
f 6317/6182/1460 6316/6185/1463 6314/6183/1461
f 6318/6184/1462 6319/6187/1465 6316/6185/1463
f 6320/6186/1464 6321/6189/1467 6319/6187/1465
f 6322/6188/1466 6323/6191/1469 6321/6189/1467
f 6324/6190/1468 6325/6193/1471 6323/6191/1469
f 6326/6192/1470 6327/6195/1473 6325/6193/1471
f 6329/6194/1472 6328/6197/1475 6327/6195/1473
f 6331/6196/1474 6330/6199/1477 6328/6197/1475
f 6332/6198/1476 6333/6201/1479 6330/6199/1477
f 6334/6200/1478 6335/6203/1481 6333/6201/1479
f 6337/6204/1482 6338/6206/1484 6335/6203/1481
f 6340/6205/1483 6339/6208/1486 6338/6206/1484
f 6342/6207/1485 6341/6210/1488 6339/6208/1486
f 6343/6209/1487 6344/6212/1490 6341/6210/1488
f 6346/6211/1489 6345/6214/1492 6344/6212/1490
f 6348/6213/1491 6347/6691/1968 6345/6214/1492
f 6348/6213/1491 6349/6216/1494 6347/6691/1968
f 6352/6217/1495 6351/6692/1969 6349/6216/1494
f 6352/6217/1495 6353/6219/1497 6351/6692/1969
f 6354/6218/1496 6355/6221/1499 6353/6219/1497
f 6356/6220/1498 6357/6223/1501 6355/6221/1499
f 6358/6222/1500 6359/6225/1503 6357/6223/1501
f 6360/6224/1502 6361/6227/1505 6359/6225/1503
f 6363/6226/1504 6362/6229/1507 6361/6227/1505
f 6365/6228/1506 6364/6231/1509 6362/6229/1507
f 6366/6230/1508 6367/6233/1511 6364/6231/1509
f 6369/6234/1512 6370/6693/1970 6367/6233/1511
f 6369/6234/1512 6371/6236/1514 6370/6693/1970
f 6372/6235/1513 6373/6238/1516 6371/6236/1514
f 6374/6237/1515 6375/6694/1971 6373/6238/1516
f 6374/6237/1515 6376/6240/1518 6375/6694/1971
f 6377/6239/1517 6378/6695/1972 6376/6240/1518
f 6377/6239/1517 6379/6241/1519 6378/6695/1972
f 6380/6105/1384 6232/6104/1383 6379/6241/1519
f 6724/6244/1522 6382/6243/1521 6381/6696/1973
f 6383/6242/1520 6384/6246/1524 6382/6243/1521
f 6385/6245/1523 6386/6248/1526 6384/6246/1524
f 6387/6247/1525 6388/6250/1528 6386/6248/1526
f 6389/6249/1527 6390/6252/1530 6388/6250/1528
f 6392/6253/1531 6393/6255/1533 6390/6252/1530
f 6395/6256/1534 6396/6697/1974 6393/6255/1533
f 6395/6256/1534 6397/6258/1536 6396/6697/1974
f 6400/6259/1537 6399/6261/1539 6397/6258/1536
f 6402/6260/1538 6401/6263/1541 6399/6261/1539
f 6404/6262/1540 6403/6265/1543 6401/6263/1541
f 6406/6264/1542 6405/6267/1545 6403/6265/1543
f 6408/6266/1544 6407/6269/1547 6405/6267/1545
f 6409/6268/1546 6410/6271/1549 6407/6269/1547
f 6411/6270/1548 6412/6273/1551 6410/6271/1549
f 6415/6274/1552 6414/6276/1554 6412/6273/1551
f 6416/6275/1553 6417/6698/1975 6414/6276/1554
f 6416/6275/1553 6418/6278/1556 6417/6698/1975
f 6419/6277/1555 6420/6280/1558 6418/6278/1556
f 6423/6281/1559 6422/6283/1561 6420/6280/1558
f 6425/6282/1560 6424/6699/1976 6422/6283/1561
f 6425/6282/1560 6426/6285/1563 6424/6699/1976
f 6428/6286/1564 6429/6288/1566 6426/6285/1563
f 6431/6287/1565 6430/6290/1568 6429/6288/1566
f 6433/6289/1567 6432/6292/1570 6430/6290/1568
f 6435/6291/1569 6434/6294/1572 6432/6292/1570
f 6436/6293/1571 6437/6700/1977 6434/6294/1572
f 6436/6293/1571 6438/6296/1574 6437/6700/1977
f 6440/6297/1575 6441/6299/1577 6438/6296/1574
f 6444/6300/1578 6443/6701/1978 6441/6299/1577
f 6444/6300/1578 6445/6302/1580 6443/6701/1978
f 6446/6301/1579 6447/6304/1582 6445/6302/1580
f 6449/6303/1581 6448/6702/1979 6447/6304/1582
f 6449/6303/1581 6450/6306/1584 6448/6702/1979
f 6451/6305/1583 6452/6308/1586 6450/6306/1584
f 6453/6307/1585 6454/6310/1588 6452/6308/1586
f 6455/6309/1587 6456/6312/1590 6454/6310/1588
f 6457/6311/1589 6458/6703/1980 6456/6312/1590
f 6457/6311/1589 6459/6314/1592 6458/6703/1980
f 6460/6313/1591 6461/6316/1594 6459/6314/1592
f 6463/6315/1593 6462/6318/1596 6461/6316/1594
f 6464/6317/1595 6465/6704/1981 6462/6318/1596
f 6464/6317/1595 6466/6320/1598 6465/6704/1981
f 6469/6321/1599 6468/6323/1601 6466/6320/1598
f 6471/6322/1600 6470/6705/1982 6468/6323/1601
f 6471/6322/1600 6472/6325/1603 6470/6705/1982
f 6474/6326/1604 6475/6706/1983 6472/6325/1603
f 6474/6326/1604 6476/6328/1606 6475/6706/1983
f 6477/6327/1605 6478/6330/1608 6476/6328/1606
f 6479/6329/1607 6480/6332/1610 6478/6330/1608
f 6481/6331/1609 6482/6334/1612 6480/6332/1610
f 6484/6333/1611 6483/6707/1984 6482/6334/1612
f 6484/6333/1611 6485/6336/1614 6483/6707/1984
f 6488/6337/1615 6487/6339/1617 6485/6336/1614
f 6489/6338/1616 6490/6708/1985 6487/6339/1617
f 6489/6338/1616 6491/6341/1619 6490/6708/1985
f 6493/6342/1620 6494/6344/1622 6491/6341/1619
f 6496/6343/1621 6495/6346/1624 6494/6344/1622
f 6497/6345/1623 6498/6348/1626 6495/6346/1624
f 6500/6347/1625 6499/6350/1628 6498/6348/1626
f 6502/6349/1627 6501/6352/1630 6499/6350/1628
f 6503/6351/1629 6504/6709/1986 6501/6352/1630
f 6503/6351/1629 6505/6354/1632 6504/6709/1986
f 6506/6353/1631 6507/6356/1634 6505/6354/1632
f 6510/6357/1635 6509/6359/1637 6507/6356/1634
f 6512/6358/1636 6511/6361/1639 6509/6359/1637
f 6514/6360/1638 6513/6363/1641 6511/6361/1639
f 6516/6362/1640 6515/6365/1643 6513/6363/1641
f 6518/6364/1642 6517/6367/1645 6515/6365/1643
f 6520/6366/1644 6519/6369/1647 6517/6367/1645
f 6522/6368/1646 6521/6371/1649 6519/6369/1647
f 6523/6370/1648 6524/6373/1651 6521/6371/1649
f 6525/6372/1650 6526/6375/1653 6524/6373/1651
f 6529/6376/1654 6528/6710/1987 6526/6375/1653
f 6529/6376/1654 6530/6378/1656 6528/6710/1987
f 6531/6377/1655 6532/6380/1658 6530/6378/1656
f 6535/6381/1659 6534/6383/1661 6532/6380/1658
f 6536/6382/1660 6537/6385/1663 6534/6383/1661
f 6538/6384/1662 6539/6711/1988 6537/6385/1663
f 6538/6384/1662 6540/6387/1665 6539/6711/1988
f 6542/6388/1666 6543/6390/1668 6540/6387/1665
f 6546/6391/1669 6545/6393/1671 6543/6390/1668
f 6547/6392/1670 6548/6395/1673 6545/6393/1671
f 6550/6394/1672 6549/6712/1989 6548/6395/1673
f 6550/6394/1672 6551/6397/1675 6549/6712/1989
f 6552/6396/1674 6553/6399/1677 6551/6397/1675
f 6554/6398/1676 6555/6401/1679 6553/6399/1677
f 6558/6402/1680 6557/6404/1682 6555/6401/1679
f 6559/6403/1681 6560/6406/1684 6557/6404/1682
f 6561/6405/1683 6562/6713/1990 6560/6406/1684
f 6561/6405/1683 6563/6408/1686 6562/6713/1990
f 6566/6409/1687 6565/6714/1991 6563/6408/1686
f 6566/6409/1687 6567/6411/1689 6565/6714/1991
f 6570/6412/1690 6569/6414/1692 6567/6411/1689
f 6572/6413/1691 6571/6715/1992 6569/6414/1692
f 6572/6413/1691 6573/6416/1694 6571/6715/1992
f 6576/6417/1695 6575/6419/1697 6573/6416/1694
f 6578/6418/1696 6577/6421/1699 6575/6419/1697
f 6579/6420/1698 6580/6423/1701 6577/6421/1699
f 6581/6422/1700 6582/6425/1703 6580/6423/1701
f 6583/6424/1702 6584/6427/1705 6582/6425/1703
f 6585/6426/1704 6586/6429/1707 6584/6427/1705
f 6587/6428/1706 6588/6431/1709 6586/6429/1707
f 6589/6430/1708 6590/6433/1711 6588/6431/1709
f 6591/6432/1710 6592/6435/1713 6590/6433/1711
f 6593/6434/1712 6594/6716/1993 6592/6435/1713
f 6593/6434/1712 6595/6437/1715 6594/6716/1993
f 6596/6436/1714 6597/6439/1717 6595/6437/1715
f 6598/6438/1716 6599/6441/1719 6597/6439/1717
f 6601/6442/1720 6602/6444/1722 6599/6441/1719
f 6604/6443/1721 6603/6446/1724 6602/6444/1722
f 6606/6445/1723 6605/6448/1726 6603/6446/1724
f 6608/6447/1725 6607/6717/1994 6605/6448/1726
f 6608/6447/1725 6609/6450/1728 6607/6717/1994
f 6612/6451/1729 6611/6453/1731 6609/6450/1728
f 6614/6452/1730 6613/6718/1995 6611/6453/1731
f 6614/6452/1730 6615/6455/1733 6613/6718/1995
f 6616/6454/1732 6617/6457/1735 6615/6455/1733
f 6620/6458/1736 6619/6719/1996 6617/6457/1735
f 6620/6458/1736 6621/6460/1738 6619/6719/1996
f 6622/6459/1737 6623/6462/1740 6621/6460/1738
f 6625/6461/1739 6624/6464/1742 6623/6462/1740
f 6627/6463/1741 6626/6466/1744 6624/6464/1742
f 6628/6465/1743 6629/6720/1997 6626/6466/1744
f 6628/6465/1743 6630/6468/1746 6629/6720/1997
f 6633/6469/1747 6632/6721/1998 6630/6468/1746
f 6633/6469/1747 6634/6471/1749 6632/6721/1998
f 6635/6470/1748 6636/6473/1751 6634/6471/1749
f 6637/6472/1750 6638/6475/1753 6636/6473/1751
f 6639/6474/1752 6640/6477/1755 6638/6475/1753
f 6641/6476/1754 6642/6479/1757 6640/6477/1755
f 6644/6480/1758 6645/6482/1760 6642/6479/1757
f 6647/6481/1759 6646/6484/1762 6645/6482/1760
f 6649/6483/1761 6648/6486/1764 6646/6484/1762
f 6651/6485/1763 6650/6488/1766 6648/6486/1764
f 6653/6487/1765 6652/6490/1768 6650/6488/1766
f 6655/6489/1767 6654/6722/1999 6652/6490/1768
f 6655/6489/1767 6656/6492/1769 6654/6722/1999
f 6659/6493/1770 6658/6723/2000 6656/6492/1769
f 6659/6493/1770 6660/6495/1772 6658/6723/2000
f 6663/6496/1773 6662/6498/1775 6660/6495/1772
f 6665/6497/1774 6664/6500/1777 6662/6498/1775
f 6666/6499/1776 6667/6502/1779 6664/6500/1777
f 6670/6503/1780 6669/6505/1782 6667/6502/1779
f 6672/6504/1781 6671/6507/1784 6669/6505/1782
f 6673/6506/1783 6674/6509/1786 6671/6507/1784
f 6676/6508/1785 6675/6511/1788 6674/6509/1786
f 6678/6510/1787 6677/6724/2001 6675/6511/1788
f 6678/6510/1787 6679/6513/1790 6677/6724/2001
f 6682/6514/1791 6681/6725/2002 6679/6513/1790
f 6682/6514/1791 6683/6516/1793 6681/6725/2002
f 6686/6517/1794 6685/6519/1796 6683/6516/1793
f 6688/6518/1795 6687/6521/1798 6685/6519/1796
f 6690/6520/1797 6689/6726/2003 6687/6521/1798
f 6690/6520/1797 6691/6523/1800 6689/6726/2003
f 6694/6524/1801 6693/6526/1803 6691/6523/1800
f 6696/6525/1802 6695/6727/2004 6693/6526/1803
f 6696/6525/1802 6697/6528/1805 6695/6727/2004
f 6700/6529/1806 6699/6728/2005 6697/6528/1805
f 6700/6529/1806 6701/6531/1808 6699/6728/2005
f 6704/6532/1809 6703/6534/1811 6701/6531/1808
f 6706/6533/1810 6705/6536/1813 6703/6534/1811
f 6708/6535/1812 6707/6538/1815 6705/6536/1813
f 6710/6537/1814 6709/6540/1817 6707/6538/1815
f 6713/6541/1818 6712/6543/1820 6709/6540/1817
f 6715/6542/1819 6714/6545/1822 6712/6543/1820
f 6717/6544/1821 6716/6547/1824 6714/6545/1822
f 6719/6546/1823 6718/6549/1826 6716/6547/1824
f 6721/6548/1825 6720/6551/1828 6718/6549/1826
f 6723/6550/1827 6722/6552/1829 6720/6551/1828
f 6724/6244/1522 6381/6696/1973 6722/6552/1829
