{
    "fields": {
        "Damping": 20.0,
        "Dive Force": -30.0,
        "Dive Rotation Time": 0.5,
        "Dive Scale": [
            0.8999999761581421,
            1.2000000476837158,
            0.8999999761581421
        ],
        "Gravity": 40.0,
        "Jump Force": 15.0,
        "Jump Scale": [
            0.800000011920929,
            1.2999999523162842,
            0.800000011920929
        ],
        "Land Scale": [
            1.399999976158142,
            0.5,
            1.399999976158142
        ],
        "Move Speed": 2.0,
        "Stiffness": 400.0
    }
}