# Blender 4.1.1
# www.blender.org
mtllib cont_UI.mtl
o 円柱.001
v -0.005018 0.860293 -0.072332
v -0.005018 0.860293 -0.001158
v 0.104824 0.849474 -0.072332
v 0.104824 0.849474 -0.001158
v 0.210444 0.817435 -0.072332
v 0.210444 0.817435 -0.001158
v 0.307784 0.765406 -0.072332
v 0.307784 0.765406 -0.001158
v 0.393103 0.695386 -0.072332
v 0.393103 0.695386 -0.001158
v 0.463123 0.610067 -0.072332
v 0.463123 0.610067 -0.001158
v 0.515152 0.512726 -0.072332
v 0.515152 0.512726 -0.001158
v 0.547192 0.407106 -0.072332
v 0.547192 0.407106 -0.001158
v 0.558010 0.297265 -0.072332
v 0.558010 0.297265 -0.001158
v 0.547192 0.187424 -0.072332
v 0.547192 0.187424 -0.001158
v 0.515152 0.081804 -0.072332
v 0.515152 0.081804 -0.001158
v 0.463123 -0.015536 -0.072332
v 0.463123 -0.015536 -0.001158
v 0.393103 -0.100856 -0.072332
v 0.393103 -0.100856 -0.001158
v 0.307784 -0.170875 -0.072332
v 0.307784 -0.170875 -0.001158
v 0.210444 -0.222905 -0.072332
v 0.210444 -0.222905 -0.001158
v 0.104824 -0.254944 -0.072332
v 0.104824 -0.254944 -0.001158
v -0.005018 -0.265763 -0.072332
v -0.005018 -0.265763 -0.001158
v -0.114859 -0.254944 -0.072332
v -0.114859 -0.254944 -0.001158
v -0.220479 -0.222905 -0.072332
v -0.220479 -0.222905 -0.001158
v -0.317819 -0.170875 -0.072332
v -0.317819 -0.170875 -0.001158
v -0.403138 -0.100856 -0.072332
v -0.403138 -0.100856 -0.001158
v -0.473158 -0.015536 -0.072332
v -0.473158 -0.015536 -0.001158
v -0.525187 0.081804 -0.072332
v -0.525187 0.081804 -0.001158
v -0.557227 0.187424 -0.072332
v -0.557227 0.187424 -0.001158
v -0.568045 0.297265 -0.072332
v -0.568045 0.297265 -0.001158
v -0.557227 0.407106 -0.072332
v -0.557227 0.407106 -0.001158
v -0.525187 0.512726 -0.072332
v -0.525187 0.512726 -0.001158
v -0.473158 0.610067 -0.072332
v -0.473158 0.610067 -0.001158
v -0.403138 0.695386 -0.072332
v -0.403138 0.695386 -0.001158
v -0.317819 0.765406 -0.072332
v -0.317819 0.765406 -0.001158
v -0.220479 0.817435 -0.072332
v -0.220479 0.817435 -0.001158
v -0.114859 0.849474 -0.072332
v -0.114859 0.849474 -0.001158
v 0.348479 0.068448 0.074009
v 0.348664 0.066388 0.074009
v 0.348902 0.064328 0.074009
v 0.349192 0.062269 0.074009
v 0.349536 0.060209 0.074009
v 0.349932 0.058149 0.074009
v 0.350381 0.056089 0.074009
v 0.350883 0.054030 0.074009
v 0.351437 0.051970 0.074009
v 0.352044 0.049910 0.074009
v 0.352705 0.047850 0.074009
v 0.353418 0.045790 0.074009
v 0.354183 0.043731 0.074009
v 0.354599 0.042740 0.074009
v 0.354896 0.041671 0.074009
v 0.355075 0.040522 0.074009
v 0.355134 0.039294 0.074009
v 0.355075 0.037987 0.074009
v 0.354896 0.036601 0.074009
v 0.354599 0.035135 0.074009
v 0.354183 0.033590 0.074009
v 0.353649 0.031966 0.074009
v 0.352995 0.030263 0.074009
v 0.352223 0.028480 0.074009
v 0.351332 0.026619 0.074009
v 0.349592 0.026480 0.074009
v 0.347859 0.026381 0.074009
v 0.346133 0.026322 0.074009
v 0.344413 0.026302 0.074009
v 0.342700 0.026322 0.074009
v 0.340993 0.026381 0.074009
v 0.339293 0.026480 0.074009
v 0.337600 0.026619 0.074009
v 0.335913 0.026797 0.074009
v 0.334233 0.027015 0.074009
v 0.332559 0.027272 0.074009
v 0.330892 0.027569 0.074009
v 0.329232 0.027886 0.074009
v 0.327578 0.028203 0.074009
v 0.325931 0.028520 0.074009
v 0.324290 0.028837 0.074009
v 0.322656 0.029154 0.074009
v 0.321029 0.029471 0.074009
v 0.319408 0.029788 0.074009
v 0.317794 0.030104 0.074009
v 0.316187 0.030421 0.074009
v 0.314586 0.030738 0.074009
v 0.312991 0.031055 0.074009
v 0.311404 0.031372 0.074009
v 0.308789 0.030444 0.074009
v 0.306333 0.029563 0.074009
v 0.304036 0.028728 0.074009
v 0.301897 0.027939 0.074009
v 0.299916 0.027196 0.074009
v 0.298094 0.026500 0.074009
v 0.296431 0.025850 0.074009
v 0.294925 0.025245 0.074009
v 0.293579 0.024688 0.074009
v 0.292390 0.024176 0.074009
v 0.291360 0.023711 0.074009
v 0.290489 0.023291 0.074009
v 0.289693 0.022915 0.074009
v 0.288891 0.022578 0.074009
v 0.288083 0.022281 0.074009
v 0.287267 0.022024 0.074009
v 0.286445 0.021806 0.074009
v 0.285617 0.021628 0.074009
v 0.284782 0.021489 0.074009
v 0.283940 0.021390 0.074009
v 0.283092 0.021331 0.074009
v 0.282237 0.021311 0.074009
v 0.281375 0.021331 0.074009
v 0.280507 0.021390 0.074009
v 0.279573 0.021466 0.074009
v 0.278513 0.021535 0.074009
v 0.277328 0.021598 0.074009
v 0.276018 0.021654 0.074009
v 0.274582 0.021704 0.074009
v 0.273021 0.021746 0.074009
v 0.271334 0.021783 0.074009
v 0.269521 0.021812 0.074009
v 0.267584 0.021836 0.074009
v 0.265521 0.021852 0.074009
v 0.263332 0.021862 0.074009
v 0.261018 0.021865 0.074009
v 0.260391 0.021697 0.074009
v 0.259777 0.021509 0.074009
v 0.259176 0.021301 0.074009
v 0.258589 0.021073 0.074009
v 0.258014 0.020826 0.074009
v 0.257453 0.020558 0.074009
v 0.256905 0.020271 0.074009
v 0.256371 0.019964 0.074009
v 0.255849 0.019637 0.074009
v 0.255341 0.019291 0.074009
v 0.254846 0.018924 0.074009
v 0.254364 0.018538 0.074009
v 0.253875 0.018145 0.074009
v 0.253360 0.017759 0.074009
v 0.252819 0.017379 0.074009
v 0.252251 0.017006 0.074009
v 0.251657 0.016640 0.074009
v 0.251036 0.016280 0.074009
v 0.250389 0.015927 0.074009
v 0.249716 0.015580 0.074009
v 0.249016 0.015240 0.074009
v 0.248290 0.014907 0.074009
v 0.247537 0.014580 0.074009
v 0.246758 0.014260 0.074009
v 0.246755 0.014257 0.074009
v 0.246745 0.014247 0.074009
v 0.246729 0.014230 0.074009
v 0.246706 0.014207 0.074009
v 0.246676 0.014177 0.074009
v 0.246639 0.014141 0.074009
v 0.246597 0.014098 0.074009
v 0.246547 0.014049 0.074009
v 0.246491 0.013993 0.074009
v 0.246428 0.013930 0.074009
v 0.246359 0.013861 0.074009
v 0.246283 0.013785 0.074009
v 0.246194 0.013709 0.074009
v 0.246085 0.013639 0.074009
v 0.245956 0.013577 0.074009
v 0.245808 0.013521 0.074009
v 0.245639 0.013471 0.074009
v 0.245451 0.013428 0.074009
v 0.245243 0.013392 0.074009
v 0.245015 0.013362 0.074009
v 0.244768 0.013339 0.074009
v 0.244501 0.013323 0.074009
v 0.244213 0.013313 0.074009
v 0.243906 0.013309 0.074009
v 0.242002 0.013303 0.074009
v 0.240090 0.013283 0.074009
v 0.238173 0.013250 0.074009
v 0.236248 0.013204 0.074009
v 0.234317 0.013144 0.074009
v 0.232379 0.013072 0.074009
v 0.230435 0.012986 0.074009
v 0.228484 0.012887 0.074009
v 0.226527 0.012775 0.074009
v 0.224563 0.012649 0.074009
v 0.222592 0.012510 0.074009
v 0.220615 0.012359 0.074009
v 0.218638 0.012207 0.074009
v 0.216667 0.012068 0.074009
v 0.214703 0.011943 0.074009
v 0.212746 0.011831 0.074009
v 0.210795 0.011731 0.074009
v 0.208851 0.011646 0.074009
v 0.206913 0.011573 0.074009
v 0.204982 0.011514 0.074009
v 0.203057 0.011467 0.074009
v 0.201140 0.011434 0.074009
v 0.199228 0.011415 0.074009
v 0.197324 0.011408 0.074009
v 0.196248 0.012646 0.074009
v 0.195238 0.013824 0.074009
v 0.194293 0.014943 0.074009
v 0.193415 0.016003 0.074009
v 0.192603 0.017003 0.074009
v 0.191857 0.017944 0.074009
v 0.191177 0.018825 0.074009
v 0.190563 0.019647 0.074009
v 0.190015 0.020410 0.074009
v 0.189534 0.021113 0.074009
v 0.189118 0.021756 0.074009
v 0.188768 0.022341 0.074009
v 0.188438 0.022965 0.074009
v 0.188081 0.023727 0.074009
v 0.187698 0.024628 0.074009
v 0.187289 0.025668 0.074009
v 0.186853 0.026846 0.074009
v 0.186391 0.028163 0.074009
v 0.185903 0.029619 0.074009
v 0.185388 0.031214 0.074009
v 0.184846 0.032946 0.074009
v 0.184278 0.034818 0.074009
v 0.183684 0.036828 0.074009
v 0.183064 0.038977 0.074009
v 0.182555 0.040113 0.074009
v 0.181981 0.041301 0.074009
v 0.181341 0.042542 0.074009
v 0.180634 0.043836 0.074009
v 0.179862 0.045183 0.074009
v 0.179023 0.046583 0.074009
v 0.178119 0.048035 0.074009
v 0.177149 0.049540 0.074009
v 0.176112 0.051098 0.074009
v 0.175009 0.052709 0.074009
v 0.173841 0.054373 0.074009
v 0.172606 0.056089 0.074009
v 0.170547 0.058225 0.074009
v 0.168487 0.060512 0.074009
v 0.166427 0.062952 0.074009
v 0.164367 0.065543 0.074009
v 0.162308 0.068286 0.074009
v 0.160248 0.071181 0.074009
v 0.158188 0.074228 0.074009
v 0.156128 0.077426 0.074009
v 0.154068 0.080777 0.074009
v 0.152009 0.084279 0.074009
v 0.149949 0.087933 0.074009
v 0.147889 0.091739 0.074009
v 0.145862 0.095558 0.074009
v 0.143902 0.099252 0.074009
v 0.142007 0.102820 0.074009
v 0.140178 0.106263 0.074009
v 0.138415 0.109581 0.074009
v 0.136719 0.112773 0.074009
v 0.135088 0.115839 0.074009
v 0.133524 0.118780 0.074009
v 0.132025 0.121596 0.074009
v 0.130592 0.124286 0.074009
v 0.129226 0.126851 0.074009
v 0.127925 0.129290 0.074009
v 0.121271 0.135945 0.074009
v 0.120643 0.135932 0.074009
v 0.120029 0.135892 0.074009
v 0.119429 0.135826 0.074009
v 0.118841 0.135734 0.074009
v 0.118267 0.135615 0.074009
v 0.117705 0.135470 0.074009
v 0.117158 0.135298 0.074009
v 0.116623 0.135100 0.074009
v 0.116101 0.134876 0.074009
v 0.115593 0.134625 0.074009
v 0.115098 0.134347 0.074009
v 0.114616 0.134044 0.074009
v 0.111460 0.132123 0.074009
v 0.108331 0.130479 0.074009
v 0.105228 0.129112 0.074009
v 0.102152 0.128023 0.074009
v 0.099101 0.127211 0.074009
v 0.096078 0.126676 0.074009
v 0.093081 0.126419 0.074009
v 0.090110 0.126438 0.074009
v 0.087165 0.126736 0.074009
v 0.084247 0.127310 0.074009
v 0.081356 0.128162 0.074009
v 0.078491 0.129290 0.074009
v 0.076751 0.129898 0.074009
v 0.075018 0.130452 0.074009
v 0.073292 0.130954 0.074009
v 0.071572 0.131403 0.074009
v 0.069859 0.131799 0.074009
v 0.068152 0.132142 0.074009
v 0.066452 0.132433 0.074009
v 0.064759 0.132671 0.074009
v 0.063072 0.132855 0.074009
v 0.061392 0.132988 0.074009
v 0.059718 0.133067 0.074009
v 0.058051 0.133093 0.074009
v 0.056378 0.133093 0.074009
v 0.054684 0.133093 0.074009
v 0.052971 0.133093 0.074009
v 0.051238 0.133093 0.074009
v 0.049485 0.133093 0.074009
v 0.047713 0.133093 0.074009
v 0.045920 0.133093 0.074009
v 0.044108 0.133093 0.074009
v 0.042276 0.133093 0.074009
v 0.040424 0.133093 0.074009
v 0.038553 0.133093 0.074009
v 0.036661 0.133093 0.074009
v 0.035387 0.133235 0.074009
v 0.034100 0.133344 0.074009
v 0.032799 0.133420 0.074009
v 0.031485 0.133463 0.074009
v 0.030158 0.133473 0.074009
v 0.028818 0.133450 0.074009
v 0.027465 0.133394 0.074009
v 0.026098 0.133304 0.074009
v 0.024719 0.133182 0.074009
v 0.023326 0.133027 0.074009
v 0.021919 0.132839 0.074009
v 0.020500 0.132618 0.074009
v 0.019061 0.132390 0.074009
v 0.017595 0.132182 0.074009
v 0.016103 0.131994 0.074009
v 0.014585 0.131826 0.074009
v 0.013040 0.131677 0.074009
v 0.011469 0.131548 0.074009
v 0.009871 0.131439 0.074009
v 0.008247 0.131350 0.074009
v 0.006597 0.131281 0.074009
v 0.004920 0.131231 0.074009
v 0.003216 0.131202 0.074009
v 0.001487 0.131192 0.074009
v 0.000371 0.131198 0.074009
v -0.000758 0.131218 0.074009
v -0.001900 0.131251 0.074009
v -0.003055 0.131297 0.074009
v -0.004224 0.131357 0.074009
v -0.005406 0.131429 0.074009
v -0.006601 0.131515 0.074009
v -0.007809 0.131614 0.074009
v -0.009030 0.131727 0.074009
v -0.010265 0.131852 0.074009
v -0.011512 0.131991 0.074009
v -0.012773 0.132142 0.074009
v -0.014041 0.132294 0.074009
v -0.015308 0.132433 0.074009
v -0.016576 0.132558 0.074009
v -0.017844 0.132671 0.074009
v -0.019111 0.132770 0.074009
v -0.020379 0.132855 0.074009
v -0.021646 0.132928 0.074009
v -0.022914 0.132988 0.074009
v -0.024181 0.133034 0.074009
v -0.025449 0.133067 0.074009
v -0.026716 0.133087 0.074009
v -0.027984 0.133093 0.074009
v -0.029575 0.132773 0.074009
v -0.031179 0.132446 0.074009
v -0.032797 0.132113 0.074009
v -0.034427 0.131773 0.074009
v -0.036071 0.131426 0.074009
v -0.037728 0.131073 0.074009
v -0.039399 0.130713 0.074009
v -0.041082 0.130347 0.074009
v -0.042779 0.129974 0.074009
v -0.044489 0.129594 0.074009
v -0.046212 0.129208 0.074009
v -0.047948 0.128815 0.074009
v -0.049678 0.128403 0.074009
v -0.051381 0.127957 0.074009
v -0.053058 0.127478 0.074009
v -0.054708 0.126967 0.074009
v -0.056332 0.126422 0.074009
v -0.057930 0.125844 0.074009
v -0.059501 0.125234 0.074009
v -0.061046 0.124590 0.074009
v -0.062564 0.123913 0.074009
v -0.064056 0.123204 0.074009
v -0.065522 0.122461 0.074009
v -0.066961 0.121685 0.074009
v -0.068539 0.120919 0.074009
v -0.070104 0.120206 0.074009
v -0.071655 0.119546 0.074009
v -0.073193 0.118939 0.074009
v -0.074718 0.118384 0.074009
v -0.076230 0.117883 0.074009
v -0.077729 0.117434 0.074009
v -0.079214 0.117037 0.074009
v -0.080687 0.116694 0.074009
v -0.082145 0.116404 0.074009
v -0.083591 0.116166 0.074009
v -0.085024 0.115981 0.074009
v -0.086456 0.115823 0.074009
v -0.087902 0.115664 0.074009
v -0.089361 0.115506 0.074009
v -0.090834 0.115347 0.074009
v -0.092319 0.115189 0.074009
v -0.093818 0.115030 0.074009
v -0.095329 0.114872 0.074009
v -0.096854 0.114714 0.074009
v -0.098393 0.114555 0.074009
v -0.099944 0.114397 0.074009
v -0.101509 0.114238 0.074009
v -0.103087 0.114080 0.074009
v -0.105301 0.114057 0.074009
v -0.107510 0.113987 0.074009
v -0.109711 0.113872 0.074009
v -0.111907 0.113710 0.074009
v -0.114095 0.113502 0.074009
v -0.116277 0.113248 0.074009
v -0.118452 0.112948 0.074009
v -0.120621 0.112601 0.074009
v -0.122783 0.112208 0.074009
v -0.124939 0.111769 0.074009
v -0.127088 0.111284 0.074009
v -0.129230 0.110753 0.074009
v -0.131372 0.110195 0.074009
v -0.133521 0.109630 0.074009
v -0.135677 0.109059 0.074009
v -0.137839 0.108481 0.074009
v -0.140007 0.107897 0.074009
v -0.142183 0.107306 0.074009
v -0.144365 0.106709 0.074009
v -0.146553 0.106105 0.074009
v -0.148748 0.105494 0.074009
v -0.150950 0.104877 0.074009
v -0.153158 0.104253 0.074009
v -0.155373 0.103623 0.074009
v -0.155858 0.103457 0.074009
v -0.156363 0.103279 0.074009
v -0.156888 0.103088 0.074009
v -0.157433 0.102883 0.074009
v -0.157997 0.102665 0.074009
v -0.158582 0.102434 0.074009
v -0.159186 0.102190 0.074009
v -0.159810 0.101932 0.074009
v -0.160453 0.101662 0.074009
v -0.161117 0.101378 0.074009
v -0.161800 0.101081 0.074009
v -0.162503 0.100771 0.074009
v -0.163200 0.100434 0.074009
v -0.163863 0.100058 0.074009
v -0.164494 0.099642 0.074009
v -0.165091 0.099186 0.074009
v -0.165656 0.098691 0.074009
v -0.166187 0.098156 0.074009
v -0.166685 0.097582 0.074009
v -0.167151 0.096968 0.074009
v -0.167583 0.096314 0.074009
v -0.167983 0.095621 0.074009
v -0.168349 0.094888 0.074009
v -0.168682 0.094116 0.074009
v -0.168686 0.093010 0.074009
v -0.168696 0.091911 0.074009
v -0.168712 0.090818 0.074009
v -0.168735 0.089732 0.074009
v -0.168765 0.088653 0.074009
v -0.168801 0.087580 0.074009
v -0.168844 0.086514 0.074009
v -0.168894 0.085454 0.074009
v -0.168950 0.084401 0.074009
v -0.169013 0.083355 0.074009
v -0.169082 0.082315 0.074009
v -0.169158 0.081282 0.074009
v -0.169234 0.080242 0.074009
v -0.169303 0.079182 0.074009
v -0.169366 0.078103 0.074009
v -0.169422 0.077004 0.074009
v -0.169471 0.075885 0.074009
v -0.169514 0.074746 0.074009
v -0.169551 0.073587 0.074009
v -0.169580 0.072409 0.074009
v -0.169603 0.071211 0.074009
v -0.169620 0.069993 0.074009
v -0.169630 0.068755 0.074009
v -0.169633 0.067497 0.074009
v -0.170247 0.065741 0.074009
v -0.170821 0.063959 0.074009
v -0.171356 0.062150 0.074009
v -0.171851 0.060314 0.074009
v -0.172307 0.058453 0.074009
v -0.172723 0.056565 0.074009
v -0.173099 0.054650 0.074009
v -0.173436 0.052709 0.074009
v -0.173733 0.050742 0.074009
v -0.173990 0.048748 0.074009
v -0.174208 0.046728 0.074009
v -0.174386 0.044681 0.074009
v -0.175367 0.041866 0.074009
v -0.176407 0.039123 0.074009
v -0.177506 0.036452 0.074009
v -0.178664 0.033854 0.074009
v -0.179882 0.031329 0.074009
v -0.181160 0.028876 0.074009
v -0.182497 0.026496 0.074009
v -0.183893 0.024189 0.074009
v -0.185349 0.021954 0.074009
v -0.186864 0.019792 0.074009
v -0.188438 0.017703 0.074009
v -0.190072 0.015686 0.074009
v -0.191739 0.013702 0.074009
v -0.193413 0.011712 0.074009
v -0.195093 0.009715 0.074009
v -0.196780 0.007711 0.074009
v -0.198473 0.005701 0.074009
v -0.200173 0.003684 0.074009
v -0.201880 0.001660 0.074009
v -0.203593 -0.000370 0.074009
v -0.205313 -0.002406 0.074009
v -0.207039 -0.004450 0.074009
v -0.208772 -0.006500 0.074009
v -0.210512 -0.008556 0.074009
v -0.211449 -0.008546 0.074009
v -0.212360 -0.008516 0.074009
v -0.213245 -0.008467 0.074009
v -0.214103 -0.008398 0.074009
v -0.214935 -0.008308 0.074009
v -0.215740 -0.008199 0.074009
v -0.216519 -0.008071 0.074009
v -0.217272 -0.007922 0.074009
v -0.217998 -0.007754 0.074009
v -0.218698 -0.007566 0.074009
v -0.219371 -0.007358 0.074009
v -0.220018 -0.007130 0.074009
v -0.220659 -0.006902 0.074009
v -0.221312 -0.006694 0.074009
v -0.221979 -0.006506 0.074009
v -0.222659 -0.006338 0.074009
v -0.223352 -0.006189 0.074009
v -0.224059 -0.006061 0.074009
v -0.224778 -0.005952 0.074009
v -0.225511 -0.005862 0.074009
v -0.226257 -0.005793 0.074009
v -0.227016 -0.005744 0.074009
v -0.227789 -0.005714 0.074009
v -0.228574 -0.005704 0.074009
v -0.229211 -0.005714 0.074009
v -0.229855 -0.005744 0.074009
v -0.230505 -0.005793 0.074009
v -0.231162 -0.005862 0.074009
v -0.231826 -0.005952 0.074009
v -0.232496 -0.006061 0.074009
v -0.233173 -0.006189 0.074009
v -0.233856 -0.006338 0.074009
v -0.234546 -0.006506 0.074009
v -0.235242 -0.006694 0.074009
v -0.235945 -0.006902 0.074009
v -0.236655 -0.007130 0.074009
v -0.237371 -0.007364 0.074009
v -0.238094 -0.007592 0.074009
v -0.238824 -0.007813 0.074009
v -0.239560 -0.008028 0.074009
v -0.240303 -0.008236 0.074009
v -0.241052 -0.008437 0.074009
v -0.241808 -0.008632 0.074009
v -0.242570 -0.008820 0.074009
v -0.243339 -0.009002 0.074009
v -0.244115 -0.009177 0.074009
v -0.244897 -0.009345 0.074009
v -0.245686 -0.009507 0.074009
v -0.247911 -0.009619 0.074009
v -0.250149 -0.009639 0.074009
v -0.252400 -0.009566 0.074009
v -0.254665 -0.009401 0.074009
v -0.256942 -0.009144 0.074009
v -0.259233 -0.008794 0.074009
v -0.261537 -0.008351 0.074009
v -0.263855 -0.007817 0.074009
v -0.266185 -0.007189 0.074009
v -0.268529 -0.006470 0.074009
v -0.270886 -0.005658 0.074009
v -0.273256 -0.004753 0.074009
v -0.273563 -0.004605 0.074009
v -0.273850 -0.004476 0.074009
v -0.274117 -0.004367 0.074009
v -0.274365 -0.004278 0.074009
v -0.274592 -0.004209 0.074009
v -0.274800 -0.004159 0.074009
v -0.274989 -0.004129 0.074009
v -0.275157 -0.004120 0.074009
v -0.275306 -0.004129 0.074009
v -0.275434 -0.004159 0.074009
v -0.275543 -0.004209 0.074009
v -0.275632 -0.004278 0.074009
v -0.275721 -0.004354 0.074009
v -0.275830 -0.004423 0.074009
v -0.275959 -0.004486 0.074009
v -0.276108 -0.004542 0.074009
v -0.276276 -0.004592 0.074009
v -0.276464 -0.004634 0.074009
v -0.276672 -0.004671 0.074009
v -0.276900 -0.004701 0.074009
v -0.277147 -0.004724 0.074009
v -0.277415 -0.004740 0.074009
v -0.277702 -0.004750 0.074009
v -0.278009 -0.004753 0.074009
v -0.283713 -0.004753 0.074009
v -0.286565 -0.003803 0.074009
v -0.286730 -0.003502 0.074009
v -0.286908 -0.003235 0.074009
v -0.287100 -0.003001 0.074009
v -0.287304 -0.002799 0.074009
v -0.287522 -0.002631 0.074009
v -0.287753 -0.002495 0.074009
v -0.287998 -0.002393 0.074009
v -0.288255 -0.002324 0.074009
v -0.288526 -0.002288 0.074009
v -0.288810 -0.002284 0.074009
v -0.289107 -0.002314 0.074009
v -0.289417 -0.002377 0.074009
v -0.289767 -0.002446 0.074009
v -0.290183 -0.002495 0.074009
v -0.290665 -0.002525 0.074009
v -0.291213 -0.002535 0.074009
v -0.291827 -0.002525 0.074009
v -0.292507 -0.002495 0.074009
v -0.293253 -0.002446 0.074009
v -0.294065 -0.002377 0.074009
v -0.294943 -0.002288 0.074009
v -0.295887 -0.002179 0.074009
v -0.296897 -0.002050 0.074009
v -0.297973 -0.001901 0.074009
v -0.299075 -0.001446 0.074009
v -0.300165 -0.001030 0.074009
v -0.301241 -0.000654 0.074009
v -0.302304 -0.000317 0.074009
v -0.303353 -0.000020 0.074009
v -0.304390 0.000238 0.074009
v -0.305413 0.000456 0.074009
v -0.306423 0.000634 0.074009
v -0.307420 0.000772 0.074009
v -0.308404 0.000871 0.074009
v -0.309374 0.000931 0.074009
v -0.310332 0.000951 0.074009
v -0.311266 0.000951 0.074009
v -0.312167 0.000951 0.074009
v -0.313035 0.000951 0.074009
v -0.313870 0.000951 0.074009
v -0.314672 0.000951 0.074009
v -0.315441 0.000951 0.074009
v -0.316177 0.000951 0.074009
v -0.316881 0.000951 0.074009
v -0.317551 0.000951 0.074009
v -0.318188 0.000951 0.074009
v -0.318792 0.000951 0.074009
v -0.319363 0.000951 0.074009
v -0.319934 0.000957 0.074009
v -0.320538 0.000977 0.074009
v -0.321175 0.001010 0.074009
v -0.321845 0.001056 0.074009
v -0.322548 0.001116 0.074009
v -0.323284 0.001188 0.074009
v -0.324053 0.001274 0.074009
v -0.324856 0.001373 0.074009
v -0.325691 0.001485 0.074009
v -0.326559 0.001611 0.074009
v -0.327460 0.001750 0.074009
v -0.328394 0.001901 0.074009
v -0.328734 0.002056 0.074009
v -0.329120 0.002205 0.074009
v -0.329553 0.002347 0.074009
v -0.330031 0.002482 0.074009
v -0.330556 0.002611 0.074009
v -0.331127 0.002733 0.074009
v -0.331745 0.002849 0.074009
v -0.332408 0.002958 0.074009
v -0.333118 0.003060 0.074009
v -0.333874 0.003156 0.074009
v -0.334676 0.003245 0.074009
v -0.335524 0.003327 0.074009
v -0.336399 0.003423 0.074009
v -0.337280 0.003552 0.074009
v -0.338168 0.003714 0.074009
v -0.339063 0.003908 0.074009
v -0.339964 0.004136 0.074009
v -0.340872 0.004397 0.074009
v -0.341786 0.004691 0.074009
v -0.342707 0.005017 0.074009
v -0.343635 0.005377 0.074009
v -0.344569 0.005770 0.074009
v -0.345509 0.006196 0.074009
v -0.346457 0.006655 0.074009
v -0.346926 0.006803 0.074009
v -0.347381 0.006932 0.074009
v -0.347823 0.007041 0.074009
v -0.348253 0.007130 0.074009
v -0.348668 0.007199 0.074009
v -0.349071 0.007249 0.074009
v -0.349461 0.007279 0.074009
v -0.349837 0.007288 0.074009
v -0.350200 0.007279 0.074009
v -0.350550 0.007249 0.074009
v -0.350887 0.007199 0.074009
v -0.351210 0.007130 0.074009
v -0.351547 0.007061 0.074009
v -0.351923 0.007011 0.074009
v -0.352339 0.006981 0.074009
v -0.352795 0.006972 0.074009
v -0.353290 0.006981 0.074009
v -0.353824 0.007011 0.074009
v -0.354399 0.007061 0.074009
v -0.355013 0.007130 0.074009
v -0.355666 0.007219 0.074009
v -0.356360 0.007328 0.074009
v -0.357092 0.007457 0.074009
v -0.357865 0.007605 0.074009
v -0.360717 0.008556 0.074009
v -0.363569 0.008556 0.074009
v -0.365470 0.009507 0.074009
v -0.365147 0.012355 0.074009
v -0.364810 0.015197 0.074009
v -0.364460 0.018033 0.074009
v -0.364097 0.020862 0.074009
v -0.363721 0.023684 0.074009
v -0.363331 0.026500 0.074009
v -0.362928 0.029309 0.074009
v -0.362513 0.032111 0.074009
v -0.362083 0.034907 0.074009
v -0.361641 0.037697 0.074009
v -0.361186 0.040479 0.074009
v -0.360717 0.043255 0.074009
v -0.360195 0.046018 0.074009
v -0.359581 0.048761 0.074009
v -0.358875 0.051484 0.074009
v -0.358076 0.054188 0.074009
v -0.357185 0.056872 0.074009
v -0.356201 0.059535 0.074009
v -0.355125 0.062179 0.074009
v -0.353957 0.064804 0.074009
v -0.352696 0.067408 0.074009
v -0.351342 0.069993 0.074009
v -0.349896 0.072558 0.074009
v -0.348358 0.075103 0.074009
v -0.348045 0.075885 0.074009
v -0.347738 0.076647 0.074009
v -0.347437 0.077390 0.074009
v -0.347143 0.078113 0.074009
v -0.346856 0.078816 0.074009
v -0.346576 0.079499 0.074009
v -0.346302 0.080163 0.074009
v -0.346034 0.080807 0.074009
v -0.345774 0.081430 0.074009
v -0.345519 0.082035 0.074009
v -0.345272 0.082619 0.074009
v -0.345031 0.083183 0.074009
v -0.344803 0.083748 0.074009
v -0.344595 0.084332 0.074009
v -0.344407 0.084936 0.074009
v -0.344239 0.085560 0.074009
v -0.344090 0.086204 0.074009
v -0.343961 0.086867 0.074009
v -0.343852 0.087550 0.074009
v -0.343763 0.088253 0.074009
v -0.343694 0.088976 0.074009
v -0.343644 0.089719 0.074009
v -0.343615 0.090482 0.074009
v -0.343605 0.091264 0.074009
v -0.340753 0.111228 0.074009
v -0.340119 0.112344 0.074009
v -0.339485 0.113472 0.074009
v -0.338852 0.114615 0.074009
v -0.338218 0.115770 0.074009
v -0.337584 0.116938 0.074009
v -0.336950 0.118120 0.074009
v -0.336316 0.119315 0.074009
v -0.335683 0.120523 0.074009
v -0.335049 0.121745 0.074009
v -0.334415 0.122979 0.074009
v -0.333781 0.124227 0.074009
v -0.333148 0.125488 0.074009
v -0.332514 0.126736 0.074009
v -0.331880 0.127944 0.074009
v -0.331246 0.129112 0.074009
v -0.330612 0.130241 0.074009
v -0.329979 0.131330 0.074009
v -0.329345 0.132380 0.074009
v -0.328711 0.133390 0.074009
v -0.328077 0.134361 0.074009
v -0.327444 0.135292 0.074009
v -0.326810 0.136183 0.074009
v -0.326176 0.137034 0.074009
v -0.325542 0.137846 0.074009
v -0.325252 0.138959 0.074009
v -0.325014 0.140078 0.074009
v -0.324829 0.141204 0.074009
v -0.324697 0.142336 0.074009
v -0.324618 0.143475 0.074009
v -0.324592 0.144620 0.074009
v -0.324618 0.145772 0.074009
v -0.324697 0.146931 0.074009
v -0.324829 0.148096 0.074009
v -0.325014 0.149268 0.074009
v -0.325252 0.150446 0.074009
v -0.325542 0.151631 0.074009
v -0.325813 0.152810 0.074009
v -0.325991 0.153968 0.074009
v -0.326077 0.155107 0.074009
v -0.326070 0.156226 0.074009
v -0.325971 0.157325 0.074009
v -0.325780 0.158405 0.074009
v -0.325496 0.159464 0.074009
v -0.325120 0.160504 0.074009
v -0.324651 0.161524 0.074009
v -0.324090 0.162524 0.074009
v -0.323436 0.163505 0.074009
v -0.322690 0.164465 0.074009
v -0.322080 0.165419 0.074009
v -0.321515 0.166380 0.074009
v -0.320997 0.167347 0.074009
v -0.320525 0.168321 0.074009
v -0.320099 0.169301 0.074009
v -0.319719 0.170288 0.074009
v -0.319386 0.171282 0.074009
v -0.319099 0.172282 0.074009
v -0.318858 0.173288 0.074009
v -0.318663 0.174302 0.074009
v -0.318515 0.175322 0.074009
v -0.318412 0.176348 0.074009
v -0.318297 0.177362 0.074009
v -0.318109 0.178342 0.074009
v -0.317848 0.179290 0.074009
v -0.317514 0.180204 0.074009
v -0.317108 0.181085 0.074009
v -0.316630 0.181934 0.074009
v -0.316078 0.182749 0.074009
v -0.315455 0.183531 0.074009
v -0.314758 0.184281 0.074009
v -0.313989 0.184997 0.074009
v -0.313147 0.185680 0.074009
v -0.312233 0.186330 0.074009
v -0.311447 0.187912 0.074009
v -0.310675 0.189486 0.074009
v -0.309916 0.191054 0.074009
v -0.309170 0.192615 0.074009
v -0.308437 0.194170 0.074009
v -0.307717 0.195718 0.074009
v -0.307011 0.197260 0.074009
v -0.306318 0.198795 0.074009
v -0.305638 0.200323 0.074009
v -0.304971 0.201845 0.074009
v -0.304317 0.203360 0.074009
v -0.303677 0.204868 0.074009
v -0.303056 0.206377 0.074009
v -0.302462 0.207892 0.074009
v -0.301894 0.209414 0.074009
v -0.301353 0.210942 0.074009
v -0.300838 0.212477 0.074009
v -0.300350 0.214019 0.074009
v -0.299887 0.215567 0.074009
v -0.299452 0.217121 0.074009
v -0.299042 0.218683 0.074009
v -0.298660 0.220251 0.074009
v -0.298303 0.221825 0.074009
v -0.297973 0.223406 0.074009
v -0.297669 0.223585 0.074009
v -0.297392 0.223802 0.074009
v -0.297141 0.224060 0.074009
v -0.296917 0.224357 0.074009
v -0.296719 0.224694 0.074009
v -0.296547 0.225070 0.074009
v -0.296402 0.225486 0.074009
v -0.296283 0.225941 0.074009
v -0.296190 0.226437 0.074009
v -0.296124 0.226971 0.074009
v -0.296085 0.227546 0.074009
v -0.296072 0.228160 0.074009
v -0.295352 0.232378 0.074009
v -0.294461 0.236478 0.074009
v -0.293398 0.240459 0.074009
v -0.292163 0.244321 0.074009
v -0.290757 0.248064 0.074009
v -0.289179 0.251689 0.074009
v -0.287430 0.255194 0.074009
v -0.285509 0.258581 0.074009
v -0.283416 0.261849 0.074009
v -0.281151 0.264998 0.074009
v -0.278715 0.268028 0.074009
v -0.276108 0.270940 0.074009
v -0.276259 0.271877 0.074009
v -0.276398 0.272788 0.074009
v -0.276524 0.273673 0.074009
v -0.276636 0.274531 0.074009
v -0.276735 0.275363 0.074009
v -0.276821 0.276168 0.074009
v -0.276893 0.276947 0.074009
v -0.276953 0.277700 0.074009
v -0.276999 0.278426 0.074009
v -0.277032 0.279126 0.074009
v -0.277052 0.279799 0.074009
v -0.277058 0.280446 0.074009
v -0.277058 0.281073 0.074009
v -0.277058 0.281687 0.074009
v -0.277058 0.282288 0.074009
v -0.277058 0.282876 0.074009
v -0.277058 0.283450 0.074009
v -0.277058 0.284011 0.074009
v -0.277058 0.284559 0.074009
v -0.277058 0.285094 0.074009
v -0.277058 0.285615 0.074009
v -0.277058 0.286124 0.074009
v -0.277058 0.286619 0.074009
v -0.277058 0.287101 0.074009
v -0.276712 0.288355 0.074009
v -0.276306 0.289583 0.074009
v -0.275840 0.290785 0.074009
v -0.275315 0.291960 0.074009
v -0.274731 0.293109 0.074009
v -0.274087 0.294231 0.074009
v -0.273384 0.295327 0.074009
v -0.272622 0.296396 0.074009
v -0.271800 0.297439 0.074009
v -0.270919 0.298456 0.074009
v -0.269978 0.299446 0.074009
v -0.268978 0.300410 0.074009
v -0.267958 0.301354 0.074009
v -0.266957 0.302285 0.074009
v -0.265977 0.303203 0.074009
v -0.265017 0.304107 0.074009
v -0.264076 0.304998 0.074009
v -0.263155 0.305877 0.074009
v -0.262254 0.306741 0.074009
v -0.261372 0.307593 0.074009
v -0.260511 0.308431 0.074009
v -0.259669 0.309257 0.074009
v -0.258847 0.310069 0.074009
v -0.258045 0.310868 0.074009
v -0.256949 0.312132 0.074009
v -0.255880 0.313389 0.074009
v -0.254836 0.314641 0.074009
v -0.253820 0.315885 0.074009
v -0.252830 0.317123 0.074009
v -0.251866 0.318354 0.074009
v -0.250928 0.319579 0.074009
v -0.250017 0.320797 0.074009
v -0.249132 0.322008 0.074009
v -0.248274 0.323213 0.074009
v -0.247442 0.324411 0.074009
v -0.246637 0.325603 0.074009
v -0.245871 0.326801 0.074009
v -0.245158 0.328019 0.074009
v -0.244498 0.329257 0.074009
v -0.243891 0.330515 0.074009
v -0.243336 0.331792 0.074009
v -0.242834 0.333089 0.074009
v -0.242385 0.334406 0.074009
v -0.241989 0.335743 0.074009
v -0.241646 0.337100 0.074009
v -0.241356 0.338476 0.074009
v -0.241118 0.339873 0.074009
v -0.240933 0.341289 0.074009
v -0.240118 0.344279 0.074009
v -0.239256 0.347230 0.074009
v -0.238348 0.350142 0.074009
v -0.237394 0.353014 0.074009
v -0.236394 0.355846 0.074009
v -0.235348 0.358638 0.074009
v -0.234255 0.361391 0.074009
v -0.233116 0.364105 0.074009
v -0.231931 0.366779 0.074009
v -0.230700 0.369413 0.074009
v -0.229423 0.372007 0.074009
v -0.228099 0.374562 0.074009
v -0.226723 0.377091 0.074009
v -0.225287 0.379606 0.074009
v -0.223791 0.382108 0.074009
v -0.222237 0.384597 0.074009
v -0.220622 0.387073 0.074009
v -0.218949 0.389535 0.074009
v -0.217216 0.391984 0.074009
v -0.215423 0.394420 0.074009
v -0.213572 0.396843 0.074009
v -0.211660 0.399253 0.074009
v -0.209690 0.401649 0.074009
v -0.207660 0.404033 0.074009
v -0.206409 0.405782 0.074009
v -0.205191 0.407545 0.074009
v -0.204006 0.409321 0.074009
v -0.202854 0.411110 0.074009
v -0.201735 0.412912 0.074009
v -0.200649 0.414728 0.074009
v -0.199596 0.416556 0.074009
v -0.198576 0.418398 0.074009
v -0.197589 0.420253 0.074009
v -0.196635 0.422122 0.074009
v -0.195714 0.424003 0.074009
v -0.194826 0.425898 0.074009
v -0.193951 0.427799 0.074009
v -0.193070 0.429701 0.074009
v -0.192182 0.431602 0.074009
v -0.191287 0.433503 0.074009
v -0.190386 0.435405 0.074009
v -0.189478 0.437306 0.074009
v -0.188564 0.439207 0.074009
v -0.187643 0.441109 0.074009
v -0.186715 0.443010 0.074009
v -0.185781 0.444912 0.074009
v -0.184840 0.446813 0.074009
v -0.183893 0.448714 0.074009
v -0.183101 0.450308 0.074009
v -0.182309 0.451923 0.074009
v -0.181516 0.453556 0.074009
v -0.180724 0.455210 0.074009
v -0.179932 0.456884 0.074009
v -0.179140 0.458577 0.074009
v -0.178348 0.460290 0.074009
v -0.177555 0.462023 0.074009
v -0.176763 0.463776 0.074009
v -0.175971 0.465549 0.074009
v -0.175179 0.467341 0.074009
v -0.174386 0.469153 0.074009
v -0.173621 0.470972 0.074009
v -0.172908 0.472784 0.074009
v -0.172247 0.474590 0.074009
v -0.171640 0.476389 0.074009
v -0.171086 0.478181 0.074009
v -0.170584 0.479967 0.074009
v -0.170135 0.481746 0.074009
v -0.169739 0.483519 0.074009
v -0.169395 0.485285 0.074009
v -0.169105 0.487044 0.074009
v -0.168867 0.488797 0.074009
v -0.168682 0.490543 0.074009
v -0.167286 0.492563 0.074009
v -0.165949 0.494504 0.074009
v -0.164672 0.496366 0.074009
v -0.163454 0.498149 0.074009
v -0.162295 0.499852 0.074009
v -0.161196 0.501476 0.074009
v -0.160156 0.503021 0.074009
v -0.159176 0.504486 0.074009
v -0.158255 0.505873 0.074009
v -0.157393 0.507180 0.074009
v -0.156591 0.508408 0.074009
v -0.155848 0.509557 0.074009
v -0.155145 0.510682 0.074009
v -0.154462 0.511841 0.074009
v -0.153799 0.513032 0.074009
v -0.153155 0.514257 0.074009
v -0.152531 0.515515 0.074009
v -0.151927 0.516805 0.074009
v -0.151343 0.518129 0.074009
v -0.150778 0.519486 0.074009
v -0.150234 0.520876 0.074009
v -0.149709 0.522298 0.074009
v -0.149204 0.523754 0.074009
v -0.148718 0.525243 0.074009
v -0.148237 0.526817 0.074009
v -0.147741 0.528530 0.074009
v -0.147233 0.530382 0.074009
v -0.146712 0.532373 0.074009
v -0.146177 0.534502 0.074009
v -0.145629 0.536769 0.074009
v -0.145068 0.539176 0.074009
v -0.144493 0.541721 0.074009
v -0.143906 0.544404 0.074009
v -0.143305 0.547227 0.074009
v -0.142691 0.550188 0.074009
v -0.142064 0.553287 0.074009
v -0.141579 0.553604 0.074009
v -0.141074 0.553921 0.074009
v -0.140549 0.554238 0.074009
v -0.140004 0.554555 0.074009
v -0.139440 0.554872 0.074009
v -0.138855 0.555188 0.074009
v -0.138251 0.555505 0.074009
v -0.137627 0.555822 0.074009
v -0.136984 0.556139 0.074009
v -0.136320 0.556456 0.074009
v -0.135637 0.556773 0.074009
v -0.134934 0.557090 0.074009
v -0.134244 0.557427 0.074009
v -0.133600 0.557803 0.074009
v -0.133003 0.558219 0.074009
v -0.132452 0.558674 0.074009
v -0.131946 0.559169 0.074009
v -0.131488 0.559704 0.074009
v -0.131075 0.560279 0.074009
v -0.130709 0.560893 0.074009
v -0.130388 0.561546 0.074009
v -0.130114 0.562239 0.074009
v -0.129887 0.562972 0.074009
v -0.129705 0.563745 0.074009
v -0.129666 0.564517 0.074009
v -0.129547 0.565250 0.074009
v -0.129349 0.565943 0.074009
v -0.129071 0.566597 0.074009
v -0.128715 0.567211 0.074009
v -0.128279 0.567785 0.074009
v -0.127764 0.568320 0.074009
v -0.127170 0.568815 0.074009
v -0.126497 0.569270 0.074009
v -0.125744 0.569686 0.074009
v -0.124912 0.570063 0.074009
v -0.124001 0.570399 0.074009
v -0.122304 0.571535 0.074009
v -0.120700 0.572723 0.074009
v -0.119188 0.573964 0.074009
v -0.117769 0.575258 0.074009
v -0.116442 0.576605 0.074009
v -0.115208 0.578004 0.074009
v -0.114065 0.579457 0.074009
v -0.113016 0.580962 0.074009
v -0.112058 0.582520 0.074009
v -0.111194 0.584131 0.074009
v -0.110421 0.585795 0.074009
v -0.109741 0.587511 0.074009
v -0.109239 0.589086 0.074009
v -0.108685 0.590640 0.074009
v -0.108078 0.592175 0.074009
v -0.107417 0.593691 0.074009
v -0.106704 0.595186 0.074009
v -0.105939 0.596661 0.074009
v -0.105120 0.598117 0.074009
v -0.104248 0.599553 0.074009
v -0.103324 0.600969 0.074009
v -0.102347 0.602365 0.074009
v -0.101317 0.603742 0.074009
v -0.100235 0.605098 0.074009
v -0.099132 0.606435 0.074009
v -0.098043 0.607752 0.074009
v -0.096967 0.609050 0.074009
v -0.095904 0.610327 0.074009
v -0.094854 0.611585 0.074009
v -0.093818 0.612823 0.074009
v -0.092794 0.614041 0.074009
v -0.091784 0.615239 0.074009
v -0.090787 0.616417 0.074009
v -0.089804 0.617576 0.074009
v -0.088833 0.618715 0.074009
v -0.087876 0.619834 0.074009
v -0.086952 0.620791 0.074009
v -0.086080 0.621762 0.074009
v -0.085262 0.622745 0.074009
v -0.084496 0.623742 0.074009
v -0.083783 0.624752 0.074009
v -0.083123 0.625775 0.074009
v -0.082515 0.626812 0.074009
v -0.081961 0.627862 0.074009
v -0.081459 0.628924 0.074009
v -0.081010 0.630001 0.074009
v -0.080614 0.631090 0.074009
v -0.080271 0.632192 0.074009
v -0.079138 0.634873 0.074009
v -0.077960 0.637527 0.074009
v -0.076735 0.640154 0.074009
v -0.075464 0.642755 0.074009
v -0.074147 0.645330 0.074009
v -0.072784 0.647878 0.074009
v -0.071375 0.650400 0.074009
v -0.069919 0.652896 0.074009
v -0.068417 0.655365 0.074009
v -0.066869 0.657808 0.074009
v -0.065274 0.660224 0.074009
v -0.063634 0.662614 0.074009
v -0.061993 0.664984 0.074009
v -0.060399 0.667341 0.074009
v -0.058851 0.669684 0.074009
v -0.057349 0.672015 0.074009
v -0.055893 0.674332 0.074009
v -0.054484 0.676636 0.074009
v -0.053120 0.678927 0.074009
v -0.051803 0.681205 0.074009
v -0.050533 0.683469 0.074009
v -0.049308 0.685720 0.074009
v -0.048129 0.687958 0.074009
v -0.046997 0.690183 0.074009
v -0.046050 0.691097 0.074009
v -0.045109 0.691939 0.074009
v -0.044175 0.692708 0.074009
v -0.043247 0.693405 0.074009
v -0.042326 0.694029 0.074009
v -0.041412 0.694580 0.074009
v -0.040504 0.695059 0.074009
v -0.039603 0.695464 0.074009
v -0.038709 0.695798 0.074009
v -0.037821 0.696059 0.074009
v -0.036939 0.696247 0.074009
v -0.036065 0.696362 0.074009
v -0.035197 0.696438 0.074009
v -0.034335 0.696508 0.074009
v -0.033480 0.696570 0.074009
v -0.032632 0.696626 0.074009
v -0.031790 0.696676 0.074009
v -0.030955 0.696719 0.074009
v -0.030126 0.696755 0.074009
v -0.029304 0.696785 0.074009
v -0.028489 0.696808 0.074009
v -0.027680 0.696824 0.074009
v -0.026878 0.696834 0.074009
v -0.026083 0.696838 0.074009
v -0.023231 0.696838 0.074009
v -0.021171 0.696059 0.074009
v -0.019111 0.695306 0.074009
v -0.017051 0.694580 0.074009
v -0.014992 0.693880 0.074009
v -0.012932 0.693207 0.074009
v -0.010872 0.692560 0.074009
v -0.008812 0.691939 0.074009
v -0.006752 0.691345 0.074009
v -0.004693 0.690777 0.074009
v -0.002633 0.690236 0.074009
v -0.000573 0.689721 0.074009
v 0.001487 0.689232 0.074009
v 0.003055 0.689080 0.074009
v 0.004590 0.688942 0.074009
v 0.006091 0.688816 0.074009
v 0.007560 0.688704 0.074009
v 0.008996 0.688605 0.074009
v 0.010399 0.688519 0.074009
v 0.011769 0.688447 0.074009
v 0.013106 0.688387 0.074009
v 0.014410 0.688341 0.074009
v 0.015681 0.688308 0.074009
v 0.016919 0.688288 0.074009
v 0.018123 0.688282 0.074009
v 0.019295 0.688282 0.074009
v 0.020434 0.688282 0.074009
v 0.021540 0.688282 0.074009
v 0.022613 0.688282 0.074009
v 0.023652 0.688282 0.074009
v 0.024659 0.688282 0.074009
v 0.025633 0.688282 0.074009
v 0.026574 0.688282 0.074009
v 0.027481 0.688282 0.074009
v 0.028356 0.688282 0.074009
v 0.029198 0.688282 0.074009
v 0.030007 0.688282 0.074009
v 0.030637 0.688282 0.074009
v 0.031261 0.688282 0.074009
v 0.031878 0.688282 0.074009
v 0.032489 0.688282 0.074009
v 0.033093 0.688282 0.074009
v 0.033690 0.688282 0.074009
v 0.034281 0.688282 0.074009
v 0.034866 0.688282 0.074009
v 0.035443 0.688282 0.074009
v 0.036014 0.688282 0.074009
v 0.036579 0.688282 0.074009
v 0.037137 0.688282 0.074009
v 0.037688 0.688268 0.074009
v 0.038233 0.688229 0.074009
v 0.038771 0.688163 0.074009
v 0.039302 0.688070 0.074009
v 0.039827 0.687952 0.074009
v 0.040345 0.687806 0.074009
v 0.040857 0.687635 0.074009
v 0.041362 0.687437 0.074009
v 0.041860 0.687212 0.074009
v 0.042352 0.686961 0.074009
v 0.042837 0.686684 0.074009
v 0.043316 0.686380 0.074009
v 0.046016 0.685773 0.074009
v 0.048729 0.685218 0.074009
v 0.051456 0.684717 0.074009
v 0.054196 0.684268 0.074009
v 0.056949 0.683872 0.074009
v 0.059715 0.683528 0.074009
v 0.062494 0.683238 0.074009
v 0.065287 0.683000 0.074009
v 0.068093 0.682815 0.074009
v 0.070912 0.682683 0.074009
v 0.073744 0.682604 0.074009
v 0.076589 0.682578 0.074009
v 0.079428 0.682564 0.074009
v 0.082240 0.682525 0.074009
v 0.085026 0.682459 0.074009
v 0.087786 0.682366 0.074009
v 0.090519 0.682248 0.074009
v 0.093226 0.682102 0.074009
v 0.095906 0.681931 0.074009
v 0.098560 0.681733 0.074009
v 0.101188 0.681508 0.074009
v 0.103789 0.681257 0.074009
v 0.106364 0.680980 0.074009
v 0.108912 0.680676 0.074009
v 0.112348 0.678310 0.074009
v 0.115685 0.675963 0.074009
v 0.118924 0.673636 0.074009
v 0.122063 0.671328 0.074009
v 0.125103 0.669041 0.074009
v 0.128044 0.666773 0.074009
v 0.130886 0.664525 0.074009
v 0.133629 0.662297 0.074009
v 0.136273 0.660088 0.074009
v 0.138818 0.657900 0.074009
v 0.141264 0.655731 0.074009
v 0.143611 0.653582 0.074009
v 0.145879 0.651302 0.074009
v 0.148087 0.648737 0.074009
v 0.150236 0.645888 0.074009
v 0.152326 0.642755 0.074009
v 0.154356 0.639339 0.074009
v 0.156326 0.635639 0.074009
v 0.158238 0.631654 0.074009
v 0.160089 0.627386 0.074009
v 0.161882 0.622834 0.074009
v 0.163615 0.617998 0.074009
v 0.165288 0.612879 0.074009
v 0.166902 0.607475 0.074009
v 0.167071 0.607317 0.074009
v 0.167259 0.607158 0.074009
v 0.167467 0.607000 0.074009
v 0.167695 0.606841 0.074009
v 0.167942 0.606683 0.074009
v 0.168210 0.606525 0.074009
v 0.168497 0.606366 0.074009
v 0.168804 0.606208 0.074009
v 0.169131 0.606049 0.074009
v 0.169477 0.605891 0.074009
v 0.169844 0.605732 0.074009
v 0.170230 0.605574 0.074009
v 0.170616 0.605402 0.074009
v 0.170982 0.605204 0.074009
v 0.171329 0.604980 0.074009
v 0.171656 0.604729 0.074009
v 0.171963 0.604452 0.074009
v 0.172250 0.604148 0.074009
v 0.172517 0.603818 0.074009
v 0.172765 0.603461 0.074009
v 0.172993 0.603078 0.074009
v 0.173201 0.602669 0.074009
v 0.173389 0.602233 0.074009
v 0.173557 0.601771 0.074009
v 0.173877 0.601613 0.074009
v 0.174204 0.601454 0.074009
v 0.174537 0.601296 0.074009
v 0.174877 0.601137 0.074009
v 0.175224 0.600979 0.074009
v 0.175577 0.600821 0.074009
v 0.175937 0.600662 0.074009
v 0.176303 0.600504 0.074009
v 0.176676 0.600345 0.074009
v 0.177056 0.600187 0.074009
v 0.177442 0.600028 0.074009
v 0.177835 0.599870 0.074009
v 0.178234 0.599698 0.074009
v 0.178640 0.599500 0.074009
v 0.179053 0.599276 0.074009
v 0.179472 0.599025 0.074009
v 0.179898 0.598747 0.074009
v 0.180331 0.598444 0.074009
v 0.180770 0.598114 0.074009
v 0.181215 0.597757 0.074009
v 0.181667 0.597374 0.074009
v 0.182126 0.596965 0.074009
v 0.182592 0.596529 0.074009
v 0.183064 0.596067 0.074009
v 0.183532 0.595123 0.074009
v 0.183988 0.594192 0.074009
v 0.184430 0.593275 0.074009
v 0.184859 0.592370 0.074009
v 0.185275 0.591479 0.074009
v 0.185678 0.590601 0.074009
v 0.186068 0.589736 0.074009
v 0.186444 0.588884 0.074009
v 0.186807 0.588046 0.074009
v 0.187157 0.587221 0.074009
v 0.187494 0.586409 0.074009
v 0.187817 0.585610 0.074009
v 0.188134 0.584811 0.074009
v 0.188451 0.583999 0.074009
v 0.188768 0.583174 0.074009
v 0.189085 0.582335 0.074009
v 0.189401 0.581484 0.074009
v 0.189718 0.580619 0.074009
v 0.190035 0.579741 0.074009
v 0.190352 0.578850 0.074009
v 0.190669 0.577945 0.074009
v 0.190986 0.577027 0.074009
v 0.191303 0.576097 0.074009
v 0.191620 0.575153 0.074009
v 0.191950 0.574205 0.074009
v 0.192306 0.573264 0.074009
v 0.192689 0.572330 0.074009
v 0.193098 0.571403 0.074009
v 0.193534 0.570482 0.074009
v 0.193996 0.569567 0.074009
v 0.194485 0.568660 0.074009
v 0.195000 0.567758 0.074009
v 0.195541 0.566864 0.074009
v 0.196109 0.565976 0.074009
v 0.196703 0.565095 0.074009
v 0.197324 0.564220 0.074009
v 0.197964 0.563345 0.074009
v 0.198618 0.562464 0.074009
v 0.199284 0.561576 0.074009
v 0.199964 0.560681 0.074009
v 0.200658 0.559780 0.074009
v 0.201364 0.558872 0.074009
v 0.202084 0.557958 0.074009
v 0.202816 0.557037 0.074009
v 0.203562 0.556110 0.074009
v 0.204322 0.555175 0.074009
v 0.205094 0.554235 0.074009
v 0.205880 0.553287 0.074009
v 0.206372 0.551231 0.074009
v 0.206896 0.549181 0.074009
v 0.207454 0.547138 0.074009
v 0.208045 0.545101 0.074009
v 0.208669 0.543071 0.074009
v 0.209326 0.541047 0.074009
v 0.210016 0.539030 0.074009
v 0.210739 0.537020 0.074009
v 0.211495 0.535017 0.074009
v 0.212283 0.533020 0.074009
v 0.213105 0.531029 0.074009
v 0.213960 0.529045 0.074009
v 0.214782 0.527035 0.074009
v 0.215505 0.524965 0.074009
v 0.216129 0.522836 0.074009
v 0.216654 0.520648 0.074009
v 0.217080 0.518400 0.074009
v 0.217407 0.516092 0.074009
v 0.217634 0.513726 0.074009
v 0.217763 0.511299 0.074009
v 0.217793 0.508814 0.074009
v 0.217723 0.506269 0.074009
v 0.217555 0.503664 0.074009
v 0.217288 0.501001 0.074009
v 0.226794 0.488642 0.074009
v 0.226798 0.487685 0.074009
v 0.226808 0.486714 0.074009
v 0.226824 0.485731 0.074009
v 0.226847 0.484734 0.074009
v 0.226877 0.483724 0.074009
v 0.226913 0.482700 0.074009
v 0.226956 0.481664 0.074009
v 0.227006 0.480614 0.074009
v 0.227062 0.479551 0.074009
v 0.227124 0.478475 0.074009
v 0.227194 0.477386 0.074009
v 0.227270 0.476283 0.074009
v 0.227346 0.475174 0.074009
v 0.227415 0.474065 0.074009
v 0.227478 0.472956 0.074009
v 0.227534 0.471847 0.074009
v 0.227583 0.470738 0.074009
v 0.227626 0.469629 0.074009
v 0.227663 0.468520 0.074009
v 0.227692 0.467410 0.074009
v 0.227715 0.466301 0.074009
v 0.227732 0.465192 0.074009
v 0.227742 0.464083 0.074009
v 0.227745 0.462974 0.074009
v 0.228659 0.462324 0.074009
v 0.229501 0.461640 0.074009
v 0.230270 0.460924 0.074009
v 0.230967 0.460175 0.074009
v 0.231591 0.459393 0.074009
v 0.232142 0.458577 0.074009
v 0.232620 0.457729 0.074009
v 0.233026 0.456848 0.074009
v 0.233360 0.455933 0.074009
v 0.233621 0.454986 0.074009
v 0.233809 0.454006 0.074009
v 0.233924 0.452992 0.074009
v 0.234007 0.451959 0.074009
v 0.234096 0.450919 0.074009
v 0.234192 0.449873 0.074009
v 0.234294 0.448820 0.074009
v 0.234403 0.447760 0.074009
v 0.234518 0.446694 0.074009
v 0.234641 0.445621 0.074009
v 0.234769 0.444542 0.074009
v 0.234905 0.443456 0.074009
v 0.235047 0.442363 0.074009
v 0.235195 0.441264 0.074009
v 0.235350 0.440158 0.074009
v 0.235984 0.439363 0.074009
v 0.236618 0.438560 0.074009
v 0.237252 0.437752 0.074009
v 0.237885 0.436936 0.074009
v 0.238519 0.436114 0.074009
v 0.239153 0.435286 0.074009
v 0.239787 0.434451 0.074009
v 0.240420 0.433609 0.074009
v 0.241054 0.432761 0.074009
v 0.241688 0.431906 0.074009
v 0.242322 0.431044 0.074009
v 0.242956 0.430176 0.074009
v 0.243589 0.429308 0.074009
v 0.244223 0.428446 0.074009
v 0.244857 0.427591 0.074009
v 0.245491 0.426743 0.074009
v 0.246124 0.425901 0.074009
v 0.246758 0.425066 0.074009
v 0.247392 0.424238 0.074009
v 0.248026 0.423416 0.074009
v 0.248659 0.422600 0.074009
v 0.249293 0.421792 0.074009
v 0.249927 0.420990 0.074009
v 0.250561 0.420194 0.074009
v 0.250881 0.418626 0.074009
v 0.251208 0.417091 0.074009
v 0.251541 0.415589 0.074009
v 0.251881 0.414120 0.074009
v 0.252228 0.412684 0.074009
v 0.252581 0.411281 0.074009
v 0.252941 0.409912 0.074009
v 0.253307 0.408575 0.074009
v 0.253680 0.407271 0.074009
v 0.254060 0.406000 0.074009
v 0.254446 0.404762 0.074009
v 0.254839 0.403557 0.074009
v 0.255225 0.402366 0.074009
v 0.255592 0.401168 0.074009
v 0.255938 0.399963 0.074009
v 0.256265 0.398751 0.074009
v 0.256572 0.397533 0.074009
v 0.256859 0.396309 0.074009
v 0.257127 0.395077 0.074009
v 0.257374 0.393840 0.074009
v 0.257602 0.392595 0.074009
v 0.257810 0.391344 0.074009
v 0.257998 0.390086 0.074009
v 0.258166 0.388822 0.074009
v 0.258011 0.388030 0.074009
v 0.257863 0.387238 0.074009
v 0.257721 0.386445 0.074009
v 0.257585 0.385653 0.074009
v 0.257457 0.384861 0.074009
v 0.257335 0.384069 0.074009
v 0.257219 0.383276 0.074009
v 0.257110 0.382484 0.074009
v 0.257008 0.381692 0.074009
v 0.256912 0.380900 0.074009
v 0.256823 0.380108 0.074009
v 0.256740 0.379315 0.074009
v 0.256658 0.378517 0.074009
v 0.256569 0.377705 0.074009
v 0.256473 0.376879 0.074009
v 0.256371 0.376041 0.074009
v 0.256262 0.375189 0.074009
v 0.256146 0.374325 0.074009
v 0.256024 0.373446 0.074009
v 0.255895 0.372555 0.074009
v 0.255760 0.371651 0.074009
v 0.255618 0.370733 0.074009
v 0.255469 0.369802 0.074009
v 0.255314 0.368858 0.074009
v 0.255664 0.366973 0.074009
v 0.256080 0.365121 0.074009
v 0.256562 0.363303 0.074009
v 0.257110 0.361517 0.074009
v 0.257724 0.359764 0.074009
v 0.258404 0.358044 0.074009
v 0.259150 0.356358 0.074009
v 0.259962 0.354704 0.074009
v 0.260840 0.353083 0.074009
v 0.261784 0.351495 0.074009
v 0.262794 0.349941 0.074009
v 0.263870 0.348419 0.074009
v 0.264973 0.346910 0.074009
v 0.266062 0.345395 0.074009
v 0.267138 0.343874 0.074009
v 0.268201 0.342345 0.074009
v 0.269251 0.340810 0.074009
v 0.270287 0.339269 0.074009
v 0.271311 0.337721 0.074009
v 0.272321 0.336166 0.074009
v 0.273318 0.334604 0.074009
v 0.274301 0.333037 0.074009
v 0.275272 0.331462 0.074009
v 0.276229 0.329881 0.074009
v 0.277180 0.326075 0.074009
v 0.278130 0.322262 0.074009
v 0.279081 0.318443 0.074009
v 0.280032 0.314617 0.074009
v 0.280982 0.310785 0.074009
v 0.281933 0.306946 0.074009
v 0.282883 0.303100 0.074009
v 0.283834 0.299248 0.074009
v 0.284785 0.295390 0.074009
v 0.285735 0.291524 0.074009
v 0.286686 0.287652 0.074009
v 0.287637 0.283774 0.074009
v 0.288561 0.279888 0.074009
v 0.289433 0.275997 0.074009
v 0.290251 0.272098 0.074009
v 0.291017 0.268193 0.074009
v 0.291730 0.264282 0.074009
v 0.292390 0.260363 0.074009
v 0.292998 0.256439 0.074009
v 0.293552 0.252507 0.074009
v 0.294054 0.248569 0.074009
v 0.294503 0.244625 0.074009
v 0.294899 0.240673 0.074009
v 0.295242 0.236716 0.074009
v 0.297540 0.233850 0.074009
v 0.299679 0.230959 0.074009
v 0.301659 0.228041 0.074009
v 0.303481 0.225096 0.074009
v 0.305145 0.222126 0.074009
v 0.306650 0.219128 0.074009
v 0.307997 0.216105 0.074009
v 0.309185 0.213055 0.074009
v 0.310215 0.209978 0.074009
v 0.311087 0.206875 0.074009
v 0.311800 0.203746 0.074009
v 0.312354 0.200590 0.074009
v 0.312836 0.197415 0.074009
v 0.313331 0.194226 0.074009
v 0.313840 0.191024 0.074009
v 0.314361 0.187809 0.074009
v 0.314896 0.184581 0.074009
v 0.315444 0.181339 0.074009
v 0.316005 0.178085 0.074009
v 0.316579 0.174817 0.074009
v 0.317167 0.171536 0.074009
v 0.317768 0.168241 0.074009
v 0.318382 0.164934 0.074009
v 0.319009 0.161613 0.074009
v 0.319464 0.160194 0.074009
v 0.319880 0.158788 0.074009
v 0.320257 0.157395 0.074009
v 0.320593 0.156015 0.074009
v 0.320890 0.154648 0.074009
v 0.321148 0.153295 0.074009
v 0.321366 0.151955 0.074009
v 0.321544 0.150628 0.074009
v 0.321683 0.149314 0.074009
v 0.321782 0.148013 0.074009
v 0.321841 0.146726 0.074009
v 0.321861 0.145452 0.074009
v 0.321868 0.144171 0.074009
v 0.321887 0.142864 0.074009
v 0.321920 0.141530 0.074009
v 0.321967 0.140170 0.074009
v 0.322026 0.138784 0.074009
v 0.322099 0.137371 0.074009
v 0.322184 0.135932 0.074009
v 0.322283 0.134466 0.074009
v 0.322396 0.132974 0.074009
v 0.322521 0.131456 0.074009
v 0.322660 0.129911 0.074009
v 0.322812 0.128340 0.074009
v 0.323323 0.127198 0.074009
v 0.323907 0.125990 0.074009
v 0.324564 0.124715 0.074009
v 0.325294 0.123375 0.074009
v 0.326096 0.121969 0.074009
v 0.326971 0.120497 0.074009
v 0.327918 0.118959 0.074009
v 0.328938 0.117354 0.074009
v 0.330031 0.115684 0.074009
v 0.331196 0.113948 0.074009
v 0.332434 0.112145 0.074009
v 0.333744 0.110277 0.074009
v 0.335074 0.108415 0.074009
v 0.336372 0.106633 0.074009
v 0.337636 0.104930 0.074009
v 0.338867 0.103306 0.074009
v 0.340066 0.101761 0.074009
v 0.341231 0.100295 0.074009
v 0.342363 0.098909 0.074009
v 0.343462 0.097602 0.074009
v 0.344528 0.096374 0.074009
v 0.345562 0.095225 0.074009
v 0.346562 0.094155 0.074009
v 0.347529 0.093165 0.074009
v 0.347535 0.091105 0.074009
v 0.347555 0.089046 0.074009
v 0.347588 0.086986 0.074009
v 0.347634 0.084926 0.074009
v 0.347694 0.082866 0.074009
v 0.347767 0.080807 0.074009
v 0.347852 0.078747 0.074009
v 0.347951 0.076687 0.074009
v 0.348064 0.074627 0.074009
v 0.348189 0.072567 0.074009
v 0.348328 0.070508 0.074009
v 0.051872 0.285675 0.074009
v 0.053278 0.286114 0.074009
v 0.054645 0.286639 0.074009
v 0.055972 0.287249 0.074009
v 0.057259 0.287946 0.074009
v 0.058507 0.288728 0.074009
v 0.059715 0.289596 0.074009
v 0.060883 0.290550 0.074009
v 0.062012 0.291590 0.074009
v 0.063102 0.292716 0.074009
v 0.064151 0.293927 0.074009
v 0.065161 0.295224 0.074009
v 0.066132 0.296608 0.074009
v 0.065944 0.298020 0.074009
v 0.065696 0.299407 0.074009
v 0.065389 0.300767 0.074009
v 0.065023 0.302100 0.074009
v 0.064597 0.303407 0.074009
v 0.064112 0.304688 0.074009
v 0.063567 0.305943 0.074009
v 0.062963 0.307171 0.074009
v 0.062300 0.308372 0.074009
v 0.061577 0.309547 0.074009
v 0.060794 0.310696 0.074009
v 0.059953 0.311818 0.074009
v 0.059137 0.312934 0.074009
v 0.058434 0.314063 0.074009
v 0.057843 0.315205 0.074009
v 0.057365 0.316360 0.074009
v 0.056998 0.317529 0.074009
v 0.056744 0.318711 0.074009
v 0.056602 0.319905 0.074009
v 0.056573 0.321114 0.074009
v 0.056655 0.322335 0.074009
v 0.056850 0.323569 0.074009
v 0.057157 0.324817 0.074009
v 0.057576 0.326078 0.074009
v 0.056817 0.327679 0.074009
v 0.056123 0.329313 0.074009
v 0.055496 0.330980 0.074009
v 0.054935 0.332680 0.074009
v 0.054440 0.334413 0.074009
v 0.054011 0.336179 0.074009
v 0.053648 0.337978 0.074009
v 0.053351 0.339810 0.074009
v 0.053120 0.341675 0.074009
v 0.052955 0.343573 0.074009
v 0.052856 0.345504 0.074009
v 0.052823 0.347468 0.074009
v 0.052836 0.349373 0.074009
v 0.052875 0.351126 0.074009
v 0.052941 0.352727 0.074009
v 0.053034 0.354176 0.074009
v 0.053153 0.355473 0.074009
v 0.053298 0.356618 0.074009
v 0.053470 0.357612 0.074009
v 0.053668 0.358454 0.074009
v 0.053892 0.359144 0.074009
v 0.054143 0.359682 0.074009
v 0.054420 0.360068 0.074009
v 0.054724 0.360302 0.074009
v 0.054572 0.360639 0.074009
v 0.054433 0.361015 0.074009
v 0.054308 0.361431 0.074009
v 0.054196 0.361887 0.074009
v 0.054097 0.362382 0.074009
v 0.054011 0.362916 0.074009
v 0.053938 0.363491 0.074009
v 0.053879 0.364105 0.074009
v 0.053833 0.364758 0.074009
v 0.053800 0.365452 0.074009
v 0.053780 0.366184 0.074009
v 0.053773 0.366957 0.074009
v 0.052984 0.368053 0.074009
v 0.052202 0.369122 0.074009
v 0.051426 0.370165 0.074009
v 0.050657 0.371182 0.074009
v 0.049895 0.372172 0.074009
v 0.049139 0.373136 0.074009
v 0.048389 0.374074 0.074009
v 0.047647 0.374985 0.074009
v 0.046911 0.375869 0.074009
v 0.046181 0.376728 0.074009
v 0.045458 0.377559 0.074009
v 0.044742 0.378365 0.074009
v 0.044032 0.379164 0.074009
v 0.043329 0.379976 0.074009
v 0.042633 0.380801 0.074009
v 0.041943 0.381639 0.074009
v 0.041259 0.382491 0.074009
v 0.040583 0.383356 0.074009
v 0.039913 0.384234 0.074009
v 0.039249 0.385125 0.074009
v 0.038592 0.386030 0.074009
v 0.037942 0.386947 0.074009
v 0.037298 0.387878 0.074009
v 0.036661 0.388822 0.074009
v 0.036628 0.388558 0.074009
v 0.036529 0.388400 0.074009
v 0.036364 0.388347 0.074009
v 0.036133 0.388400 0.074009
v 0.035836 0.388558 0.074009
v 0.035473 0.388822 0.074009
v 0.035044 0.389192 0.074009
v 0.034549 0.389667 0.074009
v 0.033987 0.390248 0.074009
v 0.033360 0.390935 0.074009
v 0.032667 0.391727 0.074009
v 0.031908 0.392625 0.074009
v 0.030970 0.392816 0.074009
v 0.030059 0.393074 0.074009
v 0.029175 0.393397 0.074009
v 0.028317 0.393787 0.074009
v 0.027485 0.394242 0.074009
v 0.026679 0.394764 0.074009
v 0.025900 0.395351 0.074009
v 0.025148 0.396005 0.074009
v 0.024421 0.396724 0.074009
v 0.023722 0.397510 0.074009
v 0.023048 0.398362 0.074009
v 0.022401 0.399279 0.074009
v 0.022236 0.399910 0.074009
v 0.022058 0.400534 0.074009
v 0.021867 0.401151 0.074009
v 0.021662 0.401762 0.074009
v 0.021444 0.402366 0.074009
v 0.021213 0.402963 0.074009
v 0.020969 0.403554 0.074009
v 0.020711 0.404138 0.074009
v 0.020441 0.404716 0.074009
v 0.020157 0.405287 0.074009
v 0.019860 0.405852 0.074009
v 0.019549 0.406409 0.074009
v 0.019219 0.406947 0.074009
v 0.018863 0.407452 0.074009
v 0.018480 0.407925 0.074009
v 0.018070 0.408364 0.074009
v 0.017635 0.408770 0.074009
v 0.017173 0.409143 0.074009
v 0.016684 0.409483 0.074009
v 0.016169 0.409790 0.074009
v 0.015628 0.410064 0.074009
v 0.015060 0.410305 0.074009
v 0.014466 0.410512 0.074009
v 0.013845 0.410687 0.074009
v 0.013218 0.410668 0.074009
v 0.012604 0.410608 0.074009
v 0.012003 0.410509 0.074009
v 0.011416 0.410371 0.074009
v 0.010841 0.410192 0.074009
v 0.010280 0.409974 0.074009
v 0.009732 0.409717 0.074009
v 0.009198 0.409420 0.074009
v 0.008676 0.409083 0.074009
v 0.008168 0.408707 0.074009
v 0.007673 0.408291 0.074009
v 0.007191 0.407835 0.074009
v 0.006702 0.407367 0.074009
v 0.006187 0.406911 0.074009
v 0.005646 0.406469 0.074009
v 0.005078 0.406040 0.074009
v 0.004484 0.405624 0.074009
v 0.003863 0.405221 0.074009
v 0.003216 0.404832 0.074009
v 0.002543 0.404455 0.074009
v 0.001843 0.404092 0.074009
v 0.001117 0.403742 0.074009
v 0.000364 0.403406 0.074009
v -0.000415 0.403082 0.074009
v -0.001200 0.402920 0.074009
v -0.001973 0.402752 0.074009
v -0.002732 0.402577 0.074009
v -0.003478 0.402395 0.074009
v -0.004211 0.402207 0.074009
v -0.004930 0.402013 0.074009
v -0.005637 0.401811 0.074009
v -0.006330 0.401603 0.074009
v -0.007010 0.401389 0.074009
v -0.007677 0.401168 0.074009
v -0.008330 0.400940 0.074009
v -0.008971 0.400705 0.074009
v -0.009618 0.400471 0.074009
v -0.010291 0.400243 0.074009
v -0.010991 0.400022 0.074009
v -0.011717 0.399808 0.074009
v -0.012470 0.399600 0.074009
v -0.013249 0.399398 0.074009
v -0.014054 0.399204 0.074009
v -0.014886 0.399015 0.074009
v -0.015744 0.398834 0.074009
v -0.016629 0.398659 0.074009
v -0.017540 0.398490 0.074009
v -0.018477 0.398329 0.074009
v -0.019712 0.397035 0.074009
v -0.020880 0.395688 0.074009
v -0.021983 0.394288 0.074009
v -0.023019 0.392836 0.074009
v -0.023990 0.391331 0.074009
v -0.024894 0.389773 0.074009
v -0.025733 0.388162 0.074009
v -0.026505 0.386498 0.074009
v -0.027212 0.384782 0.074009
v -0.027852 0.383013 0.074009
v -0.028426 0.381190 0.074009
v -0.028935 0.379315 0.074009
v -0.028935 0.365055 0.074009
v -0.029730 0.363646 0.074009
v -0.030532 0.362270 0.074009
v -0.031341 0.360926 0.074009
v -0.032156 0.359616 0.074009
v -0.032978 0.358338 0.074009
v -0.033807 0.357094 0.074009
v -0.034642 0.355882 0.074009
v -0.035484 0.354704 0.074009
v -0.036332 0.353558 0.074009
v -0.037187 0.352446 0.074009
v -0.038049 0.351367 0.074009
v -0.038917 0.350320 0.074009
v -0.039772 0.349287 0.074009
v -0.040594 0.348247 0.074009
v -0.041382 0.347201 0.074009
v -0.042138 0.346148 0.074009
v -0.042861 0.345088 0.074009
v -0.043551 0.344022 0.074009
v -0.044208 0.342949 0.074009
v -0.044832 0.341870 0.074009
v -0.045423 0.340784 0.074009
v -0.045981 0.339691 0.074009
v -0.046505 0.338592 0.074009
v -0.046997 0.337486 0.074009
v -0.047512 0.334661 0.074009
v -0.048106 0.331888 0.074009
v -0.048780 0.329168 0.074009
v -0.049532 0.326501 0.074009
v -0.050364 0.323886 0.074009
v -0.051275 0.321325 0.074009
v -0.052265 0.318816 0.074009
v -0.053335 0.316360 0.074009
v -0.054484 0.313957 0.074009
v -0.055712 0.311607 0.074009
v -0.057019 0.309310 0.074009
v -0.058405 0.307065 0.074009
v -0.058428 0.305801 0.074009
v -0.058498 0.304543 0.074009
v -0.058613 0.303292 0.074009
v -0.058775 0.302047 0.074009
v -0.058983 0.300810 0.074009
v -0.059237 0.299578 0.074009
v -0.059537 0.298354 0.074009
v -0.059884 0.297136 0.074009
v -0.060277 0.295924 0.074009
v -0.060716 0.294719 0.074009
v -0.061201 0.293521 0.074009
v -0.061733 0.292330 0.074009
v -0.062277 0.291145 0.074009
v -0.062802 0.289966 0.074009
v -0.063307 0.288794 0.074009
v -0.063792 0.287629 0.074009
v -0.064258 0.286470 0.074009
v -0.064703 0.285318 0.074009
v -0.065129 0.284173 0.074009
v -0.065535 0.283034 0.074009
v -0.065921 0.281902 0.074009
v -0.066288 0.280776 0.074009
v -0.066634 0.279657 0.074009
v -0.066961 0.278545 0.074009
v -0.067113 0.278347 0.074009
v -0.067252 0.278070 0.074009
v -0.067377 0.277713 0.074009
v -0.067489 0.277277 0.074009
v -0.067588 0.276762 0.074009
v -0.067674 0.276168 0.074009
v -0.067747 0.275495 0.074009
v -0.067806 0.274742 0.074009
v -0.067852 0.273910 0.074009
v -0.067885 0.272999 0.074009
v -0.067905 0.272009 0.074009
v -0.067912 0.270940 0.074009
v -0.067859 0.269877 0.074009
v -0.067701 0.268906 0.074009
v -0.067437 0.268028 0.074009
v -0.067067 0.267243 0.074009
v -0.066592 0.266549 0.074009
v -0.066011 0.265949 0.074009
v -0.065324 0.265440 0.074009
v -0.064532 0.265024 0.074009
v -0.063634 0.264701 0.074009
v -0.062630 0.264470 0.074009
v -0.061521 0.264331 0.074009
v -0.060307 0.264285 0.074009
v -0.059366 0.264288 0.074009
v -0.058445 0.264298 0.074009
v -0.057544 0.264315 0.074009
v -0.056662 0.264338 0.074009
v -0.055801 0.264367 0.074009
v -0.054959 0.264404 0.074009
v -0.054137 0.264447 0.074009
v -0.053335 0.264496 0.074009
v -0.052553 0.264552 0.074009
v -0.051790 0.264615 0.074009
v -0.051048 0.264684 0.074009
v -0.050325 0.264760 0.074009
v -0.049608 0.264836 0.074009
v -0.048885 0.264906 0.074009
v -0.048156 0.264968 0.074009
v -0.047420 0.265024 0.074009
v -0.046677 0.265074 0.074009
v -0.045928 0.265117 0.074009
v -0.045172 0.265153 0.074009
v -0.044409 0.265183 0.074009
v -0.043640 0.265206 0.074009
v -0.042864 0.265222 0.074009
v -0.042082 0.265232 0.074009
v -0.041293 0.265236 0.074009
v -0.040811 0.265071 0.074009
v -0.040316 0.264892 0.074009
v -0.039808 0.264701 0.074009
v -0.039286 0.264496 0.074009
v -0.038752 0.264278 0.074009
v -0.038204 0.264047 0.074009
v -0.037642 0.263803 0.074009
v -0.037068 0.263546 0.074009
v -0.036481 0.263275 0.074009
v -0.035880 0.262991 0.074009
v -0.035266 0.262694 0.074009
v -0.034639 0.262384 0.074009
v -0.034018 0.262073 0.074009
v -0.033424 0.261776 0.074009
v -0.032856 0.261492 0.074009
v -0.032315 0.261222 0.074009
v -0.031800 0.260964 0.074009
v -0.031311 0.260720 0.074009
v -0.030849 0.260489 0.074009
v -0.030413 0.260271 0.074009
v -0.030004 0.260066 0.074009
v -0.029621 0.259875 0.074009
v -0.029265 0.259697 0.074009
v -0.028935 0.259532 0.074009
v -0.025937 0.259868 0.074009
v -0.022967 0.260245 0.074009
v -0.020022 0.260661 0.074009
v -0.017104 0.261116 0.074009
v -0.014213 0.261611 0.074009
v -0.011347 0.262146 0.074009
v -0.008509 0.262720 0.074009
v -0.005696 0.263334 0.074009
v -0.002910 0.263988 0.074009
v -0.000151 0.264681 0.074009
v 0.002583 0.265414 0.074009
v 0.005289 0.266186 0.074009
v 0.007976 0.266992 0.074009
v 0.010650 0.267824 0.074009
v 0.013311 0.268682 0.074009
v 0.015958 0.269566 0.074009
v 0.018592 0.270478 0.074009
v 0.021213 0.271415 0.074009
v 0.023821 0.272379 0.074009
v 0.026415 0.273369 0.074009
v 0.028997 0.274386 0.074009
v 0.031565 0.275429 0.074009
v 0.034120 0.276498 0.074009
v 0.036661 0.277594 0.074009
v 0.037784 0.278522 0.074009
v 0.038932 0.279403 0.074009
v 0.040107 0.280238 0.074009
v 0.041309 0.281027 0.074009
v 0.042537 0.281770 0.074009
v 0.043791 0.282466 0.074009
v 0.045072 0.283117 0.074009
v 0.046379 0.283721 0.074009
v 0.047713 0.284279 0.074009
v 0.049073 0.284790 0.074009
v 0.050459 0.285256 0.074009
v 0.348479 0.068448 -0.074009
v 0.348664 0.066388 -0.074009
v 0.348902 0.064328 -0.074009
v 0.349192 0.062269 -0.074009
v 0.349536 0.060209 -0.074009
v 0.349932 0.058149 -0.074009
v 0.350381 0.056089 -0.074009
v 0.350883 0.054030 -0.074009
v 0.351437 0.051970 -0.074009
v 0.352044 0.049910 -0.074009
v 0.352705 0.047850 -0.074009
v 0.353418 0.045790 -0.074009
v 0.354183 0.043731 -0.074009
v 0.354599 0.042740 -0.074009
v 0.354896 0.041671 -0.074009
v 0.355075 0.040522 -0.074009
v 0.355134 0.039294 -0.074009
v 0.355075 0.037987 -0.074009
v 0.354896 0.036601 -0.074009
v 0.354599 0.035135 -0.074009
v 0.354183 0.033590 -0.074009
v 0.353649 0.031966 -0.074009
v 0.352995 0.030263 -0.074009
v 0.352223 0.028480 -0.074009
v 0.351332 0.026619 -0.074009
v 0.349592 0.026480 -0.074009
v 0.347859 0.026381 -0.074009
v 0.346133 0.026322 -0.074009
v 0.344413 0.026302 -0.074009
v 0.342700 0.026322 -0.074009
v 0.340993 0.026381 -0.074009
v 0.339293 0.026480 -0.074009
v 0.337600 0.026619 -0.074009
v 0.335913 0.026797 -0.074009
v 0.334233 0.027015 -0.074009
v 0.332559 0.027272 -0.074009
v 0.330892 0.027569 -0.074009
v 0.329232 0.027886 -0.074009
v 0.327578 0.028203 -0.074009
v 0.325931 0.028520 -0.074009
v 0.324290 0.028837 -0.074009
v 0.322656 0.029154 -0.074009
v 0.321029 0.029471 -0.074009
v 0.319408 0.029788 -0.074009
v 0.317794 0.030104 -0.074009
v 0.316187 0.030421 -0.074009
v 0.314586 0.030738 -0.074009
v 0.312991 0.031055 -0.074009
v 0.311404 0.031372 -0.074009
v 0.308789 0.030444 -0.074009
v 0.306333 0.029563 -0.074009
v 0.304036 0.028728 -0.074009
v 0.301897 0.027939 -0.074009
v 0.299916 0.027196 -0.074009
v 0.298094 0.026500 -0.074009
v 0.296431 0.025850 -0.074009
v 0.294925 0.025245 -0.074009
v 0.293579 0.024688 -0.074009
v 0.292390 0.024176 -0.074009
v 0.291360 0.023711 -0.074009
v 0.290489 0.023291 -0.074009
v 0.289693 0.022915 -0.074009
v 0.288891 0.022578 -0.074009
v 0.288083 0.022281 -0.074009
v 0.287267 0.022024 -0.074009
v 0.286445 0.021806 -0.074009
v 0.285617 0.021628 -0.074009
v 0.284782 0.021489 -0.074009
v 0.283940 0.021390 -0.074009
v 0.283092 0.021331 -0.074009
v 0.282237 0.021311 -0.074009
v 0.281375 0.021331 -0.074009
v 0.280507 0.021390 -0.074009
v 0.279573 0.021466 -0.074009
v 0.278513 0.021535 -0.074009
v 0.277328 0.021598 -0.074009
v 0.276018 0.021654 -0.074009
v 0.274582 0.021704 -0.074009
v 0.273021 0.021746 -0.074009
v 0.271334 0.021783 -0.074009
v 0.269521 0.021812 -0.074009
v 0.267584 0.021836 -0.074009
v 0.265521 0.021852 -0.074009
v 0.263332 0.021862 -0.074009
v 0.261018 0.021865 -0.074009
v 0.260391 0.021697 -0.074009
v 0.259777 0.021509 -0.074009
v 0.259176 0.021301 -0.074009
v 0.258589 0.021073 -0.074009
v 0.258014 0.020826 -0.074009
v 0.257453 0.020558 -0.074009
v 0.256905 0.020271 -0.074009
v 0.256371 0.019964 -0.074009
v 0.255849 0.019637 -0.074009
v 0.255341 0.019291 -0.074009
v 0.254846 0.018924 -0.074009
v 0.254364 0.018538 -0.074009
v 0.253875 0.018145 -0.074009
v 0.253360 0.017759 -0.074009
v 0.252819 0.017379 -0.074009
v 0.252251 0.017006 -0.074009
v 0.251657 0.016640 -0.074009
v 0.251036 0.016280 -0.074009
v 0.250389 0.015927 -0.074009
v 0.249716 0.015580 -0.074009
v 0.249016 0.015240 -0.074009
v 0.248290 0.014907 -0.074009
v 0.247537 0.014580 -0.074009
v 0.246758 0.014260 -0.074009
v 0.246755 0.014257 -0.074009
v 0.246745 0.014247 -0.074009
v 0.246729 0.014230 -0.074009
v 0.246706 0.014207 -0.074009
v 0.246676 0.014177 -0.074009
v 0.246639 0.014141 -0.074009
v 0.246597 0.014098 -0.074009
v 0.246547 0.014049 -0.074009
v 0.246491 0.013993 -0.074009
v 0.246428 0.013930 -0.074009
v 0.246359 0.013861 -0.074009
v 0.246283 0.013785 -0.074009
v 0.246194 0.013709 -0.074009
v 0.246085 0.013639 -0.074009
v 0.245956 0.013577 -0.074009
v 0.245808 0.013521 -0.074009
v 0.245639 0.013471 -0.074009
v 0.245451 0.013428 -0.074009
v 0.245243 0.013392 -0.074009
v 0.245015 0.013362 -0.074009
v 0.244768 0.013339 -0.074009
v 0.244501 0.013323 -0.074009
v 0.244213 0.013313 -0.074009
v 0.243906 0.013309 -0.074009
v 0.242002 0.013303 -0.074009
v 0.240090 0.013283 -0.074009
v 0.238173 0.013250 -0.074009
v 0.236248 0.013204 -0.074009
v 0.234317 0.013144 -0.074009
v 0.232379 0.013072 -0.074009
v 0.230435 0.012986 -0.074009
v 0.228484 0.012887 -0.074009
v 0.226527 0.012775 -0.074009
v 0.224563 0.012649 -0.074009
v 0.222592 0.012510 -0.074009
v 0.220615 0.012359 -0.074009
v 0.218638 0.012207 -0.074009
v 0.216667 0.012068 -0.074009
v 0.214703 0.011943 -0.074009
v 0.212746 0.011831 -0.074009
v 0.210795 0.011731 -0.074009
v 0.208851 0.011646 -0.074009
v 0.206913 0.011573 -0.074009
v 0.204982 0.011514 -0.074009
v 0.203057 0.011467 -0.074009
v 0.201140 0.011434 -0.074009
v 0.199228 0.011415 -0.074009
v 0.197324 0.011408 -0.074009
v 0.196248 0.012646 -0.074009
v 0.195238 0.013824 -0.074009
v 0.194293 0.014943 -0.074009
v 0.193415 0.016003 -0.074009
v 0.192603 0.017003 -0.074009
v 0.191857 0.017944 -0.074009
v 0.191177 0.018825 -0.074009
v 0.190563 0.019647 -0.074009
v 0.190015 0.020410 -0.074009
v 0.189534 0.021113 -0.074009
v 0.189118 0.021756 -0.074009
v 0.188768 0.022341 -0.074009
v 0.188438 0.022965 -0.074009
v 0.188081 0.023727 -0.074009
v 0.187698 0.024628 -0.074009
v 0.187289 0.025668 -0.074009
v 0.186853 0.026846 -0.074009
v 0.186391 0.028163 -0.074009
v 0.185903 0.029619 -0.074009
v 0.185388 0.031214 -0.074009
v 0.184846 0.032946 -0.074009
v 0.184278 0.034818 -0.074009
v 0.183684 0.036828 -0.074009
v 0.183064 0.038977 -0.074009
v 0.182555 0.040113 -0.074009
v 0.181981 0.041301 -0.074009
v 0.181341 0.042542 -0.074009
v 0.180634 0.043836 -0.074009
v 0.179862 0.045183 -0.074009
v 0.179023 0.046583 -0.074009
v 0.178119 0.048035 -0.074009
v 0.177149 0.049540 -0.074009
v 0.176112 0.051098 -0.074009
v 0.175009 0.052709 -0.074009
v 0.173841 0.054373 -0.074009
v 0.172606 0.056089 -0.074009
v 0.170547 0.058225 -0.074009
v 0.168487 0.060512 -0.074009
v 0.166427 0.062952 -0.074009
v 0.164367 0.065543 -0.074009
v 0.162308 0.068286 -0.074009
v 0.160248 0.071181 -0.074009
v 0.158188 0.074228 -0.074009
v 0.156128 0.077426 -0.074009
v 0.154068 0.080777 -0.074009
v 0.152009 0.084279 -0.074009
v 0.149949 0.087933 -0.074009
v 0.147889 0.091739 -0.074009
v 0.145862 0.095558 -0.074009
v 0.143902 0.099252 -0.074009
v 0.142007 0.102820 -0.074009
v 0.140178 0.106263 -0.074009
v 0.138415 0.109581 -0.074009
v 0.136719 0.112773 -0.074009
v 0.135088 0.115839 -0.074009
v 0.133524 0.118780 -0.074009
v 0.132025 0.121596 -0.074009
v 0.130592 0.124286 -0.074009
v 0.129226 0.126851 -0.074009
v 0.127925 0.129290 -0.074009
v 0.121271 0.135945 -0.074009
v 0.120643 0.135932 -0.074009
v 0.120029 0.135892 -0.074009
v 0.119429 0.135826 -0.074009
v 0.118841 0.135734 -0.074009
v 0.118267 0.135615 -0.074009
v 0.117705 0.135470 -0.074009
v 0.117158 0.135298 -0.074009
v 0.116623 0.135100 -0.074009
v 0.116101 0.134876 -0.074009
v 0.115593 0.134625 -0.074009
v 0.115098 0.134347 -0.074009
v 0.114616 0.134044 -0.074009
v 0.111460 0.132123 -0.074009
v 0.108331 0.130479 -0.074009
v 0.105228 0.129112 -0.074009
v 0.102152 0.128023 -0.074009
v 0.099101 0.127211 -0.074009
v 0.096078 0.126676 -0.074009
v 0.093081 0.126419 -0.074009
v 0.090110 0.126438 -0.074009
v 0.087165 0.126736 -0.074009
v 0.084247 0.127310 -0.074009
v 0.081356 0.128162 -0.074009
v 0.078491 0.129290 -0.074009
v 0.076751 0.129898 -0.074009
v 0.075018 0.130452 -0.074009
v 0.073292 0.130954 -0.074009
v 0.071572 0.131403 -0.074009
v 0.069859 0.131799 -0.074009
v 0.068152 0.132142 -0.074009
v 0.066452 0.132433 -0.074009
v 0.064759 0.132671 -0.074009
v 0.063072 0.132855 -0.074009
v 0.061392 0.132988 -0.074009
v 0.059718 0.133067 -0.074009
v 0.058051 0.133093 -0.074009
v 0.056378 0.133093 -0.074009
v 0.054684 0.133093 -0.074009
v 0.052971 0.133093 -0.074009
v 0.051238 0.133093 -0.074009
v 0.049485 0.133093 -0.074009
v 0.047713 0.133093 -0.074009
v 0.045920 0.133093 -0.074009
v 0.044108 0.133093 -0.074009
v 0.042276 0.133093 -0.074009
v 0.040424 0.133093 -0.074009
v 0.038553 0.133093 -0.074009
v 0.036661 0.133093 -0.074009
v 0.035387 0.133235 -0.074009
v 0.034100 0.133344 -0.074009
v 0.032799 0.133420 -0.074009
v 0.031485 0.133463 -0.074009
v 0.030158 0.133473 -0.074009
v 0.028818 0.133450 -0.074009
v 0.027465 0.133394 -0.074009
v 0.026098 0.133304 -0.074009
v 0.024719 0.133182 -0.074009
v 0.023326 0.133027 -0.074009
v 0.021919 0.132839 -0.074009
v 0.020500 0.132618 -0.074009
v 0.019061 0.132390 -0.074009
v 0.017595 0.132182 -0.074009
v 0.016103 0.131994 -0.074009
v 0.014585 0.131826 -0.074009
v 0.013040 0.131677 -0.074009
v 0.011469 0.131548 -0.074009
v 0.009871 0.131439 -0.074009
v 0.008247 0.131350 -0.074009
v 0.006597 0.131281 -0.074009
v 0.004920 0.131231 -0.074009
v 0.003216 0.131202 -0.074009
v 0.001487 0.131192 -0.074009
v 0.000371 0.131198 -0.074009
v -0.000758 0.131218 -0.074009
v -0.001900 0.131251 -0.074009
v -0.003055 0.131297 -0.074009
v -0.004224 0.131357 -0.074009
v -0.005406 0.131429 -0.074009
v -0.006601 0.131515 -0.074009
v -0.007809 0.131614 -0.074009
v -0.009030 0.131727 -0.074009
v -0.010265 0.131852 -0.074009
v -0.011512 0.131991 -0.074009
v -0.012773 0.132142 -0.074009
v -0.014041 0.132294 -0.074009
v -0.015308 0.132433 -0.074009
v -0.016576 0.132558 -0.074009
v -0.017844 0.132671 -0.074009
v -0.019111 0.132770 -0.074009
v -0.020379 0.132855 -0.074009
v -0.021646 0.132928 -0.074009
v -0.022914 0.132988 -0.074009
v -0.024181 0.133034 -0.074009
v -0.025449 0.133067 -0.074009
v -0.026716 0.133087 -0.074009
v -0.027984 0.133093 -0.074009
v -0.029575 0.132773 -0.074009
v -0.031179 0.132446 -0.074009
v -0.032797 0.132113 -0.074009
v -0.034427 0.131773 -0.074009
v -0.036071 0.131426 -0.074009
v -0.037728 0.131073 -0.074009
v -0.039399 0.130713 -0.074009
v -0.041082 0.130347 -0.074009
v -0.042779 0.129974 -0.074009
v -0.044489 0.129594 -0.074009
v -0.046212 0.129208 -0.074009
v -0.047948 0.128815 -0.074009
v -0.049678 0.128403 -0.074009
v -0.051381 0.127957 -0.074009
v -0.053058 0.127478 -0.074009
v -0.054708 0.126967 -0.074009
v -0.056332 0.126422 -0.074009
v -0.057930 0.125844 -0.074009
v -0.059501 0.125234 -0.074009
v -0.061046 0.124590 -0.074009
v -0.062564 0.123913 -0.074009
v -0.064056 0.123204 -0.074009
v -0.065522 0.122461 -0.074009
v -0.066961 0.121685 -0.074009
v -0.068539 0.120919 -0.074009
v -0.070104 0.120206 -0.074009
v -0.071655 0.119546 -0.074009
v -0.073193 0.118939 -0.074009
v -0.074718 0.118384 -0.074009
v -0.076230 0.117883 -0.074009
v -0.077729 0.117434 -0.074009
v -0.079214 0.117037 -0.074009
v -0.080687 0.116694 -0.074009
v -0.082145 0.116404 -0.074009
v -0.083591 0.116166 -0.074009
v -0.085024 0.115981 -0.074009
v -0.086456 0.115823 -0.074009
v -0.087902 0.115664 -0.074009
v -0.089361 0.115506 -0.074009
v -0.090834 0.115347 -0.074009
v -0.092319 0.115189 -0.074009
v -0.093818 0.115030 -0.074009
v -0.095329 0.114872 -0.074009
v -0.096854 0.114714 -0.074009
v -0.098393 0.114555 -0.074009
v -0.099944 0.114397 -0.074009
v -0.101509 0.114238 -0.074009
v -0.103087 0.114080 -0.074009
v -0.105301 0.114057 -0.074009
v -0.107510 0.113987 -0.074009
v -0.109711 0.113872 -0.074009
v -0.111907 0.113710 -0.074009
v -0.114095 0.113502 -0.074009
v -0.116277 0.113248 -0.074009
v -0.118452 0.112948 -0.074009
v -0.120621 0.112601 -0.074009
v -0.122783 0.112208 -0.074009
v -0.124939 0.111769 -0.074009
v -0.127088 0.111284 -0.074009
v -0.129230 0.110753 -0.074009
v -0.131372 0.110195 -0.074009
v -0.133521 0.109630 -0.074009
v -0.135677 0.109059 -0.074009
v -0.137839 0.108481 -0.074009
v -0.140007 0.107897 -0.074009
v -0.142183 0.107306 -0.074009
v -0.144365 0.106709 -0.074009
v -0.146553 0.106105 -0.074009
v -0.148748 0.105494 -0.074009
v -0.150950 0.104877 -0.074009
v -0.153158 0.104253 -0.074009
v -0.155373 0.103623 -0.074009
v -0.155858 0.103457 -0.074009
v -0.156363 0.103279 -0.074009
v -0.156888 0.103088 -0.074009
v -0.157433 0.102883 -0.074009
v -0.157997 0.102665 -0.074009
v -0.158582 0.102434 -0.074009
v -0.159186 0.102190 -0.074009
v -0.159810 0.101932 -0.074009
v -0.160453 0.101662 -0.074009
v -0.161117 0.101378 -0.074009
v -0.161800 0.101081 -0.074009
v -0.162503 0.100771 -0.074009
v -0.163200 0.100434 -0.074009
v -0.163863 0.100058 -0.074009
v -0.164494 0.099642 -0.074009
v -0.165091 0.099186 -0.074009
v -0.165656 0.098691 -0.074009
v -0.166187 0.098156 -0.074009
v -0.166685 0.097582 -0.074009
v -0.167151 0.096968 -0.074009
v -0.167583 0.096314 -0.074009
v -0.167983 0.095621 -0.074009
v -0.168349 0.094888 -0.074009
v -0.168682 0.094116 -0.074009
v -0.168686 0.093010 -0.074009
v -0.168696 0.091911 -0.074009
v -0.168712 0.090818 -0.074009
v -0.168735 0.089732 -0.074009
v -0.168765 0.088653 -0.074009
v -0.168801 0.087580 -0.074009
v -0.168844 0.086514 -0.074009
v -0.168894 0.085454 -0.074009
v -0.168950 0.084401 -0.074009
v -0.169013 0.083355 -0.074009
v -0.169082 0.082315 -0.074009
v -0.169158 0.081282 -0.074009
v -0.169234 0.080242 -0.074009
v -0.169303 0.079182 -0.074009
v -0.169366 0.078103 -0.074009
v -0.169422 0.077004 -0.074009
v -0.169471 0.075885 -0.074009
v -0.169514 0.074746 -0.074009
v -0.169551 0.073587 -0.074009
v -0.169580 0.072409 -0.074009
v -0.169603 0.071211 -0.074009
v -0.169620 0.069993 -0.074009
v -0.169630 0.068755 -0.074009
v -0.169633 0.067497 -0.074009
v -0.170247 0.065741 -0.074009
v -0.170821 0.063959 -0.074009
v -0.171356 0.062150 -0.074009
v -0.171851 0.060314 -0.074009
v -0.172307 0.058453 -0.074009
v -0.172723 0.056565 -0.074009
v -0.173099 0.054650 -0.074009
v -0.173436 0.052709 -0.074009
v -0.173733 0.050742 -0.074009
v -0.173990 0.048748 -0.074009
v -0.174208 0.046728 -0.074009
v -0.174386 0.044681 -0.074009
v -0.175367 0.041866 -0.074009
v -0.176407 0.039123 -0.074009
v -0.177506 0.036452 -0.074009
v -0.178664 0.033854 -0.074009
v -0.179882 0.031329 -0.074009
v -0.181160 0.028876 -0.074009
v -0.182497 0.026496 -0.074009
v -0.183893 0.024189 -0.074009
v -0.185349 0.021954 -0.074009
v -0.186864 0.019792 -0.074009
v -0.188438 0.017703 -0.074009
v -0.190072 0.015686 -0.074009
v -0.191739 0.013702 -0.074009
v -0.193413 0.011712 -0.074009
v -0.195093 0.009715 -0.074009
v -0.196780 0.007711 -0.074009
v -0.198473 0.005701 -0.074009
v -0.200173 0.003684 -0.074009
v -0.201880 0.001660 -0.074009
v -0.203593 -0.000370 -0.074009
v -0.205313 -0.002406 -0.074009
v -0.207039 -0.004450 -0.074009
v -0.208772 -0.006500 -0.074009
v -0.210512 -0.008556 -0.074009
v -0.211449 -0.008546 -0.074009
v -0.212360 -0.008516 -0.074009
v -0.213245 -0.008467 -0.074009
v -0.214103 -0.008398 -0.074009
v -0.214935 -0.008308 -0.074009
v -0.215740 -0.008199 -0.074009
v -0.216519 -0.008071 -0.074009
v -0.217272 -0.007922 -0.074009
v -0.217998 -0.007754 -0.074009
v -0.218698 -0.007566 -0.074009
v -0.219371 -0.007358 -0.074009
v -0.220018 -0.007130 -0.074009
v -0.220659 -0.006902 -0.074009
v -0.221312 -0.006694 -0.074009
v -0.221979 -0.006506 -0.074009
v -0.222659 -0.006338 -0.074009
v -0.223352 -0.006189 -0.074009
v -0.224059 -0.006061 -0.074009
v -0.224778 -0.005952 -0.074009
v -0.225511 -0.005862 -0.074009
v -0.226257 -0.005793 -0.074009
v -0.227016 -0.005744 -0.074009
v -0.227789 -0.005714 -0.074009
v -0.228574 -0.005704 -0.074009
v -0.229211 -0.005714 -0.074009
v -0.229855 -0.005744 -0.074009
v -0.230505 -0.005793 -0.074009
v -0.231162 -0.005862 -0.074009
v -0.231826 -0.005952 -0.074009
v -0.232496 -0.006061 -0.074009
v -0.233173 -0.006189 -0.074009
v -0.233856 -0.006338 -0.074009
v -0.234546 -0.006506 -0.074009
v -0.235242 -0.006694 -0.074009
v -0.235945 -0.006902 -0.074009
v -0.236655 -0.007130 -0.074009
v -0.237371 -0.007364 -0.074009
v -0.238094 -0.007592 -0.074009
v -0.238824 -0.007813 -0.074009
v -0.239560 -0.008028 -0.074009
v -0.240303 -0.008236 -0.074009
v -0.241052 -0.008437 -0.074009
v -0.241808 -0.008632 -0.074009
v -0.242570 -0.008820 -0.074009
v -0.243339 -0.009002 -0.074009
v -0.244115 -0.009177 -0.074009
v -0.244897 -0.009345 -0.074009
v -0.245686 -0.009507 -0.074009
v -0.247911 -0.009619 -0.074009
v -0.250149 -0.009639 -0.074009
v -0.252400 -0.009566 -0.074009
v -0.254665 -0.009401 -0.074009
v -0.256942 -0.009144 -0.074009
v -0.259233 -0.008794 -0.074009
v -0.261537 -0.008351 -0.074009
v -0.263855 -0.007817 -0.074009
v -0.266185 -0.007189 -0.074009
v -0.268529 -0.006470 -0.074009
v -0.270886 -0.005658 -0.074009
v -0.273256 -0.004753 -0.074009
v -0.273563 -0.004605 -0.074009
v -0.273850 -0.004476 -0.074009
v -0.274117 -0.004367 -0.074009
v -0.274365 -0.004278 -0.074009
v -0.274592 -0.004209 -0.074009
v -0.274800 -0.004159 -0.074009
v -0.274989 -0.004129 -0.074009
v -0.275157 -0.004120 -0.074009
v -0.275306 -0.004129 -0.074009
v -0.275434 -0.004159 -0.074009
v -0.275543 -0.004209 -0.074009
v -0.275632 -0.004278 -0.074009
v -0.275721 -0.004354 -0.074009
v -0.275830 -0.004423 -0.074009
v -0.275959 -0.004486 -0.074009
v -0.276108 -0.004542 -0.074009
v -0.276276 -0.004592 -0.074009
v -0.276464 -0.004634 -0.074009
v -0.276672 -0.004671 -0.074009
v -0.276900 -0.004701 -0.074009
v -0.277147 -0.004724 -0.074009
v -0.277415 -0.004740 -0.074009
v -0.277702 -0.004750 -0.074009
v -0.278009 -0.004753 -0.074009
v -0.283713 -0.004753 -0.074009
v -0.286565 -0.003803 -0.074009
v -0.286730 -0.003502 -0.074009
v -0.286908 -0.003235 -0.074009
v -0.287100 -0.003001 -0.074009
v -0.287304 -0.002799 -0.074009
v -0.287522 -0.002631 -0.074009
v -0.287753 -0.002495 -0.074009
v -0.287998 -0.002393 -0.074009
v -0.288255 -0.002324 -0.074009
v -0.288526 -0.002288 -0.074009
v -0.288810 -0.002284 -0.074009
v -0.289107 -0.002314 -0.074009
v -0.289417 -0.002377 -0.074009
v -0.289767 -0.002446 -0.074009
v -0.290183 -0.002495 -0.074009
v -0.290665 -0.002525 -0.074009
v -0.291213 -0.002535 -0.074009
v -0.291827 -0.002525 -0.074009
v -0.292507 -0.002495 -0.074009
v -0.293253 -0.002446 -0.074009
v -0.294065 -0.002377 -0.074009
v -0.294943 -0.002288 -0.074009
v -0.295887 -0.002179 -0.074009
v -0.296897 -0.002050 -0.074009
v -0.297973 -0.001901 -0.074009
v -0.299075 -0.001446 -0.074009
v -0.300165 -0.001030 -0.074009
v -0.301241 -0.000654 -0.074009
v -0.302304 -0.000317 -0.074009
v -0.303353 -0.000020 -0.074009
v -0.304390 0.000238 -0.074009
v -0.305413 0.000456 -0.074009
v -0.306423 0.000634 -0.074009
v -0.307420 0.000772 -0.074009
v -0.308404 0.000871 -0.074009
v -0.309374 0.000931 -0.074009
v -0.310332 0.000951 -0.074009
v -0.311266 0.000951 -0.074009
v -0.312167 0.000951 -0.074009
v -0.313035 0.000951 -0.074009
v -0.313870 0.000951 -0.074009
v -0.314672 0.000951 -0.074009
v -0.315441 0.000951 -0.074009
v -0.316177 0.000951 -0.074009
v -0.316881 0.000951 -0.074009
v -0.317551 0.000951 -0.074009
v -0.318188 0.000951 -0.074009
v -0.318792 0.000951 -0.074009
v -0.319363 0.000951 -0.074009
v -0.319934 0.000957 -0.074009
v -0.320538 0.000977 -0.074009
v -0.321175 0.001010 -0.074009
v -0.321845 0.001056 -0.074009
v -0.322548 0.001116 -0.074009
v -0.323284 0.001188 -0.074009
v -0.324053 0.001274 -0.074009
v -0.324856 0.001373 -0.074009
v -0.325691 0.001485 -0.074009
v -0.326559 0.001611 -0.074009
v -0.327460 0.001750 -0.074009
v -0.328394 0.001901 -0.074009
v -0.328734 0.002056 -0.074009
v -0.329120 0.002205 -0.074009
v -0.329553 0.002347 -0.074009
v -0.330031 0.002482 -0.074009
v -0.330556 0.002611 -0.074009
v -0.331127 0.002733 -0.074009
v -0.331745 0.002849 -0.074009
v -0.332408 0.002958 -0.074009
v -0.333118 0.003060 -0.074009
v -0.333874 0.003156 -0.074009
v -0.334676 0.003245 -0.074009
v -0.335524 0.003327 -0.074009
v -0.336399 0.003423 -0.074009
v -0.337280 0.003552 -0.074009
v -0.338168 0.003714 -0.074009
v -0.339063 0.003908 -0.074009
v -0.339964 0.004136 -0.074009
v -0.340872 0.004397 -0.074009
v -0.341786 0.004691 -0.074009
v -0.342707 0.005017 -0.074009
v -0.343635 0.005377 -0.074009
v -0.344569 0.005770 -0.074009
v -0.345509 0.006196 -0.074009
v -0.346457 0.006655 -0.074009
v -0.346926 0.006803 -0.074009
v -0.347381 0.006932 -0.074009
v -0.347823 0.007041 -0.074009
v -0.348253 0.007130 -0.074009
v -0.348668 0.007199 -0.074009
v -0.349071 0.007249 -0.074009
v -0.349461 0.007279 -0.074009
v -0.349837 0.007288 -0.074009
v -0.350200 0.007279 -0.074009
v -0.350550 0.007249 -0.074009
v -0.350887 0.007199 -0.074009
v -0.351210 0.007130 -0.074009
v -0.351547 0.007061 -0.074009
v -0.351923 0.007011 -0.074009
v -0.352339 0.006981 -0.074009
v -0.352795 0.006972 -0.074009
v -0.353290 0.006981 -0.074009
v -0.353824 0.007011 -0.074009
v -0.354399 0.007061 -0.074009
v -0.355013 0.007130 -0.074009
v -0.355666 0.007219 -0.074009
v -0.356360 0.007328 -0.074009
v -0.357092 0.007457 -0.074009
v -0.357865 0.007605 -0.074009
v -0.360717 0.008556 -0.074009
v -0.363569 0.008556 -0.074009
v -0.365470 0.009507 -0.074009
v -0.365147 0.012355 -0.074009
v -0.364810 0.015197 -0.074009
v -0.364460 0.018033 -0.074009
v -0.364097 0.020862 -0.074009
v -0.363721 0.023684 -0.074009
v -0.363331 0.026500 -0.074009
v -0.362928 0.029309 -0.074009
v -0.362513 0.032111 -0.074009
v -0.362083 0.034907 -0.074009
v -0.361641 0.037697 -0.074009
v -0.361186 0.040479 -0.074009
v -0.360717 0.043255 -0.074009
v -0.360195 0.046018 -0.074009
v -0.359581 0.048761 -0.074009
v -0.358875 0.051484 -0.074009
v -0.358076 0.054188 -0.074009
v -0.357185 0.056872 -0.074009
v -0.356201 0.059535 -0.074009
v -0.355125 0.062179 -0.074009
v -0.353957 0.064804 -0.074009
v -0.352696 0.067408 -0.074009
v -0.351342 0.069993 -0.074009
v -0.349896 0.072558 -0.074009
v -0.348358 0.075103 -0.074009
v -0.348045 0.075885 -0.074009
v -0.347738 0.076647 -0.074009
v -0.347437 0.077390 -0.074009
v -0.347143 0.078113 -0.074009
v -0.346856 0.078816 -0.074009
v -0.346576 0.079499 -0.074009
v -0.346302 0.080163 -0.074009
v -0.346034 0.080807 -0.074009
v -0.345774 0.081430 -0.074009
v -0.345519 0.082035 -0.074009
v -0.345272 0.082619 -0.074009
v -0.345031 0.083183 -0.074009
v -0.344803 0.083748 -0.074009
v -0.344595 0.084332 -0.074009
v -0.344407 0.084936 -0.074009
v -0.344239 0.085560 -0.074009
v -0.344090 0.086204 -0.074009
v -0.343961 0.086867 -0.074009
v -0.343852 0.087550 -0.074009
v -0.343763 0.088253 -0.074009
v -0.343694 0.088976 -0.074009
v -0.343644 0.089719 -0.074009
v -0.343615 0.090482 -0.074009
v -0.343605 0.091264 -0.074009
v -0.340753 0.111228 -0.074009
v -0.340119 0.112344 -0.074009
v -0.339485 0.113472 -0.074009
v -0.338852 0.114615 -0.074009
v -0.338218 0.115770 -0.074009
v -0.337584 0.116938 -0.074009
v -0.336950 0.118120 -0.074009
v -0.336316 0.119315 -0.074009
v -0.335683 0.120523 -0.074009
v -0.335049 0.121745 -0.074009
v -0.334415 0.122979 -0.074009
v -0.333781 0.124227 -0.074009
v -0.333148 0.125488 -0.074009
v -0.332514 0.126736 -0.074009
v -0.331880 0.127944 -0.074009
v -0.331246 0.129112 -0.074009
v -0.330612 0.130241 -0.074009
v -0.329979 0.131330 -0.074009
v -0.329345 0.132380 -0.074009
v -0.328711 0.133390 -0.074009
v -0.328077 0.134361 -0.074009
v -0.327444 0.135292 -0.074009
v -0.326810 0.136183 -0.074009
v -0.326176 0.137034 -0.074009
v -0.325542 0.137846 -0.074009
v -0.325252 0.138959 -0.074009
v -0.325014 0.140078 -0.074009
v -0.324829 0.141204 -0.074009
v -0.324697 0.142336 -0.074009
v -0.324618 0.143475 -0.074009
v -0.324592 0.144620 -0.074009
v -0.324618 0.145772 -0.074009
v -0.324697 0.146931 -0.074009
v -0.324829 0.148096 -0.074009
v -0.325014 0.149268 -0.074009
v -0.325252 0.150446 -0.074009
v -0.325542 0.151631 -0.074009
v -0.325813 0.152810 -0.074009
v -0.325991 0.153968 -0.074009
v -0.326077 0.155107 -0.074009
v -0.326070 0.156226 -0.074009
v -0.325971 0.157325 -0.074009
v -0.325780 0.158405 -0.074009
v -0.325496 0.159464 -0.074009
v -0.325120 0.160504 -0.074009
v -0.324651 0.161524 -0.074009
v -0.324090 0.162524 -0.074009
v -0.323436 0.163505 -0.074009
v -0.322690 0.164465 -0.074009
v -0.322080 0.165419 -0.074009
v -0.321515 0.166380 -0.074009
v -0.320997 0.167347 -0.074009
v -0.320525 0.168321 -0.074009
v -0.320099 0.169301 -0.074009
v -0.319719 0.170288 -0.074009
v -0.319386 0.171282 -0.074009
v -0.319099 0.172282 -0.074009
v -0.318858 0.173288 -0.074009
v -0.318663 0.174302 -0.074009
v -0.318515 0.175322 -0.074009
v -0.318412 0.176348 -0.074009
v -0.318297 0.177362 -0.074009
v -0.318109 0.178342 -0.074009
v -0.317848 0.179290 -0.074009
v -0.317514 0.180204 -0.074009
v -0.317108 0.181085 -0.074009
v -0.316630 0.181934 -0.074009
v -0.316078 0.182749 -0.074009
v -0.315455 0.183531 -0.074009
v -0.314758 0.184281 -0.074009
v -0.313989 0.184997 -0.074009
v -0.313147 0.185680 -0.074009
v -0.312233 0.186330 -0.074009
v -0.311447 0.187912 -0.074009
v -0.310675 0.189486 -0.074009
v -0.309916 0.191054 -0.074009
v -0.309170 0.192615 -0.074009
v -0.308437 0.194170 -0.074009
v -0.307717 0.195718 -0.074009
v -0.307011 0.197260 -0.074009
v -0.306318 0.198795 -0.074009
v -0.305638 0.200323 -0.074009
v -0.304971 0.201845 -0.074009
v -0.304317 0.203360 -0.074009
v -0.303677 0.204868 -0.074009
v -0.303056 0.206377 -0.074009
v -0.302462 0.207892 -0.074009
v -0.301894 0.209414 -0.074009
v -0.301353 0.210942 -0.074009
v -0.300838 0.212477 -0.074009
v -0.300350 0.214019 -0.074009
v -0.299887 0.215567 -0.074009
v -0.299452 0.217121 -0.074009
v -0.299042 0.218683 -0.074009
v -0.298660 0.220251 -0.074009
v -0.298303 0.221825 -0.074009
v -0.297973 0.223406 -0.074009
v -0.297669 0.223585 -0.074009
v -0.297392 0.223802 -0.074009
v -0.297141 0.224060 -0.074009
v -0.296917 0.224357 -0.074009
v -0.296719 0.224694 -0.074009
v -0.296547 0.225070 -0.074009
v -0.296402 0.225486 -0.074009
v -0.296283 0.225941 -0.074009
v -0.296190 0.226437 -0.074009
v -0.296124 0.226971 -0.074009
v -0.296085 0.227546 -0.074009
v -0.296072 0.228160 -0.074009
v -0.295352 0.232378 -0.074009
v -0.294461 0.236478 -0.074009
v -0.293398 0.240459 -0.074009
v -0.292163 0.244321 -0.074009
v -0.290757 0.248064 -0.074009
v -0.289179 0.251689 -0.074009
v -0.287430 0.255194 -0.074009
v -0.285509 0.258581 -0.074009
v -0.283416 0.261849 -0.074009
v -0.281151 0.264998 -0.074009
v -0.278715 0.268028 -0.074009
v -0.276108 0.270940 -0.074009
v -0.276259 0.271877 -0.074009
v -0.276398 0.272788 -0.074009
v -0.276524 0.273673 -0.074009
v -0.276636 0.274531 -0.074009
v -0.276735 0.275363 -0.074009
v -0.276821 0.276168 -0.074009
v -0.276893 0.276947 -0.074009
v -0.276953 0.277700 -0.074009
v -0.276999 0.278426 -0.074009
v -0.277032 0.279126 -0.074009
v -0.277052 0.279799 -0.074009
v -0.277058 0.280446 -0.074009
v -0.277058 0.281073 -0.074009
v -0.277058 0.281687 -0.074009
v -0.277058 0.282288 -0.074009
v -0.277058 0.282876 -0.074009
v -0.277058 0.283450 -0.074009
v -0.277058 0.284011 -0.074009
v -0.277058 0.284559 -0.074009
v -0.277058 0.285094 -0.074009
v -0.277058 0.285616 -0.074009
v -0.277058 0.286124 -0.074009
v -0.277058 0.286619 -0.074009
v -0.277058 0.287101 -0.074009
v -0.276712 0.288355 -0.074009
v -0.276306 0.289583 -0.074009
v -0.275840 0.290785 -0.074009
v -0.275315 0.291960 -0.074009
v -0.274731 0.293109 -0.074009
v -0.274087 0.294231 -0.074009
v -0.273384 0.295327 -0.074009
v -0.272622 0.296396 -0.074009
v -0.271800 0.297439 -0.074009
v -0.270919 0.298456 -0.074009
v -0.269978 0.299446 -0.074009
v -0.268978 0.300410 -0.074009
v -0.267958 0.301354 -0.074009
v -0.266957 0.302285 -0.074009
v -0.265977 0.303203 -0.074009
v -0.265017 0.304107 -0.074009
v -0.264076 0.304999 -0.074009
v -0.263155 0.305877 -0.074009
v -0.262254 0.306741 -0.074009
v -0.261372 0.307593 -0.074009
v -0.260511 0.308431 -0.074009
v -0.259669 0.309257 -0.074009
v -0.258847 0.310069 -0.074009
v -0.258045 0.310868 -0.074009
v -0.256949 0.312132 -0.074009
v -0.255880 0.313389 -0.074009
v -0.254836 0.314641 -0.074009
v -0.253820 0.315885 -0.074009
v -0.252830 0.317123 -0.074009
v -0.251866 0.318354 -0.074009
v -0.250928 0.319579 -0.074009
v -0.250017 0.320797 -0.074009
v -0.249132 0.322008 -0.074009
v -0.248274 0.323213 -0.074009
v -0.247442 0.324411 -0.074009
v -0.246637 0.325603 -0.074009
v -0.245871 0.326801 -0.074009
v -0.245158 0.328019 -0.074009
v -0.244498 0.329257 -0.074009
v -0.243891 0.330515 -0.074009
v -0.243336 0.331792 -0.074009
v -0.242834 0.333089 -0.074009
v -0.242385 0.334406 -0.074009
v -0.241989 0.335743 -0.074009
v -0.241646 0.337100 -0.074009
v -0.241356 0.338476 -0.074009
v -0.241118 0.339873 -0.074009
v -0.240933 0.341289 -0.074009
v -0.240118 0.344279 -0.074009
v -0.239256 0.347230 -0.074009
v -0.238348 0.350142 -0.074009
v -0.237394 0.353014 -0.074009
v -0.236394 0.355846 -0.074009
v -0.235348 0.358638 -0.074009
v -0.234255 0.361391 -0.074009
v -0.233116 0.364105 -0.074009
v -0.231931 0.366779 -0.074009
v -0.230700 0.369413 -0.074009
v -0.229423 0.372007 -0.074009
v -0.228099 0.374562 -0.074009
v -0.226723 0.377091 -0.074009
v -0.225287 0.379606 -0.074009
v -0.223791 0.382108 -0.074009
v -0.222237 0.384597 -0.074009
v -0.220622 0.387073 -0.074009
v -0.218949 0.389535 -0.074009
v -0.217216 0.391984 -0.074009
v -0.215423 0.394420 -0.074009
v -0.213572 0.396843 -0.074009
v -0.211660 0.399253 -0.074009
v -0.209690 0.401649 -0.074009
v -0.207660 0.404033 -0.074009
v -0.206409 0.405782 -0.074009
v -0.205191 0.407545 -0.074009
v -0.204006 0.409321 -0.074009
v -0.202854 0.411110 -0.074009
v -0.201735 0.412912 -0.074009
v -0.200649 0.414728 -0.074009
v -0.199596 0.416556 -0.074009
v -0.198576 0.418398 -0.074009
v -0.197589 0.420253 -0.074009
v -0.196635 0.422122 -0.074009
v -0.195714 0.424003 -0.074009
v -0.194826 0.425898 -0.074009
v -0.193951 0.427799 -0.074009
v -0.193070 0.429701 -0.074009
v -0.192182 0.431602 -0.074009
v -0.191287 0.433503 -0.074009
v -0.190386 0.435405 -0.074009
v -0.189478 0.437306 -0.074009
v -0.188564 0.439207 -0.074009
v -0.187643 0.441109 -0.074009
v -0.186715 0.443010 -0.074009
v -0.185781 0.444912 -0.074009
v -0.184840 0.446813 -0.074009
v -0.183893 0.448714 -0.074009
v -0.183101 0.450308 -0.074009
v -0.182309 0.451923 -0.074009
v -0.181516 0.453556 -0.074009
v -0.180724 0.455210 -0.074009
v -0.179932 0.456884 -0.074009
v -0.179140 0.458577 -0.074009
v -0.178348 0.460290 -0.074009
v -0.177555 0.462023 -0.074009
v -0.176763 0.463776 -0.074009
v -0.175971 0.465549 -0.074009
v -0.175179 0.467341 -0.074009
v -0.174386 0.469153 -0.074009
v -0.173621 0.470972 -0.074009
v -0.172908 0.472784 -0.074009
v -0.172247 0.474590 -0.074009
v -0.171640 0.476389 -0.074009
v -0.171086 0.478181 -0.074009
v -0.170584 0.479967 -0.074009
v -0.170135 0.481746 -0.074009
v -0.169739 0.483519 -0.074009
v -0.169395 0.485285 -0.074009
v -0.169105 0.487044 -0.074009
v -0.168867 0.488797 -0.074009
v -0.168682 0.490543 -0.074009
v -0.167286 0.492563 -0.074009
v -0.165949 0.494504 -0.074009
v -0.164672 0.496366 -0.074009
v -0.163454 0.498149 -0.074009
v -0.162295 0.499852 -0.074009
v -0.161196 0.501476 -0.074009
v -0.160156 0.503021 -0.074009
v -0.159176 0.504486 -0.074009
v -0.158255 0.505873 -0.074009
v -0.157393 0.507180 -0.074009
v -0.156591 0.508408 -0.074009
v -0.155848 0.509557 -0.074009
v -0.155145 0.510682 -0.074009
v -0.154462 0.511841 -0.074009
v -0.153799 0.513032 -0.074009
v -0.153155 0.514257 -0.074009
v -0.152531 0.515515 -0.074009
v -0.151927 0.516805 -0.074009
v -0.151343 0.518129 -0.074009
v -0.150778 0.519486 -0.074009
v -0.150234 0.520876 -0.074009
v -0.149709 0.522298 -0.074009
v -0.149204 0.523754 -0.074009
v -0.148718 0.525243 -0.074009
v -0.148237 0.526817 -0.074009
v -0.147741 0.528530 -0.074009
v -0.147233 0.530382 -0.074009
v -0.146712 0.532373 -0.074009
v -0.146177 0.534502 -0.074009
v -0.145629 0.536769 -0.074009
v -0.145068 0.539176 -0.074009
v -0.144493 0.541721 -0.074009
v -0.143906 0.544404 -0.074009
v -0.143305 0.547227 -0.074009
v -0.142691 0.550188 -0.074009
v -0.142064 0.553287 -0.074009
v -0.141579 0.553604 -0.074009
v -0.141074 0.553921 -0.074009
v -0.140549 0.554238 -0.074009
v -0.140004 0.554555 -0.074009
v -0.139440 0.554872 -0.074009
v -0.138855 0.555188 -0.074009
v -0.138251 0.555505 -0.074009
v -0.137627 0.555822 -0.074009
v -0.136984 0.556139 -0.074009
v -0.136320 0.556456 -0.074009
v -0.135637 0.556773 -0.074009
v -0.134934 0.557090 -0.074009
v -0.134244 0.557427 -0.074009
v -0.133600 0.557803 -0.074009
v -0.133003 0.558219 -0.074009
v -0.132452 0.558674 -0.074009
v -0.131946 0.559169 -0.074009
v -0.131488 0.559704 -0.074009
v -0.131075 0.560279 -0.074009
v -0.130709 0.560893 -0.074009
v -0.130388 0.561546 -0.074009
v -0.130114 0.562239 -0.074009
v -0.129887 0.562972 -0.074009
v -0.129705 0.563745 -0.074009
v -0.129666 0.564517 -0.074009
v -0.129547 0.565250 -0.074009
v -0.129349 0.565943 -0.074009
v -0.129071 0.566597 -0.074009
v -0.128715 0.567211 -0.074009
v -0.128279 0.567785 -0.074009
v -0.127764 0.568320 -0.074009
v -0.127170 0.568815 -0.074009
v -0.126497 0.569270 -0.074009
v -0.125744 0.569686 -0.074009
v -0.124912 0.570063 -0.074009
v -0.124001 0.570399 -0.074009
v -0.122304 0.571535 -0.074009
v -0.120700 0.572723 -0.074009
v -0.119188 0.573964 -0.074009
v -0.117769 0.575258 -0.074009
v -0.116442 0.576605 -0.074009
v -0.115208 0.578004 -0.074009
v -0.114065 0.579457 -0.074009
v -0.113016 0.580962 -0.074009
v -0.112058 0.582520 -0.074009
v -0.111194 0.584131 -0.074009
v -0.110421 0.585795 -0.074009
v -0.109741 0.587511 -0.074009
v -0.109239 0.589086 -0.074009
v -0.108685 0.590640 -0.074009
v -0.108078 0.592175 -0.074009
v -0.107417 0.593691 -0.074009
v -0.106704 0.595186 -0.074009
v -0.105939 0.596661 -0.074009
v -0.105120 0.598117 -0.074009
v -0.104248 0.599553 -0.074009
v -0.103324 0.600969 -0.074009
v -0.102347 0.602365 -0.074009
v -0.101317 0.603742 -0.074009
v -0.100235 0.605098 -0.074009
v -0.099132 0.606435 -0.074009
v -0.098043 0.607752 -0.074009
v -0.096967 0.609050 -0.074009
v -0.095904 0.610327 -0.074009
v -0.094854 0.611585 -0.074009
v -0.093818 0.612823 -0.074009
v -0.092794 0.614041 -0.074009
v -0.091784 0.615239 -0.074009
v -0.090787 0.616417 -0.074009
v -0.089804 0.617576 -0.074009
v -0.088833 0.618715 -0.074009
v -0.087876 0.619834 -0.074009
v -0.086952 0.620791 -0.074009
v -0.086080 0.621762 -0.074009
v -0.085262 0.622745 -0.074009
v -0.084496 0.623742 -0.074009
v -0.083783 0.624752 -0.074009
v -0.083123 0.625775 -0.074009
v -0.082515 0.626812 -0.074009
v -0.081961 0.627862 -0.074009
v -0.081459 0.628924 -0.074009
v -0.081010 0.630001 -0.074009
v -0.080614 0.631090 -0.074009
v -0.080271 0.632192 -0.074009
v -0.079138 0.634873 -0.074009
v -0.077960 0.637527 -0.074009
v -0.076735 0.640154 -0.074009
v -0.075464 0.642755 -0.074009
v -0.074147 0.645330 -0.074009
v -0.072784 0.647878 -0.074009
v -0.071375 0.650400 -0.074009
v -0.069919 0.652896 -0.074009
v -0.068417 0.655365 -0.074009
v -0.066869 0.657808 -0.074009
v -0.065274 0.660224 -0.074009
v -0.063634 0.662614 -0.074009
v -0.061993 0.664984 -0.074009
v -0.060399 0.667341 -0.074009
v -0.058851 0.669684 -0.074009
v -0.057349 0.672015 -0.074009
v -0.055893 0.674332 -0.074009
v -0.054484 0.676636 -0.074009
v -0.053120 0.678927 -0.074009
v -0.051803 0.681205 -0.074009
v -0.050533 0.683469 -0.074009
v -0.049308 0.685720 -0.074009
v -0.048129 0.687958 -0.074009
v -0.046997 0.690183 -0.074009
v -0.046050 0.691097 -0.074009
v -0.045109 0.691939 -0.074009
v -0.044175 0.692708 -0.074009
v -0.043247 0.693405 -0.074009
v -0.042326 0.694029 -0.074009
v -0.041412 0.694580 -0.074009
v -0.040504 0.695059 -0.074009
v -0.039603 0.695464 -0.074009
v -0.038709 0.695798 -0.074009
v -0.037821 0.696059 -0.074009
v -0.036939 0.696247 -0.074009
v -0.036065 0.696362 -0.074009
v -0.035197 0.696438 -0.074009
v -0.034335 0.696508 -0.074009
v -0.033480 0.696570 -0.074009
v -0.032632 0.696626 -0.074009
v -0.031790 0.696676 -0.074009
v -0.030955 0.696719 -0.074009
v -0.030126 0.696755 -0.074009
v -0.029304 0.696785 -0.074009
v -0.028489 0.696808 -0.074009
v -0.027680 0.696824 -0.074009
v -0.026878 0.696834 -0.074009
v -0.026083 0.696838 -0.074009
v -0.023231 0.696838 -0.074009
v -0.021171 0.696059 -0.074009
v -0.019111 0.695306 -0.074009
v -0.017051 0.694580 -0.074009
v -0.014992 0.693880 -0.074009
v -0.012932 0.693207 -0.074009
v -0.010872 0.692560 -0.074009
v -0.008812 0.691939 -0.074009
v -0.006752 0.691345 -0.074009
v -0.004693 0.690777 -0.074009
v -0.002633 0.690236 -0.074009
v -0.000573 0.689721 -0.074009
v 0.001487 0.689232 -0.074009
v 0.003055 0.689080 -0.074009
v 0.004590 0.688942 -0.074009
v 0.006091 0.688816 -0.074009
v 0.007560 0.688704 -0.074009
v 0.008996 0.688605 -0.074009
v 0.010399 0.688519 -0.074009
v 0.011769 0.688447 -0.074009
v 0.013106 0.688387 -0.074009
v 0.014410 0.688341 -0.074009
v 0.015681 0.688308 -0.074009
v 0.016919 0.688288 -0.074009
v 0.018123 0.688282 -0.074009
v 0.019295 0.688282 -0.074009
v 0.020434 0.688282 -0.074009
v 0.021540 0.688282 -0.074009
v 0.022613 0.688282 -0.074009
v 0.023652 0.688282 -0.074009
v 0.024659 0.688282 -0.074009
v 0.025633 0.688282 -0.074009
v 0.026574 0.688282 -0.074009
v 0.027481 0.688282 -0.074009
v 0.028356 0.688282 -0.074009
v 0.029198 0.688282 -0.074009
v 0.030007 0.688282 -0.074009
v 0.030637 0.688282 -0.074009
v 0.031261 0.688282 -0.074009
v 0.031878 0.688282 -0.074009
v 0.032489 0.688282 -0.074009
v 0.033093 0.688282 -0.074009
v 0.033690 0.688282 -0.074009
v 0.034281 0.688282 -0.074009
v 0.034866 0.688282 -0.074009
v 0.035443 0.688282 -0.074009
v 0.036014 0.688282 -0.074009
v 0.036579 0.688282 -0.074009
v 0.037137 0.688282 -0.074009
v 0.037688 0.688268 -0.074009
v 0.038233 0.688229 -0.074009
v 0.038771 0.688163 -0.074009
v 0.039302 0.688070 -0.074009
v 0.039827 0.687952 -0.074009
v 0.040345 0.687806 -0.074009
v 0.040857 0.687635 -0.074009
v 0.041362 0.687437 -0.074009
v 0.041860 0.687212 -0.074009
v 0.042352 0.686961 -0.074009
v 0.042837 0.686684 -0.074009
v 0.043316 0.686380 -0.074009
v 0.046016 0.685773 -0.074009
v 0.048729 0.685218 -0.074009
v 0.051456 0.684717 -0.074009
v 0.054196 0.684268 -0.074009
v 0.056949 0.683872 -0.074009
v 0.059715 0.683528 -0.074009
v 0.062494 0.683238 -0.074009
v 0.065287 0.683000 -0.074009
v 0.068093 0.682815 -0.074009
v 0.070912 0.682683 -0.074009
v 0.073744 0.682604 -0.074009
v 0.076589 0.682578 -0.074009
v 0.079428 0.682564 -0.074009
v 0.082240 0.682525 -0.074009
v 0.085026 0.682459 -0.074009
v 0.087786 0.682366 -0.074009
v 0.090519 0.682248 -0.074009
v 0.093226 0.682102 -0.074009
v 0.095906 0.681931 -0.074009
v 0.098560 0.681733 -0.074009
v 0.101188 0.681508 -0.074009
v 0.103789 0.681257 -0.074009
v 0.106364 0.680980 -0.074009
v 0.108912 0.680676 -0.074009
v 0.112348 0.678310 -0.074009
v 0.115685 0.675963 -0.074009
v 0.118924 0.673636 -0.074009
v 0.122063 0.671328 -0.074009
v 0.125103 0.669041 -0.074009
v 0.128044 0.666773 -0.074009
v 0.130886 0.664525 -0.074009
v 0.133629 0.662297 -0.074009
v 0.136273 0.660088 -0.074009
v 0.138818 0.657900 -0.074009
v 0.141264 0.655731 -0.074009
v 0.143611 0.653582 -0.074009
v 0.145879 0.651302 -0.074009
v 0.148087 0.648737 -0.074009
v 0.150236 0.645888 -0.074009
v 0.152326 0.642755 -0.074009
v 0.154356 0.639339 -0.074009
v 0.156326 0.635639 -0.074009
v 0.158238 0.631654 -0.074009
v 0.160089 0.627386 -0.074009
v 0.161882 0.622834 -0.074009
v 0.163615 0.617998 -0.074009
v 0.165288 0.612879 -0.074009
v 0.166902 0.607475 -0.074009
v 0.167071 0.607317 -0.074009
v 0.167259 0.607158 -0.074009
v 0.167467 0.607000 -0.074009
v 0.167695 0.606841 -0.074009
v 0.167942 0.606683 -0.074009
v 0.168210 0.606525 -0.074009
v 0.168497 0.606366 -0.074009
v 0.168804 0.606208 -0.074009
v 0.169131 0.606049 -0.074009
v 0.169477 0.605891 -0.074009
v 0.169844 0.605732 -0.074009
v 0.170230 0.605574 -0.074009
v 0.170616 0.605402 -0.074009
v 0.170982 0.605204 -0.074009
v 0.171329 0.604980 -0.074009
v 0.171656 0.604729 -0.074009
v 0.171963 0.604452 -0.074009
v 0.172250 0.604148 -0.074009
v 0.172517 0.603818 -0.074009
v 0.172765 0.603461 -0.074009
v 0.172993 0.603078 -0.074009
v 0.173201 0.602669 -0.074009
v 0.173389 0.602233 -0.074009
v 0.173557 0.601771 -0.074009
v 0.173877 0.601613 -0.074009
v 0.174204 0.601454 -0.074009
v 0.174537 0.601296 -0.074009
v 0.174877 0.601137 -0.074009
v 0.175224 0.600979 -0.074009
v 0.175577 0.600821 -0.074009
v 0.175937 0.600662 -0.074009
v 0.176303 0.600504 -0.074009
v 0.176676 0.600345 -0.074009
v 0.177056 0.600187 -0.074009
v 0.177442 0.600028 -0.074009
v 0.177835 0.599870 -0.074009
v 0.178234 0.599698 -0.074009
v 0.178640 0.599500 -0.074009
v 0.179053 0.599276 -0.074009
v 0.179472 0.599025 -0.074009
v 0.179898 0.598747 -0.074009
v 0.180331 0.598444 -0.074009
v 0.180770 0.598114 -0.074009
v 0.181215 0.597757 -0.074009
v 0.181667 0.597374 -0.074009
v 0.182126 0.596965 -0.074009
v 0.182592 0.596529 -0.074009
v 0.183064 0.596067 -0.074009
v 0.183532 0.595123 -0.074009
v 0.183988 0.594192 -0.074009
v 0.184430 0.593275 -0.074009
v 0.184859 0.592370 -0.074009
v 0.185275 0.591479 -0.074009
v 0.185678 0.590601 -0.074009
v 0.186068 0.589736 -0.074009
v 0.186444 0.588884 -0.074009
v 0.186807 0.588046 -0.074009
v 0.187157 0.587221 -0.074009
v 0.187494 0.586409 -0.074009
v 0.187817 0.585610 -0.074009
v 0.188134 0.584811 -0.074009
v 0.188451 0.583999 -0.074009
v 0.188768 0.583174 -0.074009
v 0.189085 0.582335 -0.074009
v 0.189401 0.581484 -0.074009
v 0.189718 0.580619 -0.074009
v 0.190035 0.579741 -0.074009
v 0.190352 0.578850 -0.074009
v 0.190669 0.577945 -0.074009
v 0.190986 0.577027 -0.074009
v 0.191303 0.576097 -0.074009
v 0.191620 0.575153 -0.074009
v 0.191950 0.574205 -0.074009
v 0.192306 0.573264 -0.074009
v 0.192689 0.572330 -0.074009
v 0.193098 0.571403 -0.074009
v 0.193534 0.570482 -0.074009
v 0.193996 0.569567 -0.074009
v 0.194485 0.568660 -0.074009
v 0.195000 0.567758 -0.074009
v 0.195541 0.566864 -0.074009
v 0.196109 0.565976 -0.074009
v 0.196703 0.565095 -0.074009
v 0.197324 0.564220 -0.074009
v 0.197964 0.563345 -0.074009
v 0.198618 0.562464 -0.074009
v 0.199284 0.561576 -0.074009
v 0.199964 0.560681 -0.074009
v 0.200658 0.559780 -0.074009
v 0.201364 0.558872 -0.074009
v 0.202084 0.557958 -0.074009
v 0.202816 0.557037 -0.074009
v 0.203562 0.556110 -0.074009
v 0.204322 0.555175 -0.074009
v 0.205094 0.554235 -0.074009
v 0.205880 0.553287 -0.074009
v 0.206372 0.551231 -0.074009
v 0.206896 0.549181 -0.074009
v 0.207454 0.547138 -0.074009
v 0.208045 0.545101 -0.074009
v 0.208669 0.543071 -0.074009
v 0.209326 0.541047 -0.074009
v 0.210016 0.539030 -0.074009
v 0.210739 0.537020 -0.074009
v 0.211495 0.535017 -0.074009
v 0.212283 0.533020 -0.074009
v 0.213105 0.531029 -0.074009
v 0.213960 0.529045 -0.074009
v 0.214782 0.527035 -0.074009
v 0.215505 0.524965 -0.074009
v 0.216129 0.522836 -0.074009
v 0.216654 0.520648 -0.074009
v 0.217080 0.518400 -0.074009
v 0.217407 0.516092 -0.074009
v 0.217634 0.513726 -0.074009
v 0.217763 0.511299 -0.074009
v 0.217793 0.508814 -0.074009
v 0.217723 0.506269 -0.074009
v 0.217555 0.503664 -0.074009
v 0.217288 0.501001 -0.074009
v 0.226794 0.488642 -0.074009
v 0.226798 0.487685 -0.074009
v 0.226808 0.486714 -0.074009
v 0.226824 0.485731 -0.074009
v 0.226847 0.484734 -0.074009
v 0.226877 0.483724 -0.074009
v 0.226913 0.482700 -0.074009
v 0.226956 0.481664 -0.074009
v 0.227006 0.480614 -0.074009
v 0.227062 0.479551 -0.074009
v 0.227124 0.478475 -0.074009
v 0.227194 0.477386 -0.074009
v 0.227270 0.476283 -0.074009
v 0.227346 0.475174 -0.074009
v 0.227415 0.474065 -0.074009
v 0.227478 0.472956 -0.074009
v 0.227534 0.471847 -0.074009
v 0.227583 0.470738 -0.074009
v 0.227626 0.469629 -0.074009
v 0.227663 0.468520 -0.074009
v 0.227692 0.467410 -0.074009
v 0.227715 0.466301 -0.074009
v 0.227732 0.465192 -0.074009
v 0.227742 0.464083 -0.074009
v 0.227745 0.462974 -0.074009
v 0.228659 0.462324 -0.074009
v 0.229501 0.461640 -0.074009
v 0.230270 0.460924 -0.074009
v 0.230967 0.460175 -0.074009
v 0.231591 0.459393 -0.074009
v 0.232142 0.458577 -0.074009
v 0.232620 0.457729 -0.074009
v 0.233026 0.456848 -0.074009
v 0.233360 0.455933 -0.074009
v 0.233621 0.454986 -0.074009
v 0.233809 0.454006 -0.074009
v 0.233924 0.452992 -0.074009
v 0.234007 0.451959 -0.074009
v 0.234096 0.450919 -0.074009
v 0.234192 0.449873 -0.074009
v 0.234294 0.448820 -0.074009
v 0.234403 0.447760 -0.074009
v 0.234518 0.446694 -0.074009
v 0.234641 0.445621 -0.074009
v 0.234769 0.444542 -0.074009
v 0.234905 0.443456 -0.074009
v 0.235047 0.442363 -0.074009
v 0.235195 0.441264 -0.074009
v 0.235350 0.440158 -0.074009
v 0.235984 0.439363 -0.074009
v 0.236618 0.438560 -0.074009
v 0.237252 0.437752 -0.074009
v 0.237885 0.436936 -0.074009
v 0.238519 0.436114 -0.074009
v 0.239153 0.435286 -0.074009
v 0.239787 0.434451 -0.074009
v 0.240420 0.433609 -0.074009
v 0.241054 0.432761 -0.074009
v 0.241688 0.431906 -0.074009
v 0.242322 0.431044 -0.074009
v 0.242956 0.430176 -0.074009
v 0.243589 0.429308 -0.074009
v 0.244223 0.428446 -0.074009
v 0.244857 0.427591 -0.074009
v 0.245491 0.426743 -0.074009
v 0.246124 0.425901 -0.074009
v 0.246758 0.425066 -0.074009
v 0.247392 0.424238 -0.074009
v 0.248026 0.423416 -0.074009
v 0.248659 0.422600 -0.074009
v 0.249293 0.421792 -0.074009
v 0.249927 0.420990 -0.074009
v 0.250561 0.420194 -0.074009
v 0.250881 0.418626 -0.074009
v 0.251208 0.417091 -0.074009
v 0.251541 0.415589 -0.074009
v 0.251881 0.414120 -0.074009
v 0.252228 0.412684 -0.074009
v 0.252581 0.411281 -0.074009
v 0.252941 0.409912 -0.074009
v 0.253307 0.408575 -0.074009
v 0.253680 0.407271 -0.074009
v 0.254060 0.406000 -0.074009
v 0.254446 0.404762 -0.074009
v 0.254839 0.403557 -0.074009
v 0.255225 0.402366 -0.074009
v 0.255592 0.401168 -0.074009
v 0.255938 0.399963 -0.074009
v 0.256265 0.398751 -0.074009
v 0.256572 0.397533 -0.074009
v 0.256859 0.396309 -0.074009
v 0.257127 0.395077 -0.074009
v 0.257374 0.393840 -0.074009
v 0.257602 0.392595 -0.074009
v 0.257810 0.391344 -0.074009
v 0.257998 0.390086 -0.074009
v 0.258166 0.388822 -0.074009
v 0.258011 0.388030 -0.074009
v 0.257863 0.387238 -0.074009
v 0.257721 0.386445 -0.074009
v 0.257585 0.385653 -0.074009
v 0.257457 0.384861 -0.074009
v 0.257335 0.384069 -0.074009
v 0.257219 0.383276 -0.074009
v 0.257110 0.382484 -0.074009
v 0.257008 0.381692 -0.074009
v 0.256912 0.380900 -0.074009
v 0.256823 0.380108 -0.074009
v 0.256740 0.379315 -0.074009
v 0.256658 0.378517 -0.074009
v 0.256569 0.377705 -0.074009
v 0.256473 0.376879 -0.074009
v 0.256371 0.376041 -0.074009
v 0.256262 0.375189 -0.074009
v 0.256146 0.374325 -0.074009
v 0.256024 0.373446 -0.074009
v 0.255895 0.372555 -0.074009
v 0.255760 0.371651 -0.074009
v 0.255618 0.370733 -0.074009
v 0.255469 0.369802 -0.074009
v 0.255314 0.368858 -0.074009
v 0.255664 0.366973 -0.074009
v 0.256080 0.365121 -0.074009
v 0.256562 0.363303 -0.074009
v 0.257110 0.361517 -0.074009
v 0.257724 0.359764 -0.074009
v 0.258404 0.358044 -0.074009
v 0.259150 0.356358 -0.074009
v 0.259962 0.354704 -0.074009
v 0.260840 0.353083 -0.074009
v 0.261784 0.351495 -0.074009
v 0.262794 0.349941 -0.074009
v 0.263870 0.348419 -0.074009
v 0.264973 0.346910 -0.074009
v 0.266062 0.345395 -0.074009
v 0.267138 0.343874 -0.074009
v 0.268201 0.342345 -0.074009
v 0.269251 0.340810 -0.074009
v 0.270287 0.339269 -0.074009
v 0.271311 0.337721 -0.074009
v 0.272321 0.336166 -0.074009
v 0.273318 0.334605 -0.074009
v 0.274301 0.333037 -0.074009
v 0.275272 0.331462 -0.074009
v 0.276229 0.329881 -0.074009
v 0.277180 0.326075 -0.074009
v 0.278130 0.322262 -0.074009
v 0.279081 0.318443 -0.074009
v 0.280032 0.314617 -0.074009
v 0.280982 0.310785 -0.074009
v 0.281933 0.306946 -0.074009
v 0.282883 0.303100 -0.074009
v 0.283834 0.299248 -0.074009
v 0.284785 0.295390 -0.074009
v 0.285735 0.291524 -0.074009
v 0.286686 0.287652 -0.074009
v 0.287637 0.283774 -0.074009
v 0.288561 0.279888 -0.074009
v 0.289433 0.275997 -0.074009
v 0.290251 0.272098 -0.074009
v 0.291017 0.268193 -0.074009
v 0.291730 0.264282 -0.074009
v 0.292390 0.260363 -0.074009
v 0.292998 0.256439 -0.074009
v 0.293552 0.252507 -0.074009
v 0.294054 0.248569 -0.074009
v 0.294503 0.244625 -0.074009
v 0.294899 0.240673 -0.074009
v 0.295242 0.236716 -0.074009
v 0.297540 0.233850 -0.074009
v 0.299679 0.230959 -0.074009
v 0.301659 0.228041 -0.074009
v 0.303481 0.225096 -0.074009
v 0.305145 0.222126 -0.074009
v 0.306650 0.219128 -0.074009
v 0.307997 0.216105 -0.074009
v 0.309185 0.213055 -0.074009
v 0.310215 0.209978 -0.074009
v 0.311087 0.206875 -0.074009
v 0.311800 0.203746 -0.074009
v 0.312354 0.200590 -0.074009
v 0.312836 0.197415 -0.074009
v 0.313331 0.194226 -0.074009
v 0.313840 0.191024 -0.074009
v 0.314361 0.187809 -0.074009
v 0.314896 0.184581 -0.074009
v 0.315444 0.181339 -0.074009
v 0.316005 0.178085 -0.074009
v 0.316579 0.174817 -0.074009
v 0.317167 0.171536 -0.074009
v 0.317768 0.168241 -0.074009
v 0.318382 0.164934 -0.074009
v 0.319009 0.161613 -0.074009
v 0.319464 0.160194 -0.074009
v 0.319880 0.158788 -0.074009
v 0.320257 0.157395 -0.074009
v 0.320593 0.156015 -0.074009
v 0.320890 0.154648 -0.074009
v 0.321148 0.153295 -0.074009
v 0.321366 0.151955 -0.074009
v 0.321544 0.150628 -0.074009
v 0.321683 0.149314 -0.074009
v 0.321782 0.148013 -0.074009
v 0.321841 0.146726 -0.074009
v 0.321861 0.145452 -0.074009
v 0.321868 0.144171 -0.074009
v 0.321887 0.142864 -0.074009
v 0.321920 0.141530 -0.074009
v 0.321967 0.140170 -0.074009
v 0.322026 0.138784 -0.074009
v 0.322099 0.137371 -0.074009
v 0.322184 0.135932 -0.074009
v 0.322283 0.134466 -0.074009
v 0.322396 0.132974 -0.074009
v 0.322521 0.131456 -0.074009
v 0.322660 0.129911 -0.074009
v 0.322812 0.128340 -0.074009
v 0.323323 0.127198 -0.074009
v 0.323907 0.125990 -0.074009
v 0.324564 0.124715 -0.074009
v 0.325294 0.123375 -0.074009
v 0.326096 0.121969 -0.074009
v 0.326971 0.120497 -0.074009
v 0.327918 0.118959 -0.074009
v 0.328938 0.117354 -0.074009
v 0.330031 0.115684 -0.074009
v 0.331196 0.113948 -0.074009
v 0.332434 0.112145 -0.074009
v 0.333744 0.110277 -0.074009
v 0.335074 0.108415 -0.074009
v 0.336372 0.106633 -0.074009
v 0.337636 0.104930 -0.074009
v 0.338867 0.103306 -0.074009
v 0.340066 0.101761 -0.074009
v 0.341231 0.100295 -0.074009
v 0.342363 0.098909 -0.074009
v 0.343462 0.097602 -0.074009
v 0.344528 0.096374 -0.074009
v 0.345562 0.095225 -0.074009
v 0.346562 0.094155 -0.074009
v 0.347529 0.093165 -0.074009
v 0.347535 0.091105 -0.074009
v 0.347555 0.089046 -0.074009
v 0.347588 0.086986 -0.074009
v 0.347634 0.084926 -0.074009
v 0.347694 0.082866 -0.074009
v 0.347767 0.080807 -0.074009
v 0.347852 0.078747 -0.074009
v 0.347951 0.076687 -0.074009
v 0.348064 0.074627 -0.074009
v 0.348189 0.072567 -0.074009
v 0.348328 0.070508 -0.074009
v 0.051872 0.285675 -0.074009
v 0.053278 0.286114 -0.074009
v 0.054645 0.286639 -0.074009
v 0.055972 0.287249 -0.074009
v 0.057259 0.287946 -0.074009
v 0.058507 0.288728 -0.074009
v 0.059715 0.289596 -0.074009
v 0.060883 0.290550 -0.074009
v 0.062012 0.291590 -0.074009
v 0.063102 0.292716 -0.074009
v 0.064151 0.293927 -0.074009
v 0.065161 0.295224 -0.074009
v 0.066132 0.296608 -0.074009
v 0.065944 0.298020 -0.074009
v 0.065696 0.299407 -0.074009
v 0.065389 0.300767 -0.074009
v 0.065023 0.302100 -0.074009
v 0.064597 0.303407 -0.074009
v 0.064112 0.304688 -0.074009
v 0.063567 0.305943 -0.074009
v 0.062963 0.307171 -0.074009
v 0.062300 0.308372 -0.074009
v 0.061577 0.309547 -0.074009
v 0.060794 0.310696 -0.074009
v 0.059953 0.311818 -0.074009
v 0.059137 0.312934 -0.074009
v 0.058434 0.314063 -0.074009
v 0.057843 0.315205 -0.074009
v 0.057365 0.316360 -0.074009
v 0.056998 0.317529 -0.074009
v 0.056744 0.318711 -0.074009
v 0.056602 0.319905 -0.074009
v 0.056573 0.321114 -0.074009
v 0.056655 0.322335 -0.074009
v 0.056850 0.323570 -0.074009
v 0.057157 0.324817 -0.074009
v 0.057576 0.326078 -0.074009
v 0.056817 0.327679 -0.074009
v 0.056123 0.329313 -0.074009
v 0.055496 0.330980 -0.074009
v 0.054935 0.332680 -0.074009
v 0.054440 0.334413 -0.074009
v 0.054011 0.336179 -0.074009
v 0.053648 0.337978 -0.074009
v 0.053351 0.339810 -0.074009
v 0.053120 0.341675 -0.074009
v 0.052955 0.343573 -0.074009
v 0.052856 0.345504 -0.074009
v 0.052823 0.347468 -0.074009
v 0.052836 0.349373 -0.074009
v 0.052875 0.351126 -0.074009
v 0.052941 0.352727 -0.074009
v 0.053034 0.354176 -0.074009
v 0.053153 0.355473 -0.074009
v 0.053298 0.356618 -0.074009
v 0.053470 0.357612 -0.074009
v 0.053668 0.358454 -0.074009
v 0.053892 0.359144 -0.074009
v 0.054143 0.359682 -0.074009
v 0.054420 0.360068 -0.074009
v 0.054724 0.360302 -0.074009
v 0.054572 0.360639 -0.074009
v 0.054433 0.361015 -0.074009
v 0.054308 0.361431 -0.074009
v 0.054196 0.361887 -0.074009
v 0.054097 0.362382 -0.074009
v 0.054011 0.362916 -0.074009
v 0.053938 0.363491 -0.074009
v 0.053879 0.364105 -0.074009
v 0.053833 0.364758 -0.074009
v 0.053800 0.365452 -0.074009
v 0.053780 0.366184 -0.074009
v 0.053773 0.366957 -0.074009
v 0.052984 0.368053 -0.074009
v 0.052202 0.369122 -0.074009
v 0.051426 0.370165 -0.074009
v 0.050657 0.371182 -0.074009
v 0.049895 0.372172 -0.074009
v 0.049139 0.373136 -0.074009
v 0.048389 0.374074 -0.074009
v 0.047647 0.374985 -0.074009
v 0.046911 0.375869 -0.074009
v 0.046181 0.376728 -0.074009
v 0.045458 0.377559 -0.074009
v 0.044742 0.378365 -0.074009
v 0.044032 0.379164 -0.074009
v 0.043329 0.379976 -0.074009
v 0.042633 0.380801 -0.074009
v 0.041943 0.381639 -0.074009
v 0.041259 0.382491 -0.074009
v 0.040583 0.383356 -0.074009
v 0.039913 0.384234 -0.074009
v 0.039249 0.385125 -0.074009
v 0.038592 0.386030 -0.074009
v 0.037942 0.386947 -0.074009
v 0.037298 0.387878 -0.074009
v 0.036661 0.388822 -0.074009
v 0.036628 0.388558 -0.074009
v 0.036529 0.388400 -0.074009
v 0.036364 0.388347 -0.074009
v 0.036133 0.388400 -0.074009
v 0.035836 0.388558 -0.074009
v 0.035473 0.388822 -0.074009
v 0.035044 0.389192 -0.074009
v 0.034549 0.389667 -0.074009
v 0.033987 0.390248 -0.074009
v 0.033360 0.390935 -0.074009
v 0.032667 0.391727 -0.074009
v 0.031908 0.392625 -0.074009
v 0.030970 0.392816 -0.074009
v 0.030059 0.393074 -0.074009
v 0.029175 0.393397 -0.074009
v 0.028317 0.393787 -0.074009
v 0.027485 0.394242 -0.074009
v 0.026679 0.394764 -0.074009
v 0.025900 0.395351 -0.074009
v 0.025148 0.396005 -0.074009
v 0.024421 0.396725 -0.074009
v 0.023722 0.397510 -0.074009
v 0.023048 0.398362 -0.074009
v 0.022401 0.399279 -0.074009
v 0.022236 0.399910 -0.074009
v 0.022058 0.400534 -0.074009
v 0.021867 0.401151 -0.074009
v 0.021662 0.401762 -0.074009
v 0.021444 0.402366 -0.074009
v 0.021213 0.402963 -0.074009
v 0.020969 0.403554 -0.074009
v 0.020711 0.404138 -0.074009
v 0.020441 0.404716 -0.074009
v 0.020157 0.405287 -0.074009
v 0.019860 0.405852 -0.074009
v 0.019549 0.406409 -0.074009
v 0.019219 0.406947 -0.074009
v 0.018863 0.407453 -0.074009
v 0.018480 0.407925 -0.074009
v 0.018070 0.408364 -0.074009
v 0.017635 0.408770 -0.074009
v 0.017173 0.409143 -0.074009
v 0.016684 0.409483 -0.074009
v 0.016169 0.409790 -0.074009
v 0.015628 0.410064 -0.074009
v 0.015060 0.410305 -0.074009
v 0.014466 0.410513 -0.074009
v 0.013845 0.410687 -0.074009
v 0.013218 0.410668 -0.074009
v 0.012604 0.410608 -0.074009
v 0.012003 0.410509 -0.074009
v 0.011416 0.410371 -0.074009
v 0.010841 0.410192 -0.074009
v 0.010280 0.409974 -0.074009
v 0.009732 0.409717 -0.074009
v 0.009198 0.409420 -0.074009
v 0.008676 0.409083 -0.074009
v 0.008168 0.408707 -0.074009
v 0.007673 0.408291 -0.074009
v 0.007191 0.407835 -0.074009
v 0.006702 0.407367 -0.074009
v 0.006187 0.406911 -0.074009
v 0.005646 0.406469 -0.074009
v 0.005078 0.406040 -0.074009
v 0.004484 0.405624 -0.074009
v 0.003863 0.405221 -0.074009
v 0.003216 0.404832 -0.074009
v 0.002543 0.404455 -0.074009
v 0.001843 0.404092 -0.074009
v 0.001117 0.403742 -0.074009
v 0.000364 0.403406 -0.074009
v -0.000415 0.403082 -0.074009
v -0.001200 0.402920 -0.074009
v -0.001973 0.402752 -0.074009
v -0.002732 0.402577 -0.074009
v -0.003478 0.402395 -0.074009
v -0.004211 0.402207 -0.074009
v -0.004930 0.402013 -0.074009
v -0.005637 0.401811 -0.074009
v -0.006330 0.401603 -0.074009
v -0.007010 0.401389 -0.074009
v -0.007677 0.401168 -0.074009
v -0.008330 0.400940 -0.074009
v -0.008971 0.400705 -0.074009
v -0.009618 0.400471 -0.074009
v -0.010291 0.400243 -0.074009
v -0.010991 0.400022 -0.074009
v -0.011717 0.399808 -0.074009
v -0.012470 0.399600 -0.074009
v -0.013249 0.399398 -0.074009
v -0.014054 0.399204 -0.074009
v -0.014886 0.399015 -0.074009
v -0.015744 0.398834 -0.074009
v -0.016629 0.398659 -0.074009
v -0.017540 0.398490 -0.074009
v -0.018477 0.398329 -0.074009
v -0.019712 0.397035 -0.074009
v -0.020880 0.395688 -0.074009
v -0.021983 0.394288 -0.074009
v -0.023019 0.392836 -0.074009
v -0.023990 0.391331 -0.074009
v -0.024894 0.389773 -0.074009
v -0.025733 0.388162 -0.074009
v -0.026505 0.386498 -0.074009
v -0.027212 0.384782 -0.074009
v -0.027852 0.383013 -0.074009
v -0.028426 0.381190 -0.074009
v -0.028935 0.379315 -0.074009
v -0.028935 0.365056 -0.074009
v -0.029730 0.363646 -0.074009
v -0.030532 0.362270 -0.074009
v -0.031341 0.360926 -0.074009
v -0.032156 0.359616 -0.074009
v -0.032978 0.358338 -0.074009
v -0.033807 0.357094 -0.074009
v -0.034642 0.355882 -0.074009
v -0.035484 0.354704 -0.074009
v -0.036332 0.353558 -0.074009
v -0.037187 0.352446 -0.074009
v -0.038049 0.351367 -0.074009
v -0.038917 0.350320 -0.074009
v -0.039772 0.349287 -0.074009
v -0.040594 0.348247 -0.074009
v -0.041382 0.347201 -0.074009
v -0.042138 0.346148 -0.074009
v -0.042861 0.345088 -0.074009
v -0.043551 0.344022 -0.074009
v -0.044208 0.342949 -0.074009
v -0.044832 0.341870 -0.074009
v -0.045423 0.340784 -0.074009
v -0.045981 0.339691 -0.074009
v -0.046505 0.338592 -0.074009
v -0.046997 0.337486 -0.074009
v -0.047512 0.334661 -0.074009
v -0.048106 0.331888 -0.074009
v -0.048780 0.329168 -0.074009
v -0.049532 0.326501 -0.074009
v -0.050364 0.323886 -0.074009
v -0.051275 0.321325 -0.074009
v -0.052265 0.318816 -0.074009
v -0.053335 0.316360 -0.074009
v -0.054484 0.313957 -0.074009
v -0.055712 0.311607 -0.074009
v -0.057019 0.309310 -0.074009
v -0.058405 0.307065 -0.074009
v -0.058428 0.305801 -0.074009
v -0.058498 0.304543 -0.074009
v -0.058613 0.303292 -0.074009
v -0.058775 0.302047 -0.074009
v -0.058983 0.300810 -0.074009
v -0.059237 0.299578 -0.074009
v -0.059537 0.298354 -0.074009
v -0.059884 0.297136 -0.074009
v -0.060277 0.295924 -0.074009
v -0.060716 0.294719 -0.074009
v -0.061201 0.293521 -0.074009
v -0.061733 0.292330 -0.074009
v -0.062277 0.291145 -0.074009
v -0.062802 0.289966 -0.074009
v -0.063307 0.288794 -0.074009
v -0.063792 0.287629 -0.074009
v -0.064258 0.286470 -0.074009
v -0.064703 0.285318 -0.074009
v -0.065129 0.284173 -0.074009
v -0.065535 0.283034 -0.074009
v -0.065921 0.281902 -0.074009
v -0.066288 0.280776 -0.074009
v -0.066634 0.279657 -0.074009
v -0.066961 0.278545 -0.074009
v -0.067113 0.278347 -0.074009
v -0.067252 0.278070 -0.074009
v -0.067377 0.277713 -0.074009
v -0.067489 0.277277 -0.074009
v -0.067588 0.276762 -0.074009
v -0.067674 0.276168 -0.074009
v -0.067747 0.275495 -0.074009
v -0.067806 0.274742 -0.074009
v -0.067852 0.273910 -0.074009
v -0.067885 0.272999 -0.074009
v -0.067905 0.272009 -0.074009
v -0.067912 0.270940 -0.074009
v -0.067859 0.269877 -0.074009
v -0.067701 0.268906 -0.074009
v -0.067437 0.268028 -0.074009
v -0.067067 0.267243 -0.074009
v -0.066592 0.266549 -0.074009
v -0.066011 0.265949 -0.074009
v -0.065324 0.265440 -0.074009
v -0.064532 0.265024 -0.074009
v -0.063634 0.264701 -0.074009
v -0.062630 0.264470 -0.074009
v -0.061521 0.264331 -0.074009
v -0.060307 0.264285 -0.074009
v -0.059366 0.264288 -0.074009
v -0.058445 0.264298 -0.074009
v -0.057544 0.264315 -0.074009
v -0.056662 0.264338 -0.074009
v -0.055801 0.264367 -0.074009
v -0.054959 0.264404 -0.074009
v -0.054137 0.264447 -0.074009
v -0.053335 0.264496 -0.074009
v -0.052553 0.264552 -0.074009
v -0.051790 0.264615 -0.074009
v -0.051048 0.264684 -0.074009
v -0.050325 0.264760 -0.074009
v -0.049608 0.264836 -0.074009
v -0.048885 0.264906 -0.074009
v -0.048156 0.264968 -0.074009
v -0.047420 0.265024 -0.074009
v -0.046677 0.265074 -0.074009
v -0.045928 0.265117 -0.074009
v -0.045172 0.265153 -0.074009
v -0.044409 0.265183 -0.074009
v -0.043640 0.265206 -0.074009
v -0.042864 0.265222 -0.074009
v -0.042082 0.265232 -0.074009
v -0.041293 0.265236 -0.074009
v -0.040811 0.265071 -0.074009
v -0.040316 0.264892 -0.074009
v -0.039808 0.264701 -0.074009
v -0.039286 0.264496 -0.074009
v -0.038752 0.264278 -0.074009
v -0.038204 0.264047 -0.074009
v -0.037642 0.263803 -0.074009
v -0.037068 0.263546 -0.074009
v -0.036481 0.263275 -0.074009
v -0.035880 0.262991 -0.074009
v -0.035266 0.262694 -0.074009
v -0.034639 0.262384 -0.074009
v -0.034018 0.262073 -0.074009
v -0.033424 0.261776 -0.074009
v -0.032856 0.261492 -0.074009
v -0.032315 0.261222 -0.074009
v -0.031800 0.260964 -0.074009
v -0.031311 0.260720 -0.074009
v -0.030849 0.260489 -0.074009
v -0.030413 0.260271 -0.074009
v -0.030004 0.260066 -0.074009
v -0.029621 0.259875 -0.074009
v -0.029265 0.259697 -0.074009
v -0.028935 0.259532 -0.074009
v -0.025937 0.259868 -0.074009
v -0.022967 0.260245 -0.074009
v -0.020022 0.260661 -0.074009
v -0.017104 0.261116 -0.074009
v -0.014213 0.261611 -0.074009
v -0.011347 0.262146 -0.074009
v -0.008509 0.262720 -0.074009
v -0.005696 0.263334 -0.074009
v -0.002910 0.263988 -0.074009
v -0.000151 0.264681 -0.074009
v 0.002583 0.265414 -0.074009
v 0.005289 0.266186 -0.074009
v 0.007976 0.266992 -0.074009
v 0.010650 0.267824 -0.074009
v 0.013311 0.268682 -0.074009
v 0.015958 0.269566 -0.074009
v 0.018592 0.270478 -0.074009
v 0.021213 0.271415 -0.074009
v 0.023821 0.272379 -0.074009
v 0.026415 0.273369 -0.074009
v 0.028997 0.274386 -0.074009
v 0.031565 0.275429 -0.074009
v 0.034120 0.276498 -0.074009
v 0.036661 0.277594 -0.074009
v 0.037784 0.278522 -0.074009
v 0.038932 0.279403 -0.074009
v 0.040107 0.280238 -0.074009
v 0.041309 0.281027 -0.074009
v 0.042537 0.281770 -0.074009
v 0.043791 0.282466 -0.074009
v 0.045072 0.283117 -0.074009
v 0.046379 0.283721 -0.074009
v 0.047713 0.284279 -0.074009
v 0.049073 0.284790 -0.074009
v 0.050459 0.285256 -0.074009
v 0.348479 0.068448 -0.074009
v 0.348479 0.068448 0.074009
v 0.348664 0.066388 -0.074009
v 0.348664 0.066388 0.074009
v 0.348902 0.064328 -0.074009
v 0.348902 0.064328 0.074009
v 0.349192 0.062269 -0.074009
v 0.349192 0.062269 0.074009
v 0.349536 0.060209 -0.074009
v 0.349536 0.060209 0.074009
v 0.349932 0.058149 -0.074009
v 0.349932 0.058149 0.074009
v 0.350381 0.056089 -0.074009
v 0.350381 0.056089 0.074009
v 0.350883 0.054030 -0.074009
v 0.350883 0.054030 0.074009
v 0.351437 0.051970 -0.074009
v 0.351437 0.051970 0.074009
v 0.352044 0.049910 -0.074009
v 0.352044 0.049910 0.074009
v 0.352705 0.047850 -0.074009
v 0.352705 0.047850 0.074009
v 0.353418 0.045790 -0.074009
v 0.353418 0.045790 0.074009
v 0.354183 0.043731 -0.074009
v 0.354183 0.043731 0.074009
v 0.354599 0.042740 -0.074009
v 0.354599 0.042740 0.074009
v 0.354896 0.041671 -0.074009
v 0.354896 0.041671 0.074009
v 0.355075 0.040522 -0.074009
v 0.355075 0.040522 0.074009
v 0.355134 0.039294 -0.074009
v 0.355134 0.039294 0.074009
v 0.355075 0.037987 -0.074009
v 0.355075 0.037987 0.074009
v 0.354896 0.036601 -0.074009
v 0.354896 0.036601 0.074009
v 0.354599 0.035135 -0.074009
v 0.354599 0.035135 0.074009
v 0.354183 0.033590 -0.074009
v 0.354183 0.033590 0.074009
v 0.353649 0.031966 -0.074009
v 0.353649 0.031966 0.074009
v 0.352995 0.030263 -0.074009
v 0.352995 0.030263 0.074009
v 0.352223 0.028480 -0.074009
v 0.352223 0.028480 0.074009
v 0.351332 0.026619 -0.074009
v 0.351332 0.026619 0.074009
v 0.349592 0.026480 -0.074009
v 0.349592 0.026480 0.074009
v 0.347859 0.026381 -0.074009
v 0.347859 0.026381 0.074009
v 0.346133 0.026322 -0.074009
v 0.346133 0.026322 0.074009
v 0.344413 0.026302 -0.074009
v 0.344413 0.026302 0.074009
v 0.342700 0.026322 -0.074009
v 0.342700 0.026322 0.074009
v 0.340993 0.026381 -0.074009
v 0.340993 0.026381 0.074009
v 0.339293 0.026480 -0.074009
v 0.339293 0.026480 0.074009
v 0.337600 0.026619 -0.074009
v 0.337600 0.026619 0.074009
v 0.335913 0.026797 -0.074009
v 0.335913 0.026797 0.074009
v 0.334233 0.027015 -0.074009
v 0.334233 0.027015 0.074009
v 0.332559 0.027272 -0.074009
v 0.332559 0.027272 0.074009
v 0.330892 0.027569 -0.074009
v 0.330892 0.027569 0.074009
v 0.329232 0.027886 -0.074009
v 0.329232 0.027886 0.074009
v 0.327578 0.028203 -0.074009
v 0.327578 0.028203 0.074009
v 0.325931 0.028520 -0.074009
v 0.325931 0.028520 0.074009
v 0.324290 0.028837 -0.074009
v 0.324290 0.028837 0.074009
v 0.322656 0.029154 -0.074009
v 0.322656 0.029154 0.074009
v 0.321029 0.029471 -0.074009
v 0.321029 0.029471 0.074009
v 0.319408 0.029788 -0.074009
v 0.319408 0.029788 0.074009
v 0.317794 0.030104 -0.074009
v 0.317794 0.030104 0.074009
v 0.316187 0.030421 -0.074009
v 0.316187 0.030421 0.074009
v 0.314586 0.030738 -0.074009
v 0.314586 0.030738 0.074009
v 0.312991 0.031055 -0.074009
v 0.312991 0.031055 0.074009
v 0.311404 0.031372 -0.074009
v 0.311404 0.031372 0.074009
v 0.308789 0.030444 -0.074009
v 0.308789 0.030444 0.074009
v 0.306333 0.029563 -0.074009
v 0.306333 0.029563 0.074009
v 0.304036 0.028728 -0.074009
v 0.304036 0.028728 0.074009
v 0.301897 0.027939 -0.074009
v 0.301897 0.027939 0.074009
v 0.299916 0.027196 -0.074009
v 0.299916 0.027196 0.074009
v 0.298094 0.026500 -0.074009
v 0.298094 0.026500 0.074009
v 0.296431 0.025850 -0.074009
v 0.296431 0.025850 0.074009
v 0.294925 0.025245 -0.074009
v 0.294925 0.025245 0.074009
v 0.293579 0.024688 -0.074009
v 0.293579 0.024688 0.074009
v 0.292390 0.024176 -0.074009
v 0.292390 0.024176 0.074009
v 0.291360 0.023711 -0.074009
v 0.291360 0.023711 0.074009
v 0.290489 0.023291 -0.074009
v 0.290489 0.023291 0.074009
v 0.289693 0.022915 -0.074009
v 0.289693 0.022915 0.074009
v 0.288891 0.022578 -0.074009
v 0.288891 0.022578 0.074009
v 0.288083 0.022281 -0.074009
v 0.288083 0.022281 0.074009
v 0.287267 0.022024 -0.074009
v 0.287267 0.022024 0.074009
v 0.286445 0.021806 -0.074009
v 0.286445 0.021806 0.074009
v 0.285617 0.021628 -0.074009
v 0.285617 0.021628 0.074009
v 0.284782 0.021489 -0.074009
v 0.284782 0.021489 0.074009
v 0.283940 0.021390 -0.074009
v 0.283940 0.021390 0.074009
v 0.283092 0.021331 -0.074009
v 0.283092 0.021331 0.074009
v 0.282237 0.021311 -0.074009
v 0.282237 0.021311 0.074009
v 0.281375 0.021331 -0.074009
v 0.281375 0.021331 0.074009
v 0.280507 0.021390 -0.074009
v 0.280507 0.021390 0.074009
v 0.279573 0.021466 -0.074009
v 0.279573 0.021466 0.074009
v 0.278513 0.021535 -0.074009
v 0.278513 0.021535 0.074009
v 0.277328 0.021598 -0.074009
v 0.277328 0.021598 0.074009
v 0.276018 0.021654 -0.074009
v 0.276018 0.021654 0.074009
v 0.274582 0.021704 -0.074009
v 0.274582 0.021704 0.074009
v 0.273021 0.021746 -0.074009
v 0.273021 0.021746 0.074009
v 0.271334 0.021783 -0.074009
v 0.271334 0.021783 0.074009
v 0.269521 0.021812 -0.074009
v 0.269521 0.021812 0.074009
v 0.267584 0.021836 -0.074009
v 0.267584 0.021836 0.074009
v 0.265521 0.021852 -0.074009
v 0.265521 0.021852 0.074009
v 0.263332 0.021862 -0.074009
v 0.263332 0.021862 0.074009
v 0.261018 0.021865 -0.074009
v 0.261018 0.021865 0.074009
v 0.260391 0.021697 -0.074009
v 0.260391 0.021697 0.074009
v 0.259777 0.021509 -0.074009
v 0.259777 0.021509 0.074009
v 0.259176 0.021301 -0.074009
v 0.259176 0.021301 0.074009
v 0.258589 0.021073 -0.074009
v 0.258589 0.021073 0.074009
v 0.258014 0.020826 -0.074009
v 0.258014 0.020826 0.074009
v 0.257453 0.020558 -0.074009
v 0.257453 0.020558 0.074009
v 0.256905 0.020271 -0.074009
v 0.256905 0.020271 0.074009
v 0.256371 0.019964 -0.074009
v 0.256371 0.019964 0.074009
v 0.255849 0.019637 -0.074009
v 0.255849 0.019637 0.074009
v 0.255341 0.019291 -0.074009
v 0.255341 0.019291 0.074009
v 0.254846 0.018924 -0.074009
v 0.254846 0.018924 0.074009
v 0.254364 0.018538 -0.074009
v 0.254364 0.018538 0.074009
v 0.253875 0.018145 -0.074009
v 0.253875 0.018145 0.074009
v 0.253360 0.017759 -0.074009
v 0.253360 0.017759 0.074009
v 0.252819 0.017379 -0.074009
v 0.252819 0.017379 0.074009
v 0.252251 0.017006 -0.074009
v 0.252251 0.017006 0.074009
v 0.251657 0.016640 -0.074009
v 0.251657 0.016640 0.074009
v 0.251036 0.016280 -0.074009
v 0.251036 0.016280 0.074009
v 0.250389 0.015927 -0.074009
v 0.250389 0.015927 0.074009
v 0.249716 0.015580 -0.074009
v 0.249716 0.015580 0.074009
v 0.249016 0.015240 -0.074009
v 0.249016 0.015240 0.074009
v 0.248290 0.014907 -0.074009
v 0.248290 0.014907 0.074009
v 0.247537 0.014580 -0.074009
v 0.247537 0.014580 0.074009
v 0.246758 0.014260 -0.074009
v 0.246758 0.014260 0.074009
v 0.246755 0.014257 -0.074009
v 0.246755 0.014257 0.074009
v 0.246745 0.014247 -0.074009
v 0.246745 0.014247 0.074009
v 0.246729 0.014230 -0.074009
v 0.246729 0.014230 0.074009
v 0.246706 0.014207 -0.074009
v 0.246706 0.014207 0.074009
v 0.246676 0.014177 -0.074009
v 0.246676 0.014177 0.074009
v 0.246639 0.014141 -0.074009
v 0.246639 0.014141 0.074009
v 0.246597 0.014098 -0.074009
v 0.246597 0.014098 0.074009
v 0.246547 0.014049 -0.074009
v 0.246547 0.014049 0.074009
v 0.246491 0.013993 -0.074009
v 0.246491 0.013993 0.074009
v 0.246428 0.013930 -0.074009
v 0.246428 0.013930 0.074009
v 0.246359 0.013861 -0.074009
v 0.246359 0.013861 0.074009
v 0.246283 0.013785 -0.074009
v 0.246283 0.013785 0.074009
v 0.246194 0.013709 -0.074009
v 0.246194 0.013709 0.074009
v 0.246085 0.013639 -0.074009
v 0.246085 0.013639 0.074009
v 0.245956 0.013577 -0.074009
v 0.245956 0.013577 0.074009
v 0.245808 0.013521 -0.074009
v 0.245808 0.013521 0.074009
v 0.245639 0.013471 -0.074009
v 0.245639 0.013471 0.074009
v 0.245451 0.013428 -0.074009
v 0.245451 0.013428 0.074009
v 0.245243 0.013392 -0.074009
v 0.245243 0.013392 0.074009
v 0.245015 0.013362 -0.074009
v 0.245015 0.013362 0.074009
v 0.244768 0.013339 -0.074009
v 0.244768 0.013339 0.074009
v 0.244501 0.013323 -0.074009
v 0.244501 0.013323 0.074009
v 0.244213 0.013313 -0.074009
v 0.244213 0.013313 0.074009
v 0.243906 0.013309 -0.074009
v 0.243906 0.013309 0.074009
v 0.242002 0.013303 -0.074009
v 0.242002 0.013303 0.074009
v 0.240090 0.013283 -0.074009
v 0.240090 0.013283 0.074009
v 0.238173 0.013250 -0.074009
v 0.238173 0.013250 0.074009
v 0.236248 0.013204 -0.074009
v 0.236248 0.013204 0.074009
v 0.234317 0.013144 -0.074009
v 0.234317 0.013144 0.074009
v 0.232379 0.013072 -0.074009
v 0.232379 0.013072 0.074009
v 0.230435 0.012986 -0.074009
v 0.230435 0.012986 0.074009
v 0.228484 0.012887 -0.074009
v 0.228484 0.012887 0.074009
v 0.226527 0.012775 -0.074009
v 0.226527 0.012775 0.074009
v 0.224563 0.012649 -0.074009
v 0.224563 0.012649 0.074009
v 0.222592 0.012510 -0.074009
v 0.222592 0.012510 0.074009
v 0.220615 0.012359 -0.074009
v 0.220615 0.012359 0.074009
v 0.218638 0.012207 -0.074009
v 0.218638 0.012207 0.074009
v 0.216667 0.012068 -0.074009
v 0.216667 0.012068 0.074009
v 0.214703 0.011943 -0.074009
v 0.214703 0.011943 0.074009
v 0.212746 0.011831 -0.074009
v 0.212746 0.011831 0.074009
v 0.210795 0.011731 -0.074009
v 0.210795 0.011731 0.074009
v 0.208851 0.011646 -0.074009
v 0.208851 0.011646 0.074009
v 0.206913 0.011573 -0.074009
v 0.206913 0.011573 0.074009
v 0.204982 0.011514 -0.074009
v 0.204982 0.011514 0.074009
v 0.203057 0.011467 -0.074009
v 0.203057 0.011467 0.074009
v 0.201140 0.011434 -0.074009
v 0.201140 0.011434 0.074009
v 0.199228 0.011415 -0.074009
v 0.199228 0.011415 0.074009
v 0.197324 0.011408 -0.074009
v 0.197324 0.011408 0.074009
v 0.196248 0.012646 -0.074009
v 0.196248 0.012646 0.074009
v 0.195238 0.013824 -0.074009
v 0.195238 0.013824 0.074009
v 0.194293 0.014943 -0.074009
v 0.194293 0.014943 0.074009
v 0.193415 0.016003 -0.074009
v 0.193415 0.016003 0.074009
v 0.192603 0.017003 -0.074009
v 0.192603 0.017003 0.074009
v 0.191857 0.017944 -0.074009
v 0.191857 0.017944 0.074009
v 0.191177 0.018825 -0.074009
v 0.191177 0.018825 0.074009
v 0.190563 0.019647 -0.074009
v 0.190563 0.019647 0.074009
v 0.190015 0.020410 -0.074009
v 0.190015 0.020410 0.074009
v 0.189534 0.021113 -0.074009
v 0.189534 0.021113 0.074009
v 0.189118 0.021756 -0.074009
v 0.189118 0.021756 0.074009
v 0.188768 0.022341 -0.074009
v 0.188768 0.022341 0.074009
v 0.188438 0.022965 -0.074009
v 0.188438 0.022965 0.074009
v 0.188081 0.023727 -0.074009
v 0.188081 0.023727 0.074009
v 0.187698 0.024628 -0.074009
v 0.187698 0.024628 0.074009
v 0.187289 0.025668 -0.074009
v 0.187289 0.025668 0.074009
v 0.186853 0.026846 -0.074009
v 0.186853 0.026846 0.074009
v 0.186391 0.028163 -0.074009
v 0.186391 0.028163 0.074009
v 0.185903 0.029619 -0.074009
v 0.185903 0.029619 0.074009
v 0.185388 0.031214 -0.074009
v 0.185388 0.031214 0.074009
v 0.184846 0.032946 -0.074009
v 0.184846 0.032946 0.074009
v 0.184278 0.034818 -0.074009
v 0.184278 0.034818 0.074009
v 0.183684 0.036828 -0.074009
v 0.183684 0.036828 0.074009
v 0.183064 0.038977 -0.074009
v 0.183064 0.038977 0.074009
v 0.182555 0.040113 -0.074009
v 0.182555 0.040113 0.074009
v 0.181981 0.041301 -0.074009
v 0.181981 0.041301 0.074009
v 0.181341 0.042542 -0.074009
v 0.181341 0.042542 0.074009
v 0.180634 0.043836 -0.074009
v 0.180634 0.043836 0.074009
v 0.179862 0.045183 -0.074009
v 0.179862 0.045183 0.074009
v 0.179023 0.046583 -0.074009
v 0.179023 0.046583 0.074009
v 0.178119 0.048035 -0.074009
v 0.178119 0.048035 0.074009
v 0.177149 0.049540 -0.074009
v 0.177149 0.049540 0.074009
v 0.176112 0.051098 -0.074009
v 0.176112 0.051098 0.074009
v 0.175009 0.052709 -0.074009
v 0.175009 0.052709 0.074009
v 0.173841 0.054373 -0.074009
v 0.173841 0.054373 0.074009
v 0.172606 0.056089 -0.074009
v 0.172606 0.056089 0.074009
v 0.170547 0.058225 -0.074009
v 0.170547 0.058225 0.074009
v 0.168487 0.060512 -0.074009
v 0.168487 0.060512 0.074009
v 0.166427 0.062952 -0.074009
v 0.166427 0.062952 0.074009
v 0.164367 0.065543 -0.074009
v 0.164367 0.065543 0.074009
v 0.162308 0.068286 -0.074009
v 0.162308 0.068286 0.074009
v 0.160248 0.071181 -0.074009
v 0.160248 0.071181 0.074009
v 0.158188 0.074228 -0.074009
v 0.158188 0.074228 0.074009
v 0.156128 0.077426 -0.074009
v 0.156128 0.077426 0.074009
v 0.154068 0.080777 -0.074009
v 0.154068 0.080777 0.074009
v 0.152009 0.084279 -0.074009
v 0.152009 0.084279 0.074009
v 0.149949 0.087933 -0.074009
v 0.149949 0.087933 0.074009
v 0.147889 0.091739 -0.074009
v 0.147889 0.091739 0.074009
v 0.145862 0.095558 -0.074009
v 0.145862 0.095558 0.074009
v 0.143902 0.099252 -0.074009
v 0.143902 0.099252 0.074009
v 0.142007 0.102820 -0.074009
v 0.142007 0.102820 0.074009
v 0.140178 0.106263 -0.074009
v 0.140178 0.106263 0.074009
v 0.138415 0.109581 -0.074009
v 0.138415 0.109581 0.074009
v 0.136719 0.112773 -0.074009
v 0.136719 0.112773 0.074009
v 0.135088 0.115839 -0.074009
v 0.135088 0.115839 0.074009
v 0.133524 0.118780 -0.074009
v 0.133524 0.118780 0.074009
v 0.132025 0.121596 -0.074009
v 0.132025 0.121596 0.074009
v 0.130592 0.124286 -0.074009
v 0.130592 0.124286 0.074009
v 0.129226 0.126851 -0.074009
v 0.129226 0.126851 0.074009
v 0.127925 0.129290 -0.074009
v 0.127925 0.129290 0.074009
v 0.121271 0.135945 -0.074009
v 0.121271 0.135945 0.074009
v 0.120643 0.135932 -0.074009
v 0.120643 0.135932 0.074009
v 0.120029 0.135892 -0.074009
v 0.120029 0.135892 0.074009
v 0.119429 0.135826 -0.074009
v 0.119429 0.135826 0.074009
v 0.118841 0.135734 -0.074009
v 0.118841 0.135734 0.074009
v 0.118267 0.135615 -0.074009
v 0.118267 0.135615 0.074009
v 0.117705 0.135470 -0.074009
v 0.117705 0.135470 0.074009
v 0.117158 0.135298 -0.074009
v 0.117158 0.135298 0.074009
v 0.116623 0.135100 -0.074009
v 0.116623 0.135100 0.074009
v 0.116101 0.134876 -0.074009
v 0.116101 0.134876 0.074009
v 0.115593 0.134625 -0.074009
v 0.115593 0.134625 0.074009
v 0.115098 0.134347 -0.074009
v 0.115098 0.134347 0.074009
v 0.114616 0.134044 -0.074009
v 0.114616 0.134044 0.074009
v 0.111460 0.132123 -0.074009
v 0.111460 0.132123 0.074009
v 0.108331 0.130479 -0.074009
v 0.108331 0.130479 0.074009
v 0.105228 0.129112 -0.074009
v 0.105228 0.129112 0.074009
v 0.102152 0.128023 -0.074009
v 0.102152 0.128023 0.074009
v 0.099101 0.127211 -0.074009
v 0.099101 0.127211 0.074009
v 0.096078 0.126676 -0.074009
v 0.096078 0.126676 0.074009
v 0.093081 0.126419 -0.074009
v 0.093081 0.126419 0.074009
v 0.090110 0.126438 -0.074009
v 0.090110 0.126438 0.074009
v 0.087165 0.126736 -0.074009
v 0.087165 0.126736 0.074009
v 0.084247 0.127310 -0.074009
v 0.084247 0.127310 0.074009
v 0.081356 0.128162 -0.074009
v 0.081356 0.128162 0.074009
v 0.078491 0.129290 -0.074009
v 0.078491 0.129290 0.074009
v 0.076751 0.129898 -0.074009
v 0.076751 0.129898 0.074009
v 0.075018 0.130452 -0.074009
v 0.075018 0.130452 0.074009
v 0.073292 0.130954 -0.074009
v 0.073292 0.130954 0.074009
v 0.071572 0.131403 -0.074009
v 0.071572 0.131403 0.074009
v 0.069859 0.131799 -0.074009
v 0.069859 0.131799 0.074009
v 0.068152 0.132142 -0.074009
v 0.068152 0.132142 0.074009
v 0.066452 0.132433 -0.074009
v 0.066452 0.132433 0.074009
v 0.064759 0.132671 -0.074009
v 0.064759 0.132671 0.074009
v 0.063072 0.132855 -0.074009
v 0.063072 0.132855 0.074009
v 0.061392 0.132988 -0.074009
v 0.061392 0.132988 0.074009
v 0.059718 0.133067 -0.074009
v 0.059718 0.133067 0.074009
v 0.058051 0.133093 -0.074009
v 0.058051 0.133093 0.074009
v 0.056378 0.133093 -0.074009
v 0.056378 0.133093 0.074009
v 0.054684 0.133093 -0.074009
v 0.054684 0.133093 0.074009
v 0.052971 0.133093 -0.074009
v 0.052971 0.133093 0.074009
v 0.051238 0.133093 -0.074009
v 0.051238 0.133093 0.074009
v 0.049485 0.133093 -0.074009
v 0.049485 0.133093 0.074009
v 0.047713 0.133093 -0.074009
v 0.047713 0.133093 0.074009
v 0.045920 0.133093 -0.074009
v 0.045920 0.133093 0.074009
v 0.044108 0.133093 -0.074009
v 0.044108 0.133093 0.074009
v 0.042276 0.133093 -0.074009
v 0.042276 0.133093 0.074009
v 0.040424 0.133093 -0.074009
v 0.040424 0.133093 0.074009
v 0.038553 0.133093 -0.074009
v 0.038553 0.133093 0.074009
v 0.036661 0.133093 -0.074009
v 0.036661 0.133093 0.074009
v 0.035387 0.133235 -0.074009
v 0.035387 0.133235 0.074009
v 0.034100 0.133344 -0.074009
v 0.034100 0.133344 0.074009
v 0.032799 0.133420 -0.074009
v 0.032799 0.133420 0.074009
v 0.031485 0.133463 -0.074009
v 0.031485 0.133463 0.074009
v 0.030158 0.133473 -0.074009
v 0.030158 0.133473 0.074009
v 0.028818 0.133450 -0.074009
v 0.028818 0.133450 0.074009
v 0.027465 0.133394 -0.074009
v 0.027465 0.133394 0.074009
v 0.026098 0.133304 -0.074009
v 0.026098 0.133304 0.074009
v 0.024719 0.133182 -0.074009
v 0.024719 0.133182 0.074009
v 0.023326 0.133027 -0.074009
v 0.023326 0.133027 0.074009
v 0.021919 0.132839 -0.074009
v 0.021919 0.132839 0.074009
v 0.020500 0.132618 -0.074009
v 0.020500 0.132618 0.074009
v 0.019061 0.132390 -0.074009
v 0.019061 0.132390 0.074009
v 0.017595 0.132182 -0.074009
v 0.017595 0.132182 0.074009
v 0.016103 0.131994 -0.074009
v 0.016103 0.131994 0.074009
v 0.014585 0.131826 -0.074009
v 0.014585 0.131826 0.074009
v 0.013040 0.131677 -0.074009
v 0.013040 0.131677 0.074009
v 0.011469 0.131548 -0.074009
v 0.011469 0.131548 0.074009
v 0.009871 0.131439 -0.074009
v 0.009871 0.131439 0.074009
v 0.008247 0.131350 -0.074009
v 0.008247 0.131350 0.074009
v 0.006597 0.131281 -0.074009
v 0.006597 0.131281 0.074009
v 0.004920 0.131231 -0.074009
v 0.004920 0.131231 0.074009
v 0.003216 0.131202 -0.074009
v 0.003216 0.131202 0.074009
v 0.001487 0.131192 -0.074009
v 0.001487 0.131192 0.074009
v 0.000371 0.131198 -0.074009
v 0.000371 0.131198 0.074009
v -0.000758 0.131218 -0.074009
v -0.000758 0.131218 0.074009
v -0.001900 0.131251 -0.074009
v -0.001900 0.131251 0.074009
v -0.003055 0.131297 -0.074009
v -0.003055 0.131297 0.074009
v -0.004224 0.131357 -0.074009
v -0.004224 0.131357 0.074009
v -0.005406 0.131429 -0.074009
v -0.005406 0.131429 0.074009
v -0.006601 0.131515 -0.074009
v -0.006601 0.131515 0.074009
v -0.007809 0.131614 -0.074009
v -0.007809 0.131614 0.074009
v -0.009030 0.131727 -0.074009
v -0.009030 0.131727 0.074009
v -0.010265 0.131852 -0.074009
v -0.010265 0.131852 0.074009
v -0.011512 0.131991 -0.074009
v -0.011512 0.131991 0.074009
v -0.012773 0.132142 -0.074009
v -0.012773 0.132142 0.074009
v -0.014041 0.132294 -0.074009
v -0.014041 0.132294 0.074009
v -0.015308 0.132433 -0.074009
v -0.015308 0.132433 0.074009
v -0.016576 0.132558 -0.074009
v -0.016576 0.132558 0.074009
v -0.017844 0.132671 -0.074009
v -0.017844 0.132671 0.074009
v -0.019111 0.132770 -0.074009
v -0.019111 0.132770 0.074009
v -0.020379 0.132855 -0.074009
v -0.020379 0.132855 0.074009
v -0.021646 0.132928 -0.074009
v -0.021646 0.132928 0.074009
v -0.022914 0.132988 -0.074009
v -0.022914 0.132988 0.074009
v -0.024181 0.133034 -0.074009
v -0.024181 0.133034 0.074009
v -0.025449 0.133067 -0.074009
v -0.025449 0.133067 0.074009
v -0.026716 0.133087 -0.074009
v -0.026716 0.133087 0.074009
v -0.027984 0.133093 -0.074009
v -0.027984 0.133093 0.074009
v -0.029575 0.132773 -0.074009
v -0.029575 0.132773 0.074009
v -0.031179 0.132446 -0.074009
v -0.031179 0.132446 0.074009
v -0.032797 0.132113 -0.074009
v -0.032797 0.132113 0.074009
v -0.034427 0.131773 -0.074009
v -0.034427 0.131773 0.074009
v -0.036071 0.131426 -0.074009
v -0.036071 0.131426 0.074009
v -0.037728 0.131073 -0.074009
v -0.037728 0.131073 0.074009
v -0.039399 0.130713 -0.074009
v -0.039399 0.130713 0.074009
v -0.041082 0.130347 -0.074009
v -0.041082 0.130347 0.074009
v -0.042779 0.129974 -0.074009
v -0.042779 0.129974 0.074009
v -0.044489 0.129594 -0.074009
v -0.044489 0.129594 0.074009
v -0.046212 0.129208 -0.074009
v -0.046212 0.129208 0.074009
v -0.047948 0.128815 -0.074009
v -0.047948 0.128815 0.074009
v -0.049678 0.128403 -0.074009
v -0.049678 0.128403 0.074009
v -0.051381 0.127957 -0.074009
v -0.051381 0.127957 0.074009
v -0.053058 0.127478 -0.074009
v -0.053058 0.127478 0.074009
v -0.054708 0.126967 -0.074009
v -0.054708 0.126967 0.074009
v -0.056332 0.126422 -0.074009
v -0.056332 0.126422 0.074009
v -0.057930 0.125844 -0.074009
v -0.057930 0.125844 0.074009
v -0.059501 0.125234 -0.074009
v -0.059501 0.125234 0.074009
v -0.061046 0.124590 -0.074009
v -0.061046 0.124590 0.074009
v -0.062564 0.123913 -0.074009
v -0.062564 0.123913 0.074009
v -0.064056 0.123204 -0.074009
v -0.064056 0.123204 0.074009
v -0.065522 0.122461 -0.074009
v -0.065522 0.122461 0.074009
v -0.066961 0.121685 -0.074009
v -0.066961 0.121685 0.074009
v -0.068539 0.120919 -0.074009
v -0.068539 0.120919 0.074009
v -0.070104 0.120206 -0.074009
v -0.070104 0.120206 0.074009
v -0.071655 0.119546 -0.074009
v -0.071655 0.119546 0.074009
v -0.073193 0.118939 -0.074009
v -0.073193 0.118939 0.074009
v -0.074718 0.118384 -0.074009
v -0.074718 0.118384 0.074009
v -0.076230 0.117883 -0.074009
v -0.076230 0.117883 0.074009
v -0.077729 0.117434 -0.074009
v -0.077729 0.117434 0.074009
v -0.079214 0.117037 -0.074009
v -0.079214 0.117037 0.074009
v -0.080687 0.116694 -0.074009
v -0.080687 0.116694 0.074009
v -0.082145 0.116404 -0.074009
v -0.082145 0.116404 0.074009
v -0.083591 0.116166 -0.074009
v -0.083591 0.116166 0.074009
v -0.085024 0.115981 -0.074009
v -0.085024 0.115981 0.074009
v -0.086456 0.115823 -0.074009
v -0.086456 0.115823 0.074009
v -0.087902 0.115664 -0.074009
v -0.087902 0.115664 0.074009
v -0.089361 0.115506 -0.074009
v -0.089361 0.115506 0.074009
v -0.090834 0.115347 -0.074009
v -0.090834 0.115347 0.074009
v -0.092319 0.115189 -0.074009
v -0.092319 0.115189 0.074009
v -0.093818 0.115030 -0.074009
v -0.093818 0.115030 0.074009
v -0.095329 0.114872 -0.074009
v -0.095329 0.114872 0.074009
v -0.096854 0.114714 -0.074009
v -0.096854 0.114714 0.074009
v -0.098393 0.114555 -0.074009
v -0.098393 0.114555 0.074009
v -0.099944 0.114397 -0.074009
v -0.099944 0.114397 0.074009
v -0.101509 0.114238 -0.074009
v -0.101509 0.114238 0.074009
v -0.103087 0.114080 -0.074009
v -0.103087 0.114080 0.074009
v -0.105301 0.114057 -0.074009
v -0.105301 0.114057 0.074009
v -0.107510 0.113987 -0.074009
v -0.107510 0.113987 0.074009
v -0.109711 0.113872 -0.074009
v -0.109711 0.113872 0.074009
v -0.111907 0.113710 -0.074009
v -0.111907 0.113710 0.074009
v -0.114095 0.113502 -0.074009
v -0.114095 0.113502 0.074009
v -0.116277 0.113248 -0.074009
v -0.116277 0.113248 0.074009
v -0.118452 0.112948 -0.074009
v -0.118452 0.112948 0.074009
v -0.120621 0.112601 -0.074009
v -0.120621 0.112601 0.074009
v -0.122783 0.112208 -0.074009
v -0.122783 0.112208 0.074009
v -0.124939 0.111769 -0.074009
v -0.124939 0.111769 0.074009
v -0.127088 0.111284 -0.074009
v -0.127088 0.111284 0.074009
v -0.129230 0.110753 -0.074009
v -0.129230 0.110753 0.074009
v -0.131372 0.110195 -0.074009
v -0.131372 0.110195 0.074009
v -0.133521 0.109630 -0.074009
v -0.133521 0.109630 0.074009
v -0.135677 0.109059 -0.074009
v -0.135677 0.109059 0.074009
v -0.137839 0.108481 -0.074009
v -0.137839 0.108481 0.074009
v -0.140007 0.107897 -0.074009
v -0.140007 0.107897 0.074009
v -0.142183 0.107306 -0.074009
v -0.142183 0.107306 0.074009
v -0.144365 0.106709 -0.074009
v -0.144365 0.106709 0.074009
v -0.146553 0.106105 -0.074009
v -0.146553 0.106105 0.074009
v -0.148748 0.105494 -0.074009
v -0.148748 0.105494 0.074009
v -0.150950 0.104877 -0.074009
v -0.150950 0.104877 0.074009
v -0.153158 0.104253 -0.074009
v -0.153158 0.104253 0.074009
v -0.155373 0.103623 -0.074009
v -0.155373 0.103623 0.074009
v -0.155858 0.103457 -0.074009
v -0.155858 0.103457 0.074009
v -0.156363 0.103279 -0.074009
v -0.156363 0.103279 0.074009
v -0.156888 0.103088 -0.074009
v -0.156888 0.103088 0.074009
v -0.157433 0.102883 -0.074009
v -0.157433 0.102883 0.074009
v -0.157997 0.102665 -0.074009
v -0.157997 0.102665 0.074009
v -0.158582 0.102434 -0.074009
v -0.158582 0.102434 0.074009
v -0.159186 0.102190 -0.074009
v -0.159186 0.102190 0.074009
v -0.159810 0.101932 -0.074009
v -0.159810 0.101932 0.074009
v -0.160453 0.101662 -0.074009
v -0.160453 0.101662 0.074009
v -0.161117 0.101378 -0.074009
v -0.161117 0.101378 0.074009
v -0.161800 0.101081 -0.074009
v -0.161800 0.101081 0.074009
v -0.162503 0.100771 -0.074009
v -0.162503 0.100771 0.074009
v -0.163200 0.100434 -0.074009
v -0.163200 0.100434 0.074009
v -0.163863 0.100058 -0.074009
v -0.163863 0.100058 0.074009
v -0.164494 0.099642 -0.074009
v -0.164494 0.099642 0.074009
v -0.165091 0.099186 -0.074009
v -0.165091 0.099186 0.074009
v -0.165656 0.098691 -0.074009
v -0.165656 0.098691 0.074009
v -0.166187 0.098156 -0.074009
v -0.166187 0.098156 0.074009
v -0.166685 0.097582 -0.074009
v -0.166685 0.097582 0.074009
v -0.167151 0.096968 -0.074009
v -0.167151 0.096968 0.074009
v -0.167583 0.096314 -0.074009
v -0.167583 0.096314 0.074009
v -0.167983 0.095621 -0.074009
v -0.167983 0.095621 0.074009
v -0.168349 0.094888 -0.074009
v -0.168349 0.094888 0.074009
v -0.168682 0.094116 -0.074009
v -0.168682 0.094116 0.074009
v -0.168686 0.093010 -0.074009
v -0.168686 0.093010 0.074009
v -0.168696 0.091911 -0.074009
v -0.168696 0.091911 0.074009
v -0.168712 0.090818 -0.074009
v -0.168712 0.090818 0.074009
v -0.168735 0.089732 -0.074009
v -0.168735 0.089732 0.074009
v -0.168765 0.088653 -0.074009
v -0.168765 0.088653 0.074009
v -0.168801 0.087580 -0.074009
v -0.168801 0.087580 0.074009
v -0.168844 0.086514 -0.074009
v -0.168844 0.086514 0.074009
v -0.168894 0.085454 -0.074009
v -0.168894 0.085454 0.074009
v -0.168950 0.084401 -0.074009
v -0.168950 0.084401 0.074009
v -0.169013 0.083355 -0.074009
v -0.169013 0.083355 0.074009
v -0.169082 0.082315 -0.074009
v -0.169082 0.082315 0.074009
v -0.169158 0.081282 -0.074009
v -0.169158 0.081282 0.074009
v -0.169234 0.080242 -0.074009
v -0.169234 0.080242 0.074009
v -0.169303 0.079182 -0.074009
v -0.169303 0.079182 0.074009
v -0.169366 0.078103 -0.074009
v -0.169366 0.078103 0.074009
v -0.169422 0.077004 -0.074009
v -0.169422 0.077004 0.074009
v -0.169471 0.075885 -0.074009
v -0.169471 0.075885 0.074009
v -0.169514 0.074746 -0.074009
v -0.169514 0.074746 0.074009
v -0.169551 0.073587 -0.074009
v -0.169551 0.073587 0.074009
v -0.169580 0.072409 -0.074009
v -0.169580 0.072409 0.074009
v -0.169603 0.071211 -0.074009
v -0.169603 0.071211 0.074009
v -0.169620 0.069993 -0.074009
v -0.169620 0.069993 0.074009
v -0.169630 0.068755 -0.074009
v -0.169630 0.068755 0.074009
v -0.169633 0.067497 -0.074009
v -0.169633 0.067497 0.074009
v -0.170247 0.065741 -0.074009
v -0.170247 0.065741 0.074009
v -0.170821 0.063959 -0.074009
v -0.170821 0.063959 0.074009
v -0.171356 0.062150 -0.074009
v -0.171356 0.062150 0.074009
v -0.171851 0.060314 -0.074009
v -0.171851 0.060314 0.074009
v -0.172307 0.058453 -0.074009
v -0.172307 0.058453 0.074009
v -0.172723 0.056565 -0.074009
v -0.172723 0.056565 0.074009
v -0.173099 0.054650 -0.074009
v -0.173099 0.054650 0.074009
v -0.173436 0.052709 -0.074009
v -0.173436 0.052709 0.074009
v -0.173733 0.050742 -0.074009
v -0.173733 0.050742 0.074009
v -0.173990 0.048748 -0.074009
v -0.173990 0.048748 0.074009
v -0.174208 0.046728 -0.074009
v -0.174208 0.046728 0.074009
v -0.174386 0.044681 -0.074009
v -0.174386 0.044681 0.074009
v -0.175367 0.041866 -0.074009
v -0.175367 0.041866 0.074009
v -0.176407 0.039123 -0.074009
v -0.176407 0.039123 0.074009
v -0.177506 0.036452 -0.074009
v -0.177506 0.036452 0.074009
v -0.178664 0.033854 -0.074009
v -0.178664 0.033854 0.074009
v -0.179882 0.031329 -0.074009
v -0.179882 0.031329 0.074009
v -0.181160 0.028876 -0.074009
v -0.181160 0.028876 0.074009
v -0.182497 0.026496 -0.074009
v -0.182497 0.026496 0.074009
v -0.183893 0.024189 -0.074009
v -0.183893 0.024189 0.074009
v -0.185349 0.021954 -0.074009
v -0.185349 0.021954 0.074009
v -0.186864 0.019792 -0.074009
v -0.186864 0.019792 0.074009
v -0.188438 0.017703 -0.074009
v -0.188438 0.017703 0.074009
v -0.190072 0.015686 -0.074009
v -0.190072 0.015686 0.074009
v -0.191739 0.013702 -0.074009
v -0.191739 0.013702 0.074009
v -0.193413 0.011712 -0.074009
v -0.193413 0.011712 0.074009
v -0.195093 0.009715 -0.074009
v -0.195093 0.009715 0.074009
v -0.196780 0.007711 -0.074009
v -0.196780 0.007711 0.074009
v -0.198473 0.005701 -0.074009
v -0.198473 0.005701 0.074009
v -0.200173 0.003684 -0.074009
v -0.200173 0.003684 0.074009
v -0.201880 0.001660 -0.074009
v -0.201880 0.001660 0.074009
v -0.203593 -0.000370 -0.074009
v -0.203593 -0.000370 0.074009
v -0.205313 -0.002406 -0.074009
v -0.205313 -0.002406 0.074009
v -0.207039 -0.004450 -0.074009
v -0.207039 -0.004450 0.074009
v -0.208772 -0.006500 -0.074009
v -0.208772 -0.006500 0.074009
v -0.210512 -0.008556 -0.074009
v -0.210512 -0.008556 0.074009
v -0.211449 -0.008546 -0.074009
v -0.211449 -0.008546 0.074009
v -0.212360 -0.008516 -0.074009
v -0.212360 -0.008516 0.074009
v -0.213245 -0.008467 -0.074009
v -0.213245 -0.008467 0.074009
v -0.214103 -0.008398 -0.074009
v -0.214103 -0.008398 0.074009
v -0.214935 -0.008308 -0.074009
v -0.214935 -0.008308 0.074009
v -0.215740 -0.008199 -0.074009
v -0.215740 -0.008199 0.074009
v -0.216519 -0.008071 -0.074009
v -0.216519 -0.008071 0.074009
v -0.217272 -0.007922 -0.074009
v -0.217272 -0.007922 0.074009
v -0.217998 -0.007754 -0.074009
v -0.217998 -0.007754 0.074009
v -0.218698 -0.007566 -0.074009
v -0.218698 -0.007566 0.074009
v -0.219371 -0.007358 -0.074009
v -0.219371 -0.007358 0.074009
v -0.220018 -0.007130 -0.074009
v -0.220018 -0.007130 0.074009
v -0.220659 -0.006902 -0.074009
v -0.220659 -0.006902 0.074009
v -0.221312 -0.006694 -0.074009
v -0.221312 -0.006694 0.074009
v -0.221979 -0.006506 -0.074009
v -0.221979 -0.006506 0.074009
v -0.222659 -0.006338 -0.074009
v -0.222659 -0.006338 0.074009
v -0.223352 -0.006189 -0.074009
v -0.223352 -0.006189 0.074009
v -0.224059 -0.006061 -0.074009
v -0.224059 -0.006061 0.074009
v -0.224778 -0.005952 -0.074009
v -0.224778 -0.005952 0.074009
v -0.225511 -0.005862 -0.074009
v -0.225511 -0.005862 0.074009
v -0.226257 -0.005793 -0.074009
v -0.226257 -0.005793 0.074009
v -0.227016 -0.005744 -0.074009
v -0.227016 -0.005744 0.074009
v -0.227789 -0.005714 -0.074009
v -0.227789 -0.005714 0.074009
v -0.228574 -0.005704 -0.074009
v -0.228574 -0.005704 0.074009
v -0.229211 -0.005714 -0.074009
v -0.229211 -0.005714 0.074009
v -0.229855 -0.005744 -0.074009
v -0.229855 -0.005744 0.074009
v -0.230505 -0.005793 -0.074009
v -0.230505 -0.005793 0.074009
v -0.231162 -0.005862 -0.074009
v -0.231162 -0.005862 0.074009
v -0.231826 -0.005952 -0.074009
v -0.231826 -0.005952 0.074009
v -0.232496 -0.006061 -0.074009
v -0.232496 -0.006061 0.074009
v -0.233173 -0.006189 -0.074009
v -0.233173 -0.006189 0.074009
v -0.233856 -0.006338 -0.074009
v -0.233856 -0.006338 0.074009
v -0.234546 -0.006506 -0.074009
v -0.234546 -0.006506 0.074009
v -0.235242 -0.006694 -0.074009
v -0.235242 -0.006694 0.074009
v -0.235945 -0.006902 -0.074009
v -0.235945 -0.006902 0.074009
v -0.236655 -0.007130 -0.074009
v -0.236655 -0.007130 0.074009
v -0.237371 -0.007364 -0.074009
v -0.237371 -0.007364 0.074009
v -0.238094 -0.007592 -0.074009
v -0.238094 -0.007592 0.074009
v -0.238824 -0.007813 -0.074009
v -0.238824 -0.007813 0.074009
v -0.239560 -0.008028 -0.074009
v -0.239560 -0.008028 0.074009
v -0.240303 -0.008236 -0.074009
v -0.240303 -0.008236 0.074009
v -0.241052 -0.008437 -0.074009
v -0.241052 -0.008437 0.074009
v -0.241808 -0.008632 -0.074009
v -0.241808 -0.008632 0.074009
v -0.242570 -0.008820 -0.074009
v -0.242570 -0.008820 0.074009
v -0.243339 -0.009002 -0.074009
v -0.243339 -0.009002 0.074009
v -0.244115 -0.009177 -0.074009
v -0.244115 -0.009177 0.074009
v -0.244897 -0.009345 -0.074009
v -0.244897 -0.009345 0.074009
v -0.245686 -0.009507 -0.074009
v -0.245686 -0.009507 0.074009
v -0.247911 -0.009619 -0.074009
v -0.247911 -0.009619 0.074009
v -0.250149 -0.009639 -0.074009
v -0.250149 -0.009639 0.074009
v -0.252400 -0.009566 -0.074009
v -0.252400 -0.009566 0.074009
v -0.254665 -0.009401 -0.074009
v -0.254665 -0.009401 0.074009
v -0.256942 -0.009144 -0.074009
v -0.256942 -0.009144 0.074009
v -0.259233 -0.008794 -0.074009
v -0.259233 -0.008794 0.074009
v -0.261537 -0.008351 -0.074009
v -0.261537 -0.008351 0.074009
v -0.263855 -0.007817 -0.074009
v -0.263855 -0.007817 0.074009
v -0.266185 -0.007189 -0.074009
v -0.266185 -0.007189 0.074009
v -0.268529 -0.006470 -0.074009
v -0.268529 -0.006470 0.074009
v -0.270886 -0.005658 -0.074009
v -0.270886 -0.005658 0.074009
v -0.273256 -0.004753 -0.074009
v -0.273256 -0.004753 0.074009
v -0.273563 -0.004605 -0.074009
v -0.273563 -0.004605 0.074009
v -0.273850 -0.004476 -0.074009
v -0.273850 -0.004476 0.074009
v -0.274117 -0.004367 -0.074009
v -0.274117 -0.004367 0.074009
v -0.274365 -0.004278 -0.074009
v -0.274365 -0.004278 0.074009
v -0.274592 -0.004209 -0.074009
v -0.274592 -0.004209 0.074009
v -0.274800 -0.004159 -0.074009
v -0.274800 -0.004159 0.074009
v -0.274989 -0.004129 -0.074009
v -0.274989 -0.004129 0.074009
v -0.275157 -0.004120 -0.074009
v -0.275157 -0.004120 0.074009
v -0.275306 -0.004129 -0.074009
v -0.275306 -0.004129 0.074009
v -0.275434 -0.004159 -0.074009
v -0.275434 -0.004159 0.074009
v -0.275543 -0.004209 -0.074009
v -0.275543 -0.004209 0.074009
v -0.275632 -0.004278 -0.074009
v -0.275632 -0.004278 0.074009
v -0.275721 -0.004354 -0.074009
v -0.275721 -0.004354 0.074009
v -0.275830 -0.004423 -0.074009
v -0.275830 -0.004423 0.074009
v -0.275959 -0.004486 -0.074009
v -0.275959 -0.004486 0.074009
v -0.276108 -0.004542 -0.074009
v -0.276108 -0.004542 0.074009
v -0.276276 -0.004592 -0.074009
v -0.276276 -0.004592 0.074009
v -0.276464 -0.004634 -0.074009
v -0.276464 -0.004634 0.074009
v -0.276672 -0.004671 -0.074009
v -0.276672 -0.004671 0.074009
v -0.276900 -0.004701 -0.074009
v -0.276900 -0.004701 0.074009
v -0.277147 -0.004724 -0.074009
v -0.277147 -0.004724 0.074009
v -0.277415 -0.004740 -0.074009
v -0.277415 -0.004740 0.074009
v -0.277702 -0.004750 -0.074009
v -0.277702 -0.004750 0.074009
v -0.278009 -0.004753 -0.074009
v -0.278009 -0.004753 0.074009
v -0.283713 -0.004753 -0.074009
v -0.283713 -0.004753 0.074009
v -0.286565 -0.003803 -0.074009
v -0.286565 -0.003803 0.074009
v -0.286730 -0.003502 -0.074009
v -0.286730 -0.003502 0.074009
v -0.286908 -0.003235 -0.074009
v -0.286908 -0.003235 0.074009
v -0.287100 -0.003001 -0.074009
v -0.287100 -0.003001 0.074009
v -0.287304 -0.002799 -0.074009
v -0.287304 -0.002799 0.074009
v -0.287522 -0.002631 -0.074009
v -0.287522 -0.002631 0.074009
v -0.287753 -0.002495 -0.074009
v -0.287753 -0.002495 0.074009
v -0.287998 -0.002393 -0.074009
v -0.287998 -0.002393 0.074009
v -0.288255 -0.002324 -0.074009
v -0.288255 -0.002324 0.074009
v -0.288526 -0.002288 -0.074009
v -0.288526 -0.002288 0.074009
v -0.288810 -0.002284 -0.074009
v -0.288810 -0.002284 0.074009
v -0.289107 -0.002314 -0.074009
v -0.289107 -0.002314 0.074009
v -0.289417 -0.002377 -0.074009
v -0.289417 -0.002377 0.074009
v -0.289767 -0.002446 -0.074009
v -0.289767 -0.002446 0.074009
v -0.290183 -0.002495 -0.074009
v -0.290183 -0.002495 0.074009
v -0.290665 -0.002525 -0.074009
v -0.290665 -0.002525 0.074009
v -0.291213 -0.002535 -0.074009
v -0.291213 -0.002535 0.074009
v -0.291827 -0.002525 -0.074009
v -0.291827 -0.002525 0.074009
v -0.292507 -0.002495 -0.074009
v -0.292507 -0.002495 0.074009
v -0.293253 -0.002446 -0.074009
v -0.293253 -0.002446 0.074009
v -0.294065 -0.002377 -0.074009
v -0.294065 -0.002377 0.074009
v -0.294943 -0.002288 -0.074009
v -0.294943 -0.002288 0.074009
v -0.295887 -0.002179 -0.074009
v -0.295887 -0.002179 0.074009
v -0.296897 -0.002050 -0.074009
v -0.296897 -0.002050 0.074009
v -0.297973 -0.001901 -0.074009
v -0.297973 -0.001901 0.074009
v -0.299075 -0.001446 -0.074009
v -0.299075 -0.001446 0.074009
v -0.300165 -0.001030 -0.074009
v -0.300165 -0.001030 0.074009
v -0.301241 -0.000654 -0.074009
v -0.301241 -0.000654 0.074009
v -0.302304 -0.000317 -0.074009
v -0.302304 -0.000317 0.074009
v -0.303353 -0.000020 -0.074009
v -0.303353 -0.000020 0.074009
v -0.304390 0.000238 -0.074009
v -0.304390 0.000238 0.074009
v -0.305413 0.000456 -0.074009
v -0.305413 0.000456 0.074009
v -0.306423 0.000634 -0.074009
v -0.306423 0.000634 0.074009
v -0.307420 0.000772 -0.074009
v -0.307420 0.000772 0.074009
v -0.308404 0.000871 -0.074009
v -0.308404 0.000871 0.074009
v -0.309374 0.000931 -0.074009
v -0.309374 0.000931 0.074009
v -0.310332 0.000951 -0.074009
v -0.310332 0.000951 0.074009
v -0.311266 0.000951 -0.074009
v -0.311266 0.000951 0.074009
v -0.312167 0.000951 -0.074009
v -0.312167 0.000951 0.074009
v -0.313035 0.000951 -0.074009
v -0.313035 0.000951 0.074009
v -0.313870 0.000951 -0.074009
v -0.313870 0.000951 0.074009
v -0.314672 0.000951 -0.074009
v -0.314672 0.000951 0.074009
v -0.315441 0.000951 -0.074009
v -0.315441 0.000951 0.074009
v -0.316177 0.000951 -0.074009
v -0.316177 0.000951 0.074009
v -0.316881 0.000951 -0.074009
v -0.316881 0.000951 0.074009
v -0.317551 0.000951 -0.074009
v -0.317551 0.000951 0.074009
v -0.318188 0.000951 -0.074009
v -0.318188 0.000951 0.074009
v -0.318792 0.000951 -0.074009
v -0.318792 0.000951 0.074009
v -0.319363 0.000951 -0.074009
v -0.319363 0.000951 0.074009
v -0.319934 0.000957 -0.074009
v -0.319934 0.000957 0.074009
v -0.320538 0.000977 -0.074009
v -0.320538 0.000977 0.074009
v -0.321175 0.001010 -0.074009
v -0.321175 0.001010 0.074009
v -0.321845 0.001056 -0.074009
v -0.321845 0.001056 0.074009
v -0.322548 0.001116 -0.074009
v -0.322548 0.001116 0.074009
v -0.323284 0.001188 -0.074009
v -0.323284 0.001188 0.074009
v -0.324053 0.001274 -0.074009
v -0.324053 0.001274 0.074009
v -0.324856 0.001373 -0.074009
v -0.324856 0.001373 0.074009
v -0.325691 0.001485 -0.074009
v -0.325691 0.001485 0.074009
v -0.326559 0.001611 -0.074009
v -0.326559 0.001611 0.074009
v -0.327460 0.001750 -0.074009
v -0.327460 0.001750 0.074009
v -0.328394 0.001901 -0.074009
v -0.328394 0.001901 0.074009
v -0.328734 0.002056 -0.074009
v -0.328734 0.002056 0.074009
v -0.329120 0.002205 -0.074009
v -0.329120 0.002205 0.074009
v -0.329553 0.002347 -0.074009
v -0.329553 0.002347 0.074009
v -0.330031 0.002482 -0.074009
v -0.330031 0.002482 0.074009
v -0.330556 0.002611 -0.074009
v -0.330556 0.002611 0.074009
v -0.331127 0.002733 -0.074009
v -0.331127 0.002733 0.074009
v -0.331745 0.002849 -0.074009
v -0.331745 0.002849 0.074009
v -0.332408 0.002958 -0.074009
v -0.332408 0.002958 0.074009
v -0.333118 0.003060 -0.074009
v -0.333118 0.003060 0.074009
v -0.333874 0.003156 -0.074009
v -0.333874 0.003156 0.074009
v -0.334676 0.003245 -0.074009
v -0.334676 0.003245 0.074009
v -0.335524 0.003327 -0.074009
v -0.335524 0.003327 0.074009
v -0.336399 0.003423 -0.074009
v -0.336399 0.003423 0.074009
v -0.337280 0.003552 -0.074009
v -0.337280 0.003552 0.074009
v -0.338168 0.003714 -0.074009
v -0.338168 0.003714 0.074009
v -0.339063 0.003908 -0.074009
v -0.339063 0.003908 0.074009
v -0.339964 0.004136 -0.074009
v -0.339964 0.004136 0.074009
v -0.340872 0.004397 -0.074009
v -0.340872 0.004397 0.074009
v -0.341786 0.004691 -0.074009
v -0.341786 0.004691 0.074009
v -0.342707 0.005017 -0.074009
v -0.342707 0.005017 0.074009
v -0.343635 0.005377 -0.074009
v -0.343635 0.005377 0.074009
v -0.344569 0.005770 -0.074009
v -0.344569 0.005770 0.074009
v -0.345509 0.006196 -0.074009
v -0.345509 0.006196 0.074009
v -0.346457 0.006655 -0.074009
v -0.346457 0.006655 0.074009
v -0.346926 0.006803 -0.074009
v -0.346926 0.006803 0.074009
v -0.347381 0.006932 -0.074009
v -0.347381 0.006932 0.074009
v -0.347823 0.007041 -0.074009
v -0.347823 0.007041 0.074009
v -0.348253 0.007130 -0.074009
v -0.348253 0.007130 0.074009
v -0.348668 0.007199 -0.074009
v -0.348668 0.007199 0.074009
v -0.349071 0.007249 -0.074009
v -0.349071 0.007249 0.074009
v -0.349461 0.007279 -0.074009
v -0.349461 0.007279 0.074009
v -0.349837 0.007288 -0.074009
v -0.349837 0.007288 0.074009
v -0.350200 0.007279 -0.074009
v -0.350200 0.007279 0.074009
v -0.350550 0.007249 -0.074009
v -0.350550 0.007249 0.074009
v -0.350887 0.007199 -0.074009
v -0.350887 0.007199 0.074009
v -0.351210 0.007130 -0.074009
v -0.351210 0.007130 0.074009
v -0.351547 0.007061 -0.074009
v -0.351547 0.007061 0.074009
v -0.351923 0.007011 -0.074009
v -0.351923 0.007011 0.074009
v -0.352339 0.006981 -0.074009
v -0.352339 0.006981 0.074009
v -0.352795 0.006972 -0.074009
v -0.352795 0.006972 0.074009
v -0.353290 0.006981 -0.074009
v -0.353290 0.006981 0.074009
v -0.353824 0.007011 -0.074009
v -0.353824 0.007011 0.074009
v -0.354399 0.007061 -0.074009
v -0.354399 0.007061 0.074009
v -0.355013 0.007130 -0.074009
v -0.355013 0.007130 0.074009
v -0.355666 0.007219 -0.074009
v -0.355666 0.007219 0.074009
v -0.356360 0.007328 -0.074009
v -0.356360 0.007328 0.074009
v -0.357092 0.007457 -0.074009
v -0.357092 0.007457 0.074009
v -0.357865 0.007605 -0.074009
v -0.357865 0.007605 0.074009
v -0.360717 0.008556 -0.074009
v -0.360717 0.008556 0.074009
v -0.363569 0.008556 -0.074009
v -0.363569 0.008556 0.074009
v -0.365470 0.009507 -0.074009
v -0.365470 0.009507 0.074009
v -0.365147 0.012355 -0.074009
v -0.365147 0.012355 0.074009
v -0.364810 0.015197 -0.074009
v -0.364810 0.015197 0.074009
v -0.364460 0.018033 -0.074009
v -0.364460 0.018033 0.074009
v -0.364097 0.020862 -0.074009
v -0.364097 0.020862 0.074009
v -0.363721 0.023684 -0.074009
v -0.363721 0.023684 0.074009
v -0.363331 0.026500 -0.074009
v -0.363331 0.026500 0.074009
v -0.362928 0.029309 -0.074009
v -0.362928 0.029309 0.074009
v -0.362513 0.032111 -0.074009
v -0.362513 0.032111 0.074009
v -0.362083 0.034907 -0.074009
v -0.362083 0.034907 0.074009
v -0.361641 0.037697 -0.074009
v -0.361641 0.037697 0.074009
v -0.361186 0.040479 -0.074009
v -0.361186 0.040479 0.074009
v -0.360717 0.043255 -0.074009
v -0.360717 0.043255 0.074009
v -0.360195 0.046018 -0.074009
v -0.360195 0.046018 0.074009
v -0.359581 0.048761 -0.074009
v -0.359581 0.048761 0.074009
v -0.358875 0.051484 -0.074009
v -0.358875 0.051484 0.074009
v -0.358076 0.054188 -0.074009
v -0.358076 0.054188 0.074009
v -0.357185 0.056872 -0.074009
v -0.357185 0.056872 0.074009
v -0.356201 0.059535 -0.074009
v -0.356201 0.059535 0.074009
v -0.355125 0.062179 -0.074009
v -0.355125 0.062179 0.074009
v -0.353957 0.064804 -0.074009
v -0.353957 0.064804 0.074009
v -0.352696 0.067408 -0.074009
v -0.352696 0.067408 0.074009
v -0.351342 0.069993 -0.074009
v -0.351342 0.069993 0.074009
v -0.349896 0.072558 -0.074009
v -0.349896 0.072558 0.074009
v -0.348358 0.075103 -0.074009
v -0.348358 0.075103 0.074009
v -0.348045 0.075885 -0.074009
v -0.348045 0.075885 0.074009
v -0.347738 0.076647 -0.074009
v -0.347738 0.076647 0.074009
v -0.347437 0.077390 -0.074009
v -0.347437 0.077390 0.074009
v -0.347143 0.078113 -0.074009
v -0.347143 0.078113 0.074009
v -0.346856 0.078816 -0.074009
v -0.346856 0.078816 0.074009
v -0.346576 0.079499 -0.074009
v -0.346576 0.079499 0.074009
v -0.346302 0.080163 -0.074009
v -0.346302 0.080163 0.074009
v -0.346034 0.080807 -0.074009
v -0.346034 0.080807 0.074009
v -0.345774 0.081430 -0.074009
v -0.345774 0.081430 0.074009
v -0.345519 0.082035 -0.074009
v -0.345519 0.082035 0.074009
v -0.345272 0.082619 -0.074009
v -0.345272 0.082619 0.074009
v -0.345031 0.083183 -0.074009
v -0.345031 0.083183 0.074009
v -0.344803 0.083748 -0.074009
v -0.344803 0.083748 0.074009
v -0.344595 0.084332 -0.074009
v -0.344595 0.084332 0.074009
v -0.344407 0.084936 -0.074009
v -0.344407 0.084936 0.074009
v -0.344239 0.085560 -0.074009
v -0.344239 0.085560 0.074009
v -0.344090 0.086204 -0.074009
v -0.344090 0.086204 0.074009
v -0.343961 0.086867 -0.074009
v -0.343961 0.086867 0.074009
v -0.343852 0.087550 -0.074009
v -0.343852 0.087550 0.074009
v -0.343763 0.088253 -0.074009
v -0.343763 0.088253 0.074009
v -0.343694 0.088976 -0.074009
v -0.343694 0.088976 0.074009
v -0.343644 0.089719 -0.074009
v -0.343644 0.089719 0.074009
v -0.343615 0.090482 -0.074009
v -0.343615 0.090482 0.074009
v -0.343605 0.091264 -0.074009
v -0.343605 0.091264 0.074009
v -0.340753 0.111228 -0.074009
v -0.340753 0.111228 0.074009
v -0.340119 0.112344 -0.074009
v -0.340119 0.112344 0.074009
v -0.339485 0.113472 -0.074009
v -0.339485 0.113472 0.074009
v -0.338852 0.114615 -0.074009
v -0.338852 0.114615 0.074009
v -0.338218 0.115770 -0.074009
v -0.338218 0.115770 0.074009
v -0.337584 0.116938 -0.074009
v -0.337584 0.116938 0.074009
v -0.336950 0.118120 -0.074009
v -0.336950 0.118120 0.074009
v -0.336316 0.119315 -0.074009
v -0.336316 0.119315 0.074009
v -0.335683 0.120523 -0.074009
v -0.335683 0.120523 0.074009
v -0.335049 0.121745 -0.074009
v -0.335049 0.121745 0.074009
v -0.334415 0.122979 -0.074009
v -0.334415 0.122979 0.074009
v -0.333781 0.124227 -0.074009
v -0.333781 0.124227 0.074009
v -0.333148 0.125488 -0.074009
v -0.333148 0.125488 0.074009
v -0.332514 0.126736 -0.074009
v -0.332514 0.126736 0.074009
v -0.331880 0.127944 -0.074009
v -0.331880 0.127944 0.074009
v -0.331246 0.129112 -0.074009
v -0.331246 0.129112 0.074009
v -0.330612 0.130241 -0.074009
v -0.330612 0.130241 0.074009
v -0.329979 0.131330 -0.074009
v -0.329979 0.131330 0.074009
v -0.329345 0.132380 -0.074009
v -0.329345 0.132380 0.074009
v -0.328711 0.133390 -0.074009
v -0.328711 0.133390 0.074009
v -0.328077 0.134361 -0.074009
v -0.328077 0.134361 0.074009
v -0.327444 0.135292 -0.074009
v -0.327444 0.135292 0.074009
v -0.326810 0.136183 -0.074009
v -0.326810 0.136183 0.074009
v -0.326176 0.137034 -0.074009
v -0.326176 0.137034 0.074009
v -0.325542 0.137846 -0.074009
v -0.325542 0.137846 0.074009
v -0.325252 0.138959 -0.074009
v -0.325252 0.138959 0.074009
v -0.325014 0.140078 -0.074009
v -0.325014 0.140078 0.074009
v -0.324829 0.141204 -0.074009
v -0.324829 0.141204 0.074009
v -0.324697 0.142336 -0.074009
v -0.324697 0.142336 0.074009
v -0.324618 0.143475 -0.074009
v -0.324618 0.143475 0.074009
v -0.324592 0.144620 -0.074009
v -0.324592 0.144620 0.074009
v -0.324618 0.145772 -0.074009
v -0.324618 0.145772 0.074009
v -0.324697 0.146931 -0.074009
v -0.324697 0.146931 0.074009
v -0.324829 0.148096 -0.074009
v -0.324829 0.148096 0.074009
v -0.325014 0.149268 -0.074009
v -0.325014 0.149268 0.074009
v -0.325252 0.150446 -0.074009
v -0.325252 0.150446 0.074009
v -0.325542 0.151631 -0.074009
v -0.325542 0.151631 0.074009
v -0.325813 0.152810 -0.074009
v -0.325813 0.152810 0.074009
v -0.325991 0.153968 -0.074009
v -0.325991 0.153968 0.074009
v -0.326077 0.155107 -0.074009
v -0.326077 0.155107 0.074009
v -0.326070 0.156226 -0.074009
v -0.326070 0.156226 0.074009
v -0.325971 0.157325 -0.074009
v -0.325971 0.157325 0.074009
v -0.325780 0.158405 -0.074009
v -0.325780 0.158405 0.074009
v -0.325496 0.159464 -0.074009
v -0.325496 0.159464 0.074009
v -0.325120 0.160504 -0.074009
v -0.325120 0.160504 0.074009
v -0.324651 0.161524 -0.074009
v -0.324651 0.161524 0.074009
v -0.324090 0.162524 -0.074009
v -0.324090 0.162524 0.074009
v -0.323436 0.163505 -0.074009
v -0.323436 0.163505 0.074009
v -0.322690 0.164465 -0.074009
v -0.322690 0.164465 0.074009
v -0.322080 0.165419 -0.074009
v -0.322080 0.165419 0.074009
v -0.321515 0.166380 -0.074009
v -0.321515 0.166380 0.074009
v -0.320997 0.167347 -0.074009
v -0.320997 0.167347 0.074009
v -0.320525 0.168321 -0.074009
v -0.320525 0.168321 0.074009
v -0.320099 0.169301 -0.074009
v -0.320099 0.169301 0.074009
v -0.319719 0.170288 -0.074009
v -0.319719 0.170288 0.074009
v -0.319386 0.171282 -0.074009
v -0.319386 0.171282 0.074009
v -0.319099 0.172282 -0.074009
v -0.319099 0.172282 0.074009
v -0.318858 0.173288 -0.074009
v -0.318858 0.173288 0.074009
v -0.318663 0.174302 -0.074009
v -0.318663 0.174302 0.074009
v -0.318515 0.175322 -0.074009
v -0.318515 0.175322 0.074009
v -0.318412 0.176348 -0.074009
v -0.318412 0.176348 0.074009
v -0.318297 0.177362 -0.074009
v -0.318297 0.177362 0.074009
v -0.318109 0.178342 -0.074009
v -0.318109 0.178342 0.074009
v -0.317848 0.179290 -0.074009
v -0.317848 0.179290 0.074009
v -0.317514 0.180204 -0.074009
v -0.317514 0.180204 0.074009
v -0.317108 0.181085 -0.074009
v -0.317108 0.181085 0.074009
v -0.316630 0.181934 -0.074009
v -0.316630 0.181934 0.074009
v -0.316078 0.182749 -0.074009
v -0.316078 0.182749 0.074009
v -0.315455 0.183531 -0.074009
v -0.315455 0.183531 0.074009
v -0.314758 0.184281 -0.074009
v -0.314758 0.184281 0.074009
v -0.313989 0.184997 -0.074009
v -0.313989 0.184997 0.074009
v -0.313147 0.185680 -0.074009
v -0.313147 0.185680 0.074009
v -0.312233 0.186330 -0.074009
v -0.312233 0.186330 0.074009
v -0.311447 0.187912 -0.074009
v -0.311447 0.187912 0.074009
v -0.310675 0.189486 -0.074009
v -0.310675 0.189486 0.074009
v -0.309916 0.191054 -0.074009
v -0.309916 0.191054 0.074009
v -0.309170 0.192615 -0.074009
v -0.309170 0.192615 0.074009
v -0.308437 0.194170 -0.074009
v -0.308437 0.194170 0.074009
v -0.307717 0.195718 -0.074009
v -0.307717 0.195718 0.074009
v -0.307011 0.197260 -0.074009
v -0.307011 0.197260 0.074009
v -0.306318 0.198795 -0.074009
v -0.306318 0.198795 0.074009
v -0.305638 0.200323 -0.074009
v -0.305638 0.200323 0.074009
v -0.304971 0.201845 -0.074009
v -0.304971 0.201845 0.074009
v -0.304317 0.203360 -0.074009
v -0.304317 0.203360 0.074009
v -0.303677 0.204868 -0.074009
v -0.303677 0.204868 0.074009
v -0.303056 0.206377 -0.074009
v -0.303056 0.206377 0.074009
v -0.302462 0.207892 -0.074009
v -0.302462 0.207892 0.074009
v -0.301894 0.209414 -0.074009
v -0.301894 0.209414 0.074009
v -0.301353 0.210942 -0.074009
v -0.301353 0.210942 0.074009
v -0.300838 0.212477 -0.074009
v -0.300838 0.212477 0.074009
v -0.300350 0.214019 -0.074009
v -0.300350 0.214019 0.074009
v -0.299887 0.215567 -0.074009
v -0.299887 0.215567 0.074009
v -0.299452 0.217121 -0.074009
v -0.299452 0.217121 0.074009
v -0.299042 0.218683 -0.074009
v -0.299042 0.218683 0.074009
v -0.298660 0.220251 -0.074009
v -0.298660 0.220251 0.074009
v -0.298303 0.221825 -0.074009
v -0.298303 0.221825 0.074009
v -0.297973 0.223406 -0.074009
v -0.297973 0.223406 0.074009
v -0.297669 0.223585 -0.074009
v -0.297669 0.223585 0.074009
v -0.297392 0.223802 -0.074009
v -0.297392 0.223802 0.074009
v -0.297141 0.224060 -0.074009
v -0.297141 0.224060 0.074009
v -0.296917 0.224357 -0.074009
v -0.296917 0.224357 0.074009
v -0.296719 0.224694 -0.074009
v -0.296719 0.224694 0.074009
v -0.296547 0.225070 -0.074009
v -0.296547 0.225070 0.074009
v -0.296402 0.225486 -0.074009
v -0.296402 0.225486 0.074009
v -0.296283 0.225941 -0.074009
v -0.296283 0.225941 0.074009
v -0.296190 0.226437 -0.074009
v -0.296190 0.226437 0.074009
v -0.296124 0.226971 -0.074009
v -0.296124 0.226971 0.074009
v -0.296085 0.227546 -0.074009
v -0.296085 0.227546 0.074009
v -0.296072 0.228160 -0.074009
v -0.296072 0.228160 0.074009
v -0.295352 0.232378 -0.074009
v -0.295352 0.232378 0.074009
v -0.294461 0.236478 -0.074009
v -0.294461 0.236478 0.074009
v -0.293398 0.240459 -0.074009
v -0.293398 0.240459 0.074009
v -0.292163 0.244321 -0.074009
v -0.292163 0.244321 0.074009
v -0.290757 0.248064 -0.074009
v -0.290757 0.248064 0.074009
v -0.289179 0.251689 -0.074009
v -0.289179 0.251689 0.074009
v -0.287430 0.255194 -0.074009
v -0.287430 0.255194 0.074009
v -0.285509 0.258581 -0.074009
v -0.285509 0.258581 0.074009
v -0.283416 0.261849 -0.074009
v -0.283416 0.261849 0.074009
v -0.281151 0.264998 -0.074009
v -0.281151 0.264998 0.074009
v -0.278715 0.268028 -0.074009
v -0.278715 0.268028 0.074009
v -0.276108 0.270940 -0.074009
v -0.276108 0.270940 0.074009
v -0.276259 0.271877 -0.074009
v -0.276259 0.271877 0.074009
v -0.276398 0.272788 -0.074009
v -0.276398 0.272788 0.074009
v -0.276524 0.273673 -0.074009
v -0.276524 0.273673 0.074009
v -0.276636 0.274531 -0.074009
v -0.276636 0.274531 0.074009
v -0.276735 0.275363 -0.074009
v -0.276735 0.275363 0.074009
v -0.276821 0.276168 -0.074009
v -0.276821 0.276168 0.074009
v -0.276893 0.276947 -0.074009
v -0.276893 0.276947 0.074009
v -0.276953 0.277700 -0.074009
v -0.276953 0.277700 0.074009
v -0.276999 0.278426 -0.074009
v -0.276999 0.278426 0.074009
v -0.277032 0.279126 -0.074009
v -0.277032 0.279126 0.074009
v -0.277052 0.279799 -0.074009
v -0.277052 0.279799 0.074009
v -0.277058 0.280446 -0.074009
v -0.277058 0.280446 0.074009
v -0.277058 0.281073 -0.074009
v -0.277058 0.281073 0.074009
v -0.277058 0.281687 -0.074009
v -0.277058 0.281687 0.074009
v -0.277058 0.282288 -0.074009
v -0.277058 0.282288 0.074009
v -0.277058 0.282876 -0.074009
v -0.277058 0.282876 0.074009
v -0.277058 0.283450 -0.074009
v -0.277058 0.283450 0.074009
v -0.277058 0.284011 -0.074009
v -0.277058 0.284011 0.074009
v -0.277058 0.284559 -0.074009
v -0.277058 0.284559 0.074009
v -0.277058 0.285094 -0.074009
v -0.277058 0.285094 0.074009
v -0.277058 0.285616 -0.074009
v -0.277058 0.285615 0.074009
v -0.277058 0.286124 -0.074009
v -0.277058 0.286124 0.074009
v -0.277058 0.286619 -0.074009
v -0.277058 0.286619 0.074009
v -0.277058 0.287101 -0.074009
v -0.277058 0.287101 0.074009
v -0.276712 0.288355 -0.074009
v -0.276712 0.288355 0.074009
v -0.276306 0.289583 -0.074009
v -0.276306 0.289583 0.074009
v -0.275840 0.290785 -0.074009
v -0.275840 0.290785 0.074009
v -0.275315 0.291960 -0.074009
v -0.275315 0.291960 0.074009
v -0.274731 0.293109 -0.074009
v -0.274731 0.293109 0.074009
v -0.274087 0.294231 -0.074009
v -0.274087 0.294231 0.074009
v -0.273384 0.295327 -0.074009
v -0.273384 0.295327 0.074009
v -0.272622 0.296396 -0.074009
v -0.272622 0.296396 0.074009
v -0.271800 0.297439 -0.074009
v -0.271800 0.297439 0.074009
v -0.270919 0.298456 -0.074009
v -0.270919 0.298456 0.074009
v -0.269978 0.299446 -0.074009
v -0.269978 0.299446 0.074009
v -0.268978 0.300410 -0.074009
v -0.268978 0.300410 0.074009
v -0.267958 0.301354 -0.074009
v -0.267958 0.301354 0.074009
v -0.266957 0.302285 -0.074009
v -0.266957 0.302285 0.074009
v -0.265977 0.303203 -0.074009
v -0.265977 0.303203 0.074009
v -0.265017 0.304107 -0.074009
v -0.265017 0.304107 0.074009
v -0.264076 0.304999 -0.074009
v -0.264076 0.304998 0.074009
v -0.263155 0.305877 -0.074009
v -0.263155 0.305877 0.074009
v -0.262254 0.306741 -0.074009
v -0.262254 0.306741 0.074009
v -0.261372 0.307593 -0.074009
v -0.261372 0.307593 0.074009
v -0.260511 0.308431 -0.074009
v -0.260511 0.308431 0.074009
v -0.259669 0.309257 -0.074009
v -0.259669 0.309257 0.074009
v -0.258847 0.310069 -0.074009
v -0.258847 0.310069 0.074009
v -0.258045 0.310868 -0.074009
v -0.258045 0.310868 0.074009
v -0.256949 0.312132 -0.074009
v -0.256949 0.312132 0.074009
v -0.255880 0.313389 -0.074009
v -0.255880 0.313389 0.074009
v -0.254836 0.314641 -0.074009
v -0.254836 0.314641 0.074009
v -0.253820 0.315885 -0.074009
v -0.253820 0.315885 0.074009
v -0.252830 0.317123 -0.074009
v -0.252830 0.317123 0.074009
v -0.251866 0.318354 -0.074009
v -0.251866 0.318354 0.074009
v -0.250928 0.319579 -0.074009
v -0.250928 0.319579 0.074009
v -0.250017 0.320797 -0.074009
v -0.250017 0.320797 0.074009
v -0.249132 0.322008 -0.074009
v -0.249132 0.322008 0.074009
v -0.248274 0.323213 -0.074009
v -0.248274 0.323213 0.074009
v -0.247442 0.324411 -0.074009
v -0.247442 0.324411 0.074009
v -0.246637 0.325603 -0.074009
v -0.246637 0.325603 0.074009
v -0.245871 0.326801 -0.074009
v -0.245871 0.326801 0.074009
v -0.245158 0.328019 -0.074009
v -0.245158 0.328019 0.074009
v -0.244498 0.329257 -0.074009
v -0.244498 0.329257 0.074009
v -0.243891 0.330515 -0.074009
v -0.243891 0.330515 0.074009
v -0.243336 0.331792 -0.074009
v -0.243336 0.331792 0.074009
v -0.242834 0.333089 -0.074009
v -0.242834 0.333089 0.074009
v -0.242385 0.334406 -0.074009
v -0.242385 0.334406 0.074009
v -0.241989 0.335743 -0.074009
v -0.241989 0.335743 0.074009
v -0.241646 0.337100 -0.074009
v -0.241646 0.337100 0.074009
v -0.241356 0.338476 -0.074009
v -0.241356 0.338476 0.074009
v -0.241118 0.339873 -0.074009
v -0.241118 0.339873 0.074009
v -0.240933 0.341289 -0.074009
v -0.240933 0.341289 0.074009
v -0.240118 0.344279 -0.074009
v -0.240118 0.344279 0.074009
v -0.239256 0.347230 -0.074009
v -0.239256 0.347230 0.074009
v -0.238348 0.350142 -0.074009
v -0.238348 0.350142 0.074009
v -0.237394 0.353014 -0.074009
v -0.237394 0.353014 0.074009
v -0.236394 0.355846 -0.074009
v -0.236394 0.355846 0.074009
v -0.235348 0.358638 -0.074009
v -0.235348 0.358638 0.074009
v -0.234255 0.361391 -0.074009
v -0.234255 0.361391 0.074009
v -0.233116 0.364105 -0.074009
v -0.233116 0.364105 0.074009
v -0.231931 0.366779 -0.074009
v -0.231931 0.366779 0.074009
v -0.230700 0.369413 -0.074009
v -0.230700 0.369413 0.074009
v -0.229423 0.372007 -0.074009
v -0.229423 0.372007 0.074009
v -0.228099 0.374562 -0.074009
v -0.228099 0.374562 0.074009
v -0.226723 0.377091 -0.074009
v -0.226723 0.377091 0.074009
v -0.225287 0.379606 -0.074009
v -0.225287 0.379606 0.074009
v -0.223791 0.382108 -0.074009
v -0.223791 0.382108 0.074009
v -0.222237 0.384597 -0.074009
v -0.222237 0.384597 0.074009
v -0.220622 0.387073 -0.074009
v -0.220622 0.387073 0.074009
v -0.218949 0.389535 -0.074009
v -0.218949 0.389535 0.074009
v -0.217216 0.391984 -0.074009
v -0.217216 0.391984 0.074009
v -0.215423 0.394420 -0.074009
v -0.215423 0.394420 0.074009
v -0.213572 0.396843 -0.074009
v -0.213572 0.396843 0.074009
v -0.211660 0.399253 -0.074009
v -0.211660 0.399253 0.074009
v -0.209690 0.401649 -0.074009
v -0.209690 0.401649 0.074009
v -0.207660 0.404033 -0.074009
v -0.207660 0.404033 0.074009
v -0.206409 0.405782 -0.074009
v -0.206409 0.405782 0.074009
v -0.205191 0.407545 -0.074009
v -0.205191 0.407545 0.074009
v -0.204006 0.409321 -0.074009
v -0.204006 0.409321 0.074009
v -0.202854 0.411110 -0.074009
v -0.202854 0.411110 0.074009
v -0.201735 0.412912 -0.074009
v -0.201735 0.412912 0.074009
v -0.200649 0.414728 -0.074009
v -0.200649 0.414728 0.074009
v -0.199596 0.416556 -0.074009
v -0.199596 0.416556 0.074009
v -0.198576 0.418398 -0.074009
v -0.198576 0.418398 0.074009
v -0.197589 0.420253 -0.074009
v -0.197589 0.420253 0.074009
v -0.196635 0.422122 -0.074009
v -0.196635 0.422122 0.074009
v -0.195714 0.424003 -0.074009
v -0.195714 0.424003 0.074009
v -0.194826 0.425898 -0.074009
v -0.194826 0.425898 0.074009
v -0.193951 0.427799 -0.074009
v -0.193951 0.427799 0.074009
v -0.193070 0.429701 -0.074009
v -0.193070 0.429701 0.074009
v -0.192182 0.431602 -0.074009
v -0.192182 0.431602 0.074009
v -0.191287 0.433503 -0.074009
v -0.191287 0.433503 0.074009
v -0.190386 0.435405 -0.074009
v -0.190386 0.435405 0.074009
v -0.189478 0.437306 -0.074009
v -0.189478 0.437306 0.074009
v -0.188564 0.439207 -0.074009
v -0.188564 0.439207 0.074009
v -0.187643 0.441109 -0.074009
v -0.187643 0.441109 0.074009
v -0.186715 0.443010 -0.074009
v -0.186715 0.443010 0.074009
v -0.185781 0.444912 -0.074009
v -0.185781 0.444912 0.074009
v -0.184840 0.446813 -0.074009
v -0.184840 0.446813 0.074009
v -0.183893 0.448714 -0.074009
v -0.183893 0.448714 0.074009
v -0.183101 0.450308 -0.074009
v -0.183101 0.450308 0.074009
v -0.182309 0.451923 -0.074009
v -0.182309 0.451923 0.074009
v -0.181516 0.453556 -0.074009
v -0.181516 0.453556 0.074009
v -0.180724 0.455210 -0.074009
v -0.180724 0.455210 0.074009
v -0.179932 0.456884 -0.074009
v -0.179932 0.456884 0.074009
v -0.179140 0.458577 -0.074009
v -0.179140 0.458577 0.074009
v -0.178348 0.460290 -0.074009
v -0.178348 0.460290 0.074009
v -0.177555 0.462023 -0.074009
v -0.177555 0.462023 0.074009
v -0.176763 0.463776 -0.074009
v -0.176763 0.463776 0.074009
v -0.175971 0.465549 -0.074009
v -0.175971 0.465549 0.074009
v -0.175179 0.467341 -0.074009
v -0.175179 0.467341 0.074009
v -0.174386 0.469153 -0.074009
v -0.174386 0.469153 0.074009
v -0.173621 0.470972 -0.074009
v -0.173621 0.470972 0.074009
v -0.172908 0.472784 -0.074009
v -0.172908 0.472784 0.074009
v -0.172247 0.474590 -0.074009
v -0.172247 0.474590 0.074009
v -0.171640 0.476389 -0.074009
v -0.171640 0.476389 0.074009
v -0.171086 0.478181 -0.074009
v -0.171086 0.478181 0.074009
v -0.170584 0.479967 -0.074009
v -0.170584 0.479967 0.074009
v -0.170135 0.481746 -0.074009
v -0.170135 0.481746 0.074009
v -0.169739 0.483519 -0.074009
v -0.169739 0.483519 0.074009
v -0.169395 0.485285 -0.074009
v -0.169395 0.485285 0.074009
v -0.169105 0.487044 -0.074009
v -0.169105 0.487044 0.074009
v -0.168867 0.488797 -0.074009
v -0.168867 0.488797 0.074009
v -0.168682 0.490543 -0.074009
v -0.168682 0.490543 0.074009
v -0.167286 0.492563 -0.074009
v -0.167286 0.492563 0.074009
v -0.165949 0.494504 -0.074009
v -0.165949 0.494504 0.074009
v -0.164672 0.496366 -0.074009
v -0.164672 0.496366 0.074009
v -0.163454 0.498149 -0.074009
v -0.163454 0.498149 0.074009
v -0.162295 0.499852 -0.074009
v -0.162295 0.499852 0.074009
v -0.161196 0.501476 -0.074009
v -0.161196 0.501476 0.074009
v -0.160156 0.503021 -0.074009
v -0.160156 0.503021 0.074009
v -0.159176 0.504486 -0.074009
v -0.159176 0.504486 0.074009
v -0.158255 0.505873 -0.074009
v -0.158255 0.505873 0.074009
v -0.157393 0.507180 -0.074009
v -0.157393 0.507180 0.074009
v -0.156591 0.508408 -0.074009
v -0.156591 0.508408 0.074009
v -0.155848 0.509557 -0.074009
v -0.155848 0.509557 0.074009
v -0.155145 0.510682 -0.074009
v -0.155145 0.510682 0.074009
v -0.154462 0.511841 -0.074009
v -0.154462 0.511841 0.074009
v -0.153799 0.513032 -0.074009
v -0.153799 0.513032 0.074009
v -0.153155 0.514257 -0.074009
v -0.153155 0.514257 0.074009
v -0.152531 0.515515 -0.074009
v -0.152531 0.515515 0.074009
v -0.151927 0.516805 -0.074009
v -0.151927 0.516805 0.074009
v -0.151343 0.518129 -0.074009
v -0.151343 0.518129 0.074009
v -0.150778 0.519486 -0.074009
v -0.150778 0.519486 0.074009
v -0.150234 0.520876 -0.074009
v -0.150234 0.520876 0.074009
v -0.149709 0.522298 -0.074009
v -0.149709 0.522298 0.074009
v -0.149204 0.523754 -0.074009
v -0.149204 0.523754 0.074009
v -0.148718 0.525243 -0.074009
v -0.148718 0.525243 0.074009
v -0.148237 0.526817 -0.074009
v -0.148237 0.526817 0.074009
v -0.147741 0.528530 -0.074009
v -0.147741 0.528530 0.074009
v -0.147233 0.530382 -0.074009
v -0.147233 0.530382 0.074009
v -0.146712 0.532373 -0.074009
v -0.146712 0.532373 0.074009
v -0.146177 0.534502 -0.074009
v -0.146177 0.534502 0.074009
v -0.145629 0.536769 -0.074009
v -0.145629 0.536769 0.074009
v -0.145068 0.539176 -0.074009
v -0.145068 0.539176 0.074009
v -0.144493 0.541721 -0.074009
v -0.144493 0.541721 0.074009
v -0.143906 0.544404 -0.074009
v -0.143906 0.544404 0.074009
v -0.143305 0.547227 -0.074009
v -0.143305 0.547227 0.074009
v -0.142691 0.550188 -0.074009
v -0.142691 0.550188 0.074009
v -0.142064 0.553287 -0.074009
v -0.142064 0.553287 0.074009
v -0.141579 0.553604 -0.074009
v -0.141579 0.553604 0.074009
v -0.141074 0.553921 -0.074009
v -0.141074 0.553921 0.074009
v -0.140549 0.554238 -0.074009
v -0.140549 0.554238 0.074009
v -0.140004 0.554555 -0.074009
v -0.140004 0.554555 0.074009
v -0.139440 0.554872 -0.074009
v -0.139440 0.554872 0.074009
v -0.138855 0.555188 -0.074009
v -0.138855 0.555188 0.074009
v -0.138251 0.555505 -0.074009
v -0.138251 0.555505 0.074009
v -0.137627 0.555822 -0.074009
v -0.137627 0.555822 0.074009
v -0.136984 0.556139 -0.074009
v -0.136984 0.556139 0.074009
v -0.136320 0.556456 -0.074009
v -0.136320 0.556456 0.074009
v -0.135637 0.556773 -0.074009
v -0.135637 0.556773 0.074009
v -0.134934 0.557090 -0.074009
v -0.134934 0.557090 0.074009
v -0.134244 0.557427 -0.074009
v -0.134244 0.557427 0.074009
v -0.133600 0.557803 -0.074009
v -0.133600 0.557803 0.074009
v -0.133003 0.558219 -0.074009
v -0.133003 0.558219 0.074009
v -0.132452 0.558674 -0.074009
v -0.132452 0.558674 0.074009
v -0.131946 0.559169 -0.074009
v -0.131946 0.559169 0.074009
v -0.131488 0.559704 -0.074009
v -0.131488 0.559704 0.074009
v -0.131075 0.560279 -0.074009
v -0.131075 0.560279 0.074009
v -0.130709 0.560893 -0.074009
v -0.130709 0.560893 0.074009
v -0.130388 0.561546 -0.074009
v -0.130388 0.561546 0.074009
v -0.130114 0.562239 -0.074009
v -0.130114 0.562239 0.074009
v -0.129887 0.562972 -0.074009
v -0.129887 0.562972 0.074009
v -0.129705 0.563745 -0.074009
v -0.129705 0.563745 0.074009
v -0.129666 0.564517 -0.074009
v -0.129666 0.564517 0.074009
v -0.129547 0.565250 -0.074009
v -0.129547 0.565250 0.074009
v -0.129349 0.565943 -0.074009
v -0.129349 0.565943 0.074009
v -0.129071 0.566597 -0.074009
v -0.129071 0.566597 0.074009
v -0.128715 0.567211 -0.074009
v -0.128715 0.567211 0.074009
v -0.128279 0.567785 -0.074009
v -0.128279 0.567785 0.074009
v -0.127764 0.568320 -0.074009
v -0.127764 0.568320 0.074009
v -0.127170 0.568815 -0.074009
v -0.127170 0.568815 0.074009
v -0.126497 0.569270 -0.074009
v -0.126497 0.569270 0.074009
v -0.125744 0.569686 -0.074009
v -0.125744 0.569686 0.074009
v -0.124912 0.570063 -0.074009
v -0.124912 0.570063 0.074009
v -0.124001 0.570399 -0.074009
v -0.124001 0.570399 0.074009
v -0.122304 0.571535 -0.074009
v -0.122304 0.571535 0.074009
v -0.120700 0.572723 -0.074009
v -0.120700 0.572723 0.074009
v -0.119188 0.573964 -0.074009
v -0.119188 0.573964 0.074009
v -0.117769 0.575258 -0.074009
v -0.117769 0.575258 0.074009
v -0.116442 0.576605 -0.074009
v -0.116442 0.576605 0.074009
v -0.115208 0.578004 -0.074009
v -0.115208 0.578004 0.074009
v -0.114065 0.579457 -0.074009
v -0.114065 0.579457 0.074009
v -0.113016 0.580962 -0.074009
v -0.113016 0.580962 0.074009
v -0.112058 0.582520 -0.074009
v -0.112058 0.582520 0.074009
v -0.111194 0.584131 -0.074009
v -0.111194 0.584131 0.074009
v -0.110421 0.585795 -0.074009
v -0.110421 0.585795 0.074009
v -0.109741 0.587511 -0.074009
v -0.109741 0.587511 0.074009
v -0.109239 0.589086 -0.074009
v -0.109239 0.589086 0.074009
v -0.108685 0.590640 -0.074009
v -0.108685 0.590640 0.074009
v -0.108078 0.592175 -0.074009
v -0.108078 0.592175 0.074009
v -0.107417 0.593691 -0.074009
v -0.107417 0.593691 0.074009
v -0.106704 0.595186 -0.074009
v -0.106704 0.595186 0.074009
v -0.105939 0.596661 -0.074009
v -0.105939 0.596661 0.074009
v -0.105120 0.598117 -0.074009
v -0.105120 0.598117 0.074009
v -0.104248 0.599553 -0.074009
v -0.104248 0.599553 0.074009
v -0.103324 0.600969 -0.074009
v -0.103324 0.600969 0.074009
v -0.102347 0.602365 -0.074009
v -0.102347 0.602365 0.074009
v -0.101317 0.603742 -0.074009
v -0.101317 0.603742 0.074009
v -0.100235 0.605098 -0.074009
v -0.100235 0.605098 0.074009
v -0.099132 0.606435 -0.074009
v -0.099132 0.606435 0.074009
v -0.098043 0.607752 -0.074009
v -0.098043 0.607752 0.074009
v -0.096967 0.609050 -0.074009
v -0.096967 0.609050 0.074009
v -0.095904 0.610327 -0.074009
v -0.095904 0.610327 0.074009
v -0.094854 0.611585 -0.074009
v -0.094854 0.611585 0.074009
v -0.093818 0.612823 -0.074009
v -0.093818 0.612823 0.074009
v -0.092794 0.614041 -0.074009
v -0.092794 0.614041 0.074009
v -0.091784 0.615239 -0.074009
v -0.091784 0.615239 0.074009
v -0.090787 0.616417 -0.074009
v -0.090787 0.616417 0.074009
v -0.089804 0.617576 -0.074009
v -0.089804 0.617576 0.074009
v -0.088833 0.618715 -0.074009
v -0.088833 0.618715 0.074009
v -0.087876 0.619834 -0.074009
v -0.087876 0.619834 0.074009
v -0.086952 0.620791 -0.074009
v -0.086952 0.620791 0.074009
v -0.086080 0.621762 -0.074009
v -0.086080 0.621762 0.074009
v -0.085262 0.622745 -0.074009
v -0.085262 0.622745 0.074009
v -0.084496 0.623742 -0.074009
v -0.084496 0.623742 0.074009
v -0.083783 0.624752 -0.074009
v -0.083783 0.624752 0.074009
v -0.083123 0.625775 -0.074009
v -0.083123 0.625775 0.074009
v -0.082515 0.626812 -0.074009
v -0.082515 0.626812 0.074009
v -0.081961 0.627862 -0.074009
v -0.081961 0.627862 0.074009
v -0.081459 0.628924 -0.074009
v -0.081459 0.628924 0.074009
v -0.081010 0.630001 -0.074009
v -0.081010 0.630001 0.074009
v -0.080614 0.631090 -0.074009
v -0.080614 0.631090 0.074009
v -0.080271 0.632192 -0.074009
v -0.080271 0.632192 0.074009
v -0.079138 0.634873 -0.074009
v -0.079138 0.634873 0.074009
v -0.077960 0.637527 -0.074009
v -0.077960 0.637527 0.074009
v -0.076735 0.640154 -0.074009
v -0.076735 0.640154 0.074009
v -0.075464 0.642755 -0.074009
v -0.075464 0.642755 0.074009
v -0.074147 0.645330 -0.074009
v -0.074147 0.645330 0.074009
v -0.072784 0.647878 -0.074009
v -0.072784 0.647878 0.074009
v -0.071375 0.650400 -0.074009
v -0.071375 0.650400 0.074009
v -0.069919 0.652896 -0.074009
v -0.069919 0.652896 0.074009
v -0.068417 0.655365 -0.074009
v -0.068417 0.655365 0.074009
v -0.066869 0.657808 -0.074009
v -0.066869 0.657808 0.074009
v -0.065274 0.660224 -0.074009
v -0.065274 0.660224 0.074009
v -0.063634 0.662614 -0.074009
v -0.063634 0.662614 0.074009
v -0.061993 0.664984 -0.074009
v -0.061993 0.664984 0.074009
v -0.060399 0.667341 -0.074009
v -0.060399 0.667341 0.074009
v -0.058851 0.669684 -0.074009
v -0.058851 0.669684 0.074009
v -0.057349 0.672015 -0.074009
v -0.057349 0.672015 0.074009
v -0.055893 0.674332 -0.074009
v -0.055893 0.674332 0.074009
v -0.054484 0.676636 -0.074009
v -0.054484 0.676636 0.074009
v -0.053120 0.678927 -0.074009
v -0.053120 0.678927 0.074009
v -0.051803 0.681205 -0.074009
v -0.051803 0.681205 0.074009
v -0.050533 0.683469 -0.074009
v -0.050533 0.683469 0.074009
v -0.049308 0.685720 -0.074009
v -0.049308 0.685720 0.074009
v -0.048129 0.687958 -0.074009
v -0.048129 0.687958 0.074009
v -0.046997 0.690183 -0.074009
v -0.046997 0.690183 0.074009
v -0.046050 0.691097 -0.074009
v -0.046050 0.691097 0.074009
v -0.045109 0.691939 -0.074009
v -0.045109 0.691939 0.074009
v -0.044175 0.692708 -0.074009
v -0.044175 0.692708 0.074009
v -0.043247 0.693405 -0.074009
v -0.043247 0.693405 0.074009
v -0.042326 0.694029 -0.074009
v -0.042326 0.694029 0.074009
v -0.041412 0.694580 -0.074009
v -0.041412 0.694580 0.074009
v -0.040504 0.695059 -0.074009
v -0.040504 0.695059 0.074009
v -0.039603 0.695464 -0.074009
v -0.039603 0.695464 0.074009
v -0.038709 0.695798 -0.074009
v -0.038709 0.695798 0.074009
v -0.037821 0.696059 -0.074009
v -0.037821 0.696059 0.074009
v -0.036939 0.696247 -0.074009
v -0.036939 0.696247 0.074009
v -0.036065 0.696362 -0.074009
v -0.036065 0.696362 0.074009
v -0.035197 0.696438 -0.074009
v -0.035197 0.696438 0.074009
v -0.034335 0.696508 -0.074009
v -0.034335 0.696508 0.074009
v -0.033480 0.696570 -0.074009
v -0.033480 0.696570 0.074009
v -0.032632 0.696626 -0.074009
v -0.032632 0.696626 0.074009
v -0.031790 0.696676 -0.074009
v -0.031790 0.696676 0.074009
v -0.030955 0.696719 -0.074009
v -0.030955 0.696719 0.074009
v -0.030126 0.696755 -0.074009
v -0.030126 0.696755 0.074009
v -0.029304 0.696785 -0.074009
v -0.029304 0.696785 0.074009
v -0.028489 0.696808 -0.074009
v -0.028489 0.696808 0.074009
v -0.027680 0.696824 -0.074009
v -0.027680 0.696824 0.074009
v -0.026878 0.696834 -0.074009
v -0.026878 0.696834 0.074009
v -0.026083 0.696838 -0.074009
v -0.026083 0.696838 0.074009
v -0.023231 0.696838 -0.074009
v -0.023231 0.696838 0.074009
v -0.021171 0.696059 -0.074009
v -0.021171 0.696059 0.074009
v -0.019111 0.695306 -0.074009
v -0.019111 0.695306 0.074009
v -0.017051 0.694580 -0.074009
v -0.017051 0.694580 0.074009
v -0.014992 0.693880 -0.074009
v -0.014992 0.693880 0.074009
v -0.012932 0.693207 -0.074009
v -0.012932 0.693207 0.074009
v -0.010872 0.692560 -0.074009
v -0.010872 0.692560 0.074009
v -0.008812 0.691939 -0.074009
v -0.008812 0.691939 0.074009
v -0.006752 0.691345 -0.074009
v -0.006752 0.691345 0.074009
v -0.004693 0.690777 -0.074009
v -0.004693 0.690777 0.074009
v -0.002633 0.690236 -0.074009
v -0.002633 0.690236 0.074009
v -0.000573 0.689721 -0.074009
v -0.000573 0.689721 0.074009
v 0.001487 0.689232 -0.074009
v 0.001487 0.689232 0.074009
v 0.003055 0.689080 -0.074009
v 0.003055 0.689080 0.074009
v 0.004590 0.688942 -0.074009
v 0.004590 0.688942 0.074009
v 0.006091 0.688816 -0.074009
v 0.006091 0.688816 0.074009
v 0.007560 0.688704 -0.074009
v 0.007560 0.688704 0.074009
v 0.008996 0.688605 -0.074009
v 0.008996 0.688605 0.074009
v 0.010399 0.688519 -0.074009
v 0.010399 0.688519 0.074009
v 0.011769 0.688447 -0.074009
v 0.011769 0.688447 0.074009
v 0.013106 0.688387 -0.074009
v 0.013106 0.688387 0.074009
v 0.014410 0.688341 -0.074009
v 0.014410 0.688341 0.074009
v 0.015681 0.688308 -0.074009
v 0.015681 0.688308 0.074009
v 0.016919 0.688288 -0.074009
v 0.016919 0.688288 0.074009
v 0.018123 0.688282 -0.074009
v 0.018123 0.688282 0.074009
v 0.019295 0.688282 -0.074009
v 0.019295 0.688282 0.074009
v 0.020434 0.688282 -0.074009
v 0.020434 0.688282 0.074009
v 0.021540 0.688282 -0.074009
v 0.021540 0.688282 0.074009
v 0.022613 0.688282 -0.074009
v 0.022613 0.688282 0.074009
v 0.023652 0.688282 -0.074009
v 0.023652 0.688282 0.074009
v 0.024659 0.688282 -0.074009
v 0.024659 0.688282 0.074009
v 0.025633 0.688282 -0.074009
v 0.025633 0.688282 0.074009
v 0.026574 0.688282 -0.074009
v 0.026574 0.688282 0.074009
v 0.027481 0.688282 -0.074009
v 0.027481 0.688282 0.074009
v 0.028356 0.688282 -0.074009
v 0.028356 0.688282 0.074009
v 0.029198 0.688282 -0.074009
v 0.029198 0.688282 0.074009
v 0.030007 0.688282 -0.074009
v 0.030007 0.688282 0.074009
v 0.030637 0.688282 -0.074009
v 0.030637 0.688282 0.074009
v 0.031261 0.688282 -0.074009
v 0.031261 0.688282 0.074009
v 0.031878 0.688282 -0.074009
v 0.031878 0.688282 0.074009
v 0.032489 0.688282 -0.074009
v 0.032489 0.688282 0.074009
v 0.033093 0.688282 -0.074009
v 0.033093 0.688282 0.074009
v 0.033690 0.688282 -0.074009
v 0.033690 0.688282 0.074009
v 0.034281 0.688282 -0.074009
v 0.034281 0.688282 0.074009
v 0.034866 0.688282 -0.074009
v 0.034866 0.688282 0.074009
v 0.035443 0.688282 -0.074009
v 0.035443 0.688282 0.074009
v 0.036014 0.688282 -0.074009
v 0.036014 0.688282 0.074009
v 0.036579 0.688282 -0.074009
v 0.036579 0.688282 0.074009
v 0.037137 0.688282 -0.074009
v 0.037137 0.688282 0.074009
v 0.037688 0.688268 -0.074009
v 0.037688 0.688268 0.074009
v 0.038233 0.688229 -0.074009
v 0.038233 0.688229 0.074009
v 0.038771 0.688163 -0.074009
v 0.038771 0.688163 0.074009
v 0.039302 0.688070 -0.074009
v 0.039302 0.688070 0.074009
v 0.039827 0.687952 -0.074009
v 0.039827 0.687952 0.074009
v 0.040345 0.687806 -0.074009
v 0.040345 0.687806 0.074009
v 0.040857 0.687635 -0.074009
v 0.040857 0.687635 0.074009
v 0.041362 0.687437 -0.074009
v 0.041362 0.687437 0.074009
v 0.041860 0.687212 -0.074009
v 0.041860 0.687212 0.074009
v 0.042352 0.686961 -0.074009
v 0.042352 0.686961 0.074009
v 0.042837 0.686684 -0.074009
v 0.042837 0.686684 0.074009
v 0.043316 0.686380 -0.074009
v 0.043316 0.686380 0.074009
v 0.046016 0.685773 -0.074009
v 0.046016 0.685773 0.074009
v 0.048729 0.685218 -0.074009
v 0.048729 0.685218 0.074009
v 0.051456 0.684717 -0.074009
v 0.051456 0.684717 0.074009
v 0.054196 0.684268 -0.074009
v 0.054196 0.684268 0.074009
v 0.056949 0.683872 -0.074009
v 0.056949 0.683872 0.074009
v 0.059715 0.683528 -0.074009
v 0.059715 0.683528 0.074009
v 0.062494 0.683238 -0.074009
v 0.062494 0.683238 0.074009
v 0.065287 0.683000 -0.074009
v 0.065287 0.683000 0.074009
v 0.068093 0.682815 -0.074009
v 0.068093 0.682815 0.074009
v 0.070912 0.682683 -0.074009
v 0.070912 0.682683 0.074009
v 0.073744 0.682604 -0.074009
v 0.073744 0.682604 0.074009
v 0.076589 0.682578 -0.074009
v 0.076589 0.682578 0.074009
v 0.079428 0.682564 -0.074009
v 0.079428 0.682564 0.074009
v 0.082240 0.682525 -0.074009
v 0.082240 0.682525 0.074009
v 0.085026 0.682459 -0.074009
v 0.085026 0.682459 0.074009
v 0.087786 0.682366 -0.074009
v 0.087786 0.682366 0.074009
v 0.090519 0.682248 -0.074009
v 0.090519 0.682248 0.074009
v 0.093226 0.682102 -0.074009
v 0.093226 0.682102 0.074009
v 0.095906 0.681931 -0.074009
v 0.095906 0.681931 0.074009
v 0.098560 0.681733 -0.074009
v 0.098560 0.681733 0.074009
v 0.101188 0.681508 -0.074009
v 0.101188 0.681508 0.074009
v 0.103789 0.681257 -0.074009
v 0.103789 0.681257 0.074009
v 0.106364 0.680980 -0.074009
v 0.106364 0.680980 0.074009
v 0.108912 0.680676 -0.074009
v 0.108912 0.680676 0.074009
v 0.112348 0.678310 -0.074009
v 0.112348 0.678310 0.074009
v 0.115685 0.675963 -0.074009
v 0.115685 0.675963 0.074009
v 0.118924 0.673636 -0.074009
v 0.118924 0.673636 0.074009
v 0.122063 0.671328 -0.074009
v 0.122063 0.671328 0.074009
v 0.125103 0.669041 -0.074009
v 0.125103 0.669041 0.074009
v 0.128044 0.666773 -0.074009
v 0.128044 0.666773 0.074009
v 0.130886 0.664525 -0.074009
v 0.130886 0.664525 0.074009
v 0.133629 0.662297 -0.074009
v 0.133629 0.662297 0.074009
v 0.136273 0.660088 -0.074009
v 0.136273 0.660088 0.074009
v 0.138818 0.657900 -0.074009
v 0.138818 0.657900 0.074009
v 0.141264 0.655731 -0.074009
v 0.141264 0.655731 0.074009
v 0.143611 0.653582 -0.074009
v 0.143611 0.653582 0.074009
v 0.145879 0.651302 -0.074009
v 0.145879 0.651302 0.074009
v 0.148087 0.648737 -0.074009
v 0.148087 0.648737 0.074009
v 0.150236 0.645888 -0.074009
v 0.150236 0.645888 0.074009
v 0.152326 0.642755 -0.074009
v 0.152326 0.642755 0.074009
v 0.154356 0.639339 -0.074009
v 0.154356 0.639339 0.074009
v 0.156326 0.635639 -0.074009
v 0.156326 0.635639 0.074009
v 0.158238 0.631654 -0.074009
v 0.158238 0.631654 0.074009
v 0.160089 0.627386 -0.074009
v 0.160089 0.627386 0.074009
v 0.161882 0.622834 -0.074009
v 0.161882 0.622834 0.074009
v 0.163615 0.617998 -0.074009
v 0.163615 0.617998 0.074009
v 0.165288 0.612879 -0.074009
v 0.165288 0.612879 0.074009
v 0.166902 0.607475 -0.074009
v 0.166902 0.607475 0.074009
v 0.167071 0.607317 -0.074009
v 0.167071 0.607317 0.074009
v 0.167259 0.607158 -0.074009
v 0.167259 0.607158 0.074009
v 0.167467 0.607000 -0.074009
v 0.167467 0.607000 0.074009
v 0.167695 0.606841 -0.074009
v 0.167695 0.606841 0.074009
v 0.167942 0.606683 -0.074009
v 0.167942 0.606683 0.074009
v 0.168210 0.606525 -0.074009
v 0.168210 0.606525 0.074009
v 0.168497 0.606366 -0.074009
v 0.168497 0.606366 0.074009
v 0.168804 0.606208 -0.074009
v 0.168804 0.606208 0.074009
v 0.169131 0.606049 -0.074009
v 0.169131 0.606049 0.074009
v 0.169477 0.605891 -0.074009
v 0.169477 0.605891 0.074009
v 0.169844 0.605732 -0.074009
v 0.169844 0.605732 0.074009
v 0.170230 0.605574 -0.074009
v 0.170230 0.605574 0.074009
v 0.170616 0.605402 -0.074009
v 0.170616 0.605402 0.074009
v 0.170982 0.605204 -0.074009
v 0.170982 0.605204 0.074009
v 0.171329 0.604980 -0.074009
v 0.171329 0.604980 0.074009
v 0.171656 0.604729 -0.074009
v 0.171656 0.604729 0.074009
v 0.171963 0.604452 -0.074009
v 0.171963 0.604452 0.074009
v 0.172250 0.604148 -0.074009
v 0.172250 0.604148 0.074009
v 0.172517 0.603818 -0.074009
v 0.172517 0.603818 0.074009
v 0.172765 0.603461 -0.074009
v 0.172765 0.603461 0.074009
v 0.172993 0.603078 -0.074009
v 0.172993 0.603078 0.074009
v 0.173201 0.602669 -0.074009
v 0.173201 0.602669 0.074009
v 0.173389 0.602233 -0.074009
v 0.173389 0.602233 0.074009
v 0.173557 0.601771 -0.074009
v 0.173557 0.601771 0.074009
v 0.173877 0.601613 -0.074009
v 0.173877 0.601613 0.074009
v 0.174204 0.601454 -0.074009
v 0.174204 0.601454 0.074009
v 0.174537 0.601296 -0.074009
v 0.174537 0.601296 0.074009
v 0.174877 0.601137 -0.074009
v 0.174877 0.601137 0.074009
v 0.175224 0.600979 -0.074009
v 0.175224 0.600979 0.074009
v 0.175577 0.600821 -0.074009
v 0.175577 0.600821 0.074009
v 0.175937 0.600662 -0.074009
v 0.175937 0.600662 0.074009
v 0.176303 0.600504 -0.074009
v 0.176303 0.600504 0.074009
v 0.176676 0.600345 -0.074009
v 0.176676 0.600345 0.074009
v 0.177056 0.600187 -0.074009
v 0.177056 0.600187 0.074009
v 0.177442 0.600028 -0.074009
v 0.177442 0.600028 0.074009
v 0.177835 0.599870 -0.074009
v 0.177835 0.599870 0.074009
v 0.178234 0.599698 -0.074009
v 0.178234 0.599698 0.074009
v 0.178640 0.599500 -0.074009
v 0.178640 0.599500 0.074009
v 0.179053 0.599276 -0.074009
v 0.179053 0.599276 0.074009
v 0.179472 0.599025 -0.074009
v 0.179472 0.599025 0.074009
v 0.179898 0.598747 -0.074009
v 0.179898 0.598747 0.074009
v 0.180331 0.598444 -0.074009
v 0.180331 0.598444 0.074009
v 0.180770 0.598114 -0.074009
v 0.180770 0.598114 0.074009
v 0.181215 0.597757 -0.074009
v 0.181215 0.597757 0.074009
v 0.181667 0.597374 -0.074009
v 0.181667 0.597374 0.074009
v 0.182126 0.596965 -0.074009
v 0.182126 0.596965 0.074009
v 0.182592 0.596529 -0.074009
v 0.182592 0.596529 0.074009
v 0.183064 0.596067 -0.074009
v 0.183064 0.596067 0.074009
v 0.183532 0.595123 -0.074009
v 0.183532 0.595123 0.074009
v 0.183988 0.594192 -0.074009
v 0.183988 0.594192 0.074009
v 0.184430 0.593275 -0.074009
v 0.184430 0.593275 0.074009
v 0.184859 0.592370 -0.074009
v 0.184859 0.592370 0.074009
v 0.185275 0.591479 -0.074009
v 0.185275 0.591479 0.074009
v 0.185678 0.590601 -0.074009
v 0.185678 0.590601 0.074009
v 0.186068 0.589736 -0.074009
v 0.186068 0.589736 0.074009
v 0.186444 0.588884 -0.074009
v 0.186444 0.588884 0.074009
v 0.186807 0.588046 -0.074009
v 0.186807 0.588046 0.074009
v 0.187157 0.587221 -0.074009
v 0.187157 0.587221 0.074009
v 0.187494 0.586409 -0.074009
v 0.187494 0.586409 0.074009
v 0.187817 0.585610 -0.074009
v 0.187817 0.585610 0.074009
v 0.188134 0.584811 -0.074009
v 0.188134 0.584811 0.074009
v 0.188451 0.583999 -0.074009
v 0.188451 0.583999 0.074009
v 0.188768 0.583174 -0.074009
v 0.188768 0.583174 0.074009
v 0.189085 0.582335 -0.074009
v 0.189085 0.582335 0.074009
v 0.189401 0.581484 -0.074009
v 0.189401 0.581484 0.074009
v 0.189718 0.580619 -0.074009
v 0.189718 0.580619 0.074009
v 0.190035 0.579741 -0.074009
v 0.190035 0.579741 0.074009
v 0.190352 0.578850 -0.074009
v 0.190352 0.578850 0.074009
v 0.190669 0.577945 -0.074009
v 0.190669 0.577945 0.074009
v 0.190986 0.577027 -0.074009
v 0.190986 0.577027 0.074009
v 0.191303 0.576097 -0.074009
v 0.191303 0.576097 0.074009
v 0.191620 0.575153 -0.074009
v 0.191620 0.575153 0.074009
v 0.191950 0.574205 -0.074009
v 0.191950 0.574205 0.074009
v 0.192306 0.573264 -0.074009
v 0.192306 0.573264 0.074009
v 0.192689 0.572330 -0.074009
v 0.192689 0.572330 0.074009
v 0.193098 0.571403 -0.074009
v 0.193098 0.571403 0.074009
v 0.193534 0.570482 -0.074009
v 0.193534 0.570482 0.074009
v 0.193996 0.569567 -0.074009
v 0.193996 0.569567 0.074009
v 0.194485 0.568660 -0.074009
v 0.194485 0.568660 0.074009
v 0.195000 0.567758 -0.074009
v 0.195000 0.567758 0.074009
v 0.195541 0.566864 -0.074009
v 0.195541 0.566864 0.074009
v 0.196109 0.565976 -0.074009
v 0.196109 0.565976 0.074009
v 0.196703 0.565095 -0.074009
v 0.196703 0.565095 0.074009
v 0.197324 0.564220 -0.074009
v 0.197324 0.564220 0.074009
v 0.197964 0.563345 -0.074009
v 0.197964 0.563345 0.074009
v 0.198618 0.562464 -0.074009
v 0.198618 0.562464 0.074009
v 0.199284 0.561576 -0.074009
v 0.199284 0.561576 0.074009
v 0.199964 0.560681 -0.074009
v 0.199964 0.560681 0.074009
v 0.200658 0.559780 -0.074009
v 0.200658 0.559780 0.074009
v 0.201364 0.558872 -0.074009
v 0.201364 0.558872 0.074009
v 0.202084 0.557958 -0.074009
v 0.202084 0.557958 0.074009
v 0.202816 0.557037 -0.074009
v 0.202816 0.557037 0.074009
v 0.203562 0.556110 -0.074009
v 0.203562 0.556110 0.074009
v 0.204322 0.555175 -0.074009
v 0.204322 0.555175 0.074009
v 0.205094 0.554235 -0.074009
v 0.205094 0.554235 0.074009
v 0.205880 0.553287 -0.074009
v 0.205880 0.553287 0.074009
v 0.206372 0.551231 -0.074009
v 0.206372 0.551231 0.074009
v 0.206896 0.549181 -0.074009
v 0.206896 0.549181 0.074009
v 0.207454 0.547138 -0.074009
v 0.207454 0.547138 0.074009
v 0.208045 0.545101 -0.074009
v 0.208045 0.545101 0.074009
v 0.208669 0.543071 -0.074009
v 0.208669 0.543071 0.074009
v 0.209326 0.541047 -0.074009
v 0.209326 0.541047 0.074009
v 0.210016 0.539030 -0.074009
v 0.210016 0.539030 0.074009
v 0.210739 0.537020 -0.074009
v 0.210739 0.537020 0.074009
v 0.211495 0.535017 -0.074009
v 0.211495 0.535017 0.074009
v 0.212283 0.533020 -0.074009
v 0.212283 0.533020 0.074009
v 0.213105 0.531029 -0.074009
v 0.213105 0.531029 0.074009
v 0.213960 0.529045 -0.074009
v 0.213960 0.529045 0.074009
v 0.214782 0.527035 -0.074009
v 0.214782 0.527035 0.074009
v 0.215505 0.524965 -0.074009
v 0.215505 0.524965 0.074009
v 0.216129 0.522836 -0.074009
v 0.216129 0.522836 0.074009
v 0.216654 0.520648 -0.074009
v 0.216654 0.520648 0.074009
v 0.217080 0.518400 -0.074009
v 0.217080 0.518400 0.074009
v 0.217407 0.516092 -0.074009
v 0.217407 0.516092 0.074009
v 0.217634 0.513726 -0.074009
v 0.217634 0.513726 0.074009
v 0.217763 0.511299 -0.074009
v 0.217763 0.511299 0.074009
v 0.217793 0.508814 -0.074009
v 0.217793 0.508814 0.074009
v 0.217723 0.506269 -0.074009
v 0.217723 0.506269 0.074009
v 0.217555 0.503664 -0.074009
v 0.217555 0.503664 0.074009
v 0.217288 0.501001 -0.074009
v 0.217288 0.501001 0.074009
v 0.226794 0.488642 -0.074009
v 0.226794 0.488642 0.074009
v 0.226798 0.487685 -0.074009
v 0.226798 0.487685 0.074009
v 0.226808 0.486714 -0.074009
v 0.226808 0.486714 0.074009
v 0.226824 0.485731 -0.074009
v 0.226824 0.485731 0.074009
v 0.226847 0.484734 -0.074009
v 0.226847 0.484734 0.074009
v 0.226877 0.483724 -0.074009
v 0.226877 0.483724 0.074009
v 0.226913 0.482700 -0.074009
v 0.226913 0.482700 0.074009
v 0.226956 0.481664 -0.074009
v 0.226956 0.481664 0.074009
v 0.227006 0.480614 -0.074009
v 0.227006 0.480614 0.074009
v 0.227062 0.479551 -0.074009
v 0.227062 0.479551 0.074009
v 0.227124 0.478475 -0.074009
v 0.227124 0.478475 0.074009
v 0.227194 0.477386 -0.074009
v 0.227194 0.477386 0.074009
v 0.227270 0.476283 -0.074009
v 0.227270 0.476283 0.074009
v 0.227346 0.475174 -0.074009
v 0.227346 0.475174 0.074009
v 0.227415 0.474065 -0.074009
v 0.227415 0.474065 0.074009
v 0.227478 0.472956 -0.074009
v 0.227478 0.472956 0.074009
v 0.227534 0.471847 -0.074009
v 0.227534 0.471847 0.074009
v 0.227583 0.470738 -0.074009
v 0.227583 0.470738 0.074009
v 0.227626 0.469629 -0.074009
v 0.227626 0.469629 0.074009
v 0.227663 0.468520 -0.074009
v 0.227663 0.468520 0.074009
v 0.227692 0.467410 -0.074009
v 0.227692 0.467410 0.074009
v 0.227715 0.466301 -0.074009
v 0.227715 0.466301 0.074009
v 0.227732 0.465192 -0.074009
v 0.227732 0.465192 0.074009
v 0.227742 0.464083 -0.074009
v 0.227742 0.464083 0.074009
v 0.227745 0.462974 -0.074009
v 0.227745 0.462974 0.074009
v 0.228659 0.462324 -0.074009
v 0.228659 0.462324 0.074009
v 0.229501 0.461640 -0.074009
v 0.229501 0.461640 0.074009
v 0.230270 0.460924 -0.074009
v 0.230270 0.460924 0.074009
v 0.230967 0.460175 -0.074009
v 0.230967 0.460175 0.074009
v 0.231591 0.459393 -0.074009
v 0.231591 0.459393 0.074009
v 0.232142 0.458577 -0.074009
v 0.232142 0.458577 0.074009
v 0.232620 0.457729 -0.074009
v 0.232620 0.457729 0.074009
v 0.233026 0.456848 -0.074009
v 0.233026 0.456848 0.074009
v 0.233360 0.455933 -0.074009
v 0.233360 0.455933 0.074009
v 0.233621 0.454986 -0.074009
v 0.233621 0.454986 0.074009
v 0.233809 0.454006 -0.074009
v 0.233809 0.454006 0.074009
v 0.233924 0.452992 -0.074009
v 0.233924 0.452992 0.074009
v 0.234007 0.451959 -0.074009
v 0.234007 0.451959 0.074009
v 0.234096 0.450919 -0.074009
v 0.234096 0.450919 0.074009
v 0.234192 0.449873 -0.074009
v 0.234192 0.449873 0.074009
v 0.234294 0.448820 -0.074009
v 0.234294 0.448820 0.074009
v 0.234403 0.447760 -0.074009
v 0.234403 0.447760 0.074009
v 0.234518 0.446694 -0.074009
v 0.234518 0.446694 0.074009
v 0.234641 0.445621 -0.074009
v 0.234641 0.445621 0.074009
v 0.234769 0.444542 -0.074009
v 0.234769 0.444542 0.074009
v 0.234905 0.443456 -0.074009
v 0.234905 0.443456 0.074009
v 0.235047 0.442363 -0.074009
v 0.235047 0.442363 0.074009
v 0.235195 0.441264 -0.074009
v 0.235195 0.441264 0.074009
v 0.235350 0.440158 -0.074009
v 0.235350 0.440158 0.074009
v 0.235984 0.439363 -0.074009
v 0.235984 0.439363 0.074009
v 0.236618 0.438560 -0.074009
v 0.236618 0.438560 0.074009
v 0.237252 0.437752 -0.074009
v 0.237252 0.437752 0.074009
v 0.237885 0.436936 -0.074009
v 0.237885 0.436936 0.074009
v 0.238519 0.436114 -0.074009
v 0.238519 0.436114 0.074009
v 0.239153 0.435286 -0.074009
v 0.239153 0.435286 0.074009
v 0.239787 0.434451 -0.074009
v 0.239787 0.434451 0.074009
v 0.240420 0.433609 -0.074009
v 0.240420 0.433609 0.074009
v 0.241054 0.432761 -0.074009
v 0.241054 0.432761 0.074009
v 0.241688 0.431906 -0.074009
v 0.241688 0.431906 0.074009
v 0.242322 0.431044 -0.074009
v 0.242322 0.431044 0.074009
v 0.242956 0.430176 -0.074009
v 0.242956 0.430176 0.074009
v 0.243589 0.429308 -0.074009
v 0.243589 0.429308 0.074009
v 0.244223 0.428446 -0.074009
v 0.244223 0.428446 0.074009
v 0.244857 0.427591 -0.074009
v 0.244857 0.427591 0.074009
v 0.245491 0.426743 -0.074009
v 0.245491 0.426743 0.074009
v 0.246124 0.425901 -0.074009
v 0.246124 0.425901 0.074009
v 0.246758 0.425066 -0.074009
v 0.246758 0.425066 0.074009
v 0.247392 0.424238 -0.074009
v 0.247392 0.424238 0.074009
v 0.248026 0.423416 -0.074009
v 0.248026 0.423416 0.074009
v 0.248659 0.422600 -0.074009
v 0.248659 0.422600 0.074009
v 0.249293 0.421792 -0.074009
v 0.249293 0.421792 0.074009
v 0.249927 0.420990 -0.074009
v 0.249927 0.420990 0.074009
v 0.250561 0.420194 -0.074009
v 0.250561 0.420194 0.074009
v 0.250881 0.418626 -0.074009
v 0.250881 0.418626 0.074009
v 0.251208 0.417091 -0.074009
v 0.251208 0.417091 0.074009
v 0.251541 0.415589 -0.074009
v 0.251541 0.415589 0.074009
v 0.251881 0.414120 -0.074009
v 0.251881 0.414120 0.074009
v 0.252228 0.412684 -0.074009
v 0.252228 0.412684 0.074009
v 0.252581 0.411281 -0.074009
v 0.252581 0.411281 0.074009
v 0.252941 0.409912 -0.074009
v 0.252941 0.409912 0.074009
v 0.253307 0.408575 -0.074009
v 0.253307 0.408575 0.074009
v 0.253680 0.407271 -0.074009
v 0.253680 0.407271 0.074009
v 0.254060 0.406000 -0.074009
v 0.254060 0.406000 0.074009
v 0.254446 0.404762 -0.074009
v 0.254446 0.404762 0.074009
v 0.254839 0.403557 -0.074009
v 0.254839 0.403557 0.074009
v 0.255225 0.402366 -0.074009
v 0.255225 0.402366 0.074009
v 0.255592 0.401168 -0.074009
v 0.255592 0.401168 0.074009
v 0.255938 0.399963 -0.074009
v 0.255938 0.399963 0.074009
v 0.256265 0.398751 -0.074009
v 0.256265 0.398751 0.074009
v 0.256572 0.397533 -0.074009
v 0.256572 0.397533 0.074009
v 0.256859 0.396309 -0.074009
v 0.256859 0.396309 0.074009
v 0.257127 0.395077 -0.074009
v 0.257127 0.395077 0.074009
v 0.257374 0.393840 -0.074009
v 0.257374 0.393840 0.074009
v 0.257602 0.392595 -0.074009
v 0.257602 0.392595 0.074009
v 0.257810 0.391344 -0.074009
v 0.257810 0.391344 0.074009
v 0.257998 0.390086 -0.074009
v 0.257998 0.390086 0.074009
v 0.258166 0.388822 -0.074009
v 0.258166 0.388822 0.074009
v 0.258011 0.388030 -0.074009
v 0.258011 0.388030 0.074009
v 0.257863 0.387238 -0.074009
v 0.257863 0.387238 0.074009
v 0.257721 0.386445 -0.074009
v 0.257721 0.386445 0.074009
v 0.257585 0.385653 -0.074009
v 0.257585 0.385653 0.074009
v 0.257457 0.384861 -0.074009
v 0.257457 0.384861 0.074009
v 0.257335 0.384069 -0.074009
v 0.257335 0.384069 0.074009
v 0.257219 0.383276 -0.074009
v 0.257219 0.383276 0.074009
v 0.257110 0.382484 -0.074009
v 0.257110 0.382484 0.074009
v 0.257008 0.381692 -0.074009
v 0.257008 0.381692 0.074009
v 0.256912 0.380900 -0.074009
v 0.256912 0.380900 0.074009
v 0.256823 0.380108 -0.074009
v 0.256823 0.380108 0.074009
v 0.256740 0.379315 -0.074009
v 0.256740 0.379315 0.074009
v 0.256658 0.378517 -0.074009
v 0.256658 0.378517 0.074009
v 0.256569 0.377705 -0.074009
v 0.256569 0.377705 0.074009
v 0.256473 0.376879 -0.074009
v 0.256473 0.376879 0.074009
v 0.256371 0.376041 -0.074009
v 0.256371 0.376041 0.074009
v 0.256262 0.375189 -0.074009
v 0.256262 0.375189 0.074009
v 0.256146 0.374325 -0.074009
v 0.256146 0.374325 0.074009
v 0.256024 0.373446 -0.074009
v 0.256024 0.373446 0.074009
v 0.255895 0.372555 -0.074009
v 0.255895 0.372555 0.074009
v 0.255760 0.371651 -0.074009
v 0.255760 0.371651 0.074009
v 0.255618 0.370733 -0.074009
v 0.255618 0.370733 0.074009
v 0.255469 0.369802 -0.074009
v 0.255469 0.369802 0.074009
v 0.255314 0.368858 -0.074009
v 0.255314 0.368858 0.074009
v 0.255664 0.366973 -0.074009
v 0.255664 0.366973 0.074009
v 0.256080 0.365121 -0.074009
v 0.256080 0.365121 0.074009
v 0.256562 0.363303 -0.074009
v 0.256562 0.363303 0.074009
v 0.257110 0.361517 -0.074009
v 0.257110 0.361517 0.074009
v 0.257724 0.359764 -0.074009
v 0.257724 0.359764 0.074009
v 0.258404 0.358044 -0.074009
v 0.258404 0.358044 0.074009
v 0.259150 0.356358 -0.074009
v 0.259150 0.356358 0.074009
v 0.259962 0.354704 -0.074009
v 0.259962 0.354704 0.074009
v 0.260840 0.353083 -0.074009
v 0.260840 0.353083 0.074009
v 0.261784 0.351495 -0.074009
v 0.261784 0.351495 0.074009
v 0.262794 0.349941 -0.074009
v 0.262794 0.349941 0.074009
v 0.263870 0.348419 -0.074009
v 0.263870 0.348419 0.074009
v 0.264973 0.346910 -0.074009
v 0.264973 0.346910 0.074009
v 0.266062 0.345395 -0.074009
v 0.266062 0.345395 0.074009
v 0.267138 0.343874 -0.074009
v 0.267138 0.343874 0.074009
v 0.268201 0.342345 -0.074009
v 0.268201 0.342345 0.074009
v 0.269251 0.340810 -0.074009
v 0.269251 0.340810 0.074009
v 0.270287 0.339269 -0.074009
v 0.270287 0.339269 0.074009
v 0.271311 0.337721 -0.074009
v 0.271311 0.337721 0.074009
v 0.272321 0.336166 -0.074009
v 0.272321 0.336166 0.074009
v 0.273318 0.334605 -0.074009
v 0.273318 0.334604 0.074009
v 0.274301 0.333037 -0.074009
v 0.274301 0.333037 0.074009
v 0.275272 0.331462 -0.074009
v 0.275272 0.331462 0.074009
v 0.276229 0.329881 -0.074009
v 0.276229 0.329881 0.074009
v 0.277180 0.326075 -0.074009
v 0.277180 0.326075 0.074009
v 0.278130 0.322262 -0.074009
v 0.278130 0.322262 0.074009
v 0.279081 0.318443 -0.074009
v 0.279081 0.318443 0.074009
v 0.280032 0.314617 -0.074009
v 0.280032 0.314617 0.074009
v 0.280982 0.310785 -0.074009
v 0.280982 0.310785 0.074009
v 0.281933 0.306946 -0.074009
v 0.281933 0.306946 0.074009
v 0.282883 0.303100 -0.074009
v 0.282883 0.303100 0.074009
v 0.283834 0.299248 -0.074009
v 0.283834 0.299248 0.074009
v 0.284785 0.295390 -0.074009
v 0.284785 0.295390 0.074009
v 0.285735 0.291524 -0.074009
v 0.285735 0.291524 0.074009
v 0.286686 0.287652 -0.074009
v 0.286686 0.287652 0.074009
v 0.287637 0.283774 -0.074009
v 0.287637 0.283774 0.074009
v 0.288561 0.279888 -0.074009
v 0.288561 0.279888 0.074009
v 0.289433 0.275997 -0.074009
v 0.289433 0.275997 0.074009
v 0.290251 0.272098 -0.074009
v 0.290251 0.272098 0.074009
v 0.291017 0.268193 -0.074009
v 0.291017 0.268193 0.074009
v 0.291730 0.264282 -0.074009
v 0.291730 0.264282 0.074009
v 0.292390 0.260363 -0.074009
v 0.292390 0.260363 0.074009
v 0.292998 0.256439 -0.074009
v 0.292998 0.256439 0.074009
v 0.293552 0.252507 -0.074009
v 0.293552 0.252507 0.074009
v 0.294054 0.248569 -0.074009
v 0.294054 0.248569 0.074009
v 0.294503 0.244625 -0.074009
v 0.294503 0.244625 0.074009
v 0.294899 0.240673 -0.074009
v 0.294899 0.240673 0.074009
v 0.295242 0.236716 -0.074009
v 0.295242 0.236716 0.074009
v 0.297540 0.233850 -0.074009
v 0.297540 0.233850 0.074009
v 0.299679 0.230959 -0.074009
v 0.299679 0.230959 0.074009
v 0.301659 0.228041 -0.074009
v 0.301659 0.228041 0.074009
v 0.303481 0.225096 -0.074009
v 0.303481 0.225096 0.074009
v 0.305145 0.222126 -0.074009
v 0.305145 0.222126 0.074009
v 0.306650 0.219128 -0.074009
v 0.306650 0.219128 0.074009
v 0.307997 0.216105 -0.074009
v 0.307997 0.216105 0.074009
v 0.309185 0.213055 -0.074009
v 0.309185 0.213055 0.074009
v 0.310215 0.209978 -0.074009
v 0.310215 0.209978 0.074009
v 0.311087 0.206875 -0.074009
v 0.311087 0.206875 0.074009
v 0.311800 0.203746 -0.074009
v 0.311800 0.203746 0.074009
v 0.312354 0.200590 -0.074009
v 0.312354 0.200590 0.074009
v 0.312836 0.197415 -0.074009
v 0.312836 0.197415 0.074009
v 0.313331 0.194226 -0.074009
v 0.313331 0.194226 0.074009
v 0.313840 0.191024 -0.074009
v 0.313840 0.191024 0.074009
v 0.314361 0.187809 -0.074009
v 0.314361 0.187809 0.074009
v 0.314896 0.184581 -0.074009
v 0.314896 0.184581 0.074009
v 0.315444 0.181339 -0.074009
v 0.315444 0.181339 0.074009
v 0.316005 0.178085 -0.074009
v 0.316005 0.178085 0.074009
v 0.316579 0.174817 -0.074009
v 0.316579 0.174817 0.074009
v 0.317167 0.171536 -0.074009
v 0.317167 0.171536 0.074009
v 0.317768 0.168241 -0.074009
v 0.317768 0.168241 0.074009
v 0.318382 0.164934 -0.074009
v 0.318382 0.164934 0.074009
v 0.319009 0.161613 -0.074009
v 0.319009 0.161613 0.074009
v 0.319464 0.160194 -0.074009
v 0.319464 0.160194 0.074009
v 0.319880 0.158788 -0.074009
v 0.319880 0.158788 0.074009
v 0.320257 0.157395 -0.074009
v 0.320257 0.157395 0.074009
v 0.320593 0.156015 -0.074009
v 0.320593 0.156015 0.074009
v 0.320890 0.154648 -0.074009
v 0.320890 0.154648 0.074009
v 0.321148 0.153295 -0.074009
v 0.321148 0.153295 0.074009
v 0.321366 0.151955 -0.074009
v 0.321366 0.151955 0.074009
v 0.321544 0.150628 -0.074009
v 0.321544 0.150628 0.074009
v 0.321683 0.149314 -0.074009
v 0.321683 0.149314 0.074009
v 0.321782 0.148013 -0.074009
v 0.321782 0.148013 0.074009
v 0.321841 0.146726 -0.074009
v 0.321841 0.146726 0.074009
v 0.321861 0.145452 -0.074009
v 0.321861 0.145452 0.074009
v 0.321868 0.144171 -0.074009
v 0.321868 0.144171 0.074009
v 0.321887 0.142864 -0.074009
v 0.321887 0.142864 0.074009
v 0.321920 0.141530 -0.074009
v 0.321920 0.141530 0.074009
v 0.321967 0.140170 -0.074009
v 0.321967 0.140170 0.074009
v 0.322026 0.138784 -0.074009
v 0.322026 0.138784 0.074009
v 0.322099 0.137371 -0.074009
v 0.322099 0.137371 0.074009
v 0.322184 0.135932 -0.074009
v 0.322184 0.135932 0.074009
v 0.322283 0.134466 -0.074009
v 0.322283 0.134466 0.074009
v 0.322396 0.132974 -0.074009
v 0.322396 0.132974 0.074009
v 0.322521 0.131456 -0.074009
v 0.322521 0.131456 0.074009
v 0.322660 0.129911 -0.074009
v 0.322660 0.129911 0.074009
v 0.322812 0.128340 -0.074009
v 0.322812 0.128340 0.074009
v 0.323323 0.127198 -0.074009
v 0.323323 0.127198 0.074009
v 0.323907 0.125990 -0.074009
v 0.323907 0.125990 0.074009
v 0.324564 0.124715 -0.074009
v 0.324564 0.124715 0.074009
v 0.325294 0.123375 -0.074009
v 0.325294 0.123375 0.074009
v 0.326096 0.121969 -0.074009
v 0.326096 0.121969 0.074009
v 0.326971 0.120497 -0.074009
v 0.326971 0.120497 0.074009
v 0.327918 0.118959 -0.074009
v 0.327918 0.118959 0.074009
v 0.328938 0.117354 -0.074009
v 0.328938 0.117354 0.074009
v 0.330031 0.115684 -0.074009
v 0.330031 0.115684 0.074009
v 0.331196 0.113948 -0.074009
v 0.331196 0.113948 0.074009
v 0.332434 0.112145 -0.074009
v 0.332434 0.112145 0.074009
v 0.333744 0.110277 -0.074009
v 0.333744 0.110277 0.074009
v 0.335074 0.108415 -0.074009
v 0.335074 0.108415 0.074009
v 0.336372 0.106633 -0.074009
v 0.336372 0.106633 0.074009
v 0.337636 0.104930 -0.074009
v 0.337636 0.104930 0.074009
v 0.338867 0.103306 -0.074009
v 0.338867 0.103306 0.074009
v 0.340066 0.101761 -0.074009
v 0.340066 0.101761 0.074009
v 0.341231 0.100295 -0.074009
v 0.341231 0.100295 0.074009
v 0.342363 0.098909 -0.074009
v 0.342363 0.098909 0.074009
v 0.343462 0.097602 -0.074009
v 0.343462 0.097602 0.074009
v 0.344528 0.096374 -0.074009
v 0.344528 0.096374 0.074009
v 0.345562 0.095225 -0.074009
v 0.345562 0.095225 0.074009
v 0.346562 0.094155 -0.074009
v 0.346562 0.094155 0.074009
v 0.347529 0.093165 -0.074009
v 0.347529 0.093165 0.074009
v 0.347535 0.091105 -0.074009
v 0.347535 0.091105 0.074009
v 0.347555 0.089046 -0.074009
v 0.347555 0.089046 0.074009
v 0.347588 0.086986 -0.074009
v 0.347588 0.086986 0.074009
v 0.347634 0.084926 -0.074009
v 0.347634 0.084926 0.074009
v 0.347694 0.082866 -0.074009
v 0.347694 0.082866 0.074009
v 0.347767 0.080807 -0.074009
v 0.347767 0.080807 0.074009
v 0.347852 0.078747 -0.074009
v 0.347852 0.078747 0.074009
v 0.347951 0.076687 -0.074009
v 0.347951 0.076687 0.074009
v 0.348064 0.074627 -0.074009
v 0.348064 0.074627 0.074009
v 0.348189 0.072567 -0.074009
v 0.348189 0.072567 0.074009
v 0.348328 0.070508 -0.074009
v 0.348328 0.070508 0.074009
v 0.051872 0.285675 -0.074009
v 0.051872 0.285675 0.074009
v 0.053278 0.286114 -0.074009
v 0.053278 0.286114 0.074009
v 0.054645 0.286639 -0.074009
v 0.054645 0.286639 0.074009
v 0.055972 0.287249 -0.074009
v 0.055972 0.287249 0.074009
v 0.057259 0.287946 -0.074009
v 0.057259 0.287946 0.074009
v 0.058507 0.288728 -0.074009
v 0.058507 0.288728 0.074009
v 0.059715 0.289596 -0.074009
v 0.059715 0.289596 0.074009
v 0.060883 0.290550 -0.074009
v 0.060883 0.290550 0.074009
v 0.062012 0.291590 -0.074009
v 0.062012 0.291590 0.074009
v 0.063102 0.292716 -0.074009
v 0.063102 0.292716 0.074009
v 0.064151 0.293927 -0.074009
v 0.064151 0.293927 0.074009
v 0.065161 0.295224 -0.074009
v 0.065161 0.295224 0.074009
v 0.066132 0.296608 -0.074009
v 0.066132 0.296608 0.074009
v 0.065944 0.298020 -0.074009
v 0.065944 0.298020 0.074009
v 0.065696 0.299407 -0.074009
v 0.065696 0.299407 0.074009
v 0.065389 0.300767 -0.074009
v 0.065389 0.300767 0.074009
v 0.065023 0.302100 -0.074009
v 0.065023 0.302100 0.074009
v 0.064597 0.303407 -0.074009
v 0.064597 0.303407 0.074009
v 0.064112 0.304688 -0.074009
v 0.064112 0.304688 0.074009
v 0.063567 0.305943 -0.074009
v 0.063567 0.305943 0.074009
v 0.062963 0.307171 -0.074009
v 0.062963 0.307171 0.074009
v 0.062300 0.308372 -0.074009
v 0.062300 0.308372 0.074009
v 0.061577 0.309547 -0.074009
v 0.061577 0.309547 0.074009
v 0.060794 0.310696 -0.074009
v 0.060794 0.310696 0.074009
v 0.059953 0.311818 -0.074009
v 0.059953 0.311818 0.074009
v 0.059137 0.312934 -0.074009
v 0.059137 0.312934 0.074009
v 0.058434 0.314063 -0.074009
v 0.058434 0.314063 0.074009
v 0.057843 0.315205 -0.074009
v 0.057843 0.315205 0.074009
v 0.057365 0.316360 -0.074009
v 0.057365 0.316360 0.074009
v 0.056998 0.317529 -0.074009
v 0.056998 0.317529 0.074009
v 0.056744 0.318711 -0.074009
v 0.056744 0.318711 0.074009
v 0.056602 0.319905 -0.074009
v 0.056602 0.319905 0.074009
v 0.056573 0.321114 -0.074009
v 0.056573 0.321114 0.074009
v 0.056655 0.322335 -0.074009
v 0.056655 0.322335 0.074009
v 0.056850 0.323570 -0.074009
v 0.056850 0.323569 0.074009
v 0.057157 0.324817 -0.074009
v 0.057157 0.324817 0.074009
v 0.057576 0.326078 -0.074009
v 0.057576 0.326078 0.074009
v 0.056817 0.327679 -0.074009
v 0.056817 0.327679 0.074009
v 0.056123 0.329313 -0.074009
v 0.056123 0.329313 0.074009
v 0.055496 0.330980 -0.074009
v 0.055496 0.330980 0.074009
v 0.054935 0.332680 -0.074009
v 0.054935 0.332680 0.074009
v 0.054440 0.334413 -0.074009
v 0.054440 0.334413 0.074009
v 0.054011 0.336179 -0.074009
v 0.054011 0.336179 0.074009
v 0.053648 0.337978 -0.074009
v 0.053648 0.337978 0.074009
v 0.053351 0.339810 -0.074009
v 0.053351 0.339810 0.074009
v 0.053120 0.341675 -0.074009
v 0.053120 0.341675 0.074009
v 0.052955 0.343573 -0.074009
v 0.052955 0.343573 0.074009
v 0.052856 0.345504 -0.074009
v 0.052856 0.345504 0.074009
v 0.052823 0.347468 -0.074009
v 0.052823 0.347468 0.074009
v 0.052836 0.349373 -0.074009
v 0.052836 0.349373 0.074009
v 0.052875 0.351126 -0.074009
v 0.052875 0.351126 0.074009
v 0.052941 0.352727 -0.074009
v 0.052941 0.352727 0.074009
v 0.053034 0.354176 -0.074009
v 0.053034 0.354176 0.074009
v 0.053153 0.355473 -0.074009
v 0.053153 0.355473 0.074009
v 0.053298 0.356618 -0.074009
v 0.053298 0.356618 0.074009
v 0.053470 0.357612 -0.074009
v 0.053470 0.357612 0.074009
v 0.053668 0.358454 -0.074009
v 0.053668 0.358454 0.074009
v 0.053892 0.359144 -0.074009
v 0.053892 0.359144 0.074009
v 0.054143 0.359682 -0.074009
v 0.054143 0.359682 0.074009
v 0.054420 0.360068 -0.074009
v 0.054420 0.360068 0.074009
v 0.054724 0.360302 -0.074009
v 0.054724 0.360302 0.074009
v 0.054572 0.360639 -0.074009
v 0.054572 0.360639 0.074009
v 0.054433 0.361015 -0.074009
v 0.054433 0.361015 0.074009
v 0.054308 0.361431 -0.074009
v 0.054308 0.361431 0.074009
v 0.054196 0.361887 -0.074009
v 0.054196 0.361887 0.074009
v 0.054097 0.362382 -0.074009
v 0.054097 0.362382 0.074009
v 0.054011 0.362916 -0.074009
v 0.054011 0.362916 0.074009
v 0.053938 0.363491 -0.074009
v 0.053938 0.363491 0.074009
v 0.053879 0.364105 -0.074009
v 0.053879 0.364105 0.074009
v 0.053833 0.364758 -0.074009
v 0.053833 0.364758 0.074009
v 0.053800 0.365452 -0.074009
v 0.053800 0.365452 0.074009
v 0.053780 0.366184 -0.074009
v 0.053780 0.366184 0.074009
v 0.053773 0.366957 -0.074009
v 0.053773 0.366957 0.074009
v 0.052984 0.368053 -0.074009
v 0.052984 0.368053 0.074009
v 0.052202 0.369122 -0.074009
v 0.052202 0.369122 0.074009
v 0.051426 0.370165 -0.074009
v 0.051426 0.370165 0.074009
v 0.050657 0.371182 -0.074009
v 0.050657 0.371182 0.074009
v 0.049895 0.372172 -0.074009
v 0.049895 0.372172 0.074009
v 0.049139 0.373136 -0.074009
v 0.049139 0.373136 0.074009
v 0.048389 0.374074 -0.074009
v 0.048389 0.374074 0.074009
v 0.047647 0.374985 -0.074009
v 0.047647 0.374985 0.074009
v 0.046911 0.375869 -0.074009
v 0.046911 0.375869 0.074009
v 0.046181 0.376728 -0.074009
v 0.046181 0.376728 0.074009
v 0.045458 0.377559 -0.074009
v 0.045458 0.377559 0.074009
v 0.044742 0.378365 -0.074009
v 0.044742 0.378365 0.074009
v 0.044032 0.379164 -0.074009
v 0.044032 0.379164 0.074009
v 0.043329 0.379976 -0.074009
v 0.043329 0.379976 0.074009
v 0.042633 0.380801 -0.074009
v 0.042633 0.380801 0.074009
v 0.041943 0.381639 -0.074009
v 0.041943 0.381639 0.074009
v 0.041259 0.382491 -0.074009
v 0.041259 0.382491 0.074009
v 0.040583 0.383356 -0.074009
v 0.040583 0.383356 0.074009
v 0.039913 0.384234 -0.074009
v 0.039913 0.384234 0.074009
v 0.039249 0.385125 -0.074009
v 0.039249 0.385125 0.074009
v 0.038592 0.386030 -0.074009
v 0.038592 0.386030 0.074009
v 0.037942 0.386947 -0.074009
v 0.037942 0.386947 0.074009
v 0.037298 0.387878 -0.074009
v 0.037298 0.387878 0.074009
v 0.036661 0.388822 -0.074009
v 0.036661 0.388822 0.074009
v 0.036628 0.388558 -0.074009
v 0.036628 0.388558 0.074009
v 0.036529 0.388400 -0.074009
v 0.036529 0.388400 0.074009
v 0.036364 0.388347 -0.074009
v 0.036364 0.388347 0.074009
v 0.036133 0.388400 -0.074009
v 0.036133 0.388400 0.074009
v 0.035836 0.388558 -0.074009
v 0.035836 0.388558 0.074009
v 0.035473 0.388822 -0.074009
v 0.035473 0.388822 0.074009
v 0.035044 0.389192 -0.074009
v 0.035044 0.389192 0.074009
v 0.034549 0.389667 -0.074009
v 0.034549 0.389667 0.074009
v 0.033987 0.390248 -0.074009
v 0.033987 0.390248 0.074009
v 0.033360 0.390935 -0.074009
v 0.033360 0.390935 0.074009
v 0.032667 0.391727 -0.074009
v 0.032667 0.391727 0.074009
v 0.031908 0.392625 -0.074009
v 0.031908 0.392625 0.074009
v 0.030970 0.392816 -0.074009
v 0.030970 0.392816 0.074009
v 0.030059 0.393074 -0.074009
v 0.030059 0.393074 0.074009
v 0.029175 0.393397 -0.074009
v 0.029175 0.393397 0.074009
v 0.028317 0.393787 -0.074009
v 0.028317 0.393787 0.074009
v 0.027485 0.394242 -0.074009
v 0.027485 0.394242 0.074009
v 0.026679 0.394764 -0.074009
v 0.026679 0.394764 0.074009
v 0.025900 0.395351 -0.074009
v 0.025900 0.395351 0.074009
v 0.025148 0.396005 -0.074009
v 0.025148 0.396005 0.074009
v 0.024421 0.396725 -0.074009
v 0.024421 0.396724 0.074009
v 0.023722 0.397510 -0.074009
v 0.023722 0.397510 0.074009
v 0.023048 0.398362 -0.074009
v 0.023048 0.398362 0.074009
v 0.022401 0.399279 -0.074009
v 0.022401 0.399279 0.074009
v 0.022236 0.399910 -0.074009
v 0.022236 0.399910 0.074009
v 0.022058 0.400534 -0.074009
v 0.022058 0.400534 0.074009
v 0.021867 0.401151 -0.074009
v 0.021867 0.401151 0.074009
v 0.021662 0.401762 -0.074009
v 0.021662 0.401762 0.074009
v 0.021444 0.402366 -0.074009
v 0.021444 0.402366 0.074009
v 0.021213 0.402963 -0.074009
v 0.021213 0.402963 0.074009
v 0.020969 0.403554 -0.074009
v 0.020969 0.403554 0.074009
v 0.020711 0.404138 -0.074009
v 0.020711 0.404138 0.074009
v 0.020441 0.404716 -0.074009
v 0.020441 0.404716 0.074009
v 0.020157 0.405287 -0.074009
v 0.020157 0.405287 0.074009
v 0.019860 0.405852 -0.074009
v 0.019860 0.405852 0.074009
v 0.019549 0.406409 -0.074009
v 0.019549 0.406409 0.074009
v 0.019219 0.406947 -0.074009
v 0.019219 0.406947 0.074009
v 0.018863 0.407453 -0.074009
v 0.018863 0.407452 0.074009
v 0.018480 0.407925 -0.074009
v 0.018480 0.407925 0.074009
v 0.018070 0.408364 -0.074009
v 0.018070 0.408364 0.074009
v 0.017635 0.408770 -0.074009
v 0.017635 0.408770 0.074009
v 0.017173 0.409143 -0.074009
v 0.017173 0.409143 0.074009
v 0.016684 0.409483 -0.074009
v 0.016684 0.409483 0.074009
v 0.016169 0.409790 -0.074009
v 0.016169 0.409790 0.074009
v 0.015628 0.410064 -0.074009
v 0.015628 0.410064 0.074009
v 0.015060 0.410305 -0.074009
v 0.015060 0.410305 0.074009
v 0.014466 0.410513 -0.074009
v 0.014466 0.410512 0.074009
v 0.013845 0.410687 -0.074009
v 0.013845 0.410687 0.074009
v 0.013218 0.410668 -0.074009
v 0.013218 0.410668 0.074009
v 0.012604 0.410608 -0.074009
v 0.012604 0.410608 0.074009
v 0.012003 0.410509 -0.074009
v 0.012003 0.410509 0.074009
v 0.011416 0.410371 -0.074009
v 0.011416 0.410371 0.074009
v 0.010841 0.410192 -0.074009
v 0.010841 0.410192 0.074009
v 0.010280 0.409974 -0.074009
v 0.010280 0.409974 0.074009
v 0.009732 0.409717 -0.074009
v 0.009732 0.409717 0.074009
v 0.009198 0.409420 -0.074009
v 0.009198 0.409420 0.074009
v 0.008676 0.409083 -0.074009
v 0.008676 0.409083 0.074009
v 0.008168 0.408707 -0.074009
v 0.008168 0.408707 0.074009
v 0.007673 0.408291 -0.074009
v 0.007673 0.408291 0.074009
v 0.007191 0.407835 -0.074009
v 0.007191 0.407835 0.074009
v 0.006702 0.407367 -0.074009
v 0.006702 0.407367 0.074009
v 0.006187 0.406911 -0.074009
v 0.006187 0.406911 0.074009
v 0.005646 0.406469 -0.074009
v 0.005646 0.406469 0.074009
v 0.005078 0.406040 -0.074009
v 0.005078 0.406040 0.074009
v 0.004484 0.405624 -0.074009
v 0.004484 0.405624 0.074009
v 0.003863 0.405221 -0.074009
v 0.003863 0.405221 0.074009
v 0.003216 0.404832 -0.074009
v 0.003216 0.404832 0.074009
v 0.002543 0.404455 -0.074009
v 0.002543 0.404455 0.074009
v 0.001843 0.404092 -0.074009
v 0.001843 0.404092 0.074009
v 0.001117 0.403742 -0.074009
v 0.001117 0.403742 0.074009
v 0.000364 0.403406 -0.074009
v 0.000364 0.403406 0.074009
v -0.000415 0.403082 -0.074009
v -0.000415 0.403082 0.074009
v -0.001200 0.402920 -0.074009
v -0.001200 0.402920 0.074009
v -0.001973 0.402752 -0.074009
v -0.001973 0.402752 0.074009
v -0.002732 0.402577 -0.074009
v -0.002732 0.402577 0.074009
v -0.003478 0.402395 -0.074009
v -0.003478 0.402395 0.074009
v -0.004211 0.402207 -0.074009
v -0.004211 0.402207 0.074009
v -0.004930 0.402013 -0.074009
v -0.004930 0.402013 0.074009
v -0.005637 0.401811 -0.074009
v -0.005637 0.401811 0.074009
v -0.006330 0.401603 -0.074009
v -0.006330 0.401603 0.074009
v -0.007010 0.401389 -0.074009
v -0.007010 0.401389 0.074009
v -0.007677 0.401168 -0.074009
v -0.007677 0.401168 0.074009
v -0.008330 0.400940 -0.074009
v -0.008330 0.400940 0.074009
v -0.008971 0.400705 -0.074009
v -0.008971 0.400705 0.074009
v -0.009618 0.400471 -0.074009
v -0.009618 0.400471 0.074009
v -0.010291 0.400243 -0.074009
v -0.010291 0.400243 0.074009
v -0.010991 0.400022 -0.074009
v -0.010991 0.400022 0.074009
v -0.011717 0.399808 -0.074009
v -0.011717 0.399808 0.074009
v -0.012470 0.399600 -0.074009
v -0.012470 0.399600 0.074009
v -0.013249 0.399398 -0.074009
v -0.013249 0.399398 0.074009
v -0.014054 0.399204 -0.074009
v -0.014054 0.399204 0.074009
v -0.014886 0.399015 -0.074009
v -0.014886 0.399015 0.074009
v -0.015744 0.398834 -0.074009
v -0.015744 0.398834 0.074009
v -0.016629 0.398659 -0.074009
v -0.016629 0.398659 0.074009
v -0.017540 0.398490 -0.074009
v -0.017540 0.398490 0.074009
v -0.018477 0.398329 -0.074009
v -0.018477 0.398329 0.074009
v -0.019712 0.397035 -0.074009
v -0.019712 0.397035 0.074009
v -0.020880 0.395688 -0.074009
v -0.020880 0.395688 0.074009
v -0.021983 0.394288 -0.074009
v -0.021983 0.394288 0.074009
v -0.023019 0.392836 -0.074009
v -0.023019 0.392836 0.074009
v -0.023990 0.391331 -0.074009
v -0.023990 0.391331 0.074009
v -0.024894 0.389773 -0.074009
v -0.024894 0.389773 0.074009
v -0.025733 0.388162 -0.074009
v -0.025733 0.388162 0.074009
v -0.026505 0.386498 -0.074009
v -0.026505 0.386498 0.074009
v -0.027212 0.384782 -0.074009
v -0.027212 0.384782 0.074009
v -0.027852 0.383013 -0.074009
v -0.027852 0.383013 0.074009
v -0.028426 0.381190 -0.074009
v -0.028426 0.381190 0.074009
v -0.028935 0.379315 -0.074009
v -0.028935 0.379315 0.074009
v -0.028935 0.365056 -0.074009
v -0.028935 0.365055 0.074009
v -0.029730 0.363646 -0.074009
v -0.029730 0.363646 0.074009
v -0.030532 0.362270 -0.074009
v -0.030532 0.362270 0.074009
v -0.031341 0.360926 -0.074009
v -0.031341 0.360926 0.074009
v -0.032156 0.359616 -0.074009
v -0.032156 0.359616 0.074009
v -0.032978 0.358338 -0.074009
v -0.032978 0.358338 0.074009
v -0.033807 0.357094 -0.074009
v -0.033807 0.357094 0.074009
v -0.034642 0.355882 -0.074009
v -0.034642 0.355882 0.074009
v -0.035484 0.354704 -0.074009
v -0.035484 0.354704 0.074009
v -0.036332 0.353558 -0.074009
v -0.036332 0.353558 0.074009
v -0.037187 0.352446 -0.074009
v -0.037187 0.352446 0.074009
v -0.038049 0.351367 -0.074009
v -0.038049 0.351367 0.074009
v -0.038917 0.350320 -0.074009
v -0.038917 0.350320 0.074009
v -0.039772 0.349287 -0.074009
v -0.039772 0.349287 0.074009
v -0.040594 0.348247 -0.074009
v -0.040594 0.348247 0.074009
v -0.041382 0.347201 -0.074009
v -0.041382 0.347201 0.074009
v -0.042138 0.346148 -0.074009
v -0.042138 0.346148 0.074009
v -0.042861 0.345088 -0.074009
v -0.042861 0.345088 0.074009
v -0.043551 0.344022 -0.074009
v -0.043551 0.344022 0.074009
v -0.044208 0.342949 -0.074009
v -0.044208 0.342949 0.074009
v -0.044832 0.341870 -0.074009
v -0.044832 0.341870 0.074009
v -0.045423 0.340784 -0.074009
v -0.045423 0.340784 0.074009
v -0.045981 0.339691 -0.074009
v -0.045981 0.339691 0.074009
v -0.046505 0.338592 -0.074009
v -0.046505 0.338592 0.074009
v -0.046997 0.337486 -0.074009
v -0.046997 0.337486 0.074009
v -0.047512 0.334661 -0.074009
v -0.047512 0.334661 0.074009
v -0.048106 0.331888 -0.074009
v -0.048106 0.331888 0.074009
v -0.048780 0.329168 -0.074009
v -0.048780 0.329168 0.074009
v -0.049532 0.326501 -0.074009
v -0.049532 0.326501 0.074009
v -0.050364 0.323886 -0.074009
v -0.050364 0.323886 0.074009
v -0.051275 0.321325 -0.074009
v -0.051275 0.321325 0.074009
v -0.052265 0.318816 -0.074009
v -0.052265 0.318816 0.074009
v -0.053335 0.316360 -0.074009
v -0.053335 0.316360 0.074009
v -0.054484 0.313957 -0.074009
v -0.054484 0.313957 0.074009
v -0.055712 0.311607 -0.074009
v -0.055712 0.311607 0.074009
v -0.057019 0.309310 -0.074009
v -0.057019 0.309310 0.074009
v -0.058405 0.307065 -0.074009
v -0.058405 0.307065 0.074009
v -0.058428 0.305801 -0.074009
v -0.058428 0.305801 0.074009
v -0.058498 0.304543 -0.074009
v -0.058498 0.304543 0.074009
v -0.058613 0.303292 -0.074009
v -0.058613 0.303292 0.074009
v -0.058775 0.302047 -0.074009
v -0.058775 0.302047 0.074009
v -0.058983 0.300810 -0.074009
v -0.058983 0.300810 0.074009
v -0.059237 0.299578 -0.074009
v -0.059237 0.299578 0.074009
v -0.059537 0.298354 -0.074009
v -0.059537 0.298354 0.074009
v -0.059884 0.297136 -0.074009
v -0.059884 0.297136 0.074009
v -0.060277 0.295924 -0.074009
v -0.060277 0.295924 0.074009
v -0.060716 0.294719 -0.074009
v -0.060716 0.294719 0.074009
v -0.061201 0.293521 -0.074009
v -0.061201 0.293521 0.074009
v -0.061733 0.292330 -0.074009
v -0.061733 0.292330 0.074009
v -0.062277 0.291145 -0.074009
v -0.062277 0.291145 0.074009
v -0.062802 0.289966 -0.074009
v -0.062802 0.289966 0.074009
v -0.063307 0.288794 -0.074009
v -0.063307 0.288794 0.074009
v -0.063792 0.287629 -0.074009
v -0.063792 0.287629 0.074009
v -0.064258 0.286470 -0.074009
v -0.064258 0.286470 0.074009
v -0.064703 0.285318 -0.074009
v -0.064703 0.285318 0.074009
v -0.065129 0.284173 -0.074009
v -0.065129 0.284173 0.074009
v -0.065535 0.283034 -0.074009
v -0.065535 0.283034 0.074009
v -0.065921 0.281902 -0.074009
v -0.065921 0.281902 0.074009
v -0.066288 0.280776 -0.074009
v -0.066288 0.280776 0.074009
v -0.066634 0.279657 -0.074009
v -0.066634 0.279657 0.074009
v -0.066961 0.278545 -0.074009
v -0.066961 0.278545 0.074009
v -0.067113 0.278347 -0.074009
v -0.067113 0.278347 0.074009
v -0.067252 0.278070 -0.074009
v -0.067252 0.278070 0.074009
v -0.067377 0.277713 -0.074009
v -0.067377 0.277713 0.074009
v -0.067489 0.277277 -0.074009
v -0.067489 0.277277 0.074009
v -0.067588 0.276762 -0.074009
v -0.067588 0.276762 0.074009
v -0.067674 0.276168 -0.074009
v -0.067674 0.276168 0.074009
v -0.067747 0.275495 -0.074009
v -0.067747 0.275495 0.074009
v -0.067806 0.274742 -0.074009
v -0.067806 0.274742 0.074009
v -0.067852 0.273910 -0.074009
v -0.067852 0.273910 0.074009
v -0.067885 0.272999 -0.074009
v -0.067885 0.272999 0.074009
v -0.067905 0.272009 -0.074009
v -0.067905 0.272009 0.074009
v -0.067912 0.270940 -0.074009
v -0.067912 0.270940 0.074009
v -0.067859 0.269877 -0.074009
v -0.067859 0.269877 0.074009
v -0.067701 0.268906 -0.074009
v -0.067701 0.268906 0.074009
v -0.067437 0.268028 -0.074009
v -0.067437 0.268028 0.074009
v -0.067067 0.267243 -0.074009
v -0.067067 0.267243 0.074009
v -0.066592 0.266549 -0.074009
v -0.066592 0.266549 0.074009
v -0.066011 0.265949 -0.074009
v -0.066011 0.265949 0.074009
v -0.065324 0.265440 -0.074009
v -0.065324 0.265440 0.074009
v -0.064532 0.265024 -0.074009
v -0.064532 0.265024 0.074009
v -0.063634 0.264701 -0.074009
v -0.063634 0.264701 0.074009
v -0.062630 0.264470 -0.074009
v -0.062630 0.264470 0.074009
v -0.061521 0.264331 -0.074009
v -0.061521 0.264331 0.074009
v -0.060307 0.264285 -0.074009
v -0.060307 0.264285 0.074009
v -0.059366 0.264288 -0.074009
v -0.059366 0.264288 0.074009
v -0.058445 0.264298 -0.074009
v -0.058445 0.264298 0.074009
v -0.057544 0.264315 -0.074009
v -0.057544 0.264315 0.074009
v -0.056662 0.264338 -0.074009
v -0.056662 0.264338 0.074009
v -0.055801 0.264367 -0.074009
v -0.055801 0.264367 0.074009
v -0.054959 0.264404 -0.074009
v -0.054959 0.264404 0.074009
v -0.054137 0.264447 -0.074009
v -0.054137 0.264447 0.074009
v -0.053335 0.264496 -0.074009
v -0.053335 0.264496 0.074009
v -0.052553 0.264552 -0.074009
v -0.052553 0.264552 0.074009
v -0.051790 0.264615 -0.074009
v -0.051790 0.264615 0.074009
v -0.051048 0.264684 -0.074009
v -0.051048 0.264684 0.074009
v -0.050325 0.264760 -0.074009
v -0.050325 0.264760 0.074009
v -0.049608 0.264836 -0.074009
v -0.049608 0.264836 0.074009
v -0.048885 0.264906 -0.074009
v -0.048885 0.264906 0.074009
v -0.048156 0.264968 -0.074009
v -0.048156 0.264968 0.074009
v -0.047420 0.265024 -0.074009
v -0.047420 0.265024 0.074009
v -0.046677 0.265074 -0.074009
v -0.046677 0.265074 0.074009
v -0.045928 0.265117 -0.074009
v -0.045928 0.265117 0.074009
v -0.045172 0.265153 -0.074009
v -0.045172 0.265153 0.074009
v -0.044409 0.265183 -0.074009
v -0.044409 0.265183 0.074009
v -0.043640 0.265206 -0.074009
v -0.043640 0.265206 0.074009
v -0.042864 0.265222 -0.074009
v -0.042864 0.265222 0.074009
v -0.042082 0.265232 -0.074009
v -0.042082 0.265232 0.074009
v -0.041293 0.265236 -0.074009
v -0.041293 0.265236 0.074009
v -0.040811 0.265071 -0.074009
v -0.040811 0.265071 0.074009
v -0.040316 0.264892 -0.074009
v -0.040316 0.264892 0.074009
v -0.039808 0.264701 -0.074009
v -0.039808 0.264701 0.074009
v -0.039286 0.264496 -0.074009
v -0.039286 0.264496 0.074009
v -0.038752 0.264278 -0.074009
v -0.038752 0.264278 0.074009
v -0.038204 0.264047 -0.074009
v -0.038204 0.264047 0.074009
v -0.037642 0.263803 -0.074009
v -0.037642 0.263803 0.074009
v -0.037068 0.263546 -0.074009
v -0.037068 0.263546 0.074009
v -0.036481 0.263275 -0.074009
v -0.036481 0.263275 0.074009
v -0.035880 0.262991 -0.074009
v -0.035880 0.262991 0.074009
v -0.035266 0.262694 -0.074009
v -0.035266 0.262694 0.074009
v -0.034639 0.262384 -0.074009
v -0.034639 0.262384 0.074009
v -0.034018 0.262073 -0.074009
v -0.034018 0.262073 0.074009
v -0.033424 0.261776 -0.074009
v -0.033424 0.261776 0.074009
v -0.032856 0.261492 -0.074009
v -0.032856 0.261492 0.074009
v -0.032315 0.261222 -0.074009
v -0.032315 0.261222 0.074009
v -0.031800 0.260964 -0.074009
v -0.031800 0.260964 0.074009
v -0.031311 0.260720 -0.074009
v -0.031311 0.260720 0.074009
v -0.030849 0.260489 -0.074009
v -0.030849 0.260489 0.074009
v -0.030413 0.260271 -0.074009
v -0.030413 0.260271 0.074009
v -0.030004 0.260066 -0.074009
v -0.030004 0.260066 0.074009
v -0.029621 0.259875 -0.074009
v -0.029621 0.259875 0.074009
v -0.029265 0.259697 -0.074009
v -0.029265 0.259697 0.074009
v -0.028935 0.259532 -0.074009
v -0.028935 0.259532 0.074009
v -0.025937 0.259868 -0.074009
v -0.025937 0.259868 0.074009
v -0.022967 0.260245 -0.074009
v -0.022967 0.260245 0.074009
v -0.020022 0.260661 -0.074009
v -0.020022 0.260661 0.074009
v -0.017104 0.261116 -0.074009
v -0.017104 0.261116 0.074009
v -0.014213 0.261611 -0.074009
v -0.014213 0.261611 0.074009
v -0.011347 0.262146 -0.074009
v -0.011347 0.262146 0.074009
v -0.008509 0.262720 -0.074009
v -0.008509 0.262720 0.074009
v -0.005696 0.263334 -0.074009
v -0.005696 0.263334 0.074009
v -0.002910 0.263988 -0.074009
v -0.002910 0.263988 0.074009
v -0.000151 0.264681 -0.074009
v -0.000151 0.264681 0.074009
v 0.002583 0.265414 -0.074009
v 0.002583 0.265414 0.074009
v 0.005289 0.266186 -0.074009
v 0.005289 0.266186 0.074009
v 0.007976 0.266992 -0.074009
v 0.007976 0.266992 0.074009
v 0.010650 0.267824 -0.074009
v 0.010650 0.267824 0.074009
v 0.013311 0.268682 -0.074009
v 0.013311 0.268682 0.074009
v 0.015958 0.269566 -0.074009
v 0.015958 0.269566 0.074009
v 0.018592 0.270478 -0.074009
v 0.018592 0.270478 0.074009
v 0.021213 0.271415 -0.074009
v 0.021213 0.271415 0.074009
v 0.023821 0.272379 -0.074009
v 0.023821 0.272379 0.074009
v 0.026415 0.273369 -0.074009
v 0.026415 0.273369 0.074009
v 0.028997 0.274386 -0.074009
v 0.028997 0.274386 0.074009
v 0.031565 0.275429 -0.074009
v 0.031565 0.275429 0.074009
v 0.034120 0.276498 -0.074009
v 0.034120 0.276498 0.074009
v 0.036661 0.277594 -0.074009
v 0.036661 0.277594 0.074009
v 0.037784 0.278522 -0.074009
v 0.037784 0.278522 0.074009
v 0.038932 0.279403 -0.074009
v 0.038932 0.279403 0.074009
v 0.040107 0.280238 -0.074009
v 0.040107 0.280238 0.074009
v 0.041309 0.281027 -0.074009
v 0.041309 0.281027 0.074009
v 0.042537 0.281770 -0.074009
v 0.042537 0.281770 0.074009
v 0.043791 0.282466 -0.074009
v 0.043791 0.282466 0.074009
v 0.045072 0.283117 -0.074009
v 0.045072 0.283117 0.074009
v 0.046379 0.283721 -0.074009
v 0.046379 0.283721 0.074009
v 0.047713 0.284279 -0.074009
v 0.047713 0.284279 0.074009
v 0.049073 0.284790 -0.074009
v 0.049073 0.284790 0.074009
v 0.050459 0.285256 -0.074009
v 0.050459 0.285256 0.074009
v -0.005018 0.806320 -0.040030
v -0.005018 0.806320 0.024322
v 0.094294 0.796539 -0.040030
v 0.094294 0.796539 0.024322
v 0.189789 0.767571 -0.040030
v 0.189789 0.767571 0.024322
v 0.277798 0.720529 -0.040030
v 0.277798 0.720529 0.024322
v 0.354939 0.657221 -0.040030
v 0.354939 0.657221 0.024322
v 0.418246 0.580081 -0.040030
v 0.418246 0.580081 0.024322
v 0.465288 0.492072 -0.040030
v 0.465288 0.492072 0.024322
v 0.494256 0.396577 -0.040030
v 0.494256 0.396577 0.024322
v 0.504037 0.297265 -0.040030
v 0.504037 0.297265 0.024322
v 0.494256 0.197953 -0.040030
v 0.494256 0.197953 0.024322
v 0.465288 0.102458 -0.040030
v 0.465288 0.102458 0.024321
v 0.418246 0.014449 -0.040030
v 0.418246 0.014449 0.024321
v 0.354939 -0.062691 -0.040030
v 0.354939 -0.062691 0.024321
v 0.277798 -0.125999 -0.040030
v 0.277798 -0.125999 0.024321
v 0.189789 -0.173040 -0.040030
v 0.189789 -0.173040 0.024321
v 0.094294 -0.202009 -0.040030
v 0.094294 -0.202009 0.024321
v -0.005018 -0.211790 -0.040030
v -0.005018 -0.211790 0.024321
v -0.104329 -0.202009 -0.040030
v -0.104329 -0.202009 0.024321
v -0.199825 -0.173040 -0.040030
v -0.199825 -0.173040 0.024321
v -0.287833 -0.125999 -0.040030
v -0.287833 -0.125999 0.024321
v -0.364974 -0.062691 -0.040030
v -0.364974 -0.062691 0.024321
v -0.428281 0.014449 -0.040030
v -0.428281 0.014449 0.024321
v -0.475323 0.102458 -0.040030
v -0.475323 0.102458 0.024321
v -0.504291 0.197953 -0.040030
v -0.504291 0.197953 0.024322
v -0.514073 0.297265 -0.040030
v -0.514073 0.297265 0.024322
v -0.504291 0.396577 -0.040030
v -0.504291 0.396577 0.024322
v -0.475323 0.492072 -0.040030
v -0.475323 0.492072 0.024322
v -0.428281 0.580081 -0.040030
v -0.428281 0.580081 0.024322
v -0.364974 0.657221 -0.040030
v -0.364974 0.657221 0.024322
v -0.287833 0.720529 -0.040030
v -0.287833 0.720529 0.024322
v -0.199825 0.767571 -0.040030
v -0.199825 0.767571 0.024322
v -0.104329 0.796539 -0.040030
v -0.104329 0.796539 0.024322
v -1.490118 0.221089 -0.055381
v -1.490118 0.371916 -0.055381
v -1.490118 0.221089 0.055381
v -1.490118 0.371916 0.055381
v -0.907490 0.221089 -0.055381
v -0.907490 0.371916 -0.055381
v -0.907490 0.221089 0.055381
v -0.907490 0.371916 0.055381
v 0.817943 0.221089 -0.055381
v 0.817943 0.371916 -0.055381
v 0.817943 0.221089 0.055381
v 0.817943 0.371916 0.055381
v 1.400572 0.221089 -0.055381
v 1.400572 0.371916 -0.055381
v 1.400572 0.221089 0.055381
v 1.400572 0.371916 0.055381
vn 0.0980 0.9952 -0.0000
vn 0.2903 0.9569 -0.0000
vn 0.4714 0.8819 -0.0000
vn 0.6344 0.7730 -0.0000
vn 0.7730 0.6344 -0.0000
vn 0.8819 0.4714 -0.0000
vn 0.9569 0.2903 -0.0000
vn 0.9952 0.0980 -0.0000
vn 0.9952 -0.0980 -0.0000
vn 0.9569 -0.2903 -0.0000
vn 0.8819 -0.4714 -0.0000
vn 0.7730 -0.6344 -0.0000
vn 0.6344 -0.7730 -0.0000
vn 0.4714 -0.8819 -0.0000
vn 0.2903 -0.9569 -0.0000
vn 0.0980 -0.9952 -0.0000
vn -0.0980 -0.9952 -0.0000
vn -0.2903 -0.9569 -0.0000
vn -0.4714 -0.8819 -0.0000
vn -0.6344 -0.7730 -0.0000
vn -0.7730 -0.6344 -0.0000
vn -0.8819 -0.4714 -0.0000
vn -0.9569 -0.2903 -0.0000
vn -0.9952 -0.0980 -0.0000
vn -0.9952 0.0980 -0.0000
vn -0.9569 0.2903 -0.0000
vn -0.8819 0.4714 -0.0000
vn -0.7730 0.6344 -0.0000
vn -0.6344 0.7730 -0.0000
vn -0.4714 0.8819 -0.0000
vn -0.0000 -0.0000 1.0000
vn -0.2903 0.9569 -0.0000
vn -0.0980 0.9952 -0.0000
vn -0.0000 -0.0000 -1.0000
vn 0.0001 -0.0000 1.0000
vn 0.9948 0.1020 -0.0000
vn 0.9967 0.0814 -0.0000
vn 0.9919 0.1271 -0.0000
vn 0.9884 0.1520 -0.0000
vn 0.9919 0.1272 -0.0000
vn 0.9843 0.1766 -0.0000
vn 0.9796 0.2009 -0.0000
vn 0.9744 0.2248 -0.0000
vn 0.9687 0.2483 -0.0000
vn 0.9625 0.2714 -0.0000
vn 0.9558 0.2940 -0.0000
vn 0.9487 0.3162 -0.0000
vn 0.9412 0.3378 -0.0000
vn 0.9298 0.3680 -0.0000
vn 0.9446 0.3281 -0.0000
vn 0.9775 0.2108 -0.0000
vn 0.9949 0.1010 -0.0000
vn 1.0000 0.0015 -0.0000
vn 0.9949 0.1009 -0.0000
vn 0.9963 -0.0865 -0.0000
vn 1.0000 0.0014 -0.0000
vn 0.9866 -0.1632 -0.0000
vn 0.9962 -0.0866 -0.0000
vn 0.9733 -0.2294 -0.0000
vn 0.9581 -0.2865 -0.0000
vn 0.9420 -0.3356 -0.0000
vn 0.9258 -0.3780 -0.0000
vn 0.9099 -0.4148 -0.0000
vn 0.5662 -0.8243 -0.0000
vn 0.0683 -0.9977 -0.0000
vn 0.5662 -0.8242 -0.0000
vn 0.0457 -0.9990 -0.0000
vn 0.0230 -0.9997 -0.0000
vn -0.0000 -1.0000 -0.0000
vn -0.0232 -0.9997 -0.0000
vn -0.0465 -0.9989 -0.0000
vn -0.0699 -0.9976 -0.0000
vn -0.0934 -0.9956 -0.0000
vn -0.1168 -0.9932 -0.0000
vn -0.1403 -0.9901 -0.0000
vn -0.1638 -0.9865 -0.0000
vn -0.1815 -0.9834 -0.0000
vn -0.1878 -0.9822 -0.0000
vn -0.1886 -0.9821 -0.0000
vn -0.1893 -0.9819 -0.0000
vn -0.1900 -0.9818 -0.0000
vn -0.1908 -0.9816 -0.0000
vn -0.1915 -0.9815 -0.0000
vn -0.1923 -0.9813 -0.0000
vn -0.1930 -0.9812 -0.0000
vn -0.1938 -0.9810 -0.0000
vn -0.1946 -0.9809 -0.0000
vn -0.1953 -0.9807 -0.0000
vn 0.0719 -0.9974 -0.0000
vn 0.3361 -0.9418 -0.0000
vn 0.3397 -0.9405 -0.0000
vn 0.3438 -0.9390 -0.0000
vn 0.3486 -0.9373 -0.0000
vn 0.3541 -0.9352 -0.0000
vn 0.3606 -0.9327 -0.0000
vn 0.3683 -0.9297 -0.0000
vn 0.3605 -0.9327 -0.0000
vn 0.3776 -0.9260 -0.0000
vn 0.3682 -0.9297 -0.0000
vn 0.3891 -0.9212 -0.0000
vn 0.4037 -0.9149 -0.0000
vn 0.4227 -0.9063 -0.0000
vn 0.4305 -0.9026 -0.0000
vn 0.4074 -0.9132 -0.0000
vn 0.4306 -0.9026 -0.0000
vn 0.3660 -0.9306 -0.0000
vn 0.3230 -0.9464 -0.0000
vn 0.2787 -0.9604 -0.0000
vn 0.3231 -0.9464 -0.0000
vn 0.2333 -0.9724 -0.0000
vn 0.2788 -0.9604 -0.0000
vn 0.1871 -0.9823 -0.0000
vn 0.2334 -0.9724 -0.0000
vn 0.1403 -0.9901 -0.0000
vn 0.0934 -0.9956 -0.0000
vn 0.0465 -0.9989 -0.0000
vn 0.0001 -1.0000 -0.0000
vn -0.0456 -0.9990 -0.0000
vn -0.0746 -0.9972 -0.0000
vn -0.0731 -0.9973 -0.0000
vn -0.0747 -0.9972 -0.0000
vn -0.0591 -0.9983 -0.0000
vn -0.0478 -0.9989 -0.0000
vn -0.0386 -0.9993 -0.0000
vn -0.0310 -0.9995 -0.0000
vn -0.0245 -0.9997 -0.0000
vn -0.0190 -0.9998 -0.0000
vn -0.0142 -0.9999 -0.0000
vn -0.0100 -1.0000 -0.0000
vn -0.0063 -1.0000 -0.0000
vn -0.0030 -1.0000 -0.0000
vn 0.1300 -0.9915 -0.0000
vn 0.2762 -0.9611 -0.0000
vn 0.3101 -0.9507 -0.0000
vn 0.3443 -0.9388 -0.0000
vn 0.3787 -0.9255 -0.0000
vn 0.3443 -0.9389 -0.0000
vn 0.4130 -0.9107 -0.0000
vn 0.4473 -0.8944 -0.0000
vn 0.4811 -0.8767 -0.0000
vn 0.5145 -0.8575 -0.0000
vn 0.4811 -0.8766 -0.0000
vn 0.5473 -0.8370 -0.0000
vn 0.5792 -0.8152 -0.0000
vn 0.6102 -0.7923 -0.0000
vn 0.6260 -0.7799 -0.0000
vn 0.6102 -0.7922 -0.0000
vn 0.6134 -0.7898 -0.0000
vn 0.5871 -0.8095 -0.0000
vn 0.5617 -0.8274 -0.0000
vn 0.5370 -0.8436 -0.0000
vn 0.5617 -0.8273 -0.0000
vn 0.5133 -0.8582 -0.0000
vn 0.5371 -0.8435 -0.0000
vn 0.4904 -0.8715 -0.0000
vn 0.4685 -0.8835 -0.0000
vn 0.4474 -0.8944 -0.0000
vn 0.4684 -0.8835 -0.0000
vn 0.4271 -0.9042 -0.0000
vn 0.4078 -0.9131 -0.0000
vn 0.3892 -0.9211 -0.0000
vn 0.5523 -0.8336 -0.0000
vn 0.7046 -0.7096 -0.0000
vn 0.5543 -0.8323 -0.0000
vn 0.7066 -0.7076 -0.0000
vn 0.7063 -0.7079 -0.0000
vn 0.7074 -0.7068 -0.0000
vn 0.7069 -0.7073 -0.0000
vn 0.7075 -0.7068 -0.0000
vn 0.7080 -0.7062 -0.0000
vn 0.7077 -0.7065 -0.0000
vn 0.7068 -0.7074 -0.0000
vn 0.7071 -0.7072 -0.0000
vn 0.7072 -0.7070 -0.0000
vn 0.7071 -0.7071 -0.0000
vn 0.7070 -0.7072 -0.0000
vn 0.7073 -0.7069 -0.0000
vn 0.6784 -0.7347 -0.0000
vn 0.5941 -0.8044 -0.0000
vn 0.4882 -0.8727 -0.0000
vn 0.3961 -0.9182 -0.0000
vn 0.3180 -0.9481 -0.0000
vn 0.2524 -0.9676 -0.0000
vn 0.1972 -0.9804 -0.0000
vn 0.1508 -0.9886 -0.0000
vn 0.1112 -0.9938 -0.0000
vn 0.0773 -0.9970 -0.0000
vn 0.0480 -0.9988 -0.0000
vn 0.0226 -0.9997 -0.0000
vn 0.0071 -1.0000 -0.0000
vn 0.0069 -1.0000 -0.0000
vn 0.0138 -0.9999 -0.0000
vn 0.0206 -0.9998 -0.0000
vn 0.0274 -0.9996 -0.0000
vn 0.0341 -0.9994 -0.0000
vn 0.0408 -0.9992 -0.0000
vn 0.0474 -0.9989 -0.0000
vn 0.0540 -0.9985 -0.0000
vn 0.0605 -0.9982 -0.0000
vn 0.0670 -0.9978 -0.0000
vn 0.0734 -0.9973 -0.0000
vn 0.0766 -0.9971 -0.0000
vn -0.4131 -0.9107 -0.0000
vn -0.7570 -0.6534 -0.0000
vn -0.7618 -0.6478 -0.0000
vn -0.7672 -0.6414 -0.0000
vn -0.7732 -0.6342 -0.0000
vn -0.7800 -0.6258 -0.0000
vn -0.7877 -0.6161 -0.0000
vn -0.7799 -0.6258 -0.0000
vn -0.7965 -0.6047 -0.0000
vn -0.8066 -0.5911 -0.0000
vn -0.8185 -0.5745 -0.0000
vn -0.8066 -0.5910 -0.0000
vn -0.8325 -0.5541 -0.0000
vn -0.8490 -0.5283 -0.0000
vn -0.8712 -0.4909 -0.0000
vn -0.8952 -0.4457 -0.0000
vn -0.9133 -0.4074 -0.0000
vn -0.8952 -0.4458 -0.0000
vn -0.9255 -0.3787 -0.0000
vn -0.9133 -0.4073 -0.0000
vn -0.9343 -0.3566 -0.0000
vn -0.9408 -0.3389 -0.0000
vn -0.9458 -0.3246 -0.0000
vn -0.9408 -0.3390 -0.0000
vn -0.9498 -0.3128 -0.0000
vn -0.9531 -0.3028 -0.0000
vn -0.9557 -0.2942 -0.0000
vn -0.9580 -0.2869 -0.0000
vn -0.9599 -0.2804 -0.0000
vn -0.9390 -0.3439 -0.0000
vn -0.9066 -0.4219 -0.0000
vn -0.9390 -0.3438 -0.0000
vn -0.8946 -0.4469 -0.0000
vn -0.8833 -0.4689 -0.0000
vn -0.8726 -0.4884 -0.0000
vn -0.8627 -0.5057 -0.0000
vn -0.8534 -0.5213 -0.0000
vn -0.8447 -0.5353 -0.0000
vn -0.8365 -0.5479 -0.0000
vn -0.8289 -0.5594 -0.0000
vn -0.8218 -0.5698 -0.0000
vn -0.8151 -0.5793 -0.0000
vn -0.7678 -0.6407 -0.0000
vn -0.7316 -0.6818 -0.0000
vn -0.7537 -0.6572 -0.0000
vn -0.7735 -0.6338 -0.0000
vn -0.7913 -0.6114 -0.0000
vn -0.8073 -0.5902 -0.0000
vn -0.8217 -0.5700 -0.0000
vn -0.8347 -0.5508 -0.0000
vn -0.8464 -0.5326 -0.0000
vn -0.8570 -0.5154 -0.0000
vn -0.8666 -0.4990 -0.0000
vn -0.8753 -0.4835 -0.0000
vn -0.8814 -0.4724 -0.0000
vn -0.8833 -0.4688 -0.0000
vn -0.8832 -0.4689 -0.0000
vn -0.8832 -0.4690 -0.0000
vn -0.8831 -0.4692 -0.0000
vn -0.8830 -0.4693 -0.0000
vn -0.8830 -0.4694 -0.0000
vn -0.8829 -0.4696 -0.0000
vn -0.8828 -0.4698 -0.0000
vn -0.8827 -0.4699 -0.0000
vn -0.8826 -0.4701 -0.0000
vn -0.8825 -0.4704 -0.0000
vn -0.8035 -0.5953 -0.0000
vn -0.3729 -0.9279 -0.0000
vn 0.0427 -0.9991 -0.0000
vn -0.3730 -0.9278 -0.0000
vn 0.0868 -0.9962 -0.0000
vn 0.1323 -0.9912 -0.0000
vn 0.1791 -0.9838 -0.0000
vn 0.2267 -0.9740 -0.0000
vn 0.1790 -0.9838 -0.0000
vn 0.2748 -0.9615 -0.0000
vn 0.3232 -0.9463 -0.0000
vn 0.3715 -0.9285 -0.0000
vn 0.4191 -0.9079 -0.0000
vn 0.4657 -0.8849 -0.0000
vn 0.5110 -0.8596 -0.0000
vn 0.5266 -0.8501 -0.0000
vn 0.4928 -0.8702 -0.0000
vn 0.4343 -0.9008 -0.0000
vn 0.3687 -0.9296 -0.0000
vn 0.2958 -0.9553 -0.0000
vn 0.2159 -0.9764 -0.0000
vn 0.0395 -0.9992 -0.0000
vn -0.0536 -0.9986 -0.0000
vn -0.1469 -0.9891 -0.0000
vn -0.2381 -0.9712 -0.0000
vn -0.3249 -0.9458 -0.0000
vn -0.3482 -0.9374 -0.0000
vn -0.3172 -0.9483 -0.0000
vn -0.2920 -0.9564 -0.0000
vn -0.2659 -0.9640 -0.0000
vn -0.2389 -0.9710 -0.0000
vn -0.2113 -0.9774 -0.0000
vn -0.1828 -0.9831 -0.0000
vn -0.1537 -0.9881 -0.0000
vn -0.1240 -0.9923 -0.0000
vn -0.0937 -0.9956 -0.0000
vn -0.0628 -0.9980 -0.0000
vn -0.0316 -0.9995 -0.0000
vn -0.0079 -1.0000 -0.0000
vn -0.0554 -0.9985 -0.0000
vn -0.0975 -0.9952 -0.0000
vn -0.0713 -0.9975 -0.0000
vn -0.0455 -0.9990 -0.0000
vn -0.0201 -0.9998 -0.0000
vn 0.0049 -1.0000 -0.0000
vn 0.0293 -0.9996 -0.0000
vn 0.0533 -0.9986 -0.0000
vn 0.0994 -0.9950 -0.0000
vn 0.1217 -0.9926 -0.0000
vn 0.1433 -0.9897 -0.0000
vn 0.1551 -0.9879 -0.0000
vn 0.1484 -0.9889 -0.0000
vn 0.1328 -0.9911 -0.0000
vn 0.1177 -0.9931 -0.0000
vn 0.1030 -0.9947 -0.0000
vn 0.0887 -0.9961 -0.0000
vn 0.0748 -0.9972 -0.0000
vn 0.0614 -0.9981 -0.0000
vn 0.0484 -0.9988 -0.0000
vn 0.0357 -0.9994 -0.0000
vn 0.0235 -0.9997 -0.0000
vn 0.0116 -0.9999 -0.0000
vn -0.0001 -1.0000 -0.0000
vn -0.0117 -0.9999 -0.0000
vn -0.0344 -0.9994 -0.0000
vn -0.0454 -0.9990 -0.0000
vn -0.0561 -0.9984 -0.0000
vn -0.0665 -0.9978 -0.0000
vn -0.0767 -0.9971 -0.0000
vn -0.0866 -0.9962 -0.0000
vn -0.0963 -0.9954 -0.0000
vn -0.1058 -0.9944 -0.0000
vn -0.1150 -0.9934 -0.0000
vn -0.1192 -0.9929 -0.0000
vn -0.1138 -0.9935 -0.0000
vn -0.1036 -0.9946 -0.0000
vn -0.0933 -0.9956 -0.0000
vn -0.0830 -0.9965 -0.0000
vn -0.0727 -0.9974 -0.0000
vn -0.0624 -0.9981 -0.0000
vn -0.0520 -0.9986 -0.0000
vn -0.0416 -0.9991 -0.0000
vn -0.0312 -0.9995 -0.0000
vn -0.0208 -0.9998 -0.0000
vn -0.0104 -0.9999 -0.0000
vn 0.0965 -0.9953 -0.0000
vn 0.1984 -0.9801 -0.0000
vn 0.2007 -0.9796 -0.0000
vn 0.2030 -0.9792 -0.0000
vn 0.2052 -0.9787 -0.0000
vn 0.2074 -0.9783 -0.0000
vn 0.2095 -0.9778 -0.0000
vn 0.2116 -0.9774 -0.0000
vn 0.2137 -0.9769 -0.0000
vn 0.2157 -0.9765 -0.0000
vn 0.2177 -0.9760 -0.0000
vn 0.2197 -0.9756 -0.0000
vn 0.2264 -0.9740 -0.0000
vn 0.2426 -0.9701 -0.0000
vn 0.2638 -0.9646 -0.0000
vn 0.2853 -0.9584 -0.0000
vn 0.3070 -0.9517 -0.0000
vn 0.3290 -0.9443 -0.0000
vn 0.3512 -0.9363 -0.0000
vn 0.3735 -0.9276 -0.0000
vn 0.3959 -0.9183 -0.0000
vn 0.4183 -0.9083 -0.0000
vn 0.4408 -0.8976 -0.0000
vn 0.4633 -0.8862 -0.0000
vn 0.4557 -0.8902 -0.0000
vn 0.4257 -0.9049 -0.0000
vn 0.4031 -0.9151 -0.0000
vn 0.3794 -0.9252 -0.0000
vn 0.3545 -0.9350 -0.0000
vn 0.3284 -0.9445 -0.0000
vn 0.3010 -0.9536 -0.0000
vn 0.2723 -0.9622 -0.0000
vn 0.2424 -0.9702 -0.0000
vn 0.2112 -0.9774 -0.0000
vn 0.1788 -0.9839 -0.0000
vn 0.1451 -0.9894 -0.0000
vn 0.1190 -0.9929 -0.0000
vn 0.1094 -0.9940 -0.0000
vn 0.1085 -0.9941 -0.0000
vn 0.1075 -0.9942 -0.0000
vn 0.1065 -0.9943 -0.0000
vn 0.1056 -0.9944 -0.0000
vn 0.1047 -0.9945 -0.0000
vn 0.1038 -0.9946 -0.0000
vn 0.1029 -0.9947 -0.0000
vn 0.1020 -0.9948 -0.0000
vn 0.1012 -0.9949 -0.0000
vn 0.1003 -0.9950 -0.0000
vn 0.0552 -0.9985 -0.0000
vn 0.0209 -0.9998 -0.0000
vn 0.0419 -0.9991 -0.0000
vn 0.0629 -0.9980 -0.0000
vn 0.0840 -0.9965 -0.0000
vn 0.1052 -0.9945 -0.0000
vn 0.1263 -0.9920 -0.0000
vn 0.1473 -0.9891 -0.0000
vn 0.1683 -0.9857 -0.0000
vn 0.1892 -0.9819 -0.0000
vn 0.2099 -0.9777 -0.0000
vn 0.2305 -0.9731 -0.0000
vn 0.2464 -0.9692 -0.0000
vn 0.2530 -0.9675 -0.0000
vn 0.2551 -0.9669 -0.0000
vn 0.2571 -0.9664 -0.0000
vn 0.2591 -0.9658 -0.0000
vn 0.2611 -0.9653 -0.0000
vn 0.2631 -0.9648 -0.0000
vn 0.2651 -0.9642 -0.0000
vn 0.2670 -0.9637 -0.0000
vn 0.2690 -0.9631 -0.0000
vn 0.2709 -0.9626 -0.0000
vn 0.2728 -0.9621 -0.0000
vn 0.2980 -0.9546 -0.0000
vn 0.3274 -0.9449 -0.0000
vn 0.3378 -0.9412 -0.0000
vn 0.3472 -0.9378 -0.0000
vn 0.3559 -0.9345 -0.0000
vn 0.3639 -0.9314 -0.0000
vn 0.3713 -0.9285 -0.0000
vn 0.3782 -0.9257 -0.0000
vn 0.3846 -0.9231 -0.0000
vn 0.3905 -0.9206 -0.0000
vn 0.3960 -0.9182 -0.0000
vn 0.4012 -0.9160 -0.0000
vn 0.4196 -0.9077 -0.0000
vn 0.4645 -0.8855 -0.0000
vn 0.4195 -0.9077 -0.0000
vn 0.5223 -0.8528 -0.0000
vn 0.4645 -0.8856 -0.0000
vn 0.5788 -0.8155 -0.0000
vn 0.6332 -0.7739 -0.0000
vn 0.6848 -0.7288 -0.0000
vn 0.6332 -0.7740 -0.0000
vn 0.7327 -0.6806 -0.0000
vn 0.7765 -0.6301 -0.0000
vn 0.8159 -0.5782 -0.0000
vn 0.8506 -0.5258 -0.0000
vn 0.8159 -0.5783 -0.0000
vn 0.8808 -0.4734 -0.0000
vn 0.9066 -0.4219 -0.0000
vn 0.9790 -0.2038 -0.0000
vn 1.0000 -0.0060 -0.0000
vn 0.9999 -0.0121 -0.0000
vn 0.9998 -0.0182 -0.0000
vn 0.9997 -0.0244 -0.0000
vn 0.9995 -0.0307 -0.0000
vn 0.9993 -0.0370 -0.0000
vn 0.9991 -0.0434 -0.0000
vn 0.9988 -0.0499 -0.0000
vn 0.9991 -0.0435 -0.0000
vn 0.9984 -0.0565 -0.0000
vn 0.9988 -0.0500 -0.0000
vn 0.9980 -0.0632 -0.0000
vn 0.9976 -0.0699 -0.0000
vn 0.9973 -0.0731 -0.0000
vn 0.9976 -0.0690 -0.0000
vn 0.9973 -0.0730 -0.0000
vn 0.9981 -0.0617 -0.0000
vn 0.9985 -0.0545 -0.0000
vn 0.9981 -0.0616 -0.0000
vn 0.9989 -0.0476 -0.0000
vn 0.9992 -0.0409 -0.0000
vn 0.9994 -0.0345 -0.0000
vn 0.9996 -0.0283 -0.0000
vn 0.9998 -0.0222 -0.0000
vn 0.9999 -0.0164 -0.0000
vn 0.9999 -0.0108 -0.0000
vn 1.0000 -0.0053 -0.0000
vn 0.9857 -0.1687 -0.0000
vn 0.9480 -0.3184 -0.0000
vn 0.9555 -0.2951 -0.0000
vn 0.9623 -0.2720 -0.0000
vn 0.9685 -0.2491 -0.0000
vn 0.9740 -0.2264 -0.0000
vn 0.9790 -0.2040 -0.0000
vn 0.9833 -0.1819 -0.0000
vn 0.9871 -0.1601 -0.0000
vn 0.9903 -0.1387 -0.0000
vn 0.9931 -0.1177 -0.0000
vn 0.9953 -0.0970 -0.0000
vn 0.9778 -0.2094 -0.0000
vn 0.9398 -0.3417 -0.0000
vn 0.9300 -0.3676 -0.0000
vn 0.9191 -0.3940 -0.0000
vn 0.9071 -0.4209 -0.0000
vn 0.8939 -0.4483 -0.0000
vn 0.8795 -0.4759 -0.0000
vn 0.8939 -0.4482 -0.0000
vn 0.8638 -0.5038 -0.0000
vn 0.8468 -0.5319 -0.0000
vn 0.8285 -0.5599 -0.0000
vn 0.8468 -0.5318 -0.0000
vn 0.8089 -0.5879 -0.0000
vn 0.7879 -0.6157 -0.0000
vn 0.7713 -0.6364 -0.0000
vn 0.7655 -0.6434 -0.0000
vn 0.7653 -0.6437 -0.0000
vn 0.7651 -0.6439 -0.0000
vn 0.7649 -0.6441 -0.0000
vn 0.7647 -0.6444 -0.0000
vn 0.7645 -0.6446 -0.0000
vn 0.7643 -0.6448 -0.0000
vn 0.7641 -0.6451 -0.0000
vn 0.7639 -0.6453 -0.0000
vn 0.7641 -0.6450 -0.0000
vn 0.7638 -0.6455 -0.0000
vn 0.7636 -0.6457 -0.0000
vn 0.4160 -0.9094 -0.0000
vn -0.0216 -0.9998 -0.0000
vn 0.4161 -0.9093 -0.0000
vn -0.0442 -0.9990 -0.0000
vn -0.0682 -0.9977 -0.0000
vn -0.0935 -0.9956 -0.0000
vn -0.1203 -0.9927 -0.0000
vn -0.1485 -0.9889 -0.0000
vn -0.1783 -0.9840 -0.0000
vn -0.2098 -0.9778 -0.0000
vn -0.2428 -0.9701 -0.0000
vn -0.2774 -0.9608 -0.0000
vn -0.3136 -0.9495 -0.0000
vn -0.3336 -0.9427 -0.0000
vn -0.3192 -0.9477 -0.0000
vn -0.2874 -0.9578 -0.0000
vn -0.2560 -0.9667 -0.0000
vn -0.2250 -0.9744 -0.0000
vn -0.1944 -0.9809 -0.0000
vn -0.1645 -0.9864 -0.0000
vn -0.1352 -0.9908 -0.0000
vn -0.1067 -0.9943 -0.0000
vn -0.0788 -0.9969 -0.0000
vn -0.0517 -0.9987 -0.0000
vn -0.0255 -0.9997 -0.0000
vn 0.0015 -1.0000 -0.0000
vn 0.0308 -0.9995 -0.0000
vn 0.0610 -0.9981 -0.0000
vn 0.0904 -0.9959 -0.0000
vn 0.1191 -0.9929 -0.0000
vn 0.1468 -0.9892 -0.0000
vn 0.1737 -0.9848 -0.0000
vn 0.1997 -0.9799 -0.0000
vn 0.2248 -0.9744 -0.0000
vn 0.2490 -0.9685 -0.0000
vn 0.2722 -0.9622 -0.0000
vn 0.2489 -0.9685 -0.0000
vn 0.2946 -0.9556 -0.0000
vn 0.3083 -0.9513 -0.0000
vn 0.3057 -0.9521 -0.0000
vn 0.2953 -0.9554 -0.0000
vn 0.2850 -0.9585 -0.0000
vn 0.2747 -0.9615 -0.0000
vn 0.2646 -0.9644 -0.0000
vn 0.2545 -0.9671 -0.0000
vn 0.2445 -0.9696 -0.0000
vn 0.2347 -0.9721 -0.0000
vn 0.2249 -0.9744 -0.0000
vn 0.2152 -0.9766 -0.0000
vn 0.2056 -0.9786 -0.0000
vn 0.1260 -0.9920 -0.0000
vn 0.0296 -0.9996 -0.0000
vn -0.0525 -0.9986 -0.0000
vn -0.0925 -0.9957 -0.0000
vn -0.1317 -0.9913 -0.0000
vn -0.1698 -0.9855 -0.0000
vn -0.2067 -0.9784 -0.0000
vn -0.2424 -0.9702 -0.0000
vn -0.2767 -0.9609 -0.0000
vn -0.3097 -0.9508 -0.0000
vn -0.3412 -0.9400 -0.0000
vn -0.3964 -0.9181 -0.0000
vn -0.4223 -0.9064 -0.0000
vn -0.3932 -0.9194 -0.0000
vn -0.4224 -0.9064 -0.0000
vn -0.3580 -0.9337 -0.0000
vn -0.3150 -0.9491 -0.0000
vn -0.3581 -0.9337 -0.0000
vn -0.2615 -0.9652 -0.0000
vn -0.1940 -0.9810 -0.0000
vn -0.1075 -0.9942 -0.0000
vn 0.0039 -1.0000 -0.0000
vn 0.1462 -0.9893 -0.0000
vn 0.3210 -0.9471 -0.0000
vn 0.1462 -0.9892 -0.0000
vn 0.5174 -0.8557 -0.0000
vn 0.6313 -0.7755 -0.0000
vn 0.5940 -0.8045 -0.0000
vn 0.4882 -0.8728 -0.0000
vn 0.3181 -0.9481 -0.0000
vn 0.3962 -0.9182 -0.0000
vn 0.2525 -0.9676 -0.0000
vn 0.1973 -0.9804 -0.0000
vn 0.1507 -0.9886 -0.0000
vn 0.1973 -0.9803 -0.0000
vn 0.1111 -0.9938 -0.0000
vn 0.0481 -0.9988 -0.0000
vn 0.0054 -1.0000 -0.0000
vn -0.1602 -0.9871 -0.0000
vn -0.6404 -0.7680 -0.0000
vn -0.8550 -0.5186 -0.0000
vn -0.8042 -0.5944 -0.0000
vn -0.7389 -0.6738 -0.0000
vn -0.6576 -0.7534 -0.0000
vn -0.7390 -0.6737 -0.0000
vn -0.5595 -0.8288 -0.0000
vn -0.6576 -0.7533 -0.0000
vn -0.4469 -0.8946 -0.0000
vn -0.5596 -0.8288 -0.0000
vn -0.3239 -0.9461 -0.0000
vn -0.1968 -0.9804 -0.0000
vn -0.0724 -0.9974 -0.0000
vn -0.1969 -0.9804 -0.0000
vn 0.0439 -0.9990 -0.0000
vn 0.1490 -0.9888 -0.0000
vn 0.0440 -0.9990 -0.0000
vn 0.1963 -0.9806 -0.0000
vn 0.1564 -0.9877 -0.0000
vn 0.0899 -0.9959 -0.0000
vn 0.0398 -0.9992 -0.0000
vn 0.0010 -1.0000 -0.0000
vn -0.0299 -0.9996 -0.0000
vn -0.0550 -0.9985 -0.0000
vn -0.0756 -0.9971 -0.0000
vn -0.0549 -0.9985 -0.0000
vn -0.0930 -0.9957 -0.0000
vn -0.1078 -0.9942 -0.0000
vn -0.1205 -0.9927 -0.0000
vn -0.1316 -0.9913 -0.0000
vn -0.2614 -0.9652 -0.0000
vn -0.3693 -0.9293 -0.0000
vn -0.3434 -0.9392 -0.0000
vn -0.3161 -0.9487 -0.0000
vn -0.2872 -0.9579 -0.0000
vn -0.2567 -0.9665 -0.0000
vn -0.2247 -0.9744 -0.0000
vn -0.1910 -0.9816 -0.0000
vn -0.1558 -0.9878 -0.0000
vn -0.1190 -0.9929 -0.0000
vn -0.0806 -0.9967 -0.0000
vn -0.0409 -0.9992 -0.0000
vn -0.0103 -0.9999 -0.0000
vn -0.0058 -1.0000 -0.0000
vn -0.0222 -0.9998 -0.0000
vn -0.0423 -0.9991 -0.0000
vn -0.0603 -0.9982 -0.0000
vn -0.0765 -0.9971 -0.0000
vn -0.0912 -0.9958 -0.0000
vn -0.1046 -0.9945 -0.0000
vn -0.1167 -0.9932 -0.0000
vn -0.1279 -0.9918 -0.0000
vn -0.1381 -0.9904 -0.0000
vn -0.1475 -0.9891 -0.0000
vn -0.1563 -0.9877 -0.0000
vn -0.2904 -0.9569 -0.0000
vn -0.3873 -0.9220 -0.0000
vn -0.3356 -0.9420 -0.0000
vn -0.3872 -0.9220 -0.0000
vn -0.2921 -0.9564 -0.0000
vn -0.3355 -0.9420 -0.0000
vn -0.2552 -0.9669 -0.0000
vn -0.2237 -0.9747 -0.0000
vn -0.1966 -0.9805 -0.0000
vn -0.1730 -0.9849 -0.0000
vn -0.1524 -0.9883 -0.0000
vn -0.1342 -0.9910 -0.0000
vn -0.1180 -0.9930 -0.0000
vn -0.1028 -0.9947 -0.0000
vn -0.1267 -0.9919 -0.0000
vn -0.1619 -0.9868 -0.0000
vn -0.1960 -0.9806 -0.0000
vn -0.2289 -0.9734 -0.0000
vn -0.2606 -0.9654 -0.0000
vn -0.2911 -0.9567 -0.0000
vn -0.3202 -0.9474 -0.0000
vn -0.2910 -0.9567 -0.0000
vn -0.3481 -0.9375 -0.0000
vn -0.3747 -0.9272 -0.0000
vn -0.3480 -0.9375 -0.0000
vn -0.4000 -0.9165 -0.0000
vn -0.4242 -0.9056 -0.0000
vn -0.3699 -0.9291 -0.0000
vn -0.2870 -0.9579 -0.0000
vn -0.3700 -0.9290 -0.0000
vn -0.2556 -0.9668 -0.0000
vn -0.2871 -0.9579 -0.0000
vn -0.2213 -0.9752 -0.0000
vn -0.1839 -0.9829 -0.0000
vn -0.1432 -0.9897 -0.0000
vn -0.0991 -0.9951 -0.0000
vn -0.1433 -0.9897 -0.0000
vn -0.0512 -0.9987 -0.0000
vn 0.0005 -1.0000 -0.0000
vn 0.0559 -0.9984 -0.0000
vn 0.1151 -0.9934 -0.0000
vn 0.1776 -0.9841 -0.0000
vn 0.1662 -0.9861 -0.0000
vn 0.1009 -0.9949 -0.0000
vn 0.0009 -1.0000 -0.0000
vn -0.0377 -0.9993 -0.0000
vn -0.0707 -0.9975 -0.0000
vn -0.0990 -0.9951 -0.0000
vn -0.1237 -0.9923 -0.0000
vn -0.1452 -0.9894 -0.0000
vn -0.1641 -0.9864 -0.0000
vn -0.1809 -0.9835 -0.0000
vn -0.2531 -0.9674 -0.0000
vn -0.2298 -0.9732 -0.0000
vn -0.8790 -0.4768 -0.0000
vn -0.2297 -0.9733 -0.0000
vn -0.9933 0.1152 -0.0000
vn -0.9928 0.1201 -0.0000
vn -0.9922 0.1249 -0.0000
vn -0.9915 0.1297 -0.0000
vn -0.9909 0.1346 -0.0000
vn -0.9902 0.1395 -0.0000
vn -0.9895 0.1444 -0.0000
vn -0.9888 0.1492 -0.0000
vn -0.9880 0.1542 -0.0000
vn -0.9888 0.1493 -0.0000
vn -0.9873 0.1591 -0.0000
vn -0.9865 0.1640 -0.0000
vn -0.9844 0.1760 -0.0000
vn -0.9794 0.2020 -0.0000
vn -0.9720 0.2348 -0.0000
vn -0.9636 0.2673 -0.0000
vn -0.9542 0.2993 -0.0000
vn -0.9437 0.3308 -0.0000
vn -0.9323 0.3617 -0.0000
vn -0.9200 0.3919 -0.0000
vn -0.9069 0.4213 -0.0000
vn -0.8931 0.4499 -0.0000
vn -0.8786 0.4775 -0.0000
vn -0.8636 0.5042 -0.0000
vn -0.8950 0.4462 -0.0000
vn -0.9279 0.3728 -0.0000
vn -0.8950 0.4461 -0.0000
vn -0.9274 0.3742 -0.0000
vn -0.9267 0.3757 -0.0000
vn -0.9273 0.3742 -0.0000
vn -0.9261 0.3773 -0.0000
vn -0.9254 0.3789 -0.0000
vn -0.9247 0.3807 -0.0000
vn -0.9254 0.3790 -0.0000
vn -0.9239 0.3826 -0.0000
vn -0.9247 0.3808 -0.0000
vn -0.9231 0.3846 -0.0000
vn -0.9239 0.3827 -0.0000
vn -0.9222 0.3867 -0.0000
vn -0.9231 0.3847 -0.0000
vn -0.9212 0.3890 -0.0000
vn -0.9202 0.3914 -0.0000
vn -0.9235 0.3835 -0.0000
vn -0.9349 0.3549 -0.0000
vn -0.9236 0.3834 -0.0000
vn -0.9486 0.3165 -0.0000
vn -0.9350 0.3548 -0.0000
vn -0.9603 0.2790 -0.0000
vn -0.9486 0.3163 -0.0000
vn -0.9701 0.2428 -0.0000
vn -0.9782 0.2078 -0.0000
vn -0.9701 0.2427 -0.0000
vn -0.9847 0.1740 -0.0000
vn -0.9782 0.2077 -0.0000
vn -0.9899 0.1416 -0.0000
vn -0.9939 0.1106 -0.0000
vn -0.9967 0.0810 -0.0000
vn -0.9986 0.0527 -0.0000
vn -0.9967 0.0809 -0.0000
vn -0.9997 0.0258 -0.0000
vn -0.9986 0.0528 -0.0000
vn -0.9970 0.0772 -0.0000
vn -0.9463 0.3233 -0.0000
vn -0.8708 0.4917 -0.0000
vn -0.8732 0.4874 -0.0000
vn -0.8707 0.4918 -0.0000
vn -0.8756 0.4831 -0.0000
vn -0.8779 0.4788 -0.0000
vn -0.8802 0.4747 -0.0000
vn -0.8779 0.4789 -0.0000
vn -0.8823 0.4706 -0.0000
vn -0.8801 0.4747 -0.0000
vn -0.8845 0.4665 -0.0000
vn -0.8824 0.4706 -0.0000
vn -0.8866 0.4626 -0.0000
vn -0.8845 0.4666 -0.0000
vn -0.8886 0.4587 -0.0000
vn -0.8906 0.4548 -0.0000
vn -0.8886 0.4586 -0.0000
vn -0.8925 0.4510 -0.0000
vn -0.8823 0.4707 -0.0000
vn -0.8755 0.4831 -0.0000
vn -0.8682 0.4962 -0.0000
vn -0.8755 0.4832 -0.0000
vn -0.8602 0.5099 -0.0000
vn -0.8516 0.5242 -0.0000
vn -0.8422 0.5392 -0.0000
vn -0.8320 0.5548 -0.0000
vn -0.8208 0.5712 -0.0000
vn -0.8087 0.5883 -0.0000
vn -0.7953 0.6062 -0.0000
vn -0.8086 0.5883 -0.0000
vn -0.8965 0.4431 -0.0000
vn -0.9731 0.2303 -0.0000
vn -0.9827 0.1850 -0.0000
vn -0.9903 0.1390 -0.0000
vn -0.9828 0.1849 -0.0000
vn -0.9957 0.0926 -0.0000
vn -0.9903 0.1389 -0.0000
vn -0.9989 0.0462 -0.0000
vn -1.0000 0.0001 -0.0000
vn -0.9989 0.0463 -0.0000
vn -0.9990 -0.0456 -0.0000
vn -0.9959 -0.0904 -0.0000
vn -0.9910 -0.1342 -0.0000
vn -0.9843 -0.1768 -0.0000
vn -0.9909 -0.1343 -0.0000
vn -0.9760 -0.2180 -0.0000
vn -0.9842 -0.1768 -0.0000
vn -0.9730 -0.2310 -0.0000
vn -0.9760 -0.2179 -0.0000
vn -0.9821 -0.1881 -0.0000
vn -0.9935 -0.1137 -0.0000
vn -0.9822 -0.1881 -0.0000
vn -0.9994 -0.0347 -0.0000
vn -0.9989 0.0479 -0.0000
vn -0.9994 -0.0346 -0.0000
vn -0.9912 0.1323 -0.0000
vn -0.9989 0.0478 -0.0000
vn -0.9762 0.2169 -0.0000
vn -0.9540 0.2998 -0.0000
vn -0.9253 0.3793 -0.0000
vn -0.8911 0.4538 -0.0000
vn -0.8527 0.5224 -0.0000
vn -0.8114 0.5844 -0.0000
vn -0.8168 0.5769 -0.0000
vn -0.8115 0.5844 -0.0000
vn -0.8523 0.5230 -0.0000
vn -0.8169 0.5768 -0.0000
vn -0.8720 0.4896 -0.0000
vn -0.8908 0.4543 -0.0000
vn -0.9087 0.4174 -0.0000
vn -0.8908 0.4544 -0.0000
vn -0.9255 0.3788 -0.0000
vn -0.9409 0.3386 -0.0000
vn -0.9255 0.3787 -0.0000
vn -0.9548 0.2971 -0.0000
vn -0.9671 0.2544 -0.0000
vn -0.9775 0.2108 -0.0000
vn -0.9671 0.2545 -0.0000
vn -0.9861 0.1664 -0.0000
vn -0.9926 0.1217 -0.0000
vn -0.9860 0.1665 -0.0000
vn -0.9943 0.1062 -0.0000
vn -0.9885 0.1509 -0.0000
vn -0.9943 0.1063 -0.0000
vn -0.9739 0.2271 -0.0000
vn -0.9885 0.1510 -0.0000
vn -0.9526 0.3042 -0.0000
vn -0.9246 0.3808 -0.0000
vn -0.8904 0.4553 -0.0000
vn -0.8504 0.5262 -0.0000
vn -0.8903 0.4553 -0.0000
vn -0.8058 0.5923 -0.0000
vn -0.7577 0.6526 -0.0000
vn -0.7075 0.7068 -0.0000
vn -0.6563 0.7545 -0.0000
vn -0.6052 0.7961 -0.0000
vn -0.7604 0.6495 -0.0000
vn -0.8967 0.4427 -0.0000
vn -0.8989 0.4381 -0.0000
vn -0.9012 0.4335 -0.0000
vn -0.9034 0.4287 -0.0000
vn -0.9057 0.4239 -0.0000
vn -0.9080 0.4190 -0.0000
vn -0.9102 0.4141 -0.0000
vn -0.9080 0.4191 -0.0000
vn -0.9125 0.4090 -0.0000
vn -0.9148 0.4039 -0.0000
vn -0.9125 0.4091 -0.0000
vn -0.9171 0.3987 -0.0000
vn -0.9194 0.3934 -0.0000
vn -0.9227 0.3856 -0.0000
vn -0.9340 0.3574 -0.0000
vn -0.9398 0.3418 -0.0000
vn -0.9340 0.3573 -0.0000
vn -0.9454 0.3260 -0.0000
vn -0.9398 0.3417 -0.0000
vn -0.9507 0.3101 -0.0000
vn -0.9558 0.2941 -0.0000
vn -0.9606 0.2779 -0.0000
vn -0.9651 0.2617 -0.0000
vn -0.9606 0.2780 -0.0000
vn -0.9694 0.2454 -0.0000
vn -0.9734 0.2291 -0.0000
vn -0.9771 0.2126 -0.0000
vn -0.9734 0.2290 -0.0000
vn -0.8122 0.5834 -0.0000
vn -0.5633 0.8262 -0.0000
vn -0.6686 0.7437 -0.0000
vn -0.5633 0.8263 -0.0000
vn -0.7586 0.6516 -0.0000
vn -0.6685 0.7437 -0.0000
vn -0.8313 0.5559 -0.0000
vn -0.7585 0.6517 -0.0000
vn -0.8871 0.4617 -0.0000
vn -0.9279 0.3727 -0.0000
vn -0.9566 0.2913 -0.0000
vn -0.9759 0.2181 -0.0000
vn -0.9567 0.2912 -0.0000
vn -0.9882 0.1530 -0.0000
vn -0.9954 0.0957 -0.0000
vn -0.9882 0.1532 -0.0000
vn -0.9990 0.0451 -0.0000
vn -0.9954 0.0958 -0.0000
vn -0.9955 0.0951 -0.0000
vn -0.9990 0.0452 -0.0000
vn -0.9817 0.1903 -0.0000
vn -0.9719 0.2353 -0.0000
vn -0.9596 0.2813 -0.0000
vn -0.9719 0.2352 -0.0000
vn -0.9446 0.3282 -0.0000
vn -0.9268 0.3755 -0.0000
vn -0.9061 0.4230 -0.0000
vn -0.8826 0.4701 -0.0000
vn -0.8563 0.5165 -0.0000
vn -0.8273 0.5618 -0.0000
vn -0.7959 0.6054 -0.0000
vn -0.7624 0.6471 -0.0000
vn -0.9597 0.2811 -0.0000
vn -0.9879 -0.1552 -0.0000
vn -0.9597 0.2812 -0.0000
vn -0.9894 -0.1454 -0.0000
vn -0.9908 -0.1351 -0.0000
vn -0.9923 -0.1240 -0.0000
vn -0.9908 -0.1350 -0.0000
vn -0.9937 -0.1121 -0.0000
vn -0.9923 -0.1239 -0.0000
vn -0.9950 -0.0994 -0.0000
vn -0.9963 -0.0857 -0.0000
vn -0.9975 -0.0711 -0.0000
vn -0.9985 -0.0553 -0.0000
vn -0.9993 -0.0383 -0.0000
vn -0.9998 -0.0198 -0.0000
vn -0.9993 -0.0382 -0.0000
vn -1.0000 -0.0051 -0.0000
vn -1.0000 -0.0000 -0.0000
vn -0.9909 0.1344 -0.0000
vn -0.9570 0.2902 -0.0000
vn -0.9413 0.3377 -0.0000
vn -0.9025 0.4307 -0.0000
vn -0.8797 0.4756 -0.0000
vn -0.8548 0.5189 -0.0000
vn -0.8282 0.5604 -0.0000
vn -0.8001 0.5999 -0.0000
vn -0.7707 0.6371 -0.0000
vn -0.7405 0.6721 -0.0000
vn -0.7707 0.6372 -0.0000
vn -0.7096 0.7046 -0.0000
vn -0.6866 0.7270 -0.0000
vn -0.6803 0.7330 -0.0000
vn -0.6823 0.7310 -0.0000
vn -0.6844 0.7291 -0.0000
vn -0.6889 0.7249 -0.0000
vn -0.6912 0.7226 -0.0000
vn -0.6937 0.7203 -0.0000
vn -0.6962 0.7179 -0.0000
vn -0.6936 0.7203 -0.0000
vn -0.6987 0.7154 -0.0000
vn -0.7014 0.7127 -0.0000
vn -0.6988 0.7153 -0.0000
vn -0.7042 0.7100 -0.0000
vn -0.7311 0.6822 -0.0000
vn -0.7587 0.6514 -0.0000
vn -0.7649 0.6441 -0.0000
vn -0.7712 0.6366 -0.0000
vn -0.7776 0.6287 -0.0000
vn -0.7712 0.6365 -0.0000
vn -0.7842 0.6206 -0.0000
vn -0.7777 0.6287 -0.0000
vn -0.7907 0.6121 -0.0000
vn -0.7974 0.6034 -0.0000
vn -0.8042 0.5944 -0.0000
vn -0.8111 0.5850 -0.0000
vn -0.8180 0.5752 -0.0000
vn -0.8250 0.5651 -0.0000
vn -0.8356 0.5493 -0.0000
vn -0.8530 0.5220 -0.0000
vn -0.8729 0.4880 -0.0000
vn -0.8916 0.4528 -0.0000
vn -0.9091 0.4166 -0.0000
vn -0.9252 0.3795 -0.0000
vn -0.9529 0.3034 -0.0000
vn -0.9643 0.2647 -0.0000
vn -0.9741 0.2259 -0.0000
vn -0.9643 0.2648 -0.0000
vn -0.9823 0.1872 -0.0000
vn -0.9889 0.1486 -0.0000
vn -0.9805 0.1967 -0.0000
vn -0.9624 0.2716 -0.0000
vn -0.9573 0.2890 -0.0000
vn -0.9624 0.2717 -0.0000
vn -0.9519 0.3065 -0.0000
vn -0.9460 0.3241 -0.0000
vn -0.9397 0.3420 -0.0000
vn -0.9330 0.3599 -0.0000
vn -0.9397 0.3419 -0.0000
vn -0.9258 0.3780 -0.0000
vn -0.9182 0.3961 -0.0000
vn -0.9101 0.4143 -0.0000
vn -0.9016 0.4326 -0.0000
vn -0.8926 0.4509 -0.0000
vn -0.8831 0.4691 -0.0000
vn -0.8734 0.4870 -0.0000
vn -0.8635 0.5044 -0.0000
vn -0.8533 0.5214 -0.0000
vn -0.8429 0.5380 -0.0000
vn -0.8324 0.5542 -0.0000
vn -0.8217 0.5699 -0.0000
vn -0.8109 0.5851 -0.0000
vn -0.8000 0.6000 -0.0000
vn -0.7890 0.6144 -0.0000
vn -0.7780 0.6283 -0.0000
vn -0.7669 0.6418 -0.0000
vn -0.7881 0.6156 -0.0000
vn -0.8181 0.5751 -0.0000
vn -0.8363 0.5482 -0.0000
vn -0.8452 0.5345 -0.0000
vn -0.8539 0.5204 -0.0000
vn -0.8452 0.5344 -0.0000
vn -0.8624 0.5062 -0.0000
vn -0.8707 0.4917 -0.0000
vn -0.8789 0.4771 -0.0000
vn -0.8868 0.4622 -0.0000
vn -0.8944 0.4472 -0.0000
vn -0.9019 0.4320 -0.0000
vn -0.9070 0.4212 -0.0000
vn -0.9079 0.4193 -0.0000
vn -0.9067 0.4219 -0.0000
vn -0.9079 0.4192 -0.0000
vn -0.9055 0.4244 -0.0000
vn -0.9067 0.4218 -0.0000
vn -0.9043 0.4270 -0.0000
vn -0.9030 0.4296 -0.0000
vn -0.9042 0.4270 -0.0000
vn -0.9018 0.4321 -0.0000
vn -0.9006 0.4347 -0.0000
vn -0.8994 0.4372 -0.0000
vn -0.8981 0.4397 -0.0000
vn -0.8969 0.4422 -0.0000
vn -0.8957 0.4447 -0.0000
vn -0.8953 0.4455 -0.0000
vn -0.8966 0.4428 -0.0000
vn -0.8988 0.4384 -0.0000
vn -0.9008 0.4342 -0.0000
vn -0.9029 0.4299 -0.0000
vn -0.9008 0.4341 -0.0000
vn -0.9048 0.4258 -0.0000
vn -0.9067 0.4217 -0.0000
vn -0.9086 0.4177 -0.0000
vn -0.9104 0.4138 -0.0000
vn -0.9121 0.4100 -0.0000
vn -0.9138 0.4062 -0.0000
vn -0.9121 0.4099 -0.0000
vn -0.9155 0.4024 -0.0000
vn -0.9138 0.4061 -0.0000
vn -0.9190 0.3943 -0.0000
vn -0.9262 0.3771 -0.0000
vn -0.9349 0.3548 -0.0000
vn -0.9434 0.3317 -0.0000
vn -0.9515 0.3077 -0.0000
vn -0.9591 0.2830 -0.0000
vn -0.9515 0.3078 -0.0000
vn -0.9663 0.2576 -0.0000
vn -0.9591 0.2831 -0.0000
vn -0.9729 0.2314 -0.0000
vn -0.9789 0.2045 -0.0000
vn -0.9842 0.1769 -0.0000
vn -0.9928 0.1198 -0.0000
vn -0.9376 0.3477 -0.0000
vn -0.8231 0.5679 -0.0000
vn -0.8241 0.5665 -0.0000
vn -0.8251 0.5650 -0.0000
vn -0.8240 0.5665 -0.0000
vn -0.8262 0.5633 -0.0000
vn -0.8275 0.5615 -0.0000
vn -0.8289 0.5594 -0.0000
vn -0.8304 0.5572 -0.0000
vn -0.8321 0.5547 -0.0000
vn -0.8340 0.5518 -0.0000
vn -0.8361 0.5486 -0.0000
vn -0.8385 0.5449 -0.0000
vn -0.8440 0.5364 -0.0000
vn -0.8676 0.4972 -0.0000
vn -0.8795 0.4759 -0.0000
vn -0.8676 0.4973 -0.0000
vn -0.8906 0.4549 -0.0000
vn -0.9103 0.4139 -0.0000
vn -0.9191 0.3940 -0.0000
vn -0.9272 0.3745 -0.0000
vn -0.9347 0.3555 -0.0000
vn -0.9415 0.3369 -0.0000
vn -0.9478 0.3189 -0.0000
vn -0.9415 0.3370 -0.0000
vn -0.9535 0.3013 -0.0000
vn -0.9585 0.2852 -0.0000
vn -0.9625 0.2712 -0.0000
vn -0.9659 0.2591 -0.0000
vn -0.9686 0.2485 -0.0000
vn -0.9710 0.2392 -0.0000
vn -0.9730 0.2310 -0.0000
vn -0.9747 0.2236 -0.0000
vn -0.9762 0.2170 -0.0000
vn -0.9775 0.2110 -0.0000
vn -0.9786 0.2056 -0.0000
vn -0.9797 0.2007 -0.0000
vn -0.8276 0.5613 -0.0000
vn -0.5392 0.8422 -0.0000
vn -0.5242 0.8516 -0.0000
vn -0.5391 0.8422 -0.0000
vn -0.5099 0.8602 -0.0000
vn -0.4962 0.8682 -0.0000
vn -0.5099 0.8603 -0.0000
vn -0.4832 0.8755 -0.0000
vn -0.4707 0.8823 -0.0000
vn -0.4587 0.8886 -0.0000
vn -0.4473 0.8944 -0.0000
vn -0.4363 0.8998 -0.0000
vn -0.4259 0.9048 -0.0000
vn -0.4159 0.9094 -0.0000
vn -0.4258 0.9048 -0.0000
vn -0.4249 0.9053 -0.0000
vn -0.4720 0.8816 -0.0000
vn -0.5384 0.8427 -0.0000
vn -0.6047 0.7965 -0.0000
vn -0.6691 0.7431 -0.0000
vn -0.7302 0.6833 -0.0000
vn -0.7863 0.6179 -0.0000
vn -0.8362 0.5484 -0.0000
vn -0.8791 0.4766 -0.0000
vn -0.9147 0.4041 -0.0000
vn -0.9431 0.3324 -0.0000
vn -0.9648 0.2630 -0.0000
vn -0.9901 0.1406 -0.0000
vn -0.9944 0.1058 -0.0000
vn -0.9760 0.2178 -0.0000
vn -0.9428 0.3333 -0.0000
vn -0.8323 0.5543 -0.0000
vn -0.7598 0.6502 -0.0000
vn -0.6813 0.7320 -0.0000
vn -0.7598 0.6501 -0.0000
vn -0.6010 0.7992 -0.0000
vn -0.5225 0.8526 -0.0000
vn -0.4483 0.8939 -0.0000
vn -0.3796 0.9251 -0.0000
vn -0.4546 0.8907 -0.0000
vn -0.5759 0.8175 -0.0000
vn -0.6151 0.7885 -0.0000
vn -0.6543 0.7562 -0.0000
vn -0.6933 0.7207 -0.0000
vn -0.7314 0.6819 -0.0000
vn -0.7683 0.6401 -0.0000
vn -0.8035 0.5953 -0.0000
vn -0.8365 0.5480 -0.0000
vn -0.8669 0.4985 -0.0000
vn -0.9187 0.3949 -0.0000
vn -0.8944 0.4473 -0.0000
vn -0.9418 0.3362 -0.0000
vn -0.9475 0.3198 -0.0000
vn -0.9360 0.3520 -0.0000
vn -0.9234 0.3838 -0.0000
vn -0.9098 0.4150 -0.0000
vn -0.9234 0.3837 -0.0000
vn -0.8952 0.4456 -0.0000
vn -0.8797 0.4755 -0.0000
vn -0.8634 0.5046 -0.0000
vn -0.8463 0.5328 -0.0000
vn -0.8285 0.5600 -0.0000
vn -0.8101 0.5863 -0.0000
vn -0.7912 0.6115 -0.0000
vn -0.7766 0.6300 -0.0000
vn -0.7710 0.6368 -0.0000
vn -0.7701 0.6379 -0.0000
vn -0.7692 0.6390 -0.0000
vn -0.7682 0.6402 -0.0000
vn -0.7672 0.6414 -0.0000
vn -0.7662 0.6426 -0.0000
vn -0.7651 0.6439 -0.0000
vn -0.7640 0.6452 -0.0000
vn -0.7629 0.6465 -0.0000
vn -0.7617 0.6479 -0.0000
vn -0.7605 0.6493 -0.0000
vn -0.7400 0.6726 -0.0000
vn -0.7318 0.6815 -0.0000
vn -0.7565 0.6540 -0.0000
vn -0.7810 0.6246 -0.0000
vn -0.8052 0.5930 -0.0000
vn -0.8288 0.5595 -0.0000
vn -0.8052 0.5931 -0.0000
vn -0.8517 0.5240 -0.0000
vn -0.8737 0.4865 -0.0000
vn -0.8945 0.4471 -0.0000
vn -0.9316 0.3635 -0.0000
vn -0.9476 0.3196 -0.0000
vn -0.9391 0.3436 -0.0000
vn -0.9475 0.3196 -0.0000
vn -0.9176 0.3975 -0.0000
vn -0.9102 0.4142 -0.0000
vn -0.8861 0.4636 -0.0000
vn -0.8774 0.4798 -0.0000
vn -0.8684 0.4959 -0.0000
vn -0.8591 0.5118 -0.0000
vn -0.8495 0.5275 -0.0000
vn -0.8397 0.5431 -0.0000
vn -0.8296 0.5584 -0.0000
vn -0.8233 0.5675 -0.0000
vn -0.8253 0.5647 -0.0000
vn -0.8313 0.5558 -0.0000
vn -0.8375 0.5465 -0.0000
vn -0.8437 0.5368 -0.0000
vn -0.8499 0.5269 -0.0000
vn -0.8562 0.5166 -0.0000
vn -0.8625 0.5060 -0.0000
vn -0.8689 0.4950 -0.0000
vn -0.8753 0.4836 -0.0000
vn -0.8817 0.4719 -0.0000
vn -0.8881 0.4597 -0.0000
vn -0.8039 0.5947 -0.0000
vn -0.6808 0.7325 -0.0000
vn -0.6514 0.7588 -0.0000
vn -0.6182 0.7860 -0.0000
vn -0.5808 0.8140 -0.0000
vn -0.5388 0.8424 -0.0000
vn -0.4916 0.8708 -0.0000
vn -0.4388 0.8986 -0.0000
vn -0.3802 0.9249 -0.0000
vn -0.3158 0.9488 -0.0000
vn -0.2455 0.9694 -0.0000
vn -0.1699 0.9855 -0.0000
vn -0.1090 0.9940 -0.0000
vn -0.0837 0.9965 -0.0000
vn -0.0767 0.9971 -0.0000
vn -0.0696 0.9976 -0.0000
vn -0.0623 0.9981 -0.0000
vn -0.0550 0.9985 -0.0000
vn -0.0476 0.9989 -0.0000
vn -0.0400 0.9992 -0.0000
vn -0.0322 0.9995 -0.0000
vn -0.0244 0.9997 -0.0000
vn -0.0164 0.9999 -0.0000
vn -0.0083 1.0000 -0.0000
vn -0.0021 1.0000 -0.0000
vn 0.1798 0.9837 -0.0000
vn 0.3485 0.9373 -0.0000
vn 0.3379 0.9412 -0.0000
vn 0.3271 0.9450 -0.0000
vn 0.3162 0.9487 -0.0000
vn 0.3052 0.9523 -0.0000
vn 0.2941 0.9558 -0.0000
vn 0.2828 0.9592 -0.0000
vn 0.2715 0.9625 -0.0000
vn 0.2600 0.9656 -0.0000
vn 0.2484 0.9687 -0.0000
vn 0.2367 0.9716 -0.0000
vn 0.1640 0.9865 -0.0000
vn 0.0932 0.9956 -0.0000
vn 0.0866 0.9962 -0.0000
vn 0.0797 0.9968 -0.0000
vn 0.0725 0.9974 -0.0000
vn 0.0649 0.9979 -0.0000
vn 0.0570 0.9984 -0.0000
vn 0.0487 0.9988 -0.0000
vn 0.0399 0.9992 -0.0000
vn 0.0307 0.9995 -0.0000
vn 0.0210 0.9998 -0.0000
vn 0.0107 0.9999 -0.0000
vn 0.0027 1.0000 -0.0000
vn -0.0000 1.0000 -0.0000
vn 0.0121 0.9999 -0.0000
vn 0.0483 0.9988 -0.0000
vn 0.0120 0.9999 -0.0000
vn 0.0972 0.9953 -0.0000
vn 0.1466 0.9892 -0.0000
vn 0.1961 0.9806 -0.0000
vn 0.2454 0.9694 -0.0000
vn 0.3417 0.9398 -0.0000
vn 0.3880 0.9217 -0.0000
vn 0.4326 0.9016 -0.0000
vn 0.3879 0.9217 -0.0000
vn 0.4754 0.8798 -0.0000
vn 0.5161 0.8565 -0.0000
vn 0.3832 0.9237 -0.0000
vn 0.2099 0.9777 -0.0000
vn 0.3832 0.9236 -0.0000
vn 0.1906 0.9817 -0.0000
vn 0.1713 0.9852 -0.0000
vn 0.1521 0.9884 -0.0000
vn 0.1328 0.9911 -0.0000
vn 0.1136 0.9935 -0.0000
vn 0.0944 0.9955 -0.0000
vn 0.0753 0.9972 -0.0000
vn 0.0563 0.9984 -0.0000
vn 0.0374 0.9993 -0.0000
vn 0.0186 0.9998 -0.0000
vn 0.0070 1.0000 -0.0000
vn 0.0094 1.0000 -0.0000
vn 0.0189 0.9998 -0.0000
vn 0.0286 0.9996 -0.0000
vn 0.0384 0.9993 -0.0000
vn 0.0485 0.9988 -0.0000
vn 0.0587 0.9983 -0.0000
vn 0.0692 0.9976 -0.0000
vn 0.0798 0.9968 -0.0000
vn 0.0906 0.9959 -0.0000
vn 0.1015 0.9948 -0.0000
vn 0.1127 0.9936 -0.0000
vn 0.3531 0.9356 -0.0000
vn 0.5712 0.8208 -0.0000
vn 0.5794 0.8150 -0.0000
vn 0.5879 0.8089 -0.0000
vn 0.5968 0.8024 -0.0000
vn 0.6059 0.7955 -0.0000
vn 0.6155 0.7881 -0.0000
vn 0.6060 0.7955 -0.0000
vn 0.6254 0.7803 -0.0000
vn 0.6358 0.7719 -0.0000
vn 0.6465 0.7629 -0.0000
vn 0.6577 0.7533 -0.0000
vn 0.6694 0.7429 -0.0000
vn 0.6924 0.7215 -0.0000
vn 0.7339 0.6792 -0.0000
vn 0.7785 0.6277 -0.0000
vn 0.7340 0.6792 -0.0000
vn 0.8155 0.5788 -0.0000
vn 0.8461 0.5330 -0.0000
vn 0.8714 0.4906 -0.0000
vn 0.8923 0.4514 -0.0000
vn 0.9097 0.4153 -0.0000
vn 0.9241 0.3823 -0.0000
vn 0.9360 0.3519 -0.0000
vn 0.9460 0.3241 -0.0000
vn 0.9544 0.2985 -0.0000
vn 0.8510 0.5252 -0.0000
vn 0.6650 0.7468 -0.0000
vn 0.6253 0.7804 -0.0000
vn 0.5887 0.8084 -0.0000
vn 0.5552 0.8317 -0.0000
vn 0.5245 0.8514 -0.0000
vn 0.4965 0.8681 -0.0000
vn 0.4709 0.8822 -0.0000
vn 0.4965 0.8680 -0.0000
vn 0.4475 0.8943 -0.0000
vn 0.4261 0.9047 -0.0000
vn 0.4474 0.8943 -0.0000
vn 0.4064 0.9137 -0.0000
vn 0.3883 0.9215 -0.0000
vn 0.3929 0.9196 -0.0000
vn 0.4411 0.8974 -0.0000
vn 0.3930 0.9196 -0.0000
vn 0.5099 0.8602 -0.0000
vn 0.4412 0.8974 -0.0000
vn 0.5767 0.8170 -0.0000
vn 0.6401 0.7683 -0.0000
vn 0.6990 0.7151 -0.0000
vn 0.7524 0.6587 -0.0000
vn 0.7997 0.6004 -0.0000
vn 0.8409 0.5412 -0.0000
vn 0.8760 0.4824 -0.0000
vn 0.9052 0.4249 -0.0000
vn 0.9292 0.3695 -0.0000
vn 0.7449 0.6671 -0.0000
vn 0.4399 0.8981 -0.0000
vn 0.7450 0.6671 -0.0000
vn 0.4328 0.9015 -0.0000
vn 0.4258 0.9048 -0.0000
vn 0.4190 0.9080 -0.0000
vn 0.4125 0.9110 -0.0000
vn 0.4191 0.9080 -0.0000
vn 0.4061 0.9138 -0.0000
vn 0.4125 0.9109 -0.0000
vn 0.4000 0.9165 -0.0000
vn 0.3939 0.9191 -0.0000
vn 0.3881 0.9216 -0.0000
vn 0.3823 0.9240 -0.0000
vn 0.3769 0.9263 -0.0000
vn 0.3845 0.9231 -0.0000
vn 0.3768 0.9263 -0.0000
vn 0.4168 0.9090 -0.0000
vn 0.4583 0.8888 -0.0000
vn 0.4167 0.9090 -0.0000
vn 0.4958 0.8685 -0.0000
vn 0.5297 0.8482 -0.0000
vn 0.4958 0.8684 -0.0000
vn 0.5603 0.8283 -0.0000
vn 0.5879 0.8090 -0.0000
vn 0.6129 0.7901 -0.0000
vn 0.6355 0.7721 -0.0000
vn 0.6560 0.7548 -0.0000
vn 0.6746 0.7382 -0.0000
vn 0.6915 0.7224 -0.0000
vn 0.8090 0.5878 -0.0000
vn 0.8970 0.4421 -0.0000
vn 0.8090 0.5879 -0.0000
vn 0.8995 0.4369 -0.0000
vn 0.9021 0.4314 -0.0000
vn 0.9048 0.4258 -0.0000
vn 0.9076 0.4199 -0.0000
vn 0.9048 0.4257 -0.0000
vn 0.9104 0.4138 -0.0000
vn 0.9132 0.4074 -0.0000
vn 0.9162 0.4008 -0.0000
vn 0.9192 0.3939 -0.0000
vn 0.9222 0.3867 -0.0000
vn 0.9253 0.3792 -0.0000
vn 0.9282 0.3721 -0.0000
vn 0.9306 0.3661 -0.0000
vn 0.9326 0.3610 -0.0000
vn 0.9345 0.3560 -0.0000
vn 0.9363 0.3511 -0.0000
vn 0.9381 0.3464 -0.0000
vn 0.9398 0.3417 -0.0000
vn 0.9414 0.3372 -0.0000
vn 0.9398 0.3418 -0.0000
vn 0.9430 0.3328 -0.0000
vn 0.9445 0.3285 -0.0000
vn 0.9430 0.3329 -0.0000
vn 0.9460 0.3243 -0.0000
vn 0.9445 0.3286 -0.0000
vn 0.9473 0.3203 -0.0000
vn 0.9462 0.3237 -0.0000
vn 0.9303 0.3668 -0.0000
vn 0.9202 0.3915 -0.0000
vn 0.9095 0.4157 -0.0000
vn 0.8983 0.4394 -0.0000
vn 0.8866 0.4625 -0.0000
vn 0.8745 0.4851 -0.0000
vn 0.8620 0.5070 -0.0000
vn 0.8491 0.5282 -0.0000
vn 0.8359 0.5489 -0.0000
vn 0.8491 0.5283 -0.0000
vn 0.8224 0.5689 -0.0000
vn 0.8113 0.5847 -0.0000
vn 0.8051 0.5932 -0.0000
vn 0.8014 0.5981 -0.0000
vn 0.7979 0.6028 -0.0000
vn 0.7944 0.6074 -0.0000
vn 0.7909 0.6119 -0.0000
vn 0.7875 0.6163 -0.0000
vn 0.7842 0.6205 -0.0000
vn 0.7809 0.6247 -0.0000
vn 0.7776 0.6287 -0.0000
vn 0.7745 0.6326 -0.0000
vn 0.7713 0.6365 -0.0000
vn 0.8945 0.4471 -0.0000
vn 0.7713 0.6364 -0.0000
vn 0.9707 0.2403 -0.0000
vn 0.9668 0.2557 -0.0000
vn 0.9626 0.2710 -0.0000
vn 0.9582 0.2862 -0.0000
vn 0.9535 0.3013 -0.0000
vn 0.9436 0.3310 -0.0000
vn 0.9383 0.3457 -0.0000
vn 0.9329 0.3602 -0.0000
vn 0.9272 0.3745 -0.0000
vn 0.9213 0.3887 -0.0000
vn 0.9220 0.3871 -0.0000
vn 0.9214 0.3887 -0.0000
vn 0.9352 0.3542 -0.0000
vn 0.9522 0.3056 -0.0000
vn 0.9663 0.2573 -0.0000
vn 0.9778 0.2097 -0.0000
vn 0.9866 0.1632 -0.0000
vn 0.9930 0.1180 -0.0000
vn 0.9972 0.0744 -0.0000
vn 0.9995 0.0325 -0.0000
vn 1.0000 -0.0076 -0.0000
vn 0.9989 -0.0459 -0.0000
vn 0.9966 -0.0822 -0.0000
vn 0.9617 0.2743 -0.0000
vn 0.9462 0.3236 -0.0000
vn 1.0000 0.0068 -0.0000
vn 0.9999 0.0135 -0.0000
vn 0.9998 0.0200 -0.0000
vn 0.9997 0.0262 -0.0000
vn 0.9995 0.0324 -0.0000
vn 0.9997 0.0263 -0.0000
vn 0.9993 0.0384 -0.0000
vn 0.9990 0.0442 -0.0000
vn 0.9988 0.0499 -0.0000
vn 0.9985 0.0555 -0.0000
vn 0.9981 0.0608 -0.0000
vn 0.9985 0.0554 -0.0000
vn 0.9978 0.0661 -0.0000
vn 0.9977 0.0685 -0.0000
vn 0.9979 0.0653 -0.0000
vn 0.9982 0.0594 -0.0000
vn 0.9986 0.0535 -0.0000
vn 0.9982 0.0595 -0.0000
vn 0.9989 0.0475 -0.0000
vn 0.9991 0.0416 -0.0000
vn 0.9994 0.0357 -0.0000
vn 0.9996 0.0298 -0.0000
vn 0.9997 0.0238 -0.0000
vn 0.9998 0.0178 -0.0000
vn 0.9999 0.0119 -0.0000
vn 1.0000 0.0060 -0.0000
vn 0.8880 0.4598 -0.0000
vn 0.6052 0.7961 -0.0000
vn 0.6562 0.7545 -0.0000
vn 0.7075 0.7067 -0.0000
vn 0.7577 0.6526 -0.0000
vn 0.8057 0.5923 -0.0000
vn 0.8504 0.5262 -0.0000
vn 0.8904 0.4553 -0.0000
vn 0.9246 0.3808 -0.0000
vn 0.9526 0.3042 -0.0000
vn 0.9739 0.2271 -0.0000
vn 0.9885 0.1510 -0.0000
vn 0.9953 0.0964 -0.0000
vn 0.9966 0.0825 -0.0000
vn 0.9961 0.0882 -0.0000
vn 0.9956 0.0939 -0.0000
vn 0.9961 0.0883 -0.0000
vn 0.9950 0.0995 -0.0000
vn 0.9945 0.1050 -0.0000
vn 0.9939 0.1104 -0.0000
vn 0.9933 0.1158 -0.0000
vn 0.9926 0.1210 -0.0000
vn 0.9920 0.1263 -0.0000
vn 0.9913 0.1314 -0.0000
vn 0.9906 0.1364 -0.0000
vn 0.9187 0.3950 -0.0000
vn 0.7834 0.6215 -0.0000
vn 0.7859 0.6184 -0.0000
vn 0.7883 0.6152 -0.0000
vn 0.7907 0.6122 -0.0000
vn 0.7931 0.6091 -0.0000
vn 0.7954 0.6060 -0.0000
vn 0.7977 0.6030 -0.0000
vn 0.8000 0.6000 -0.0000
vn 0.8022 0.5970 -0.0000
vn 0.8044 0.5940 -0.0000
vn 0.8066 0.5911 -0.0000
vn 0.8076 0.5897 -0.0000
vn 0.7978 0.6030 -0.0000
vn 0.7954 0.6061 -0.0000
vn 0.7883 0.6153 -0.0000
vn 0.7833 0.6216 -0.0000
vn 0.9059 0.4234 -0.0000
vn 0.7834 0.6216 -0.0000
vn 0.9789 0.2042 -0.0000
vn 0.9060 0.4234 -0.0000
vn 0.9772 0.2125 -0.0000
vn 0.9753 0.2211 -0.0000
vn 0.9732 0.2300 -0.0000
vn 0.9709 0.2394 -0.0000
vn 0.9732 0.2301 -0.0000
vn 0.9685 0.2491 -0.0000
vn 0.9658 0.2592 -0.0000
vn 0.9629 0.2697 -0.0000
vn 0.9598 0.2806 -0.0000
vn 0.9564 0.2920 -0.0000
vn 0.9527 0.3039 -0.0000
vn 0.9510 0.3092 -0.0000
vn 0.9538 0.3004 -0.0000
vn 0.9587 0.2844 -0.0000
vn 0.9633 0.2685 -0.0000
vn 0.9676 0.2524 -0.0000
vn 0.9717 0.2364 -0.0000
vn 0.9754 0.2203 -0.0000
vn 0.9822 0.1881 -0.0000
vn 0.9851 0.1720 -0.0000
vn 0.9878 0.1560 -0.0000
vn 0.9902 0.1399 -0.0000
vn 0.9995 -0.0305 -0.0000
vn 0.9821 -0.1882 -0.0000
vn 0.9836 -0.1803 -0.0000
vn 0.9850 -0.1724 -0.0000
vn 0.9836 -0.1804 -0.0000
vn 0.9864 -0.1644 -0.0000
vn 0.9877 -0.1564 -0.0000
vn 0.9889 -0.1483 -0.0000
vn 0.9877 -0.1563 -0.0000
vn 0.9901 -0.1403 -0.0000
vn 0.9912 -0.1322 -0.0000
vn 0.9901 -0.1402 -0.0000
vn 0.9923 -0.1241 -0.0000
vn 0.9933 -0.1159 -0.0000
vn 0.9923 -0.1240 -0.0000
vn 0.9942 -0.1077 -0.0000
vn 0.9947 -0.1032 -0.0000
vn 0.9944 -0.1059 -0.0000
vn 0.9937 -0.1122 -0.0000
vn 0.9930 -0.1182 -0.0000
vn 0.9916 -0.1296 -0.0000
vn 0.9908 -0.1351 -0.0000
vn 0.9901 -0.1404 -0.0000
vn 0.9894 -0.1455 -0.0000
vn 0.9886 -0.1504 -0.0000
vn 0.9894 -0.1454 -0.0000
vn 0.9879 -0.1552 -0.0000
vn 0.9886 -0.1505 -0.0000
vn 0.9871 -0.1598 -0.0000
vn 0.9999 0.0103 -0.0000
vn 0.9871 -0.1599 -0.0000
vn 0.9713 0.2377 -0.0000
vn 0.9615 0.2748 -0.0000
vn 0.9501 0.3120 -0.0000
vn 0.9370 0.3492 -0.0000
vn 0.9224 0.3862 -0.0000
vn 0.9063 0.4227 -0.0000
vn 0.8886 0.4586 -0.0000
vn 0.8696 0.4938 -0.0000
vn 0.8492 0.5281 -0.0000
vn 0.8277 0.5612 -0.0000
vn 0.8120 0.5837 -0.0000
vn 0.8097 0.5869 -0.0000
vn 0.8142 0.5806 -0.0000
vn 0.8187 0.5742 -0.0000
vn 0.8232 0.5677 -0.0000
vn 0.8321 0.5547 -0.0000
vn 0.8276 0.5612 -0.0000
vn 0.8364 0.5481 -0.0000
vn 0.8320 0.5547 -0.0000
vn 0.8407 0.5415 -0.0000
vn 0.8450 0.5348 -0.0000
vn 0.8534 0.5213 -0.0000
vn 0.9232 0.3844 -0.0000
vn 0.9702 0.2421 -0.0000
vn 0.9703 0.2417 -0.0000
vn 0.9704 0.2413 -0.0000
vn 0.9705 0.2410 -0.0000
vn 0.9706 0.2406 -0.0000
vn 0.9705 0.2409 -0.0000
vn 0.9707 0.2402 -0.0000
vn 0.9708 0.2398 -0.0000
vn 0.9710 0.2390 -0.0000
vn 0.9711 0.2386 -0.0000
vn 0.9712 0.2383 -0.0000
vn 0.9720 0.2348 -0.0000
vn 0.9744 0.2250 -0.0000
vn 0.9773 0.2120 -0.0000
vn 0.9800 0.1990 -0.0000
vn 0.9826 0.1859 -0.0000
vn 0.9850 0.1727 -0.0000
vn 0.9872 0.1595 -0.0000
vn 0.9892 0.1463 -0.0000
vn 0.9911 0.1330 -0.0000
vn 0.9928 0.1197 -0.0000
vn 0.9943 0.1064 -0.0000
vn 0.9957 0.0931 -0.0000
vn 0.9282 0.3720 -0.0000
vn 0.7922 0.6102 -0.0000
vn 0.8159 0.5783 -0.0000
vn 0.7922 0.6103 -0.0000
vn 0.8391 0.5440 -0.0000
vn 0.8158 0.5783 -0.0000
vn 0.8616 0.5075 -0.0000
vn 0.8833 0.4688 -0.0000
vn 0.9038 0.4279 -0.0000
vn 0.9229 0.3851 -0.0000
vn 0.9403 0.3403 -0.0000
vn 0.9692 0.2463 -0.0000
vn 0.9803 0.1977 -0.0000
vn 0.9692 0.2464 -0.0000
vn 0.9869 0.1616 -0.0000
vn 0.9884 0.1517 -0.0000
vn 0.9879 0.1551 -0.0000
vn 0.9874 0.1585 -0.0000
vn 0.9868 0.1618 -0.0000
vn 0.9863 0.1650 -0.0000
vn 0.9857 0.1683 -0.0000
vn 0.9852 0.1715 -0.0000
vn 0.9846 0.1747 -0.0000
vn 0.9841 0.1778 -0.0000
vn 0.9835 0.1809 -0.0000
vn 0.9829 0.1840 -0.0000
vn 0.9835 0.1810 -0.0000
vn 0.9693 0.2461 -0.0000
vn 0.9556 0.2946 -0.0000
vn 0.9622 0.2722 -0.0000
vn 0.9685 0.2490 -0.0000
vn 0.9685 0.2489 -0.0000
vn 0.9799 0.1997 -0.0000
vn 0.9848 0.1737 -0.0000
vn 0.9892 0.1468 -0.0000
vn 0.9929 0.1191 -0.0000
vn 0.9959 0.0905 -0.0000
vn 0.9929 0.1190 -0.0000
vn 0.9981 0.0611 -0.0000
vn 0.9959 0.0904 -0.0000
vn 0.9995 0.0308 -0.0000
vn 0.9981 0.0610 -0.0000
vn 0.9999 0.0101 -0.0000
vn 0.9998 0.0199 -0.0000
vn 0.9996 0.0293 -0.0000
vn 0.9996 0.0294 -0.0000
vn 0.9989 0.0471 -0.0000
vn 0.9980 0.0635 -0.0000
vn 0.9975 0.0712 -0.0000
vn 0.9969 0.0787 -0.0000
vn 0.9963 0.0859 -0.0000
vn 0.9969 0.0786 -0.0000
vn 0.9957 0.0928 -0.0000
vn 0.9667 0.2559 -0.0000
vn 0.9065 0.4222 -0.0000
vn 0.9667 0.2558 -0.0000
vn 0.8946 0.4468 -0.0000
vn 0.9065 0.4221 -0.0000
vn 0.8836 0.4682 -0.0000
vn 0.8735 0.4868 -0.0000
vn 0.8642 0.5032 -0.0000
vn 0.8556 0.5176 -0.0000
vn 0.8477 0.5305 -0.0000
vn 0.8404 0.5420 -0.0000
vn 0.8336 0.5523 -0.0000
vn 0.8274 0.5617 -0.0000
vn 0.8336 0.5524 -0.0000
vn 0.8215 0.5702 -0.0000
vn 0.8273 0.5617 -0.0000
vn 0.8162 0.5778 -0.0000
vn 0.8111 0.5849 -0.0000
vn 0.8058 0.5922 -0.0000
vn 0.7999 0.6001 -0.0000
vn 0.7935 0.6085 -0.0000
vn 0.7865 0.6176 -0.0000
vn 0.7787 0.6274 -0.0000
vn 0.7700 0.6381 -0.0000
vn 0.7603 0.6496 -0.0000
vn 0.7493 0.6622 -0.0000
vn 0.7602 0.6496 -0.0000
vn 0.7370 0.6759 -0.0000
vn 0.7230 0.6909 -0.0000
vn 0.9255 0.3786 -0.0000
vn 1.0000 0.0064 -0.0000
vn 0.9255 0.3787 -0.0000
vn 0.9999 0.0128 -0.0000
vn 0.9998 0.0193 -0.0000
vn 0.9997 0.0257 -0.0000
vn 0.9998 0.0192 -0.0000
vn 0.9995 0.0320 -0.0000
vn 0.9997 0.0256 -0.0000
vn 0.9990 0.0448 -0.0000
vn 0.9987 0.0512 -0.0000
vn 0.9983 0.0576 -0.0000
vn 0.9980 0.0640 -0.0000
vn 0.9975 0.0703 -0.0000
vn -0.3284 0.9445 -0.0000
vn -0.2913 0.9566 -0.0000
vn -0.3885 0.9214 -0.0000
vn -0.4472 0.8944 -0.0000
vn -0.5038 0.8638 -0.0000
vn -0.5577 0.8301 -0.0000
vn -0.6083 0.7937 -0.0000
vn -0.6552 0.7554 -0.0000
vn -0.6983 0.7158 -0.0000
vn -0.7375 0.6754 -0.0000
vn -0.7727 0.6348 -0.0000
vn -0.8041 0.5946 -0.0000
vn -0.9714 0.2374 -0.0000
vn -0.9881 -0.1539 -0.0000
vn -0.9714 0.2375 -0.0000
vn -0.9802 -0.1980 -0.0000
vn -0.9701 -0.2426 -0.0000
vn -0.9578 -0.2874 -0.0000
vn -0.9432 -0.3321 -0.0000
vn -0.9265 -0.3764 -0.0000
vn -0.9075 -0.4200 -0.0000
vn -0.8866 -0.4625 -0.0000
vn -0.8638 -0.5038 -0.0000
vn -0.8394 -0.5436 -0.0000
vn -0.8135 -0.5816 -0.0000
vn -0.8037 -0.5950 -0.0000
vn -0.8287 -0.5597 -0.0000
vn -0.8692 -0.4945 -0.0000
vn -0.9068 -0.4215 -0.0000
vn -0.9400 -0.3413 -0.0000
vn -0.9669 -0.2550 -0.0000
vn -0.9864 -0.1643 -0.0000
vn -0.9975 -0.0713 -0.0000
vn -0.9998 0.0214 -0.0000
vn -0.9937 0.1117 -0.0000
vn -0.9803 0.1975 -0.0000
vn -0.9608 0.2774 -0.0000
vn -0.9981 -0.0609 -0.0000
vn -0.9123 -0.4096 -0.0000
vn -0.9285 -0.3714 -0.0000
vn -0.9430 -0.3329 -0.0000
vn -0.9558 -0.2942 -0.0000
vn -0.9668 -0.2555 -0.0000
vn -0.9762 -0.2170 -0.0000
vn -0.9839 -0.1790 -0.0000
vn -0.9899 -0.1415 -0.0000
vn -0.9945 -0.1048 -0.0000
vn -0.9976 -0.0689 -0.0000
vn -0.9994 -0.0340 -0.0000
vn -1.0000 -0.0049 -0.0000
vn -0.9999 0.0148 -0.0000
vn -0.9995 0.0319 -0.0000
vn -0.9986 0.0524 -0.0000
vn -0.9970 0.0774 -0.0000
vn -0.9941 0.1085 -0.0000
vn -0.9890 0.1480 -0.0000
vn -0.9799 0.1997 -0.0000
vn -0.9630 0.2695 -0.0000
vn -0.9304 0.3667 -0.0000
vn -0.8631 0.5051 -0.0000
vn -0.7192 0.6948 -0.0000
vn -0.9702 0.2425 -0.0000
vn -0.9256 -0.3786 -0.0000
vn -0.9701 0.2426 -0.0000
vn -0.9483 -0.3174 -0.0000
vn -0.9645 -0.2641 -0.0000
vn -0.9760 -0.2177 -0.0000
vn -0.9841 -0.1773 -0.0000
vn -0.9899 -0.1420 -0.0000
vn -0.9841 -0.1774 -0.0000
vn -0.9938 -0.1109 -0.0000
vn -0.9965 -0.0834 -0.0000
vn -0.9938 -0.1108 -0.0000
vn -0.9983 -0.0591 -0.0000
vn -0.9993 -0.0373 -0.0000
vn -0.9998 -0.0178 -0.0000
vn -0.9504 -0.3111 -0.0000
vn -0.8094 -0.5873 -0.0000
vn -0.9504 -0.3110 -0.0000
vn -0.8048 -0.5936 -0.0000
vn -0.8000 -0.6000 -0.0000
vn -0.7949 -0.6067 -0.0000
vn -0.7896 -0.6136 -0.0000
vn -0.7840 -0.6207 -0.0000
vn -0.7781 -0.6281 -0.0000
vn -0.7719 -0.6358 -0.0000
vn -0.7653 -0.6436 -0.0000
vn -0.7584 -0.6518 -0.0000
vn -0.7510 -0.6603 -0.0000
vn -0.7474 -0.6644 -0.0000
vn -0.7518 -0.6594 -0.0000
vn -0.7601 -0.6498 -0.0000
vn -0.7682 -0.6402 -0.0000
vn -0.7761 -0.6306 -0.0000
vn -0.7838 -0.6210 -0.0000
vn -0.7913 -0.6115 -0.0000
vn -0.7986 -0.6019 -0.0000
vn -0.8056 -0.5924 -0.0000
vn -0.8125 -0.5829 -0.0000
vn -0.8192 -0.5735 -0.0000
vn -0.8257 -0.5641 -0.0000
vn 0.2325 -0.9726 -0.0000
vn 0.9423 -0.3349 -0.0000
vn 0.2324 -0.9726 -0.0000
vn 0.6138 -0.7894 -0.0000
vn 0.0424 -0.9991 -0.0000
vn -0.3498 -0.9368 -0.0000
vn 0.0425 -0.9991 -0.0000
vn -0.5307 -0.8476 -0.0000
vn -0.6210 -0.7838 -0.0000
vn -0.6729 -0.7398 -0.0000
vn -0.7060 -0.7082 -0.0000
vn -0.7289 -0.6847 -0.0000
vn -0.7455 -0.6665 -0.0000
vn -0.7581 -0.6521 -0.0000
vn -0.5100 -0.8602 -0.0000
vn -0.2362 -0.9717 -0.0000
vn -0.3079 -0.9514 -0.0000
vn -0.3786 -0.9255 -0.0000
vn -0.4471 -0.8945 -0.0000
vn -0.3786 -0.9256 -0.0000
vn -0.5123 -0.8588 -0.0000
vn -0.5732 -0.8194 -0.0000
vn -0.6293 -0.7772 -0.0000
vn -0.6801 -0.7331 -0.0000
vn -0.7256 -0.6881 -0.0000
vn -0.7659 -0.6430 -0.0000
vn -0.8012 -0.5984 -0.0000
vn -0.9645 -0.2640 -0.0000
vn -0.9584 -0.2855 -0.0000
vn -0.9517 -0.3070 -0.0000
vn -0.9445 -0.3285 -0.0000
vn -0.9367 -0.3500 -0.0000
vn -0.9197 -0.3927 -0.0000
vn -0.9104 -0.4138 -0.0000
vn -0.9006 -0.4347 -0.0000
vn -0.8903 -0.4555 -0.0000
vn -0.8795 -0.4759 -0.0000
vn -0.8634 -0.5046 -0.0000
vn -0.8351 -0.5501 -0.0000
vn -0.7972 -0.6037 -0.0000
vn -0.7545 -0.6563 -0.0000
vn -0.7070 -0.7072 -0.0000
vn -0.6553 -0.7553 -0.0000
vn -0.6000 -0.8000 -0.0000
vn -0.5420 -0.8404 -0.0000
vn -0.4821 -0.8761 -0.0000
vn -0.4214 -0.9069 -0.0000
vn -0.3607 -0.9327 -0.0000
vn -0.3009 -0.9536 -0.0000
vn -0.1213 -0.9926 -0.0000
vn -0.3010 -0.9536 -0.0000
vn 0.0640 -0.9980 -0.0000
vn 0.1295 -0.9916 -0.0000
vn 0.2632 -0.9647 -0.0000
vn 0.3294 -0.9442 -0.0000
vn 0.3938 -0.9192 -0.0000
vn 0.3293 -0.9442 -0.0000
vn 0.4557 -0.8901 -0.0000
vn 0.5143 -0.8576 -0.0000
vn 0.5690 -0.8224 -0.0000
vn 0.6194 -0.7851 -0.0000
vn 0.6654 -0.7465 -0.0000
vn 0.6897 -0.7241 -0.0000
vn 0.6776 -0.7354 -0.0000
vn 0.6478 -0.7618 -0.0000
vn 0.6180 -0.7862 -0.0000
vn 0.5883 -0.8086 -0.0000
vn 0.5590 -0.8292 -0.0000
vn 0.5301 -0.8479 -0.0000
vn 0.5019 -0.8649 -0.0000
vn 0.4743 -0.8804 -0.0000
vn 0.4213 -0.9069 -0.0000
vn 0.3960 -0.9183 -0.0000
vn 0.2939 -0.9558 -0.0000
vn 0.2073 -0.9783 -0.0000
vn 0.2188 -0.9758 -0.0000
vn 0.2550 -0.9669 -0.0000
vn 0.2677 -0.9635 -0.0000
vn 0.2807 -0.9598 -0.0000
vn 0.2941 -0.9558 -0.0000
vn 0.3079 -0.9514 -0.0000
vn 0.3220 -0.9468 -0.0000
vn 0.3364 -0.9417 -0.0000
vn 0.3219 -0.9468 -0.0000
vn 0.3421 -0.9397 -0.0000
vn 0.3305 -0.9438 -0.0000
vn 0.3109 -0.9504 -0.0000
vn 0.2924 -0.9563 -0.0000
vn 0.2749 -0.9615 -0.0000
vn 0.2583 -0.9661 -0.0000
vn 0.2427 -0.9701 -0.0000
vn 0.2278 -0.9737 -0.0000
vn 0.2138 -0.9769 -0.0000
vn 0.2005 -0.9797 -0.0000
vn 0.1879 -0.9822 -0.0000
vn 0.1759 -0.9844 -0.0000
vn 0.4705 -0.8824 -0.0000
vn 0.7396 -0.6730 -0.0000
vn 0.7707 -0.6373 -0.0000
vn 0.8000 -0.6000 -0.0000
vn 0.8274 -0.5615 -0.0000
vn 0.8529 -0.5221 -0.0000
vn 0.8762 -0.4820 -0.0000
vn 0.8973 -0.4415 -0.0000
vn 0.9161 -0.4009 -0.0000
vn 0.9327 -0.3605 -0.0000
vn 0.9472 -0.3206 -0.0000
vn 0.9596 -0.2812 -0.0000
vn 0.9913 -0.1320 -0.0000
vn 0.9672 -0.2541 -0.0000
vn 0.8675 -0.4975 -0.0000
vn 0.8604 -0.5096 -0.0000
vn 0.8529 -0.5220 -0.0000
vn 0.8450 -0.5347 -0.0000
vn 0.8367 -0.5477 -0.0000
vn 0.8279 -0.5609 -0.0000
vn 0.8186 -0.5744 -0.0000
vn 0.8087 -0.5882 -0.0000
vn 0.7983 -0.6023 -0.0000
vn 0.7873 -0.6166 -0.0000
vn 0.7756 -0.6312 -0.0000
vn 0.7700 -0.6380 -0.0000
vn 0.7775 -0.6289 -0.0000
vn 0.7915 -0.6111 -0.0000
vn 0.8055 -0.5926 -0.0000
vn 0.8193 -0.5734 -0.0000
vn 0.8329 -0.5535 -0.0000
vn 0.8463 -0.5328 -0.0000
vn 0.8594 -0.5113 -0.0000
vn 0.8722 -0.4892 -0.0000
vn 0.8846 -0.4664 -0.0000
vn 0.8966 -0.4428 -0.0000
vn 0.9081 -0.4187 -0.0000
vn 0.9555 -0.2949 -0.0000
vn 0.9809 -0.1944 -0.0000
vn 0.9744 -0.2250 -0.0000
vn 0.9667 -0.2560 -0.0000
vn 0.9578 -0.2874 -0.0000
vn 0.9477 -0.3192 -0.0000
vn 0.9363 -0.3512 -0.0000
vn 0.9236 -0.3833 -0.0000
vn 0.9097 -0.4153 -0.0000
vn 0.8944 -0.4472 -0.0000
vn 0.8779 -0.4789 -0.0000
vn 0.8601 -0.5101 -0.0000
vn 0.9594 -0.2819 -0.0000
vn 0.9993 -0.0367 -0.0000
vn 0.9973 -0.0735 -0.0000
vn 0.9939 -0.1104 -0.0000
vn 0.9891 -0.1473 -0.0000
vn 0.9829 -0.1840 -0.0000
vn 0.9754 -0.2202 -0.0000
vn 0.9567 -0.2911 -0.0000
vn 0.9456 -0.3255 -0.0000
vn 0.9334 -0.3589 -0.0000
vn 0.9202 -0.3914 -0.0000
vn 0.9110 -0.4125 -0.0000
vn 0.9111 -0.4122 -0.0000
vn 0.9159 -0.4013 -0.0000
vn 0.9208 -0.3901 -0.0000
vn 0.9256 -0.3786 -0.0000
vn 0.9303 -0.3668 -0.0000
vn 0.9350 -0.3546 -0.0000
vn 0.9396 -0.3422 -0.0000
vn 0.9442 -0.3293 -0.0000
vn 0.9487 -0.3162 -0.0000
vn 0.9531 -0.3027 -0.0000
vn 0.9574 -0.2889 -0.0000
vn 0.8916 -0.4528 -0.0000
vn 0.8479 -0.5302 -0.0000
vn 0.9207 -0.3903 -0.0000
vn 0.9567 -0.2909 -0.0000
vn 0.9757 -0.2192 -0.0000
vn 0.9861 -0.1660 -0.0000
vn 0.9921 -0.1251 -0.0000
vn 0.9957 -0.0929 -0.0000
vn 0.9977 -0.0671 -0.0000
vn 0.9989 -0.0458 -0.0000
vn 0.9996 -0.0281 -0.0000
vn 0.9999 -0.0131 -0.0000
vn 0.9998 0.0217 -0.0000
vn 0.9944 0.1055 -0.0000
vn 0.9743 0.2250 -0.0000
vn 0.9338 0.3579 -0.0000
vn 0.8676 0.4973 -0.0000
vn 0.9338 0.3578 -0.0000
vn 0.6592 0.7520 -0.0000
vn 0.5315 0.8471 -0.0000
vn 0.4028 0.9153 -0.0000
vn 0.5315 0.8470 -0.0000
vn 0.2822 0.9594 -0.0000
vn 0.4029 0.9153 -0.0000
vn 0.1744 0.9847 -0.0000
vn 0.0811 0.9967 -0.0000
vn 0.0172 0.9999 -0.0000
vn -0.0071 1.0000 -0.0000
vn -0.0145 0.9999 -0.0000
vn -0.0223 0.9998 -0.0000
vn -0.0303 0.9995 -0.0000
vn -0.0388 0.9992 -0.0000
vn -0.0569 0.9984 -0.0000
vn -0.0666 0.9978 -0.0000
vn -0.0768 0.9970 -0.0000
vn -0.0875 0.9962 -0.0000
vn -0.0987 0.9951 -0.0000
vn -0.1049 0.9945 -0.0000
vn -0.1004 0.9949 -0.0000
vn -0.0905 0.9959 -0.0000
vn -0.0808 0.9967 -0.0000
vn -0.0713 0.9975 -0.0000
vn -0.0619 0.9981 -0.0000
vn -0.0526 0.9986 -0.0000
vn -0.0435 0.9991 -0.0000
vn -0.0345 0.9994 -0.0000
vn -0.0256 0.9997 -0.0000
vn -0.0170 0.9999 -0.0000
vn -0.0084 1.0000 -0.0000
vn 0.1622 0.9868 -0.0000
vn 0.3314 0.9435 -0.0000
vn 0.1621 0.9868 -0.0000
vn 0.3456 0.9384 -0.0000
vn 0.3589 0.9334 -0.0000
vn 0.3713 0.9285 -0.0000
vn 0.3829 0.9238 -0.0000
vn 0.3938 0.9192 -0.0000
vn 0.4041 0.9147 -0.0000
vn 0.4137 0.9104 -0.0000
vn 0.4228 0.9062 -0.0000
vn 0.4314 0.9022 -0.0000
vn 0.4395 0.8982 -0.0000
vn 0.4453 0.8954 -0.0000
vn 0.4472 0.8944 -0.0000
vn 0.1750 0.9846 -0.0000
vn -0.1187 0.9929 -0.0000
vn -0.1328 0.9911 -0.0000
vn -0.1471 0.9891 -0.0000
vn -0.1615 0.9869 -0.0000
vn -0.1761 0.9844 -0.0000
vn -0.1909 0.9816 -0.0000
vn -0.2058 0.9786 -0.0000
vn -0.2208 0.9753 -0.0000
vn -0.2360 0.9717 -0.0000
vn -0.2513 0.9679 -0.0000
vn -0.2667 0.9638 -0.0000
vn -0.2808 0.9598 -0.0000
vn -0.2921 0.9564 -0.0000
vn -0.3020 0.9533 -0.0000
vn -0.3120 0.9501 -0.0000
vn -0.3219 0.9468 -0.0000
vn -0.3318 0.9433 -0.0000
vn -0.3417 0.9398 -0.0000
vn -0.3516 0.9361 -0.0000
vn -0.3615 0.9324 -0.0000
vn -0.3714 0.9285 -0.0000
vn -0.3812 0.9245 -0.0000
vn -0.3910 0.9204 -0.0000
vn -0.5217 0.8531 -0.0000
vn -0.6230 0.7822 -0.0000
vn -0.5941 0.8044 -0.0000
vn -0.5642 0.8257 -0.0000
vn -0.5333 0.8459 -0.0000
vn -0.5016 0.8651 -0.0000
vn -0.4692 0.8831 -0.0000
vn -0.4362 0.8999 -0.0000
vn -0.4028 0.9153 -0.0000
vn -0.3691 0.9294 -0.0000
vn -0.3352 0.9421 -0.0000
vn -0.3014 0.9535 -0.0000
vn 1.0000 -0.0000 -0.0000
vt 0.500297 0.500297
vt 0.250593 0.515903
vt 0.250593 0.500297
vt 0.500297 0.515903
vt 0.250593 0.531510
vt 0.500297 0.531510
vt 0.250593 0.547116
vt 0.500297 0.547116
vt 0.250593 0.562722
vt 0.500297 0.562722
vt 0.250593 0.578329
vt 0.500297 0.578329
vt 0.250593 0.593935
vt 0.500297 0.593935
vt 0.250593 0.609542
vt 0.500297 0.609542
vt 0.250593 0.625148
vt 0.500297 0.625148
vt 0.250593 0.640755
vt 0.500297 0.640755
vt 0.250593 0.656361
vt 0.500297 0.656361
vt 0.250593 0.671968
vt 0.500297 0.671968
vt 0.250593 0.687574
vt 0.500297 0.687574
vt 0.250593 0.703181
vt 0.500297 0.703181
vt 0.250593 0.718787
vt 0.500297 0.718787
vt 0.250593 0.734394
vt 0.500297 0.734394
vt 0.250593 0.750000
vt 0.500297 0.750000
vt 0.250593 0.765606
vt 0.500297 0.765606
vt 0.250593 0.781213
vt 0.500297 0.781213
vt 0.250593 0.796819
vt 0.500297 0.796819
vt 0.250593 0.812426
vt 0.500297 0.812426
vt 0.250593 0.828032
vt 0.500297 0.828032
vt 0.250593 0.843639
vt 0.500297 0.843639
vt 0.250593 0.859245
vt 0.500297 0.859245
vt 0.250593 0.874852
vt 0.500297 0.874852
vt 0.250593 0.890458
vt 0.500297 0.890458
vt 0.250593 0.906065
vt 0.500297 0.906065
vt 0.250593 0.921671
vt 0.500297 0.921671
vt 0.250593 0.937278
vt 0.500297 0.937278
vt 0.250593 0.952884
vt 0.500297 0.952884
vt 0.250593 0.968490
vt 0.505474 0.823938
vt 0.654963 0.744035
vt 0.734867 0.893524
vt 0.500297 0.968490
vt 0.250593 0.984097
vt 0.500297 0.984097
vt 0.250593 0.999703
vt 0.978605 0.846983
vt 0.847576 0.739451
vt 0.740044 0.870479
vt 0.000000 0.000000
vt 0.250000 0.500297
vt 0.000297 0.515903
vt 0.000297 0.500297
vt 0.250000 0.515903
vt 0.000297 0.531510
vt 0.250000 0.531510
vt 0.000297 0.547116
vt 0.250000 0.547116
vt 0.000297 0.562722
vt 0.250000 0.562722
vt 0.000297 0.578329
vt 0.250000 0.578329
vt 0.000297 0.593935
vt 0.250000 0.593935
vt 0.000297 0.609542
vt 0.250000 0.609542
vt 0.000297 0.625148
vt 0.250000 0.625148
vt 0.000297 0.640755
vt 0.250000 0.640755
vt 0.000297 0.656361
vt 0.250000 0.656361
vt 0.000297 0.671968
vt 0.250000 0.671968
vt 0.000297 0.687574
vt 0.250000 0.687574
vt 0.000297 0.703181
vt 0.250000 0.703181
vt 0.000297 0.718787
vt 0.250000 0.718787
vt 0.000297 0.734394
vt 0.250000 0.734394
vt 0.000297 0.750000
vt 0.250000 0.750000
vt 0.000297 0.765606
vt 0.250000 0.765606
vt 0.000297 0.781213
vt 0.250000 0.781213
vt 0.000297 0.796819
vt 0.250000 0.796819
vt 0.000297 0.812426
vt 0.250000 0.812426
vt 0.000297 0.828032
vt 0.250000 0.828032
vt 0.000297 0.843639
vt 0.250000 0.843639
vt 0.000297 0.859245
vt 0.250000 0.859245
vt 0.000297 0.874852
vt 0.250000 0.874852
vt 0.000297 0.890458
vt 0.250000 0.890458
vt 0.000297 0.906065
vt 0.250000 0.906065
vt 0.000297 0.921671
vt 0.250000 0.921671
vt 0.000297 0.937278
vt 0.250000 0.937278
vt 0.000297 0.952884
vt 0.250000 0.952884
vt 0.000297 0.968490
vt 0.505474 0.584784
vt 0.654963 0.504881
vt 0.734867 0.654370
vt 0.250000 0.968490
vt 0.000297 0.984097
vt 0.250000 0.984097
vt 0.000297 0.999703
vt 0.978605 0.607829
vt 0.847576 0.500297
vt 0.740044 0.631325
vt 0.125148 0.000297
vt 0.250000 0.125148
vt 0.125148 0.125148
vt 0.125148 0.250000
vt 0.250000 0.250000
vt 0.125148 0.374852
vt 0.250000 0.374852
vt 0.125148 0.499703
vt 0.000297 0.374852
vt 0.000297 0.250000
vt 0.374852 0.250000
vt 0.500297 0.000297
vt 0.625148 0.125148
vt 0.500297 0.125148
vt 0.500297 0.250000
vt 0.625148 0.250000
vt 0.500297 0.374852
vt 0.625148 0.374852
vt 0.500297 0.499703
vt 0.375445 0.374852
vt 0.375445 0.250000
vt 0.750000 0.250000
vt 0.725875 0.915232
vt 0.712821 0.934768
vt 0.696207 0.951382
vt 0.676671 0.964436
vt 0.654963 0.973428
vt 0.631918 0.978012
vt 0.608422 0.978012
vt 0.585377 0.973428
vt 0.563670 0.964436
vt 0.544133 0.951382
vt 0.527519 0.934768
vt 0.514465 0.915232
vt 0.505474 0.893524
vt 0.500890 0.870479
vt 0.500890 0.846983
vt 0.514465 0.802231
vt 0.563670 0.753026
vt 0.527519 0.782694
vt 0.544133 0.766080
vt 0.585377 0.744035
vt 0.608422 0.739451
vt 0.631918 0.739451
vt 0.676671 0.753026
vt 0.725875 0.802231
vt 0.696207 0.766080
vt 0.712821 0.782694
vt 0.734867 0.823938
vt 0.739451 0.846983
vt 0.739451 0.870479
vt 0.500297 0.999703
vt 0.744628 0.893524
vt 0.753619 0.915232
vt 0.766673 0.934768
vt 0.783287 0.951382
vt 0.802824 0.964436
vt 0.824531 0.973428
vt 0.847576 0.978012
vt 0.871072 0.978012
vt 0.894117 0.973428
vt 0.915825 0.964436
vt 0.935361 0.951382
vt 0.951976 0.934768
vt 0.965029 0.915232
vt 0.974021 0.893524
vt 0.978605 0.870479
vt 0.974021 0.823938
vt 0.965029 0.802231
vt 0.951976 0.782694
vt 0.935361 0.766080
vt 0.915825 0.753026
vt 0.894117 0.744035
vt 0.871072 0.739451
vt 0.824531 0.744035
vt 0.802824 0.753026
vt 0.783287 0.766080
vt 0.766673 0.782694
vt 0.753619 0.802231
vt 0.744628 0.823938
vt 0.740044 0.846983
vt 0.725875 0.676078
vt 0.712821 0.695614
vt 0.696207 0.712228
vt 0.676671 0.725282
vt 0.654963 0.734274
vt 0.631918 0.738858
vt 0.608422 0.738858
vt 0.585377 0.734274
vt 0.563670 0.725282
vt 0.544133 0.712228
vt 0.527519 0.695614
vt 0.514465 0.676078
vt 0.505474 0.654370
vt 0.500890 0.631325
vt 0.500890 0.607829
vt 0.514465 0.563077
vt 0.563670 0.513872
vt 0.527519 0.543540
vt 0.544133 0.526926
vt 0.585377 0.504880
vt 0.608422 0.500297
vt 0.631918 0.500297
vt 0.676671 0.513872
vt 0.696207 0.526926
vt 0.712821 0.543540
vt 0.725875 0.563077
vt 0.734867 0.584784
vt 0.739451 0.607829
vt 0.739451 0.631325
vt 0.250000 0.999703
vt 0.744628 0.654370
vt 0.753619 0.676078
vt 0.766673 0.695614
vt 0.783287 0.712228
vt 0.802824 0.725282
vt 0.871072 0.738858
vt 0.824531 0.734274
vt 0.847576 0.738858
vt 0.894117 0.734274
vt 0.915825 0.725282
vt 0.935361 0.712228
vt 0.951975 0.695614
vt 0.965029 0.676078
vt 0.974021 0.654370
vt 0.978605 0.631325
vt 0.974021 0.584784
vt 0.965029 0.563077
vt 0.951975 0.543540
vt 0.935361 0.526926
vt 0.915825 0.513872
vt 0.894117 0.504880
vt 0.871072 0.500297
vt 0.824531 0.504880
vt 0.802824 0.513872
vt 0.783287 0.526926
vt 0.766673 0.543540
vt 0.753619 0.563077
vt 0.744628 0.584784
vt 0.740044 0.607829
vt 0.250000 0.000297
vt 0.250000 0.499703
vt 0.374852 0.374852
vt 0.625148 0.000297
vt 0.625148 0.499703
vt 0.750000 0.374852
s 0
usemtl マテリアル
f 2/1/1 3/2/1 1/3/1
f 4/4/2 5/5/2 3/2/2
f 6/6/3 7/7/3 5/5/3
f 8/8/4 9/9/4 7/7/4
f 10/10/5 11/11/5 9/9/5
f 12/12/6 13/13/6 11/11/6
f 14/14/7 15/15/7 13/13/7
f 16/16/8 17/17/8 15/15/8
f 18/18/9 19/19/9 17/17/9
f 20/20/10 21/21/10 19/19/10
f 22/22/11 23/23/11 21/21/11
f 24/24/12 25/25/12 23/23/12
f 26/26/13 27/27/13 25/25/13
f 28/28/14 29/29/14 27/27/14
f 30/30/15 31/31/15 29/29/15
f 32/32/16 33/33/16 31/31/16
f 34/34/17 35/35/17 33/33/17
f 36/36/18 37/37/18 35/35/18
f 38/38/19 39/39/19 37/37/19
f 40/40/20 41/41/20 39/39/20
f 42/42/21 43/43/21 41/41/21
f 44/44/22 45/45/22 43/43/22
f 46/46/23 47/47/23 45/45/23
f 48/48/24 49/49/24 47/47/24
f 50/50/25 51/51/25 49/49/25
f 52/52/26 53/53/26 51/51/26
f 54/54/27 55/55/27 53/53/27
f 56/56/28 57/57/28 55/55/28
f 58/58/29 59/59/29 57/57/29
f 60/60/30 61/61/30 59/59/30
f 38/62/31 22/63/31 6/64/31
f 62/65/32 63/66/32 61/61/32
f 64/67/33 1/68/33 63/66/33
f 31/69/34 47/70/34 63/71/34
f 1211/72/31 1213/72/31 1212/72/31
f 1211/72/31 1214/72/31 1213/72/31
f 1210/72/31 1214/72/31 1211/72/31
f 1209/72/31 1214/72/31 1210/72/31
f 1208/72/31 1214/72/31 1209/72/31
f 1207/72/31 1214/72/31 1208/72/31
f 1206/72/31 1214/72/31 1207/72/31
f 1205/72/31 1214/72/31 1206/72/31
f 1204/72/31 1214/72/31 1205/72/31
f 1203/72/31 1214/72/31 1204/72/31
f 1202/72/31 1214/72/31 1203/72/31
f 1201/72/31 1214/72/31 1202/72/31
f 1200/72/31 1214/72/31 1201/72/31
f 1199/72/31 1214/72/31 1200/72/31
f 1198/72/31 1214/72/31 1199/72/31
f 1197/72/31 1214/72/31 1198/72/31
f 1197/72/31 1215/72/31 1214/72/31
f 1196/72/31 1215/72/31 1197/72/31
f 1195/72/31 1215/72/31 1196/72/31
f 1195/72/31 1216/72/31 1215/72/31
f 1194/72/31 1216/72/31 1195/72/31
f 1193/72/31 1216/72/31 1194/72/31
f 1193/72/31 1217/72/31 1216/72/31
f 1192/72/31 1217/72/31 1193/72/31
f 1192/72/31 1218/72/31 1217/72/31
f 1191/72/31 1218/72/31 1192/72/31
f 1191/72/31 1219/72/31 1218/72/31
f 1190/72/31 1219/72/31 1191/72/31
f 1190/72/31 1220/72/31 1219/72/31
f 1189/72/31 1220/72/31 1190/72/31
f 1189/72/31 1221/72/31 1220/72/31
f 1189/72/31 1222/72/31 1221/72/31
f 1188/72/31 1222/72/31 1189/72/31
f 1188/72/31 1223/72/31 1222/72/31
f 1188/72/31 1224/72/31 1223/72/31
f 1187/72/31 1224/72/31 1188/72/31
f 1187/72/31 1225/72/31 1224/72/31
f 1187/72/31 1226/72/31 1225/72/31
f 1187/72/31 1227/72/31 1226/72/31
f 1187/72/31 1228/72/31 1227/72/31
f 1187/72/31 1229/72/31 1228/72/31
f 1187/72/31 1230/72/31 1229/72/31
f 1187/72/31 1231/72/31 1230/72/31
f 1187/72/31 1232/72/31 1231/72/31
f 1187/72/31 1233/72/31 1232/72/31
f 1187/72/31 1234/72/31 1233/72/31
f 1187/72/31 1235/72/31 1234/72/31
f 1187/72/31 1236/72/31 1235/72/31
f 1187/72/31 1237/72/31 1236/72/31
f 1187/72/31 1238/72/31 1237/72/31
f 1187/72/31 1239/72/31 1238/72/31
f 1187/72/31 1240/72/31 1239/72/31
f 1187/72/31 1241/72/31 1240/72/31
f 1187/72/31 1242/72/31 1241/72/31
f 1187/72/31 1243/72/31 1242/72/31
f 1187/72/31 1244/72/31 1243/72/31
f 1187/72/31 1245/72/31 1244/72/31
f 1187/72/31 1246/72/31 1245/72/31
f 1187/72/31 1247/72/31 1246/72/31
f 1187/72/31 1248/72/31 1247/72/31
f 1187/72/31 1249/72/31 1248/72/31
f 1187/72/31 1250/72/31 1249/72/31
f 1187/72/31 1251/72/31 1250/72/31
f 1187/72/31 1252/72/31 1251/72/31
f 1187/72/31 1253/72/31 1252/72/31
f 1187/72/31 1254/72/31 1253/72/31
f 1187/72/31 1255/72/31 1254/72/31
f 1187/72/31 1256/72/31 1255/72/31
f 1187/72/31 1257/72/31 1256/72/31
f 1187/72/31 1258/72/31 1257/72/31
f 1187/72/31 1259/72/31 1258/72/31
f 1187/72/31 1260/72/31 1259/72/31
f 1187/72/31 1261/72/31 1260/72/31
f 1187/72/31 1262/72/31 1261/72/31
f 1187/72/31 1263/72/31 1262/72/31
f 1187/72/31 1264/72/31 1263/72/31
f 1187/72/31 1265/72/31 1264/72/31
f 1187/72/31 1266/72/31 1265/72/31
f 1186/72/31 1266/72/31 1187/72/31
f 1186/72/31 1267/72/31 1266/72/31
f 1186/72/31 1268/72/31 1267/72/31
f 1186/72/31 1269/72/31 1268/72/31
f 1186/72/31 1270/72/31 1269/72/31
f 1186/72/31 1271/72/31 1270/72/31
f 1186/72/31 1272/72/31 1271/72/31
f 1186/72/31 1273/72/31 1272/72/31
f 1186/72/31 1274/72/31 1273/72/31
f 1186/72/31 1275/72/31 1274/72/31
f 1185/72/31 1275/72/31 1186/72/31
f 1185/72/31 1276/72/31 1275/72/31
f 1185/72/31 1277/72/31 1276/72/31
f 1185/72/31 1278/72/31 1277/72/31
f 1185/72/31 1279/72/31 1278/72/31
f 1185/72/31 1280/72/31 1279/72/31
f 1184/72/31 1280/72/31 1185/72/31
f 1184/72/31 1281/72/31 1280/72/31
f 1184/72/31 1282/72/31 1281/72/31
f 1184/72/31 1283/72/31 1282/72/31
f 1184/72/31 1284/72/31 1283/72/31
f 1184/72/31 1285/72/31 1284/72/31
f 1184/72/31 1286/72/31 1285/72/31
f 1184/72/31 1287/72/31 1286/72/31
f 1184/72/31 1288/72/31 1287/72/31
f 1184/72/31 1289/72/31 1288/72/31
f 1184/72/31 1290/72/31 1289/72/31
f 1184/72/31 1291/72/31 1290/72/31
f 1184/72/31 1292/72/31 1291/72/31
f 1184/72/31 1293/72/31 1292/72/31
f 1184/72/31 1294/72/31 1293/72/31
f 1184/72/31 1295/72/31 1294/72/31
f 1184/72/31 1296/72/31 1295/72/31
f 1183/72/31 1296/72/31 1184/72/31
f 1183/72/31 1297/72/31 1296/72/31
f 1183/72/31 1298/72/31 1297/72/31
f 1182/72/31 1298/72/31 1183/72/31
f 1182/72/31 1299/72/31 1298/72/31
f 1181/72/31 1299/72/31 1182/72/31
f 1181/72/31 1300/72/31 1299/72/31
f 1180/72/31 1300/72/31 1181/72/31
f 1180/72/31 1301/72/31 1300/72/31
f 1179/72/31 1301/72/31 1180/72/31
f 1179/72/31 1302/72/31 1301/72/31
f 1178/72/31 1302/72/31 1179/72/31
f 1178/72/31 1303/72/31 1302/72/31
f 1177/72/31 1303/72/31 1178/72/31
f 1177/72/31 1304/72/31 1303/72/31
f 1176/72/31 1304/72/31 1177/72/31
f 1176/72/31 1305/72/31 1304/72/31
f 1175/72/31 1305/72/31 1176/72/31
f 1175/72/31 1306/72/31 1305/72/31
f 1174/72/31 1306/72/31 1175/72/31
f 1174/72/31 1307/72/31 1306/72/31
f 1174/72/31 1308/72/31 1307/72/31
f 1173/72/31 1308/72/31 1174/72/31
f 1173/72/31 1309/72/31 1308/72/31
f 1172/72/31 1309/72/31 1173/72/31
f 1172/72/31 1310/72/31 1309/72/31
f 1171/72/31 1310/72/31 1172/72/31
f 1171/72/31 1311/72/31 1310/72/31
f 1170/72/31 1311/72/31 1171/72/31
f 1170/72/31 1312/72/31 1311/72/31
f 1169/72/31 1312/72/31 1170/72/31
f 1169/72/31 1313/72/31 1312/72/31
f 1168/72/31 1313/72/31 1169/72/31
f 1168/72/31 1314/72/31 1313/72/31
f 1167/72/31 1314/72/31 1168/72/31
f 1166/72/31 1314/72/31 1167/72/31
f 1166/72/31 1315/72/31 1314/72/31
f 1165/72/31 1315/72/31 1166/72/31
f 1165/72/31 1316/72/31 1315/72/31
f 1164/72/31 1316/72/31 1165/72/31
f 1163/72/31 1316/72/31 1164/72/31
f 1163/72/31 1317/72/31 1316/72/31
f 1162/72/31 1317/72/31 1163/72/31
f 1161/72/31 1317/72/31 1162/72/31
f 1160/72/31 1317/72/31 1161/72/31
f 1159/72/31 1317/72/31 1160/72/31
f 1159/72/31 1318/72/31 1317/72/31
f 1158/72/31 1318/72/31 1159/72/31
f 1157/72/31 1318/72/31 1158/72/31
f 1156/72/31 1318/72/31 1157/72/31
f 1155/72/31 1318/72/31 1156/72/31
f 1155/72/31 1319/72/31 1318/72/31
f 1154/72/31 1319/72/31 1155/72/31
f 1153/72/31 1319/72/31 1154/72/31
f 1152/72/31 1319/72/31 1153/72/31
f 1151/72/31 1319/72/31 1152/72/31
f 1150/72/31 1319/72/31 1151/72/31
f 1150/72/31 1320/72/31 1319/72/31
f 1149/72/31 1320/72/31 1150/72/31
f 1148/72/31 1320/72/31 1149/72/31
f 1147/72/31 1320/72/31 1148/72/31
f 1146/72/31 1320/72/31 1147/72/31
f 1146/72/31 1321/72/31 1320/72/31
f 1145/72/31 1321/72/31 1146/72/31
f 1144/72/31 1321/72/31 1145/72/31
f 1143/72/31 1321/72/31 1144/72/31
f 1142/72/31 1321/72/31 1143/72/31
f 1141/72/31 1321/72/31 1142/72/31
f 1141/72/31 1322/72/31 1321/72/31
f 1141/72/31 1323/72/31 1322/72/31
f 1141/72/31 1324/72/31 1323/72/31
f 1141/72/31 1325/72/31 1324/72/31
f 1141/72/31 1326/72/31 1325/72/31
f 1141/72/31 1327/72/31 1326/72/31
f 1141/72/31 1328/72/31 1327/72/31
f 1140/72/31 1328/72/31 1141/72/31
f 1140/72/31 1329/72/31 1328/72/31
f 1140/72/31 1330/72/31 1329/72/31
f 1140/72/31 1331/72/31 1330/72/31
f 1140/72/31 1332/72/31 1331/72/31
f 1140/72/31 1333/72/31 1332/72/31
f 1140/72/31 1334/72/31 1333/72/31
f 1140/72/31 1335/72/31 1334/72/31
f 1140/72/31 1336/72/31 1335/72/31
f 1139/72/31 1336/72/31 1140/72/31
f 1139/72/31 1337/72/31 1336/72/31
f 1139/72/31 1338/72/31 1337/72/31
f 1139/72/31 1339/72/31 1338/72/31
f 1139/72/31 1340/72/31 1339/72/31
f 1139/72/31 1341/72/31 1340/72/31
f 1138/72/31 1341/72/31 1139/72/31
f 1138/72/31 1342/72/31 1341/72/31
f 1138/72/31 1343/72/31 1342/72/31
f 1138/72/31 1344/72/31 1343/72/31
f 1137/72/31 1344/72/31 1138/72/31
f 1137/72/31 1345/72/31 1344/72/31
f 1137/72/31 1346/72/31 1345/72/31
f 1137/72/31 1347/72/31 1346/72/31
f 1137/72/31 1348/72/31 1347/72/31
f 1137/72/31 1349/72/31 1348/72/31
f 1137/72/31 1350/72/31 1349/72/31
f 1137/72/31 1351/72/31 1350/72/31
f 1136/72/31 1351/72/31 1137/72/31
f 1136/72/31 1352/72/31 1351/72/31
f 1136/72/31 1353/72/31 1352/72/31
f 1136/72/31 1354/72/31 1353/72/31
f 1136/72/31 1355/72/31 1354/72/31
f 1136/72/31 1356/72/31 1355/72/31
f 1136/72/31 1357/72/31 1356/72/31
f 1136/72/31 1358/72/31 1357/72/31
f 1136/72/31 1359/72/31 1358/72/31
f 1135/72/31 1359/72/31 1136/72/31
f 1135/72/31 1360/72/31 1359/72/31
f 1135/72/31 1361/72/31 1360/72/31
f 1135/72/31 1362/72/31 1361/72/31
f 1135/72/31 1363/72/31 1362/72/31
f 1135/72/31 1364/72/31 1363/72/31
f 1134/72/31 1364/72/31 1135/72/31
f 1134/72/31 1365/72/31 1364/72/31
f 1134/72/31 1366/72/31 1365/72/31
f 1134/72/31 1367/72/31 1366/72/31
f 1134/72/31 1368/72/31 1367/72/31
f 1133/72/31 1368/72/31 1134/72/31
f 1133/72/31 1369/72/31 1368/72/31
f 1133/72/31 1370/72/31 1369/72/31
f 1132/72/31 1370/72/31 1133/72/31
f 1132/72/31 1371/72/31 1370/72/31
f 1132/72/31 1372/72/31 1371/72/31
f 1131/72/31 1372/72/31 1132/72/31
f 1131/72/31 1373/72/31 1372/72/31
f 1131/72/31 1374/72/31 1373/72/31
f 1130/72/31 1374/72/31 1131/72/31
f 1130/72/31 1375/72/31 1374/72/31
f 1129/72/31 1375/72/31 1130/72/31
f 1129/72/31 1376/72/31 1375/72/31
f 1129/72/31 1377/72/31 1376/72/31
f 1128/72/31 1377/72/31 1129/72/31
f 1128/72/31 1378/72/31 1377/72/31
f 1128/72/31 1379/72/31 1378/72/31
f 1127/72/31 1379/72/31 1128/72/31
f 1127/72/31 1380/72/31 1379/72/31
f 1127/72/31 1381/72/31 1380/72/31
f 1126/72/31 1381/72/31 1127/72/31
f 1126/72/31 1382/72/31 1381/72/31
f 1126/72/31 1383/72/31 1382/72/31
f 1125/72/31 1383/72/31 1126/72/31
f 1125/72/31 1384/72/31 1383/72/31
f 1125/72/31 1385/72/31 1384/72/31
f 1124/72/31 1385/72/31 1125/72/31
f 1124/72/31 1386/72/31 1385/72/31
f 1124/72/31 1387/72/31 1386/72/31
f 1123/72/31 1387/72/31 1124/72/31
f 1123/72/31 1388/72/31 1387/72/31
f 1123/72/31 1389/72/31 1388/72/31
f 1122/72/31 1389/72/31 1123/72/31
f 1122/72/31 1390/72/31 1389/72/31
f 1121/72/31 1390/72/31 1122/72/31
f 1121/72/31 1391/72/31 1390/72/31
f 1121/72/31 1392/72/31 1391/72/31
f 1120/72/31 1392/72/31 1121/72/31
f 1120/72/31 1393/72/31 1392/72/31
f 1119/72/31 1393/72/31 1120/72/31
f 1119/72/31 1394/72/31 1393/72/31
f 1119/72/31 1395/72/31 1394/72/31
f 1118/72/31 1395/72/31 1119/72/31
f 1118/72/31 1396/72/31 1395/72/31
f 1117/72/31 1396/72/31 1118/72/31
f 1117/72/31 1397/72/31 1396/72/31
f 1116/72/31 1397/72/31 1117/72/31
f 1116/72/31 1398/72/31 1397/72/31
f 1116/72/31 1399/72/31 1398/72/31
f 1115/72/31 1399/72/31 1116/72/31
f 1114/72/31 1399/72/31 1115/72/31
f 1113/72/31 1399/72/31 1114/72/31
f 1113/72/31 1400/72/31 1399/72/31
f 1112/72/31 1400/72/31 1113/72/31
f 1111/72/31 1400/72/31 1112/72/31
f 1111/72/31 1401/72/31 1400/72/31
f 1110/72/31 1401/72/31 1111/72/31
f 1109/72/31 1401/72/31 1110/72/31
f 1109/72/31 1402/72/31 1401/72/31
f 1108/72/31 1402/72/31 1109/72/31
f 1108/72/31 1403/72/31 1402/72/31
f 1107/72/31 1403/72/31 1108/72/31
f 1107/72/31 1404/72/31 1403/72/31
f 1106/72/31 1404/72/31 1107/72/31
f 1105/72/31 1404/72/31 1106/72/31
f 1105/72/31 1405/72/31 1404/72/31
f 1104/72/31 1405/72/31 1105/72/31
f 1104/72/31 1406/72/31 1405/72/31
f 1103/72/31 1406/72/31 1104/72/31
f 1103/72/31 1407/72/31 1406/72/31
f 1102/72/31 1407/72/31 1103/72/31
f 1102/72/31 1408/72/31 1407/72/31
f 1101/72/31 1408/72/31 1102/72/31
f 1101/72/31 1409/72/31 1408/72/31
f 1100/72/31 1409/72/31 1101/72/31
f 1099/72/31 1409/72/31 1100/72/31
f 1099/72/31 1410/72/31 1409/72/31
f 1098/72/31 1410/72/31 1099/72/31
f 1098/72/31 1411/72/31 1410/72/31
f 1097/72/31 1411/72/31 1098/72/31
f 1096/72/31 1411/72/31 1097/72/31
f 1096/72/31 1412/72/31 1411/72/31
f 1095/72/31 1412/72/31 1096/72/31
f 1094/72/31 1412/72/31 1095/72/31
f 1094/72/31 1413/72/31 1412/72/31
f 1093/72/31 1413/72/31 1094/72/31
f 1092/72/31 1413/72/31 1093/72/31
f 1091/72/31 1413/72/31 1092/72/31
f 1091/72/31 1414/72/31 1413/72/31
f 1090/72/31 1414/72/31 1091/72/31
f 1089/72/31 1414/72/31 1090/72/31
f 1088/72/31 1414/72/31 1089/72/31
f 1088/72/31 1415/72/31 1414/72/31
f 1087/72/31 1415/72/31 1088/72/31
f 1086/72/31 1415/72/31 1087/72/31
f 1085/72/31 1415/72/31 1086/72/31
f 1085/72/31 1416/72/31 1415/72/31
f 1084/72/31 1416/72/31 1085/72/31
f 1083/72/31 1416/72/31 1084/72/31
f 1082/72/31 1416/72/31 1083/72/31
f 1082/72/31 1417/72/31 1416/72/31
f 1081/72/31 1417/72/31 1082/72/31
f 1080/72/31 1417/72/31 1081/72/31
f 1079/72/31 1417/72/31 1080/72/31
f 1079/72/31 1418/72/31 1417/72/31
f 1079/72/31 1419/72/31 1418/72/31
f 1078/72/31 1419/72/31 1079/72/31
f 1078/72/31 1420/72/31 1419/72/31
f 1077/72/31 1420/72/31 1078/72/31
f 1077/72/31 1421/72/31 1420/72/31
f 1077/72/31 1422/72/31 1421/72/31
f 1076/72/31 1422/72/31 1077/72/31
f 1076/72/31 1423/72/31 1422/72/31
f 1075/72/31 1423/72/31 1076/72/31
f 1075/72/31 1424/72/31 1423/72/31
f 1074/72/31 1424/72/31 1075/72/31
f 1074/72/31 1425/72/31 1424/72/31
f 1074/72/31 1426/72/31 1425/72/31
f 1073/72/31 1426/72/31 1074/72/31
f 1073/72/31 1427/72/31 1426/72/31
f 1072/72/31 1427/72/31 1073/72/31
f 1072/72/31 1428/72/31 1427/72/31
f 1071/72/31 1428/72/31 1072/72/31
f 1071/72/31 1429/72/31 1428/72/31
f 1070/72/31 1429/72/31 1071/72/31
f 1070/72/31 1430/72/31 1429/72/31
f 1069/72/31 1430/72/31 1070/72/31
f 1069/72/31 1431/72/31 1430/72/31
f 1068/72/31 1431/72/31 1069/72/31
f 1067/72/31 1431/72/31 1068/72/31
f 1067/72/31 1432/72/31 1431/72/31
f 1066/72/31 1432/72/31 1067/72/31
f 1066/72/31 1433/72/31 1432/72/31
f 1065/72/31 1433/72/31 1066/72/31
f 1064/72/31 1433/72/31 1065/72/31
f 1064/72/31 1434/72/31 1433/72/31
f 1063/72/31 1434/72/31 1064/72/31
f 1063/72/31 1435/72/31 1434/72/31
f 1062/72/31 1435/72/31 1063/72/31
f 1061/72/31 1435/72/31 1062/72/31
f 1061/72/31 1436/72/31 1435/72/31
f 1060/72/31 1436/72/31 1061/72/31
f 1059/72/31 1436/72/31 1060/72/31
f 1059/72/31 1437/72/31 1436/72/31
f 1058/72/31 1437/72/31 1059/72/31
f 1057/72/31 1437/72/31 1058/72/31
f 1057/72/31 1438/72/31 1437/72/31
f 1056/72/31 1438/72/31 1057/72/31
f 1055/72/31 1438/72/31 1056/72/31
f 1055/72/31 1439/72/31 1438/72/31
f 1054/72/31 1439/72/31 1055/72/31
f 1053/72/31 1439/72/31 1054/72/31
f 1053/72/31 1440/72/31 1439/72/31
f 1052/72/31 1440/72/31 1053/72/31
f 1051/72/31 1440/72/31 1052/72/31
f 1051/72/31 1441/72/31 1440/72/31
f 1050/72/31 1441/72/31 1051/72/31
f 1049/72/31 1441/72/31 1050/72/31
f 1049/72/31 1442/72/31 1441/72/31
f 1048/72/31 1442/72/31 1049/72/31
f 1047/72/31 1442/72/31 1048/72/31
f 1046/72/31 1442/72/31 1047/72/31
f 1045/72/31 1442/72/31 1046/72/31
f 1044/72/31 1442/72/31 1045/72/31
f 1043/72/31 1442/72/31 1044/72/31
f 1042/72/31 1442/72/31 1043/72/31
f 1042/72/31 1443/72/31 1442/72/31
f 1042/72/31 1444/72/31 1443/72/31
f 1041/72/31 1444/72/31 1042/72/31
f 1041/72/31 1445/72/31 1444/72/31
f 1041/72/31 1446/72/31 1445/72/31
f 1040/72/31 1446/72/31 1041/72/31
f 1040/72/31 1447/72/31 1446/72/31
f 1040/72/31 1448/72/31 1447/72/31
f 1039/72/31 1448/72/31 1040/72/31
f 1039/72/31 1449/72/31 1448/72/31
f 1038/72/31 1449/72/31 1039/72/31
f 1038/72/31 1450/72/31 1449/72/31
f 1038/72/31 1451/72/31 1450/72/31
f 1037/72/31 1451/72/31 1038/72/31
f 1037/72/31 1452/72/31 1451/72/31
f 1037/72/31 1453/72/31 1452/72/31
f 1036/72/31 1453/72/31 1037/72/31
f 1036/72/31 1454/72/31 1453/72/31
f 1035/72/31 1454/72/31 1036/72/31
f 1035/72/31 1455/72/31 1454/72/31
f 1035/72/31 1456/72/31 1455/72/31
f 1034/72/31 1456/72/31 1035/72/31
f 1034/72/31 1457/72/31 1456/72/31
f 1034/72/31 1458/72/31 1457/72/31
f 1033/72/31 1458/72/31 1034/72/31
f 1033/72/31 1459/72/31 1458/72/31
f 1032/72/31 1459/72/31 1033/72/31
f 1032/72/31 1460/72/31 1459/72/31
f 1032/72/31 1461/72/31 1460/72/31
f 1031/72/31 1461/72/31 1032/72/31
f 1031/72/31 1462/72/31 1461/72/31
f 1031/72/31 1463/72/31 1462/72/31
f 1030/72/31 1463/72/31 1031/72/31
f 1030/72/31 1464/72/31 1463/72/31
f 1029/72/31 1464/72/31 1030/72/31
f 1029/72/31 1465/72/31 1464/72/31
f 1029/72/31 1466/72/31 1465/72/31
f 1028/72/31 1466/72/31 1029/72/31
f 1028/72/31 1467/72/31 1466/72/31
f 1028/72/31 1468/72/31 1467/72/31
f 1027/72/31 1468/72/31 1028/72/31
f 1027/72/31 1469/72/31 1468/72/31
f 1027/72/31 1470/72/31 1469/72/31
f 1026/72/31 1470/72/31 1027/72/31
f 1026/72/31 1471/72/31 1470/72/31
f 1026/72/31 1472/72/31 1471/72/31
f 1026/72/31 1473/72/31 1472/72/31
f 1025/72/31 1473/72/31 1026/72/31
f 1025/72/31 1474/72/31 1473/72/31
f 1024/72/31 1474/72/31 1025/72/31
f 1024/72/31 1475/72/31 1474/72/31
f 1024/72/31 1476/72/31 1475/72/31
f 1023/72/31 1476/72/31 1024/72/31
f 1023/72/31 1477/72/31 1476/72/31
f 1023/72/31 1478/72/31 1477/72/31
f 1022/72/31 1478/72/31 1023/72/31
f 1022/72/31 1479/72/31 1478/72/31
f 1022/72/31 1480/72/31 1479/72/31
f 1021/72/31 1480/72/31 1022/72/31
f 1021/72/31 1481/72/31 1480/72/31
f 1020/72/31 1481/72/31 1021/72/31
f 1020/72/31 1482/72/31 1481/72/31
f 1020/72/31 1483/72/31 1482/72/31
f 1019/72/31 1483/72/31 1020/72/31
f 1019/72/31 1484/72/31 1483/72/31
f 1018/72/31 1484/72/31 1019/72/31
f 1018/72/31 1485/72/31 1484/72/31
f 1018/72/31 1486/72/31 1485/72/31
f 1017/72/31 1486/72/31 1018/72/31
f 1017/72/31 1487/72/31 1486/72/31
f 1017/72/31 1488/72/31 1487/72/31
f 1016/72/31 1488/72/31 1017/72/31
f 1016/72/31 1489/72/31 1488/72/31
f 1016/72/31 1490/72/31 1489/72/31
f 1015/72/31 1490/72/31 1016/72/31
f 1015/72/31 1491/72/31 1490/72/31
f 1015/72/31 1492/72/31 1491/72/31
f 1014/72/31 1492/72/31 1015/72/31
f 1014/72/31 1493/72/31 1492/72/31
f 1014/72/31 1494/72/31 1493/72/31
f 1013/72/31 1494/72/31 1014/72/31
f 1013/72/31 1495/72/31 1494/72/31
f 1013/72/31 1496/72/31 1495/72/31
f 1012/72/31 1496/72/31 1013/72/31
f 1012/72/31 1497/72/31 1496/72/31
f 1012/72/31 1498/72/31 1497/72/31
f 1012/72/31 1499/72/31 1498/72/31
f 1011/72/31 1499/72/31 1012/72/31
f 1011/72/31 1500/72/31 1499/72/31
f 1011/72/31 1501/72/31 1500/72/31
f 1010/72/31 1501/72/31 1011/72/31
f 1010/72/31 1502/72/31 1501/72/31
f 1010/72/31 1503/72/31 1502/72/31
f 1009/72/31 1503/72/31 1010/72/31
f 1009/72/31 1504/72/31 1503/72/31
f 1009/72/31 1505/72/31 1504/72/31
f 1008/72/31 1505/72/31 1009/72/31
f 1008/72/31 1506/72/31 1505/72/31
f 1008/72/31 1507/72/31 1506/72/31
f 1008/72/31 1508/72/31 1507/72/31
f 1007/72/31 1508/72/31 1008/72/31
f 1007/72/31 1509/72/31 1508/72/31
f 1007/72/31 1510/72/31 1509/72/31
f 1006/72/31 1510/72/31 1007/72/31
f 1006/72/31 1511/72/31 1510/72/31
f 1006/72/31 1512/72/31 1511/72/31
f 1005/72/31 1512/72/31 1006/72/31
f 1005/72/31 1513/72/31 1512/72/31
f 1005/72/31 1514/72/31 1513/72/31
f 1004/72/31 1514/72/31 1005/72/31
f 1004/72/31 1515/72/31 1514/72/31
f 1004/72/31 1516/72/31 1515/72/31
f 1003/72/31 1516/72/31 1004/72/31
f 1003/72/31 1517/72/31 1516/72/31
f 1002/72/31 1517/72/31 1003/72/31
f 1002/72/31 1518/72/31 1517/72/31
f 1001/72/31 1518/72/31 1002/72/31
f 1001/72/31 1519/72/31 1518/72/31
f 1000/72/31 1519/72/31 1001/72/31
f 1000/72/31 1520/72/31 1519/72/31
f 1000/72/31 1838/72/31 1520/72/31
f 1838/72/31 1521/72/31 1520/72/31
f 999/72/31 1838/72/31 1000/72/31
f 999/72/31 1839/72/31 1838/72/31
f 1837/72/31 1521/72/31 1838/72/31
f 999/72/31 1840/72/31 1839/72/31
f 999/72/31 1841/72/31 1840/72/31
f 1836/72/31 1521/72/31 1837/72/31
f 999/72/31 1842/72/31 1841/72/31
f 999/72/31 1843/72/31 1842/72/31
f 1835/72/31 1521/72/31 1836/72/31
f 999/72/31 1844/72/31 1843/72/31
f 1834/72/31 1521/72/31 1835/72/31
f 999/72/31 1845/72/31 1844/72/31
f 1834/72/31 1522/72/31 1521/72/31
f 1833/72/31 1522/72/31 1834/72/31
f 999/72/31 1846/72/31 1845/72/31
f 1832/72/31 1522/72/31 1833/72/31
f 999/72/31 1847/72/31 1846/72/31
f 998/72/31 1847/72/31 999/72/31
f 1831/72/31 1522/72/31 1832/72/31
f 998/72/31 1848/72/31 1847/72/31
f 1830/72/31 1522/72/31 1831/72/31
f 998/72/31 1849/72/31 1848/72/31
f 1830/72/31 1523/72/31 1522/72/31
f 1829/72/31 1523/72/31 1830/72/31
f 998/72/31 1850/72/31 1849/72/31
f 1828/72/31 1523/72/31 1829/72/31
f 998/72/31 1851/72/31 1850/72/31
f 997/72/31 1851/72/31 998/72/31
f 1827/72/31 1523/72/31 1828/72/31
f 997/72/31 1852/72/31 1851/72/31
f 1827/72/31 1524/72/31 1523/72/31
f 1826/72/31 1524/72/31 1827/72/31
f 997/72/31 1853/72/31 1852/72/31
f 997/72/31 1854/72/31 1853/72/31
f 1825/72/31 1524/72/31 1826/72/31
f 997/72/31 1855/72/31 1854/72/31
f 1825/72/31 1525/72/31 1524/72/31
f 1824/72/31 1525/72/31 1825/72/31
f 996/72/31 1855/72/31 997/72/31
f 996/72/31 1856/72/31 1855/72/31
f 1823/72/31 1525/72/31 1824/72/31
f 996/72/31 1857/72/31 1856/72/31
f 996/72/31 1858/72/31 1857/72/31
f 1823/72/31 1526/72/31 1525/72/31
f 1822/72/31 1526/72/31 1823/72/31
f 996/72/31 1859/72/31 1858/72/31
f 1821/72/31 1526/72/31 1822/72/31
f 996/72/31 1860/72/31 1859/72/31
f 995/72/31 1860/72/31 996/72/31
f 995/72/31 1861/72/31 1860/72/31
f 1821/72/31 1527/72/31 1526/72/31
f 1820/72/31 1527/72/31 1821/72/31
f 995/72/31 1862/72/31 1861/72/31
f 995/72/31 1863/72/31 1862/72/31
f 1819/72/31 1527/72/31 1820/72/31
f 995/72/31 1864/72/31 1863/72/31
f 995/72/31 1865/72/31 1864/72/31
f 995/72/31 1866/72/31 1865/72/31
f 995/72/31 1867/72/31 1866/72/31
f 1818/72/31 1527/72/31 1819/72/31
f 1818/72/31 1528/72/31 1527/72/31
f 995/72/31 1868/72/31 1867/72/31
f 995/72/31 1869/72/31 1868/72/31
f 995/72/31 1870/72/31 1869/72/31
f 1817/72/31 1528/72/31 1818/72/31
f 994/72/31 1870/72/31 995/72/31
f 994/72/31 1871/72/31 1870/72/31
f 994/72/31 1872/72/31 1871/72/31
f 994/72/31 1873/72/31 1872/72/31
f 1817/72/31 1529/72/31 1528/72/31
f 1816/72/31 1529/72/31 1817/72/31
f 994/72/31 1874/72/31 1873/72/31
f 994/72/31 1875/72/31 1874/72/31
f 1815/72/31 1529/72/31 1816/72/31
f 994/72/31 1876/72/31 1875/72/31
f 994/72/31 1877/72/31 1876/72/31
f 994/72/31 1878/72/31 1877/72/31
f 1815/72/31 1530/72/31 1529/72/31
f 1814/72/31 1530/72/31 1815/72/31
f 994/72/31 1879/72/31 1878/72/31
f 994/72/31 1880/72/31 1879/72/31
f 994/72/31 1881/72/31 1880/72/31
f 1813/72/31 1530/72/31 1814/72/31
f 993/72/31 1881/72/31 994/72/31
f 993/72/31 1882/72/31 1881/72/31
f 993/72/31 1883/72/31 1882/72/31
f 993/72/31 1884/72/31 1883/72/31
f 1813/72/31 1531/72/31 1530/72/31
f 993/72/31 1885/72/31 1884/72/31
f 993/72/31 1886/72/31 1885/72/31
f 1812/72/31 1531/72/31 1813/72/31
f 993/72/31 1887/72/31 1886/72/31
f 1812/72/31 1532/72/31 1531/72/31
f 1811/72/31 1532/72/31 1812/72/31
f 993/72/31 1888/72/31 1887/72/31
f 992/72/31 1888/72/31 993/72/31
f 1810/72/31 1532/72/31 1811/72/31
f 1810/72/31 1533/72/31 1532/72/31
f 1809/72/31 1533/72/31 1810/72/31
f 992/72/31 1889/72/31 1888/72/31
f 1808/72/31 1533/72/31 1809/72/31
f 1808/72/31 1534/72/31 1533/72/31
f 1807/72/31 1534/72/31 1808/72/31
f 991/72/31 1889/72/31 992/72/31
f 991/72/31 1890/72/31 1889/72/31
f 1806/72/31 1534/72/31 1807/72/31
f 1806/72/31 1535/72/31 1534/72/31
f 1805/72/31 1535/72/31 1806/72/31
f 1804/72/31 1535/72/31 1805/72/31
f 1803/72/31 1535/72/31 1804/72/31
f 991/72/31 1891/72/31 1890/72/31
f 1802/72/31 1535/72/31 1803/72/31
f 1801/72/31 1535/72/31 1802/72/31
f 1801/72/31 1536/72/31 1535/72/31
f 990/72/31 1891/72/31 991/72/31
f 1800/72/31 1536/72/31 1801/72/31
f 1800/72/31 1537/72/31 1536/72/31
f 990/72/31 1892/72/31 1891/72/31
f 1799/72/31 1537/72/31 1800/72/31
f 1798/72/31 1537/72/31 1799/72/31
f 1798/72/31 1538/72/31 1537/72/31
f 990/72/31 1893/72/31 1892/72/31
f 1797/72/31 1538/72/31 1798/72/31
f 989/72/31 1893/72/31 990/72/31
f 1796/72/31 1538/72/31 1797/72/31
f 1795/72/31 1790/72/31 1796/72/31
f 1790/72/31 1538/72/31 1796/72/31
f 1795/72/31 1791/72/31 1790/72/31
f 1789/72/31 1538/72/31 1790/72/31
f 1789/72/31 1539/72/31 1538/72/31
f 1794/72/31 1791/72/31 1795/72/31
f 1794/72/31 1792/72/31 1791/72/31
f 1793/72/31 1792/72/31 1794/72/31
f 989/72/31 1894/72/31 1893/72/31
f 1789/72/31 1540/72/31 1539/72/31
f 1788/72/31 1540/72/31 1789/72/31
f 1788/72/31 1541/72/31 1540/72/31
f 988/72/31 1894/72/31 989/72/31
f 1787/72/31 1541/72/31 1788/72/31
f 988/72/31 1895/72/31 1894/72/31
f 1787/72/31 1542/72/31 1541/72/31
f 1786/72/31 1542/72/31 1787/72/31
f 1786/72/31 1543/72/31 1542/72/31
f 1785/72/31 1543/72/31 1786/72/31
f 1785/72/31 1544/72/31 1543/72/31
f 988/72/31 1896/72/31 1895/72/31
f 987/72/31 1896/72/31 988/72/31
f 1784/72/31 1544/72/31 1785/72/31
f 1784/72/31 1545/72/31 1544/72/31
f 1783/72/31 1545/72/31 1784/72/31
f 1783/72/31 1546/72/31 1545/72/31
f 987/72/31 1897/72/31 1896/72/31
f 1782/72/31 1546/72/31 1783/72/31
f 1782/72/31 1547/72/31 1546/72/31
f 986/72/31 1897/72/31 987/72/31
f 1782/72/31 1548/72/31 1547/72/31
f 1781/72/31 1548/72/31 1782/72/31
f 986/72/31 1898/72/31 1897/72/31
f 1781/72/31 1549/72/31 1548/72/31
f 1780/72/31 1549/72/31 1781/72/31
f 1780/72/31 1550/72/31 1549/72/31
f 1779/72/31 1550/72/31 1780/72/31
f 985/72/31 1898/72/31 986/72/31
f 985/72/31 1899/72/31 1898/72/31
f 1779/72/31 1551/72/31 1550/72/31
f 1778/72/31 1551/72/31 1779/72/31
f 1778/72/31 1552/72/31 1551/72/31
f 1777/72/31 1552/72/31 1778/72/31
f 1777/72/31 1553/72/31 1552/72/31
f 1776/72/31 1553/72/31 1777/72/31
f 984/72/31 1899/72/31 985/72/31
f 1776/72/31 1554/72/31 1553/72/31
f 1775/72/31 1554/72/31 1776/72/31
f 1775/72/31 1555/72/31 1554/72/31
f 1774/72/31 1555/72/31 1775/72/31
f 1774/72/31 1556/72/31 1555/72/31
f 1773/72/31 1556/72/31 1774/72/31
f 983/72/31 1899/72/31 984/72/31
f 1773/72/31 1557/72/31 1556/72/31
f 1772/72/31 1557/72/31 1773/72/31
f 1772/72/31 1558/72/31 1557/72/31
f 1771/72/31 1558/72/31 1772/72/31
f 1771/72/31 1559/72/31 1558/72/31
f 1770/72/31 1559/72/31 1771/72/31
f 982/72/31 1899/72/31 983/72/31
f 1770/72/31 1560/72/31 1559/72/31
f 1769/72/31 1560/72/31 1770/72/31
f 1769/72/31 1561/72/31 1560/72/31
f 1768/72/31 1561/72/31 1769/72/31
f 1768/72/31 1562/72/31 1561/72/31
f 981/72/31 1899/72/31 982/72/31
f 1767/72/31 1562/72/31 1768/72/31
f 1767/72/31 1563/72/31 1562/72/31
f 1766/72/31 1563/72/31 1767/72/31
f 1766/72/31 1564/72/31 1563/72/31
f 1765/72/31 1564/72/31 1766/72/31
f 980/72/31 1899/72/31 981/72/31
f 1764/72/31 1564/72/31 1765/72/31
f 1763/72/31 1564/72/31 1764/72/31
f 1763/72/31 1565/72/31 1564/72/31
f 980/72/31 1900/72/31 1899/72/31
f 1762/72/31 1565/72/31 1763/72/31
f 1761/72/31 1565/72/31 1762/72/31
f 979/72/31 1900/72/31 980/72/31
f 979/72/31 1901/72/31 1900/72/31
f 1760/72/31 1565/72/31 1761/72/31
f 1760/72/31 1566/72/31 1565/72/31
f 1759/72/31 1566/72/31 1760/72/31
f 1758/72/31 1566/72/31 1759/72/31
f 979/72/31 1902/72/31 1901/72/31
f 1757/72/31 1566/72/31 1758/72/31
f 1757/72/31 1567/72/31 1566/72/31
f 1756/72/31 1567/72/31 1757/72/31
f 978/72/31 1902/72/31 979/72/31
f 1755/72/31 1567/72/31 1756/72/31
f 978/72/31 1903/72/31 1902/72/31
f 1754/72/31 1567/72/31 1755/72/31
f 1753/72/31 1567/72/31 1754/72/31
f 1752/72/31 1567/72/31 1753/72/31
f 1752/72/31 1568/72/31 1567/72/31
f 1751/72/31 1568/72/31 1752/72/31
f 978/72/31 1904/72/31 1903/72/31
f 1750/72/31 1568/72/31 1751/72/31
f 977/72/31 1904/72/31 978/72/31
f 1749/72/31 1568/72/31 1750/72/31
f 977/72/31 1905/72/31 1904/72/31
f 1749/72/31 1569/72/31 1568/72/31
f 1748/72/31 1569/72/31 1749/72/31
f 977/72/31 1906/72/31 1905/72/31
f 1747/72/31 1569/72/31 1748/72/31
f 1747/72/31 1570/72/31 1569/72/31
f 977/72/31 1907/72/31 1906/72/31
f 976/72/31 1907/72/31 977/72/31
f 1746/72/31 1570/72/31 1747/72/31
f 976/72/31 1908/72/31 1907/72/31
f 1746/72/31 1571/72/31 1570/72/31
f 1745/72/31 1571/72/31 1746/72/31
f 976/72/31 1909/72/31 1908/72/31
f 1745/72/31 1572/72/31 1571/72/31
f 975/72/31 1909/72/31 976/72/31
f 1744/72/31 1572/72/31 1745/72/31
f 975/72/31 1910/72/31 1909/72/31
f 1744/72/31 1573/72/31 1572/72/31
f 975/72/31 1911/72/31 1910/72/31
f 1743/72/31 1573/72/31 1744/72/31
f 975/72/31 1912/72/31 1911/72/31
f 974/72/31 1912/72/31 975/72/31
f 1743/72/31 1574/72/31 1573/72/31
f 1742/72/31 1574/72/31 1743/72/31
f 974/72/31 1913/72/31 1912/72/31
f 1742/72/31 1575/72/31 1574/72/31
f 974/72/31 1914/72/31 1913/72/31
f 1741/72/31 1575/72/31 1742/72/31
f 973/72/31 1914/72/31 974/72/31
f 973/72/31 1915/72/31 1914/72/31
f 1741/72/31 1576/72/31 1575/72/31
f 973/72/31 1916/72/31 1915/72/31
f 1740/72/31 1576/72/31 1741/72/31
f 1740/72/31 1577/72/31 1576/72/31
f 973/72/31 1917/72/31 1916/72/31
f 972/72/31 1917/72/31 973/72/31
f 972/72/31 1918/72/31 1917/72/31
f 1740/72/31 1578/72/31 1577/72/31
f 1739/72/31 1578/72/31 1740/72/31
f 972/72/31 1919/72/31 1918/72/31
f 1739/72/31 1579/72/31 1578/72/31
f 972/72/31 1920/72/31 1919/72/31
f 1738/72/31 1579/72/31 1739/72/31
f 971/72/31 1920/72/31 972/72/31
f 1738/72/31 1580/72/31 1579/72/31
f 971/72/31 1921/72/31 1920/72/31
f 970/72/31 1921/72/31 971/72/31
f 1737/72/31 1580/72/31 1738/72/31
f 970/72/31 1922/72/31 1921/72/31
f 1737/72/31 1581/72/31 1580/72/31
f 970/72/31 1923/72/31 1922/72/31
f 969/72/31 1923/72/31 970/72/31
f 1736/72/31 1581/72/31 1737/72/31
f 1736/72/31 1582/72/31 1581/72/31
f 969/72/31 1924/72/31 1923/72/31
f 968/72/31 1924/72/31 969/72/31
f 1735/72/31 1582/72/31 1736/72/31
f 1735/72/31 1583/72/31 1582/72/31
f 967/72/31 1924/72/31 968/72/31
f 967/72/31 1925/72/31 1924/72/31
f 1735/72/31 1584/72/31 1583/72/31
f 1734/72/31 1584/72/31 1735/72/31
f 966/72/31 1925/72/31 967/72/31
f 965/72/31 1925/72/31 966/72/31
f 1734/72/31 1585/72/31 1584/72/31
f 1733/72/31 1585/72/31 1734/72/31
f 965/72/31 1926/72/31 1925/72/31
f 964/72/31 1926/72/31 965/72/31
f 1733/72/31 1586/72/31 1585/72/31
f 1732/72/31 1586/72/31 1733/72/31
f 963/72/31 1926/72/31 964/72/31
f 1732/72/31 1587/72/31 1586/72/31
f 1731/72/31 1587/72/31 1732/72/31
f 962/72/31 1926/72/31 963/72/31
f 962/72/31 1927/72/31 1926/72/31
f 961/72/31 1927/72/31 962/72/31
f 1730/72/31 1587/72/31 1731/72/31
f 960/72/31 1927/72/31 961/72/31
f 960/72/31 1928/72/31 1927/72/31
f 1729/72/31 1587/72/31 1730/72/31
f 1729/72/31 1588/72/31 1587/72/31
f 959/72/31 1928/72/31 960/72/31
f 1728/72/31 1588/72/31 1729/72/31
f 958/72/31 1928/72/31 959/72/31
f 958/72/31 1929/72/31 1928/72/31
f 1727/72/31 1588/72/31 1728/72/31
f 957/72/31 1929/72/31 958/72/31
f 1726/72/31 1588/72/31 1727/72/31
f 1726/72/31 1589/72/31 1588/72/31
f 956/72/31 1929/72/31 957/72/31
f 956/72/31 1930/72/31 1929/72/31
f 1725/72/31 1589/72/31 1726/72/31
f 955/72/31 1930/72/31 956/72/31
f 1724/72/31 1589/72/31 1725/72/31
f 954/72/31 1930/72/31 955/72/31
f 954/72/31 1931/72/31 1930/72/31
f 1723/72/31 1589/72/31 1724/72/31
f 1723/72/31 1590/72/31 1589/72/31
f 953/72/31 1931/72/31 954/72/31
f 1722/72/31 1590/72/31 1723/72/31
f 952/72/31 1931/72/31 953/72/31
f 952/72/31 1932/72/31 1931/72/31
f 1721/72/31 1590/72/31 1722/72/31
f 951/72/31 1932/72/31 952/72/31
f 1720/72/31 1590/72/31 1721/72/31
f 950/72/31 1932/72/31 951/72/31
f 1720/72/31 1591/72/31 1590/72/31
f 1719/72/31 1591/72/31 1720/72/31
f 950/72/31 1933/72/31 1932/72/31
f 949/72/31 1933/72/31 950/72/31
f 1718/72/31 1591/72/31 1719/72/31
f 948/72/31 1933/72/31 949/72/31
f 1717/72/31 1591/72/31 1718/72/31
f 948/72/31 1934/72/31 1933/72/31
f 947/72/31 1934/72/31 948/72/31
f 1717/72/31 1592/72/31 1591/72/31
f 1716/72/31 1592/72/31 1717/72/31
f 946/72/31 1934/72/31 947/72/31
f 1715/72/31 1592/72/31 1716/72/31
f 946/72/31 1935/72/31 1934/72/31
f 945/72/31 1935/72/31 946/72/31
f 944/72/31 1935/72/31 945/72/31
f 1714/72/31 1592/72/31 1715/72/31
f 943/72/31 1935/72/31 944/72/31
f 1713/72/31 1592/72/31 1714/72/31
f 943/72/31 1936/72/31 1935/72/31
f 1713/72/31 1593/72/31 1592/72/31
f 942/72/31 1936/72/31 943/72/31
f 1712/72/31 1593/72/31 1713/72/31
f 941/72/31 1936/72/31 942/72/31
f 941/72/31 1937/72/31 1936/72/31
f 940/72/31 1937/72/31 941/72/31
f 1711/72/31 1593/72/31 1712/72/31
f 940/72/31 1938/72/31 1937/72/31
f 939/72/31 1938/72/31 940/72/31
f 1710/72/31 1593/72/31 1711/72/31
f 939/72/31 1939/72/31 1938/72/31
f 938/72/31 1939/72/31 939/72/31
f 1710/72/31 1594/72/31 1593/72/31
f 937/72/31 1939/72/31 938/72/31
f 1709/72/31 1594/72/31 1710/72/31
f 937/72/31 1940/72/31 1939/72/31
f 936/72/31 1940/72/31 937/72/31
f 936/72/31 1941/72/31 1940/72/31
f 1708/72/31 1594/72/31 1709/72/31
f 935/72/31 1941/72/31 936/72/31
f 935/72/31 1942/72/31 1941/72/31
f 934/72/31 1942/72/31 935/72/31
f 1707/72/31 1594/72/31 1708/72/31
f 1707/72/31 1595/72/31 1594/72/31
f 933/72/31 1942/72/31 934/72/31
f 933/72/31 1943/72/31 1942/72/31
f 1706/72/31 1595/72/31 1707/72/31
f 932/72/31 1943/72/31 933/72/31
f 932/72/31 1944/72/31 1943/72/31
f 1705/72/31 1595/72/31 1706/72/31
f 931/72/31 1944/72/31 932/72/31
f 931/72/31 1945/72/31 1944/72/31
f 1705/72/31 1596/72/31 1595/72/31
f 930/72/31 1945/72/31 931/72/31
f 1704/72/31 1596/72/31 1705/72/31
f 930/72/31 1946/72/31 1945/72/31
f 929/72/31 1946/72/31 930/72/31
f 1703/72/31 1596/72/31 1704/72/31
f 929/72/31 1947/72/31 1946/72/31
f 928/72/31 1947/72/31 929/72/31
f 1702/72/31 1596/72/31 1703/72/31
f 928/72/31 1948/72/31 1947/72/31
f 927/72/31 1948/72/31 928/72/31
f 1701/72/31 1596/72/31 1702/72/31
f 1701/72/31 1597/72/31 1596/72/31
f 927/72/31 1949/72/31 1948/72/31
f 926/72/31 1949/72/31 927/72/31
f 1700/72/31 1597/72/31 1701/72/31
f 926/72/31 1950/72/31 1949/72/31
f 1699/72/31 1597/72/31 1700/72/31
f 925/72/31 1950/72/31 926/72/31
f 925/72/31 1951/72/31 1950/72/31
f 1698/72/31 1597/72/31 1699/72/31
f 924/72/31 1951/72/31 925/72/31
f 1697/72/31 1597/72/31 1698/72/31
f 1697/72/31 1598/72/31 1597/72/31
f 924/72/31 1952/72/31 1951/72/31
f 1696/72/31 1598/72/31 1697/72/31
f 923/72/31 1952/72/31 924/72/31
f 1695/72/31 1598/72/31 1696/72/31
f 922/72/31 1952/72/31 923/72/31
f 922/72/31 1953/72/31 1952/72/31
f 921/72/31 1953/72/31 922/72/31
f 1694/72/31 1598/72/31 1695/72/31
f 2066/72/31 1598/72/31 1694/72/31
f 920/72/31 1953/72/31 921/72/31
f 920/72/31 1954/72/31 1953/72/31
f 2065/72/31 1598/72/31 2066/72/31
f 919/72/31 1954/72/31 920/72/31
f 2064/72/31 1598/72/31 2065/72/31
f 918/72/31 1954/72/31 919/72/31
f 2063/72/31 1598/72/31 2064/72/31
f 918/72/31 1955/72/31 1954/72/31
f 917/72/31 1955/72/31 918/72/31
f 2063/72/31 1599/72/31 1598/72/31
f 2062/72/31 1599/72/31 2063/72/31
f 916/72/31 1955/72/31 917/72/31
f 2061/72/31 1599/72/31 2062/72/31
f 916/72/31 1956/72/31 1955/72/31
f 915/72/31 1956/72/31 916/72/31
f 2060/72/31 1599/72/31 2061/72/31
f 914/72/31 1956/72/31 915/72/31
f 914/72/31 1957/72/31 1956/72/31
f 2059/72/31 1599/72/31 2060/72/31
f 913/72/31 1957/72/31 914/72/31
f 912/72/31 1957/72/31 913/72/31
f 2058/72/31 1599/72/31 2059/72/31
f 912/72/31 1958/72/31 1957/72/31
f 911/72/31 1958/72/31 912/72/31
f 2057/72/31 1599/72/31 2058/72/31
f 2057/72/31 1600/72/31 1599/72/31
f 910/72/31 1958/72/31 911/72/31
f 910/72/31 1959/72/31 1958/72/31
f 2056/72/31 1600/72/31 2057/72/31
f 909/72/31 1959/72/31 910/72/31
f 909/72/31 1960/72/31 1959/72/31
f 2055/72/31 1600/72/31 2056/72/31
f 908/72/31 1960/72/31 909/72/31
f 908/72/31 1961/72/31 1960/72/31
f 908/72/31 1962/72/31 1961/72/31
f 908/72/31 1963/72/31 1962/72/31
f 907/72/31 1963/72/31 908/72/31
f 2054/72/31 1600/72/31 2055/72/31
f 907/72/31 1964/72/31 1963/72/31
f 906/72/31 1964/72/31 907/72/31
f 906/72/31 1965/72/31 1964/72/31
f 2053/72/31 1600/72/31 2054/72/31
f 905/72/31 1965/72/31 906/72/31
f 905/72/31 1966/72/31 1965/72/31
f 2053/72/31 1601/72/31 1600/72/31
f 905/72/31 1967/72/31 1966/72/31
f 2052/72/31 1601/72/31 2053/72/31
f 904/72/31 1967/72/31 905/72/31
f 904/72/31 1968/72/31 1967/72/31
f 903/72/31 1968/72/31 904/72/31
f 2051/72/31 1601/72/31 2052/72/31
f 903/72/31 1969/72/31 1968/72/31
f 902/72/31 1969/72/31 903/72/31
f 2050/72/31 1601/72/31 2051/72/31
f 902/72/31 1970/72/31 1969/72/31
f 901/72/31 1970/72/31 902/72/31
f 2049/72/31 1601/72/31 2050/72/31
f 2049/72/31 1602/72/31 1601/72/31
f 901/72/31 1971/72/31 1970/72/31
f 900/72/31 1971/72/31 901/72/31
f 2048/72/31 1602/72/31 2049/72/31
f 899/72/31 1971/72/31 900/72/31
f 899/72/31 1972/72/31 1971/72/31
f 2047/72/31 1602/72/31 2048/72/31
f 899/72/31 1973/72/31 1972/72/31
f 2046/72/31 1602/72/31 2047/72/31
f 899/72/31 1974/72/31 1973/72/31
f 2045/72/31 1602/72/31 2046/72/31
f 2045/72/31 1603/72/31 1602/72/31
f 898/72/31 1974/72/31 899/72/31
f 898/72/31 1975/72/31 1974/72/31
f 2044/72/31 1603/72/31 2045/72/31
f 898/72/31 1976/72/31 1975/72/31
f 2043/72/31 1603/72/31 2044/72/31
f 898/72/31 1977/72/31 1976/72/31
f 2042/72/31 1603/72/31 2043/72/31
f 898/72/31 1978/72/31 1977/72/31
f 898/72/31 1979/72/31 1978/72/31
f 2041/72/31 1603/72/31 2042/72/31
f 2006/72/31 2008/72/31 2007/72/31
f 2005/72/31 2008/72/31 2006/72/31
f 2004/72/31 2008/72/31 2005/72/31
f 2003/72/31 2008/72/31 2004/72/31
f 2002/72/31 2008/72/31 2003/72/31
f 2001/72/31 2008/72/31 2002/72/31
f 2000/72/31 2008/72/31 2001/72/31
f 1999/72/31 2008/72/31 2000/72/31
f 1999/72/31 2009/72/31 2008/72/31
f 898/72/31 1980/72/31 1979/72/31
f 1998/72/31 2009/72/31 1999/72/31
f 897/72/31 1980/72/31 898/72/31
f 1997/72/31 2009/72/31 1998/72/31
f 1996/72/31 2009/72/31 1997/72/31
f 1996/72/31 2010/72/31 2009/72/31
f 1995/72/31 2010/72/31 1996/72/31
f 1994/72/31 2010/72/31 1995/72/31
f 1994/72/31 2011/72/31 2010/72/31
f 897/72/31 1981/72/31 1980/72/31
f 1993/72/31 2011/72/31 1994/72/31
f 2040/72/31 1603/72/31 2041/72/31
f 1992/72/31 2011/72/31 1993/72/31
f 1991/72/31 2011/72/31 1992/72/31
f 1990/72/31 2011/72/31 1991/72/31
f 1990/72/31 2012/72/31 2011/72/31
f 897/72/31 1982/72/31 1981/72/31
f 1989/72/31 2012/72/31 1990/72/31
f 1988/72/31 2012/72/31 1989/72/31
f 1987/72/31 2012/72/31 1988/72/31
f 1986/72/31 2012/72/31 1987/72/31
f 897/72/31 1983/72/31 1982/72/31
f 1985/72/31 2012/72/31 1986/72/31
f 1984/72/31 2012/72/31 1985/72/31
f 1983/72/31 2012/72/31 1984/72/31
f 897/72/31 2012/72/31 1983/72/31
f 2040/72/31 1604/72/31 1603/72/31
f 897/72/31 2013/72/31 2012/72/31
f 897/72/31 2014/72/31 2013/72/31
f 2039/72/31 1604/72/31 2040/72/31
f 897/72/31 2015/72/31 2014/72/31
f 897/72/31 2016/72/31 2015/72/31
f 2038/72/31 1604/72/31 2039/72/31
f 897/72/31 2017/72/31 2016/72/31
f 897/72/31 2018/72/31 2017/72/31
f 2037/72/31 1604/72/31 2038/72/31
f 897/72/31 2019/72/31 2018/72/31
f 897/72/31 2020/72/31 2019/72/31
f 2036/72/31 1604/72/31 2037/72/31
f 897/72/31 2021/72/31 2020/72/31
f 896/72/31 2021/72/31 897/72/31
f 896/72/31 2022/72/31 2021/72/31
f 2035/72/31 1604/72/31 2036/72/31
f 896/72/31 2023/72/31 2022/72/31
f 896/72/31 2024/72/31 2023/72/31
f 2034/72/31 1604/72/31 2035/72/31
f 896/72/31 2025/72/31 2024/72/31
f 896/72/31 2026/72/31 2025/72/31
f 2033/72/31 1604/72/31 2034/72/31
f 896/72/31 2027/72/31 2026/72/31
f 2033/72/31 1605/72/31 1604/72/31
f 896/72/31 2028/72/31 2027/72/31
f 2032/72/31 1605/72/31 2033/72/31
f 896/72/31 2029/72/31 2028/72/31
f 896/72/31 2030/72/31 2029/72/31
f 2031/72/31 1605/72/31 2032/72/31
f 896/72/31 2031/72/31 2030/72/31
f 896/72/31 1605/72/31 2031/72/31
f 895/72/31 1605/72/31 896/72/31
f 895/72/31 1606/72/31 1605/72/31
f 894/72/31 1606/72/31 895/72/31
f 894/72/31 1607/72/31 1606/72/31
f 893/72/31 1607/72/31 894/72/31
f 893/72/31 1608/72/31 1607/72/31
f 892/72/31 1608/72/31 893/72/31
f 892/72/31 1609/72/31 1608/72/31
f 891/72/31 1609/72/31 892/72/31
f 891/72/31 1610/72/31 1609/72/31
f 890/72/31 1610/72/31 891/72/31
f 890/72/31 1611/72/31 1610/72/31
f 889/72/31 1611/72/31 890/72/31
f 889/72/31 1612/72/31 1611/72/31
f 888/72/31 1612/72/31 889/72/31
f 888/72/31 1613/72/31 1612/72/31
f 887/72/31 1613/72/31 888/72/31
f 887/72/31 1614/72/31 1613/72/31
f 886/72/31 1614/72/31 887/72/31
f 885/72/31 1614/72/31 886/72/31
f 884/72/31 1614/72/31 885/72/31
f 883/72/31 1614/72/31 884/72/31
f 882/72/31 1614/72/31 883/72/31
f 882/72/31 1615/72/31 1614/72/31
f 881/72/31 1615/72/31 882/72/31
f 880/72/31 1615/72/31 881/72/31
f 879/72/31 1615/72/31 880/72/31
f 878/72/31 1615/72/31 879/72/31
f 877/72/31 1615/72/31 878/72/31
f 876/72/31 1615/72/31 877/72/31
f 875/72/31 1615/72/31 876/72/31
f 875/72/31 1616/72/31 1615/72/31
f 874/72/31 1616/72/31 875/72/31
f 873/72/31 1616/72/31 874/72/31
f 873/72/31 1617/72/31 1616/72/31
f 872/72/31 1617/72/31 873/72/31
f 871/72/31 1617/72/31 872/72/31
f 871/72/31 1618/72/31 1617/72/31
f 870/72/31 1618/72/31 871/72/31
f 869/72/31 1618/72/31 870/72/31
f 869/72/31 1619/72/31 1618/72/31
f 868/72/31 1619/72/31 869/72/31
f 867/72/31 1619/72/31 868/72/31
f 867/72/31 1620/72/31 1619/72/31
f 866/72/31 1620/72/31 867/72/31
f 865/72/31 1620/72/31 866/72/31
f 865/72/31 1621/72/31 1620/72/31
f 864/72/31 1621/72/31 865/72/31
f 863/72/31 1621/72/31 864/72/31
f 863/72/31 1622/72/31 1621/72/31
f 862/72/31 1622/72/31 863/72/31
f 861/72/31 1622/72/31 862/72/31
f 861/72/31 1623/72/31 1622/72/31
f 860/72/31 1623/72/31 861/72/31
f 859/72/31 1623/72/31 860/72/31
f 859/72/31 1624/72/31 1623/72/31
f 858/72/31 1624/72/31 859/72/31
f 857/72/31 1624/72/31 858/72/31
f 857/72/31 1625/72/31 1624/72/31
f 856/72/31 1625/72/31 857/72/31
f 855/72/31 1625/72/31 856/72/31
f 854/72/31 1625/72/31 855/72/31
f 854/72/31 1626/72/31 1625/72/31
f 853/72/31 1626/72/31 854/72/31
f 852/72/31 1626/72/31 853/72/31
f 852/72/31 1627/72/31 1626/72/31
f 851/72/31 1627/72/31 852/72/31
f 850/72/31 1627/72/31 851/72/31
f 849/72/31 1627/72/31 850/72/31
f 849/72/31 1628/72/31 1627/72/31
f 848/72/31 1628/72/31 849/72/31
f 847/72/31 1628/72/31 848/72/31
f 846/72/31 1628/72/31 847/72/31
f 845/72/31 1628/72/31 846/72/31
f 845/72/31 1629/72/31 1628/72/31
f 844/72/31 1629/72/31 845/72/31
f 843/72/31 1629/72/31 844/72/31
f 842/72/31 1629/72/31 843/72/31
f 841/72/31 1629/72/31 842/72/31
f 841/72/31 1630/72/31 1629/72/31
f 840/72/31 1630/72/31 841/72/31
f 839/72/31 1630/72/31 840/72/31
f 838/72/31 1630/72/31 839/72/31
f 838/72/31 1631/72/31 1630/72/31
f 837/72/31 1631/72/31 838/72/31
f 836/72/31 1631/72/31 837/72/31
f 835/72/31 1631/72/31 836/72/31
f 835/72/31 1632/72/31 1631/72/31
f 834/72/31 1632/72/31 835/72/31
f 833/72/31 1632/72/31 834/72/31
f 832/72/31 1632/72/31 833/72/31
f 831/72/31 1632/72/31 832/72/31
f 831/72/31 1633/72/31 1632/72/31
f 830/72/31 1633/72/31 831/72/31
f 829/72/31 1633/72/31 830/72/31
f 828/72/31 1633/72/31 829/72/31
f 828/72/31 1634/72/31 1633/72/31
f 827/72/31 1634/72/31 828/72/31
f 826/72/31 1634/72/31 827/72/31
f 825/72/31 1634/72/31 826/72/31
f 825/72/31 1635/72/31 1634/72/31
f 824/72/31 1635/72/31 825/72/31
f 823/72/31 1635/72/31 824/72/31
f 823/72/31 1636/72/31 1635/72/31
f 822/72/31 1636/72/31 823/72/31
f 822/72/31 1637/72/31 1636/72/31
f 821/72/31 1637/72/31 822/72/31
f 821/72/31 1638/72/31 1637/72/31
f 820/72/31 1638/72/31 821/72/31
f 819/72/31 1638/72/31 820/72/31
f 819/72/31 1639/72/31 1638/72/31
f 818/72/31 1639/72/31 819/72/31
f 818/72/31 1640/72/31 1639/72/31
f 817/72/31 1640/72/31 818/72/31
f 817/72/31 1641/72/31 1640/72/31
f 816/72/31 1641/72/31 817/72/31
f 816/72/31 1642/72/31 1641/72/31
f 815/72/31 1642/72/31 816/72/31
f 815/72/31 1643/72/31 1642/72/31
f 814/72/31 1643/72/31 815/72/31
f 814/72/31 1644/72/31 1643/72/31
f 813/72/31 1644/72/31 814/72/31
f 812/72/31 1644/72/31 813/72/31
f 812/72/31 1645/72/31 1644/72/31
f 811/72/31 1645/72/31 812/72/31
f 811/72/31 1646/72/31 1645/72/31
f 810/72/31 1646/72/31 811/72/31
f 810/72/31 1647/72/31 1646/72/31
f 809/72/31 1647/72/31 810/72/31
f 809/72/31 1648/72/31 1647/72/31
f 808/72/31 1648/72/31 809/72/31
f 808/72/31 1649/72/31 1648/72/31
f 807/72/31 1649/72/31 808/72/31
f 807/72/31 1650/72/31 1649/72/31
f 806/72/31 1650/72/31 807/72/31
f 806/72/31 1651/72/31 1650/72/31
f 805/72/31 1651/72/31 806/72/31
f 804/72/31 1651/72/31 805/72/31
f 804/72/31 1652/72/31 1651/72/31
f 803/72/31 1652/72/31 804/72/31
f 803/72/31 1653/72/31 1652/72/31
f 802/72/31 1653/72/31 803/72/31
f 801/72/31 282/72/31 802/72/31
f 282/72/31 1653/72/31 802/72/31
f 801/72/31 283/72/31 282/72/31
f 281/72/31 1653/72/31 282/72/31
f 281/72/31 1654/72/31 1653/72/31
f 801/72/31 284/72/31 283/72/31
f 801/72/31 285/72/31 284/72/31
f 801/72/31 286/72/31 285/72/31
f 801/72/31 287/72/31 286/72/31
f 801/72/31 288/72/31 287/72/31
f 801/72/31 289/72/31 288/72/31
f 801/72/31 290/72/31 289/72/31
f 800/72/31 290/72/31 801/72/31
f 800/72/31 291/72/31 290/72/31
f 800/72/31 292/72/31 291/72/31
f 800/72/31 293/72/31 292/72/31
f 281/72/31 1655/72/31 1654/72/31
f 799/72/31 293/72/31 800/72/31
f 799/72/31 294/72/31 293/72/31
f 799/72/31 335/72/31 294/72/31
f 335/72/31 334/72/31 294/72/31
f 334/72/31 318/72/31 294/72/31
f 318/72/31 317/72/31 294/72/31
f 317/72/31 295/72/31 294/72/31
f 799/72/31 336/72/31 335/72/31
f 333/72/31 318/72/31 334/72/31
f 799/72/31 337/72/31 336/72/31
f 332/72/31 318/72/31 333/72/31
f 799/72/31 338/72/31 337/72/31
f 798/72/31 338/72/31 799/72/31
f 331/72/31 318/72/31 332/72/31
f 798/72/31 378/72/31 338/72/31
f 378/72/31 339/72/31 338/72/31
f 330/72/31 318/72/31 331/72/31
f 378/72/31 340/72/31 339/72/31
f 798/72/31 379/72/31 378/72/31
f 377/72/31 340/72/31 378/72/31
f 329/72/31 318/72/31 330/72/31
f 328/72/31 318/72/31 329/72/31
f 327/72/31 318/72/31 328/72/31
f 326/72/31 318/72/31 327/72/31
f 325/72/31 318/72/31 326/72/31
f 324/72/31 318/72/31 325/72/31
f 323/72/31 318/72/31 324/72/31
f 322/72/31 318/72/31 323/72/31
f 321/72/31 318/72/31 322/72/31
f 320/72/31 318/72/31 321/72/31
f 319/72/31 318/72/31 320/72/31
f 376/72/31 340/72/31 377/72/31
f 375/72/31 340/72/31 376/72/31
f 316/72/31 295/72/31 317/72/31
f 374/72/31 340/72/31 375/72/31
f 374/72/31 341/72/31 340/72/31
f 373/72/31 341/72/31 374/72/31
f 315/72/31 295/72/31 316/72/31
f 281/72/31 1656/72/31 1655/72/31
f 372/72/31 341/72/31 373/72/31
f 371/72/31 341/72/31 372/72/31
f 314/72/31 295/72/31 315/72/31
f 371/72/31 342/72/31 341/72/31
f 798/72/31 380/72/31 379/72/31
f 370/72/31 342/72/31 371/72/31
f 369/72/31 342/72/31 370/72/31
f 313/72/31 295/72/31 314/72/31
f 369/72/31 343/72/31 342/72/31
f 368/72/31 343/72/31 369/72/31
f 798/72/31 381/72/31 380/72/31
f 367/72/31 343/72/31 368/72/31
f 312/72/31 295/72/31 313/72/31
f 367/72/31 344/72/31 343/72/31
f 797/72/31 381/72/31 798/72/31
f 366/72/31 344/72/31 367/72/31
f 366/72/31 345/72/31 344/72/31
f 365/72/31 345/72/31 366/72/31
f 311/72/31 295/72/31 312/72/31
f 311/72/31 296/72/31 295/72/31
f 797/72/31 382/72/31 381/72/31
f 365/72/31 346/72/31 345/72/31
f 364/72/31 346/72/31 365/72/31
f 363/72/31 346/72/31 364/72/31
f 363/72/31 347/72/31 346/72/31
f 310/72/31 296/72/31 311/72/31
f 797/72/31 383/72/31 382/72/31
f 362/72/31 347/72/31 363/72/31
f 362/72/31 348/72/31 347/72/31
f 361/72/31 348/72/31 362/72/31
f 361/72/31 349/72/31 348/72/31
f 360/72/31 349/72/31 361/72/31
f 281/72/31 1657/72/31 1656/72/31
f 360/72/31 350/72/31 349/72/31
f 359/72/31 350/72/31 360/72/31
f 797/72/31 384/72/31 383/72/31
f 309/72/31 296/72/31 310/72/31
f 358/72/31 350/72/31 359/72/31
f 358/72/31 351/72/31 350/72/31
f 796/72/31 384/72/31 797/72/31
f 357/72/31 351/72/31 358/72/31
f 357/72/31 352/72/31 351/72/31
f 356/72/31 352/72/31 357/72/31
f 356/72/31 353/72/31 352/72/31
f 355/72/31 353/72/31 356/72/31
f 355/72/31 354/72/31 353/72/31
f 796/72/31 385/72/31 384/72/31
f 308/72/31 296/72/31 309/72/31
f 796/72/31 386/72/31 385/72/31
f 308/72/31 297/72/31 296/72/31
f 307/72/31 297/72/31 308/72/31
f 796/72/31 387/72/31 386/72/31
f 795/72/31 387/72/31 796/72/31
f 795/72/31 388/72/31 387/72/31
f 281/72/31 1658/72/31 1657/72/31
f 306/72/31 297/72/31 307/72/31
f 795/72/31 389/72/31 388/72/31
f 305/72/31 297/72/31 306/72/31
f 280/72/31 1658/72/31 281/72/31
f 795/72/31 390/72/31 389/72/31
f 794/72/31 390/72/31 795/72/31
f 305/72/31 298/72/31 297/72/31
f 794/72/31 391/72/31 390/72/31
f 794/72/31 392/72/31 391/72/31
f 280/72/31 1659/72/31 1658/72/31
f 304/72/31 298/72/31 305/72/31
f 304/72/31 299/72/31 298/72/31
f 794/72/31 393/72/31 392/72/31
f 793/72/31 393/72/31 794/72/31
f 793/72/31 394/72/31 393/72/31
f 303/72/31 299/72/31 304/72/31
f 303/72/31 300/72/31 299/72/31
f 280/72/31 1660/72/31 1659/72/31
f 793/72/31 395/72/31 394/72/31
f 279/72/31 1660/72/31 280/72/31
f 792/72/31 395/72/31 793/72/31
f 302/72/31 300/72/31 303/72/31
f 302/72/31 301/72/31 300/72/31
f 792/72/31 396/72/31 395/72/31
f 279/72/31 1661/72/31 1660/72/31
f 792/72/31 397/72/31 396/72/31
f 791/72/31 397/72/31 792/72/31
f 791/72/31 398/72/31 397/72/31
f 279/72/31 1662/72/31 1661/72/31
f 791/72/31 399/72/31 398/72/31
f 278/72/31 1662/72/31 279/72/31
f 790/72/31 399/72/31 791/72/31
f 790/72/31 400/72/31 399/72/31
f 278/72/31 1663/72/31 1662/72/31
f 790/72/31 401/72/31 400/72/31
f 789/72/31 401/72/31 790/72/31
f 789/72/31 402/72/31 401/72/31
f 278/72/31 1664/72/31 1663/72/31
f 788/72/31 402/72/31 789/72/31
f 788/72/31 403/72/31 402/72/31
f 277/72/31 1664/72/31 278/72/31
f 788/72/31 404/72/31 403/72/31
f 787/72/31 404/72/31 788/72/31
f 277/72/31 1665/72/31 1664/72/31
f 787/72/31 405/72/31 404/72/31
f 787/72/31 406/72/31 405/72/31
f 786/72/31 406/72/31 787/72/31
f 277/72/31 1666/72/31 1665/72/31
f 786/72/31 407/72/31 406/72/31
f 276/72/31 1666/72/31 277/72/31
f 786/72/31 408/72/31 407/72/31
f 785/72/31 408/72/31 786/72/31
f 785/72/31 409/72/31 408/72/31
f 785/72/31 410/72/31 409/72/31
f 276/72/31 1667/72/31 1666/72/31
f 785/72/31 411/72/31 410/72/31
f 784/72/31 411/72/31 785/72/31
f 784/72/31 412/72/31 411/72/31
f 784/72/31 413/72/31 412/72/31
f 784/72/31 414/72/31 413/72/31
f 784/72/31 415/72/31 414/72/31
f 275/72/31 1667/72/31 276/72/31
f 784/72/31 416/72/31 415/72/31
f 783/72/31 416/72/31 784/72/31
f 275/72/31 1668/72/31 1667/72/31
f 783/72/31 417/72/31 416/72/31
f 783/72/31 418/72/31 417/72/31
f 783/72/31 419/72/31 418/72/31
f 783/72/31 420/72/31 419/72/31
f 783/72/31 421/72/31 420/72/31
f 783/72/31 422/72/31 421/72/31
f 783/72/31 423/72/31 422/72/31
f 782/72/31 423/72/31 783/72/31
f 782/72/31 424/72/31 423/72/31
f 782/72/31 425/72/31 424/72/31
f 782/72/31 426/72/31 425/72/31
f 782/72/31 427/72/31 426/72/31
f 782/72/31 428/72/31 427/72/31
f 782/72/31 429/72/31 428/72/31
f 275/72/31 1669/72/31 1668/72/31
f 782/72/31 430/72/31 429/72/31
f 782/72/31 431/72/31 430/72/31
f 782/72/31 432/72/31 431/72/31
f 781/72/31 432/72/31 782/72/31
f 781/72/31 433/72/31 432/72/31
f 781/72/31 434/72/31 433/72/31
f 274/72/31 1669/72/31 275/72/31
f 781/72/31 435/72/31 434/72/31
f 780/72/31 435/72/31 781/72/31
f 780/72/31 436/72/31 435/72/31
f 274/72/31 1670/72/31 1669/72/31
f 780/72/31 437/72/31 436/72/31
f 780/72/31 438/72/31 437/72/31
f 779/72/31 438/72/31 780/72/31
f 779/72/31 439/72/31 438/72/31
f 274/72/31 1671/72/31 1670/72/31
f 779/72/31 440/72/31 439/72/31
f 779/72/31 441/72/31 440/72/31
f 273/72/31 1671/72/31 274/72/31
f 779/72/31 442/72/31 441/72/31
f 779/72/31 443/72/31 442/72/31
f 273/72/31 1672/72/31 1671/72/31
f 779/72/31 444/72/31 443/72/31
f 779/72/31 445/72/31 444/72/31
f 779/72/31 446/72/31 445/72/31
f 273/72/31 1673/72/31 1672/72/31
f 272/72/31 1673/72/31 273/72/31
f 779/72/31 447/72/31 446/72/31
f 779/72/31 448/72/31 447/72/31
f 272/72/31 1674/72/31 1673/72/31
f 779/72/31 449/72/31 448/72/31
f 779/72/31 450/72/31 449/72/31
f 779/72/31 451/72/31 450/72/31
f 779/72/31 452/72/31 451/72/31
f 272/72/31 1675/72/31 1674/72/31
f 779/72/31 453/72/31 452/72/31
f 779/72/31 454/72/31 453/72/31
f 779/72/31 455/72/31 454/72/31
f 271/72/31 1675/72/31 272/72/31
f 779/72/31 456/72/31 455/72/31
f 779/72/31 457/72/31 456/72/31
f 779/72/31 458/72/31 457/72/31
f 779/72/31 459/72/31 458/72/31
f 271/72/31 1676/72/31 1675/72/31
f 779/72/31 460/72/31 459/72/31
f 779/72/31 461/72/31 460/72/31
f 779/72/31 462/72/31 461/72/31
f 779/72/31 463/72/31 462/72/31
f 779/72/31 464/72/31 463/72/31
f 271/72/31 1677/72/31 1676/72/31
f 779/72/31 465/72/31 464/72/31
f 779/72/31 466/72/31 465/72/31
f 270/72/31 1677/72/31 271/72/31
f 779/72/31 467/72/31 466/72/31
f 270/72/31 1678/72/31 1677/72/31
f 779/72/31 468/72/31 467/72/31
f 779/72/31 469/72/31 468/72/31
f 270/72/31 1679/72/31 1678/72/31
f 779/72/31 470/72/31 469/72/31
f 779/72/31 471/72/31 470/72/31
f 270/72/31 1680/72/31 1679/72/31
f 779/72/31 472/72/31 471/72/31
f 779/72/31 473/72/31 472/72/31
f 269/72/31 1680/72/31 270/72/31
f 269/72/31 1681/72/31 1680/72/31
f 779/72/31 474/72/31 473/72/31
f 269/72/31 1682/72/31 1681/72/31
f 779/72/31 475/72/31 474/72/31
f 269/72/31 1683/72/31 1682/72/31
f 779/72/31 476/72/31 475/72/31
f 779/72/31 477/72/31 476/72/31
f 268/72/31 1683/72/31 269/72/31
f 778/72/31 477/72/31 779/72/31
f 268/72/31 1684/72/31 1683/72/31
f 778/72/31 478/72/31 477/72/31
f 777/72/31 478/72/31 778/72/31
f 777/72/31 479/72/31 478/72/31
f 776/72/31 479/72/31 777/72/31
f 268/72/31 1685/72/31 1684/72/31
f 775/72/31 479/72/31 776/72/31
f 775/72/31 480/72/31 479/72/31
f 774/72/31 480/72/31 775/72/31
f 267/72/31 1685/72/31 268/72/31
f 774/72/31 481/72/31 480/72/31
f 773/72/31 481/72/31 774/72/31
f 267/72/31 1686/72/31 1685/72/31
f 772/72/31 481/72/31 773/72/31
f 772/72/31 482/72/31 481/72/31
f 771/72/31 482/72/31 772/72/31
f 770/72/31 482/72/31 771/72/31
f 770/72/31 483/72/31 482/72/31
f 769/72/31 483/72/31 770/72/31
f 267/72/31 1687/72/31 1686/72/31
f 769/72/31 484/72/31 483/72/31
f 768/72/31 484/72/31 769/72/31
f 266/72/31 1687/72/31 267/72/31
f 767/72/31 484/72/31 768/72/31
f 767/72/31 485/72/31 484/72/31
f 766/72/31 485/72/31 767/72/31
f 266/72/31 1688/72/31 1687/72/31
f 765/72/31 485/72/31 766/72/31
f 765/72/31 486/72/31 485/72/31
f 764/72/31 486/72/31 765/72/31
f 763/72/31 486/72/31 764/72/31
f 763/72/31 487/72/31 486/72/31
f 762/72/31 487/72/31 763/72/31
f 266/72/31 1689/72/31 1688/72/31
f 265/72/31 1689/72/31 266/72/31
f 762/72/31 488/72/31 487/72/31
f 761/72/31 488/72/31 762/72/31
f 760/72/31 488/72/31 761/72/31
f 760/72/31 489/72/31 488/72/31
f 759/72/31 489/72/31 760/72/31
f 265/72/31 1690/72/31 1689/72/31
f 758/72/31 489/72/31 759/72/31
f 758/72/31 490/72/31 489/72/31
f 264/72/31 1690/72/31 265/72/31
f 757/72/31 490/72/31 758/72/31
f 757/72/31 491/72/31 490/72/31
f 264/72/31 1691/72/31 1690/72/31
f 756/72/31 491/72/31 757/72/31
f 755/72/31 491/72/31 756/72/31
f 755/72/31 492/72/31 491/72/31
f 754/72/31 492/72/31 755/72/31
f 754/72/31 493/72/31 492/72/31
f 264/72/31 1692/72/31 1691/72/31
f 263/72/31 1692/72/31 264/72/31
f 754/72/31 494/72/31 493/72/31
f 263/72/31 1693/72/31 1692/72/31
f 753/72/31 494/72/31 754/72/31
f 753/72/31 495/72/31 494/72/31
f 753/72/31 496/72/31 495/72/31
f 262/72/31 1693/72/31 263/72/31
f 262/72/31 65/72/31 1693/72/31
f 753/72/31 497/72/31 496/72/31
f 752/72/31 497/72/31 753/72/31
f 752/72/31 498/72/31 497/72/31
f 262/72/31 66/72/31 65/72/31
f 261/72/31 66/72/31 262/72/31
f 752/72/31 499/72/31 498/72/31
f 751/72/31 499/72/31 752/72/31
f 261/72/31 67/72/31 66/72/31
f 751/72/31 500/72/31 499/72/31
f 260/72/31 67/72/31 261/72/31
f 750/72/31 500/72/31 751/72/31
f 260/72/31 68/72/31 67/72/31
f 750/72/31 501/72/31 500/72/31
f 259/72/31 68/72/31 260/72/31
f 259/72/31 69/72/31 68/72/31
f 749/72/31 501/72/31 750/72/31
f 749/72/31 502/72/31 501/72/31
f 258/72/31 69/72/31 259/72/31
f 749/72/31 503/72/31 502/72/31
f 258/72/31 70/72/31 69/72/31
f 748/72/31 503/72/31 749/72/31
f 748/72/31 504/72/31 503/72/31
f 257/72/31 70/72/31 258/72/31
f 257/72/31 71/72/31 70/72/31
f 747/72/31 504/72/31 748/72/31
f 747/72/31 505/72/31 504/72/31
f 257/72/31 72/72/31 71/72/31
f 256/72/31 72/72/31 257/72/31
f 747/72/31 506/72/31 505/72/31
f 255/72/31 72/72/31 256/72/31
f 746/72/31 506/72/31 747/72/31
f 255/72/31 73/72/31 72/72/31
f 746/72/31 507/72/31 506/72/31
f 254/72/31 73/72/31 255/72/31
f 254/72/31 74/72/31 73/72/31
f 745/72/31 507/72/31 746/72/31
f 253/72/31 74/72/31 254/72/31
f 745/72/31 508/72/31 507/72/31
f 253/72/31 75/72/31 74/72/31
f 252/72/31 75/72/31 253/72/31
f 744/72/31 508/72/31 745/72/31
f 744/72/31 509/72/31 508/72/31
f 251/72/31 75/72/31 252/72/31
f 251/72/31 76/72/31 75/72/31
f 744/72/31 510/72/31 509/72/31
f 250/72/31 76/72/31 251/72/31
f 743/72/31 510/72/31 744/72/31
f 250/72/31 77/72/31 76/72/31
f 249/72/31 77/72/31 250/72/31
f 743/72/31 511/72/31 510/72/31
f 248/72/31 77/72/31 249/72/31
f 248/72/31 78/72/31 77/72/31
f 742/72/31 511/72/31 743/72/31
f 248/72/31 79/72/31 78/72/31
f 247/72/31 79/72/31 248/72/31
f 742/72/31 512/72/31 511/72/31
f 247/72/31 80/72/31 79/72/31
f 246/72/31 80/72/31 247/72/31
f 246/72/31 81/72/31 80/72/31
f 741/72/31 512/72/31 742/72/31
f 245/72/31 81/72/31 246/72/31
f 245/72/31 82/72/31 81/72/31
f 741/72/31 513/72/31 512/72/31
f 244/72/31 82/72/31 245/72/31
f 244/72/31 83/72/31 82/72/31
f 740/72/31 513/72/31 741/72/31
f 243/72/31 83/72/31 244/72/31
f 243/72/31 84/72/31 83/72/31
f 740/72/31 514/72/31 513/72/31
f 243/72/31 85/72/31 84/72/31
f 739/72/31 514/72/31 740/72/31
f 242/72/31 85/72/31 243/72/31
f 739/72/31 515/72/31 514/72/31
f 242/72/31 86/72/31 85/72/31
f 241/72/31 86/72/31 242/72/31
f 738/72/31 515/72/31 739/72/31
f 241/72/31 113/72/31 86/72/31
f 113/72/31 87/72/31 86/72/31
f 241/72/31 114/72/31 113/72/31
f 112/72/31 87/72/31 113/72/31
f 738/72/31 516/72/31 515/72/31
f 240/72/31 114/72/31 241/72/31
f 111/72/31 87/72/31 112/72/31
f 110/72/31 87/72/31 111/72/31
f 240/72/31 115/72/31 114/72/31
f 109/72/31 87/72/31 110/72/31
f 109/72/31 88/72/31 87/72/31
f 108/72/31 88/72/31 109/72/31
f 107/72/31 88/72/31 108/72/31
f 239/72/31 115/72/31 240/72/31
f 239/72/31 116/72/31 115/72/31
f 106/72/31 88/72/31 107/72/31
f 737/72/31 516/72/31 738/72/31
f 105/72/31 88/72/31 106/72/31
f 737/72/31 517/72/31 516/72/31
f 104/72/31 88/72/31 105/72/31
f 239/72/31 117/72/31 116/72/31
f 103/72/31 88/72/31 104/72/31
f 103/72/31 89/72/31 88/72/31
f 102/72/31 89/72/31 103/72/31
f 238/72/31 117/72/31 239/72/31
f 238/72/31 118/72/31 117/72/31
f 101/72/31 89/72/31 102/72/31
f 100/72/31 89/72/31 101/72/31
f 99/72/31 89/72/31 100/72/31
f 238/72/31 119/72/31 118/72/31
f 98/72/31 89/72/31 99/72/31
f 237/72/31 119/72/31 238/72/31
f 97/72/31 89/72/31 98/72/31
f 96/72/31 89/72/31 97/72/31
f 96/72/31 90/72/31 89/72/31
f 237/72/31 120/72/31 119/72/31
f 736/72/31 517/72/31 737/72/31
f 736/72/31 518/72/31 517/72/31
f 95/72/31 90/72/31 96/72/31
f 95/72/31 91/72/31 90/72/31
f 94/72/31 91/72/31 95/72/31
f 94/72/31 92/72/31 91/72/31
f 93/72/31 92/72/31 94/72/31
f 237/72/31 121/72/31 120/72/31
f 236/72/31 121/72/31 237/72/31
f 236/72/31 122/72/31 121/72/31
f 236/72/31 123/72/31 122/72/31
f 235/72/31 123/72/31 236/72/31
f 736/72/31 519/72/31 518/72/31
f 235/72/31 124/72/31 123/72/31
f 234/72/31 124/72/31 235/72/31
f 234/72/31 125/72/31 124/72/31
f 735/72/31 519/72/31 736/72/31
f 234/72/31 126/72/31 125/72/31
f 233/72/31 126/72/31 234/72/31
f 233/72/31 127/72/31 126/72/31
f 233/72/31 128/72/31 127/72/31
f 232/72/31 128/72/31 233/72/31
f 232/72/31 129/72/31 128/72/31
f 232/72/31 149/72/31 129/72/31
f 149/72/31 148/72/31 129/72/31
f 148/72/31 130/72/31 129/72/31
f 735/72/31 520/72/31 519/72/31
f 232/72/31 150/72/31 149/72/31
f 147/72/31 130/72/31 148/72/31
f 146/72/31 130/72/31 147/72/31
f 145/72/31 130/72/31 146/72/31
f 144/72/31 130/72/31 145/72/31
f 144/72/31 131/72/31 130/72/31
f 143/72/31 131/72/31 144/72/31
f 231/72/31 150/72/31 232/72/31
f 142/72/31 131/72/31 143/72/31
f 141/72/31 131/72/31 142/72/31
f 231/72/31 151/72/31 150/72/31
f 140/72/31 131/72/31 141/72/31
f 140/72/31 132/72/31 131/72/31
f 139/72/31 132/72/31 140/72/31
f 138/72/31 132/72/31 139/72/31
f 231/72/31 152/72/31 151/72/31
f 138/72/31 133/72/31 132/72/31
f 137/72/31 133/72/31 138/72/31
f 136/72/31 133/72/31 137/72/31
f 136/72/31 134/72/31 133/72/31
f 135/72/31 134/72/31 136/72/31
f 231/72/31 153/72/31 152/72/31
f 230/72/31 153/72/31 231/72/31
f 230/72/31 154/72/31 153/72/31
f 734/72/31 520/72/31 735/72/31
f 230/72/31 155/72/31 154/72/31
f 230/72/31 156/72/31 155/72/31
f 229/72/31 156/72/31 230/72/31
f 229/72/31 157/72/31 156/72/31
f 229/72/31 158/72/31 157/72/31
f 734/72/31 521/72/31 520/72/31
f 228/72/31 158/72/31 229/72/31
f 228/72/31 159/72/31 158/72/31
f 228/72/31 160/72/31 159/72/31
f 228/72/31 161/72/31 160/72/31
f 227/72/31 161/72/31 228/72/31
f 227/72/31 162/72/31 161/72/31
f 227/72/31 163/72/31 162/72/31
f 733/72/31 521/72/31 734/72/31
f 226/72/31 163/72/31 227/72/31
f 226/72/31 164/72/31 163/72/31
f 733/72/31 522/72/31 521/72/31
f 226/72/31 165/72/31 164/72/31
f 226/72/31 166/72/31 165/72/31
f 225/72/31 166/72/31 226/72/31
f 225/72/31 167/72/31 166/72/31
f 225/72/31 168/72/31 167/72/31
f 224/72/31 168/72/31 225/72/31
f 224/72/31 169/72/31 168/72/31
f 733/72/31 523/72/31 522/72/31
f 224/72/31 170/72/31 169/72/31
f 224/72/31 171/72/31 170/72/31
f 732/72/31 523/72/31 733/72/31
f 223/72/31 171/72/31 224/72/31
f 223/72/31 172/72/31 171/72/31
f 223/72/31 173/72/31 172/72/31
f 223/72/31 174/72/31 173/72/31
f 223/72/31 175/72/31 174/72/31
f 223/72/31 176/72/31 175/72/31
f 223/72/31 177/72/31 176/72/31
f 223/72/31 178/72/31 177/72/31
f 223/72/31 179/72/31 178/72/31
f 223/72/31 180/72/31 179/72/31
f 223/72/31 181/72/31 180/72/31
f 223/72/31 182/72/31 181/72/31
f 223/72/31 183/72/31 182/72/31
f 223/72/31 184/72/31 183/72/31
f 223/72/31 185/72/31 184/72/31
f 222/72/31 185/72/31 223/72/31
f 222/72/31 186/72/31 185/72/31
f 222/72/31 187/72/31 186/72/31
f 732/72/31 524/72/31 523/72/31
f 222/72/31 188/72/31 187/72/31
f 222/72/31 189/72/31 188/72/31
f 222/72/31 190/72/31 189/72/31
f 222/72/31 191/72/31 190/72/31
f 222/72/31 192/72/31 191/72/31
f 222/72/31 193/72/31 192/72/31
f 222/72/31 199/72/31 193/72/31
f 199/72/31 198/72/31 193/72/31
f 198/72/31 194/72/31 193/72/31
f 198/72/31 195/72/31 194/72/31
f 198/72/31 196/72/31 195/72/31
f 198/72/31 197/72/31 196/72/31
f 222/72/31 200/72/31 199/72/31
f 222/72/31 201/72/31 200/72/31
f 222/72/31 202/72/31 201/72/31
f 222/72/31 203/72/31 202/72/31
f 222/72/31 204/72/31 203/72/31
f 222/72/31 205/72/31 204/72/31
f 222/72/31 206/72/31 205/72/31
f 222/72/31 207/72/31 206/72/31
f 222/72/31 208/72/31 207/72/31
f 221/72/31 208/72/31 222/72/31
f 221/72/31 209/72/31 208/72/31
f 221/72/31 210/72/31 209/72/31
f 731/72/31 524/72/31 732/72/31
f 221/72/31 211/72/31 210/72/31
f 221/72/31 212/72/31 211/72/31
f 221/72/31 213/72/31 212/72/31
f 221/72/31 214/72/31 213/72/31
f 221/72/31 215/72/31 214/72/31
f 731/72/31 525/72/31 524/72/31
f 221/72/31 216/72/31 215/72/31
f 221/72/31 217/72/31 216/72/31
f 221/72/31 218/72/31 217/72/31
f 221/72/31 219/72/31 218/72/31
f 221/72/31 220/72/31 219/72/31
f 731/72/31 526/72/31 525/72/31
f 730/72/31 729/72/31 731/72/31
f 729/72/31 526/72/31 731/72/31
f 728/72/31 526/72/31 729/72/31
f 728/72/31 527/72/31 526/72/31
f 727/72/31 527/72/31 728/72/31
f 726/72/31 712/72/31 727/72/31
f 712/72/31 527/72/31 727/72/31
f 725/72/31 712/72/31 726/72/31
f 725/72/31 713/72/31 712/72/31
f 711/72/31 527/72/31 712/72/31
f 710/72/31 527/72/31 711/72/31
f 725/72/31 714/72/31 713/72/31
f 709/72/31 527/72/31 710/72/31
f 725/72/31 715/72/31 714/72/31
f 724/72/31 715/72/31 725/72/31
f 708/72/31 527/72/31 709/72/31
f 724/72/31 716/72/31 715/72/31
f 723/72/31 716/72/31 724/72/31
f 723/72/31 717/72/31 716/72/31
f 707/72/31 527/72/31 708/72/31
f 722/72/31 717/72/31 723/72/31
f 722/72/31 718/72/31 717/72/31
f 706/72/31 527/72/31 707/72/31
f 721/72/31 718/72/31 722/72/31
f 721/72/31 719/72/31 718/72/31
f 720/72/31 719/72/31 721/72/31
f 705/72/31 527/72/31 706/72/31
f 704/72/31 527/72/31 705/72/31
f 703/72/31 527/72/31 704/72/31
f 702/72/31 527/72/31 703/72/31
f 701/72/31 527/72/31 702/72/31
f 701/72/31 528/72/31 527/72/31
f 700/72/31 528/72/31 701/72/31
f 699/72/31 528/72/31 700/72/31
f 698/72/31 528/72/31 699/72/31
f 697/72/31 528/72/31 698/72/31
f 696/72/31 528/72/31 697/72/31
f 695/72/31 528/72/31 696/72/31
f 694/72/31 528/72/31 695/72/31
f 694/72/31 529/72/31 528/72/31
f 693/72/31 529/72/31 694/72/31
f 692/72/31 529/72/31 693/72/31
f 691/72/31 529/72/31 692/72/31
f 690/72/31 529/72/31 691/72/31
f 689/72/31 529/72/31 690/72/31
f 688/72/31 529/72/31 689/72/31
f 687/72/31 529/72/31 688/72/31
f 686/72/31 529/72/31 687/72/31
f 685/72/31 529/72/31 686/72/31
f 684/72/31 529/72/31 685/72/31
f 683/72/31 529/72/31 684/72/31
f 682/72/31 529/72/31 683/72/31
f 681/72/31 529/72/31 682/72/31
f 680/72/31 529/72/31 681/72/31
f 679/72/31 529/72/31 680/72/31
f 678/72/31 529/72/31 679/72/31
f 678/72/31 530/72/31 529/72/31
f 677/72/31 530/72/31 678/72/31
f 676/72/31 530/72/31 677/72/31
f 675/72/31 530/72/31 676/72/31
f 674/72/31 530/72/31 675/72/31
f 673/72/31 530/72/31 674/72/31
f 672/72/31 656/72/31 673/72/31
f 656/72/31 530/72/31 673/72/31
f 671/72/31 656/72/31 672/72/31
f 670/72/31 656/72/31 671/72/31
f 669/72/31 656/72/31 670/72/31
f 668/72/31 656/72/31 669/72/31
f 667/72/31 656/72/31 668/72/31
f 666/72/31 656/72/31 667/72/31
f 665/72/31 656/72/31 666/72/31
f 664/72/34 656/72/34 665/72/34
f 663/72/31 656/72/31 664/72/31
f 662/72/31 656/72/31 663/72/31
f 661/72/31 656/72/31 662/72/31
f 660/72/31 656/72/31 661/72/31
f 659/72/31 656/72/31 660/72/31
f 658/72/31 656/72/31 659/72/31
f 657/72/31 656/72/31 658/72/31
f 655/72/31 530/72/31 656/72/31
f 654/72/31 530/72/31 655/72/31
f 653/72/31 530/72/31 654/72/31
f 652/72/31 530/72/31 653/72/31
f 651/72/31 530/72/31 652/72/31
f 650/72/31 530/72/31 651/72/31
f 649/72/31 530/72/31 650/72/31
f 648/72/31 530/72/31 649/72/31
f 647/72/31 530/72/31 648/72/31
f 647/72/31 531/72/31 530/72/31
f 646/72/31 531/72/31 647/72/31
f 645/72/31 531/72/31 646/72/31
f 644/72/31 531/72/31 645/72/31
f 643/72/31 531/72/31 644/72/31
f 642/72/31 531/72/31 643/72/31
f 641/72/31 630/72/31 642/72/31
f 630/72/31 531/72/31 642/72/31
f 641/72/31 631/72/31 630/72/31
f 629/72/31 531/72/31 630/72/31
f 628/72/31 531/72/31 629/72/31
f 640/72/31 631/72/31 641/72/31
f 640/72/31 632/72/31 631/72/31
f 627/72/31 531/72/31 628/72/31
f 639/72/31 632/72/31 640/72/31
f 639/72/31 633/72/31 632/72/31
f 626/72/31 531/72/31 627/72/31
f 626/72/31 532/72/31 531/72/31
f 638/72/31 633/72/31 639/72/31
f 638/72/31 634/72/31 633/72/31
f 625/72/31 532/72/31 626/72/31
f 637/72/31 634/72/31 638/72/31
f 637/72/31 635/72/31 634/72/31
f 636/72/31 635/72/31 637/72/31
f 624/72/31 532/72/31 625/72/31
f 623/72/31 532/72/31 624/72/31
f 622/72/31 532/72/31 623/72/31
f 621/72/31 532/72/31 622/72/31
f 620/72/31 532/72/31 621/72/31
f 619/72/31 603/72/31 620/72/31
f 603/72/31 602/72/31 620/72/31
f 602/72/31 532/72/31 620/72/31
f 601/72/31 532/72/31 602/72/31
f 619/72/31 604/72/31 603/72/31
f 600/72/31 532/72/31 601/72/31
f 619/72/31 605/72/31 604/72/31
f 599/72/31 532/72/31 600/72/31
f 619/72/31 606/72/31 605/72/31
f 598/72/31 532/72/31 599/72/31
f 619/72/31 607/72/31 606/72/31
f 597/72/31 532/72/31 598/72/31
f 619/72/31 608/72/31 607/72/31
f 596/72/31 532/72/31 597/72/31
f 619/72/31 609/72/31 608/72/31
f 596/72/31 557/72/31 532/72/31
f 557/72/31 556/72/31 532/72/31
f 556/72/31 533/72/31 532/72/31
f 595/72/31 557/72/31 596/72/31
f 619/72/31 610/72/31 609/72/31
f 619/72/31 611/72/31 610/72/31
f 619/72/31 612/72/31 611/72/31
f 594/72/31 557/72/31 595/72/31
f 619/72/31 613/72/31 612/72/31
f 619/72/31 614/72/31 613/72/31
f 619/72/31 615/72/31 614/72/31
f 619/72/31 616/72/31 615/72/31
f 619/72/31 617/72/31 616/72/31
f 619/72/31 618/72/31 617/72/31
f 593/72/31 558/72/31 594/72/31
f 558/72/35 557/72/35 594/72/35
f 592/72/31 559/72/31 593/72/31
f 559/72/31 558/72/31 593/72/31
f 592/72/31 560/72/31 559/72/31
f 555/72/31 533/72/31 556/72/31
f 592/72/31 561/72/31 560/72/31
f 554/72/31 533/72/31 555/72/31
f 592/72/31 562/72/31 561/72/31
f 553/72/31 533/72/31 554/72/31
f 592/72/31 563/72/31 562/72/31
f 552/72/31 533/72/31 553/72/31
f 592/72/31 564/72/31 563/72/31
f 551/72/31 533/72/31 552/72/31
f 592/72/31 565/72/31 564/72/31
f 550/72/31 533/72/31 551/72/31
f 592/72/31 566/72/31 565/72/31
f 549/72/31 533/72/31 550/72/31
f 592/72/31 567/72/31 566/72/31
f 591/72/31 567/72/31 592/72/31
f 549/72/31 534/72/31 533/72/31
f 548/72/31 534/72/31 549/72/31
f 591/72/31 568/72/31 567/72/31
f 547/72/31 534/72/31 548/72/31
f 591/72/31 569/72/31 568/72/31
f 546/72/31 534/72/31 547/72/31
f 591/72/31 570/72/31 569/72/31
f 591/72/31 571/72/31 570/72/31
f 545/72/31 534/72/31 546/72/31
f 590/72/31 571/72/31 591/72/31
f 544/72/31 534/72/31 545/72/31
f 590/72/31 572/72/31 571/72/31
f 543/72/31 534/72/31 544/72/31
f 590/72/31 573/72/31 572/72/31
f 542/72/31 534/72/31 543/72/31
f 590/72/31 574/72/31 573/72/31
f 589/72/31 574/72/31 590/72/31
f 541/72/31 534/72/31 542/72/31
f 589/72/31 575/72/31 574/72/31
f 540/72/31 534/72/31 541/72/31
f 539/72/31 534/72/31 540/72/31
f 589/72/31 576/72/31 575/72/31
f 538/72/31 534/72/31 539/72/31
f 588/72/31 576/72/31 589/72/31
f 537/72/31 534/72/31 538/72/31
f 588/72/31 577/72/31 576/72/31
f 536/72/31 534/72/31 537/72/31
f 535/72/31 534/72/31 536/72/31
f 588/72/31 578/72/31 577/72/31
f 587/72/31 578/72/31 588/72/31
f 587/72/31 579/72/31 578/72/31
f 587/72/31 580/72/31 579/72/31
f 586/72/31 580/72/31 587/72/31
f 586/72/31 581/72/31 580/72/31
f 586/72/31 582/72/31 581/72/31
f 585/72/31 582/72/31 586/72/31
f 585/72/31 583/72/31 582/72/31
f 584/72/31 583/72/31 585/72/31
f 3213/72/34 3214/72/34 3215/72/34
f 3213/72/34 3215/72/34 3216/72/34
f 3212/72/34 3213/72/34 3216/72/34
f 3211/72/34 3212/72/34 3216/72/34
f 3210/72/34 3211/72/34 3216/72/34
f 3209/72/34 3210/72/34 3216/72/34
f 3208/72/34 3209/72/34 3216/72/34
f 3207/72/34 3208/72/34 3216/72/34
f 3206/72/34 3207/72/34 3216/72/34
f 3205/72/34 3206/72/34 3216/72/34
f 3204/72/34 3205/72/34 3216/72/34
f 3203/72/34 3204/72/34 3216/72/34
f 3202/72/34 3203/72/34 3216/72/34
f 3201/72/34 3202/72/34 3216/72/34
f 3200/72/34 3201/72/34 3216/72/34
f 3199/72/34 3200/72/34 3216/72/34
f 3199/72/34 3216/72/34 3217/72/34
f 3198/72/34 3199/72/34 3217/72/34
f 3197/72/34 3198/72/34 3217/72/34
f 3197/72/34 3217/72/34 3218/72/34
f 3196/72/34 3197/72/34 3218/72/34
f 3195/72/34 3196/72/34 3218/72/34
f 3195/72/34 3218/72/34 3219/72/34
f 3194/72/34 3195/72/34 3219/72/34
f 3194/72/34 3219/72/34 3220/72/34
f 3193/72/34 3194/72/34 3220/72/34
f 3193/72/34 3220/72/34 3221/72/34
f 3192/72/34 3193/72/34 3221/72/34
f 3192/72/34 3221/72/34 3222/72/34
f 3191/72/34 3192/72/34 3222/72/34
f 3191/72/34 3222/72/34 3223/72/34
f 3191/72/34 3223/72/34 3224/72/34
f 3190/72/34 3191/72/34 3224/72/34
f 3190/72/34 3224/72/34 3225/72/34
f 3190/72/34 3225/72/34 3226/72/34
f 3189/72/34 3190/72/34 3226/72/34
f 3189/72/34 3226/72/34 3227/72/34
f 3189/72/34 3227/72/34 3228/72/34
f 3189/72/34 3228/72/34 3229/72/34
f 3189/72/34 3229/72/34 3230/72/34
f 3189/72/34 3230/72/34 3231/72/34
f 3189/72/34 3231/72/34 3232/72/34
f 3189/72/34 3232/72/34 3233/72/34
f 3189/72/34 3233/72/34 3234/72/34
f 3189/72/34 3234/72/34 3235/72/34
f 3189/72/34 3235/72/34 3236/72/34
f 3189/72/34 3236/72/34 3237/72/34
f 3189/72/34 3237/72/34 3238/72/34
f 3189/72/34 3238/72/34 3239/72/34
f 3189/72/34 3239/72/34 3240/72/34
f 3189/72/34 3240/72/34 3241/72/34
f 3189/72/34 3241/72/34 3242/72/34
f 3189/72/34 3242/72/34 3243/72/34
f 3189/72/34 3243/72/34 3244/72/34
f 3189/72/34 3244/72/34 3245/72/34
f 3189/72/34 3245/72/34 3246/72/34
f 3189/72/34 3246/72/34 3247/72/34
f 3189/72/34 3247/72/34 3248/72/34
f 3189/72/34 3248/72/34 3249/72/34
f 3189/72/34 3249/72/34 3250/72/34
f 3189/72/34 3250/72/34 3251/72/34
f 3189/72/34 3251/72/34 3252/72/34
f 3189/72/34 3252/72/34 3253/72/34
f 3189/72/34 3253/72/34 3254/72/34
f 3189/72/34 3254/72/34 3255/72/34
f 3189/72/34 3255/72/34 3256/72/34
f 3189/72/34 3256/72/34 3257/72/34
f 3189/72/34 3257/72/34 3258/72/34
f 3189/72/34 3258/72/34 3259/72/34
f 3189/72/34 3259/72/34 3260/72/34
f 3189/72/34 3260/72/34 3261/72/34
f 3189/72/34 3261/72/34 3262/72/34
f 3189/72/34 3262/72/34 3263/72/34
f 3189/72/34 3263/72/34 3264/72/34
f 3189/72/34 3264/72/34 3265/72/34
f 3189/72/34 3265/72/34 3266/72/34
f 3189/72/34 3266/72/34 3267/72/34
f 3189/72/34 3267/72/34 3268/72/34
f 3188/72/34 3189/72/34 3268/72/34
f 3188/72/34 3268/72/34 3269/72/34
f 3188/72/34 3269/72/34 3270/72/34
f 3188/72/34 3270/72/34 3271/72/34
f 3188/72/34 3271/72/34 3272/72/34
f 3188/72/34 3272/72/34 3273/72/34
f 3188/72/34 3273/72/34 3274/72/34
f 3188/72/34 3274/72/34 3275/72/34
f 3188/72/34 3275/72/34 3276/72/34
f 3188/72/34 3276/72/34 3277/72/34
f 3187/72/34 3188/72/34 3277/72/34
f 3187/72/34 3277/72/34 3278/72/34
f 3187/72/34 3278/72/34 3279/72/34
f 3187/72/34 3279/72/34 3280/72/34
f 3187/72/34 3280/72/34 3281/72/34
f 3187/72/34 3281/72/34 3282/72/34
f 3186/72/34 3187/72/34 3282/72/34
f 3186/72/34 3282/72/34 3283/72/34
f 3186/72/34 3283/72/34 3284/72/34
f 3186/72/34 3284/72/34 3285/72/34
f 3186/72/34 3285/72/34 3286/72/34
f 3186/72/34 3286/72/34 3287/72/34
f 3186/72/34 3287/72/34 3288/72/34
f 3186/72/34 3288/72/34 3289/72/34
f 3186/72/34 3289/72/34 3290/72/34
f 3186/72/34 3290/72/34 3291/72/34
f 3186/72/34 3291/72/34 3292/72/34
f 3186/72/34 3292/72/34 3293/72/34
f 3186/72/34 3293/72/34 3294/72/34
f 3186/72/34 3294/72/34 3295/72/34
f 3186/72/34 3295/72/34 3296/72/34
f 3186/72/34 3296/72/34 3297/72/34
f 3186/72/34 3297/72/34 3298/72/34
f 3185/72/34 3186/72/34 3298/72/34
f 3185/72/34 3298/72/34 3299/72/34
f 3185/72/34 3299/72/34 3300/72/34
f 3184/72/34 3185/72/34 3300/72/34
f 3184/72/34 3300/72/34 3301/72/34
f 3183/72/34 3184/72/34 3301/72/34
f 3183/72/34 3301/72/34 3302/72/34
f 3182/72/34 3183/72/34 3302/72/34
f 3182/72/34 3302/72/34 3303/72/34
f 3181/72/34 3182/72/34 3303/72/34
f 3181/72/34 3303/72/34 3304/72/34
f 3180/72/34 3181/72/34 3304/72/34
f 3180/72/34 3304/72/34 3305/72/34
f 3179/72/34 3180/72/34 3305/72/34
f 3179/72/34 3305/72/34 3306/72/34
f 3178/72/34 3179/72/34 3306/72/34
f 3178/72/34 3306/72/34 3307/72/34
f 3177/72/34 3178/72/34 3307/72/34
f 3177/72/34 3307/72/34 3308/72/34
f 3176/72/34 3177/72/34 3308/72/34
f 3176/72/34 3308/72/34 3309/72/34
f 3176/72/34 3309/72/34 3310/72/34
f 3175/72/34 3176/72/34 3310/72/34
f 3175/72/34 3310/72/34 3311/72/34
f 3174/72/34 3175/72/34 3311/72/34
f 3174/72/34 3311/72/34 3312/72/34
f 3173/72/34 3174/72/34 3312/72/34
f 3173/72/34 3312/72/34 3313/72/34
f 3172/72/34 3173/72/34 3313/72/34
f 3172/72/34 3313/72/34 3314/72/34
f 3171/72/34 3172/72/34 3314/72/34
f 3171/72/34 3314/72/34 3315/72/34
f 3170/72/34 3171/72/34 3315/72/34
f 3170/72/34 3315/72/34 3316/72/34
f 3169/72/34 3170/72/34 3316/72/34
f 3168/72/34 3169/72/34 3316/72/34
f 3168/72/34 3316/72/34 3317/72/34
f 3167/72/34 3168/72/34 3317/72/34
f 3167/72/34 3317/72/34 3318/72/34
f 3166/72/34 3167/72/34 3318/72/34
f 3165/72/34 3166/72/34 3318/72/34
f 3165/72/34 3318/72/34 3319/72/34
f 3164/72/34 3165/72/34 3319/72/34
f 3163/72/34 3164/72/34 3319/72/34
f 3162/72/34 3163/72/34 3319/72/34
f 3161/72/34 3162/72/34 3319/72/34
f 3161/72/34 3319/72/34 3320/72/34
f 3160/72/34 3161/72/34 3320/72/34
f 3159/72/34 3160/72/34 3320/72/34
f 3158/72/34 3159/72/34 3320/72/34
f 3157/72/34 3158/72/34 3320/72/34
f 3157/72/34 3320/72/34 3321/72/34
f 3156/72/34 3157/72/34 3321/72/34
f 3155/72/34 3156/72/34 3321/72/34
f 3154/72/34 3155/72/34 3321/72/34
f 3153/72/34 3154/72/34 3321/72/34
f 3152/72/34 3153/72/34 3321/72/34
f 3152/72/34 3321/72/34 3322/72/34
f 3151/72/34 3152/72/34 3322/72/34
f 3150/72/34 3151/72/34 3322/72/34
f 3149/72/34 3150/72/34 3322/72/34
f 3148/72/34 3149/72/34 3322/72/34
f 3148/72/34 3322/72/34 3323/72/34
f 3147/72/34 3148/72/34 3323/72/34
f 3146/72/34 3147/72/34 3323/72/34
f 3145/72/34 3146/72/34 3323/72/34
f 3144/72/34 3145/72/34 3323/72/34
f 3143/72/34 3144/72/34 3323/72/34
f 3143/72/34 3323/72/34 3324/72/34
f 3143/72/34 3324/72/34 3325/72/34
f 3143/72/34 3325/72/34 3326/72/34
f 3143/72/34 3326/72/34 3327/72/34
f 3143/72/34 3327/72/34 3328/72/34
f 3143/72/34 3328/72/34 3329/72/34
f 3143/72/34 3329/72/34 3330/72/34
f 3142/72/34 3143/72/34 3330/72/34
f 3142/72/34 3330/72/34 3331/72/34
f 3142/72/34 3331/72/34 3332/72/34
f 3142/72/34 3332/72/34 3333/72/34
f 3142/72/34 3333/72/34 3334/72/34
f 3142/72/34 3334/72/34 3335/72/34
f 3142/72/34 3335/72/34 3336/72/34
f 3142/72/34 3336/72/34 3337/72/34
f 3142/72/34 3337/72/34 3338/72/34
f 3141/72/34 3142/72/34 3338/72/34
f 3141/72/34 3338/72/34 3339/72/34
f 3141/72/34 3339/72/34 3340/72/34
f 3141/72/34 3340/72/34 3341/72/34
f 3141/72/34 3341/72/34 3342/72/34
f 3141/72/34 3342/72/34 3343/72/34
f 3140/72/34 3141/72/34 3343/72/34
f 3140/72/34 3343/72/34 3344/72/34
f 3140/72/34 3344/72/34 3345/72/34
f 3140/72/34 3345/72/34 3346/72/34
f 3139/72/34 3140/72/34 3346/72/34
f 3139/72/34 3346/72/34 3347/72/34
f 3139/72/34 3347/72/34 3348/72/34
f 3139/72/34 3348/72/34 3349/72/34
f 3139/72/34 3349/72/34 3350/72/34
f 3139/72/34 3350/72/34 3351/72/34
f 3139/72/34 3351/72/34 3352/72/34
f 3139/72/34 3352/72/34 3353/72/34
f 3138/72/34 3139/72/34 3353/72/34
f 3138/72/34 3353/72/34 3354/72/34
f 3138/72/34 3354/72/34 3355/72/34
f 3138/72/34 3355/72/34 3356/72/34
f 3138/72/34 3356/72/34 3357/72/34
f 3138/72/34 3357/72/34 3358/72/34
f 3138/72/34 3358/72/34 3359/72/34
f 3138/72/34 3359/72/34 3360/72/34
f 3138/72/34 3360/72/34 3361/72/34
f 3137/72/34 3138/72/34 3361/72/34
f 3137/72/34 3361/72/34 3362/72/34
f 3137/72/34 3362/72/34 3363/72/34
f 3137/72/34 3363/72/34 3364/72/34
f 3137/72/34 3364/72/34 3365/72/34
f 3137/72/34 3365/72/34 3366/72/34
f 3136/72/34 3137/72/34 3366/72/34
f 3136/72/34 3366/72/34 3367/72/34
f 3136/72/34 3367/72/34 3368/72/34
f 3136/72/34 3368/72/34 3369/72/34
f 3136/72/34 3369/72/34 3370/72/34
f 3135/72/34 3136/72/34 3370/72/34
f 3135/72/34 3370/72/34 3371/72/34
f 3135/72/34 3371/72/34 3372/72/34
f 3134/72/34 3135/72/34 3372/72/34
f 3134/72/34 3372/72/34 3373/72/34
f 3134/72/34 3373/72/34 3374/72/34
f 3133/72/34 3134/72/34 3374/72/34
f 3133/72/34 3374/72/34 3375/72/34
f 3133/72/34 3375/72/34 3376/72/34
f 3132/72/34 3133/72/34 3376/72/34
f 3132/72/34 3376/72/34 3377/72/34
f 3131/72/34 3132/72/34 3377/72/34
f 3131/72/34 3377/72/34 3378/72/34
f 3131/72/34 3378/72/34 3379/72/34
f 3130/72/34 3131/72/34 3379/72/34
f 3130/72/34 3379/72/34 3380/72/34
f 3130/72/34 3380/72/34 3381/72/34
f 3129/72/34 3130/72/34 3381/72/34
f 3129/72/34 3381/72/34 3382/72/34
f 3129/72/34 3382/72/34 3383/72/34
f 3128/72/34 3129/72/34 3383/72/34
f 3128/72/34 3383/72/34 3384/72/34
f 3128/72/34 3384/72/34 3385/72/34
f 3127/72/34 3128/72/34 3385/72/34
f 3127/72/34 3385/72/34 3386/72/34
f 3127/72/34 3386/72/34 3387/72/34
f 3126/72/34 3127/72/34 3387/72/34
f 3126/72/34 3387/72/34 3388/72/34
f 3126/72/34 3388/72/34 3389/72/34
f 3125/72/34 3126/72/34 3389/72/34
f 3125/72/34 3389/72/34 3390/72/34
f 3125/72/34 3390/72/34 3391/72/34
f 3124/72/34 3125/72/34 3391/72/34
f 3124/72/34 3391/72/34 3392/72/34
f 3123/72/34 3124/72/34 3392/72/34
f 3123/72/34 3392/72/34 3393/72/34
f 3123/72/34 3393/72/34 3394/72/34
f 3122/72/34 3123/72/34 3394/72/34
f 3122/72/34 3394/72/34 3395/72/34
f 3121/72/34 3122/72/34 3395/72/34
f 3121/72/34 3395/72/34 3396/72/34
f 3121/72/34 3396/72/34 3397/72/34
f 3120/72/34 3121/72/34 3397/72/34
f 3120/72/34 3397/72/34 3398/72/34
f 3119/72/34 3120/72/34 3398/72/34
f 3119/72/34 3398/72/34 3399/72/34
f 3118/72/34 3119/72/34 3399/72/34
f 3118/72/34 3399/72/34 3400/72/34
f 3118/72/34 3400/72/34 3401/72/34
f 3117/72/34 3118/72/34 3401/72/34
f 3116/72/34 3117/72/34 3401/72/34
f 3115/72/34 3116/72/34 3401/72/34
f 3115/72/34 3401/72/34 3402/72/34
f 3114/72/34 3115/72/34 3402/72/34
f 3113/72/34 3114/72/34 3402/72/34
f 3113/72/34 3402/72/34 3403/72/34
f 3112/72/34 3113/72/34 3403/72/34
f 3111/72/34 3112/72/34 3403/72/34
f 3111/72/34 3403/72/34 3404/72/34
f 3110/72/34 3111/72/34 3404/72/34
f 3110/72/34 3404/72/34 3405/72/34
f 3109/72/34 3110/72/34 3405/72/34
f 3109/72/34 3405/72/34 3406/72/34
f 3108/72/34 3109/72/34 3406/72/34
f 3107/72/34 3108/72/34 3406/72/34
f 3107/72/34 3406/72/34 3407/72/34
f 3106/72/34 3107/72/34 3407/72/34
f 3106/72/34 3407/72/34 3408/72/34
f 3105/72/34 3106/72/34 3408/72/34
f 3105/72/34 3408/72/34 3409/72/34
f 3104/72/34 3105/72/34 3409/72/34
f 3104/72/34 3409/72/34 3410/72/34
f 3103/72/34 3104/72/34 3410/72/34
f 3103/72/34 3410/72/34 3411/72/34
f 3102/72/34 3103/72/34 3411/72/34
f 3101/72/34 3102/72/34 3411/72/34
f 3101/72/34 3411/72/34 3412/72/34
f 3100/72/34 3101/72/34 3412/72/34
f 3100/72/34 3412/72/34 3413/72/34
f 3099/72/34 3100/72/34 3413/72/34
f 3098/72/34 3099/72/34 3413/72/34
f 3098/72/34 3413/72/34 3414/72/34
f 3097/72/34 3098/72/34 3414/72/34
f 3096/72/34 3097/72/34 3414/72/34
f 3096/72/34 3414/72/34 3415/72/34
f 3095/72/34 3096/72/34 3415/72/34
f 3094/72/34 3095/72/34 3415/72/34
f 3093/72/34 3094/72/34 3415/72/34
f 3093/72/34 3415/72/34 3416/72/34
f 3092/72/34 3093/72/34 3416/72/34
f 3091/72/34 3092/72/34 3416/72/34
f 3090/72/34 3091/72/34 3416/72/34
f 3090/72/34 3416/72/34 3417/72/34
f 3089/72/34 3090/72/34 3417/72/34
f 3088/72/34 3089/72/34 3417/72/34
f 3087/72/34 3088/72/34 3417/72/34
f 3087/72/34 3417/72/34 3418/72/34
f 3086/72/34 3087/72/34 3418/72/34
f 3085/72/34 3086/72/34 3418/72/34
f 3084/72/34 3085/72/34 3418/72/34
f 3084/72/34 3418/72/34 3419/72/34
f 3083/72/34 3084/72/34 3419/72/34
f 3082/72/34 3083/72/34 3419/72/34
f 3081/72/34 3082/72/34 3419/72/34
f 3081/72/34 3419/72/34 3420/72/34
f 3081/72/34 3420/72/34 3421/72/34
f 3080/72/34 3081/72/34 3421/72/34
f 3080/72/34 3421/72/34 3422/72/34
f 3079/72/34 3080/72/34 3422/72/34
f 3079/72/34 3422/72/34 3423/72/34
f 3079/72/34 3423/72/34 3424/72/34
f 3078/72/34 3079/72/34 3424/72/34
f 3078/72/34 3424/72/34 3425/72/34
f 3077/72/34 3078/72/34 3425/72/34
f 3077/72/34 3425/72/34 3426/72/34
f 3076/72/34 3077/72/34 3426/72/34
f 3076/72/34 3426/72/34 3427/72/34
f 3076/72/34 3427/72/34 3428/72/34
f 3075/72/34 3076/72/34 3428/72/34
f 3075/72/34 3428/72/34 3429/72/34
f 3074/72/34 3075/72/34 3429/72/34
f 3074/72/34 3429/72/34 3430/72/34
f 3073/72/34 3074/72/34 3430/72/34
f 3073/72/34 3430/72/34 3431/72/34
f 3072/72/34 3073/72/34 3431/72/34
f 3072/72/34 3431/72/34 3432/72/34
f 3071/72/34 3072/72/34 3432/72/34
f 3071/72/34 3432/72/34 3433/72/34
f 3070/72/34 3071/72/34 3433/72/34
f 3069/72/34 3070/72/34 3433/72/34
f 3069/72/34 3433/72/34 3434/72/34
f 3068/72/34 3069/72/34 3434/72/34
f 3068/72/34 3434/72/34 3435/72/34
f 3067/72/34 3068/72/34 3435/72/34
f 3066/72/34 3067/72/34 3435/72/34
f 3066/72/34 3435/72/34 3436/72/34
f 3065/72/34 3066/72/34 3436/72/34
f 3065/72/34 3436/72/34 3437/72/34
f 3064/72/34 3065/72/34 3437/72/34
f 3063/72/34 3064/72/34 3437/72/34
f 3063/72/34 3437/72/34 3438/72/34
f 3062/72/34 3063/72/34 3438/72/34
f 3061/72/34 3062/72/34 3438/72/34
f 3061/72/34 3438/72/34 3439/72/34
f 3060/72/34 3061/72/34 3439/72/34
f 3059/72/34 3060/72/34 3439/72/34
f 3059/72/34 3439/72/34 3440/72/34
f 3058/72/34 3059/72/34 3440/72/34
f 3057/72/34 3058/72/34 3440/72/34
f 3057/72/34 3440/72/34 3441/72/34
f 3056/72/34 3057/72/34 3441/72/34
f 3055/72/34 3056/72/34 3441/72/34
f 3055/72/34 3441/72/34 3442/72/34
f 3054/72/34 3055/72/34 3442/72/34
f 3053/72/34 3054/72/34 3442/72/34
f 3053/72/34 3442/72/34 3443/72/34
f 3052/72/34 3053/72/34 3443/72/34
f 3051/72/34 3052/72/34 3443/72/34
f 3051/72/34 3443/72/34 3444/72/34
f 3050/72/34 3051/72/34 3444/72/34
f 3049/72/34 3050/72/34 3444/72/34
f 3048/72/34 3049/72/34 3444/72/34
f 3047/72/34 3048/72/34 3444/72/34
f 3046/72/34 3047/72/34 3444/72/34
f 3045/72/34 3046/72/34 3444/72/34
f 3044/72/34 3045/72/34 3444/72/34
f 3044/72/34 3444/72/34 3445/72/34
f 3044/72/34 3445/72/34 3446/72/34
f 3043/72/34 3044/72/34 3446/72/34
f 3043/72/34 3446/72/34 3447/72/34
f 3043/72/34 3447/72/34 3448/72/34
f 3042/72/34 3043/72/34 3448/72/34
f 3042/72/34 3448/72/34 3449/72/34
f 3042/72/34 3449/72/34 3450/72/34
f 3041/72/34 3042/72/34 3450/72/34
f 3041/72/34 3450/72/34 3451/72/34
f 3040/72/34 3041/72/34 3451/72/34
f 3040/72/34 3451/72/34 3452/72/34
f 3040/72/34 3452/72/34 3453/72/34
f 3039/72/34 3040/72/34 3453/72/34
f 3039/72/34 3453/72/34 3454/72/34
f 3039/72/34 3454/72/34 3455/72/34
f 3038/72/34 3039/72/34 3455/72/34
f 3038/72/34 3455/72/34 3456/72/34
f 3037/72/34 3038/72/34 3456/72/34
f 3037/72/34 3456/72/34 3457/72/34
f 3037/72/34 3457/72/34 3458/72/34
f 3036/72/34 3037/72/34 3458/72/34
f 3036/72/34 3458/72/34 3459/72/34
f 3036/72/34 3459/72/34 3460/72/34
f 3035/72/34 3036/72/34 3460/72/34
f 3035/72/34 3460/72/34 3461/72/34
f 3034/72/34 3035/72/34 3461/72/34
f 3034/72/34 3461/72/34 3462/72/34
f 3034/72/34 3462/72/34 3463/72/34
f 3033/72/34 3034/72/34 3463/72/34
f 3033/72/34 3463/72/34 3464/72/34
f 3033/72/34 3464/72/34 3465/72/34
f 3032/72/34 3033/72/34 3465/72/34
f 3032/72/34 3465/72/34 3466/72/34
f 3031/72/34 3032/72/34 3466/72/34
f 3031/72/34 3466/72/34 3467/72/34
f 3031/72/34 3467/72/34 3468/72/34
f 3030/72/34 3031/72/34 3468/72/34
f 3030/72/34 3468/72/34 3469/72/34
f 3030/72/34 3469/72/34 3470/72/34
f 3029/72/34 3030/72/34 3470/72/34
f 3029/72/34 3470/72/34 3471/72/34
f 3029/72/34 3471/72/34 3472/72/34
f 3028/72/34 3029/72/34 3472/72/34
f 3028/72/34 3472/72/34 3473/72/34
f 3028/72/34 3473/72/34 3474/72/34
f 3028/72/34 3474/72/34 3475/72/34
f 3027/72/34 3028/72/34 3475/72/34
f 3027/72/34 3475/72/34 3476/72/34
f 3026/72/34 3027/72/34 3476/72/34
f 3026/72/34 3476/72/34 3477/72/34
f 3026/72/34 3477/72/34 3478/72/34
f 3025/72/34 3026/72/34 3478/72/34
f 3025/72/34 3478/72/34 3479/72/34
f 3025/72/34 3479/72/34 3480/72/34
f 3024/72/34 3025/72/34 3480/72/34
f 3024/72/34 3480/72/34 3481/72/34
f 3024/72/34 3481/72/34 3482/72/34
f 3023/72/34 3024/72/34 3482/72/34
f 3023/72/34 3482/72/34 3483/72/34
f 3022/72/34 3023/72/34 3483/72/34
f 3022/72/34 3483/72/34 3484/72/34
f 3022/72/34 3484/72/34 3485/72/34
f 3021/72/34 3022/72/34 3485/72/34
f 3021/72/34 3485/72/34 3486/72/34
f 3020/72/34 3021/72/34 3486/72/34
f 3020/72/34 3486/72/34 3487/72/34
f 3020/72/34 3487/72/34 3488/72/34
f 3019/72/34 3020/72/34 3488/72/34
f 3019/72/34 3488/72/34 3489/72/34
f 3019/72/34 3489/72/34 3490/72/34
f 3018/72/34 3019/72/34 3490/72/34
f 3018/72/34 3490/72/34 3491/72/34
f 3018/72/34 3491/72/34 3492/72/34
f 3017/72/34 3018/72/34 3492/72/34
f 3017/72/34 3492/72/34 3493/72/34
f 3017/72/34 3493/72/34 3494/72/34
f 3016/72/34 3017/72/34 3494/72/34
f 3016/72/34 3494/72/34 3495/72/34
f 3016/72/34 3495/72/34 3496/72/34
f 3015/72/34 3016/72/34 3496/72/34
f 3015/72/34 3496/72/34 3497/72/34
f 3015/72/34 3497/72/34 3498/72/34
f 3014/72/34 3015/72/34 3498/72/34
f 3014/72/34 3498/72/34 3499/72/34
f 3014/72/34 3499/72/34 3500/72/34
f 3014/72/34 3500/72/34 3501/72/34
f 3013/72/34 3014/72/34 3501/72/34
f 3013/72/34 3501/72/34 3502/72/34
f 3013/72/34 3502/72/34 3503/72/34
f 3012/72/34 3013/72/34 3503/72/34
f 3012/72/34 3503/72/34 3504/72/34
f 3012/72/34 3504/72/34 3505/72/34
f 3011/72/34 3012/72/34 3505/72/34
f 3011/72/34 3505/72/34 3506/72/34
f 3011/72/34 3506/72/34 3507/72/34
f 3010/72/34 3011/72/34 3507/72/34
f 3010/72/34 3507/72/34 3508/72/34
f 3010/72/34 3508/72/34 3509/72/34
f 3010/72/34 3509/72/34 3510/72/34
f 3009/72/34 3010/72/34 3510/72/34
f 3009/72/34 3510/72/34 3511/72/34
f 3009/72/34 3511/72/34 3512/72/34
f 3008/72/34 3009/72/34 3512/72/34
f 3008/72/34 3512/72/34 3513/72/34
f 3008/72/34 3513/72/34 3514/72/34
f 3007/72/34 3008/72/34 3514/72/34
f 3007/72/34 3514/72/34 3515/72/34
f 3007/72/34 3515/72/34 3516/72/34
f 3006/72/34 3007/72/34 3516/72/34
f 3006/72/34 3516/72/34 3517/72/34
f 3006/72/34 3517/72/34 3518/72/34
f 3005/72/34 3006/72/34 3518/72/34
f 3005/72/34 3518/72/34 3519/72/34
f 3004/72/34 3005/72/34 3519/72/34
f 3004/72/34 3519/72/34 3520/72/34
f 3003/72/34 3004/72/34 3520/72/34
f 3003/72/34 3520/72/34 3521/72/34
f 3002/72/34 3003/72/34 3521/72/34
f 3002/72/34 3521/72/34 3522/72/34
f 3002/72/34 3522/72/34 3840/72/34
f 3840/72/34 3522/72/34 3523/72/34
f 3001/72/34 3002/72/34 3840/72/34
f 3001/72/34 3840/72/34 3841/72/34
f 3839/72/34 3840/72/34 3523/72/34
f 3001/72/34 3841/72/34 3842/72/34
f 3001/72/34 3842/72/34 3843/72/34
f 3838/72/34 3839/72/34 3523/72/34
f 3001/72/34 3843/72/34 3844/72/34
f 3001/72/34 3844/72/34 3845/72/34
f 3837/72/34 3838/72/34 3523/72/34
f 3001/72/34 3845/72/34 3846/72/34
f 3836/72/34 3837/72/34 3523/72/34
f 3001/72/34 3846/72/34 3847/72/34
f 3836/72/34 3523/72/34 3524/72/34
f 3835/72/34 3836/72/34 3524/72/34
f 3001/72/34 3847/72/34 3848/72/34
f 3834/72/34 3835/72/34 3524/72/34
f 3001/72/34 3848/72/34 3849/72/34
f 3000/72/34 3001/72/34 3849/72/34
f 3833/72/34 3834/72/34 3524/72/34
f 3000/72/34 3849/72/34 3850/72/34
f 3832/72/34 3833/72/34 3524/72/34
f 3000/72/34 3850/72/34 3851/72/34
f 3832/72/34 3524/72/34 3525/72/34
f 3831/72/34 3832/72/34 3525/72/34
f 3000/72/34 3851/72/34 3852/72/34
f 3830/72/34 3831/72/34 3525/72/34
f 3000/72/34 3852/72/34 3853/72/34
f 2999/72/34 3000/72/34 3853/72/34
f 3829/72/34 3830/72/34 3525/72/34
f 2999/72/34 3853/72/34 3854/72/34
f 3829/72/34 3525/72/34 3526/72/34
f 3828/72/34 3829/72/34 3526/72/34
f 2999/72/34 3854/72/34 3855/72/34
f 2999/72/34 3855/72/34 3856/72/34
f 3827/72/34 3828/72/34 3526/72/34
f 2999/72/34 3856/72/34 3857/72/34
f 3827/72/34 3526/72/34 3527/72/34
f 3826/72/34 3827/72/34 3527/72/34
f 2998/72/34 2999/72/34 3857/72/34
f 2998/72/34 3857/72/34 3858/72/34
f 3825/72/34 3826/72/34 3527/72/34
f 2998/72/34 3858/72/34 3859/72/34
f 2998/72/34 3859/72/34 3860/72/34
f 3825/72/34 3527/72/34 3528/72/34
f 3824/72/34 3825/72/34 3528/72/34
f 2998/72/34 3860/72/34 3861/72/34
f 3823/72/34 3824/72/34 3528/72/34
f 2998/72/34 3861/72/34 3862/72/34
f 2997/72/34 2998/72/34 3862/72/34
f 2997/72/34 3862/72/34 3863/72/34
f 3823/72/34 3528/72/34 3529/72/34
f 3822/72/34 3823/72/34 3529/72/34
f 2997/72/34 3863/72/34 3864/72/34
f 2997/72/34 3864/72/34 3865/72/34
f 3821/72/34 3822/72/34 3529/72/34
f 2997/72/34 3865/72/34 3866/72/34
f 2997/72/34 3866/72/34 3867/72/34
f 2997/72/34 3867/72/34 3868/72/34
f 2997/72/34 3868/72/34 3869/72/34
f 3820/72/34 3821/72/34 3529/72/34
f 3820/72/34 3529/72/34 3530/72/34
f 2997/72/34 3869/72/34 3870/72/34
f 2997/72/34 3870/72/34 3871/72/34
f 2997/72/34 3871/72/34 3872/72/34
f 3819/72/34 3820/72/34 3530/72/34
f 2996/72/34 2997/72/34 3872/72/34
f 2996/72/34 3872/72/34 3873/72/34
f 2996/72/34 3873/72/34 3874/72/34
f 2996/72/34 3874/72/34 3875/72/34
f 3819/72/34 3530/72/34 3531/72/34
f 3818/72/34 3819/72/34 3531/72/34
f 2996/72/34 3875/72/34 3876/72/34
f 2996/72/34 3876/72/34 3877/72/34
f 3817/72/34 3818/72/34 3531/72/34
f 2996/72/34 3877/72/34 3878/72/34
f 2996/72/34 3878/72/34 3879/72/34
f 2996/72/34 3879/72/34 3880/72/34
f 3817/72/34 3531/72/34 3532/72/34
f 3816/72/34 3817/72/34 3532/72/34
f 2996/72/34 3880/72/34 3881/72/34
f 2996/72/34 3881/72/34 3882/72/34
f 2996/72/34 3882/72/34 3883/72/34
f 3815/72/34 3816/72/34 3532/72/34
f 2995/72/34 2996/72/34 3883/72/34
f 2995/72/34 3883/72/34 3884/72/34
f 2995/72/34 3884/72/34 3885/72/34
f 2995/72/34 3885/72/34 3886/72/34
f 3815/72/34 3532/72/34 3533/72/34
f 2995/72/34 3886/72/34 3887/72/34
f 2995/72/34 3887/72/34 3888/72/34
f 3814/72/34 3815/72/34 3533/72/34
f 2995/72/34 3888/72/34 3889/72/34
f 3814/72/34 3533/72/34 3534/72/34
f 3813/72/34 3814/72/34 3534/72/34
f 2995/72/34 3889/72/34 3890/72/34
f 2994/72/34 2995/72/34 3890/72/34
f 3812/72/34 3813/72/34 3534/72/34
f 3812/72/34 3534/72/34 3535/72/34
f 3811/72/34 3812/72/34 3535/72/34
f 2994/72/34 3890/72/34 3891/72/34
f 3810/72/34 3811/72/34 3535/72/34
f 3810/72/34 3535/72/34 3536/72/34
f 3809/72/34 3810/72/34 3536/72/34
f 2993/72/34 2994/72/34 3891/72/34
f 2993/72/34 3891/72/34 3892/72/34
f 3808/72/34 3809/72/34 3536/72/34
f 3808/72/34 3536/72/34 3537/72/34
f 3807/72/34 3808/72/34 3537/72/34
f 3806/72/34 3807/72/34 3537/72/34
f 3805/72/34 3806/72/34 3537/72/34
f 2993/72/34 3892/72/34 3893/72/34
f 3804/72/34 3805/72/34 3537/72/34
f 3803/72/34 3804/72/34 3537/72/34
f 3803/72/34 3537/72/34 3538/72/34
f 2992/72/34 2993/72/34 3893/72/34
f 3802/72/34 3803/72/34 3538/72/34
f 3802/72/34 3538/72/34 3539/72/34
f 2992/72/34 3893/72/34 3894/72/34
f 3801/72/34 3802/72/34 3539/72/34
f 3800/72/34 3801/72/34 3539/72/34
f 3800/72/34 3539/72/34 3540/72/34
f 2992/72/34 3894/72/34 3895/72/34
f 3799/72/34 3800/72/34 3540/72/34
f 2991/72/34 2992/72/34 3895/72/34
f 3798/72/34 3799/72/34 3540/72/34
f 3797/72/34 3798/72/34 3792/72/34
f 3792/72/31 3798/72/31 3540/72/31
f 3797/72/34 3792/72/34 3793/72/34
f 3791/72/34 3792/72/34 3540/72/34
f 3791/72/34 3540/72/34 3541/72/34
f 3796/72/34 3797/72/34 3793/72/34
f 3796/72/34 3793/72/34 3794/72/34
f 3795/72/34 3796/72/34 3794/72/34
f 2991/72/34 3895/72/34 3896/72/34
f 3791/72/34 3541/72/34 3542/72/34
f 3790/72/34 3791/72/34 3542/72/34
f 3790/72/34 3542/72/34 3543/72/34
f 2990/72/34 2991/72/34 3896/72/34
f 3789/72/34 3790/72/34 3543/72/34
f 2990/72/34 3896/72/34 3897/72/34
f 3789/72/34 3543/72/34 3544/72/34
f 3788/72/34 3789/72/34 3544/72/34
f 3788/72/34 3544/72/34 3545/72/34
f 3787/72/34 3788/72/34 3545/72/34
f 3787/72/34 3545/72/34 3546/72/34
f 2990/72/34 3897/72/34 3898/72/34
f 2989/72/34 2990/72/34 3898/72/34
f 3786/72/34 3787/72/34 3546/72/34
f 3786/72/34 3546/72/34 3547/72/34
f 3785/72/34 3786/72/34 3547/72/34
f 3785/72/34 3547/72/34 3548/72/34
f 2989/72/34 3898/72/34 3899/72/34
f 3784/72/34 3785/72/34 3548/72/34
f 3784/72/34 3548/72/34 3549/72/34
f 2988/72/34 2989/72/34 3899/72/34
f 3784/72/34 3549/72/34 3550/72/34
f 3783/72/34 3784/72/34 3550/72/34
f 2988/72/34 3899/72/34 3900/72/34
f 3783/72/34 3550/72/34 3551/72/34
f 3782/72/34 3783/72/34 3551/72/34
f 3782/72/34 3551/72/34 3552/72/34
f 3781/72/34 3782/72/34 3552/72/34
f 2987/72/34 2988/72/34 3900/72/34
f 2987/72/34 3900/72/34 3901/72/34
f 3781/72/34 3552/72/34 3553/72/34
f 3780/72/34 3781/72/34 3553/72/34
f 3780/72/34 3553/72/34 3554/72/34
f 3779/72/34 3780/72/34 3554/72/34
f 3779/72/34 3554/72/34 3555/72/34
f 3778/72/34 3779/72/34 3555/72/34
f 2986/72/34 2987/72/34 3901/72/34
f 3778/72/34 3555/72/34 3556/72/34
f 3777/72/34 3778/72/34 3556/72/34
f 3777/72/34 3556/72/34 3557/72/34
f 3776/72/34 3777/72/34 3557/72/34
f 3776/72/34 3557/72/34 3558/72/34
f 3775/72/34 3776/72/34 3558/72/34
f 2985/72/34 2986/72/34 3901/72/34
f 3775/72/34 3558/72/34 3559/72/34
f 3774/72/34 3775/72/34 3559/72/34
f 3774/72/34 3559/72/34 3560/72/34
f 3773/72/34 3774/72/34 3560/72/34
f 3773/72/34 3560/72/34 3561/72/34
f 3772/72/34 3773/72/34 3561/72/34
f 2984/72/34 2985/72/34 3901/72/34
f 3772/72/34 3561/72/34 3562/72/34
f 3771/72/34 3772/72/34 3562/72/34
f 3771/72/34 3562/72/34 3563/72/34
f 3770/72/34 3771/72/34 3563/72/34
f 3770/72/34 3563/72/34 3564/72/34
f 2983/72/34 2984/72/34 3901/72/34
f 3769/72/34 3770/72/34 3564/72/34
f 3769/72/34 3564/72/34 3565/72/34
f 3768/72/34 3769/72/34 3565/72/34
f 3768/72/34 3565/72/34 3566/72/34
f 3767/72/34 3768/72/34 3566/72/34
f 2982/72/34 2983/72/34 3901/72/34
f 3766/72/34 3767/72/34 3566/72/34
f 3765/72/34 3766/72/34 3566/72/34
f 3765/72/34 3566/72/34 3567/72/34
f 2982/72/34 3901/72/34 3902/72/34
f 3764/72/34 3765/72/34 3567/72/34
f 3763/72/34 3764/72/34 3567/72/34
f 2981/72/34 2982/72/34 3902/72/34
f 2981/72/34 3902/72/34 3903/72/34
f 3762/72/34 3763/72/34 3567/72/34
f 3762/72/34 3567/72/34 3568/72/34
f 3761/72/34 3762/72/34 3568/72/34
f 3760/72/34 3761/72/34 3568/72/34
f 2981/72/34 3903/72/34 3904/72/34
f 3759/72/34 3760/72/34 3568/72/34
f 3759/72/34 3568/72/34 3569/72/34
f 3758/72/34 3759/72/34 3569/72/34
f 2980/72/34 2981/72/34 3904/72/34
f 3757/72/34 3758/72/34 3569/72/34
f 2980/72/34 3904/72/34 3905/72/34
f 3756/72/34 3757/72/34 3569/72/34
f 3755/72/34 3756/72/34 3569/72/34
f 3754/72/34 3755/72/34 3569/72/34
f 3754/72/34 3569/72/34 3570/72/34
f 3753/72/34 3754/72/34 3570/72/34
f 2980/72/34 3905/72/34 3906/72/34
f 3752/72/34 3753/72/34 3570/72/34
f 2979/72/34 2980/72/34 3906/72/34
f 3751/72/34 3752/72/34 3570/72/34
f 2979/72/34 3906/72/34 3907/72/34
f 3751/72/34 3570/72/34 3571/72/34
f 3750/72/34 3751/72/34 3571/72/34
f 2979/72/34 3907/72/34 3908/72/34
f 3749/72/34 3750/72/34 3571/72/34
f 3749/72/34 3571/72/34 3572/72/34
f 2979/72/34 3908/72/34 3909/72/34
f 2978/72/34 2979/72/34 3909/72/34
f 3748/72/34 3749/72/34 3572/72/34
f 2978/72/34 3909/72/34 3910/72/34
f 3748/72/34 3572/72/34 3573/72/34
f 3747/72/34 3748/72/34 3573/72/34
f 2978/72/34 3910/72/34 3911/72/34
f 3747/72/34 3573/72/34 3574/72/34
f 2977/72/34 2978/72/34 3911/72/34
f 3746/72/34 3747/72/34 3574/72/34
f 2977/72/34 3911/72/34 3912/72/34
f 3746/72/34 3574/72/34 3575/72/34
f 2977/72/34 3912/72/34 3913/72/34
f 3745/72/34 3746/72/34 3575/72/34
f 2977/72/34 3913/72/34 3914/72/34
f 2976/72/34 2977/72/34 3914/72/34
f 3745/72/34 3575/72/34 3576/72/34
f 3744/72/34 3745/72/34 3576/72/34
f 2976/72/34 3914/72/34 3915/72/34
f 3744/72/34 3576/72/34 3577/72/34
f 2976/72/34 3915/72/34 3916/72/34
f 3743/72/34 3744/72/34 3577/72/34
f 2975/72/34 2976/72/34 3916/72/34
f 2975/72/34 3916/72/34 3917/72/34
f 3743/72/34 3577/72/34 3578/72/34
f 2975/72/34 3917/72/34 3918/72/34
f 3742/72/34 3743/72/34 3578/72/34
f 3742/72/34 3578/72/34 3579/72/34
f 2975/72/34 3918/72/34 3919/72/34
f 2974/72/34 2975/72/34 3919/72/34
f 2974/72/34 3919/72/34 3920/72/34
f 3742/72/34 3579/72/34 3580/72/34
f 3741/72/34 3742/72/34 3580/72/34
f 2974/72/34 3920/72/34 3921/72/34
f 3741/72/34 3580/72/34 3581/72/34
f 2974/72/34 3921/72/34 3922/72/34
f 3740/72/34 3741/72/34 3581/72/34
f 2973/72/34 2974/72/34 3922/72/34
f 3740/72/34 3581/72/34 3582/72/34
f 2973/72/34 3922/72/34 3923/72/34
f 2972/72/34 2973/72/34 3923/72/34
f 3739/72/34 3740/72/34 3582/72/34
f 2972/72/34 3923/72/34 3924/72/34
f 3739/72/34 3582/72/34 3583/72/34
f 2972/72/34 3924/72/34 3925/72/34
f 2971/72/34 2972/72/34 3925/72/34
f 3738/72/34 3739/72/34 3583/72/34
f 3738/72/34 3583/72/34 3584/72/34
f 2971/72/34 3925/72/34 3926/72/34
f 2970/72/34 2971/72/34 3926/72/34
f 3737/72/34 3738/72/34 3584/72/34
f 3737/72/34 3584/72/34 3585/72/34
f 2969/72/34 2970/72/34 3926/72/34
f 2969/72/34 3926/72/34 3927/72/34
f 3737/72/34 3585/72/34 3586/72/34
f 3736/72/34 3737/72/34 3586/72/34
f 2968/72/34 2969/72/34 3927/72/34
f 2967/72/34 2968/72/34 3927/72/34
f 3736/72/34 3586/72/34 3587/72/34
f 3735/72/34 3736/72/34 3587/72/34
f 2967/72/34 3927/72/34 3928/72/34
f 2966/72/34 2967/72/34 3928/72/34
f 3735/72/34 3587/72/34 3588/72/34
f 3734/72/34 3735/72/34 3588/72/34
f 2965/72/34 2966/72/34 3928/72/34
f 3734/72/34 3588/72/34 3589/72/34
f 3733/72/34 3734/72/34 3589/72/34
f 2964/72/34 2965/72/34 3928/72/34
f 2964/72/34 3928/72/34 3929/72/34
f 2963/72/34 2964/72/34 3929/72/34
f 3732/72/34 3733/72/34 3589/72/34
f 2962/72/34 2963/72/34 3929/72/34
f 2962/72/34 3929/72/34 3930/72/34
f 3731/72/34 3732/72/34 3589/72/34
f 3731/72/34 3589/72/34 3590/72/34
f 2961/72/34 2962/72/34 3930/72/34
f 3730/72/34 3731/72/34 3590/72/34
f 2960/72/34 2961/72/34 3930/72/34
f 2960/72/34 3930/72/34 3931/72/34
f 3729/72/34 3730/72/34 3590/72/34
f 2959/72/34 2960/72/34 3931/72/34
f 3728/72/34 3729/72/34 3590/72/34
f 3728/72/34 3590/72/34 3591/72/34
f 2958/72/34 2959/72/34 3931/72/34
f 2958/72/34 3931/72/34 3932/72/34
f 3727/72/34 3728/72/34 3591/72/34
f 2957/72/34 2958/72/34 3932/72/34
f 3726/72/34 3727/72/34 3591/72/34
f 2956/72/34 2957/72/34 3932/72/34
f 2956/72/34 3932/72/34 3933/72/34
f 3725/72/34 3726/72/34 3591/72/34
f 3725/72/34 3591/72/34 3592/72/34
f 2955/72/34 2956/72/34 3933/72/34
f 3724/72/34 3725/72/34 3592/72/34
f 2954/72/34 2955/72/34 3933/72/34
f 2954/72/34 3933/72/34 3934/72/34
f 3723/72/34 3724/72/34 3592/72/34
f 2953/72/34 2954/72/34 3934/72/34
f 3722/72/34 3723/72/34 3592/72/34
f 2952/72/34 2953/72/34 3934/72/34
f 3722/72/34 3592/72/34 3593/72/34
f 3721/72/34 3722/72/34 3593/72/34
f 2952/72/34 3934/72/34 3935/72/34
f 2951/72/34 2952/72/34 3935/72/34
f 3720/72/34 3721/72/34 3593/72/34
f 2950/72/34 2951/72/34 3935/72/34
f 3719/72/34 3720/72/34 3593/72/34
f 2950/72/34 3935/72/34 3936/72/34
f 2949/72/34 2950/72/34 3936/72/34
f 3719/72/34 3593/72/34 3594/72/34
f 3718/72/34 3719/72/34 3594/72/34
f 2948/72/34 2949/72/34 3936/72/34
f 3717/72/34 3718/72/34 3594/72/34
f 2948/72/34 3936/72/34 3937/72/34
f 2947/72/34 2948/72/34 3937/72/34
f 2946/72/34 2947/72/34 3937/72/34
f 3716/72/34 3717/72/34 3594/72/34
f 2945/72/34 2946/72/34 3937/72/34
f 3715/72/34 3716/72/34 3594/72/34
f 2945/72/34 3937/72/34 3938/72/34
f 3715/72/34 3594/72/34 3595/72/34
f 2944/72/34 2945/72/34 3938/72/34
f 3714/72/34 3715/72/34 3595/72/34
f 2943/72/34 2944/72/34 3938/72/34
f 2943/72/34 3938/72/34 3939/72/34
f 2942/72/34 2943/72/34 3939/72/34
f 3713/72/34 3714/72/34 3595/72/34
f 2942/72/34 3939/72/34 3940/72/34
f 2941/72/34 2942/72/34 3940/72/34
f 3712/72/34 3713/72/34 3595/72/34
f 2941/72/34 3940/72/34 3941/72/34
f 2940/72/34 2941/72/34 3941/72/34
f 3712/72/34 3595/72/34 3596/72/34
f 2939/72/34 2940/72/34 3941/72/34
f 3711/72/34 3712/72/34 3596/72/34
f 2939/72/34 3941/72/34 3942/72/34
f 2938/72/34 2939/72/34 3942/72/34
f 2938/72/34 3942/72/34 3943/72/34
f 3710/72/34 3711/72/34 3596/72/34
f 2937/72/34 2938/72/34 3943/72/34
f 2937/72/34 3943/72/34 3944/72/34
f 2936/72/34 2937/72/34 3944/72/34
f 3709/72/34 3710/72/34 3596/72/34
f 3709/72/34 3596/72/34 3597/72/34
f 2935/72/34 2936/72/34 3944/72/34
f 2935/72/34 3944/72/34 3945/72/34
f 3708/72/34 3709/72/34 3597/72/34
f 2934/72/34 2935/72/34 3945/72/34
f 2934/72/34 3945/72/34 3946/72/34
f 3707/72/34 3708/72/34 3597/72/34
f 2933/72/34 2934/72/34 3946/72/34
f 2933/72/34 3946/72/34 3947/72/34
f 3707/72/34 3597/72/34 3598/72/34
f 2932/72/34 2933/72/34 3947/72/34
f 3706/72/34 3707/72/34 3598/72/34
f 2932/72/34 3947/72/34 3948/72/34
f 2931/72/34 2932/72/34 3948/72/34
f 3705/72/34 3706/72/34 3598/72/34
f 2931/72/34 3948/72/34 3949/72/34
f 2930/72/34 2931/72/34 3949/72/34
f 3704/72/34 3705/72/34 3598/72/34
f 2930/72/34 3949/72/34 3950/72/34
f 2929/72/34 2930/72/34 3950/72/34
f 3703/72/34 3704/72/34 3598/72/34
f 3703/72/34 3598/72/34 3599/72/34
f 2929/72/34 3950/72/34 3951/72/34
f 2928/72/34 2929/72/34 3951/72/34
f 3702/72/34 3703/72/34 3599/72/34
f 2928/72/34 3951/72/34 3952/72/34
f 3701/72/34 3702/72/34 3599/72/34
f 2927/72/34 2928/72/34 3952/72/34
f 2927/72/34 3952/72/34 3953/72/34
f 3700/72/34 3701/72/34 3599/72/34
f 2926/72/34 2927/72/34 3953/72/34
f 3699/72/34 3700/72/34 3599/72/34
f 3699/72/34 3599/72/34 3600/72/34
f 2926/72/34 3953/72/34 3954/72/34
f 3698/72/34 3699/72/34 3600/72/34
f 2925/72/34 2926/72/34 3954/72/34
f 3697/72/34 3698/72/34 3600/72/34
f 2924/72/34 2925/72/34 3954/72/34
f 2924/72/34 3954/72/34 3955/72/34
f 2923/72/34 2924/72/34 3955/72/34
f 3696/72/34 3697/72/34 3600/72/34
f 4068/72/34 3696/72/34 3600/72/34
f 2922/72/34 2923/72/34 3955/72/34
f 2922/72/34 3955/72/34 3956/72/34
f 4067/72/34 4068/72/34 3600/72/34
f 2921/72/34 2922/72/34 3956/72/34
f 4066/72/34 4067/72/34 3600/72/34
f 2920/72/34 2921/72/34 3956/72/34
f 4065/72/34 4066/72/34 3600/72/34
f 2920/72/34 3956/72/34 3957/72/34
f 2919/72/34 2920/72/34 3957/72/34
f 4065/72/34 3600/72/34 3601/72/34
f 4064/72/34 4065/72/34 3601/72/34
f 2918/72/34 2919/72/34 3957/72/34
f 4063/72/34 4064/72/34 3601/72/34
f 2918/72/34 3957/72/34 3958/72/34
f 2917/72/34 2918/72/34 3958/72/34
f 4062/72/34 4063/72/34 3601/72/34
f 2916/72/34 2917/72/34 3958/72/34
f 2916/72/34 3958/72/34 3959/72/34
f 4061/72/34 4062/72/34 3601/72/34
f 2915/72/34 2916/72/34 3959/72/34
f 2914/72/34 2915/72/34 3959/72/34
f 4060/72/34 4061/72/34 3601/72/34
f 2914/72/34 3959/72/34 3960/72/34
f 2913/72/34 2914/72/34 3960/72/34
f 4059/72/34 4060/72/34 3601/72/34
f 4059/72/34 3601/72/34 3602/72/34
f 2912/72/34 2913/72/34 3960/72/34
f 2912/72/34 3960/72/34 3961/72/34
f 4058/72/34 4059/72/34 3602/72/34
f 2911/72/34 2912/72/34 3961/72/34
f 2911/72/34 3961/72/34 3962/72/34
f 4057/72/34 4058/72/34 3602/72/34
f 2910/72/34 2911/72/34 3962/72/34
f 2910/72/34 3962/72/34 3963/72/34
f 2910/72/34 3963/72/34 3964/72/34
f 2910/72/34 3964/72/34 3965/72/34
f 2909/72/34 2910/72/34 3965/72/34
f 4056/72/34 4057/72/34 3602/72/34
f 2909/72/34 3965/72/34 3966/72/34
f 2908/72/34 2909/72/34 3966/72/34
f 2908/72/34 3966/72/34 3967/72/34
f 4055/72/34 4056/72/34 3602/72/34
f 2907/72/34 2908/72/34 3967/72/34
f 2907/72/34 3967/72/34 3968/72/34
f 4055/72/34 3602/72/34 3603/72/34
f 2907/72/34 3968/72/34 3969/72/34
f 4054/72/34 4055/72/34 3603/72/34
f 2906/72/34 2907/72/34 3969/72/34
f 2906/72/34 3969/72/34 3970/72/34
f 2905/72/34 2906/72/34 3970/72/34
f 4053/72/34 4054/72/34 3603/72/34
f 2905/72/34 3970/72/34 3971/72/34
f 2904/72/34 2905/72/34 3971/72/34
f 4052/72/34 4053/72/34 3603/72/34
f 2904/72/34 3971/72/34 3972/72/34
f 2903/72/34 2904/72/34 3972/72/34
f 4051/72/34 4052/72/34 3603/72/34
f 4051/72/34 3603/72/34 3604/72/34
f 2903/72/34 3972/72/34 3973/72/34
f 2902/72/34 2903/72/34 3973/72/34
f 4050/72/34 4051/72/34 3604/72/34
f 2901/72/34 2902/72/34 3973/72/34
f 2901/72/34 3973/72/34 3974/72/34
f 4049/72/34 4050/72/34 3604/72/34
f 2901/72/34 3974/72/34 3975/72/34
f 4048/72/34 4049/72/34 3604/72/34
f 2901/72/34 3975/72/34 3976/72/34
f 4047/72/34 4048/72/34 3604/72/34
f 4047/72/34 3604/72/34 3605/72/34
f 2900/72/34 2901/72/34 3976/72/34
f 2900/72/34 3976/72/34 3977/72/34
f 4046/72/34 4047/72/34 3605/72/34
f 2900/72/34 3977/72/34 3978/72/34
f 4045/72/34 4046/72/34 3605/72/34
f 2900/72/34 3978/72/34 3979/72/34
f 4044/72/34 4045/72/34 3605/72/34
f 2900/72/34 3979/72/34 3980/72/34
f 2900/72/34 3980/72/34 3981/72/34
f 4043/72/34 4044/72/34 3605/72/34
f 4008/72/34 4009/72/34 4010/72/34
f 4007/72/34 4008/72/34 4010/72/34
f 4006/72/34 4007/72/34 4010/72/34
f 4005/72/34 4006/72/34 4010/72/34
f 4004/72/34 4005/72/34 4010/72/34
f 4003/72/34 4004/72/34 4010/72/34
f 4002/72/34 4003/72/34 4010/72/34
f 4001/72/34 4002/72/34 4010/72/34
f 4001/72/34 4010/72/34 4011/72/34
f 2900/72/34 3981/72/34 3982/72/34
f 4000/72/34 4001/72/34 4011/72/34
f 2899/72/34 2900/72/34 3982/72/34
f 3999/72/34 4000/72/34 4011/72/34
f 3998/72/34 3999/72/34 4011/72/34
f 3998/72/34 4011/72/34 4012/72/34
f 3997/72/34 3998/72/34 4012/72/34
f 3996/72/34 3997/72/34 4012/72/34
f 3996/72/34 4012/72/34 4013/72/34
f 2899/72/34 3982/72/34 3983/72/34
f 3995/72/34 3996/72/34 4013/72/34
f 4042/72/34 4043/72/34 3605/72/34
f 3994/72/34 3995/72/34 4013/72/34
f 3993/72/34 3994/72/34 4013/72/34
f 3992/72/34 3993/72/34 4013/72/34
f 3992/72/34 4013/72/34 4014/72/34
f 2899/72/34 3983/72/34 3984/72/34
f 3991/72/34 3992/72/34 4014/72/34
f 3990/72/34 3991/72/34 4014/72/34
f 3989/72/34 3990/72/34 4014/72/34
f 3988/72/34 3989/72/34 4014/72/34
f 2899/72/34 3984/72/34 3985/72/34
f 3987/72/34 3988/72/34 4014/72/34
f 3986/72/34 3987/72/34 4014/72/34
f 3985/72/34 3986/72/34 4014/72/34
f 2899/72/34 3985/72/34 4014/72/34
f 4042/72/34 3605/72/34 3606/72/34
f 2899/72/34 4014/72/34 4015/72/34
f 2899/72/34 4015/72/34 4016/72/34
f 4041/72/34 4042/72/34 3606/72/34
f 2899/72/34 4016/72/34 4017/72/34
f 2899/72/34 4017/72/34 4018/72/34
f 4040/72/34 4041/72/34 3606/72/34
f 2899/72/34 4018/72/34 4019/72/34
f 2899/72/34 4019/72/34 4020/72/34
f 4039/72/34 4040/72/34 3606/72/34
f 2899/72/34 4020/72/34 4021/72/34
f 2899/72/34 4021/72/34 4022/72/34
f 4038/72/34 4039/72/34 3606/72/34
f 2899/72/34 4022/72/34 4023/72/34
f 2898/72/34 2899/72/34 4023/72/34
f 2898/72/34 4023/72/34 4024/72/34
f 4037/72/34 4038/72/34 3606/72/34
f 2898/72/34 4024/72/34 4025/72/34
f 2898/72/34 4025/72/34 4026/72/34
f 4036/72/34 4037/72/34 3606/72/34
f 2898/72/34 4026/72/34 4027/72/34
f 2898/72/34 4027/72/34 4028/72/34
f 4035/72/34 4036/72/34 3606/72/34
f 2898/72/34 4028/72/34 4029/72/34
f 4035/72/34 3606/72/34 3607/72/34
f 2898/72/34 4029/72/34 4030/72/34
f 4034/72/34 4035/72/34 3607/72/34
f 2898/72/34 4030/72/34 4031/72/34
f 2898/72/34 4031/72/34 4032/72/34
f 4033/72/34 4034/72/34 3607/72/34
f 2898/72/34 4032/72/34 4033/72/34
f 2898/72/34 4033/72/34 3607/72/34
f 2897/72/34 2898/72/34 3607/72/34
f 2897/72/34 3607/72/34 3608/72/34
f 2896/72/34 2897/72/34 3608/72/34
f 2896/72/34 3608/72/34 3609/72/34
f 2895/72/34 2896/72/34 3609/72/34
f 2895/72/34 3609/72/34 3610/72/34
f 2894/72/34 2895/72/34 3610/72/34
f 2894/72/34 3610/72/34 3611/72/34
f 2893/72/34 2894/72/34 3611/72/34
f 2893/72/34 3611/72/34 3612/72/34
f 2892/72/34 2893/72/34 3612/72/34
f 2892/72/34 3612/72/34 3613/72/34
f 2891/72/34 2892/72/34 3613/72/34
f 2891/72/34 3613/72/34 3614/72/34
f 2890/72/34 2891/72/34 3614/72/34
f 2890/72/34 3614/72/34 3615/72/34
f 2889/72/34 2890/72/34 3615/72/34
f 2889/72/34 3615/72/34 3616/72/34
f 2888/72/34 2889/72/34 3616/72/34
f 2887/72/34 2888/72/34 3616/72/34
f 2886/72/34 2887/72/34 3616/72/34
f 2885/72/34 2886/72/34 3616/72/34
f 2884/72/34 2885/72/34 3616/72/34
f 2884/72/34 3616/72/34 3617/72/34
f 2883/72/34 2884/72/34 3617/72/34
f 2882/72/34 2883/72/34 3617/72/34
f 2881/72/34 2882/72/34 3617/72/34
f 2880/72/34 2881/72/34 3617/72/34
f 2879/72/34 2880/72/34 3617/72/34
f 2878/72/34 2879/72/34 3617/72/34
f 2877/72/34 2878/72/34 3617/72/34
f 2877/72/34 3617/72/34 3618/72/34
f 2876/72/34 2877/72/34 3618/72/34
f 2875/72/34 2876/72/34 3618/72/34
f 2875/72/34 3618/72/34 3619/72/34
f 2874/72/34 2875/72/34 3619/72/34
f 2873/72/34 2874/72/34 3619/72/34
f 2873/72/34 3619/72/34 3620/72/34
f 2872/72/34 2873/72/34 3620/72/34
f 2871/72/34 2872/72/34 3620/72/34
f 2871/72/34 3620/72/34 3621/72/34
f 2870/72/34 2871/72/34 3621/72/34
f 2869/72/34 2870/72/34 3621/72/34
f 2869/72/34 3621/72/34 3622/72/34
f 2868/72/34 2869/72/34 3622/72/34
f 2867/72/34 2868/72/34 3622/72/34
f 2867/72/34 3622/72/34 3623/72/34
f 2866/72/34 2867/72/34 3623/72/34
f 2865/72/34 2866/72/34 3623/72/34
f 2865/72/34 3623/72/34 3624/72/34
f 2864/72/34 2865/72/34 3624/72/34
f 2863/72/34 2864/72/34 3624/72/34
f 2863/72/34 3624/72/34 3625/72/34
f 2862/72/34 2863/72/34 3625/72/34
f 2861/72/34 2862/72/34 3625/72/34
f 2861/72/34 3625/72/34 3626/72/34
f 2860/72/34 2861/72/34 3626/72/34
f 2859/72/34 2860/72/34 3626/72/34
f 2859/72/34 3626/72/34 3627/72/34
f 2858/72/34 2859/72/34 3627/72/34
f 2857/72/34 2858/72/34 3627/72/34
f 2856/72/34 2857/72/34 3627/72/34
f 2856/72/34 3627/72/34 3628/72/34
f 2855/72/34 2856/72/34 3628/72/34
f 2854/72/34 2855/72/34 3628/72/34
f 2854/72/34 3628/72/34 3629/72/34
f 2853/72/34 2854/72/34 3629/72/34
f 2852/72/34 2853/72/34 3629/72/34
f 2851/72/34 2852/72/34 3629/72/34
f 2851/72/34 3629/72/34 3630/72/34
f 2850/72/34 2851/72/34 3630/72/34
f 2849/72/34 2850/72/34 3630/72/34
f 2848/72/34 2849/72/34 3630/72/34
f 2847/72/34 2848/72/34 3630/72/34
f 2847/72/34 3630/72/34 3631/72/34
f 2846/72/34 2847/72/34 3631/72/34
f 2845/72/34 2846/72/34 3631/72/34
f 2844/72/34 2845/72/34 3631/72/34
f 2843/72/34 2844/72/34 3631/72/34
f 2843/72/34 3631/72/34 3632/72/34
f 2842/72/34 2843/72/34 3632/72/34
f 2841/72/34 2842/72/34 3632/72/34
f 2840/72/34 2841/72/34 3632/72/34
f 2840/72/34 3632/72/34 3633/72/34
f 2839/72/34 2840/72/34 3633/72/34
f 2838/72/34 2839/72/34 3633/72/34
f 2837/72/34 2838/72/34 3633/72/34
f 2837/72/34 3633/72/34 3634/72/34
f 2836/72/34 2837/72/34 3634/72/34
f 2835/72/34 2836/72/34 3634/72/34
f 2834/72/34 2835/72/34 3634/72/34
f 2833/72/34 2834/72/34 3634/72/34
f 2833/72/34 3634/72/34 3635/72/34
f 2832/72/34 2833/72/34 3635/72/34
f 2831/72/34 2832/72/34 3635/72/34
f 2830/72/34 2831/72/34 3635/72/34
f 2830/72/34 3635/72/34 3636/72/34
f 2829/72/34 2830/72/34 3636/72/34
f 2828/72/34 2829/72/34 3636/72/34
f 2827/72/34 2828/72/34 3636/72/34
f 2827/72/34 3636/72/34 3637/72/34
f 2826/72/34 2827/72/34 3637/72/34
f 2825/72/34 2826/72/34 3637/72/34
f 2825/72/34 3637/72/34 3638/72/34
f 2824/72/34 2825/72/34 3638/72/34
f 2824/72/34 3638/72/34 3639/72/34
f 2823/72/34 2824/72/34 3639/72/34
f 2823/72/34 3639/72/34 3640/72/34
f 2822/72/34 2823/72/34 3640/72/34
f 2821/72/34 2822/72/34 3640/72/34
f 2821/72/34 3640/72/34 3641/72/34
f 2820/72/34 2821/72/34 3641/72/34
f 2820/72/34 3641/72/34 3642/72/34
f 2819/72/34 2820/72/34 3642/72/34
f 2819/72/34 3642/72/34 3643/72/34
f 2818/72/34 2819/72/34 3643/72/34
f 2818/72/34 3643/72/34 3644/72/34
f 2817/72/34 2818/72/34 3644/72/34
f 2817/72/34 3644/72/34 3645/72/34
f 2816/72/34 2817/72/34 3645/72/34
f 2816/72/34 3645/72/34 3646/72/34
f 2815/72/34 2816/72/34 3646/72/34
f 2814/72/34 2815/72/34 3646/72/34
f 2814/72/34 3646/72/34 3647/72/34
f 2813/72/34 2814/72/34 3647/72/34
f 2813/72/34 3647/72/34 3648/72/34
f 2812/72/34 2813/72/34 3648/72/34
f 2812/72/34 3648/72/34 3649/72/34
f 2811/72/34 2812/72/34 3649/72/34
f 2811/72/34 3649/72/34 3650/72/34
f 2810/72/34 2811/72/34 3650/72/34
f 2810/72/34 3650/72/34 3651/72/34
f 2809/72/34 2810/72/34 3651/72/34
f 2809/72/34 3651/72/34 3652/72/34
f 2808/72/34 2809/72/34 3652/72/34
f 2808/72/34 3652/72/34 3653/72/34
f 2807/72/34 2808/72/34 3653/72/34
f 2806/72/34 2807/72/34 3653/72/34
f 2806/72/34 3653/72/34 3654/72/34
f 2805/72/34 2806/72/34 3654/72/34
f 2805/72/34 3654/72/34 3655/72/34
f 2804/72/34 2805/72/34 3655/72/34
f 2803/72/34 2804/72/34 2284/72/34
f 2284/72/34 2804/72/34 3655/72/34
f 2803/72/34 2284/72/34 2285/72/34
f 2283/72/34 2284/72/34 3655/72/34
f 2283/72/34 3655/72/34 3656/72/34
f 2803/72/34 2285/72/34 2286/72/34
f 2803/72/34 2286/72/34 2287/72/34
f 2803/72/34 2287/72/34 2288/72/34
f 2803/72/34 2288/72/34 2289/72/34
f 2803/72/34 2289/72/34 2290/72/34
f 2803/72/34 2290/72/34 2291/72/34
f 2803/72/34 2291/72/34 2292/72/34
f 2802/72/34 2803/72/34 2292/72/34
f 2802/72/34 2292/72/34 2293/72/34
f 2802/72/34 2293/72/34 2294/72/34
f 2802/72/34 2294/72/34 2295/72/34
f 2283/72/34 3656/72/34 3657/72/34
f 2801/72/34 2802/72/34 2295/72/34
f 2801/72/34 2295/72/34 2296/72/34
f 2801/72/34 2296/72/34 2337/72/34
f 2337/72/34 2296/72/34 2336/72/34
f 2336/72/34 2296/72/34 2320/72/34
f 2320/72/34 2296/72/34 2319/72/34
f 2319/72/34 2296/72/34 2297/72/34
f 2801/72/34 2337/72/34 2338/72/34
f 2335/72/34 2336/72/34 2320/72/34
f 2801/72/34 2338/72/34 2339/72/34
f 2334/72/34 2335/72/34 2320/72/34
f 2801/72/34 2339/72/34 2340/72/34
f 2800/72/34 2801/72/34 2340/72/34
f 2333/72/34 2334/72/34 2320/72/34
f 2800/72/34 2340/72/34 2380/72/34
f 2380/72/34 2340/72/34 2341/72/34
f 2332/72/34 2333/72/34 2320/72/34
f 2380/72/34 2341/72/34 2342/72/34
f 2800/72/34 2380/72/34 2381/72/34
f 2379/72/34 2380/72/34 2342/72/34
f 2331/72/31 2332/72/31 2320/72/31
f 2330/72/31 2331/72/31 2320/72/31
f 2329/72/31 2330/72/31 2320/72/31
f 2328/72/31 2329/72/31 2320/72/31
f 2327/72/31 2328/72/31 2320/72/31
f 2326/72/31 2327/72/31 2320/72/31
f 2325/72/31 2326/72/31 2320/72/31
f 2324/72/31 2325/72/31 2320/72/31
f 2323/72/31 2324/72/31 2320/72/31
f 2322/72/31 2323/72/31 2320/72/31
f 2321/72/31 2322/72/31 2320/72/31
f 2378/72/34 2379/72/34 2342/72/34
f 2377/72/34 2378/72/34 2342/72/34
f 2318/72/34 2319/72/34 2297/72/34
f 2376/72/34 2377/72/34 2342/72/34
f 2376/72/34 2342/72/34 2343/72/34
f 2375/72/34 2376/72/34 2343/72/34
f 2317/72/34 2318/72/34 2297/72/34
f 2283/72/34 3657/72/34 3658/72/34
f 2374/72/34 2375/72/34 2343/72/34
f 2373/72/34 2374/72/34 2343/72/34
f 2316/72/34 2317/72/34 2297/72/34
f 2373/72/34 2343/72/34 2344/72/34
f 2800/72/34 2381/72/34 2382/72/34
f 2372/72/34 2373/72/34 2344/72/34
f 2371/72/34 2372/72/34 2344/72/34
f 2315/72/34 2316/72/34 2297/72/34
f 2371/72/34 2344/72/34 2345/72/34
f 2370/72/34 2371/72/34 2345/72/34
f 2800/72/34 2382/72/34 2383/72/34
f 2369/72/34 2370/72/34 2345/72/34
f 2314/72/34 2315/72/34 2297/72/34
f 2369/72/34 2345/72/34 2346/72/34
f 2799/72/34 2800/72/34 2383/72/34
f 2368/72/34 2369/72/34 2346/72/34
f 2368/72/34 2346/72/34 2347/72/34
f 2367/72/34 2368/72/34 2347/72/34
f 2313/72/34 2314/72/34 2297/72/34
f 2313/72/34 2297/72/34 2298/72/34
f 2799/72/34 2383/72/34 2384/72/34
f 2367/72/34 2347/72/34 2348/72/34
f 2366/72/34 2367/72/34 2348/72/34
f 2365/72/34 2366/72/34 2348/72/34
f 2365/72/34 2348/72/34 2349/72/34
f 2312/72/34 2313/72/34 2298/72/34
f 2799/72/34 2384/72/34 2385/72/34
f 2364/72/34 2365/72/34 2349/72/34
f 2364/72/34 2349/72/34 2350/72/34
f 2363/72/34 2364/72/34 2350/72/34
f 2363/72/34 2350/72/34 2351/72/34
f 2362/72/34 2363/72/34 2351/72/34
f 2283/72/34 3658/72/34 3659/72/34
f 2362/72/34 2351/72/34 2352/72/34
f 2361/72/34 2362/72/34 2352/72/34
f 2799/72/34 2385/72/34 2386/72/34
f 2311/72/34 2312/72/34 2298/72/34
f 2360/72/34 2361/72/34 2352/72/34
f 2360/72/34 2352/72/34 2353/72/34
f 2798/72/34 2799/72/34 2386/72/34
f 2359/72/34 2360/72/34 2353/72/34
f 2359/72/34 2353/72/34 2354/72/34
f 2358/72/34 2359/72/34 2354/72/34
f 2358/72/34 2354/72/34 2355/72/34
f 2357/72/34 2358/72/34 2355/72/34
f 2357/72/34 2355/72/34 2356/72/34
f 2798/72/34 2386/72/34 2387/72/34
f 2310/72/34 2311/72/34 2298/72/34
f 2798/72/34 2387/72/34 2388/72/34
f 2310/72/34 2298/72/34 2299/72/34
f 2309/72/34 2310/72/34 2299/72/34
f 2798/72/34 2388/72/34 2389/72/34
f 2797/72/34 2798/72/34 2389/72/34
f 2797/72/34 2389/72/34 2390/72/34
f 2283/72/34 3659/72/34 3660/72/34
f 2308/72/34 2309/72/34 2299/72/34
f 2797/72/34 2390/72/34 2391/72/34
f 2307/72/34 2308/72/34 2299/72/34
f 2282/72/34 2283/72/34 3660/72/34
f 2797/72/34 2391/72/34 2392/72/34
f 2796/72/34 2797/72/34 2392/72/34
f 2307/72/34 2299/72/34 2300/72/34
f 2796/72/34 2392/72/34 2393/72/34
f 2796/72/34 2393/72/34 2394/72/34
f 2282/72/34 3660/72/34 3661/72/34
f 2306/72/34 2307/72/34 2300/72/34
f 2306/72/34 2300/72/34 2301/72/34
f 2796/72/34 2394/72/34 2395/72/34
f 2795/72/34 2796/72/34 2395/72/34
f 2795/72/34 2395/72/34 2396/72/34
f 2305/72/34 2306/72/34 2301/72/34
f 2305/72/34 2301/72/34 2302/72/34
f 2282/72/34 3661/72/34 3662/72/34
f 2795/72/34 2396/72/34 2397/72/34
f 2281/72/34 2282/72/34 3662/72/34
f 2794/72/34 2795/72/34 2397/72/34
f 2304/72/34 2305/72/34 2302/72/34
f 2304/72/34 2302/72/34 2303/72/34
f 2794/72/34 2397/72/34 2398/72/34
f 2281/72/34 3662/72/34 3663/72/34
f 2794/72/34 2398/72/34 2399/72/34
f 2793/72/34 2794/72/34 2399/72/34
f 2793/72/34 2399/72/34 2400/72/34
f 2281/72/34 3663/72/34 3664/72/34
f 2793/72/34 2400/72/34 2401/72/34
f 2280/72/34 2281/72/34 3664/72/34
f 2792/72/34 2793/72/34 2401/72/34
f 2792/72/34 2401/72/34 2402/72/34
f 2280/72/34 3664/72/34 3665/72/34
f 2792/72/34 2402/72/34 2403/72/34
f 2791/72/34 2792/72/34 2403/72/34
f 2791/72/34 2403/72/34 2404/72/34
f 2280/72/34 3665/72/34 3666/72/34
f 2790/72/34 2791/72/34 2404/72/34
f 2790/72/34 2404/72/34 2405/72/34
f 2279/72/34 2280/72/34 3666/72/34
f 2790/72/34 2405/72/34 2406/72/34
f 2789/72/34 2790/72/34 2406/72/34
f 2279/72/34 3666/72/34 3667/72/34
f 2789/72/34 2406/72/34 2407/72/34
f 2789/72/34 2407/72/34 2408/72/34
f 2788/72/34 2789/72/34 2408/72/34
f 2279/72/34 3667/72/34 3668/72/34
f 2788/72/34 2408/72/34 2409/72/34
f 2278/72/34 2279/72/34 3668/72/34
f 2788/72/34 2409/72/34 2410/72/34
f 2787/72/34 2788/72/34 2410/72/34
f 2787/72/34 2410/72/34 2411/72/34
f 2787/72/34 2411/72/34 2412/72/34
f 2278/72/34 3668/72/34 3669/72/34
f 2787/72/34 2412/72/34 2413/72/34
f 2786/72/34 2787/72/34 2413/72/34
f 2786/72/34 2413/72/34 2414/72/34
f 2786/72/34 2414/72/34 2415/72/34
f 2786/72/34 2415/72/34 2416/72/34
f 2786/72/34 2416/72/34 2417/72/34
f 2277/72/34 2278/72/34 3669/72/34
f 2786/72/34 2417/72/34 2418/72/34
f 2785/72/34 2786/72/34 2418/72/34
f 2277/72/34 3669/72/34 3670/72/34
f 2785/72/34 2418/72/34 2419/72/34
f 2785/72/34 2419/72/34 2420/72/34
f 2785/72/34 2420/72/34 2421/72/34
f 2785/72/34 2421/72/34 2422/72/34
f 2785/72/34 2422/72/34 2423/72/34
f 2785/72/34 2423/72/34 2424/72/34
f 2785/72/34 2424/72/34 2425/72/34
f 2784/72/34 2785/72/34 2425/72/34
f 2784/72/34 2425/72/34 2426/72/34
f 2784/72/34 2426/72/34 2427/72/34
f 2784/72/34 2427/72/34 2428/72/34
f 2784/72/34 2428/72/34 2429/72/34
f 2784/72/34 2429/72/34 2430/72/34
f 2784/72/34 2430/72/34 2431/72/34
f 2277/72/34 3670/72/34 3671/72/34
f 2784/72/34 2431/72/34 2432/72/34
f 2784/72/34 2432/72/34 2433/72/34
f 2784/72/34 2433/72/34 2434/72/34
f 2783/72/34 2784/72/34 2434/72/34
f 2783/72/34 2434/72/34 2435/72/34
f 2783/72/34 2435/72/34 2436/72/34
f 2276/72/34 2277/72/34 3671/72/34
f 2783/72/34 2436/72/34 2437/72/34
f 2782/72/34 2783/72/34 2437/72/34
f 2782/72/34 2437/72/34 2438/72/34
f 2276/72/34 3671/72/34 3672/72/34
f 2782/72/34 2438/72/34 2439/72/34
f 2782/72/34 2439/72/34 2440/72/34
f 2781/72/34 2782/72/34 2440/72/34
f 2781/72/34 2440/72/34 2441/72/34
f 2276/72/34 3672/72/34 3673/72/34
f 2781/72/34 2441/72/34 2442/72/34
f 2781/72/34 2442/72/34 2443/72/34
f 2275/72/34 2276/72/34 3673/72/34
f 2781/72/34 2443/72/34 2444/72/34
f 2781/72/34 2444/72/34 2445/72/34
f 2275/72/34 3673/72/34 3674/72/34
f 2781/72/34 2445/72/34 2446/72/34
f 2781/72/34 2446/72/34 2447/72/34
f 2781/72/34 2447/72/34 2448/72/34
f 2275/72/34 3674/72/34 3675/72/34
f 2274/72/34 2275/72/34 3675/72/34
f 2781/72/34 2448/72/34 2449/72/34
f 2781/72/34 2449/72/34 2450/72/34
f 2274/72/34 3675/72/34 3676/72/34
f 2781/72/34 2450/72/34 2451/72/34
f 2781/72/34 2451/72/34 2452/72/34
f 2781/72/34 2452/72/34 2453/72/34
f 2781/72/34 2453/72/34 2454/72/34
f 2274/72/34 3676/72/34 3677/72/34
f 2781/72/34 2454/72/34 2455/72/34
f 2781/72/34 2455/72/34 2456/72/34
f 2781/72/34 2456/72/34 2457/72/34
f 2273/72/34 2274/72/34 3677/72/34
f 2781/72/34 2457/72/34 2458/72/34
f 2781/72/34 2458/72/34 2459/72/34
f 2781/72/34 2459/72/34 2460/72/34
f 2781/72/34 2460/72/34 2461/72/34
f 2273/72/34 3677/72/34 3678/72/34
f 2781/72/34 2461/72/34 2462/72/34
f 2781/72/34 2462/72/34 2463/72/34
f 2781/72/34 2463/72/34 2464/72/34
f 2781/72/34 2464/72/34 2465/72/34
f 2781/72/34 2465/72/34 2466/72/34
f 2273/72/34 3678/72/34 3679/72/34
f 2781/72/34 2466/72/34 2467/72/34
f 2781/72/34 2467/72/34 2468/72/34
f 2272/72/34 2273/72/34 3679/72/34
f 2781/72/34 2468/72/34 2469/72/34
f 2272/72/34 3679/72/34 3680/72/34
f 2781/72/34 2469/72/34 2470/72/34
f 2781/72/34 2470/72/34 2471/72/34
f 2272/72/34 3680/72/34 3681/72/34
f 2781/72/34 2471/72/34 2472/72/34
f 2781/72/34 2472/72/34 2473/72/34
f 2272/72/34 3681/72/34 3682/72/34
f 2781/72/34 2473/72/34 2474/72/34
f 2781/72/34 2474/72/34 2475/72/34
f 2271/72/34 2272/72/34 3682/72/34
f 2271/72/34 3682/72/34 3683/72/34
f 2781/72/34 2475/72/34 2476/72/34
f 2271/72/34 3683/72/34 3684/72/34
f 2781/72/34 2476/72/34 2477/72/34
f 2271/72/34 3684/72/34 3685/72/34
f 2781/72/34 2477/72/34 2478/72/34
f 2781/72/34 2478/72/34 2479/72/34
f 2270/72/34 2271/72/34 3685/72/34
f 2780/72/34 2781/72/34 2479/72/34
f 2270/72/34 3685/72/34 3686/72/34
f 2780/72/34 2479/72/34 2480/72/34
f 2779/72/34 2780/72/34 2480/72/34
f 2779/72/34 2480/72/34 2481/72/34
f 2778/72/34 2779/72/34 2481/72/34
f 2270/72/34 3686/72/34 3687/72/34
f 2777/72/34 2778/72/34 2481/72/34
f 2777/72/34 2481/72/34 2482/72/34
f 2776/72/34 2777/72/34 2482/72/34
f 2269/72/34 2270/72/34 3687/72/34
f 2776/72/34 2482/72/34 2483/72/34
f 2775/72/34 2776/72/34 2483/72/34
f 2269/72/34 3687/72/34 3688/72/34
f 2774/72/34 2775/72/34 2483/72/34
f 2774/72/34 2483/72/34 2484/72/34
f 2773/72/34 2774/72/34 2484/72/34
f 2772/72/34 2773/72/34 2484/72/34
f 2772/72/34 2484/72/34 2485/72/34
f 2771/72/34 2772/72/34 2485/72/34
f 2269/72/34 3688/72/34 3689/72/34
f 2771/72/34 2485/72/34 2486/72/34
f 2770/72/34 2771/72/34 2486/72/34
f 2268/72/34 2269/72/34 3689/72/34
f 2769/72/34 2770/72/34 2486/72/34
f 2769/72/34 2486/72/34 2487/72/34
f 2768/72/34 2769/72/34 2487/72/34
f 2268/72/34 3689/72/34 3690/72/34
f 2767/72/34 2768/72/34 2487/72/34
f 2767/72/34 2487/72/34 2488/72/34
f 2766/72/34 2767/72/34 2488/72/34
f 2765/72/34 2766/72/34 2488/72/34
f 2765/72/34 2488/72/34 2489/72/34
f 2764/72/34 2765/72/34 2489/72/34
f 2268/72/34 3690/72/34 3691/72/34
f 2267/72/34 2268/72/34 3691/72/34
f 2764/72/34 2489/72/34 2490/72/34
f 2763/72/34 2764/72/34 2490/72/34
f 2762/72/34 2763/72/34 2490/72/34
f 2762/72/34 2490/72/34 2491/72/34
f 2761/72/34 2762/72/34 2491/72/34
f 2267/72/34 3691/72/34 3692/72/34
f 2760/72/34 2761/72/34 2491/72/34
f 2760/72/34 2491/72/34 2492/72/34
f 2266/72/34 2267/72/34 3692/72/34
f 2759/72/34 2760/72/34 2492/72/34
f 2759/72/34 2492/72/34 2493/72/34
f 2266/72/34 3692/72/34 3693/72/34
f 2758/72/34 2759/72/34 2493/72/34
f 2757/72/34 2758/72/34 2493/72/34
f 2757/72/34 2493/72/34 2494/72/34
f 2756/72/34 2757/72/34 2494/72/34
f 2756/72/34 2494/72/34 2495/72/34
f 2266/72/34 3693/72/34 3694/72/34
f 2265/72/34 2266/72/34 3694/72/34
f 2756/72/34 2495/72/34 2496/72/34
f 2265/72/34 3694/72/34 3695/72/34
f 2755/72/34 2756/72/34 2496/72/34
f 2755/72/34 2496/72/34 2497/72/34
f 2755/72/34 2497/72/34 2498/72/34
f 2264/72/34 2265/72/34 3695/72/34
f 2264/72/34 3695/72/34 2067/72/34
f 2755/72/34 2498/72/34 2499/72/34
f 2754/72/34 2755/72/34 2499/72/34
f 2754/72/34 2499/72/34 2500/72/34
f 2264/72/34 2067/72/34 2068/72/34
f 2263/72/34 2264/72/34 2068/72/34
f 2754/72/34 2500/72/34 2501/72/34
f 2753/72/34 2754/72/34 2501/72/34
f 2263/72/34 2068/72/34 2069/72/34
f 2753/72/34 2501/72/34 2502/72/34
f 2262/72/34 2263/72/34 2069/72/34
f 2752/72/34 2753/72/34 2502/72/34
f 2262/72/34 2069/72/34 2070/72/34
f 2752/72/34 2502/72/34 2503/72/34
f 2261/72/34 2262/72/34 2070/72/34
f 2261/72/34 2070/72/34 2071/72/34
f 2751/72/34 2752/72/34 2503/72/34
f 2751/72/34 2503/72/34 2504/72/34
f 2260/72/34 2261/72/34 2071/72/34
f 2751/72/34 2504/72/34 2505/72/34
f 2260/72/34 2071/72/34 2072/72/34
f 2750/72/34 2751/72/34 2505/72/34
f 2750/72/34 2505/72/34 2506/72/34
f 2259/72/34 2260/72/34 2072/72/34
f 2259/72/34 2072/72/34 2073/72/34
f 2749/72/34 2750/72/34 2506/72/34
f 2749/72/34 2506/72/34 2507/72/34
f 2259/72/34 2073/72/34 2074/72/34
f 2258/72/34 2259/72/34 2074/72/34
f 2749/72/34 2507/72/34 2508/72/34
f 2257/72/34 2258/72/34 2074/72/34
f 2748/72/34 2749/72/34 2508/72/34
f 2257/72/34 2074/72/34 2075/72/34
f 2748/72/34 2508/72/34 2509/72/34
f 2256/72/34 2257/72/34 2075/72/34
f 2256/72/34 2075/72/34 2076/72/34
f 2747/72/34 2748/72/34 2509/72/34
f 2255/72/34 2256/72/34 2076/72/34
f 2747/72/34 2509/72/34 2510/72/34
f 2255/72/34 2076/72/34 2077/72/34
f 2254/72/34 2255/72/34 2077/72/34
f 2746/72/34 2747/72/34 2510/72/34
f 2746/72/34 2510/72/34 2511/72/34
f 2253/72/34 2254/72/34 2077/72/34
f 2253/72/34 2077/72/34 2078/72/34
f 2746/72/34 2511/72/34 2512/72/34
f 2252/72/34 2253/72/34 2078/72/34
f 2745/72/34 2746/72/34 2512/72/34
f 2252/72/34 2078/72/34 2079/72/34
f 2251/72/34 2252/72/34 2079/72/34
f 2745/72/34 2512/72/34 2513/72/34
f 2250/72/34 2251/72/34 2079/72/34
f 2250/72/34 2079/72/34 2080/72/34
f 2744/72/34 2745/72/34 2513/72/34
f 2250/72/34 2080/72/34 2081/72/34
f 2249/72/34 2250/72/34 2081/72/34
f 2744/72/34 2513/72/34 2514/72/34
f 2249/72/34 2081/72/34 2082/72/34
f 2248/72/34 2249/72/34 2082/72/34
f 2248/72/34 2082/72/34 2083/72/34
f 2743/72/34 2744/72/34 2514/72/34
f 2247/72/34 2248/72/34 2083/72/34
f 2247/72/34 2083/72/34 2084/72/34
f 2743/72/34 2514/72/34 2515/72/34
f 2246/72/34 2247/72/34 2084/72/34
f 2246/72/34 2084/72/34 2085/72/34
f 2742/72/34 2743/72/34 2515/72/34
f 2245/72/34 2246/72/34 2085/72/34
f 2245/72/34 2085/72/34 2086/72/34
f 2742/72/34 2515/72/34 2516/72/34
f 2245/72/34 2086/72/34 2087/72/34
f 2741/72/34 2742/72/34 2516/72/34
f 2244/72/34 2245/72/34 2087/72/34
f 2741/72/34 2516/72/34 2517/72/34
f 2244/72/34 2087/72/34 2088/72/34
f 2243/72/34 2244/72/34 2088/72/34
f 2740/72/34 2741/72/34 2517/72/34
f 2243/72/34 2088/72/34 2115/72/34
f 2115/72/34 2088/72/34 2089/72/34
f 2243/72/34 2115/72/34 2116/72/34
f 2114/72/34 2115/72/34 2089/72/34
f 2740/72/34 2517/72/34 2518/72/34
f 2242/72/34 2243/72/34 2116/72/34
f 2113/72/34 2114/72/34 2089/72/34
f 2112/72/34 2113/72/34 2089/72/34
f 2242/72/34 2116/72/34 2117/72/34
f 2111/72/34 2112/72/34 2089/72/34
f 2111/72/34 2089/72/34 2090/72/34
f 2110/72/34 2111/72/34 2090/72/34
f 2109/72/34 2110/72/34 2090/72/34
f 2241/72/34 2242/72/34 2117/72/34
f 2241/72/34 2117/72/34 2118/72/34
f 2108/72/34 2109/72/34 2090/72/34
f 2739/72/34 2740/72/34 2518/72/34
f 2107/72/34 2108/72/34 2090/72/34
f 2739/72/34 2518/72/34 2519/72/34
f 2106/72/34 2107/72/34 2090/72/34
f 2241/72/34 2118/72/34 2119/72/34
f 2105/72/34 2106/72/34 2090/72/34
f 2105/72/34 2090/72/34 2091/72/34
f 2104/72/34 2105/72/34 2091/72/34
f 2240/72/34 2241/72/34 2119/72/34
f 2240/72/34 2119/72/34 2120/72/34
f 2103/72/34 2104/72/34 2091/72/34
f 2102/72/34 2103/72/34 2091/72/34
f 2101/72/34 2102/72/34 2091/72/34
f 2240/72/34 2120/72/34 2121/72/34
f 2100/72/34 2101/72/34 2091/72/34
f 2239/72/34 2240/72/34 2121/72/34
f 2099/72/34 2100/72/34 2091/72/34
f 2098/72/34 2099/72/34 2091/72/34
f 2098/72/34 2091/72/34 2092/72/34
f 2239/72/34 2121/72/34 2122/72/34
f 2738/72/34 2739/72/34 2519/72/34
f 2738/72/34 2519/72/34 2520/72/34
f 2097/72/34 2098/72/34 2092/72/34
f 2097/72/34 2092/72/34 2093/72/34
f 2096/72/34 2097/72/34 2093/72/34
f 2096/72/34 2093/72/34 2094/72/34
f 2095/72/34 2096/72/34 2094/72/34
f 2239/72/34 2122/72/34 2123/72/34
f 2238/72/34 2239/72/34 2123/72/34
f 2238/72/34 2123/72/34 2124/72/34
f 2238/72/34 2124/72/34 2125/72/34
f 2237/72/34 2238/72/34 2125/72/34
f 2738/72/34 2520/72/34 2521/72/34
f 2237/72/34 2125/72/34 2126/72/34
f 2236/72/34 2237/72/34 2126/72/34
f 2236/72/34 2126/72/34 2127/72/34
f 2737/72/34 2738/72/34 2521/72/34
f 2236/72/34 2127/72/34 2128/72/34
f 2235/72/34 2236/72/34 2128/72/34
f 2235/72/34 2128/72/34 2129/72/34
f 2235/72/34 2129/72/34 2130/72/34
f 2234/72/34 2235/72/34 2130/72/34
f 2234/72/34 2130/72/34 2131/72/34
f 2234/72/34 2131/72/34 2151/72/34
f 2151/72/34 2131/72/34 2150/72/34
f 2150/72/34 2131/72/34 2132/72/34
f 2737/72/34 2521/72/34 2522/72/34
f 2234/72/34 2151/72/34 2152/72/34
f 2149/72/34 2150/72/34 2132/72/34
f 2148/72/34 2149/72/34 2132/72/34
f 2147/72/34 2148/72/34 2132/72/34
f 2146/72/34 2147/72/34 2132/72/34
f 2146/72/34 2132/72/34 2133/72/34
f 2145/72/34 2146/72/34 2133/72/34
f 2233/72/34 2234/72/34 2152/72/34
f 2144/72/34 2145/72/34 2133/72/34
f 2143/72/34 2144/72/34 2133/72/34
f 2233/72/34 2152/72/34 2153/72/34
f 2142/72/34 2143/72/34 2133/72/34
f 2142/72/34 2133/72/34 2134/72/34
f 2141/72/34 2142/72/34 2134/72/34
f 2140/72/34 2141/72/34 2134/72/34
f 2233/72/34 2153/72/34 2154/72/34
f 2140/72/34 2134/72/34 2135/72/34
f 2139/72/34 2140/72/34 2135/72/34
f 2138/72/34 2139/72/34 2135/72/34
f 2138/72/34 2135/72/34 2136/72/34
f 2137/72/34 2138/72/34 2136/72/34
f 2233/72/34 2154/72/34 2155/72/34
f 2232/72/34 2233/72/34 2155/72/34
f 2232/72/34 2155/72/34 2156/72/34
f 2736/72/34 2737/72/34 2522/72/34
f 2232/72/34 2156/72/34 2157/72/34
f 2232/72/34 2157/72/34 2158/72/34
f 2231/72/34 2232/72/34 2158/72/34
f 2231/72/34 2158/72/34 2159/72/34
f 2231/72/34 2159/72/34 2160/72/34
f 2736/72/34 2522/72/34 2523/72/34
f 2230/72/34 2231/72/34 2160/72/34
f 2230/72/34 2160/72/34 2161/72/34
f 2230/72/34 2161/72/34 2162/72/34
f 2230/72/34 2162/72/34 2163/72/34
f 2229/72/34 2230/72/34 2163/72/34
f 2229/72/34 2163/72/34 2164/72/34
f 2229/72/34 2164/72/34 2165/72/34
f 2735/72/34 2736/72/34 2523/72/34
f 2228/72/34 2229/72/34 2165/72/34
f 2228/72/34 2165/72/34 2166/72/34
f 2735/72/34 2523/72/34 2524/72/34
f 2228/72/34 2166/72/34 2167/72/34
f 2228/72/34 2167/72/34 2168/72/34
f 2227/72/34 2228/72/34 2168/72/34
f 2227/72/34 2168/72/34 2169/72/34
f 2227/72/34 2169/72/34 2170/72/34
f 2226/72/34 2227/72/34 2170/72/34
f 2226/72/34 2170/72/34 2171/72/34
f 2735/72/34 2524/72/34 2525/72/34
f 2226/72/34 2171/72/34 2172/72/34
f 2226/72/34 2172/72/34 2173/72/34
f 2734/72/34 2735/72/34 2525/72/34
f 2225/72/34 2226/72/34 2173/72/34
f 2225/72/34 2173/72/34 2174/72/34
f 2225/72/34 2174/72/34 2175/72/34
f 2225/72/34 2175/72/34 2176/72/34
f 2225/72/34 2176/72/34 2177/72/34
f 2225/72/34 2177/72/34 2178/72/34
f 2225/72/34 2178/72/34 2179/72/34
f 2225/72/34 2179/72/34 2180/72/34
f 2225/72/34 2180/72/34 2181/72/34
f 2225/72/34 2181/72/34 2182/72/34
f 2225/72/34 2182/72/34 2183/72/34
f 2225/72/34 2183/72/34 2184/72/34
f 2225/72/34 2184/72/34 2185/72/34
f 2225/72/34 2185/72/34 2186/72/34
f 2225/72/34 2186/72/34 2187/72/34
f 2224/72/34 2225/72/34 2187/72/34
f 2224/72/34 2187/72/34 2188/72/34
f 2224/72/34 2188/72/34 2189/72/34
f 2734/72/34 2525/72/34 2526/72/34
f 2224/72/34 2189/72/34 2190/72/34
f 2224/72/34 2190/72/34 2191/72/34
f 2224/72/34 2191/72/34 2192/72/34
f 2224/72/34 2192/72/34 2193/72/34
f 2224/72/34 2193/72/34 2194/72/34
f 2224/72/34 2194/72/34 2195/72/34
f 2224/72/34 2195/72/34 2201/72/34
f 2201/72/34 2195/72/34 2200/72/34
f 2200/72/34 2195/72/34 2196/72/34
f 2200/72/34 2196/72/34 2197/72/34
f 2200/72/34 2197/72/34 2198/72/34
f 2200/72/34 2198/72/34 2199/72/34
f 2224/72/34 2201/72/34 2202/72/34
f 2224/72/34 2202/72/34 2203/72/34
f 2224/72/34 2203/72/34 2204/72/34
f 2224/72/34 2204/72/34 2205/72/34
f 2224/72/34 2205/72/34 2206/72/34
f 2224/72/34 2206/72/34 2207/72/34
f 2224/72/34 2207/72/34 2208/72/34
f 2224/72/34 2208/72/34 2209/72/34
f 2224/72/34 2209/72/34 2210/72/34
f 2223/72/34 2224/72/34 2210/72/34
f 2223/72/34 2210/72/34 2211/72/34
f 2223/72/34 2211/72/34 2212/72/34
f 2733/72/34 2734/72/34 2526/72/34
f 2223/72/34 2212/72/34 2213/72/34
f 2223/72/34 2213/72/34 2214/72/34
f 2223/72/34 2214/72/34 2215/72/34
f 2223/72/34 2215/72/34 2216/72/34
f 2223/72/34 2216/72/34 2217/72/34
f 2733/72/34 2526/72/34 2527/72/34
f 2223/72/34 2217/72/34 2218/72/34
f 2223/72/34 2218/72/34 2219/72/34
f 2223/72/34 2219/72/34 2220/72/34
f 2223/72/34 2220/72/34 2221/72/34
f 2223/72/34 2221/72/34 2222/72/34
f 2733/72/34 2527/72/34 2528/72/34
f 2732/72/34 2733/72/34 2731/72/34
f 2731/72/34 2733/72/34 2528/72/34
f 2730/72/34 2731/72/34 2528/72/34
f 2730/72/34 2528/72/34 2529/72/34
f 2729/72/34 2730/72/34 2529/72/34
f 2728/72/34 2729/72/34 2714/72/34
f 2714/72/34 2729/72/34 2529/72/34
f 2727/72/34 2728/72/34 2714/72/34
f 2727/72/34 2714/72/34 2715/72/34
f 2713/72/34 2714/72/34 2529/72/34
f 2712/72/34 2713/72/34 2529/72/34
f 2727/72/34 2715/72/34 2716/72/34
f 2711/72/34 2712/72/34 2529/72/34
f 2727/72/34 2716/72/34 2717/72/34
f 2726/72/34 2727/72/34 2717/72/34
f 2710/72/34 2711/72/34 2529/72/34
f 2726/72/34 2717/72/34 2718/72/34
f 2725/72/34 2726/72/34 2718/72/34
f 2725/72/34 2718/72/34 2719/72/34
f 2709/72/34 2710/72/34 2529/72/34
f 2724/72/34 2725/72/34 2719/72/34
f 2724/72/34 2719/72/34 2720/72/34
f 2708/72/34 2709/72/34 2529/72/34
f 2723/72/34 2724/72/34 2720/72/34
f 2723/72/34 2720/72/34 2721/72/34
f 2722/72/34 2723/72/34 2721/72/34
f 2707/72/34 2708/72/34 2529/72/34
f 2706/72/34 2707/72/34 2529/72/34
f 2705/72/34 2706/72/34 2529/72/34
f 2704/72/34 2705/72/34 2529/72/34
f 2703/72/34 2704/72/34 2529/72/34
f 2703/72/34 2529/72/34 2530/72/34
f 2702/72/34 2703/72/34 2530/72/34
f 2701/72/34 2702/72/34 2530/72/34
f 2700/72/34 2701/72/34 2530/72/34
f 2699/72/34 2700/72/34 2530/72/34
f 2698/72/34 2699/72/34 2530/72/34
f 2697/72/34 2698/72/34 2530/72/34
f 2696/72/34 2697/72/34 2530/72/34
f 2696/72/34 2530/72/34 2531/72/34
f 2695/72/34 2696/72/34 2531/72/34
f 2694/72/34 2695/72/34 2531/72/34
f 2693/72/34 2694/72/34 2531/72/34
f 2692/72/34 2693/72/34 2531/72/34
f 2691/72/34 2692/72/34 2531/72/34
f 2690/72/34 2691/72/34 2531/72/34
f 2689/72/34 2690/72/34 2531/72/34
f 2688/72/34 2689/72/34 2531/72/34
f 2687/72/34 2688/72/34 2531/72/34
f 2686/72/34 2687/72/34 2531/72/34
f 2685/72/34 2686/72/34 2531/72/34
f 2684/72/34 2685/72/34 2531/72/34
f 2683/72/34 2684/72/34 2531/72/34
f 2682/72/34 2683/72/34 2531/72/34
f 2681/72/34 2682/72/34 2531/72/34
f 2680/72/34 2681/72/34 2531/72/34
f 2680/72/34 2531/72/34 2532/72/34
f 2679/72/34 2680/72/34 2532/72/34
f 2678/72/34 2679/72/34 2532/72/34
f 2677/72/34 2678/72/34 2532/72/34
f 2676/72/34 2677/72/34 2532/72/34
f 2675/72/34 2676/72/34 2532/72/34
f 2674/72/34 2675/72/34 2658/72/34
f 2658/72/34 2675/72/34 2532/72/34
f 2673/72/34 2674/72/34 2658/72/34
f 2672/72/34 2673/72/34 2658/72/34
f 2671/72/34 2672/72/34 2658/72/34
f 2670/72/34 2671/72/34 2658/72/34
f 2669/72/34 2670/72/34 2658/72/34
f 2668/72/31 2669/72/31 2658/72/31
f 2667/72/31 2668/72/31 2658/72/31
f 2666/72/31 2667/72/31 2658/72/31
f 2665/72/31 2666/72/31 2658/72/31
f 2664/72/31 2665/72/31 2658/72/31
f 2663/72/31 2664/72/31 2658/72/31
f 2662/72/31 2663/72/31 2658/72/31
f 2661/72/31 2662/72/31 2658/72/31
f 2660/72/31 2661/72/31 2658/72/31
f 2659/72/31 2660/72/31 2658/72/31
f 2657/72/34 2658/72/34 2532/72/34
f 2656/72/34 2657/72/34 2532/72/34
f 2655/72/34 2656/72/34 2532/72/34
f 2654/72/34 2655/72/34 2532/72/34
f 2653/72/34 2654/72/34 2532/72/34
f 2652/72/34 2653/72/34 2532/72/34
f 2651/72/34 2652/72/34 2532/72/34
f 2650/72/34 2651/72/34 2532/72/34
f 2649/72/34 2650/72/34 2532/72/34
f 2649/72/34 2532/72/34 2533/72/34
f 2648/72/34 2649/72/34 2533/72/34
f 2647/72/34 2648/72/34 2533/72/34
f 2646/72/34 2647/72/34 2533/72/34
f 2645/72/34 2646/72/34 2533/72/34
f 2644/72/34 2645/72/34 2533/72/34
f 2643/72/34 2644/72/34 2632/72/34
f 2632/72/34 2644/72/34 2533/72/34
f 2643/72/34 2632/72/34 2633/72/34
f 2631/72/34 2632/72/34 2533/72/34
f 2630/72/34 2631/72/34 2533/72/34
f 2642/72/34 2643/72/34 2633/72/34
f 2642/72/34 2633/72/34 2634/72/34
f 2629/72/34 2630/72/34 2533/72/34
f 2641/72/34 2642/72/34 2634/72/34
f 2641/72/34 2634/72/34 2635/72/34
f 2628/72/34 2629/72/34 2533/72/34
f 2628/72/34 2533/72/34 2534/72/34
f 2640/72/34 2641/72/34 2635/72/34
f 2640/72/34 2635/72/34 2636/72/34
f 2627/72/34 2628/72/34 2534/72/34
f 2639/72/34 2640/72/34 2636/72/34
f 2639/72/34 2636/72/34 2637/72/34
f 2638/72/34 2639/72/34 2637/72/34
f 2626/72/34 2627/72/34 2534/72/34
f 2625/72/34 2626/72/34 2534/72/34
f 2624/72/34 2625/72/34 2534/72/34
f 2623/72/34 2624/72/34 2534/72/34
f 2622/72/34 2623/72/34 2534/72/34
f 2621/72/34 2622/72/34 2605/72/34
f 2605/72/34 2622/72/34 2604/72/34
f 2604/72/34 2622/72/34 2534/72/34
f 2603/72/34 2604/72/34 2534/72/34
f 2621/72/34 2605/72/34 2606/72/34
f 2602/72/34 2603/72/34 2534/72/34
f 2621/72/34 2606/72/34 2607/72/34
f 2601/72/34 2602/72/34 2534/72/34
f 2621/72/34 2607/72/34 2608/72/34
f 2600/72/34 2601/72/34 2534/72/34
f 2621/72/34 2608/72/34 2609/72/34
f 2599/72/34 2600/72/34 2534/72/34
f 2621/72/34 2609/72/34 2610/72/34
f 2598/72/34 2599/72/34 2534/72/34
f 2621/72/34 2610/72/34 2611/72/34
f 2598/72/34 2534/72/34 2559/72/34
f 2559/72/34 2534/72/34 2558/72/34
f 2558/72/34 2534/72/34 2535/72/34
f 2597/72/34 2598/72/34 2559/72/34
f 2621/72/34 2611/72/34 2612/72/34
f 2621/72/34 2612/72/34 2613/72/34
f 2621/72/34 2613/72/34 2614/72/34
f 2596/72/34 2597/72/34 2559/72/34
f 2621/72/34 2614/72/34 2615/72/34
f 2621/72/34 2615/72/34 2616/72/34
f 2621/72/34 2616/72/34 2617/72/34
f 2621/72/34 2617/72/34 2618/72/34
f 2621/72/34 2618/72/34 2619/72/34
f 2621/72/34 2619/72/34 2620/72/34
f 2595/72/34 2596/72/34 2560/72/34
f 2560/72/34 2596/72/34 2559/72/34
f 2594/72/34 2595/72/34 2561/72/34
f 2561/72/34 2595/72/34 2560/72/34
f 2594/72/34 2561/72/34 2562/72/34
f 2557/72/34 2558/72/34 2535/72/34
f 2594/72/34 2562/72/34 2563/72/34
f 2556/72/34 2557/72/34 2535/72/34
f 2594/72/34 2563/72/34 2564/72/34
f 2555/72/34 2556/72/34 2535/72/34
f 2594/72/34 2564/72/34 2565/72/34
f 2554/72/34 2555/72/34 2535/72/34
f 2594/72/34 2565/72/34 2566/72/34
f 2553/72/34 2554/72/34 2535/72/34
f 2594/72/34 2566/72/34 2567/72/34
f 2552/72/34 2553/72/34 2535/72/34
f 2594/72/34 2567/72/34 2568/72/34
f 2551/72/34 2552/72/34 2535/72/34
f 2594/72/34 2568/72/34 2569/72/34
f 2593/72/34 2594/72/34 2569/72/34
f 2551/72/34 2535/72/34 2536/72/34
f 2550/72/34 2551/72/34 2536/72/34
f 2593/72/34 2569/72/34 2570/72/34
f 2549/72/34 2550/72/34 2536/72/34
f 2593/72/34 2570/72/34 2571/72/34
f 2548/72/34 2549/72/34 2536/72/34
f 2593/72/34 2571/72/34 2572/72/34
f 2593/72/34 2572/72/34 2573/72/34
f 2547/72/34 2548/72/34 2536/72/34
f 2592/72/34 2593/72/34 2573/72/34
f 2546/72/34 2547/72/34 2536/72/34
f 2592/72/34 2573/72/34 2574/72/34
f 2545/72/34 2546/72/34 2536/72/34
f 2592/72/34 2574/72/34 2575/72/34
f 2544/72/34 2545/72/34 2536/72/34
f 2592/72/34 2575/72/34 2576/72/34
f 2591/72/34 2592/72/34 2576/72/34
f 2543/72/34 2544/72/34 2536/72/34
f 2591/72/34 2576/72/34 2577/72/34
f 2542/72/34 2543/72/34 2536/72/34
f 2541/72/34 2542/72/34 2536/72/34
f 2591/72/34 2577/72/34 2578/72/34
f 2540/72/34 2541/72/34 2536/72/34
f 2590/72/34 2591/72/34 2578/72/34
f 2539/72/34 2540/72/34 2536/72/34
f 2590/72/34 2578/72/34 2579/72/34
f 2538/72/34 2539/72/34 2536/72/34
f 2537/72/34 2538/72/34 2536/72/34
f 2590/72/34 2579/72/34 2580/72/34
f 2589/72/34 2590/72/34 2580/72/34
f 2589/72/34 2580/72/34 2581/72/34
f 2589/72/34 2581/72/34 2582/72/34
f 2588/72/34 2589/72/34 2582/72/34
f 2588/72/34 2582/72/34 2583/72/34
f 2588/72/34 2583/72/34 2584/72/34
f 2587/72/34 2588/72/34 2584/72/34
f 2587/72/34 2584/72/34 2585/72/34
f 2586/72/34 2587/72/34 2585/72/34
s 1
f 4072/72/36 4069/72/37 4070/72/37
f 4074/72/38 4071/72/36 4072/72/36
f 4076/72/39 4073/72/40 4074/72/38
f 4078/72/41 4075/72/39 4076/72/39
f 4080/72/42 4077/72/41 4078/72/41
f 4082/72/43 4079/72/42 4080/72/42
f 4084/72/44 4081/72/43 4082/72/43
f 4086/72/45 4083/72/44 4084/72/44
f 4088/72/46 4085/72/45 4086/72/45
f 4090/72/47 4087/72/46 4088/72/46
f 4092/72/48 4089/72/47 4090/72/47
f 4094/72/49 4091/72/48 4092/72/48
f 4096/72/50 4093/72/49 4094/72/49
f 4098/72/51 4095/72/50 4096/72/50
f 4100/72/52 4097/72/51 4098/72/51
f 4102/72/53 4099/72/54 4100/72/52
f 4104/72/55 4101/72/56 4102/72/53
f 4106/72/57 4103/72/58 4104/72/55
f 4108/72/59 4105/72/57 4106/72/57
f 4110/72/60 4107/72/59 4108/72/59
f 4112/72/61 4109/72/60 4110/72/60
f 4114/72/62 4111/72/61 4112/72/61
f 4116/72/63 4113/72/62 4114/72/62
f 4118/72/64 4115/72/63 4116/72/63
f 4120/72/65 4117/72/66 4118/72/64
f 4122/72/67 4119/72/65 4120/72/65
f 4124/72/68 4121/72/67 4122/72/67
f 4126/72/69 4123/72/68 4124/72/68
f 4128/72/70 4125/72/69 4126/72/69
f 4130/72/71 4127/72/70 4128/72/70
f 4132/72/72 4129/72/71 4130/72/71
f 4134/72/73 4131/72/72 4132/72/72
f 4136/72/74 4133/72/73 4134/72/73
f 4138/72/75 4135/72/74 4136/72/74
f 4140/72/76 4137/72/75 4138/72/75
f 4142/72/77 4139/72/76 4140/72/76
f 4144/72/78 4141/72/77 4142/72/77
f 4146/72/79 4143/72/78 4144/72/78
f 4148/72/80 4145/72/79 4146/72/79
f 4150/72/81 4147/72/80 4148/72/80
f 4152/72/82 4149/72/81 4150/72/81
f 4154/72/83 4151/72/82 4152/72/82
f 4156/72/84 4153/72/83 4154/72/83
f 4158/72/85 4155/72/84 4156/72/84
f 4160/72/86 4157/72/85 4158/72/85
f 4162/72/87 4159/72/86 4160/72/86
f 4164/72/88 4161/72/87 4162/72/87
f 4166/72/89 4163/72/88 4164/72/88
f 4168/72/90 4165/72/89 4166/72/89
f 4170/72/91 4167/72/90 4168/72/90
f 4172/72/92 4169/72/91 4170/72/91
f 4174/72/93 4171/72/92 4172/72/92
f 4176/72/94 4173/72/93 4174/72/93
f 4178/72/95 4175/72/94 4176/72/94
f 4180/72/96 4177/72/97 4178/72/95
f 4182/72/98 4179/72/99 4180/72/96
f 4184/72/100 4181/72/98 4182/72/98
f 4186/72/101 4183/72/100 4184/72/100
f 4188/72/102 4185/72/101 4186/72/101
f 4190/72/103 4187/72/102 4188/72/102
f 4192/72/104 4189/72/105 4190/72/103
f 4194/72/106 4191/72/104 4192/72/104
f 4196/72/107 4193/72/106 4194/72/106
f 4198/72/108 4195/72/109 4196/72/107
f 4200/72/110 4197/72/111 4198/72/108
f 4202/72/112 4199/72/113 4200/72/110
f 4204/72/114 4201/72/112 4202/72/112
f 4206/72/115 4203/72/114 4204/72/114
f 4208/72/116 4205/72/115 4206/72/115
f 4210/72/117 4207/72/116 4208/72/116
f 4212/72/118 4209/72/117 4210/72/117
f 4214/72/119 4211/72/118 4212/72/118
f 4216/72/120 4213/72/121 4214/72/119
f 4218/72/122 4215/72/120 4216/72/120
f 4220/72/123 4217/72/122 4218/72/122
f 4222/72/124 4219/72/123 4220/72/123
f 4224/72/125 4221/72/124 4222/72/124
f 4226/72/126 4223/72/125 4224/72/125
f 4228/72/127 4225/72/126 4226/72/126
f 4230/72/128 4227/72/127 4228/72/127
f 4232/72/129 4229/72/128 4230/72/128
f 4234/72/130 4231/72/129 4232/72/129
f 4236/72/131 4233/72/130 4234/72/130
f 4238/72/132 4235/72/131 4236/72/131
f 4240/72/133 4237/72/132 4238/72/132
f 4242/72/134 4239/72/133 4240/72/133
f 4244/72/135 4241/72/134 4242/72/134
f 4246/72/136 4243/72/137 4244/72/135
f 4248/72/138 4245/72/136 4246/72/136
f 4250/72/139 4247/72/138 4248/72/138
f 4252/72/140 4249/72/139 4250/72/139
f 4254/72/141 4251/72/142 4252/72/140
f 4256/72/143 4253/72/141 4254/72/141
f 4258/72/144 4255/72/143 4256/72/143
f 4260/72/145 4257/72/144 4258/72/144
f 4262/72/146 4259/72/147 4260/72/145
f 4264/72/148 4261/72/146 4262/72/146
f 4266/72/149 4263/72/148 4264/72/148
f 4268/72/150 4265/72/149 4266/72/149
f 4270/72/151 4267/72/152 4268/72/150
f 4272/72/153 4269/72/154 4270/72/151
f 4274/72/155 4271/72/153 4272/72/153
f 4276/72/156 4273/72/155 4274/72/155
f 4278/72/157 4275/72/158 4276/72/156
f 4280/72/159 4277/72/157 4278/72/157
f 4282/72/160 4279/72/159 4280/72/159
f 4284/72/161 4281/72/160 4282/72/160
f 4286/72/162 4283/72/161 4284/72/161
f 4288/72/163 4285/72/164 4286/72/162
f 4290/72/165 4287/72/166 4288/72/163
f 4292/72/167 4289/72/168 4290/72/165
f 4294/72/169 4291/72/170 4292/72/167
f 4296/72/168 4293/72/171 4294/72/169
f 4298/72/172 4295/72/173 4296/72/168
f 4300/72/174 4297/72/168 4298/72/172
f 4302/72/174 4299/72/175 4300/72/174
f 4304/72/175 4301/72/174 4302/72/174
f 4306/72/176 4303/72/177 4304/72/175
f 4308/72/175 4305/72/176 4306/72/176
f 4310/72/178 4307/72/173 4308/72/175
f 4312/72/179 4309/72/178 4310/72/178
f 4314/72/180 4311/72/179 4312/72/179
f 4316/72/181 4313/72/180 4314/72/180
f 4318/72/182 4315/72/181 4316/72/181
f 4320/72/183 4317/72/182 4318/72/182
f 4322/72/184 4319/72/183 4320/72/183
f 4324/72/185 4321/72/184 4322/72/184
f 4326/72/186 4323/72/185 4324/72/185
f 4328/72/187 4325/72/186 4326/72/186
f 4330/72/188 4327/72/187 4328/72/187
f 4332/72/189 4329/72/188 4330/72/188
f 4334/72/190 4331/72/189 4332/72/189
f 4336/72/191 4333/72/190 4334/72/190
f 4338/72/192 4335/72/191 4336/72/191
f 4340/72/193 4337/72/192 4338/72/192
f 4342/72/194 4339/72/193 4340/72/193
f 4344/72/195 4341/72/194 4342/72/194
f 4346/72/196 4343/72/195 4344/72/195
f 4348/72/197 4345/72/196 4346/72/196
f 4350/72/198 4347/72/197 4348/72/197
f 4352/72/199 4349/72/198 4350/72/198
f 4354/72/200 4351/72/199 4352/72/199
f 4356/72/201 4353/72/200 4354/72/200
f 4358/72/202 4355/72/201 4356/72/201
f 4360/72/201 4357/72/202 4358/72/202
f 4362/72/200 4359/72/201 4360/72/201
f 4364/72/199 4361/72/200 4362/72/200
f 4366/72/198 4363/72/199 4364/72/199
f 4368/72/197 4365/72/198 4366/72/198
f 4370/72/196 4367/72/197 4368/72/197
f 4372/72/195 4369/72/196 4370/72/196
f 4374/72/194 4371/72/195 4372/72/195
f 4376/72/193 4373/72/194 4374/72/194
f 4378/72/192 4375/72/193 4376/72/193
f 4380/72/191 4377/72/192 4378/72/192
f 4382/72/203 4379/72/191 4380/72/191
f 4384/72/204 4381/72/203 4382/72/203
f 4386/72/205 4383/72/204 4384/72/204
f 4388/72/206 4385/72/205 4386/72/205
f 4390/72/207 4387/72/206 4388/72/206
f 4392/72/208 4389/72/207 4390/72/207
f 4394/72/209 4391/72/210 4392/72/208
f 4396/72/211 4393/72/209 4394/72/209
f 4398/72/212 4395/72/211 4396/72/211
f 4400/72/213 4397/72/214 4398/72/212
f 4402/72/215 4399/72/213 4400/72/213
f 4404/72/216 4401/72/215 4402/72/215
f 4406/72/217 4403/72/216 4404/72/216
f 4408/72/218 4405/72/217 4406/72/217
f 4410/72/219 4407/72/220 4408/72/218
f 4412/72/221 4409/72/222 4410/72/219
f 4414/72/223 4411/72/221 4412/72/221
f 4416/72/224 4413/72/223 4414/72/223
f 4418/72/225 4415/72/226 4416/72/224
f 4420/72/227 4417/72/225 4418/72/225
f 4422/72/228 4419/72/227 4420/72/227
f 4424/72/229 4421/72/228 4422/72/228
f 4426/72/230 4423/72/229 4424/72/229
f 4428/72/231 4425/72/230 4426/72/230
f 4430/72/232 4427/72/231 4428/72/231
f 4432/72/233 4429/72/234 4430/72/232
f 4434/72/235 4431/72/233 4432/72/233
f 4436/72/236 4433/72/235 4434/72/235
f 4438/72/237 4435/72/236 4436/72/236
f 4440/72/238 4437/72/237 4438/72/237
f 4442/72/239 4439/72/238 4440/72/238
f 4444/72/240 4441/72/239 4442/72/239
f 4446/72/241 4443/72/240 4444/72/240
f 4448/72/242 4445/72/241 4446/72/241
f 4450/72/243 4447/72/242 4448/72/242
f 4452/72/244 4449/72/243 4450/72/243
f 4454/72/245 4451/72/244 4452/72/244
f 4456/72/246 4453/72/245 4454/72/245
f 4458/72/247 4455/72/246 4456/72/246
f 4460/72/248 4457/72/247 4458/72/247
f 4462/72/249 4459/72/248 4460/72/248
f 4464/72/250 4461/72/249 4462/72/249
f 4466/72/251 4463/72/250 4464/72/250
f 4468/72/252 4465/72/251 4466/72/251
f 4470/72/253 4467/72/252 4468/72/252
f 4472/72/254 4469/72/253 4470/72/253
f 4474/72/255 4471/72/254 4472/72/254
f 4476/72/256 4473/72/255 4474/72/255
f 4478/72/257 4475/72/256 4476/72/256
f 4480/72/258 4477/72/257 4478/72/257
f 4482/72/259 4479/72/258 4480/72/258
f 4484/72/260 4481/72/259 4482/72/259
f 4486/72/261 4483/72/260 4484/72/260
f 4488/72/262 4485/72/261 4486/72/261
f 4490/72/263 4487/72/262 4488/72/262
f 4492/72/264 4489/72/263 4490/72/263
f 4494/72/265 4491/72/264 4492/72/264
f 4496/72/266 4493/72/265 4494/72/265
f 4498/72/267 4495/72/266 4496/72/266
f 4500/72/268 4497/72/267 4498/72/267
f 4502/72/269 4499/72/268 4500/72/268
f 4504/72/270 4501/72/269 4502/72/269
f 4506/72/271 4503/72/272 4504/72/270
f 4508/72/273 4505/72/271 4506/72/271
f 4510/72/274 4507/72/273 4508/72/273
f 4512/72/275 4509/72/274 4510/72/274
f 4514/72/276 4511/72/277 4512/72/275
f 4516/72/278 4513/72/276 4514/72/276
f 4518/72/279 4515/72/278 4516/72/278
f 4520/72/280 4517/72/279 4518/72/279
f 4522/72/281 4519/72/280 4520/72/280
f 4524/72/282 4521/72/281 4522/72/281
f 4526/72/283 4523/72/282 4524/72/282
f 4528/72/284 4525/72/283 4526/72/283
f 4530/72/285 4527/72/284 4528/72/284
f 4532/72/286 4529/72/285 4530/72/285
f 4534/72/287 4531/72/286 4532/72/286
f 4536/72/288 4533/72/287 4534/72/287
f 4538/72/289 4535/72/288 4536/72/288
f 4540/72/132 4537/72/289 4538/72/289
f 4542/72/290 4539/72/132 4540/72/132
f 4544/72/291 4541/72/290 4542/72/290
f 4546/72/292 4543/72/291 4544/72/291
f 4548/72/293 4545/72/292 4546/72/292
f 4550/72/294 4547/72/293 4548/72/293
f 4552/72/295 4549/72/294 4550/72/294
f 4554/72/296 4551/72/295 4552/72/295
f 4556/72/297 4553/72/296 4554/72/296
f 4558/72/298 4555/72/297 4556/72/297
f 4560/72/299 4557/72/298 4558/72/298
f 4562/72/300 4559/72/299 4560/72/299
f 4564/72/301 4561/72/300 4562/72/300
f 4566/72/302 4563/72/301 4564/72/301
f 4568/72/303 4565/72/302 4566/72/302
f 4570/72/304 4567/72/303 4568/72/303
f 4572/72/305 4569/72/304 4570/72/304
f 4574/72/306 4571/72/305 4572/72/305
f 4576/72/307 4573/72/306 4574/72/306
f 4578/72/69 4575/72/307 4576/72/307
f 4580/72/69 4577/72/69 4578/72/69
f 4582/72/69 4579/72/69 4580/72/69
f 4584/72/69 4581/72/69 4582/72/69
f 4586/72/69 4583/72/69 4584/72/69
f 4588/72/69 4585/72/69 4586/72/69
f 4590/72/69 4587/72/69 4588/72/69
f 4592/72/69 4589/72/69 4590/72/69
f 4594/72/69 4591/72/69 4592/72/69
f 4596/72/69 4593/72/69 4594/72/69
f 4598/72/69 4595/72/69 4596/72/69
f 4600/72/308 4597/72/69 4598/72/69
f 4602/72/309 4599/72/308 4600/72/308
f 4604/72/310 4601/72/309 4602/72/309
f 4606/72/311 4603/72/310 4604/72/310
f 4608/72/312 4605/72/311 4606/72/311
f 4610/72/313 4607/72/312 4608/72/312
f 4612/72/314 4609/72/313 4610/72/313
f 4614/72/315 4611/72/314 4612/72/314
f 4616/72/202 4613/72/315 4614/72/315
f 4618/72/316 4615/72/202 4616/72/202
f 4620/72/317 4617/72/316 4618/72/316
f 4622/72/318 4619/72/317 4620/72/317
f 4624/72/319 4621/72/318 4622/72/318
f 4626/72/320 4623/72/319 4624/72/319
f 4628/72/321 4625/72/320 4626/72/320
f 4630/72/322 4627/72/321 4628/72/321
f 4632/72/323 4629/72/322 4630/72/322
f 4634/72/324 4631/72/323 4632/72/323
f 4636/72/325 4633/72/324 4634/72/324
f 4638/72/326 4635/72/325 4636/72/325
f 4640/72/327 4637/72/326 4638/72/326
f 4642/72/328 4639/72/327 4640/72/327
f 4644/72/329 4641/72/328 4642/72/328
f 4646/72/330 4643/72/329 4644/72/329
f 4648/72/331 4645/72/330 4646/72/330
f 4650/72/332 4647/72/331 4648/72/331
f 4652/72/70 4649/72/332 4650/72/332
f 4654/72/333 4651/72/70 4652/72/70
f 4656/72/334 4653/72/333 4654/72/333
f 4658/72/335 4655/72/334 4656/72/334
f 4660/72/336 4657/72/335 4658/72/335
f 4662/72/337 4659/72/336 4660/72/336
f 4664/72/338 4661/72/337 4662/72/337
f 4666/72/339 4663/72/338 4664/72/338
f 4668/72/340 4665/72/339 4666/72/339
f 4670/72/341 4667/72/340 4668/72/340
f 4672/72/342 4669/72/341 4670/72/341
f 4674/72/343 4671/72/342 4672/72/342
f 4676/72/344 4673/72/343 4674/72/343
f 4678/72/345 4675/72/344 4676/72/344
f 4680/72/346 4677/72/345 4678/72/345
f 4682/72/347 4679/72/346 4680/72/346
f 4684/72/348 4681/72/347 4682/72/347
f 4686/72/349 4683/72/348 4684/72/348
f 4688/72/350 4685/72/349 4686/72/349
f 4690/72/351 4687/72/350 4688/72/350
f 4692/72/352 4689/72/351 4690/72/351
f 4694/72/353 4691/72/352 4692/72/352
f 4696/72/354 4693/72/353 4694/72/353
f 4698/72/355 4695/72/354 4696/72/354
f 4700/72/356 4697/72/355 4698/72/355
f 4702/72/357 4699/72/356 4700/72/356
f 4704/72/358 4701/72/357 4702/72/357
f 4706/72/359 4703/72/358 4704/72/358
f 4708/72/360 4705/72/359 4706/72/359
f 4710/72/361 4707/72/360 4708/72/360
f 4712/72/362 4709/72/361 4710/72/361
f 4714/72/363 4711/72/362 4712/72/362
f 4716/72/364 4713/72/363 4714/72/363
f 4718/72/365 4715/72/364 4716/72/364
f 4720/72/366 4717/72/365 4718/72/365
f 4722/72/367 4719/72/366 4720/72/366
f 4724/72/368 4721/72/367 4722/72/367
f 4726/72/369 4723/72/368 4724/72/368
f 4728/72/370 4725/72/369 4726/72/369
f 4730/72/371 4727/72/370 4728/72/370
f 4732/72/372 4729/72/371 4730/72/371
f 4734/72/373 4731/72/372 4732/72/372
f 4736/72/374 4733/72/373 4734/72/373
f 4738/72/375 4735/72/374 4736/72/374
f 4740/72/376 4737/72/375 4738/72/375
f 4742/72/377 4739/72/376 4740/72/376
f 4744/72/378 4741/72/377 4742/72/377
f 4746/72/379 4743/72/378 4744/72/378
f 4748/72/380 4745/72/379 4746/72/379
f 4750/72/381 4747/72/380 4748/72/380
f 4752/72/382 4749/72/381 4750/72/381
f 4754/72/383 4751/72/382 4752/72/382
f 4756/72/384 4753/72/383 4754/72/383
f 4758/72/385 4755/72/384 4756/72/384
f 4760/72/386 4757/72/385 4758/72/385
f 4762/72/387 4759/72/386 4760/72/386
f 4764/72/388 4761/72/387 4762/72/387
f 4766/72/389 4763/72/388 4764/72/388
f 4768/72/390 4765/72/389 4766/72/389
f 4770/72/391 4767/72/390 4768/72/390
f 4772/72/392 4769/72/391 4770/72/391
f 4774/72/393 4771/72/392 4772/72/392
f 4776/72/394 4773/72/393 4774/72/393
f 4778/72/395 4775/72/394 4776/72/394
f 4780/72/396 4777/72/395 4778/72/395
f 4782/72/397 4779/72/396 4780/72/396
f 4784/72/398 4781/72/397 4782/72/397
f 4786/72/399 4783/72/398 4784/72/398
f 4788/72/400 4785/72/399 4786/72/399
f 4790/72/401 4787/72/400 4788/72/400
f 4792/72/402 4789/72/401 4790/72/401
f 4794/72/403 4791/72/402 4792/72/402
f 4796/72/404 4793/72/403 4794/72/403
f 4798/72/405 4795/72/404 4796/72/404
f 4800/72/406 4797/72/405 4798/72/405
f 4802/72/407 4799/72/406 4800/72/406
f 4804/72/408 4801/72/407 4802/72/407
f 4806/72/409 4803/72/408 4804/72/408
f 4808/72/410 4805/72/409 4806/72/409
f 4810/72/411 4807/72/410 4808/72/410
f 4812/72/412 4809/72/411 4810/72/411
f 4814/72/413 4811/72/412 4812/72/412
f 4816/72/414 4813/72/413 4814/72/413
f 4818/72/415 4815/72/414 4816/72/414
f 4820/72/416 4817/72/415 4818/72/415
f 4822/72/417 4819/72/416 4820/72/416
f 4824/72/418 4821/72/417 4822/72/417
f 4826/72/419 4823/72/418 4824/72/418
f 4828/72/420 4825/72/419 4826/72/419
f 4830/72/421 4827/72/420 4828/72/420
f 4832/72/422 4829/72/421 4830/72/421
f 4834/72/423 4831/72/422 4832/72/422
f 4836/72/424 4833/72/423 4834/72/423
f 4838/72/425 4835/72/424 4836/72/424
f 4840/72/426 4837/72/425 4838/72/425
f 4842/72/427 4839/72/426 4840/72/426
f 4844/72/428 4841/72/427 4842/72/427
f 4846/72/429 4843/72/428 4844/72/428
f 4848/72/430 4845/72/429 4846/72/429
f 4850/72/431 4847/72/430 4848/72/430
f 4852/72/432 4849/72/431 4850/72/431
f 4854/72/433 4851/72/432 4852/72/432
f 4856/72/434 4853/72/433 4854/72/433
f 4858/72/435 4855/72/434 4856/72/434
f 4860/72/436 4857/72/435 4858/72/435
f 4862/72/437 4859/72/181 4860/72/436
f 4864/72/438 4861/72/437 4862/72/437
f 4866/72/439 4863/72/440 4864/72/438
f 4868/72/441 4865/72/442 4866/72/439
f 4870/72/443 4867/72/441 4868/72/441
f 4872/72/444 4869/72/443 4870/72/443
f 4874/72/445 4871/72/446 4872/72/444
f 4876/72/447 4873/72/445 4874/72/445
f 4878/72/448 4875/72/447 4876/72/447
f 4880/72/449 4877/72/448 4878/72/448
f 4882/72/450 4879/72/451 4880/72/449
f 4884/72/452 4881/72/450 4882/72/450
f 4886/72/453 4883/72/452 4884/72/452
f 4888/72/454 4885/72/453 4886/72/453
f 4890/72/455 4887/72/454 4888/72/454
f 4892/72/456 4889/72/455 4890/72/455
f 4894/72/457 4891/72/456 4892/72/456
f 4896/72/458 4893/72/457 4894/72/457
f 4898/72/459 4895/72/458 4896/72/458
f 4900/72/460 4897/72/459 4898/72/459
f 4902/72/461 4899/72/460 4900/72/460
f 4904/72/462 4901/72/463 4902/72/461
f 4906/72/464 4903/72/465 4904/72/462
f 4908/72/466 4905/72/464 4906/72/464
f 4910/72/467 4907/72/466 4908/72/466
f 4912/72/468 4909/72/467 4910/72/467
f 4914/72/469 4911/72/470 4912/72/468
f 4916/72/471 4913/72/469 4914/72/469
f 4918/72/472 4915/72/473 4916/72/471
f 4920/72/474 4917/72/472 4918/72/472
f 4922/72/475 4919/72/474 4920/72/474
f 4924/72/476 4921/72/475 4922/72/475
f 4926/72/477 4923/72/476 4924/72/476
f 4928/72/478 4925/72/477 4926/72/477
f 4930/72/479 4927/72/478 4928/72/478
f 4932/72/480 4929/72/479 4930/72/479
f 4934/72/481 4931/72/480 4932/72/480
f 4936/72/482 4933/72/481 4934/72/481
f 4938/72/483 4935/72/482 4936/72/482
f 4940/72/484 4937/72/483 4938/72/483
f 4942/72/485 4939/72/484 4940/72/484
f 4944/72/486 4941/72/485 4942/72/485
f 4946/72/487 4943/72/486 4944/72/486
f 4948/72/488 4945/72/487 4946/72/487
f 4950/72/489 4947/72/488 4948/72/488
f 4952/72/490 4949/72/489 4950/72/489
f 4954/72/491 4951/72/490 4952/72/490
f 4956/72/492 4953/72/491 4954/72/491
f 4958/72/493 4955/72/492 4956/72/492
f 4960/72/494 4957/72/493 4958/72/493
f 4962/72/495 4959/72/494 4960/72/494
f 4964/72/496 4961/72/495 4962/72/495
f 4966/72/497 4963/72/496 4964/72/496
f 4968/72/498 4965/72/497 4966/72/497
f 4970/72/499 4967/72/498 4968/72/498
f 4972/72/500 4969/72/501 4970/72/499
f 4974/72/502 4971/72/500 4972/72/500
f 4976/72/503 4973/72/502 4974/72/502
f 4978/72/504 4975/72/505 4976/72/503
f 4980/72/506 4977/72/504 4978/72/504
f 4982/72/507 4979/72/506 4980/72/506
f 4984/72/508 4981/72/507 4982/72/507
f 4986/72/509 4983/72/508 4984/72/508
f 4988/72/510 4985/72/509 4986/72/509
f 4990/72/511 4987/72/510 4988/72/510
f 4992/72/512 4989/72/511 4990/72/511
f 4994/72/513 4991/72/512 4992/72/512
f 4996/72/514 4993/72/513 4994/72/513
f 4998/72/515 4995/72/514 4996/72/514
f 5000/72/516 4997/72/515 4998/72/515
f 5002/72/517 4999/72/518 5000/72/516
f 5004/72/519 5001/72/517 5002/72/517
f 5006/72/520 5003/72/519 5004/72/519
f 5008/72/521 5005/72/520 5006/72/520
f 5010/72/522 5007/72/523 5008/72/521
f 5012/72/524 5009/72/522 5010/72/522
f 5014/72/525 5011/72/524 5012/72/524
f 5016/72/526 5013/72/525 5014/72/525
f 5018/72/527 5015/72/526 5016/72/526
f 5020/72/528 5017/72/527 5018/72/527
f 5022/72/529 5019/72/528 5020/72/528
f 5024/72/530 5021/72/529 5022/72/529
f 5026/72/531 5023/72/530 5024/72/530
f 5028/72/532 5025/72/531 5026/72/531
f 5030/72/533 5027/72/532 5028/72/532
f 5032/72/534 5029/72/533 5030/72/533
f 5034/72/535 5031/72/534 5032/72/534
f 5036/72/536 5033/72/535 5034/72/535
f 5038/72/537 5035/72/536 5036/72/536
f 5040/72/538 5037/72/537 5038/72/537
f 5042/72/539 5039/72/538 5040/72/538
f 5044/72/540 5041/72/539 5042/72/539
f 5046/72/541 5043/72/540 5044/72/540
f 5048/72/542 5045/72/541 5046/72/541
f 5050/72/543 5047/72/542 5048/72/542
f 5052/72/544 5049/72/543 5050/72/543
f 5054/72/545 5051/72/544 5052/72/544
f 5056/72/546 5053/72/545 5054/72/545
f 5058/72/547 5055/72/546 5056/72/546
f 5060/72/548 5057/72/547 5058/72/547
f 5062/72/549 5059/72/548 5060/72/548
f 5064/72/550 5061/72/549 5062/72/549
f 5066/72/551 5063/72/550 5064/72/550
f 5068/72/552 5065/72/551 5066/72/551
f 5070/72/553 5067/72/552 5068/72/552
f 5072/72/554 5069/72/553 5070/72/553
f 5074/72/555 5071/72/554 5072/72/554
f 5076/72/556 5073/72/557 5074/72/555
f 5078/72/558 5075/72/556 5076/72/556
f 5080/72/559 5077/72/558 5078/72/558
f 5082/72/560 5079/72/559 5080/72/559
f 5084/72/561 5081/72/560 5082/72/560
f 5086/72/562 5083/72/561 5084/72/561
f 5088/72/563 5085/72/562 5086/72/562
f 5090/72/564 5087/72/563 5088/72/563
f 5092/72/565 5089/72/564 5090/72/564
f 5094/72/566 5091/72/565 5092/72/565
f 5096/72/567 5093/72/566 5094/72/566
f 5098/72/568 5095/72/567 5096/72/567
f 5100/72/569 5097/72/568 5098/72/568
f 5102/72/570 5099/72/569 5100/72/569
f 5104/72/571 5101/72/570 5102/72/570
f 5106/72/572 5103/72/571 5104/72/571
f 5108/72/332 5105/72/572 5106/72/572
f 5110/72/573 5107/72/332 5108/72/332
f 5112/72/574 5109/72/573 5110/72/573
f 5114/72/575 5111/72/574 5112/72/574
f 5116/72/576 5113/72/575 5114/72/575
f 5118/72/577 5115/72/576 5116/72/576
f 5120/72/578 5117/72/577 5118/72/577
f 5122/72/579 5119/72/578 5120/72/578
f 5124/72/580 5121/72/579 5122/72/579
f 5126/72/581 5123/72/580 5124/72/580
f 5128/72/582 5125/72/581 5126/72/581
f 5130/72/583 5127/72/582 5128/72/582
f 5132/72/584 5129/72/585 5130/72/583
f 5134/72/586 5131/72/584 5132/72/584
f 5136/72/587 5133/72/588 5134/72/586
f 5138/72/589 5135/72/587 5136/72/587
f 5140/72/590 5137/72/589 5138/72/589
f 5142/72/591 5139/72/590 5140/72/590
f 5144/72/592 5141/72/591 5142/72/591
f 5146/72/593 5143/72/592 5144/72/592
f 5148/72/594 5145/72/595 5146/72/593
f 5150/72/596 5147/72/594 5148/72/594
f 5152/72/597 5149/72/596 5150/72/596
f 5154/72/179 5151/72/597 5152/72/597
f 5156/72/180 5153/72/598 5154/72/179
f 5158/72/181 5155/72/599 5156/72/180
f 5160/72/600 5157/72/601 5158/72/181
f 5162/72/602 5159/72/182 5160/72/600
f 5164/72/603 5161/72/602 5162/72/602
f 5166/72/604 5163/72/605 5164/72/603
f 5168/72/606 5165/72/604 5166/72/604
f 5170/72/187 5167/72/606 5168/72/606
f 5172/72/607 5169/72/187 5170/72/187
f 5174/72/189 5171/72/188 5172/72/607
f 5176/72/608 5173/72/189 5174/72/189
f 5178/72/609 5175/72/608 5176/72/608
f 5180/72/610 5177/72/609 5178/72/609
f 5182/72/611 5179/72/610 5180/72/610
f 5184/72/612 5181/72/611 5182/72/611
f 5186/72/613 5183/72/612 5184/72/612
f 5188/72/614 5185/72/615 5186/72/613
f 5190/72/616 5187/72/617 5188/72/614
f 5192/72/618 5189/72/619 5190/72/616
f 5194/72/620 5191/72/618 5192/72/618
f 5196/72/621 5193/72/620 5194/72/620
f 5198/72/622 5195/72/623 5196/72/621
f 5200/72/624 5197/72/622 5198/72/622
f 5202/72/625 5199/72/626 5200/72/624
f 5204/72/627 5201/72/625 5202/72/625
f 5206/72/628 5203/72/627 5204/72/627
f 5208/72/629 5205/72/628 5206/72/628
f 5210/72/630 5207/72/629 5208/72/629
f 5212/72/631 5209/72/630 5210/72/630
f 5214/72/632 5211/72/631 5212/72/631
f 5216/72/633 5213/72/632 5214/72/632
f 5218/72/634 5215/72/635 5216/72/633
f 5220/72/636 5217/72/634 5218/72/634
f 5222/72/637 5219/72/636 5220/72/636
f 5224/72/638 5221/72/637 5222/72/637
f 5226/72/639 5223/72/638 5224/72/638
f 5228/72/640 5225/72/639 5226/72/639
f 5230/72/641 5227/72/640 5228/72/640
f 5232/72/642 5229/72/641 5230/72/641
f 5234/72/643 5231/72/642 5232/72/642
f 5236/72/644 5233/72/643 5234/72/643
f 5238/72/645 5235/72/644 5236/72/644
f 5240/72/646 5237/72/645 5238/72/645
f 5242/72/647 5239/72/646 5240/72/646
f 5244/72/648 5241/72/647 5242/72/647
f 5246/72/649 5243/72/648 5244/72/648
f 5248/72/650 5245/72/649 5246/72/649
f 5250/72/651 5247/72/650 5248/72/650
f 5252/72/652 5249/72/651 5250/72/651
f 5254/72/69 5251/72/652 5252/72/652
f 5256/72/69 5253/72/69 5254/72/69
f 5258/72/69 5255/72/69 5256/72/69
f 5260/72/69 5257/72/69 5258/72/69
f 5262/72/69 5259/72/69 5260/72/69
f 5264/72/69 5261/72/69 5262/72/69
f 5266/72/69 5263/72/69 5264/72/69
f 5268/72/69 5265/72/69 5266/72/69
f 5270/72/69 5267/72/69 5268/72/69
f 5272/72/69 5269/72/69 5270/72/69
f 5274/72/69 5271/72/69 5272/72/69
f 5276/72/653 5273/72/69 5274/72/69
f 5278/72/654 5275/72/653 5276/72/653
f 5280/72/655 5277/72/654 5278/72/654
f 5282/72/656 5279/72/655 5280/72/655
f 5284/72/657 5281/72/656 5282/72/656
f 5286/72/658 5283/72/657 5284/72/657
f 5288/72/659 5285/72/658 5286/72/658
f 5290/72/660 5287/72/659 5288/72/659
f 5292/72/661 5289/72/660 5290/72/660
f 5294/72/662 5291/72/661 5292/72/661
f 5296/72/663 5293/72/662 5294/72/662
f 5298/72/664 5295/72/663 5296/72/663
f 5300/72/665 5297/72/664 5298/72/664
f 5302/72/666 5299/72/18 5300/72/665
f 5304/72/667 5301/72/668 5302/72/666
f 5306/72/669 5303/72/670 5304/72/667
f 5308/72/671 5305/72/297 5306/72/669
f 5310/72/672 5307/72/671 5308/72/671
f 5312/72/673 5309/72/672 5310/72/672
f 5314/72/674 5311/72/673 5312/72/673
f 5316/72/675 5313/72/674 5314/72/674
f 5318/72/676 5315/72/675 5316/72/675
f 5320/72/677 5317/72/676 5318/72/676
f 5322/72/344 5319/72/677 5320/72/677
f 5324/72/678 5321/72/344 5322/72/344
f 5326/72/679 5323/72/678 5324/72/678
f 5328/72/680 5325/72/679 5326/72/679
f 5330/72/681 5327/72/680 5328/72/680
f 5332/72/682 5329/72/681 5330/72/681
f 5334/72/683 5331/72/682 5332/72/682
f 5336/72/684 5333/72/683 5334/72/683
f 5338/72/685 5335/72/686 5336/72/684
f 5340/72/687 5337/72/685 5338/72/685
f 5342/72/688 5339/72/689 5340/72/687
f 5344/72/690 5341/72/688 5342/72/688
f 5346/72/691 5343/72/690 5344/72/690
f 5348/72/692 5345/72/691 5346/72/691
f 5350/72/693 5347/72/694 5348/72/692
f 5352/72/695 5349/72/696 5350/72/693
f 5354/72/697 5351/72/695 5352/72/695
f 5356/72/698 5353/72/697 5354/72/697
f 5358/72/699 5355/72/698 5356/72/698
f 5360/72/700 5357/72/701 5358/72/699
f 5362/72/702 5359/72/700 5360/72/700
f 5364/72/703 5361/72/702 5362/72/702
f 5366/72/704 5363/72/703 5364/72/703
f 5368/72/705 5365/72/704 5366/72/704
f 5370/72/706 5367/72/705 5368/72/705
f 5372/72/570 5369/72/706 5370/72/706
f 5374/72/707 5371/72/570 5372/72/570
f 5376/72/708 5373/72/707 5374/72/707
f 5378/72/116 5375/72/708 5376/72/708
f 5380/72/709 5377/72/116 5378/72/116
f 5382/72/710 5379/72/709 5380/72/709
f 5384/72/711 5381/72/710 5382/72/710
f 5386/72/712 5383/72/711 5384/72/711
f 5388/72/713 5385/72/712 5386/72/712
f 5390/72/714 5387/72/713 5388/72/713
f 5392/72/715 5389/72/714 5390/72/714
f 5394/72/716 5391/72/715 5392/72/715
f 5396/72/717 5393/72/716 5394/72/716
f 5398/72/609 5395/72/717 5396/72/717
f 5400/72/718 5397/72/609 5398/72/609
f 5402/72/719 5399/72/720 5400/72/718
f 5404/72/721 5401/72/719 5402/72/719
f 5406/72/722 5403/72/721 5404/72/721
f 5408/72/723 5405/72/722 5406/72/722
f 5410/72/724 5407/72/723 5408/72/723
f 5412/72/725 5409/72/724 5410/72/724
f 5414/72/726 5411/72/725 5412/72/725
f 5416/72/727 5413/72/726 5414/72/726
f 5418/72/728 5415/72/727 5416/72/727
f 5420/72/729 5417/72/730 5418/72/728
f 5422/72/731 5419/72/729 5420/72/729
f 5424/72/732 5421/72/731 5422/72/731
f 5426/72/733 5423/72/732 5424/72/732
f 5428/72/734 5425/72/733 5426/72/733
f 5430/72/735 5427/72/734 5428/72/734
f 5432/72/736 5429/72/735 5430/72/735
f 5434/72/737 5431/72/736 5432/72/736
f 5436/72/738 5433/72/737 5434/72/737
f 5438/72/739 5435/72/738 5436/72/738
f 5440/72/740 5437/72/739 5438/72/739
f 5442/72/741 5439/72/740 5440/72/740
f 5444/72/742 5441/72/741 5442/72/741
f 5446/72/743 5443/72/742 5444/72/742
f 5448/72/744 5445/72/743 5446/72/743
f 5450/72/745 5447/72/744 5448/72/744
f 5452/72/746 5449/72/747 5450/72/745
f 5454/72/748 5451/72/746 5452/72/746
f 5456/72/749 5453/72/750 5454/72/748
f 5458/72/751 5455/72/749 5456/72/749
f 5460/72/752 5457/72/751 5458/72/751
f 5462/72/753 5459/72/754 5460/72/752
f 5464/72/755 5461/72/756 5462/72/753
f 5466/72/757 5463/72/758 5464/72/755
f 5468/72/759 5465/72/760 5466/72/757
f 5470/72/761 5467/72/759 5468/72/759
f 5472/72/762 5469/72/761 5470/72/761
f 5474/72/763 5471/72/762 5472/72/762
f 5476/72/764 5473/72/765 5474/72/763
f 5478/72/766 5475/72/767 5476/72/764
f 5480/72/768 5477/72/769 5478/72/766
f 5482/72/770 5479/72/768 5480/72/768
f 5484/72/771 5481/72/772 5482/72/770
f 5486/72/773 5483/72/774 5484/72/771
f 5488/72/775 5485/72/773 5486/72/773
f 5490/72/776 5487/72/775 5488/72/775
f 5492/72/777 5489/72/776 5490/72/776
f 5494/72/778 5491/72/779 5492/72/777
f 5496/72/780 5493/72/781 5494/72/778
f 5498/72/782 5495/72/780 5496/72/780
f 5500/72/783 5497/72/782 5498/72/782
f 5502/72/784 5499/72/783 5500/72/783
f 5504/72/785 5501/72/786 5502/72/784
f 5506/72/787 5503/72/785 5504/72/785
f 5508/72/788 5505/72/787 5506/72/787
f 5510/72/789 5507/72/790 5508/72/788
f 5512/72/791 5509/72/792 5510/72/789
f 5514/72/793 5511/72/794 5512/72/791
f 5516/72/795 5513/72/796 5514/72/793
f 5518/72/797 5515/72/795 5516/72/795
f 5520/72/798 5517/72/799 5518/72/797
f 5522/72/800 5519/72/798 5520/72/798
f 5524/72/800 5521/72/800 5522/72/800
f 5526/72/797 5523/72/800 5524/72/800
f 5528/72/801 5525/72/797 5526/72/797
f 5530/72/802 5527/72/801 5528/72/801
f 5532/72/803 5529/72/804 5530/72/802
f 5534/72/805 5531/72/803 5532/72/803
f 5536/72/806 5533/72/805 5534/72/805
f 5538/72/807 5535/72/806 5536/72/806
f 5540/72/808 5537/72/807 5538/72/807
f 5542/72/809 5539/72/808 5540/72/808
f 5544/72/810 5541/72/809 5542/72/809
f 5546/72/811 5543/72/812 5544/72/810
f 5548/72/813 5545/72/811 5546/72/811
f 5550/72/814 5547/72/813 5548/72/813
f 5552/72/815 5549/72/814 5550/72/814
f 5554/72/816 5551/72/817 5552/72/815
f 5556/72/818 5553/72/819 5554/72/816
f 5558/72/820 5555/72/818 5556/72/818
f 5560/72/821 5557/72/822 5558/72/820
f 5562/72/823 5559/72/821 5560/72/821
f 5564/72/824 5561/72/823 5562/72/823
f 5566/72/825 5563/72/824 5564/72/824
f 5568/72/826 5565/72/827 5566/72/825
f 5570/72/828 5567/72/829 5568/72/826
f 5572/72/830 5569/72/831 5570/72/828
f 5574/72/832 5571/72/830 5572/72/830
f 5576/72/833 5573/72/834 5574/72/832
f 5578/72/835 5575/72/833 5576/72/833
f 5580/72/836 5577/72/837 5578/72/835
f 5582/72/838 5579/72/839 5580/72/836
f 5584/72/840 5581/72/838 5582/72/838
f 5586/72/841 5583/72/840 5584/72/840
f 5588/72/842 5585/72/841 5586/72/841
f 5590/72/843 5587/72/842 5588/72/842
f 5592/72/844 5589/72/843 5590/72/843
f 5594/72/845 5591/72/844 5592/72/844
f 5596/72/846 5593/72/847 5594/72/845
f 5598/72/848 5595/72/849 5596/72/846
f 5600/72/850 5597/72/848 5598/72/848
f 5602/72/851 5599/72/850 5600/72/850
f 5604/72/852 5601/72/853 5602/72/851
f 5606/72/854 5603/72/852 5604/72/852
f 5608/72/855 5605/72/856 5606/72/854
f 5610/72/857 5607/72/855 5608/72/855
f 5612/72/858 5609/72/857 5610/72/857
f 5614/72/859 5611/72/860 5612/72/858
f 5616/72/861 5613/72/859 5614/72/859
f 5618/72/862 5615/72/863 5616/72/861
f 5620/72/864 5617/72/862 5618/72/862
f 5622/72/865 5619/72/866 5620/72/864
f 5624/72/867 5621/72/868 5622/72/865
f 5626/72/869 5623/72/867 5624/72/867
f 5628/72/870 5625/72/869 5626/72/869
f 5630/72/871 5627/72/756 5628/72/870
f 5632/72/872 5629/72/873 5630/72/871
f 5634/72/874 5631/72/872 5632/72/872
f 5636/72/875 5633/72/874 5634/72/874
f 5638/72/876 5635/72/875 5636/72/875
f 5640/72/877 5637/72/876 5638/72/876
f 5642/72/878 5639/72/877 5640/72/877
f 5644/72/879 5641/72/878 5642/72/878
f 5646/72/880 5643/72/879 5644/72/879
f 5648/72/881 5645/72/880 5646/72/880
f 5650/72/882 5647/72/881 5648/72/881
f 5652/72/883 5649/72/882 5650/72/882
f 5654/72/884 5651/72/883 5652/72/883
f 5656/72/885 5653/72/884 5654/72/884
f 5658/72/886 5655/72/887 5656/72/885
f 5660/72/888 5657/72/886 5658/72/886
f 5662/72/889 5659/72/890 5660/72/888
f 5664/72/891 5661/72/889 5662/72/889
f 5666/72/892 5663/72/891 5664/72/891
f 5668/72/893 5665/72/892 5666/72/892
f 5670/72/746 5667/72/893 5668/72/893
f 5672/72/894 5669/72/746 5670/72/746
f 5674/72/895 5671/72/896 5672/72/894
f 5676/72/897 5673/72/898 5674/72/895
f 5678/72/899 5675/72/897 5676/72/897
f 5680/72/900 5677/72/899 5678/72/899
f 5682/72/901 5679/72/900 5680/72/900
f 5684/72/902 5681/72/903 5682/72/901
f 5686/72/904 5683/72/902 5684/72/902
f 5688/72/905 5685/72/904 5686/72/904
f 5690/72/906 5687/72/907 5688/72/905
f 5692/72/908 5689/72/906 5690/72/906
f 5694/72/909 5691/72/908 5692/72/908
f 5696/72/910 5693/72/911 5694/72/909
f 5698/72/912 5695/72/913 5696/72/910
f 5700/72/914 5697/72/915 5698/72/912
f 5702/72/916 5699/72/914 5700/72/914
f 5704/72/917 5701/72/916 5702/72/916
f 5706/72/918 5703/72/917 5704/72/917
f 5708/72/919 5705/72/920 5706/72/918
f 5710/72/921 5707/72/919 5708/72/919
f 5712/72/922 5709/72/923 5710/72/921
f 5714/72/924 5711/72/925 5712/72/922
f 5716/72/926 5713/72/927 5714/72/924
f 5718/72/928 5715/72/926 5716/72/926
f 5720/72/929 5717/72/928 5718/72/928
f 5722/72/930 5719/72/931 5720/72/929
f 5724/72/932 5721/72/930 5722/72/930
f 5726/72/933 5723/72/932 5724/72/932
f 5728/72/934 5725/72/933 5726/72/933
f 5730/72/935 5727/72/934 5728/72/934
f 5732/72/936 5729/72/935 5730/72/935
f 5734/72/937 5731/72/936 5732/72/936
f 5736/72/938 5733/72/937 5734/72/937
f 5738/72/939 5735/72/938 5736/72/938
f 5740/72/940 5737/72/939 5738/72/939
f 5742/72/941 5739/72/942 5740/72/940
f 5744/72/943 5741/72/941 5742/72/941
f 5746/72/944 5743/72/943 5744/72/943
f 5748/72/945 5745/72/946 5746/72/944
f 5750/72/947 5747/72/948 5748/72/945
f 5752/72/949 5749/72/947 5750/72/947
f 5754/72/950 5751/72/949 5752/72/949
f 5756/72/951 5753/72/950 5754/72/950
f 5758/72/952 5755/72/951 5756/72/951
f 5760/72/953 5757/72/952 5758/72/952
f 5762/72/954 5759/72/955 5760/72/953
f 5764/72/956 5761/72/954 5762/72/954
f 5766/72/957 5763/72/956 5764/72/956
f 5768/72/957 5765/72/957 5766/72/957
f 5770/72/957 5767/72/957 5768/72/957
f 5772/72/957 5769/72/957 5770/72/957
f 5774/72/957 5771/72/957 5772/72/957
f 5776/72/957 5773/72/957 5774/72/957
f 5778/72/957 5775/72/957 5776/72/957
f 5780/72/957 5777/72/957 5778/72/957
f 5782/72/957 5779/72/957 5780/72/957
f 5784/72/957 5781/72/957 5782/72/957
f 5786/72/957 5783/72/957 5784/72/957
f 5788/72/958 5785/72/957 5786/72/957
f 5790/72/959 5787/72/958 5788/72/958
f 5792/72/960 5789/72/959 5790/72/959
f 5794/72/757 5791/72/960 5792/72/960
f 5796/72/961 5793/72/757 5794/72/757
f 5798/72/962 5795/72/961 5796/72/961
f 5800/72/963 5797/72/962 5798/72/962
f 5802/72/964 5799/72/963 5800/72/963
f 5804/72/965 5801/72/964 5802/72/964
f 5806/72/966 5803/72/965 5804/72/965
f 5808/72/967 5805/72/968 5806/72/966
f 5810/72/969 5807/72/967 5808/72/967
f 5812/72/970 5809/72/969 5810/72/969
f 5814/72/971 5811/72/970 5812/72/970
f 5816/72/972 5813/72/971 5814/72/971
f 5818/72/973 5815/72/972 5816/72/972
f 5820/72/970 5817/72/973 5818/72/973
f 5822/72/974 5819/72/970 5820/72/970
f 5824/72/975 5821/72/974 5822/72/974
f 5826/72/976 5823/72/975 5824/72/975
f 5828/72/977 5825/72/978 5826/72/976
f 5830/72/979 5827/72/977 5828/72/977
f 5832/72/980 5829/72/981 5830/72/979
f 5834/72/982 5831/72/980 5832/72/980
f 5836/72/983 5833/72/982 5834/72/982
f 5838/72/984 5835/72/983 5836/72/983
f 5840/72/985 5837/72/984 5838/72/984
f 5842/72/986 5839/72/985 5840/72/985
f 5844/72/987 5841/72/988 5842/72/986
f 5846/72/989 5843/72/990 5844/72/987
f 5848/72/991 5845/72/989 5846/72/989
f 5850/72/992 5847/72/991 5848/72/991
f 5852/72/993 5849/72/992 5850/72/992
f 5854/72/994 5851/72/993 5852/72/993
f 5856/72/995 5853/72/994 5854/72/994
f 5858/72/996 5855/72/995 5856/72/995
f 5860/72/997 5857/72/996 5858/72/996
f 5862/72/998 5859/72/997 5860/72/997
f 5864/72/999 5861/72/998 5862/72/998
f 5866/72/1000 5863/72/999 5864/72/999
f 5868/72/1001 5865/72/1000 5866/72/1000
f 5870/72/1002 5867/72/1001 5868/72/1001
f 5872/72/898 5869/72/1002 5870/72/1002
f 5874/72/1003 5871/72/895 5872/72/898
f 5876/72/1004 5873/72/1003 5874/72/1003
f 5878/72/1005 5875/72/1006 5876/72/1004
f 5880/72/1007 5877/72/1005 5878/72/1005
f 5882/72/1008 5879/72/1007 5880/72/1007
f 5884/72/1009 5881/72/1008 5882/72/1008
f 5886/72/1010 5883/72/1009 5884/72/1009
f 5888/72/1011 5885/72/1012 5886/72/1010
f 5890/72/1013 5887/72/1011 5888/72/1011
f 5892/72/1014 5889/72/1013 5890/72/1013
f 5894/72/1015 5891/72/1014 5892/72/1014
f 5896/72/1016 5893/72/1017 5894/72/1015
f 5898/72/1018 5895/72/1016 5896/72/1016
f 5900/72/1019 5897/72/1018 5898/72/1018
f 5902/72/1020 5899/72/1019 5900/72/1019
f 5904/72/1021 5901/72/1020 5902/72/1020
f 5906/72/1022 5903/72/1021 5904/72/1021
f 5908/72/1023 5905/72/1022 5906/72/1022
f 5910/72/1024 5907/72/1023 5908/72/1023
f 5912/72/1025 5909/72/1024 5910/72/1024
f 5914/72/1026 5911/72/1025 5912/72/1025
f 5916/72/1027 5913/72/1026 5914/72/1026
f 5918/72/1028 5915/72/1027 5916/72/1027
f 5920/72/1029 5917/72/1028 5918/72/1028
f 5922/72/1030 5919/72/1029 5920/72/1029
f 5924/72/1031 5921/72/1030 5922/72/1030
f 5926/72/1032 5923/72/1031 5924/72/1031
f 5928/72/1033 5925/72/1032 5926/72/1032
f 5930/72/1034 5927/72/1033 5928/72/1033
f 5932/72/1035 5929/72/1034 5930/72/1034
f 5934/72/1036 5931/72/1035 5932/72/1035
f 5936/72/937 5933/72/1036 5934/72/1036
f 5938/72/1037 5935/72/937 5936/72/937
f 5940/72/1038 5937/72/1037 5938/72/1037
f 5942/72/1039 5939/72/1040 5940/72/1038
f 5944/72/1041 5941/72/1039 5942/72/1039
f 5946/72/1042 5943/72/1041 5944/72/1041
f 5948/72/1043 5945/72/1042 5946/72/1042
f 5950/72/1044 5947/72/1043 5948/72/1043
f 5952/72/1045 5949/72/1044 5950/72/1044
f 5954/72/1046 5951/72/1045 5952/72/1045
f 5956/72/1047 5953/72/1046 5954/72/1046
f 5958/72/1048 5955/72/1047 5956/72/1047
f 5960/72/1049 5957/72/1050 5958/72/1048
f 5962/72/1051 5959/72/1052 5960/72/1049
f 5964/72/1053 5961/72/1051 5962/72/1051
f 5966/72/1054 5963/72/1055 5964/72/1053
f 5968/72/1056 5965/72/1054 5966/72/1054
f 5970/72/1057 5967/72/1056 5968/72/1056
f 5972/72/1058 5969/72/1057 5970/72/1057
f 5974/72/1059 5971/72/1058 5972/72/1058
f 5976/72/1060 5973/72/1059 5974/72/1059
f 5978/72/1061 5975/72/1060 5976/72/1060
f 5980/72/1062 5977/72/1061 5978/72/1061
f 5982/72/1063 5979/72/1062 5980/72/1062
f 5984/72/1064 5981/72/1063 5982/72/1063
f 5986/72/1065 5983/72/1064 5984/72/1064
f 5988/72/1066 5985/72/1067 5986/72/1065
f 5990/72/1068 5987/72/1066 5988/72/1066
f 5992/72/1069 5989/72/1068 5990/72/1068
f 5994/72/1070 5991/72/1069 5992/72/1069
f 5996/72/1071 5993/72/1070 5994/72/1070
f 5998/72/1072 5995/72/1071 5996/72/1071
f 6000/72/1073 5997/72/1074 5998/72/1072
f 6002/72/1075 5999/72/1076 6000/72/1073
f 6004/72/1077 6001/72/1075 6002/72/1075
f 6006/72/1078 6003/72/1077 6004/72/1077
f 6008/72/1079 6005/72/1078 6006/72/1078
f 6010/72/1080 6007/72/1079 6008/72/1079
f 6012/72/1081 6009/72/1080 6010/72/1080
f 6014/72/1082 6011/72/1083 6012/72/1081
f 6016/72/1084 6013/72/1085 6014/72/1082
f 6018/72/1086 6015/72/1084 6016/72/1084
f 6020/72/1087 6017/72/1086 6018/72/1086
f 6022/72/1088 6019/72/1087 6020/72/1087
f 6024/72/1008 6021/72/1088 6022/72/1088
f 6026/72/1089 6023/72/1008 6024/72/1008
f 6028/72/1090 6025/72/1089 6026/72/1089
f 6030/72/1091 6027/72/1090 6028/72/1090
f 6032/72/1092 6029/72/1091 6030/72/1091
f 6034/72/1093 6031/72/1094 6032/72/1092
f 6036/72/1095 6033/72/1093 6034/72/1093
f 6038/72/1096 6035/72/1095 6036/72/1095
f 6040/72/1097 6037/72/1096 6038/72/1096
f 6042/72/1098 6039/72/1097 6040/72/1097
f 6044/72/1099 6041/72/1098 6042/72/1098
f 6046/72/1100 6043/72/1099 6044/72/1099
f 6048/72/1101 6045/72/1100 6046/72/1100
f 6050/72/1102 6047/72/1101 6048/72/1101
f 6052/72/1103 6049/72/1102 6050/72/1102
f 6054/72/963 6051/72/1103 6052/72/1103
f 6056/72/1104 6053/72/963 6054/72/963
f 6058/72/1105 6055/72/1106 6056/72/1104
f 6060/72/1107 6057/72/1105 6058/72/1105
f 6062/72/1065 6059/72/798 6060/72/1107
f 6064/72/1108 6061/72/1065 6062/72/1065
f 6066/72/1109 6063/72/1108 6064/72/1108
f 6068/72/1110 6065/72/1109 6066/72/1109
f 6070/72/1111 6067/72/1110 6068/72/1110
f 6072/72/1112 6069/72/1111 6070/72/1111
f 6074/72/1113 6071/72/1114 6072/72/1112
f 6076/72/1115 6073/72/1113 6074/72/1113
f 6078/72/1116 6075/72/1115 6076/72/1115
f 6080/72/1117 6077/72/1116 6078/72/1116
f 6082/72/1118 6079/72/1117 6080/72/1117
f 6084/72/1119 6081/72/1118 6082/72/1118
f 6086/72/1120 6083/72/1119 6084/72/1119
f 6088/72/1121 6085/72/1120 6086/72/1120
f 6090/72/1122 6087/72/1121 6088/72/1121
f 6092/72/1123 6089/72/1122 6090/72/1122
f 6094/72/1124 6091/72/1123 6092/72/1123
f 6096/72/1125 6093/72/1124 6094/72/1124
f 6098/72/1126 6095/72/1125 6096/72/1125
f 6100/72/1127 6097/72/1126 6098/72/1126
f 6102/72/1128 6099/72/1127 6100/72/1127
f 6104/72/1129 6101/72/1130 6102/72/1128
f 6106/72/1131 6103/72/1129 6104/72/1129
f 6108/72/1132 6105/72/1133 6106/72/1131
f 6110/72/1134 6107/72/1132 6108/72/1132
f 6112/72/1135 6109/72/1134 6110/72/1134
f 6114/72/1136 6111/72/1135 6112/72/1135
f 6116/72/1137 6113/72/1136 6114/72/1136
f 6118/72/1138 6115/72/1137 6116/72/1137
f 6120/72/1139 6117/72/1138 6118/72/1138
f 6122/72/1140 6119/72/1141 6120/72/1139
f 6124/72/1142 6121/72/1140 6122/72/1140
f 6126/72/1143 6123/72/1142 6124/72/1142
f 6128/72/1144 6125/72/1143 6126/72/1143
f 6130/72/1145 6127/72/1144 6128/72/1144
f 6132/72/1146 6129/72/1145 6130/72/1145
f 6134/72/1147 6131/72/1146 6132/72/1146
f 6136/72/1148 6133/72/1147 6134/72/1147
f 6138/72/1149 6135/72/1148 6136/72/1148
f 6140/72/1150 6137/72/1149 6138/72/1149
f 6142/72/1151 6139/72/1150 6140/72/1150
f 6144/72/1152 6141/72/1151 6142/72/1151
f 6146/72/1153 6143/72/1152 6144/72/1152
f 6148/72/1154 6145/72/1153 6146/72/1153
f 6150/72/1155 6147/72/1154 6148/72/1154
f 6152/72/1156 6149/72/1155 6150/72/1155
f 6154/72/1157 6151/72/1156 6152/72/1156
f 6156/72/1045 6153/72/1157 6154/72/1157
f 6158/72/1158 6155/72/1045 6156/72/1045
f 6160/72/1159 6157/72/1158 6158/72/1158
f 6162/72/1160 6159/72/1161 6160/72/1159
f 6164/72/1162 6161/72/1160 6162/72/1160
f 6166/72/1163 6163/72/1162 6164/72/1162
f 6168/72/1164 6165/72/1163 6166/72/1163
f 6170/72/1165 6167/72/1164 6168/72/1164
f 6172/72/1166 6169/72/1165 6170/72/1165
f 6174/72/1167 6171/72/1166 6172/72/1166
f 6176/72/1168 6173/72/1167 6174/72/1167
f 6178/72/1169 6175/72/1168 6176/72/1168
f 6180/72/1170 6177/72/1169 6178/72/1169
f 6182/72/1171 6179/72/1170 6180/72/1170
f 6184/72/1172 6181/72/1171 6182/72/1171
f 6186/72/1173 6183/72/1172 6184/72/1172
f 6188/72/1174 6185/72/1173 6186/72/1173
f 6190/72/1175 6187/72/1174 6188/72/1174
f 6192/72/1045 6189/72/1175 6190/72/1175
f 6194/72/1176 6191/72/1177 6192/72/1045
f 6196/72/1178 6193/72/1176 6194/72/1176
f 6198/72/1179 6195/72/1178 6196/72/1178
f 6200/72/1180 6197/72/1179 6198/72/1179
f 6202/72/1181 6199/72/1180 6200/72/1180
f 6204/72/1182 6201/72/1183 6202/72/1181
f 6206/72/1184 6203/72/1182 6204/72/1182
f 6208/72/1185 6205/72/1184 6206/72/1184
f 6210/72/1186 6207/72/1185 6208/72/1185
f 6212/72/1187 6209/72/1186 6210/72/1186
f 6214/72/1188 6211/72/1187 6212/72/1187
f 6216/72/1189 6213/72/1188 6214/72/1188
f 6218/72/1190 6215/72/1189 6216/72/1189
f 6220/72/1191 6217/72/1190 6218/72/1190
f 6222/72/1192 6219/72/1191 6220/72/1191
f 6224/72/1193 6221/72/1192 6222/72/1192
f 6226/72/1194 6223/72/1193 6224/72/1193
f 6228/72/1195 6225/72/1194 6226/72/1194
f 6230/72/1196 6227/72/1195 6228/72/1195
f 6232/72/1197 6229/72/1196 6230/72/1196
f 6234/72/1198 6231/72/1197 6232/72/1197
f 6236/72/1199 6233/72/1198 6234/72/1198
f 6238/72/1200 6235/72/1199 6236/72/1199
f 6240/72/1201 6237/72/1200 6238/72/1200
f 6242/72/1202 6239/72/1201 6240/72/1201
f 6244/72/1203 6241/72/1202 6242/72/1202
f 6246/72/1204 6243/72/1203 6244/72/1203
f 6248/72/1205 6245/72/1204 6246/72/1204
f 6250/72/1206 6247/72/1205 6248/72/1205
f 6252/72/1207 6249/72/1206 6250/72/1206
f 6254/72/1208 6251/72/1209 6252/72/1207
f 6256/72/1210 6253/72/1208 6254/72/1208
f 6258/72/1211 6255/72/1210 6256/72/1210
f 6260/72/1212 6257/72/1211 6258/72/1211
f 6262/72/1076 6259/72/1212 6260/72/1212
f 6264/72/1213 6261/72/1076 6262/72/1076
f 6266/72/1214 6263/72/1213 6264/72/1213
f 6268/72/1215 6265/72/1216 6266/72/1214
f 6270/72/1217 6267/72/1215 6268/72/1215
f 6272/72/1218 6269/72/1217 6270/72/1217
f 6274/72/961 6271/72/1218 6272/72/1218
f 6276/72/1045 6273/72/961 6274/72/961
f 6278/72/1219 6275/72/1045 6276/72/1045
f 6280/72/1220 6277/72/1219 6278/72/1219
f 6282/72/1221 6279/72/1220 6280/72/1220
f 6284/72/1222 6281/72/1221 6282/72/1221
f 6286/72/1223 6283/72/1222 6284/72/1222
f 6288/72/1224 6285/72/1223 6286/72/1223
f 6290/72/1225 6287/72/1224 6288/72/1224
f 6292/72/1226 6289/72/1225 6290/72/1225
f 6294/72/1227 6291/72/1226 6292/72/1226
f 6296/72/1228 6293/72/1227 6294/72/1227
f 6298/72/1229 6295/72/1228 6296/72/1228
f 6300/72/1230 6297/72/1229 6298/72/1229
f 6302/72/1231 6299/72/1230 6300/72/1230
f 6304/72/1232 6301/72/1231 6302/72/1231
f 6306/72/1233 6303/72/1232 6304/72/1232
f 6308/72/1234 6305/72/1233 6306/72/1233
f 6310/72/1235 6307/72/1234 6308/72/1234
f 6312/72/1236 6309/72/1235 6310/72/1235
f 6314/72/1237 6311/72/1236 6312/72/1236
f 6316/72/1238 6313/72/1237 6314/72/1237
f 6318/72/1239 6315/72/1238 6316/72/1238
f 6320/72/1240 6317/72/1239 6318/72/1239
f 6322/72/1241 6319/72/1240 6320/72/1240
f 6324/72/1242 6321/72/1241 6322/72/1241
f 6326/72/1243 6323/72/1242 6324/72/1242
f 6328/72/1244 6325/72/1243 6326/72/1243
f 6330/72/1245 6327/72/1244 6328/72/1244
f 6332/72/1246 6329/72/1245 6330/72/1245
f 6334/72/1247 6331/72/1246 6332/72/1246
f 6336/72/1248 6333/72/1247 6334/72/1247
f 6338/72/1249 6335/72/1248 6336/72/1248
f 6340/72/1250 6337/72/1249 6338/72/1249
f 6342/72/1251 6339/72/1250 6340/72/1250
f 6344/72/1252 6341/72/1251 6342/72/1251
f 6346/72/1253 6343/72/1252 6344/72/1252
f 6348/72/1254 6345/72/1253 6346/72/1253
f 6350/72/1255 6347/72/1254 6348/72/1254
f 6352/72/1256 6349/72/1255 6350/72/1255
f 6354/72/1257 6351/72/1256 6352/72/1256
f 6356/72/1258 6353/72/1257 6354/72/1257
f 6358/72/1259 6355/72/1258 6356/72/1258
f 6360/72/1260 6357/72/1259 6358/72/1259
f 6362/72/1261 6359/72/1260 6360/72/1260
f 6364/72/1262 6361/72/1261 6362/72/1261
f 6366/72/1263 6363/72/1262 6364/72/1262
f 6368/72/1264 6365/72/1263 6366/72/1263
f 6370/72/1265 6367/72/1264 6368/72/1264
f 6372/72/1266 6369/72/1265 6370/72/1265
f 6374/72/1267 6371/72/1266 6372/72/1266
f 6376/72/1268 6373/72/1267 6374/72/1267
f 6378/72/1269 6375/72/1268 6376/72/1268
f 6380/72/1270 6377/72/1269 6378/72/1269
f 6382/72/1271 6379/72/1270 6380/72/1270
f 6384/72/1272 6381/72/1271 6382/72/1271
f 6386/72/1273 6383/72/1272 6384/72/1272
f 6388/72/1274 6385/72/1273 6386/72/1273
f 6390/72/1275 6387/72/1274 6388/72/1274
f 6392/72/1276 6389/72/1275 6390/72/1275
f 6394/72/1277 6391/72/1276 6392/72/1276
f 6396/72/1278 6393/72/1277 6394/72/1277
f 6398/72/1279 6395/72/1278 6396/72/1278
f 6400/72/1280 6397/72/1279 6398/72/1279
f 6402/72/1281 6399/72/1280 6400/72/1280
f 6404/72/1282 6401/72/1281 6402/72/1281
f 6406/72/1283 6403/72/1282 6404/72/1282
f 6408/72/1284 6405/72/1283 6406/72/1283
f 6410/72/1285 6407/72/1284 6408/72/1284
f 6412/72/1286 6409/72/1285 6410/72/1285
f 6414/72/1287 6411/72/1286 6412/72/1286
f 6416/72/1288 6413/72/1287 6414/72/1287
f 6418/72/1288 6415/72/1288 6416/72/1288
f 6420/72/1288 6417/72/1288 6418/72/1288
f 6422/72/1288 6419/72/1288 6420/72/1288
f 6424/72/1288 6421/72/1288 6422/72/1288
f 6426/72/1288 6423/72/1288 6424/72/1288
f 6428/72/1288 6425/72/1288 6426/72/1288
f 6430/72/1288 6427/72/1288 6428/72/1288
f 6432/72/1288 6429/72/1288 6430/72/1288
f 6434/72/1288 6431/72/1288 6432/72/1288
f 6436/72/1288 6433/72/1288 6434/72/1288
f 6438/72/1288 6435/72/1288 6436/72/1288
f 6440/72/1288 6437/72/1288 6438/72/1288
f 6442/72/1288 6439/72/1288 6440/72/1288
f 6444/72/1288 6441/72/1288 6442/72/1288
f 6446/72/1288 6443/72/1288 6444/72/1288
f 6448/72/1288 6445/72/1288 6446/72/1288
f 6450/72/1288 6447/72/1288 6448/72/1288
f 6452/72/1288 6449/72/1288 6450/72/1288
f 6454/72/1288 6451/72/1288 6452/72/1288
f 6456/72/1288 6453/72/1288 6454/72/1288
f 6458/72/1288 6455/72/1288 6456/72/1288
f 6460/72/1288 6457/72/1288 6458/72/1288
f 6462/72/1289 6459/72/1288 6460/72/1288
f 6464/72/1290 6461/72/1291 6462/72/1289
f 6466/72/1292 6463/72/1290 6464/72/1290
f 6468/72/1293 6465/72/1292 6466/72/1292
f 6470/72/1294 6467/72/1293 6468/72/1293
f 6472/72/1295 6469/72/1294 6470/72/1294
f 6474/72/1269 6471/72/1295 6472/72/1295
f 6476/72/1296 6473/72/1269 6474/72/1269
f 6478/72/1297 6475/72/1296 6476/72/1296
f 6480/72/1298 6477/72/1299 6478/72/1297
f 6482/72/1300 6479/72/1298 6480/72/1298
f 6484/72/1301 6481/72/1300 6482/72/1300
f 6486/72/1302 6483/72/1301 6484/72/1301
f 6488/72/1303 6485/72/1304 6486/72/1302
f 6490/72/1305 6487/72/1303 6488/72/1303
f 6492/72/1306 6489/72/1305 6490/72/1305
f 6494/72/1307 6491/72/1306 6492/72/1306
f 6496/72/1308 6493/72/1307 6494/72/1307
f 6498/72/1309 6495/72/1308 6496/72/1308
f 6500/72/1310 6497/72/1309 6498/72/1309
f 6502/72/1311 6499/72/1310 6500/72/1310
f 6504/72/1312 6501/72/1311 6502/72/1311
f 6506/72/1313 6503/72/1312 6504/72/1312
f 6508/72/1314 6505/72/1313 6506/72/1313
f 6510/72/1315 6507/72/1314 6508/72/1314
f 6512/72/1316 6509/72/1315 6510/72/1315
f 6514/72/1317 6511/72/1316 6512/72/1316
f 6516/72/1318 6513/72/1317 6514/72/1317
f 6518/72/1319 6515/72/1318 6516/72/1318
f 6520/72/1320 6517/72/1319 6518/72/1319
f 6522/72/1321 6519/72/1320 6520/72/1320
f 6524/72/1322 6521/72/1321 6522/72/1321
f 6526/72/1323 6523/72/1322 6524/72/1322
f 6528/72/1324 6525/72/1323 6526/72/1323
f 6530/72/1325 6527/72/1324 6528/72/1324
f 6532/72/1326 6529/72/1325 6530/72/1325
f 6534/72/1327 6531/72/1326 6532/72/1326
f 6536/72/1328 6533/72/1327 6534/72/1327
f 6538/72/1329 6535/72/1328 6536/72/1328
f 6540/72/1330 6537/72/1329 6538/72/1329
f 6542/72/1331 6539/72/1330 6540/72/1330
f 6544/72/1332 6541/72/1331 6542/72/1331
f 6546/72/1333 6543/72/1334 6544/72/1332
f 6548/72/1335 6545/72/1333 6546/72/1333
f 6550/72/1336 6547/72/1335 6548/72/1335
f 6552/72/1337 6549/72/1336 6550/72/1336
f 6554/72/1338 6551/72/1337 6552/72/1337
f 6556/72/1339 6553/72/1338 6554/72/1338
f 6558/72/1340 6555/72/1339 6556/72/1339
f 6560/72/1341 6557/72/1340 6558/72/1340
f 6562/72/1342 6559/72/1343 6560/72/1341
f 6564/72/1344 6561/72/1342 6562/72/1342
f 6566/72/1345 6563/72/1344 6564/72/1344
f 6568/72/1346 6565/72/1345 6566/72/1345
f 6570/72/1347 6567/72/1346 6568/72/1346
f 6572/72/1348 6569/72/1347 6570/72/1347
f 6574/72/1349 6571/72/1348 6572/72/1348
f 6576/72/1350 6573/72/1349 6574/72/1349
f 6578/72/1351 6575/72/1350 6576/72/1350
f 6580/72/1352 6577/72/1351 6578/72/1351
f 6582/72/1353 6579/72/1352 6580/72/1352
f 6584/72/1354 6581/72/1353 6582/72/1353
f 6586/72/1355 6583/72/1354 6584/72/1354
f 6588/72/1356 6585/72/1355 6586/72/1355
f 6590/72/1357 6587/72/1356 6588/72/1356
f 6592/72/1358 6589/72/1357 6590/72/1357
f 6594/72/1359 6591/72/1358 6592/72/1358
f 6596/72/1360 6593/72/1361 6594/72/1359
f 6598/72/1362 6595/72/1360 6596/72/1360
f 6600/72/1363 6597/72/1364 6598/72/1362
f 6602/72/1365 6599/72/1363 6600/72/1363
f 6604/72/1366 6601/72/1365 6602/72/1365
f 6606/72/1367 6603/72/1366 6604/72/1366
f 6608/72/1368 6605/72/1369 6606/72/1367
f 6610/72/1370 6607/72/1371 6608/72/1368
f 6612/72/1372 6609/72/1370 6610/72/1370
f 6614/72/1373 6611/72/1372 6612/72/1372
f 6616/72/1374 6613/72/1373 6614/72/1373
f 6618/72/1375 6615/72/1374 6616/72/1374
f 6620/72/1376 6617/72/1375 6618/72/1375
f 6622/72/1377 6619/72/1376 6620/72/1376
f 6624/72/1378 6621/72/1377 6622/72/1377
f 6626/72/1379 6623/72/1378 6624/72/1378
f 6628/72/1380 6625/72/1379 6626/72/1379
f 6630/72/1381 6627/72/1380 6628/72/1380
f 6632/72/1382 6629/72/1383 6630/72/1381
f 6634/72/1384 6631/72/1382 6632/72/1382
f 6636/72/1385 6633/72/1384 6634/72/1384
f 6638/72/1386 6635/72/1385 6636/72/1385
f 6640/72/1387 6637/72/1388 6638/72/1386
f 6642/72/1389 6639/72/1390 6640/72/1387
f 6644/72/1391 6641/72/1389 6642/72/1389
f 6646/72/1392 6643/72/1391 6644/72/1391
f 6648/72/1393 6645/72/1392 6646/72/1392
f 6650/72/1394 6647/72/1393 6648/72/1393
f 6652/72/1395 6649/72/1394 6650/72/1394
f 6654/72/1396 6651/72/1397 6652/72/1395
f 6656/72/1398 6653/72/1396 6654/72/1396
f 6658/72/1399 6655/72/1400 6656/72/1398
f 6660/72/1401 6657/72/1399 6658/72/1399
f 6662/72/1402 6659/72/1403 6660/72/1401
f 6664/72/1404 6661/72/1402 6662/72/1402
f 6666/72/1405 6663/72/1404 6664/72/1404
f 6668/72/1406 6665/72/1330 6666/72/1405
f 6670/72/1407 6667/72/1406 6668/72/1406
f 6672/72/1408 6669/72/1407 6670/72/1407
f 6674/72/1409 6671/72/1408 6672/72/1408
f 6676/72/1410 6673/72/1409 6674/72/1409
f 6678/72/1411 6675/72/1410 6676/72/1410
f 6680/72/1412 6677/72/1413 6678/72/1411
f 6682/72/1414 6679/72/1412 6680/72/1412
f 6684/72/1415 6681/72/1414 6682/72/1414
f 6686/72/1416 6683/72/1415 6684/72/1415
f 6688/72/1417 6685/72/1418 6686/72/1416
f 6690/72/1419 6687/72/1417 6688/72/1417
f 6692/72/1420 6689/72/1419 6690/72/1419
f 6694/72/1421 6691/72/1420 6692/72/1420
f 6696/72/1422 6693/72/1421 6694/72/1421
f 6698/72/1423 6695/72/1422 6696/72/1422
f 6700/72/1424 6697/72/1423 6698/72/1423
f 6702/72/1425 6699/72/1424 6700/72/1424
f 6704/72/1426 6701/72/1425 6702/72/1425
f 6706/72/1427 6703/72/1426 6704/72/1426
f 6708/72/1428 6705/72/1427 6706/72/1427
f 6710/72/1429 6707/72/1428 6708/72/1428
f 6712/72/1430 6709/72/1429 6710/72/1429
f 6714/72/1431 6711/72/1430 6712/72/1430
f 6716/72/1432 6713/72/1433 6714/72/1431
f 6718/72/1434 6715/72/1432 6716/72/1432
f 6720/72/1435 6717/72/1436 6718/72/1434
f 6722/72/1437 6719/72/1438 6720/72/1435
f 6724/72/1439 6721/72/1437 6722/72/1437
f 6726/72/1440 6723/72/1439 6724/72/1439
f 6728/72/1431 6725/72/1440 6726/72/1440
f 6730/72/1441 6727/72/1431 6728/72/1431
f 6732/72/1442 6729/72/1441 6730/72/1441
f 6734/72/1443 6731/72/1442 6732/72/1442
f 6736/72/1444 6733/72/1443 6734/72/1443
f 6738/72/1445 6735/72/1444 6736/72/1444
f 6740/72/1446 6737/72/1445 6738/72/1445
f 6742/72/1447 6739/72/1446 6740/72/1446
f 6744/72/1448 6741/72/1447 6742/72/1447
f 6746/72/1449 6743/72/1450 6744/72/1448
f 6748/72/1451 6745/72/1449 6746/72/1449
f 6750/72/1452 6747/72/1451 6748/72/1451
f 6752/72/1453 6749/72/1452 6750/72/1452
f 6754/72/1454 6751/72/1453 6752/72/1453
f 6756/72/1455 6753/72/1454 6754/72/1454
f 6758/72/1456 6755/72/1455 6756/72/1455
f 6760/72/1457 6757/72/1456 6758/72/1456
f 6762/72/1458 6759/72/1457 6760/72/1457
f 6764/72/1459 6761/72/1458 6762/72/1458
f 6766/72/1460 6763/72/1459 6764/72/1459
f 6768/72/1461 6765/72/1460 6766/72/1460
f 6770/72/1462 6767/72/1461 6768/72/1461
f 6772/72/1463 6769/72/1462 6770/72/1462
f 6774/72/1464 6771/72/1465 6772/72/1463
f 6776/72/1466 6773/72/1464 6774/72/1464
f 6778/72/1467 6775/72/1466 6776/72/1466
f 6780/72/1468 6777/72/1467 6778/72/1467
f 6782/72/1469 6779/72/1468 6780/72/1468
f 6784/72/1470 6781/72/1469 6782/72/1469
f 6786/72/47 6783/72/1470 6784/72/1470
f 6788/72/1471 6785/72/47 6786/72/47
f 6790/72/1472 6787/72/1471 6788/72/1471
f 6792/72/1473 6789/72/1472 6790/72/1472
f 6794/72/1474 6791/72/1473 6792/72/1473
f 6796/72/1475 6793/72/1474 6794/72/1474
f 6798/72/1476 6795/72/1477 6796/72/1475
f 6800/72/1478 6797/72/1476 6798/72/1476
f 6802/72/1479 6799/72/1478 6800/72/1478
f 6804/72/1480 6801/72/1479 6802/72/1479
f 6806/72/1481 6803/72/1480 6804/72/1480
f 6808/72/1482 6805/72/1481 6806/72/1481
f 6810/72/1483 6807/72/1482 6808/72/1482
f 6812/72/1484 6809/72/1483 6810/72/1483
f 6814/72/1485 6811/72/1484 6812/72/1484
f 6816/72/1486 6813/72/1485 6814/72/1485
f 6818/72/1487 6815/72/1486 6816/72/1486
f 6820/72/1488 6817/72/1487 6818/72/1487
f 6822/72/1489 6819/72/1488 6820/72/1488
f 6824/72/1490 6821/72/1489 6822/72/1489
f 6826/72/1491 6823/72/1490 6824/72/1490
f 6828/72/1492 6825/72/1491 6826/72/1491
f 6830/72/1493 6827/72/1492 6828/72/1492
f 6832/72/1494 6829/72/1493 6830/72/1493
f 6834/72/1495 6831/72/1496 6832/72/1494
f 6836/72/1497 6833/72/1495 6834/72/1495
f 6838/72/1498 6835/72/1497 6836/72/1497
f 6840/72/1499 6837/72/1498 6838/72/1498
f 6842/72/1500 6839/72/1499 6840/72/1499
f 6844/72/1501 6841/72/1502 6842/72/1500
f 6846/72/1503 6843/72/1501 6844/72/1501
f 6848/72/1504 6845/72/1503 6846/72/1503
f 6850/72/1505 6847/72/1504 6848/72/1504
f 6852/72/1506 6849/72/1505 6850/72/1505
f 6854/72/1507 6851/72/1508 6852/72/1506
f 6856/72/1509 6853/72/1507 6854/72/1507
f 6858/72/1510 6855/72/1509 6856/72/1509
f 6860/72/1511 6857/72/1510 6858/72/1510
f 6862/72/1512 6859/72/1511 6860/72/1511
f 6864/72/1513 6861/72/1512 6862/72/1512
f 6866/72/1514 6863/72/1513 6864/72/1513
f 6868/72/1515 6865/72/1514 6866/72/1514
f 6870/72/1516 6867/72/1515 6868/72/1515
f 6872/72/1517 6869/72/1516 6870/72/1516
f 6874/72/1518 6871/72/1517 6872/72/1517
f 6876/72/1519 6873/72/1518 6874/72/1518
f 6878/72/1520 6875/72/1519 6876/72/1519
f 6880/72/1521 6877/72/1520 6878/72/1520
f 6882/72/1522 6879/72/1521 6880/72/1521
f 6884/72/1523 6881/72/1522 6882/72/1522
f 6886/72/1524 6883/72/1523 6884/72/1523
f 6888/72/1525 6885/72/1524 6886/72/1524
f 6890/72/1526 6887/72/1525 6888/72/1525
f 6892/72/1527 6889/72/1526 6890/72/1526
f 6894/72/1528 6891/72/1527 6892/72/1527
f 6896/72/1529 6893/72/1528 6894/72/1528
f 6898/72/1530 6895/72/1529 6896/72/1529
f 6900/72/1531 6897/72/1530 6898/72/1530
f 6902/72/1532 6899/72/1533 6900/72/1531
f 6904/72/1534 6901/72/1532 6902/72/1532
f 6906/72/1535 6903/72/1534 6904/72/1534
f 6908/72/1536 6905/72/1535 6906/72/1535
f 6910/72/1537 6907/72/1536 6908/72/1536
f 6912/72/1538 6909/72/1537 6910/72/1537
f 6914/72/1539 6911/72/1538 6912/72/1538
f 6916/72/1540 6913/72/1539 6914/72/1539
f 6918/72/1541 6915/72/1540 6916/72/1540
f 6920/72/1542 6917/72/1541 6918/72/1541
f 6922/72/1543 6919/72/1542 6920/72/1542
f 6924/72/1544 6921/72/1543 6922/72/1543
f 6926/72/1545 6923/72/1544 6924/72/1544
f 6928/72/1546 6925/72/1545 6926/72/1545
f 6930/72/1547 6927/72/1546 6928/72/1546
f 6932/72/1548 6929/72/1547 6930/72/1547
f 6934/72/1549 6931/72/1548 6932/72/1548
f 6936/72/1550 6933/72/1549 6934/72/1549
f 6938/72/1551 6935/72/1550 6936/72/1550
f 6940/72/1552 6937/72/1551 6938/72/1551
f 6942/72/1553 6939/72/1552 6940/72/1552
f 6944/72/1554 6941/72/1553 6942/72/1553
f 6946/72/1553 6943/72/1554 6944/72/1554
f 6948/72/1552 6945/72/1553 6946/72/1553
f 6950/72/1551 6947/72/1552 6948/72/1552
f 6952/72/1550 6949/72/1551 6950/72/1551
f 6954/72/1555 6951/72/1550 6952/72/1550
f 6956/72/1556 6953/72/1555 6954/72/1555
f 6958/72/1547 6955/72/1556 6956/72/1556
f 6960/72/1546 6957/72/1547 6958/72/1547
f 6962/72/1557 6959/72/1546 6960/72/1546
f 6964/72/1544 6961/72/1557 6962/72/1557
f 6966/72/1558 6963/72/1544 6964/72/1544
f 6968/72/1559 6965/72/1560 6966/72/1558
f 6970/72/1561 6967/72/1562 6968/72/1559
f 6972/72/1563 6969/72/1561 6970/72/1561
f 6974/72/1564 6971/72/1563 6972/72/1563
f 6976/72/1565 6973/72/1564 6974/72/1564
f 6978/72/1566 6975/72/1567 6976/72/1565
f 6980/72/1568 6977/72/1566 6978/72/1566
f 6982/72/1569 6979/72/1568 6980/72/1568
f 6984/72/1570 6981/72/1569 6982/72/1569
f 6986/72/1571 6983/72/1570 6984/72/1570
f 6988/72/1572 6985/72/1571 6986/72/1571
f 6990/72/1573 6987/72/1572 6988/72/1572
f 6992/72/1574 6989/72/1573 6990/72/1573
f 6994/72/1575 6991/72/1574 6992/72/1574
f 6996/72/1576 6993/72/1575 6994/72/1575
f 6998/72/1577 6995/72/1576 6996/72/1576
f 7000/72/1578 6997/72/1577 6998/72/1577
f 7002/72/1579 6999/72/1578 7000/72/1578
f 7004/72/1580 7001/72/1579 7002/72/1579
f 7006/72/1561 7003/72/1580 7004/72/1580
f 7008/72/1581 7005/72/1561 7006/72/1561
f 7010/72/1582 7007/72/1581 7008/72/1581
f 7012/72/1583 7009/72/1582 7010/72/1582
f 7014/72/1584 7011/72/1583 7012/72/1583
f 7016/72/1585 7013/72/1584 7014/72/1584
f 7018/72/1586 7015/72/1585 7016/72/1585
f 7020/72/1587 7017/72/1586 7018/72/1586
f 7022/72/1588 7019/72/1589 7020/72/1587
f 7024/72/1590 7021/72/1588 7022/72/1588
f 7026/72/1591 7023/72/1590 7024/72/1590
f 7028/72/1592 7025/72/1593 7026/72/1591
f 7030/72/1594 7027/72/1592 7028/72/1592
f 7032/72/1595 7029/72/1596 7030/72/1594
f 7034/72/1597 7031/72/1595 7032/72/1595
f 7036/72/1598 7033/72/1599 7034/72/1597
f 7038/72/1600 7035/72/1598 7036/72/1598
f 7040/72/1601 7037/72/1600 7038/72/1600
f 7042/72/1602 7039/72/1601 7040/72/1601
f 7044/72/1603 7041/72/1602 7042/72/1602
f 7046/72/1604 7043/72/1603 7044/72/1603
f 7048/72/1599 7045/72/1604 7046/72/1604
f 7050/72/1605 7047/72/1599 7048/72/1599
f 7052/72/1606 7049/72/1605 7050/72/1605
f 7054/72/1607 7051/72/1606 7052/72/1606
f 7056/72/1608 7053/72/1607 7054/72/1607
f 7058/72/1609 7055/72/1610 7056/72/1608
f 7060/72/1611 7057/72/1612 7058/72/1609
f 7062/72/1613 7059/72/1611 7060/72/1611
f 7064/72/1614 7061/72/1615 7062/72/1613
f 7066/72/42 7063/72/1614 7064/72/1614
f 7068/72/1616 7065/72/42 7066/72/42
f 7070/72/1617 7067/72/1616 7068/72/1616
f 7072/72/1618 7069/72/1617 7070/72/1617
f 7074/72/1619 7071/72/1618 7072/72/1618
f 7076/72/1620 7073/72/1619 7074/72/1619
f 7078/72/1621 7075/72/1620 7076/72/1620
f 7080/72/1622 7077/72/1621 7078/72/1621
f 7082/72/1623 7079/72/1622 7080/72/1622
f 7084/72/1624 7081/72/1623 7082/72/1623
f 7086/72/1625 7083/72/1624 7084/72/1624
f 7088/72/1626 7085/72/1625 7086/72/1625
f 7090/72/1627 7087/72/1626 7088/72/1626
f 7092/72/1628 7089/72/1627 7090/72/1627
f 7094/72/1629 7091/72/1628 7092/72/1628
f 7096/72/1630 7093/72/1629 7094/72/1629
f 7098/72/1625 7095/72/1630 7096/72/1630
f 7100/72/1631 7097/72/1632 7098/72/1625
f 7102/72/1633 7099/72/1634 7100/72/1631
f 7104/72/1635 7101/72/1633 7102/72/1633
f 7106/72/1636 7103/72/1635 7104/72/1635
f 7108/72/1624 7105/72/1636 7106/72/1636
f 7110/72/1637 7107/72/1624 7108/72/1624
f 7112/72/1638 7109/72/1637 7110/72/1637
f 7114/72/1639 7111/72/1638 7112/72/1638
f 7116/72/1640 7113/72/1639 7114/72/1639
f 7118/72/1641 7115/72/1640 7116/72/1640
f 7120/72/1642 7117/72/1641 7118/72/1641
f 7122/72/1643 7119/72/1644 7120/72/1642
f 7124/72/1645 7121/72/1643 7122/72/1643
f 7126/72/1646 7123/72/1645 7124/72/1645
f 7128/72/1566 7125/72/1646 7126/72/1646
f 7130/72/1647 7127/72/1566 7128/72/1566
f 7132/72/1648 7129/72/1647 7130/72/1647
f 7134/72/1649 7131/72/1648 7132/72/1648
f 7136/72/1650 7133/72/1649 7134/72/1649
f 7138/72/1651 7135/72/1650 7136/72/1650
f 7140/72/1652 7137/72/1651 7138/72/1651
f 7142/72/1653 7139/72/1652 7140/72/1652
f 7144/72/1654 7141/72/1653 7142/72/1653
f 7146/72/1655 7143/72/1654 7144/72/1654
f 7148/72/1656 7145/72/1655 7146/72/1655
f 7150/72/1657 7147/72/1656 7148/72/1656
f 7152/72/1658 7149/72/1657 7150/72/1657
f 7154/72/1659 7151/72/1658 7152/72/1658
f 7156/72/1660 7153/72/1659 7154/72/1659
f 7158/72/1661 7155/72/1660 7156/72/1660
f 7160/72/1662 7157/72/1661 7158/72/1661
f 7162/72/1663 7159/72/1662 7160/72/1662
f 7164/72/1664 7161/72/1665 7162/72/1663
f 7166/72/1666 7163/72/1667 7164/72/1664
f 7168/72/1668 7165/72/1666 7166/72/1666
f 7170/72/1669 7167/72/1668 7168/72/1668
f 7172/72/1670 7169/72/1669 7170/72/1669
f 7174/72/1671 7171/72/1670 7172/72/1670
f 7176/72/1672 7173/72/1671 7174/72/1671
f 7178/72/46 7175/72/1672 7176/72/1672
f 7180/72/1673 7177/72/46 7178/72/46
f 7182/72/1674 7179/72/1675 7180/72/1673
f 7184/72/1676 7181/72/1674 7182/72/1674
f 7186/72/1677 7183/72/1676 7184/72/1676
f 7188/72/1678 7185/72/1677 7186/72/1677
f 7190/72/1679 7187/72/1678 7188/72/1678
f 7192/72/1680 7189/72/1679 7190/72/1679
f 7194/72/1681 7191/72/1680 7192/72/1680
f 7196/72/1682 7193/72/1681 7194/72/1681
f 7198/72/1683 7195/72/1682 7196/72/1682
f 7200/72/1684 7197/72/1683 7198/72/1683
f 7202/72/1685 7199/72/1684 7200/72/1684
f 7204/72/1686 7201/72/1685 7202/72/1685
f 7206/72/1687 7203/72/1688 7204/72/1686
f 7208/72/1689 7205/72/1687 7206/72/1687
f 7210/72/1690 7207/72/1689 7208/72/1689
f 7212/72/1691 7209/72/1690 7210/72/1690
f 7214/72/1692 7211/72/1691 7212/72/1691
f 7216/72/43 7213/72/1693 7214/72/1692
f 7218/72/1694 7215/72/43 7216/72/43
f 7220/72/1695 7217/72/1694 7218/72/1694
f 7222/72/1696 7219/72/1695 7220/72/1695
f 7224/72/1697 7221/72/1696 7222/72/1696
f 7226/72/1698 7223/72/1699 7224/72/1697
f 7228/72/1700 7225/72/1701 7226/72/1698
f 7230/72/1702 7227/72/1703 7228/72/1700
f 7232/72/1614 7229/72/1702 7230/72/1702
f 7234/72/1704 7231/72/1614 7232/72/1614
f 7236/72/1705 7233/72/1704 7234/72/1704
f 7238/72/1706 7235/72/1705 7236/72/1705
f 7240/72/1497 7237/72/1707 7238/72/1706
f 7242/72/1708 7239/72/1497 7240/72/1497
f 7244/72/1500 7241/72/1708 7242/72/1708
f 7246/72/1709 7243/72/1502 7244/72/1500
f 7248/72/1710 7245/72/1709 7246/72/1709
f 7250/72/1711 7247/72/1710 7248/72/1710
f 7252/72/1712 7249/72/1713 7250/72/1711
f 7254/72/1714 7251/72/1712 7252/72/1712
f 7256/72/1715 7253/72/1714 7254/72/1714
f 7258/72/1716 7255/72/1717 7256/72/1715
f 7260/72/1718 7257/72/1719 7258/72/1716
f 7262/72/1720 7259/72/1718 7260/72/1718
f 7264/72/1721 7261/72/1720 7262/72/1720
f 7266/72/1722 7263/72/1721 7264/72/1721
f 7268/72/1723 7265/72/1722 7266/72/1722
f 7270/72/1724 7267/72/1723 7268/72/1723
f 7272/72/1725 7269/72/1724 7270/72/1724
f 7274/72/1726 7271/72/1725 7272/72/1725
f 7276/72/1727 7273/72/1728 7274/72/1726
f 7278/72/1729 7275/72/1730 7276/72/1727
f 7280/72/1731 7277/72/1729 7278/72/1729
f 7282/72/1732 7279/72/1731 7280/72/1731
f 7284/72/1733 7281/72/1732 7282/72/1732
f 7286/72/1734 7283/72/1733 7284/72/1733
f 7288/72/1735 7285/72/1734 7286/72/1734
f 7290/72/1736 7287/72/1735 7288/72/1735
f 7292/72/1737 7289/72/1736 7290/72/1736
f 7294/72/1738 7291/72/1737 7292/72/1737
f 7296/72/1739 7293/72/1738 7294/72/1738
f 7298/72/1740 7295/72/1741 7296/72/1739
f 7300/72/1742 7297/72/1740 7298/72/1740
f 7302/72/1743 7299/72/1742 7300/72/1742
f 7304/72/1744 7301/72/1743 7302/72/1743
f 7306/72/1745 7303/72/1746 7304/72/1744
f 7308/72/1747 7305/72/1745 7306/72/1745
f 7310/72/1748 7307/72/1747 7308/72/1747
f 7312/72/1749 7309/72/1750 7310/72/1748
f 7314/72/1751 7311/72/1752 7312/72/1749
f 7316/72/1497 7313/72/1751 7314/72/1751
f 7318/72/1753 7315/72/1497 7316/72/1497
f 7320/72/1754 7317/72/1753 7318/72/1753
f 7322/72/1755 7319/72/1754 7320/72/1754
f 7324/72/1756 7321/72/1755 7322/72/1755
f 7326/72/1757 7323/72/1756 7324/72/1756
f 4070/72/37 7325/72/1757 7326/72/1757
f 7330/72/1758 7327/72/1759 7328/72/1759
f 7332/72/1760 7329/72/1758 7330/72/1758
f 7334/72/1761 7331/72/1760 7332/72/1760
f 7336/72/1762 7333/72/1761 7334/72/1761
f 7338/72/1763 7335/72/1762 7336/72/1762
f 7340/72/1764 7337/72/1763 7338/72/1763
f 7342/72/1765 7339/72/1764 7340/72/1764
f 7344/72/1766 7341/72/1765 7342/72/1765
f 7346/72/1767 7343/72/1766 7344/72/1766
f 7348/72/1768 7345/72/1767 7346/72/1767
f 7350/72/1769 7347/72/1768 7348/72/1768
f 7352/72/1770 7349/72/1769 7350/72/1769
f 7354/72/1771 7351/72/1772 7352/72/1770
f 7356/72/1773 7353/72/1771 7354/72/1771
f 7358/72/1774 7355/72/1773 7356/72/1773
f 7360/72/1775 7357/72/1774 7358/72/1774
f 7362/72/1776 7359/72/1775 7360/72/1775
f 7364/72/1777 7361/72/1776 7362/72/1776
f 7366/72/1778 7363/72/1777 7364/72/1777
f 7368/72/1779 7365/72/1778 7366/72/1778
f 7370/72/1780 7367/72/1779 7368/72/1779
f 7372/72/1781 7369/72/1780 7370/72/1780
f 7374/72/1782 7371/72/1781 7372/72/1781
f 7376/72/1783 7373/72/1782 7374/72/1782
f 7378/72/1784 7375/72/1783 7376/72/1783
f 7380/72/1785 7377/72/1784 7378/72/1784
f 7382/72/1786 7379/72/1785 7380/72/1785
f 7384/72/1787 7381/72/1786 7382/72/1786
f 7386/72/1788 7383/72/1787 7384/72/1787
f 7388/72/1789 7385/72/1788 7386/72/1788
f 7390/72/1790 7387/72/1789 7388/72/1789
f 7392/72/1791 7389/72/1790 7390/72/1790
f 7394/72/1792 7391/72/1791 7392/72/1791
f 7396/72/1793 7393/72/1792 7394/72/1792
f 7398/72/1794 7395/72/1793 7396/72/1793
f 7400/72/1795 7397/72/1794 7398/72/1794
f 7402/72/1796 7399/72/1795 7400/72/1795
f 7404/72/1797 7401/72/1796 7402/72/1796
f 7406/72/1798 7403/72/1797 7404/72/1797
f 7408/72/1799 7405/72/1798 7406/72/1798
f 7410/72/1800 7407/72/1799 7408/72/1799
f 7412/72/1801 7409/72/1800 7410/72/1800
f 7414/72/1802 7411/72/1801 7412/72/1801
f 7416/72/1803 7413/72/1802 7414/72/1802
f 7418/72/1804 7415/72/1803 7416/72/1803
f 7420/72/1805 7417/72/1804 7418/72/1804
f 7422/72/1806 7419/72/1805 7420/72/1805
f 7424/72/1807 7421/72/1806 7422/72/1806
f 7426/72/1808 7423/72/1807 7424/72/1807
f 7428/72/1809 7425/72/1808 7426/72/1808
f 7430/72/1810 7427/72/1809 7428/72/1809
f 7432/72/1811 7429/72/1810 7430/72/1810
f 7434/72/1812 7431/72/1811 7432/72/1811
f 7436/72/1813 7433/72/1812 7434/72/1812
f 7438/72/1814 7435/72/1813 7436/72/1813
f 7440/72/1815 7437/72/1814 7438/72/1814
f 7442/72/1816 7439/72/1815 7440/72/1815
f 7444/72/1817 7441/72/1816 7442/72/1816
f 7446/72/1818 7443/72/1817 7444/72/1817
f 7448/72/1819 7445/72/1818 7446/72/1818
f 7450/72/1820 7447/72/1821 7448/72/1819
f 7452/72/1822 7449/72/1820 7450/72/1820
f 7454/72/1823 7451/72/1822 7452/72/1822
f 7456/72/1824 7453/72/1823 7454/72/1823
f 7458/72/1825 7455/72/1824 7456/72/1824
f 7460/72/1826 7457/72/1827 7458/72/1825
f 7462/72/1828 7459/72/1826 7460/72/1826
f 7464/72/1829 7461/72/1830 7462/72/1828
f 7466/72/1831 7463/72/1829 7464/72/1829
f 7468/72/1832 7465/72/1831 7466/72/1831
f 7470/72/1833 7467/72/1832 7468/72/1832
f 7472/72/1834 7469/72/1833 7470/72/1833
f 7474/72/1835 7471/72/1836 7472/72/1834
f 7476/72/1837 7473/72/1835 7474/72/1835
f 7478/72/1838 7475/72/1837 7476/72/1837
f 7480/72/1839 7477/72/1838 7478/72/1838
f 7482/72/1840 7479/72/1839 7480/72/1839
f 7484/72/1841 7481/72/1840 7482/72/1840
f 7486/72/1842 7483/72/1841 7484/72/1841
f 7488/72/1843 7485/72/1842 7486/72/1842
f 7490/72/1844 7487/72/1843 7488/72/1843
f 7492/72/1845 7489/72/1844 7490/72/1844
f 7494/72/1846 7491/72/1845 7492/72/1845
f 7496/72/1847 7493/72/1846 7494/72/1846
f 7498/72/1848 7495/72/1847 7496/72/1847
f 7500/72/1849 7497/72/1848 7498/72/1848
f 7502/72/1850 7499/72/1849 7500/72/1849
f 7504/72/1851 7501/72/1850 7502/72/1850
f 7506/72/1852 7503/72/1851 7504/72/1851
f 7508/72/1853 7505/72/1852 7506/72/1852
f 7510/72/1854 7507/72/1853 7508/72/1853
f 7512/72/1855 7509/72/1854 7510/72/1854
f 7514/72/1856 7511/72/1855 7512/72/1855
f 7516/72/1857 7513/72/1856 7514/72/1856
f 7518/72/1858 7515/72/1857 7516/72/1857
f 7520/72/1859 7517/72/1858 7518/72/1858
f 7522/72/1860 7519/72/1861 7520/72/1859
f 7524/72/1862 7521/72/1860 7522/72/1860
f 7526/72/1863 7523/72/1862 7524/72/1862
f 7528/72/1864 7525/72/1865 7526/72/1863
f 7530/72/1866 7527/72/1864 7528/72/1864
f 7532/72/1867 7529/72/1866 7530/72/1866
f 7534/72/1868 7531/72/1867 7532/72/1867
f 7536/72/1869 7533/72/1868 7534/72/1868
f 7538/72/1870 7535/72/1869 7536/72/1869
f 7540/72/1871 7537/72/1870 7538/72/1870
f 7542/72/1872 7539/72/1871 7540/72/1871
f 7544/72/1873 7541/72/1872 7542/72/1872
f 7546/72/1874 7543/72/1873 7544/72/1873
f 7548/72/1875 7545/72/1874 7546/72/1874
f 7550/72/1876 7547/72/1875 7548/72/1875
f 7552/72/1877 7549/72/1878 7550/72/1876
f 7554/72/1879 7551/72/1877 7552/72/1877
f 7556/72/1880 7553/72/1879 7554/72/1879
f 7558/72/1881 7555/72/1880 7556/72/1880
f 7560/72/1882 7557/72/1881 7558/72/1881
f 7562/72/1883 7559/72/1882 7560/72/1882
f 7564/72/1884 7561/72/1883 7562/72/1883
f 7566/72/1885 7563/72/1884 7564/72/1884
f 7568/72/1786 7565/72/1885 7566/72/1885
f 7570/72/1886 7567/72/1786 7568/72/1786
f 7572/72/1887 7569/72/1886 7570/72/1886
f 7574/72/1888 7571/72/1887 7572/72/1887
f 7576/72/1889 7573/72/1888 7574/72/1888
f 7578/72/1890 7575/72/1889 7576/72/1889
f 7580/72/1797 7577/72/1890 7578/72/1890
f 7582/72/1891 7579/72/1797 7580/72/1797
f 7584/72/1892 7581/72/1891 7582/72/1891
f 7586/72/1893 7583/72/1892 7584/72/1892
f 7588/72/1894 7585/72/1893 7586/72/1893
f 7590/72/1895 7587/72/1894 7588/72/1894
f 7592/72/1896 7589/72/1895 7590/72/1895
f 7594/72/1897 7591/72/1896 7592/72/1896
f 7596/72/1898 7593/72/1897 7594/72/1897
f 7598/72/1899 7595/72/1898 7596/72/1898
f 7600/72/1900 7597/72/1899 7598/72/1899
f 7602/72/1901 7599/72/1900 7600/72/1900
f 7604/72/1902 7601/72/1901 7602/72/1901
f 7606/72/1903 7603/72/1902 7604/72/1902
f 7608/72/1904 7605/72/1903 7606/72/1903
f 7610/72/1905 7607/72/1904 7608/72/1904
f 7612/72/1906 7609/72/1905 7610/72/1905
f 7614/72/1907 7611/72/1906 7612/72/1906
f 7616/72/1908 7613/72/1909 7614/72/1907
f 7618/72/1910 7615/72/1908 7616/72/1908
f 7620/72/1911 7617/72/1910 7618/72/1910
f 7622/72/627 7619/72/1911 7620/72/1911
f 7624/72/1912 7621/72/627 7622/72/627
f 7626/72/1913 7623/72/1912 7624/72/1912
f 7628/72/1914 7625/72/1915 7626/72/1913
f 7630/72/1916 7627/72/1914 7628/72/1914
f 7632/72/1917 7629/72/1916 7630/72/1916
f 7634/72/1918 7631/72/1917 7632/72/1917
f 7636/72/1919 7633/72/1918 7634/72/1918
f 7638/72/1920 7635/72/1919 7636/72/1919
f 7640/72/1921 7637/72/1920 7638/72/1920
f 7642/72/1922 7639/72/1921 7640/72/1921
f 7644/72/1923 7641/72/1922 7642/72/1922
f 7646/72/1924 7643/72/1923 7644/72/1923
f 7648/72/1925 7645/72/1924 7646/72/1924
f 7650/72/1926 7647/72/1925 7648/72/1925
f 7652/72/1927 7649/72/1926 7650/72/1926
f 7654/72/1928 7651/72/1927 7652/72/1927
f 7656/72/1929 7653/72/1928 7654/72/1928
f 7658/72/157 7655/72/1929 7656/72/1929
f 7660/72/1930 7657/72/157 7658/72/157
f 7662/72/1931 7659/72/1930 7660/72/1930
f 7664/72/1932 7661/72/1931 7662/72/1931
f 7666/72/1933 7663/72/1932 7664/72/1932
f 7668/72/1934 7665/72/1933 7666/72/1933
f 7670/72/413 7667/72/1934 7668/72/1934
f 7672/72/367 7669/72/413 7670/72/413
f 7674/72/1935 7671/72/367 7672/72/367
f 7676/72/1936 7673/72/1935 7674/72/1935
f 7678/72/1937 7675/72/1936 7676/72/1936
f 7680/72/1938 7677/72/1937 7678/72/1937
f 7682/72/1939 7679/72/1938 7680/72/1938
f 7684/72/1940 7681/72/1939 7682/72/1939
f 7686/72/1941 7683/72/1942 7684/72/1940
f 7688/72/1943 7685/72/1941 7686/72/1941
f 7690/72/1944 7687/72/1943 7688/72/1943
f 7692/72/1945 7689/72/1944 7690/72/1944
f 7694/72/1946 7691/72/1945 7692/72/1945
f 7696/72/1947 7693/72/1946 7694/72/1946
f 7698/72/1948 7695/72/1947 7696/72/1947
f 7700/72/1949 7697/72/1948 7698/72/1948
f 7702/72/1950 7699/72/1949 7700/72/1949
f 7704/72/1951 7701/72/1950 7702/72/1950
f 7706/72/1952 7703/72/1951 7704/72/1951
f 7708/72/1953 7705/72/1952 7706/72/1952
f 7710/72/1954 7707/72/1953 7708/72/1953
f 7712/72/1955 7709/72/1954 7710/72/1954
f 7714/72/1956 7711/72/1955 7712/72/1955
f 7716/72/1957 7713/72/1956 7714/72/1956
f 7718/72/1958 7715/72/1957 7716/72/1957
f 7720/72/1959 7717/72/1958 7718/72/1958
f 7722/72/1960 7719/72/1959 7720/72/1959
f 7724/72/1961 7721/72/1960 7722/72/1960
f 7726/72/1962 7723/72/1961 7724/72/1961
f 7728/72/1963 7725/72/1962 7726/72/1962
f 7730/72/1964 7727/72/1963 7728/72/1963
f 7732/72/1965 7729/72/1964 7730/72/1964
f 7734/72/1966 7731/72/1965 7732/72/1965
f 7736/72/1967 7733/72/1966 7734/72/1966
f 7738/72/1968 7735/72/1967 7736/72/1967
f 7740/72/1969 7737/72/1968 7738/72/1968
f 7742/72/1970 7739/72/1969 7740/72/1969
f 7744/72/1971 7741/72/1970 7742/72/1970
f 7746/72/1972 7743/72/1971 7744/72/1971
f 7748/72/1973 7745/72/1972 7746/72/1972
f 7750/72/1974 7747/72/1973 7748/72/1973
f 7752/72/1975 7749/72/1974 7750/72/1974
f 7754/72/1976 7751/72/1975 7752/72/1975
f 7756/72/1977 7753/72/1976 7754/72/1976
f 7758/72/1978 7755/72/1977 7756/72/1977
f 7760/72/1979 7757/72/1978 7758/72/1978
f 7762/72/1980 7759/72/1979 7760/72/1979
f 7764/72/1981 7761/72/1980 7762/72/1980
f 7766/72/1982 7763/72/1981 7764/72/1981
f 7768/72/1983 7765/72/1982 7766/72/1982
f 7770/72/1984 7767/72/1983 7768/72/1983
f 7772/72/1985 7769/72/1984 7770/72/1984
f 7774/72/1986 7771/72/1985 7772/72/1985
f 7776/72/1987 7773/72/1986 7774/72/1986
f 7778/72/1988 7775/72/1987 7776/72/1987
f 7780/72/1989 7777/72/1988 7778/72/1988
f 7782/72/1990 7779/72/1989 7780/72/1989
f 7784/72/1991 7781/72/1990 7782/72/1990
f 7786/72/1992 7783/72/1991 7784/72/1991
f 7788/72/1993 7785/72/1992 7786/72/1992
f 7790/72/1994 7787/72/1993 7788/72/1993
f 7792/72/1995 7789/72/1994 7790/72/1994
f 7794/72/1996 7791/72/1995 7792/72/1995
f 7796/72/1997 7793/72/1996 7794/72/1996
f 7798/72/1998 7795/72/1997 7796/72/1997
f 7800/72/1999 7797/72/1998 7798/72/1998
f 7802/72/2000 7799/72/1999 7800/72/1999
f 7804/72/2001 7801/72/2000 7802/72/2000
f 7806/72/2002 7803/72/2001 7804/72/2001
f 7808/72/2003 7805/72/2002 7806/72/2002
f 7810/72/2004 7807/72/2003 7808/72/2003
f 7812/72/2005 7809/72/2004 7810/72/2004
f 7814/72/2006 7811/72/2005 7812/72/2005
f 7816/72/2007 7813/72/2006 7814/72/2006
f 7818/72/2008 7815/72/2007 7816/72/2007
f 7820/72/2009 7817/72/2008 7818/72/2008
f 7822/72/2010 7819/72/2009 7820/72/2009
f 7824/72/1995 7821/72/2010 7822/72/2010
f 7826/72/2011 7823/72/1995 7824/72/1995
f 7828/72/2012 7825/72/2011 7826/72/2011
f 7830/72/2013 7827/72/2012 7828/72/2012
f 7832/72/2014 7829/72/2013 7830/72/2013
f 7834/72/2015 7831/72/2014 7832/72/2014
f 7836/72/2016 7833/72/2015 7834/72/2015
f 7838/72/2017 7835/72/2016 7836/72/2016
f 7840/72/2018 7837/72/2017 7838/72/2017
f 7842/72/2019 7839/72/2018 7840/72/2018
f 7844/72/2020 7841/72/2019 7842/72/2019
f 7846/72/2021 7843/72/2020 7844/72/2020
f 7848/72/2022 7845/72/2021 7846/72/2021
f 7850/72/2023 7847/72/2022 7848/72/2022
f 7852/72/2024 7849/72/2023 7850/72/2023
f 7854/72/2025 7851/72/2024 7852/72/2024
f 7856/72/2026 7853/72/2025 7854/72/2025
f 7858/72/2027 7855/72/2026 7856/72/2026
f 7860/72/2028 7857/72/2027 7858/72/2027
f 7862/72/2029 7859/72/2028 7860/72/2028
f 7864/72/2030 7861/72/2029 7862/72/2029
f 7866/72/2031 7863/72/2030 7864/72/2030
f 7868/72/2032 7865/72/2031 7866/72/2031
f 7870/72/2033 7867/72/2032 7868/72/2032
f 7872/72/2034 7869/72/2033 7870/72/2033
f 7874/72/2035 7871/72/2034 7872/72/2034
f 7876/72/2036 7873/72/2035 7874/72/2035
f 7878/72/2037 7875/72/2036 7876/72/2036
f 7880/72/2038 7877/72/2037 7878/72/2037
f 7882/72/2039 7879/72/2038 7880/72/2038
f 7884/72/2040 7881/72/2039 7882/72/2039
f 7886/72/2041 7883/72/2040 7884/72/2040
f 7888/72/2042 7885/72/1651 7886/72/2041
f 7890/72/2043 7887/72/2044 7888/72/2042
f 7892/72/1462 7889/72/2043 7890/72/2043
f 7894/72/2045 7891/72/1462 7892/72/1462
f 7896/72/2046 7893/72/2045 7894/72/2045
f 7898/72/2047 7895/72/2048 7896/72/2046
f 7900/72/2049 7897/72/2050 7898/72/2047
f 7902/72/2051 7899/72/2049 7900/72/2049
f 7904/72/2052 7901/72/2051 7902/72/2051
f 7906/72/2053 7903/72/2052 7904/72/2052
f 7908/72/2054 7905/72/2053 7906/72/2053
f 7910/72/2055 7907/72/2054 7908/72/2054
f 7912/72/2056 7909/72/2055 7910/72/2055
f 7914/72/2057 7911/72/2056 7912/72/2056
f 7916/72/2058 7913/72/2057 7914/72/2057
f 7918/72/1256 7915/72/2058 7916/72/2058
f 7920/72/2059 7917/72/1256 7918/72/1256
f 7922/72/2060 7919/72/2059 7920/72/2059
f 7924/72/2061 7921/72/2060 7922/72/2060
f 7926/72/2062 7923/72/2061 7924/72/2061
f 7928/72/2063 7925/72/2062 7926/72/2062
f 7930/72/2064 7927/72/2063 7928/72/2063
f 7932/72/2065 7929/72/2064 7930/72/2064
f 7934/72/2066 7931/72/2065 7932/72/2065
f 7936/72/2067 7933/72/2066 7934/72/2066
f 7938/72/2068 7935/72/2067 7936/72/2067
f 7940/72/2069 7937/72/2068 7938/72/2068
f 7942/72/2070 7939/72/2069 7940/72/2069
f 7944/72/2071 7941/72/2070 7942/72/2070
f 7946/72/2072 7943/72/2071 7944/72/2071
f 7948/72/2073 7945/72/2072 7946/72/2072
f 7950/72/2074 7947/72/2073 7948/72/2073
f 7952/72/2075 7949/72/2074 7950/72/2074
f 7954/72/2076 7951/72/2075 7952/72/2075
f 7956/72/2077 7953/72/2078 7954/72/2076
f 7958/72/2079 7955/72/2077 7956/72/2077
f 7960/72/2080 7957/72/2079 7958/72/2079
f 7962/72/2081 7959/72/2080 7960/72/2080
f 7964/72/2082 7961/72/2081 7962/72/2081
f 7966/72/2083 7963/72/2082 7964/72/2082
f 7968/72/2084 7965/72/2083 7966/72/2083
f 7970/72/2085 7967/72/2084 7968/72/2084
f 7972/72/2086 7969/72/2085 7970/72/2085
f 7974/72/2087 7971/72/2086 7972/72/2086
f 7976/72/2088 7973/72/2087 7974/72/2087
f 7978/72/2089 7975/72/2088 7976/72/2088
f 7980/72/2090 7977/72/2089 7978/72/2089
f 7982/72/2090 7979/72/2090 7980/72/2090
f 7984/72/2090 7981/72/2090 7982/72/2090
f 7986/72/2090 7983/72/2090 7984/72/2090
f 7988/72/2090 7985/72/2090 7986/72/2090
f 7990/72/2090 7987/72/2090 7988/72/2090
f 7992/72/2090 7989/72/2090 7990/72/2090
f 7994/72/2090 7991/72/2090 7992/72/2090
f 7996/72/2090 7993/72/2090 7994/72/2090
f 7998/72/2090 7995/72/2090 7996/72/2090
f 8000/72/2090 7997/72/2090 7998/72/2090
f 8002/72/2091 7999/72/2090 8000/72/2090
f 8004/72/2092 8001/72/2091 8002/72/2091
f 8006/72/2093 8003/72/2092 8004/72/2092
f 8008/72/2094 8005/72/2093 8006/72/2093
f 8010/72/2095 8007/72/2094 8008/72/2094
f 8012/72/2096 8009/72/2095 8010/72/2095
f 8014/72/2097 8011/72/2096 8012/72/2096
f 8016/72/2098 8013/72/2097 8014/72/2097
f 8018/72/2099 8015/72/2098 8016/72/2098
f 8020/72/2100 8017/72/2099 8018/72/2099
f 8022/72/2101 8019/72/2100 8020/72/2100
f 8024/72/2102 8021/72/2101 8022/72/2101
f 8026/72/2103 8023/72/2102 8024/72/2102
f 8028/72/2104 8025/72/2103 8026/72/2103
f 8030/72/2105 8027/72/2104 8028/72/2104
f 8032/72/2106 8029/72/2105 8030/72/2105
f 8034/72/2107 8031/72/2106 8032/72/2106
f 8036/72/2108 8033/72/2107 8034/72/2107
f 8038/72/2109 8035/72/2108 8036/72/2108
f 8040/72/2110 8037/72/2109 8038/72/2109
f 8042/72/2111 8039/72/2110 8040/72/2110
f 8044/72/2112 8041/72/2111 8042/72/2111
f 8046/72/2113 8043/72/2112 8044/72/2112
f 8048/72/2114 8045/72/2113 8046/72/2113
f 8050/72/2115 8047/72/2114 8048/72/2114
f 8052/72/2116 8049/72/2115 8050/72/2115
f 8054/72/2117 8051/72/2116 8052/72/2116
f 8056/72/2118 8053/72/2117 8054/72/2117
f 8058/72/2119 8055/72/2118 8056/72/2118
f 8060/72/2120 8057/72/2119 8058/72/2119
f 8062/72/2121 8059/72/2120 8060/72/2120
f 8064/72/2122 8061/72/2121 8062/72/2121
f 8066/72/2123 8063/72/2122 8064/72/2122
f 8068/72/2124 8065/72/2123 8066/72/2123
f 8070/72/2125 8067/72/2124 8068/72/2124
f 8072/72/2126 8069/72/2125 8070/72/2125
f 7328/72/1759 8071/72/2126 8072/72/2126
s 0
f 8074/73/1 8075/74/1 8073/75/1
f 8076/76/2 8077/77/2 8075/74/2
f 8078/78/3 8079/79/3 8077/77/3
f 8080/80/4 8081/81/4 8079/79/4
f 8082/82/5 8083/83/5 8081/81/5
f 8084/84/6 8085/85/6 8083/83/6
f 8086/86/7 8087/87/7 8085/85/7
f 8088/88/8 8089/89/8 8087/87/8
f 8090/90/9 8091/91/9 8089/89/9
f 8092/92/10 8093/93/10 8091/91/10
f 8094/94/11 8095/95/11 8093/93/11
f 8096/96/12 8097/97/12 8095/95/12
f 8098/98/13 8099/99/13 8097/97/13
f 8100/100/14 8101/101/14 8099/99/14
f 8102/102/15 8103/103/15 8101/101/15
f 8104/104/16 8105/105/16 8103/103/16
f 8106/106/17 8107/107/17 8105/105/17
f 8108/108/18 8109/109/18 8107/107/18
f 8110/110/19 8111/111/19 8109/109/19
f 8112/112/20 8113/113/20 8111/111/20
f 8114/114/21 8115/115/21 8113/113/21
f 8116/116/22 8117/117/22 8115/115/22
f 8118/118/23 8119/119/23 8117/117/23
f 8120/120/24 8121/121/24 8119/119/24
f 8122/122/25 8123/123/25 8121/121/25
f 8124/124/26 8125/125/26 8123/123/26
f 8126/126/27 8127/127/27 8125/125/27
f 8128/128/28 8129/129/28 8127/127/28
f 8130/130/29 8131/131/29 8129/129/29
f 8132/132/30 8133/133/30 8131/131/30
f 8110/134/31 8094/135/31 8078/136/31
f 8134/137/32 8135/138/32 8133/133/32
f 8136/139/33 8073/140/33 8135/138/33
f 8103/141/34 8119/142/34 8135/143/34
f 8137/144/2127 8140/145/2127 8139/146/2127
f 8140/145/34 8143/147/34 8139/146/34
f 8144/148/957 8141/149/957 8143/147/957
f 8142/150/31 8137/151/31 8141/149/31
f 8143/147/1288 8137/152/1288 8139/153/1288
f 8140/154/69 8142/150/69 8144/148/69
f 8145/155/2127 8148/156/2127 8147/157/2127
f 8148/156/34 8151/158/34 8147/157/34
f 8152/159/957 8149/160/957 8151/158/957
f 8150/161/31 8145/162/31 8149/160/31
f 8151/158/1288 8145/163/1288 8147/164/1288
f 8148/165/69 8150/161/69 8152/159/69
f 2/1/1 4/4/1 3/2/1
f 4/4/2 6/6/2 5/5/2
f 6/6/3 8/8/3 7/7/3
f 8/8/4 10/10/4 9/9/4
f 10/10/5 12/12/5 11/11/5
f 12/12/6 14/14/6 13/13/6
f 14/14/7 16/16/7 15/15/7
f 16/16/8 18/18/8 17/17/8
f 18/18/9 20/20/9 19/19/9
f 20/20/10 22/22/10 21/21/10
f 22/22/11 24/24/11 23/23/11
f 24/24/12 26/26/12 25/25/12
f 26/26/13 28/28/13 27/27/13
f 28/28/14 30/30/14 29/29/14
f 30/30/15 32/32/15 31/31/15
f 32/32/16 34/34/16 33/33/16
f 34/34/17 36/36/17 35/35/17
f 36/36/18 38/38/18 37/37/18
f 38/38/19 40/40/19 39/39/19
f 40/40/20 42/42/20 41/41/20
f 42/42/21 44/44/21 43/43/21
f 44/44/22 46/46/22 45/45/22
f 46/46/23 48/48/23 47/47/23
f 48/48/24 50/50/24 49/49/24
f 50/50/25 52/52/25 51/51/25
f 52/52/26 54/54/26 53/53/26
f 54/54/27 56/56/27 55/55/27
f 56/56/28 58/58/28 57/57/28
f 58/58/29 60/60/29 59/59/29
f 60/60/30 62/65/30 61/61/30
f 6/64/31 4/166/31 2/167/31
f 2/167/31 64/168/31 6/64/31
f 64/168/31 62/169/31 6/64/31
f 62/169/31 60/170/31 58/171/31
f 58/171/31 56/172/31 54/173/31
f 54/173/31 52/174/31 50/175/31
f 50/175/31 48/176/31 54/173/31
f 48/176/31 46/177/31 54/173/31
f 46/177/31 44/178/31 42/179/31
f 42/179/31 40/180/31 38/62/31
f 38/62/31 36/181/31 30/182/31
f 36/181/31 34/183/31 30/182/31
f 34/183/31 32/184/31 30/182/31
f 30/182/31 28/185/31 26/186/31
f 26/186/31 24/187/31 22/63/31
f 22/63/31 20/188/31 14/189/31
f 20/188/31 18/190/31 14/189/31
f 18/190/31 16/191/31 14/189/31
f 14/189/31 12/192/31 10/193/31
f 10/193/31 8/194/31 6/64/31
f 62/169/31 58/171/31 6/64/31
f 58/171/31 54/173/31 6/64/31
f 46/177/31 42/179/31 54/173/31
f 42/179/31 38/62/31 54/173/31
f 30/182/31 26/186/31 38/62/31
f 26/186/31 22/63/31 38/62/31
f 14/189/31 10/193/31 22/63/31
f 10/193/31 6/64/31 22/63/31
f 6/64/31 54/173/31 38/62/31
f 62/65/32 64/67/32 63/66/32
f 64/67/33 2/195/33 1/68/33
f 63/71/34 1/196/34 3/197/34
f 3/197/34 5/198/34 7/199/34
f 7/199/34 9/200/34 11/201/34
f 11/201/34 13/202/34 15/203/34
f 15/203/34 17/204/34 19/205/34
f 19/205/34 21/206/34 23/207/34
f 23/207/34 25/208/34 27/209/34
f 27/209/34 29/210/34 31/69/34
f 31/69/34 33/211/34 35/212/34
f 35/212/34 37/213/34 39/214/34
f 39/214/34 41/215/34 43/216/34
f 43/216/34 45/217/34 47/70/34
f 47/70/34 49/218/34 51/219/34
f 51/219/34 53/220/34 55/221/34
f 55/221/34 57/222/34 59/223/34
f 59/223/34 61/224/34 63/71/34
f 63/71/34 3/197/34 15/203/34
f 3/197/34 7/199/34 15/203/34
f 7/199/34 11/201/34 15/203/34
f 15/203/34 19/205/34 31/69/34
f 19/205/34 23/207/34 31/69/34
f 23/207/34 27/209/34 31/69/34
f 31/69/34 35/212/34 47/70/34
f 35/212/34 39/214/34 47/70/34
f 39/214/34 43/216/34 47/70/34
f 47/70/34 51/219/34 63/71/34
f 51/219/34 55/221/34 63/71/34
f 55/221/34 59/223/34 63/71/34
f 63/71/34 15/203/34 31/69/34
s 1
f 4072/72/36 4071/72/36 4069/72/37
f 4074/72/38 4073/72/40 4071/72/36
f 4076/72/39 4075/72/39 4073/72/40
f 4078/72/41 4077/72/41 4075/72/39
f 4080/72/42 4079/72/42 4077/72/41
f 4082/72/43 4081/72/43 4079/72/42
f 4084/72/44 4083/72/44 4081/72/43
f 4086/72/45 4085/72/45 4083/72/44
f 4088/72/46 4087/72/46 4085/72/45
f 4090/72/47 4089/72/47 4087/72/46
f 4092/72/48 4091/72/48 4089/72/47
f 4094/72/49 4093/72/49 4091/72/48
f 4096/72/50 4095/72/50 4093/72/49
f 4098/72/51 4097/72/51 4095/72/50
f 4100/72/52 4099/72/54 4097/72/51
f 4102/72/53 4101/72/56 4099/72/54
f 4104/72/55 4103/72/58 4101/72/56
f 4106/72/57 4105/72/57 4103/72/58
f 4108/72/59 4107/72/59 4105/72/57
f 4110/72/60 4109/72/60 4107/72/59
f 4112/72/61 4111/72/61 4109/72/60
f 4114/72/62 4113/72/62 4111/72/61
f 4116/72/63 4115/72/63 4113/72/62
f 4118/72/64 4117/72/66 4115/72/63
f 4120/72/65 4119/72/65 4117/72/66
f 4122/72/67 4121/72/67 4119/72/65
f 4124/72/68 4123/72/68 4121/72/67
f 4126/72/69 4125/72/69 4123/72/68
f 4128/72/70 4127/72/70 4125/72/69
f 4130/72/71 4129/72/71 4127/72/70
f 4132/72/72 4131/72/72 4129/72/71
f 4134/72/73 4133/72/73 4131/72/72
f 4136/72/74 4135/72/74 4133/72/73
f 4138/72/75 4137/72/75 4135/72/74
f 4140/72/76 4139/72/76 4137/72/75
f 4142/72/77 4141/72/77 4139/72/76
f 4144/72/78 4143/72/78 4141/72/77
f 4146/72/79 4145/72/79 4143/72/78
f 4148/72/80 4147/72/80 4145/72/79
f 4150/72/81 4149/72/81 4147/72/80
f 4152/72/82 4151/72/82 4149/72/81
f 4154/72/83 4153/72/83 4151/72/82
f 4156/72/84 4155/72/84 4153/72/83
f 4158/72/85 4157/72/85 4155/72/84
f 4160/72/86 4159/72/86 4157/72/85
f 4162/72/87 4161/72/87 4159/72/86
f 4164/72/88 4163/72/88 4161/72/87
f 4166/72/89 4165/72/89 4163/72/88
f 4168/72/90 4167/72/90 4165/72/89
f 4170/72/91 4169/72/91 4167/72/90
f 4172/72/92 4171/72/92 4169/72/91
f 4174/72/93 4173/72/93 4171/72/92
f 4176/72/94 4175/72/94 4173/72/93
f 4178/72/95 4177/72/97 4175/72/94
f 4180/72/96 4179/72/99 4177/72/97
f 4182/72/98 4181/72/98 4179/72/99
f 4184/72/100 4183/72/100 4181/72/98
f 4186/72/101 4185/72/101 4183/72/100
f 4188/72/102 4187/72/102 4185/72/101
f 4190/72/103 4189/72/105 4187/72/102
f 4192/72/104 4191/72/104 4189/72/105
f 4194/72/106 4193/72/106 4191/72/104
f 4196/72/107 4195/72/109 4193/72/106
f 4198/72/108 4197/72/111 4195/72/109
f 4200/72/110 4199/72/113 4197/72/111
f 4202/72/112 4201/72/112 4199/72/113
f 4204/72/114 4203/72/114 4201/72/112
f 4206/72/115 4205/72/115 4203/72/114
f 4208/72/116 4207/72/116 4205/72/115
f 4210/72/117 4209/72/117 4207/72/116
f 4212/72/118 4211/72/118 4209/72/117
f 4214/72/119 4213/72/121 4211/72/118
f 4216/72/120 4215/72/120 4213/72/121
f 4218/72/122 4217/72/122 4215/72/120
f 4220/72/123 4219/72/123 4217/72/122
f 4222/72/124 4221/72/124 4219/72/123
f 4224/72/125 4223/72/125 4221/72/124
f 4226/72/126 4225/72/126 4223/72/125
f 4228/72/127 4227/72/127 4225/72/126
f 4230/72/128 4229/72/128 4227/72/127
f 4232/72/129 4231/72/129 4229/72/128
f 4234/72/130 4233/72/130 4231/72/129
f 4236/72/131 4235/72/131 4233/72/130
f 4238/72/132 4237/72/132 4235/72/131
f 4240/72/133 4239/72/133 4237/72/132
f 4242/72/134 4241/72/134 4239/72/133
f 4244/72/135 4243/72/137 4241/72/134
f 4246/72/136 4245/72/136 4243/72/137
f 4248/72/138 4247/72/138 4245/72/136
f 4250/72/139 4249/72/139 4247/72/138
f 4252/72/140 4251/72/142 4249/72/139
f 4254/72/141 4253/72/141 4251/72/142
f 4256/72/143 4255/72/143 4253/72/141
f 4258/72/144 4257/72/144 4255/72/143
f 4260/72/145 4259/72/147 4257/72/144
f 4262/72/146 4261/72/146 4259/72/147
f 4264/72/148 4263/72/148 4261/72/146
f 4266/72/149 4265/72/149 4263/72/148
f 4268/72/150 4267/72/152 4265/72/149
f 4270/72/151 4269/72/154 4267/72/152
f 4272/72/153 4271/72/153 4269/72/154
f 4274/72/155 4273/72/155 4271/72/153
f 4276/72/156 4275/72/158 4273/72/155
f 4278/72/157 4277/72/157 4275/72/158
f 4280/72/159 4279/72/159 4277/72/157
f 4282/72/160 4281/72/160 4279/72/159
f 4284/72/161 4283/72/161 4281/72/160
f 4286/72/162 4285/72/164 4283/72/161
f 4288/72/163 4287/72/166 4285/72/164
f 4290/72/165 4289/72/168 4287/72/166
f 4292/72/167 4291/72/170 4289/72/168
f 4294/72/169 4293/72/171 4291/72/170
f 4296/72/168 4295/72/173 4293/72/171
f 4298/72/172 4297/72/168 4295/72/173
f 4300/72/174 4299/72/175 4297/72/168
f 4302/72/174 4301/72/174 4299/72/175
f 4304/72/175 4303/72/177 4301/72/174
f 4306/72/176 4305/72/176 4303/72/177
f 4308/72/175 4307/72/173 4305/72/176
f 4310/72/178 4309/72/178 4307/72/173
f 4312/72/179 4311/72/179 4309/72/178
f 4314/72/180 4313/72/180 4311/72/179
f 4316/72/181 4315/72/181 4313/72/180
f 4318/72/182 4317/72/182 4315/72/181
f 4320/72/183 4319/72/183 4317/72/182
f 4322/72/184 4321/72/184 4319/72/183
f 4324/72/185 4323/72/185 4321/72/184
f 4326/72/186 4325/72/186 4323/72/185
f 4328/72/187 4327/72/187 4325/72/186
f 4330/72/188 4329/72/188 4327/72/187
f 4332/72/189 4331/72/189 4329/72/188
f 4334/72/190 4333/72/190 4331/72/189
f 4336/72/191 4335/72/191 4333/72/190
f 4338/72/192 4337/72/192 4335/72/191
f 4340/72/193 4339/72/193 4337/72/192
f 4342/72/194 4341/72/194 4339/72/193
f 4344/72/195 4343/72/195 4341/72/194
f 4346/72/196 4345/72/196 4343/72/195
f 4348/72/197 4347/72/197 4345/72/196
f 4350/72/198 4349/72/198 4347/72/197
f 4352/72/199 4351/72/199 4349/72/198
f 4354/72/200 4353/72/200 4351/72/199
f 4356/72/201 4355/72/201 4353/72/200
f 4358/72/202 4357/72/202 4355/72/201
f 4360/72/201 4359/72/201 4357/72/202
f 4362/72/200 4361/72/200 4359/72/201
f 4364/72/199 4363/72/199 4361/72/200
f 4366/72/198 4365/72/198 4363/72/199
f 4368/72/197 4367/72/197 4365/72/198
f 4370/72/196 4369/72/196 4367/72/197
f 4372/72/195 4371/72/195 4369/72/196
f 4374/72/194 4373/72/194 4371/72/195
f 4376/72/193 4375/72/193 4373/72/194
f 4378/72/192 4377/72/192 4375/72/193
f 4380/72/191 4379/72/191 4377/72/192
f 4382/72/203 4381/72/203 4379/72/191
f 4384/72/204 4383/72/204 4381/72/203
f 4386/72/205 4385/72/205 4383/72/204
f 4388/72/206 4387/72/206 4385/72/205
f 4390/72/207 4389/72/207 4387/72/206
f 4392/72/208 4391/72/210 4389/72/207
f 4394/72/209 4393/72/209 4391/72/210
f 4396/72/211 4395/72/211 4393/72/209
f 4398/72/212 4397/72/214 4395/72/211
f 4400/72/213 4399/72/213 4397/72/214
f 4402/72/215 4401/72/215 4399/72/213
f 4404/72/216 4403/72/216 4401/72/215
f 4406/72/217 4405/72/217 4403/72/216
f 4408/72/218 4407/72/220 4405/72/217
f 4410/72/219 4409/72/222 4407/72/220
f 4412/72/221 4411/72/221 4409/72/222
f 4414/72/223 4413/72/223 4411/72/221
f 4416/72/224 4415/72/226 4413/72/223
f 4418/72/225 4417/72/225 4415/72/226
f 4420/72/227 4419/72/227 4417/72/225
f 4422/72/228 4421/72/228 4419/72/227
f 4424/72/229 4423/72/229 4421/72/228
f 4426/72/230 4425/72/230 4423/72/229
f 4428/72/231 4427/72/231 4425/72/230
f 4430/72/232 4429/72/234 4427/72/231
f 4432/72/233 4431/72/233 4429/72/234
f 4434/72/235 4433/72/235 4431/72/233
f 4436/72/236 4435/72/236 4433/72/235
f 4438/72/237 4437/72/237 4435/72/236
f 4440/72/238 4439/72/238 4437/72/237
f 4442/72/239 4441/72/239 4439/72/238
f 4444/72/240 4443/72/240 4441/72/239
f 4446/72/241 4445/72/241 4443/72/240
f 4448/72/242 4447/72/242 4445/72/241
f 4450/72/243 4449/72/243 4447/72/242
f 4452/72/244 4451/72/244 4449/72/243
f 4454/72/245 4453/72/245 4451/72/244
f 4456/72/246 4455/72/246 4453/72/245
f 4458/72/247 4457/72/247 4455/72/246
f 4460/72/248 4459/72/248 4457/72/247
f 4462/72/249 4461/72/249 4459/72/248
f 4464/72/250 4463/72/250 4461/72/249
f 4466/72/251 4465/72/251 4463/72/250
f 4468/72/252 4467/72/252 4465/72/251
f 4470/72/253 4469/72/253 4467/72/252
f 4472/72/254 4471/72/254 4469/72/253
f 4474/72/255 4473/72/255 4471/72/254
f 4476/72/256 4475/72/256 4473/72/255
f 4478/72/257 4477/72/257 4475/72/256
f 4480/72/258 4479/72/258 4477/72/257
f 4482/72/259 4481/72/259 4479/72/258
f 4484/72/260 4483/72/260 4481/72/259
f 4486/72/261 4485/72/261 4483/72/260
f 4488/72/262 4487/72/262 4485/72/261
f 4490/72/263 4489/72/263 4487/72/262
f 4492/72/264 4491/72/264 4489/72/263
f 4494/72/265 4493/72/265 4491/72/264
f 4496/72/266 4495/72/266 4493/72/265
f 4498/72/267 4497/72/267 4495/72/266
f 4500/72/268 4499/72/268 4497/72/267
f 4502/72/269 4501/72/269 4499/72/268
f 4504/72/270 4503/72/272 4501/72/269
f 4506/72/271 4505/72/271 4503/72/272
f 4508/72/273 4507/72/273 4505/72/271
f 4510/72/274 4509/72/274 4507/72/273
f 4512/72/275 4511/72/277 4509/72/274
f 4514/72/276 4513/72/276 4511/72/277
f 4516/72/278 4515/72/278 4513/72/276
f 4518/72/279 4517/72/279 4515/72/278
f 4520/72/280 4519/72/280 4517/72/279
f 4522/72/281 4521/72/281 4519/72/280
f 4524/72/282 4523/72/282 4521/72/281
f 4526/72/283 4525/72/283 4523/72/282
f 4528/72/284 4527/72/284 4525/72/283
f 4530/72/285 4529/72/285 4527/72/284
f 4532/72/286 4531/72/286 4529/72/285
f 4534/72/287 4533/72/287 4531/72/286
f 4536/72/288 4535/72/288 4533/72/287
f 4538/72/289 4537/72/289 4535/72/288
f 4540/72/132 4539/72/132 4537/72/289
f 4542/72/290 4541/72/290 4539/72/132
f 4544/72/291 4543/72/291 4541/72/290
f 4546/72/292 4545/72/292 4543/72/291
f 4548/72/293 4547/72/293 4545/72/292
f 4550/72/294 4549/72/294 4547/72/293
f 4552/72/295 4551/72/295 4549/72/294
f 4554/72/296 4553/72/296 4551/72/295
f 4556/72/297 4555/72/297 4553/72/296
f 4558/72/298 4557/72/298 4555/72/297
f 4560/72/299 4559/72/299 4557/72/298
f 4562/72/300 4561/72/300 4559/72/299
f 4564/72/301 4563/72/301 4561/72/300
f 4566/72/302 4565/72/302 4563/72/301
f 4568/72/303 4567/72/303 4565/72/302
f 4570/72/304 4569/72/304 4567/72/303
f 4572/72/305 4571/72/305 4569/72/304
f 4574/72/306 4573/72/306 4571/72/305
f 4576/72/307 4575/72/307 4573/72/306
f 4578/72/69 4577/72/69 4575/72/307
f 4580/72/69 4579/72/69 4577/72/69
f 4582/72/69 4581/72/69 4579/72/69
f 4584/72/69 4583/72/69 4581/72/69
f 4586/72/69 4585/72/69 4583/72/69
f 4588/72/69 4587/72/69 4585/72/69
f 4590/72/69 4589/72/69 4587/72/69
f 4592/72/69 4591/72/69 4589/72/69
f 4594/72/69 4593/72/69 4591/72/69
f 4596/72/69 4595/72/69 4593/72/69
f 4598/72/69 4597/72/69 4595/72/69
f 4600/72/308 4599/72/308 4597/72/69
f 4602/72/309 4601/72/309 4599/72/308
f 4604/72/310 4603/72/310 4601/72/309
f 4606/72/311 4605/72/311 4603/72/310
f 4608/72/312 4607/72/312 4605/72/311
f 4610/72/313 4609/72/313 4607/72/312
f 4612/72/314 4611/72/314 4609/72/313
f 4614/72/315 4613/72/315 4611/72/314
f 4616/72/202 4615/72/202 4613/72/315
f 4618/72/316 4617/72/316 4615/72/202
f 4620/72/317 4619/72/317 4617/72/316
f 4622/72/318 4621/72/318 4619/72/317
f 4624/72/319 4623/72/319 4621/72/318
f 4626/72/320 4625/72/320 4623/72/319
f 4628/72/321 4627/72/321 4625/72/320
f 4630/72/322 4629/72/322 4627/72/321
f 4632/72/323 4631/72/323 4629/72/322
f 4634/72/324 4633/72/324 4631/72/323
f 4636/72/325 4635/72/325 4633/72/324
f 4638/72/326 4637/72/326 4635/72/325
f 4640/72/327 4639/72/327 4637/72/326
f 4642/72/328 4641/72/328 4639/72/327
f 4644/72/329 4643/72/329 4641/72/328
f 4646/72/330 4645/72/330 4643/72/329
f 4648/72/331 4647/72/331 4645/72/330
f 4650/72/332 4649/72/332 4647/72/331
f 4652/72/70 4651/72/70 4649/72/332
f 4654/72/333 4653/72/333 4651/72/70
f 4656/72/334 4655/72/334 4653/72/333
f 4658/72/335 4657/72/335 4655/72/334
f 4660/72/336 4659/72/336 4657/72/335
f 4662/72/337 4661/72/337 4659/72/336
f 4664/72/338 4663/72/338 4661/72/337
f 4666/72/339 4665/72/339 4663/72/338
f 4668/72/340 4667/72/340 4665/72/339
f 4670/72/341 4669/72/341 4667/72/340
f 4672/72/342 4671/72/342 4669/72/341
f 4674/72/343 4673/72/343 4671/72/342
f 4676/72/344 4675/72/344 4673/72/343
f 4678/72/345 4677/72/345 4675/72/344
f 4680/72/346 4679/72/346 4677/72/345
f 4682/72/347 4681/72/347 4679/72/346
f 4684/72/348 4683/72/348 4681/72/347
f 4686/72/349 4685/72/349 4683/72/348
f 4688/72/350 4687/72/350 4685/72/349
f 4690/72/351 4689/72/351 4687/72/350
f 4692/72/352 4691/72/352 4689/72/351
f 4694/72/353 4693/72/353 4691/72/352
f 4696/72/354 4695/72/354 4693/72/353
f 4698/72/355 4697/72/355 4695/72/354
f 4700/72/356 4699/72/356 4697/72/355
f 4702/72/357 4701/72/357 4699/72/356
f 4704/72/358 4703/72/358 4701/72/357
f 4706/72/359 4705/72/359 4703/72/358
f 4708/72/360 4707/72/360 4705/72/359
f 4710/72/361 4709/72/361 4707/72/360
f 4712/72/362 4711/72/362 4709/72/361
f 4714/72/363 4713/72/363 4711/72/362
f 4716/72/364 4715/72/364 4713/72/363
f 4718/72/365 4717/72/365 4715/72/364
f 4720/72/366 4719/72/366 4717/72/365
f 4722/72/367 4721/72/367 4719/72/366
f 4724/72/368 4723/72/368 4721/72/367
f 4726/72/369 4725/72/369 4723/72/368
f 4728/72/370 4727/72/370 4725/72/369
f 4730/72/371 4729/72/371 4727/72/370
f 4732/72/372 4731/72/372 4729/72/371
f 4734/72/373 4733/72/373 4731/72/372
f 4736/72/374 4735/72/374 4733/72/373
f 4738/72/375 4737/72/375 4735/72/374
f 4740/72/376 4739/72/376 4737/72/375
f 4742/72/377 4741/72/377 4739/72/376
f 4744/72/378 4743/72/378 4741/72/377
f 4746/72/379 4745/72/379 4743/72/378
f 4748/72/380 4747/72/380 4745/72/379
f 4750/72/381 4749/72/381 4747/72/380
f 4752/72/382 4751/72/382 4749/72/381
f 4754/72/383 4753/72/383 4751/72/382
f 4756/72/384 4755/72/384 4753/72/383
f 4758/72/385 4757/72/385 4755/72/384
f 4760/72/386 4759/72/386 4757/72/385
f 4762/72/387 4761/72/387 4759/72/386
f 4764/72/388 4763/72/388 4761/72/387
f 4766/72/389 4765/72/389 4763/72/388
f 4768/72/390 4767/72/390 4765/72/389
f 4770/72/391 4769/72/391 4767/72/390
f 4772/72/392 4771/72/392 4769/72/391
f 4774/72/393 4773/72/393 4771/72/392
f 4776/72/394 4775/72/394 4773/72/393
f 4778/72/395 4777/72/395 4775/72/394
f 4780/72/396 4779/72/396 4777/72/395
f 4782/72/397 4781/72/397 4779/72/396
f 4784/72/398 4783/72/398 4781/72/397
f 4786/72/399 4785/72/399 4783/72/398
f 4788/72/400 4787/72/400 4785/72/399
f 4790/72/401 4789/72/401 4787/72/400
f 4792/72/402 4791/72/402 4789/72/401
f 4794/72/403 4793/72/403 4791/72/402
f 4796/72/404 4795/72/404 4793/72/403
f 4798/72/405 4797/72/405 4795/72/404
f 4800/72/406 4799/72/406 4797/72/405
f 4802/72/407 4801/72/407 4799/72/406
f 4804/72/408 4803/72/408 4801/72/407
f 4806/72/409 4805/72/409 4803/72/408
f 4808/72/410 4807/72/410 4805/72/409
f 4810/72/411 4809/72/411 4807/72/410
f 4812/72/412 4811/72/412 4809/72/411
f 4814/72/413 4813/72/413 4811/72/412
f 4816/72/414 4815/72/414 4813/72/413
f 4818/72/415 4817/72/415 4815/72/414
f 4820/72/416 4819/72/416 4817/72/415
f 4822/72/417 4821/72/417 4819/72/416
f 4824/72/418 4823/72/418 4821/72/417
f 4826/72/419 4825/72/419 4823/72/418
f 4828/72/420 4827/72/420 4825/72/419
f 4830/72/421 4829/72/421 4827/72/420
f 4832/72/422 4831/72/422 4829/72/421
f 4834/72/423 4833/72/423 4831/72/422
f 4836/72/424 4835/72/424 4833/72/423
f 4838/72/425 4837/72/425 4835/72/424
f 4840/72/426 4839/72/426 4837/72/425
f 4842/72/427 4841/72/427 4839/72/426
f 4844/72/428 4843/72/428 4841/72/427
f 4846/72/429 4845/72/429 4843/72/428
f 4848/72/430 4847/72/430 4845/72/429
f 4850/72/431 4849/72/431 4847/72/430
f 4852/72/432 4851/72/432 4849/72/431
f 4854/72/433 4853/72/433 4851/72/432
f 4856/72/434 4855/72/434 4853/72/433
f 4858/72/435 4857/72/435 4855/72/434
f 4860/72/436 4859/72/181 4857/72/435
f 4862/72/437 4861/72/437 4859/72/181
f 4864/72/438 4863/72/440 4861/72/437
f 4866/72/439 4865/72/442 4863/72/440
f 4868/72/441 4867/72/441 4865/72/442
f 4870/72/443 4869/72/443 4867/72/441
f 4872/72/444 4871/72/446 4869/72/443
f 4874/72/445 4873/72/445 4871/72/446
f 4876/72/447 4875/72/447 4873/72/445
f 4878/72/448 4877/72/448 4875/72/447
f 4880/72/449 4879/72/451 4877/72/448
f 4882/72/450 4881/72/450 4879/72/451
f 4884/72/452 4883/72/452 4881/72/450
f 4886/72/453 4885/72/453 4883/72/452
f 4888/72/454 4887/72/454 4885/72/453
f 4890/72/455 4889/72/455 4887/72/454
f 4892/72/456 4891/72/456 4889/72/455
f 4894/72/457 4893/72/457 4891/72/456
f 4896/72/458 4895/72/458 4893/72/457
f 4898/72/459 4897/72/459 4895/72/458
f 4900/72/460 4899/72/460 4897/72/459
f 4902/72/461 4901/72/463 4899/72/460
f 4904/72/462 4903/72/465 4901/72/463
f 4906/72/464 4905/72/464 4903/72/465
f 4908/72/466 4907/72/466 4905/72/464
f 4910/72/467 4909/72/467 4907/72/466
f 4912/72/468 4911/72/470 4909/72/467
f 4914/72/469 4913/72/469 4911/72/470
f 4916/72/471 4915/72/473 4913/72/469
f 4918/72/472 4917/72/472 4915/72/473
f 4920/72/474 4919/72/474 4917/72/472
f 4922/72/475 4921/72/475 4919/72/474
f 4924/72/476 4923/72/476 4921/72/475
f 4926/72/477 4925/72/477 4923/72/476
f 4928/72/478 4927/72/478 4925/72/477
f 4930/72/479 4929/72/479 4927/72/478
f 4932/72/480 4931/72/480 4929/72/479
f 4934/72/481 4933/72/481 4931/72/480
f 4936/72/482 4935/72/482 4933/72/481
f 4938/72/483 4937/72/483 4935/72/482
f 4940/72/484 4939/72/484 4937/72/483
f 4942/72/485 4941/72/485 4939/72/484
f 4944/72/486 4943/72/486 4941/72/485
f 4946/72/487 4945/72/487 4943/72/486
f 4948/72/488 4947/72/488 4945/72/487
f 4950/72/489 4949/72/489 4947/72/488
f 4952/72/490 4951/72/490 4949/72/489
f 4954/72/491 4953/72/491 4951/72/490
f 4956/72/492 4955/72/492 4953/72/491
f 4958/72/493 4957/72/493 4955/72/492
f 4960/72/494 4959/72/494 4957/72/493
f 4962/72/495 4961/72/495 4959/72/494
f 4964/72/496 4963/72/496 4961/72/495
f 4966/72/497 4965/72/497 4963/72/496
f 4968/72/498 4967/72/498 4965/72/497
f 4970/72/499 4969/72/501 4967/72/498
f 4972/72/500 4971/72/500 4969/72/501
f 4974/72/502 4973/72/502 4971/72/500
f 4976/72/503 4975/72/505 4973/72/502
f 4978/72/504 4977/72/504 4975/72/505
f 4980/72/506 4979/72/506 4977/72/504
f 4982/72/507 4981/72/507 4979/72/506
f 4984/72/508 4983/72/508 4981/72/507
f 4986/72/509 4985/72/509 4983/72/508
f 4988/72/510 4987/72/510 4985/72/509
f 4990/72/511 4989/72/511 4987/72/510
f 4992/72/512 4991/72/512 4989/72/511
f 4994/72/513 4993/72/513 4991/72/512
f 4996/72/514 4995/72/514 4993/72/513
f 4998/72/515 4997/72/515 4995/72/514
f 5000/72/516 4999/72/518 4997/72/515
f 5002/72/517 5001/72/517 4999/72/518
f 5004/72/519 5003/72/519 5001/72/517
f 5006/72/520 5005/72/520 5003/72/519
f 5008/72/521 5007/72/523 5005/72/520
f 5010/72/522 5009/72/522 5007/72/523
f 5012/72/524 5011/72/524 5009/72/522
f 5014/72/525 5013/72/525 5011/72/524
f 5016/72/526 5015/72/526 5013/72/525
f 5018/72/527 5017/72/527 5015/72/526
f 5020/72/528 5019/72/528 5017/72/527
f 5022/72/529 5021/72/529 5019/72/528
f 5024/72/530 5023/72/530 5021/72/529
f 5026/72/531 5025/72/531 5023/72/530
f 5028/72/532 5027/72/532 5025/72/531
f 5030/72/533 5029/72/533 5027/72/532
f 5032/72/534 5031/72/534 5029/72/533
f 5034/72/535 5033/72/535 5031/72/534
f 5036/72/536 5035/72/536 5033/72/535
f 5038/72/537 5037/72/537 5035/72/536
f 5040/72/538 5039/72/538 5037/72/537
f 5042/72/539 5041/72/539 5039/72/538
f 5044/72/540 5043/72/540 5041/72/539
f 5046/72/541 5045/72/541 5043/72/540
f 5048/72/542 5047/72/542 5045/72/541
f 5050/72/543 5049/72/543 5047/72/542
f 5052/72/544 5051/72/544 5049/72/543
f 5054/72/545 5053/72/545 5051/72/544
f 5056/72/546 5055/72/546 5053/72/545
f 5058/72/547 5057/72/547 5055/72/546
f 5060/72/548 5059/72/548 5057/72/547
f 5062/72/549 5061/72/549 5059/72/548
f 5064/72/550 5063/72/550 5061/72/549
f 5066/72/551 5065/72/551 5063/72/550
f 5068/72/552 5067/72/552 5065/72/551
f 5070/72/553 5069/72/553 5067/72/552
f 5072/72/554 5071/72/554 5069/72/553
f 5074/72/555 5073/72/557 5071/72/554
f 5076/72/556 5075/72/556 5073/72/557
f 5078/72/558 5077/72/558 5075/72/556
f 5080/72/559 5079/72/559 5077/72/558
f 5082/72/560 5081/72/560 5079/72/559
f 5084/72/561 5083/72/561 5081/72/560
f 5086/72/562 5085/72/562 5083/72/561
f 5088/72/563 5087/72/563 5085/72/562
f 5090/72/564 5089/72/564 5087/72/563
f 5092/72/565 5091/72/565 5089/72/564
f 5094/72/566 5093/72/566 5091/72/565
f 5096/72/567 5095/72/567 5093/72/566
f 5098/72/568 5097/72/568 5095/72/567
f 5100/72/569 5099/72/569 5097/72/568
f 5102/72/570 5101/72/570 5099/72/569
f 5104/72/571 5103/72/571 5101/72/570
f 5106/72/572 5105/72/572 5103/72/571
f 5108/72/332 5107/72/332 5105/72/572
f 5110/72/573 5109/72/573 5107/72/332
f 5112/72/574 5111/72/574 5109/72/573
f 5114/72/575 5113/72/575 5111/72/574
f 5116/72/576 5115/72/576 5113/72/575
f 5118/72/577 5117/72/577 5115/72/576
f 5120/72/578 5119/72/578 5117/72/577
f 5122/72/579 5121/72/579 5119/72/578
f 5124/72/580 5123/72/580 5121/72/579
f 5126/72/581 5125/72/581 5123/72/580
f 5128/72/582 5127/72/582 5125/72/581
f 5130/72/583 5129/72/585 5127/72/582
f 5132/72/584 5131/72/584 5129/72/585
f 5134/72/586 5133/72/588 5131/72/584
f 5136/72/587 5135/72/587 5133/72/588
f 5138/72/589 5137/72/589 5135/72/587
f 5140/72/590 5139/72/590 5137/72/589
f 5142/72/591 5141/72/591 5139/72/590
f 5144/72/592 5143/72/592 5141/72/591
f 5146/72/593 5145/72/595 5143/72/592
f 5148/72/594 5147/72/594 5145/72/595
f 5150/72/596 5149/72/596 5147/72/594
f 5152/72/597 5151/72/597 5149/72/596
f 5154/72/179 5153/72/598 5151/72/597
f 5156/72/180 5155/72/599 5153/72/598
f 5158/72/181 5157/72/601 5155/72/599
f 5160/72/600 5159/72/182 5157/72/601
f 5162/72/602 5161/72/602 5159/72/182
f 5164/72/603 5163/72/605 5161/72/602
f 5166/72/604 5165/72/604 5163/72/605
f 5168/72/606 5167/72/606 5165/72/604
f 5170/72/187 5169/72/187 5167/72/606
f 5172/72/607 5171/72/188 5169/72/187
f 5174/72/189 5173/72/189 5171/72/188
f 5176/72/608 5175/72/608 5173/72/189
f 5178/72/609 5177/72/609 5175/72/608
f 5180/72/610 5179/72/610 5177/72/609
f 5182/72/611 5181/72/611 5179/72/610
f 5184/72/612 5183/72/612 5181/72/611
f 5186/72/613 5185/72/615 5183/72/612
f 5188/72/614 5187/72/617 5185/72/615
f 5190/72/616 5189/72/619 5187/72/617
f 5192/72/618 5191/72/618 5189/72/619
f 5194/72/620 5193/72/620 5191/72/618
f 5196/72/621 5195/72/623 5193/72/620
f 5198/72/622 5197/72/622 5195/72/623
f 5200/72/624 5199/72/626 5197/72/622
f 5202/72/625 5201/72/625 5199/72/626
f 5204/72/627 5203/72/627 5201/72/625
f 5206/72/628 5205/72/628 5203/72/627
f 5208/72/629 5207/72/629 5205/72/628
f 5210/72/630 5209/72/630 5207/72/629
f 5212/72/631 5211/72/631 5209/72/630
f 5214/72/632 5213/72/632 5211/72/631
f 5216/72/633 5215/72/635 5213/72/632
f 5218/72/634 5217/72/634 5215/72/635
f 5220/72/636 5219/72/636 5217/72/634
f 5222/72/637 5221/72/637 5219/72/636
f 5224/72/638 5223/72/638 5221/72/637
f 5226/72/639 5225/72/639 5223/72/638
f 5228/72/640 5227/72/640 5225/72/639
f 5230/72/641 5229/72/641 5227/72/640
f 5232/72/642 5231/72/642 5229/72/641
f 5234/72/643 5233/72/643 5231/72/642
f 5236/72/644 5235/72/644 5233/72/643
f 5238/72/645 5237/72/645 5235/72/644
f 5240/72/646 5239/72/646 5237/72/645
f 5242/72/647 5241/72/647 5239/72/646
f 5244/72/648 5243/72/648 5241/72/647
f 5246/72/649 5245/72/649 5243/72/648
f 5248/72/650 5247/72/650 5245/72/649
f 5250/72/651 5249/72/651 5247/72/650
f 5252/72/652 5251/72/652 5249/72/651
f 5254/72/69 5253/72/69 5251/72/652
f 5256/72/69 5255/72/69 5253/72/69
f 5258/72/69 5257/72/69 5255/72/69
f 5260/72/69 5259/72/69 5257/72/69
f 5262/72/69 5261/72/69 5259/72/69
f 5264/72/69 5263/72/69 5261/72/69
f 5266/72/69 5265/72/69 5263/72/69
f 5268/72/69 5267/72/69 5265/72/69
f 5270/72/69 5269/72/69 5267/72/69
f 5272/72/69 5271/72/69 5269/72/69
f 5274/72/69 5273/72/69 5271/72/69
f 5276/72/653 5275/72/653 5273/72/69
f 5278/72/654 5277/72/654 5275/72/653
f 5280/72/655 5279/72/655 5277/72/654
f 5282/72/656 5281/72/656 5279/72/655
f 5284/72/657 5283/72/657 5281/72/656
f 5286/72/658 5285/72/658 5283/72/657
f 5288/72/659 5287/72/659 5285/72/658
f 5290/72/660 5289/72/660 5287/72/659
f 5292/72/661 5291/72/661 5289/72/660
f 5294/72/662 5293/72/662 5291/72/661
f 5296/72/663 5295/72/663 5293/72/662
f 5298/72/664 5297/72/664 5295/72/663
f 5300/72/665 5299/72/18 5297/72/664
f 5302/72/666 5301/72/668 5299/72/18
f 5304/72/667 5303/72/670 5301/72/668
f 5306/72/669 5305/72/297 5303/72/670
f 5308/72/671 5307/72/671 5305/72/297
f 5310/72/672 5309/72/672 5307/72/671
f 5312/72/673 5311/72/673 5309/72/672
f 5314/72/674 5313/72/674 5311/72/673
f 5316/72/675 5315/72/675 5313/72/674
f 5318/72/676 5317/72/676 5315/72/675
f 5320/72/677 5319/72/677 5317/72/676
f 5322/72/344 5321/72/344 5319/72/677
f 5324/72/678 5323/72/678 5321/72/344
f 5326/72/679 5325/72/679 5323/72/678
f 5328/72/680 5327/72/680 5325/72/679
f 5330/72/681 5329/72/681 5327/72/680
f 5332/72/682 5331/72/682 5329/72/681
f 5334/72/683 5333/72/683 5331/72/682
f 5336/72/684 5335/72/686 5333/72/683
f 5338/72/685 5337/72/685 5335/72/686
f 5340/72/687 5339/72/689 5337/72/685
f 5342/72/688 5341/72/688 5339/72/689
f 5344/72/690 5343/72/690 5341/72/688
f 5346/72/691 5345/72/691 5343/72/690
f 5348/72/692 5347/72/694 5345/72/691
f 5350/72/693 5349/72/696 5347/72/694
f 5352/72/695 5351/72/695 5349/72/696
f 5354/72/697 5353/72/697 5351/72/695
f 5356/72/698 5355/72/698 5353/72/697
f 5358/72/699 5357/72/701 5355/72/698
f 5360/72/700 5359/72/700 5357/72/701
f 5362/72/702 5361/72/702 5359/72/700
f 5364/72/703 5363/72/703 5361/72/702
f 5366/72/704 5365/72/704 5363/72/703
f 5368/72/705 5367/72/705 5365/72/704
f 5370/72/706 5369/72/706 5367/72/705
f 5372/72/570 5371/72/570 5369/72/706
f 5374/72/707 5373/72/707 5371/72/570
f 5376/72/708 5375/72/708 5373/72/707
f 5378/72/116 5377/72/116 5375/72/708
f 5380/72/709 5379/72/709 5377/72/116
f 5382/72/710 5381/72/710 5379/72/709
f 5384/72/711 5383/72/711 5381/72/710
f 5386/72/712 5385/72/712 5383/72/711
f 5388/72/713 5387/72/713 5385/72/712
f 5390/72/714 5389/72/714 5387/72/713
f 5392/72/715 5391/72/715 5389/72/714
f 5394/72/716 5393/72/716 5391/72/715
f 5396/72/717 5395/72/717 5393/72/716
f 5398/72/609 5397/72/609 5395/72/717
f 5400/72/718 5399/72/720 5397/72/609
f 5402/72/719 5401/72/719 5399/72/720
f 5404/72/721 5403/72/721 5401/72/719
f 5406/72/722 5405/72/722 5403/72/721
f 5408/72/723 5407/72/723 5405/72/722
f 5410/72/724 5409/72/724 5407/72/723
f 5412/72/725 5411/72/725 5409/72/724
f 5414/72/726 5413/72/726 5411/72/725
f 5416/72/727 5415/72/727 5413/72/726
f 5418/72/728 5417/72/730 5415/72/727
f 5420/72/729 5419/72/729 5417/72/730
f 5422/72/731 5421/72/731 5419/72/729
f 5424/72/732 5423/72/732 5421/72/731
f 5426/72/733 5425/72/733 5423/72/732
f 5428/72/734 5427/72/734 5425/72/733
f 5430/72/735 5429/72/735 5427/72/734
f 5432/72/736 5431/72/736 5429/72/735
f 5434/72/737 5433/72/737 5431/72/736
f 5436/72/738 5435/72/738 5433/72/737
f 5438/72/739 5437/72/739 5435/72/738
f 5440/72/740 5439/72/740 5437/72/739
f 5442/72/741 5441/72/741 5439/72/740
f 5444/72/742 5443/72/742 5441/72/741
f 5446/72/743 5445/72/743 5443/72/742
f 5448/72/744 5447/72/744 5445/72/743
f 5450/72/745 5449/72/747 5447/72/744
f 5452/72/746 5451/72/746 5449/72/747
f 5454/72/748 5453/72/750 5451/72/746
f 5456/72/749 5455/72/749 5453/72/750
f 5458/72/751 5457/72/751 5455/72/749
f 5460/72/752 5459/72/754 5457/72/751
f 5462/72/753 5461/72/756 5459/72/754
f 5464/72/755 5463/72/758 5461/72/756
f 5466/72/757 5465/72/760 5463/72/758
f 5468/72/759 5467/72/759 5465/72/760
f 5470/72/761 5469/72/761 5467/72/759
f 5472/72/762 5471/72/762 5469/72/761
f 5474/72/763 5473/72/765 5471/72/762
f 5476/72/764 5475/72/767 5473/72/765
f 5478/72/766 5477/72/769 5475/72/767
f 5480/72/768 5479/72/768 5477/72/769
f 5482/72/770 5481/72/772 5479/72/768
f 5484/72/771 5483/72/774 5481/72/772
f 5486/72/773 5485/72/773 5483/72/774
f 5488/72/775 5487/72/775 5485/72/773
f 5490/72/776 5489/72/776 5487/72/775
f 5492/72/777 5491/72/779 5489/72/776
f 5494/72/778 5493/72/781 5491/72/779
f 5496/72/780 5495/72/780 5493/72/781
f 5498/72/782 5497/72/782 5495/72/780
f 5500/72/783 5499/72/783 5497/72/782
f 5502/72/784 5501/72/786 5499/72/783
f 5504/72/785 5503/72/785 5501/72/786
f 5506/72/787 5505/72/787 5503/72/785
f 5508/72/788 5507/72/790 5505/72/787
f 5510/72/789 5509/72/792 5507/72/790
f 5512/72/791 5511/72/794 5509/72/792
f 5514/72/793 5513/72/796 5511/72/794
f 5516/72/795 5515/72/795 5513/72/796
f 5518/72/797 5517/72/799 5515/72/795
f 5520/72/798 5519/72/798 5517/72/799
f 5522/72/800 5521/72/800 5519/72/798
f 5524/72/800 5523/72/800 5521/72/800
f 5526/72/797 5525/72/797 5523/72/800
f 5528/72/801 5527/72/801 5525/72/797
f 5530/72/802 5529/72/804 5527/72/801
f 5532/72/803 5531/72/803 5529/72/804
f 5534/72/805 5533/72/805 5531/72/803
f 5536/72/806 5535/72/806 5533/72/805
f 5538/72/807 5537/72/807 5535/72/806
f 5540/72/808 5539/72/808 5537/72/807
f 5542/72/809 5541/72/809 5539/72/808
f 5544/72/810 5543/72/812 5541/72/809
f 5546/72/811 5545/72/811 5543/72/812
f 5548/72/813 5547/72/813 5545/72/811
f 5550/72/814 5549/72/814 5547/72/813
f 5552/72/815 5551/72/817 5549/72/814
f 5554/72/816 5553/72/819 5551/72/817
f 5556/72/818 5555/72/818 5553/72/819
f 5558/72/820 5557/72/822 5555/72/818
f 5560/72/821 5559/72/821 5557/72/822
f 5562/72/823 5561/72/823 5559/72/821
f 5564/72/824 5563/72/824 5561/72/823
f 5566/72/825 5565/72/827 5563/72/824
f 5568/72/826 5567/72/829 5565/72/827
f 5570/72/828 5569/72/831 5567/72/829
f 5572/72/830 5571/72/830 5569/72/831
f 5574/72/832 5573/72/834 5571/72/830
f 5576/72/833 5575/72/833 5573/72/834
f 5578/72/835 5577/72/837 5575/72/833
f 5580/72/836 5579/72/839 5577/72/837
f 5582/72/838 5581/72/838 5579/72/839
f 5584/72/840 5583/72/840 5581/72/838
f 5586/72/841 5585/72/841 5583/72/840
f 5588/72/842 5587/72/842 5585/72/841
f 5590/72/843 5589/72/843 5587/72/842
f 5592/72/844 5591/72/844 5589/72/843
f 5594/72/845 5593/72/847 5591/72/844
f 5596/72/846 5595/72/849 5593/72/847
f 5598/72/848 5597/72/848 5595/72/849
f 5600/72/850 5599/72/850 5597/72/848
f 5602/72/851 5601/72/853 5599/72/850
f 5604/72/852 5603/72/852 5601/72/853
f 5606/72/854 5605/72/856 5603/72/852
f 5608/72/855 5607/72/855 5605/72/856
f 5610/72/857 5609/72/857 5607/72/855
f 5612/72/858 5611/72/860 5609/72/857
f 5614/72/859 5613/72/859 5611/72/860
f 5616/72/861 5615/72/863 5613/72/859
f 5618/72/862 5617/72/862 5615/72/863
f 5620/72/864 5619/72/866 5617/72/862
f 5622/72/865 5621/72/868 5619/72/866
f 5624/72/867 5623/72/867 5621/72/868
f 5626/72/869 5625/72/869 5623/72/867
f 5628/72/870 5627/72/756 5625/72/869
f 5630/72/871 5629/72/873 5627/72/756
f 5632/72/872 5631/72/872 5629/72/873
f 5634/72/874 5633/72/874 5631/72/872
f 5636/72/875 5635/72/875 5633/72/874
f 5638/72/876 5637/72/876 5635/72/875
f 5640/72/877 5639/72/877 5637/72/876
f 5642/72/878 5641/72/878 5639/72/877
f 5644/72/879 5643/72/879 5641/72/878
f 5646/72/880 5645/72/880 5643/72/879
f 5648/72/881 5647/72/881 5645/72/880
f 5650/72/882 5649/72/882 5647/72/881
f 5652/72/883 5651/72/883 5649/72/882
f 5654/72/884 5653/72/884 5651/72/883
f 5656/72/885 5655/72/887 5653/72/884
f 5658/72/886 5657/72/886 5655/72/887
f 5660/72/888 5659/72/890 5657/72/886
f 5662/72/889 5661/72/889 5659/72/890
f 5664/72/891 5663/72/891 5661/72/889
f 5666/72/892 5665/72/892 5663/72/891
f 5668/72/893 5667/72/893 5665/72/892
f 5670/72/746 5669/72/746 5667/72/893
f 5672/72/894 5671/72/896 5669/72/746
f 5674/72/895 5673/72/898 5671/72/896
f 5676/72/897 5675/72/897 5673/72/898
f 5678/72/899 5677/72/899 5675/72/897
f 5680/72/900 5679/72/900 5677/72/899
f 5682/72/901 5681/72/903 5679/72/900
f 5684/72/902 5683/72/902 5681/72/903
f 5686/72/904 5685/72/904 5683/72/902
f 5688/72/905 5687/72/907 5685/72/904
f 5690/72/906 5689/72/906 5687/72/907
f 5692/72/908 5691/72/908 5689/72/906
f 5694/72/909 5693/72/911 5691/72/908
f 5696/72/910 5695/72/913 5693/72/911
f 5698/72/912 5697/72/915 5695/72/913
f 5700/72/914 5699/72/914 5697/72/915
f 5702/72/916 5701/72/916 5699/72/914
f 5704/72/917 5703/72/917 5701/72/916
f 5706/72/918 5705/72/920 5703/72/917
f 5708/72/919 5707/72/919 5705/72/920
f 5710/72/921 5709/72/923 5707/72/919
f 5712/72/922 5711/72/925 5709/72/923
f 5714/72/924 5713/72/927 5711/72/925
f 5716/72/926 5715/72/926 5713/72/927
f 5718/72/928 5717/72/928 5715/72/926
f 5720/72/929 5719/72/931 5717/72/928
f 5722/72/930 5721/72/930 5719/72/931
f 5724/72/932 5723/72/932 5721/72/930
f 5726/72/933 5725/72/933 5723/72/932
f 5728/72/934 5727/72/934 5725/72/933
f 5730/72/935 5729/72/935 5727/72/934
f 5732/72/936 5731/72/936 5729/72/935
f 5734/72/937 5733/72/937 5731/72/936
f 5736/72/938 5735/72/938 5733/72/937
f 5738/72/939 5737/72/939 5735/72/938
f 5740/72/940 5739/72/942 5737/72/939
f 5742/72/941 5741/72/941 5739/72/942
f 5744/72/943 5743/72/943 5741/72/941
f 5746/72/944 5745/72/946 5743/72/943
f 5748/72/945 5747/72/948 5745/72/946
f 5750/72/947 5749/72/947 5747/72/948
f 5752/72/949 5751/72/949 5749/72/947
f 5754/72/950 5753/72/950 5751/72/949
f 5756/72/951 5755/72/951 5753/72/950
f 5758/72/952 5757/72/952 5755/72/951
f 5760/72/953 5759/72/955 5757/72/952
f 5762/72/954 5761/72/954 5759/72/955
f 5764/72/956 5763/72/956 5761/72/954
f 5766/72/957 5765/72/957 5763/72/956
f 5768/72/957 5767/72/957 5765/72/957
f 5770/72/957 5769/72/957 5767/72/957
f 5772/72/957 5771/72/957 5769/72/957
f 5774/72/957 5773/72/957 5771/72/957
f 5776/72/957 5775/72/957 5773/72/957
f 5778/72/957 5777/72/957 5775/72/957
f 5780/72/957 5779/72/957 5777/72/957
f 5782/72/957 5781/72/957 5779/72/957
f 5784/72/957 5783/72/957 5781/72/957
f 5786/72/957 5785/72/957 5783/72/957
f 5788/72/958 5787/72/958 5785/72/957
f 5790/72/959 5789/72/959 5787/72/958
f 5792/72/960 5791/72/960 5789/72/959
f 5794/72/757 5793/72/757 5791/72/960
f 5796/72/961 5795/72/961 5793/72/757
f 5798/72/962 5797/72/962 5795/72/961
f 5800/72/963 5799/72/963 5797/72/962
f 5802/72/964 5801/72/964 5799/72/963
f 5804/72/965 5803/72/965 5801/72/964
f 5806/72/966 5805/72/968 5803/72/965
f 5808/72/967 5807/72/967 5805/72/968
f 5810/72/969 5809/72/969 5807/72/967
f 5812/72/970 5811/72/970 5809/72/969
f 5814/72/971 5813/72/971 5811/72/970
f 5816/72/972 5815/72/972 5813/72/971
f 5818/72/973 5817/72/973 5815/72/972
f 5820/72/970 5819/72/970 5817/72/973
f 5822/72/974 5821/72/974 5819/72/970
f 5824/72/975 5823/72/975 5821/72/974
f 5826/72/976 5825/72/978 5823/72/975
f 5828/72/977 5827/72/977 5825/72/978
f 5830/72/979 5829/72/981 5827/72/977
f 5832/72/980 5831/72/980 5829/72/981
f 5834/72/982 5833/72/982 5831/72/980
f 5836/72/983 5835/72/983 5833/72/982
f 5838/72/984 5837/72/984 5835/72/983
f 5840/72/985 5839/72/985 5837/72/984
f 5842/72/986 5841/72/988 5839/72/985
f 5844/72/987 5843/72/990 5841/72/988
f 5846/72/989 5845/72/989 5843/72/990
f 5848/72/991 5847/72/991 5845/72/989
f 5850/72/992 5849/72/992 5847/72/991
f 5852/72/993 5851/72/993 5849/72/992
f 5854/72/994 5853/72/994 5851/72/993
f 5856/72/995 5855/72/995 5853/72/994
f 5858/72/996 5857/72/996 5855/72/995
f 5860/72/997 5859/72/997 5857/72/996
f 5862/72/998 5861/72/998 5859/72/997
f 5864/72/999 5863/72/999 5861/72/998
f 5866/72/1000 5865/72/1000 5863/72/999
f 5868/72/1001 5867/72/1001 5865/72/1000
f 5870/72/1002 5869/72/1002 5867/72/1001
f 5872/72/898 5871/72/895 5869/72/1002
f 5874/72/1003 5873/72/1003 5871/72/895
f 5876/72/1004 5875/72/1006 5873/72/1003
f 5878/72/1005 5877/72/1005 5875/72/1006
f 5880/72/1007 5879/72/1007 5877/72/1005
f 5882/72/1008 5881/72/1008 5879/72/1007
f 5884/72/1009 5883/72/1009 5881/72/1008
f 5886/72/1010 5885/72/1012 5883/72/1009
f 5888/72/1011 5887/72/1011 5885/72/1012
f 5890/72/1013 5889/72/1013 5887/72/1011
f 5892/72/1014 5891/72/1014 5889/72/1013
f 5894/72/1015 5893/72/1017 5891/72/1014
f 5896/72/1016 5895/72/1016 5893/72/1017
f 5898/72/1018 5897/72/1018 5895/72/1016
f 5900/72/1019 5899/72/1019 5897/72/1018
f 5902/72/1020 5901/72/1020 5899/72/1019
f 5904/72/1021 5903/72/1021 5901/72/1020
f 5906/72/1022 5905/72/1022 5903/72/1021
f 5908/72/1023 5907/72/1023 5905/72/1022
f 5910/72/1024 5909/72/1024 5907/72/1023
f 5912/72/1025 5911/72/1025 5909/72/1024
f 5914/72/1026 5913/72/1026 5911/72/1025
f 5916/72/1027 5915/72/1027 5913/72/1026
f 5918/72/1028 5917/72/1028 5915/72/1027
f 5920/72/1029 5919/72/1029 5917/72/1028
f 5922/72/1030 5921/72/1030 5919/72/1029
f 5924/72/1031 5923/72/1031 5921/72/1030
f 5926/72/1032 5925/72/1032 5923/72/1031
f 5928/72/1033 5927/72/1033 5925/72/1032
f 5930/72/1034 5929/72/1034 5927/72/1033
f 5932/72/1035 5931/72/1035 5929/72/1034
f 5934/72/1036 5933/72/1036 5931/72/1035
f 5936/72/937 5935/72/937 5933/72/1036
f 5938/72/1037 5937/72/1037 5935/72/937
f 5940/72/1038 5939/72/1040 5937/72/1037
f 5942/72/1039 5941/72/1039 5939/72/1040
f 5944/72/1041 5943/72/1041 5941/72/1039
f 5946/72/1042 5945/72/1042 5943/72/1041
f 5948/72/1043 5947/72/1043 5945/72/1042
f 5950/72/1044 5949/72/1044 5947/72/1043
f 5952/72/1045 5951/72/1045 5949/72/1044
f 5954/72/1046 5953/72/1046 5951/72/1045
f 5956/72/1047 5955/72/1047 5953/72/1046
f 5958/72/1048 5957/72/1050 5955/72/1047
f 5960/72/1049 5959/72/1052 5957/72/1050
f 5962/72/1051 5961/72/1051 5959/72/1052
f 5964/72/1053 5963/72/1055 5961/72/1051
f 5966/72/1054 5965/72/1054 5963/72/1055
f 5968/72/1056 5967/72/1056 5965/72/1054
f 5970/72/1057 5969/72/1057 5967/72/1056
f 5972/72/1058 5971/72/1058 5969/72/1057
f 5974/72/1059 5973/72/1059 5971/72/1058
f 5976/72/1060 5975/72/1060 5973/72/1059
f 5978/72/1061 5977/72/1061 5975/72/1060
f 5980/72/1062 5979/72/1062 5977/72/1061
f 5982/72/1063 5981/72/1063 5979/72/1062
f 5984/72/1064 5983/72/1064 5981/72/1063
f 5986/72/1065 5985/72/1067 5983/72/1064
f 5988/72/1066 5987/72/1066 5985/72/1067
f 5990/72/1068 5989/72/1068 5987/72/1066
f 5992/72/1069 5991/72/1069 5989/72/1068
f 5994/72/1070 5993/72/1070 5991/72/1069
f 5996/72/1071 5995/72/1071 5993/72/1070
f 5998/72/1072 5997/72/1074 5995/72/1071
f 6000/72/1073 5999/72/1076 5997/72/1074
f 6002/72/1075 6001/72/1075 5999/72/1076
f 6004/72/1077 6003/72/1077 6001/72/1075
f 6006/72/1078 6005/72/1078 6003/72/1077
f 6008/72/1079 6007/72/1079 6005/72/1078
f 6010/72/1080 6009/72/1080 6007/72/1079
f 6012/72/1081 6011/72/1083 6009/72/1080
f 6014/72/1082 6013/72/1085 6011/72/1083
f 6016/72/1084 6015/72/1084 6013/72/1085
f 6018/72/1086 6017/72/1086 6015/72/1084
f 6020/72/1087 6019/72/1087 6017/72/1086
f 6022/72/1088 6021/72/1088 6019/72/1087
f 6024/72/1008 6023/72/1008 6021/72/1088
f 6026/72/1089 6025/72/1089 6023/72/1008
f 6028/72/1090 6027/72/1090 6025/72/1089
f 6030/72/1091 6029/72/1091 6027/72/1090
f 6032/72/1092 6031/72/1094 6029/72/1091
f 6034/72/1093 6033/72/1093 6031/72/1094
f 6036/72/1095 6035/72/1095 6033/72/1093
f 6038/72/1096 6037/72/1096 6035/72/1095
f 6040/72/1097 6039/72/1097 6037/72/1096
f 6042/72/1098 6041/72/1098 6039/72/1097
f 6044/72/1099 6043/72/1099 6041/72/1098
f 6046/72/1100 6045/72/1100 6043/72/1099
f 6048/72/1101 6047/72/1101 6045/72/1100
f 6050/72/1102 6049/72/1102 6047/72/1101
f 6052/72/1103 6051/72/1103 6049/72/1102
f 6054/72/963 6053/72/963 6051/72/1103
f 6056/72/1104 6055/72/1106 6053/72/963
f 6058/72/1105 6057/72/1105 6055/72/1106
f 6060/72/1107 6059/72/798 6057/72/1105
f 6062/72/1065 6061/72/1065 6059/72/798
f 6064/72/1108 6063/72/1108 6061/72/1065
f 6066/72/1109 6065/72/1109 6063/72/1108
f 6068/72/1110 6067/72/1110 6065/72/1109
f 6070/72/1111 6069/72/1111 6067/72/1110
f 6072/72/1112 6071/72/1114 6069/72/1111
f 6074/72/1113 6073/72/1113 6071/72/1114
f 6076/72/1115 6075/72/1115 6073/72/1113
f 6078/72/1116 6077/72/1116 6075/72/1115
f 6080/72/1117 6079/72/1117 6077/72/1116
f 6082/72/1118 6081/72/1118 6079/72/1117
f 6084/72/1119 6083/72/1119 6081/72/1118
f 6086/72/1120 6085/72/1120 6083/72/1119
f 6088/72/1121 6087/72/1121 6085/72/1120
f 6090/72/1122 6089/72/1122 6087/72/1121
f 6092/72/1123 6091/72/1123 6089/72/1122
f 6094/72/1124 6093/72/1124 6091/72/1123
f 6096/72/1125 6095/72/1125 6093/72/1124
f 6098/72/1126 6097/72/1126 6095/72/1125
f 6100/72/1127 6099/72/1127 6097/72/1126
f 6102/72/1128 6101/72/1130 6099/72/1127
f 6104/72/1129 6103/72/1129 6101/72/1130
f 6106/72/1131 6105/72/1133 6103/72/1129
f 6108/72/1132 6107/72/1132 6105/72/1133
f 6110/72/1134 6109/72/1134 6107/72/1132
f 6112/72/1135 6111/72/1135 6109/72/1134
f 6114/72/1136 6113/72/1136 6111/72/1135
f 6116/72/1137 6115/72/1137 6113/72/1136
f 6118/72/1138 6117/72/1138 6115/72/1137
f 6120/72/1139 6119/72/1141 6117/72/1138
f 6122/72/1140 6121/72/1140 6119/72/1141
f 6124/72/1142 6123/72/1142 6121/72/1140
f 6126/72/1143 6125/72/1143 6123/72/1142
f 6128/72/1144 6127/72/1144 6125/72/1143
f 6130/72/1145 6129/72/1145 6127/72/1144
f 6132/72/1146 6131/72/1146 6129/72/1145
f 6134/72/1147 6133/72/1147 6131/72/1146
f 6136/72/1148 6135/72/1148 6133/72/1147
f 6138/72/1149 6137/72/1149 6135/72/1148
f 6140/72/1150 6139/72/1150 6137/72/1149
f 6142/72/1151 6141/72/1151 6139/72/1150
f 6144/72/1152 6143/72/1152 6141/72/1151
f 6146/72/1153 6145/72/1153 6143/72/1152
f 6148/72/1154 6147/72/1154 6145/72/1153
f 6150/72/1155 6149/72/1155 6147/72/1154
f 6152/72/1156 6151/72/1156 6149/72/1155
f 6154/72/1157 6153/72/1157 6151/72/1156
f 6156/72/1045 6155/72/1045 6153/72/1157
f 6158/72/1158 6157/72/1158 6155/72/1045
f 6160/72/1159 6159/72/1161 6157/72/1158
f 6162/72/1160 6161/72/1160 6159/72/1161
f 6164/72/1162 6163/72/1162 6161/72/1160
f 6166/72/1163 6165/72/1163 6163/72/1162
f 6168/72/1164 6167/72/1164 6165/72/1163
f 6170/72/1165 6169/72/1165 6167/72/1164
f 6172/72/1166 6171/72/1166 6169/72/1165
f 6174/72/1167 6173/72/1167 6171/72/1166
f 6176/72/1168 6175/72/1168 6173/72/1167
f 6178/72/1169 6177/72/1169 6175/72/1168
f 6180/72/1170 6179/72/1170 6177/72/1169
f 6182/72/1171 6181/72/1171 6179/72/1170
f 6184/72/1172 6183/72/1172 6181/72/1171
f 6186/72/1173 6185/72/1173 6183/72/1172
f 6188/72/1174 6187/72/1174 6185/72/1173
f 6190/72/1175 6189/72/1175 6187/72/1174
f 6192/72/1045 6191/72/1177 6189/72/1175
f 6194/72/1176 6193/72/1176 6191/72/1177
f 6196/72/1178 6195/72/1178 6193/72/1176
f 6198/72/1179 6197/72/1179 6195/72/1178
f 6200/72/1180 6199/72/1180 6197/72/1179
f 6202/72/1181 6201/72/1183 6199/72/1180
f 6204/72/1182 6203/72/1182 6201/72/1183
f 6206/72/1184 6205/72/1184 6203/72/1182
f 6208/72/1185 6207/72/1185 6205/72/1184
f 6210/72/1186 6209/72/1186 6207/72/1185
f 6212/72/1187 6211/72/1187 6209/72/1186
f 6214/72/1188 6213/72/1188 6211/72/1187
f 6216/72/1189 6215/72/1189 6213/72/1188
f 6218/72/1190 6217/72/1190 6215/72/1189
f 6220/72/1191 6219/72/1191 6217/72/1190
f 6222/72/1192 6221/72/1192 6219/72/1191
f 6224/72/1193 6223/72/1193 6221/72/1192
f 6226/72/1194 6225/72/1194 6223/72/1193
f 6228/72/1195 6227/72/1195 6225/72/1194
f 6230/72/1196 6229/72/1196 6227/72/1195
f 6232/72/1197 6231/72/1197 6229/72/1196
f 6234/72/1198 6233/72/1198 6231/72/1197
f 6236/72/1199 6235/72/1199 6233/72/1198
f 6238/72/1200 6237/72/1200 6235/72/1199
f 6240/72/1201 6239/72/1201 6237/72/1200
f 6242/72/1202 6241/72/1202 6239/72/1201
f 6244/72/1203 6243/72/1203 6241/72/1202
f 6246/72/1204 6245/72/1204 6243/72/1203
f 6248/72/1205 6247/72/1205 6245/72/1204
f 6250/72/1206 6249/72/1206 6247/72/1205
f 6252/72/1207 6251/72/1209 6249/72/1206
f 6254/72/1208 6253/72/1208 6251/72/1209
f 6256/72/1210 6255/72/1210 6253/72/1208
f 6258/72/1211 6257/72/1211 6255/72/1210
f 6260/72/1212 6259/72/1212 6257/72/1211
f 6262/72/1076 6261/72/1076 6259/72/1212
f 6264/72/1213 6263/72/1213 6261/72/1076
f 6266/72/1214 6265/72/1216 6263/72/1213
f 6268/72/1215 6267/72/1215 6265/72/1216
f 6270/72/1217 6269/72/1217 6267/72/1215
f 6272/72/1218 6271/72/1218 6269/72/1217
f 6274/72/961 6273/72/961 6271/72/1218
f 6276/72/1045 6275/72/1045 6273/72/961
f 6278/72/1219 6277/72/1219 6275/72/1045
f 6280/72/1220 6279/72/1220 6277/72/1219
f 6282/72/1221 6281/72/1221 6279/72/1220
f 6284/72/1222 6283/72/1222 6281/72/1221
f 6286/72/1223 6285/72/1223 6283/72/1222
f 6288/72/1224 6287/72/1224 6285/72/1223
f 6290/72/1225 6289/72/1225 6287/72/1224
f 6292/72/1226 6291/72/1226 6289/72/1225
f 6294/72/1227 6293/72/1227 6291/72/1226
f 6296/72/1228 6295/72/1228 6293/72/1227
f 6298/72/1229 6297/72/1229 6295/72/1228
f 6300/72/1230 6299/72/1230 6297/72/1229
f 6302/72/1231 6301/72/1231 6299/72/1230
f 6304/72/1232 6303/72/1232 6301/72/1231
f 6306/72/1233 6305/72/1233 6303/72/1232
f 6308/72/1234 6307/72/1234 6305/72/1233
f 6310/72/1235 6309/72/1235 6307/72/1234
f 6312/72/1236 6311/72/1236 6309/72/1235
f 6314/72/1237 6313/72/1237 6311/72/1236
f 6316/72/1238 6315/72/1238 6313/72/1237
f 6318/72/1239 6317/72/1239 6315/72/1238
f 6320/72/1240 6319/72/1240 6317/72/1239
f 6322/72/1241 6321/72/1241 6319/72/1240
f 6324/72/1242 6323/72/1242 6321/72/1241
f 6326/72/1243 6325/72/1243 6323/72/1242
f 6328/72/1244 6327/72/1244 6325/72/1243
f 6330/72/1245 6329/72/1245 6327/72/1244
f 6332/72/1246 6331/72/1246 6329/72/1245
f 6334/72/1247 6333/72/1247 6331/72/1246
f 6336/72/1248 6335/72/1248 6333/72/1247
f 6338/72/1249 6337/72/1249 6335/72/1248
f 6340/72/1250 6339/72/1250 6337/72/1249
f 6342/72/1251 6341/72/1251 6339/72/1250
f 6344/72/1252 6343/72/1252 6341/72/1251
f 6346/72/1253 6345/72/1253 6343/72/1252
f 6348/72/1254 6347/72/1254 6345/72/1253
f 6350/72/1255 6349/72/1255 6347/72/1254
f 6352/72/1256 6351/72/1256 6349/72/1255
f 6354/72/1257 6353/72/1257 6351/72/1256
f 6356/72/1258 6355/72/1258 6353/72/1257
f 6358/72/1259 6357/72/1259 6355/72/1258
f 6360/72/1260 6359/72/1260 6357/72/1259
f 6362/72/1261 6361/72/1261 6359/72/1260
f 6364/72/1262 6363/72/1262 6361/72/1261
f 6366/72/1263 6365/72/1263 6363/72/1262
f 6368/72/1264 6367/72/1264 6365/72/1263
f 6370/72/1265 6369/72/1265 6367/72/1264
f 6372/72/1266 6371/72/1266 6369/72/1265
f 6374/72/1267 6373/72/1267 6371/72/1266
f 6376/72/1268 6375/72/1268 6373/72/1267
f 6378/72/1269 6377/72/1269 6375/72/1268
f 6380/72/1270 6379/72/1270 6377/72/1269
f 6382/72/1271 6381/72/1271 6379/72/1270
f 6384/72/1272 6383/72/1272 6381/72/1271
f 6386/72/1273 6385/72/1273 6383/72/1272
f 6388/72/1274 6387/72/1274 6385/72/1273
f 6390/72/1275 6389/72/1275 6387/72/1274
f 6392/72/1276 6391/72/1276 6389/72/1275
f 6394/72/1277 6393/72/1277 6391/72/1276
f 6396/72/1278 6395/72/1278 6393/72/1277
f 6398/72/1279 6397/72/1279 6395/72/1278
f 6400/72/1280 6399/72/1280 6397/72/1279
f 6402/72/1281 6401/72/1281 6399/72/1280
f 6404/72/1282 6403/72/1282 6401/72/1281
f 6406/72/1283 6405/72/1283 6403/72/1282
f 6408/72/1284 6407/72/1284 6405/72/1283
f 6410/72/1285 6409/72/1285 6407/72/1284
f 6412/72/1286 6411/72/1286 6409/72/1285
f 6414/72/1287 6413/72/1287 6411/72/1286
f 6416/72/1288 6415/72/1288 6413/72/1287
f 6418/72/1288 6417/72/1288 6415/72/1288
f 6420/72/1288 6419/72/1288 6417/72/1288
f 6422/72/1288 6421/72/1288 6419/72/1288
f 6424/72/1288 6423/72/1288 6421/72/1288
f 6426/72/1288 6425/72/1288 6423/72/1288
f 6428/72/1288 6427/72/1288 6425/72/1288
f 6430/72/1288 6429/72/1288 6427/72/1288
f 6432/72/1288 6431/72/1288 6429/72/1288
f 6434/72/1288 6433/72/1288 6431/72/1288
f 6436/72/1288 6435/72/1288 6433/72/1288
f 6438/72/1288 6437/72/1288 6435/72/1288
f 6440/72/1288 6439/72/1288 6437/72/1288
f 6442/72/1288 6441/72/1288 6439/72/1288
f 6444/72/1288 6443/72/1288 6441/72/1288
f 6446/72/1288 6445/72/1288 6443/72/1288
f 6448/72/1288 6447/72/1288 6445/72/1288
f 6450/72/1288 6449/72/1288 6447/72/1288
f 6452/72/1288 6451/72/1288 6449/72/1288
f 6454/72/1288 6453/72/1288 6451/72/1288
f 6456/72/1288 6455/72/1288 6453/72/1288
f 6458/72/1288 6457/72/1288 6455/72/1288
f 6460/72/1288 6459/72/1288 6457/72/1288
f 6462/72/1289 6461/72/1291 6459/72/1288
f 6464/72/1290 6463/72/1290 6461/72/1291
f 6466/72/1292 6465/72/1292 6463/72/1290
f 6468/72/1293 6467/72/1293 6465/72/1292
f 6470/72/1294 6469/72/1294 6467/72/1293
f 6472/72/1295 6471/72/1295 6469/72/1294
f 6474/72/1269 6473/72/1269 6471/72/1295
f 6476/72/1296 6475/72/1296 6473/72/1269
f 6478/72/1297 6477/72/1299 6475/72/1296
f 6480/72/1298 6479/72/1298 6477/72/1299
f 6482/72/1300 6481/72/1300 6479/72/1298
f 6484/72/1301 6483/72/1301 6481/72/1300
f 6486/72/1302 6485/72/1304 6483/72/1301
f 6488/72/1303 6487/72/1303 6485/72/1304
f 6490/72/1305 6489/72/1305 6487/72/1303
f 6492/72/1306 6491/72/1306 6489/72/1305
f 6494/72/1307 6493/72/1307 6491/72/1306
f 6496/72/1308 6495/72/1308 6493/72/1307
f 6498/72/1309 6497/72/1309 6495/72/1308
f 6500/72/1310 6499/72/1310 6497/72/1309
f 6502/72/1311 6501/72/1311 6499/72/1310
f 6504/72/1312 6503/72/1312 6501/72/1311
f 6506/72/1313 6505/72/1313 6503/72/1312
f 6508/72/1314 6507/72/1314 6505/72/1313
f 6510/72/1315 6509/72/1315 6507/72/1314
f 6512/72/1316 6511/72/1316 6509/72/1315
f 6514/72/1317 6513/72/1317 6511/72/1316
f 6516/72/1318 6515/72/1318 6513/72/1317
f 6518/72/1319 6517/72/1319 6515/72/1318
f 6520/72/1320 6519/72/1320 6517/72/1319
f 6522/72/1321 6521/72/1321 6519/72/1320
f 6524/72/1322 6523/72/1322 6521/72/1321
f 6526/72/1323 6525/72/1323 6523/72/1322
f 6528/72/1324 6527/72/1324 6525/72/1323
f 6530/72/1325 6529/72/1325 6527/72/1324
f 6532/72/1326 6531/72/1326 6529/72/1325
f 6534/72/1327 6533/72/1327 6531/72/1326
f 6536/72/1328 6535/72/1328 6533/72/1327
f 6538/72/1329 6537/72/1329 6535/72/1328
f 6540/72/1330 6539/72/1330 6537/72/1329
f 6542/72/1331 6541/72/1331 6539/72/1330
f 6544/72/1332 6543/72/1334 6541/72/1331
f 6546/72/1333 6545/72/1333 6543/72/1334
f 6548/72/1335 6547/72/1335 6545/72/1333
f 6550/72/1336 6549/72/1336 6547/72/1335
f 6552/72/1337 6551/72/1337 6549/72/1336
f 6554/72/1338 6553/72/1338 6551/72/1337
f 6556/72/1339 6555/72/1339 6553/72/1338
f 6558/72/1340 6557/72/1340 6555/72/1339
f 6560/72/1341 6559/72/1343 6557/72/1340
f 6562/72/1342 6561/72/1342 6559/72/1343
f 6564/72/1344 6563/72/1344 6561/72/1342
f 6566/72/1345 6565/72/1345 6563/72/1344
f 6568/72/1346 6567/72/1346 6565/72/1345
f 6570/72/1347 6569/72/1347 6567/72/1346
f 6572/72/1348 6571/72/1348 6569/72/1347
f 6574/72/1349 6573/72/1349 6571/72/1348
f 6576/72/1350 6575/72/1350 6573/72/1349
f 6578/72/1351 6577/72/1351 6575/72/1350
f 6580/72/1352 6579/72/1352 6577/72/1351
f 6582/72/1353 6581/72/1353 6579/72/1352
f 6584/72/1354 6583/72/1354 6581/72/1353
f 6586/72/1355 6585/72/1355 6583/72/1354
f 6588/72/1356 6587/72/1356 6585/72/1355
f 6590/72/1357 6589/72/1357 6587/72/1356
f 6592/72/1358 6591/72/1358 6589/72/1357
f 6594/72/1359 6593/72/1361 6591/72/1358
f 6596/72/1360 6595/72/1360 6593/72/1361
f 6598/72/1362 6597/72/1364 6595/72/1360
f 6600/72/1363 6599/72/1363 6597/72/1364
f 6602/72/1365 6601/72/1365 6599/72/1363
f 6604/72/1366 6603/72/1366 6601/72/1365
f 6606/72/1367 6605/72/1369 6603/72/1366
f 6608/72/1368 6607/72/1371 6605/72/1369
f 6610/72/1370 6609/72/1370 6607/72/1371
f 6612/72/1372 6611/72/1372 6609/72/1370
f 6614/72/1373 6613/72/1373 6611/72/1372
f 6616/72/1374 6615/72/1374 6613/72/1373
f 6618/72/1375 6617/72/1375 6615/72/1374
f 6620/72/1376 6619/72/1376 6617/72/1375
f 6622/72/1377 6621/72/1377 6619/72/1376
f 6624/72/1378 6623/72/1378 6621/72/1377
f 6626/72/1379 6625/72/1379 6623/72/1378
f 6628/72/1380 6627/72/1380 6625/72/1379
f 6630/72/1381 6629/72/1383 6627/72/1380
f 6632/72/1382 6631/72/1382 6629/72/1383
f 6634/72/1384 6633/72/1384 6631/72/1382
f 6636/72/1385 6635/72/1385 6633/72/1384
f 6638/72/1386 6637/72/1388 6635/72/1385
f 6640/72/1387 6639/72/1390 6637/72/1388
f 6642/72/1389 6641/72/1389 6639/72/1390
f 6644/72/1391 6643/72/1391 6641/72/1389
f 6646/72/1392 6645/72/1392 6643/72/1391
f 6648/72/1393 6647/72/1393 6645/72/1392
f 6650/72/1394 6649/72/1394 6647/72/1393
f 6652/72/1395 6651/72/1397 6649/72/1394
f 6654/72/1396 6653/72/1396 6651/72/1397
f 6656/72/1398 6655/72/1400 6653/72/1396
f 6658/72/1399 6657/72/1399 6655/72/1400
f 6660/72/1401 6659/72/1403 6657/72/1399
f 6662/72/1402 6661/72/1402 6659/72/1403
f 6664/72/1404 6663/72/1404 6661/72/1402
f 6666/72/1405 6665/72/1330 6663/72/1404
f 6668/72/1406 6667/72/1406 6665/72/1330
f 6670/72/1407 6669/72/1407 6667/72/1406
f 6672/72/1408 6671/72/1408 6669/72/1407
f 6674/72/1409 6673/72/1409 6671/72/1408
f 6676/72/1410 6675/72/1410 6673/72/1409
f 6678/72/1411 6677/72/1413 6675/72/1410
f 6680/72/1412 6679/72/1412 6677/72/1413
f 6682/72/1414 6681/72/1414 6679/72/1412
f 6684/72/1415 6683/72/1415 6681/72/1414
f 6686/72/1416 6685/72/1418 6683/72/1415
f 6688/72/1417 6687/72/1417 6685/72/1418
f 6690/72/1419 6689/72/1419 6687/72/1417
f 6692/72/1420 6691/72/1420 6689/72/1419
f 6694/72/1421 6693/72/1421 6691/72/1420
f 6696/72/1422 6695/72/1422 6693/72/1421
f 6698/72/1423 6697/72/1423 6695/72/1422
f 6700/72/1424 6699/72/1424 6697/72/1423
f 6702/72/1425 6701/72/1425 6699/72/1424
f 6704/72/1426 6703/72/1426 6701/72/1425
f 6706/72/1427 6705/72/1427 6703/72/1426
f 6708/72/1428 6707/72/1428 6705/72/1427
f 6710/72/1429 6709/72/1429 6707/72/1428
f 6712/72/1430 6711/72/1430 6709/72/1429
f 6714/72/1431 6713/72/1433 6711/72/1430
f 6716/72/1432 6715/72/1432 6713/72/1433
f 6718/72/1434 6717/72/1436 6715/72/1432
f 6720/72/1435 6719/72/1438 6717/72/1436
f 6722/72/1437 6721/72/1437 6719/72/1438
f 6724/72/1439 6723/72/1439 6721/72/1437
f 6726/72/1440 6725/72/1440 6723/72/1439
f 6728/72/1431 6727/72/1431 6725/72/1440
f 6730/72/1441 6729/72/1441 6727/72/1431
f 6732/72/1442 6731/72/1442 6729/72/1441
f 6734/72/1443 6733/72/1443 6731/72/1442
f 6736/72/1444 6735/72/1444 6733/72/1443
f 6738/72/1445 6737/72/1445 6735/72/1444
f 6740/72/1446 6739/72/1446 6737/72/1445
f 6742/72/1447 6741/72/1447 6739/72/1446
f 6744/72/1448 6743/72/1450 6741/72/1447
f 6746/72/1449 6745/72/1449 6743/72/1450
f 6748/72/1451 6747/72/1451 6745/72/1449
f 6750/72/1452 6749/72/1452 6747/72/1451
f 6752/72/1453 6751/72/1453 6749/72/1452
f 6754/72/1454 6753/72/1454 6751/72/1453
f 6756/72/1455 6755/72/1455 6753/72/1454
f 6758/72/1456 6757/72/1456 6755/72/1455
f 6760/72/1457 6759/72/1457 6757/72/1456
f 6762/72/1458 6761/72/1458 6759/72/1457
f 6764/72/1459 6763/72/1459 6761/72/1458
f 6766/72/1460 6765/72/1460 6763/72/1459
f 6768/72/1461 6767/72/1461 6765/72/1460
f 6770/72/1462 6769/72/1462 6767/72/1461
f 6772/72/1463 6771/72/1465 6769/72/1462
f 6774/72/1464 6773/72/1464 6771/72/1465
f 6776/72/1466 6775/72/1466 6773/72/1464
f 6778/72/1467 6777/72/1467 6775/72/1466
f 6780/72/1468 6779/72/1468 6777/72/1467
f 6782/72/1469 6781/72/1469 6779/72/1468
f 6784/72/1470 6783/72/1470 6781/72/1469
f 6786/72/47 6785/72/47 6783/72/1470
f 6788/72/1471 6787/72/1471 6785/72/47
f 6790/72/1472 6789/72/1472 6787/72/1471
f 6792/72/1473 6791/72/1473 6789/72/1472
f 6794/72/1474 6793/72/1474 6791/72/1473
f 6796/72/1475 6795/72/1477 6793/72/1474
f 6798/72/1476 6797/72/1476 6795/72/1477
f 6800/72/1478 6799/72/1478 6797/72/1476
f 6802/72/1479 6801/72/1479 6799/72/1478
f 6804/72/1480 6803/72/1480 6801/72/1479
f 6806/72/1481 6805/72/1481 6803/72/1480
f 6808/72/1482 6807/72/1482 6805/72/1481
f 6810/72/1483 6809/72/1483 6807/72/1482
f 6812/72/1484 6811/72/1484 6809/72/1483
f 6814/72/1485 6813/72/1485 6811/72/1484
f 6816/72/1486 6815/72/1486 6813/72/1485
f 6818/72/1487 6817/72/1487 6815/72/1486
f 6820/72/1488 6819/72/1488 6817/72/1487
f 6822/72/1489 6821/72/1489 6819/72/1488
f 6824/72/1490 6823/72/1490 6821/72/1489
f 6826/72/1491 6825/72/1491 6823/72/1490
f 6828/72/1492 6827/72/1492 6825/72/1491
f 6830/72/1493 6829/72/1493 6827/72/1492
f 6832/72/1494 6831/72/1496 6829/72/1493
f 6834/72/1495 6833/72/1495 6831/72/1496
f 6836/72/1497 6835/72/1497 6833/72/1495
f 6838/72/1498 6837/72/1498 6835/72/1497
f 6840/72/1499 6839/72/1499 6837/72/1498
f 6842/72/1500 6841/72/1502 6839/72/1499
f 6844/72/1501 6843/72/1501 6841/72/1502
f 6846/72/1503 6845/72/1503 6843/72/1501
f 6848/72/1504 6847/72/1504 6845/72/1503
f 6850/72/1505 6849/72/1505 6847/72/1504
f 6852/72/1506 6851/72/1508 6849/72/1505
f 6854/72/1507 6853/72/1507 6851/72/1508
f 6856/72/1509 6855/72/1509 6853/72/1507
f 6858/72/1510 6857/72/1510 6855/72/1509
f 6860/72/1511 6859/72/1511 6857/72/1510
f 6862/72/1512 6861/72/1512 6859/72/1511
f 6864/72/1513 6863/72/1513 6861/72/1512
f 6866/72/1514 6865/72/1514 6863/72/1513
f 6868/72/1515 6867/72/1515 6865/72/1514
f 6870/72/1516 6869/72/1516 6867/72/1515
f 6872/72/1517 6871/72/1517 6869/72/1516
f 6874/72/1518 6873/72/1518 6871/72/1517
f 6876/72/1519 6875/72/1519 6873/72/1518
f 6878/72/1520 6877/72/1520 6875/72/1519
f 6880/72/1521 6879/72/1521 6877/72/1520
f 6882/72/1522 6881/72/1522 6879/72/1521
f 6884/72/1523 6883/72/1523 6881/72/1522
f 6886/72/1524 6885/72/1524 6883/72/1523
f 6888/72/1525 6887/72/1525 6885/72/1524
f 6890/72/1526 6889/72/1526 6887/72/1525
f 6892/72/1527 6891/72/1527 6889/72/1526
f 6894/72/1528 6893/72/1528 6891/72/1527
f 6896/72/1529 6895/72/1529 6893/72/1528
f 6898/72/1530 6897/72/1530 6895/72/1529
f 6900/72/1531 6899/72/1533 6897/72/1530
f 6902/72/1532 6901/72/1532 6899/72/1533
f 6904/72/1534 6903/72/1534 6901/72/1532
f 6906/72/1535 6905/72/1535 6903/72/1534
f 6908/72/1536 6907/72/1536 6905/72/1535
f 6910/72/1537 6909/72/1537 6907/72/1536
f 6912/72/1538 6911/72/1538 6909/72/1537
f 6914/72/1539 6913/72/1539 6911/72/1538
f 6916/72/1540 6915/72/1540 6913/72/1539
f 6918/72/1541 6917/72/1541 6915/72/1540
f 6920/72/1542 6919/72/1542 6917/72/1541
f 6922/72/1543 6921/72/1543 6919/72/1542
f 6924/72/1544 6923/72/1544 6921/72/1543
f 6926/72/1545 6925/72/1545 6923/72/1544
f 6928/72/1546 6927/72/1546 6925/72/1545
f 6930/72/1547 6929/72/1547 6927/72/1546
f 6932/72/1548 6931/72/1548 6929/72/1547
f 6934/72/1549 6933/72/1549 6931/72/1548
f 6936/72/1550 6935/72/1550 6933/72/1549
f 6938/72/1551 6937/72/1551 6935/72/1550
f 6940/72/1552 6939/72/1552 6937/72/1551
f 6942/72/1553 6941/72/1553 6939/72/1552
f 6944/72/1554 6943/72/1554 6941/72/1553
f 6946/72/1553 6945/72/1553 6943/72/1554
f 6948/72/1552 6947/72/1552 6945/72/1553
f 6950/72/1551 6949/72/1551 6947/72/1552
f 6952/72/1550 6951/72/1550 6949/72/1551
f 6954/72/1555 6953/72/1555 6951/72/1550
f 6956/72/1556 6955/72/1556 6953/72/1555
f 6958/72/1547 6957/72/1547 6955/72/1556
f 6960/72/1546 6959/72/1546 6957/72/1547
f 6962/72/1557 6961/72/1557 6959/72/1546
f 6964/72/1544 6963/72/1544 6961/72/1557
f 6966/72/1558 6965/72/1560 6963/72/1544
f 6968/72/1559 6967/72/1562 6965/72/1560
f 6970/72/1561 6969/72/1561 6967/72/1562
f 6972/72/1563 6971/72/1563 6969/72/1561
f 6974/72/1564 6973/72/1564 6971/72/1563
f 6976/72/1565 6975/72/1567 6973/72/1564
f 6978/72/1566 6977/72/1566 6975/72/1567
f 6980/72/1568 6979/72/1568 6977/72/1566
f 6982/72/1569 6981/72/1569 6979/72/1568
f 6984/72/1570 6983/72/1570 6981/72/1569
f 6986/72/1571 6985/72/1571 6983/72/1570
f 6988/72/1572 6987/72/1572 6985/72/1571
f 6990/72/1573 6989/72/1573 6987/72/1572
f 6992/72/1574 6991/72/1574 6989/72/1573
f 6994/72/1575 6993/72/1575 6991/72/1574
f 6996/72/1576 6995/72/1576 6993/72/1575
f 6998/72/1577 6997/72/1577 6995/72/1576
f 7000/72/1578 6999/72/1578 6997/72/1577
f 7002/72/1579 7001/72/1579 6999/72/1578
f 7004/72/1580 7003/72/1580 7001/72/1579
f 7006/72/1561 7005/72/1561 7003/72/1580
f 7008/72/1581 7007/72/1581 7005/72/1561
f 7010/72/1582 7009/72/1582 7007/72/1581
f 7012/72/1583 7011/72/1583 7009/72/1582
f 7014/72/1584 7013/72/1584 7011/72/1583
f 7016/72/1585 7015/72/1585 7013/72/1584
f 7018/72/1586 7017/72/1586 7015/72/1585
f 7020/72/1587 7019/72/1589 7017/72/1586
f 7022/72/1588 7021/72/1588 7019/72/1589
f 7024/72/1590 7023/72/1590 7021/72/1588
f 7026/72/1591 7025/72/1593 7023/72/1590
f 7028/72/1592 7027/72/1592 7025/72/1593
f 7030/72/1594 7029/72/1596 7027/72/1592
f 7032/72/1595 7031/72/1595 7029/72/1596
f 7034/72/1597 7033/72/1599 7031/72/1595
f 7036/72/1598 7035/72/1598 7033/72/1599
f 7038/72/1600 7037/72/1600 7035/72/1598
f 7040/72/1601 7039/72/1601 7037/72/1600
f 7042/72/1602 7041/72/1602 7039/72/1601
f 7044/72/1603 7043/72/1603 7041/72/1602
f 7046/72/1604 7045/72/1604 7043/72/1603
f 7048/72/1599 7047/72/1599 7045/72/1604
f 7050/72/1605 7049/72/1605 7047/72/1599
f 7052/72/1606 7051/72/1606 7049/72/1605
f 7054/72/1607 7053/72/1607 7051/72/1606
f 7056/72/1608 7055/72/1610 7053/72/1607
f 7058/72/1609 7057/72/1612 7055/72/1610
f 7060/72/1611 7059/72/1611 7057/72/1612
f 7062/72/1613 7061/72/1615 7059/72/1611
f 7064/72/1614 7063/72/1614 7061/72/1615
f 7066/72/42 7065/72/42 7063/72/1614
f 7068/72/1616 7067/72/1616 7065/72/42
f 7070/72/1617 7069/72/1617 7067/72/1616
f 7072/72/1618 7071/72/1618 7069/72/1617
f 7074/72/1619 7073/72/1619 7071/72/1618
f 7076/72/1620 7075/72/1620 7073/72/1619
f 7078/72/1621 7077/72/1621 7075/72/1620
f 7080/72/1622 7079/72/1622 7077/72/1621
f 7082/72/1623 7081/72/1623 7079/72/1622
f 7084/72/1624 7083/72/1624 7081/72/1623
f 7086/72/1625 7085/72/1625 7083/72/1624
f 7088/72/1626 7087/72/1626 7085/72/1625
f 7090/72/1627 7089/72/1627 7087/72/1626
f 7092/72/1628 7091/72/1628 7089/72/1627
f 7094/72/1629 7093/72/1629 7091/72/1628
f 7096/72/1630 7095/72/1630 7093/72/1629
f 7098/72/1625 7097/72/1632 7095/72/1630
f 7100/72/1631 7099/72/1634 7097/72/1632
f 7102/72/1633 7101/72/1633 7099/72/1634
f 7104/72/1635 7103/72/1635 7101/72/1633
f 7106/72/1636 7105/72/1636 7103/72/1635
f 7108/72/1624 7107/72/1624 7105/72/1636
f 7110/72/1637 7109/72/1637 7107/72/1624
f 7112/72/1638 7111/72/1638 7109/72/1637
f 7114/72/1639 7113/72/1639 7111/72/1638
f 7116/72/1640 7115/72/1640 7113/72/1639
f 7118/72/1641 7117/72/1641 7115/72/1640
f 7120/72/1642 7119/72/1644 7117/72/1641
f 7122/72/1643 7121/72/1643 7119/72/1644
f 7124/72/1645 7123/72/1645 7121/72/1643
f 7126/72/1646 7125/72/1646 7123/72/1645
f 7128/72/1566 7127/72/1566 7125/72/1646
f 7130/72/1647 7129/72/1647 7127/72/1566
f 7132/72/1648 7131/72/1648 7129/72/1647
f 7134/72/1649 7133/72/1649 7131/72/1648
f 7136/72/1650 7135/72/1650 7133/72/1649
f 7138/72/1651 7137/72/1651 7135/72/1650
f 7140/72/1652 7139/72/1652 7137/72/1651
f 7142/72/1653 7141/72/1653 7139/72/1652
f 7144/72/1654 7143/72/1654 7141/72/1653
f 7146/72/1655 7145/72/1655 7143/72/1654
f 7148/72/1656 7147/72/1656 7145/72/1655
f 7150/72/1657 7149/72/1657 7147/72/1656
f 7152/72/1658 7151/72/1658 7149/72/1657
f 7154/72/1659 7153/72/1659 7151/72/1658
f 7156/72/1660 7155/72/1660 7153/72/1659
f 7158/72/1661 7157/72/1661 7155/72/1660
f 7160/72/1662 7159/72/1662 7157/72/1661
f 7162/72/1663 7161/72/1665 7159/72/1662
f 7164/72/1664 7163/72/1667 7161/72/1665
f 7166/72/1666 7165/72/1666 7163/72/1667
f 7168/72/1668 7167/72/1668 7165/72/1666
f 7170/72/1669 7169/72/1669 7167/72/1668
f 7172/72/1670 7171/72/1670 7169/72/1669
f 7174/72/1671 7173/72/1671 7171/72/1670
f 7176/72/1672 7175/72/1672 7173/72/1671
f 7178/72/46 7177/72/46 7175/72/1672
f 7180/72/1673 7179/72/1675 7177/72/46
f 7182/72/1674 7181/72/1674 7179/72/1675
f 7184/72/1676 7183/72/1676 7181/72/1674
f 7186/72/1677 7185/72/1677 7183/72/1676
f 7188/72/1678 7187/72/1678 7185/72/1677
f 7190/72/1679 7189/72/1679 7187/72/1678
f 7192/72/1680 7191/72/1680 7189/72/1679
f 7194/72/1681 7193/72/1681 7191/72/1680
f 7196/72/1682 7195/72/1682 7193/72/1681
f 7198/72/1683 7197/72/1683 7195/72/1682
f 7200/72/1684 7199/72/1684 7197/72/1683
f 7202/72/1685 7201/72/1685 7199/72/1684
f 7204/72/1686 7203/72/1688 7201/72/1685
f 7206/72/1687 7205/72/1687 7203/72/1688
f 7208/72/1689 7207/72/1689 7205/72/1687
f 7210/72/1690 7209/72/1690 7207/72/1689
f 7212/72/1691 7211/72/1691 7209/72/1690
f 7214/72/1692 7213/72/1693 7211/72/1691
f 7216/72/43 7215/72/43 7213/72/1693
f 7218/72/1694 7217/72/1694 7215/72/43
f 7220/72/1695 7219/72/1695 7217/72/1694
f 7222/72/1696 7221/72/1696 7219/72/1695
f 7224/72/1697 7223/72/1699 7221/72/1696
f 7226/72/1698 7225/72/1701 7223/72/1699
f 7228/72/1700 7227/72/1703 7225/72/1701
f 7230/72/1702 7229/72/1702 7227/72/1703
f 7232/72/1614 7231/72/1614 7229/72/1702
f 7234/72/1704 7233/72/1704 7231/72/1614
f 7236/72/1705 7235/72/1705 7233/72/1704
f 7238/72/1706 7237/72/1707 7235/72/1705
f 7240/72/1497 7239/72/1497 7237/72/1707
f 7242/72/1708 7241/72/1708 7239/72/1497
f 7244/72/1500 7243/72/1502 7241/72/1708
f 7246/72/1709 7245/72/1709 7243/72/1502
f 7248/72/1710 7247/72/1710 7245/72/1709
f 7250/72/1711 7249/72/1713 7247/72/1710
f 7252/72/1712 7251/72/1712 7249/72/1713
f 7254/72/1714 7253/72/1714 7251/72/1712
f 7256/72/1715 7255/72/1717 7253/72/1714
f 7258/72/1716 7257/72/1719 7255/72/1717
f 7260/72/1718 7259/72/1718 7257/72/1719
f 7262/72/1720 7261/72/1720 7259/72/1718
f 7264/72/1721 7263/72/1721 7261/72/1720
f 7266/72/1722 7265/72/1722 7263/72/1721
f 7268/72/1723 7267/72/1723 7265/72/1722
f 7270/72/1724 7269/72/1724 7267/72/1723
f 7272/72/1725 7271/72/1725 7269/72/1724
f 7274/72/1726 7273/72/1728 7271/72/1725
f 7276/72/1727 7275/72/1730 7273/72/1728
f 7278/72/1729 7277/72/1729 7275/72/1730
f 7280/72/1731 7279/72/1731 7277/72/1729
f 7282/72/1732 7281/72/1732 7279/72/1731
f 7284/72/1733 7283/72/1733 7281/72/1732
f 7286/72/1734 7285/72/1734 7283/72/1733
f 7288/72/1735 7287/72/1735 7285/72/1734
f 7290/72/1736 7289/72/1736 7287/72/1735
f 7292/72/1737 7291/72/1737 7289/72/1736
f 7294/72/1738 7293/72/1738 7291/72/1737
f 7296/72/1739 7295/72/1741 7293/72/1738
f 7298/72/1740 7297/72/1740 7295/72/1741
f 7300/72/1742 7299/72/1742 7297/72/1740
f 7302/72/1743 7301/72/1743 7299/72/1742
f 7304/72/1744 7303/72/1746 7301/72/1743
f 7306/72/1745 7305/72/1745 7303/72/1746
f 7308/72/1747 7307/72/1747 7305/72/1745
f 7310/72/1748 7309/72/1750 7307/72/1747
f 7312/72/1749 7311/72/1752 7309/72/1750
f 7314/72/1751 7313/72/1751 7311/72/1752
f 7316/72/1497 7315/72/1497 7313/72/1751
f 7318/72/1753 7317/72/1753 7315/72/1497
f 7320/72/1754 7319/72/1754 7317/72/1753
f 7322/72/1755 7321/72/1755 7319/72/1754
f 7324/72/1756 7323/72/1756 7321/72/1755
f 7326/72/1757 7325/72/1757 7323/72/1756
f 4070/72/37 4069/72/37 7325/72/1757
f 7330/72/1758 7329/72/1758 7327/72/1759
f 7332/72/1760 7331/72/1760 7329/72/1758
f 7334/72/1761 7333/72/1761 7331/72/1760
f 7336/72/1762 7335/72/1762 7333/72/1761
f 7338/72/1763 7337/72/1763 7335/72/1762
f 7340/72/1764 7339/72/1764 7337/72/1763
f 7342/72/1765 7341/72/1765 7339/72/1764
f 7344/72/1766 7343/72/1766 7341/72/1765
f 7346/72/1767 7345/72/1767 7343/72/1766
f 7348/72/1768 7347/72/1768 7345/72/1767
f 7350/72/1769 7349/72/1769 7347/72/1768
f 7352/72/1770 7351/72/1772 7349/72/1769
f 7354/72/1771 7353/72/1771 7351/72/1772
f 7356/72/1773 7355/72/1773 7353/72/1771
f 7358/72/1774 7357/72/1774 7355/72/1773
f 7360/72/1775 7359/72/1775 7357/72/1774
f 7362/72/1776 7361/72/1776 7359/72/1775
f 7364/72/1777 7363/72/1777 7361/72/1776
f 7366/72/1778 7365/72/1778 7363/72/1777
f 7368/72/1779 7367/72/1779 7365/72/1778
f 7370/72/1780 7369/72/1780 7367/72/1779
f 7372/72/1781 7371/72/1781 7369/72/1780
f 7374/72/1782 7373/72/1782 7371/72/1781
f 7376/72/1783 7375/72/1783 7373/72/1782
f 7378/72/1784 7377/72/1784 7375/72/1783
f 7380/72/1785 7379/72/1785 7377/72/1784
f 7382/72/1786 7381/72/1786 7379/72/1785
f 7384/72/1787 7383/72/1787 7381/72/1786
f 7386/72/1788 7385/72/1788 7383/72/1787
f 7388/72/1789 7387/72/1789 7385/72/1788
f 7390/72/1790 7389/72/1790 7387/72/1789
f 7392/72/1791 7391/72/1791 7389/72/1790
f 7394/72/1792 7393/72/1792 7391/72/1791
f 7396/72/1793 7395/72/1793 7393/72/1792
f 7398/72/1794 7397/72/1794 7395/72/1793
f 7400/72/1795 7399/72/1795 7397/72/1794
f 7402/72/1796 7401/72/1796 7399/72/1795
f 7404/72/1797 7403/72/1797 7401/72/1796
f 7406/72/1798 7405/72/1798 7403/72/1797
f 7408/72/1799 7407/72/1799 7405/72/1798
f 7410/72/1800 7409/72/1800 7407/72/1799
f 7412/72/1801 7411/72/1801 7409/72/1800
f 7414/72/1802 7413/72/1802 7411/72/1801
f 7416/72/1803 7415/72/1803 7413/72/1802
f 7418/72/1804 7417/72/1804 7415/72/1803
f 7420/72/1805 7419/72/1805 7417/72/1804
f 7422/72/1806 7421/72/1806 7419/72/1805
f 7424/72/1807 7423/72/1807 7421/72/1806
f 7426/72/1808 7425/72/1808 7423/72/1807
f 7428/72/1809 7427/72/1809 7425/72/1808
f 7430/72/1810 7429/72/1810 7427/72/1809
f 7432/72/1811 7431/72/1811 7429/72/1810
f 7434/72/1812 7433/72/1812 7431/72/1811
f 7436/72/1813 7435/72/1813 7433/72/1812
f 7438/72/1814 7437/72/1814 7435/72/1813
f 7440/72/1815 7439/72/1815 7437/72/1814
f 7442/72/1816 7441/72/1816 7439/72/1815
f 7444/72/1817 7443/72/1817 7441/72/1816
f 7446/72/1818 7445/72/1818 7443/72/1817
f 7448/72/1819 7447/72/1821 7445/72/1818
f 7450/72/1820 7449/72/1820 7447/72/1821
f 7452/72/1822 7451/72/1822 7449/72/1820
f 7454/72/1823 7453/72/1823 7451/72/1822
f 7456/72/1824 7455/72/1824 7453/72/1823
f 7458/72/1825 7457/72/1827 7455/72/1824
f 7460/72/1826 7459/72/1826 7457/72/1827
f 7462/72/1828 7461/72/1830 7459/72/1826
f 7464/72/1829 7463/72/1829 7461/72/1830
f 7466/72/1831 7465/72/1831 7463/72/1829
f 7468/72/1832 7467/72/1832 7465/72/1831
f 7470/72/1833 7469/72/1833 7467/72/1832
f 7472/72/1834 7471/72/1836 7469/72/1833
f 7474/72/1835 7473/72/1835 7471/72/1836
f 7476/72/1837 7475/72/1837 7473/72/1835
f 7478/72/1838 7477/72/1838 7475/72/1837
f 7480/72/1839 7479/72/1839 7477/72/1838
f 7482/72/1840 7481/72/1840 7479/72/1839
f 7484/72/1841 7483/72/1841 7481/72/1840
f 7486/72/1842 7485/72/1842 7483/72/1841
f 7488/72/1843 7487/72/1843 7485/72/1842
f 7490/72/1844 7489/72/1844 7487/72/1843
f 7492/72/1845 7491/72/1845 7489/72/1844
f 7494/72/1846 7493/72/1846 7491/72/1845
f 7496/72/1847 7495/72/1847 7493/72/1846
f 7498/72/1848 7497/72/1848 7495/72/1847
f 7500/72/1849 7499/72/1849 7497/72/1848
f 7502/72/1850 7501/72/1850 7499/72/1849
f 7504/72/1851 7503/72/1851 7501/72/1850
f 7506/72/1852 7505/72/1852 7503/72/1851
f 7508/72/1853 7507/72/1853 7505/72/1852
f 7510/72/1854 7509/72/1854 7507/72/1853
f 7512/72/1855 7511/72/1855 7509/72/1854
f 7514/72/1856 7513/72/1856 7511/72/1855
f 7516/72/1857 7515/72/1857 7513/72/1856
f 7518/72/1858 7517/72/1858 7515/72/1857
f 7520/72/1859 7519/72/1861 7517/72/1858
f 7522/72/1860 7521/72/1860 7519/72/1861
f 7524/72/1862 7523/72/1862 7521/72/1860
f 7526/72/1863 7525/72/1865 7523/72/1862
f 7528/72/1864 7527/72/1864 7525/72/1865
f 7530/72/1866 7529/72/1866 7527/72/1864
f 7532/72/1867 7531/72/1867 7529/72/1866
f 7534/72/1868 7533/72/1868 7531/72/1867
f 7536/72/1869 7535/72/1869 7533/72/1868
f 7538/72/1870 7537/72/1870 7535/72/1869
f 7540/72/1871 7539/72/1871 7537/72/1870
f 7542/72/1872 7541/72/1872 7539/72/1871
f 7544/72/1873 7543/72/1873 7541/72/1872
f 7546/72/1874 7545/72/1874 7543/72/1873
f 7548/72/1875 7547/72/1875 7545/72/1874
f 7550/72/1876 7549/72/1878 7547/72/1875
f 7552/72/1877 7551/72/1877 7549/72/1878
f 7554/72/1879 7553/72/1879 7551/72/1877
f 7556/72/1880 7555/72/1880 7553/72/1879
f 7558/72/1881 7557/72/1881 7555/72/1880
f 7560/72/1882 7559/72/1882 7557/72/1881
f 7562/72/1883 7561/72/1883 7559/72/1882
f 7564/72/1884 7563/72/1884 7561/72/1883
f 7566/72/1885 7565/72/1885 7563/72/1884
f 7568/72/1786 7567/72/1786 7565/72/1885
f 7570/72/1886 7569/72/1886 7567/72/1786
f 7572/72/1887 7571/72/1887 7569/72/1886
f 7574/72/1888 7573/72/1888 7571/72/1887
f 7576/72/1889 7575/72/1889 7573/72/1888
f 7578/72/1890 7577/72/1890 7575/72/1889
f 7580/72/1797 7579/72/1797 7577/72/1890
f 7582/72/1891 7581/72/1891 7579/72/1797
f 7584/72/1892 7583/72/1892 7581/72/1891
f 7586/72/1893 7585/72/1893 7583/72/1892
f 7588/72/1894 7587/72/1894 7585/72/1893
f 7590/72/1895 7589/72/1895 7587/72/1894
f 7592/72/1896 7591/72/1896 7589/72/1895
f 7594/72/1897 7593/72/1897 7591/72/1896
f 7596/72/1898 7595/72/1898 7593/72/1897
f 7598/72/1899 7597/72/1899 7595/72/1898
f 7600/72/1900 7599/72/1900 7597/72/1899
f 7602/72/1901 7601/72/1901 7599/72/1900
f 7604/72/1902 7603/72/1902 7601/72/1901
f 7606/72/1903 7605/72/1903 7603/72/1902
f 7608/72/1904 7607/72/1904 7605/72/1903
f 7610/72/1905 7609/72/1905 7607/72/1904
f 7612/72/1906 7611/72/1906 7609/72/1905
f 7614/72/1907 7613/72/1909 7611/72/1906
f 7616/72/1908 7615/72/1908 7613/72/1909
f 7618/72/1910 7617/72/1910 7615/72/1908
f 7620/72/1911 7619/72/1911 7617/72/1910
f 7622/72/627 7621/72/627 7619/72/1911
f 7624/72/1912 7623/72/1912 7621/72/627
f 7626/72/1913 7625/72/1915 7623/72/1912
f 7628/72/1914 7627/72/1914 7625/72/1915
f 7630/72/1916 7629/72/1916 7627/72/1914
f 7632/72/1917 7631/72/1917 7629/72/1916
f 7634/72/1918 7633/72/1918 7631/72/1917
f 7636/72/1919 7635/72/1919 7633/72/1918
f 7638/72/1920 7637/72/1920 7635/72/1919
f 7640/72/1921 7639/72/1921 7637/72/1920
f 7642/72/1922 7641/72/1922 7639/72/1921
f 7644/72/1923 7643/72/1923 7641/72/1922
f 7646/72/1924 7645/72/1924 7643/72/1923
f 7648/72/1925 7647/72/1925 7645/72/1924
f 7650/72/1926 7649/72/1926 7647/72/1925
f 7652/72/1927 7651/72/1927 7649/72/1926
f 7654/72/1928 7653/72/1928 7651/72/1927
f 7656/72/1929 7655/72/1929 7653/72/1928
f 7658/72/157 7657/72/157 7655/72/1929
f 7660/72/1930 7659/72/1930 7657/72/157
f 7662/72/1931 7661/72/1931 7659/72/1930
f 7664/72/1932 7663/72/1932 7661/72/1931
f 7666/72/1933 7665/72/1933 7663/72/1932
f 7668/72/1934 7667/72/1934 7665/72/1933
f 7670/72/413 7669/72/413 7667/72/1934
f 7672/72/367 7671/72/367 7669/72/413
f 7674/72/1935 7673/72/1935 7671/72/367
f 7676/72/1936 7675/72/1936 7673/72/1935
f 7678/72/1937 7677/72/1937 7675/72/1936
f 7680/72/1938 7679/72/1938 7677/72/1937
f 7682/72/1939 7681/72/1939 7679/72/1938
f 7684/72/1940 7683/72/1942 7681/72/1939
f 7686/72/1941 7685/72/1941 7683/72/1942
f 7688/72/1943 7687/72/1943 7685/72/1941
f 7690/72/1944 7689/72/1944 7687/72/1943
f 7692/72/1945 7691/72/1945 7689/72/1944
f 7694/72/1946 7693/72/1946 7691/72/1945
f 7696/72/1947 7695/72/1947 7693/72/1946
f 7698/72/1948 7697/72/1948 7695/72/1947
f 7700/72/1949 7699/72/1949 7697/72/1948
f 7702/72/1950 7701/72/1950 7699/72/1949
f 7704/72/1951 7703/72/1951 7701/72/1950
f 7706/72/1952 7705/72/1952 7703/72/1951
f 7708/72/1953 7707/72/1953 7705/72/1952
f 7710/72/1954 7709/72/1954 7707/72/1953
f 7712/72/1955 7711/72/1955 7709/72/1954
f 7714/72/1956 7713/72/1956 7711/72/1955
f 7716/72/1957 7715/72/1957 7713/72/1956
f 7718/72/1958 7717/72/1958 7715/72/1957
f 7720/72/1959 7719/72/1959 7717/72/1958
f 7722/72/1960 7721/72/1960 7719/72/1959
f 7724/72/1961 7723/72/1961 7721/72/1960
f 7726/72/1962 7725/72/1962 7723/72/1961
f 7728/72/1963 7727/72/1963 7725/72/1962
f 7730/72/1964 7729/72/1964 7727/72/1963
f 7732/72/1965 7731/72/1965 7729/72/1964
f 7734/72/1966 7733/72/1966 7731/72/1965
f 7736/72/1967 7735/72/1967 7733/72/1966
f 7738/72/1968 7737/72/1968 7735/72/1967
f 7740/72/1969 7739/72/1969 7737/72/1968
f 7742/72/1970 7741/72/1970 7739/72/1969
f 7744/72/1971 7743/72/1971 7741/72/1970
f 7746/72/1972 7745/72/1972 7743/72/1971
f 7748/72/1973 7747/72/1973 7745/72/1972
f 7750/72/1974 7749/72/1974 7747/72/1973
f 7752/72/1975 7751/72/1975 7749/72/1974
f 7754/72/1976 7753/72/1976 7751/72/1975
f 7756/72/1977 7755/72/1977 7753/72/1976
f 7758/72/1978 7757/72/1978 7755/72/1977
f 7760/72/1979 7759/72/1979 7757/72/1978
f 7762/72/1980 7761/72/1980 7759/72/1979
f 7764/72/1981 7763/72/1981 7761/72/1980
f 7766/72/1982 7765/72/1982 7763/72/1981
f 7768/72/1983 7767/72/1983 7765/72/1982
f 7770/72/1984 7769/72/1984 7767/72/1983
f 7772/72/1985 7771/72/1985 7769/72/1984
f 7774/72/1986 7773/72/1986 7771/72/1985
f 7776/72/1987 7775/72/1987 7773/72/1986
f 7778/72/1988 7777/72/1988 7775/72/1987
f 7780/72/1989 7779/72/1989 7777/72/1988
f 7782/72/1990 7781/72/1990 7779/72/1989
f 7784/72/1991 7783/72/1991 7781/72/1990
f 7786/72/1992 7785/72/1992 7783/72/1991
f 7788/72/1993 7787/72/1993 7785/72/1992
f 7790/72/1994 7789/72/1994 7787/72/1993
f 7792/72/1995 7791/72/1995 7789/72/1994
f 7794/72/1996 7793/72/1996 7791/72/1995
f 7796/72/1997 7795/72/1997 7793/72/1996
f 7798/72/1998 7797/72/1998 7795/72/1997
f 7800/72/1999 7799/72/1999 7797/72/1998
f 7802/72/2000 7801/72/2000 7799/72/1999
f 7804/72/2001 7803/72/2001 7801/72/2000
f 7806/72/2002 7805/72/2002 7803/72/2001
f 7808/72/2003 7807/72/2003 7805/72/2002
f 7810/72/2004 7809/72/2004 7807/72/2003
f 7812/72/2005 7811/72/2005 7809/72/2004
f 7814/72/2006 7813/72/2006 7811/72/2005
f 7816/72/2007 7815/72/2007 7813/72/2006
f 7818/72/2008 7817/72/2008 7815/72/2007
f 7820/72/2009 7819/72/2009 7817/72/2008
f 7822/72/2010 7821/72/2010 7819/72/2009
f 7824/72/1995 7823/72/1995 7821/72/2010
f 7826/72/2011 7825/72/2011 7823/72/1995
f 7828/72/2012 7827/72/2012 7825/72/2011
f 7830/72/2013 7829/72/2013 7827/72/2012
f 7832/72/2014 7831/72/2014 7829/72/2013
f 7834/72/2015 7833/72/2015 7831/72/2014
f 7836/72/2016 7835/72/2016 7833/72/2015
f 7838/72/2017 7837/72/2017 7835/72/2016
f 7840/72/2018 7839/72/2018 7837/72/2017
f 7842/72/2019 7841/72/2019 7839/72/2018
f 7844/72/2020 7843/72/2020 7841/72/2019
f 7846/72/2021 7845/72/2021 7843/72/2020
f 7848/72/2022 7847/72/2022 7845/72/2021
f 7850/72/2023 7849/72/2023 7847/72/2022
f 7852/72/2024 7851/72/2024 7849/72/2023
f 7854/72/2025 7853/72/2025 7851/72/2024
f 7856/72/2026 7855/72/2026 7853/72/2025
f 7858/72/2027 7857/72/2027 7855/72/2026
f 7860/72/2028 7859/72/2028 7857/72/2027
f 7862/72/2029 7861/72/2029 7859/72/2028
f 7864/72/2030 7863/72/2030 7861/72/2029
f 7866/72/2031 7865/72/2031 7863/72/2030
f 7868/72/2032 7867/72/2032 7865/72/2031
f 7870/72/2033 7869/72/2033 7867/72/2032
f 7872/72/2034 7871/72/2034 7869/72/2033
f 7874/72/2035 7873/72/2035 7871/72/2034
f 7876/72/2036 7875/72/2036 7873/72/2035
f 7878/72/2037 7877/72/2037 7875/72/2036
f 7880/72/2038 7879/72/2038 7877/72/2037
f 7882/72/2039 7881/72/2039 7879/72/2038
f 7884/72/2040 7883/72/2040 7881/72/2039
f 7886/72/2041 7885/72/1651 7883/72/2040
f 7888/72/2042 7887/72/2044 7885/72/1651
f 7890/72/2043 7889/72/2043 7887/72/2044
f 7892/72/1462 7891/72/1462 7889/72/2043
f 7894/72/2045 7893/72/2045 7891/72/1462
f 7896/72/2046 7895/72/2048 7893/72/2045
f 7898/72/2047 7897/72/2050 7895/72/2048
f 7900/72/2049 7899/72/2049 7897/72/2050
f 7902/72/2051 7901/72/2051 7899/72/2049
f 7904/72/2052 7903/72/2052 7901/72/2051
f 7906/72/2053 7905/72/2053 7903/72/2052
f 7908/72/2054 7907/72/2054 7905/72/2053
f 7910/72/2055 7909/72/2055 7907/72/2054
f 7912/72/2056 7911/72/2056 7909/72/2055
f 7914/72/2057 7913/72/2057 7911/72/2056
f 7916/72/2058 7915/72/2058 7913/72/2057
f 7918/72/1256 7917/72/1256 7915/72/2058
f 7920/72/2059 7919/72/2059 7917/72/1256
f 7922/72/2060 7921/72/2060 7919/72/2059
f 7924/72/2061 7923/72/2061 7921/72/2060
f 7926/72/2062 7925/72/2062 7923/72/2061
f 7928/72/2063 7927/72/2063 7925/72/2062
f 7930/72/2064 7929/72/2064 7927/72/2063
f 7932/72/2065 7931/72/2065 7929/72/2064
f 7934/72/2066 7933/72/2066 7931/72/2065
f 7936/72/2067 7935/72/2067 7933/72/2066
f 7938/72/2068 7937/72/2068 7935/72/2067
f 7940/72/2069 7939/72/2069 7937/72/2068
f 7942/72/2070 7941/72/2070 7939/72/2069
f 7944/72/2071 7943/72/2071 7941/72/2070
f 7946/72/2072 7945/72/2072 7943/72/2071
f 7948/72/2073 7947/72/2073 7945/72/2072
f 7950/72/2074 7949/72/2074 7947/72/2073
f 7952/72/2075 7951/72/2075 7949/72/2074
f 7954/72/2076 7953/72/2078 7951/72/2075
f 7956/72/2077 7955/72/2077 7953/72/2078
f 7958/72/2079 7957/72/2079 7955/72/2077
f 7960/72/2080 7959/72/2080 7957/72/2079
f 7962/72/2081 7961/72/2081 7959/72/2080
f 7964/72/2082 7963/72/2082 7961/72/2081
f 7966/72/2083 7965/72/2083 7963/72/2082
f 7968/72/2084 7967/72/2084 7965/72/2083
f 7970/72/2085 7969/72/2085 7967/72/2084
f 7972/72/2086 7971/72/2086 7969/72/2085
f 7974/72/2087 7973/72/2087 7971/72/2086
f 7976/72/2088 7975/72/2088 7973/72/2087
f 7978/72/2089 7977/72/2089 7975/72/2088
f 7980/72/2090 7979/72/2090 7977/72/2089
f 7982/72/2090 7981/72/2090 7979/72/2090
f 7984/72/2090 7983/72/2090 7981/72/2090
f 7986/72/2090 7985/72/2090 7983/72/2090
f 7988/72/2090 7987/72/2090 7985/72/2090
f 7990/72/2090 7989/72/2090 7987/72/2090
f 7992/72/2090 7991/72/2090 7989/72/2090
f 7994/72/2090 7993/72/2090 7991/72/2090
f 7996/72/2090 7995/72/2090 7993/72/2090
f 7998/72/2090 7997/72/2090 7995/72/2090
f 8000/72/2090 7999/72/2090 7997/72/2090
f 8002/72/2091 8001/72/2091 7999/72/2090
f 8004/72/2092 8003/72/2092 8001/72/2091
f 8006/72/2093 8005/72/2093 8003/72/2092
f 8008/72/2094 8007/72/2094 8005/72/2093
f 8010/72/2095 8009/72/2095 8007/72/2094
f 8012/72/2096 8011/72/2096 8009/72/2095
f 8014/72/2097 8013/72/2097 8011/72/2096
f 8016/72/2098 8015/72/2098 8013/72/2097
f 8018/72/2099 8017/72/2099 8015/72/2098
f 8020/72/2100 8019/72/2100 8017/72/2099
f 8022/72/2101 8021/72/2101 8019/72/2100
f 8024/72/2102 8023/72/2102 8021/72/2101
f 8026/72/2103 8025/72/2103 8023/72/2102
f 8028/72/2104 8027/72/2104 8025/72/2103
f 8030/72/2105 8029/72/2105 8027/72/2104
f 8032/72/2106 8031/72/2106 8029/72/2105
f 8034/72/2107 8033/72/2107 8031/72/2106
f 8036/72/2108 8035/72/2108 8033/72/2107
f 8038/72/2109 8037/72/2109 8035/72/2108
f 8040/72/2110 8039/72/2110 8037/72/2109
f 8042/72/2111 8041/72/2111 8039/72/2110
f 8044/72/2112 8043/72/2112 8041/72/2111
f 8046/72/2113 8045/72/2113 8043/72/2112
f 8048/72/2114 8047/72/2114 8045/72/2113
f 8050/72/2115 8049/72/2115 8047/72/2114
f 8052/72/2116 8051/72/2116 8049/72/2115
f 8054/72/2117 8053/72/2117 8051/72/2116
f 8056/72/2118 8055/72/2118 8053/72/2117
f 8058/72/2119 8057/72/2119 8055/72/2118
f 8060/72/2120 8059/72/2120 8057/72/2119
f 8062/72/2121 8061/72/2121 8059/72/2120
f 8064/72/2122 8063/72/2122 8061/72/2121
f 8066/72/2123 8065/72/2123 8063/72/2122
f 8068/72/2124 8067/72/2124 8065/72/2123
f 8070/72/2125 8069/72/2125 8067/72/2124
f 8072/72/2126 8071/72/2126 8069/72/2125
f 7328/72/1759 7327/72/1759 8071/72/2126
s 0
f 8074/73/1 8076/76/1 8075/74/1
f 8076/76/2 8078/78/2 8077/77/2
f 8078/78/3 8080/80/3 8079/79/3
f 8080/80/4 8082/82/4 8081/81/4
f 8082/82/5 8084/84/5 8083/83/5
f 8084/84/6 8086/86/6 8085/85/6
f 8086/86/7 8088/88/7 8087/87/7
f 8088/88/8 8090/90/8 8089/89/8
f 8090/90/9 8092/92/9 8091/91/9
f 8092/92/10 8094/94/10 8093/93/10
f 8094/94/11 8096/96/11 8095/95/11
f 8096/96/12 8098/98/12 8097/97/12
f 8098/98/13 8100/100/13 8099/99/13
f 8100/100/14 8102/102/14 8101/101/14
f 8102/102/15 8104/104/15 8103/103/15
f 8104/104/16 8106/106/16 8105/105/16
f 8106/106/17 8108/108/17 8107/107/17
f 8108/108/18 8110/110/18 8109/109/18
f 8110/110/19 8112/112/19 8111/111/19
f 8112/112/20 8114/114/20 8113/113/20
f 8114/114/21 8116/116/21 8115/115/21
f 8116/116/22 8118/118/22 8117/117/22
f 8118/118/23 8120/120/23 8119/119/23
f 8120/120/24 8122/122/24 8121/121/24
f 8122/122/25 8124/124/25 8123/123/25
f 8124/124/26 8126/126/26 8125/125/26
f 8126/126/27 8128/128/27 8127/127/27
f 8128/128/28 8130/130/28 8129/129/28
f 8130/130/29 8132/132/29 8131/131/29
f 8132/132/30 8134/137/30 8133/133/30
f 8078/136/31 8076/225/31 8074/226/31
f 8074/226/31 8136/227/31 8078/136/31
f 8136/227/31 8134/228/31 8078/136/31
f 8134/228/31 8132/229/31 8130/230/31
f 8130/230/31 8128/231/31 8134/228/31
f 8128/231/31 8126/232/31 8134/228/31
f 8126/232/31 8124/233/31 8122/234/31
f 8122/234/31 8120/235/31 8126/232/31
f 8120/235/31 8118/236/31 8126/232/31
f 8118/236/31 8116/237/31 8114/238/31
f 8114/238/31 8112/239/31 8118/236/31
f 8112/239/31 8110/134/31 8118/236/31
f 8110/134/31 8108/240/31 8102/241/31
f 8108/240/31 8106/242/31 8102/241/31
f 8106/242/31 8104/243/31 8102/241/31
f 8102/241/31 8100/244/31 8094/135/31
f 8100/244/31 8098/245/31 8094/135/31
f 8098/245/31 8096/246/31 8094/135/31
f 8094/135/31 8092/247/31 8090/248/31
f 8090/248/31 8088/249/31 8094/135/31
f 8088/249/31 8086/250/31 8094/135/31
f 8086/250/31 8084/251/31 8082/252/31
f 8082/252/31 8080/253/31 8086/250/31
f 8080/253/31 8078/136/31 8086/250/31
f 8078/136/31 8134/228/31 8126/232/31
f 8126/232/31 8118/236/31 8110/134/31
f 8110/134/31 8102/241/31 8094/135/31
f 8094/135/31 8086/250/31 8078/136/31
f 8078/136/31 8126/232/31 8110/134/31
f 8134/137/32 8136/139/32 8135/138/32
f 8136/139/33 8074/254/33 8073/140/33
f 8135/143/34 8073/255/34 8075/256/34
f 8075/256/34 8077/257/34 8079/258/34
f 8079/258/34 8081/259/34 8087/260/34
f 8081/259/34 8083/261/34 8087/260/34
f 8083/261/34 8085/262/34 8087/260/34
f 8087/260/34 8089/263/34 8091/264/34
f 8091/264/34 8093/265/34 8095/266/34
f 8095/266/34 8097/267/34 8103/141/34
f 8097/267/34 8099/268/34 8103/141/34
f 8099/268/34 8101/269/34 8103/141/34
f 8103/141/34 8105/270/34 8107/271/34
f 8107/271/34 8109/272/34 8111/273/34
f 8111/273/34 8113/274/34 8119/142/34
f 8113/274/34 8115/275/34 8119/142/34
f 8115/275/34 8117/276/34 8119/142/34
f 8119/142/34 8121/277/34 8123/278/34
f 8123/278/34 8125/279/34 8127/280/34
f 8127/280/34 8129/281/34 8135/143/34
f 8129/281/34 8131/282/34 8135/143/34
f 8131/282/34 8133/283/34 8135/143/34
f 8135/143/34 8075/256/34 8087/260/34
f 8075/256/34 8079/258/34 8087/260/34
f 8087/260/34 8091/264/34 8103/141/34
f 8091/264/34 8095/266/34 8103/141/34
f 8103/141/34 8107/271/34 8119/142/34
f 8107/271/34 8111/273/34 8119/142/34
f 8119/142/34 8123/278/34 8135/143/34
f 8123/278/34 8127/280/34 8135/143/34
f 8135/143/34 8087/260/34 8103/141/34
f 8137/144/2127 8138/284/2127 8140/145/2127
f 8140/145/34 8144/148/34 8143/147/34
f 8144/148/957 8142/150/957 8141/149/957
f 8142/150/31 8138/285/31 8137/151/31
f 8143/147/1288 8141/149/1288 8137/152/1288
f 8140/154/69 8138/286/69 8142/150/69
f 8145/155/2127 8146/287/2127 8148/156/2127
f 8148/156/34 8152/159/34 8151/158/34
f 8152/159/957 8150/161/957 8149/160/957
f 8150/161/31 8146/288/31 8145/162/31
f 8151/158/1288 8149/160/1288 8145/163/1288
f 8148/165/69 8146/289/69 8150/161/69
