# Blender 4.4.3
# www.blender.org
mtllib demon.mtl
o 円柱
v 0.282310 7.982178 -1.341838
v 0.608350 7.952349 -1.243636
v 0.000008 10.135551 0.000012
v 0.838582 7.950001 -1.132603
v 1.278777 7.918008 -0.792620
v 1.379747 7.911288 -0.607345
v 1.437595 7.945127 -0.313373
v 1.426861 8.102960 0.299586
v 1.401298 7.920016 0.606122
v 1.299974 7.926080 0.865678
v 0.251576 8.373362 1.518170
v -0.251576 8.373362 1.518170
v -1.287996 7.977625 0.867839
v -1.431799 8.102960 0.299586
v -1.460533 7.955876 -0.005425
v -1.437918 7.974602 -0.303106
v -1.258518 7.953155 -0.802911
v -1.105058 7.919796 -0.950271
v -0.842850 7.959267 -1.137518
v -0.613646 7.955001 -1.241836
v -0.063749 8.630280 -1.233950
v 0.042728 9.013383 -1.123363
v 0.000000 9.602537 -0.989786
v 0.086551 9.827922 -0.880407
v 0.193006 10.032026 -0.582991
v 0.195923 9.595612 -0.972019
v 0.490929 8.668923 -1.159786
v 0.407671 9.823115 -0.789376
v 0.442995 9.612483 -0.886814
v 0.452488 9.295601 -0.993733
v 1.015987 8.497336 -0.933819
v 0.538865 10.033510 -0.285328
v 0.663346 9.825643 -0.591262
v 0.734509 9.611938 -0.734509
v 0.822977 9.309688 -0.812694
v 0.863691 9.611938 -0.577100
v 1.006631 9.195357 -0.674488
v 1.194426 8.500872 -0.772455
v 0.847274 9.825555 -0.262385
v 1.026063 9.581261 -0.290457
v 1.124249 9.167777 -0.476715
v 1.308294 8.498755 -0.557207
v 1.124073 9.511864 -0.133448
v 1.238735 9.041250 -0.246400
v 1.350641 8.662049 -0.257309
v 0.602944 10.030729 0.049983
v 0.883190 9.825556 0.081825
v 1.010056 9.650804 0.107201
v 1.146095 9.361726 -0.000000
v 1.263003 9.041250 -0.000000
v 1.371412 8.673990 0.003183
v 1.124073 9.361726 0.223592
v 1.238735 8.740446 0.049510
v 1.346152 8.673294 0.268311
v 0.535266 10.030180 0.285928
v 0.787657 9.822131 0.413992
v 0.973285 9.581747 0.412556
v 1.166863 9.041250 0.483330
v 1.308841 8.504690 0.550399
v 0.863691 9.611938 0.577100
v 0.952943 9.361726 0.636736
v 1.050149 9.041250 0.701687
v 1.191517 8.529348 0.783704
v 0.275562 10.032397 0.548538
v 0.785148 9.263776 0.756557
v 0.782055 9.086854 0.783022
v 0.968205 8.912214 0.871073
v 1.022035 8.497117 1.022035
v 0.674697 9.311246 0.884511
v 0.701687 9.022363 0.932526
v 0.760714 8.912214 1.041357
v 0.803007 8.497117 1.201786
v 0.374048 9.239142 0.983929
v 0.341721 9.086854 1.033587
v 0.468744 8.832026 1.081175
v 0.544390 8.497117 1.113222
v 0.172486 9.824170 0.867147
v 0.217840 9.611938 1.089100
v 0.239880 9.361726 1.173264
v 0.463671 8.832937 1.540493
v 0.316343 8.488411 1.603766
v -0.130691 10.031021 0.594870
v -0.085655 9.827017 0.880579
v -0.106787 9.623193 1.018840
v -0.000000 9.361726 1.169705
v -0.223592 9.361726 1.124073
v -0.209826 8.954931 1.693698
v -0.463671 8.832937 1.540493
v -0.316343 8.488411 1.603766
v -0.364930 9.239142 0.983929
v -0.341721 9.086854 1.033587
v -0.468744 8.832026 1.081175
v -0.544390 8.497117 1.113222
v -0.427109 10.033331 0.427478
v -0.665580 9.311246 0.884511
v -0.701687 9.022363 0.932526
v -0.760714 8.912214 1.041357
v -0.803007 8.497117 1.201786
v -0.776031 9.263776 0.756557
v -0.782055 9.086854 0.783022
v -0.968205 8.912214 0.871073
v -1.022035 8.497117 1.022035
v -0.735132 9.824170 0.491200
v -0.904441 9.611938 0.626291
v -0.998375 9.361726 0.685927
v -1.050149 9.041250 0.701687
v -1.191819 8.525636 0.786126
v -0.580027 10.030791 0.175447
v -0.847684 9.824995 0.257144
v -0.996743 9.623514 0.265045
v -1.105090 9.384776 0.266820
v -1.166863 9.041250 0.483330
v -1.314155 8.501778 0.549053
v -1.238735 8.740446 0.049510
v -1.347241 8.672611 0.270086
v -0.582992 10.032026 -0.193005
v -0.884136 9.824170 0.000000
v -1.146095 9.361726 -0.000000
v -1.263003 9.041250 -0.000000
v -1.372426 8.673626 0.004908
v -0.847088 9.822920 -0.269006
v -1.026064 9.581260 -0.290456
v -1.112564 9.516803 -0.137690
v -1.238735 9.041250 -0.246400
v -1.353357 8.657355 -0.255448
v -1.124248 9.167777 -0.476715
v -1.314961 8.489169 -0.556065
v -0.663347 9.825642 -0.591263
v -0.863691 9.611938 -0.577100
v -1.006631 9.195355 -0.674488
v -1.194743 8.498862 -0.772897
v -0.274341 10.032516 -0.548645
v -0.734509 9.611938 -0.734509
v -0.822308 9.324752 -0.803072
v -1.013329 8.500302 -0.935028
v -0.407672 9.823114 -0.789376
v -0.442996 9.612483 -0.886814
v -0.552124 8.495529 -1.175768
v -0.172486 9.824170 -0.867147
v -0.195923 9.595613 -0.972019
v -0.456810 9.267623 -1.004494
v 0.000816 7.260259 -0.008934
v 1.442793 7.687602 -0.040980
v 1.263041 7.483103 0.054968
v 0.914821 7.364738 0.005616
v 1.461993 7.909831 -0.000000
v -0.597551 7.761138 1.442615
v -0.587155 7.685351 1.417517
v -0.382950 7.485226 1.276400
v -0.158911 7.323083 0.741270
v -0.298612 7.737558 1.537484
v -1.106006 7.486416 -0.706641
v -0.727525 7.323589 -0.232981
v -1.228928 7.486416 -0.509039
v -1.352515 7.685350 -0.587155
v -1.367138 7.908040 -0.606420
v 1.256914 7.685351 -0.767816
v 1.106006 7.486416 -0.706641
v 0.554013 7.328067 -0.552394
v 0.915951 7.482711 -0.837638
v 0.896774 7.683518 -1.056100
v 1.108401 7.910200 -0.938304
v 0.597551 7.761138 1.442615
v 0.587155 7.685351 1.417517
v 0.531538 7.323088 0.538272
v 0.739010 7.486416 1.106006
v 0.967814 7.628435 1.266357
v 0.120481 7.482348 -1.144445
v 0.183979 7.376160 -0.945961
v -0.147502 7.373500 -0.952452
v 0.000000 7.685350 -1.328651
v 0.000000 7.979416 -1.365409
v -1.403644 7.932354 0.608695
v -1.232299 7.491264 0.506213
v -0.720065 7.325973 0.255775
v -1.385018 7.685350 0.587155
v -0.238851 7.322856 -0.703969
v -0.378164 7.477064 -1.091372
v -0.299329 7.685350 -1.299170
v -0.282310 7.982178 -1.341839
v 1.380080 7.685351 0.587155
v 1.228928 7.486416 0.509039
v 0.733713 7.323349 0.193620
v -0.971646 7.638537 1.299750
v -0.739009 7.486416 1.106006
v -1.229778 7.677588 -0.797001
v -0.557840 7.331321 -0.560067
v 1.362545 7.685351 -0.587155
v 0.715309 7.324861 -0.259757
v 0.315923 7.739248 1.533228
v 0.367563 7.486926 1.284885
v 0.222827 7.324285 0.724156
v 0.454325 7.683684 -1.264918
v 1.275731 7.685351 0.852416
v 1.106006 7.486416 0.739009
v -1.104130 7.948000 1.104130
v -1.084920 7.685351 1.084920
v -0.940581 7.486416 0.940581
v -0.912429 7.482852 -0.840352
v 1.232226 7.490978 -0.508876
v 0.017672 7.736495 1.563776
v 0.000000 7.486416 1.330182
v -1.437217 7.688642 -0.086096
v -1.258910 7.482950 -0.055390
v -0.913307 7.364185 -0.006646
v 0.569499 7.489461 -1.025034
v 0.204016 7.321265 -0.721414
v 1.104130 7.948000 1.104130
v 1.084920 7.685351 1.084920
v 0.940581 7.486416 0.940581
v -1.275731 7.685351 0.852416
v -1.106006 7.486416 0.739009
v -0.538294 7.323093 0.531554
v -0.770864 7.691929 -1.140573
v 0.278269 10.111438 -0.185384
v 0.311385 10.111917 0.139197
v -0.000051 10.110664 0.342523
v -0.278266 10.111439 0.185381
v -0.311386 10.111916 -0.139198
v 0.000052 10.110663 -0.342525
v 0.214051 8.953335 1.691735
v -0.155190 8.723059 1.829178
v 0.056454 8.661430 1.795756
v -0.056282 8.661430 1.795756
v 1.493096 9.613990 -0.161021
v 1.522049 9.133545 -0.110185
v 1.445936 8.936893 -0.032484
v 1.420445 9.463852 -0.027573
v 1.413924 9.130678 -0.008995
v 1.429198 8.835753 0.048854
v 1.359027 8.823179 0.077701
v 1.390802 8.756411 0.295318
v -1.359027 8.823179 0.077701
v -1.390802 8.756411 0.295318
v -1.420445 9.463852 -0.027573
v -1.413924 9.130678 -0.008995
v -1.429198 8.835753 0.048854
v -1.493096 9.613990 -0.161021
v -1.522049 9.133545 -0.110185
v -1.445936 8.936893 -0.032484
v 0.717863 9.258991 0.580018
v 0.800530 9.008478 0.662685
v 0.559587 9.255810 0.713299
v 0.624346 9.005330 0.810607
v 0.322442 9.253585 0.811695
v 0.422167 9.003072 0.919704
v -0.322442 9.253585 0.811695
v -0.422167 9.003072 0.919704
v -0.559587 9.255810 0.713299
v -0.624346 9.005330 0.810607
v -0.717863 9.258991 0.580018
v -0.800530 9.008478 0.662685
v 1.085852 8.149768 0.266565
v 0.853149 8.233324 0.457540
v 0.587659 8.218132 0.599447
v 0.299586 8.233021 0.607531
v -0.000000 8.233021 0.637037
v -0.299586 8.233021 0.607531
v -0.587659 8.218132 0.599447
v -0.853149 8.233324 0.457540
v -1.085852 8.149768 0.266565
v -0.304629 7.736164 0.712185
v 0.867509 7.779840 0.479032
v -0.597551 7.751356 0.623328
v 0.597551 7.751356 0.623328
v -0.867509 7.779841 0.479032
v -1.104130 7.842888 0.284843
v 0.155985 7.733907 0.738978
v 1.104130 7.842888 0.284843
v 0.438105 8.498029 1.615156
v -0.438105 8.498029 1.615156
v 0.316238 8.867520 1.375280
v 0.155165 8.723082 1.829182
v 0.111342 8.376160 1.546946
v -0.111702 8.377732 1.542780
v 0.251471 8.776649 1.289685
v -0.316448 8.867520 1.375280
v -0.251681 8.776649 1.289685
v 0.088280 8.883376 1.567271
v -0.088439 8.883376 1.567271
v -0.056215 8.778930 1.322550
v 0.056482 8.778695 1.322229
v -0.054910 8.496474 1.725833
v 0.055770 8.499129 1.727948
v 1.090195 8.210964 1.090399
v 0.853296 8.297423 1.282232
v 0.599718 8.342109 1.405535
v 0.587659 8.276805 1.417855
v -0.599718 8.342109 1.405535
v -0.583335 8.281267 1.407740
v -0.853296 8.297423 1.282233
v -1.090195 8.210963 1.090399
v 0.349868 8.364661 1.384027
v -0.000000 8.363693 1.446484
v 0.070927 8.294131 1.452628
v -0.349868 8.364661 1.384027
v -0.000942 8.965021 1.733321
v 0.628174 9.830212 0.608603
v 0.627176 9.830093 0.636206
v 0.777273 9.625237 0.843479
v 0.494929 9.831923 0.742305
v 0.330328 9.830272 0.819267
v 0.611466 9.625567 0.969939
v 0.343757 9.832839 0.821130
v 0.414479 9.603452 1.016276
v 0.424919 9.625987 1.008426
v -0.330233 9.831009 0.817017
v -0.343807 9.833028 0.821076
v -0.403067 9.602317 1.034953
v -0.495104 9.832080 0.742185
v -0.603115 9.625538 0.969937
v -0.627464 9.830198 0.636015
v -0.628372 9.830188 0.608414
v -0.771262 9.624519 0.843880
v 0.638158 9.874362 0.657860
v 0.343402 9.875621 0.852345
v 0.418751 9.650023 1.026558
v -0.343534 9.874877 0.858162
v -0.408287 9.622099 1.034966
v -0.642141 9.875584 0.666472
v -0.603441 9.631580 0.990005
v 0.613621 9.631295 0.988423
v -1.701927 3.633552 1.427043
v -1.863202 4.153399 1.471445
v -1.332013 3.633676 1.467141
v -1.901429 3.633552 1.112028
v -1.632085 4.153995 1.779809
v -1.021701 4.153995 2.069835
v -1.632085 5.013821 1.779809
v -1.863202 4.713029 1.471445
v -1.772709 5.238072 1.471445
v -1.972091 5.233795 0.876847
v -1.717052 5.772912 1.112028
v -1.805597 5.772912 0.752612
v -1.794999 6.448637 0.190725
v -1.787359 6.529016 0.263261
v -1.656513 6.200005 1.371996
v -1.841328 6.552859 0.320167
v -2.496037 6.552859 0.320167
v -2.184655 6.947509 0.377888
v -1.780678 6.842592 1.390421
v -3.068613 6.411904 0.144517
v -2.425227 6.425855 0.175752
v -3.050133 6.288383 -0.139588
v -3.305558 6.489234 0.055892
v -3.306501 6.586176 0.147911
v -3.598544 6.433335 0.174338
v -3.620071 6.327669 -0.136889
v -4.274842 6.429984 0.173860
v -4.254937 6.550961 0.334279
v -4.891720 6.685450 -0.035952
v -4.453779 7.032031 0.425898
v -5.321250 6.952277 0.141564
v -5.490215 6.610253 0.120954
v -4.892257 7.151951 -0.022314
v -5.488494 7.252497 0.119200
v -5.480719 7.351924 0.027781
v -5.757536 7.106894 -0.041459
v -5.757535 7.106827 -0.454854
v -5.757536 6.786721 -0.041458
v -5.757535 6.786788 -0.454849
v -5.479928 6.509530 -0.525475
v -5.480973 6.508735 0.028615
v -5.489298 6.610807 -0.617544
v -5.321273 6.952277 -0.644359
v -5.490598 7.247369 -0.618336
v -4.891720 7.175747 -0.460665
v -5.479690 7.351068 -0.524696
v -4.890611 7.243097 -0.415637
v -4.463562 7.509704 -0.689012
v -4.069370 7.505477 -0.699115
v -4.081311 7.581656 -0.260376
v -3.697591 7.507117 -0.247917
v -3.309450 7.329391 0.063267
v -4.465212 7.507182 0.195438
v -4.078185 7.508992 0.198840
v -4.451762 7.581656 -0.233582
v -4.890420 7.243020 -0.080843
v -4.453778 7.383243 0.363733
v -4.073974 7.383208 0.363733
v -3.675873 7.302894 0.334260
v -3.630415 7.419699 0.166663
v -3.306501 7.228802 0.147898
v -3.050133 7.286479 0.320149
v -3.306502 6.979979 0.188147
v -3.045097 7.388242 0.202052
v -2.639298 7.553931 0.211356
v -2.626374 7.432126 0.352386
v -2.365700 7.432177 0.352386
v -2.434416 7.045617 0.421375
v -2.184655 7.354451 0.320149
v -2.132570 7.420241 0.232739
v -1.892044 7.173483 0.726215
v -1.394550 7.358596 1.112028
v -1.394550 7.500644 0.752612
v -1.981927 7.501913 0.077095
v -2.365700 7.572703 0.095553
v -1.394789 7.546412 0.393631
v -2.624402 7.593907 -0.235505
v -2.370309 7.595062 -0.185924
v -3.046065 7.388120 -0.697394
v -3.309991 7.329152 -0.559781
v -3.630299 7.419668 -0.662511
v -4.073974 7.383208 -0.859514
v -4.453778 7.383243 -0.859514
v -4.453779 7.032031 -0.932869
v -4.073975 7.032031 -0.932869
v -4.891720 6.947871 -0.486134
v -4.254937 6.550961 -0.830120
v -4.891720 6.685450 -0.460672
v -4.274869 6.429994 -0.669719
v -3.598496 6.433343 -0.670188
v -3.305224 6.489975 -0.553126
v -3.620071 6.327669 -0.358951
v -3.306501 6.586176 -0.644096
v -3.068653 6.411919 -0.640394
v -3.050133 6.288383 -0.356271
v -2.425222 6.425855 -0.671611
v -3.042737 6.559333 -0.821328
v -1.787585 6.447097 -0.696084
v -1.797550 6.423739 -0.572954
v -1.841328 6.552859 -0.816027
v -1.780945 6.516921 -0.753569
v -1.981927 6.947509 -0.884141
v -1.767993 6.307752 -1.044470
v -1.880384 6.842592 -1.044470
v -1.479401 6.794912 -1.235738
v -1.925402 7.183058 -0.930986
v -1.319807 7.194232 -1.181084
v -1.302301 7.312691 -1.117075
v -0.744538 7.307881 -1.116763
v -1.394550 7.523369 -0.685054
v -0.836730 7.469183 -0.685054
v -0.735361 7.194170 -1.181084
v -0.735361 6.794912 -1.235738
v -0.052376 6.815878 -1.074651
v -0.053031 7.214880 -1.075280
v -0.049271 6.314394 -1.077703
v -0.049378 5.764938 -1.012349
v 0.000135 6.343818 -1.064932
v 0.052372 6.812488 -1.076772
v 0.049265 6.314376 -1.077696
v 0.049365 5.765144 -1.012358
v 0.735361 6.794912 -1.235738
v 0.005147 7.212165 -1.056297
v 0.735361 7.194170 -1.181084
v 0.744538 7.307881 -1.116763
v 1.319807 7.194232 -1.181084
v 1.302301 7.312690 -1.117075
v 1.394550 7.523368 -0.685054
v 0.836730 7.469183 -0.685054
v 1.925402 7.183058 -0.930986
v 1.880385 6.842592 -1.044471
v 1.981927 6.947509 -0.884142
v 1.479401 6.794912 -1.235738
v 1.385007 6.260072 -1.235737
v 1.767994 6.307752 -1.044470
v 1.546812 5.772912 -0.930873
v 1.780945 6.516921 -0.753569
v 1.717053 5.772912 -0.619955
v 1.841328 6.552859 -0.816027
v 1.787585 6.447097 -0.696084
v 3.042737 6.559333 -0.821328
v 2.425224 6.425855 -0.671611
v 1.797550 6.423739 -0.572954
v 3.068653 6.411919 -0.640394
v 3.305224 6.489975 -0.553126
v 3.050134 6.288383 -0.356271
v 3.306502 6.586176 -0.644096
v 3.598497 6.433343 -0.670188
v 4.274863 6.429993 -0.669718
v 3.620071 6.327669 -0.358951
v 4.254937 6.550961 -0.830120
v 4.891486 6.685450 -0.460672
v 4.891486 6.947871 -0.486134
v 5.489023 6.610878 -0.617546
v 4.453780 7.032030 -0.932869
v 5.321039 6.952277 -0.644359
v 5.479743 6.509490 -0.525634
v 5.480791 6.508708 0.028787
v 4.887720 6.619402 -0.414515
v 5.749682 6.786788 -0.454849
v 5.749683 6.786720 -0.041458
v 5.749682 7.106827 -0.454854
v 5.749683 7.106894 -0.041458
v 5.479491 7.351107 -0.524848
v 5.490317 7.247324 -0.618316
v 4.891486 7.175747 -0.460665
v 4.463557 7.509704 -0.689012
v 4.890168 7.243037 -0.415774
v 4.069370 7.505476 -0.699117
v 4.081312 7.581657 -0.260377
v 3.697590 7.507117 -0.247918
v 3.309451 7.329391 0.063267
v 4.465207 7.507182 0.195438
v 4.078185 7.508991 0.198843
v 4.451764 7.581656 -0.233579
v 4.890392 7.243085 -0.080982
v 4.892023 7.151950 -0.022314
v 5.480526 7.351951 0.027944
v 5.488234 7.252449 0.119200
v 5.321016 6.952277 0.141565
v 4.891486 6.685450 -0.035952
v 5.489937 6.610298 0.120935
v 4.274835 6.429984 0.173859
v 4.888381 6.619239 -0.082451
v 4.254937 6.323317 -0.136889
v 3.620071 6.327669 -0.136889
v 3.050134 6.288383 -0.139588
v 3.305559 6.489234 0.055892
v 3.306502 6.586176 0.147911
v 3.598545 6.433335 0.174338
v 3.068613 6.411904 0.144518
v 3.050134 6.556243 0.320167
v 2.496038 6.552859 0.320167
v 1.841328 6.552859 0.320167
v 2.170383 6.947509 0.377888
v 2.439792 7.045238 0.421249
v 2.365700 7.432177 0.352386
v 2.170383 7.354451 0.320149
v 2.626374 7.432126 0.352386
v 3.050134 7.286479 0.320149
v 3.045099 7.388241 0.202052
v 2.639299 7.553931 0.211355
v 3.306502 7.228802 0.147898
v 3.675874 7.302894 0.334260
v 3.306502 6.979979 0.188147
v 3.630417 7.419699 0.166665
v 4.073975 7.383207 0.363733
v 4.453779 7.383243 0.363733
v 4.453780 7.032030 0.425898
v 4.254937 6.550961 0.334279
v 3.620071 6.554362 0.334279
v 3.706945 6.981204 0.404519
v 3.050134 6.947248 0.377888
v 2.365700 7.572703 0.095553
v 2.624402 7.593907 -0.235504
v 3.046064 7.388120 -0.697393
v 3.309991 7.329152 -0.559781
v 3.306502 7.228802 -0.644083
v 3.630299 7.419668 -0.662511
v 4.073975 7.383207 -0.859514
v 4.453779 7.383243 -0.859514
v 3.675874 7.302894 -0.830101
v 4.073975 7.032030 -0.932869
v 3.675874 6.955073 -0.899925
v 3.306502 6.979979 -0.691577
v 3.620071 6.554362 -0.830120
v 3.050134 6.947248 -0.884141
v 3.050134 7.286479 -0.816008
v 2.626374 7.432126 -0.848180
v 2.498956 7.039467 -0.926475
v 2.365700 7.432177 -0.848180
v 1.937713 7.313735 -0.807779
v 1.963825 7.465130 -0.697555
v 1.394550 7.547081 -0.325638
v 1.394787 7.546412 0.393633
v 0.836730 7.663792 -0.325638
v 0.836731 7.617355 0.033781
v 1.985138 7.558775 -0.152908
v 2.370309 7.595062 -0.185923
v 2.238373 7.564795 -0.593458
v 2.365700 7.546032 -0.721858
v 2.634799 7.556396 -0.704477
v 1.981927 7.501912 0.077095
v 1.394550 7.500644 0.752612
v 2.116674 7.422662 0.229673
v 1.394550 7.358596 1.112028
v 1.892045 7.173483 0.726215
v 1.780679 6.842592 1.390421
v 1.540918 7.097029 1.457010
v 0.802750 7.109902 1.457010
v 1.650311 6.763229 1.643048
v 0.836730 6.763229 1.643048
v 0.048771 6.763229 1.561957
v 0.785640 6.123094 1.689345
v 1.441376 6.215944 1.595655
v 0.047061 6.299599 1.569785
v 0.096972 6.158400 1.432975
v 0.049488 6.297941 1.464374
v 0.000336 6.293306 1.484180
v 0.048778 6.748672 1.457622
v 0.049498 7.162849 1.279286
v 0.000017 6.748672 1.457622
v 0.278910 7.408167 1.112028
v 0.000126 7.185808 1.301322
v 0.000000 7.408167 1.112028
v 0.000000 7.617355 0.752613
v 0.836730 7.617355 0.752612
v 0.836730 7.408167 1.112028
v 0.000000 7.617845 -0.049891
v -0.000000 7.617355 0.752612
v -0.836732 7.617355 0.033777
v 0.000000 7.408167 1.112028
v -0.836730 7.617355 0.752612
v -0.836730 7.408167 1.112028
v -0.278910 7.408167 1.112028
v -0.802134 7.105937 1.457010
v -0.000127 7.185541 1.301431
v -0.051338 7.158675 1.277182
v -0.048778 6.748672 1.457622
v -0.000017 6.748673 1.457621
v -0.049488 6.297941 1.464373
v -0.047061 6.299599 1.569784
v -0.000336 6.293306 1.484180
v -0.000559 6.158400 1.432975
v -0.096972 6.158400 1.432975
v -0.787029 6.012350 1.471445
v -0.000026 5.791877 1.804384
v -0.785640 6.123094 1.689345
v 0.000000 5.013821 2.102764
v -0.337023 5.192574 2.033452
v -0.125295 5.013821 2.102764
v -0.976442 5.774854 1.774739
v -1.021700 5.013821 2.069835
v -0.261255 4.928597 2.102764
v -0.340567 4.807417 2.102764
v -0.340567 4.647007 2.102764
v -0.340650 4.807693 2.220973
v -0.340650 4.647283 2.220973
v -0.260942 4.928302 2.219533
v -0.168547 4.828896 2.355683
v -0.014718 4.738444 2.331510
v -0.145076 4.838641 2.305655
v -0.131803 4.856004 2.357541
v -0.000193 4.750554 2.379423
v -0.125378 5.014097 2.220974
v 0.127003 4.863815 2.356093
v 0.125212 5.014096 2.220974
v 0.125295 5.013821 2.102764
v 0.248196 4.934194 2.102764
v 0.337023 5.192573 2.033452
v 0.000026 5.791877 1.804384
v 1.021701 5.013821 2.001377
v 0.976443 5.774854 1.774739
v 0.340567 4.807417 2.102764
v 0.340567 4.647007 2.102765
v 0.340484 4.807693 2.220974
v 1.021701 4.727212 2.069835
v 0.340484 4.647283 2.220974
v 0.247921 4.933760 2.220286
v 0.136952 4.841953 2.305649
v 0.161437 4.832632 2.356369
v 0.157494 4.628718 2.357201
v 0.028850 4.727517 2.379168
v 0.252605 4.526335 2.102764
v 0.252207 4.527009 2.220690
v 0.014743 4.715808 2.331558
v 0.139384 4.616200 2.305656
v 0.129597 4.594245 2.356467
v -0.000191 4.704873 2.379495
v 0.125212 4.440879 2.220974
v -0.135125 4.600281 2.357780
v -0.125378 4.440879 2.220974
v -0.267496 4.527541 2.219564
v -0.148360 4.617147 2.305655
v -0.165910 4.629598 2.356444
v -0.030423 4.727518 2.378990
v -0.267870 4.526845 2.102764
v -0.125295 4.440603 2.102764
v -0.340569 4.153995 2.102764
v -0.000000 3.633552 1.471445
v 0.000007 4.154682 2.106900
v 0.000000 3.633552 1.471445
v 0.125295 4.440603 2.102764
v 1.332013 3.633676 1.467141
v -0.000135 3.633181 -0.690122
v -0.008044 3.725466 -1.031174
v 0.470838 3.738568 -1.102651
v 0.081756 3.712364 -1.039510
v 0.088701 4.170635 -1.053635
v -0.008558 4.713028 -1.037291
v 0.088575 4.707613 -1.053240
v -0.008558 5.238071 -0.972193
v 0.083869 5.243403 -0.988896
v 0.685660 5.772912 -1.059592
v 0.470838 5.238071 -1.035526
v 1.293181 5.238071 -1.035526
v 0.496123 4.713028 -1.185351
v 1.357818 4.713028 -1.185351
v 0.504117 4.168216 -1.188349
v 1.366074 4.152144 -1.206614
v 1.821681 4.153399 -1.075629
v 1.821872 4.716335 -1.057873
v 1.992942 4.709863 -0.660005
v 1.991922 4.153399 -0.685054
v 2.080466 4.153399 -0.325638
v 1.888125 3.632972 -0.714903
v 1.731188 3.679132 -0.963452
v 1.989974 3.633552 -0.325638
v 1.293181 3.738568 -1.102651
v 2.027311 3.633552 0.213486
v 2.116518 4.160326 0.194451
v 2.116516 4.705873 0.232710
v 2.080635 4.715234 -0.322216
v 1.967361 5.265629 -0.396990
v 2.029752 5.223783 0.213887
v 1.838531 5.785438 0.212765
v 2.062082 4.708539 0.875895
v 2.066860 4.153387 0.848952
v 1.989974 3.633552 0.752612
v 1.901430 3.633552 1.112028
v 1.701928 3.633552 1.427043
v 1.632085 4.153995 1.779809
v 1.021701 4.153995 2.069835
v 1.632085 4.727212 1.779809
v 1.632085 5.013821 1.779809
v 1.863202 4.713028 1.471445
v 1.772710 5.238071 1.471445
v 1.863202 4.153399 1.471445
v 1.972092 5.233794 0.876847
v 1.717053 5.772912 1.112028
v 1.805597 5.772912 0.752612
v 1.794999 6.448637 0.190725
v 1.787359 6.529017 0.263261
v 1.656514 6.200005 1.371996
v 1.539904 6.092142 1.407045
v 1.415627 6.092142 1.471445
v 1.556655 5.652643 1.647849
v 0.787029 6.012349 1.471445
v 1.797550 6.379282 -0.139588
v 2.425222 6.425855 0.175752
v 2.496038 6.283395 -0.139588
v 2.496038 6.283395 -0.356271
v 1.797550 6.379282 -0.356271
v 1.805597 5.772912 -0.325638
v 1.731188 5.238071 -0.955306
v 1.385007 5.772912 -1.059592
v 0.685660 6.260072 -1.235738
v 0.000364 5.772912 -0.996258
v 0.008558 5.238072 -0.972192
v -0.083869 5.243405 -0.988896
v 0.008558 4.713028 -1.037291
v -0.088575 4.707613 -1.053240
v -0.081756 3.712364 -1.039510
v -0.088701 4.170636 -1.053635
v -0.504117 4.168217 -1.188349
v -0.470838 3.738568 -1.102651
v -1.366074 4.152145 -1.206614
v -1.357818 4.713028 -1.185351
v -1.821680 4.153399 -1.075629
v -1.821872 4.716335 -1.057873
v -1.992942 4.709864 -0.660005
v -1.991922 4.153399 -0.685054
v -2.080466 4.153399 -0.325638
v -1.888124 3.632972 -0.714903
v -1.731188 3.679132 -0.963452
v -1.989974 3.633552 -0.325638
v -1.293181 3.738568 -1.102651
v 0.000135 3.633181 -0.690123
v 0.008044 3.725467 -1.031174
v -2.027311 3.633552 0.213487
v -2.116517 4.160326 0.194451
v -2.116516 4.705876 0.232707
v -2.080634 4.715234 -0.322216
v -1.967360 5.265632 -0.396990
v -2.029752 5.223783 0.213887
v -1.838531 5.785438 0.212766
v -1.805597 5.772912 -0.325637
v -1.797550 6.379283 -0.356271
v -1.797550 6.379283 -0.139588
v -2.496037 6.283396 -0.139588
v -2.496037 6.283396 -0.356271
v -1.717052 5.772912 -0.619955
v -1.546811 5.772912 -0.930873
v -1.731188 5.238072 -0.955306
v -1.293181 5.238072 -1.035526
v -0.470838 5.238072 -1.035526
v -1.385007 5.772912 -1.059592
v -0.685660 5.772912 -1.059592
v -0.496123 4.713028 -1.185351
v -0.685660 6.260072 -1.235737
v -1.385007 6.260072 -1.235737
v -2.062082 4.708539 0.875895
v -2.066860 4.153388 0.848953
v -1.989974 3.633552 0.752612
v 0.000559 6.158400 1.432975
v -1.556655 5.652643 1.647849
v -1.415627 6.092142 1.471445
v -1.539904 6.092142 1.407045
v -1.441376 6.215945 1.595655
v -1.650311 6.763229 1.643047
v -0.836730 6.763229 1.643048
v -0.048771 6.763229 1.561957
v -1.541508 7.094667 1.457010
v -0.836730 7.663792 -0.325638
v -0.278910 7.663792 -0.325638
v -1.394550 7.547081 -0.325638
v -1.985137 7.558775 -0.152909
v -1.963826 7.465130 -0.697555
v -1.945605 7.336878 -0.780062
v -1.981927 7.354451 -0.816009
v -2.365700 7.432177 -0.848180
v -2.498956 7.039467 -0.926475
v -2.626374 7.432126 -0.848180
v -2.634799 7.556396 -0.704478
v -3.050133 7.286479 -0.816008
v -3.306501 7.228802 -0.644083
v -3.050133 6.947248 -0.884141
v -3.306502 6.979979 -0.691577
v -3.675873 6.955073 -0.899925
v -3.675873 7.302894 -0.830101
v -3.620071 6.554362 -0.830120
v -2.365700 7.546032 -0.721858
v -2.238370 7.564795 -0.593457
v -0.278910 7.469183 -0.685054
v 0.017187 7.647971 -0.319349
v 0.010241 7.495763 -0.596800
v 0.057059 7.315584 -0.890477
v -0.057107 7.315448 -0.890721
v 2.365700 7.546032 0.226064
v 4.254937 6.323317 -0.358951
v -4.254937 6.323317 -0.358951
v -4.254937 6.323317 -0.136889
v -4.888615 6.619238 -0.082451
v -4.887954 6.619403 -0.414515
v -2.365700 7.546032 0.226064
v -3.050133 6.947248 0.377888
v -3.050133 6.556243 0.320167
v -3.706945 6.981204 0.404518
v -3.620071 6.554362 0.334279
v -0.953459 1.676112 -0.357023
v -1.091698 1.675779 -0.343393
v -0.908167 1.776236 -0.394344
v -1.014274 1.570499 -0.334213
v -0.901412 1.570499 -0.368691
v -1.113590 1.775514 -0.370538
v -0.942894 2.067401 -0.586210
v -1.129213 2.070494 -0.644293
v -0.976151 2.327312 -0.701675
v -0.819422 2.065489 -0.640340
v -0.678997 2.100858 -0.691248
v -0.796981 2.327312 -0.834188
v -0.735623 1.934879 -0.486012
v -0.742318 1.685713 -0.294333
v -0.626776 1.934879 -0.344978
v -0.540327 2.105844 -0.500912
v -0.549198 2.365797 -0.541800
v -0.495758 1.963360 -0.099106
v -0.393234 2.468751 -0.160016
v -0.295748 2.548708 -0.082876
v -0.423507 2.103404 -0.025190
v -0.412105 1.949726 0.105219
v -0.402895 1.940496 0.201825
v -0.307779 2.184670 0.311714
v -0.434582 1.781223 -0.021241
v -0.460864 1.677289 0.084453
v -0.542866 1.781639 -0.191744
v -0.371179 1.574118 0.049964
v -0.397658 1.574118 -0.084872
v -0.525501 1.589125 -0.239150
v -0.385549 1.477548 -0.093646
v -0.320610 1.483959 0.040780
v -0.511028 1.494134 -0.270475
v -0.677603 1.522364 -0.378278
v -0.687243 1.337242 -0.382547
v -0.788227 1.378480 -0.425107
v -1.013260 1.473552 -0.369403
v -1.133872 1.569435 -0.369269
v -1.240815 1.378564 -0.425203
v -1.126348 1.212619 -0.376140
v -1.227191 1.153034 -0.353292
v -1.332000 1.377565 -0.404262
v -1.490346 1.232318 -0.278968
v -1.666668 1.470503 -0.008038
v -1.498619 1.489426 -0.290049
v -1.504905 1.675350 0.036705
v -1.529859 1.781639 0.163224
v -1.533993 1.682856 0.245097
v -1.476157 1.783717 -0.025947
v -1.369826 1.781639 -0.191744
v -1.543257 1.997789 -0.084778
v -1.647220 1.957255 0.150061
v -1.724556 2.099585 0.342268
v -1.640274 1.921034 0.415083
v -1.537225 1.776219 0.392481
v -1.558214 1.934879 0.586766
v -1.681757 2.100858 0.616935
v -1.863563 2.327312 0.685825
v -1.860547 2.328144 0.428099
v -1.538934 1.934879 0.781205
v -1.440836 1.782119 0.689260
v -1.622044 2.064366 0.825579
v -1.401517 1.932025 0.960649
v -1.216270 1.683229 0.884444
v -1.265947 1.961538 1.070041
v -1.081097 1.981601 1.053127
v -1.137280 2.327312 1.204380
v -0.982585 2.100858 1.183464
v -0.917916 1.923336 1.046533
v -1.150279 1.785369 0.994477
v -0.846786 2.100858 1.167607
v -0.834191 2.327312 1.335128
v -0.716207 2.100858 1.063565
v -0.688470 2.327312 1.225642
v -0.670972 2.548708 1.345623
v -0.525663 2.327312 1.253734
v -0.567353 2.100858 1.174170
v -0.524649 2.548709 1.179227
v -0.467662 2.770177 1.380068
v -0.499225 1.939033 1.013364
v -0.346264 2.321228 1.064105
v -0.422773 1.937410 0.904140
v -0.306884 2.557193 0.883801
v -0.239564 2.327312 0.799038
v -0.359336 1.949649 0.739233
v -0.382334 1.934879 0.592225
v -0.396909 1.796693 0.540323
v -0.500787 1.670438 0.547553
v -0.598990 1.592294 0.669994
v -0.687278 1.508161 0.748841
v -0.867097 1.668149 0.923436
v -0.854371 1.588041 0.872173
v -0.903511 1.490121 0.996741
v -1.020376 1.674623 0.946390
v -1.070973 1.590272 0.942874
v -1.301984 1.587571 0.808041
v -1.503734 1.562097 0.585822
v -1.461450 1.681466 0.577260
v -1.679523 1.508943 0.258735
v -1.634187 1.506040 0.399749
v -1.630702 1.291915 0.388384
v -1.625056 1.055650 0.296240
v -1.592117 0.985630 0.266626
v -1.571604 0.975866 0.160786
v -1.491079 0.968203 -0.058380
v -1.403940 0.653088 0.214243
v -1.468734 0.828853 0.228928
v -1.388894 0.679353 0.372481
v -1.479422 0.924948 0.373450
v -1.539815 1.055511 0.434949
v -1.486542 0.996442 0.494651
v -1.250261 0.684032 0.605912
v -1.339938 0.710034 0.494575
v -1.311146 0.599353 0.537196
v -1.415223 0.363872 0.547815
v -1.344752 0.484024 0.549950
v -1.437856 0.281934 0.696072
v -1.529119 0.193116 0.775676
v -1.547543 0.191547 0.501805
v -1.581677 0.022632 0.557138
v -0.446826 0.022586 0.557147
v -0.514877 0.022597 0.262295
v -0.544116 0.192509 0.232165
v -0.480967 0.191546 0.501810
v -0.558810 0.275675 0.415021
v -0.576372 0.357724 0.396332
v -0.595866 0.444670 0.418564
v -0.683430 0.482908 0.550502
v -0.624957 0.358567 0.575987
v -0.669953 0.600316 0.455758
v -0.661631 0.670968 0.438430
v -0.587174 0.931629 0.480685
v -0.685984 0.933386 0.608854
v -0.638098 1.000152 0.624018
v -0.827455 0.932932 0.742285
v -0.843279 0.682913 0.645563
v -0.938793 0.716405 0.713607
v -0.914113 0.655479 0.665348
v -1.053126 0.658367 0.679083
v -1.054802 0.712177 0.721777
v -0.971476 0.467532 0.716746
v -0.737980 0.357242 0.730803
v -0.600984 0.191647 1.041682
v -0.581549 0.022440 1.130371
v -0.476179 0.022502 0.875618
v -1.552339 0.022471 0.875627
v -1.427525 0.191647 1.041684
v -1.265708 0.191533 1.220630
v -1.128009 0.200001 1.280565
v -1.141477 0.359584 0.816034
v -0.904897 0.363861 0.820273
v -0.956329 0.196534 1.298969
v -0.762802 0.191534 1.220630
v -0.810794 0.022485 1.355214
v -1.446963 0.022444 1.130369
v -1.272139 0.022442 1.316266
v -1.049429 0.022641 1.395801
v -1.138832 0.469348 0.699239
v -1.245261 0.473758 0.644679
v -1.290531 0.357242 0.730803
v -1.190647 0.652828 0.635670
v -1.167962 0.715469 0.689755
v -1.322347 0.935169 0.655589
v -1.296799 1.010462 0.751706
v -1.063400 0.914816 0.804256
v -0.910903 0.986935 0.838361
v -0.815791 0.993688 0.780468
v -0.789626 1.136626 0.775125
v -0.909564 1.073665 0.899622
v -0.419572 1.266167 0.429656
v -0.455221 0.988582 0.384055
v -0.533543 0.931187 0.362626
v -0.623114 0.645119 0.261916
v -0.477881 0.923469 0.171657
v -0.463524 0.926443 0.276261
v -0.393977 1.058853 0.264298
v -0.410816 1.054248 0.064432
v -0.353192 1.211632 0.256103
v -0.347286 1.186793 0.050962
v -0.521876 1.150810 -0.229885
v -0.770090 1.199250 -0.368378
v -0.806079 1.137483 -0.342445
v -0.899671 1.235595 -0.381815
v -1.014274 1.200361 -0.348613
v -1.118470 0.991297 -0.313687
v -1.218135 1.009339 -0.308654
v -1.440651 0.995839 -0.178299
v -1.661203 1.211071 -0.012437
v -1.629555 1.097540 0.023264
v -1.570161 1.125246 -0.126500
v -1.255312 0.939180 -0.232522
v -1.204161 0.666610 -0.102077
v -1.090946 0.664383 -0.139227
v -0.937610 0.664380 -0.139226
v -0.824447 0.666639 -0.102096
v -0.641902 0.841861 -0.026103
v -0.753936 0.891017 -0.189142
v -0.602055 0.971674 -0.173929
v -0.548267 0.926480 -0.038641
v -0.442121 1.123899 -0.109123
v -0.813942 1.015967 -0.311337
v -0.910169 0.991932 -0.313973
v -1.014292 0.839287 -0.210722
v -1.014277 1.018980 -0.309570
v -0.557185 0.832412 0.238529
v -0.641855 0.654897 0.118689
v -0.628891 0.436800 0.089346
v -0.582416 0.446624 0.250108
v -0.612233 0.274343 0.178061
v -0.729448 0.274400 -0.009799
v -0.679778 0.196805 0.014602
v -0.654847 0.022594 0.033224
v -0.832075 0.022554 -0.098493
v -1.196436 0.022533 -0.098493
v -1.373657 0.022659 0.033220
v -1.348732 0.196805 0.014602
v -1.484394 0.192508 0.232163
v -1.416278 0.274343 0.178062
v -1.437765 0.443250 0.202429
v -1.448704 0.443427 0.338953
v -1.387413 0.600074 0.379310
v -1.452290 0.356607 0.398383
v -1.469701 0.275676 0.415023
v -1.513644 0.022537 0.262303
v -1.378434 0.650266 0.098867
v -1.399592 0.436803 0.089306
v -1.325343 0.429735 -0.010405
v -1.299063 0.274400 -0.009800
v -1.147087 0.262442 -0.119102
v -1.014255 0.023266 -0.136816
v -0.881425 0.262443 -0.119102
v -0.703165 0.429736 -0.010405
v -0.709141 0.652765 -0.004666
v -0.798541 0.424845 -0.086902
v -1.014280 0.662504 -0.147711
v -1.229967 0.424853 -0.086902
v -1.319423 0.652832 -0.004672
v -1.374709 0.839581 -0.040523
v -1.663707 1.090533 0.154736
v -1.672907 1.227092 0.236430
v -1.693496 1.427090 0.253249
v -0.329561 1.485410 0.270149
v -0.379864 1.574118 0.269872
v -0.379190 1.537602 0.372292
v -0.444072 1.563928 0.483540
v -0.440608 1.675727 0.356618
v -0.372066 1.780070 0.236220
v -0.676204 1.258956 0.721014
v -0.789759 1.232055 0.863332
v -0.906282 1.149858 0.899383
v -1.037231 1.119626 0.938285
v -1.158762 1.144327 0.922782
v -1.225604 1.053796 0.847697
v -1.233657 1.281559 0.960774
v -1.341587 1.507269 0.834688
v -1.430222 1.508186 0.676994
v -1.433737 1.275091 0.653420
v -1.238738 1.494482 0.959620
v -1.131166 1.481152 1.008850
v -1.019109 1.476422 1.021492
v -0.790022 1.507044 0.889513
v -0.902168 1.281554 0.991424
v -1.012717 1.310400 1.020396
v -1.125603 1.311662 1.010050
v -1.333225 1.233996 0.813109
v -0.499391 0.193116 0.775674
v -0.590654 0.281934 0.696067
v -0.810168 0.471150 0.664676
v -0.769956 0.600062 0.590666
v -0.726414 0.716799 0.539710
v -0.892240 1.782843 1.027052
v -0.732572 1.781639 0.975297
v -0.735623 1.934879 0.990731
v -0.631477 1.781639 0.874911
v -0.598265 1.934879 1.067238
v -0.602810 1.686192 0.710803
v -0.224565 2.524610 0.538175
v -0.200282 2.548708 0.301119
v -0.213201 2.551335 0.102376
v -0.203221 2.582484 0.684322
v -0.089358 2.783852 0.195598
v -0.046359 3.006673 0.089970
v -0.130441 2.854523 -0.116793
v -0.073688 3.243169 -0.103856
v -0.266519 2.862954 -0.218015
v -0.202924 3.243169 -0.199200
v -0.141168 3.464638 -0.078598
v -0.093541 3.464638 0.107541
v -0.228544 3.714829 0.122191
v -0.006919 3.250571 0.196473
v -0.025938 3.023893 0.408282
v -0.052074 3.236240 0.668062
v -0.141168 3.464638 0.680836
v -0.255417 3.686034 0.645337
v -0.230370 3.243169 0.889051
v -0.280765 3.912550 0.274110
v -0.199378 3.691774 0.389967
v -0.372182 3.912412 0.696688
v -1.572744 3.912488 0.603824
v -1.472219 3.912507 0.806228
v -1.598348 3.592266 0.849364
v -1.492815 3.686034 0.937152
v -1.753914 3.686034 0.645337
v -1.826199 3.464638 0.680836
v -1.809840 3.686544 0.390133
v -1.893242 3.459349 0.393074
v -1.988233 3.243169 0.539844
v -2.000169 3.249835 0.334501
v -1.988233 3.243169 0.126935
v -1.972789 2.811141 0.118433
v -1.829932 2.828661 -0.102451
v -1.776642 3.264210 -0.126169
v -1.714695 3.243169 -0.286813
v -1.741642 2.823838 -0.291630
v -1.656361 3.445064 -0.359312
v -1.704615 3.243169 -0.447177
v -1.727606 2.819293 -0.460437
v -1.569355 3.243170 -0.701406
v -1.553094 2.800822 -0.703227
v -1.424213 3.006673 -0.921294
v -1.436498 2.705503 -0.891825
v -1.185262 2.704979 -0.954108
v -0.985267 2.705393 -0.833054
v -1.153694 2.327312 -0.824628
v -1.383925 2.327312 -0.772221
v -1.265377 2.100859 -0.594993
v -1.546113 2.385586 -0.534637
v -1.669368 2.420023 -0.372642
v -1.678632 2.457804 -0.232134
v -1.752175 2.487499 -0.089795
v -1.893955 2.413568 0.150686
v -1.979867 2.670789 0.333389
v -1.930784 2.552209 0.719224
v -1.726591 2.327312 0.878167
v -1.656057 2.605605 0.954444
v -1.676127 2.770177 1.117942
v -1.465063 2.548708 1.182297
v -1.454274 2.328854 1.132426
v -1.309334 2.495095 1.290353
v -1.159970 2.548708 1.327637
v -1.217168 2.770177 1.488811
v -0.996015 2.344575 1.279086
v -0.990591 2.770177 1.443875
v -0.829741 2.548708 1.402724
v -1.203739 3.006673 1.557911
v -1.504477 2.982124 1.385919
v -1.198372 3.243169 1.534310
v -1.171325 3.464638 1.431927
v -0.968370 3.241638 1.397056
v -1.504213 3.258882 1.351908
v -1.447655 3.468379 1.310404
v -1.599843 3.464638 1.068101
v -1.660064 3.162035 1.145079
v -1.332786 3.687718 1.087552
v -1.104358 3.686034 1.183322
v -1.021788 3.912553 1.093114
v -0.751655 3.912520 1.057541
v -0.793264 3.460769 1.279739
v -0.642069 3.460775 1.226795
v -0.495870 3.464274 1.134275
v -0.474905 3.247214 1.359611
v -0.341375 3.243169 1.126982
v -0.434145 2.995897 1.347813
v -0.312347 2.759041 1.029016
v -0.119122 2.971442 0.729520
v -0.619466 2.775055 1.479742
v -0.773467 3.243169 1.490563
v -0.964940 3.476383 1.291668
v -0.786139 2.770358 1.538564
v -0.355127 3.498304 0.976018
v -0.523619 3.912512 0.907696
v -1.281132 3.912510 0.995985
v -1.714695 3.243169 0.889051
v -1.744865 2.808382 0.891062
v -1.918215 2.953967 0.751892
v -1.974802 2.793581 0.519762
v -1.937439 3.243170 0.738364
v -1.540293 2.770177 1.296966
v -1.385322 2.770176 1.437545
v -1.489396 2.023975 -0.300985
v -1.416873 2.100858 -0.482179
v -1.289767 1.785284 -0.274030
v -1.268929 1.698415 -0.287554
v -1.371169 1.680361 -0.220112
v -1.437201 1.597043 -0.267228
v -1.355667 1.586039 -0.363974
v -1.239383 1.530858 -0.409689
v -0.785430 2.711179 -0.963857
v -0.964356 3.006673 -0.863031
v -1.168450 3.006673 -0.982884
v -1.163083 3.243169 -0.943867
v -1.415038 3.243169 -0.898843
v -1.421315 3.464638 -0.695986
v -1.279578 3.470266 -0.788853
v -1.439229 3.639931 -0.602596
v -1.587166 3.686034 -0.377362
v -1.389075 3.912509 -0.484212
v -0.751654 3.912514 -0.634059
v -0.505337 3.485961 -0.703316
v -0.523618 3.912509 -0.484212
v -0.374139 3.490608 -0.568832
v -0.228262 3.470984 -0.376930
v -0.469892 3.228201 -0.669380
v -0.423722 3.004856 -0.604334
v -0.593743 3.243169 -0.905924
v -0.641731 3.483330 -0.787935
v -0.793071 3.464638 -0.828948
v -0.808335 3.686034 -0.759837
v -0.956346 3.912488 -0.668642
v -1.161038 3.912520 -0.634056
v -1.041728 3.695069 -0.769936
v -1.119622 3.464638 -0.828948
v -0.966213 3.249009 -0.882677
v -0.761187 3.243169 -0.973290
v -0.758635 3.006673 -0.992444
v -0.587384 3.006673 -0.922655
v -0.614752 2.728949 -0.896870
v -0.484797 2.680053 -0.612889
v -0.651261 2.327312 -0.804723
v -0.401603 3.912488 -0.317095
v -1.607355 3.912582 0.142726
v -1.511089 3.912488 -0.317095
v -1.657276 3.686034 -0.043100
v -1.791194 3.684888 0.118238
v -1.624385 3.912505 0.379619
v -0.079980 3.466554 0.399239
v -0.789165 1.530858 -0.409689
v -0.757531 1.593722 -0.336230
v -0.610838 1.670872 -0.199133
v -0.531371 1.934879 -0.226687
v 0.798812 1.678818 -0.332657
v 1.025124 1.670147 -0.349472
v 0.911896 1.774022 -0.392705
v 1.017256 1.570499 -0.334213
v 0.904394 1.570499 -0.368691
v 1.118459 1.776146 -0.367797
v 0.942889 2.067401 -0.586210
v 1.129209 2.070492 -0.644292
v 0.976146 2.327312 -0.701675
v 0.819417 2.065489 -0.640341
v 0.678993 2.100858 -0.691248
v 0.796977 2.327312 -0.834188
v 0.735618 1.934879 -0.486012
v 0.732568 1.781639 -0.342027
v 0.626771 1.934879 -0.344978
v 0.540323 2.105844 -0.500913
v 0.549193 2.365797 -0.541800
v 0.495753 1.963360 -0.099106
v 0.393230 2.468752 -0.160016
v 0.295743 2.548708 -0.082876
v 0.423502 2.103404 -0.025190
v 0.412101 1.949727 0.105218
v 0.402890 1.940496 0.201827
v 0.307774 2.184674 0.311715
v 0.434538 1.783723 -0.021300
v 0.430190 1.679877 0.097114
v 0.528483 1.589126 -0.239150
v 0.608995 1.679885 -0.223926
v 0.537976 1.885423 -0.211135
v 0.778277 1.600739 -0.337535
v 0.792146 1.530858 -0.409689
v 0.680585 1.522364 -0.378278
v 0.514010 1.494134 -0.270475
v 0.388531 1.477548 -0.093646
v 0.690225 1.337240 -0.382547
v 0.400640 1.574118 -0.084873
v 0.323592 1.483959 0.040780
v 0.374161 1.574118 0.049964
v 0.332542 1.481867 0.268694
v 0.360956 1.197264 0.260020
v 0.422554 1.266165 0.429655
v 0.458203 0.988581 0.384055
v 0.641079 1.000151 0.624017
v 0.792608 1.136626 0.775124
v 0.818773 0.993688 0.780468
v 0.912546 1.073666 0.899622
v 0.913885 0.986935 0.838361
v 1.066382 0.914816 0.804256
v 1.228586 1.053797 0.847697
v 1.161744 1.144328 0.922782
v 1.336207 1.233997 0.813111
v 1.299780 1.010462 0.751707
v 1.436719 1.275086 0.653420
v 1.325327 0.935168 0.655591
v 1.489524 0.996442 0.494651
v 1.391876 0.679353 0.372480
v 1.482404 0.924949 0.373450
v 1.542797 1.055511 0.434949
v 1.471716 0.828854 0.228927
v 1.406922 0.653087 0.214242
v 1.574588 0.975869 0.160784
v 1.494062 0.968204 -0.058381
v 1.595099 0.985630 0.266625
v 1.628037 1.055650 0.296241
v 1.633684 1.291915 0.388383
v 1.642026 1.507534 0.395166
v 1.458132 1.504314 0.649894
v 1.682505 1.508943 0.258735
v 1.533930 1.592804 0.534862
v 1.469262 1.677961 0.020881
v 1.603504 1.608659 0.211577
v 1.503955 1.684858 0.242283
v 1.476387 1.783599 -0.026047
v 1.543254 1.997791 -0.084777
v 1.351034 1.780675 -0.218791
v 1.282307 1.684415 -0.284815
v 1.536085 1.601617 -0.048214
v 1.501601 1.489427 -0.290049
v 1.367125 1.625510 -0.329895
v 1.311430 1.536511 -0.405559
v 1.334983 1.377565 -0.404262
v 1.137141 1.569615 -0.369242
v 1.016242 1.473552 -0.369403
v 0.791209 1.378479 -0.425107
v 0.773072 1.199250 -0.368378
v 0.524857 1.150812 -0.229886
v 0.445103 1.123900 -0.109123
v 0.350267 1.186796 0.050962
v 0.413798 1.054248 0.064432
v 0.396959 1.058853 0.264298
v 0.466507 0.926443 0.276262
v 0.480862 0.923469 0.171662
v 0.626096 0.645118 0.261916
v 0.536524 0.931187 0.362627
v 0.590155 0.931628 0.480685
v 0.688965 0.933386 0.608853
v 0.830436 0.932931 0.742285
v 0.846261 0.682913 0.645563
v 0.941774 0.716405 0.713607
v 0.917095 0.655479 0.665348
v 1.056107 0.658367 0.679083
v 1.057784 0.712177 0.721777
v 0.892061 0.468982 0.699318
v 1.059774 0.467637 0.716700
v 0.890017 0.359584 0.816035
v 0.740969 0.357243 0.730808
v 0.603967 0.191646 1.041684
v 0.584529 0.022443 1.130366
v 0.479155 0.022471 0.875629
v 1.449945 0.022440 1.130372
v 1.430506 0.191647 1.041684
v 1.268691 0.191532 1.220630
v 1.126596 0.363862 0.820273
v 1.075163 0.196535 1.298969
v 0.903488 0.200001 1.280566
v 0.765783 0.191533 1.220629
v 0.759353 0.022442 1.316265
v 1.220699 0.022484 1.355214
v 0.982064 0.022641 1.395801
v 1.221042 0.471827 0.664304
v 1.293512 0.357243 0.730803
v 1.532100 0.193116 0.775683
v 1.555315 0.022502 0.875617
v 1.584668 0.022586 0.557148
v 0.449817 0.022632 0.557138
v 0.483949 0.191546 0.501811
v 0.517849 0.022537 0.262303
v 0.547097 0.192509 0.232167
v 1.516617 0.022597 0.262296
v 1.550525 0.191546 0.501810
v 1.472682 0.275677 0.415014
v 1.455271 0.356608 0.398384
v 1.440840 0.281935 0.696064
v 1.418205 0.363871 0.547815
v 1.347733 0.484024 0.549951
v 1.314128 0.599354 0.537196
v 1.253243 0.684033 0.605912
v 1.193630 0.652827 0.635670
v 1.170944 0.715468 0.689755
v 1.342921 0.710034 0.494574
v 1.451686 0.443427 0.338951
v 1.440747 0.443250 0.202429
v 1.419260 0.274344 0.178061
v 1.487378 0.192508 0.232168
v 1.376647 0.022594 0.033224
v 0.657836 0.022658 0.033220
v 0.682760 0.196805 0.014602
v 0.615214 0.274344 0.178061
v 0.585398 0.446625 0.250108
v 0.598848 0.444669 0.418566
v 0.579353 0.357724 0.396331
v 0.686412 0.482908 0.550502
v 0.627939 0.358567 0.575987
v 0.672935 0.600316 0.455757
v 0.664613 0.670968 0.438430
v 0.729396 0.716799 0.539711
v 0.772937 0.600062 0.590666
v 0.785824 0.472883 0.645089
v 0.593638 0.281936 0.696073
v 0.502374 0.193116 0.775679
v 0.561792 0.275676 0.415023
v 0.644837 0.654897 0.118690
v 0.631873 0.436800 0.089347
v 0.732431 0.274399 -0.009801
v 0.884407 0.262441 -0.119102
v 0.835057 0.022533 -0.098493
v 1.017237 0.023266 -0.136817
v 1.199419 0.022554 -0.098493
v 1.351715 0.196803 0.014603
v 1.302044 0.274399 -0.009800
v 1.402574 0.436802 0.089306
v 1.390395 0.600075 0.379310
v 1.381416 0.650265 0.098867
v 1.328325 0.429734 -0.010405
v 1.232949 0.424853 -0.086902
v 1.150068 0.262443 -0.119102
v 1.017262 0.662504 -0.147711
v 0.801523 0.424844 -0.086902
v 0.706147 0.429737 -0.010405
v 0.712123 0.652765 -0.004666
v 0.644884 0.841861 -0.026103
v 0.827429 0.666640 -0.102096
v 0.551248 0.926483 -0.038643
v 0.560168 0.832411 0.238526
v 0.605034 0.971676 -0.173929
v 0.816924 1.015967 -0.311337
v 0.809061 1.137482 -0.342445
v 0.913151 0.991932 -0.313974
v 0.902653 1.235594 -0.381815
v 1.017256 1.200361 -0.348613
v 1.017259 1.018982 -0.309571
v 1.121453 0.991299 -0.313687
v 1.093928 0.664383 -0.139227
v 1.017274 0.839286 -0.210722
v 1.258296 0.939180 -0.232520
v 1.207142 0.666610 -0.102078
v 1.377690 0.839581 -0.040524
v 1.322404 0.652832 -0.004673
v 0.940592 0.664380 -0.139227
v 1.573142 1.125245 -0.126500
v 1.632537 1.097538 0.023265
v 1.666689 1.090533 0.154736
v 1.675889 1.227092 0.236430
v 1.696478 1.427090 0.253249
v 1.669651 1.470502 -0.008037
v 1.664185 1.211071 -0.012437
v 1.493328 1.232319 -0.278969
v 1.230173 1.153034 -0.353292
v 1.443633 0.995840 -0.178299
v 1.221117 1.009338 -0.308654
v 1.129330 1.212619 -0.376140
v 1.243797 1.378564 -0.425203
v 0.756917 0.891016 -0.189142
v 1.412750 2.076162 -0.452132
v 1.489392 2.023975 -0.300985
v 1.678629 2.457806 -0.232134
v 1.752171 2.487500 -0.089794
v 1.893952 2.413571 0.150686
v 1.647216 1.957255 0.150061
v 1.979862 2.670785 0.333389
v 1.860543 2.328144 0.428101
v 1.724553 2.099585 0.342268
v 1.863559 2.327312 0.685825
v 1.681752 2.100859 0.616935
v 1.558210 1.934879 0.586765
v 1.640270 1.921035 0.415085
v 1.538930 1.934879 0.781205
v 1.440452 1.780900 0.688244
v 1.622039 2.064365 0.825579
v 1.401513 1.932024 0.960648
v 1.186194 1.672888 0.884512
v 1.180116 1.781638 0.975297
v 1.265943 1.961540 1.070042
v 1.081092 1.981601 1.053127
v 1.137275 2.327312 1.204380
v 0.982580 2.100858 1.183464
v 1.006597 1.783280 1.028733
v 0.917910 1.923336 1.046533
v 0.846782 2.100858 1.167607
v 0.834187 2.327312 1.335128
v 0.716203 2.100858 1.063565
v 0.688466 2.327312 1.225642
v 0.670967 2.548708 1.345623
v 0.525658 2.327312 1.253734
v 0.567349 2.100858 1.174170
v 0.524644 2.548708 1.179227
v 0.467658 2.770176 1.380068
v 0.499221 1.939033 1.013364
v 0.346259 2.321228 1.064104
v 0.422769 1.937410 0.904140
v 0.306881 2.557194 0.883803
v 0.239559 2.327312 0.799038
v 0.359332 1.949649 0.739233
v 0.382329 1.934879 0.592225
v 0.382829 1.781639 0.433726
v 0.436898 1.702999 0.499249
v 0.522196 1.740191 0.709692
v 0.575394 1.589194 0.641858
v 0.631473 1.781639 0.874911
v 0.830640 1.678718 0.929109
v 0.764711 1.775689 0.993030
v 0.857918 1.588324 0.872943
v 0.991659 1.673371 0.945779
v 1.074388 1.590584 0.942577
v 1.305631 1.584437 0.809693
v 1.440394 1.676825 0.567243
v 1.535518 1.774630 0.393232
v 1.344568 1.507269 0.834688
v 1.241720 1.494482 0.959620
v 1.236640 1.281559 0.960774
v 1.128585 1.311663 1.010050
v 1.015699 1.310400 1.020396
v 1.040213 1.119625 0.938285
v 0.905150 1.281554 0.991424
v 0.793004 1.507044 0.889513
v 0.690260 1.508161 0.748841
v 0.906493 1.490121 0.996741
v 1.022091 1.476422 1.021492
v 1.134148 1.481154 1.008849
v 0.679186 1.258956 0.721014
v 0.456410 1.573296 0.493762
v 0.379548 1.500483 0.371774
v 0.411985 1.675440 0.358570
v 0.371898 1.779122 0.236935
v 0.383273 1.571365 0.266252
v 0.792741 1.232054 0.863332
v 0.909264 1.149858 0.899383
v 0.735618 1.934879 0.990731
v 0.598261 1.934879 1.067238
v 0.224561 2.524609 0.538176
v 0.200278 2.548708 0.301119
v 0.213197 2.551335 0.102376
v 0.089353 2.783853 0.195598
v 0.025934 3.023892 0.193954
v 0.130437 2.854522 -0.116793
v 0.073683 3.243169 -0.103856
v 0.266515 2.862953 -0.218015
v 0.202920 3.243169 -0.199200
v 0.141163 3.464638 -0.078599
v 0.079976 3.466554 0.202998
v 0.228539 3.714828 0.122191
v 0.006915 3.250571 0.196475
v 0.058193 2.901257 0.464966
v 0.052070 3.236239 0.668064
v 0.115681 3.458452 0.638867
v 0.255412 3.686034 0.645337
v 0.230366 3.243169 0.889051
v 0.280759 3.912545 0.274109
v 0.199373 3.691774 0.389968
v 0.372173 3.912400 0.696689
v 1.572739 3.912488 0.603824
v 1.472217 3.912504 0.806228
v 1.598344 3.592266 0.849364
v 1.492810 3.686034 0.937152
v 1.753910 3.686035 0.645337
v 1.826195 3.464638 0.680836
v 1.809836 3.686544 0.390129
v 1.893237 3.459349 0.393075
v 1.624378 3.912509 0.379618
v 1.607351 3.912582 0.142726
v 1.791189 3.684888 0.118239
v 1.657272 3.686034 -0.043100
v 1.776638 3.264209 -0.126169
v 1.587162 3.686034 -0.377362
v 1.656357 3.445064 -0.359312
v 1.511085 3.912488 -0.317095
v 1.389070 3.912509 -0.484213
v 1.439224 3.639931 -0.602596
v 0.523613 3.912509 -0.484212
v 0.374135 3.490607 -0.568833
v 0.401599 3.912488 -0.317095
v 0.228257 3.470984 -0.376929
v 0.469887 3.228201 -0.669379
v 0.505332 3.485960 -0.703316
v 0.641726 3.483330 -0.787935
v 0.751650 3.912514 -0.634059
v 1.161034 3.912520 -0.634056
v 1.279574 3.470266 -0.788853
v 1.421311 3.464638 -0.695986
v 1.569351 3.243169 -0.701406
v 1.415034 3.243169 -0.898843
v 1.424208 3.006673 -0.921294
v 1.163079 3.243169 -0.943867
v 1.168446 3.006673 -0.982884
v 0.964352 3.006673 -0.863031
v 1.185258 2.704979 -0.954108
v 0.985263 2.705390 -0.833053
v 0.785425 2.711180 -0.963857
v 1.153690 2.327312 -0.824628
v 1.436494 2.705504 -0.891826
v 1.383921 2.327312 -0.772221
v 1.265373 2.100858 -0.594993
v 1.546108 2.385585 -0.534638
v 1.669364 2.420024 -0.372643
v 1.727602 2.819293 -0.460437
v 1.741638 2.823838 -0.291630
v 1.714691 3.243169 -0.286813
v 1.829928 2.828661 -0.102452
v 1.704611 3.243169 -0.447177
v 1.553090 2.800822 -0.703226
v 1.972785 2.811141 0.118433
v 1.988229 3.243169 0.126935
v 2.000165 3.249834 0.334501
v 1.974798 2.793581 0.519761
v 1.988229 3.243169 0.539844
v 1.930779 2.552208 0.719224
v 1.726587 2.327312 0.878167
v 1.656052 2.605605 0.954444
v 1.676122 2.770176 1.117942
v 1.465059 2.548708 1.182297
v 1.454270 2.328854 1.132425
v 1.309330 2.495097 1.290354
v 1.159966 2.548709 1.327637
v 1.217164 2.770177 1.488811
v 0.996011 2.344576 1.279087
v 0.990587 2.770176 1.443875
v 0.829736 2.548708 1.402724
v 1.203735 3.006673 1.557911
v 1.504472 2.982124 1.385919
v 1.198368 3.243169 1.534310
v 1.171321 3.464638 1.431927
v 0.968365 3.241638 1.397056
v 1.504209 3.258882 1.351908
v 1.447651 3.468379 1.310404
v 1.599838 3.464638 1.068101
v 1.660060 3.162035 1.145079
v 1.332781 3.687718 1.087552
v 1.104353 3.686034 1.183322
v 1.021784 3.912537 1.093122
v 0.751649 3.912514 1.057543
v 0.793259 3.460769 1.279739
v 0.642063 3.460775 1.226795
v 0.495865 3.464274 1.134275
v 0.474901 3.247214 1.359612
v 0.341371 3.243169 1.126982
v 0.434140 2.995898 1.347813
v 0.312344 2.759042 1.029018
v 0.119117 2.971443 0.729520
v 0.210556 2.558840 0.691692
v 0.619461 2.775054 1.479741
v 0.773462 3.243169 1.490563
v 0.964935 3.476383 1.291668
v 0.786135 2.770358 1.538564
v 0.355123 3.498304 0.976018
v 0.523615 3.912517 0.907693
v 1.281126 3.912518 0.995982
v 1.714691 3.243169 0.889051
v 1.744861 2.808381 0.891062
v 1.918211 2.953968 0.751892
v 1.937435 3.243169 0.738364
v 1.540289 2.770177 1.296966
v 1.385318 2.770177 1.437545
v 0.614747 2.728951 -0.896870
v 0.484792 2.680052 -0.612888
v 0.587379 3.006673 -0.922655
v 0.423717 3.004856 -0.604334
v 0.758631 3.006673 -0.992444
v 0.761183 3.243169 -0.973290
v 0.966208 3.249009 -0.882677
v 0.793066 3.464638 -0.828948
v 1.133071 3.584086 -0.788873
v 0.870960 3.695069 -0.769936
v 0.956342 3.912488 -0.668642
v 0.593739 3.243169 -0.905924
v 0.651256 2.327312 -0.804723
v 0.846163 7.878926 0.963637
v 0.757945 7.891469 0.984522
v 0.827075 8.029365 1.119198
v 0.872111 8.055842 1.134735
v 0.939367 7.843369 0.976916
v 0.930500 8.088367 1.159398
v 0.951862 8.412174 1.379116
v 1.004025 8.409726 1.370916
v 0.961405 8.037254 1.134536
v 1.063196 8.407635 1.391153
v 1.081877 8.505826 1.443923
v 1.103828 8.435465 1.478940
v 1.108118 8.331252 1.409898
v 1.087839 8.564229 1.476734
v 1.056793 8.673204 1.437454
v 1.033840 8.730605 1.417141
v 0.984088 8.751461 1.409085
v 1.017852 8.756779 1.387511
v 1.000283 8.685832 1.423045
v 1.007493 8.609614 1.426359
v 0.971874 8.666517 1.448325
v 1.018965 8.528256 1.419868
v 0.950937 8.530763 1.446590
v 0.982611 8.534842 1.427773
v 0.908101 8.430143 1.422734
v 0.765304 8.060071 1.199710
v 0.813966 8.099832 1.195081
v 0.661789 7.870682 1.061913
v 0.721437 8.037180 1.250866
v 0.626874 7.825743 1.149249
v 0.633221 7.780542 1.217950
v 0.908054 7.648686 1.299875
v 0.990382 7.667341 1.232275
v 0.965034 7.789268 1.436013
v 0.806609 7.663643 1.323063
v 0.730671 7.692896 1.311801
v 1.042000 7.799495 1.366983
v 1.103837 7.985564 1.441308
v 1.076526 7.850270 1.363306
v 1.052276 7.933948 1.484868
v 1.099937 8.116561 1.521145
v 0.988615 8.147284 1.596155
v 1.064052 8.167737 1.566543
v 1.007851 8.312838 1.593135
v 1.036100 8.413072 1.575757
v 1.022014 8.524138 1.554142
v 1.065324 8.529678 1.531432
v 1.036778 8.630800 1.497794
v 0.982427 8.645044 1.497423
v 0.975827 8.540803 1.551511
v 0.945897 8.555440 1.529455
v 0.925373 8.528931 1.487699
v 0.965090 8.668366 1.467487
v 0.871066 8.398972 1.484322
v 0.782372 8.221589 1.384101
v 0.814784 8.269036 1.494607
v 0.819234 8.196447 1.540762
v 0.764313 8.122151 1.477390
v 0.938269 8.444752 1.566269
v 0.970590 8.405741 1.585215
v 0.926185 8.166389 1.599231
v 0.854787 8.154184 1.575030
v 0.776931 8.018447 1.502310
v 0.711332 7.907458 1.398845
v 0.691401 7.957827 1.346117
v 0.758785 8.158470 1.428630
v 0.669536 7.733914 1.275075
v 0.766026 7.880820 1.458382
v 0.787064 7.824577 1.445045
v 0.856358 7.892437 1.510738
v 0.863447 7.797303 1.456256
v 0.930219 7.873549 1.506386
v 1.001495 7.870183 1.479005
v 0.988718 7.952714 1.536095
v 1.023943 8.045605 1.561510
v 0.914621 7.968708 1.554350
v 0.842641 7.996025 1.544953
v 0.916217 8.066709 1.585252
v 1.080898 8.420350 1.542001
v 1.101680 8.390207 1.517106
v 1.130116 8.141873 1.465533
v 1.135760 8.176270 1.410102
v 1.116435 7.977331 1.381581
v 1.125534 8.042522 1.343238
v 1.033107 7.741199 1.095506
v 1.088585 7.918741 1.224495
v 1.092672 7.869935 1.282075
v 1.026987 7.698740 1.165618
v 1.116020 8.126681 1.321527
v 1.079937 8.185298 1.286000
v 1.008194 7.788223 1.032485
v 1.025469 8.007264 1.157771
v 1.052161 8.529325 1.428470
v 1.037611 8.677314 1.420884
v 0.653810 8.270619 1.260812
v 0.617527 8.269818 1.283696
v 0.640090 8.286003 1.364425
v 0.610276 8.275361 1.322065
v 0.671393 8.219769 1.378731
v 0.651957 8.182544 1.370763
v 0.655707 8.151739 1.352628
v 0.691680 8.102898 1.362830
v 0.694477 8.276945 1.269085
v 0.718886 8.287022 1.312619
v 0.703719 8.219472 1.361224
v 0.694048 8.291381 1.356759
v 0.689766 8.143911 1.373283
v -0.757941 7.891465 0.984519
v -0.846162 7.878927 0.963637
v -0.827077 8.029366 1.119199
v -0.661790 7.870682 1.061912
v -0.764868 8.046286 1.182001
v -0.813966 8.099833 1.195082
v -0.952028 8.412552 1.379314
v -0.872109 8.055843 1.134737
v -0.908246 8.435155 1.427738
v -0.956630 8.531601 1.441171
v -0.940740 8.547803 1.467343
v -0.968573 8.676908 1.463988
v -0.976227 8.683229 1.440139
v -0.985326 8.753918 1.405665
v -0.982427 8.645044 1.497423
v -1.017941 8.756930 1.387270
v -1.002447 8.722905 1.439011
v -1.036369 8.632487 1.497115
v -1.064213 8.528150 1.532972
v -1.098566 8.401834 1.521328
v -1.090457 8.537118 1.491222
v -1.091590 8.528419 1.466353
v -1.126251 8.238387 1.399234
v -1.092299 8.176278 1.298450
v -1.115414 8.123376 1.319427
v -1.025468 8.007267 1.157771
v -0.939367 7.843369 0.976915
v -1.008193 7.788223 1.032485
v -1.033105 7.741195 1.095502
v -1.092672 7.869935 1.282075
v -1.026988 7.698742 1.165620
v -0.806610 7.663643 1.323063
v -1.088584 7.918743 1.224495
v -1.116435 7.977330 1.381581
v -1.135305 8.165346 1.443979
v -1.117521 8.131710 1.496947
v -1.075497 8.151697 1.553510
v -1.071152 8.387163 1.557291
v -1.018675 8.440117 1.576773
v -1.031096 8.316330 1.584118
v -0.987158 8.336334 1.592941
v -1.006446 8.528152 1.556908
v -0.972604 8.524090 1.557164
v -0.929127 8.431416 1.563969
v -0.946219 8.360231 1.586385
v -0.832674 8.171767 1.558340
v -0.802329 8.209539 1.512688
v -0.760048 8.161713 1.430529
v -0.749357 8.079538 1.458427
v -0.691399 7.957823 1.346115
v -0.633223 7.780547 1.217955
v -0.711332 7.907458 1.398845
v -0.669535 7.733911 1.275073
v -0.730671 7.692896 1.311801
v -0.787063 7.824579 1.445045
v -0.856358 7.892437 1.510738
v -0.863446 7.797305 1.456258
v -0.766026 7.880820 1.458382
v -0.842641 7.996025 1.544953
v -0.870457 8.092589 1.576713
v -0.957080 8.156446 1.600557
v -0.897130 8.179234 1.592519
v -1.019658 8.144229 1.586649
v -0.953592 8.052526 1.583052
v -1.058059 8.052752 1.541819
v -1.052276 7.933948 1.484868
v -1.076525 7.850270 1.363307
v -1.042000 7.799494 1.366982
v -0.990382 7.667341 1.232275
v -0.908051 7.648680 1.299869
v -1.001495 7.870182 1.479005
v -0.965033 7.789268 1.436012
v -0.988718 7.952715 1.536095
v -0.914621 7.968708 1.554350
v -0.930219 7.873549 1.506386
v -1.103837 7.985564 1.441308
v -0.776931 8.018448 1.502310
v -0.780150 8.214870 1.378054
v -0.626874 7.825744 1.149249
v -0.721437 8.037179 1.250866
v -0.879546 8.412615 1.470333
v -0.838513 8.330692 1.480485
v -0.920831 8.506301 1.518950
v -0.943469 8.573029 1.517619
v -1.131507 8.086020 1.364952
v -0.961403 8.037252 1.134535
v -0.930500 8.088367 1.159398
v -1.004370 8.410204 1.371230
v -1.060525 8.393891 1.380909
v -0.999826 8.530950 1.420695
v -1.054351 8.518614 1.424912
v -1.043739 8.656252 1.426639
v -1.056623 8.673026 1.436786
v -1.034642 8.730341 1.411396
v -1.010150 8.684861 1.420024
v -0.992697 8.613671 1.430659
v -1.097308 8.381361 1.416015
v 0.337379 7.739335 1.367342
v 0.406220 7.739319 1.405631
v 0.419368 7.740172 1.433639
v 0.408330 7.739317 1.497000
v 0.368793 7.739284 1.528969
v 0.349277 7.844570 1.534896
v 0.320989 7.739339 1.535557
v 0.266427 7.739301 1.496998
v 0.382469 7.833958 1.517054
v 0.350583 7.952435 1.514220
v 0.390847 7.874986 1.492515
v 0.337546 8.038986 1.483514
v 0.319135 7.939518 1.514287
v 0.282013 7.867208 1.491704
v 0.255063 7.740329 1.433603
v 0.268542 7.739332 1.405635
v 0.328732 7.966494 1.460440
v 0.303079 7.842567 1.526302
v 0.073805 8.062467 1.395225
v 0.082453 8.271870 1.267082
v 0.013614 8.277983 1.304882
v 0.000135 8.281453 1.332655
v 0.011503 8.292565 1.395079
v 0.051040 8.297697 1.426634
v 0.098845 8.298716 1.433142
v 0.048151 8.195311 1.440477
v 0.064207 8.097685 1.444080
v 0.027086 8.165466 1.410252
v 0.082619 7.994582 1.429568
v 0.095655 8.084921 1.446075
v 0.135919 8.157918 1.412292
v 0.164440 8.281613 1.332666
v 0.151291 8.277975 1.304887
v 0.127541 8.202334 1.429973
v 0.153406 8.292579 1.395075
v 0.094350 8.194705 1.449279
v -0.091459 8.062466 1.395225
v -0.082811 8.271866 1.267085
v -0.151651 8.277988 1.304880
v -0.165129 8.281453 1.332656
v -0.153762 8.292565 1.395079
v -0.114224 8.297697 1.426634
v -0.066420 8.298708 1.433143
v -0.117113 8.195311 1.440477
v -0.101057 8.097686 1.444080
v -0.138178 8.165467 1.410252
v -0.082645 7.994582 1.429568
v -0.069609 8.084921 1.446075
v -0.029345 8.157918 1.412292
v -0.000824 8.281613 1.332666
v -0.013973 8.277975 1.304887
v -0.037723 8.202334 1.429973
v -0.011857 8.292583 1.395074
v -0.070914 8.194705 1.449279
v -0.337387 7.739308 1.367330
v -0.268542 7.739333 1.405635
v -0.255297 7.739730 1.433535
v -0.305967 7.739284 1.528969
v -0.353772 7.739325 1.535557
v -0.266431 7.739328 1.497001
v -0.303078 7.842567 1.526302
v -0.331433 7.964717 1.514095
v -0.283941 7.875112 1.493039
v -0.337404 8.039018 1.483499
v -0.419697 7.740329 1.433602
v -0.346028 7.966494 1.460439
v -0.406216 7.739347 1.405642
v -0.398357 7.843903 1.487566
v -0.382469 7.833958 1.517054
v -0.408332 7.739310 1.496999
v -0.362789 7.962855 1.499416
v -0.349277 7.844569 1.534896
v 0.183025 7.738357 1.391834
v 0.190539 7.880296 1.469029
v 0.154266 7.824544 1.425485
v 0.202113 7.822387 1.433940
v 0.166425 7.885840 1.491777
v 0.157432 7.873652 1.464827
v 0.137160 7.864992 1.487934
v 0.119311 7.823324 1.450801
v 0.095636 7.738356 1.447698
v 0.104851 7.738351 1.504017
v 0.111783 7.822920 1.494404
v 0.212193 7.738342 1.525327
v 0.190309 7.823177 1.534379
v 0.153749 7.738377 1.538573
v 0.215993 7.822761 1.514916
v 0.195506 7.880372 1.511532
v 0.225751 7.822649 1.471662
v 0.242216 7.738366 1.476779
v 0.229213 7.738343 1.421141
v 0.158353 7.875004 1.522949
v 0.147200 7.828109 1.536065
v 0.129007 7.738339 1.401164
v -0.118985 7.738348 1.401167
v -0.173001 7.738345 1.391830
v -0.169521 7.828311 1.426538
v -0.124930 7.823491 1.434331
v -0.126518 7.865180 1.475882
v -0.099478 7.825082 1.484516
v -0.085611 7.738350 1.447696
v -0.094828 7.738357 1.504018
v -0.143725 7.738342 1.538573
v -0.202167 7.738357 1.525328
v -0.232194 7.738357 1.476777
v -0.219188 7.738349 1.421142
v -0.127774 7.827710 1.530390
v -0.130987 7.863870 1.518494
v -0.165428 7.873563 1.528228
v -0.169301 7.831459 1.537779
v -0.195280 7.863769 1.502795
v -0.158282 7.882782 1.491518
v -0.165487 7.874180 1.457587
v -0.213605 7.826201 1.462410
v -0.205132 7.827146 1.515041
v 0.000000 7.738368 1.388556
v 0.018396 7.863440 1.453107
v -0.010460 7.817736 1.422113
v 0.032846 7.827123 1.435708
v 0.060772 7.738349 1.421143
v 0.073778 7.738357 1.476777
v 0.043754 7.738340 1.525327
v -0.014690 7.738377 1.538573
v -0.063976 7.738349 1.503783
v 0.036863 7.862213 1.518444
v 0.008543 7.862892 1.535632
v 0.046255 7.860347 1.483959
v -0.021986 7.879364 1.491813
v -0.051416 7.870498 1.496218
v -0.033925 7.869906 1.455744
v -0.069377 7.738440 1.431539
v -0.032445 7.869463 1.529765
v 0.485487 7.747225 1.384179
v 0.478069 7.892179 1.444870
v 0.520508 7.747636 1.432242
v 0.490399 7.747223 1.473922
v 0.488329 7.838655 1.466861
v 0.443226 7.747182 1.467427
v 0.422530 7.747259 1.427422
v 0.446400 7.747168 1.388789
v 0.456509 7.859551 1.433193
v 0.446801 7.849037 1.453751
v 0.466774 7.861049 1.466508
v 0.455727 7.812983 1.473035
v 0.582900 7.750699 1.348773
v 0.610499 7.750735 1.380610
v 0.604858 7.750615 1.411188
v 0.568765 7.750652 1.431925
v 0.536937 7.750610 1.411187
v 0.543194 7.803081 1.412758
v 0.532306 7.750785 1.376093
v 0.570776 7.893831 1.405263
v 0.563096 7.822319 1.427024
v 0.583656 7.823360 1.424378
v 0.596274 7.816470 1.408290
v -0.429757 7.747271 1.403655
v -0.450793 7.747200 1.473921
v -0.424443 7.747188 1.437056
v -0.497968 7.747182 1.467428
v -0.518709 7.747231 1.427393
v -0.447046 7.852143 1.448593
v -0.462408 7.851319 1.469432
v -0.477461 7.805148 1.475323
v -0.496995 7.833317 1.457359
v -0.480335 7.747256 1.380408
v -0.476130 7.907093 1.446440
v -0.558897 7.750707 1.348775
v -0.531282 7.750660 1.380591
v -0.542321 7.750683 1.419796
v -0.545521 7.816467 1.408290
v -0.558301 7.822839 1.424722
v -0.571020 7.893831 1.405263
v -0.580819 7.820772 1.426881
v -0.609498 7.750749 1.376082
v -0.597058 7.813249 1.408884
v -0.593357 7.751096 1.426481
v 0.257373 8.268047 1.280977
v 0.281142 8.182520 1.337998
v 0.226162 8.192776 1.342640
v 0.229105 8.160748 1.391959
v 0.195503 8.272090 1.312006
v 0.200358 8.200588 1.392056
v 0.182024 8.283092 1.366431
v 0.211594 8.294474 1.413913
v 0.329462 8.289328 1.366353
v 0.307356 8.296745 1.405490
v 0.318993 8.200550 1.401130
v 0.269682 8.299718 1.427015
v 0.316896 8.277190 1.311956
v 0.299786 8.157197 1.403138
v 0.311797 8.190687 1.358620
v 0.276746 8.145024 1.376512
v 0.260280 8.148652 1.411663
v 0.292199 8.204576 1.437119
v 0.277984 8.157628 1.443647
v 0.258689 8.216214 1.444683
v 0.228335 8.208758 1.437471
v 0.233144 8.171082 1.433371
v -0.260826 8.269084 1.283342
v -0.238256 8.188111 1.335464
v -0.282239 8.194943 1.342945
v -0.285736 8.159828 1.391891
v -0.306774 8.276783 1.312010
v -0.305307 8.202483 1.380007
v -0.319372 8.288811 1.366425
v -0.284895 8.171741 1.432098
v -0.289013 8.297873 1.413912
v -0.279072 8.209361 1.437685
v -0.237197 8.207820 1.445385
v -0.230510 8.298600 1.426869
v -0.201681 8.205803 1.422341
v -0.212866 8.167807 1.418024
v -0.255780 8.145622 1.410604
v -0.193560 8.195480 1.370667
v -0.248080 8.146752 1.374850
v -0.206774 8.269165 1.292468
v -0.173087 8.277677 1.337985
v -0.181890 8.289721 1.393069
v -0.242754 8.165374 1.444825
v 0.373050 8.276889 1.302713
v 0.424657 8.113682 1.377417
v 0.388184 8.184322 1.363448
v 0.355645 8.288525 1.359697
v 0.444284 8.274922 1.282992
v 0.487197 8.287054 1.333330
v 0.477517 8.193915 1.357864
v 0.440619 8.120341 1.380763
v 0.452870 8.187766 1.338338
v 0.422772 8.107112 1.411525
v 0.460096 8.138048 1.415503
v 0.433176 8.130593 1.441997
v 0.460511 8.211488 1.431088
v 0.424071 8.211874 1.439146
v 0.446670 8.302057 1.409697
v 0.399957 8.132567 1.431004
v 0.377027 8.297410 1.398707
v 0.394959 8.124796 1.394841
v 0.405946 8.301665 1.413985
v 0.478602 8.297576 1.383984
v 0.484332 8.204321 1.398118
v -0.420606 8.269593 1.283232
v -0.461315 8.276435 1.308634
v -0.428882 8.177413 1.346408
v -0.417390 8.108754 1.377787
v -0.443439 8.121043 1.394432
v -0.373059 8.269603 1.290942
v -0.342222 8.277238 1.331872
v -0.384844 8.182404 1.350508
v -0.398441 8.115027 1.380756
v -0.418076 8.102251 1.411535
v -0.379725 8.126880 1.405255
v -0.401027 8.125719 1.441352
v -0.401104 8.201640 1.436707
v -0.436993 8.203341 1.429786
v -0.473263 8.286203 1.352922
v -0.442082 8.131486 1.430516
v -0.463760 8.292575 1.384068
v -0.419722 8.297626 1.415008
v -0.354899 8.290944 1.394396
v -0.371769 8.199328 1.417149
v 0.519364 8.194444 1.394474
v 0.522434 8.282634 1.401051
v 0.499427 8.274561 1.352771
v 0.578068 8.276434 1.363445
v 0.546637 8.270200 1.325463
v 0.543189 8.149731 1.400016
v 0.531948 8.197870 1.411213
v 0.560282 8.210820 1.399068
v 0.551090 8.280571 1.405355
v -0.557949 8.194443 1.394475
v -0.577888 8.274565 1.352769
v -0.554878 8.282610 1.401055
v -0.526190 8.282379 1.405207
v -0.517031 8.210820 1.399068
v -0.545366 8.197869 1.411213
v -0.534126 8.149730 1.400017
v -0.499254 8.276400 1.363459
v -0.530676 8.270210 1.325456
v -0.675227 8.273226 1.260823
v -0.643890 8.270045 1.264712
v -0.710581 8.281259 1.283571
v -0.702364 8.159062 1.353640
v -0.716322 8.288404 1.322063
v -0.684819 8.291457 1.364432
v -0.670493 8.219658 1.378730
v -0.631160 8.283661 1.356756
v -0.639253 8.211248 1.361243
v -0.671548 8.139312 1.373193
v -0.698459 8.187813 1.370709
v -0.608369 8.274101 1.317514
v -0.679295 8.101644 1.362685
v -0.617360 8.269817 1.284107
v 0.579339 9.026411 0.791270
v 0.554948 9.048834 0.866339
v 0.500407 9.048834 0.791270
v 0.554948 9.048834 0.716202
v 0.643196 9.048834 0.837665
v 0.643196 9.048834 0.744876
v 0.687980 9.109405 0.712339
v 0.618806 9.097616 0.669807
v 0.707054 9.097616 0.791270
v 0.687980 9.109405 0.870202
v 0.722129 9.176550 0.837665
v 0.722129 9.176550 0.744876
v 0.713627 9.243693 0.791270
v 0.682663 9.255483 0.716202
v 0.667588 9.176550 0.669806
v 0.620835 9.243694 0.663555
v 0.579339 9.176550 0.641132
v 0.537842 9.109405 0.663555
v 0.539872 9.255483 0.669807
v 0.491090 9.176550 0.669806
v 0.470698 9.243694 0.712339
v 0.436549 9.176550 0.744876
v 0.476015 9.097616 0.716202
v 0.445051 9.109406 0.791270
v 0.476015 9.097616 0.866339
v 0.436549 9.176550 0.837665
v 0.470698 9.243694 0.870202
v 0.451624 9.255483 0.791270
v 0.491090 9.176550 0.912735
v 0.537842 9.109405 0.918985
v 0.539872 9.255483 0.912734
v 0.579339 9.176550 0.941409
v 0.620835 9.243694 0.918985
v 0.667588 9.176550 0.912735
v 0.618806 9.097616 0.912734
v 0.682663 9.255483 0.866339
v 0.603730 9.304265 0.866339
v 0.658271 9.304265 0.791270
v 0.579339 9.326688 0.791270
v 0.603730 9.304265 0.716202
v 0.515482 9.304265 0.744876
v 0.515482 9.304265 0.837665
v -0.579339 9.026411 0.791270
v -0.603730 9.048834 0.866339
v -0.658271 9.048834 0.791270
v -0.603730 9.048834 0.716202
v -0.515482 9.048834 0.837665
v -0.515482 9.048834 0.744876
v -0.470698 9.109405 0.712339
v -0.539872 9.097616 0.669807
v -0.451624 9.097616 0.791270
v -0.470698 9.109405 0.870202
v -0.436549 9.176550 0.837665
v -0.436549 9.176550 0.744876
v -0.445051 9.243693 0.791270
v -0.476015 9.255483 0.716202
v -0.491090 9.176550 0.669806
v -0.537843 9.243694 0.663555
v -0.579339 9.176550 0.641132
v -0.620836 9.109405 0.663555
v -0.618806 9.255483 0.669807
v -0.667588 9.176550 0.669806
v -0.687980 9.243694 0.712339
v -0.722129 9.176550 0.744876
v -0.682663 9.097616 0.716202
v -0.713627 9.109406 0.791270
v -0.682663 9.097616 0.866339
v -0.722129 9.176550 0.837665
v -0.687980 9.243694 0.870202
v -0.707054 9.255483 0.791270
v -0.667588 9.176550 0.912735
v -0.620836 9.109405 0.918985
v -0.618806 9.255483 0.912734
v -0.579339 9.176550 0.941409
v -0.537843 9.243694 0.918985
v -0.491090 9.176550 0.912735
v -0.539872 9.097616 0.912734
v -0.476015 9.255483 0.866339
v -0.554948 9.304265 0.866339
v -0.500407 9.304265 0.791270
v -0.579339 9.326688 0.791270
v -0.554948 9.304265 0.716202
v -0.643196 9.304265 0.744876
v -0.643196 9.304265 0.837665
v -0.559432 9.088372 0.886322
v -0.571630 9.100052 0.925426
v -0.598906 9.100053 0.886322
v -0.571630 9.100052 0.847218
v -0.527498 9.100052 0.910490
v -0.527498 9.100052 0.862155
v -0.505102 9.131604 0.845206
v -0.539695 9.125463 0.823050
v -0.495563 9.125463 0.886322
v -0.505102 9.131604 0.927439
v -0.488024 9.166581 0.910490
v -0.488024 9.166581 0.862155
v -0.492276 9.201557 0.886322
v -0.507761 9.207699 0.847218
v -0.515300 9.166581 0.823050
v -0.538680 9.201558 0.819794
v -0.559432 9.166581 0.808114
v -0.580185 9.131604 0.819794
v -0.579169 9.207699 0.823050
v -0.603565 9.166581 0.823050
v -0.613763 9.201558 0.845206
v -0.630841 9.166581 0.862155
v -0.611104 9.125463 0.847218
v -0.626589 9.131605 0.886322
v -0.611104 9.125463 0.925427
v -0.630841 9.166581 0.910490
v -0.613763 9.201558 0.927439
v -0.623302 9.207699 0.886322
v -0.603565 9.166581 0.949595
v -0.580185 9.131604 0.952851
v -0.579169 9.207699 0.949594
v -0.559432 9.166581 0.964531
v -0.538680 9.201558 0.952851
v -0.515300 9.166581 0.949595
v -0.539695 9.125463 0.949594
v -0.507761 9.207699 0.925427
v -0.547235 9.233109 0.925426
v -0.519959 9.233109 0.886322
v -0.559432 9.244790 0.886322
v -0.547235 9.233109 0.847218
v -0.591367 9.233109 0.862155
v -0.591367 9.233109 0.910490
v 0.571692 9.084541 0.886322
v 0.559494 9.096221 0.925427
v 0.532219 9.096222 0.886322
v 0.559494 9.096221 0.847218
v 0.603627 9.096221 0.910490
v 0.603627 9.096221 0.862155
v 0.626023 9.127773 0.845206
v 0.591429 9.121633 0.823050
v 0.635561 9.121633 0.886322
v 0.626023 9.127773 0.927439
v 0.643100 9.162750 0.910490
v 0.643100 9.162750 0.862155
v 0.638848 9.197726 0.886322
v 0.623363 9.203867 0.847218
v 0.615825 9.162750 0.823050
v 0.592444 9.197726 0.819794
v 0.571692 9.162750 0.808114
v 0.550940 9.127773 0.819794
v 0.551955 9.203868 0.823050
v 0.527559 9.162750 0.823050
v 0.517362 9.197726 0.845206
v 0.500284 9.162750 0.862155
v 0.520021 9.121633 0.847218
v 0.504536 9.127774 0.886322
v 0.520021 9.121633 0.925427
v 0.500284 9.162750 0.910490
v 0.517361 9.197726 0.927439
v 0.507823 9.203867 0.886322
v 0.527559 9.162750 0.949595
v 0.550940 9.127773 0.952851
v 0.551955 9.203868 0.949594
v 0.571692 9.162750 0.964531
v 0.592444 9.197726 0.952851
v 0.615825 9.162750 0.949595
v 0.591429 9.121633 0.949594
v 0.623363 9.203867 0.925427
v 0.583890 9.229279 0.925426
v 0.611165 9.229279 0.886322
v 0.571692 9.240959 0.886322
v 0.583890 9.229279 0.847218
v 0.539758 9.229279 0.862155
v 0.539757 9.229279 0.910490
v -0.864334 9.310259 0.767250
v -0.782681 9.343401 0.822085
v -0.898817 9.378348 0.805379
v -0.854107 9.316061 0.750712
v -0.785264 9.520335 0.848036
v -0.773003 9.347778 0.805028
v -0.892401 9.438633 0.813317
v -0.870096 9.486190 0.797461
v -0.805810 9.387560 0.848032
v -0.815923 9.462676 0.867616
v -0.778212 9.390615 0.819142
v -0.769409 9.482472 0.859325
v -0.766762 9.355025 0.840070
v -0.759469 9.401118 0.835302
v -0.800091 9.454898 0.880695
v -0.723310 9.427914 0.905198
v -0.700201 9.383691 0.879223
v -0.690523 9.388067 0.862166
v -0.695732 9.430903 0.876280
v -0.676427 9.432990 0.890538
v -0.700888 9.514147 0.894710
v -0.680855 9.386573 0.890940
v -0.686362 9.514657 0.914651
v -0.714990 9.458184 0.929744
v -0.639223 9.439558 0.956163
v -0.615966 9.395638 0.930086
v -0.652687 9.481221 0.971052
v -0.611496 9.442853 0.927143
v -0.644145 9.524213 0.974893
v -0.601861 9.522569 0.964616
v -0.597055 9.524915 0.956391
v -0.630300 9.465434 0.979402
v -0.612869 9.558370 0.985178
v -0.597292 9.569999 0.961743
v -0.616652 9.526096 0.945573
v -0.616890 9.571181 0.950926
v -0.626568 9.566804 0.967983
v -0.606287 9.400015 0.913029
v -0.671177 9.390949 0.873883
v -0.681779 9.562116 0.911780
v -0.681542 9.517030 0.906427
v -0.696953 9.552387 0.935168
v -0.586690 9.398834 0.923846
v -0.530789 9.553015 0.995121
v -0.540468 9.548639 1.012178
v -0.558057 9.506032 1.019175
v -0.530552 9.507931 0.989769
v -0.525395 9.424686 0.971339
v -0.505537 9.418432 0.983715
v -0.515494 9.500348 1.007910
v -0.510702 9.502687 0.999687
v -0.510939 9.547771 1.005039
v -0.503466 9.371373 0.973428
v -0.432588 9.339506 0.996067
v -0.443190 9.510671 1.033964
v -0.452869 9.506294 1.051021
v -0.442953 9.465586 1.028611
v -0.470575 9.463332 1.058062
v -0.437797 9.382342 1.010181
v -0.427374 9.449749 1.044924
v -0.422594 9.452116 1.036708
v -0.422831 9.497201 1.042060
v -0.418485 9.367540 1.021812
v -0.436170 9.487601 1.063655
v -0.358649 9.454773 1.080512
v -0.380637 9.407791 1.095795
v -0.386577 9.346842 1.087101
v -0.342673 9.284925 1.033023
v -0.415171 9.320590 1.010345
v -0.352570 9.279417 1.049727
v -0.456558 9.394866 1.060660
v -0.442267 9.335129 1.013124
v -0.472208 9.389047 1.044168
v -0.544691 9.445452 1.023667
v -0.529865 9.377474 0.974281
v -0.552829 9.421295 1.000001
v -0.566586 9.463057 1.015247
v -0.596368 9.394458 0.940903
v -0.520187 9.381850 0.957225
v -0.592814 9.440536 0.941572
v -0.524472 9.538221 1.026602
v -0.732903 9.504486 0.924991
v -0.710804 9.554856 0.917120
v -0.767670 9.532425 0.863671
v -0.701125 9.559233 0.900062
v -0.764531 9.484967 0.851111
v -0.783368 9.473858 0.837572
v -0.754166 9.358887 0.818566
v 0.864334 9.310259 0.767250
v 0.782681 9.343401 0.822085
v 0.898817 9.378348 0.805379
v 0.854107 9.316061 0.750712
v 0.785263 9.520401 0.848048
v 0.773003 9.347778 0.805028
v 0.892401 9.438633 0.813317
v 0.870095 9.486188 0.797484
v 0.815924 9.462674 0.867616
v 0.805810 9.387560 0.848032
v 0.778212 9.390615 0.819142
v 0.769371 9.482488 0.859315
v 0.766877 9.355004 0.840053
v 0.760543 9.400743 0.836406
v 0.754166 9.358887 0.818566
v 0.800090 9.454901 0.880695
v 0.723311 9.427915 0.905198
v 0.700201 9.383691 0.879223
v 0.690523 9.388067 0.862166
v 0.695732 9.430903 0.876280
v 0.676427 9.432990 0.890538
v 0.700888 9.514148 0.894710
v 0.680855 9.386573 0.890940
v 0.686362 9.514658 0.914651
v 0.671177 9.390949 0.873883
v 0.714990 9.458184 0.929745
v 0.639223 9.439558 0.956163
v 0.615966 9.395638 0.930086
v 0.652687 9.481221 0.971052
v 0.611496 9.442853 0.927143
v 0.601861 9.522569 0.964616
v 0.597055 9.524915 0.956391
v 0.630300 9.465434 0.979402
v 0.612197 9.561018 0.984996
v 0.597292 9.570000 0.961743
v 0.616652 9.526096 0.945573
v 0.626568 9.566804 0.967982
v 0.616890 9.571180 0.950926
v 0.606287 9.400015 0.913029
v 0.681779 9.562115 0.911780
v 0.681542 9.517030 0.906427
v 0.697692 9.549509 0.935381
v 0.644145 9.524213 0.974892
v 0.532480 9.553499 1.000549
v 0.586690 9.398834 0.923846
v 0.596368 9.394458 0.940903
v 0.520187 9.381849 0.957225
v 0.592814 9.440536 0.941572
v 0.525396 9.424686 0.971338
v 0.529865 9.377474 0.974281
v 0.530552 9.507931 0.989769
v 0.505732 9.418467 0.983693
v 0.515494 9.500348 1.007911
v 0.510702 9.502687 0.999687
v 0.510940 9.547771 1.005039
v 0.443191 9.510671 1.033964
v 0.500337 9.376606 0.967142
v 0.432588 9.339506 0.996067
v 0.437797 9.382342 1.010181
v 0.442267 9.335129 1.013124
v 0.510016 9.372229 0.984199
v 0.442953 9.465587 1.028611
v 0.452869 9.506294 1.051021
v 0.427374 9.449748 1.044924
v 0.422594 9.452116 1.036708
v 0.422831 9.497200 1.042060
v 0.418485 9.367540 1.021813
v 0.436170 9.487601 1.063655
v 0.358649 9.454772 1.080512
v 0.380637 9.407791 1.095795
v 0.386577 9.346842 1.087101
v 0.342673 9.284925 1.033023
v 0.415170 9.320590 1.010345
v 0.352570 9.279417 1.049727
v 0.456559 9.394866 1.060660
v 0.465089 9.378741 1.038684
v 0.478988 9.420712 1.054090
v 0.470575 9.463333 1.058062
v 0.544691 9.445452 1.023667
v 0.552829 9.421294 1.000001
v 0.566586 9.463057 1.015247
v 0.558058 9.506032 1.019175
v 0.523907 9.540197 1.026394
v 0.710804 9.554856 0.917120
v 0.732902 9.504486 0.924991
v 0.774447 9.525675 0.873520
v 0.764768 9.530051 0.856463
v 0.764531 9.484967 0.851111
v 0.701125 9.559232 0.900062
v 0.783368 9.473859 0.837572
v 0.789774 10.707407 1.199225
v 0.798745 10.703269 1.215636
v 0.755214 10.717460 1.213997
v 0.762584 10.524220 1.150774
v 0.780115 10.709991 1.224528
v 0.784652 10.514205 1.195219
v 0.727776 10.538009 1.167795
v 0.689619 10.547061 1.182794
v 0.729442 10.535863 1.173575
v 0.760357 10.522614 1.156539
v 0.757230 10.505971 1.150610
v 0.782716 10.496654 1.194604
v 0.725145 10.519726 1.168842
v 0.723437 10.521882 1.163078
v 0.684801 10.530795 1.179076
v 0.695773 10.518837 1.223488
v 0.619538 10.378100 1.129118
v 0.699004 10.518220 1.218015
v 0.704158 10.534744 1.219271
v 0.745235 10.530902 1.211066
v 0.701172 10.535267 1.224892
v 0.746893 10.529943 1.217159
v 0.742063 10.514221 1.209360
v 0.743801 10.513249 1.215428
v 0.712105 10.342812 1.186867
v 0.772734 10.321370 1.150883
v 0.640178 10.349736 1.198572
v 0.710530 10.344541 1.180924
v 0.643207 10.349898 1.192951
v 0.636635 10.333312 1.193045
v 0.707346 10.328251 1.177098
v 0.616514 10.361071 1.124833
v 0.677145 10.346973 1.104845
v 0.611432 10.364164 1.122513
v 0.681557 10.362361 1.111691
v 0.675521 10.349880 1.099396
v 0.731496 10.330492 1.069223
v 0.632186 10.206814 1.023748
v 0.550568 10.220896 1.056446
v 0.728716 10.328288 1.074534
v 0.731866 10.344029 1.082787
v 0.770729 10.304066 1.147964
v 0.760807 10.138855 1.081333
v 0.677340 10.163140 1.132704
v 0.709010 10.326508 1.183012
v 0.579229 10.170826 1.148795
v 0.675750 10.165388 1.126942
v 0.582253 10.171448 1.143204
v 0.577009 10.155542 1.138510
v 0.672504 10.149484 1.121707
v 0.544363 10.206815 1.048412
v 0.480064 10.074568 0.979698
v 0.629240 10.188767 1.020713
v 0.584419 10.059288 0.937252
v 0.573721 10.155058 1.143963
v 0.627593 10.192176 1.015570
v 0.702998 10.170372 0.972158
v 0.700229 10.167677 0.977243
v 0.703482 10.182530 0.986967
v 0.758839 10.121872 1.076831
v 0.748933 9.966302 1.005611
v 0.642617 9.992102 1.072553
v 0.674178 10.147223 1.127441
v 0.518358 10.000259 1.093066
v 0.641079 9.994926 1.067035
v 0.521397 10.001443 1.087576
v 0.514723 9.985161 1.084554
v 0.637831 9.979692 1.060219
v 0.476637 10.059111 0.971717
v 0.581409 10.041644 0.932365
v 0.471594 10.062650 0.970036
v 0.585957 10.055377 0.942061
v 0.579826 10.045567 0.927580
v 0.674598 10.022407 0.870875
v 0.536482 9.920129 0.823316
v 0.408192 9.937260 0.874579
v 0.671814 10.019209 0.875650
v 0.675023 10.033024 0.886874
v 0.746871 9.949892 0.999420
v 0.736874 9.800494 0.899954
v 0.607777 9.826783 0.982810
v 0.639459 9.976859 1.065706
v 0.457281 9.835031 1.007815
v 0.606107 9.829469 0.977262
v 0.460339 9.835915 1.002279
v 0.455360 9.820299 0.996699
v 0.413127 9.933467 0.876008
v 0.603334 9.814118 0.970985
v 0.403708 9.922786 0.866083
v 0.532799 9.903142 0.816667
v 0.343757 9.832839 0.821130
v 0.494929 9.831923 0.742305
v 0.452370 9.819378 1.002267
v 0.531355 9.907643 0.812373
v 0.646000 9.885905 0.740124
v 0.643270 9.881889 0.744271
v 0.646199 9.892923 0.758734
v 0.732770 9.785253 0.891716
v 0.739034 9.784678 0.892820
v 0.605099 9.811407 0.976491
v 0.611466 9.625567 0.969939
v 0.424919 9.625987 1.008426
v 0.774642 9.625186 0.844306
v 0.627176 9.830093 0.636206
v 0.648863 9.896970 0.754573
v 0.537913 9.915678 0.827666
v 0.677367 10.036396 0.881983
v 0.705766 10.185400 0.981739
v 0.633789 10.203418 1.028913
v 0.734176 10.346388 1.077320
v 0.679978 10.365253 1.106220
v 0.759994 10.507430 1.145041
v 0.759416 10.712572 1.229268
v -0.754163 10.722175 1.204591
v -0.761860 10.718071 1.233520
v -0.807435 10.702827 1.180138
v -0.690503 10.550702 1.173790
v -0.792938 10.711127 1.223988
v -0.703801 10.541578 1.227136
v -0.755751 10.531881 1.210699
v -0.701007 10.524575 1.223744
v -0.757679 10.530871 1.216703
v -0.752372 10.515214 1.209018
v -0.801260 10.492339 1.188235
v -0.754402 10.514187 1.214985
v -0.803613 10.509839 1.188596
v -0.774927 10.518185 1.139366
v -0.821283 10.697952 1.207839
v -0.777144 10.519697 1.133571
v -0.735401 10.538094 1.155777
v -0.737182 10.535978 1.161533
v -0.732712 10.519719 1.156961
v -0.683126 10.534966 1.172084
v -0.620741 10.381497 1.122714
v -0.641823 10.356030 1.206283
v -0.697821 10.525250 1.229238
v -0.730878 10.521847 1.151226
v -0.774239 10.502760 1.128026
v -0.686117 10.366402 1.096664
v -0.771502 10.501397 1.133632
v -0.745877 10.344328 1.063245
v -0.687769 10.363543 1.102130
v -0.743565 10.342061 1.068750
v -0.740133 10.326238 1.060682
v -0.787953 10.318486 1.145265
v -0.683173 10.348067 1.095444
v -0.785581 10.301238 1.142506
v -0.715579 10.329074 1.176917
v -0.742875 10.328358 1.055318
v -0.717484 10.327293 1.182747
v -0.772288 10.137175 1.076904
v -0.683873 10.163745 1.132557
v -0.580478 10.176752 1.158709
v -0.682068 10.166019 1.126869
v -0.636435 10.340030 1.203044
v -0.583413 10.177341 1.153067
v -0.553006 10.222617 1.053337
v -0.578170 10.161526 1.148593
v -0.547876 10.225893 1.051406
v -0.678631 10.150130 1.121660
v -0.769965 10.120257 1.072551
v -0.680525 10.147842 1.127314
v -0.574976 10.161070 1.154104
v -0.647025 9.992504 1.072484
v -0.519209 10.005755 1.105018
v -0.756678 9.965424 1.002560
v -0.645290 9.995347 1.067035
v -0.522161 10.006916 1.099476
v -0.481544 10.076340 0.977170
v -0.516969 9.991663 1.093433
v -0.641855 9.980123 1.060239
v -0.754272 9.949072 0.996515
v -0.643680 9.977268 1.065652
v -0.513706 9.990679 1.098834
v -0.610057 9.826990 0.982788
v -0.457741 9.839986 1.021738
v -0.740867 9.800188 0.898397
v -0.608170 9.829672 0.977307
v -0.460712 9.840797 1.016144
v -0.413120 9.934837 0.874840
v -0.455702 9.825223 1.010954
v -0.605231 9.814346 0.971051
v -0.403660 9.923945 0.865070
v -0.534279 9.903998 0.814625
v -0.532800 9.908449 0.810291
v -0.452859 9.824345 1.016605
v -0.343807 9.833028 0.821076
v -0.495104 9.832080 0.742185
v -0.627464 9.830198 0.636015
v -0.646965 9.884690 0.738530
v -0.649267 9.893465 0.755180
v -0.742683 9.784356 0.891355
v -0.736426 9.785061 0.890292
v -0.607206 9.811632 0.976484
v -0.603115 9.625538 0.969937
v -0.766507 9.625139 0.844187
v -0.416380 9.625927 1.029108
v -0.539584 9.916656 0.825395
v -0.651940 9.897411 0.750930
v -0.538117 9.921062 0.821010
v -0.408174 9.938596 0.873357
v -0.582799 10.046967 0.923125
v -0.680251 10.022676 0.863933
v -0.677510 10.019563 0.868789
v -0.680980 10.033463 0.879739
v -0.584424 10.043087 0.927931
v -0.473325 10.063295 0.968792
v -0.589135 10.056911 0.937438
v -0.587555 10.060780 0.932608
v -0.683323 10.036736 0.874781
v -0.632059 10.193758 1.008702
v -0.711512 10.169953 0.961685
v -0.542859 10.210302 1.045070
v -0.633762 10.190390 1.013854
v -0.638484 10.205118 1.021868
v -0.708786 10.167346 0.966839
v -0.712312 10.182268 0.976317
v -0.714596 10.185039 0.971036
v -0.636825 10.208474 1.016694
v -0.681473 10.350943 1.090001
v -0.613198 10.366163 1.118956
v -0.639673 10.340015 1.197539
v -0.644765 10.356152 1.200617
v -0.718957 10.345354 1.180718
v -0.720765 10.343591 1.186584
v 0.515102 2.681310 -1.658050
v 0.986509 2.681175 -1.673509
v 0.257607 2.920614 -1.659399
v 0.513734 2.682274 -1.523265
v 0.933109 2.680031 -1.554761
v 0.949232 4.368577 -1.214211
v 0.432389 4.356680 -1.152674
v 0.000015 4.358183 -1.104334
v 0.664934 4.379474 -1.232265
v 0.256182 4.374256 -1.181668
v 0.239372 2.920289 -1.524464
v -0.172024 2.681433 -1.525669
v -0.259501 2.681298 -1.659399
v -0.478420 2.682257 -1.523079
v -0.498118 4.357499 -1.168893
v -0.257189 4.375821 -1.184356
v -0.664934 4.379474 -1.232265
v -0.743719 2.680709 -1.663044
v -0.776314 2.699491 -1.546104
v -1.267156 2.872943 -1.657749
v -0.895441 4.369796 -1.214552
v -1.231912 2.861578 -1.697037
v -1.079795 4.388104 -1.266414
v -1.641962 2.739209 -1.559215
v -1.453159 4.378839 -1.234710
v -1.643723 2.689441 -1.662266
v -1.562809 2.722392 -1.511239
v -1.573247 4.347982 -1.146410
v -1.404703 4.360557 -1.183053
v -1.790964 4.356118 -1.054933
v -1.749060 4.360580 -1.132583
v -1.858770 3.058847 -1.307400
v -2.029032 2.797211 -1.087684
v -1.892029 3.106594 -1.264464
v -1.961575 3.113229 -1.346103
v -1.980381 4.360664 -0.971636
v -2.130503 2.880175 -1.194182
v -2.282135 2.838136 -0.853471
v -1.965386 4.331938 -0.591194
v -2.156736 4.305971 -0.156527
v -2.150008 2.933523 -0.659560
v -2.278991 2.730513 -0.277133
v -2.500843 3.129153 0.239641
v -2.273708 2.822183 -0.437846
v -2.183789 3.006673 -0.587475
v -2.302327 3.019915 -0.644169
v -2.281708 2.911755 -0.529527
v -2.378925 2.829577 -0.482919
v -2.452788 2.698411 0.768027
v -2.433942 3.104822 0.240186
v -2.173820 4.259111 0.646844
v -2.014690 4.222526 1.278866
v -2.310469 2.941067 1.142675
v -2.067479 4.250627 0.796275
v -1.947528 4.224391 1.246788
v -1.752727 4.203965 1.598135
v -2.190416 2.984547 1.205586
v -2.227956 2.698071 0.757511
v -2.075709 2.707920 1.733536
v -1.768330 2.946785 2.053492
v -1.813174 4.201396 1.642327
v -1.739612 2.945664 1.925524
v -1.434499 4.186633 1.895286
v -1.290921 2.709485 2.060462
v -1.389344 2.710696 2.198720
v -0.956962 3.119955 2.299662
v -1.030288 4.175156 2.092134
v -1.541977 4.186004 1.907112
v -0.675116 4.175777 2.082737
v -0.889174 3.118681 2.154252
v -0.453253 2.710562 2.183377
v -0.487800 2.711855 2.331007
v 0.051416 3.034715 2.316867
v 0.352746 2.711855 2.331007
v -0.376972 4.172162 2.144972
v 0.051395 3.033431 2.170238
v 0.425431 4.171959 2.148690
v 0.318155 2.710562 2.183377
v 0.346189 4.175695 2.084212
v 0.760008 3.244846 2.154252
v 1.210631 2.709569 2.050711
v 0.964859 4.178521 2.037146
v 0.827839 3.271660 2.299662
v 1.490600 4.189085 1.854095
v 1.033967 4.175380 2.089773
v 1.643236 2.905852 1.925524
v 1.932226 2.939576 1.642901
v 1.768553 2.906973 2.053492
v 1.283717 2.710696 2.198720
v 2.079579 2.706759 1.749318
v 1.541977 4.186004 1.907112
v 1.813174 4.201396 1.642327
v 2.014690 4.222526 1.278866
v 2.310692 3.044952 1.331789
v 1.752758 4.203965 1.598135
v 1.947558 4.224391 1.246788
v 2.146964 3.044279 1.254954
v 2.279213 2.620518 0.757514
v 2.436096 2.759399 0.239641
v 2.067516 4.250581 0.796273
v 2.108022 4.277805 0.327753
v 2.138784 4.249619 0.812818
v 2.180685 4.277795 0.328146
v 2.286232 2.840798 0.156142
v 2.373392 2.688542 -0.277149
v 2.067527 4.304979 -0.140772
v 1.961634 4.331070 -0.636514
v 2.138784 4.305971 -0.156527
v 2.147059 3.180192 -0.774621
v 1.993978 2.723440 -1.206828
v 2.310692 3.180213 -0.852507
v 1.823009 4.353721 -1.028114
v 1.565727 4.350841 -1.076370
v 1.819307 4.367119 -1.127301
v 1.832084 2.763875 -1.394866
v 1.548581 2.722104 -1.524102
v 1.870229 2.788848 -1.437823
v 1.404788 4.360026 -1.183312
v 1.453159 4.378839 -1.234710
v 1.079795 4.388104 -1.266414
v 1.221393 2.840106 -1.488571
v 1.238492 2.839587 -1.623827
v 1.666691 2.677556 -1.659201
v 2.088696 2.680963 -1.232901
v 1.973843 4.343737 -0.846974
v 2.453011 2.688656 -0.317131
v 2.453011 2.612359 0.796413
v -2.110016 4.299725 -0.050345
v -2.123899 2.673233 -0.965649
v -2.236771 2.675084 -1.029559
vn 0.1752 0.0340 -0.9839
vn 0.3792 0.0099 -0.9253
vn -0.0000 1.0000 -0.0000
vn 0.4923 0.0075 -0.8704
vn 0.7785 0.0002 -0.6276
vn 0.9378 0.0107 -0.3471
vn 0.9900 0.0191 -0.1396
vn 0.9879 0.1126 0.1066
vn 0.9664 0.0278 0.2554
vn 0.8712 0.0341 0.4897
vn -0.0412 -0.6951 0.7177
vn 0.0510 -0.6928 0.7193
vn -0.8645 0.0671 0.4981
vn -0.9892 0.1040 0.1035
vn -0.9999 0.0092 0.0065
vn -0.9879 0.0207 -0.1540
vn -0.7951 0.0272 -0.6058
vn -0.6303 -0.0301 -0.7757
vn -0.4926 0.0305 -0.8697
vn -0.3561 0.0107 -0.9344
vn -0.0315 0.2369 -0.9710
vn 0.0280 0.2535 -0.9669
vn -0.0058 0.3256 -0.9455
vn 0.0748 0.6401 -0.7647
vn 0.1435 0.8912 -0.4304
vn 0.1846 0.3374 -0.9231
vn 0.2913 0.2294 -0.9287
vn 0.3646 0.6271 -0.6883
vn 0.3737 0.3932 -0.8401
vn 0.3044 0.2648 -0.9150
vn 0.5660 0.1935 -0.8014
vn 0.3939 0.8935 -0.2157
vn 0.5187 0.6972 -0.4949
vn 0.5454 0.4671 -0.6960
vn 0.5633 0.3157 -0.7636
vn 0.7328 0.4875 -0.4746
vn 0.7618 0.3255 -0.5602
vn 0.7694 0.2073 -0.6041
vn 0.6819 0.7013 -0.2077
vn 0.8052 0.5173 -0.2899
vn 0.8662 0.3223 -0.3818
vn 0.9162 0.2016 -0.3464
vn 0.7326 0.6643 -0.1483
vn 0.7884 0.2153 -0.5763
vn 0.9597 0.1420 -0.2426
vn 0.4511 0.8921 0.0248
vn 0.7098 0.7013 0.0652
vn 0.8375 0.5354 0.1093
vn 0.6680 0.4476 0.5945
vn 0.4182 0.1595 0.8943
vn 0.9944 -0.1055 -0.0037
vn 0.9253 0.3304 0.1861
vn 0.3917 0.6807 0.6190
vn 0.9371 0.2986 0.1807
vn 0.4012 0.8877 0.2261
vn 0.6379 0.6991 0.3230
vn 0.8194 0.4720 0.3254
vn 0.9104 0.3115 0.2722
vn 0.9211 0.2121 0.3265
vn 0.7734 0.5245 0.3561
vn 0.7691 0.2619 0.5830
vn 0.6833 0.3842 0.6209
vn 0.8306 0.2655 0.4896
vn 0.2014 0.8916 0.4056
vn 0.1601 -0.4387 0.8843
vn -0.3801 0.8217 0.4247
vn 0.5888 0.4849 0.6467
vn 0.6828 0.3353 0.6491
vn 0.4438 -0.5734 0.6887
vn 0.0962 0.8821 0.4611
vn 0.2561 0.5349 0.8052
vn 0.2770 0.5187 0.8088
vn 0.8273 -0.2488 0.5037
vn 0.8326 0.3545 0.4256
vn 0.6804 0.3984 0.6151
vn 0.4471 0.5492 0.7060
vn 0.0793 0.7516 0.6548
vn 0.1016 0.5445 0.8326
vn 0.5176 0.3619 0.7753
vn 0.8326 0.3882 0.3951
vn -0.5261 -0.5793 0.6226
vn -0.0905 0.8922 0.4426
vn -0.0546 0.6925 0.7193
vn -0.0861 0.5403 0.8370
vn -0.0943 0.6313 0.7698
vn -0.4833 0.3810 0.7882
vn -0.4321 0.6097 0.6645
vn -0.8322 0.3887 0.3953
vn 0.5262 -0.5793 0.6225
vn -0.7904 -0.2169 0.5730
vn -0.8133 0.3980 0.4245
vn -0.6804 0.3984 0.6151
vn -0.4471 0.5492 0.7060
vn -0.3120 0.8926 0.3254
vn -0.4500 -0.5778 0.6809
vn -0.0962 0.8821 0.4611
vn -0.2561 0.5349 0.8052
vn -0.2770 0.5187 0.8088
vn -0.0382 -0.4979 0.8664
vn 0.3794 0.8095 0.4479
vn -0.5884 0.4852 0.6469
vn -0.6823 0.3354 0.6496
vn -0.5751 0.7442 0.3398
vn -0.7591 0.5626 0.3276
vn -0.7604 0.1788 0.6243
vn -0.6978 0.3505 0.6246
vn -0.8270 0.2677 0.4944
vn -0.4345 0.8924 0.1216
vn -0.6858 0.6953 0.2151
vn -0.8345 0.5179 0.1883
vn -0.9260 0.3203 0.1999
vn -0.9021 0.3365 0.2703
vn -0.9194 0.2166 0.3283
vn -0.3900 0.6812 0.6195
vn -0.9363 0.3031 0.1774
vn -0.4303 0.8904 -0.1487
vn -0.7105 0.7037 0.0040
vn -0.6803 0.4268 0.5959
vn -0.4241 0.1617 0.8910
vn -0.9948 -0.1018 0.0007
vn -0.6805 0.6968 -0.2267
vn -0.8097 0.5035 -0.3014
vn -0.7649 0.6235 -0.1617
vn -0.7872 0.2184 -0.5767
vn -0.9607 0.1452 -0.2367
vn -0.8669 0.3250 -0.3780
vn -0.9158 0.1931 -0.3523
vn -0.5228 0.6978 -0.4897
vn -0.7328 0.4868 -0.4755
vn -0.7590 0.3251 -0.5641
vn -0.7695 0.2051 -0.6048
vn -0.2001 0.8933 -0.4025
vn -0.5485 0.4691 -0.6921
vn -0.5732 0.3172 -0.7555
vn -0.5666 0.2002 -0.7993
vn -0.3689 0.6196 -0.6928
vn -0.3691 0.3995 -0.8391
vn -0.3270 0.2084 -0.9217
vn -0.1441 0.6366 -0.7576
vn -0.1778 0.3330 -0.9260
vn -0.2960 0.2627 -0.9184
vn -0.0005 -1.0000 -0.0018
vn 0.9239 -0.3822 -0.0166
vn 0.5601 -0.8283 0.0144
vn 0.2799 -0.9600 0.0102
vn 0.9999 0.0061 0.0087
vn -0.2945 0.6185 0.7285
vn -0.2369 -0.5621 0.7924
vn -0.1435 -0.8533 0.5014
vn -0.0408 -0.9825 0.1819
vn -0.1186 0.3723 0.9205
vn -0.4297 -0.8096 -0.3999
vn -0.1804 -0.9819 -0.0581
vn -0.5661 -0.8024 -0.1890
vn -0.8821 -0.3436 -0.3223
vn -0.9312 -0.0009 -0.3646
vn 0.7111 -0.3786 -0.5925
vn 0.4350 -0.8089 -0.3954
vn 0.1417 -0.9747 -0.1726
vn 0.3043 -0.8214 -0.4824
vn 0.4692 -0.4147 -0.7797
vn 0.6225 -0.0265 -0.7822
vn 0.3284 0.6076 0.7232
vn 0.2619 -0.5550 0.7895
vn 0.1310 -0.9826 0.1317
vn 0.1926 -0.9044 0.3807
vn 0.5462 -0.0684 0.8348
vn 0.0579 -0.7710 -0.6342
vn 0.1074 -0.9266 -0.3604
vn -0.0874 -0.9269 -0.3650
vn 0.0020 -0.4175 -0.9087
vn 0.0024 0.0364 -0.9993
vn -0.9638 0.0307 0.2649
vn -0.5503 -0.8214 0.1502
vn -0.1787 -0.9820 0.0611
vn -0.8930 -0.3911 0.2226
vn -0.0886 -0.9784 -0.1869
vn -0.1820 -0.8045 -0.5654
vn -0.1789 -0.4181 -0.8906
vn -0.1813 0.0330 -0.9829
vn 0.8909 -0.3930 0.2278
vn 0.5463 -0.8220 0.1605
vn 0.1825 -0.9819 0.0500
vn -0.5460 -0.0414 0.8368
vn -0.1867 -0.9086 0.3737
vn -0.6992 -0.3779 -0.6069
vn -0.1415 -0.9743 -0.1755
vn 0.8768 -0.3634 -0.3149
vn 0.1770 -0.9821 -0.0641
vn 0.1139 0.3762 0.9195
vn 0.1365 -0.8497 0.5093
vn 0.0543 -0.9823 0.1792
vn 0.2631 -0.4222 -0.8675
vn 0.7787 -0.4276 0.4591
vn 0.4396 -0.8542 0.2775
vn 0.0659 0.3593 0.9309
vn -0.7859 -0.4114 0.4616
vn -0.3662 -0.8818 0.2971
vn -0.3182 -0.8132 -0.4873
vn 0.5629 -0.8053 -0.1861
vn 0.0143 0.3771 0.9261
vn 0.0016 -0.8467 0.5321
vn -0.9257 -0.3770 -0.0302
vn -0.5601 -0.8284 -0.0056
vn -0.2784 -0.9604 -0.0094
vn 0.2489 -0.8062 -0.5367
vn 0.0766 -0.9799 -0.1844
vn -0.0940 0.3374 0.9366
vn 0.7683 -0.4089 0.4925
vn 0.3661 -0.8810 0.2998
vn -0.7799 -0.4096 0.4732
vn -0.4392 -0.8552 0.2752
vn -0.1293 -0.9827 0.1326
vn -0.4152 -0.4148 -0.8096
vn 0.1624 0.9811 -0.1052
vn 0.1747 0.9815 0.0780
vn -0.0004 0.9810 0.1941
vn -0.1567 0.9820 0.1054
vn -0.1758 0.9810 -0.0822
vn -0.0037 0.9807 -0.1956
vn 0.4364 0.6042 0.6666
vn -0.2798 -0.0676 0.9577
vn 0.2014 -0.6278 0.7519
vn -0.2015 -0.6295 0.7504
vn 0.5210 0.7950 -0.3108
vn 0.9687 -0.0718 -0.2375
vn 0.9927 -0.0751 -0.0947
vn 0.3434 0.3696 0.8634
vn 0.4047 0.0813 0.9108
vn 0.9261 0.0321 0.3760
vn -0.2493 0.5989 0.7610
vn 0.2369 0.2022 0.9503
vn 0.2494 0.5986 0.7612
vn -0.2349 0.2119 0.9487
vn -0.3450 0.3678 0.8635
vn -0.4047 0.0813 0.9108
vn -0.9256 0.0359 0.3767
vn -0.5284 0.7916 -0.3069
vn -0.9688 -0.0737 -0.2366
vn -0.9929 -0.0730 -0.0942
vn -0.0782 -0.4498 0.8897
vn -0.5000 0.7245 0.4744
vn 0.4776 -0.4967 0.7247
vn 0.1246 0.9091 0.3975
vn 0.7978 -0.4206 0.4320
vn 0.4923 0.8657 0.0908
vn -0.7885 -0.4231 0.4465
vn -0.4846 0.8698 0.0929
vn -0.4758 -0.4939 0.7278
vn -0.1246 0.9091 0.3975
vn 0.0940 -0.4500 0.8881
vn 0.5087 0.7168 0.4769
vn -0.3605 -0.4492 0.8175
vn 0.2468 -0.7410 0.6245
vn 0.1939 -0.6994 0.6879
vn 0.0693 -0.6209 0.7808
vn -0.0018 -0.6250 0.7806
vn -0.0686 -0.6237 0.7787
vn -0.1925 -0.6983 0.6894
vn -0.2468 -0.7410 0.6245
vn 0.3605 -0.4492 0.8175
vn -0.0798 0.8042 0.5889
vn 0.1354 0.7754 0.6168
vn -0.2189 0.7425 0.6331
vn 0.2201 0.7410 0.6344
vn -0.1373 0.7788 0.6120
vn 0.4204 0.5348 0.7330
vn 0.0398 0.8092 0.5862
vn -0.4204 0.5348 0.7330
vn 0.6073 -0.3928 0.6906
vn -0.6073 -0.3928 0.6906
vn -0.6994 -0.6814 0.2157
vn 0.2797 -0.0667 0.9578
vn 0.3904 -0.6769 0.6240
vn -0.3879 -0.6679 0.6351
vn -0.3337 -0.0582 0.9409
vn 0.6997 -0.6812 0.2155
vn 0.3343 -0.0595 0.9406
vn 0.3374 -0.8405 -0.4240
vn -0.3363 -0.8409 -0.4241
vn -0.6844 -0.2256 0.6933
vn 0.6838 -0.2224 0.6949
vn -0.6048 -0.4755 0.6388
vn 0.6064 -0.4645 0.6454
vn 0.3540 -0.3696 0.8591
vn 0.4955 -0.4407 0.7485
vn 0.3921 0.3092 0.8664
vn 0.1534 -0.5798 0.8002
vn -0.3967 0.2279 0.8892
vn -0.1304 -0.6352 0.7613
vn -0.4861 -0.4445 0.7524
vn -0.3520 -0.3709 0.8594
vn 0.1239 -0.3295 0.9360
vn -0.0112 -0.6589 0.7522
vn 0.0776 -0.5707 0.8175
vn -0.1723 -0.2813 0.9440
vn 0.0024 0.6384 0.7697
vn 0.5509 0.8276 0.1076
vn -0.2977 -0.3589 0.8846
vn 0.7981 0.2192 0.5612
vn 0.5327 -0.2488 0.8089
vn -0.2585 0.8613 0.4374
vn -0.1426 0.9500 -0.2778
vn 0.8889 -0.2592 0.3778
vn 0.1756 0.0994 0.9794
vn 0.4355 0.6288 -0.6442
vn 0.2545 0.8695 0.4232
vn -0.8724 -0.3001 0.3858
vn -0.0781 0.1515 0.9854
vn -0.4749 -0.0797 0.8765
vn 0.1697 0.9444 -0.2816
vn 0.3170 -0.4557 0.8318
vn -0.5082 0.8488 0.1455
vn -0.7075 0.2457 0.6627
vn 0.4825 0.8562 0.1846
vn -0.2207 0.8674 0.4459
vn -0.0740 0.5865 0.8066
vn 0.1186 0.8794 0.4611
vn 0.4315 0.1471 0.8900
vn -0.5037 0.8231 0.2624
vn -0.3008 0.6955 0.6525
vn 0.2943 0.6733 0.6783
vn -0.3898 -0.7790 0.4912
vn -0.8706 -0.1232 0.4763
vn -0.0741 -0.9055 0.4179
vn -0.6208 -0.7462 0.2403
vn -0.5723 -0.2581 0.7783
vn -0.2043 -0.3731 0.9050
vn -0.6519 0.1226 0.7484
vn -0.8926 0.0621 0.4466
vn -0.8893 0.2127 0.4049
vn -0.9514 0.2395 0.1934
vn -0.9438 0.2013 0.2620
vn -0.9591 0.2341 0.1592
vn -0.7667 -0.5518 0.3282
vn -0.5362 -0.6932 0.4817
vn -0.8465 -0.2610 0.4639
vn -0.4280 -0.8018 0.4169
vn 0.0032 -0.4991 0.8665
vn -0.3724 -0.1432 0.9169
vn -0.9042 0.1686 0.3924
vn -0.2344 -0.8218 0.5193
vn 0.0256 -0.8536 0.5202
vn -0.2868 -0.9442 0.1617
vn -0.0667 -0.8977 0.4355
vn -0.0377 -0.4742 0.8796
vn 0.1961 -0.8533 0.4830
vn 0.2055 -0.9697 0.1318
vn -0.2311 -0.8497 0.4740
vn -0.2092 -0.5301 0.8217
vn -0.1591 -0.3888 0.9075
vn -0.3636 -0.0476 0.9303
vn 0.1476 0.0084 0.9890
vn -0.2217 -0.4152 0.8823
vn -0.2612 0.2969 0.9185
vn -0.2059 0.4191 0.8843
vn -0.2090 0.8929 0.3987
vn -0.8526 0.3248 0.4093
vn -0.8538 0.3256 -0.4063
vn -0.8623 -0.2967 0.4103
vn -0.8620 -0.2979 -0.4101
vn -0.2319 -0.8881 -0.3969
vn -0.2332 -0.8885 0.3952
vn -0.2233 -0.4190 -0.8801
vn 0.1400 0.0125 -0.9901
vn -0.2144 0.4141 -0.8846
vn -0.2581 0.3651 -0.8945
vn -0.2075 0.8920 -0.4017
vn -0.2860 0.8597 -0.4232
vn -0.3432 0.8568 -0.3848
vn 0.1044 0.9107 -0.3996
vn 0.0958 0.9954 -0.0095
vn 0.2713 0.9625 -0.0000
vn 0.0330 0.9270 0.3737
vn -0.3505 0.8512 0.3905
vn 0.0993 0.9143 0.3927
vn -0.2971 0.9548 0.0086
vn -0.2895 0.8550 0.4302
vn -0.3554 0.4845 0.7994
vn 0.0807 0.5249 0.8473
vn 0.3107 0.4701 0.8261
vn 0.3079 0.8585 0.4100
vn -0.0636 0.4499 0.8908
vn -0.3807 0.4193 0.8242
vn -0.0659 0.0437 0.9969
vn -0.3943 0.8393 0.3742
vn -0.1886 0.9060 0.3789
vn -0.1228 0.4947 0.8604
vn 0.1636 0.4873 0.8578
vn 0.0561 0.0030 0.9984
vn -0.0212 0.5514 0.8340
vn 0.0183 0.8547 0.5188
vn -0.7157 0.4981 0.4896
vn -0.2643 0.8409 0.4722
vn -0.2254 0.9319 0.2841
vn -0.0830 0.9588 0.2718
vn 0.1354 0.9755 0.1735
vn -0.1283 0.9892 0.0715
vn -0.2064 0.9785 -0.0033
vn 0.0509 0.9984 0.0238
vn -0.3940 0.8397 -0.3738
vn 0.0338 0.9265 -0.3749
vn 0.3078 0.8588 -0.4096
vn 0.0836 0.5418 -0.8363
vn -0.3568 0.4937 -0.7930
vn -0.3727 -0.0404 -0.9271
vn 0.0435 0.0052 -0.9990
vn -0.2274 0.0030 -0.9738
vn -0.2083 -0.5406 -0.8151
vn -0.1556 -0.4102 -0.8986
vn -0.2310 -0.8498 -0.4739
vn 0.1960 -0.8534 -0.4829
vn -0.0674 -0.8965 -0.4379
vn 0.2058 -0.9697 -0.1319
vn -0.0369 -0.4823 -0.8752
vn -0.2374 -0.8213 -0.5187
vn -0.2874 -0.9440 -0.1618
vn 0.0267 -0.8534 -0.5205
vn -0.2653 -0.4654 -0.8444
vn -0.7353 -0.5877 -0.3374
vn -0.6511 -0.7323 -0.1993
vn -0.6068 -0.6388 -0.4731
vn -0.5805 -0.6973 -0.4206
vn -0.4534 -0.0559 -0.8896
vn -0.8027 -0.2372 -0.5472
vn -0.7152 -0.0531 -0.6969
vn -0.2474 0.0771 -0.9658
vn -0.6734 0.3558 -0.6481
vn -0.1651 0.3391 -0.9261
vn -0.1196 0.7158 -0.6880
vn 0.0516 0.7517 -0.6574
vn -0.0349 0.9597 -0.2790
vn -0.0078 0.9217 -0.3878
vn 0.0846 0.3051 -0.9486
vn 0.1118 0.0705 -0.9912
vn -0.4023 0.0144 -0.9154
vn 0.2264 0.4879 -0.8430
vn 0.2426 -0.0845 -0.9664
vn 0.2001 -0.0741 -0.9770
vn -0.0007 -0.0372 -0.9993
vn -0.2573 0.0232 -0.9661
vn -0.2435 -0.0852 -0.9661
vn -0.2022 -0.0741 -0.9765
vn -0.1109 0.0702 -0.9913
vn 0.0501 0.5334 -0.8444
vn -0.0893 0.3078 -0.9473
vn -0.0547 0.7502 -0.6589
vn 0.1651 0.3391 -0.9261
vn 0.1210 0.7165 -0.6870
vn 0.0368 0.9589 -0.2815
vn 0.0008 0.9228 -0.3853
vn 0.6802 0.3537 -0.6421
vn 0.7152 -0.0531 -0.6969
vn 0.4566 -0.0495 -0.8883
vn 0.2474 0.0771 -0.9658
vn 0.2268 -0.1972 -0.9538
vn 0.8027 -0.2372 -0.5472
vn 0.6910 -0.1353 -0.7101
vn 0.5805 -0.6973 -0.4206
vn 0.9388 0.0496 -0.3409
vn 0.6068 -0.6388 -0.4731
vn 0.7353 -0.5877 -0.3374
vn 0.2653 -0.4654 -0.8444
vn -0.0267 -0.8534 -0.5205
vn 0.6511 -0.7323 -0.1993
vn 0.2374 -0.8213 -0.5187
vn 0.0674 -0.8965 -0.4379
vn 0.2874 -0.9440 -0.1618
vn 0.0369 -0.4823 -0.8752
vn -0.1960 -0.8534 -0.4829
vn 0.2310 -0.8497 -0.4739
vn -0.2058 -0.9697 -0.1319
vn 0.2084 -0.5406 -0.8150
vn 0.1556 -0.4102 -0.8986
vn 0.2275 0.0030 -0.9738
vn 0.2293 -0.4183 -0.8789
vn 0.3728 -0.0404 -0.9270
vn -0.1400 0.0125 -0.9901
vn 0.2376 -0.8866 -0.3969
vn 0.2390 -0.8869 0.3953
vn 0.1452 -0.8883 -0.4357
vn 0.8661 -0.2923 -0.4054
vn 0.8664 -0.2910 0.4057
vn 0.8581 0.3201 -0.4016
vn 0.8569 0.3193 0.4047
vn 0.2133 0.8906 -0.4017
vn 0.2205 0.4135 -0.8834
vn 0.2579 0.3649 -0.8946
vn 0.3434 0.8568 -0.3847
vn 0.2868 0.8593 -0.4235
vn -0.1044 0.9107 -0.3996
vn -0.0958 0.9954 -0.0095
vn -0.2713 0.9625 -0.0000
vn -0.0330 0.9270 0.3737
vn 0.3506 0.8512 0.3906
vn -0.0993 0.9143 0.3927
vn 0.2972 0.9548 0.0085
vn 0.2891 0.8554 0.4298
vn 0.2615 0.2970 0.9184
vn 0.2149 0.8915 0.3988
vn 0.2120 0.4184 0.8832
vn -0.1476 0.0084 0.9890
vn 0.1591 -0.3888 0.9075
vn 0.2278 -0.4145 0.8811
vn 0.2312 -0.8497 0.4739
vn 0.1437 -0.8891 0.4345
vn 0.1988 -0.9685 0.1500
vn -0.2055 -0.9697 0.1318
vn 0.2868 -0.9442 0.1617
vn 0.0667 -0.8977 0.4355
vn 0.0377 -0.4742 0.8796
vn -0.1961 -0.8533 0.4830
vn 0.2344 -0.8218 0.5193
vn 0.2717 -0.4598 0.8455
vn -0.0032 -0.4992 0.8665
vn 0.4308 -0.7988 0.4199
vn 0.3881 -0.1417 0.9107
vn -0.0489 0.0021 0.9988
vn -0.1538 0.4875 0.8595
vn 0.0387 0.5592 0.8281
vn 0.1226 0.4949 0.8602
vn 0.3809 0.4194 0.8241
vn 0.3943 0.8393 0.3742
vn 0.1886 0.9060 0.3789
vn 0.0636 0.4499 0.8908
vn -0.3107 0.4701 0.8261
vn 0.0659 0.0437 0.9969
vn -0.3079 0.8585 0.4100
vn -0.0807 0.5249 0.8473
vn 0.3555 0.4845 0.7993
vn 0.3637 -0.0476 0.9303
vn 0.2093 -0.5301 0.8217
vn -0.2504 -0.4606 0.8516
vn -0.2386 0.0165 0.9710
vn 0.3324 0.0029 0.9431
vn -0.1316 0.9767 0.1696
vn 0.2064 0.9785 -0.0033
vn 0.3940 0.8397 -0.3738
vn -0.0338 0.9265 -0.3749
vn 0.0632 0.4626 -0.8843
vn -0.3078 0.8588 -0.4096
vn -0.0835 0.5418 -0.8363
vn 0.3569 0.4937 -0.7930
vn -0.3058 0.4762 -0.8245
vn -0.0435 0.0052 -0.9990
vn -0.2666 0.0056 -0.9638
vn 0.0651 0.0509 -0.9966
vn -0.2476 -0.4700 -0.8472
vn 0.3379 0.0059 -0.9412
vn 0.3835 0.4326 -0.8160
vn 0.1234 0.5082 -0.8523
vn -0.0094 -0.0073 -0.9999
vn -0.0936 0.4893 -0.8671
vn 0.1104 0.5457 -0.8307
vn -0.1164 0.7900 -0.6020
vn 0.0444 0.9959 -0.0789
vn 0.1283 0.9892 0.0715
vn 0.0889 0.9797 -0.1795
vn 0.0723 0.9961 0.0498
vn -0.0167 0.9958 0.0903
vn -0.0509 0.9984 0.0238
vn -0.1003 0.9757 -0.1947
vn -0.0799 0.8850 -0.4587
vn 0.1798 0.9118 -0.3693
vn 0.0818 0.9583 0.2739
vn 0.2278 0.9312 0.2844
vn -0.0027 0.8590 0.5120
vn 0.2651 0.8424 0.4691
vn 0.7226 0.4977 0.4798
vn 0.9051 0.1678 0.3907
vn 0.3508 0.6709 0.6534
vn -0.0310 0.6201 0.7839
vn 0.5213 0.1400 0.8418
vn -0.0311 0.2542 0.9666
vn -0.6908 0.2163 0.6900
vn -0.0347 -0.4974 0.8668
vn 0.3432 -0.3974 0.8510
vn -0.6750 -0.2260 0.7023
vn -0.1521 -0.0070 0.9883
vn -0.4953 0.5549 0.6685
vn -0.2553 0.1126 0.9603
vn -0.7538 0.1394 0.6421
vn 0.2081 0.4050 0.8903
vn 0.0344 0.2084 0.9774
vn -0.0231 0.7719 0.6354
vn 0.3802 0.3517 0.8554
vn -0.0000 0.7672 0.6414
vn -0.0000 0.9654 0.2608
vn 0.0846 0.9602 0.2662
vn 0.0540 0.8212 0.5681
vn 0.0061 0.9979 0.0652
vn -0.0001 0.9654 0.2607
vn -0.0750 0.9958 0.0525
vn -0.0000 0.7671 0.6415
vn -0.0845 0.9602 0.2662
vn -0.0539 0.8194 0.5707
vn 0.0228 0.7689 0.6390
vn 0.0321 0.6195 0.7843
vn -0.4004 0.3397 0.8510
vn -0.2212 0.3996 0.8896
vn 0.7543 0.1436 0.6406
vn -0.0370 0.2120 0.9766
vn 0.4953 0.5549 0.6685
vn 0.6750 -0.2260 0.7023
vn 0.2553 0.1126 0.9603
vn -0.0000 0.2129 0.9771
vn 0.1521 -0.0070 0.9883
vn 0.0402 -0.0231 0.9989
vn -0.0500 0.5618 0.8257
vn 0.0347 -0.4974 0.8668
vn -0.0000 0.8251 0.5651
vn -0.0385 0.3051 0.9515
vn -0.1862 0.7458 0.6396
vn -0.0991 0.5513 0.8284
vn -0.2192 0.1661 0.9615
vn -0.5486 0.5374 0.6405
vn -0.6275 0.2396 0.7409
vn -0.6302 -0.1682 0.7580
vn -0.8830 0.2499 0.3974
vn -0.8845 -0.2360 0.4025
vn -0.6511 0.6635 0.3686
vn -0.0800 0.5427 0.8361
vn 0.2619 -0.4175 0.8701
vn -0.2806 0.2324 0.9312
vn -0.5067 -0.0060 0.8621
vn 0.1184 -0.6681 0.7345
vn -0.2488 0.8912 0.3794
vn 0.4996 0.0017 0.8663
vn 0.2541 0.8920 0.3739
vn 0.1908 0.7426 0.6420
vn 0.5360 0.5511 0.6396
vn 0.0709 0.2920 0.9538
vn 0.0500 0.5618 0.8257
vn 0.2289 0.2283 0.9463
vn 0.1075 0.5278 0.8425
vn 0.6299 0.2668 0.7294
vn 0.6123 -0.2001 0.7649
vn 0.8763 0.2680 0.4003
vn 0.2432 0.1058 0.9642
vn 0.8742 -0.2691 0.4043
vn 0.6408 0.6742 0.3672
vn 0.1877 0.1681 0.9677
vn 0.0356 0.5371 0.8428
vn 0.0541 -0.5458 0.8361
vn -0.6849 0.0950 0.7224
vn 0.3588 -0.4233 0.8319
vn 0.6472 -0.6642 0.3741
vn -0.2669 0.4273 0.8638
vn 0.2736 -0.2464 0.9297
vn 0.5053 -0.0202 0.8627
vn -0.0786 0.6736 0.7349
vn 0.2595 -0.8889 0.3776
vn -0.4938 0.0482 0.8682
vn -0.2402 -0.8917 0.3835
vn -0.6579 -0.6529 0.3753
vn -0.2027 -0.1708 0.9642
vn -0.0415 -0.5446 0.8377
vn 0.6776 -0.1013 0.7284
vn -0.4535 -0.4538 0.7671
vn -0.1739 -0.6062 0.7761
vn -0.0209 -0.4209 0.9069
vn -0.0017 -0.9411 0.3380
vn 0.0050 -0.4201 0.9075
vn 0.0012 -0.9414 0.3374
vn 0.1776 -0.5896 0.7879
vn 0.0739 -0.9053 0.4182
vn -0.0073 -0.9928 -0.1197
vn -0.1680 -0.5883 -0.7910
vn -0.0750 -0.6510 -0.7554
vn -0.1067 -0.6594 -0.7442
vn -0.2325 -0.0290 -0.9722
vn -0.1621 0.0609 -0.9849
vn -0.2157 0.0787 -0.9733
vn -0.1843 0.0366 -0.9822
vn -0.1483 0.0307 -0.9885
vn -0.0592 -0.1641 -0.9847
vn -0.0820 0.0948 -0.9921
vn 0.1080 0.1428 -0.9839
vn -0.1522 0.1341 -0.9792
vn 0.1221 0.1494 -0.9812
vn -0.1539 -0.0895 -0.9840
vn 0.1314 -0.1128 -0.9849
vn 0.6506 -0.1296 -0.7483
vn 0.6538 0.1382 -0.7440
vn 0.9382 0.1062 -0.3295
vn 0.9391 -0.0907 -0.3314
vn 0.9845 -0.0832 -0.1545
vn 0.5946 -0.7371 -0.3210
vn 0.3872 -0.7124 -0.5852
vn 0.6589 -0.7446 -0.1067
vn 0.0660 -0.6765 -0.7334
vn 0.6620 -0.7495 0.0026
vn 0.9965 -0.0835 0.0016
vn 0.9965 0.0831 0.0116
vn 0.9837 0.0873 -0.1574
vn 0.9411 0.2528 -0.2245
vn 0.9695 0.2452 0.0021
vn 0.9826 0.1854 0.0079
vn 0.9762 0.0824 0.2006
vn 0.9782 -0.0823 0.1906
vn 0.6565 -0.7481 0.0970
vn 0.6208 -0.7462 0.2403
vn 0.3898 -0.7790 0.4912
vn 0.5723 -0.2581 0.7783
vn 0.1983 -0.3739 0.9060
vn 0.6195 0.0148 0.7849
vn 0.6157 0.1233 0.7783
vn 0.8926 0.0621 0.4466
vn 0.8893 0.2127 0.4049
vn 0.8706 -0.1232 0.4763
vn 0.9514 0.2395 0.1934
vn 0.9438 0.2013 0.2620
vn 0.9591 0.2341 0.1592
vn 0.7667 -0.5518 0.3282
vn 0.5362 -0.6932 0.4817
vn 0.8465 -0.2610 0.4639
vn 0.6683 -0.1658 0.7252
vn 0.3360 -0.1759 0.9253
vn 0.5963 0.3220 0.7353
vn -0.0402 -0.0231 0.9989
vn 0.7214 -0.6854 0.0989
vn -0.0256 -0.8536 0.5202
vn -0.0576 -0.9774 0.2035
vn -0.0576 -0.9774 -0.2035
vn 0.7058 -0.7005 -0.1059
vn 0.9762 0.1501 -0.1567
vn 0.6253 0.2533 -0.7381
vn 0.3473 -0.2179 -0.9121
vn -0.1282 -0.1677 -0.9775
vn -0.0023 -0.0825 -0.9966
vn 0.1842 0.0366 -0.9822
vn 0.1483 0.0307 -0.9885
vn 0.1621 0.0609 -0.9849
vn 0.2157 0.0787 -0.9733
vn 0.1067 -0.6594 -0.7442
vn 0.2325 -0.0290 -0.9722
vn 0.1539 -0.0895 -0.9840
vn 0.0750 -0.6510 -0.7554
vn -0.1314 -0.1128 -0.9849
vn -0.1221 0.1494 -0.9812
vn -0.6506 -0.1296 -0.7483
vn -0.6538 0.1382 -0.7440
vn -0.9382 0.1062 -0.3295
vn -0.9391 -0.0907 -0.3314
vn -0.9845 -0.0832 -0.1545
vn -0.5946 -0.7371 -0.3210
vn -0.3872 -0.7124 -0.5852
vn -0.6589 -0.7446 -0.1067
vn -0.0660 -0.6765 -0.7334
vn 0.0073 -0.9928 -0.1197
vn 0.1681 -0.5883 -0.7910
vn -0.6620 -0.7495 0.0026
vn -0.9965 -0.0835 0.0016
vn -0.9965 0.0831 0.0116
vn -0.9837 0.0873 -0.1574
vn -0.9411 0.2528 -0.2245
vn -0.9695 0.2452 0.0021
vn -0.9826 0.1854 0.0079
vn -0.9762 0.1501 -0.1567
vn -0.7058 -0.7005 -0.1059
vn -0.7214 -0.6854 0.0989
vn 0.0576 -0.9774 0.2035
vn 0.0576 -0.9774 -0.2035
vn -0.9388 0.0496 -0.3409
vn -0.6910 -0.1353 -0.7101
vn -0.6253 0.2533 -0.7381
vn -0.1080 0.1428 -0.9839
vn 0.0820 0.0948 -0.9921
vn -0.3473 -0.2179 -0.9121
vn 0.0592 -0.1641 -0.9847
vn 0.1522 0.1341 -0.9792
vn 0.1282 -0.1677 -0.9775
vn -0.2268 -0.1972 -0.9538
vn -0.9762 0.0824 0.2006
vn -0.9782 -0.0823 0.1906
vn -0.6565 -0.7481 0.0970
vn -0.6065 0.3337 0.7217
vn -0.3360 -0.1759 0.9253
vn -0.6683 -0.1658 0.7252
vn -0.3432 -0.3974 0.8510
vn -0.5210 0.1411 0.8418
vn 0.0312 0.2563 0.9661
vn 0.6905 0.2200 0.6891
vn -0.3500 0.6711 0.6535
vn -0.0994 0.9789 -0.1787
vn 0.0258 0.9835 -0.1793
vn -0.0444 0.9959 -0.0789
vn 0.0167 0.9958 0.0903
vn 0.1393 0.7950 -0.5904
vn 0.2299 0.5569 -0.7982
vn 0.4425 0.3877 -0.8086
vn 0.0846 0.4940 -0.8653
vn 0.0063 -0.0090 -0.9999
vn -0.1234 0.5082 -0.8523
vn -0.1798 0.9118 -0.3693
vn -0.3835 0.4326 -0.8160
vn -0.0632 0.4626 -0.8843
vn -0.3379 0.0059 -0.9412
vn -0.0651 0.0509 -0.9966
vn 0.2666 0.0056 -0.9638
vn 0.3058 0.4762 -0.8245
vn 0.2476 -0.4700 -0.8472
vn 0.0799 0.8850 -0.4587
vn 0.1003 0.9757 -0.1947
vn 0.0646 0.8775 -0.4751
vn 0.0197 0.9816 -0.1900
vn 0.0073 0.8716 -0.4902
vn -0.0982 0.8482 -0.5205
vn 0.0849 0.8581 -0.5064
vn -0.2009 0.8786 0.4332
vn 0.1989 -0.9685 -0.1500
vn -0.1988 -0.9685 -0.1500
vn -0.1988 -0.9685 0.1500
vn -0.1437 -0.8891 0.4345
vn -0.1452 -0.8883 -0.4358
vn 0.2141 0.8768 0.4306
vn -0.3322 0.0029 0.9432
vn -0.2717 -0.4597 0.8455
vn 0.2386 0.0165 0.9710
vn 0.2504 -0.4606 0.8516
vn -0.0016 -0.1662 -0.9861
vn -0.1206 -0.0784 -0.9896
vn 0.0524 -0.5217 -0.8515
vn -0.0279 0.1501 -0.9883
vn -0.1076 0.2761 -0.9551
vn -0.2444 -0.4588 -0.8543
vn -0.0905 -0.5272 -0.8449
vn -0.0395 -0.5949 -0.8028
vn -0.0112 -0.4327 -0.9015
vn -0.2036 -0.6117 -0.7644
vn 0.4119 -0.5792 -0.7035
vn -0.1942 -0.3959 -0.8975
vn 0.4091 -0.6719 -0.6174
vn 0.4775 -0.1155 -0.8710
vn 0.6410 -0.5461 -0.5394
vn 0.8680 -0.3173 -0.3820
vn 0.9224 -0.2034 -0.3284
vn 0.9296 -0.1021 -0.3541
vn 0.8385 -0.2859 -0.4638
vn 0.7819 -0.3574 -0.5107
vn 0.8691 -0.2618 -0.4196
vn 0.9623 -0.1483 -0.2280
vn 0.9885 -0.1159 -0.0969
vn 0.9531 -0.2971 -0.0583
vn 0.8858 -0.2401 -0.3971
vn 0.9689 0.1062 -0.2235
vn 0.7228 -0.2673 -0.6373
vn 0.8236 0.5603 -0.0884
vn 0.7943 0.4745 -0.3795
vn 0.5595 0.5364 -0.6318
vn 0.8714 0.0657 -0.4862
vn 0.9573 0.2043 -0.2046
vn 0.6722 0.1504 -0.7249
vn 0.4448 0.4157 -0.7933
vn 0.4431 -0.1580 -0.8824
vn 0.0669 -0.0710 -0.9952
vn -0.0043 0.1320 -0.9912
vn 0.1237 0.3516 -0.9279
vn -0.0176 -0.0839 -0.9963
vn 0.1129 -0.2065 -0.9719
vn -0.2101 -0.3329 -0.9193
vn -0.3758 -0.0966 -0.9217
vn -0.6351 -0.2391 -0.7345
vn -0.9088 0.2930 -0.2969
vn -0.7358 0.2149 -0.6422
vn -0.8824 0.3718 -0.2883
vn -0.9452 -0.2754 -0.1752
vn -0.9528 0.3034 0.0094
vn -0.8834 -0.2066 -0.4206
vn -0.8022 -0.1943 -0.5645
vn -0.8393 -0.4106 -0.3565
vn -0.8371 -0.4881 -0.2470
vn -0.8822 -0.4692 0.0409
vn -0.8339 -0.5285 0.1591
vn -0.8988 -0.4153 0.1404
vn -0.8021 -0.5434 0.2477
vn -0.8031 -0.5806 0.1339
vn -0.8679 -0.4064 0.2857
vn -0.8945 -0.4470 0.0096
vn -0.7286 -0.6155 0.3004
vn -0.7421 -0.5118 0.4328
vn -0.7400 -0.5163 0.4312
vn -0.5814 -0.5202 0.6256
vn -0.5291 -0.3731 0.7621
vn -0.2287 -0.4413 0.8677
vn -0.0679 -0.4160 0.9068
vn -0.1653 -0.4226 0.8911
vn -0.1768 -0.4795 0.8596
vn 0.1008 -0.3679 0.9244
vn -0.1974 -0.4823 0.8535
vn 0.2934 -0.5645 0.7715
vn 0.0821 -0.4682 0.8798
vn -0.0365 -0.5324 0.8457
vn 0.2638 -0.3794 0.8869
vn 0.4875 -0.4839 0.7267
vn 0.3085 -0.0269 0.9508
vn 0.0951 -0.4737 0.8756
vn 0.7184 -0.2362 0.6543
vn 0.7121 -0.2881 0.6403
vn 0.5624 -0.5869 0.5825
vn 0.8304 -0.0603 0.5540
vn 0.7511 -0.5233 0.4025
vn 0.8742 -0.0681 0.4808
vn 0.9714 -0.1605 0.1750
vn 0.9053 -0.3991 0.1454
vn 0.9708 -0.2161 -0.1045
vn 0.9153 -0.3777 0.1397
vn 0.8392 -0.3028 0.4517
vn 0.7303 -0.1212 0.6723
vn 0.7062 0.0463 0.7065
vn 0.2841 -0.5972 0.7501
vn 0.5402 0.1251 0.8322
vn 0.4080 0.3295 0.8514
vn -0.0183 -0.3946 0.9187
vn -0.1129 0.3611 0.9257
vn -0.6953 0.3400 0.6332
vn -0.7996 0.1555 0.5801
vn -0.8858 -0.0032 0.4640
vn -0.9040 0.4160 0.0984
vn -0.8764 0.2654 0.4017
vn -0.8742 -0.1198 0.4706
vn -0.8719 -0.3837 0.3041
vn -0.8360 -0.5319 0.1345
vn -0.7778 -0.6083 -0.1581
vn -0.7065 -0.6144 -0.3511
vn -0.9933 -0.1059 -0.0452
vn -0.8779 -0.4785 -0.0177
vn -0.9499 -0.1668 0.2642
vn -0.7886 -0.4948 0.3651
vn -0.8107 -0.3294 0.4840
vn -0.7733 -0.4468 0.4499
vn -0.6552 -0.2678 0.7064
vn -0.8502 -0.1834 0.4936
vn -0.7904 0.1347 0.5976
vn -0.7955 0.5095 0.3280
vn -0.7278 0.4008 0.5565
vn -0.6136 0.7644 0.1980
vn -0.8346 0.5223 0.1752
vn -0.9003 0.4306 -0.0635
vn -0.7946 -0.6060 -0.0362
vn 0.7946 -0.6060 -0.0362
vn 0.7199 -0.6368 -0.2760
vn 0.8896 0.2964 -0.3476
vn 0.9003 0.4306 -0.0635
vn 0.9126 0.4055 -0.0514
vn 0.9636 0.2308 0.1347
vn 0.9266 0.3030 0.2226
vn 0.7364 0.3984 0.5468
vn 0.7451 0.5690 0.3478
vn 0.8955 0.1605 0.4151
vn 0.8970 -0.1728 0.4068
vn 0.7226 -0.4911 0.4864
vn 0.6576 -0.4458 0.6073
vn 0.6784 -0.3634 0.6386
vn 0.5765 -0.4272 0.6966
vn 0.5151 -0.2749 0.8118
vn 0.2410 -0.4667 0.8510
vn 0.3049 -0.1737 0.9364
vn -0.1012 -0.2404 0.9654
vn -0.0850 -0.5005 0.8615
vn 0.0801 0.5004 0.8621
vn 0.4482 0.7686 0.4565
vn 0.6647 0.6257 0.4082
vn 0.6958 -0.5248 0.4903
vn 0.7909 -0.5697 0.2236
vn -0.7908 -0.5697 0.2236
vn -0.6647 0.6257 0.4082
vn -0.4406 0.6921 0.5718
vn -0.1874 0.7438 0.6416
vn -0.1577 0.8580 0.4889
vn 0.1332 0.8578 0.4964
vn 0.1021 0.7392 0.6657
vn 0.4348 0.6928 0.5753
vn 0.3864 -0.4628 0.7979
vn -0.7004 -0.5254 0.4832
vn -0.4691 -0.4856 0.7377
vn -0.0780 -0.4659 0.8814
vn -0.2643 0.4773 0.8381
vn -0.5070 0.4539 0.7328
vn -0.4399 0.7737 0.4559
vn -0.5000 -0.1481 0.8533
vn -0.4047 -0.4591 0.7908
vn -0.7159 -0.4191 0.5584
vn -0.6380 -0.4437 0.6294
vn -0.0797 -0.4587 0.8850
vn 0.3694 -0.4546 0.8104
vn 0.5701 -0.3048 0.7629
vn 0.6664 -0.2893 0.6871
vn 0.4581 -0.3211 0.8289
vn 0.8422 -0.1194 0.5258
vn 0.7711 -0.4807 0.4174
vn 0.6828 -0.6444 0.3443
vn 0.9943 -0.0823 0.0674
vn 0.7668 -0.6196 -0.1676
vn 0.7509 -0.6395 0.1646
vn 0.9360 -0.3290 0.1254
vn 0.8225 -0.5231 -0.2231
vn 0.9611 -0.1883 0.2021
vn 0.9484 -0.2588 -0.1834
vn 0.6385 -0.2963 -0.7103
vn 0.2122 -0.3904 -0.8959
vn 0.2070 -0.3357 -0.9189
vn -0.1261 -0.2009 -0.9715
vn -0.0052 -0.1535 -0.9881
vn -0.0245 -0.4172 -0.9085
vn -0.2645 -0.4593 -0.8480
vn -0.5491 -0.5512 -0.6282
vn -0.9395 -0.1652 -0.3002
vn -0.8596 -0.4375 -0.2639
vn -0.7745 -0.3700 -0.5130
vn -0.3861 -0.5599 -0.7331
vn -0.4831 -0.2298 -0.8448
vn -0.1911 -0.2272 -0.9549
vn 0.1966 -0.2218 -0.9551
vn 0.4797 -0.2216 -0.8490
vn 0.6923 -0.5535 -0.4630
vn 0.4260 -0.5507 -0.7178
vn 0.5335 -0.5749 -0.6204
vn 0.6861 -0.6381 -0.3494
vn 0.8073 -0.3492 -0.4757
vn 0.2477 -0.4339 -0.8662
vn 0.0284 -0.4200 -0.9071
vn 0.0001 -0.4463 -0.8949
vn 0.0005 -0.3527 -0.9357
vn 0.8593 -0.5101 -0.0360
vn 0.9421 -0.0934 -0.3221
vn 0.8935 -0.0257 -0.4483
vn 0.9893 0.1121 -0.0937
vn 0.9063 0.1598 -0.3913
vn 0.6980 0.0204 -0.7158
vn 0.7339 0.1577 -0.6607
vn 0.5679 -0.6538 -0.5000
vn 0.3184 -0.6628 -0.6778
vn -0.3184 -0.6630 -0.6775
vn -0.5680 -0.6536 -0.5002
vn -0.7339 0.1577 -0.6607
vn -0.8896 0.2964 -0.3476
vn -0.9063 0.1528 -0.3939
vn -0.9780 0.0876 -0.1894
vn -0.9775 0.2063 0.0428
vn -0.9540 0.1564 0.2556
vn -0.9716 0.2116 0.1058
vn -0.9115 0.4080 -0.0531
vn -0.7198 -0.6369 -0.2760
vn -0.9301 -0.0912 -0.3557
vn -0.8900 -0.0177 -0.4557
vn -0.7236 -0.0447 -0.6888
vn -0.6980 0.0204 -0.7158
vn -0.3602 -0.0239 -0.9326
vn -0.0000 -0.6697 -0.7426
vn 0.3602 -0.0239 -0.9326
vn 0.7236 -0.0446 -0.6887
vn 0.7501 -0.1324 -0.6479
vn 0.5165 -0.0347 -0.8556
vn -0.0000 -0.1783 -0.9840
vn -0.5165 -0.0348 -0.8556
vn -0.7463 -0.1390 -0.6509
vn -0.7001 -0.5124 -0.4972
vn -0.9459 -0.3118 -0.0896
vn -0.9818 -0.1314 0.1374
vn -0.9903 0.0241 0.1371
vn 0.9636 0.1889 0.1890
vn 0.8695 0.4937 0.0107
vn 0.9020 0.2260 0.3679
vn 0.8507 0.1238 0.5108
vn 0.9860 -0.0652 0.1533
vn 0.9792 -0.1934 -0.0612
vn 0.7350 -0.1438 0.6626
vn 0.7089 -0.3164 0.6303
vn 0.5217 -0.3238 0.7893
vn -0.0074 -0.4535 0.8912
vn -0.3655 -0.4379 0.8214
vn -0.6176 -0.2213 0.7547
vn -0.5834 -0.2457 0.7741
vn -0.7956 0.2456 0.5538
vn -0.8041 0.0540 0.5920
vn -0.8234 -0.1286 0.5527
vn -0.5465 0.3366 0.7668
vn -0.2462 0.2902 0.9247
vn 0.0457 0.2812 0.9586
vn 0.7166 0.2926 0.6332
vn 0.4576 -0.2539 0.8521
vn 0.0496 -0.2000 0.9785
vn -0.2242 -0.2029 0.9532
vn -0.7864 -0.2231 0.5760
vn 0.8346 0.5223 0.1752
vn 0.6135 0.7650 0.1959
vn 0.4444 0.4832 0.7543
vn 0.6616 0.1584 0.7330
vn 0.7467 -0.1898 0.6375
vn 0.1117 -0.3664 0.9237
vn 0.4980 -0.4100 0.7641
vn 0.0618 -0.3861 0.9204
vn 0.3928 -0.7139 0.5796
vn -0.0429 -0.6263 0.7784
vn 0.6157 -0.5418 0.5722
vn 0.9449 -0.3273 0.0029
vn 0.9331 -0.3597 0.0012
vn 0.8997 -0.3774 -0.2195
vn 0.9546 -0.2132 0.2083
vn 0.9382 -0.3392 -0.0684
vn 0.9717 -0.1658 -0.1685
vn 0.7948 -0.2663 -0.5454
vn 0.8373 0.1063 -0.5363
vn 0.7722 -0.2255 -0.5940
vn 0.7994 -0.0543 -0.5984
vn 0.8939 0.3283 -0.3053
vn 0.9078 0.3911 -0.1516
vn 0.9001 0.4111 -0.1442
vn 0.9901 0.1180 -0.0758
vn 0.9815 -0.1671 0.0935
vn 0.9207 0.0956 0.3784
vn 0.8422 0.3752 0.3871
vn 0.8492 0.4196 0.3205
vn 0.8474 0.1619 0.5056
vn 0.6044 0.7966 -0.0080
vn 0.8967 0.4342 0.0859
vn 0.5439 0.8012 0.2496
vn -0.4479 0.8672 0.2177
vn -0.4800 0.8115 0.3332
vn -0.7611 0.4249 0.4901
vn -0.6841 0.4831 0.5464
vn -0.7598 0.4867 0.4312
vn -0.7863 0.4018 0.4694
vn -0.8690 0.4907 0.0634
vn -0.9080 0.4121 0.0750
vn -0.9618 0.2214 0.1613
vn -0.9752 0.2214 -0.0054
vn -0.9239 0.1787 -0.3384
vn -0.9354 -0.0900 -0.3420
vn -0.8720 -0.0671 -0.4848
vn -0.8651 0.1791 -0.4685
vn -0.9616 0.1290 -0.2422
vn -0.9674 -0.0669 -0.2443
vn -0.8926 0.2908 -0.3445
vn -0.9358 0.1866 -0.2990
vn -0.9326 -0.0714 -0.3539
vn -0.8177 0.2373 -0.5244
vn -0.8489 -0.0977 -0.5195
vn -0.5650 0.0068 -0.8251
vn -0.5973 -0.1858 -0.7802
vn 0.1313 -0.2025 -0.9704
vn -0.0024 -0.2085 -0.9780
vn 0.1588 -0.4490 -0.8793
vn -0.5295 -0.5042 -0.6822
vn -0.4519 -0.6036 -0.6568
vn -0.7789 -0.3669 -0.5086
vn -0.9099 -0.3235 -0.2596
vn -0.9330 -0.2949 -0.2062
vn -0.8363 -0.2860 -0.4679
vn -0.8884 -0.3523 -0.2943
vn -0.9845 -0.1736 -0.0231
vn -0.8715 -0.1995 0.4480
vn -0.7478 -0.1909 0.6359
vn -0.7666 -0.2222 0.6025
vn -0.8615 -0.2451 0.4447
vn -0.6844 -0.3716 0.6274
vn -0.6035 -0.2864 0.7441
vn -0.3046 -0.4657 0.8309
vn -0.0716 -0.4920 0.8676
vn -0.0849 -0.3792 0.9214
vn -0.2995 -0.4062 0.8633
vn -0.0892 -0.2485 0.9645
vn -0.0098 -0.4042 0.9146
vn -0.0203 -0.0393 0.9990
vn -0.6778 -0.0318 0.7345
vn -0.0017 0.2499 0.9683
vn 0.0534 0.5520 0.8321
vn 0.1104 0.3204 0.9408
vn -0.6731 0.2293 0.7031
vn -0.5465 0.5241 0.6531
vn -0.8134 0.4425 0.3775
vn -0.8996 0.1299 0.4170
vn -0.4627 0.5902 0.6616
vn -0.1477 0.5589 0.8160
vn -0.0664 0.8114 0.5807
vn 0.2076 0.8104 0.5478
vn 0.1456 0.5216 0.8407
vn 0.3529 0.5465 0.7595
vn 0.5751 0.4827 0.6605
vn 0.6005 0.3725 0.7075
vn 0.8426 0.2540 0.4749
vn 0.7627 0.0179 0.6465
vn 0.8508 -0.2723 0.4493
vn 0.9134 -0.1451 0.3803
vn 0.4229 -0.2326 0.8758
vn -0.0145 0.3967 0.9179
vn 0.2473 0.4591 0.8532
vn -0.0303 -0.2082 0.9776
vn 0.7458 0.3538 0.5645
vn 0.4106 0.8093 0.4201
vn -0.3131 0.8129 0.4911
vn -0.8142 0.2182 0.5380
vn -0.8123 -0.0586 0.5802
vn -0.8218 -0.0128 0.5697
vn -0.9897 -0.0439 0.1362
vn -0.8035 0.2285 0.5498
vn -0.7216 -0.3054 0.6213
vn -0.4386 -0.2675 0.8580
vn -0.7816 -0.4895 -0.3866
vn -0.6097 -0.5031 -0.6124
vn -0.5724 -0.2994 -0.7634
vn -0.3964 0.2780 -0.8750
vn -0.6917 0.4726 -0.5462
vn -0.6441 0.6080 -0.4642
vn -0.3756 0.4704 -0.7985
vn -0.0138 0.3534 -0.9354
vn -0.0958 -0.2005 -0.9750
vn -0.0554 -0.0563 -0.9969
vn 0.1551 0.0175 -0.9877
vn 0.0765 0.2795 -0.9571
vn -0.4957 0.3187 -0.8079
vn -0.6402 0.4292 -0.6371
vn -0.3425 0.4602 -0.8191
vn -0.6627 0.3333 -0.6706
vn -0.8631 0.3051 -0.4026
vn -0.4087 0.8107 -0.4191
vn 0.2207 0.8141 -0.5371
vn 0.6015 0.1870 -0.7767
vn 0.4154 0.8058 -0.4221
vn 0.7555 0.1778 -0.6305
vn 0.8972 0.1048 -0.4289
vn 0.8389 0.0455 -0.5423
vn 0.8898 -0.0657 -0.4516
vn 0.6336 0.2739 -0.7236
vn 0.4309 0.3509 -0.8314
vn 0.0386 0.3840 -0.9225
vn 0.1731 0.3626 -0.9157
vn 0.0038 0.8256 -0.5642
vn -0.2214 0.8136 -0.5376
vn -0.1015 0.3583 -0.9281
vn -0.0759 0.3482 -0.9343
vn -0.0582 0.1926 -0.9795
vn -0.0036 0.3046 -0.9525
vn -0.0542 -0.0241 -0.9982
vn 0.6731 -0.0305 -0.7389
vn 0.6558 -0.1925 -0.7300
vn 0.8977 -0.2129 -0.3858
vn 0.6013 -0.3352 -0.7253
vn 0.5513 0.7970 -0.2468
vn -0.4716 0.8737 -0.1191
vn -0.5550 0.7972 -0.2376
vn -0.8459 0.3840 -0.3701
vn -0.8116 0.4863 -0.3236
vn -0.4573 0.8886 0.0349
vn 0.9209 0.3815 0.0801
vn 0.0577 0.4121 -0.9093
vn 0.2969 0.5415 -0.7865
vn 0.6775 0.1961 -0.7089
vn 0.8745 -0.3069 -0.3757
vn -0.3105 -0.0931 -0.9460
vn 0.0700 -0.1300 -0.9890
vn -0.0486 -0.5055 -0.8614
vn 0.0125 0.0926 -0.9956
vn 0.1109 0.2861 -0.9518
vn 0.2623 -0.4657 -0.8452
vn 0.0930 -0.5277 -0.8443
vn 0.0386 -0.5966 -0.8016
vn 0.0112 -0.4327 -0.9015
vn 0.2033 -0.6115 -0.7647
vn -0.4119 -0.5792 -0.7035
vn 0.1942 -0.3959 -0.8975
vn -0.4069 -0.6854 -0.6038
vn -0.4321 -0.4411 -0.7866
vn -0.5811 -0.5709 -0.5799
vn -0.8676 -0.3132 -0.3863
vn -0.9224 -0.2034 -0.3284
vn -0.9351 -0.0757 -0.3462
vn -0.8385 -0.2859 -0.4638
vn -0.7819 -0.3574 -0.5107
vn -0.8691 -0.2618 -0.4196
vn -0.9624 -0.1484 -0.2277
vn -0.9883 -0.1129 -0.1028
vn -0.9531 -0.2971 -0.0583
vn -0.9064 -0.1553 -0.3930
vn -0.9723 0.1096 -0.2065
vn -0.5898 0.4700 -0.6567
vn -0.6558 0.1177 -0.7457
vn -0.8548 -0.2366 -0.4618
vn -0.2970 0.4450 -0.8448
vn -0.0592 0.3976 -0.9156
vn -0.4469 0.4204 -0.7897
vn -0.6708 0.1522 -0.7258
vn -0.8714 0.0657 -0.4862
vn -0.4431 -0.1580 -0.8824
vn -0.8070 0.4376 -0.3967
vn -0.9574 0.2056 -0.2030
vn -0.8779 0.4649 -0.1148
vn -0.9597 0.1886 0.2083
vn -0.9584 -0.1962 0.2073
vn -0.8430 -0.1205 0.5243
vn -0.7711 -0.4807 0.4174
vn -0.6784 -0.3634 0.6386
vn -0.6664 -0.2893 0.6871
vn -0.5701 -0.3048 0.7629
vn -0.4581 -0.3211 0.8289
vn -0.3694 -0.4546 0.8104
vn 0.0797 -0.4586 0.8850
vn 0.6176 -0.2213 0.7547
vn 0.3655 -0.4379 0.8214
vn 0.7864 -0.2231 0.5760
vn 0.6380 -0.4437 0.6294
vn 0.8224 -0.1350 0.5527
vn 0.7159 -0.4191 0.5584
vn 0.7733 -0.4468 0.4499
vn 0.9499 -0.1668 0.2642
vn 0.7886 -0.4948 0.3651
vn 0.8107 -0.3294 0.4840
vn 0.8779 -0.4785 -0.0177
vn 0.9933 -0.1059 -0.0452
vn 0.7778 -0.6083 -0.1581
vn 0.7065 -0.6144 -0.3511
vn 0.8360 -0.5319 0.1345
vn 0.8719 -0.3837 0.3041
vn 0.8742 -0.1229 0.4698
vn 0.8779 0.2578 0.4036
vn 0.8063 0.0673 0.5877
vn 0.9079 0.4080 0.0966
vn 0.7855 0.4364 0.4388
vn 0.8823 0.3667 -0.2950
vn 0.7043 0.7098 -0.0132
vn 0.9749 0.2225 -0.0083
vn 0.8727 -0.3142 -0.3738
vn 0.8364 -0.4148 -0.3583
vn 0.7247 -0.3634 -0.5854
vn 0.4393 0.4158 -0.7963
vn 0.6675 0.6874 -0.2862
vn 0.7393 0.2496 -0.6254
vn 0.4169 0.6590 -0.6260
vn 0.1956 0.3370 -0.9210
vn 0.3842 -0.1254 -0.9147
vn -0.0720 0.3158 -0.9461
vn 0.0144 0.1337 -0.9909
vn -0.0669 -0.0710 -0.9952
vn -0.2122 -0.3904 -0.8959
vn -0.6385 -0.2963 -0.7103
vn -0.8073 -0.3492 -0.4757
vn -0.9488 -0.2567 -0.1839
vn -0.8220 -0.5239 -0.2233
vn -0.9367 -0.3275 0.1239
vn -0.7509 -0.6395 0.1646
vn -0.7668 -0.6196 -0.1676
vn -0.9943 -0.0823 0.0674
vn -0.6828 -0.6444 0.3443
vn -0.7226 -0.4911 0.4864
vn -0.6576 -0.4458 0.6073
vn -0.5765 -0.4272 0.6966
vn -0.5151 -0.2749 0.8118
vn -0.2410 -0.4667 0.8510
vn -0.3029 -0.1868 0.9345
vn 0.1010 -0.2516 0.9625
vn 0.0850 -0.5005 0.8615
vn -0.2717 0.4994 0.8226
vn 0.0777 0.5079 0.8579
vn -0.4387 0.7734 0.4576
vn -0.7004 -0.5254 0.4831
vn 0.1332 0.8577 0.4966
vn 0.4453 0.4799 0.7559
vn 0.4495 0.7688 0.4548
vn 0.8346 0.5223 0.1753
vn 0.9115 0.4079 -0.0531
vn 0.9716 0.2116 0.1058
vn 0.6136 0.7644 0.1980
vn 0.7955 0.5095 0.3280
vn 0.7219 0.4035 0.5621
vn 0.7870 0.1302 0.6030
vn 0.6552 -0.2678 0.7064
vn 0.4946 -0.1597 0.8543
vn 0.4047 -0.4591 0.7908
vn 0.8502 -0.1834 0.4935
vn 0.9775 0.2063 0.0428
vn 0.9780 0.0876 -0.1894
vn 0.9063 0.1528 -0.3939
vn -0.9063 0.1598 -0.3913
vn -0.9893 0.1121 -0.0937
vn -0.9266 0.3030 0.2226
vn -0.9636 0.2308 0.1347
vn -0.7404 0.3975 0.5421
vn -0.7451 0.5691 0.3478
vn -0.8955 0.1605 0.4151
vn -0.8970 -0.1728 0.4068
vn -0.7467 -0.1898 0.6375
vn -0.6501 0.1543 0.7441
vn -0.4765 0.4851 0.7333
vn -0.6135 0.7650 0.1959
vn -0.8346 0.5223 0.1753
vn -0.9126 0.4055 -0.0514
vn -0.9421 -0.0934 -0.3221
vn -0.8935 -0.0257 -0.4483
vn 0.8900 -0.0177 -0.4557
vn 0.9540 0.1564 0.2556
vn 0.9301 -0.0912 -0.3557
vn 0.7236 -0.0447 -0.6888
vn 0.5165 -0.0348 -0.8556
vn -0.5165 -0.0347 -0.8556
vn -0.7236 -0.0446 -0.6887
vn -0.7501 -0.1324 -0.6479
vn -0.6923 -0.5535 -0.4630
vn -0.4797 -0.2216 -0.8490
vn -0.6862 -0.6381 -0.3494
vn -0.8593 -0.5101 -0.0360
vn -0.5335 -0.5749 -0.6204
vn -0.2477 -0.4339 -0.8662
vn -0.2070 -0.3357 -0.9189
vn -0.0284 -0.4200 -0.9071
vn 0.1261 -0.2009 -0.9715
vn 0.0052 -0.1535 -0.9881
vn -0.0005 -0.3527 -0.9357
vn 0.0245 -0.4172 -0.9085
vn 0.1911 -0.2272 -0.9549
vn -0.0001 -0.4463 -0.8949
vn 0.3861 -0.5599 -0.7331
vn 0.4831 -0.2298 -0.8448
vn 0.7001 -0.5124 -0.4972
vn 0.7463 -0.1390 -0.6509
vn -0.1966 -0.2218 -0.9551
vn 0.7745 -0.3700 -0.5130
vn 0.8596 -0.4375 -0.2639
vn 0.9459 -0.3118 -0.0896
vn 0.9818 -0.1314 0.1374
vn 0.9911 0.0214 0.1317
vn 0.9046 0.2986 -0.3041
vn 0.9395 -0.1652 -0.3002
vn 0.6351 -0.2391 -0.7345
vn 0.2101 -0.3329 -0.9193
vn 0.5491 -0.5512 -0.6282
vn 0.2645 -0.4593 -0.8480
vn -0.1129 -0.2065 -0.9719
vn -0.0008 -0.0752 -0.9972
vn -0.4260 -0.5507 -0.7178
vn 0.6046 -0.5224 -0.6012
vn 0.7867 -0.4819 -0.3858
vn 0.9330 -0.2949 -0.2062
vn 0.8363 -0.2860 -0.4679
vn 0.8884 -0.3523 -0.2943
vn 0.8408 -0.4793 -0.2517
vn 0.9845 -0.1736 -0.0231
vn 0.8945 -0.4470 0.0096
vn 0.8822 -0.4692 0.0409
vn 0.8679 -0.4064 0.2857
vn 0.8031 -0.5806 0.1339
vn 0.7935 -0.5573 0.2443
vn 0.8336 -0.5291 0.1586
vn 0.7288 -0.6152 0.3006
vn 0.7245 -0.5677 0.3909
vn 0.7400 -0.5163 0.4312
vn 0.5749 -0.5294 0.6238
vn 0.5165 -0.2977 0.8029
vn 0.2763 -0.5193 0.8087
vn 0.2157 -0.4588 0.8619
vn 0.0935 -0.4068 0.9087
vn 0.1653 -0.4226 0.8911
vn 0.1768 -0.4795 0.8596
vn 0.0733 -0.3970 0.9149
vn -0.1321 -0.3570 0.9247
vn -0.2934 -0.5645 0.7715
vn -0.0821 -0.4682 0.8798
vn 0.0365 -0.5324 0.8457
vn -0.2638 -0.3794 0.8869
vn -0.4875 -0.4839 0.7267
vn -0.3085 -0.0269 0.9508
vn -0.0951 -0.4737 0.8756
vn -0.7184 -0.2362 0.6543
vn -0.7121 -0.2881 0.6402
vn -0.5613 -0.5865 0.5839
vn -0.8304 -0.0603 0.5539
vn -0.7570 -0.5198 0.3958
vn -0.8737 -0.0753 0.4807
vn -0.9722 -0.1566 0.1740
vn -0.8980 -0.4149 0.1463
vn -0.9629 -0.2601 -0.0713
vn -0.9724 -0.1897 0.1362
vn -0.8828 -0.3317 0.3326
vn -0.6521 -0.5976 0.4665
vn -0.7272 -0.2455 0.6410
vn -0.4267 -0.6948 0.5790
vn -0.3060 -0.6103 0.7307
vn -0.4119 -0.3956 0.8209
vn -0.5152 0.0416 0.8561
vn -0.0203 -0.4450 0.8953
vn 0.1368 0.4031 0.9049
vn 0.6543 0.4688 0.5934
vn 0.8877 0.0655 0.4558
vn 0.8445 -0.5123 0.1563
vn 0.7891 0.2450 0.5633
vn 0.5469 0.3379 0.7660
vn 0.5834 -0.2457 0.7741
vn 0.2242 -0.2029 0.9532
vn -0.0496 -0.2000 0.9785
vn 0.0074 -0.4535 0.8912
vn -0.4576 -0.2539 0.8521
vn -0.7170 0.2915 0.6331
vn -0.7107 0.0639 0.7006
vn -0.4078 0.3287 0.8519
vn -0.0457 0.2814 0.9585
vn 0.2461 0.2901 0.9248
vn -0.7345 -0.1443 0.6631
vn -0.8465 -0.0403 0.5308
vn -0.9085 0.1078 0.4038
vn -0.9858 -0.1002 0.1350
vn -0.9924 -0.0981 -0.0740
vn -0.9241 0.3761 0.0681
vn -0.7089 -0.3164 0.6303
vn -0.5217 -0.3238 0.7893
vn -0.0692 -0.3847 0.9205
vn 0.0429 -0.6263 0.7784
vn -0.9510 -0.3093 0.0005
vn -0.9353 -0.3539 0.0066
vn -0.8997 -0.3774 -0.2195
vn -0.9342 -0.3484 -0.0765
vn -0.9852 -0.1510 -0.0809
vn -0.7990 -0.2618 -0.5414
vn -0.8397 0.1012 -0.5336
vn -0.7722 -0.2255 -0.5940
vn -0.7994 -0.0543 -0.5984
vn -0.8961 0.3294 -0.2974
vn -0.9186 0.3899 -0.0638
vn -0.8986 0.4130 -0.1481
vn -0.9909 0.1192 -0.0619
vn -0.9643 -0.2333 0.1254
vn -0.9232 0.0974 0.3718
vn -0.8722 0.3678 0.3224
vn -0.8440 0.4249 0.3273
vn -0.8488 0.1659 0.5021
vn -0.6045 0.7966 -0.0080
vn -0.8983 0.4309 0.0860
vn -0.5439 0.8012 0.2497
vn 0.4479 0.8672 0.2177
vn 0.4800 0.8115 0.3332
vn 0.7611 0.4249 0.4901
vn 0.6841 0.4831 0.5464
vn 0.7598 0.4867 0.4312
vn 0.7863 0.4018 0.4694
vn 0.8690 0.4907 0.0634
vn 0.9080 0.4121 0.0750
vn 0.4573 0.8886 0.0349
vn 0.4716 0.8737 -0.1191
vn 0.8116 0.4863 -0.3236
vn 0.8459 0.3840 -0.3701
vn 0.8651 0.1791 -0.4685
vn 0.8631 0.3051 -0.4026
vn 0.8926 0.2908 -0.3445
vn 0.5550 0.7972 -0.2376
vn 0.4087 0.8107 -0.4191
vn 0.6627 0.3333 -0.6706
vn -0.4154 0.8058 -0.4221
vn -0.7555 0.1778 -0.6305
vn -0.5513 0.7970 -0.2468
vn -0.8972 0.1048 -0.4289
vn -0.8389 0.0455 -0.5423
vn -0.6015 0.1870 -0.7767
vn -0.4291 0.3532 -0.8313
vn -0.2226 0.8136 -0.5371
vn 0.2133 0.8093 -0.5473
vn 0.3749 0.4606 -0.8045
vn 0.6402 0.4292 -0.6371
vn 0.8177 0.2373 -0.5244
vn 0.4957 0.3187 -0.8079
vn 0.5650 0.0068 -0.8251
vn -0.0734 0.2681 -0.9606
vn -0.1551 0.0175 -0.9877
vn 0.0554 -0.0563 -0.9969
vn -0.1313 -0.2025 -0.9704
vn 0.0024 -0.2085 -0.9780
vn 0.0958 -0.2005 -0.9750
vn -0.1588 -0.4490 -0.8793
vn 0.5973 -0.1858 -0.7802
vn 0.5295 -0.5042 -0.6822
vn 0.4641 -0.6046 -0.6473
vn 0.7771 -0.3713 -0.5081
vn 0.9099 -0.3235 -0.2596
vn 0.9326 -0.0714 -0.3539
vn 0.9674 -0.0669 -0.2443
vn 0.9616 0.1290 -0.2422
vn 0.8720 -0.0671 -0.4848
vn 0.9358 0.1866 -0.2990
vn 0.8489 -0.0977 -0.5195
vn 0.9354 -0.0900 -0.3420
vn 0.9239 0.1787 -0.3384
vn 0.9752 0.2213 -0.0054
vn 0.9897 -0.0439 0.1362
vn 0.9618 0.2214 0.1613
vn 0.8715 -0.1995 0.4480
vn 0.7478 -0.1909 0.6359
vn 0.7666 -0.2223 0.6025
vn 0.8615 -0.2451 0.4447
vn 0.6843 -0.3716 0.6274
vn 0.6035 -0.2864 0.7441
vn 0.3046 -0.4657 0.8309
vn 0.0716 -0.4920 0.8676
vn 0.0849 -0.3792 0.9214
vn 0.2995 -0.4062 0.8633
vn 0.0892 -0.2485 0.9645
vn 0.0098 -0.4042 0.9146
vn 0.0203 -0.0393 0.9990
vn 0.6778 -0.0318 0.7345
vn 0.0017 0.2499 0.9683
vn -0.0534 0.5520 0.8321
vn -0.1104 0.3204 0.9408
vn 0.6731 0.2293 0.7031
vn 0.5465 0.5241 0.6531
vn 0.8134 0.4425 0.3775
vn 0.8996 0.1299 0.4170
vn 0.4627 0.5902 0.6616
vn 0.1477 0.5589 0.8160
vn 0.0664 0.8114 0.5808
vn -0.2076 0.8104 0.5479
vn -0.1456 0.5216 0.8407
vn -0.3529 0.5465 0.7595
vn -0.5751 0.4827 0.6605
vn -0.6005 0.3725 0.7075
vn -0.8426 0.2540 0.4749
vn -0.7627 0.0179 0.6465
vn -0.8503 -0.2718 0.4507
vn -0.9088 -0.1396 0.3933
vn -0.9590 -0.1978 0.2028
vn -0.4229 -0.2326 0.8758
vn 0.0145 0.3967 0.9179
vn -0.2473 0.4591 0.8532
vn 0.0303 -0.2082 0.9776
vn -0.7476 0.3533 0.5624
vn -0.4106 0.8093 0.4200
vn 0.3131 0.8129 0.4911
vn 0.8142 0.2182 0.5380
vn 0.8123 -0.0586 0.5802
vn 0.8218 -0.0128 0.5697
vn 0.8035 0.2285 0.5498
vn 0.7216 -0.3054 0.6213
vn 0.4386 -0.2675 0.8580
vn -0.6558 -0.1925 -0.7300
vn -0.8977 -0.2129 -0.3858
vn -0.6731 -0.0305 -0.7389
vn -0.8898 -0.0657 -0.4516
vn 0.0542 -0.0241 -0.9982
vn 0.0036 0.3046 -0.9525
vn 0.0561 0.1894 -0.9803
vn -0.0717 0.3695 -0.9265
vn 0.1581 0.3662 -0.9170
vn -0.0905 0.3642 -0.9269
vn 0.0126 0.8201 -0.5720
vn -0.6336 0.2739 -0.7236
vn -0.6013 -0.3352 -0.7253
vn -0.0764 -0.0715 -0.9945
vn -0.4317 -0.0114 -0.9019
vn -0.2903 0.7211 -0.6291
vn -0.0602 0.6514 -0.7564
vn 0.2587 -0.2120 -0.9424
vn 0.1021 0.5252 -0.8449
vn -0.3020 0.5177 -0.8005
vn 0.0995 0.4563 -0.8842
vn 0.3260 0.5313 -0.7820
vn 0.5357 0.3316 -0.7766
vn 0.8044 0.1742 -0.5681
vn 0.9896 0.1434 -0.0096
vn 0.8916 0.2345 -0.3875
vn 0.9588 0.2598 0.1148
vn 0.9444 0.3092 -0.1119
vn 0.7066 0.6200 0.3411
vn -0.6670 0.7297 -0.1502
vn 0.1869 0.7128 -0.6760
vn -0.3707 -0.2496 -0.8946
vn -0.2230 0.0174 -0.9747
vn -0.8095 -0.0110 -0.5870
vn 0.0557 0.2484 -0.9671
vn -0.6886 0.2997 -0.6604
vn -0.3516 0.2399 -0.9049
vn -0.7074 0.4833 -0.5157
vn -0.6230 0.6114 -0.4878
vn -0.4365 0.5960 -0.6740
vn -0.7630 -0.1022 -0.6383
vn -0.8255 0.5129 -0.2355
vn -0.8907 -0.3034 -0.3386
vn -0.8571 -0.5050 -0.1014
vn 0.0845 -0.9884 0.1265
vn 0.3538 -0.9318 -0.0812
vn 0.3504 -0.6547 0.6697
vn -0.2475 -0.9489 0.1960
vn -0.5080 -0.8439 0.1728
vn 0.6960 -0.5881 0.4120
vn 0.8753 -0.2972 0.3816
vn 0.8597 -0.4294 0.2766
vn 0.6566 -0.4260 0.6224
vn 0.7911 -0.1697 0.5877
vn 0.2062 -0.1143 0.9718
vn 0.5934 -0.0719 0.8017
vn 0.2200 0.0462 0.9744
vn 0.3751 0.1336 0.9173
vn 0.2335 0.3132 0.9206
vn 0.6530 0.2818 0.7030
vn 0.4418 0.4961 0.7474
vn -0.1913 0.5522 0.8115
vn -0.1710 0.3703 0.9131
vn -0.6968 0.3858 0.6047
vn -0.9283 0.3551 -0.1104
vn -0.8641 0.4284 0.2643
vn -0.8960 0.4413 -0.0492
vn -0.8717 0.4641 -0.1574
vn -0.8804 0.3433 0.3273
vn -0.7335 0.1736 0.6571
vn -0.8814 0.1478 0.4488
vn -0.4953 0.2452 0.8334
vn -0.1213 0.1623 0.9793
vn -0.1572 -0.0103 0.9875
vn -0.4948 0.0113 0.8690
vn -0.7232 -0.0736 0.6867
vn -0.8527 -0.0813 0.5161
vn -0.9486 0.1549 0.2760
vn -0.9390 0.3102 0.1486
vn -0.7193 -0.6906 0.0758
vn -0.6241 -0.2819 0.7287
vn -0.4625 -0.4693 0.7522
vn -0.2562 -0.4192 0.8710
vn -0.1072 -0.6115 0.7840
vn 0.1050 -0.5175 0.8492
vn 0.4811 -0.5467 0.6853
vn 0.3117 -0.4126 0.8560
vn 0.4205 -0.2974 0.8572
vn -0.0367 -0.3555 0.9340
vn -0.4193 -0.2333 0.8773
vn -0.1054 -0.2185 0.9701
vn 0.7260 0.1170 0.6777
vn 0.9090 0.0710 0.4107
vn 0.9603 -0.0647 0.2715
vn 0.9946 0.0693 -0.0777
vn 0.9688 -0.2233 0.1080
vn 0.9887 -0.0553 -0.1396
vn 0.5502 -0.6434 -0.5323
vn 0.9502 -0.0330 -0.3100
vn 0.9635 -0.2646 -0.0414
vn 0.5033 -0.8109 -0.2986
vn 0.9066 0.1291 -0.4018
vn 0.6950 0.3077 -0.6498
vn 0.4818 -0.4383 -0.7588
vn 0.6284 0.3702 -0.6842
vn 0.3893 0.1612 -0.9069
vn 0.3211 -0.1518 -0.9348
vn -0.2041 0.3155 -0.9267
vn -0.7505 0.3189 -0.5788
vn -0.4270 0.6664 0.6112
vn -0.8771 0.4777 0.0506
vn 0.0509 0.0606 0.9969
vn -0.6484 -0.2111 0.7315
vn -0.8346 -0.5491 -0.0436
vn 0.2021 -0.9670 0.1553
vn 0.4451 0.4271 -0.7871
vn 0.7780 0.6092 -0.1534
vn 0.8095 0.0132 0.5869
vn 0.3832 0.7638 0.5195
vn 0.3558 -0.1759 0.9178
vn 0.4317 -0.0116 -0.9019
vn 0.0764 -0.0715 -0.9945
vn 0.2884 0.7194 -0.6319
vn 0.7631 -0.1016 -0.6382
vn 0.5946 0.6306 -0.4988
vn 0.4013 0.6023 -0.6901
vn 0.3093 0.5153 -0.7992
vn 0.0602 0.6514 -0.7564
vn 0.7092 0.4704 -0.5251
vn 0.5800 0.3271 -0.7461
vn 0.8686 0.2793 -0.4092
vn 0.8136 0.4823 0.3249
vn 0.7958 -0.0471 -0.6037
vn 0.6263 0.7381 -0.2510
vn 0.2036 0.5380 0.8180
vn -0.2104 0.7179 -0.6636
vn -0.0863 0.6769 0.7310
vn -0.4571 0.4891 0.7428
vn -0.6092 0.2900 0.7381
vn -0.8969 0.0940 0.4321
vn -0.9251 0.2446 0.2905
vn -0.9454 0.1290 -0.2994
vn -0.9602 0.1612 -0.2279
vn -0.7591 0.2701 -0.5923
vn -0.9049 0.1204 -0.4082
vn -0.6294 0.3684 -0.6842
vn -0.2586 -0.2121 -0.9424
vn -0.4817 -0.4384 -0.7588
vn -0.5501 -0.6435 -0.5323
vn -0.9645 -0.2610 -0.0413
vn -0.5033 -0.8109 -0.2986
vn 0.2475 -0.9489 0.1960
vn -0.9515 -0.0321 -0.3058
vn -0.9706 -0.2193 0.0992
vn -0.9922 -0.0020 0.1244
vn -0.8844 -0.1258 0.4494
vn -0.6676 -0.0905 0.7390
vn -0.6366 0.0796 0.7671
vn -0.2196 0.1783 0.9592
vn -0.3842 0.0239 0.9229
vn -0.0563 0.0807 0.9952
vn -0.1525 0.3386 0.9285
vn 0.2631 0.3278 0.9074
vn 0.5495 0.2510 0.7969
vn 0.2676 0.1512 0.9516
vn 0.6372 0.0832 0.7662
vn 0.8376 0.2453 0.4881
vn 0.9371 0.3089 0.1624
vn 0.8905 0.1263 0.4371
vn 0.9500 0.1539 0.2718
vn 0.8572 -0.5049 -0.1013
vn 0.8526 -0.0851 0.5156
vn 0.7193 -0.6906 0.0758
vn 0.5080 -0.8439 0.1729
vn 0.4625 -0.4693 0.7522
vn 0.2562 -0.4192 0.8710
vn 0.1072 -0.6115 0.7840
vn 0.6241 -0.2819 0.7287
vn 0.4100 -0.2299 0.8827
vn 0.3681 -0.1376 0.9195
vn -0.0216 -0.0676 0.9975
vn 0.3098 0.0318 0.9503
vn -0.3622 -0.1230 0.9240
vn -0.0787 -0.2614 0.9620
vn -0.5947 -0.2906 0.7496
vn -0.6565 -0.4282 0.6210
vn -0.8597 -0.4294 0.2766
vn -0.6960 -0.5881 0.4120
vn -0.3537 -0.9318 -0.0813
vn -0.0844 -0.9884 0.1263
vn -0.4811 -0.5467 0.6853
vn -0.3504 -0.6547 0.6697
vn -0.3219 -0.4124 0.8522
vn 0.0586 -0.3542 0.9334
vn -0.1050 -0.5175 0.8492
vn -0.8775 -0.2890 0.3826
vn 0.7170 -0.0722 0.6933
vn 0.8703 0.4612 -0.1729
vn 0.8908 -0.3032 -0.3385
vn 0.8240 0.5119 -0.2428
vn 0.8725 0.4585 -0.1688
vn 0.9038 0.3978 0.1576
vn 0.8893 0.3380 0.3081
vn 0.7259 0.3963 0.5621
vn -0.9918 -0.0358 -0.1229
vn -0.3247 0.5304 -0.7831
vn -0.1021 0.5251 -0.8449
vn -0.0853 0.4498 -0.8891
vn -0.5210 0.3692 -0.7696
vn 0.1509 0.2359 -0.9600
vn -0.4664 0.2072 -0.8599
vn -0.3442 -0.0672 -0.9365
vn -0.9458 0.3100 -0.0964
vn -0.8277 0.5435 0.1398
vn 0.2901 -0.2711 -0.9178
vn 0.3741 0.0350 -0.9267
vn -0.8198 0.2613 -0.5096
vn -0.0003 -0.4706 -0.8824
vn 0.6223 -0.5169 -0.5878
vn 0.8416 -0.5180 -0.1530
vn 0.7026 -0.6028 0.3782
vn 0.3088 -0.6534 0.6911
vn 0.1689 0.1080 0.9797
vn -0.1832 -0.6379 0.7480
vn -0.6923 -0.6024 0.3974
vn 0.6852 0.1119 0.7197
vn 0.4080 0.3120 0.8580
vn 0.9386 0.2606 0.2263
vn -0.0027 1.0000 0.0011
vn -0.5158 0.2802 0.8096
vn -0.9417 0.2468 0.2288
vn -0.8464 -0.5071 -0.1626
vn -0.6246 -0.5134 -0.5885
vn -0.5731 0.3127 -0.7574
vn -0.5261 0.1192 0.8420
vn -0.5732 -0.4295 -0.6978
vn -0.0002 0.3238 -0.9461
vn -0.6247 0.4130 -0.6628
vn -0.8465 0.4746 -0.2413
vn -0.7007 0.6566 0.2791
vn -0.2985 0.7505 0.5896
vn 0.1758 0.7434 0.6453
vn -0.5182 0.0265 0.8549
vn -0.5158 -0.1475 0.8439
vn -0.9417 -0.2071 0.2653
vn -0.0027 -0.9870 0.1606
vn 0.4080 -0.1711 0.8968
vn 0.9386 -0.2211 0.2650
vn 0.8414 0.4872 -0.2338
vn 0.6224 0.4164 -0.6628
vn 0.6831 0.0115 0.7302
vn 0.6938 0.6566 0.2960
vn 0.1621 0.0618 0.9848
vn -0.5731 -0.4296 -0.6979
vn -0.6246 0.4130 -0.6628
vn -0.8466 0.4745 -0.2412
vn -0.7007 0.6566 0.2792
vn -0.2987 0.7505 0.5896
vn 0.1759 0.7429 0.6459
vn -0.5158 -0.1474 0.8439
vn 0.8414 0.4871 -0.2339
vn 0.6939 0.6565 0.2959
vn 0.1620 0.0618 0.9848
vn -0.0003 -0.4707 -0.8823
vn 0.6222 -0.5166 -0.5882
vn 0.8279 -0.5395 -0.1532
vn 0.2990 -0.6470 0.7014
vn -0.1759 -0.6305 0.7560
vn 0.7015 -0.6055 0.3759
vn 0.5177 0.1103 0.8484
vn 0.2212 0.3321 0.9169
vn 0.9332 0.2611 0.2470
vn 0.0034 1.0000 -0.0067
vn -0.8448 -0.5088 -0.1659
vn -0.5741 0.3112 -0.7574
vn -0.6248 -0.5133 -0.5884
vn -0.9563 0.2355 0.1732
vn -0.6836 0.1181 0.7202
vn -0.6871 -0.6057 0.4013
vn -0.8290 0.3236 0.4561
vn -0.1719 0.1046 0.9795
vn 0.1640 -0.4999 -0.8504
vn 0.4079 0.8000 -0.4400
vn -0.2015 0.4899 -0.8482
vn 0.5109 0.4429 -0.7367
vn -0.2267 0.9739 -0.0142
vn -0.3609 0.7665 -0.5313
vn -0.7467 0.6649 -0.0178
vn -0.7733 0.4368 -0.4595
vn -0.8060 -0.5484 -0.2228
vn -0.6908 -0.6015 0.4013
vn -0.9136 0.3235 0.2464
vn 0.4661 -0.6283 0.6228
vn 0.3340 0.1512 0.9303
vn -0.1566 -0.6335 0.7578
vn 0.8181 0.2110 0.5349
vn 0.5276 0.7280 0.4378
vn 0.9268 0.3452 -0.1477
vn 0.8107 -0.5772 0.0982
vn 0.6780 -0.5243 -0.5152
vn -0.3121 0.6674 0.6761
vn -0.3929 0.1994 0.8977
vn -0.4428 -0.5071 -0.7394
vn 0.4431 -0.4968 -0.7462
vn -0.1644 -0.4917 -0.8551
vn -0.2018 0.4716 -0.8584
vn 0.5470 0.4481 -0.7071
vn 0.6451 0.7208 -0.2536
vn 0.9395 0.3400 0.0414
vn 0.8071 -0.5415 -0.2354
vn 0.6897 -0.6036 0.4000
vn 0.1560 -0.6353 0.7564
vn -0.4691 -0.6259 0.6231
vn -0.8113 -0.5757 0.1017
vn -0.6739 -0.5162 -0.5286
vn 0.5398 0.1876 0.8206
vn 0.5926 0.5956 0.5423
vn -0.1432 0.6776 0.7213
vn -0.2004 0.1831 0.9625
vn -0.7396 0.6341 0.2255
vn 0.0259 0.9996 -0.0085
vn -0.1457 0.8237 -0.5481
vn -0.8587 0.4096 -0.3079
vn -0.7965 0.2445 0.5529
vn -0.0258 -0.4772 -0.8784
vn 0.3150 0.7638 -0.5634
vn -0.1673 0.4034 -0.8996
vn 0.5342 0.4271 -0.7295
vn 0.6733 -0.5121 -0.5332
vn 0.8222 -0.5610 0.0969
vn 0.4769 -0.6141 0.6288
vn -0.1499 -0.6304 0.7617
vn -0.7093 -0.6014 0.3677
vn 0.6352 0.6045 0.4807
vn 0.2031 0.5482 0.8113
vn 0.7545 0.6490 -0.0970
vn -0.0181 0.9998 -0.0032
vn -0.7864 0.6111 0.0901
vn -0.4072 0.7162 -0.5667
vn -0.7454 -0.5106 -0.4286
vn -0.3986 0.5900 0.7021
vn 0.3308 -0.4638 -0.8218
vn 0.1793 0.9818 -0.0619
vn 0.8638 -0.5009 -0.0544
vn 0.3428 -0.5968 0.7255
vn 0.6414 0.2328 0.7311
vn -0.4892 -0.6060 0.6273
vn -0.8485 -0.5235 -0.0773
vn -0.4466 -0.4796 -0.7553
vn -0.5983 0.4969 -0.6286
vn -0.8879 0.3718 0.2708
vn -0.1941 0.4603 0.8663
vn -0.3990 0.1060 0.9108
vn 0.1642 -0.4452 -0.8802
vn 0.8134 -0.5169 -0.2668
vn 0.6775 -0.5928 0.4355
vn -0.0344 -0.5987 0.8002
vn -0.6916 -0.5922 0.4136
vn -0.8944 0.1856 0.4069
vn -0.7562 -0.4895 -0.4341
vn -0.0091 0.9998 0.0193
vn -0.3267 0.2004 0.9236
vn 0.5055 0.2060 0.8379
vn 0.9469 0.2511 0.2007
vn 0.6773 -0.4862 -0.5521
vn 0.3623 -0.5918 0.7201
vn 0.8121 -0.5608 0.1614
vn -0.4852 -0.6118 0.6247
vn -0.8446 -0.5170 -0.1391
vn 0.9318 0.3596 0.0489
vn 0.2620 0.2986 0.9177
vn -0.2222 0.0919 0.9707
vn -0.8341 0.2597 0.4867
vn -0.1844 -0.4451 -0.8763
vn -0.0862 0.9963 0.0006
vn 0.1639 -0.4455 -0.8801
vn 0.8216 -0.5179 -0.2381
vn 0.5548 -0.5837 0.5929
vn 0.9476 0.2501 0.1986
vn 0.4752 0.1875 0.8597
vn -0.0058 0.9998 0.0197
vn -0.3667 0.1797 0.9128
vn -0.7818 -0.4933 -0.3815
vn -0.9410 0.2331 0.2455
vn -0.4536 -0.5741 0.6816
vn -0.0170 0.3002 -0.9537
vn 0.2266 -0.6159 -0.7546
vn -0.5246 -0.6075 -0.5964
vn -0.6176 -0.7804 -0.0982
vn -0.6794 0.3620 -0.6383
vn -0.9295 -0.3481 0.1222
vn -0.8375 0.5463 -0.0099
vn -0.5145 0.7078 0.4840
vn 0.7785 0.6263 -0.0419
vn 0.5310 0.7573 0.3801
vn 0.9462 -0.1771 0.2707
vn 0.0882 0.7852 0.6129
vn 0.6362 0.4415 -0.6327
vn 0.7002 -0.7016 0.1325
vn 0.8132 -0.4307 -0.3913
vn 0.1476 -0.9331 -0.3280
vn -0.1665 -0.9658 0.1988
vn 0.5738 0.0317 0.8184
vn 0.2399 -0.5967 0.7658
vn -0.0343 0.1002 0.9944
vn -0.5552 -0.0221 0.8314
vn -0.5714 -0.4899 0.6584
vn -0.1530 0.3183 -0.9356
vn 0.1876 -0.6430 -0.7425
vn -0.5449 -0.5563 -0.6274
vn -0.6989 -0.7046 -0.1229
vn -0.6638 0.4283 -0.6131
vn -0.9499 -0.3066 -0.0612
vn -0.7935 0.6085 -0.0087
vn -0.6566 -0.4104 0.6328
vn -0.4557 0.7463 0.4852
vn -0.5139 0.0564 0.8560
vn 0.2058 0.0318 0.9781
vn 0.1857 0.7648 0.6169
vn 0.7960 -0.1315 0.5908
vn 0.7174 -0.6021 0.3503
vn -0.0596 -0.9723 0.2258
vn 0.8500 -0.4841 -0.2078
vn 0.0938 -0.9172 -0.3873
vn 0.4590 0.3206 -0.8286
vn 0.8299 0.4566 -0.3206
vn 0.7276 0.6335 0.2631
vn 0.1635 -0.4876 0.8576
vn -0.6097 0.3428 -0.7147
vn -0.0655 -0.8217 -0.5662
vn -0.8041 -0.3826 -0.4550
vn -0.8415 0.5370 -0.0594
vn 0.2112 0.3232 -0.9225
vn 0.7497 0.5506 -0.3671
vn 0.8509 -0.3507 -0.3911
vn 0.6000 -0.7041 -0.3799
vn 0.4385 -0.4834 -0.7577
vn 0.0036 -0.9766 0.2149
vn 0.8293 -0.4816 0.2835
vn 0.2101 -0.4497 0.8681
vn 0.5595 0.0880 0.8241
vn -0.1570 0.1353 0.9783
vn 0.2570 0.8137 0.5215
vn -0.6660 -0.3803 0.6417
vn -0.5889 0.7009 0.4024
vn -0.7953 -0.5760 -0.1890
vn -0.1949 0.7889 0.5827
vn 0.6435 0.7338 0.2179
vn 0.9583 -0.1140 0.2620
vn -0.1425 0.3039 -0.9420
vn -0.6555 0.4275 -0.6226
vn -0.2532 -0.5020 -0.8270
vn -0.1141 -0.7833 -0.6111
vn -0.8183 -0.5408 -0.1949
vn 0.4498 0.3017 -0.8406
vn 0.8355 0.4437 -0.3243
vn 0.4923 -0.4993 -0.7130
vn 0.5329 -0.6760 -0.5089
vn -0.0724 -0.9706 0.2297
vn 0.8552 -0.5127 0.0761
vn 0.2995 -0.4317 0.8509
vn 0.1874 0.1150 0.9755
vn -0.5092 0.1027 0.8545
vn -0.7947 0.5927 -0.1311
vn -0.6924 -0.3266 0.6434
vn -0.6435 0.7116 0.2819
vn -0.1021 0.7862 0.6094
vn 0.6619 0.6544 0.3656
vn 0.8309 -0.0388 0.5551
vn -0.9346 -0.3421 0.0974
vn -0.4689 0.6901 0.5513
vn -0.8220 0.4134 -0.3916
vn 0.8489 0.4946 -0.1863
vn 0.1459 0.2905 -0.9457
vn 0.0837 -0.9841 0.1569
vn -0.2563 -0.1341 0.9573
vn 0.8259 -0.1598 0.5407
vn 0.3576 0.6340 0.6857
vn -0.9346 -0.3421 0.0975
vn -0.8220 0.4136 -0.3915
vn -0.4759 0.6885 0.5472
vn 0.3410 0.6786 0.6506
vn 0.8256 -0.1592 0.5413
vn -0.2561 -0.1338 0.9573
vn 0.0838 -0.9841 0.1569
vn 0.8461 0.4982 -0.1895
vn 0.1475 0.2929 -0.9447
vn -0.1491 0.3664 -0.9184
vn 0.3569 0.3383 -0.8707
vn -0.6504 0.4904 -0.5801
vn -0.9480 -0.3181 -0.0099
vn -0.7363 0.6747 0.0511
vn -0.2533 0.7494 0.6118
vn 0.0636 0.0463 0.9969
vn 0.5431 0.6533 0.5274
vn 0.7862 -0.1870 0.5890
vn 0.3012 -0.2711 0.9142
vn -0.6785 -0.0455 0.7332
vn 0.8946 0.4464 -0.0218
vn -0.0447 -0.9874 0.1520
vn 0.7536 0.3380 -0.5637
vn -0.0000 -1.0000 -0.0000
vn -0.1625 -0.8507 0.5000
vn -0.5257 -0.8507 -0.0000
vn -0.1625 -0.8507 -0.5000
vn 0.4253 -0.8507 0.3090
vn 0.4253 -0.8507 -0.3090
vn 0.7236 -0.4472 -0.5257
vn 0.2629 -0.5257 -0.8090
vn 0.8506 -0.5257 -0.0000
vn 0.7236 -0.4472 0.5257
vn 0.9511 -0.0000 0.3090
vn 0.9511 -0.0000 -0.3090
vn 0.8944 0.4472 -0.0000
vn 0.6882 0.5257 -0.5000
vn 0.5878 -0.0000 -0.8090
vn 0.2764 0.4472 -0.8506
vn -0.0000 -0.0000 -1.0000
vn -0.2764 -0.4472 -0.8506
vn -0.2629 0.5257 -0.8090
vn -0.5878 -0.0000 -0.8090
vn -0.7236 0.4472 -0.5257
vn -0.9511 -0.0000 -0.3090
vn -0.6882 -0.5257 -0.5000
vn -0.8944 -0.4472 -0.0000
vn -0.6882 -0.5257 0.5000
vn -0.9511 -0.0000 0.3090
vn -0.7236 0.4472 0.5257
vn -0.8506 0.5257 -0.0000
vn -0.5878 -0.0000 0.8090
vn -0.2764 -0.4472 0.8506
vn -0.2629 0.5257 0.8090
vn -0.0000 -0.0000 1.0000
vn 0.2764 0.4472 0.8506
vn 0.5878 -0.0000 0.8090
vn 0.2629 -0.5257 0.8090
vn 0.6882 0.5257 0.5000
vn 0.1625 0.8507 0.5000
vn 0.5257 0.8507 -0.0000
vn 0.1625 0.8507 -0.5000
vn -0.4253 0.8507 -0.3090
vn -0.4253 0.8507 0.3090
vn -0.8507 0.5257 -0.0000
vn -0.1674 -0.8499 0.4997
vn -0.5384 -0.8427 -0.0000
vn -0.1674 -0.8499 -0.4996
vn 0.4366 -0.8454 0.3076
vn 0.4366 -0.8454 -0.3076
vn 0.7348 -0.4395 -0.5166
vn 0.2710 -0.5246 -0.8071
vn 0.8579 -0.5139 -0.0000
vn 0.7348 -0.4395 0.5166
vn 0.9539 0.0003 0.3002
vn 0.9539 0.0003 -0.3002
vn 0.9002 0.4355 -0.0000
vn 0.6999 0.5179 -0.4919
vn 0.5999 -0.0005 -0.8001
vn 0.2848 0.4461 -0.8485
vn -0.2848 -0.4461 -0.8485
vn -0.2710 0.5246 -0.8071
vn -0.5999 0.0005 -0.8001
vn -0.7348 0.4395 -0.5166
vn -0.9539 -0.0003 -0.3002
vn -0.6999 -0.5179 -0.4919
vn -0.9002 -0.4355 -0.0000
vn -0.6999 -0.5179 0.4919
vn -0.9539 -0.0003 0.3002
vn -0.7348 0.4395 0.5166
vn -0.8579 0.5139 -0.0000
vn -0.5999 0.0005 0.8001
vn -0.2848 -0.4461 0.8485
vn -0.2710 0.5246 0.8071
vn 0.2848 0.4461 0.8485
vn 0.5999 -0.0005 0.8001
vn 0.2710 -0.5246 0.8071
vn 0.6999 0.5179 0.4919
vn 0.1674 0.8499 0.4997
vn 0.5384 0.8427 -0.0000
vn 0.1674 0.8499 -0.4997
vn -0.4366 0.8455 -0.3076
vn -0.4366 0.8455 0.3076
vn -0.1674 -0.8499 -0.4997
vn 0.4366 -0.8455 0.3076
vn 0.4366 -0.8455 -0.3076
vn -0.4366 0.8454 -0.3076
vn -0.4366 0.8454 0.3076
vn -0.4940 -0.8690 -0.0288
vn 0.4472 -0.6497 0.6148
vn -0.9576 -0.2405 0.1587
vn -0.0213 -0.4971 -0.8674
vn 0.4868 0.8510 0.1973
vn 0.8960 -0.3321 -0.2948
vn -0.9650 0.2133 0.1527
vn -0.4634 0.7763 -0.4275
vn 0.0445 -0.4305 0.9015
vn -0.2061 0.1662 0.9643
vn 0.8791 -0.2703 0.3926
vn -0.7941 0.4329 -0.4265
vn -0.5970 -0.8019 0.0234
vn -0.7942 -0.1321 -0.5932
vn -0.9849 -0.0615 0.1617
vn 0.0172 -0.4219 0.9065
vn 0.4748 -0.6332 0.6112
vn 0.9000 -0.3203 -0.2956
vn 0.9153 -0.2946 0.2747
vn -0.7465 -0.1363 -0.6513
vn 0.9012 0.3462 0.2607
vn -0.6294 -0.7745 -0.0637
vn -0.7972 0.5411 -0.2676
vn -0.9728 -0.1787 0.1476
vn 0.0144 -0.4774 0.8786
vn 0.4069 -0.7120 0.5722
vn -0.1080 -0.1721 0.9791
vn 0.9287 -0.2999 0.2182
vn -0.0692 0.1101 0.9915
vn -0.7732 0.5983 -0.2100
vn -0.6678 0.4013 -0.6269
vn -0.9808 -0.1290 0.1465
vn -0.7864 0.5439 0.2928
vn -0.2346 0.7988 -0.5540
vn 0.9034 0.3387 0.2628
vn 0.6880 0.7200 -0.0906
vn 0.2701 0.5834 0.7660
vn 0.8567 -0.4114 -0.3112
vn -0.1585 -0.4576 -0.8749
vn -0.2895 0.6970 -0.6561
vn -0.7062 0.3706 -0.6033
vn -0.8439 0.4924 0.2131
vn -0.2346 -0.3412 -0.9103
vn 0.7939 0.6018 -0.0868
vn 0.3781 0.4650 0.8005
vn -0.0049 0.0745 0.9972
vn 0.8983 0.3035 0.3178
vn 0.9417 -0.2997 0.1527
vn -0.9476 -0.2451 -0.2049
vn -0.7603 0.6310 -0.1544
vn -0.6109 0.4098 -0.6773
vn -0.1685 0.8444 -0.5086
vn -0.4843 -0.5160 -0.7065
vn 0.7101 -0.5567 -0.4310
vn 0.8516 0.5117 -0.1138
vn 0.4400 0.3780 0.8146
vn 0.8835 0.2371 0.4040
vn 0.0351 0.0329 0.9988
vn 0.9469 -0.2952 0.1271
vn -0.7526 0.6581 -0.0232
vn -0.4764 0.4159 -0.7746
vn -0.1366 0.8566 -0.4976
vn -0.7669 -0.0471 -0.6400
vn -0.6861 0.6318 0.3607
vn 0.7815 0.5439 0.3056
vn 0.1700 -0.0103 0.9854
vn -0.0428 -0.4335 0.9001
vn 0.7446 -0.5434 -0.3876
vn -0.5060 -0.5109 -0.6949
vn 0.2627 -0.8440 0.4676
vn -0.9816 -0.0911 0.1677
vn 0.2274 -0.8536 0.4687
vn -0.2039 -0.4919 0.8465
vn -0.9797 -0.0960 0.1758
vn 0.3188 -0.8059 0.4988
vn -0.0469 -0.5073 0.8605
vn -0.0900 -0.2137 0.9727
vn -0.7318 -0.6738 -0.1025
vn 0.7738 -0.5185 -0.3638
vn -0.7327 -0.1401 -0.6659
vn -0.7032 0.6244 0.3402
vn -0.2217 0.1414 0.9648
vn 0.1603 0.6140 0.7729
vn -0.5132 0.7139 -0.4764
vn 0.6301 0.7649 -0.1338
vn -0.0997 0.4754 -0.8741
vn 0.3292 0.4363 0.8374
vn -0.0830 -0.5439 -0.8350
vn 0.4941 -0.8690 -0.0288
vn -0.4472 -0.6497 0.6148
vn 0.9576 -0.2405 0.1588
vn 0.0213 -0.4971 -0.8674
vn -0.4865 0.8511 0.1974
vn -0.8960 -0.3321 -0.2947
vn 0.9650 0.2133 0.1526
vn 0.4636 0.7762 -0.4273
vn 0.2061 0.1659 0.9644
vn -0.0415 -0.4318 0.9010
vn -0.8798 -0.2684 0.3922
vn 0.8065 0.4461 -0.3879
vn 0.5968 -0.8020 0.0237
vn 0.7523 -0.1436 -0.6430
vn 0.0841 -0.5556 -0.8272
vn 0.9848 -0.0788 0.1551
vn -0.0173 -0.4219 0.9065
vn -0.4749 -0.6333 0.6111
vn -0.9000 -0.3318 -0.2828
vn -0.9153 -0.2946 0.2747
vn 0.7465 -0.1363 -0.6512
vn -0.9012 0.3462 0.2607
vn 0.6294 -0.7745 -0.0637
vn 0.7982 0.5402 -0.2665
vn 0.1585 -0.4577 -0.8749
vn 0.9726 -0.1798 0.1471
vn -0.0144 -0.4774 0.8786
vn -0.4069 -0.7120 0.5722
vn 0.1068 -0.1733 0.9791
vn -0.9287 -0.2999 0.2182
vn 0.7723 0.5992 -0.2111
vn 0.6678 0.4013 -0.6269
vn 0.9808 -0.1277 0.1472
vn 0.7556 0.5794 0.3057
vn 0.2024 0.7837 -0.5873
vn -0.9035 0.3387 0.2627
vn -0.2711 0.5730 0.7734
vn -0.6977 0.7105 -0.0917
vn -0.8567 -0.4114 -0.3112
vn 0.3022 0.7026 -0.6442
vn 0.7062 0.3706 -0.6033
vn 0.8643 0.4543 0.2159
vn 0.0676 0.1121 0.9914
vn -0.7331 0.6404 0.2292
vn 0.2278 -0.3339 -0.9147
vn 0.7318 -0.6738 -0.1025
vn -0.7768 -0.5094 -0.3702
vn 0.7328 -0.1401 -0.6659
vn -0.9419 -0.2988 0.1535
vn -0.3188 -0.8059 0.4988
vn -0.7379 0.2656 0.6204
vn 0.7583 -0.1069 -0.6431
vn 0.7593 0.6319 -0.1555
vn 0.5677 0.4089 -0.7145
vn 0.1652 0.8430 -0.5119
vn -0.8462 0.5246 -0.0931
vn 0.2758 -0.2486 -0.9285
vn -0.7042 -0.5816 -0.4073
vn -0.9643 -0.2613 0.0428
vn -0.2489 -0.8609 0.4438
vn 0.7952 -0.5914 -0.1334
vn -0.8835 0.2371 0.4041
vn -0.4403 0.3843 0.8114
vn 0.7602 0.6493 -0.0224
vn 0.4764 0.4159 -0.7746
vn 0.1367 0.8566 -0.4976
vn 0.7585 -0.0553 -0.6493
vn 0.6861 0.6318 0.3607
vn -0.7815 0.5439 0.3056
vn -0.1700 -0.0103 0.9854
vn 0.0428 -0.4335 0.9001
vn -0.7446 -0.5434 -0.3876
vn 0.5060 -0.5109 -0.6949
vn -0.2627 -0.8440 0.4676
vn 0.9816 -0.0911 0.1676
vn 0.1186 -0.5280 0.8409
vn 0.0870 -0.2520 0.9638
vn -0.0538 0.0600 0.9968
vn 0.9829 -0.0741 0.1685
vn 0.0465 -0.5073 0.8605
vn 0.0906 -0.2128 0.9729
vn -0.0014 0.1291 0.9916
vn 0.6760 0.6559 0.3359
vn -0.1798 0.6304 0.7552
vn 0.1898 0.1109 0.9755
vn 0.8474 0.5271 0.0636
vn 0.3210 0.5886 -0.7420
vn 0.7131 0.3198 -0.6239
vn -0.6200 0.7773 -0.1064
vn -0.3136 0.4564 0.8327
vn 0.4158 0.6051 -0.6789
vn 0.8797 0.3632 0.3070
vn -0.5073 0.8293 -0.2342
vn 0.1785 -0.4327 -0.8837
vn 0.4005 0.5958 0.6961
vn 0.9381 -0.1676 0.3030
vn -0.4817 -0.3966 -0.7814
vn -0.8556 0.3110 -0.4137
vn -0.4441 -0.3964 -0.8035
vn -0.0180 -0.6248 -0.7805
vn 0.3945 0.9174 -0.0532
vn 0.9215 -0.0765 0.3807
vn 0.0732 0.8419 -0.5346
vn 0.0999 0.8966 -0.4314
vn -0.7901 0.4745 -0.3881
vn -0.2591 0.5843 0.7691
vn -0.8544 0.3270 -0.4038
vn 0.0233 0.8996 0.4360
vn -0.4527 -0.7887 0.4159
vn -0.0363 -0.8200 0.5712
vn -0.5661 -0.5035 0.6527
vn 0.0808 -0.7155 0.6939
vn 0.3591 0.5524 0.7523
vn 0.3788 0.5563 0.7397
vn 0.0560 -0.7942 0.6051
vn 0.9406 -0.1811 0.2873
vn -0.5673 -0.5802 0.5845
vn -0.0489 -0.8893 0.4547
vn -0.4848 -0.7935 0.3677
vn -0.4458 0.0569 0.8933
vn 0.3657 0.4573 0.8106
vn -0.0098 0.9935 0.1133
vn 0.0806 0.9095 -0.4078
vn -0.4649 0.8822 -0.0745
vn -0.4526 -0.2896 -0.8434
vn 0.1316 0.9414 -0.3104
vn 0.4452 0.7694 -0.4581
vn -0.4651 -0.1942 -0.8637
vn -0.8167 0.4862 -0.3108
vn 0.3942 0.9160 0.0747
vn 0.0116 -0.5088 -0.8608
vn 0.9188 -0.1520 0.3642
vn 0.9457 -0.1962 0.2591
vn 0.0427 -0.8550 0.5168
vn 0.3647 0.4523 0.8139
vn -0.5731 -0.6341 0.5191
vn -0.0437 -0.9287 0.3683
vn -0.4742 -0.8466 0.2418
vn 0.0122 0.7954 0.6059
vn 0.3630 0.3904 0.8460
vn -0.7737 0.5598 -0.2966
vn -0.8501 0.4271 -0.3080
vn 0.0840 0.9424 -0.3237
vn -0.4614 -0.1324 -0.8773
vn -0.2475 0.4247 0.8708
vn 0.1186 0.9649 -0.2343
vn 0.4360 0.8045 -0.4033
vn 0.4031 0.9005 0.1630
vn 0.0053 -0.4284 -0.9036
vn 0.9264 -0.1769 0.3323
vn 0.9426 -0.2188 0.2524
vn 0.0427 -0.8901 0.4537
vn 0.3678 0.3981 0.8404
vn -0.5696 -0.6736 0.4710
vn -0.0531 -0.9610 0.2714
vn -0.4964 -0.8379 0.2269
vn -0.4588 -0.1239 0.8799
vn 0.3654 0.3019 0.8805
vn 0.0010 0.9546 0.2979
vn 0.0884 0.9717 -0.2192
vn -0.4545 0.8850 0.1009
vn -0.4533 -0.1182 -0.8835
vn 0.1433 0.9829 -0.1160
vn 0.4447 0.8453 -0.2963
vn -0.4513 -0.0056 -0.8923
vn -0.8653 0.0273 -0.5005
vn 0.3984 0.8815 0.2536
vn 0.0233 -0.3289 -0.9441
vn 0.9156 -0.2412 0.3216
vn 0.9359 -0.2913 0.1979
vn 0.0365 -0.9209 0.3880
vn 0.3606 0.2840 0.8884
vn -0.5788 -0.6965 0.4242
vn -0.0194 -0.9570 0.2895
vn -0.5112 -0.8344 0.2058
vn 0.0637 0.7344 0.6757
vn -0.7486 -0.3478 -0.5644
vn 0.3668 0.3407 0.8657
vn -0.7094 0.6884 -0.1514
vn 0.1143 0.9876 -0.1080
vn -0.8536 0.5206 -0.0146
vn -0.2823 0.7339 -0.6178
vn -0.2467 0.4933 0.8342
vn 0.1499 0.9886 -0.0164
vn 0.4236 0.8989 -0.1116
vn 0.3508 0.8395 0.4150
vn 0.1102 -0.1121 -0.9876
vn 0.4818 0.8319 0.2753
vn 0.7738 0.5040 0.3837
vn 0.3484 0.5116 0.7854
vn 0.3921 -0.0365 0.9192
vn -0.2145 0.0615 0.9748
vn 0.9342 0.1049 0.3409
vn 0.4199 0.7639 -0.4901
vn 0.1989 0.0046 -0.9800
vn -0.4503 -0.0145 -0.8927
vn 0.1741 -0.1301 -0.9761
vn 0.1759 -0.2027 -0.9633
vn -0.4465 -0.2065 -0.8706
vn 0.1789 -0.3147 -0.9322
vn -0.4673 -0.2945 -0.8336
vn 0.4473 0.7013 -0.5551
vn -0.2662 0.5568 0.7868
vn 0.5006 0.8163 -0.2882
vn 0.2258 0.6281 0.7447
vn -0.4305 0.5579 -0.7096
vn 0.8108 0.3513 -0.4681
vn -0.4776 0.6013 0.6405
vn 0.5265 0.0095 0.8501
vn 0.0309 -0.8070 0.5897
vn -0.0062 0.8944 0.4472
vn -0.0540 -0.7186 0.6933
vn -0.4437 0.5354 0.7187
vn -0.9217 -0.1073 0.3727
vn -0.4454 0.5386 0.7152
vn -0.9397 -0.1707 0.2963
vn 0.0169 -0.6376 -0.7702
vn -0.8951 0.3466 0.2803
vn -0.1651 -0.4485 -0.8784
vn 0.5081 -0.4017 -0.7619
vn 0.4815 -0.3959 -0.7819
vn -0.0750 0.8363 -0.5431
vn 0.7965 0.4786 -0.3696
vn 0.7975 0.4335 -0.4196
vn 0.5695 -0.5489 0.6118
vn 0.2381 0.5989 0.7646
vn -0.1136 0.8874 -0.4469
vn -0.4485 0.6840 -0.5754
vn 0.4862 -0.2976 -0.8216
vn -0.4008 0.9145 -0.0557
vn -0.1682 -0.3281 -0.9295
vn 0.4676 -0.2908 -0.8348
vn -0.0056 -0.5225 -0.8526
vn -0.3981 0.9150 0.0656
vn -0.9401 -0.1934 0.2807
vn -0.0871 0.9029 -0.4209
vn -0.9182 -0.1726 0.3565
vn -0.4224 0.4495 0.7871
vn -0.4484 0.7572 -0.4749
vn -0.4267 0.4425 0.7888
vn -0.9445 -0.2110 0.2518
vn -0.0377 -0.8648 0.5008
vn 0.5666 -0.6152 0.5481
vn 0.0420 -0.9206 0.3883
vn 0.2403 0.4979 0.8333
vn 0.4604 -0.8647 0.2010
vn 0.7559 -0.4510 -0.4746
vn -0.0332 0.8094 0.5864
vn 0.8695 -0.0861 -0.4864
vn -0.4153 0.3843 0.8246
vn -0.9256 -0.1945 0.3247
vn -0.4177 0.3892 0.8210
vn 0.2306 0.4365 0.8697
vn -0.0373 -0.8985 0.4374
vn 0.5693 -0.6518 0.5011
vn -0.9409 -0.2341 0.2447
vn 0.0514 -0.9549 0.2924
vn 0.4520 -0.8843 0.1170
vn 0.7873 0.5545 -0.2697
vn -0.0181 0.7473 0.6642
vn -0.4110 0.2976 0.8617
vn -0.9143 -0.2561 0.3139
vn -0.4101 0.2786 0.8685
vn 0.2418 0.3244 0.9145
vn -0.0339 -0.9275 0.3724
vn 0.5757 -0.6815 0.4517
vn -0.9327 -0.3068 0.1898
vn 0.0114 -0.9504 0.3107
vn 0.4984 -0.8476 0.1819
vn 0.7681 -0.3433 -0.5405
vn -0.0935 0.7497 0.6551
vn -0.4100 0.3369 0.8476
vn 0.7048 0.6874 -0.1753
vn -0.1081 0.9873 -0.1165
vn -0.1455 0.9889 -0.0312
vn 0.2145 0.5155 0.8296
vn 0.8451 0.5328 -0.0446
vn 0.2820 0.7273 -0.6257
vn -0.4207 0.7561 -0.5013
vn -0.4216 0.7531 -0.5051
vn -0.1561 -0.0419 -0.9869
vn -0.7970 0.4756 0.3723
vn -0.4999 0.8206 0.2771
vn -0.3950 0.5044 0.7679
vn -0.4284 -0.0540 0.9020
vn -0.9413 0.0416 0.3351
vn 0.1687 0.0928 0.9813
vn 0.4544 -0.0245 -0.8905
vn -0.1903 -0.0095 -0.9817
vn 0.4550 -0.0156 -0.8903
vn 0.8635 0.0177 -0.5040
vn -0.1377 0.9825 -0.1253
vn -0.4486 0.8375 -0.3121
vn -0.4020 0.8844 0.2372
vn -0.0117 -0.3500 -0.9367
vn -0.0901 0.9685 -0.2321
vn 0.7720 0.6010 -0.2071
vn 0.4556 -0.1240 -0.8815
vn 0.4694 -0.1404 -0.8717
vn -0.1646 -0.1442 -0.9758
vn -0.1186 0.9623 -0.2449
vn -0.4397 0.7941 -0.4197
vn 0.7390 0.6228 -0.2569
vn -0.0772 0.9419 -0.3270
vn 0.4667 -0.2150 -0.8579
vn -0.4070 0.9012 0.1490
vn 0.0047 -0.4464 -0.8948
vn -0.1661 -0.2160 -0.9622
vn 0.4695 -0.2052 -0.8587
vn -0.1293 0.9384 -0.3204
vn 0.7938 0.5223 -0.3115
vn -0.0206 0.8575 0.5141
vn 0.4413 -0.8551 0.2720
vn 0.0500 -0.8790 0.4742
vn -0.0479 -0.8039 0.5928
vn -0.2950 -0.7334 -0.6124
vn 0.2879 -0.6579 -0.6959
vn -0.1173 -0.3261 -0.9380
vn -0.2712 -0.7724 0.5744
vn 0.1307 -0.8019 0.5830
vn 0.0204 0.5024 0.8644
vn 0.0834 0.4620 0.8830
vn 0.0020 0.4967 0.8679
vn -0.0412 0.8800 -0.4731
vn -0.0133 0.9057 -0.4238
vn -0.0412 -0.6571 0.7527
vn 0.2380 -0.8287 0.5066
vn 0.0777 -0.6283 -0.7741
vn -0.0305 -0.7649 0.6434
vn -0.0979 0.4426 0.8914
vn -0.0053 0.9030 -0.4296
vn 0.0706 0.8850 -0.4601
vn -0.0949 -0.6911 -0.7165
vn -0.2453 -0.7314 0.6362
vn 0.2603 -0.5037 0.8237
vn -0.0439 0.4830 0.8745
vn -0.0948 -0.4979 -0.8620
vn 0.0041 0.8729 -0.4879
vn -0.3067 -0.8915 0.3333
vn -0.1651 0.8618 -0.4796
vn -0.2862 -0.7962 -0.5330
vn 0.1846 -0.8912 0.4144
vn 0.2494 0.4537 0.8556
vn 0.1149 0.4936 0.8621
vn 0.5003 0.7146 0.4889
vn -0.2669 0.7963 -0.5428
vn 0.0729 -0.6887 0.7213
vn 0.7705 -0.6231 -0.1342
vn -0.4401 -0.6763 -0.5907
vn -0.6214 -0.2520 -0.7418
vn -0.5750 0.7406 -0.3477
vn -0.4983 -0.3300 -0.8017
vn -0.9050 -0.3916 0.1659
vn 0.7131 0.6466 0.2710
vn -0.6415 0.7654 -0.0522
vn 0.4887 -0.6888 0.5354
vn -0.0003 -0.9972 -0.0749
vn -0.9700 -0.2398 -0.0406
vn 0.0187 -0.9988 0.0454
vn -0.5567 -0.7706 -0.3101
vn -0.9354 -0.2847 -0.2096
vn 0.1961 -0.7908 -0.5798
vn -0.3910 -0.9113 -0.1290
vn -0.1875 -0.9584 0.2152
vn 0.5825 -0.8126 -0.0193
vn -0.6429 0.7544 0.1324
vn -0.6161 0.7309 0.2936
vn -0.6273 -0.7724 0.0990
vn 0.7405 0.6648 -0.0982
vn 0.6887 0.6837 -0.2412
vn 0.5935 0.6923 -0.4105
vn 0.7975 -0.5185 -0.3085
vn 0.0845 -0.9948 -0.0563
vn -0.3316 -0.9386 0.0956
vn -0.5664 -0.3927 0.7245
vn -0.5338 0.7281 0.4301
vn 0.3873 -0.6456 -0.6582
vn 0.3269 0.7385 -0.5897
vn 0.3491 -0.8208 -0.4522
vn -0.1871 -0.7554 0.6280
vn -0.0993 -0.3095 0.9457
vn -0.1433 0.7209 0.6780
vn -0.3478 0.7147 0.6068
vn 0.0800 0.7240 -0.6851
vn 0.0909 -0.5083 -0.8564
vn -0.0090 -0.8257 -0.5640
vn -0.1583 -0.7656 0.6236
vn -0.0596 -0.3662 0.9286
vn 0.1178 -0.7891 0.6028
vn -0.0198 0.7331 0.6798
vn -0.0755 -0.4949 -0.8657
vn 0.0177 0.7335 0.6795
vn -0.0735 -0.8421 -0.5343
vn -0.0206 0.7060 -0.7079
vn -0.0450 -0.4905 -0.8703
vn -0.3793 -0.8003 -0.4643
vn -0.1538 0.7261 -0.6702
vn 0.1024 -0.2128 0.9717
vn -0.3695 0.7396 -0.5625
vn 0.1526 0.7217 0.6752
vn -0.1642 -0.7170 -0.6774
vn -0.7138 -0.4542 -0.5331
vn 0.5152 -0.5360 0.6688
vn 0.0485 -0.7526 0.6567
vn 0.2922 -0.9169 0.2719
vn 0.3489 0.7123 0.6090
vn 0.5124 0.7379 0.4392
vn 0.5894 0.7572 0.2816
vn 0.8795 -0.4134 0.2360
vn -0.5809 0.7055 -0.4060
vn -0.6870 0.6869 -0.2372
vn -0.6562 -0.6846 -0.3174
vn -0.0404 -0.8755 0.4816
vn 0.6949 -0.7166 -0.0611
vn -0.7284 0.6812 -0.0737
vn -0.7300 0.6824 0.0372
vn 0.6430 0.7537 0.1360
vn 0.6656 0.7451 0.0433
vn -0.8685 -0.4920 -0.0607
vn -0.5469 -0.8275 -0.1270
vn -0.7398 0.6586 0.1372
vn -0.7291 0.6409 0.2401
vn 0.6405 0.7669 -0.0411
vn -0.7803 -0.5554 0.2875
vn -0.5058 -0.6898 0.5180
vn 0.8853 -0.2667 -0.3810
vn -0.4386 0.7154 0.5440
vn -0.3166 0.4889 0.8129
vn 0.4610 0.7359 -0.4959
vn -0.2340 -0.9170 0.3229
vn -0.2376 -0.8022 0.5478
vn 0.6209 -0.4095 -0.6684
vn -0.2183 0.5527 0.8042
vn 0.1065 0.8398 -0.5324
vn -0.0055 0.8649 -0.5019
vn 0.0191 -0.6372 0.7705
vn 0.0712 -0.4605 -0.8848
vn 0.2952 -0.6938 -0.6569
vn 0.5692 -0.8157 -0.1030
vn 0.6075 0.7605 -0.2294
vn 0.6352 -0.6900 -0.3471
vn 0.2241 -0.9590 0.1737
vn 0.7281 0.6679 0.1543
vn 0.4150 -0.8792 0.2340
vn -0.5947 -0.7475 -0.2959
vt 0.425815 0.456005
vt 0.421134 0.450556
vt 0.426257 0.448828
vt 0.417686 0.456102
vt 0.422330 0.466725
vt 0.435047 0.463055
vt 0.433500 0.452067
vt 0.419642 0.429494
vt 0.420921 0.432270
vt 0.419065 0.430271
vt 0.425357 0.437274
vt 0.421571 0.434318
vt 0.425464 0.433980
vt 0.426332 0.439806
vt 0.423758 0.438037
vt 0.429715 0.443970
vt 0.423835 0.440610
vt 0.421978 0.429886
vt 0.420115 0.428558
vt 0.427642 0.436390
vt 0.429038 0.439001
vt 0.423467 0.427292
vt 0.420613 0.427561
vt 0.429159 0.431461
vt 0.420795 0.426361
vt 0.433402 0.437894
vt 0.431292 0.434604
vt 0.424180 0.425582
vt 0.421099 0.425103
vt 0.429894 0.428795
vt 0.433846 0.433246
vt 0.420803 0.423679
vt 0.431328 0.426257
vt 0.424430 0.423572
vt 0.439437 0.429902
vt 0.441102 0.436538
vt 0.439475 0.446279
vt 0.420750 0.422033
vt 0.426351 0.421136
vt 0.440611 0.424653
vt 0.419808 0.420466
vt 0.426317 0.417713
vt 0.430453 0.418250
vt 0.424999 0.413345
vt 0.428871 0.416912
vt 0.450290 0.435802
vt 0.419136 0.418158
vt 0.412180 0.437397
vt 0.410353 0.436849
vt 0.411830 0.435115
vt 0.444931 0.406772
vt 0.432954 0.415678
vt 0.429197 0.413917
vt 0.440090 0.417195
vt 0.460660 0.415521
vt 0.451014 0.456670
vt 0.468955 0.437069
vt 0.419523 0.412164
vt 0.416447 0.417932
vt 0.429312 0.401609
vt 0.415386 0.409392
vt 0.414073 0.417084
vt 0.422522 0.393504
vt 0.493760 0.368369
vt 0.440852 0.375306
vt 0.515245 0.447320
vt 0.412752 0.397206
vt 0.411036 0.363485
vt 0.408208 0.382693
vt 0.587336 -0.002154
vt 0.410264 0.414460
vt 0.408033 0.419524
vt 0.406205 0.413551
vt 0.403151 0.398760
vt 0.410195 0.409468
vt 0.405209 0.410346
vt 0.400730 0.392055
vt 0.389796 0.436832
vt 0.394522 0.434483
vt 0.393841 0.436543
vt 0.407121 0.419826
vt 0.403065 0.414971
vt 0.400382 0.410425
vt 0.394217 0.403937
vt 0.398835 0.436443
vt 0.396525 0.435375
vt 0.397672 0.433948
vt 0.332445 0.456933
vt 0.340611 0.736915
vt 0.141944 0.354989
vt 0.402874 0.414285
vt 0.393144 0.414010
vt 0.396704 0.415902
vt 0.379288 0.397858
vt 0.349377 0.411791
vt 0.391384 0.417785
vt 0.385826 0.347450
vt 0.365032 0.388040
vt 0.394407 0.425421
vt 0.394386 0.421504
vt 0.396659 0.423780
vt 0.392345 0.423112
vt 0.367815 0.428306
vt 0.396889 0.422988
vt 0.396336 0.422008
vt 0.398194 0.422437
vt 0.394373 0.418709
vt 0.377707 0.449188
vt 0.380280 0.434952
vt 0.385577 0.466694
vt 0.407850 0.464676
vt 0.368180 0.500746
vt 0.401248 0.425348
vt 0.405588 0.422973
vt 0.405702 0.424012
vt 0.398925 0.427485
vt 0.391817 0.432819
vt 0.395939 0.430052
vt 0.418904 0.487458
vt 0.387899 0.448655
vt 0.402692 0.427070
vt 0.406129 0.424698
vt 0.398852 0.432306
vt 0.401331 0.428379
vt 0.405055 0.428175
vt 0.406383 0.424841
vt 0.403269 0.430078
vt 0.401390 0.434061
vt 0.398147 0.439179
vt 0.397120 0.436812
vt 0.402641 0.445413
vt 0.402092 0.452271
vt 0.397045 0.447531
vt 0.402532 0.436316
vt 0.404946 0.431796
vt 0.395269 0.440320
vt 0.408954 0.430006
vt 0.407942 0.428814
vt 0.405066 0.436961
vt 0.406920 0.432735
vt 0.405603 0.443933
vt 0.406245 0.448910
vt 0.409612 0.431466
vt 0.408318 0.434746
vt 0.407421 0.440502
vt 0.408675 0.436334
vt 0.409366 0.443197
vt 0.410851 0.446134
vt 0.411138 0.453958
vt 0.411162 0.431282
vt 0.409405 0.436242
vt 0.409293 0.437723
vt 0.409467 0.440003
vt 0.412219 0.431756
vt 0.411616 0.440950
vt 0.410714 0.437866
vt 0.410519 0.438716
vt 0.410763 0.438720
vt 0.413444 0.441834
vt 0.414603 0.444244
vt 0.414089 0.450293
vt 0.413262 0.434144
vt 0.413307 0.431789
vt 0.413790 0.438041
vt 0.414553 0.434051
vt 0.414325 0.431816
vt 0.415345 0.437887
vt 0.416195 0.440977
vt 0.418091 0.442744
vt 0.418044 0.447260
vt 0.415299 0.431663
vt 0.415773 0.433761
vt 0.417023 0.438226
vt 0.417751 0.440467
vt 0.416283 0.431553
vt 0.419899 0.437171
vt 0.420379 0.439483
vt 0.423312 0.444909
vt 0.420890 0.441678
vt 0.417200 0.431201
vt 0.418673 0.433068
vt 0.418144 0.430832
vt 0.422202 0.438639
vt 0.413817 0.423540
vt 0.414310 0.426138
vt 0.412487 0.424314
vt 0.417124 0.426049
vt 0.416563 0.424870
vt 0.411816 0.426491
vt 0.412412 0.427611
vt 0.414651 0.428634
vt 0.415800 0.428037
vt 0.418878 0.428881
vt 0.419566 0.427494
vt 0.418334 0.428046
vt 0.417040 0.427753
vt 0.416791 0.426918
vt 0.414121 0.419351
vt 0.415889 0.419618
vt 0.414235 0.420892
vt 0.415128 0.423590
vt 0.410113 0.422692
vt 0.407458 0.422903
vt 0.408000 0.421548
vt 0.408762 0.426022
vt 0.408505 0.426933
vt 0.407081 0.427094
vt 0.409771 0.426837
vt 0.415854 0.430839
vt 0.415109 0.430192
vt 0.416408 0.429726
vt 0.419794 0.423882
vt 0.418794 0.421755
vt 0.418705 0.424174
vt 0.417735 0.422509
vt 0.416422 0.423584
vt 0.410591 0.423794
vt 0.409785 0.423387
vt 0.411183 0.422845
vt 0.411625 0.430566
vt 0.411770 0.429599
vt 0.412577 0.428556
vt 0.413478 0.430221
vt 0.413631 0.428421
vt 0.418906 0.426173
vt 0.411275 0.417970
vt 0.408386 0.419604
vt 0.412289 0.419773
vt 0.413025 0.421176
vt 0.406448 0.424857
vt 0.408980 0.428238
vt 0.410030 0.427762
vt 0.417210 0.430299
vt 0.406685 0.424647
vt 0.410172 0.424724
vt 0.409437 0.424047
vt 0.411829 0.425343
vt 0.413370 0.431066
vt 0.419965 0.425234
vt 0.411330 0.420541
vt 0.412073 0.421799
vt 0.409703 0.429253
vt 0.410529 0.428579
vt 0.417423 0.429159
vt 0.416364 0.428464
vt 0.415524 0.421064
vt 0.410405 0.421886
vt 0.408329 0.420665
vt 0.409243 0.424846
vt 0.409019 0.424734
vt 0.414283 0.431102
vt 0.414264 0.430277
vt 0.418910 0.425138
vt 0.406956 0.424153
vt 0.410650 0.421991
vt 0.418350 0.429555
vt 0.408491 0.420001
vt 0.408456 0.419644
vt 0.409826 0.425907
vt 0.449425 0.480823
vt 0.396322 0.422021
vt 0.396300 0.422032
vt 0.396317 0.422014
vt 0.391741 0.420548
vt 0.433062 0.418086
vt 0.434987 0.419468
vt 0.432806 0.419407
vt 0.429011 0.415840
vt 0.427746 0.415405
vt 0.409833 0.436186
vt 0.409218 0.435781
vt 0.410186 0.437877
vt 0.434813 0.420102
vt 0.410168 0.435125
vt 0.431112 0.422494
vt 0.677055 0.539468
vt 0.392130 0.459676
vt 0.401712 0.440938
vt 0.389840 0.373230
vt 0.400296 0.379456
vt 0.396514 0.385851
vt 0.387415 0.390492
vt 0.395364 0.437623
vt 0.396948 0.437562
vt 0.400020 0.374963
vt 0.382318 0.383187
vt 0.405734 0.421755
vt 0.406341 0.420662
vt 0.400109 0.416027
vt 0.400942 0.425703
vt 0.398497 0.417651
vt 0.399156 0.420185
vt 0.399320 0.423851
vt 0.399954 0.420941
vt 0.394954 0.420734
vt 0.397033 0.416912
vt 0.395016 0.419445
vt 0.396516 0.420442
vt 0.396354 0.418144
vt 0.396365 0.418138
vt 0.396373 0.418156
vt 0.398311 0.419122
vt 0.396608 0.419828
vt 0.396351 0.418116
vt 0.398179 0.421068
vt 0.206018 0.981702
vt 0.003309 0.370041
vt 0.270695 0.829015
vt 0.399124 0.451728
vt 0.400398 0.452210
vt 0.393684 0.455001
vt 0.389584 0.449600
vt 0.391152 0.449776
vt 0.730544 0.999903
vt 0.795946 0.557563
vt 0.950446 0.556352
vt 0.115962 0.000097
vt 0.173668 0.094763
vt 0.393500 0.446618
vt 0.393963 0.447639
vt 0.396951 0.453738
vt 0.393185 0.456407
vt 0.434642 0.697825
vt 0.460031 0.677394
vt 0.441356 0.651738
vt 0.466241 0.633790
vt 0.486256 0.682931
vt 0.422490 0.625605
vt 0.505109 0.603586
vt 0.433626 0.595228
vt 0.406458 0.602324
vt 0.367951 0.626858
vt 0.380127 0.651905
vt 0.369990 0.596500
vt 0.349749 0.605988
vt 0.316110 0.617239
vt 0.308353 0.591666
vt 0.312085 0.587938
vt 0.312549 0.584976
vt 0.369287 0.566762
vt 0.296967 0.577420
vt 0.299897 0.574544
vt 0.308993 0.566834
vt 0.351786 0.552267
vt 0.292314 0.572338
vt 0.290344 0.571027
vt 0.288844 0.574057
vt 0.291212 0.570038
vt 0.289363 0.569258
vt 0.288456 0.568377
vt 0.288157 0.570052
vt 0.288677 0.568161
vt 0.287892 0.567910
vt 0.287833 0.567966
vt 0.287683 0.567677
vt 0.287678 0.567684
vt 0.287697 0.567661
vt 0.288582 0.567569
vt 0.287893 0.567453
vt 0.287684 0.567646
vt 0.287678 0.567640
vt 0.287668 0.567654
vt 0.287639 0.567667
vt 0.287639 0.567653
vt 0.287668 0.567668
vt 0.287623 0.567645
vt 0.287623 0.567676
vt 0.287628 0.567683
vt 0.287610 0.567659
vt 0.287429 0.567427
vt 0.287629 0.567639
vt 0.287483 0.567375
vt 0.287020 0.567086
vt 0.287640 0.566404
vt 0.286732 0.566778
vt 0.287693 0.566903
vt 0.287674 0.565548
vt 0.289198 0.566228
vt 0.290461 0.564447
vt 0.288605 0.566785
vt 0.288315 0.567108
vt 0.287836 0.567375
vt 0.288491 0.567268
vt 0.288834 0.567093
vt 0.289503 0.566841
vt 0.289625 0.567636
vt 0.291303 0.565355
vt 0.292935 0.563365
vt 0.292036 0.567130
vt 0.294171 0.564530
vt 0.297145 0.561389
vt 0.295018 0.559570
vt 0.299831 0.558923
vt 0.302770 0.565812
vt 0.303331 0.555854
vt 0.322431 0.553273
vt 0.300589 0.554057
vt 0.337185 0.538794
vt 0.321842 0.537141
vt 0.296163 0.548979
vt 0.288613 0.554562
vt 0.289399 0.548437
vt 0.307961 0.536264
vt 0.294529 0.555592
vt 0.287736 0.557758
vt 0.280604 0.560103
vt 0.282663 0.563522
vt 0.284987 0.564514
vt 0.286172 0.566218
vt 0.286510 0.567063
vt 0.286841 0.567242
vt 0.286737 0.567538
vt 0.286356 0.567498
vt 0.286634 0.568117
vt 0.287383 0.567640
vt 0.287415 0.567896
vt 0.287470 0.567950
vt 0.286845 0.568337
vt 0.285919 0.569176
vt 0.287068 0.570045
vt 0.284906 0.570815
vt 0.284139 0.569840
vt 0.282963 0.571953
vt 0.286162 0.573854
vt 0.278078 0.576345
vt 0.281273 0.570157
vt 0.260307 0.581222
vt 0.261287 0.588762
vt 0.267928 0.593191
vt 0.243374 0.579729
vt 0.259990 0.585351
vt 0.263330 0.565221
vt 0.254993 0.565099
vt 0.241838 0.557822
vt 0.263492 0.557920
vt 0.270492 0.554876
vt 0.251998 0.543866
vt 0.248338 0.546456
vt 0.240448 0.530606
vt 0.269302 0.540599
vt 0.245485 0.529202
vt 0.265581 0.526386
vt 0.238708 0.504930
vt 0.218685 0.505529
vt 0.226035 0.536959
vt 0.185579 0.507134
vt 0.187587 0.502550
vt 0.126097 0.511190
vt 0.239429 0.501883
vt 0.218620 0.498698
vt 0.185439 0.498088
vt 0.125915 0.495362
vt 0.225423 0.467435
vt 0.240020 0.473657
vt 0.245065 0.474992
vt 0.251290 0.460218
vt 0.247684 0.457693
vt 0.263335 0.446051
vt 0.268624 0.449578
vt 0.269006 0.463618
vt 0.265331 0.477699
vt 0.262732 0.438375
vt 0.241082 0.446334
vt 0.254326 0.438806
vt 0.242342 0.424392
vt 0.225059 0.433312
vt 0.259190 0.422665
vt 0.257601 0.384072
vt 0.227049 0.394025
vt 0.258818 0.418556
vt 0.260065 0.415136
vt 0.276870 0.427365
vt 0.280109 0.433527
vt 0.281788 0.431714
vt 0.266621 0.410645
vt 0.284972 0.429783
vt 0.283744 0.432836
vt 0.284776 0.434467
vt 0.282985 0.433820
vt 0.285917 0.433585
vt 0.285712 0.435298
vt 0.286288 0.435734
vt 0.286343 0.435678
vt 0.285503 0.435522
vt 0.286505 0.435945
vt 0.285613 0.436100
vt 0.286260 0.435991
vt 0.286487 0.435968
vt 0.286499 0.435951
vt 0.286554 0.435943
vt 0.286515 0.435960
vt 0.286500 0.435982
vt 0.286545 0.435959
vt 0.286516 0.435974
vt 0.286545 0.435973
vt 0.286555 0.435987
vt 0.286506 0.435989
vt 0.286308 0.436203
vt 0.286362 0.436255
vt 0.285903 0.436550
vt 0.285617 0.436863
vt 0.286532 0.437227
vt 0.286579 0.436726
vt 0.286577 0.438084
vt 0.288096 0.437383
vt 0.287495 0.436833
vt 0.289386 0.439150
vt 0.287200 0.436512
vt 0.286717 0.436251
vt 0.286773 0.436172
vt 0.286561 0.435981
vt 0.286574 0.435966
vt 0.286560 0.435950
vt 0.286766 0.435714
vt 0.286707 0.435659
vt 0.287326 0.435239
vt 0.286736 0.434984
vt 0.287008 0.433566
vt 0.288224 0.434347
vt 0.289184 0.432567
vt 0.287652 0.429553
vt 0.291137 0.431235
vt 0.290063 0.433546
vt 0.293017 0.433034
vt 0.298669 0.428966
vt 0.295729 0.426122
vt 0.311337 0.418405
vt 0.308202 0.436495
vt 0.301537 0.437575
vt 0.302631 0.447789
vt 0.296125 0.442097
vt 0.298863 0.444502
vt 0.291879 0.440194
vt 0.294032 0.443956
vt 0.293096 0.439009
vt 0.290215 0.438228
vt 0.288393 0.436765
vt 0.290923 0.436442
vt 0.287720 0.436522
vt 0.287374 0.436350
vt 0.287461 0.436047
vt 0.288505 0.435967
vt 0.287550 0.435453
vt 0.288530 0.434979
vt 0.293679 0.436217
vt 0.286762 0.445907
vt 0.293616 0.447946
vt 0.287708 0.449099
vt 0.281561 0.440184
vt 0.283891 0.439158
vt 0.279517 0.443669
vt 0.283087 0.438313
vt 0.285062 0.437431
vt 0.285391 0.436579
vt 0.285720 0.436396
vt 0.284745 0.436846
vt 0.285231 0.436145
vt 0.284546 0.436065
vt 0.282333 0.436632
vt 0.284513 0.435108
vt 0.279738 0.436545
vt 0.280415 0.439086
vt 0.277676 0.441856
vt 0.274017 0.437809
vt 0.275245 0.443741
vt 0.273103 0.451618
vt 0.281838 0.466701
vt 0.278743 0.449262
vt 0.307559 0.467206
vt 0.288641 0.455217
vt 0.294238 0.480855
vt 0.280536 0.480178
vt 0.277431 0.445787
vt 0.295404 0.454533
vt 0.321502 0.466155
vt 0.299778 0.449616
vt 0.336784 0.464284
vt 0.321800 0.449850
vt 0.351168 0.450527
vt 0.350494 0.459627
vt 0.353589 0.477374
vt 0.365427 0.473446
vt 0.359296 0.455701
vt 0.374840 0.451208
vt 0.368324 0.494428
vt 0.382088 0.493102
vt 0.383956 0.469981
vt 0.392587 0.496867
vt 0.367604 0.499094
vt 0.380079 0.498413
vt 0.378361 0.497508
vt 0.367777 0.500847
vt 0.355908 0.500229
vt 0.338596 0.494428
vt 0.352347 0.501172
vt 0.338706 0.502210
vt 0.323048 0.501957
vt 0.297474 0.507243
vt 0.322073 0.480359
vt 0.337550 0.478887
vt 0.294495 0.522818
vt 0.323040 0.501972
vt 0.322194 0.523115
vt 0.338809 0.509748
vt 0.338688 0.502222
vt 0.337763 0.524421
vt 0.355980 0.501860
vt 0.352353 0.501184
vt 0.353860 0.525364
vt 0.367779 0.500861
vt 0.367727 0.502768
vt 0.381625 0.502669
vt 0.383284 0.502587
vt 0.382003 0.507538
vt 0.392487 0.505608
vt 0.391653 0.501039
vt 0.424866 0.499547
vt 0.395716 0.533960
vt 0.384138 0.531961
vt 0.478031 0.501339
vt 0.463167 0.522749
vt 0.484131 0.520077
vt 0.477918 0.509744
vt 0.416431 0.547485
vt 0.460419 0.565117
vt 0.492919 0.527831
vt 0.492332 0.512802
vt 0.505660 0.531840
vt 0.505663 0.518663
vt 0.498154 0.516946
vt 0.497819 0.507294
vt 0.500309 0.508228
vt 0.502690 0.501880
vt 0.496798 0.504693
vt 0.488454 0.506521
vt 0.498505 0.501339
vt 0.496728 0.498110
vt 0.497672 0.495515
vt 0.492154 0.490220
vt 0.488344 0.495908
vt 0.478125 0.492932
vt 0.483670 0.483297
vt 0.462951 0.479189
vt 0.415946 0.453973
vt 0.425050 0.499502
vt 0.459963 0.436666
vt 0.492970 0.474612
vt 0.505898 0.470613
vt 0.474873 0.426243
vt 0.505683 0.483934
vt 0.498217 0.485506
vt 0.500223 0.494494
vt 0.505456 0.494094
vt 0.502919 0.496098
vt 0.513401 0.487331
vt 0.508401 0.494690
vt 0.520980 0.474490
vt 0.503726 0.500661
vt 0.509876 0.497502
vt 0.520014 0.493955
vt 0.507989 0.501354
vt 0.509820 0.505409
vt 0.519858 0.508485
vt 0.508252 0.508119
vt 0.512940 0.515787
vt 0.505402 0.508635
vt 0.502920 0.506570
vt 0.520262 0.529106
vt 0.536173 0.516646
vt 0.558445 0.556122
vt 0.667014 0.710425
vt 0.598781 0.500529
vt 0.535481 0.485585
vt 0.484898 0.317922
vt 0.667014 0.288857
vt 0.143972 0.062045
vt 0.068410 0.155704
vt 0.049363 0.145920
vt 0.118956 0.203372
vt 0.031079 0.237501
vt 0.005516 0.349416
vt 0.025020 0.343950
vt 0.066231 0.434983
vt 0.052312 0.445437
vt 0.165987 0.432142
vt 0.112472 0.400460
vt 0.096980 0.329590
vt 0.189476 0.367589
vt 0.099955 0.261535
vt 0.180940 0.323326
vt 0.184386 0.279300
vt 0.215226 0.321346
vt 0.215833 0.285820
vt 0.252088 0.288029
vt 0.252547 0.321915
vt 0.225401 0.257834
vt 0.285398 0.289917
vt 0.286795 0.254548
vt 0.251130 0.255164
vt 0.344790 0.263780
vt 0.193714 0.246570
vt 0.333789 0.298598
vt 0.282157 0.323733
vt 0.328732 0.331947
vt 0.273802 0.353269
vt 0.320499 0.359383
vt 0.314562 0.385920
vt 0.378399 0.350232
vt 0.390969 0.319763
vt 0.399624 0.283930
vt 0.432720 0.303415
vt 0.458519 0.323750
vt 0.465195 0.367569
vt 0.504581 0.397815
vt 0.443429 0.394719
vt 0.421266 0.376178
vt 0.432730 0.406550
vt 0.366454 0.375576
vt 0.405398 0.399680
vt 0.439979 0.349727
vt 0.368833 0.405954
vt 0.348451 0.396754
vt 0.307032 0.411748
vt 0.310828 0.415440
vt 0.368486 0.435667
vt 0.376595 0.436084
vt 0.404609 0.427009
vt 0.381370 0.442812
vt 0.395508 0.467819
vt 0.290553 0.405397
vt 0.288378 0.423477
vt 0.283519 0.423827
vt 0.278555 0.405423
vt 0.278500 0.381504
vt 0.220851 0.356694
vt 0.212239 0.402336
vt 0.202406 0.456809
vt 0.121955 0.503284
vt 0.054054 0.562138
vt 0.068036 0.572260
vt 0.009280 0.657959
vt 0.035475 0.769505
vt 0.028729 0.663279
vt 0.055375 0.860659
vt 0.074203 0.850541
vt 0.123839 0.802120
vt 0.104008 0.744476
vt 0.187850 0.725356
vt 0.183716 0.681490
vt 0.217948 0.682964
vt 0.219088 0.718373
vt 0.255185 0.715636
vt 0.255152 0.681859
vt 0.229050 0.746115
vt 0.290258 0.748459
vt 0.288345 0.713275
vt 0.254722 0.748385
vt 0.347833 0.738389
vt 0.151303 0.942357
vt 0.197659 0.757828
vt 0.336403 0.703914
vt 0.284644 0.679640
vt 0.330893 0.670779
vt 0.275887 0.650280
vt 0.322348 0.643581
vt 0.280198 0.622110
vt 0.279951 0.598285
vt 0.291960 0.598181
vt 0.284762 0.579827
vt 0.289628 0.580133
vt 0.259287 0.619832
vt 0.228618 0.610299
vt 0.223012 0.647642
vt 0.191545 0.637251
vt 0.099343 0.676558
vt 0.114294 0.605690
vt 0.167170 0.573219
vt 0.213708 0.602228
vt 0.226034 0.571060
vt 0.203150 0.547966
vt 0.392993 0.682065
vt 0.402040 0.717574
vt 0.391651 0.500990
vt 0.405391 0.574908
vt 0.377384 0.566209
vt 0.382050 0.559406
vt 0.375359 0.551115
vt 0.359845 0.546954
vt 0.365827 0.528942
vt 0.351013 0.543224
vt 0.368598 0.507277
vt 0.282302 0.537174
vt 0.280805 0.523685
vt 0.279723 0.509454
vt 0.274047 0.552529
vt 0.279693 0.554602
vt 0.271099 0.556050
vt 0.276452 0.560081
vt 0.275184 0.565932
vt 0.278816 0.561907
vt 0.281538 0.564621
vt 0.283464 0.567044
vt 0.284198 0.565363
vt 0.280883 0.567153
vt 0.285651 0.568540
vt 0.285674 0.567585
vt 0.285864 0.566804
vt 0.278519 0.558062
vt 0.262926 0.510429
vt 0.279389 0.501442
vt 0.262237 0.501558
vt 0.250706 0.500041
vt 0.250663 0.504203
vt 0.296087 0.446499
vt 0.286277 0.435016
vt 0.287870 0.568639
vt 0.287412 0.568612
vt 0.297019 0.556995
vt 0.294796 0.567317
vt 0.294176 0.570516
vt 0.289662 0.568623
vt 0.667182 0.007597
vt 0.667182 0.007840
vt 0.667539 0.007506
vt 0.667535 0.007840
vt 0.667182 0.000155
vt 0.667182 0.000327
vt 0.667182 0.000084
vt 0.668180 0.007597
vt 0.668175 0.007840
vt 0.667535 0.000185
vt 0.668175 0.000084
vt 0.668161 0.000327
vt 0.668592 0.007840
vt 0.668592 0.000084
vt 0.668240 0.000569
vt 0.667887 0.000569
vt 0.668592 0.000327
vt 0.667219 0.000668
vt 0.667887 0.000811
vt 0.668240 0.000894
vt 0.668592 0.000850
vt 0.667938 0.001296
vt 0.669062 0.000919
vt 0.668818 0.001296
vt 0.668945 0.001538
vt 0.668245 0.001538
vt 0.669437 0.001296
vt 0.668950 0.001781
vt 0.668002 0.001617
vt 0.667887 0.001858
vt 0.668371 0.002023
vt 0.667535 0.001433
vt 0.667535 0.001054
vt 0.667182 0.001619
vt 0.667182 0.001538
vt 0.667182 0.001296
vt 0.667182 0.001054
vt 0.667182 0.001538
vt 0.667182 0.001054
vt 0.667182 0.000811
vt 0.667182 0.000811
vt 0.667182 0.000569
vt 0.667182 0.000327
vt 0.667182 0.000628
vt 0.667182 0.000086
vt 0.667182 0.007584
vt 0.667182 0.007836
vt 0.667182 0.007355
vt 0.667182 0.007113
vt 0.667182 0.007341
vt 0.667182 0.006423
vt 0.667182 0.006870
vt 0.667182 0.006870
vt 0.667182 0.006412
vt 0.667182 0.006336
vt 0.667182 0.006868
vt 0.667535 0.006143
vt 0.667535 0.006500
vt 0.667182 0.005844
vt 0.667980 0.006547
vt 0.667535 0.006870
vt 0.668079 0.006870
vt 0.667934 0.006143
vt 0.668848 0.006386
vt 0.667535 0.005733
vt 0.667887 0.005711
vt 0.668240 0.005839
vt 0.668735 0.006143
vt 0.668592 0.005773
vt 0.667887 0.005416
vt 0.668240 0.005416
vt 0.668592 0.005416
vt 0.668240 0.005140
vt 0.667887 0.005174
vt 0.667535 0.005163
vt 0.667922 0.004773
vt 0.668592 0.004687
vt 0.667947 0.004447
vt 0.667213 0.004504
vt 0.667980 0.004204
vt 0.667535 0.004375
vt 0.668592 0.004204
vt 0.668240 0.003962
vt 0.667887 0.003848
vt 0.667535 0.003827
vt 0.668240 0.003720
vt 0.668618 0.003962
vt 0.668592 0.003477
vt 0.668592 0.003720
vt 0.668240 0.003477
vt 0.668240 0.003235
vt 0.668945 0.003235
vt 0.668945 0.003477
vt 0.668592 0.003235
vt 0.669297 0.003235
vt 0.669297 0.002891
vt 0.668592 0.002854
vt 0.668945 0.002789
vt 0.667895 0.002993
vt 0.668592 0.002508
vt 0.667893 0.002750
vt 0.667908 0.002500
vt 0.668989 0.002488
vt 0.668910 0.002265
vt 0.667887 0.002265
vt 0.667535 0.002458
vt 0.667184 0.002608
vt 0.667204 0.003002
vt 0.667182 0.002990
vt 0.667182 0.003624
vt 0.667182 0.003235
vt 0.667182 0.003691
vt 0.667182 0.003477
vt 0.667182 0.004041
vt 0.667182 0.003720
vt 0.667182 0.004082
vt 0.667182 0.004600
vt 0.667193 0.005259
vt 0.667182 0.005167
vt 0.667182 0.005651
vt 0.667182 0.005931
vt 0.667182 0.005938
vt 0.667182 0.005657
vt 0.667182 0.005960
vt 0.667182 0.004955
vt 0.667182 0.005465
vt 0.667182 0.005824
vt 0.667182 0.006143
vt 0.667182 0.006169
vt 0.667182 0.005901
vt 0.667182 0.006628
vt 0.667182 0.006019
vt 0.667182 0.005632
vt 0.667182 0.006051
vt 0.667182 0.005631
vt 0.667182 0.005338
vt 0.667182 0.005165
vt 0.667182 0.004829
vt 0.667182 0.005603
vt 0.667182 0.005055
vt 0.667182 0.005319
vt 0.667182 0.005061
vt 0.667182 0.005769
vt 0.667182 0.005443
vt 0.667182 0.006020
vt 0.667182 0.006037
vt 0.667182 0.005565
vt 0.667182 0.006010
vt 0.667182 0.006511
vt 0.670584 0.020643
vt 0.670058 0.020114
vt 0.667330 0.022383
vt 0.667182 0.021651
vt 0.667182 0.001887
vt 0.667182 0.001413
vt 0.667182 0.001401
vt 0.667182 0.001914
vt 0.667182 0.001903
vt 0.667182 0.002481
vt 0.667182 0.002149
vt 0.667182 0.002380
vt 0.667182 0.002624
vt 0.667182 0.002862
vt 0.667182 0.002580
vt 0.667182 0.002916
vt 0.667182 0.003097
vt 0.667182 0.002502
vt 0.667182 0.002537
vt 0.667182 0.003006
vt 0.667182 0.002978
vt 0.667182 0.003468
vt 0.667182 0.003477
vt 0.667182 0.003387
vt 0.667182 0.003720
vt 0.667182 0.004083
vt 0.667182 0.004071
vt 0.667182 0.003691
vt 0.667182 0.003833
vt 0.667182 0.004332
vt 0.667182 0.003671
vt 0.667182 0.003328
vt 0.667182 0.003108
vt 0.667182 0.003355
vt 0.667182 0.002870
vt 0.667182 0.002900
vt 0.667182 0.002432
vt 0.667773 0.023016
vt 0.668366 0.023386
vt 0.670865 0.021363
vt 0.670843 0.022061
vt 0.667182 0.005054
vt 0.667182 0.005492
vt 0.667182 0.005024
vt 0.667182 0.004816
vt 0.667182 0.004569
vt 0.667182 0.004211
vt 0.667182 0.004324
vt 0.667182 0.003823
vt 0.667182 0.003521
vt 0.669280 0.023481
vt 0.670550 0.022723
vt 0.667182 0.004539
vt 0.667182 0.004038
vt 0.670007 0.023236
vt 0.667182 0.004689
vt 0.667182 0.004493
vt 0.667182 0.004774
vt 0.667182 0.004447
vt 0.667182 0.004689
vt 0.667182 0.004085
vt 0.667182 0.002373
vt 0.667182 0.003186
vt 0.667182 0.002295
vt 0.667182 0.002265
vt 0.667182 0.002023
vt 0.667182 0.001932
vt 0.667182 0.002023
vt 0.667182 0.001748
vt 0.667182 0.001991
vt 0.667182 0.001544
vt 0.667182 0.002027
vt 0.667182 0.001538
vt 0.667182 0.001054
vt 0.667182 0.000562
vt 0.667182 0.000568
vt 0.667182 0.000084
vt 0.667182 0.007353
vt 0.667182 0.007597
vt 0.667182 0.006386
vt 0.667182 0.006725
vt 0.667182 0.007215
vt 0.667182 0.007221
vt 0.667182 0.007597
vt 0.667182 0.000731
vt 0.667182 0.000703
vt 0.667182 0.000327
vt 0.667182 0.001250
vt 0.667182 0.001054
vt 0.667182 0.007840
vt 0.667182 0.000084
vt 0.667182 0.001601
vt 0.667182 0.001917
vt 0.667182 0.001422
vt 0.667182 0.001404
vt 0.667182 0.000910
vt 0.667182 0.000913
vt 0.667182 0.000932
vt 0.667182 0.000490
vt 0.667680 0.020392
vt 0.667324 0.020947
vt 0.668735 0.019829
vt 0.669394 0.019841
vt 0.667182 0.007011
vt 0.667182 0.007434
vt 0.667182 0.006992
vt 0.667182 0.006520
vt 0.667182 0.007014
vt 0.667182 0.006523
vt 0.667182 0.006502
vt 0.667182 0.005772
vt 0.667182 0.006386
vt 0.667182 0.006752
vt 0.667182 0.006870
vt 0.667182 0.007214
vt 0.667182 0.007462
vt 0.667182 0.000710
vt 0.667182 0.000462
vt 0.667182 0.001054
vt 0.667182 0.001172
vt 0.668157 0.020016
vt 0.667182 0.002265
vt 0.667182 0.002508
vt 0.667182 0.002185
vt 0.667535 0.001912
vt 0.667182 0.004003
vt 0.667182 0.003962
vt 0.667182 0.004276
vt 0.667182 0.004204
vt 0.667182 0.004447
vt 0.667182 0.004931
vt 0.667182 0.003962
vt 0.667182 0.002359
vt 0.667535 0.003477
vt 0.667887 0.003477
vt 0.667535 0.003235
vt 0.667887 0.003235
vt 0.668945 0.002023
vt 0.669297 0.001901
vt 0.669427 0.001538
vt 0.669650 0.001781
vt 0.670002 0.001538
vt 0.670002 0.001296
vt 0.669650 0.000935
vt 0.670002 0.000844
vt 0.670371 0.001296
vt 0.670355 0.001538
vt 0.670355 0.001781
vt 0.670002 0.001901
vt 0.670707 0.001770
vt 0.669650 0.002145
vt 0.670002 0.002458
vt 0.670355 0.002145
vt 0.670355 0.002508
vt 0.670403 0.002958
vt 0.670002 0.002750
vt 0.670707 0.002508
vt 0.670707 0.002145
vt 0.671060 0.001981
vt 0.671058 0.002665
vt 0.670887 0.029349
vt 0.670624 0.030325
vt 0.667495 0.028373
vt 0.667854 0.027965
vt 0.668333 0.027690
vt 0.670556 0.005174
vt 0.671060 0.005047
vt 0.671060 0.005416
vt 0.670707 0.004931
vt 0.670707 0.005416
vt 0.670355 0.005416
vt 0.670355 0.005787
vt 0.671060 0.005778
vt 0.670707 0.005779
vt 0.670002 0.005658
vt 0.670012 0.005901
vt 0.670002 0.006143
vt 0.669358 0.006143
vt 0.670038 0.006386
vt 0.670708 0.006143
vt 0.669384 0.006386
vt 0.670002 0.006628
vt 0.669377 0.006628
vt 0.670002 0.006870
vt 0.670355 0.006626
vt 0.669371 0.006870
vt 0.669351 0.007113
vt 0.670002 0.007113
vt 0.669650 0.007355
vt 0.669197 0.007355
vt 0.669197 0.007597
vt 0.668592 0.007597
vt 0.669197 0.007840
vt 0.668592 0.007355
vt 0.668687 0.007113
vt 0.668240 0.007355
vt 0.668742 0.006870
vt 0.668802 0.006628
vt 0.669142 0.005901
vt 0.669331 0.005658
vt 0.668945 0.005414
vt 0.669571 0.005416
vt 0.668945 0.005023
vt 0.669354 0.005174
vt 0.668592 0.005174
vt 0.669297 0.004931
vt 0.668945 0.004689
vt 0.668858 0.004447
vt 0.668945 0.004204
vt 0.669297 0.004204
vt 0.669297 0.003962
vt 0.668945 0.003720
vt 0.670000 0.003962
vt 0.669650 0.004204
vt 0.669298 0.003720
vt 0.669650 0.004639
vt 0.670002 0.004204
vt 0.670355 0.004204
vt 0.670002 0.004662
vt 0.670355 0.004639
vt 0.670355 0.004931
vt 0.669879 0.004931
vt 0.670707 0.004597
vt 0.670707 0.004204
vt 0.671060 0.004082
vt 0.671060 0.004585
vt 0.669009 0.027552
vt 0.669745 0.027693
vt 0.670364 0.028114
vt 0.670346 0.003720
vt 0.671060 0.003580
vt 0.670346 0.003477
vt 0.670352 0.003235
vt 0.670002 0.003280
vt 0.670002 0.002993
vt 0.669650 0.003227
vt 0.669650 0.002533
vt 0.669304 0.003477
vt 0.670002 0.003720
vt 0.670372 0.003962
vt 0.671060 0.003097
vt 0.670755 0.028718
vt 0.670002 0.005174
vt 0.670002 0.005416
vt 0.669297 0.004689
vt 0.669297 0.004447
vt 0.668240 0.007113
vt 0.667543 0.007113
vt 0.667182 0.007156
vt 0.669650 0.000084
vt 0.669205 0.000327
vt 0.669197 0.000084
vt 0.669650 0.007597
vt 0.669650 0.007840
vt 0.670002 0.007597
vt 0.670002 0.007355
vt 0.670355 0.007113
vt 0.670361 0.007355
vt 0.670707 0.007022
vt 0.670707 0.006628
vt 0.671060 0.006975
vt 0.671060 0.007458
vt 0.667705 0.030694
vt 0.667314 0.030090
vt 0.668701 0.031226
vt 0.669420 0.031216
vt 0.671060 0.000466
vt 0.671060 0.000949
vt 0.670385 0.000811
vt 0.670392 0.001054
vt 0.670382 0.000569
vt 0.670002 0.000569
vt 0.670355 0.000327
vt 0.670707 0.000327
vt 0.670013 0.000084
vt 0.671060 0.000084
vt 0.670707 0.000084
vt 0.668157 0.031045
vt 0.670707 0.007700
vt 0.671060 0.007840
vt 0.670355 0.007597
vt 0.670013 0.007840
vt 0.669650 0.000327
vt 0.670002 0.000327
vt 0.669232 0.000569
vt 0.669650 0.000569
vt 0.668592 0.000569
vt 0.671060 0.001296
vt 0.669912 0.031045
vt 0.667251 0.028875
vt 0.670707 0.006386
vt 0.671060 0.006151
vt 0.671060 0.006628
vt 0.667182 0.029586
vt 0.667182 0.000569
vt 0.667182 0.000649
vt 0.667210 0.001035
vt 0.667887 0.001054
vt 0.667182 0.008008
vt 0.667182 0.008367
vt 0.667535 0.008102
vt 0.667182 0.008251
vt 0.667182 0.015608
vt 0.667535 0.015764
vt 0.667539 0.015416
vt 0.668175 0.015764
vt 0.668180 0.015521
vt 0.668161 0.008251
vt 0.668175 0.008008
vt 0.668592 0.015764
vt 0.668592 0.008008
vt 0.667887 0.008493
vt 0.668240 0.008493
vt 0.668592 0.008251
vt 0.667535 0.008493
vt 0.667887 0.008735
vt 0.668240 0.008818
vt 0.668592 0.008774
vt 0.667937 0.009220
vt 0.668818 0.009220
vt 0.669062 0.008843
vt 0.668245 0.009462
vt 0.668945 0.009462
vt 0.669437 0.009220
vt 0.668950 0.009705
vt 0.668002 0.009541
vt 0.667887 0.009782
vt 0.668371 0.009947
vt 0.667535 0.009357
vt 0.667187 0.008836
vt 0.667182 0.009569
vt 0.667771 0.008978
vt 0.667182 0.008978
vt 0.667182 0.008538
vt 0.667182 0.008493
vt 0.667182 0.008735
vt 0.667182 0.009220
vt 0.667182 0.009462
vt 0.667182 0.009948
vt 0.667182 0.009939
vt 0.667182 0.010296
vt 0.667182 0.010189
vt 0.667182 0.009939
vt 0.667182 0.010219
vt 0.667182 0.010902
vt 0.667182 0.011109
vt 0.667182 0.011401
vt 0.667182 0.011392
vt 0.667182 0.011644
vt 0.667182 0.012009
vt 0.667182 0.011927
vt 0.667182 0.012200
vt 0.667182 0.012371
vt 0.667182 0.012613
vt 0.667182 0.012879
vt 0.667182 0.013262
vt 0.667182 0.013389
vt 0.667182 0.012753
vt 0.667182 0.013556
vt 0.667182 0.013089
vt 0.667182 0.013555
vt 0.667182 0.013825
vt 0.667182 0.013975
vt 0.667182 0.013943
vt 0.667182 0.014552
vt 0.667182 0.014093
vt 0.667182 0.013748
vt 0.667182 0.014067
vt 0.667182 0.013884
vt 0.667182 0.013581
vt 0.667182 0.013861
vt 0.667182 0.013583
vt 0.667182 0.012933
vt 0.667182 0.013855
vt 0.667182 0.013222
vt 0.667182 0.013862
vt 0.667229 0.013807
vt 0.667182 0.014284
vt 0.667535 0.014424
vt 0.667980 0.014471
vt 0.667535 0.013655
vt 0.667934 0.014067
vt 0.667535 0.014858
vt 0.668079 0.014794
vt 0.667182 0.014989
vt 0.668178 0.015037
vt 0.667182 0.014425
vt 0.667182 0.015001
vt 0.667182 0.014794
vt 0.667182 0.015124
vt 0.667182 0.015507
vt 0.667182 0.015037
vt 0.667182 0.015764
vt 0.667182 0.015760
vt 0.667182 0.008010
vt 0.667182 0.008251
vt 0.667182 0.008493
vt 0.667182 0.008552
vt 0.667182 0.009468
vt 0.667182 0.009462
vt 0.667182 0.009947
vt 0.667182 0.009672
vt 0.667182 0.009856
vt 0.667182 0.009947
vt 0.667182 0.010189
vt 0.667182 0.010461
vt 0.667182 0.010930
vt 0.667182 0.011401
vt 0.667182 0.011311
vt 0.667182 0.011995
vt 0.667182 0.012007
vt 0.667182 0.011615
vt 0.667182 0.012009
vt 0.667182 0.011508
vt 0.667182 0.011524
vt 0.667182 0.011032
vt 0.667182 0.011637
vt 0.667182 0.010794
vt 0.667182 0.011279
vt 0.667182 0.010356
vt 0.667182 0.010824
vt 0.670843 0.025127
vt 0.670864 0.025825
vt 0.668366 0.023803
vt 0.667773 0.024173
vt 0.667182 0.012978
vt 0.667182 0.012948
vt 0.667182 0.013416
vt 0.667182 0.012493
vt 0.667182 0.012740
vt 0.667182 0.012177
vt 0.667182 0.012025
vt 0.667182 0.011309
vt 0.670550 0.024465
vt 0.669280 0.023707
vt 0.667182 0.012327
vt 0.667182 0.011810
vt 0.670007 0.023953
vt 0.667182 0.012520
vt 0.667182 0.012985
vt 0.667182 0.013243
vt 0.667182 0.013367
vt 0.667182 0.013489
vt 0.667182 0.013934
vt 0.667182 0.013961
vt 0.667330 0.024806
vt 0.670584 0.026545
vt 0.667182 0.009837
vt 0.667182 0.010283
vt 0.667182 0.009811
vt 0.667182 0.009337
vt 0.670058 0.027075
vt 0.667182 0.009325
vt 0.669394 0.027348
vt 0.667324 0.026241
vt 0.667182 0.025538
vt 0.667182 0.014435
vt 0.667182 0.014447
vt 0.667182 0.013944
vt 0.667182 0.013693
vt 0.667182 0.013696
vt 0.667182 0.013527
vt 0.667182 0.012979
vt 0.667182 0.012417
vt 0.667182 0.012698
vt 0.667182 0.014067
vt 0.667182 0.014444
vt 0.667182 0.014426
vt 0.667182 0.014935
vt 0.667182 0.014916
vt 0.667680 0.026796
vt 0.668735 0.027360
vt 0.667182 0.008855
vt 0.667182 0.008837
vt 0.667182 0.009328
vt 0.667182 0.009841
vt 0.667182 0.009346
vt 0.667182 0.009827
vt 0.667182 0.010073
vt 0.667182 0.010304
vt 0.667182 0.010504
vt 0.667182 0.010548
vt 0.667182 0.010786
vt 0.667182 0.010840
vt 0.667182 0.011021
vt 0.667182 0.010426
vt 0.667182 0.011159
vt 0.667182 0.010405
vt 0.667182 0.009525
vt 0.667182 0.008834
vt 0.667182 0.008978
vt 0.667182 0.008634
vt 0.667182 0.008386
vt 0.667182 0.008414
vt 0.668157 0.027172
vt 0.667182 0.015386
vt 0.667182 0.015358
vt 0.667182 0.014938
vt 0.667182 0.015138
vt 0.667182 0.014309
vt 0.667182 0.014676
vt 0.667182 0.015521
vt 0.667182 0.015764
vt 0.667182 0.008008
vt 0.667182 0.009095
vt 0.667182 0.008627
vt 0.667182 0.009174
vt 0.667182 0.008655
vt 0.667182 0.008492
vt 0.667182 0.008486
vt 0.667182 0.015139
vt 0.667182 0.015277
vt 0.667182 0.015145
vt 0.667182 0.014794
vt 0.667182 0.014649
vt 0.667182 0.014335
vt 0.667182 0.014347
vt 0.667182 0.015265
vt 0.667182 0.015279
vt 0.668687 0.015037
vt 0.668742 0.014794
vt 0.668802 0.014552
vt 0.668848 0.014309
vt 0.669384 0.014309
vt 0.668735 0.014067
vt 0.668240 0.013763
vt 0.669142 0.013825
vt 0.668592 0.013697
vt 0.668945 0.013338
vt 0.668240 0.013340
vt 0.668592 0.013340
vt 0.667887 0.013635
vt 0.668240 0.013064
vt 0.667887 0.013098
vt 0.667887 0.013340
vt 0.667535 0.013088
vt 0.667922 0.012697
vt 0.668592 0.012611
vt 0.667203 0.012399
vt 0.667947 0.012371
vt 0.667535 0.012371
vt 0.667980 0.012128
vt 0.668592 0.012128
vt 0.668240 0.011886
vt 0.667887 0.011771
vt 0.668240 0.011644
vt 0.667535 0.011991
vt 0.668618 0.011886
vt 0.668592 0.011644
vt 0.668592 0.011401
vt 0.668240 0.011401
vt 0.668240 0.011159
vt 0.668945 0.011401
vt 0.668945 0.011159
vt 0.668592 0.011159
vt 0.669297 0.011159
vt 0.669297 0.010815
vt 0.668592 0.010778
vt 0.668945 0.010713
vt 0.667895 0.010916
vt 0.667893 0.010674
vt 0.668592 0.010432
vt 0.667908 0.010424
vt 0.668910 0.010189
vt 0.668962 0.010432
vt 0.667887 0.010189
vt 0.667535 0.010189
vt 0.667249 0.010432
vt 0.667182 0.010835
vt 0.667391 0.010835
vt 0.667182 0.011609
vt 0.667535 0.011159
vt 0.667182 0.011549
vt 0.667535 0.011477
vt 0.667182 0.011965
vt 0.667182 0.012006
vt 0.667182 0.012522
vt 0.667183 0.013209
vt 0.667182 0.012128
vt 0.667182 0.011886
vt 0.667182 0.011644
vt 0.667182 0.011886
vt 0.667182 0.010432
vt 0.667182 0.010113
vt 0.667535 0.009837
vt 0.667887 0.011401
vt 0.667887 0.011159
vt 0.668945 0.009947
vt 0.669498 0.010189
vt 0.669297 0.009825
vt 0.669427 0.009462
vt 0.669650 0.009825
vt 0.670002 0.009462
vt 0.670002 0.009220
vt 0.669650 0.008859
vt 0.670002 0.008768
vt 0.670371 0.009220
vt 0.670355 0.009462
vt 0.670002 0.009825
vt 0.670355 0.009825
vt 0.670707 0.009694
vt 0.670002 0.010382
vt 0.670355 0.010372
vt 0.670002 0.010674
vt 0.670403 0.010882
vt 0.670707 0.010432
vt 0.670707 0.010069
vt 0.671058 0.010589
vt 0.671060 0.009905
vt 0.669627 0.016046
vt 0.668619 0.015978
vt 0.667854 0.019223
vt 0.667490 0.018807
vt 0.670556 0.013098
vt 0.671060 0.013340
vt 0.671060 0.012971
vt 0.670707 0.012855
vt 0.670707 0.013340
vt 0.670355 0.013340
vt 0.670355 0.013711
vt 0.671060 0.013702
vt 0.670707 0.013702
vt 0.668324 0.019495
vt 0.668863 0.019637
vt 0.670708 0.014067
vt 0.671060 0.014075
vt 0.670707 0.014309
vt 0.670038 0.014309
vt 0.670355 0.014550
vt 0.671060 0.014552
vt 0.670707 0.014552
vt 0.669575 0.019566
vt 0.670043 0.019338
vt 0.671060 0.014899
vt 0.670707 0.014946
vt 0.670736 0.017053
vt 0.671060 0.008873
vt 0.670393 0.008978
vt 0.670473 0.016604
vt 0.671060 0.009220
vt 0.670385 0.008735
vt 0.671060 0.008390
vt 0.670382 0.008493
vt 0.670887 0.017756
vt 0.670559 0.018837
vt 0.671060 0.015381
vt 0.670361 0.015279
vt 0.670355 0.015037
vt 0.670002 0.015279
vt 0.670002 0.015037
vt 0.669650 0.015279
vt 0.669650 0.015521
vt 0.670002 0.015521
vt 0.669197 0.015764
vt 0.669650 0.015764
vt 0.669197 0.015521
vt 0.669205 0.008251
vt 0.669650 0.008008
vt 0.669197 0.008008
vt 0.668592 0.015521
vt 0.668592 0.015279
vt 0.669197 0.015279
vt 0.668240 0.015279
vt 0.669351 0.015037
vt 0.669371 0.014794
vt 0.669377 0.014552
vt 0.670002 0.014794
vt 0.670002 0.014552
vt 0.669358 0.014067
vt 0.670012 0.013825
vt 0.670002 0.014067
vt 0.669332 0.013582
vt 0.670002 0.013582
vt 0.669571 0.013340
vt 0.668945 0.012947
vt 0.669354 0.013098
vt 0.668592 0.013098
vt 0.668945 0.012613
vt 0.669297 0.012855
vt 0.668858 0.012371
vt 0.668945 0.012128
vt 0.669297 0.012128
vt 0.669297 0.011886
vt 0.668945 0.011644
vt 0.669298 0.011644
vt 0.670000 0.011886
vt 0.669650 0.012128
vt 0.669650 0.012563
vt 0.670002 0.012128
vt 0.670355 0.012128
vt 0.670002 0.012586
vt 0.670355 0.012562
vt 0.669879 0.012855
vt 0.670355 0.012855
vt 0.670707 0.012521
vt 0.670707 0.012128
vt 0.671060 0.012509
vt 0.671060 0.012006
vt 0.667218 0.017421
vt 0.667223 0.018171
vt 0.667510 0.016732
vt 0.670346 0.011644
vt 0.671060 0.011504
vt 0.670346 0.011401
vt 0.670352 0.011159
vt 0.670002 0.011204
vt 0.670002 0.010916
vt 0.669650 0.010457
vt 0.669650 0.011151
vt 0.669305 0.011401
vt 0.670002 0.011644
vt 0.670372 0.011886
vt 0.671060 0.011021
vt 0.668026 0.016230
vt 0.670002 0.013098
vt 0.670002 0.013340
vt 0.669297 0.012613
vt 0.669297 0.012371
vt 0.669232 0.008493
vt 0.669650 0.008493
vt 0.669650 0.008251
vt 0.670002 0.008251
vt 0.670013 0.008008
vt 0.670013 0.015764
vt 0.670544 0.015521
vt 0.670355 0.008251
vt 0.671060 0.015764
vt 0.670707 0.015764
vt 0.670707 0.008147
vt 0.671060 0.008008
vt 0.670816 0.018325
vt 0.670002 0.008493
vt 0.668592 0.008493
vt 0.102382 0.092119
vt 0.140685 0.261943
vt 0.167259 0.098901
vt 0.237322 0.095934
vt 0.110935 0.226616
vt 0.206191 0.265489
vt 0.254350 0.264477
vt 0.295143 0.083175
vt 0.169361 0.302092
vt 0.137871 0.588268
vt 0.099324 0.583164
vt 0.183023 0.600148
vt 0.144853 0.696061
vt 0.245638 0.429343
vt 0.228520 0.567268
vt 0.169620 0.692364
vt 0.160470 0.738307
vt 0.199969 0.659431
vt 0.120922 0.785118
vt 0.089296 0.820825
vt 0.105194 0.783692
vt 0.079668 0.824792
vt 0.056314 0.821373
vt 0.076780 0.788604
vt 0.104553 0.789973
vt 0.096780 0.740470
vt 0.058890 0.775957
vt 0.092924 0.686379
vt 0.120871 0.686358
vt 0.068822 0.680888
vt 0.059139 0.589854
vt 0.080589 0.292683
vt 0.051770 0.252649
vt 0.032168 0.071682
vt 0.019494 0.238962
vt 0.003949 0.048439
vt 0.009446 0.029493
vt 0.232460 0.009480
vt 0.296643 0.028792
vt 0.298455 0.167922
vt 0.235617 0.151183
vt 0.151773 0.000702
vt 0.089113 0.003393
vt 0.039150 0.013607
vt 0.314033 0.213368
vt 0.270326 0.294938
vt 0.299620 0.331957
vt 0.259962 0.444838
vt 0.213801 0.392776
vt 0.210602 0.488668
vt 0.141199 0.564384
vt 0.162744 0.466887
vt 0.143827 0.659179
vt 0.094064 0.640779
vt 0.111969 0.728166
vt 0.145615 0.732056
vt 0.075012 0.727118
vt 0.064540 0.781712
vt 0.051330 0.778060
vt 0.050382 0.721593
vt 0.049047 0.682915
vt 0.033706 0.578967
vt 0.016946 0.407779
vt 0.014460 0.480569
vt 0.029796 0.444505
vt 0.010076 0.362649
vt 0.002784 0.373762
vt 0.065085 0.655054
vt 0.109889 0.464798
vt 0.061372 0.429145
vt 0.035962 0.294628
vt 0.020002 0.174890
vt 0.002405 0.193496
vt 0.056965 0.184565
vt 0.090204 0.144092
vt 0.123425 0.222230
vt 0.153911 0.142478
vt 0.185557 0.224454
vt 0.243967 0.232365
vt 0.210781 0.308680
vt 0.148124 0.303562
vt 0.125345 0.385909
vt 0.087028 0.304293
vt 0.180288 0.664080
vt 0.203417 0.638772
vt 0.281898 0.454199
vt 0.283443 0.460491
vt 0.309145 0.352744
vt 0.315039 0.316115
vt 0.325347 0.209160
vt 0.314255 0.228142
vt 0.319551 0.066826
vt 0.320386 0.047767
vt 0.286179 0.405145
vt 0.513918 0.880805
vt 0.523912 0.781384
vt 0.486605 0.869166
vt 0.459094 0.869928
vt 0.465625 0.902689
vt 0.448225 0.881606
vt 0.485057 0.834930
vt 0.492546 0.870803
vt 0.523910 0.903090
vt 0.492552 0.811165
vt 0.517319 0.872269
vt 0.503668 0.913000
vt 0.515143 0.824789
vt 0.581146 0.055946
vt 0.582861 0.224885
vt 0.638305 0.049298
vt 0.682720 0.034952
vt 0.611800 0.189126
vt 0.650143 0.204398
vt 0.663666 0.211417
vt 0.680335 0.020993
vt 0.628174 0.258218
vt 0.598826 0.549515
vt 0.627602 0.563894
vt 0.622836 0.645789
vt 0.634206 0.664086
vt 0.632307 0.564025
vt 0.655150 0.738718
vt 0.624415 0.646068
vt 0.653901 0.743310
vt 0.627705 0.699380
vt 0.675530 0.772115
vt 0.651464 0.772362
vt 0.628792 0.745265
vt 0.657055 0.773577
vt 0.637923 0.772885
vt 0.589154 0.747721
vt 0.594375 0.739905
vt 0.520433 0.698847
vt 0.527033 0.705165
vt 0.462932 0.626978
vt 0.526543 0.680577
vt 0.484209 0.567608
vt 0.414213 0.482784
vt 0.442955 0.401686
vt 0.400367 0.380633
vt 0.462186 0.233733
vt 0.430183 0.053263
vt 0.505863 0.057532
vt 0.376092 0.208873
vt 0.383725 0.045535
vt 0.342768 0.198028
vt 0.357457 0.035299
vt 0.465154 0.002033
vt 0.368562 0.376778
vt 0.338077 0.307920
vt 0.374243 0.456121
vt 0.363072 0.447068
vt 0.469714 0.626039
vt 0.384429 0.474750
vt 0.521352 0.657539
vt 0.468767 0.586066
vt 0.504072 0.588390
vt 0.563170 0.702834
vt 0.589326 0.688909
vt 0.543746 0.590292
vt 0.586773 0.622556
vt 0.568647 0.427105
vt 0.614082 0.423228
vt 0.631922 0.504323
vt 0.641802 0.360113
vt 0.618085 0.311807
vt 0.642350 0.178467
vt 0.649172 0.010935
vt 0.602601 0.167988
vt 0.597329 0.003703
vt 0.546053 0.185406
vt 0.532533 0.000534
vt 0.507862 0.148167
vt 0.464687 0.230068
vt 0.439665 0.150474
vt 0.503262 0.309227
vt 0.433424 0.393004
vt 0.438133 0.311897
vt 0.509238 0.389175
vt 0.461946 0.467104
vt 0.515985 0.464470
vt 0.415407 0.470740
vt 0.367256 0.400334
vt 0.341771 0.299109
vt 0.333330 0.329654
vt 0.328068 0.210422
vt 0.331485 0.169092
vt 0.395121 0.010564
vt 0.356063 0.023977
vt 0.369239 0.158479
vt 0.382433 0.316800
vt 0.357472 0.240050
vt 0.404271 0.233948
vt 0.569852 0.292831
vt 0.651704 0.382342
vt 0.523560 0.558283
vt 0.517965 0.230459
vt 0.564146 0.554391
vt 0.551853 0.266353
vt 0.543659 0.654796
vt 0.594214 0.647838
vt 0.606011 0.734776
vt 0.636007 0.744292
vt 0.621937 0.699702
vt 0.713371 0.169978
vt 0.713409 0.254828
vt 0.767511 0.006390
vt 0.814053 0.023203
vt 0.819458 0.035115
vt 0.802400 0.040296
vt 0.767132 0.040390
vt 0.768047 0.114787
vt 0.738521 0.112449
vt 0.728598 0.032889
vt 0.692650 0.016907
vt 0.774529 0.134184
vt 0.729381 0.188372
vt 0.705818 0.182870
vt 0.690893 0.109974
vt 0.689569 0.007511
vt 0.710183 0.001098
vt 0.704054 0.102980
vt 0.896967 0.565904
vt 0.841592 0.665271
vt 0.895616 0.675422
vt 0.817674 0.673625
vt 0.814374 0.691032
vt 0.830558 0.712717
vt 0.848478 0.649652
vt 0.862822 0.728148
vt 0.848624 0.616994
vt 0.882839 0.583229
vt 0.924784 0.512868
vt 0.904013 0.593084
vt 0.925654 0.644837
vt 0.931333 0.723132
vt 0.932612 0.704847
vt 0.910299 0.732795
vt 0.906457 0.671474
vt 0.877978 0.666138
vt 0.774673 0.565861
vt 0.720067 0.665045
vt 0.774264 0.677028
vt 0.694990 0.672227
vt 0.690267 0.689063
vt 0.704998 0.710803
vt 0.723632 0.647896
vt 0.736606 0.727078
vt 0.784578 0.733448
vt 0.725275 0.615575
vt 0.758778 0.582128
vt 0.802074 0.512874
vt 0.779537 0.592541
vt 0.801068 0.645486
vt 0.806738 0.724842
vt 0.809560 0.707111
vt 0.780913 0.671395
vt 0.752330 0.665087
vt 0.777165 0.430612
vt 0.807596 0.509325
vt 0.771543 0.259638
vt 0.816584 0.259669
vt 0.820357 0.269316
vt 0.764861 0.294072
vt 0.786136 0.365538
vt 0.801365 0.281149
vt 0.726393 0.300522
vt 0.692177 0.297478
vt 0.713233 0.275189
vt 0.814362 0.377254
vt 0.787042 0.443903
vt 0.691142 0.289059
vt 0.719393 0.366586
vt 0.760269 0.442096
vt 0.725413 0.372672
vt 0.748587 0.373147
vt 0.606853 0.784439
vt 0.630733 0.854432
vt 0.649751 0.780131
vt 0.631929 0.902468
vt 0.656866 0.906284
vt 0.666467 0.854492
vt 0.637245 0.917304
vt 0.612747 0.901883
vt 0.600291 0.861675
vt 0.588328 0.872049
vt 0.574336 0.795783
vt 0.573136 0.807700
vt 0.654883 0.807849
vt 0.666958 0.872513
vt 0.644607 0.878560
vt 0.606882 0.813179
vt 0.681531 0.784474
vt 0.654931 0.915765
vt 0.680050 0.862085
vt 0.684764 0.795890
vt 0.626064 0.916551
vt 0.611121 0.879917
vt 0.379311 0.855327
vt 0.432349 0.795151
vt 0.394412 0.784133
vt 0.410599 0.864925
vt 0.369308 0.898989
vt 0.394902 0.903880
vt 0.365116 0.913819
vt 0.446558 0.808325
vt 0.415617 0.877503
vt 0.380441 0.812227
vt 0.426299 0.815651
vt 0.385009 0.880960
vt 0.339010 0.799584
vt 0.328818 0.786603
vt 0.352796 0.780462
vt 0.379827 0.909948
vt 0.351353 0.912044
vt 0.351204 0.874714
vt 0.339943 0.896891
vt 0.338567 0.854294
vt 0.329716 0.864190
vt 0.068127 0.949882
vt 0.087815 0.915194
vt 0.056569 0.908166
vt 0.075771 0.837623
vt 0.116132 0.849728
vt 0.083267 0.953135
vt 0.115362 0.861296
vt 0.082371 0.866663
vt 0.069605 0.960687
vt 0.044671 0.962039
vt 0.034115 0.862017
vt 0.003234 0.849841
vt 0.030065 0.963390
vt 0.008063 0.954116
vt 0.011570 0.962319
vt 0.028115 0.947298
vt 0.017714 0.837154
vt 0.252563 0.840875
vt 0.295822 0.958368
vt 0.281649 0.835136
vt 0.303371 0.841139
vt 0.280399 0.853265
vt 0.294655 0.920403
vt 0.244842 0.858823
vt 0.233509 0.852318
vt 0.266937 0.931993
vt 0.275911 0.934074
vt 0.282001 0.940352
vt 0.265096 0.899130
vt 0.908439 0.391702
vt 0.958854 0.285716
vt 0.940304 0.276603
vt 0.937624 0.336507
vt 0.951774 0.290713
vt 0.924976 0.344317
vt 0.922289 0.288489
vt 0.910806 0.339398
vt 0.899835 0.280244
vt 0.899959 0.322843
vt 0.901581 0.273471
vt 0.883624 0.393065
vt 0.894615 0.258663
vt 0.862405 0.259879
vt 0.864679 0.276927
vt 0.892802 0.265769
vt 0.892209 0.346931
vt 0.875680 0.349025
vt 0.830266 0.281301
vt 0.825615 0.273596
vt 0.854794 0.321477
vt 0.850680 0.337254
vt 0.956859 0.209049
vt 0.942778 0.164905
vt 0.960205 0.154694
vt 0.945039 0.151698
vt 0.954236 0.269128
vt 0.945562 0.220417
vt 0.917435 0.212305
vt 0.928478 0.220304
vt 0.904291 0.162047
vt 0.907482 0.170791
vt 0.981992 0.757222
vt 0.938877 0.752892
vt 0.960326 0.798802
vt 0.976857 0.736505
vt 0.936268 0.741467
vt 0.957660 0.743338
vt 0.911694 0.765534
vt 0.911560 0.795172
vt 0.889943 0.812209
vt 0.993501 0.845853
vt 0.899968 0.836879
vt 0.938298 0.855036
vt 0.970543 0.856861
vt 0.993582 0.789324
vt 0.995921 0.822559
vt 0.997519 0.771871
vt 0.986085 0.755467
vt 0.962290 0.760861
vt 0.931930 0.757649
vt 0.939115 0.799068
vt 0.966889 0.796681
vt 0.919292 0.788238
vt 0.223191 0.922770
vt 0.215065 0.866852
vt 0.192705 0.901512
vt 0.183262 0.853570
vt 0.208382 0.839639
vt 0.176570 0.834671
vt 0.194527 0.839304
vt 0.154724 0.854839
vt 0.153537 0.893136
vt 0.125444 0.902951
vt 0.164260 0.849052
vt 0.126873 0.926355
vt 0.150467 0.879316
vt 0.159628 0.950543
vt 0.174980 0.896543
vt 0.206413 0.903283
vt 0.186228 0.861239
vt 0.210411 0.868169
vt 0.228591 0.891679
vt 0.228370 0.946733
vt 0.203071 0.958709
vt 0.853818 0.823249
vt 0.810113 0.736538
vt 0.804399 0.837424
vt 0.796361 0.791409
vt 0.790161 0.752132
vt 0.807582 0.741285
vt 0.789304 0.862925
vt 0.885648 0.838320
vt 0.863752 0.781115
vt 0.846264 0.774053
vt 0.824584 0.739191
vt 0.817232 0.764897
vt 0.836201 0.758300
vt 0.851009 0.815777
vt 0.823622 0.822952
vt 0.856064 0.876218
vt 0.825242 0.881405
vt 0.793282 0.766673
vt 0.801437 0.876845
vt 0.879161 0.860917
vt 0.868726 0.798391
vt 0.753285 0.783371
vt 0.720298 0.822615
vt 0.755095 0.831010
vt 0.781256 0.850002
vt 0.785375 0.749300
vt 0.776013 0.737187
vt 0.782143 0.801465
vt 0.750098 0.736220
vt 0.766550 0.736791
vt 0.696048 0.826685
vt 0.785017 0.871272
vt 0.785423 0.766051
vt 0.759476 0.761025
vt 0.715551 0.802117
vt 0.735853 0.817181
vt 0.704586 0.863792
vt 0.738087 0.746900
vt 0.689014 0.840019
vt 0.752099 0.880665
vt 0.762282 0.823410
vt 0.874367 0.394629
vt 0.828532 0.461077
vt 0.861546 0.463221
vt 0.850303 0.420148
vt 0.833060 0.480929
vt 0.854226 0.432298
vt 0.876572 0.481763
vt 0.859390 0.485187
vt 0.868172 0.447704
vt 0.874929 0.138503
vt 0.831606 0.202234
vt 0.865900 0.212056
vt 0.850696 0.160993
vt 0.826275 0.218857
vt 0.850230 0.172359
vt 0.850606 0.228680
vt 0.862103 0.190631
vt 0.872500 0.230254
vt 0.892186 0.115325
vt 0.896632 0.001076
vt 0.874074 0.103607
vt 0.844043 0.094852
vt 0.866434 0.029435
vt 0.823947 0.097876
vt 0.853181 0.047953
vt 0.827679 0.115831
vt 0.852741 0.085104
vt 0.861273 0.134539
vt 0.878440 0.094307
vt 0.888302 0.136896
vt 0.880968 0.042850
vt 0.898385 0.127690
vt 0.000137 0.091021
vt 0.078846 0.045579
vt 0.078846 0.136463
vt 0.000137 0.818094
vt 0.078846 0.772652
vt 0.078846 0.863536
vt 0.000137 0.272789
vt 0.078846 0.227347
vt 0.078846 0.318231
vt 0.000137 0.454558
vt 0.078846 0.409115
vt 0.078846 0.500000
vt 0.078846 0.681768
vt 0.000137 0.636326
vt 0.078846 0.590883
vt 0.157555 0.636325
vt 0.157555 0.545442
vt 0.157555 0.454558
vt 0.157555 0.727210
vt 0.236264 0.681768
vt 0.236264 0.590883
vt 0.314972 0.636325
vt 0.314972 0.545442
vt 0.236264 0.499999
vt 0.236264 0.409115
vt 0.314972 0.454557
vt 0.314972 0.363673
vt 0.157555 0.363673
vt 0.236264 0.318231
vt 0.157555 0.272789
vt 0.236264 0.227347
vt 0.314972 0.272789
vt 0.157555 0.181905
vt 0.157555 0.091021
vt 0.236264 0.136463
vt 0.236263 0.045579
vt 0.314972 0.091021
vt 0.314972 0.181905
vt 0.236264 0.954420
vt 0.314972 0.908978
vt 0.314972 0.999863
vt 0.157555 0.000137
vt 0.157555 0.908978
vt 0.236264 0.863536
vt 0.157555 0.818094
vt 0.236264 0.772652
vt 0.314972 0.818094
vt 0.314972 0.727210
vt 0.393681 0.772652
vt 0.393681 0.681768
vt 0.472390 0.727210
vt 0.393681 0.590883
vt 0.393681 0.499999
vt 0.472390 0.545441
vt 0.393681 0.409115
vt 0.393681 0.318231
vt 0.472390 0.363673
vt 0.393681 0.227347
vt 0.393681 0.136463
vt 0.472390 0.181905
vt 0.393681 0.954420
vt 0.393681 0.863536
vt 0.472390 0.908978
vt 0.472665 0.091021
vt 0.551373 0.045579
vt 0.551373 0.136463
vt 0.472665 0.818094
vt 0.551373 0.772651
vt 0.551373 0.863536
vt 0.472665 0.272789
vt 0.551373 0.227347
vt 0.551373 0.318231
vt 0.472665 0.454557
vt 0.551373 0.409115
vt 0.551373 0.499999
vt 0.551373 0.681768
vt 0.472665 0.636325
vt 0.551373 0.590883
vt 0.630082 0.636325
vt 0.630082 0.545441
vt 0.630082 0.454557
vt 0.630082 0.727210
vt 0.708791 0.681767
vt 0.708791 0.590883
vt 0.787499 0.636325
vt 0.787499 0.545442
vt 0.708791 0.499999
vt 0.708791 0.409115
vt 0.787499 0.454557
vt 0.787499 0.363673
vt 0.630082 0.363673
vt 0.708791 0.318231
vt 0.630082 0.272789
vt 0.708791 0.227347
vt 0.787499 0.272789
vt 0.630082 0.181905
vt 0.630082 0.091021
vt 0.708791 0.136463
vt 0.708791 0.045579
vt 0.787499 0.091021
vt 0.787499 0.181905
vt 0.708791 0.954420
vt 0.787499 0.908978
vt 0.787499 0.999863
vt 0.630082 0.000137
vt 0.630082 0.908978
vt 0.708791 0.863536
vt 0.630082 0.818094
vt 0.708791 0.772651
vt 0.787499 0.818093
vt 0.787499 0.727210
vt 0.866208 0.772651
vt 0.866208 0.681767
vt 0.944917 0.727210
vt 0.866208 0.590883
vt 0.866208 0.499999
vt 0.944917 0.545441
vt 0.866208 0.409115
vt 0.866208 0.318231
vt 0.944917 0.363673
vt 0.866208 0.227347
vt 0.866208 0.136463
vt 0.944917 0.181905
vt 0.866208 0.954420
vt 0.866208 0.863536
vt 0.944917 0.908978
vt 0.327164 0.063036
vt 0.381604 0.031605
vt 0.381604 0.094467
vt 0.327164 0.565925
vt 0.381604 0.534494
vt 0.381604 0.597355
vt 0.327164 0.188758
vt 0.381604 0.157328
vt 0.381604 0.220189
vt 0.327164 0.314480
vt 0.381604 0.283050
vt 0.381604 0.345911
vt 0.381604 0.471633
vt 0.327164 0.440203
vt 0.381604 0.408772
vt 0.436044 0.440203
vt 0.436044 0.377342
vt 0.436044 0.314480
vt 0.436044 0.503064
vt 0.490484 0.471633
vt 0.490484 0.408772
vt 0.544923 0.440203
vt 0.544923 0.377342
vt 0.490484 0.345911
vt 0.490484 0.283050
vt 0.544923 0.314480
vt 0.544923 0.251619
vt 0.436044 0.251619
vt 0.490484 0.220189
vt 0.436044 0.188758
vt 0.490484 0.157328
vt 0.544923 0.188758
vt 0.436044 0.125897
vt 0.436044 0.063036
vt 0.490484 0.094467
vt 0.490484 0.031605
vt 0.544923 0.063036
vt 0.544923 0.125897
vt 0.490484 0.660217
vt 0.544923 0.628786
vt 0.544923 0.691648
vt 0.436044 0.000175
vt 0.436044 0.628786
vt 0.490484 0.597355
vt 0.436044 0.565925
vt 0.490484 0.534494
vt 0.544923 0.565925
vt 0.544923 0.503064
vt 0.599363 0.534494
vt 0.599363 0.471633
vt 0.653804 0.503064
vt 0.599363 0.408772
vt 0.599363 0.345911
vt 0.653804 0.377342
vt 0.599363 0.283050
vt 0.599363 0.220189
vt 0.653804 0.251619
vt 0.599363 0.157328
vt 0.599363 0.094467
vt 0.653803 0.125897
vt 0.599363 0.660217
vt 0.599363 0.597355
vt 0.653804 0.628786
vt 0.000175 0.063036
vt 0.054615 0.031605
vt 0.054615 0.094467
vt 0.000175 0.565925
vt 0.054615 0.534494
vt 0.054615 0.597355
vt 0.000175 0.188758
vt 0.054615 0.157328
vt 0.054615 0.220189
vt 0.000175 0.314480
vt 0.054615 0.283050
vt 0.054615 0.345911
vt 0.054615 0.471633
vt 0.000175 0.440203
vt 0.054615 0.408772
vt 0.109055 0.440203
vt 0.109055 0.377342
vt 0.109055 0.314480
vt 0.109055 0.503064
vt 0.163495 0.471633
vt 0.163495 0.408772
vt 0.217934 0.440203
vt 0.217934 0.377342
vt 0.163495 0.345911
vt 0.163495 0.283050
vt 0.217934 0.314480
vt 0.217934 0.251619
vt 0.109055 0.251619
vt 0.163495 0.220189
vt 0.109055 0.188758
vt 0.163495 0.157328
vt 0.217934 0.188758
vt 0.109055 0.125897
vt 0.109055 0.063036
vt 0.163495 0.094467
vt 0.163495 0.031605
vt 0.217934 0.063036
vt 0.217934 0.125897
vt 0.163495 0.660217
vt 0.217934 0.628786
vt 0.217934 0.691648
vt 0.109055 0.000175
vt 0.109055 0.628786
vt 0.163495 0.597355
vt 0.109055 0.565925
vt 0.163495 0.534494
vt 0.217934 0.565925
vt 0.217934 0.503064
vt 0.272374 0.534494
vt 0.272374 0.471633
vt 0.326814 0.503064
vt 0.272374 0.408772
vt 0.272374 0.345911
vt 0.326814 0.377342
vt 0.272374 0.283050
vt 0.272374 0.220189
vt 0.326814 0.251619
vt 0.272374 0.157328
vt 0.272374 0.094467
vt 0.326814 0.125897
vt 0.272374 0.660217
vt 0.272374 0.597355
vt 0.326814 0.628786
vt 0.654153 0.230623
vt 0.673070 0.345847
vt 0.654153 0.345847
vt 0.769377 0.442154
vt 0.816350 0.461071
vt 0.769377 0.461071
vt 0.769377 0.000175
vt 0.816350 0.000175
vt 0.770338 0.115399
vt 0.855795 0.000175
vt 0.884677 0.057277
vt 0.884602 0.134316
vt 0.769378 0.134316
vt 0.853768 0.442154
vt 0.884601 0.461071
vt 0.855795 0.461071
vt 0.791147 0.442154
vt 0.673070 0.230623
vt 0.677483 0.258947
vt 0.884108 0.437741
vt 0.769377 0.437741
vt 0.771330 0.437741
vt 0.836809 0.437741
vt 0.791124 0.422950
vt 0.769377 0.422950
vt 0.692274 0.345847
vt 0.692274 0.230623
vt 0.677483 0.345847
vt 0.769377 0.157932
vt 0.769377 0.153520
vt 0.884601 0.153520
vt 0.696687 0.258341
vt 0.769378 0.153520
vt 0.818365 0.418537
vt 0.769377 0.418537
vt 0.884265 0.418537
vt 0.792648 0.403746
vt 0.769377 0.403746
vt 0.826989 0.403746
vt 0.769377 0.399333
vt 0.884301 0.399333
vt 0.715891 0.274894
vt 0.711478 0.345847
vt 0.711478 0.230623
vt 0.861157 0.403746
vt 0.938088 0.230623
vt 0.938088 0.345847
vt 0.942500 0.230623
vt 0.817921 0.399333
vt 0.878514 0.399333
vt 0.942500 0.345847
vt 0.769377 0.172724
vt 0.884602 0.172724
vt 0.769378 0.172724
vt 0.884602 0.177136
vt 0.884602 0.172724
vt 0.696687 0.345847
vt 0.884602 0.157932
vt 0.696687 0.230623
vt 0.957292 0.230623
vt 0.957292 0.345847
vt 0.884601 0.157932
vt 0.884601 0.403746
vt 0.879675 0.418537
vt 0.961704 0.230623
vt 0.769378 0.177136
vt 0.884601 0.177136
vt 0.923296 0.345847
vt 0.884601 0.191928
vt 0.923296 0.230623
vt 0.860709 0.384542
vt 0.884601 0.384542
vt 0.918884 0.345847
vt 0.884602 0.191928
vt 0.769377 0.191928
vt 0.769377 0.196340
vt 0.884602 0.196340
vt 0.918884 0.230623
vt 0.769378 0.196340
vt 0.884601 0.196340
vt 0.884601 0.211132
vt 0.769378 0.211132
vt 0.904092 0.345847
vt 0.904092 0.230623
vt 0.899680 0.345847
vt 0.884602 0.215544
vt 0.769377 0.211132
vt 0.899680 0.230623
vt 0.884602 0.215544
vt 0.769377 0.215544
vt 0.884335 0.294024
vt 0.880358 0.360925
vt 0.855795 0.345847
vt 0.770142 0.230623
vt 0.815758 0.345847
vt 0.819461 0.360925
vt 0.769377 0.345847
vt 0.769377 0.360925
vt 0.754299 0.275635
vt 0.800452 0.365338
vt 0.884270 0.360925
vt 0.754299 0.275372
vt 0.749886 0.345847
vt 0.749886 0.230623
vt 0.860235 0.365338
vt 0.819479 0.380129
vt 0.769377 0.380129
vt 0.884311 0.380129
vt 0.790653 0.384542
vt 0.735095 0.257771
vt 0.730682 0.345847
vt 0.730682 0.230623
vt 0.826989 0.384542
vt 0.769377 0.384542
vt 0.715891 0.345847
vt 0.715891 0.230623
vt 0.769378 0.177136
vt 0.769378 0.191928
vt 0.880345 0.380129
vt 0.884601 0.365338
vt 0.769377 0.365338
vt 0.735095 0.276398
vt 0.961704 0.345847
vt 0.855096 0.422950
vt 0.884601 0.437741
vt 0.976496 0.270757
vt 0.976496 0.230623
vt 0.976496 0.345847
vt 0.884601 0.422950
vt 0.769378 0.138728
vt 0.884602 0.138728
vt 0.884601 0.138728
vt 0.980908 0.230623
vt 0.769379 0.138728
vt 0.884601 0.134316
vt 0.677483 0.230623
vt 0.980908 0.258346
vt 0.980908 0.345847
vt 0.769379 0.134316
vt 0.884601 0.442154
vt 0.654153 0.691868
vt 0.654153 0.807092
vt 0.673070 0.807092
vt 0.769377 0.903399
vt 0.769377 0.922316
vt 0.816350 0.922316
vt 0.769377 0.461420
vt 0.770338 0.576644
vt 0.816350 0.461420
vt 0.884619 0.518283
vt 0.855795 0.461420
vt 0.884601 0.595561
vt 0.769378 0.595561
vt 0.853766 0.903399
vt 0.855795 0.922316
vt 0.884601 0.922316
vt 0.791148 0.903399
vt 0.673070 0.691868
vt 0.677483 0.738314
vt 0.884123 0.898987
vt 0.769377 0.898987
vt 0.677483 0.691868
vt 0.677483 0.807092
vt 0.771341 0.898987
vt 0.791123 0.884195
vt 0.836811 0.898987
vt 0.769377 0.884195
vt 0.692274 0.807092
vt 0.692274 0.691868
vt 0.884602 0.614765
vt 0.769377 0.614765
vt 0.769377 0.619178
vt 0.696687 0.719586
vt 0.769378 0.614765
vt 0.769377 0.879783
vt 0.818366 0.879783
vt 0.696687 0.691868
vt 0.696687 0.807092
vt 0.884267 0.879783
vt 0.792648 0.864991
vt 0.769377 0.864991
vt 0.826989 0.864991
vt 0.884301 0.860579
vt 0.769377 0.860579
vt 0.711478 0.691868
vt 0.711478 0.807092
vt 0.715891 0.736136
vt 0.861158 0.864991
vt 0.938088 0.807092
vt 0.938088 0.691868
vt 0.942500 0.691868
vt 0.817921 0.860579
vt 0.880169 0.860579
vt 0.942500 0.807092
vt 0.884602 0.633969
vt 0.769378 0.633969
vt 0.884602 0.638382
vt 0.884601 0.633969
vt 0.957292 0.691868
vt 0.769377 0.633969
vt 0.769377 0.619178
vt 0.884601 0.619178
vt 0.957292 0.807092
vt 0.877873 0.879783
vt 0.884601 0.864991
vt 0.961704 0.691868
vt 0.769378 0.638382
vt 0.884602 0.638382
vt 0.923296 0.722354
vt 0.884601 0.653173
vt 0.715891 0.807092
vt 0.715891 0.691868
vt 0.730682 0.691868
vt 0.769377 0.653173
vt 0.769378 0.638382
vt 0.884602 0.653173
vt 0.730682 0.807092
vt 0.923296 0.691868
vt 0.923296 0.807092
vt 0.918884 0.807092
vt 0.769377 0.657586
vt 0.884602 0.657586
vt 0.918884 0.691868
vt 0.884602 0.657586
vt 0.904092 0.691868
vt 0.769378 0.672377
vt 0.884601 0.672377
vt 0.769378 0.657586
vt 0.769377 0.672377
vt 0.884602 0.672377
vt 0.749886 0.807092
vt 0.749886 0.691868
vt 0.735095 0.807092
vt 0.735095 0.691868
vt 0.904092 0.807092
vt 0.899680 0.807092
vt 0.884602 0.676790
vt 0.899680 0.691868
vt 0.769377 0.676790
vt 0.884601 0.676790
vt 0.884335 0.755271
vt 0.880358 0.822171
vt 0.855795 0.807092
vt 0.770141 0.691868
vt 0.815758 0.807092
vt 0.819461 0.822171
vt 0.769377 0.676790
vt 0.769377 0.807092
vt 0.769377 0.822171
vt 0.754299 0.736880
vt 0.884269 0.822171
vt 0.790080 0.826583
vt 0.754299 0.736620
vt 0.826989 0.826583
vt 0.860237 0.826583
vt 0.819479 0.841375
vt 0.769377 0.841375
vt 0.884311 0.841375
vt 0.790654 0.845787
vt 0.735095 0.719817
vt 0.826989 0.845787
vt 0.860709 0.845787
vt 0.884601 0.845787
vt 0.769377 0.845787
vt 0.881602 0.841375
vt 0.884601 0.826583
vt 0.769377 0.826583
vt 0.855097 0.884195
vt 0.961704 0.807092
vt 0.884601 0.898987
vt 0.976496 0.807092
vt 0.976496 0.691868
vt 0.884601 0.884195
vt 0.884601 0.599974
vt 0.884602 0.599974
vt 0.769378 0.599974
vt 0.769378 0.599974
vt 0.884601 0.614765
vt 0.884602 0.595561
vt 0.769378 0.595561
vt 0.980908 0.691868
vt 0.980908 0.807092
vt 0.980908 0.719567
vt 0.884601 0.903399
vt 0.744953 0.293906
vt 0.744942 0.293917
vt 0.744943 0.293913
vt 0.744938 0.293915
vt 0.744948 0.293911
vt 0.744923 0.293925
vt 0.744952 0.293910
vt 0.744950 0.293911
vt 0.744940 0.293915
vt 0.744957 0.293909
vt 0.744965 0.293909
vt 0.744954 0.293912
vt 0.744964 0.293898
vt 0.744958 0.293911
vt 0.744945 0.293910
vt 0.744950 0.293895
vt 0.744946 0.293899
vt 0.744748 0.294071
vt 0.744943 0.293905
vt 0.744952 0.293899
vt 0.744949 0.293904
vt 0.744946 0.293907
vt 0.744939 0.293909
vt 0.744954 0.293895
vt 0.744943 0.293653
vt 0.744944 0.293633
vt 0.745181 0.293762
vt 0.744753 0.293781
vt 0.744739 0.293769
vt 0.744663 0.293709
vt 0.744947 0.293583
vt 0.744634 0.294141
vt 0.744983 0.294306
vt 0.744605 0.294152
vt 0.744993 0.294374
vt 0.744994 0.294411
vt 0.745384 0.294230
vt 0.742621 0.296297
vt 0.745496 0.298102
vt 0.745423 0.294251
vt 0.745296 0.293687
vt 0.745273 0.294157
vt 0.744947 0.293556
vt 0.744621 0.290910
vt 0.747556 0.292173
vt 0.744602 0.290745
vt 0.742170 0.292652
vt 0.742005 0.292579
vt 0.741780 0.296999
vt 0.741371 0.292240
vt 0.744583 0.290303
vt 0.745110 0.321736
vt 0.727072 0.305255
vt 0.741162 0.292119
vt 0.745563 0.298811
vt 0.745572 0.299080
vt 0.749290 0.297198
vt 0.749540 0.297339
vt 0.748382 0.291623
vt 0.748494 0.296694
vt 0.744559 0.290077
vt 0.744277 0.274863
vt 0.762159 0.283768
vt 0.744272 0.274090
vt 0.728863 0.282854
vt 0.728161 0.282448
vt 0.725233 0.280356
vt 0.744407 0.272024
vt 0.722652 0.307955
vt 0.744920 0.322869
vt 0.744934 0.325943
vt 0.744731 0.327482
vt 0.721489 0.308456
vt 0.771021 0.316484
vt 0.670505 0.361793
vt 0.751357 0.417532
vt 0.772255 0.317273
vt 0.766178 0.281516
vt 0.767114 0.313654
vt 0.744402 0.271024
vt 0.743338 0.200781
vt 0.834088 0.245908
vt 0.743245 0.197357
vt 0.658996 0.249077
vt 0.655784 0.247236
vt 0.743625 0.188278
vt 0.644641 0.240165
vt 0.652939 0.373336
vt 0.666742 0.363601
vt 0.640890 0.237772
vt 0.751068 0.431489
vt 0.750693 0.436467
vt 0.735332 0.589634
vt 0.517799 0.425666
vt 0.860492 0.397306
vt 0.864642 0.400315
vt 0.847994 0.238531
vt 0.847543 0.386923
vt 0.743496 0.183865
vt 0.852069 0.236551
vt 0.754273 0.000110
vt 0.517799 0.076582
vt 0.999890 0.116645
vt 0.991243 0.487394
vt 0.843997 0.384618
vt 0.750937 0.421326
vt 0.766131 0.313155
vt 0.748301 0.296615
vt 0.745498 0.298297
vt 0.744982 0.294283
vt 0.745245 0.294147
vt 0.744971 0.293909
vt 0.744935 0.293916
vt 0.235624 0.299015
vt 0.235575 0.298985
vt 0.235598 0.299002
vt 0.235607 0.299010
vt 0.235631 0.299010
vt 0.235631 0.299017
vt 0.235633 0.299026
vt 0.235643 0.299034
vt 0.235654 0.299046
vt 0.235641 0.299035
vt 0.235665 0.299055
vt 0.235694 0.299056
vt 0.235659 0.299035
vt 0.235668 0.299023
vt 0.235682 0.299028
vt 0.235624 0.299014
vt 0.235655 0.299013
vt 0.235663 0.299017
vt 0.235675 0.299017
vt 0.235652 0.299025
vt 0.235653 0.299046
vt 0.235685 0.299020
vt 0.235408 0.299204
vt 0.235408 0.298781
vt 0.235720 0.299034
vt 0.235705 0.299030
vt 0.235744 0.298525
vt 0.236117 0.298725
vt 0.236159 0.298718
vt 0.235745 0.298499
vt 0.236303 0.298636
vt 0.236207 0.299357
vt 0.235761 0.298417
vt 0.236041 0.299256
vt 0.236355 0.298617
vt 0.235731 0.299551
vt 0.235718 0.299512
vt 0.238982 0.300908
vt 0.235715 0.302559
vt 0.232852 0.300610
vt 0.235309 0.299309
vt 0.232642 0.300696
vt 0.235727 0.302743
vt 0.232711 0.296248
vt 0.232039 0.301108
vt 0.232859 0.296349
vt 0.235768 0.303218
vt 0.239944 0.301468
vt 0.235783 0.303459
vt 0.231859 0.301224
vt 0.235968 0.319395
vt 0.218510 0.308988
vt 0.217528 0.309414
vt 0.255073 0.309325
vt 0.235989 0.320246
vt 0.236197 0.322468
vt 0.215971 0.284256
vt 0.214929 0.311320
vt 0.259431 0.311676
vt 0.236232 0.323542
vt 0.214114 0.311838
vt 0.238155 0.395199
vt 0.150980 0.345687
vt 0.148027 0.347365
vt 0.329211 0.344700
vt 0.238209 0.398693
vt 0.151868 0.225977
vt 0.137935 0.216628
vt 0.137037 0.354878
vt 0.239110 0.407787
vt 0.133607 0.357061
vt 0.237271 0.148072
vt 0.237934 0.153172
vt 0.211996 0.000109
vt 0.000110 0.168086
vt 0.465891 0.080240
vt 0.357736 0.184143
vt 0.342185 0.197648
vt 0.343596 0.352071
vt 0.347801 0.354113
vt 0.239201 0.412192
vt 0.259306 0.611304
vt 0.517579 0.459421
vt 0.000110 0.531415
vt 0.238364 0.163666
vt 0.239025 0.167517
vt 0.338616 0.200357
vt 0.155660 0.227823
vt 0.234745 0.262247
vt 0.264655 0.273284
vt 0.263415 0.274099
vt 0.259426 0.277113
vt 0.234975 0.263811
vt 0.211435 0.281619
vt 0.235056 0.267049
vt 0.235261 0.268201
vt 0.258426 0.277639
vt 0.240827 0.294971
vt 0.235997 0.293041
vt 0.231805 0.295600
vt 0.236022 0.293334
vt 0.239716 0.295698
vt 0.235993 0.293916
vt 0.240560 0.295118
vt 0.236019 0.294126
vt 0.239505 0.295780
vt 0.235764 0.298375
vt 0.235283 0.298701
vt 0.235321 0.299287
vt 0.235393 0.299221
vt 0.235691 0.299413
vt 0.235703 0.299443
vt 0.526286 0.915086
vt 0.525681 0.944768
vt 0.518963 0.941176
vt 0.221015 0.341319
vt 0.190960 0.341247
vt 0.174375 0.296335
vt 0.220397 0.897870
vt 0.220137 0.944050
vt 0.212817 0.942730
vt 0.518814 0.915086
vt 0.405853 0.337618
vt 0.379183 0.337913
vt 0.410366 0.018247
vt 0.377595 0.016833
vt 0.314762 0.883997
vt 0.312834 0.865840
vt 0.318367 0.851001
vt 0.437778 0.017387
vt 0.423394 0.292538
vt 0.320476 0.823399
vt 0.315422 0.839736
vt 0.929783 0.767501
vt 0.922520 0.722101
vt 0.930164 0.721129
vt 0.212817 0.896291
vt 0.449551 0.337408
vt 0.922520 0.768951
vt 0.057945 0.861083
vt 0.065477 0.874942
vt 0.057783 0.880398
vt 0.469750 0.018003
vt 0.469072 0.337212
vt 0.317586 0.791571
vt 0.315416 0.806978
vt 0.141280 0.018332
vt 0.141535 0.341434
vt 0.174026 0.018216
vt 0.312834 0.780959
vt 0.110640 0.341586
vt 0.115195 0.018115
vt 0.066244 0.844467
vt 0.058594 0.841768
vt 0.057783 0.805623
vt 0.060491 0.808204
vt 0.519799 0.302981
vt 0.488086 0.333726
vt 0.495180 0.016841
vt 0.088670 0.016921
vt 0.079321 0.308133
vt 0.064900 0.018433
vt 0.543272 0.327391
vt 0.543634 0.337274
vt 0.517668 0.305588
vt 0.537952 0.327915
vt 0.053331 0.340022
vt 0.556335 0.264104
vt 0.538171 0.019757
vt 0.527543 0.017840
vt 0.316645 0.733746
vt 0.312773 0.730650
vt 0.319360 0.722991
vt 0.314891 0.766235
vt 0.310555 0.754479
vt 0.551226 0.017381
vt 0.323529 0.709602
vt 0.318976 0.711763
vt 0.039746 0.266794
vt 0.029386 0.314417
vt 0.022796 0.300147
vt 0.566617 0.310351
vt 0.558503 0.254357
vt 0.563032 0.254361
vt 0.037672 0.257970
vt 0.033260 0.257819
vt 0.046180 0.020927
vt 0.031260 0.019023
vt 0.983559 0.297292
vt 0.964076 0.299451
vt 0.964767 0.016401
vt 0.326192 0.696661
vt 0.346321 0.697921
vt 0.844193 0.636288
vt 0.826053 0.370800
vt 0.850782 0.371301
vt 0.881471 0.372701
vt 0.373957 0.689948
vt 0.368517 0.685682
vt 0.668002 0.721129
vt 0.699811 0.777400
vt 0.668002 0.807302
vt 0.865289 0.670030
vt 0.812155 0.721129
vt 0.812155 0.795542
vt 0.790787 0.779956
vt 0.178985 0.891232
vt 0.178279 0.907342
vt 0.161278 0.920203
vt 0.103887 0.854327
vt 0.106498 0.822497
vt 0.114022 0.820928
vt 0.740311 0.849394
vt 0.739696 0.883406
vt 0.736838 0.867715
vt 0.732694 0.848904
vt 0.732694 0.780765
vt 0.757904 0.721129
vt 0.740604 0.794171
vt 0.166710 0.782180
vt 0.179258 0.847061
vt 0.166710 0.858134
vt 0.733017 0.883372
vt 0.900151 0.235053
vt 0.918373 0.019605
vt 0.936066 0.322704
vt 0.951325 0.263635
vt 0.113994 0.857578
vt 0.886123 0.836083
vt 0.890155 0.840862
vt 0.886123 0.911955
vt 0.873690 0.021895
vt 0.872944 0.311709
vt 0.886123 0.726301
vt 0.889637 0.721129
vt 0.889637 0.803201
vt 0.409346 0.685854
vt 0.441627 0.694662
vt 0.439994 0.698951
vt 0.851512 0.263972
vt 0.839106 0.024395
vt 0.417043 0.691322
vt 0.457889 0.711363
vt 0.972583 0.374061
vt 0.948815 0.608178
vt 0.953530 0.374241
vt 0.928701 0.373976
vt 0.976409 0.655249
vt 0.166710 0.687019
vt 0.221286 0.687019
vt 0.175178 0.749298
vt 0.923073 0.666259
vt 0.061011 0.718504
vt 0.054555 0.725822
vt 0.016441 0.687019
vt 0.070989 0.772740
vt 0.852471 0.914473
vt 0.846780 0.865746
vt 0.853240 0.862173
vt 0.241823 0.605533
vt 0.244931 0.374758
vt 0.262777 0.654137
vt 0.819941 0.026448
vt 0.819941 0.304140
vt 0.330646 0.370800
vt 0.351788 0.371109
vt 0.331954 0.604109
vt 0.310555 0.651242
vt 0.360780 0.647178
vt 0.923037 0.881316
vt 0.930480 0.836669
vt 0.931482 0.882249
vt 0.923037 0.836083
vt 0.212434 0.863409
vt 0.220397 0.782180
vt 0.220397 0.861716
vt 0.189213 0.570382
vt 0.193486 0.374619
vt 0.217413 0.648296
vt 0.473627 0.724796
vt 0.482260 0.757677
vt 0.472148 0.732079
vt 0.226844 0.374590
vt 0.460140 0.707502
vt 0.485860 0.799144
vt 0.481927 0.780169
vt 0.151862 0.374805
vt 0.400157 0.371319
vt 0.386558 0.569338
vt 0.024900 0.807684
vt 0.024848 0.886142
vt 0.016441 0.884230
vt 0.414410 0.645767
vt 0.212141 0.784086
vt 0.016441 0.805623
vt 0.159546 0.646856
vt 0.124963 0.586592
vt 0.606959 0.838616
vt 0.607119 0.901104
vt 0.598697 0.902399
vt 0.699685 0.903689
vt 0.691649 0.902112
vt 0.691649 0.840184
vt 0.100723 0.375124
vt 0.105976 0.647192
vt 0.699811 0.841932
vt 0.598697 0.840033
vt 0.465287 0.371336
vt 0.463629 0.645767
vt 0.446593 0.585206
vt 0.491784 0.545623
vt 0.845037 0.727643
vt 0.853240 0.827671
vt 0.845037 0.829291
vt 0.261918 0.797609
vt 0.254664 0.687019
vt 0.261918 0.693668
vt 0.504494 0.371269
vt 0.520376 0.647258
vt 0.853157 0.721129
vt 0.537965 0.371081
vt 0.547795 0.611592
vt 0.479634 0.884611
vt 0.482213 0.888990
vt 0.470926 0.918359
vt 0.802773 0.840929
vt 0.790787 0.828424
vt 0.809587 0.842730
vt 0.565815 0.608031
vt 0.798707 0.879546
vt 0.790786 0.877092
vt 0.254168 0.795751
vt 0.062371 0.375443
vt 0.075341 0.542599
vt 0.047052 0.649365
vt 0.016441 0.614427
vt 0.628958 0.253750
vt 0.622992 0.297015
vt 0.605144 0.254639
vt 0.765245 0.371723
vt 0.793171 0.610130
vt 0.775975 0.649975
vt 0.030296 0.375824
vt 0.780929 0.372626
vt 0.750692 0.590369
vt 0.473627 0.921635
vt 0.460140 0.938960
vt 0.457889 0.935107
vt 0.441628 0.951844
vt 0.744263 0.371104
vt 0.634947 0.016441
vt 0.655586 0.017371
vt 0.652033 0.239388
vt 0.439994 0.947561
vt 0.554313 0.370800
vt 0.608558 0.721129
vt 0.635120 0.805734
vt 0.598697 0.805734
vt 0.681369 0.017873
vt 0.678911 0.324731
vt 0.518813 0.882204
vt 0.518813 0.805424
vt 0.529833 0.807609
vt 0.264239 0.830492
vt 0.264239 0.891615
vt 0.254168 0.833791
vt 0.707742 0.017949
vt 0.713177 0.289874
vt 0.393203 0.962496
vt 0.393184 0.957859
vt 0.417047 0.955245
vt 0.417890 0.959793
vt 0.120626 0.687019
vt 0.131118 0.692769
vt 0.109344 0.717680
vt 0.709031 0.305034
vt 0.733690 0.017604
vt 0.737204 0.323444
vt 0.760806 0.017402
vt 0.765420 0.235417
vt 0.368517 0.959851
vt 0.344297 0.948574
vt 0.369326 0.955302
vt 0.133828 0.734652
vt 0.111862 0.774800
vt 0.122667 0.734514
vt 0.781945 0.016567
vt 0.787059 0.324731
vt 0.321361 0.017370
vt 0.337903 0.018481
vt 0.322885 0.318235
vt 0.322364 0.923334
vt 0.324360 0.939750
vt 0.318688 0.939517
vt 0.333671 0.948858
vt 0.310555 0.325765
vt 0.798676 0.919449
vt 0.809587 0.912428
vt 0.803198 0.924166
vt 0.348485 0.018032
vt 0.339898 0.329804
vt 0.809587 0.941513
vt 0.310555 0.892319
vt 0.316676 0.913067
vt 0.360676 0.307201
vt 0.312773 0.916151
vt 0.648939 0.864194
vt 0.641184 0.840184
vt 0.648895 0.841092
vt 0.065259 0.913280
vt 0.058413 0.946534
vt 0.057783 0.915315
vt 0.065259 0.945013
vt 0.200046 0.017820
vt 0.226461 0.016441
vt 0.237063 0.310998
vt 0.250335 0.017788
vt 0.264437 0.341708
vt 0.658767 0.872752
vt 0.277673 0.318566
vt 0.641184 0.882605
vt 0.273860 0.018854
vt 0.116798 0.788046
vt 0.103871 0.775004
vt 0.598697 0.671100
vt 0.625636 0.372358
vt 0.609825 0.688247
vt 0.610234 0.371687
vt 0.628440 0.589502
vt 0.663549 0.371104
vt 0.103871 0.717718
vt 0.659672 0.675202
vt 0.690492 0.655743
vt 0.690534 0.370800
vt 0.717788 0.370800
vt 0.722023 0.677021
vt 0.557005 0.772542
vt 0.518813 0.772542
vt 0.544735 0.684124
vt 0.485931 0.850354
vt 0.482725 0.845298
vt 0.895729 0.595542
vt 0.016441 0.763941
vt 0.104753 0.890086
vt 0.826053 0.686631
vt 0.974747 0.330937
vt 0.112146 0.889761
vt 0.023590 0.336543
vt 0.016814 0.336723
vt 0.572261 0.332175
s 1
usemtl マテリアル.008
f 3/1/3 215/2/215 220/3/220
f 215/2/215 3/1/3 216/4/216
f 216/4/216 3/1/3 217/5/217
f 3/1/3 218/6/218 217/5/217
f 218/6/218 3/1/3 219/7/219
f 219/7/219 3/1/3 220/3/220
f 180/8/180 21/9/21 172/10/172
f 140/11/140 22/12/22 141/13/141
f 139/14/139 23/15/23 140/11/140
f 132/16/132 24/17/24 139/14/139
f 138/18/138 180/8/180 20/19/20
f 141/13/141 21/9/21 138/18/138
f 137/20/137 140/11/140 141/13/141
f 136/21/136 140/11/140 137/20/137
f 132/16/132 139/14/139 136/21/136
f 135/22/135 20/19/20 19/23/19
f 134/24/134 138/18/138 135/22/135
f 137/20/137 141/13/141 134/24/134
f 135/22/135 19/23/19 18/25/18
f 128/26/128 137/20/137 133/27/133
f 128/26/128 132/16/132 136/21/136
f 131/28/131 18/25/18 17/29/17
f 130/30/130 135/22/135 131/28/131
f 129/31/129 134/24/134 130/30/130
f 128/26/128 133/27/133 129/31/129
f 156/32/156 131/28/131 17/29/17
f 126/33/126 131/28/131 127/34/127
f 122/35/122 130/30/130 126/33/126
f 121/36/121 129/31/129 122/35/122
f 116/37/116 128/26/128 121/36/121
f 16/38/16 127/34/127 156/32/156
f 125/39/125 126/33/126 127/34/127
f 123/40/123 122/35/122 126/33/126
f 15/41/15 125/39/125 16/38/16
f 120/42/120 240/43/240 125/39/125
f 115/44/115 237/45/237 120/42/120
f 117/46/117 122/35/122 123/40/123
f 117/46/117 116/37/116 121/36/121
f 115/44/115 15/41/15 14/47/14
f 44/48/44 227/49/227 45/50/45
f 111/51/111 119/52/119 114/53/114
f 111/51/111 123/40/123 118/54/118
f 110/55/110 117/46/117 123/40/123
f 108/56/108 117/46/117 109/57/109
f 113/58/113 14/47/14 173/59/173
f 112/60/112 115/44/115 113/58/113
f 112/60/112 111/51/111 114/53/114
f 107/61/107 173/59/173 13/62/13
f 107/61/107 112/60/112 113/58/113
f 106/63/106 111/51/111 112/60/112
f 104/64/104 111/51/111 105/65/105
f 103/66/103 110/55/110 104/64/104
f 103/66/103 108/56/108 109/57/109
f 101/67/101 106/63/106 107/61/107
f 99/68/99 106/63/106 100/69/100
f 314/70/314 105/65/105 99/68/99
f 292/71/292 260/72/260 291/73/291
f 97/74/97 102/75/102 98/76/98
f 96/77/96 101/67/101 97/74/97
f 73/78/73 246/79/246 245/80/245
f 291/73/291 259/81/259 290/82/290
f 93/83/93 97/74/97 98/76/98
f 92/84/92 96/77/96 97/74/97
f 66/85/66 244/86/244 70/87/70
f 84/88/84 307/89/307 309/90/309
f 289/91/289 98/76/98 291/73/291
f 88/92/88 93/83/93 271/93/271
f 88/92/88 91/94/91 92/84/92
f 86/95/86 91/94/91 87/96/87
f 309/90/309 95/97/95 90/98/90
f 80/99/80 273/100/273 270/101/270
f 221/102/221 273/100/273 80/99/80
f 84/88/84 86/95/86 85/103/85
f 81/104/81 276/105/276 11/106/11
f 222/107/222 88/92/88 271/93/271
f 222/107/222 87/96/87 88/92/88
f 85/103/85 86/95/86 87/96/87
f 78/108/78 85/103/85 79/109/79
f 77/110/77 84/88/84 78/108/78
f 64/111/64 83/112/83 77/110/77
f 288/113/288 256/114/256 255/115/255
f 76/116/76 80/99/80 270/101/270
f 74/117/74 80/99/80 75/118/75
f 74/117/74 79/109/79 221/102/221
f 82/119/82 307/89/307 83/112/83
f 305/120/305 79/109/79 73/78/73
f 286/121/286 255/115/255 254/122/254
f 71/123/71 76/116/76 72/124/72
f 70/87/70 75/118/75 71/123/71
f 70/87/70 246/79/246 74/117/74
f 285/125/285 254/122/254 253/126/253
f 68/127/68 71/123/71 72/124/72
f 67/128/67 70/87/70 71/123/71
f 65/129/65 242/130/242 66/85/66
f 60/131/60 298/132/298 300/133/300
f 68/127/68 286/121/286 285/125/285
f 62/134/62 67/128/67 63/135/63
f 62/134/62 65/129/65 66/85/66
f 300/133/300 69/136/69 65/129/65
f 9/137/9 63/135/63 10/138/10
f 58/139/58 63/135/63 59/140/59
f 57/141/57 62/134/62 58/139/58
f 56/142/56 60/131/60 57/141/57
f 8/143/8 59/140/59 9/137/9
f 54/144/54 58/139/58 59/140/59
f 52/145/52 58/139/58 53/146/53
f 48/147/48 56/142/56 57/141/57
f 47/148/47 55/149/55 56/142/56
f 146/150/146 54/144/54 8/143/8
f 54/144/54 231/151/231 53/146/53
f 50/152/50 52/145/52 53/146/53
f 48/147/48 52/145/52 49/153/49
f 45/50/45 146/150/146 7/154/7
f 43/155/43 226/156/226 44/48/44
f 43/155/43 228/157/228 225/158/225
f 43/155/43 48/147/48 49/153/49
f 40/159/40 47/148/47 48/147/48
f 39/160/39 46/161/46 47/148/47
f 42/162/42 7/154/7 6/163/6
f 41/164/41 45/50/45 42/162/42
f 40/159/40 43/155/43 41/164/41
f 38/165/38 6/163/6 5/166/5
f 38/165/38 41/164/41 42/162/42
f 37/167/37 40/159/40 41/164/41
f 36/168/36 39/160/39 40/159/40
f 33/169/33 32/170/32 39/160/39
f 162/171/162 38/165/38 5/166/5
f 31/172/31 37/167/37 38/165/38
f 35/173/35 36/168/36 37/167/37
f 34/174/34 33/169/33 36/168/36
f 4/175/4 31/172/31 162/171/162
f 30/176/30 34/174/34 35/173/35
f 29/177/29 33/169/33 34/174/34
f 25/178/25 33/169/33 28/179/28
f 2/180/2 31/172/31 4/175/4
f 27/181/27 30/176/30 31/172/31
f 1/182/1 27/181/27 2/180/2
f 26/183/26 29/177/29 30/176/30
f 26/183/26 28/179/28 29/177/29
f 24/17/24 25/178/25 28/179/28
f 21/9/21 1/182/1 172/10/172
f 21/9/21 22/12/22 27/181/27
f 23/15/23 24/17/24 26/183/26
f 213/184/213 142/185/142 150/186/150
f 187/187/187 142/185/142 153/188/153
f 165/189/165 142/185/142 183/190/183
f 159/191/159 142/185/142 207/192/207
f 20/19/20 179/193/179 214/194/214
f 179/193/179 178/195/178 214/194/214
f 178/195/178 170/196/170 177/197/177
f 173/59/173 211/198/211 13/62/13
f 176/199/176 212/200/212 211/198/211
f 212/200/212 175/201/175 213/184/213
f 151/202/151 268/203/268 262/204/262
f 167/205/167 209/206/209 208/207/208
f 167/205/167 210/208/210 209/206/209
f 162/171/162 161/209/161 4/175/4
f 160/210/160 159/191/159 206/211/206
f 206/211/206 159/191/159 207/192/207
f 16/38/16 155/212/155 203/213/203
f 203/213/203 154/214/154 204/215/204
f 204/215/204 153/188/153 205/216/205
f 151/202/151 202/217/202 201/218/201
f 149/219/149 150/186/150 202/217/202
f 146/150/146 143/220/143 7/154/7
f 144/221/144 145/222/145 200/223/200
f 145/222/145 183/190/183 189/224/189
f 178/195/178 187/187/187 199/225/199
f 292/71/292 196/226/196 261/227/261
f 13/62/13 197/228/197 196/226/196
f 197/228/197 212/200/212 198/229/198
f 253/126/253 269/230/269 208/207/208
f 10/138/10 209/206/209 194/231/194
f 209/206/209 195/232/195 194/231/194
f 210/208/210 165/189/165 195/232/195
f 4/175/4 193/233/193 2/180/2
f 193/233/193 160/210/160 206/211/206
f 208/207/208 263/234/263 167/205/167
f 201/218/201 191/235/191 190/236/190
f 202/217/202 192/237/192 191/235/191
f 7/154/7 188/238/188 6/163/6
f 143/220/143 200/223/200 188/238/188
f 18/25/18 214/194/214 186/239/186
f 214/194/214 199/225/199 186/239/186
f 292/71/292 102/75/102 107/61/107
f 184/240/184 198/229/198 185/241/185
f 198/229/198 213/184/213 185/241/185
f 9/137/9 194/231/194 181/242/181
f 181/242/181 195/232/195 182/243/182
f 195/232/195 183/190/183 182/243/182
f 2/180/2 193/233/193 1/182/1
f 193/233/193 206/211/206 168/244/168
f 206/211/206 169/245/169 168/244/168
f 206/211/206 207/192/207 169/245/169
f 14/47/14 15/41/15 173/59/173
f 15/41/15 203/213/203 173/59/173
f 204/215/204 205/216/205 174/246/174
f 205/216/205 153/188/153 175/201/175
f 147/247/147 262/204/262 264/248/264
f 190/236/190 164/249/164 163/250/163
f 190/236/190 191/235/191 164/249/164
f 6/163/6 157/251/157 5/166/5
f 157/251/157 200/223/200 158/252/158
f 158/252/158 189/224/189 159/191/159
f 199/225/199 187/187/187 152/253/152
f 167/205/167 265/254/265 163/250/163
f 184/240/184 148/255/148 147/247/147
f 148/255/148 185/241/185 149/219/149
f 185/241/185 150/186/150 149/219/149
f 9/137/9 181/242/181 143/220/143
f 143/220/143 182/243/182 144/221/144
f 144/221/144 183/190/183 145/222/145
f 180/8/180 171/256/171 179/193/179
f 171/256/171 178/195/178 179/193/179
f 168/244/168 170/196/170 178/195/178
f 170/196/170 207/192/207 177/197/177
f 203/213/203 174/246/174 176/199/176
f 1/182/1 171/256/171 172/10/172
f 168/244/168 169/245/169 170/196/170
f 169/245/169 207/192/207 170/196/170
f 196/226/196 266/257/266 267/258/267
f 164/249/164 166/259/166 167/205/167
f 166/259/166 192/237/192 165/189/165
f 162/171/162 157/251/157 161/209/161
f 161/209/161 158/252/158 160/210/160
f 156/32/156 186/239/186 155/212/155
f 186/239/186 154/214/154 155/212/155
f 152/253/152 153/188/153 154/214/154
f 190/236/190 268/203/268 201/218/201
f 132/16/132 220/3/220 25/178/25
f 219/7/219 132/16/132 116/37/116
f 108/56/108 219/7/219 116/37/116
f 94/260/94 218/6/218 108/56/108
f 217/5/217 94/260/94 82/119/82
f 64/111/64 217/5/217 82/119/82
f 216/4/216 64/111/64 55/149/55
f 46/161/46 216/4/216 55/149/55
f 32/170/32 216/4/216 46/161/46
f 215/2/215 32/170/32 25/178/25
f 272/261/272 279/262/279 282/263/282
f 273/100/273 221/102/221 297/264/297
f 236/265/236 240/43/240 237/45/237
f 235/266/235 239/267/239 236/265/236
f 233/268/233 237/45/237 234/269/234
f 230/270/230 231/151/231 232/271/232
f 227/49/227 229/272/229 230/270/230
f 226/156/226 228/157/228 229/272/229
f 119/52/119 233/268/233 114/53/114
f 123/40/123 239/267/239 238/273/238
f 118/54/118 236/265/236 119/52/119
f 51/274/51 227/49/227 230/270/230
f 123/40/123 235/266/235 118/54/118
f 124/275/124 240/43/240 239/267/239
f 54/144/54 230/270/230 232/271/232
f 115/44/115 233/268/233 234/269/234
f 50/152/50 231/151/231 229/272/229
f 49/153/49 229/272/229 228/157/228
f 95/97/95 314/70/314 99/68/99
f 313/276/313 94/260/94 103/66/103
f 307/89/307 94/260/94 313/276/313
f 313/276/313 104/64/104 314/70/314
f 86/95/86 309/90/309 90/98/90
f 302/277/302 64/111/64 77/110/77
f 64/111/64 302/277/302 298/132/298
f 305/120/305 77/110/77 78/108/78
f 61/278/61 300/133/300 65/129/65
f 69/136/69 305/120/305 73/78/73
f 249/279/249 252/280/252 250/281/250
f 248/282/248 249/279/249 250/281/250
f 243/283/243 246/79/246 244/86/244
f 242/130/242 243/283/243 244/86/244
f 73/78/73 243/283/243 69/136/69
f 65/129/65 243/283/243 241/284/241
f 100/69/100 250/281/250 252/280/252
f 90/98/90 248/282/248 91/94/91
f 96/77/96 248/282/248 250/281/250
f 99/68/99 252/280/252 251/285/251
f 99/68/99 249/279/249 95/97/95
f 90/98/90 249/279/249 247/286/247
f 253/126/253 263/234/263 269/230/269
f 257/287/257 262/204/262 268/203/268
f 257/287/257 268/203/268 256/114/256
f 261/227/261 266/257/266 260/72/260
f 256/114/256 265/254/265 255/115/255
f 259/81/259 266/257/266 264/248/264
f 255/115/255 263/234/263 254/122/254
f 258/288/258 264/248/264 262/204/262
f 271/93/271 289/91/289 296/289/296
f 72/124/72 287/290/287 286/121/286
f 12/291/12 296/289/296 294/292/294
f 163/250/163 268/203/268 190/236/190
f 184/240/184 264/248/264 266/257/266
f 291/73/291 102/75/102 292/71/292
f 11/106/11 270/101/270 81/104/81
f 287/290/287 270/101/270 293/293/293
f 12/291/12 271/93/271 296/289/296
f 295/294/295 257/287/257 256/114/256
f 81/104/81 273/100/273 223/295/223
f 89/296/89 222/107/222 271/93/271
f 290/82/290 257/287/257 295/294/295
f 224/297/224 284/298/284 223/295/223
f 284/298/284 282/263/282 279/262/279
f 281/299/281 277/300/277 278/301/278
f 275/302/275 278/301/278 12/291/12
f 89/296/89 278/301/278 277/300/277
f 283/303/283 280/304/280 281/299/281
f 81/104/81 279/262/279 272/261/272
f 274/305/274 276/105/276 282/263/282
f 89/296/89 280/304/280 224/297/224
f 283/303/283 274/305/274 284/298/284
f 293/293/293 288/113/288 287/290/287
f 294/292/294 295/294/295 293/293/293
f 294/292/294 290/82/290 295/294/295
f 289/91/289 291/73/291 290/82/290
f 308/306/308 319/307/319 318/308/318
f 299/309/299 300/133/300 315/310/315
f 304/311/304 317/312/317 306/313/306
f 310/314/310 320/315/320 312/316/312
f 313/276/313 314/70/314 320/315/320
f 55/149/55 298/132/298 56/142/56
f 307/89/307 320/315/320 318/308/318
f 308/306/308 320/315/320 310/314/310
f 311/317/311 314/70/314 321/318/321
f 302/277/302 315/310/315 298/132/298
f 307/89/307 319/307/319 309/90/309
f 306/313/306 322/319/322 303/320/303
f 301/321/301 315/310/315 316/322/316
f 305/120/305 322/319/322 317/312/317
f 302/277/302 317/312/317 316/322/316
f 141/13/141 22/12/22 21/9/21
f 140/11/140 23/15/23 22/12/22
f 139/14/139 24/17/24 23/15/23
f 132/16/132 25/178/25 24/17/24
f 138/18/138 21/9/21 180/8/180
f 136/21/136 139/14/139 140/11/140
f 135/22/135 138/18/138 20/19/20
f 134/24/134 141/13/141 138/18/138
f 133/27/133 137/20/137 134/24/134
f 128/26/128 136/21/136 137/20/137
f 131/28/131 135/22/135 18/25/18
f 130/30/130 134/24/134 135/22/135
f 129/31/129 133/27/133 134/24/134
f 116/37/116 132/16/132 128/26/128
f 156/32/156 127/34/127 131/28/131
f 126/33/126 130/30/130 131/28/131
f 122/35/122 129/31/129 130/30/130
f 121/36/121 128/26/128 129/31/129
f 16/38/16 125/39/125 127/34/127
f 125/39/125 124/275/124 126/33/126
f 124/275/124 123/40/123 126/33/126
f 15/41/15 120/42/120 125/39/125
f 120/42/120 237/45/237 240/43/240
f 115/44/115 234/269/234 237/45/237
f 117/46/117 121/36/121 122/35/122
f 115/44/115 120/42/120 15/41/15
f 44/48/44 226/156/226 227/49/227
f 111/51/111 118/54/118 119/52/119
f 111/51/111 110/55/110 123/40/123
f 110/55/110 109/57/109 117/46/117
f 108/56/108 116/37/116 117/46/117
f 113/58/113 115/44/115 14/47/14
f 112/60/112 114/53/114 115/44/115
f 107/61/107 113/58/113 173/59/173
f 107/61/107 106/63/106 112/60/112
f 106/63/106 105/65/105 111/51/111
f 104/64/104 110/55/110 111/51/111
f 103/66/103 109/57/109 110/55/110
f 103/66/103 94/260/94 108/56/108
f 292/71/292 13/62/13 196/226/196
f 102/75/102 101/67/101 107/61/107
f 101/67/101 100/69/100 106/63/106
f 99/68/99 105/65/105 106/63/106
f 314/70/314 104/64/104 105/65/105
f 292/71/292 261/227/261 260/72/260
f 97/74/97 101/67/101 102/75/102
f 96/77/96 100/69/100 101/67/101
f 73/78/73 74/117/74 246/79/246
f 291/73/291 260/72/260 259/81/259
f 93/83/93 92/84/92 97/74/97
f 92/84/92 91/94/91 96/77/96
f 66/85/66 242/130/242 244/86/244
f 84/88/84 83/112/83 307/89/307
f 289/91/289 93/83/93 98/76/98
f 88/92/88 92/84/92 93/83/93
f 88/92/88 87/96/87 91/94/91
f 86/95/86 90/98/90 91/94/91
f 309/90/309 321/318/321 95/97/95
f 81/104/81 272/261/272 276/105/276
f 87/96/87 297/264/297 85/103/85
f 78/108/78 84/88/84 85/103/85
f 77/110/77 83/112/83 84/88/84
f 64/111/64 82/119/82 83/112/83
f 288/113/288 295/294/295 256/114/256
f 76/116/76 75/118/75 80/99/80
f 74/117/74 221/102/221 80/99/80
f 74/117/74 73/78/73 79/109/79
f 305/120/305 78/108/78 79/109/79
f 286/121/286 288/113/288 255/115/255
f 71/123/71 75/118/75 76/116/76
f 70/87/70 74/117/74 75/118/75
f 70/87/70 244/86/244 246/79/246
f 285/125/285 286/121/286 254/122/254
f 68/127/68 67/128/67 71/123/71
f 67/128/67 66/85/66 70/87/70
f 65/129/65 241/284/241 242/130/242
f 60/131/60 56/142/56 298/132/298
f 68/127/68 72/124/72 286/121/286
f 63/135/63 67/128/67 68/127/68
f 62/134/62 66/85/66 67/128/67
f 62/134/62 61/278/61 65/129/65
f 300/133/300 322/319/322 69/136/69
f 9/137/9 59/140/59 63/135/63
f 58/139/58 62/134/62 63/135/63
f 57/141/57 61/278/61 62/134/62
f 57/141/57 60/131/60 61/278/61
f 8/143/8 54/144/54 59/140/59
f 54/144/54 53/146/53 58/139/58
f 52/145/52 57/141/57 58/139/58
f 52/145/52 48/147/48 57/141/57
f 48/147/48 47/148/47 56/142/56
f 47/148/47 46/161/46 55/149/55
f 146/150/146 51/274/51 54/144/54
f 54/144/54 232/271/232 231/151/231
f 50/152/50 49/153/49 52/145/52
f 45/50/45 51/274/51 146/150/146
f 43/155/43 225/158/225 226/156/226
f 43/155/43 49/153/49 228/157/228
f 43/155/43 40/159/40 48/147/48
f 40/159/40 39/160/39 47/148/47
f 39/160/39 32/170/32 46/161/46
f 42/162/42 45/50/45 7/154/7
f 41/164/41 44/48/44 45/50/45
f 41/164/41 43/155/43 44/48/44
f 38/165/38 42/162/42 6/163/6
f 38/165/38 37/167/37 41/164/41
f 37/167/37 36/168/36 40/159/40
f 36/168/36 33/169/33 39/160/39
f 162/171/162 31/172/31 38/165/38
f 31/172/31 35/173/35 37/167/37
f 35/173/35 34/174/34 36/168/36
f 31/172/31 30/176/30 35/173/35
f 30/176/30 29/177/29 34/174/34
f 29/177/29 28/179/28 33/169/33
f 25/178/25 32/170/32 33/169/33
f 2/180/2 27/181/27 31/172/31
f 27/181/27 22/12/22 30/176/30
f 22/12/22 26/183/26 30/176/30
f 26/183/26 24/17/24 28/179/28
f 21/9/21 27/181/27 1/182/1
f 22/12/22 23/15/23 26/183/26
f 165/189/165 192/237/192 142/185/142
f 177/197/177 207/192/207 142/185/142
f 159/191/159 189/224/189 142/185/142
f 175/201/175 153/188/153 142/185/142
f 187/187/187 177/197/177 142/185/142
f 192/237/192 150/186/150 142/185/142
f 189/224/189 183/190/183 142/185/142
f 213/184/213 175/201/175 142/185/142
f 20/19/20 180/8/180 179/193/179
f 173/59/173 176/199/176 211/198/211
f 176/199/176 174/246/174 212/200/212
f 212/200/212 174/246/174 175/201/175
f 151/202/151 201/218/201 268/203/268
f 167/205/167 166/259/166 210/208/210
f 210/208/210 166/259/166 165/189/165
f 16/38/16 156/32/156 155/212/155
f 203/213/203 155/212/155 154/214/154
f 204/215/204 154/214/154 153/188/153
f 290/82/290 259/81/259 258/288/258
f 151/202/151 149/219/149 202/217/202
f 143/220/143 144/221/144 200/223/200
f 19/23/19 20/19/20 214/194/214
f 214/194/214 178/195/178 199/225/199
f 178/195/178 177/197/177 187/187/187
f 196/226/196 267/258/267 261/227/261
f 13/62/13 211/198/211 197/228/197
f 197/228/197 211/198/211 212/200/212
f 198/229/198 212/200/212 213/184/213
f 285/125/285 253/126/253 208/207/208
f 10/138/10 208/207/208 209/206/209
f 209/206/209 210/208/210 195/232/195
f 4/175/4 161/209/161 193/233/193
f 193/233/193 161/209/161 160/210/160
f 15/41/15 16/38/16 203/213/203
f 208/207/208 269/230/269 263/234/263
f 201/218/201 202/217/202 191/235/191
f 202/217/202 150/186/150 192/237/192
f 7/154/7 143/220/143 188/238/188
f 200/223/200 145/222/145 189/224/189
f 18/25/18 19/23/19 214/194/214
f 13/62/13 292/71/292 107/61/107
f 184/240/184 196/226/196 197/228/197
f 184/240/184 197/228/197 198/229/198
f 9/137/9 10/138/10 194/231/194
f 181/242/181 194/231/194 195/232/195
f 195/232/195 165/189/165 183/190/183
f 203/213/203 204/215/204 174/246/174
f 147/247/147 151/202/151 262/204/262
f 6/163/6 188/238/188 157/251/157
f 157/251/157 188/238/188 200/223/200
f 158/252/158 200/223/200 189/224/189
f 17/29/17 18/25/18 186/239/186
f 186/239/186 199/225/199 152/253/152
f 167/205/167 263/234/263 265/254/265
f 148/255/148 184/240/184 185/241/185
f 185/241/185 213/184/213 150/186/150
f 143/220/143 181/242/181 182/243/182
f 144/221/144 182/243/182 183/190/183
f 180/8/180 172/10/172 171/256/171
f 171/256/171 168/244/168 178/195/178
f 173/59/173 203/213/203 176/199/176
f 174/246/174 205/216/205 175/201/175
f 1/182/1 193/233/193 171/256/171
f 171/256/171 193/233/193 168/244/168
f 196/226/196 184/240/184 266/257/266
f 167/205/167 163/250/163 164/249/164
f 164/249/164 191/235/191 166/259/166
f 166/259/166 191/235/191 192/237/192
f 162/171/162 5/166/5 157/251/157
f 161/209/161 157/251/157 158/252/158
f 160/210/160 158/252/158 159/191/159
f 156/32/156 17/29/17 186/239/186
f 186/239/186 152/253/152 154/214/154
f 152/253/152 187/187/187 153/188/153
f 151/202/151 147/247/147 148/255/148
f 151/202/151 148/255/148 149/219/149
f 8/143/8 9/137/9 146/150/146
f 146/150/146 9/137/9 143/220/143
f 132/16/132 219/7/219 220/3/220
f 108/56/108 218/6/218 219/7/219
f 217/5/217 218/6/218 94/260/94
f 64/111/64 216/4/216 217/5/217
f 32/170/32 215/2/215 216/4/216
f 220/3/220 215/2/215 25/178/25
f 276/105/276 272/261/272 282/263/282
f 297/264/297 87/96/87 222/107/222
f 222/107/222 273/100/273 297/264/297
f 236/265/236 239/267/239 240/43/240
f 235/266/235 238/273/238 239/267/239
f 233/268/233 236/265/236 237/45/237
f 230/270/230 229/272/229 231/151/231
f 227/49/227 226/156/226 229/272/229
f 226/156/226 225/158/225 228/157/228
f 119/52/119 236/265/236 233/268/233
f 123/40/123 124/275/124 239/267/239
f 118/54/118 235/266/235 236/265/236
f 51/274/51 45/50/45 227/49/227
f 123/40/123 238/273/238 235/266/235
f 124/275/124 125/39/125 240/43/240
f 54/144/54 51/274/51 230/270/230
f 115/44/115 114/53/114 233/268/233
f 50/152/50 53/146/53 231/151/231
f 49/153/49 50/152/50 229/272/229
f 95/97/95 321/318/321 314/70/314
f 313/276/313 103/66/103 104/64/104
f 86/95/86 84/88/84 309/90/309
f 305/120/305 302/277/302 77/110/77
f 61/278/61 60/131/60 300/133/300
f 69/136/69 322/319/322 305/120/305
f 82/119/82 94/260/94 307/89/307
f 249/279/249 251/285/251 252/280/252
f 248/282/248 247/286/247 249/279/249
f 243/283/243 245/80/245 246/79/246
f 242/130/242 241/284/241 243/283/243
f 73/78/73 245/80/245 243/283/243
f 65/129/65 69/136/69 243/283/243
f 100/69/100 96/77/96 250/281/250
f 90/98/90 247/286/247 248/282/248
f 96/77/96 91/94/91 248/282/248
f 99/68/99 100/69/100 252/280/252
f 99/68/99 251/285/251 249/279/249
f 90/98/90 95/97/95 249/279/249
f 253/126/253 254/122/254 263/234/263
f 257/287/257 258/288/258 262/204/262
f 261/227/261 267/258/267 266/257/266
f 256/114/256 268/203/268 265/254/265
f 259/81/259 260/72/260 266/257/266
f 255/115/255 265/254/265 263/234/263
f 258/288/258 259/81/259 264/248/264
f 271/93/271 93/83/93 289/91/289
f 72/124/72 76/116/76 287/290/287
f 293/293/293 11/106/11 294/292/294
f 11/106/11 274/305/274 294/292/294
f 274/305/274 275/302/275 294/292/294
f 275/302/275 12/291/12 294/292/294
f 163/250/163 265/254/265 268/203/268
f 184/240/184 147/247/147 264/248/264
f 291/73/291 98/76/98 102/75/102
f 11/106/11 293/293/293 270/101/270
f 285/125/285 10/138/10 63/135/63
f 63/135/63 68/127/68 285/125/285
f 287/290/287 76/116/76 270/101/270
f 12/291/12 89/296/89 271/93/271
f 81/104/81 270/101/270 273/100/273
f 89/296/89 224/297/224 222/107/222
f 290/82/290 258/288/258 257/287/257
f 224/297/224 283/303/283 284/298/284
f 223/295/223 273/100/273 224/297/224
f 273/100/273 222/107/222 224/297/224
f 279/262/279 223/295/223 284/298/284
f 284/298/284 274/305/274 282/263/282
f 281/299/281 280/304/280 277/300/277
f 275/302/275 281/299/281 278/301/278
f 89/296/89 12/291/12 278/301/278
f 281/299/281 275/302/275 283/303/283
f 283/303/283 224/297/224 280/304/280
f 81/104/81 223/295/223 279/262/279
f 274/305/274 11/106/11 276/105/276
f 89/296/89 277/300/277 280/304/280
f 283/303/283 275/302/275 274/305/274
f 287/290/287 288/113/288 286/121/286
f 293/293/293 295/294/295 288/113/288
f 294/292/294 296/289/296 290/82/290
f 296/289/296 289/91/289 290/82/290
f 10/138/10 285/125/285 208/207/208
f 79/109/79 85/103/85 221/102/221
f 85/103/85 297/264/297 221/102/221
f 303/320/303 322/319/322 300/133/300
f 309/90/309 319/307/319 321/318/321
f 304/311/304 301/321/301 316/322/316
f 312/316/312 320/315/320 314/70/314
f 319/307/319 311/317/311 321/318/321
f 304/311/304 316/322/316 317/312/317
f 302/277/302 316/322/316 315/310/315
f 307/89/307 313/276/313 320/315/320
f 55/149/55 64/111/64 298/132/298
f 308/306/308 318/308/318 320/315/320
f 298/132/298 315/310/315 300/133/300
f 307/89/307 318/308/318 319/307/319
f 306/313/306 317/312/317 322/319/322
f 301/321/301 299/309/299 315/310/315
f 302/277/302 305/120/305 317/312/317
usemtl マテリアル.004
f 1678/1704/1644 1680/1705/1646 1677/1706/1643
f 1678/1704/1644 1677/1706/1643 1681/1707/1647
f 1679/1708/1645 1680/1705/1646 1678/1704/1644
f 1685/1709/1651 1768/1710/1734 1681/1707/1647
f 1678/1704/1644 1681/1707/1647 1767/1711/1733
f 1685/1709/1651 1681/1707/1647 1677/1706/1643
f 1680/1705/1646 1685/1709/1651 1677/1706/1643
f 1682/1712/1648 1685/1709/1651 1680/1705/1646
f 1684/1713/1650 1682/1712/1648 1683/1714/1649
f 1680/1705/1646 1683/1714/1649 1682/1712/1648
f 1686/1715/1652 1685/1709/1651 1684/1713/1650
f 1682/1712/1648 1684/1713/1650 1685/1709/1651
f 1769/1716/1735 1686/1715/1652 1684/1713/1650
f 1686/1715/1652 1766/1717/1732 1685/1709/1651
f 1689/1718/1655 1766/1717/1732 1686/1715/1652
f 1687/1719/1653 1686/1715/1652 1769/1716/1735
f 1687/1719/1653 1689/1718/1655 1686/1715/1652
f 1690/1720/1656 1688/1721/1654 1687/1719/1653
f 1688/1721/1654 1689/1718/1655 1687/1719/1653
f 1690/1720/1656 1687/1719/1653 1691/1722/1657
f 1692/1723/1658 1724/1724/1690 1691/1722/1657
f 1724/1724/1690 1690/1720/1656 1691/1722/1657
f 1694/1725/1660 1693/1726/1659 1692/1723/1658
f 1693/1726/1659 1694/1725/1660 1695/1727/1661
f 1694/1725/1660 1770/1728/1736 1695/1727/1661
f 1770/1728/1736 1696/1729/1662 1695/1727/1661
f 1693/1726/1659 1695/1727/1661 1697/1730/1663
f 1695/1727/1661 1696/1729/1662 1697/1730/1663
f 1697/1730/1663 1696/1729/1662 1700/1731/1666
f 1696/1729/1662 1698/1732/1664 1700/1731/1666
f 1697/1730/1663 1700/1731/1666 1699/1733/1665
f 1698/1732/1664 1683/1714/1649 1700/1731/1666
f 1699/1733/1665 1700/1731/1666 1683/1714/1649
f 1698/1732/1664 1684/1713/1650 1683/1714/1649
f 1699/1733/1665 1683/1714/1649 1701/1734/1667
f 1701/1734/1667 1683/1714/1649 1703/1735/1669
f 1702/1736/1668 1701/1734/1667 1703/1735/1669
f 1704/1737/1670 1705/1738/1671 1702/1736/1668
f 1704/1737/1670 1702/1736/1668 1678/1704/1644
f 1706/1739/1672 1705/1738/1671 1704/1737/1670
f 1707/1740/1673 1706/1739/1672 1704/1737/1670
f 1707/1740/1673 1704/1737/1670 1708/1741/1674
f 1704/1737/1670 1678/1704/1644 1708/1741/1674
f 1709/1742/1675 1708/1741/1674 1767/1711/1733
f 1713/1743/1679 1708/1741/1674 1709/1742/1675
f 1713/1743/1679 1710/1744/1676 1708/1741/1674
f 1708/1741/1674 1711/1745/1677 1712/1746/1678
f 1678/1704/1644 1767/1711/1733 1708/1741/1674
f 1712/1746/1678 1743/1747/1709 1708/1741/1674
f 1743/1747/1709 1707/1740/1673 1708/1741/1674
f 1715/1748/1681 1716/1749/1682 1713/1743/1679
f 1716/1749/1682 1710/1744/1676 1713/1743/1679
f 1715/1748/1681 1714/1750/1680 1716/1749/1682
f 1717/1751/1683 1716/1749/1682 1714/1750/1680
f 1751/1752/1717 1716/1749/1682 1717/1751/1683
f 1719/1753/1685 1751/1752/1717 1717/1751/1683
f 1720/1754/1686 1718/1755/1684 1719/1753/1685
f 1718/1755/1684 1751/1752/1717 1719/1753/1685
f 1721/1756/1687 1720/1754/1686 1719/1753/1685
f 1721/1756/1687 1736/1757/1702 1720/1754/1686
f 1722/1758/1688 1736/1757/1702 1721/1756/1687
f 1724/1724/1690 1722/1758/1688 1723/1759/1689
f 1722/1758/1688 1721/1756/1687 1723/1759/1689
f 1722/1758/1688 1726/1760/1692 1736/1757/1702
f 1724/1724/1690 1726/1760/1692 1722/1758/1688
f 1724/1724/1690 1725/1761/1691 1726/1760/1692
f 1692/1723/1658 1725/1761/1691 1724/1724/1690
f 1725/1761/1691 1729/1762/1695 1727/1763/1693
f 1693/1726/1659 1729/1762/1695 1725/1761/1691
f 1725/1761/1691 1727/1763/1693 1726/1760/1692
f 1692/1723/1658 1693/1726/1659 1725/1761/1691
f 1727/1763/1693 1729/1762/1695 1728/1764/1694
f 1727/1763/1693 1728/1764/1694 1730/1765/1696
f 1730/1765/1696 1701/1734/1667 1731/1766/1697
f 1728/1764/1694 1701/1734/1667 1730/1765/1696
f 1701/1734/1667 1702/1736/1668 1731/1766/1697
f 1731/1766/1697 1702/1736/1668 1705/1738/1671
f 1728/1764/1694 1699/1733/1665 1701/1734/1667
f 1732/1767/1698 1730/1765/1696 1731/1766/1697
f 1733/1768/1699 1732/1767/1698 1734/1769/1700
f 1727/1763/1693 1732/1767/1698 1733/1768/1699
f 1732/1767/1698 1742/1770/1708 1734/1769/1700
f 1732/1767/1698 1731/1766/1697 1742/1770/1708
f 1727/1763/1693 1730/1765/1696 1732/1767/1698
f 1735/1771/1701 1727/1763/1693 1733/1768/1699
f 1726/1760/1692 1727/1763/1693 1735/1771/1701
f 1726/1760/1692 1735/1771/1701 1736/1757/1702
f 1720/1754/1686 1736/1757/1702 1737/1772/1703
f 1736/1757/1702 1738/1773/1704 1737/1772/1703
f 1736/1757/1702 1735/1771/1701 1738/1773/1704
f 1735/1771/1701 1733/1768/1699 1738/1773/1704
f 1738/1773/1704 1733/1768/1699 1739/1774/1705
f 1733/1768/1699 1734/1769/1700 1739/1774/1705
f 1739/1774/1705 1734/1769/1700 1740/1775/1706
f 1734/1769/1700 1741/1776/1707 1740/1775/1706
f 1707/1740/1673 1740/1775/1706 1741/1776/1707
f 1734/1769/1700 1742/1770/1708 1741/1776/1707
f 1706/1739/1672 1741/1776/1707 1742/1770/1708
f 1707/1740/1673 1741/1776/1707 1706/1739/1672
f 1731/1766/1697 1705/1738/1671 1742/1770/1708
f 1706/1739/1672 1742/1770/1708 1705/1738/1671
f 1743/1747/1709 1740/1775/1706 1707/1740/1673
f 1744/1777/1710 1739/1774/1705 1740/1775/1706
f 1744/1777/1710 1740/1775/1706 1743/1747/1709
f 1712/1746/1678 1744/1777/1710 1743/1747/1709
f 1712/1746/1678 1745/1778/1711 1744/1777/1710
f 1711/1745/1677 1745/1778/1711 1712/1746/1678
f 1745/1778/1711 1746/1779/1712 1744/1777/1710
f 1747/1780/1713 1746/1779/1712 1745/1778/1711
f 1711/1745/1677 1747/1780/1713 1745/1778/1711
f 1708/1741/1674 1747/1780/1713 1711/1745/1677
f 1747/1780/1713 1748/1781/1714 1746/1779/1712
f 1710/1744/1676 1748/1781/1714 1747/1780/1713
f 1708/1741/1674 1710/1744/1676 1747/1780/1713
f 1749/1782/1715 1748/1781/1714 1710/1744/1676
f 1749/1782/1715 1750/1783/1716 1748/1781/1714
f 1750/1783/1716 1752/1784/1718 1748/1781/1714
f 1751/1752/1717 1752/1784/1718 1750/1783/1716
f 1751/1752/1717 1754/1785/1720 1752/1784/1718
f 1718/1755/1684 1754/1785/1720 1751/1752/1717
f 1752/1784/1718 1753/1786/1719 1746/1779/1712
f 1754/1785/1720 1753/1786/1719 1752/1784/1718
f 1753/1786/1719 1744/1777/1710 1746/1779/1712
f 1754/1785/1720 1738/1773/1704 1753/1786/1719
f 1737/1772/1703 1738/1773/1704 1754/1785/1720
f 1753/1786/1719 1739/1774/1705 1744/1777/1710
f 1738/1773/1704 1739/1774/1705 1753/1786/1719
f 1718/1755/1684 1737/1772/1703 1754/1785/1720
f 1752/1784/1718 1746/1779/1712 1748/1781/1714
f 1749/1782/1715 1716/1749/1682 1750/1783/1716
f 1716/1749/1682 1749/1782/1715 1710/1744/1676
f 1751/1752/1717 1750/1783/1716 1716/1749/1682
f 1720/1754/1686 1737/1772/1703 1718/1755/1684
f 1729/1762/1695 1697/1730/1663 1699/1733/1665
f 1729/1762/1695 1699/1733/1665 1728/1764/1694
f 1693/1726/1659 1697/1730/1663 1729/1762/1695
f 1723/1759/1689 1721/1756/1687 1755/1787/1721
f 1723/1759/1689 1755/1787/1721 1756/1788/1722
f 1755/1787/1721 1719/1753/1685 1756/1788/1722
f 1719/1753/1685 1717/1751/1683 1756/1788/1722
f 1756/1788/1722 1717/1751/1683 1757/1789/1723
f 1756/1788/1722 1757/1789/1723 1758/1790/1724
f 1757/1789/1723 1760/1791/1726 1758/1790/1724
f 1757/1789/1723 1759/1792/1725 1760/1791/1726
f 1763/1793/1729 1760/1791/1726 1759/1792/1725
f 1762/1794/1728 1760/1791/1726 1763/1793/1729
f 1762/1794/1728 1763/1793/1729 1761/1795/1727
f 1763/1793/1729 1764/1796/1730 1761/1795/1727
f 1761/1795/1727 1764/1796/1730 1767/1711/1733
f 1763/1793/1729 1715/1748/1681 1764/1796/1730
f 1715/1748/1681 1709/1742/1675 1764/1796/1730
f 1764/1796/1730 1709/1742/1675 1767/1711/1733
f 1715/1748/1681 1713/1743/1679 1709/1742/1675
f 1759/1792/1725 1715/1748/1681 1763/1793/1729
f 1759/1792/1725 1714/1750/1680 1715/1748/1681
f 1757/1789/1723 1714/1750/1680 1759/1792/1725
f 1717/1751/1683 1714/1750/1680 1757/1789/1723
f 1762/1794/1728 1765/1797/1731 1760/1791/1726
f 1765/1797/1731 1762/1794/1728 1767/1711/1733
f 1762/1794/1728 1761/1795/1727 1767/1711/1733
f 1768/1710/1734 1766/1717/1732 1765/1797/1731
f 1768/1710/1734 1765/1797/1731 1767/1711/1733
f 1768/1710/1734 1767/1711/1733 1681/1707/1647
f 1685/1709/1651 1766/1717/1732 1768/1710/1734
f 1689/1718/1655 1765/1797/1731 1766/1717/1732
f 1688/1721/1654 1758/1790/1724 1689/1718/1655
f 1758/1790/1724 1765/1797/1731 1689/1718/1655
f 1756/1788/1722 1758/1790/1724 1688/1721/1654
f 1756/1788/1722 1688/1721/1654 1690/1720/1656
f 1758/1790/1724 1760/1791/1726 1765/1797/1731
f 1721/1756/1687 1719/1753/1685 1755/1787/1721
f 1723/1759/1689 1756/1788/1722 1690/1720/1656
f 1724/1724/1690 1723/1759/1689 1690/1720/1656
f 1678/1704/1644 1702/1736/1668 1679/1708/1645
f 1702/1736/1668 1703/1735/1669 1679/1708/1645
f 1703/1735/1669 1683/1714/1649 1680/1705/1646
f 1679/1708/1645 1703/1735/1669 1680/1705/1646
f 1769/1716/1735 1684/1713/1650 1698/1732/1664
f 1691/1722/1657 1687/1719/1653 1769/1716/1735
f 1770/1728/1736 1769/1716/1735 1696/1729/1662
f 1769/1716/1735 1698/1732/1664 1696/1729/1662
f 1770/1728/1736 1691/1722/1657 1769/1716/1735
f 1694/1725/1660 1691/1722/1657 1770/1728/1736
f 1692/1723/1658 1691/1722/1657 1694/1725/1660
f 1779/1798/1745 1778/1799/1744 1771/1800/1737
f 1778/1799/1744 1772/1801/1738 1771/1800/1737
f 1779/1798/1745 1771/1800/1737 1773/1802/1739
f 1771/1800/1737 1772/1801/1738 1773/1802/1739
f 1772/1801/1738 1774/1803/1740 1773/1802/1739
f 1776/1804/1742 1773/1802/1739 1774/1803/1740
f 1776/1804/1742 1775/1805/1741 1773/1802/1739
f 1780/1806/1746 1779/1798/1745 1773/1802/1739
f 1777/1807/1743 1776/1804/1742 1774/1803/1740
f 1778/1799/1744 1776/1804/1742 1777/1807/1743
f 1778/1799/1744 1777/1807/1743 1772/1801/1738
f 1780/1806/1746 1778/1799/1744 1779/1798/1745
f 1781/1808/1747 1778/1799/1744 1780/1806/1746
f 1782/1809/1748 1781/1808/1747 1780/1806/1746
f 1781/1808/1747 1783/1810/1749 1778/1799/1744
f 1773/1802/1739 1782/1809/1748 1780/1806/1746
f 1773/1802/1739 1775/1805/1741 1782/1809/1748
f 1782/1809/1748 1775/1805/1741 1781/1808/1747
f 1776/1804/1742 1783/1810/1749 1775/1805/1741
f 1775/1805/1741 1783/1810/1749 1781/1808/1747
f 1778/1799/1744 1783/1810/1749 1776/1804/1742
f 1772/1801/1738 1777/1807/1743 1774/1803/1740
f 1785/1811/1751 1791/1812/1757 1784/1813/1750
f 1785/1811/1751 1784/1813/1750 1787/1814/1753
f 1791/1812/1757 1786/1815/1752 1784/1813/1750
f 1788/1816/1754 1863/1817/1829 1787/1814/1753
f 1785/1811/1751 1787/1814/1753 1862/1818/1828
f 1788/1816/1754 1787/1814/1753 1784/1813/1750
f 1786/1815/1752 1788/1816/1754 1784/1813/1750
f 1789/1819/1755 1788/1816/1754 1786/1815/1752
f 1791/1812/1757 1790/1820/1756 1789/1819/1755
f 1792/1821/1758 1789/1819/1755 1790/1820/1756
f 1791/1812/1757 1789/1819/1755 1786/1815/1752
f 1793/1822/1759 1792/1821/1758 1790/1820/1756
f 1794/1823/1760 1864/1824/1830 1792/1821/1758
f 1794/1823/1760 1792/1821/1758 1793/1822/1759
f 1795/1825/1761 1866/1826/1832 1794/1823/1760
f 1866/1826/1832 1864/1824/1830 1794/1823/1760
f 1796/1827/1762 1795/1825/1761 1794/1823/1760
f 1867/1828/1833 1866/1826/1832 1795/1825/1761
f 1797/1829/1763 1795/1825/1761 1796/1827/1762
f 1800/1830/1766 1798/1831/1764 1797/1829/1763
f 1797/1829/1763 1798/1831/1764 1795/1825/1761
f 1797/1829/1763 1799/1832/1765 1800/1830/1766
f 1800/1830/1766 1877/1833/1843 1801/1834/1767
f 1799/1832/1765 1877/1833/1843 1800/1830/1766
f 1801/1834/1767 1876/1835/1842 1804/1836/1770
f 1877/1833/1843 1876/1835/1842 1801/1834/1767
f 1801/1834/1767 1804/1836/1770 1802/1837/1768
f 1802/1837/1768 1804/1836/1770 1803/1838/1769
f 1876/1835/1842 1805/1839/1771 1804/1836/1770
f 1804/1836/1770 1805/1839/1771 1880/1840/1846
f 1804/1836/1770 1880/1840/1846 1806/1841/1772
f 1806/1841/1772 1880/1840/1846 1807/1842/1773
f 1806/1841/1772 1807/1842/1773 1808/1843/1774
f 1807/1842/1773 1809/1844/1775 1808/1843/1774
f 1811/1845/1777 1809/1844/1775 1810/1846/1776
f 1811/1845/1777 1808/1843/1774 1809/1844/1775
f 1811/1845/1777 1816/1847/1782 1808/1843/1774
f 1812/1848/1778 1816/1847/1782 1811/1845/1777
f 1812/1848/1778 1811/1845/1777 1810/1846/1776
f 1812/1848/1778 1813/1849/1779 1816/1847/1782
f 1814/1850/1780 1813/1849/1779 1812/1848/1778
f 1814/1850/1780 1812/1848/1778 1815/1851/1781
f 1812/1848/1778 1810/1846/1776 1815/1851/1781
f 1868/1852/1834 1816/1847/1782 1813/1849/1779
f 1817/1853/1783 1868/1852/1834 1813/1849/1779
f 1818/1854/1784 1868/1852/1834 1817/1853/1783
f 1819/1855/1785 1818/1854/1784 1817/1853/1783
f 1821/1856/1787 1819/1855/1785 1820/1857/1786
f 1803/1838/1769 1818/1854/1784 1819/1855/1785
f 1821/1856/1787 1803/1838/1769 1819/1855/1785
f 1802/1837/1768 1821/1856/1787 1822/1858/1788
f 1802/1837/1768 1803/1838/1769 1821/1856/1787
f 1822/1858/1788 1823/1859/1789 1824/1860/1790
f 1822/1858/1788 1821/1856/1787 1823/1859/1789
f 1825/1861/1791 1802/1837/1768 1822/1858/1788
f 1801/1834/1767 1802/1837/1768 1825/1861/1791
f 1798/1831/1764 1825/1861/1791 1826/1862/1792
f 1825/1861/1791 1822/1858/1788 1826/1862/1792
f 1801/1834/1767 1825/1861/1791 1798/1831/1764
f 1822/1858/1788 1828/1863/1794 1826/1862/1792
f 1826/1862/1792 1828/1863/1794 1827/1864/1793
f 1828/1863/1794 1829/1865/1795 1827/1864/1793
f 1827/1864/1793 1829/1865/1795 1830/1866/1796
f 1827/1864/1793 1830/1866/1796 1866/1826/1832
f 1866/1826/1832 1830/1866/1796 1865/1867/1831
f 1830/1866/1796 1831/1868/1797 1865/1867/1831
f 1830/1866/1796 1832/1869/1798 1831/1868/1797
f 1833/1870/1799 1831/1868/1797 1832/1869/1798
f 1831/1868/1797 1833/1870/1799 1862/1818/1828
f 1833/1870/1799 1834/1871/1800 1862/1818/1828
f 1833/1870/1799 1835/1872/1801 1834/1871/1800
f 1835/1872/1801 1836/1873/1802 1834/1871/1800
f 1834/1871/1800 1836/1873/1802 1862/1818/1828
f 1835/1872/1801 1841/1874/1807 1836/1873/1802
f 1841/1874/1807 1837/1875/1803 1836/1873/1802
f 1836/1873/1802 1837/1875/1803 1862/1818/1828
f 1841/1874/1807 1838/1876/1804 1837/1875/1803
f 1838/1876/1804 1815/1851/1781 1837/1875/1803
f 1837/1875/1803 1815/1851/1781 1862/1818/1828
f 1841/1874/1807 1839/1877/1805 1838/1876/1804
f 1839/1877/1805 1840/1878/1806 1838/1876/1804
f 1838/1876/1804 1840/1878/1806 1815/1851/1781
f 1841/1874/1807 1842/1879/1808 1839/1877/1805
f 1847/1880/1813 1857/1881/1823 1842/1879/1808
f 1839/1877/1805 1842/1879/1808 1857/1881/1823
f 1847/1880/1813 1842/1879/1808 1843/1882/1809
f 1844/1883/1810 1847/1880/1813 1843/1882/1809
f 1824/1860/1790 1844/1883/1810 1845/1884/1811
f 1844/1883/1810 1843/1882/1809 1845/1884/1811
f 1823/1859/1789 1846/1885/1812 1844/1883/1810
f 1846/1885/1812 1847/1880/1813 1844/1883/1810
f 1823/1859/1789 1844/1883/1810 1824/1860/1790
f 1823/1859/1789 1821/1856/1787 1820/1857/1786
f 1823/1859/1789 1820/1857/1786 1846/1885/1812
f 1824/1860/1790 1845/1884/1811 1828/1863/1794
f 1846/1885/1812 1820/1857/1786 1848/1886/1814
f 1846/1885/1812 1848/1886/1814 1847/1880/1813
f 1849/1887/1815 1859/1888/1825 1850/1889/1816
f 1848/1886/1814 1859/1888/1825 1849/1887/1815
f 1851/1890/1817 1849/1887/1815 1850/1889/1816
f 1853/1891/1819 1851/1890/1817 1852/1892/1818
f 1855/1893/1821 1849/1887/1815 1851/1890/1817
f 1853/1891/1819 1855/1893/1821 1851/1890/1817
f 1815/1851/1781 1853/1891/1819 1852/1892/1818
f 1856/1894/1822 1849/1887/1815 1854/1895/1820
f 1855/1893/1821 1854/1895/1820 1849/1887/1815
f 1848/1886/1814 1849/1887/1815 1856/1894/1822
f 1847/1880/1813 1848/1886/1814 1856/1894/1822
f 1847/1880/1813 1856/1894/1822 1857/1881/1823
f 1858/1896/1824 1857/1881/1823 1856/1894/1822
f 1856/1894/1822 1854/1895/1820 1858/1896/1824
f 1839/1877/1805 1857/1881/1823 1858/1896/1824
f 1839/1877/1805 1858/1896/1824 1840/1878/1806
f 1858/1896/1824 1855/1893/1821 1840/1878/1806
f 1840/1878/1806 1853/1891/1819 1815/1851/1781
f 1840/1878/1806 1855/1893/1821 1853/1891/1819
f 1855/1893/1821 1858/1896/1824 1854/1895/1820
f 1852/1892/1818 1814/1850/1780 1815/1851/1781
f 1852/1892/1818 1850/1889/1816 1814/1850/1780
f 1852/1892/1818 1851/1890/1817 1850/1889/1816
f 1850/1889/1816 1813/1849/1779 1814/1850/1780
f 1850/1889/1816 1817/1853/1783 1813/1849/1779
f 1859/1888/1825 1817/1853/1783 1850/1889/1816
f 1819/1855/1785 1817/1853/1783 1859/1888/1825
f 1848/1886/1814 1819/1855/1785 1859/1888/1825
f 1820/1857/1786 1819/1855/1785 1848/1886/1814
f 1828/1863/1794 1845/1884/1811 1829/1865/1795
f 1845/1884/1811 1843/1882/1809 1829/1865/1795
f 1843/1882/1809 1860/1897/1826 1829/1865/1795
f 1843/1882/1809 1842/1879/1808 1860/1897/1826
f 1841/1874/1807 1860/1897/1826 1842/1879/1808
f 1860/1897/1826 1841/1874/1807 1835/1872/1801
f 1829/1865/1795 1860/1897/1826 1832/1869/1798
f 1835/1872/1801 1832/1869/1798 1860/1897/1826
f 1829/1865/1795 1832/1869/1798 1830/1866/1796
f 1833/1870/1799 1832/1869/1798 1835/1872/1801
f 1863/1817/1829 1861/1898/1827 1831/1868/1797
f 1863/1817/1829 1831/1868/1797 1862/1818/1828
f 1863/1817/1829 1862/1818/1828 1787/1814/1753
f 1788/1816/1754 1861/1898/1827 1863/1817/1829
f 1788/1816/1754 1792/1821/1758 1861/1898/1827
f 1789/1819/1755 1792/1821/1758 1788/1816/1754
f 1864/1824/1830 1861/1898/1827 1792/1821/1758
f 1864/1824/1830 1865/1867/1831 1861/1898/1827
f 1866/1826/1832 1865/1867/1831 1864/1824/1830
f 1798/1831/1764 1867/1828/1833 1795/1825/1761
f 1826/1862/1792 1827/1864/1793 1867/1828/1833
f 1827/1864/1793 1866/1826/1832 1867/1828/1833
f 1798/1831/1764 1826/1862/1792 1867/1828/1833
f 1865/1867/1831 1831/1868/1797 1861/1898/1827
f 1822/1858/1788 1824/1860/1790 1828/1863/1794
f 1818/1854/1784 1806/1841/1772 1868/1852/1834
f 1804/1836/1770 1806/1841/1772 1818/1854/1784
f 1803/1838/1769 1804/1836/1770 1818/1854/1784
f 1806/1841/1772 1808/1843/1774 1868/1852/1834
f 1868/1852/1834 1808/1843/1774 1816/1847/1782
f 1785/1811/1751 1862/1818/1828 1815/1851/1781
f 1810/1846/1776 1785/1811/1751 1815/1851/1781
f 1807/1842/1773 1872/1899/1838 1809/1844/1775
f 1872/1899/1838 1869/1900/1835 1809/1844/1775
f 1869/1900/1835 1871/1901/1837 1870/1902/1836
f 1870/1902/1836 1790/1820/1756 1791/1812/1757
f 1871/1901/1837 1790/1820/1756 1870/1902/1836
f 1869/1900/1835 1870/1902/1836 1791/1812/1757
f 1874/1903/1840 1871/1901/1837 1872/1899/1838
f 1873/1904/1839 1790/1820/1756 1871/1901/1837
f 1874/1903/1840 1873/1904/1839 1871/1901/1837
f 1875/1905/1841 1873/1904/1839 1874/1903/1840
f 1876/1835/1842 1875/1905/1841 1874/1903/1840
f 1876/1835/1842 1874/1903/1840 1805/1839/1771
f 1799/1832/1765 1875/1905/1841 1876/1835/1842
f 1877/1833/1843 1799/1832/1765 1876/1835/1842
f 1799/1832/1765 1878/1906/1844 1875/1905/1841
f 1797/1829/1763 1796/1827/1762 1878/1906/1844
f 1796/1827/1762 1879/1907/1845 1878/1906/1844
f 1878/1906/1844 1879/1907/1845 1875/1905/1841
f 1797/1829/1763 1878/1906/1844 1799/1832/1765
f 1875/1905/1841 1879/1907/1845 1873/1904/1839
f 1879/1907/1845 1793/1822/1759 1873/1904/1839
f 1796/1827/1762 1794/1823/1760 1879/1907/1845
f 1794/1823/1760 1793/1822/1759 1879/1907/1845
f 1805/1839/1771 1874/1903/1840 1880/1840/1846
f 1880/1840/1846 1874/1903/1840 1872/1899/1838
f 1880/1840/1846 1872/1899/1838 1807/1842/1773
f 1793/1822/1759 1790/1820/1756 1873/1904/1839
f 1872/1899/1838 1871/1901/1837 1869/1900/1835
f 1785/1811/1751 1869/1900/1835 1791/1812/1757
f 1810/1846/1776 1869/1900/1835 1785/1811/1751
f 1810/1846/1776 1809/1844/1775 1869/1900/1835
f 1800/1830/1766 1801/1834/1767 1798/1831/1764
f 1897/1908/1863 1892/1909/1858 1881/1910/1847
f 1892/1909/1858 1882/1911/1848 1881/1910/1847
f 1892/1909/1858 1883/1912/1849 1882/1911/1848
f 1882/1911/1848 1883/1912/1849 1884/1913/1850
f 1881/1910/1847 1882/1911/1848 1885/1914/1851
f 1884/1913/1850 1885/1914/1851 1882/1911/1848
f 1889/1915/1855 1885/1914/1851 1884/1913/1850
f 1889/1915/1855 1886/1916/1852 1885/1914/1851
f 1886/1916/1852 1887/1917/1853 1885/1914/1851
f 1887/1917/1853 1888/1918/1854 1885/1914/1851
f 1885/1914/1851 1888/1918/1854 1881/1910/1847
f 1891/1919/1857 1889/1915/1855 1884/1913/1850
f 1891/1919/1857 1890/1920/1856 1889/1915/1855
f 1890/1920/1856 1886/1916/1852 1889/1915/1855
f 1891/1919/1857 1892/1909/1858 1890/1920/1856
f 1883/1912/1849 1892/1909/1858 1891/1919/1857
f 1892/1909/1858 1893/1921/1859 1890/1920/1856
f 1892/1909/1858 1894/1922/1860 1893/1921/1859
f 1892/1909/1858 1895/1923/1861 1894/1922/1860
f 1892/1909/1858 1897/1908/1863 1895/1923/1861
f 1895/1923/1861 1897/1908/1863 1896/1924/1862
f 1888/1918/1854 1894/1922/1860 1895/1923/1861
f 1888/1918/1854 1898/1925/1864 1894/1922/1860
f 1887/1917/1853 1898/1925/1864 1888/1918/1854
f 1898/1925/1864 1893/1921/1859 1894/1922/1860
f 1886/1916/1852 1893/1921/1859 1898/1925/1864
f 1887/1917/1853 1886/1916/1852 1898/1925/1864
f 1886/1916/1852 1890/1920/1856 1893/1921/1859
f 1888/1918/1854 1895/1923/1861 1896/1924/1862
f 1896/1924/1862 1897/1908/1863 1881/1910/1847
f 1896/1924/1862 1881/1910/1847 1888/1918/1854
f 1891/1919/1857 1884/1913/1850 1883/1912/1849
f 1899/1926/1865 1901/1927/1867 1900/1928/1866
f 1899/1926/1865 1902/1929/1868 1901/1927/1867
f 1901/1927/1867 1902/1929/1868 1903/1930/1869
f 1900/1928/1866 1901/1927/1867 1904/1931/1870
f 1901/1927/1867 1903/1930/1869 1904/1931/1870
f 1906/1932/1872 1904/1931/1870 1903/1930/1869
f 1906/1932/1872 1905/1933/1871 1904/1931/1870
f 1904/1931/1870 1905/1933/1871 1900/1928/1866
f 1908/1934/1874 1906/1932/1872 1903/1930/1869
f 1908/1934/1874 1907/1935/1873 1906/1932/1872
f 1908/1934/1874 1909/1936/1875 1907/1935/1873
f 1902/1929/1868 1909/1936/1875 1908/1934/1874
f 1907/1935/1873 1909/1936/1875 1910/1937/1876
f 1909/1936/1875 1911/1938/1877 1910/1937/1876
f 1909/1936/1875 1912/1939/1878 1911/1938/1877
f 1912/1939/1878 1909/1936/1875 1913/1940/1879
f 1913/1940/1879 1909/1936/1875 1900/1928/1866
f 1900/1928/1866 1909/1936/1875 1899/1926/1865
f 1913/1940/1879 1900/1928/1866 1915/1941/1881
f 1915/1941/1881 1912/1939/1878 1913/1940/1879
f 1915/1941/1881 1911/1938/1877 1912/1939/1878
f 1915/1941/1881 1914/1942/1880 1911/1938/1877
f 1905/1933/1871 1914/1942/1880 1915/1941/1881
f 1914/1942/1880 1910/1937/1876 1911/1938/1877
f 1916/1943/1882 1910/1937/1876 1914/1942/1880
f 1905/1933/1871 1916/1943/1882 1914/1942/1880
f 1906/1932/1872 1916/1943/1882 1905/1933/1871
f 1907/1935/1873 1910/1937/1876 1916/1943/1882
f 1907/1935/1873 1916/1943/1882 1906/1932/1872
f 1905/1933/1871 1915/1941/1881 1900/1928/1866
f 1899/1926/1865 1909/1936/1875 1902/1929/1868
f 1908/1934/1874 1903/1930/1869 1902/1929/1868
f 1917/1944/1883 1919/1945/1884 1918/1946/1866
f 1917/1944/1883 1920/1947/1885 1919/1945/1884
f 1919/1945/1884 1920/1947/1885 1921/1948/1886
f 1918/1946/1866 1919/1945/1884 1922/1949/1887
f 1921/1948/1886 1922/1949/1887 1919/1945/1884
f 1924/1950/1872 1922/1949/1887 1921/1948/1886
f 1924/1950/1872 1923/1951/1888 1922/1949/1887
f 1922/1949/1887 1923/1951/1888 1933/1952/1891
f 1922/1949/1887 1933/1952/1891 1918/1946/1866
f 1926/1953/1874 1924/1950/1872 1921/1948/1886
f 1926/1953/1874 1925/1954/1889 1924/1950/1872
f 1926/1953/1874 1927/1955/1875 1925/1954/1889
f 1920/1947/1885 1927/1955/1875 1926/1953/1874
f 1925/1954/1889 1927/1955/1875 1928/1956/1876
f 1927/1955/1875 1929/1957/1877 1928/1956/1876
f 1927/1955/1875 1930/1958/1890 1929/1957/1877
f 1930/1958/1890 1927/1955/1875 1931/1959/1879
f 1933/1952/1891 1929/1957/1877 1930/1958/1890
f 1933/1952/1891 1932/1960/1880 1929/1957/1877
f 1923/1951/1888 1932/1960/1880 1933/1952/1891
f 1923/1951/1888 1934/1961/1892 1932/1960/1880
f 1934/1961/1892 1928/1956/1876 1932/1960/1880
f 1924/1950/1872 1934/1961/1892 1923/1951/1888
f 1925/1954/1889 1928/1956/1876 1934/1961/1892
f 1925/1954/1889 1934/1961/1892 1924/1950/1872
f 1932/1960/1880 1928/1956/1876 1929/1957/1877
f 1933/1952/1891 1930/1958/1890 1931/1959/1879
f 1931/1959/1879 1927/1955/1875 1918/1946/1866
f 1931/1959/1879 1918/1946/1866 1933/1952/1891
f 1918/1946/1866 1927/1955/1875 1917/1944/1883
f 1917/1944/1883 1927/1955/1875 1920/1947/1885
f 1926/1953/1874 1921/1948/1886 1920/1947/1885
f 1946/1962/1904 1944/1963/1902 1935/1964/1893
f 1944/1963/1902 1936/1965/1894 1935/1964/1893
f 1944/1963/1902 1937/1966/1895 1936/1965/1894
f 1936/1965/1894 1937/1966/1895 1938/1967/1896
f 1935/1964/1893 1936/1965/1894 1938/1967/1896
f 1941/1968/1899 1938/1967/1896 1940/1969/1898
f 1941/1968/1899 1939/1970/1897 1938/1967/1896
f 1937/1966/1895 1940/1969/1898 1938/1967/1896
f 1938/1967/1896 1939/1970/1897 1950/1971/1908
f 1950/1971/1908 1947/1972/1905 1938/1967/1896
f 1947/1972/1905 1935/1964/1893 1938/1967/1896
f 1943/1973/1901 1941/1968/1899 1940/1969/1898
f 1943/1973/1901 1942/1974/1900 1941/1968/1899
f 1943/1973/1901 1944/1963/1902 1942/1974/1900
f 1937/1966/1895 1944/1963/1902 1943/1973/1901
f 1944/1963/1902 1946/1962/1904 1945/1975/1903
f 1945/1975/1903 1946/1962/1904 1947/1972/1905
f 1947/1972/1905 1946/1962/1904 1935/1964/1893
f 1948/1976/1906 1951/1977/1909 1945/1975/1903
f 1944/1963/1902 1945/1975/1903 1951/1977/1909
f 1950/1971/1908 1948/1976/1906 1945/1975/1903
f 1949/1978/1907 1951/1977/1909 1948/1976/1906
f 1950/1971/1908 1949/1978/1907 1948/1976/1906
f 1939/1970/1897 1949/1978/1907 1950/1971/1908
f 1952/1979/1910 1951/1977/1909 1949/1978/1907
f 1939/1970/1897 1952/1979/1910 1949/1978/1907
f 1952/1979/1910 1942/1974/1900 1951/1977/1909
f 1941/1968/1899 1952/1979/1910 1939/1970/1897
f 1942/1974/1900 1952/1979/1910 1941/1968/1899
f 1944/1963/1902 1951/1977/1909 1942/1974/1900
f 1950/1971/1908 1945/1975/1903 1947/1972/1905
f 1943/1973/1901 1940/1969/1898 1937/1966/1895
f 1974/1980/1932 1955/1981/1913 1953/1982/1911
f 1958/1983/1916 1954/1984/1912 1955/1981/1913
f 1954/1984/1912 1956/1985/1914 1955/1981/1913
f 1955/1981/1913 1956/1985/1914 1953/1982/1911
f 1957/1986/1915 1954/1984/1912 1958/1983/1916
f 1957/1986/1915 1958/1983/1916 1959/1987/1917
f 1958/1983/1916 1955/1981/1913 1960/1988/1918
f 1960/1988/1918 1959/1987/1917 1958/1983/1916
f 1963/1989/1921 1959/1987/1917 1960/1988/1918
f 1961/1990/1919 1963/1989/1921 1960/1988/1918
f 1962/1991/1920 1961/1990/1919 1974/1980/1932
f 1962/1991/1920 1963/1989/1921 1961/1990/1919
f 1964/1992/1922 1962/1991/1920 1974/1980/1932
f 1967/1993/1925 1965/1994/1923 1964/1992/1922
f 1965/1994/1923 1966/1995/1924 1964/1992/1922
f 1974/1980/1932 1971/1996/1929 1964/1992/1922
f 1966/1995/1924 1962/1991/1920 1964/1992/1922
f 1968/1997/1926 1965/1994/1923 1967/1993/1925
f 1954/1984/1912 1968/1997/1926 1969/1998/1927
f 1968/1997/1926 1967/1993/1925 1969/1998/1927
f 1954/1984/1912 1957/1986/1915 1968/1997/1926
f 1954/1984/1912 1969/1998/1927 1956/1985/1914
f 1956/1985/1914 1969/1998/1927 1971/1996/1929
f 1969/1998/1927 1970/1999/1928 1971/1996/1929
f 1969/1998/1927 1967/1993/1925 1970/1999/1928
f 1967/1993/1925 1964/1992/1922 1970/1999/1928
f 1970/1999/1928 1964/1992/1922 1971/1996/1929
f 1953/1982/1911 1971/1996/1929 1974/1980/1932
f 1956/1985/1914 1971/1996/1929 1953/1982/1911
f 1965/1994/1923 1968/1997/1926 1972/2000/1930
f 1968/1997/1926 1957/1986/1915 1972/2000/1930
f 1965/1994/1923 1972/2000/1930 1973/2001/1931
f 1957/1986/1915 1959/1987/1917 1972/2000/1930
f 1973/2001/1931 1972/2000/1930 1963/1989/1921
f 1963/1989/1921 1972/2000/1930 1959/1987/1917
f 1962/1991/1920 1973/2001/1931 1963/1989/1921
f 1966/1995/1924 1973/2001/1931 1962/1991/1920
f 1965/1994/1923 1973/2001/1931 1966/1995/1924
f 1961/1990/1919 1960/1988/1918 1974/1980/1932
f 1974/1980/1932 1960/1988/1918 1955/1981/1913
f 1977/2002/1935 1975/2003/1933 1976/2004/1934
f 1977/2002/1935 1978/2005/1936 1975/2003/1933
f 1977/2002/1935 1993/2006/1951 1978/2005/1936
f 1993/2006/1951 1979/2007/1937 1978/2005/1936
f 1993/2006/1951 1992/2008/1950 1979/2007/1937
f 1978/2005/1936 1981/2009/1939 1975/2003/1933
f 1979/2007/1937 1980/2010/1938 1978/2005/1936
f 1978/2005/1936 1980/2010/1938 1981/2009/1939
f 1975/2003/1933 1981/2009/1939 1983/2011/1941
f 1981/2009/1939 1982/2012/1940 1983/2011/1941
f 1987/2013/1945 1983/2011/1941 1982/2012/1940
f 1984/2014/1942 1985/2015/1943 1983/2011/1941
f 1985/2015/1943 1986/2016/1944 1983/2011/1941
f 1976/2004/1934 1975/2003/1933 1983/2011/1941
f 1986/2016/1944 1976/2004/1934 1983/2011/1941
f 1980/2010/1938 1987/2013/1945 1982/2012/1940
f 1988/2017/1946 1987/2013/1945 1980/2010/1938
f 1992/2008/1950 1988/2017/1946 1979/2007/1937
f 1979/2007/1937 1988/2017/1946 1980/2010/1938
f 1980/2010/1938 1982/2012/1940 1981/2009/1939
f 1988/2017/1946 1989/2018/1947 1990/2019/1948
f 1992/2008/1950 1989/2018/1947 1988/2017/1946
f 1988/2017/1946 1990/2019/1948 1987/2013/1945
f 1987/2013/1945 1990/2019/1948 1983/2011/1941
f 1990/2019/1948 1989/2018/1947 1991/2020/1949
f 1989/2018/1947 1992/2008/1950 1991/2020/1949
f 1992/2008/1950 1993/2006/1951 1991/2020/1949
f 1993/2006/1951 1977/2002/1935 1994/2021/1952
f 1994/2021/1952 1991/2020/1949 1993/2006/1951
f 1985/2015/1943 1994/2021/1952 1986/2016/1944
f 1995/2022/1953 1991/2020/1949 1994/2021/1952
f 1985/2015/1943 1995/2022/1953 1994/2021/1952
f 1984/2014/1942 1995/2022/1953 1985/2015/1943
f 1990/2019/1948 1991/2020/1949 1995/2022/1953
f 1984/2014/1942 1990/2019/1948 1995/2022/1953
f 1986/2016/1944 1994/2021/1952 1977/2002/1935
f 1986/2016/1944 1977/2002/1935 1976/2004/1934
f 1983/2011/1941 1990/2019/1948 1984/2014/1942
f 1997/2023/1955 1999/2024/1957 1998/2025/1956
f 1998/2025/1956 1999/2024/1957 1996/2026/1954
f 1999/2024/1957 2000/2027/1958 1996/2026/1954
f 1999/2024/1957 2007/2028/1965 2000/2027/1958
f 2007/2028/1965 2001/2029/1959 2000/2027/1958
f 2000/2027/1958 2001/2029/1959 2002/2030/1960
f 1996/2026/1954 2000/2027/1958 2002/2030/1960
f 2005/2031/1963 2006/2032/1964 2002/2030/1960
f 2006/2032/1964 2003/2033/1961 2002/2030/1960
f 2003/2033/1961 2004/2034/1962 2002/2030/1960
f 2002/2030/1960 2004/2034/1962 1996/2026/1954
f 2005/2031/1963 2008/2035/1966 2006/2032/1964
f 2007/2028/1965 2008/2035/1966 2005/2031/1963
f 1997/2023/1955 2008/2035/1966 2007/2028/1965
f 2008/2035/1966 2009/2036/1967 2012/2037/1970
f 2006/2032/1964 2008/2035/1966 2012/2037/1970
f 2009/2036/1967 2008/2035/1966 2010/2038/1968
f 2008/2035/1966 1997/2023/1955 2010/2038/1968
f 2011/2039/1969 2010/2038/1968 1998/2025/1956
f 1998/2025/1956 2010/2038/1968 1997/2023/1955
f 2011/2039/1969 2009/2036/1967 2010/2038/1968
f 2004/2034/1962 2011/2039/1969 1996/2026/1954
f 2004/2034/1962 2009/2036/1967 2011/2039/1969
f 2011/2039/1969 1998/2025/1956 1996/2026/1954
f 2004/2034/1962 2012/2037/1970 2009/2036/1967
f 2003/2033/1961 2012/2037/1970 2004/2034/1962
f 2003/2033/1961 2006/2032/1964 2012/2037/1970
f 2007/2028/1965 2005/2031/1963 2001/2029/1959
f 2005/2031/1963 2002/2030/1960 2001/2029/1959
f 1997/2023/1955 2007/2028/1965 1999/2024/1957
f 2020/2040/1978 2014/2041/1972 2013/2042/1971
f 2014/2041/1972 2015/2043/1973 2013/2042/1971
f 2013/2042/1971 2015/2043/1973 2020/2040/1978
f 2015/2043/1973 2016/2044/1974 2020/2040/1978
f 2015/2043/1973 2017/2045/1975 2016/2044/1974
f 2016/2044/1974 2018/2046/1976 2019/2047/1977
f 2016/2044/1974 2019/2047/1977 2020/2040/1978
f 2018/2046/1976 2022/2048/1980 2019/2047/1977
f 2019/2047/1977 2021/2049/1979 2020/2040/1978
f 2020/2040/1978 2021/2049/1979 2014/2041/1972
f 2023/2050/1981 2014/2041/1972 2022/2048/1980
f 2014/2041/1972 2021/2049/1979 2022/2048/1980
f 2017/2045/1975 2014/2041/1972 2023/2050/1981
f 2023/2050/1981 2024/2051/1982 2017/2045/1975
f 2017/2045/1975 2024/2051/1982 2016/2044/1974
f 2016/2044/1974 2024/2051/1982 2018/2046/1976
f 2024/2051/1982 2023/2050/1981 2022/2048/1980
f 2018/2046/1976 2024/2051/1982 2022/2048/1980
f 2014/2041/1972 2017/2045/1975 2015/2043/1973
f 2022/2048/1980 2021/2049/1979 2019/2047/1977
f 2032/2052/1990 2026/2053/1984 2025/2054/1983
f 2035/2055/1993 2027/2056/1985 2026/2053/1984
f 2026/2053/1984 2027/2056/1985 2025/2054/1983
f 2035/2055/1993 2034/2057/1992 2027/2056/1985
f 2034/2057/1992 2028/2058/1986 2027/2056/1985
f 2027/2056/1985 2028/2058/1986 2025/2054/1983
f 2034/2057/1992 2033/2059/1991 2028/2058/1986
f 2028/2058/1986 2029/2060/1987 2025/2054/1983
f 2028/2058/1986 2030/2061/1988 2029/2060/1987
f 2029/2060/1987 2030/2061/1988 2031/2062/1989
f 2031/2062/1989 2025/2054/1983 2029/2060/1987
f 2032/2052/1990 2031/2062/1989 2030/2061/1988
f 2032/2052/1990 2030/2061/1988 2033/2059/1991
f 2034/2057/1992 2032/2052/1990 2033/2059/1991
f 2035/2055/1993 2032/2052/1990 2034/2057/1992
f 2026/2053/1984 2032/2052/1990 2035/2055/1993
f 2031/2062/1989 2032/2052/1990 2025/2054/1983
f 2028/2058/1986 2033/2059/1991 2030/2061/1988
f 2046/2063/2004 2036/2064/1994 2045/2065/2003
f 2045/2065/2003 2036/2064/1994 2037/2066/1995
f 2038/2067/1996 2037/2066/1995 2036/2064/1994
f 2041/2068/1999 2037/2066/1995 2038/2067/1996
f 2041/2068/1999 2042/2069/2000 2037/2066/1995
f 2039/2070/1997 2040/2071/1998 2037/2066/1995
f 2040/2071/1998 2045/2065/2003 2037/2066/1995
f 2036/2064/1994 2041/2068/1999 2038/2067/1996
f 2046/2063/2004 2041/2068/1999 2036/2064/1994
f 2046/2063/2004 2042/2069/2000 2041/2068/1999
f 2042/2069/2000 2043/2072/2001 2037/2066/1995
f 2037/2066/1995 2043/2072/2001 2039/2070/1997
f 2039/2070/1997 2043/2072/2001 2044/2073/2002
f 2043/2072/2001 2042/2069/2000 2044/2073/2002
f 2046/2063/2004 2044/2073/2002 2042/2069/2000
f 2039/2070/1997 2044/2073/2002 2040/2071/1998
f 2044/2073/2002 2046/2063/2004 2040/2071/1998
f 2040/2071/1998 2046/2063/2004 2045/2065/2003
f 2050/2074/2008 2049/2075/2007 2048/2076/2006
f 2047/2077/2005 2048/2076/2006 2049/2075/2007
f 2052/2078/2010 2048/2076/2006 2047/2077/2005
f 2048/2076/2006 2052/2078/2010 2050/2074/2008
f 2050/2074/2008 2052/2078/2010 2051/2079/2009
f 2052/2078/2010 2055/2080/2013 2053/2081/2011
f 2051/2079/2009 2052/2078/2010 2053/2081/2011
f 2052/2078/2010 2054/2082/2012 2055/2080/2013
f 2056/2083/2014 2053/2081/2011 2055/2080/2013
f 2051/2079/2009 2056/2083/2014 2049/2075/2007
f 2051/2079/2009 2053/2081/2011 2056/2083/2014
f 2050/2074/2008 2051/2079/2009 2049/2075/2007
f 2056/2083/2014 2054/2082/2012 2049/2075/2007
f 2056/2083/2014 2055/2080/2013 2054/2082/2012
f 2054/2082/2012 2047/2077/2005 2049/2075/2007
f 2054/2082/2012 2052/2078/2010 2047/2077/2005
f 2058/2084/2016 2059/2085/2017 2057/2086/2015
f 2058/2084/2016 2072/2087/2030 2059/2085/2017
f 2072/2087/2030 2060/2088/2018 2059/2085/2017
f 2072/2087/2030 2073/2089/2031 2060/2088/2018
f 2060/2088/2018 2062/2090/2020 2059/2085/2017
f 2059/2085/2017 2062/2090/2020 2061/2091/2019
f 2062/2090/2020 2063/2092/2021 2061/2091/2019
f 2057/2086/2015 2061/2091/2019 2065/2093/2023
f 2063/2092/2021 2064/2094/2022 2061/2091/2019
f 2061/2091/2019 2064/2094/2022 2065/2093/2023
f 2068/2095/2026 2066/2096/2024 2065/2093/2023
f 2066/2096/2024 2067/2097/2025 2065/2093/2023
f 2064/2094/2022 2068/2095/2026 2065/2093/2023
f 2069/2098/2027 2057/2086/2015 2065/2093/2023
f 2065/2093/2023 2067/2097/2025 2071/2099/2029
f 2067/2097/2025 2070/2100/2028 2071/2099/2029
f 2065/2093/2023 2071/2099/2029 2069/2098/2027
f 2071/2099/2029 2070/2100/2028 2072/2087/2030
f 2073/2089/2031 2072/2087/2030 2070/2100/2028
f 2072/2087/2030 2058/2084/2016 2071/2099/2029
f 2075/2101/2033 2073/2089/2031 2070/2100/2028
f 2073/2089/2031 2075/2101/2033 2078/2102/2036
f 2078/2102/2036 2075/2101/2033 2076/2103/2034
f 2075/2101/2033 2074/2104/2032 2076/2103/2034
f 2078/2102/2036 2076/2103/2034 2077/2105/2035
f 2077/2105/2035 2068/2095/2026 2064/2094/2022
f 2077/2105/2035 2076/2103/2034 2068/2095/2026
f 2073/2089/2031 2078/2102/2036 2060/2088/2018
f 2060/2088/2018 2078/2102/2036 2062/2090/2020
f 2078/2102/2036 2077/2105/2035 2062/2090/2020
f 2062/2090/2020 2064/2094/2022 2063/2092/2021
f 2062/2090/2020 2077/2105/2035 2064/2094/2022
f 2076/2103/2034 2074/2104/2032 2068/2095/2026
f 2066/2096/2024 2074/2104/2032 2067/2097/2025
f 2068/2095/2026 2074/2104/2032 2066/2096/2024
f 2074/2104/2032 2075/2101/2033 2067/2097/2025
f 2067/2097/2025 2075/2101/2033 2070/2100/2028
f 2069/2098/2027 2071/2099/2029 2058/2084/2016
f 2069/2098/2027 2058/2084/2016 2057/2086/2015
f 2059/2085/2017 2061/2091/2019 2057/2086/2015
f 2096/2106/2054 2080/2107/2038 2079/2108/2037
f 2080/2107/2038 2081/2109/2039 2079/2108/2037
f 2080/2107/2038 2095/2110/2053 2081/2109/2039
f 2095/2110/2053 2082/2111/2040 2081/2109/2039
f 2095/2110/2053 2093/2112/2051 2082/2111/2040
f 2082/2111/2040 2084/2113/2042 2081/2109/2039
f 2081/2109/2039 2084/2113/2042 2083/2114/2041
f 2084/2113/2042 2085/2115/2043 2083/2114/2041
f 2096/2106/2054 2079/2108/2037 2083/2114/2041
f 2083/2114/2041 2085/2115/2043 2096/2106/2054
f 2084/2113/2042 2086/2116/2044 2085/2115/2043
f 2086/2116/2044 2087/2117/2045 2085/2115/2043
f 2085/2115/2043 2087/2117/2045 2096/2106/2054
f 2082/2111/2040 2086/2116/2044 2084/2113/2042
f 2093/2112/2051 2086/2116/2044 2082/2111/2040
f 2086/2116/2044 2088/2118/2046 2087/2117/2045
f 2088/2118/2046 2090/2119/2048 2087/2117/2045
f 2088/2118/2046 2089/2120/2047 2090/2119/2048
f 2086/2116/2044 2089/2120/2047 2088/2118/2046
f 2090/2119/2048 2089/2120/2047 2091/2121/2049
f 2089/2120/2047 2099/2122/2057 2092/2123/2050
f 2089/2120/2047 2092/2123/2050 2091/2121/2049
f 2099/2122/2057 2093/2112/2051 2092/2123/2050
f 2093/2112/2051 2095/2110/2053 2092/2123/2050
f 2091/2121/2049 2092/2123/2050 2094/2124/2052
f 2094/2124/2052 2092/2123/2050 2095/2110/2053
f 2095/2110/2053 2080/2107/2038 2094/2124/2052
f 2096/2106/2054 2094/2124/2052 2080/2107/2038
f 2097/2125/2055 2094/2124/2052 2096/2106/2054
f 2098/2126/2056 2097/2125/2055 2096/2106/2054
f 2098/2126/2056 2091/2121/2049 2094/2124/2052
f 2098/2126/2056 2094/2124/2052 2097/2125/2055
f 2090/2119/2048 2098/2126/2056 2096/2106/2054
f 2090/2119/2048 2091/2121/2049 2098/2126/2056
f 2093/2112/2051 2099/2122/2057 2086/2116/2044
f 2086/2116/2044 2099/2122/2057 2089/2120/2047
f 2087/2117/2045 2090/2119/2048 2096/2106/2054
f 2081/2109/2039 2083/2114/2041 2079/2108/2037
f 2104/2127/2062 2101/2128/2059 2100/2129/2058
f 2101/2128/2059 2102/2130/2060 2100/2129/2058
f 2101/2128/2059 2117/2131/2075 2102/2130/2060
f 2101/2128/2059 2109/2132/2067 2117/2131/2075
f 2102/2130/2060 2103/2133/2061 2100/2129/2058
f 2100/2129/2058 2103/2133/2061 2105/2134/2063
f 2105/2134/2063 2104/2127/2062 2100/2129/2058
f 2105/2134/2063 2106/2135/2064 2104/2127/2062
f 2104/2127/2062 2106/2135/2064 2108/2136/2066
f 2107/2137/2065 2108/2136/2066 2106/2135/2064
f 2104/2127/2062 2108/2136/2066 2101/2128/2059
f 2107/2137/2065 2101/2128/2059 2108/2136/2066
f 2109/2132/2067 2101/2128/2059 2107/2137/2065
f 2111/2138/2069 2109/2132/2067 2110/2139/2068
f 2109/2132/2067 2107/2137/2065 2110/2139/2068
f 2112/2140/2070 2111/2138/2069 2110/2139/2068
f 2113/2141/2071 2111/2138/2069 2112/2140/2070
f 2113/2141/2071 2114/2142/2072 2118/2143/2076
f 2115/2144/2073 2111/2138/2069 2113/2141/2071
f 2113/2141/2071 2112/2140/2070 2114/2142/2072
f 2116/2145/2074 2115/2144/2073 2113/2141/2071
f 2109/2132/2067 2111/2138/2069 2115/2144/2073
f 2117/2131/2075 2115/2144/2073 2103/2133/2061
f 2115/2144/2073 2116/2145/2074 2103/2133/2061
f 2103/2133/2061 2116/2145/2074 2119/2146/2077
f 2116/2145/2074 2118/2143/2076 2119/2146/2077
f 2114/2142/2072 2119/2146/2077 2118/2143/2076
f 2114/2142/2072 2112/2140/2070 2119/2146/2077
f 2119/2146/2077 2112/2140/2070 2120/2147/2078
f 2112/2140/2070 2110/2139/2068 2120/2147/2078
f 2105/2134/2063 2120/2147/2078 2106/2135/2064
f 2119/2146/2077 2120/2147/2078 2105/2134/2063
f 2120/2147/2078 2110/2139/2068 2106/2135/2064
f 2119/2146/2077 2105/2134/2063 2103/2133/2061
f 2116/2145/2074 2113/2141/2071 2118/2143/2076
f 2102/2130/2060 2117/2131/2075 2103/2133/2061
f 2109/2132/2067 2115/2144/2073 2117/2131/2075
f 2106/2135/2064 2110/2139/2068 2107/2137/2065
f 2123/2148/2081 2122/2149/2080 2121/2150/2079
f 2121/2150/2079 2122/2149/2080 2126/2151/2084
f 2126/2151/2084 2123/2148/2081 2121/2150/2079
f 2129/2152/2087 2124/2153/2082 2123/2148/2081
f 2126/2151/2084 2128/2154/2086 2123/2148/2081
f 2129/2152/2087 2123/2148/2081 2128/2154/2086
f 2124/2153/2082 2125/2155/2083 2123/2148/2081
f 2124/2153/2082 2130/2156/2088 2125/2155/2083
f 2123/2148/2081 2125/2155/2083 2122/2149/2080
f 2125/2155/2083 2135/2157/2093 2122/2149/2080
f 2122/2149/2080 2135/2157/2093 2127/2158/2085
f 2127/2158/2085 2126/2151/2084 2122/2149/2080
f 2127/2158/2085 2131/2159/2089 2128/2154/2086
f 2127/2158/2085 2128/2154/2086 2126/2151/2084
f 2131/2159/2089 2129/2152/2087 2128/2154/2086
f 2130/2156/2088 2129/2152/2087 2131/2159/2089
f 2130/2156/2088 2131/2159/2089 2132/2160/2090
f 2130/2156/2088 2124/2153/2082 2129/2152/2087
f 2134/2161/2092 2133/2162/2091 2138/2163/2096
f 2136/2164/2094 2132/2160/2090 2133/2162/2091
f 2136/2164/2094 2133/2162/2091 2134/2161/2092
f 2130/2156/2088 2132/2160/2090 2136/2164/2094
f 2125/2155/2083 2136/2164/2094 2135/2157/2093
f 2130/2156/2088 2136/2164/2094 2125/2155/2083
f 2135/2157/2093 2136/2164/2094 2137/2165/2095
f 2136/2164/2094 2134/2161/2092 2137/2165/2095
f 2134/2161/2092 2138/2163/2096 2137/2165/2095
f 2137/2165/2095 2138/2163/2096 2139/2166/2097
f 2139/2166/2097 2140/2167/2098 2131/2159/2089
f 2140/2167/2098 2132/2160/2090 2131/2159/2089
f 2133/2162/2091 2132/2160/2090 2140/2167/2098
f 2139/2166/2097 2133/2162/2091 2140/2167/2098
f 2138/2163/2096 2133/2162/2091 2139/2166/2097
f 2139/2166/2097 2127/2158/2085 2135/2157/2093
f 2139/2166/2097 2131/2159/2089 2127/2158/2085
f 2135/2157/2093 2137/2165/2095 2139/2166/2097
f 2146/2168/2104 2143/2169/2101 2145/2170/2103
f 2146/2168/2104 2141/2171/2099 2143/2169/2101
f 2145/2170/2103 2143/2169/2101 2142/2172/2100
f 2141/2171/2099 2142/2172/2100 2143/2169/2101
f 2141/2171/2099 2147/2173/2105 2142/2172/2100
f 2142/2172/2100 2144/2174/2102 2145/2170/2103
f 2149/2175/2107 2148/2176/2106 2144/2174/2102
f 2142/2172/2100 2149/2175/2107 2144/2174/2102
f 2148/2176/2106 2146/2168/2104 2144/2174/2102
f 2144/2174/2102 2146/2168/2104 2145/2170/2103
f 2146/2168/2104 2147/2173/2105 2141/2171/2099
f 2146/2168/2104 2148/2176/2106 2147/2173/2105
f 2149/2175/2107 2147/2173/2105 2148/2176/2106
f 2147/2173/2105 2149/2175/2107 2142/2172/2100
f 2156/2177/2114 2151/2178/2109 2158/2179/2116
f 2156/2177/2114 2150/2180/2108 2151/2178/2109
f 2150/2180/2108 2152/2181/2110 2151/2178/2109
f 2151/2178/2109 2152/2181/2110 2158/2179/2116
f 2150/2180/2108 2155/2182/2113 2152/2181/2110
f 2152/2181/2110 2153/2183/2111 2158/2179/2116
f 2153/2183/2111 2154/2184/2112 2157/2185/2115
f 2153/2183/2111 2157/2185/2115 2158/2179/2116
f 2156/2177/2114 2154/2184/2112 2155/2182/2113
f 2153/2183/2111 2155/2182/2113 2154/2184/2112
f 2156/2177/2114 2155/2182/2113 2150/2180/2108
f 2154/2184/2112 2156/2177/2114 2157/2185/2115
f 2157/2185/2115 2156/2177/2114 2158/2179/2116
f 2155/2182/2113 2153/2183/2111 2152/2181/2110
f 2160/2186/2118 2171/2187/2129 2159/2188/2117
f 2159/2188/2117 2161/2189/2119 2160/2186/2118
f 2171/2187/2129 2161/2189/2119 2159/2188/2117
f 2171/2187/2129 2162/2190/2120 2161/2189/2119
f 2161/2189/2119 2162/2190/2120 2163/2191/2121
f 2161/2189/2119 2163/2191/2121 2160/2186/2118
f 2162/2190/2120 2169/2192/2127 2163/2191/2121
f 2169/2192/2127 2164/2193/2122 2163/2191/2121
f 2163/2191/2121 2164/2193/2122 2160/2186/2118
f 2169/2192/2127 2165/2194/2123 2164/2193/2122
f 2164/2193/2122 2166/2195/2124 2160/2186/2118
f 2164/2193/2122 2165/2194/2123 2166/2195/2124
f 2166/2195/2124 2165/2194/2123 2167/2196/2125
f 2166/2195/2124 2167/2196/2125 2170/2197/2128
f 2166/2195/2124 2170/2197/2128 2160/2186/2118
f 2165/2194/2123 2168/2198/2126 2167/2196/2125
f 2167/2196/2125 2168/2198/2126 2171/2187/2129
f 2169/2192/2127 2168/2198/2126 2165/2194/2123
f 2171/2187/2129 2168/2198/2126 2169/2192/2127
f 2171/2187/2129 2169/2192/2127 2162/2190/2120
f 2167/2196/2125 2171/2187/2129 2170/2197/2128
f 2172/2199/2130 2171/2187/2129 2160/2186/2118
f 2170/2197/2128 2171/2187/2129 2172/2199/2130
f 2170/2197/2128 2172/2199/2130 2160/2186/2118
usemtl マテリアル.006
f 2173/2200/2131 2174/2201/2132 2175/2202/2133
f 2173/2203/2131 2177/2204/2135 2174/2205/2132
f 2173/2206/2131 2175/2207/2133 2176/2208/2134
f 2173/2209/2131 2176/2210/2134 2178/2211/2136
f 2177/2212/2135 2173/2213/2131 2178/2214/2136
f 2181/2215/2139 2178/2214/2136 2179/2216/2137
f 2178/2211/2136 2180/2217/2138 2179/2216/2137
f 2178/2211/2136 2176/2210/2134 2180/2217/2138
f 2181/2215/2139 2177/2212/2135 2178/2214/2136
f 2182/2218/2140 2181/2215/2139 2183/2219/2141
f 2182/2218/2140 2177/2212/2135 2181/2215/2139
f 2181/2215/2139 2179/2216/2137 2184/2220/2142
f 2183/2219/2141 2181/2215/2139 2184/2220/2142
f 2183/2219/2141 2184/2220/2142 2185/2221/2143
f 2184/2220/2142 2186/2222/2144 2185/2221/2143
f 2179/2216/2137 2187/2223/2145 2184/2220/2142
f 2184/2220/2142 2187/2223/2145 2186/2222/2144
f 2179/2216/2137 2180/2217/2138 2187/2223/2145
f 2187/2223/2145 2189/2224/2147 2188/2225/2146
f 2187/2223/2145 2188/2225/2146 2186/2222/2144
f 2187/2223/2145 2180/2217/2138 2189/2224/2147
f 2189/2224/2147 2191/2226/2149 2188/2225/2146
f 2180/2217/2138 2190/2227/2148 2189/2224/2147
f 2190/2227/2148 2192/2228/2150 2189/2224/2147
f 2189/2224/2147 2192/2228/2150 2191/2226/2149
f 2190/2227/2148 2195/2229/2153 2192/2228/2150
f 2192/2228/2150 2194/2230/2152 2193/2231/2151
f 2192/2228/2150 2193/2231/2151 2191/2226/2149
f 2192/2228/2150 2195/2229/2153 2194/2230/2152
f 2176/2208/2134 2195/2229/2153 2190/2227/2148
f 2175/2207/2133 2196/2232/2154 2195/2229/2153
f 2195/2229/2153 2196/2232/2154 2194/2230/2152
f 2176/2208/2134 2175/2207/2133 2195/2229/2153
f 2175/2202/2133 2197/2233/2155 2196/2232/2154
f 2196/2232/2154 2197/2233/2155 2198/2234/2156
f 2196/2232/2154 2198/2234/2156 2194/2230/2152
f 2198/2234/2156 2201/2235/2159 2199/2236/2157
f 2198/2234/2156 2199/2236/2157 2200/2237/2158
f 2194/2230/2152 2198/2234/2156 2200/2237/2158
f 2198/2234/2156 2197/2233/2155 2201/2235/2159
f 2201/2238/2159 2203/2239/2161 2199/2240/2157
f 2197/2233/2155 2202/2241/2160 2201/2235/2159
f 2202/2242/2160 2204/2243/2162 2201/2238/2159
f 2201/2238/2159 2204/2243/2162 2203/2239/2161
f 2202/2242/2160 2207/2244/2165 2204/2243/2162
f 2204/2243/2162 2206/2245/2164 2205/2246/2163
f 2204/2243/2162 2205/2246/2163 2203/2239/2161
f 2204/2243/2162 2207/2244/2165 2206/2245/2164
f 2174/2205/2132 2207/2244/2165 2202/2242/2160
f 2177/2204/2135 2182/2218/2140 2207/2244/2165
f 2207/2244/2165 2182/2218/2140 2206/2245/2164
f 2174/2205/2132 2177/2204/2135 2207/2244/2165
f 2206/2245/2164 2208/2247/2166 2205/2246/2163
f 2182/2218/2140 2183/2219/2141 2206/2245/2164
f 2206/2245/2164 2183/2219/2141 2208/2247/2166
f 2205/2246/2163 2208/2247/2166 2209/2248/2167
f 2183/2219/2141 2185/2221/2143 2208/2247/2166
f 2208/2247/2166 2185/2221/2143 2210/2249/2168
f 2209/2248/2167 2208/2247/2166 2210/2249/2168
f 2209/2248/2167 2210/2249/2168 2211/2250/3
f 2210/2251/2168 2212/2252/2169 2211/2253/3
f 2185/2221/2143 2186/2222/2144 2210/2251/2168
f 2210/2251/2168 2186/2222/2144 2212/2252/2169
f 2186/2222/2144 2188/2225/2146 2212/2252/2169
f 2188/2225/2146 2191/2226/2149 2212/2254/2169
f 2212/2254/2169 2213/2255/2170 2211/2256/3
f 2212/2254/2169 2191/2226/2149 2213/2255/2170
f 2191/2226/2149 2193/2231/2151 2213/2255/2170
f 2193/2231/2151 2200/2237/2158 2213/2257/2170
f 2213/2257/2170 2214/2258/2171 2211/2259/3
f 2213/2257/2170 2200/2237/2158 2214/2258/2171
f 2200/2237/2158 2199/2236/2157 2214/2258/2171
f 2199/2240/2157 2203/2239/2161 2214/2260/2171
f 2214/2260/2171 2209/2261/2167 2211/2262/3
f 2214/2260/2171 2203/2239/2161 2209/2261/2167
f 2203/2239/2161 2205/2246/2163 2209/2261/2167
f 2174/2201/2132 2202/2241/2160 2197/2233/2155
f 2194/2230/2152 2200/2237/2158 2193/2231/2151
f 2175/2202/2133 2174/2201/2132 2197/2233/2155
f 2176/2210/2134 2190/2227/2148 2180/2217/2138
f 2215/2263/2131 2216/2264/2132 2217/2265/2133
f 2215/2266/2131 2219/2267/2135 2216/2268/2132
f 2215/2269/2131 2217/2270/2133 2218/2271/2134
f 2215/2272/2131 2218/2273/2134 2220/2274/2136
f 2219/2275/2135 2215/2276/2131 2220/2277/2136
f 2223/2278/2139 2220/2277/2136 2221/2279/2137
f 2220/2274/2136 2222/2280/2138 2221/2279/2137
f 2220/2274/2136 2218/2273/2134 2222/2280/2138
f 2223/2278/2139 2219/2275/2135 2220/2277/2136
f 2224/2281/2140 2223/2278/2139 2225/2282/2141
f 2224/2281/2140 2219/2275/2135 2223/2278/2139
f 2223/2278/2139 2221/2279/2137 2226/2283/2142
f 2225/2282/2141 2223/2278/2139 2226/2283/2142
f 2225/2282/2141 2226/2283/2142 2227/2284/2143
f 2226/2283/2142 2228/2285/2144 2227/2284/2143
f 2221/2279/2137 2229/2286/2145 2226/2283/2142
f 2226/2283/2142 2229/2286/2145 2228/2285/2144
f 2221/2279/2137 2222/2280/2138 2229/2286/2145
f 2229/2286/2145 2231/2287/2147 2230/2288/2146
f 2229/2286/2145 2230/2288/2146 2228/2285/2144
f 2229/2286/2145 2222/2280/2138 2231/2287/2147
f 2231/2287/2147 2233/2289/2149 2230/2288/2146
f 2222/2280/2138 2232/2290/2148 2231/2287/2147
f 2232/2290/2148 2234/2291/2150 2231/2287/2147
f 2231/2287/2147 2234/2291/2150 2233/2289/2149
f 2232/2290/2148 2237/2292/2153 2234/2291/2150
f 2234/2291/2150 2236/2293/2152 2235/2294/2151
f 2234/2291/2150 2235/2294/2151 2233/2289/2149
f 2234/2291/2150 2237/2292/2153 2236/2293/2152
f 2218/2271/2134 2237/2292/2153 2232/2290/2148
f 2217/2270/2133 2238/2295/2154 2237/2292/2153
f 2237/2292/2153 2238/2295/2154 2236/2293/2152
f 2218/2271/2134 2217/2270/2133 2237/2292/2153
f 2217/2265/2133 2239/2296/2155 2238/2295/2154
f 2238/2295/2154 2239/2296/2155 2240/2297/2156
f 2238/2295/2154 2240/2297/2156 2236/2293/2152
f 2240/2297/2156 2243/2298/2159 2241/2299/2157
f 2240/2297/2156 2241/2299/2157 2242/2300/2172
f 2236/2293/2152 2240/2297/2156 2242/2300/2172
f 2240/2297/2156 2239/2296/2155 2243/2298/2159
f 2243/2301/2159 2245/2302/2161 2241/2303/2157
f 2239/2296/2155 2244/2304/2160 2243/2298/2159
f 2244/2305/2160 2246/2306/2162 2243/2301/2159
f 2243/2301/2159 2246/2306/2162 2245/2302/2161
f 2244/2305/2160 2249/2307/2165 2246/2306/2162
f 2246/2306/2162 2248/2308/2164 2247/2309/2163
f 2246/2306/2162 2247/2309/2163 2245/2302/2161
f 2246/2306/2162 2249/2307/2165 2248/2308/2164
f 2216/2268/2132 2249/2307/2165 2244/2305/2160
f 2219/2267/2135 2224/2281/2140 2249/2307/2165
f 2249/2307/2165 2224/2281/2140 2248/2308/2164
f 2216/2268/2132 2219/2267/2135 2249/2307/2165
f 2248/2308/2164 2250/2310/2166 2247/2309/2163
f 2224/2281/2140 2225/2282/2141 2248/2308/2164
f 2248/2308/2164 2225/2282/2141 2250/2310/2166
f 2247/2309/2163 2250/2310/2166 2251/2311/2167
f 2225/2282/2141 2227/2284/2143 2250/2310/2166
f 2250/2310/2166 2227/2284/2143 2252/2312/2168
f 2251/2311/2167 2250/2310/2166 2252/2312/2168
f 2251/2311/2167 2252/2312/2168 2253/2313/3
f 2252/2314/2168 2254/2315/2169 2253/2316/3
f 2227/2284/2143 2228/2285/2144 2252/2314/2168
f 2252/2314/2168 2228/2285/2144 2254/2315/2169
f 2228/2285/2144 2230/2288/2146 2254/2315/2169
f 2230/2288/2146 2233/2289/2149 2254/2317/2169
f 2254/2317/2169 2255/2318/2170 2253/2319/3
f 2254/2317/2169 2233/2289/2149 2255/2318/2170
f 2233/2289/2149 2235/2294/2151 2255/2318/2170
f 2235/2294/2151 2242/2300/2172 2255/2320/2170
f 2255/2320/2170 2256/2321/2171 2253/2322/3
f 2255/2320/2170 2242/2300/2172 2256/2321/2171
f 2242/2300/2172 2241/2299/2157 2256/2321/2171
f 2241/2303/2157 2245/2302/2161 2256/2323/2171
f 2256/2323/2171 2251/2324/2167 2253/2325/3
f 2256/2323/2171 2245/2302/2161 2251/2324/2167
f 2245/2302/2161 2247/2309/2163 2251/2324/2167
f 2216/2264/2132 2244/2304/2160 2239/2296/2155
f 2236/2293/2152 2242/2300/2172 2235/2294/2151
f 2217/2265/2133 2216/2264/2132 2239/2296/2155
f 2218/2273/2134 2232/2290/2148 2222/2280/2138
usemtl マテリアル
f 2257/2326/2131 2258/2327/2173 2259/2328/2174
f 2257/2329/2131 2261/2330/2176 2258/2331/2173
f 2257/2332/2131 2259/2333/2174 2260/2334/2175
f 2257/2335/2131 2260/2336/2175 2262/2337/2177
f 2261/2338/2176 2257/2339/2131 2262/2340/2177
f 2265/2341/2180 2262/2340/2177 2263/2342/2178
f 2262/2337/2177 2264/2343/2179 2263/2342/2178
f 2262/2337/2177 2260/2336/2175 2264/2343/2179
f 2265/2341/2180 2261/2338/2176 2262/2340/2177
f 2266/2344/2181 2265/2341/2180 2267/2345/2182
f 2266/2344/2181 2261/2338/2176 2265/2341/2180
f 2265/2341/2180 2263/2342/2178 2268/2346/2183
f 2267/2345/2182 2265/2341/2180 2268/2346/2183
f 2267/2345/2182 2268/2346/2183 2269/2347/2184
f 2268/2346/2183 2270/2348/2185 2269/2347/2184
f 2263/2342/2178 2271/2349/2186 2268/2346/2183
f 2268/2346/2183 2271/2349/2186 2270/2348/2185
f 2263/2342/2178 2264/2343/2179 2271/2349/2186
f 2271/2349/2186 2273/2350/2147 2272/2351/2187
f 2271/2349/2186 2272/2351/2187 2270/2348/2185
f 2271/2349/2186 2264/2343/2179 2273/2350/2147
f 2273/2350/2147 2275/2352/2189 2272/2351/2187
f 2264/2343/2179 2274/2353/2188 2273/2350/2147
f 2274/2353/2188 2276/2354/2190 2273/2350/2147
f 2273/2350/2147 2276/2354/2190 2275/2352/2189
f 2274/2353/2188 2279/2355/2193 2276/2354/2190
f 2276/2354/2190 2278/2356/2192 2277/2357/2191
f 2276/2354/2190 2277/2357/2191 2275/2352/2189
f 2276/2354/2190 2279/2355/2193 2278/2356/2192
f 2260/2334/2175 2279/2355/2193 2274/2353/2188
f 2259/2333/2174 2280/2358/2194 2279/2355/2193
f 2279/2355/2193 2280/2358/2194 2278/2356/2192
f 2260/2334/2175 2259/2333/2174 2279/2355/2193
f 2259/2328/2174 2281/2359/2195 2280/2358/2194
f 2280/2358/2194 2281/2359/2195 2282/2360/2196
f 2280/2358/2194 2282/2360/2196 2278/2356/2192
f 2282/2360/2196 2285/2361/2199 2283/2362/2197
f 2282/2360/2196 2283/2362/2197 2284/2363/2198
f 2278/2356/2192 2282/2360/2196 2284/2363/2198
f 2282/2360/2196 2281/2359/2195 2285/2361/2199
f 2285/2364/2199 2287/2365/2201 2283/2366/2197
f 2281/2359/2195 2286/2367/2200 2285/2361/2199
f 2286/2368/2200 2288/2369/2162 2285/2364/2199
f 2285/2364/2199 2288/2369/2162 2287/2365/2201
f 2286/2368/2200 2291/2370/2204 2288/2369/2162
f 2288/2369/2162 2290/2371/2203 2289/2372/2202
f 2288/2369/2162 2289/2372/2202 2287/2365/2201
f 2288/2369/2162 2291/2370/2204 2290/2371/2203
f 2258/2331/2173 2291/2370/2204 2286/2368/2200
f 2261/2330/2176 2266/2344/2181 2291/2370/2204
f 2291/2370/2204 2266/2344/2181 2290/2371/2203
f 2258/2331/2173 2261/2330/2176 2291/2370/2204
f 2290/2371/2203 2292/2373/2205 2289/2372/2202
f 2266/2344/2181 2267/2345/2182 2290/2371/2203
f 2290/2371/2203 2267/2345/2182 2292/2373/2205
f 2289/2372/2202 2292/2373/2205 2293/2374/2206
f 2267/2345/2182 2269/2347/2184 2292/2373/2205
f 2292/2373/2205 2269/2347/2184 2294/2375/2207
f 2293/2374/2206 2292/2373/2205 2294/2375/2207
f 2293/2374/2206 2294/2375/2207 2295/2376/3
f 2294/2377/2207 2296/2378/2208 2295/2379/3
f 2269/2347/2184 2270/2348/2185 2294/2377/2207
f 2294/2377/2207 2270/2348/2185 2296/2378/2208
f 2270/2348/2185 2272/2351/2187 2296/2378/2208
f 2272/2351/2187 2275/2352/2189 2296/2380/2208
f 2296/2380/2208 2297/2381/2209 2295/2382/3
f 2296/2380/2208 2275/2352/2189 2297/2381/2209
f 2275/2352/2189 2277/2357/2191 2297/2381/2209
f 2277/2357/2191 2284/2363/2198 2297/2383/2209
f 2297/2383/2209 2298/2384/2210 2295/2385/3
f 2297/2383/2209 2284/2363/2198 2298/2384/2210
f 2284/2363/2198 2283/2362/2197 2298/2384/2210
f 2283/2366/2197 2287/2365/2201 2298/2386/2210
f 2298/2386/2210 2293/2387/2206 2295/2388/3
f 2298/2386/2210 2287/2365/2201 2293/2387/2206
f 2287/2365/2201 2289/2372/2202 2293/2387/2206
f 2258/2327/2173 2286/2367/2200 2281/2359/2195
f 2278/2356/2192 2284/2363/2198 2277/2357/2191
f 2259/2328/2174 2258/2327/2173 2281/2359/2195
f 2260/2336/2175 2274/2353/2188 2264/2343/2179
f 2299/2389/2131 2300/2390/2173 2301/2391/2174
f 2299/2392/2131 2303/2393/2212 2300/2394/2173
f 2299/2395/2131 2301/2396/2174 2302/2397/2211
f 2299/2398/2131 2302/2399/2211 2304/2400/2213
f 2303/2401/2212 2299/2402/2131 2304/2403/2213
f 2307/2404/2180 2304/2403/2213 2305/2405/2178
f 2304/2400/2213 2306/2406/2179 2305/2405/2178
f 2304/2400/2213 2302/2399/2211 2306/2406/2179
f 2307/2404/2180 2303/2401/2212 2304/2403/2213
f 2308/2407/2181 2307/2404/2180 2309/2408/2182
f 2308/2407/2181 2303/2401/2212 2307/2404/2180
f 2307/2404/2180 2305/2405/2178 2310/2409/2183
f 2309/2408/2182 2307/2404/2180 2310/2409/2183
f 2309/2408/2182 2310/2409/2183 2311/2410/2184
f 2310/2409/2183 2312/2411/2185 2311/2410/2184
f 2305/2405/2178 2313/2412/2186 2310/2409/2183
f 2310/2409/2183 2313/2412/2186 2312/2411/2185
f 2305/2405/2178 2306/2406/2179 2313/2412/2186
f 2313/2412/2186 2315/2413/2147 2314/2414/2187
f 2313/2412/2186 2314/2414/2187 2312/2411/2185
f 2313/2412/2186 2306/2406/2179 2315/2413/2147
f 2315/2413/2147 2317/2415/2189 2314/2414/2187
f 2306/2406/2179 2316/2416/2188 2315/2413/2147
f 2316/2416/2188 2318/2417/2190 2315/2413/2147
f 2315/2413/2147 2318/2417/2190 2317/2415/2189
f 2316/2416/2188 2321/2418/2193 2318/2417/2190
f 2318/2417/2190 2320/2419/2192 2319/2420/2191
f 2318/2417/2190 2319/2420/2191 2317/2415/2189
f 2318/2417/2190 2321/2418/2193 2320/2419/2192
f 2302/2397/2211 2321/2418/2193 2316/2416/2188
f 2301/2396/2174 2322/2421/2194 2321/2418/2193
f 2321/2418/2193 2322/2421/2194 2320/2419/2192
f 2302/2397/2211 2301/2396/2174 2321/2418/2193
f 2301/2391/2174 2323/2422/2195 2322/2421/2194
f 2322/2421/2194 2323/2422/2195 2324/2423/2196
f 2322/2421/2194 2324/2423/2196 2320/2419/2192
f 2324/2423/2196 2327/2424/2199 2325/2425/2197
f 2324/2423/2196 2325/2425/2197 2326/2426/2198
f 2320/2419/2192 2324/2423/2196 2326/2426/2198
f 2324/2423/2196 2323/2422/2195 2327/2424/2199
f 2327/2427/2199 2329/2428/2201 2325/2429/2197
f 2323/2422/2195 2328/2430/2200 2327/2424/2199
f 2328/2431/2200 2330/2432/2162 2327/2427/2199
f 2327/2427/2199 2330/2432/2162 2329/2428/2201
f 2328/2431/2200 2333/2433/2204 2330/2432/2162
f 2330/2432/2162 2332/2434/2203 2331/2435/2202
f 2330/2432/2162 2331/2435/2202 2329/2428/2201
f 2330/2432/2162 2333/2433/2204 2332/2434/2203
f 2300/2394/2173 2333/2433/2204 2328/2431/2200
f 2303/2393/2212 2308/2407/2181 2333/2433/2204
f 2333/2433/2204 2308/2407/2181 2332/2434/2203
f 2300/2394/2173 2303/2393/2212 2333/2433/2204
f 2332/2434/2203 2334/2436/2205 2331/2435/2202
f 2308/2407/2181 2309/2408/2182 2332/2434/2203
f 2332/2434/2203 2309/2408/2182 2334/2436/2205
f 2331/2435/2202 2334/2436/2205 2335/2437/2206
f 2309/2408/2182 2311/2410/2184 2334/2436/2205
f 2334/2436/2205 2311/2410/2184 2336/2438/2207
f 2335/2437/2206 2334/2436/2205 2336/2438/2207
f 2335/2437/2206 2336/2438/2207 2337/2439/3
f 2336/2440/2207 2338/2441/2208 2337/2442/3
f 2311/2410/2184 2312/2411/2185 2336/2440/2207
f 2336/2440/2207 2312/2411/2185 2338/2441/2208
f 2312/2411/2185 2314/2414/2187 2338/2441/2208
f 2314/2414/2187 2317/2415/2189 2338/2443/2208
f 2338/2443/2208 2339/2444/2214 2337/2445/3
f 2338/2443/2208 2317/2415/2189 2339/2444/2214
f 2317/2415/2189 2319/2420/2191 2339/2444/2214
f 2319/2420/2191 2326/2426/2198 2339/2446/2214
f 2339/2446/2214 2340/2447/2215 2337/2448/3
f 2339/2446/2214 2326/2426/2198 2340/2447/2215
f 2326/2426/2198 2325/2425/2197 2340/2447/2215
f 2325/2429/2197 2329/2428/2201 2340/2449/2215
f 2340/2449/2215 2335/2450/2206 2337/2451/3
f 2340/2449/2215 2329/2428/2201 2335/2450/2206
f 2329/2428/2201 2331/2435/2202 2335/2450/2206
f 2300/2390/2173 2328/2430/2200 2323/2422/2195
f 2320/2419/2192 2326/2426/2198 2319/2420/2191
f 2301/2391/2174 2300/2390/2173 2323/2422/2195
f 2302/2399/2211 2316/2416/2188 2306/2406/2179
f 2344/2452/2219 2342/2453/2217 2341/2454/2216
f 2342/2455/2217 2343/2456/2218 2341/2457/2216
f 2341/2458/2216 2343/2459/2218 2344/2460/2219
f 2347/2461/2222 2348/2462/2223 2344/2460/2219
f 2348/2462/2223 2345/2463/2220 2344/2460/2219
f 2344/2460/2219 2345/2463/2220 2346/2464/2221
f 2347/2461/2222 2344/2460/2219 2343/2459/2218
f 2350/2465/2225 2348/2466/2223 2347/2467/2222
f 2350/2465/2225 2347/2467/2222 2343/2456/2218
f 2349/2468/2224 2350/2465/2225 2343/2456/2218
f 2342/2453/2217 2351/2469/2226 2349/2453/2224
f 2354/2470/2229 2349/2453/2224 2351/2469/2226
f 2350/2465/2225 2349/2468/2224 2352/2471/2227
f 2349/2468/2224 2354/2472/2229 2352/2471/2227
f 2353/2473/2228 2352/2471/2227 2354/2472/2229
f 2353/2473/2228 2355/2474/2230 2352/2471/2227
f 2356/2475/2231 2355/2474/2230 2353/2473/2228
f 2357/2476/2232 2356/2475/2231 2353/2473/2228
f 2357/2477/2232 2358/2478/2233 2359/2478/2234
f 2358/2478/2233 2357/2477/2232 2353/2479/2228
f 2357/2477/2232 2359/2478/2234 2356/2477/2231
f 2360/2480/2235 2359/2481/2234 2361/2482/2236
f 2360/2483/2235 2356/2477/2231 2359/2478/2234
f 2358/2484/2233 2361/2482/2236 2359/2481/2234
f 2364/2485/2239 2360/2486/2235 2362/2486/2237
f 2356/2475/2231 2360/2486/2235 2363/2487/2238
f 2364/2485/2239 2363/2487/2238 2360/2486/2235
f 2365/2488/2240 2364/2485/2239 2362/2486/2237
f 2365/2488/2240 2362/2486/2237 2366/2489/2241
f 2365/2488/2240 2367/2490/2242 2364/2485/2239
f 2365/2488/2240 2420/2491/2295 2370/2492/2245
f 2420/2493/2295 2365/2494/2240 2368/2495/2243
f 2366/2494/2241 2368/2495/2243 2365/2494/2240
f 2365/2488/2240 2370/2492/2245 2369/2496/2244
f 2367/2490/2242 2365/2488/2240 2369/2496/2244
f 2374/2497/2249 2370/2498/2245 2373/2498/2248
f 2374/2497/2249 2371/2497/2246 2370/2498/2245
f 2375/2499/2250 2370/2498/2245 2371/2497/2246
f 2372/2500/2247 2370/2492/2245 2420/2491/2295
f 2372/2500/2247 2373/2501/2248 2370/2492/2245
f 2375/2499/2250 2369/2502/2244 2370/2498/2245
f 2377/2502/2252 2369/2502/2244 2375/2499/2250
f 2378/2503/2253 2375/2504/2250 2368/2505/2243
f 2371/2506/2246 2368/2505/2243 2375/2504/2250
f 2378/2503/2253 2376/2507/2251 2375/2504/2250
f 2377/2502/2252 2375/2499/2250 2376/2499/2251
f 2366/2494/2241 2378/2495/2253 2368/2495/2243
f 2378/2495/2253 2366/2494/2241 2362/2508/2237
f 2380/2509/2255 2376/2507/2251 2378/2503/2253
f 2378/2495/2253 2362/2508/2237 2379/2510/2254
f 2380/2509/2255 2378/2503/2253 2379/2480/2254
f 2380/2511/2255 2381/2511/2256 2363/2512/2238
f 2379/2480/2254 2381/2513/2256 2380/2509/2255
f 2376/2499/2251 2380/2511/2255 2382/2512/2257
f 2380/2511/2255 2363/2512/2238 2382/2512/2257
f 2369/2496/2244 2377/2514/2252 2382/2515/2257
f 2376/2499/2251 2382/2512/2257 2377/2502/2252
f 2367/2490/2242 2369/2496/2244 2382/2515/2257
f 2364/2485/2239 2382/2515/2257 2363/2487/2238
f 2367/2490/2242 2382/2515/2257 2364/2485/2239
f 2360/2480/2235 2361/2482/2236 2381/2513/2256
f 2361/2516/2236 2363/2512/2238 2381/2511/2256
f 2379/2480/2254 2360/2480/2235 2381/2513/2256
f 2362/2508/2237 2360/2483/2235 2379/2510/2254
f 2383/2517/2258 2371/2506/2246 2374/2518/2249
f 2374/2497/2249 2373/2498/2248 2385/2519/2260
f 2383/2517/2258 2374/2518/2249 2384/2520/2259
f 2374/2497/2249 2385/2519/2260 2384/2521/2259
f 2385/2519/2260 2387/2521/2262 2384/2521/2259
f 2386/2522/2261 2385/2523/2260 2373/2501/2248
f 2385/2519/2260 2386/2519/2261 2387/2521/2262
f 2387/2521/2262 2386/2519/2261 2390/2524/2265
f 2384/2520/2259 2387/2525/2262 2388/2526/2263
f 2389/2527/2264 2388/2526/2263 2387/2525/2262
f 2391/2528/2266 2389/2527/2264 2387/2525/2262
f 2387/2521/2262 2390/2524/2265 2391/2529/2266
f 2392/2529/2267 2391/2529/2266 2390/2524/2265
f 2393/2530/2268 2391/2528/2266 2392/2531/2267
f 2393/2530/2268 2389/2527/2264 2391/2528/2266
f 2393/2530/2268 2395/2532/2270 2394/2533/2269
f 2393/2530/2268 2392/2531/2267 2395/2532/2270
f 2396/2534/2271 2397/2535/2272 2395/2535/2270
f 2392/2529/2267 2396/2534/2271 2395/2535/2270
f 2394/2533/2269 2395/2532/2270 2397/2532/2272
f 2397/2535/2272 2398/2534/2273 2400/2536/2275
f 2396/2534/2271 2398/2534/2273 2397/2535/2272
f 2401/2537/2276 2399/2538/2274 2397/2532/2272
f 2394/2533/2269 2397/2532/2272 2399/2538/2274
f 2397/2535/2272 2400/2536/2275 2401/2539/2276
f 2404/2536/2279 2401/2539/2276 2400/2536/2275
f 2402/2540/2277 2403/2541/2278 2401/2537/2276
f 2404/2536/2279 2402/2539/2277 2401/2539/2276
f 2401/2537/2276 2403/2541/2278 2399/2538/2274
f 2402/2539/2277 2404/2536/2279 2405/2542/2280
f 2405/2542/2280 2404/2543/2279 2406/2544/2281
f 2408/2545/2283 2406/2544/2281 2407/2546/2282
f 2406/2544/2281 2411/2547/2286 2407/2546/2282
f 2406/2544/2281 2404/2543/2279 2411/2547/2286
f 2408/2545/2283 2405/2542/2280 2406/2544/2281
f 2402/2540/2277 2405/2542/2280 2408/2545/2283
f 2409/2541/2284 2402/2540/2277 2408/2545/2283
f 2408/2545/2283 2407/2546/2282 2410/2548/2285
f 2407/2546/2282 2409/2549/2284 2410/2548/2285
f 2407/2546/2282 2411/2547/2286 2409/2549/2284
f 2411/2547/2286 2403/2549/2278 2409/2549/2284
f 2408/2545/2283 2410/2548/2285 2409/2550/2284
f 2413/2551/2288 2403/2549/2278 2400/2552/2275
f 2403/2553/2278 2413/2554/2288 2399/2555/2274
f 2411/2547/2286 2400/2552/2275 2403/2549/2278
f 2412/2554/2287 2399/2555/2274 2413/2554/2288
f 2413/2551/2288 2400/2552/2275 2398/2556/2273
f 2398/2556/2273 2414/2557/2289 2413/2551/2288
f 2413/2551/2288 2414/2557/2289 2393/2558/2268
f 2414/2557/2289 2389/2558/2264 2393/2558/2268
f 2414/2557/2289 2390/2559/2265 2389/2558/2264
f 2416/2560/2291 2389/2558/2264 2390/2559/2265
f 2389/2561/2264 2416/2562/2291 2388/2563/2263
f 2415/2562/2290 2388/2563/2263 2416/2562/2291
f 2416/2560/2291 2390/2559/2265 2386/2522/2261
f 2417/2564/2292 2416/2560/2291 2386/2522/2261
f 2417/2564/2292 2386/2522/2261 2373/2501/2248
f 2417/2564/2292 2372/2500/2247 2416/2560/2291
f 2417/2564/2292 2373/2501/2248 2372/2500/2247
f 2416/2560/2291 2418/2491/2293 2415/2565/2290
f 2416/2560/2291 2372/2500/2247 2418/2491/2293
f 2418/2566/2293 2420/2493/2295 2383/2567/2258
f 2419/2563/2294 2418/2566/2293 2383/2567/2258
f 2419/2563/2294 2415/2562/2290 2418/2566/2293
f 2372/2500/2247 2420/2491/2295 2418/2491/2293
f 2371/2506/2246 2420/2568/2295 2368/2505/2243
f 2383/2517/2258 2420/2568/2295 2371/2506/2246
f 2415/2562/2290 2419/2563/2294 2388/2563/2263
f 2384/2520/2259 2388/2526/2263 2419/2569/2294
f 2383/2517/2258 2384/2520/2259 2419/2569/2294
f 2398/2556/2273 2421/2570/2296 2414/2557/2289
f 2414/2557/2289 2421/2570/2296 2390/2559/2265
f 2396/2571/2271 2421/2570/2296 2398/2556/2273
f 2392/2529/2267 2421/2524/2296 2396/2534/2271
f 2392/2529/2267 2390/2524/2265 2421/2524/2296
f 2413/2551/2288 2393/2558/2268 2412/2572/2287
f 2412/2554/2287 2394/2555/2269 2399/2555/2274
f 2394/2555/2269 2412/2554/2287 2393/2573/2268
f 2402/2540/2277 2409/2541/2284 2403/2541/2278
f 2411/2547/2286 2404/2543/2279 2400/2552/2275
f 2361/2516/2236 2422/2574/2297 2363/2512/2238
f 2356/2475/2231 2363/2487/2238 2422/2575/2297
f 2423/2574/2298 2422/2574/2297 2361/2516/2236
f 2356/2475/2231 2422/2575/2297 2355/2474/2230
f 2355/2474/2230 2424/2576/2299 2352/2471/2227
f 2422/2575/2297 2424/2576/2299 2355/2474/2230
f 2424/2577/2299 2426/2578/2301 2352/2579/2227
f 2422/2575/2297 2423/2580/2298 2424/2576/2299
f 2425/2516/2300 2424/2577/2299 2423/2574/2298
f 2428/2581/2303 2426/2582/2301 2424/2583/2299
f 2427/2584/2302 2352/2579/2227 2426/2578/2301
f 2428/2581/2303 2354/2585/2229 2426/2582/2301
f 2354/2585/2229 2427/2586/2302 2426/2582/2301
f 2353/2479/2228 2354/2470/2229 2428/2587/2303
f 2358/2478/2233 2353/2479/2228 2428/2587/2303
f 2424/2583/2299 2358/2484/2233 2428/2581/2303
f 2345/2588/2220 2350/2589/2225 2427/2584/2302
f 2427/2584/2302 2350/2589/2225 2352/2579/2227
f 2345/2463/2220 2427/2586/2302 2351/2590/2226
f 2354/2585/2229 2351/2590/2226 2427/2586/2302
f 2350/2465/2225 2345/2591/2220 2348/2466/2223
f 2423/2574/2298 2361/2516/2236 2425/2516/2300
f 2424/2583/2299 2425/2482/2300 2358/2484/2233
f 2358/2484/2233 2425/2482/2300 2361/2482/2236
f 2342/2453/2217 2346/2469/2221 2351/2469/2226
f 2345/2463/2220 2351/2590/2226 2346/2464/2221
f 2342/2455/2217 2349/2468/2224 2343/2456/2218
f 2344/2452/2219 2346/2469/2221 2342/2453/2217
f 2432/2592/2307 2429/2593/2304 2430/2594/2305
f 2430/2595/2305 2429/2596/2304 2431/2597/2306
f 2429/2598/2304 2432/2599/2307 2431/2600/2306
f 2432/2599/2307 2436/2601/2311 2435/2602/2310
f 2433/2603/2308 2436/2601/2311 2432/2599/2307
f 2434/2604/2309 2433/2603/2308 2432/2599/2307
f 2432/2599/2307 2435/2602/2310 2431/2600/2306
f 2437/2605/2312 2435/2606/2310 2436/2607/2311
f 2437/2605/2312 2431/2597/2306 2435/2606/2310
f 2438/2608/2313 2431/2597/2306 2437/2605/2312
f 2430/2594/2305 2438/2594/2313 2439/2609/2314
f 2439/2609/2314 2438/2594/2313 2442/2610/2317
f 2437/2605/2312 2440/2611/2315 2438/2608/2313
f 2438/2608/2313 2440/2611/2315 2442/2612/2317
f 2443/2613/2318 2442/2610/2317 2441/2614/2316
f 2442/2612/2317 2440/2611/2315 2441/2615/2316
f 2445/2616/2320 2441/2615/2316 2444/2617/2319
f 2441/2615/2316 2440/2611/2315 2444/2617/2319
f 2446/2618/2321 2441/2615/2316 2445/2616/2320
f 2441/2614/2316 2446/2619/2321 2447/2620/2322
f 2446/2619/2321 2448/2620/2323 2447/2620/2322
f 2446/2619/2321 2445/2619/2320 2448/2620/2323
f 2450/2621/2325 2448/2622/2323 2449/2623/2324
f 2448/2620/2323 2445/2619/2320 2449/2624/2324
f 2448/2622/2323 2450/2621/2325 2447/2625/2322
f 2449/2626/2324 2454/2627/2329 2451/2626/2326
f 2453/2628/2328 2449/2624/2324 2451/2629/2326
f 2452/2630/2327 2449/2626/2324 2445/2616/2320
f 2449/2626/2324 2452/2630/2327 2454/2627/2329
f 2451/2626/2326 2454/2627/2329 2455/2631/2330
f 2451/2626/2326 2455/2631/2330 2456/2632/2331
f 2455/2631/2330 2454/2627/2329 2457/2633/2332
f 2459/2634/2334 2476/2635/2351 2455/2631/2330
f 2458/2636/2333 2455/2637/2330 2476/2638/2351
f 2456/2637/2331 2455/2637/2330 2458/2636/2333
f 2457/2633/2332 2471/2639/2346 2455/2631/2330
f 2459/2634/2334 2455/2631/2330 2471/2639/2346
f 2459/2640/2334 2463/2641/2338 2462/2640/2337
f 2464/2642/2339 2460/2641/2335 2459/2640/2334
f 2459/2640/2334 2460/2641/2335 2463/2641/2338
f 2476/2635/2351 2459/2634/2334 2461/2643/2336
f 2461/2643/2336 2459/2634/2334 2462/2644/2337
f 2464/2642/2339 2459/2640/2334 2471/2645/2346
f 2464/2646/2339 2458/2647/2333 2460/2648/2335
f 2464/2642/2339 2471/2645/2346 2465/2645/2340
f 2466/2649/2341 2458/2647/2333 2464/2646/2339
f 2464/2642/2339 2465/2645/2340 2466/2642/2341
f 2465/2645/2340 2468/2650/2343 2466/2642/2341
f 2467/2651/2342 2466/2649/2341 2453/2652/2328
f 2458/2647/2333 2466/2649/2341 2467/2651/2342
f 2466/2649/2341 2468/2653/2343 2453/2652/2328
f 2452/2654/2327 2469/2650/2344 2468/2650/2343
f 2469/2653/2344 2453/2652/2328 2468/2653/2343
f 2465/2645/2340 2470/2654/2345 2468/2650/2343
f 2452/2654/2327 2468/2650/2343 2470/2654/2345
f 2471/2639/2346 2470/2655/2345 2465/2656/2340
f 2457/2633/2332 2470/2655/2345 2471/2639/2346
f 2457/2633/2332 2454/2627/2329 2470/2655/2345
f 2454/2627/2329 2452/2630/2327 2470/2655/2345
f 2450/2657/2325 2469/2650/2344 2452/2654/2327
f 2450/2621/2325 2449/2623/2324 2469/2653/2344
f 2453/2652/2328 2469/2653/2344 2449/2623/2324
f 2451/2629/2326 2456/2637/2331 2467/2636/2342
f 2456/2637/2331 2458/2636/2333 2467/2636/2342
f 2451/2629/2326 2467/2636/2342 2453/2628/2328
f 2460/2648/2335 2473/2658/2348 2463/2659/2338
f 2472/2660/2347 2462/2640/2337 2463/2641/2338
f 2473/2658/2348 2472/2661/2347 2463/2659/2338
f 2476/2638/2351 2474/2662/2349 2473/2663/2348
f 2474/2662/2349 2475/2664/2350 2473/2663/2348
f 2473/2658/2348 2475/2665/2350 2472/2661/2347
f 2473/2658/2348 2460/2648/2335 2476/2666/2351
f 2460/2648/2335 2458/2647/2333 2476/2666/2351
f 2477/2665/2352 2479/2667/2354 2475/2665/2350
f 2478/2668/2353 2477/2664/2352 2475/2664/2350
f 2474/2662/2349 2478/2668/2353 2475/2664/2350
f 2475/2665/2350 2479/2667/2354 2472/2661/2347
f 2479/2669/2354 2510/2670/2385 2472/2660/2347
f 2479/2669/2354 2481/2671/2356 2510/2670/2385
f 2480/2672/2355 2479/2667/2354 2477/2665/2352
f 2482/2673/2357 2479/2667/2354 2480/2672/2355
f 2479/2669/2354 2482/2674/2357 2481/2671/2356
f 2481/2671/2356 2482/2674/2357 2483/2674/2358
f 2482/2673/2357 2480/2672/2355 2483/2675/2358
f 2481/2671/2356 2483/2674/2358 2511/2671/2386
f 2484/2676/2359 2511/2671/2386 2483/2674/2358
f 2483/2675/2358 2486/2677/2361 2484/2678/2359
f 2485/2679/2360 2486/2677/2361 2483/2675/2358
f 2483/2675/2358 2480/2672/2355 2485/2679/2360
f 2486/2677/2361 2487/2680/2362 2490/2681/2365
f 2488/2682/2363 2487/2683/2362 2486/2683/2361
f 2489/2684/2364 2488/2682/2363 2486/2683/2361
f 2489/2684/2364 2486/2683/2361 2485/2685/2360
f 2486/2677/2361 2490/2681/2365 2484/2678/2359
f 2490/2676/2365 2506/2686/2381 2491/2686/2366
f 2490/2676/2365 2492/2687/2367 2506/2686/2381
f 2493/2688/2368 2490/2681/2365 2487/2680/2362
f 2490/2676/2365 2491/2686/2366 2484/2676/2359
f 2490/2676/2365 2493/2689/2368 2492/2687/2367
f 2496/2687/2371 2492/2687/2367 2493/2689/2368
f 2493/2688/2368 2495/2690/2370 2494/2691/2369
f 2496/2687/2371 2493/2689/2368 2494/2689/2369
f 2493/2688/2368 2487/2680/2362 2495/2690/2370
f 2497/2692/2372 2496/2687/2371 2494/2689/2369
f 2496/2693/2371 2497/2692/2372 2498/2694/2373
f 2500/2695/2375 2499/2696/2374 2498/2694/2373
f 2503/2697/2378 2498/2694/2373 2499/2696/2374
f 2503/2697/2378 2496/2693/2371 2498/2694/2373
f 2500/2695/2375 2498/2694/2373 2497/2692/2372
f 2494/2691/2369 2500/2695/2375 2497/2692/2372
f 2501/2698/2376 2500/2695/2375 2494/2691/2369
f 2502/2699/2377 2499/2696/2374 2500/2695/2375
f 2501/2700/2376 2499/2696/2374 2502/2699/2377
f 2501/2700/2376 2503/2697/2378 2499/2696/2374
f 2495/2700/2370 2503/2697/2378 2501/2700/2376
f 2501/2701/2376 2502/2699/2377 2500/2695/2375
f 2492/2702/2367 2495/2700/2370 2504/2703/2379
f 2487/2683/2362 2504/2682/2379 2495/2704/2370
f 2495/2700/2370 2492/2702/2367 2503/2697/2378
f 2488/2682/2363 2504/2682/2379 2487/2683/2362
f 2505/2705/2380 2506/2706/2381 2504/2703/2379
f 2492/2702/2367 2504/2703/2379 2506/2706/2381
f 2507/2707/2382 2506/2706/2381 2505/2705/2380
f 2507/2707/2382 2505/2705/2380 2504/2703/2379
f 2489/2708/2364 2507/2707/2382 2504/2703/2379
f 2480/2708/2355 2507/2707/2382 2489/2708/2364
f 2480/2708/2355 2481/2709/2356 2507/2707/2382
f 2481/2709/2356 2480/2708/2355 2508/2710/2383
f 2477/2664/2352 2508/2668/2383 2480/2711/2355
f 2478/2668/2353 2508/2668/2383 2477/2664/2352
f 2509/2712/2384 2510/2713/2385 2508/2710/2383
f 2481/2709/2356 2508/2710/2383 2510/2713/2385
f 2509/2712/2384 2462/2644/2337 2510/2713/2385
f 2461/2643/2336 2509/2712/2384 2508/2710/2383
f 2509/2712/2384 2461/2643/2336 2462/2644/2337
f 2510/2713/2385 2462/2644/2337 2472/2714/2347
f 2474/2635/2349 2508/2710/2383 2478/2715/2353
f 2474/2635/2349 2461/2643/2336 2508/2710/2383
f 2507/2707/2382 2511/2716/2386 2506/2706/2381
f 2507/2707/2382 2481/2709/2356 2511/2716/2386
f 2511/2716/2386 2491/2717/2366 2506/2706/2381
f 2489/2708/2364 2504/2703/2379 2488/2718/2363
f 2494/2691/2369 2495/2690/2370 2501/2698/2376
f 2503/2697/2378 2492/2702/2367 2496/2693/2371
f 2484/2676/2359 2491/2686/2366 2511/2671/2386
f 2480/2711/2355 2489/2684/2364 2485/2685/2360
f 2476/2635/2351 2461/2643/2336 2474/2635/2349
f 2452/2630/2327 2445/2616/2320 2513/2719/2388
f 2450/2657/2325 2452/2654/2327 2513/2720/2388
f 2450/2657/2325 2513/2720/2388 2512/2720/2387
f 2445/2616/2320 2444/2617/2319 2513/2719/2388
f 2513/2719/2388 2444/2617/2319 2514/2721/2389
f 2444/2617/2319 2440/2611/2315 2514/2721/2389
f 2512/2720/2387 2514/2722/2389 2515/2723/2390
f 2440/2722/2315 2515/2723/2390 2514/2722/2389
f 2513/2719/2388 2514/2721/2389 2512/2724/2387
f 2515/2725/2390 2516/2726/2391 2442/2727/2317
f 2440/2722/2315 2516/2723/2391 2515/2723/2390
f 2447/2625/2322 2515/2725/2390 2443/2728/2318
f 2515/2725/2390 2442/2727/2317 2443/2728/2318
f 2512/2720/2387 2515/2723/2390 2517/2657/2392
f 2447/2625/2322 2517/2729/2392 2515/2725/2390
f 2450/2657/2325 2512/2720/2387 2517/2657/2392
f 2447/2625/2322 2450/2621/2325 2517/2729/2392
f 2518/2730/2393 2439/2731/2314 2516/2726/2391
f 2518/2732/2393 2516/2723/2391 2440/2722/2315
f 2439/2731/2314 2442/2727/2317 2516/2726/2391
f 2518/2732/2393 2437/2733/2312 2433/2734/2308
f 2518/2732/2393 2440/2722/2315 2437/2733/2312
f 2433/2603/2308 2439/2731/2314 2518/2730/2393
f 2437/2605/2312 2436/2607/2311 2433/2735/2308
f 2441/2614/2316 2447/2620/2322 2443/2613/2318
f 2439/2731/2314 2433/2603/2308 2434/2604/2309
f 2430/2594/2305 2439/2609/2314 2434/2609/2309
f 2430/2595/2305 2431/2597/2306 2438/2608/2313
f 2432/2592/2307 2430/2594/2305 2434/2609/2309
usemtl マテリアル.005
f 2524/2736/2399 2519/2737/2394 2520/2738/2395
f 2519/2737/2394 2523/2739/2398 2520/2738/2395
f 2525/2740/2400 2521/2741/2396 2519/2737/2394
f 2519/2737/2394 2521/2741/2396 2523/2739/2398
f 2524/2736/2399 2522/2742/2397 2519/2737/2394
f 2525/2740/2400 2519/2737/2394 2522/2742/2397
f 2525/2740/2400 2527/2743/2402 2526/2744/2401
f 2525/2740/2400 2526/2744/2401 2521/2741/2396
f 2525/2740/2400 2522/2742/2397 2528/2745/2403
f 2525/2740/2400 2528/2745/2403 2527/2743/2402
f 2528/2745/2403 2529/2746/2404 2531/2747/2406
f 2528/2745/2403 2530/2748/2405 2529/2746/2404
f 2528/2745/2403 2524/2736/2399 2530/2748/2405
f 2522/2742/2397 2524/2736/2399 2528/2745/2403
f 2528/2745/2403 2531/2747/2406 2527/2743/2402
f 2532/2749/2407 2531/2747/2406 2529/2746/2404
f 2532/2749/2407 2533/2750/2408 2531/2747/2406
f 2527/2743/2402 2531/2747/2406 2533/2750/2408
f 2534/2751/2409 2536/2752/2411 2533/2750/2408
f 2535/2753/2410 2534/2751/2409 2533/2750/2408
f 2535/2753/2410 2533/2750/2408 2532/2749/2407
f 2537/2754/2412 2526/2744/2401 2533/2750/2408
f 2527/2743/2402 2533/2750/2408 2526/2744/2401
f 2537/2754/2412 2533/2750/2408 2536/2752/2411
f 2537/2754/2412 2536/2752/2411 2541/2755/2416
f 2537/2754/2412 2541/2755/2416 2538/2756/2413
f 2540/2757/2415 2537/2754/2412 2538/2756/2413
f 2540/2757/2415 2539/2758/2414 2537/2754/2412
f 2539/2758/2414 2526/2744/2401 2537/2754/2412
f 2542/2759/2417 2541/2755/2416 2536/2752/2411
f 2524/2736/2399 2538/2756/2413 2541/2755/2416
f 2542/2759/2417 2530/2748/2405 2541/2755/2416
f 2524/2736/2399 2541/2755/2416 2530/2748/2405
f 2543/2760/2418 2542/2759/2417 2534/2751/2409
f 2542/2759/2417 2536/2752/2411 2534/2751/2409
f 2543/2760/2418 2530/2748/2405 2542/2759/2417
f 2543/2760/2418 2546/2761/2421 2544/2762/2419
f 2543/2760/2418 2544/2762/2419 2530/2748/2405
f 2543/2760/2418 2545/2763/2420 2547/2764/2422
f 2543/2760/2418 2534/2751/2409 2545/2763/2420
f 2543/2760/2418 2547/2764/2422 2546/2761/2421
f 2547/2764/2422 2548/2765/2423 2549/2766/2424
f 2547/2764/2422 2550/2767/2425 2548/2765/2423
f 2547/2764/2422 2549/2766/2424 2546/2761/2421
f 2545/2763/2420 2535/2753/2410 2547/2764/2422
f 2547/2764/2422 2535/2753/2410 2550/2767/2425
f 2553/2768/2428 2550/2767/2425 2535/2753/2410
f 2548/2765/2423 2550/2767/2425 2552/2769/2427
f 2553/2768/2428 2551/2770/2426 2550/2767/2425
f 2554/2771/2429 2550/2767/2425 2551/2770/2426
f 2554/2771/2429 2552/2769/2427 2550/2767/2425
f 2554/2771/2429 2551/2770/2426 2558/2772/2433
f 2557/2773/2432 2552/2769/2427 2554/2771/2429
f 2556/2774/2431 2554/2771/2429 2555/2775/2430
f 2554/2771/2429 2558/2772/2433 2555/2775/2430
f 2557/2773/2432 2554/2771/2429 2556/2774/2431
f 2555/2775/2430 2558/2772/2433 2560/2776/2435
f 2559/2777/2434 2558/2772/2433 2551/2770/2426
f 2559/2777/2434 2560/2776/2435 2558/2772/2433
f 2563/2778/2438 2560/2776/2435 2549/2766/2424
f 2544/2762/2419 2549/2766/2424 2560/2776/2435
f 2559/2777/2434 2544/2762/2419 2560/2776/2435
f 2562/2779/2437 2561/2780/2436 2560/2776/2435
f 2561/2780/2436 2555/2775/2430 2560/2776/2435
f 2562/2779/2437 2560/2776/2435 2563/2778/2438
f 2563/2778/2438 2549/2766/2424 2548/2765/2423
f 2562/2779/2437 2563/2778/2438 2548/2765/2423
f 2562/2779/2437 2565/2781/2440 2561/2780/2436
f 2562/2779/2437 2564/2782/2439 2566/2783/2441
f 2562/2779/2437 2548/2765/2423 2564/2782/2439
f 2562/2779/2437 2566/2783/2441 2565/2781/2440
f 2566/2783/2441 2557/2773/2432 2569/2784/2444
f 2564/2782/2439 2557/2773/2432 2566/2783/2441
f 2566/2783/2441 2567/2785/2442 2568/2786/2443
f 2566/2783/2441 2569/2784/2444 2567/2785/2442
f 2566/2783/2441 2568/2786/2443 2565/2781/2440
f 2572/2787/2447 2570/2788/2445 2569/2784/2444
f 2570/2788/2445 2573/2789/2448 2569/2784/2444
f 2557/2773/2432 2571/2790/2446 2569/2784/2444
f 2573/2789/2448 2567/2785/2442 2569/2784/2444
f 2574/2791/2449 2569/2784/2444 2571/2790/2446
f 2572/2787/2447 2569/2784/2444 2574/2791/2449
f 2574/2791/2449 2571/2790/2446 2576/2792/2451
f 2572/2787/2447 2574/2791/2449 2575/2793/2450
f 2574/2791/2449 2576/2792/2451 2575/2793/2450
f 2575/2793/2450 2576/2792/2451 2578/2794/2453
f 2577/2795/2452 2576/2792/2451 2571/2790/2446
f 2577/2795/2452 2578/2794/2453 2576/2792/2451
f 2581/2796/2456 2578/2794/2453 2568/2786/2443
f 2561/2780/2436 2568/2786/2443 2578/2794/2453
f 2577/2795/2452 2561/2780/2436 2578/2794/2453
f 2580/2797/2455 2579/2798/2454 2578/2794/2453
f 2579/2798/2454 2575/2793/2450 2578/2794/2453
f 2580/2797/2455 2578/2794/2453 2581/2796/2456
f 2580/2797/2455 2581/2796/2456 2573/2789/2448
f 2581/2796/2456 2567/2785/2442 2573/2789/2448
f 2581/2796/2456 2568/2786/2443 2567/2785/2442
f 2580/2797/2455 2583/2799/2458 2579/2798/2454
f 2580/2797/2455 2582/2800/2457 2584/2801/2459
f 2580/2797/2455 2573/2789/2448 2582/2800/2457
f 2580/2797/2455 2584/2801/2459 2583/2799/2458
f 2584/2801/2459 2585/2802/2460 2586/2803/2461
f 2584/2801/2459 2587/2804/2462 2585/2802/2460
f 2584/2801/2459 2586/2803/2461 2583/2799/2458
f 2584/2801/2459 2570/2788/2445 2587/2804/2462
f 2582/2800/2457 2570/2788/2445 2584/2801/2459
f 2590/2805/2465 2587/2804/2462 2570/2788/2445
f 2590/2805/2465 2588/2806/2463 2587/2804/2462
f 2591/2807/2466 2587/2804/2462 2588/2806/2463
f 2591/2807/2466 2589/2808/2464 2587/2804/2462
f 2585/2802/2460 2587/2804/2462 2589/2808/2464
f 2591/2807/2466 2588/2806/2463 2595/2809/2470
f 2594/2810/2469 2589/2808/2464 2591/2807/2466
f 2593/2811/2468 2591/2807/2466 2592/2812/2467
f 2591/2807/2466 2595/2809/2470 2592/2812/2467
f 2594/2810/2469 2591/2807/2466 2593/2811/2468
f 2592/2812/2467 2595/2809/2470 2597/2813/2472
f 2596/2814/2471 2595/2809/2470 2588/2806/2463
f 2596/2814/2471 2597/2813/2472 2595/2809/2470
f 2600/2815/2475 2597/2813/2472 2586/2803/2461
f 2579/2798/2454 2586/2803/2461 2597/2813/2472
f 2596/2814/2471 2579/2798/2454 2597/2813/2472
f 2599/2816/2474 2598/2817/2473 2597/2813/2472
f 2598/2817/2473 2592/2812/2467 2597/2813/2472
f 2599/2816/2474 2597/2813/2472 2600/2815/2475
f 2600/2815/2475 2586/2803/2461 2585/2802/2460
f 2599/2816/2474 2600/2815/2475 2585/2802/2460
f 2599/2816/2474 2602/2818/2477 2598/2817/2473
f 2599/2816/2474 2601/2819/2476 2603/2820/2478
f 2599/2816/2474 2585/2802/2460 2601/2819/2476
f 2599/2816/2474 2603/2820/2478 2602/2818/2477
f 2603/2820/2478 2606/2821/2481 2602/2818/2477
f 2603/2820/2478 2604/2822/2479 2606/2821/2481
f 2603/2820/2478 2607/2823/2482 2604/2822/2479
f 2603/2820/2478 2605/2824/2480 2607/2823/2482
f 2601/2819/2476 2605/2824/2480 2603/2820/2478
f 2611/2825/2486 2604/2822/2479 2607/2823/2482
f 2605/2824/2480 2608/2826/2483 2607/2823/2482
f 2612/2827/2487 2607/2823/2482 2608/2826/2483
f 2610/2828/2485 2609/2829/2484 2607/2823/2482
f 2609/2829/2484 2611/2825/2486 2607/2823/2482
f 2610/2828/2485 2607/2823/2482 2612/2827/2487
f 2612/2827/2487 2608/2826/2483 2614/2830/2489
f 2610/2828/2485 2612/2827/2487 2613/2831/2488
f 2612/2827/2487 2614/2830/2489 2613/2831/2488
f 2613/2831/2488 2614/2830/2489 2616/2832/2491
f 2615/2833/2490 2614/2830/2489 2608/2826/2483
f 2615/2833/2490 2616/2832/2491 2614/2830/2489
f 2618/2834/2493 2616/2832/2491 2606/2821/2481
f 2598/2817/2473 2606/2821/2481 2616/2832/2491
f 2615/2833/2490 2598/2817/2473 2616/2832/2491
f 2618/2834/2493 2617/2835/2492 2616/2832/2491
f 2613/2831/2488 2616/2832/2491 2617/2835/2492
f 2619/2836/2494 2617/2835/2492 2618/2834/2493
f 2619/2836/2494 2618/2834/2493 2611/2825/2486
f 2618/2834/2493 2604/2822/2479 2611/2825/2486
f 2618/2834/2493 2606/2821/2481 2604/2822/2479
f 2619/2836/2494 2611/2825/2486 2620/2837/2495
f 2619/2836/2494 2621/2838/2496 2617/2835/2492
f 2622/2839/2497 2617/2835/2492 2621/2838/2496
f 2610/2828/2485 2613/2831/2488 2622/2839/2497
f 2622/2839/2497 2613/2831/2488 2617/2835/2492
f 2609/2829/2484 2620/2837/2495 2611/2825/2486
f 2593/2811/2468 2623/2840/2498 2615/2833/2490
f 2623/2840/2498 2598/2817/2473 2615/2833/2490
f 2615/2833/2490 2608/2826/2483 2624/2841/2499
f 2593/2811/2468 2615/2833/2490 2624/2841/2499
f 2593/2811/2468 2624/2841/2499 2605/2824/2480
f 2605/2824/2480 2624/2841/2499 2608/2826/2483
f 2598/2817/2473 2623/2840/2498 2592/2812/2467
f 2593/2811/2468 2592/2812/2467 2623/2840/2498
f 2598/2817/2473 2602/2818/2477 2606/2821/2481
f 2601/2819/2476 2594/2810/2469 2605/2824/2480
f 2593/2811/2468 2605/2824/2480 2594/2810/2469
f 2601/2819/2476 2589/2808/2464 2594/2810/2469
f 2601/2819/2476 2585/2802/2460 2589/2808/2464
f 2572/2787/2447 2625/2842/2500 2596/2814/2471
f 2625/2842/2500 2579/2798/2454 2596/2814/2471
f 2596/2814/2471 2588/2806/2463 2590/2805/2465
f 2572/2787/2447 2596/2814/2471 2590/2805/2465
f 2579/2798/2454 2625/2842/2500 2575/2793/2450
f 2572/2787/2447 2575/2793/2450 2625/2842/2500
f 2572/2787/2447 2590/2805/2465 2570/2788/2445
f 2579/2798/2454 2583/2799/2458 2586/2803/2461
f 2570/2788/2445 2582/2800/2457 2573/2789/2448
f 2556/2774/2431 2626/2843/2501 2577/2795/2452
f 2626/2843/2501 2561/2780/2436 2577/2795/2452
f 2577/2795/2452 2571/2790/2446 2627/2844/2502
f 2556/2774/2431 2577/2795/2452 2627/2844/2502
f 2556/2774/2431 2627/2844/2502 2557/2773/2432
f 2557/2773/2432 2627/2844/2502 2571/2790/2446
f 2561/2780/2436 2626/2843/2501 2555/2775/2430
f 2556/2774/2431 2555/2775/2430 2626/2843/2501
f 2561/2780/2436 2565/2781/2440 2568/2786/2443
f 2564/2782/2439 2552/2769/2427 2557/2773/2432
f 2564/2782/2439 2548/2765/2423 2552/2769/2427
f 2629/2845/2504 2628/2846/2503 2559/2777/2434
f 2628/2846/2503 2544/2762/2419 2559/2777/2434
f 2559/2777/2434 2551/2770/2426 2553/2768/2428
f 2629/2845/2504 2559/2777/2434 2553/2768/2428
f 2629/2845/2504 2553/2768/2428 2535/2753/2410
f 2535/2753/2410 2532/2749/2407 2629/2845/2504
f 2629/2845/2504 2630/2847/2505 2628/2846/2503
f 2629/2845/2504 2532/2749/2407 2630/2847/2505
f 2532/2749/2407 2529/2746/2404 2630/2847/2505
f 2544/2762/2419 2628/2846/2503 2630/2847/2505
f 2630/2847/2505 2529/2746/2404 2530/2748/2405
f 2544/2762/2419 2630/2847/2505 2530/2748/2405
f 2544/2762/2419 2546/2761/2421 2549/2766/2424
f 2535/2753/2410 2545/2763/2420 2534/2751/2409
f 2540/2757/2415 2538/2756/2413 2524/2736/2399
f 2540/2757/2415 2524/2736/2399 2520/2738/2395
f 2540/2757/2415 2631/2848/2506 2539/2758/2414
f 2540/2757/2415 2523/2739/2398 2631/2848/2506
f 2540/2757/2415 2520/2738/2395 2523/2739/2398
f 2521/2741/2396 2631/2848/2506 2523/2739/2398
f 2526/2744/2401 2539/2758/2414 2631/2848/2506
f 2526/2744/2401 2631/2848/2506 2521/2741/2396
f 2637/2849/2512 2632/2850/2507 2633/2851/2508
f 2632/2850/2507 2636/2852/2511 2633/2851/2508
f 2632/2850/2507 2634/2853/2509 2636/2852/2511
f 2635/2854/2510 2634/2853/2509 2632/2850/2507
f 2637/2849/2512 2635/2854/2510 2632/2850/2507
f 2640/2855/2515 2638/2856/2513 2637/2849/2512
f 2637/2849/2512 2638/2856/2513 2641/2857/2516
f 2635/2854/2510 2637/2849/2512 2639/2858/2514
f 2637/2849/2512 2641/2857/2516 2639/2858/2514
f 2640/2855/2515 2637/2849/2512 2633/2851/2508
f 2643/2859/2518 2641/2857/2516 2642/2860/2517
f 2644/2861/2519 2642/2860/2517 2641/2857/2516
f 2643/2859/2518 2639/2858/2514 2641/2857/2516
f 2644/2861/2519 2641/2857/2516 2638/2856/2513
f 2640/2855/2515 2644/2861/2519 2638/2856/2513
f 2647/2862/2522 2645/2863/2520 2644/2861/2519
f 2645/2863/2520 2642/2860/2517 2644/2861/2519
f 2644/2861/2519 2646/2864/2521 2634/2853/2509
f 2640/2855/2515 2646/2864/2521 2644/2861/2519
f 2644/2861/2519 2634/2853/2509 2647/2862/2522
f 2648/2865/2523 2647/2862/2522 2634/2853/2509
f 2648/2865/2523 2645/2863/2520 2647/2862/2522
f 2635/2854/2510 2648/2865/2523 2634/2853/2509
f 2648/2865/2523 2635/2854/2510 2649/2866/2524
f 2648/2865/2523 2649/2866/2524 2645/2863/2520
f 2645/2863/2520 2649/2866/2524 2650/2867/2525
f 2649/2866/2524 2651/2868/2526 2650/2867/2525
f 2649/2866/2524 2635/2854/2510 2651/2868/2526
f 2635/2854/2510 2639/2858/2514 2651/2868/2526
f 2654/2869/2529 2651/2868/2526 2639/2858/2514
f 2655/2870/2530 2650/2867/2525 2651/2868/2526
f 2653/2871/2528 2652/2872/2527 2651/2868/2526
f 2652/2872/2527 2655/2870/2530 2651/2868/2526
f 2653/2871/2528 2651/2868/2526 2654/2869/2529
f 2655/2870/2530 2656/2873/2531 2658/2874/2533
f 2657/2875/2532 2656/2873/2531 2655/2870/2530
f 2655/2870/2530 2658/2874/2533 2650/2867/2525
f 2652/2872/2527 2657/2875/2532 2655/2870/2530
f 2645/2863/2520 2658/2874/2533 2642/2860/2517
f 2656/2873/2531 2642/2860/2517 2658/2874/2533
f 2645/2863/2520 2650/2867/2525 2658/2874/2533
f 2657/2875/2532 2659/2876/2534 2656/2873/2531
f 2657/2875/2532 2661/2877/2536 2659/2876/2534
f 2657/2875/2532 2660/2878/2535 2661/2877/2536
f 2657/2875/2532 2652/2872/2527 2660/2878/2535
f 2661/2877/2536 2662/2879/2537 2665/2880/2540
f 2661/2877/2536 2664/2881/2539 2662/2879/2537
f 2659/2876/2534 2661/2877/2536 2663/2882/2538
f 2661/2877/2536 2665/2880/2540 2663/2882/2538
f 2661/2877/2536 2660/2878/2535 2664/2881/2539
f 2667/2883/2542 2665/2880/2540 2662/2879/2537
f 2668/2884/2543 2666/2885/2541 2665/2880/2540
f 2663/2882/2538 2665/2880/2540 2666/2885/2541
f 2669/2886/2544 2665/2880/2540 2667/2883/2542
f 2670/2887/2545 2668/2884/2543 2665/2880/2540
f 2670/2887/2545 2665/2880/2540 2669/2886/2544
f 2670/2887/2545 2671/2888/2546 2673/2889/2548
f 2670/2887/2545 2674/2890/2549 2671/2888/2546
f 2670/2887/2545 2669/2886/2544 2672/2891/2547
f 2670/2887/2545 2673/2889/2548 2668/2884/2543
f 2670/2887/2545 2672/2891/2547 2674/2890/2549
f 2675/2892/2550 2674/2890/2549 2676/2893/2551
f 2677/2894/2552 2674/2890/2549 2675/2892/2550
f 2674/2890/2549 2672/2891/2547 2678/2895/2553
f 2674/2890/2549 2678/2895/2553 2676/2893/2551
f 2677/2894/2552 2671/2888/2546 2674/2890/2549
f 2669/2886/2544 2679/2896/2554 2678/2895/2553
f 2680/2897/2555 2678/2895/2553 2679/2896/2554
f 2680/2897/2555 2676/2893/2551 2678/2895/2553
f 2669/2886/2544 2678/2895/2553 2672/2891/2547
f 2680/2897/2555 2681/2898/2556 2676/2893/2551
f 2682/2899/2557 2681/2898/2556 2680/2897/2555
f 2682/2899/2557 2680/2897/2555 2679/2896/2554
f 2682/2899/2557 2683/2900/2558 2681/2898/2556
f 2682/2899/2557 2686/2901/2561 2683/2900/2558
f 2682/2899/2557 2684/2902/2559 2685/2903/2560
f 2682/2899/2557 2679/2896/2554 2684/2902/2559
f 2682/2899/2557 2685/2903/2560 2686/2901/2561
f 2686/2901/2561 2685/2903/2560 2689/2904/2564
f 2687/2905/2562 2686/2901/2561 2688/2906/2563
f 2687/2905/2562 2683/2900/2558 2686/2901/2561
f 2686/2901/2561 2689/2904/2564 2688/2906/2563
f 2684/2902/2559 2690/2907/2565 2689/2904/2564
f 2691/2908/2566 2689/2904/2564 2690/2907/2565
f 2691/2908/2566 2688/2906/2563 2689/2904/2564
f 2684/2902/2559 2689/2904/2564 2685/2903/2560
f 2691/2908/2566 2692/2909/2567 2688/2906/2563
f 2693/2910/2568 2692/2909/2567 2691/2908/2566
f 2693/2910/2568 2691/2908/2566 2690/2907/2565
f 2693/2910/2568 2694/2911/2569 2692/2909/2567
f 2693/2910/2568 2697/2912/2572 2694/2911/2569
f 2693/2910/2568 2695/2913/2570 2696/2914/2571
f 2693/2910/2568 2690/2907/2565 2695/2913/2570
f 2693/2910/2568 2696/2914/2571 2697/2912/2572
f 2694/2911/2569 2697/2912/2572 2698/2915/2573
f 2697/2912/2572 2701/2916/2576 2698/2915/2573
f 2697/2912/2572 2699/2917/2574 2701/2916/2576
f 2697/2912/2572 2700/2918/2575 2699/2917/2574
f 2697/2912/2572 2696/2914/2571 2700/2918/2575
f 2704/2919/2579 2701/2916/2576 2699/2917/2574
f 2703/2920/2578 2702/2921/2577 2701/2916/2576
f 2698/2915/2573 2701/2916/2576 2702/2921/2577
f 2706/2922/2581 2703/2920/2578 2701/2916/2576
f 2705/2923/2580 2701/2916/2576 2704/2919/2579
f 2706/2922/2581 2701/2916/2576 2705/2923/2580
f 2706/2922/2581 2707/2924/2582 2708/2925/2583
f 2706/2922/2581 2708/2925/2583 2703/2920/2578
f 2709/2926/2584 2702/2921/2577 2708/2925/2583
f 2703/2920/2578 2708/2925/2583 2702/2921/2577
f 2709/2926/2584 2708/2925/2583 2711/2927/2586
f 2708/2925/2583 2710/2928/2585 2711/2927/2586
f 2707/2924/2582 2710/2928/2585 2708/2925/2583
f 2695/2913/2570 2711/2927/2586 2700/2918/2575
f 2712/2929/2587 2700/2918/2575 2711/2927/2586
f 2709/2926/2584 2711/2927/2586 2695/2913/2570
f 2712/2929/2587 2711/2927/2586 2710/2928/2585
f 2712/2929/2587 2704/2919/2579 2699/2917/2574
f 2713/2930/2588 2704/2919/2579 2712/2929/2587
f 2713/2930/2588 2712/2929/2587 2710/2928/2585
f 2712/2929/2587 2699/2917/2574 2700/2918/2575
f 2713/2930/2588 2710/2928/2585 2714/2931/2589
f 2713/2930/2588 2715/2932/2590 2704/2919/2579
f 2705/2923/2580 2704/2919/2579 2715/2932/2590
f 2707/2924/2582 2714/2931/2589 2710/2928/2585
f 2709/2926/2584 2716/2933/2591 2702/2921/2577
f 2718/2934/2593 2716/2933/2591 2709/2926/2584
f 2717/2935/2592 2709/2926/2584 2695/2913/2570
f 2718/2934/2593 2709/2926/2584 2717/2935/2592
f 2718/2934/2593 2719/2936/2594 2698/2915/2573
f 2719/2936/2594 2718/2934/2593 2720/2937/2595
f 2718/2934/2593 2717/2935/2592 2721/2938/2596
f 2718/2934/2593 2698/2915/2573 2716/2933/2591
f 2718/2934/2593 2721/2938/2596 2720/2937/2595
f 2720/2937/2595 2721/2938/2596 2722/2939/2597
f 2695/2913/2570 2721/2938/2596 2717/2935/2592
f 2721/2938/2596 2690/2907/2565 2722/2939/2597
f 2695/2913/2570 2690/2907/2565 2721/2938/2596
f 2723/2940/2598 2722/2939/2597 2690/2907/2565
f 2723/2940/2598 2724/2941/2599 2722/2939/2597
f 2720/2937/2595 2722/2939/2597 2724/2941/2599
f 2720/2937/2595 2724/2941/2599 2725/2942/2600
f 2687/2905/2562 2725/2942/2600 2724/2941/2599
f 2723/2940/2598 2726/2943/2601 2724/2941/2599
f 2687/2905/2562 2724/2941/2599 2726/2943/2601
f 2727/2944/2602 2726/2943/2601 2723/2940/2598
f 2727/2944/2602 2687/2905/2562 2726/2943/2601
f 2727/2944/2602 2728/2945/2603 2730/2946/2605
f 2727/2944/2602 2723/2940/2598 2728/2945/2603
f 2727/2944/2602 2729/2947/2604 2731/2948/2606
f 2727/2944/2602 2730/2946/2605 2729/2947/2604
f 2727/2944/2602 2731/2948/2606 2687/2905/2562
f 2675/2892/2550 2676/2893/2551 2731/2948/2606
f 2681/2898/2556 2731/2948/2606 2676/2893/2551
f 2729/2947/2604 2732/2949/2607 2731/2948/2606
f 2675/2892/2550 2731/2948/2606 2732/2949/2607
f 2683/2900/2558 2731/2948/2606 2681/2898/2556
f 2683/2900/2558 2687/2905/2562 2731/2948/2606
f 2735/2950/2610 2733/2951/2608 2732/2949/2607
f 2675/2892/2550 2732/2949/2607 2733/2951/2608
f 2735/2950/2610 2732/2949/2607 2734/2952/2609
f 2729/2947/2604 2734/2952/2609 2732/2949/2607
f 2737/2953/2612 2733/2951/2608 2735/2950/2610
f 2735/2950/2610 2734/2952/2609 2679/2896/2554
f 2736/2954/2611 2735/2950/2610 2669/2886/2544
f 2735/2950/2610 2679/2896/2554 2669/2886/2544
f 2737/2953/2612 2735/2950/2610 2736/2954/2611
f 2737/2953/2612 2677/2894/2552 2675/2892/2550
f 2677/2894/2552 2737/2953/2612 2738/2955/2613
f 2737/2953/2612 2736/2954/2611 2667/2883/2542
f 2737/2953/2612 2667/2883/2542 2738/2955/2613
f 2737/2953/2612 2675/2892/2550 2733/2951/2608
f 2738/2955/2613 2667/2883/2542 2662/2879/2537
f 2738/2955/2613 2664/2881/2539 2739/2956/2614
f 2738/2955/2613 2662/2879/2537 2664/2881/2539
f 2677/2894/2552 2738/2955/2613 2739/2956/2614
f 2652/2872/2527 2740/2957/2615 2739/2956/2614
f 2673/2889/2548 2739/2956/2614 2740/2957/2615
f 2660/2878/2535 2739/2956/2614 2664/2881/2539
f 2660/2878/2535 2652/2872/2527 2739/2956/2614
f 2671/2888/2546 2677/2894/2552 2739/2956/2614
f 2671/2888/2546 2739/2956/2614 2673/2889/2548
f 2652/2872/2527 2741/2958/2616 2740/2957/2615
f 2741/2958/2616 2666/2885/2541 2740/2957/2615
f 2668/2884/2543 2740/2957/2615 2666/2885/2541
f 2668/2884/2543 2673/2889/2548 2740/2957/2615
f 2652/2872/2527 2653/2871/2528 2741/2958/2616
f 2743/2959/2618 2742/2960/2617 2741/2958/2616
f 2741/2958/2616 2742/2960/2617 2666/2885/2541
f 2743/2959/2618 2741/2958/2616 2653/2871/2528
f 2743/2959/2618 2653/2871/2528 2654/2869/2529
f 2743/2959/2618 2643/2859/2518 2642/2860/2517
f 2743/2959/2618 2654/2869/2529 2643/2859/2518
f 2743/2959/2618 2663/2882/2538 2742/2960/2617
f 2743/2959/2618 2642/2860/2517 2663/2882/2538
f 2663/2882/2538 2666/2885/2541 2742/2960/2617
f 2669/2886/2544 2667/2883/2542 2736/2954/2611
f 2730/2946/2605 2679/2896/2554 2734/2952/2609
f 2729/2947/2604 2730/2946/2605 2734/2952/2609
f 2684/2902/2559 2730/2946/2605 2728/2945/2603
f 2684/2902/2559 2679/2896/2554 2730/2946/2605
f 2728/2945/2603 2723/2940/2598 2684/2902/2559
f 2687/2905/2562 2688/2906/2563 2725/2942/2600
f 2692/2909/2567 2725/2942/2600 2688/2906/2563
f 2719/2936/2594 2720/2937/2595 2725/2942/2600
f 2694/2911/2569 2725/2942/2600 2692/2909/2567
f 2694/2911/2569 2719/2936/2594 2725/2942/2600
f 2723/2940/2598 2690/2907/2565 2684/2902/2559
f 2694/2911/2569 2698/2915/2573 2719/2936/2594
f 2698/2915/2573 2702/2921/2577 2716/2933/2591
f 2695/2913/2570 2700/2918/2575 2696/2914/2571
f 2663/2882/2538 2642/2860/2517 2656/2873/2531
f 2663/2882/2538 2656/2873/2531 2659/2876/2534
f 2643/2859/2518 2654/2869/2529 2639/2858/2514
f 2640/2855/2515 2636/2852/2511 2646/2864/2521
f 2634/2853/2509 2646/2864/2521 2636/2852/2511
f 2640/2855/2515 2633/2851/2508 2636/2852/2511
usemtl マテリアル.010
f 326/323/326 323/324/323 324/325/324
f 323/324/323 327/326/327 324/325/324
f 325/327/325 323/324/323 326/323/326
f 323/324/323 325/327/325 327/326/327
f 327/326/327 330/328/330 324/325/324
f 328/329/328 329/330/329 327/326/327
f 325/327/325 328/329/328 327/326/327
f 327/326/327 329/330/329 330/328/330
f 330/328/330 331/331/331 332/332/332
f 329/330/329 331/331/331 330/328/330
f 324/325/324 330/328/330 774/333/774
f 330/328/330 332/332/332 774/333/774
f 331/331/331 333/334/333 332/332/332
f 332/332/332 333/334/333 334/335/334
f 332/332/332 334/335/334 758/336/758
f 758/336/758 334/335/334 335/337/335
f 334/335/334 333/334/333 336/338/336
f 335/337/335 334/335/334 336/338/336
f 336/338/336 338/339/338 335/337/335
f 336/338/336 333/334/333 337/340/337
f 343/341/343 335/337/335 338/339/338
f 338/339/338 336/338/336 337/340/337
f 339/342/339 338/339/338 340/343/340
f 343/341/343 338/339/338 339/342/339
f 341/344/341 340/343/340 338/339/338
f 337/340/337 341/344/341 338/339/338
f 342/345/342 343/341/343 339/342/339
f 345/346/345 344/347/344 342/345/342
f 343/341/343 342/345/342 344/347/344
f 346/348/346 345/346/345 342/345/342
f 347/349/347 345/346/345 346/348/346
f 349/350/349 348/351/348 347/349/347
f 345/346/345 347/349/347 348/351/348
f 350/352/350 349/350/349 347/349/347
f 351/353/351 349/350/349 350/352/350
f 351/353/351 815/354/814 349/350/349
f 351/353/351 354/355/354 363/356/363
f 353/357/353 354/355/354 351/353/351
f 351/353/351 363/356/363 815/354/814
f 351/353/351 350/352/350 352/358/352
f 351/353/351 355/359/355 353/357/353
f 351/353/351 352/358/352 355/359/355
f 354/355/354 353/357/353 356/360/356
f 355/359/355 356/360/356 353/357/353
f 357/361/357 356/360/356 355/359/355
f 357/361/357 358/362/358 356/360/356
f 361/363/361 358/362/358 359/364/359
f 358/362/358 357/361/357 359/364/359
f 358/362/358 360/365/360 354/355/354
f 361/363/361 360/365/360 358/362/358
f 358/362/358 354/355/354 356/360/356
f 366/366/366 361/363/361 359/364/359
f 366/366/366 364/367/364 361/363/361
f 363/356/363 360/365/360 361/363/361
f 362/368/362 361/363/361 364/367/364
f 363/356/363 361/363/361 362/368/362
f 366/366/366 365/369/365 364/367/364
f 367/370/367 366/366/366 368/371/368
f 365/369/365 366/366/366 367/370/367
f 359/364/359 368/371/368 366/366/366
f 369/372/369 368/371/368 357/361/357
f 359/364/359 357/361/357 368/371/368
f 370/373/370 367/370/367 369/372/369
f 367/370/367 368/371/368 369/372/369
f 372/374/372 371/375/371 370/373/370
f 372/374/372 370/373/370 377/376/377
f 369/372/369 377/376/377 370/373/370
f 371/375/371 372/374/372 373/377/373
f 373/377/373 382/378/382 374/379/374
f 373/377/373 376/380/376 382/378/382
f 373/377/373 372/374/372 376/380/376
f 376/380/376 377/376/377 375/381/375
f 376/380/376 372/374/372 377/376/377
f 377/376/377 378/382/378 375/381/375
f 377/376/377 369/372/369 378/382/378
f 357/361/357 378/382/378 369/372/369
f 375/381/375 378/382/378 355/359/355
f 357/361/357 355/359/355 378/382/378
f 375/381/375 355/359/355 379/383/379
f 379/383/379 376/380/376 375/381/375
f 379/383/379 380/384/380 376/380/376
f 352/358/352 380/384/380 379/383/379
f 355/359/355 352/358/352 379/383/379
f 382/378/382 376/380/376 380/384/380
f 381/385/381 380/384/380 820/386/819
f 382/378/382 380/384/380 381/385/381
f 352/358/352 820/386/819 380/384/380
f 382/378/382 381/385/381 383/387/383
f 382/378/382 383/387/383 374/379/374
f 383/387/383 386/388/386 374/379/374
f 381/385/381 385/389/385 383/387/383
f 383/387/383 384/390/384 386/388/386
f 384/390/384 383/387/383 385/389/385
f 388/391/388 386/388/386 384/390/384
f 388/391/388 387/392/387 386/388/386
f 387/392/387 388/391/388 389/393/389
f 390/394/390 389/393/389 388/391/388
f 384/390/384 390/394/390 388/391/388
f 340/343/340 390/394/390 339/342/339
f 391/395/391 390/394/390 340/343/340
f 391/395/391 389/393/389 390/394/390
f 393/396/393 392/397/392 391/395/391
f 392/397/392 389/393/389 391/395/391
f 391/395/391 340/343/340 393/396/393
f 393/396/393 394/398/394 392/397/392
f 392/397/392 394/398/394 395/399/395
f 395/399/395 396/400/396 392/397/392
f 400/401/400 396/400/396 789/402/788
f 396/400/396 398/403/398 789/402/788
f 396/400/396 395/399/395 398/403/398
f 400/401/400 397/404/397 396/400/396
f 397/404/397 392/397/392 396/400/396
f 397/404/397 400/401/400 399/405/399
f 400/401/400 796/406/795 399/405/399
f 401/407/401 399/405/399 796/406/795
f 399/405/399 401/407/401 386/388/386
f 401/407/401 374/379/374 386/388/386
f 402/408/402 374/379/374 401/407/401
f 402/408/402 403/409/403 373/377/373
f 402/408/402 373/377/373 374/379/374
f 371/375/371 373/377/373 403/409/403
f 371/375/371 404/410/404 405/411/405
f 403/409/403 404/410/404 371/375/371
f 371/375/371 405/411/405 370/373/370
f 370/373/370 405/411/405 367/370/367
f 404/410/404 406/412/406 405/411/405
f 406/412/406 367/370/367 405/411/405
f 404/410/404 407/413/407 406/412/406
f 406/412/406 407/413/407 409/414/409
f 406/412/406 408/415/408 367/370/367
f 410/416/410 408/415/408 406/412/406
f 409/414/409 410/416/410 406/412/406
f 362/368/362 410/416/410 816/417/815
f 410/416/410 411/418/411 816/417/815
f 410/416/410 409/414/409 411/418/411
f 408/415/408 410/416/410 365/369/365
f 410/416/410 364/367/364 365/369/365
f 362/368/362 364/367/364 410/416/410
f 409/414/409 412/419/412 411/418/411
f 414/420/414 411/418/411 412/419/412
f 414/420/414 412/419/412 413/421/413
f 412/419/412 415/422/415 413/421/413
f 415/422/415 416/423/416 413/421/413
f 417/424/417 413/421/413 416/423/416
f 417/424/417 416/423/416 418/425/418
f 418/425/418 419/426/419 422/427/422
f 416/423/416 419/426/419 418/425/418
f 418/425/418 422/427/422 420/428/420
f 421/429/421 418/425/418 420/428/420
f 425/430/425 423/431/423 422/427/422
f 423/431/423 420/428/420 422/427/422
f 424/432/424 422/427/422 419/426/419
f 422/427/422 424/432/424 426/433/426
f 425/430/425 422/427/422 426/433/426
f 425/430/425 426/433/426 427/434/427
f 427/434/427 426/433/426 428/435/428
f 428/435/428 426/433/426 424/432/424
f 791/436/790 428/435/428 424/432/424
f 430/437/430 428/435/428 791/436/790
f 430/437/430 429/438/429 428/435/428
f 427/434/427 428/435/428 429/438/429
f 434/439/434 429/438/429 430/437/430
f 430/437/430 791/436/790 432/440/432
f 434/439/434 430/437/430 431/441/431
f 430/437/430 433/442/433 431/441/431
f 430/437/430 432/440/432 433/442/433
f 437/443/437 434/439/434 431/441/431
f 436/444/436 434/439/434 437/443/437
f 435/445/435 429/438/429 434/439/434
f 436/444/436 435/445/435 434/439/434
f 436/444/436 437/443/437 438/446/438
f 438/446/438 435/445/435 436/444/436
f 438/446/438 437/443/437 440/447/440
f 439/448/439 438/446/438 440/447/440
f 440/447/440 437/443/437 445/449/445
f 440/447/440 441/450/441 442/451/442
f 440/447/440 445/449/445 441/450/441
f 440/447/440 442/451/442 443/452/443
f 442/451/442 441/450/441 444/453/444
f 441/450/441 446/454/446 444/453/444
f 441/450/441 445/449/445 446/454/446
f 447/455/447 446/454/446 445/449/445
f 449/456/449 446/454/446 447/455/447
f 449/456/449 448/457/448 446/454/446
f 444/453/444 446/454/446 448/457/448
f 449/456/449 452/458/452 448/457/448
f 554/459/554 449/456/449 450/460/450
f 449/456/449 554/459/554 452/458/452
f 449/456/449 447/455/447 451/461/451
f 449/456/449 451/461/451 450/460/450
f 454/462/454 452/458/452 554/459/554
f 455/463/455 448/457/448 452/458/452
f 454/462/454 453/464/453 452/458/452
f 455/463/455 452/458/452 453/464/453
f 455/463/455 453/464/453 457/465/457
f 444/453/444 455/463/455 456/466/456
f 444/453/444 448/457/448 455/463/455
f 455/463/455 457/465/457 456/466/456
f 457/465/457 453/464/453 461/467/461
f 460/468/460 458/469/458 457/465/457
f 456/466/456 457/465/457 458/469/458
f 457/465/457 459/470/459 462/471/462
f 461/467/461 459/470/459 457/465/457
f 457/465/457 462/471/462 460/468/460
f 462/471/462 459/470/459 461/467/461
f 464/472/464 462/471/462 461/467/461
f 463/473/463 461/467/461 454/462/454
f 464/472/464 461/467/461 463/473/463
f 453/464/453 454/462/454 461/467/461
f 466/474/466 464/472/464 463/473/463
f 465/475/465 462/471/462 464/472/464
f 468/476/468 466/474/466 467/477/467
f 464/472/464 466/474/466 468/476/468
f 470/478/470 467/477/467 469/479/469
f 466/474/466 469/479/469 467/477/467
f 472/480/472 470/478/470 471/481/471
f 467/477/467 470/478/470 472/480/472
f 471/481/471 474/482/474 481/483/481
f 471/481/471 473/484/473 474/482/474
f 470/478/470 473/484/473 471/481/471
f 474/482/474 479/485/479 481/483/481
f 474/482/474 473/484/473 477/486/477
f 474/482/474 475/487/475 478/488/478
f 477/486/477 475/487/475 474/482/474
f 474/482/474 476/489/476 479/485/479
f 478/488/478 476/489/476 474/482/474
f 481/483/481 479/485/479 480/490/480
f 482/491/482 480/490/480 479/485/479
f 476/489/476 482/491/482 479/485/479
f 487/492/487 482/491/482 476/489/476
f 480/490/480 482/491/482 483/493/483
f 484/494/484 483/493/483 482/491/482
f 487/492/487 484/494/484 482/491/482
f 484/494/484 485/495/485 483/493/483
f 500/496/500 485/495/485 484/494/484
f 484/494/484 486/497/486 500/496/500
f 487/492/487 486/497/486 484/494/484
f 488/498/488 487/492/487 478/488/478
f 486/497/486 487/492/487 488/498/488
f 486/497/486 488/498/488 490/499/490
f 489/500/489 490/499/490 488/498/488
f 489/500/489 491/501/491 492/502/492
f 489/500/489 492/502/492 497/503/497
f 497/503/497 490/499/490 489/500/489
f 493/504/493 492/502/492 491/501/491
f 493/504/493 528/505/528 496/506/496
f 494/507/494 528/505/528 493/504/493
f 493/504/493 496/506/496 492/502/492
f 497/503/497 496/506/496 495/508/495
f 497/503/497 492/502/492 496/506/496
f 497/503/497 495/508/495 498/509/498
f 500/496/500 490/499/490 498/509/498
f 497/503/497 498/509/498 490/499/490
f 499/510/499 498/509/498 495/508/495
f 499/510/499 500/496/500 498/509/498
f 499/510/499 501/511/501 500/496/500
f 502/512/502 501/511/501 499/510/499
f 485/495/485 500/496/500 501/511/501
f 501/511/501 502/512/502 504/513/504
f 499/510/499 503/514/503 502/512/502
f 503/514/503 504/513/504 502/512/502
f 480/490/480 504/513/504 503/514/503
f 480/490/480 483/493/483 504/513/504
f 480/490/480 503/514/503 506/515/506
f 503/514/503 505/516/505 506/515/506
f 507/517/507 506/515/506 505/516/505
f 508/518/508 505/516/505 512/519/512
f 508/518/508 507/517/507 505/516/505
f 472/480/472 507/517/507 508/518/508
f 510/520/510 472/480/472 508/518/508
f 510/520/510 508/518/508 512/519/512
f 509/521/509 510/520/510 513/522/513
f 468/476/468 510/520/510 509/521/509
f 467/477/467 472/480/472 510/520/510
f 468/476/468 467/477/467 510/520/510
f 511/523/511 510/520/510 512/519/512
f 511/523/511 513/522/513 510/520/510
f 511/523/511 514/524/514 513/522/513
f 515/525/515 513/522/513 514/524/514
f 515/525/515 722/526/722 513/522/513
f 516/527/516 722/526/722 515/525/515
f 516/527/516 515/525/515 517/528/517
f 515/525/515 514/524/514 518/529/518
f 517/528/517 515/525/515 518/529/518
f 520/530/520 517/528/517 518/529/518
f 521/531/521 519/532/519 518/529/518
f 520/530/520 518/529/518 519/532/519
f 521/531/521 523/533/523 524/534/524
f 524/534/524 519/532/519 521/531/521
f 521/531/521 522/535/522 523/533/523
f 518/529/518 522/535/522 521/531/521
f 523/533/523 525/536/525 494/507/494
f 523/533/523 522/535/522 525/536/525
f 528/505/528 494/507/494 525/536/525
f 528/505/528 525/536/525 526/537/526
f 527/538/527 526/537/526 525/536/525
f 522/535/522 527/538/527 525/536/525
f 529/539/529 528/505/528 526/537/526
f 529/539/529 496/506/496 528/505/528
f 496/506/496 529/539/529 530/540/530
f 531/541/531 530/540/530 529/539/529
f 526/537/526 534/542/534 529/539/529
f 531/541/531 529/539/529 534/542/534
f 531/541/531 534/542/534 532/543/532
f 503/514/503 499/510/499 531/541/531
f 531/541/531 499/510/499 530/540/530
f 532/543/532 503/514/503 531/541/531
f 503/514/503 532/543/532 505/516/505
f 532/543/532 512/519/512 505/516/505
f 532/543/532 533/544/533 512/519/512
f 533/544/533 532/543/532 534/542/534
f 527/538/527 534/542/534 526/537/526
f 527/538/527 533/544/533 534/542/534
f 511/523/511 512/519/512 533/544/533
f 527/538/527 511/523/511 533/544/533
f 499/510/499 495/508/495 530/540/530
f 496/506/496 530/540/530 495/508/495
f 522/535/522 535/545/535 527/538/527
f 535/545/535 511/523/511 527/538/527
f 518/529/518 535/545/535 522/535/522
f 514/524/514 535/545/535 518/529/518
f 535/545/535 514/524/514 511/523/511
f 537/546/537 536/547/536 524/534/524
f 537/546/537 524/534/524 523/533/523
f 537/546/537 561/548/561 536/547/536
f 537/546/537 523/533/523 538/549/538
f 538/549/538 494/507/494 539/550/539
f 538/549/538 523/533/523 494/507/494
f 537/546/537 538/549/538 564/551/564
f 540/552/540 539/550/539 541/553/541
f 540/552/540 538/549/538 539/550/539
f 539/550/539 493/504/493 541/553/541
f 493/504/493 491/501/491 541/553/541
f 541/553/541 491/501/491 542/554/542
f 491/501/491 543/555/543 542/554/542
f 491/501/491 489/500/489 543/555/543
f 489/500/489 488/498/488 543/555/543
f 477/486/477 542/554/542 543/555/543
f 477/486/477 543/555/543 488/498/488
f 544/556/544 542/554/542 545/557/545
f 541/553/541 542/554/542 544/556/544
f 477/486/477 545/557/545 542/554/542
f 545/557/545 477/486/477 473/484/473
f 546/558/546 545/557/545 473/484/473
f 544/556/544 545/557/545 546/558/546
f 547/559/547 546/558/546 548/560/548
f 547/559/547 544/556/544 546/558/546
f 473/484/473 548/560/548 546/558/546
f 470/478/470 548/560/548 473/484/473
f 470/478/470 469/479/469 548/560/548
f 547/559/547 548/560/548 469/479/469
f 549/561/549 547/559/547 469/479/469
f 550/562/550 547/559/547 549/561/549
f 547/559/547 540/552/540 544/556/544
f 550/562/550 540/552/540 547/559/547
f 540/552/540 550/562/550 538/549/538
f 538/549/538 550/562/550 551/563/551
f 552/564/552 551/563/551 550/562/550
f 552/564/552 550/562/550 549/561/549
f 552/564/552 549/561/549 463/473/463
f 466/474/466 463/473/463 469/479/469
f 549/561/549 469/479/469 463/473/463
f 454/462/454 552/564/552 463/473/463
f 554/459/554 552/564/552 454/462/454
f 554/459/554 553/565/553 552/564/552
f 551/563/551 552/564/552 553/565/553
f 555/566/555 553/565/553 554/459/554
f 555/566/555 450/460/450 556/567/556
f 555/566/555 554/459/554 450/460/450
f 555/566/555 556/567/556 562/568/562
f 451/461/451 556/567/556 450/460/450
f 556/567/556 557/569/557 560/570/560
f 556/567/556 559/571/559 557/569/557
f 556/567/556 558/572/558 559/571/559
f 451/461/451 558/572/558 556/567/556
f 556/567/556 560/570/560 562/568/562
f 562/568/562 560/570/560 561/548/561
f 564/551/564 561/548/561 537/546/537
f 564/551/564 562/568/562 561/548/561
f 564/551/564 563/573/563 562/568/562
f 555/566/555 562/568/562 563/573/563
f 564/551/564 553/565/553 563/573/563
f 564/551/564 551/563/551 553/565/553
f 538/549/538 551/563/551 564/551/564
f 555/566/555 563/573/563 553/565/553
f 565/574/565 561/548/561 560/570/560
f 557/569/557 565/574/565 560/570/560
f 557/569/557 566/575/566 565/574/565
f 565/574/565 566/575/566 567/576/567
f 565/574/565 536/547/536 561/548/561
f 567/576/567 536/547/536 565/574/565
f 567/576/567 568/577/568 569/578/569
f 566/575/566 568/577/568 567/576/567
f 570/579/570 517/528/517 569/578/569
f 570/579/570 569/578/569 571/580/571
f 568/577/568 571/580/571 569/578/569
f 520/530/520 567/576/567 569/578/569
f 517/528/517 520/530/520 569/578/569
f 571/580/571 572/581/572 574/582/574
f 568/577/568 572/581/572 571/580/571
f 571/580/571 574/582/574 573/583/573
f 570/579/570 571/580/571 573/583/573
f 577/584/577 573/583/573 574/582/574
f 574/582/574 575/585/575 578/586/578
f 572/581/572 575/585/575 574/582/574
f 574/582/574 578/586/578 576/587/576
f 577/584/577 574/582/574 576/587/576
f 576/587/576 578/586/578 579/588/579
f 578/586/578 575/585/575 582/589/582
f 579/588/579 578/586/578 581/590/581
f 581/590/581 578/586/578 580/591/580
f 578/586/578 582/589/582 580/591/580
f 580/591/580 582/589/582 584/592/584
f 583/593/583 584/592/584 582/589/582
f 583/593/583 582/589/582 575/585/575
f 572/581/572 583/593/583 575/585/575
f 585/594/585 583/593/583 572/581/572
f 585/594/585 586/595/586 583/593/583
f 585/594/585 587/596/587 586/595/586
f 583/593/583 586/595/586 584/592/584
f 588/597/588 587/596/587 585/594/585
f 591/598/591 588/597/588 589/599/589
f 588/597/588 590/600/590 589/599/589
f 588/597/588 585/594/585 590/600/590
f 568/577/568 590/600/590 572/581/572
f 585/594/585 572/581/572 590/600/590
f 566/575/566 589/599/589 590/600/590
f 566/575/566 590/600/590 568/577/568
f 593/601/593 592/602/592 591/598/591
f 595/603/595 592/602/592 593/601/593
f 597/604/597 594/605/594 592/602/592
f 596/606/596 592/602/592 595/603/595
f 596/606/596 597/604/597 592/602/592
f 597/604/597 600/607/600 599/608/599
f 598/609/598 600/607/600 597/604/597
f 597/604/597 599/608/599 594/605/594
f 598/609/598 597/604/597 596/606/596
f 602/610/602 600/607/600 601/611/601
f 602/610/602 599/608/599 600/607/600
f 603/612/603 602/610/602 601/611/601
f 603/612/603 605/613/605 602/610/602
f 604/614/604 603/612/603 601/611/601
f 605/613/605 603/612/603 604/614/604
f 607/615/607 605/613/605 604/614/604
f 607/615/607 606/616/606 605/613/605
f 609/617/609 607/615/607 608/618/608
f 607/615/607 610/619/610 608/618/608
f 607/615/607 604/614/604 610/619/610
f 609/617/609 606/616/606 607/615/607
f 611/620/611 609/617/609 612/621/612
f 616/622/616 613/623/613 612/621/612
f 612/621/612 613/623/613 611/620/611
f 609/617/609 614/624/614 612/621/612
f 614/624/614 615/625/615 612/621/612
f 615/625/615 617/626/617 612/621/612
f 617/626/617 616/622/616 612/621/612
f 616/622/616 617/626/617 621/627/621
f 615/625/615 618/628/618 617/626/617
f 620/629/620 617/626/617 618/628/618
f 617/626/617 619/630/619 621/627/621
f 620/629/620 619/630/619 617/626/617
f 624/631/624 621/627/621 622/632/622
f 622/632/622 621/627/621 619/630/619
f 623/633/623 624/631/624 622/632/622
f 625/634/625 624/631/624 623/633/623
f 621/627/621 624/631/624 625/634/625
f 625/634/625 627/635/627 621/627/621
f 625/634/625 623/633/623 626/636/626
f 627/635/627 625/634/625 628/637/628
f 628/637/628 625/634/625 626/636/626
f 642/638/642 641/639/641 628/637/628
f 629/640/629 628/637/628 641/639/641
f 623/633/623 628/637/628 626/636/626
f 623/633/623 642/638/642 628/637/628
f 630/641/630 629/640/629 641/639/641
f 611/620/611 629/640/629 630/641/630
f 627/635/627 628/637/628 629/640/629
f 611/620/611 627/635/627 629/640/629
f 631/642/631 630/641/630 641/639/641
f 632/643/632 630/641/630 631/642/631
f 630/641/630 632/643/632 611/620/611
f 635/644/635 633/645/633 632/643/632
f 611/620/611 632/643/632 633/645/633
f 634/646/634 635/644/635 632/643/632
f 632/643/632 636/647/636 634/646/634
f 631/642/631 636/647/636 632/643/632
f 636/647/636 637/648/637 639/649/639
f 636/647/636 640/650/640 637/648/637
f 636/647/636 631/642/631 641/639/641
f 636/647/636 638/651/638 640/650/640
f 641/639/641 638/651/638 636/647/636
f 639/649/639 634/646/634 636/647/636
f 641/639/641 642/638/642 643/652/643
f 641/639/641 643/652/643 638/651/638
f 643/652/643 640/650/640 638/651/638
f 643/652/643 644/653/644 640/650/640
f 644/653/644 643/652/643 645/654/645
f 644/653/644 647/655/647 640/650/640
f 649/656/649 647/655/647 644/653/644
f 637/648/637 640/650/640 647/655/647
f 646/657/646 637/648/637 647/655/647
f 648/658/648 649/656/649 644/653/644
f 650/659/650 649/656/649 648/658/648
f 647/655/647 649/656/649 650/659/650
f 650/659/650 652/660/652 647/655/647
f 650/659/650 648/658/648 651/661/651
f 653/662/653 650/659/650 651/661/651
f 650/659/650 653/662/653 654/663/654
f 656/664/656 655/665/655 653/662/653
f 654/663/654 653/662/653 655/665/655
f 648/658/648 653/662/653 651/661/651
f 648/658/648 656/664/656 653/662/653
f 623/633/623 656/664/656 648/658/648
f 655/665/655 656/664/656 657/666/657
f 657/666/657 656/664/656 623/633/623
f 657/666/657 623/633/623 658/667/658
f 620/629/620 657/666/657 622/632/622
f 655/665/655 657/666/657 620/629/620
f 657/666/657 658/667/658 622/632/622
f 623/633/623 622/632/622 658/667/658
f 655/665/655 620/629/620 618/628/618
f 618/628/618 659/668/659 655/665/655
f 659/668/659 660/669/660 655/665/655
f 661/670/661 660/669/660 659/668/659
f 659/668/659 618/628/618 661/670/661
f 325/327/325 662/671/662 661/670/661
f 662/671/662 663/672/663 661/670/661
f 663/672/663 660/669/660 661/670/661
f 325/327/325 661/670/661 328/329/328
f 615/625/615 328/329/328 661/670/661
f 618/628/618 615/625/615 661/670/661
f 665/673/665 660/669/660 663/672/663
f 646/657/646 665/673/665 663/672/663
f 652/660/652 660/669/660 665/673/665
f 647/655/647 652/660/652 665/673/665
f 665/673/665 646/657/646 647/655/647
f 666/674/666 664/675/664 667/676/667
f 666/674/666 663/672/663 664/675/664
f 670/677/670 667/676/667 668/678/668
f 669/679/669 667/676/667 670/677/670
f 671/680/671 669/679/669 670/677/670
f 668/678/668 671/680/671 670/677/670
f 672/681/672 671/680/671 668/678/668
f 672/681/672 673/682/673 671/680/671
f 672/681/672 675/683/675 673/682/673
f 672/681/672 674/684/674 675/683/675
f 674/684/674 443/452/443 675/683/675
f 443/452/443 676/685/676 677/686/677
f 442/451/442 676/685/676 443/452/443
f 443/452/443 677/686/677 675/683/675
f 673/682/673 675/683/675 677/686/677
f 679/687/679 677/686/677 678/688/678
f 676/685/676 678/688/678 677/686/677
f 673/682/673 677/686/677 679/687/679
f 673/682/673 679/687/679 681/689/681
f 681/689/681 679/687/679 680/690/680
f 679/687/679 678/688/678 680/690/680
f 681/689/681 680/690/680 682/691/682
f 673/682/673 681/689/681 671/680/671
f 680/690/680 684/692/684 682/691/682
f 682/691/682 684/692/684 683/693/683
f 684/692/684 686/694/686 683/693/683
f 684/692/684 685/695/685 686/694/686
f 689/696/689 683/693/683 686/694/686
f 686/694/686 687/697/687 690/698/690
f 685/695/685 687/697/687 686/694/686
f 686/694/686 690/698/690 688/699/688
f 689/696/689 686/694/686 688/699/688
f 688/699/688 690/698/690 692/700/692
f 687/697/687 692/700/692 690/698/690
f 691/701/691 688/699/688 667/676/667
f 689/696/689 688/699/688 691/701/691
f 667/676/667 688/699/688 666/674/666
f 688/699/688 692/700/692 666/674/666
f 682/691/682 689/696/689 691/701/691
f 691/701/691 667/676/667 669/679/669
f 681/689/681 691/701/691 669/679/669
f 681/689/681 682/691/682 691/701/691
f 671/680/671 681/689/681 669/679/669
f 682/691/682 683/693/683 689/696/689
f 687/697/687 693/702/693 692/700/692
f 695/703/695 693/702/693 687/697/687
f 695/703/695 694/704/694 693/702/693
f 685/695/685 695/703/695 687/697/687
f 696/705/696 695/703/695 685/695/685
f 695/703/695 697/706/697 694/704/694
f 695/703/695 696/705/696 697/706/697
f 696/705/696 698/707/698 697/706/697
f 694/704/694 699/708/699 700/709/700
f 697/706/697 699/708/699 694/704/694
f 694/704/694 700/709/700 693/702/693
f 692/700/692 693/702/693 700/709/700
f 692/700/692 700/709/700 701/710/701
f 701/710/701 702/711/702 666/674/666
f 701/710/701 700/709/700 702/711/702
f 692/700/692 701/710/701 666/674/666
f 702/711/702 703/712/703 666/674/666
f 703/712/703 704/713/704 666/674/666
f 666/674/666 704/713/704 705/714/705
f 706/715/706 705/714/705 704/713/704
f 663/672/663 705/714/705 639/649/639
f 666/674/666 705/714/705 663/672/663
f 706/715/706 639/649/639 705/714/705
f 708/716/708 706/715/706 704/713/704
f 706/715/706 707/717/707 634/646/634
f 708/716/708 707/717/707 706/715/706
f 706/715/706 634/646/634 639/649/639
f 711/718/711 709/719/709 708/716/708
f 709/719/709 707/717/707 708/716/708
f 699/708/699 708/716/708 710/720/710
f 708/716/708 704/713/704 710/720/710
f 711/718/711 708/716/708 699/708/699
f 712/721/712 709/719/709 711/718/711
f 713/722/713 712/721/712 711/718/711
f 698/707/698 713/722/713 711/718/711
f 698/707/698 714/723/714 713/722/713
f 712/721/712 713/722/713 715/724/715
f 714/723/714 715/724/715 713/722/713
f 516/527/516 715/724/715 714/723/714
f 516/527/516 714/723/714 722/526/722
f 712/721/712 715/724/715 716/725/716
f 716/725/716 570/579/570 573/583/573
f 516/527/516 570/579/570 716/725/716
f 717/726/717 712/721/712 716/725/716
f 717/726/717 716/725/716 577/584/577
f 716/725/716 573/583/573 577/584/577
f 716/725/716 715/724/715 516/527/516
f 712/721/712 717/726/717 709/719/709
f 717/726/717 719/727/719 709/719/709
f 717/726/717 718/728/718 719/727/719
f 717/726/717 577/584/577 718/728/718
f 709/719/709 719/727/719 707/717/707
f 719/727/719 635/644/635 634/646/634
f 718/728/718 635/644/635 719/727/719
f 719/727/719 634/646/634 707/717/707
f 718/728/718 720/729/720 635/644/635
f 718/728/718 576/587/576 720/729/720
f 718/728/718 577/584/577 576/587/576
f 720/729/720 579/588/579 633/645/633
f 576/587/576 579/588/579 720/729/720
f 720/729/720 633/645/633 635/644/635
f 698/707/698 721/730/721 714/723/714
f 721/730/721 722/526/722 714/723/714
f 722/526/722 509/521/509 513/522/513
f 722/526/722 723/731/723 509/521/509
f 721/730/721 723/731/723 722/526/722
f 721/730/721 724/732/724 723/731/723
f 724/732/724 509/521/509 723/731/723
f 721/730/721 725/733/725 724/732/724
f 725/733/725 464/472/464 724/732/724
f 724/732/724 468/476/468 509/521/509
f 464/472/464 468/476/468 724/732/724
f 725/733/725 465/475/465 464/472/464
f 726/734/726 465/475/465 725/733/725
f 698/707/698 725/733/725 721/730/721
f 726/734/726 725/733/725 698/707/698
f 696/705/696 460/468/460 726/734/726
f 465/475/465 726/734/726 460/468/460
f 696/705/696 726/734/726 698/707/698
f 698/707/698 711/718/711 697/706/697
f 697/706/697 711/718/711 699/708/699
f 699/708/699 710/720/710 700/709/700
f 703/712/703 710/720/710 704/713/704
f 702/711/702 710/720/710 703/712/703
f 702/711/702 700/709/700 710/720/710
f 727/735/727 696/705/696 685/695/685
f 727/735/727 460/468/460 696/705/696
f 727/735/727 458/469/458 460/468/460
f 678/688/678 458/469/458 727/735/727
f 727/735/727 685/695/685 684/692/684
f 680/690/680 727/735/727 684/692/684
f 680/690/680 678/688/678 727/735/727
f 676/685/676 728/736/728 678/688/678
f 678/688/678 728/736/728 458/469/458
f 456/466/456 458/469/458 728/736/728
f 676/685/676 456/466/456 728/736/728
f 676/685/676 729/737/729 456/466/456
f 442/451/442 729/737/729 676/685/676
f 442/451/442 444/453/444 729/737/729
f 444/453/444 456/466/456 729/737/729
f 674/684/674 730/738/730 443/452/443
f 731/739/731 439/448/439 730/738/730
f 439/448/439 440/447/440 730/738/730
f 440/447/440 443/452/443 730/738/730
f 731/739/731 732/740/732 439/448/439
f 733/741/733 732/740/732 731/739/731
f 736/742/736 734/743/734 733/741/733
f 733/741/733 734/743/734 732/740/732
f 736/742/736 733/741/733 751/744/751
f 735/745/735 736/742/736 751/744/751
f 738/746/738 736/742/736 735/745/735
f 737/747/737 734/743/734 736/742/736
f 738/746/738 737/747/737 736/742/736
f 737/747/737 739/748/739 740/749/740
f 742/750/742 740/749/740 739/748/739
f 741/751/741 742/750/742 739/748/739
f 744/752/744 742/750/742 741/751/741
f 744/752/744 743/753/743 742/750/742
f 747/754/747 744/752/744 741/751/741
f 748/755/748 745/756/745 744/752/744
f 745/756/745 743/753/743 744/752/744
f 747/754/747 746/757/746 744/752/744
f 748/755/748 744/752/744 746/757/746
f 752/758/752 748/755/748 746/757/746
f 752/758/752 745/756/745 748/755/748
f 750/759/750 746/757/746 749/760/749
f 746/757/746 747/754/747 749/760/749
f 746/757/746 750/759/750 325/327/325
f 746/757/746 325/327/325 752/758/752
f 750/759/750 738/746/738 735/745/735
f 750/759/750 749/760/749 738/746/738
f 662/671/662 325/327/325 750/759/750
f 750/759/750 735/745/735 751/744/751
f 747/754/747 739/748/739 749/760/749
f 749/760/749 737/747/737 738/746/738
f 749/760/749 739/748/739 737/747/737
f 747/754/747 741/751/741 739/748/739
f 752/758/752 753/761/753 745/756/745
f 753/761/753 755/762/755 745/756/745
f 753/761/753 754/763/754 755/762/755
f 745/756/745 755/762/755 743/753/743
f 755/762/755 756/764/756 743/753/743
f 755/762/755 754/763/754 757/765/757
f 755/762/755 757/765/757 756/764/756
f 756/764/756 757/765/757 758/336/758
f 759/766/759 758/336/758 760/767/760
f 756/764/756 758/336/758 759/766/759
f 758/336/758 761/768/761 760/767/760
f 761/768/761 763/769/763 760/767/760
f 343/341/343 761/768/761 335/337/335
f 758/336/758 335/337/335 761/768/761
f 761/768/761 762/770/762 763/769/763
f 343/341/343 762/770/762 761/768/761
f 760/767/760 763/769/763 418/425/418
f 344/347/344 417/424/417 763/769/763
f 417/424/417 418/425/418 763/769/763
f 344/347/344 763/769/763 762/770/762
f 343/341/343 344/347/344 762/770/762
f 760/767/760 418/425/418 421/429/421
f 759/766/759 760/767/760 421/429/421
f 764/771/764 759/766/759 421/429/421
f 756/764/756 759/766/759 764/771/764
f 425/430/425 765/772/765 764/771/764
f 766/773/766 764/771/764 765/772/765
f 766/773/766 756/764/756 764/771/764
f 764/771/764 420/428/420 425/430/425
f 764/771/764 421/429/421 420/428/420
f 767/774/767 766/773/766 765/772/765
f 740/749/740 742/750/742 766/773/766
f 743/753/743 766/773/766 742/750/742
f 740/749/740 766/773/766 767/774/767
f 743/753/743 756/764/756 766/773/766
f 771/775/771 767/774/767 768/776/768
f 767/774/767 770/777/770 768/776/768
f 767/774/767 769/778/769 770/777/770
f 767/774/767 765/772/765 769/778/769
f 771/775/771 740/749/740 767/774/767
f 737/747/737 771/775/771 734/743/734
f 734/743/734 771/775/771 768/776/768
f 737/747/737 740/749/740 771/775/771
f 768/776/768 770/777/770 439/448/439
f 770/777/770 438/446/438 439/448/439
f 770/777/770 769/778/769 773/779/773
f 770/777/770 772/780/772 438/446/438
f 770/777/770 773/779/773 772/780/772
f 765/772/765 425/430/425 773/779/773
f 425/430/425 427/434/427 773/779/773
f 773/779/773 435/445/435 772/780/772
f 773/779/773 427/434/427 435/445/435
f 765/772/765 773/779/773 769/778/769
f 438/446/438 772/780/772 435/445/435
f 768/776/768 439/448/439 732/740/732
f 734/743/734 768/776/768 732/740/732
f 420/428/420 423/431/423 425/430/425
f 774/333/774 332/332/332 757/765/757
f 332/332/332 758/336/758 757/765/757
f 774/333/774 757/765/757 754/763/754
f 775/781/775 774/333/774 754/763/754
f 324/325/324 774/333/774 775/781/775
f 326/323/326 324/325/324 775/781/775
f 776/782/776 326/323/326 775/781/775
f 326/323/326 776/782/776 325/327/325
f 776/782/776 752/758/752 325/327/325
f 752/758/752 776/782/776 775/781/775
f 775/781/775 754/763/754 753/761/753
f 752/758/752 775/781/775 753/761/753
f 637/648/637 646/657/646 663/672/663
f 663/672/663 639/649/639 637/648/637
f 660/669/660 654/663/654 655/665/655
f 652/660/652 654/663/654 660/669/660
f 650/659/650 654/663/654 652/660/652
f 642/638/642 623/633/623 648/658/648
f 643/652/643 648/658/648 645/654/645
f 648/658/648 644/653/644 645/654/645
f 643/652/643 642/638/642 648/658/648
f 579/588/579 777/783/606 633/645/633
f 579/588/579 581/590/581 777/783/606
f 613/623/613 627/635/627 611/620/611
f 621/627/621 627/635/627 613/623/613
f 620/629/620 622/632/622 619/630/619
f 613/623/613 616/622/616 621/627/621
f 328/329/328 615/625/615 329/330/329
f 615/625/615 778/784/777 329/330/329
f 615/625/615 614/624/614 778/784/777
f 329/330/329 778/784/777 331/331/331
f 778/784/777 780/785/779 331/331/331
f 614/624/614 779/786/778 778/784/777
f 778/784/777 779/786/778 780/785/779
f 333/334/333 780/785/779 337/340/337
f 780/785/779 781/787/780 337/340/337
f 331/331/331 780/785/779 333/334/333
f 780/785/779 779/786/778 781/787/780
f 337/340/337 781/787/780 782/788/781
f 781/787/780 610/619/610 783/789/782
f 779/786/778 610/619/610 781/787/780
f 781/787/780 783/789/782 782/788/781
f 783/789/782 785/790/784 782/788/781
f 604/614/604 784/791/783 783/789/782
f 784/791/783 598/609/598 783/789/782
f 604/614/604 783/789/782 610/619/610
f 783/789/782 598/609/598 785/790/784
f 393/396/393 785/790/784 394/398/394
f 341/344/341 785/790/784 393/396/393
f 394/398/394 785/790/784 598/609/598
f 341/344/341 782/788/781 785/790/784
f 604/614/604 601/611/601 784/791/783
f 784/791/783 600/607/600 598/609/598
f 601/611/601 600/607/600 784/791/783
f 337/340/337 782/788/781 341/344/341
f 614/624/614 608/618/608 779/786/778
f 779/786/778 608/618/608 610/619/610
f 609/617/609 608/618/608 614/624/614
f 394/398/394 598/609/598 596/606/596
f 395/399/395 596/606/596 595/603/595
f 395/399/395 394/398/394 596/606/596
f 398/403/398 595/603/595 593/601/593
f 398/403/398 395/399/395 595/603/595
f 788/792/787 593/601/593 786/793/785
f 593/601/593 787/794/786 786/793/785
f 593/601/593 591/598/591 787/794/786
f 788/792/787 398/403/398 593/601/593
f 788/792/787 432/440/432 790/795/789
f 788/792/787 433/442/433 432/440/432
f 789/402/788 398/403/398 788/792/787
f 788/792/787 786/793/785 433/442/433
f 805/796/804 788/792/787 790/795/789
f 789/402/788 788/792/787 805/796/804
f 432/440/432 791/436/790 790/795/789
f 790/795/789 791/436/790 792/797/791
f 424/432/424 792/797/791 791/436/790
f 790/795/789 792/797/791 793/798/792
f 794/799/793 793/798/792 792/797/791
f 794/799/793 792/797/791 424/432/424
f 794/799/793 424/432/424 419/426/419
f 795/800/794 793/798/792 794/799/793
f 793/798/792 795/800/794 796/406/795
f 795/800/794 401/407/401 796/406/795
f 795/800/794 797/801/796 401/407/401
f 794/799/793 797/801/796 795/800/794
f 800/802/799 798/803/797 797/801/796
f 798/803/797 401/407/401 797/801/796
f 794/799/793 799/804/798 797/801/796
f 800/802/799 797/801/796 799/804/798
f 415/422/415 800/802/799 799/804/798
f 803/805/802 801/806/800 800/802/799
f 800/802/799 801/806/800 802/807/801
f 803/805/802 800/802/799 415/422/415
f 800/802/799 802/807/801 798/803/797
f 412/419/412 803/805/802 415/422/415
f 409/414/409 803/805/802 412/419/412
f 801/806/800 803/805/802 409/414/409
f 403/409/403 802/807/801 404/410/404
f 403/409/403 798/803/797 802/807/801
f 407/413/407 404/410/404 802/807/801
f 407/413/407 802/807/801 801/806/800
f 407/413/407 801/806/800 409/414/409
f 419/426/419 799/804/798 794/799/793
f 415/422/415 799/804/798 419/426/419
f 415/422/415 419/426/419 416/423/416
f 798/803/797 402/408/402 401/407/401
f 403/409/403 402/408/402 798/803/797
f 805/796/804 804/808/803 796/406/795
f 793/798/792 796/406/795 804/808/803
f 400/401/400 805/796/804 796/406/795
f 790/795/789 804/808/803 805/796/804
f 790/795/789 793/798/792 804/808/803
f 805/796/804 400/401/400 789/402/788
f 806/809/805 787/794/786 807/810/806
f 786/793/785 787/794/786 806/809/805
f 591/598/591 807/810/806 787/794/786
f 806/809/805 807/810/806 808/811/807
f 808/811/807 807/810/806 558/572/558
f 447/455/447 808/811/807 451/461/451
f 808/811/807 558/572/558 451/461/451
f 447/455/447 809/812/808 808/811/807
f 447/455/447 445/449/445 809/812/808
f 809/812/808 445/449/445 808/811/807
f 807/810/806 591/598/591 559/571/559
f 807/810/806 559/571/559 558/572/558
f 810/813/809 806/809/805 808/811/807
f 808/811/807 445/449/445 810/813/809
f 437/443/437 810/813/809 445/449/445
f 437/443/437 431/441/431 810/813/809
f 431/441/431 806/809/805 810/813/809
f 431/441/431 433/442/433 806/809/805
f 786/793/785 806/809/805 433/442/433
f 557/569/557 559/571/559 589/599/589
f 591/598/591 589/599/589 559/571/559
f 557/569/557 589/599/589 566/575/566
f 580/591/580 584/592/584 581/590/581
f 516/527/516 517/528/517 570/579/570
f 519/532/519 567/576/567 520/530/520
f 519/532/519 811/814/810 567/576/567
f 567/576/567 811/814/810 536/547/536
f 524/534/524 811/814/810 519/532/519
f 524/534/524 536/547/536 811/814/810
f 540/552/540 541/553/541 544/556/544
f 494/507/494 493/504/493 539/550/539
f 812/815/811 506/515/506 507/517/507
f 472/480/472 812/815/811 507/517/507
f 472/480/472 471/481/471 812/815/811
f 812/815/811 471/481/471 481/483/481
f 812/815/811 481/483/481 506/515/506
f 480/490/480 506/515/506 481/483/481
f 485/495/485 501/511/501 504/513/504
f 485/495/485 504/513/504 483/493/483
f 500/496/500 486/497/486 490/499/490
f 475/487/475 488/498/488 478/488/478
f 477/486/477 488/498/488 475/487/475
f 476/489/476 478/488/478 487/492/487
f 462/471/462 465/475/465 460/468/460
f 435/445/435 427/434/427 429/438/429
f 417/424/417 345/346/345 413/421/413
f 345/346/345 417/424/417 344/347/344
f 814/816/813 813/817/812 414/420/414
f 414/420/414 813/817/812 411/418/411
f 345/346/345 348/351/348 414/420/414
f 414/420/414 413/421/413 345/346/345
f 814/816/813 414/420/414 348/351/348
f 815/354/814 814/816/813 349/350/349
f 815/354/814 813/817/812 814/816/813
f 349/350/349 814/816/813 348/351/348
f 815/354/814 816/417/815 813/817/812
f 815/354/814 363/356/363 816/417/815
f 363/356/363 362/368/362 816/417/815
f 813/817/812 816/417/815 411/418/411
f 367/370/367 408/415/408 365/369/365
f 397/404/397 399/405/399 387/392/387
f 399/405/399 386/388/386 387/392/387
f 387/392/387 817/818/816 397/404/397
f 397/404/397 817/818/816 392/397/392
f 387/392/387 389/393/389 817/818/816
f 392/397/392 817/818/816 389/393/389
f 340/343/340 341/344/341 393/396/393
f 384/390/384 818/819/817 390/394/390
f 819/820/818 390/394/390 818/819/817
f 819/820/818 339/342/339 390/394/390
f 346/348/346 342/345/342 819/820/818
f 818/819/817 346/348/346 819/820/818
f 342/345/342 339/342/339 819/820/818
f 818/819/817 385/389/385 346/348/346
f 384/390/384 385/389/385 818/819/817
f 385/389/385 820/386/819 821/821/820
f 381/385/381 820/386/819 385/389/385
f 385/389/385 821/821/820 346/348/346
f 350/352/350 821/821/820 820/386/819
f 350/352/350 347/349/347 821/821/820
f 347/349/347 346/348/346 821/821/820
f 820/386/819 352/358/352 350/352/350
f 360/365/360 363/356/363 354/355/354
f 823/822/822 822/823/821 825/823/824
f 827/824/826 822/823/821 823/822/822
f 827/824/826 824/825/823 822/823/821
f 822/826/821 826/827/825 825/828/824
f 827/824/826 829/829/828 828/830/827
f 827/824/826 828/830/827 824/825/823
f 824/831/823 828/832/827 831/833/830
f 829/829/828 830/834/829 828/830/827
f 830/835/829 831/833/830 828/832/827
f 831/833/830 832/836/831 834/837/833
f 833/838/832 832/836/831 831/833/830
f 830/835/829 833/838/832 831/833/830
f 835/839/834 834/837/833 836/840/835
f 824/831/823 834/837/833 835/839/834
f 824/831/823 831/833/830 834/837/833
f 834/837/833 832/836/831 837/841/836
f 834/837/833 837/841/836 836/840/835
f 832/836/831 838/842/837 837/841/836
f 838/842/837 839/843/838 837/841/836
f 838/842/837 1239/844/1238 840/845/839
f 838/842/837 840/845/839 839/843/838
f 840/845/839 841/846/840 842/847/841
f 1106/848/1105 841/846/840 840/845/839
f 1239/844/1238 1106/848/1105 840/845/839
f 841/846/840 1100/849/1099 842/847/841
f 842/847/841 1100/849/1099 843/850/842
f 844/851/843 843/850/842 845/852/844
f 843/850/842 1100/849/1099 845/852/844
f 846/853/845 843/850/842 844/851/843
f 839/843/838 842/847/841 843/850/842
f 846/853/845 839/843/838 843/850/842
f 848/854/847 846/853/845 847/855/846
f 848/854/847 839/843/838 846/853/845
f 847/855/846 849/856/848 850/857/849
f 851/858/850 850/857/849 852/857/851
f 847/855/846 850/857/849 851/858/850
f 849/856/848 852/857/851 850/857/849
f 849/856/848 853/859/852 852/857/851
f 851/858/850 852/857/851 854/860/853
f 854/860/853 856/861/855 855/862/854
f 857/863/856 855/862/854 856/861/855
f 1004/864/1003 857/863/856 1002/865/1001
f 856/861/855 1002/865/1001 857/863/856
f 858/866/857 857/863/856 1004/864/1003
f 859/867/858 825/823/824 858/868/857
f 826/827/825 858/866/857 825/828/824
f 858/868/857 861/822/860 860/869/859
f 863/870/862 860/869/859 862/871/861
f 861/822/860 862/871/861 860/869/859
f 865/872/864 866/873/865 864/874/863
f 863/870/862 864/874/863 866/873/865
f 865/872/864 864/874/863 1009/875/1008
f 867/876/866 1206/877/1205 865/872/864
f 1206/877/1205 866/873/865 865/872/864
f 867/876/866 868/878/867 870/879/869
f 869/880/868 868/878/867 867/876/866
f 868/878/867 872/881/871 870/879/869
f 872/881/871 871/882/870 870/879/869
f 872/881/871 1201/883/1200 871/882/870
f 873/884/872 1151/885/1150 872/881/871
f 868/878/867 873/884/872 872/881/871
f 876/886/875 873/884/872 868/878/867
f 876/886/875 875/887/874 873/884/872
f 874/888/873 873/884/872 875/887/874
f 874/888/873 1152/889/1151 873/884/872
f 874/888/873 880/890/879 1152/889/1151
f 877/891/876 875/887/874 876/886/875
f 878/892/877 874/888/873 875/887/874
f 878/892/877 875/887/874 877/891/876
f 878/892/877 880/890/879 874/888/873
f 878/892/877 879/893/878 880/890/879
f 883/894/882 879/893/878 878/892/877
f 881/895/880 878/892/877 877/891/876
f 881/895/880 883/894/882 878/892/877
f 882/896/881 881/895/880 877/891/876
f 882/896/881 884/897/883 881/895/880
f 883/894/882 881/895/880 884/897/883
f 884/897/883 1159/898/1158 883/894/882
f 886/899/885 884/897/883 885/900/884
f 887/901/886 886/899/885 891/902/890
f 886/899/885 885/900/884 891/902/890
f 888/903/887 886/899/885 887/901/886
f 889/904/888 888/903/887 887/901/886
f 890/905/889 889/904/888 887/901/886
f 890/905/889 891/902/890 1092/906/1091
f 892/907/891 889/904/888 890/905/889
f 890/905/889 887/901/886 891/902/890
f 892/907/891 1163/908/1162 889/904/888
f 895/909/894 893/910/892 892/907/891
f 892/907/891 893/910/892 1163/908/1162
f 894/911/893 892/907/891 890/905/889
f 895/909/894 892/907/891 894/911/893
f 898/912/897 895/909/894 894/911/893
f 899/913/898 896/914/895 895/909/894
f 896/914/895 893/910/892 895/909/894
f 898/912/897 897/915/896 895/909/894
f 899/913/898 895/909/894 897/915/896
f 900/916/899 896/914/895 899/913/898
f 1185/917/1184 900/916/899 899/913/898
f 902/918/901 899/913/898 897/915/896
f 902/918/901 904/919/903 899/913/898
f 1185/917/1184 899/913/898 904/919/903
f 902/918/901 898/912/897 901/920/900
f 902/918/901 897/915/896 898/912/897
f 905/921/904 902/918/901 903/922/902
f 902/918/901 901/920/900 903/922/902
f 905/921/904 904/919/903 902/918/901
f 905/921/904 903/922/902 906/923/905
f 905/921/904 1101/924/1100 904/919/903
f 1098/925/1097 1101/924/1100 905/921/904
f 906/923/905 1098/925/1097 905/921/904
f 845/852/844 1098/925/1097 906/923/905
f 845/852/844 906/923/905 907/926/906
f 844/851/843 907/926/906 908/927/907
f 845/852/844 907/926/906 844/851/843
f 907/926/906 906/923/905 908/927/907
f 906/923/905 909/928/908 908/927/907
f 909/928/908 1097/929/1096 910/930/909
f 1097/929/1096 913/931/912 910/930/909
f 913/931/912 911/932/910 910/930/909
f 1097/929/1096 912/933/911 913/931/912
f 913/931/912 1082/934/1081 911/932/910
f 915/935/914 913/931/912 912/933/911
f 913/931/912 914/936/913 1082/934/1081
f 916/937/915 914/936/913 913/931/912
f 915/935/914 916/937/915 913/931/912
f 915/935/914 1092/906/1091 891/902/890
f 912/933/911 1092/906/1091 915/935/914
f 885/900/884 916/937/915 915/935/914
f 915/935/914 891/902/890 885/900/884
f 885/900/884 917/938/916 916/937/915
f 919/939/918 917/938/916 885/900/884
f 885/900/884 882/896/881 919/939/918
f 919/939/918 918/940/917 917/938/916
f 877/891/876 876/886/875 919/939/918
f 882/896/881 877/891/876 919/939/918
f 919/939/918 921/941/920 918/940/917
f 869/880/868 921/941/920 919/939/918
f 919/939/918 876/886/875 869/880/868
f 869/880/868 920/942/919 921/941/920
f 920/942/919 1062/943/1061 921/941/920
f 918/940/917 921/941/920 922/944/921
f 921/941/920 1062/943/1061 922/944/921
f 1062/943/1061 1061/945/1060 922/944/921
f 1078/946/1077 922/944/921 931/947/930
f 922/944/921 923/948/922 931/947/930
f 922/944/921 1061/945/1060 923/948/922
f 1061/945/1060 1060/949/1059 923/948/922
f 923/948/922 925/950/924 924/951/923
f 923/948/922 1060/949/1059 925/950/924
f 926/952/925 928/953/927 925/950/924
f 930/954/929 928/953/927 927/955/926
f 930/954/929 927/955/926 929/956/928
f 932/957/931 931/947/930 930/954/929
f 931/947/930 924/951/923 930/954/929
f 930/954/929 924/951/923 928/953/927
f 930/954/929 929/956/928 934/958/933
f 984/959/983 930/954/929 934/958/933
f 932/957/931 930/954/929 984/959/983
f 934/958/933 1042/960/1041 935/961/934
f 929/956/928 1042/960/1041 934/958/933
f 1042/960/1041 936/962/935 937/963/936
f 1042/960/1041 937/963/936 935/961/934
f 936/962/935 1043/964/1042 938/965/937
f 1043/964/1042 1044/966/1043 938/965/937
f 938/965/937 940/967/939 939/968/938
f 938/965/937 1044/966/1043 940/967/939
f 939/968/938 940/967/939 941/969/940
f 940/967/939 1045/970/1044 941/969/940
f 941/971/940 1045/972/1044 942/973/941
f 943/974/942 942/973/941 1045/972/1044
f 945/975/944 943/976/942 944/977/943
f 945/975/944 942/978/941 943/976/942
f 946/979/945 945/975/944 944/977/943
f 1088/980/1087 945/975/944 946/979/945
f 947/981/946 1088/980/1087 946/979/945
f 948/982/947 950/983/949 947/981/946
f 950/983/949 1088/980/1087 947/981/946
f 949/984/948 950/983/949 948/982/947
f 951/985/950 949/984/948 948/982/947
f 1091/986/1090 1090/987/1089 951/985/950
f 952/988/951 1091/986/1090 951/985/950
f 953/989/952 1091/986/1090 952/988/951
f 953/989/952 954/990/953 1091/986/1090
f 955/991/954 954/990/953 953/989/952
f 988/992/987 954/990/953 955/991/954
f 988/992/987 956/993/955 954/990/953
f 954/990/953 956/993/955 957/994/956
f 956/993/955 958/995/957 957/994/956
f 958/995/957 961/996/960 960/997/959
f 957/994/956 958/995/957 959/998/958
f 958/995/957 960/997/959 959/998/958
f 959/998/958 960/997/959 962/999/961
f 960/997/959 979/1000/978 962/999/961
f 962/999/961 972/1001/971 1089/1002/1088
f 1089/1002/1088 972/1001/971 963/1003/962
f 963/1003/962 974/1004/973 964/1005/963
f 972/1001/971 974/1004/973 963/1003/962
f 964/1005/963 965/1006/964 966/1007/965
f 966/1008/965 965/1009/964 967/1010/966
f 976/1011/975 967/1010/966 965/1009/964
f 968/1012/967 967/1013/966 976/1014/975
f 981/1015/980 968/1012/967 969/1016/968
f 970/1017/969 981/1015/980 969/1016/968
f 971/1018/970 981/1015/980 970/1017/969
f 979/1000/978 981/1015/980 971/1018/970
f 962/999/961 979/1000/978 971/1018/970
f 972/1001/971 971/1018/970 970/1017/969
f 962/999/961 971/1018/970 972/1001/971
f 972/1001/971 970/1017/969 973/1019/972
f 973/1019/972 974/1004/973 972/1001/971
f 974/1004/973 975/1020/974 965/1006/964
f 974/1004/973 965/1006/964 964/1005/963
f 965/1009/964 975/1021/974 977/1022/976
f 977/1022/976 976/1011/975 965/1009/964
f 969/1016/968 976/1014/975 977/1023/976
f 970/1017/969 969/1016/968 977/1023/976
f 973/1019/972 970/1017/969 978/1024/977
f 978/1024/977 975/1020/974 973/1019/972
f 973/1019/972 975/1020/974 974/1004/973
f 978/1025/977 977/1022/976 975/1021/974
f 970/1017/969 977/1023/976 978/1024/977
f 969/1016/968 968/1012/967 976/1014/975
f 979/1000/978 980/1026/979 981/1015/980
f 980/1026/979 937/963/936 981/1015/980
f 981/1015/980 936/962/935 938/965/937
f 937/963/936 936/962/935 981/1015/980
f 981/1015/980 938/965/937 968/1012/967
f 938/965/937 939/968/938 968/1012/967
f 968/1012/967 939/968/938 967/1013/966
f 939/968/938 941/969/940 967/1013/966
f 935/961/934 937/963/936 980/1026/979
f 982/1027/981 980/1026/979 979/1000/978
f 935/961/934 980/1026/979 982/1027/981
f 933/1028/932 935/961/934 982/1027/981
f 982/1027/981 979/1000/978 960/997/959
f 983/1029/982 982/1027/981 960/997/959
f 933/1028/932 982/1027/981 983/1029/982
f 984/959/983 933/1028/932 983/1029/982
f 983/1029/982 960/997/959 961/996/960
f 934/958/933 933/1028/932 984/959/983
f 1078/946/1077 932/957/931 985/1030/984
f 932/957/931 984/959/983 985/1030/984
f 985/1030/984 984/959/983 1074/1029/1073
f 1074/1029/1073 983/1029/982 986/1031/985
f 984/959/983 983/1029/982 1074/1029/1073
f 983/1029/982 961/996/960 986/1031/985
f 958/995/957 986/1031/985 961/996/960
f 987/936/986 986/1031/985 958/995/957
f 956/993/955 987/936/986 958/995/957
f 988/992/987 987/936/986 956/993/955
f 989/934/988 987/936/986 988/992/987
f 989/934/988 990/936/989 987/936/986
f 955/991/954 989/934/988 988/992/987
f 991/1032/990 1069/1033/1068 955/991/954
f 1069/1033/1068 989/934/988 955/991/954
f 955/991/954 992/1034/991 991/1032/990
f 955/991/954 953/989/952 992/1034/991
f 992/1034/991 953/989/952 993/1035/992
f 992/1034/991 993/1035/992 996/1036/995
f 993/1035/992 1026/1037/1025 996/1036/995
f 993/1035/992 994/1038/993 1026/1037/1025
f 995/1039/994 996/1036/995 1026/1037/1025
f 997/1036/996 996/1036/995 995/1039/994
f 992/1034/991 996/1036/995 997/1036/996
f 991/1032/990 997/1036/996 999/1040/998
f 991/1032/990 992/1034/991 997/1036/996
f 997/1036/996 995/1039/994 998/1041/997
f 999/1040/998 997/1036/996 998/1041/997
f 991/1032/990 999/1040/998 1063/1042/1062
f 853/859/852 1063/1042/1062 999/1040/998
f 999/1040/998 1000/1043/999 853/859/852
f 852/857/851 853/859/852 1000/1043/999
f 852/857/851 1000/1043/999 1021/857/1020
f 852/857/851 1021/857/1020 1001/1044/1000
f 856/861/855 854/860/853 1001/1044/1000
f 852/857/851 1001/1044/1000 854/860/853
f 856/861/855 1001/1044/1000 1002/865/1001
f 1002/865/1001 1001/1044/1000 1003/1045/1002
f 1004/864/1003 1003/1045/1002 1022/1046/1021
f 1004/864/1003 1002/865/1001 1003/1045/1002
f 858/866/857 1004/864/1003 1005/828/1004
f 858/868/857 1005/823/1004 861/822/860
f 1005/823/1004 1025/823/1024 861/822/860
f 1005/828/1004 1004/864/1003 1025/1047/1024
f 861/822/860 1007/1048/1006 862/871/861
f 861/822/860 1006/1049/1005 1007/1048/1006
f 1025/823/1024 1006/1049/1005 861/822/860
f 862/871/861 1007/1048/1006 1008/874/1007
f 864/874/863 862/871/861 1008/874/1007
f 864/874/863 1008/874/1007 1011/952/1010
f 863/870/862 862/871/861 864/874/863
f 864/874/863 1011/952/1010 1009/875/1008
f 1009/875/1008 1011/952/1010 1010/1050/1009
f 1010/1050/1009 1011/952/1010 926/952/925
f 1011/952/1010 1008/874/1007 926/952/925
f 926/952/925 1008/874/1007 1059/1051/1058
f 1012/1052/1011 1059/1051/1058 1008/874/1007
f 1007/1048/1006 1012/1052/1011 1008/874/1007
f 1059/1051/1058 1012/1052/1011 1013/1053/1012
f 1012/1052/1011 1014/1054/1013 1013/1053/1012
f 1018/1055/1017 1016/1056/1015 1015/1057/1014
f 1017/1058/1016 1016/1056/1015 1018/1055/1017
f 1019/1059/1018 1017/1058/1016 1018/1055/1017
f 1020/857/1019 1017/1058/1016 1019/1059/1018
f 1022/1046/1021 1019/1059/1018 1018/1055/1017
f 1021/857/1020 1020/857/1019 1019/1059/1018
f 1021/857/1020 995/1039/994 1020/857/1019
f 1021/857/1020 998/1041/997 995/1039/994
f 1000/1043/999 998/1041/997 1021/857/1020
f 1021/857/1020 1019/1059/1018 1001/1044/1000
f 1022/1046/1021 1001/1044/1000 1019/1059/1018
f 1003/1045/1002 1001/1044/1000 1022/1046/1021
f 1022/1046/1021 1018/1055/1017 1023/827/1022
f 1025/1047/1024 1004/864/1003 1023/827/1022
f 1004/864/1003 1022/1046/1021 1023/827/1022
f 1024/828/1023 1023/827/1022 1015/1057/1014
f 1018/1055/1017 1015/1057/1014 1023/827/1022
f 1025/1047/1024 1023/827/1022 1024/828/1023
f 1025/823/1024 1024/823/1023 1006/1049/1005
f 1012/1052/1011 1006/1049/1005 1014/1054/1013
f 1024/823/1023 1014/1054/1013 1006/1049/1005
f 1007/1048/1006 1006/1049/1005 1012/1052/1011
f 1024/823/1023 1056/1060/1055 1014/1054/1013
f 1024/828/1023 1015/1057/1014 1056/1061/1055
f 999/1040/998 998/1041/997 1000/1043/999
f 1020/857/1019 1026/1037/1025 1017/1058/1016
f 1020/857/1019 995/1039/994 1026/1037/1025
f 1017/1058/1016 1026/1037/1025 1027/1062/1026
f 1026/1037/1025 994/1038/993 1027/1062/1026
f 951/985/950 1029/1063/1028 994/1038/993
f 994/1038/993 1029/1063/1028 1027/1062/1026
f 1027/1062/1026 1029/1063/1028 1028/1064/1027
f 1029/1063/1028 1030/1065/1029 1028/1064/1027
f 1028/1064/1027 1030/1065/1029 1031/1066/1030
f 1030/1065/1029 944/977/943 1032/1067/1031
f 1030/1065/1029 1032/1067/1031 1031/1066/1030
f 944/977/943 1033/1068/1032 1032/1067/1031
f 1032/1067/1031 1033/1068/1032 1034/1069/1033
f 1034/1070/1033 1033/1071/1032 1035/1072/1034
f 1036/1073/1035 1035/1072/1034 1033/1071/1032
f 1037/1074/1036 1035/1075/1034 1036/1076/1035
f 1039/1077/1038 1049/1078/1048 1037/1074/1036
f 1038/1079/1037 1037/1074/1036 1036/1076/1035
f 1039/1077/1038 1037/1074/1036 1038/1079/1037
f 1047/1080/1046 1049/1078/1048 1039/1077/1038
f 1040/949/1039 1047/1080/1046 1039/1077/1038
f 927/955/926 1047/1080/1046 1040/949/1039
f 1042/960/1041 927/955/926 1040/949/1039
f 1042/960/1041 1040/949/1039 1041/1081/1040
f 927/955/926 1042/960/1041 929/956/928
f 1041/1081/1040 1040/949/1039 1043/964/1042
f 936/962/935 1041/1081/1040 1043/964/1042
f 1043/964/1042 1040/949/1039 1044/966/1043
f 1040/949/1039 1039/1077/1038 1044/966/1043
f 1044/966/1043 1038/1079/1037 940/967/939
f 1044/966/1043 1039/1077/1038 1038/1079/1037
f 940/967/939 1038/1079/1037 1045/970/1044
f 1038/1079/1037 1036/1076/1035 1045/970/1044
f 1045/972/1044 1036/1073/1035 1033/1071/1032
f 1033/1071/1032 943/974/942 1045/972/1044
f 1042/960/1041 1041/1081/1040 936/962/935
f 927/955/926 1046/1082/1045 1047/1080/1046
f 1046/1082/1045 1058/1083/1057 1047/1080/1046
f 1058/1083/1057 1048/1084/1047 1047/1080/1046
f 1058/1083/1057 1057/1085/1056 1048/1084/1047
f 1048/1084/1047 1057/1085/1056 1049/1078/1048
f 1057/1085/1056 1050/1086/1049 1049/1078/1048
f 1055/1087/1054 1031/1066/1030 1052/1088/1051
f 1053/1089/1052 1031/1066/1030 1055/1087/1054
f 1054/1090/1053 1028/1064/1027 1053/1089/1052
f 1027/1062/1026 1028/1064/1027 1054/1090/1053
f 1054/1090/1053 1055/1087/1054 1016/1056/1015
f 1054/1090/1053 1053/1089/1052 1055/1087/1054
f 1016/1056/1015 1055/1087/1054 1015/1057/1014
f 1015/1057/1014 1052/1088/1051 1051/828/1050
f 1055/1087/1054 1052/1088/1051 1015/1057/1014
f 1015/1057/1014 1051/828/1050 1056/1061/1055
f 1014/1054/1013 1056/1060/1055 1051/823/1050
f 1057/1085/1056 1014/1054/1013 1050/1086/1049
f 1014/1054/1013 1051/823/1050 1050/1086/1049
f 1013/1053/1012 1014/1054/1013 1057/1085/1056
f 1017/1058/1016 1054/1090/1053 1016/1056/1015
f 1017/1058/1016 1027/1062/1026 1054/1090/1053
f 1028/1064/1027 1031/1066/1030 1053/1089/1052
f 1031/1066/1030 1032/1067/1031 1052/1088/1051
f 1032/1067/1031 1034/1069/1033 1052/1088/1051
f 1035/1072/1034 1051/1091/1050 1034/1070/1033
f 1052/1088/1051 1034/1069/1033 1051/828/1050
f 1050/1086/1049 1051/823/1050 1035/1075/1034
f 1037/1074/1036 1050/1086/1049 1035/1075/1034
f 1049/1078/1048 1050/1086/1049 1037/1074/1036
f 1047/1080/1046 1048/1084/1047 1049/1078/1048
f 1058/1083/1057 1013/1053/1012 1057/1085/1056
f 1059/1051/1058 1013/1053/1012 1058/1083/1057
f 1059/1051/1058 1058/1083/1057 1046/1082/1045
f 926/952/925 1059/1051/1058 928/953/927
f 1059/1051/1058 1046/1082/1045 928/953/927
f 928/953/927 1046/1082/1045 927/955/926
f 944/977/943 943/976/942 1033/1068/1032
f 946/979/945 944/977/943 1030/1065/1029
f 1029/1063/1028 946/979/945 1030/1065/1029
f 947/981/946 946/979/945 1029/1063/1028
f 948/982/947 947/981/946 1029/1063/1028
f 951/985/950 948/982/947 1029/1063/1028
f 1060/949/1059 1010/1050/1009 925/950/924
f 1010/1050/1009 926/952/925 925/950/924
f 1061/945/1060 1010/1050/1009 1060/949/1059
f 1009/875/1008 1061/945/1060 1062/943/1061
f 1061/945/1060 1009/875/1008 1010/1050/1009
f 1062/943/1061 865/872/864 1009/875/1008
f 865/872/864 1062/943/1061 920/942/919
f 849/856/848 1063/1042/1062 853/859/852
f 1064/1036/1063 1065/1092/1064 1063/1042/1062
f 1065/1092/1064 991/1032/990 1063/1042/1062
f 1065/1092/1064 1066/1093/1065 991/1032/990
f 910/930/909 991/1032/990 1066/1093/1065
f 1067/1094/1066 1066/1093/1065 1065/1092/1064
f 1067/1094/1066 909/928/908 1066/1093/1065
f 1066/1093/1065 909/928/908 910/930/909
f 1068/1095/1067 908/927/907 1067/1094/1066
f 908/927/907 909/928/908 1067/1094/1066
f 844/851/843 908/927/907 1068/1095/1067
f 846/853/845 1068/1095/1067 847/855/846
f 1068/1095/1067 1067/1094/1066 847/855/846
f 846/853/845 844/851/843 1068/1095/1067
f 847/855/846 1067/1094/1066 1064/1036/1063
f 1067/1094/1066 1065/1092/1064 1064/1036/1063
f 847/855/846 1064/1036/1063 1063/1042/1062
f 847/855/846 1063/1042/1062 849/856/848
f 994/1038/993 952/988/951 951/985/950
f 993/1035/992 952/988/951 994/1038/993
f 953/989/952 952/988/951 993/1035/992
f 910/930/909 1069/1033/1068 991/1032/990
f 1069/1033/1068 1070/934/1069 989/934/988
f 1070/934/1069 1071/936/1070 989/934/988
f 1070/934/1069 1083/936/1082 1071/936/1070
f 989/934/988 1071/936/1070 990/936/989
f 1083/936/1082 1072/1096/1071 1071/936/1070
f 1072/1096/1071 990/936/989 1071/936/1070
f 1083/936/1082 1084/1097/1083 1072/1096/1071
f 1073/1098/1072 1072/1096/1071 1084/1097/1083
f 1085/1099/1084 1073/1098/1072 1084/1097/1083
f 1075/1100/1074 1073/1098/1072 1085/1099/1084
f 1073/1098/1072 1074/1029/1073 1072/1096/1071
f 1073/1098/1072 985/1030/984 1074/1029/1073
f 1074/1029/1073 986/1031/985 1072/1096/1071
f 1076/1026/1075 1086/1026/1085 1075/1100/1074
f 1078/946/1077 1086/1026/1085 1076/1026/1075
f 1077/1101/1076 1078/946/1077 1076/1026/1075
f 918/940/917 1078/946/1077 1077/1101/1076
f 918/940/917 922/944/921 1078/946/1077
f 917/938/916 918/940/917 1077/1101/1076
f 917/938/916 1077/1101/1076 1076/1026/1075
f 917/938/916 1076/1026/1075 1079/1100/1078
f 916/937/915 917/938/916 1079/1100/1078
f 916/937/915 1079/1100/1078 1080/1099/1079
f 916/937/915 1080/1099/1079 1081/1102/1080
f 916/937/915 1081/1102/1080 914/936/913
f 1082/934/1081 914/936/913 1083/936/1082
f 914/936/913 1084/1097/1083 1083/936/1082
f 914/936/913 1081/1102/1080 1084/1097/1083
f 1081/1102/1080 1085/1099/1084 1084/1097/1083
f 1081/1102/1080 1080/1099/1079 1085/1099/1084
f 1080/1099/1079 1075/1100/1074 1085/1099/1084
f 1082/934/1081 1083/936/1082 1070/934/1069
f 911/932/910 1082/934/1081 1070/934/1069
f 1080/1099/1079 1079/1100/1078 1075/1100/1074
f 1076/1026/1075 1075/1100/1074 1079/1100/1078
f 1086/1026/1085 1073/1098/1072 1075/1100/1074
f 1073/1098/1072 1086/1026/1085 985/1030/984
f 1078/946/1077 985/1030/984 1086/1026/1085
f 990/936/989 1072/1096/1071 986/1031/985
f 911/932/910 1070/934/1069 1069/1033/1068
f 911/932/910 1069/1033/1068 910/930/909
f 990/936/989 986/1031/985 987/936/986
f 967/1010/966 941/971/940 942/973/941
f 942/973/941 966/1008/965 967/1010/966
f 1087/1103/1086 942/978/941 945/975/944
f 1087/1103/1086 966/1007/965 942/978/941
f 1088/980/1087 1087/1103/1086 945/975/944
f 963/1003/962 1088/980/1087 950/983/949
f 1088/980/1087 964/1005/963 1087/1103/1086
f 963/1003/962 964/1005/963 1088/980/1087
f 949/984/948 963/1003/962 950/983/949
f 1089/1002/1088 963/1003/962 949/984/948
f 959/998/958 962/999/961 1089/1002/1088
f 1090/987/1089 959/998/958 1089/1002/1088
f 957/994/956 959/998/958 1090/987/1089
f 1091/986/1090 957/994/956 1090/987/1089
f 951/985/950 1090/987/1089 949/984/948
f 1090/987/1089 1089/1002/1088 949/984/948
f 964/1005/963 966/1007/965 1087/1103/1086
f 954/990/953 957/994/956 1091/986/1090
f 934/958/933 935/961/934 933/1028/932
f 1078/946/1077 931/947/930 932/957/931
f 923/948/922 924/951/923 931/947/930
f 925/950/924 928/953/927 924/951/923
f 869/880/868 867/876/866 920/942/919
f 867/876/866 865/872/864 920/942/919
f 1093/1104/1092 1092/906/1091 912/933/911
f 1094/1105/1093 1092/906/1091 1093/1104/1092
f 1095/1106/1094 1093/1104/1092 912/933/911
f 1095/1106/1094 1094/1105/1093 1093/1104/1092
f 1095/1106/1094 912/933/911 1097/929/1096
f 901/920/900 1096/1107/1095 1095/1106/1094
f 1095/1106/1094 1096/1107/1095 1094/1105/1093
f 901/920/900 1095/1106/1094 1097/929/1096
f 903/922/902 901/920/900 1097/929/1096
f 903/922/902 1097/929/1096 909/928/908
f 901/920/900 898/912/897 1096/1107/1095
f 1096/1107/1095 898/912/897 894/911/893
f 1096/1107/1095 894/911/893 1094/1105/1093
f 894/911/893 890/905/889 1094/1105/1093
f 1094/1105/1093 890/905/889 1092/906/1091
f 906/923/905 903/922/902 909/928/908
f 1099/1108/1098 1098/925/1097 845/852/844
f 1099/1108/1098 1101/924/1100 1098/925/1097
f 1099/1108/1098 1102/1109/1101 1101/924/1100
f 1100/849/1099 1099/1108/1098 845/852/844
f 1102/1109/1101 1099/1108/1098 1100/849/1099
f 1104/1110/1103 1102/1109/1101 1100/849/1099
f 1104/1110/1103 1103/1111/1102 1102/1109/1101
f 1105/1112/1104 1103/1111/1102 1104/1110/1103
f 1107/1113/1106 1105/1112/1104 1104/1110/1103
f 1107/1113/1106 1104/1110/1103 1106/848/1105
f 1225/1114/1224 1107/1113/1106 1106/848/1105
f 1225/1114/1224 1224/1115/1223 1107/1113/1106
f 1224/1115/1223 1223/1116/1222 1107/1113/1106
f 1107/1113/1106 1223/1116/1222 1108/1117/1107
f 1107/1113/1106 1108/1117/1107 1105/1112/1104
f 1108/1117/1107 1109/1118/1108 1111/1119/1110
f 1108/1117/1107 1110/1120/1109 1109/1118/1108
f 1223/1116/1222 1110/1120/1109 1108/1117/1107
f 1108/1117/1107 1111/1119/1110 1105/1112/1104
f 1105/1112/1104 1111/1119/1110 1103/1111/1102
f 1111/1119/1110 1112/1121/1111 1103/1111/1102
f 1112/1121/1111 1111/1119/1110 1113/1122/1112
f 1103/1111/1102 1112/1121/1111 1102/1109/1101
f 1113/1122/1112 1247/1123/1246 1114/1124/1113
f 1111/1119/1110 1247/1123/1246 1113/1122/1112
f 1114/1124/1113 1191/1125/1190 1116/1126/1115
f 1115/1127/1114 1191/1125/1190 1114/1124/1113
f 1118/1128/1117 1115/1127/1114 1114/1124/1113
f 1114/1124/1113 1116/1126/1115 1113/1122/1112
f 1118/1128/1117 1114/1124/1113 1247/1123/1246
f 1118/1128/1117 1117/1129/1116 1119/1130/1118
f 1118/1128/1117 1119/1130/1118 1115/1127/1114
f 1119/1131/1118 1117/1132/1116 1246/1133/1245
f 1246/1133/1245 1120/1134/1119 1119/1131/1118
f 1120/1134/1119 1121/1135/1120 1119/1131/1118
f 1122/1136/1121 1121/1137/1120 1120/1138/1119
f 1121/1137/1120 1122/1136/1121 1123/1139/1122
f 1122/1136/1121 1120/1138/1119 1124/1140/1123
f 1122/1136/1121 1124/1140/1123 1125/1141/1124
f 1124/1140/1123 1127/1142/1126 1125/1141/1124
f 1124/1140/1123 1120/1138/1119 1246/1143/1245
f 1124/1140/1123 1126/1144/1125 1127/1142/1126
f 1124/1140/1123 1246/1143/1245 1126/1144/1125
f 1125/1141/1124 1127/1142/1126 1128/1145/1127
f 1127/1142/1126 1129/1146/1128 1128/1145/1127
f 1127/1142/1126 1130/1147/1129 1129/1146/1128
f 1131/1148/1130 1130/1147/1129 1133/1149/1132
f 1129/1146/1128 1130/1147/1129 1131/1148/1130
f 1127/1142/1126 1245/1150/1244 1130/1147/1129
f 1245/1150/1244 1133/1149/1132 1130/1147/1129
f 1132/1151/1131 1133/1149/1132 1134/1152/1133
f 1131/1148/1130 1133/1149/1132 1132/1151/1131
f 1135/1153/1134 1134/1152/1133 1137/1154/1136
f 1132/1151/1131 1134/1152/1133 1135/1153/1134
f 1133/1149/1132 1136/1155/1135 1134/1152/1133
f 1136/1155/1135 1137/1154/1136 1134/1152/1133
f 1135/1153/1134 1137/1154/1136 1138/1156/1137
f 1137/1154/1136 1140/1157/1139 1138/1156/1137
f 1136/1155/1135 1139/1158/1138 1137/1154/1136
f 1137/1154/1136 1139/1158/1138 1140/1157/1139
f 1140/1157/1139 1141/1159/1140 1142/1160/1141
f 1139/1158/1138 1141/1159/1140 1140/1157/1139
f 1141/1159/1140 1143/1161/1142 1142/1160/1141
f 1145/1162/1144 1143/1161/1142 1144/1163/1143
f 1146/1164/1145 1143/1161/1142 1145/1162/1144
f 1146/1164/1145 1142/1160/1141 1143/1161/1142
f 1148/1165/1147 1146/1164/1145 1147/1166/1146
f 1147/1166/1146 1146/1164/1145 1145/1162/1144
f 1148/1165/1147 1142/1160/1141 1146/1164/1145
f 1140/1157/1139 1142/1160/1141 1148/1165/1147
f 1138/1156/1137 1140/1157/1139 1148/1165/1147
f 1138/1156/1137 1148/1165/1147 1149/1167/1148
f 1135/1153/1134 1138/1156/1137 1149/1167/1148
f 1132/1151/1131 1135/1153/1134 1150/1168/1149
f 1135/1153/1134 1149/1167/1148 1150/1168/1149
f 1152/889/1151 1132/1151/1131 1151/885/1150
f 1132/1151/1131 1150/1168/1149 1151/885/1150
f 1152/889/1151 1131/1148/1130 1132/1151/1131
f 1153/1169/1152 1131/1148/1130 1152/889/1151
f 1197/1170/1196 1129/1146/1128 1153/1169/1152
f 1129/1146/1128 1131/1148/1130 1153/1169/1152
f 1154/1171/1153 1197/1170/1196 1153/1169/1152
f 880/890/879 1154/1171/1153 1153/1169/1152
f 879/893/878 1154/1171/1153 880/890/879
f 1154/1171/1153 1196/1172/1195 1197/1170/1196
f 1156/1173/1155 1196/1172/1195 1154/1171/1153
f 1156/1173/1155 1154/1171/1153 879/893/878
f 1156/1173/1155 1195/1174/1194 1196/1172/1195
f 1156/1173/1155 879/893/878 1155/1175/1154
f 1156/1173/1155 1157/1176/1156 1195/1174/1194
f 1158/1177/1157 1157/1176/1156 1156/1173/1155
f 1156/1173/1155 1155/1175/1154 1159/898/1158
f 1159/898/1158 1158/1177/1157 1156/1173/1155
f 886/899/885 1159/898/1158 884/897/883
f 1160/1178/1159 1158/1177/1157 1159/898/1158
f 886/899/885 1160/1178/1159 1159/898/1158
f 888/903/887 1160/1178/1159 886/899/885
f 1161/1179/1160 1160/1178/1159 888/903/887
f 1162/1180/1161 1160/1178/1159 1161/1179/1160
f 1164/1181/1163 1162/1180/1161 1161/1179/1160
f 1163/908/1162 1161/1179/1160 888/903/887
f 1164/1181/1163 1161/1179/1160 1163/908/1162
f 1165/1182/1164 1164/1181/1163 1163/908/1162
f 1164/1181/1163 1170/1183/1169 1166/1184/1165
f 1190/1185/1189 1170/1183/1169 1164/1181/1163
f 1165/1182/1164 1190/1185/1189 1164/1181/1163
f 1164/1181/1163 1166/1184/1165 1162/1180/1161
f 1162/1180/1161 1166/1184/1165 1167/1186/1166
f 1168/1187/1167 1167/1186/1166 1166/1184/1165
f 1170/1183/1169 1168/1187/1167 1166/1184/1165
f 1170/1183/1169 1169/1188/1168 1168/1187/1167
f 1169/1188/1168 1171/1189/1170 1168/1187/1167
f 1168/1187/1167 1171/1189/1170 1167/1186/1166
f 1169/1188/1168 1172/1190/1171 1171/1189/1170
f 1172/1190/1171 1173/1191/1172 1174/1192/1173
f 1175/1193/1174 1173/1191/1172 1172/1190/1171
f 1172/1190/1171 1174/1192/1173 1171/1189/1170
f 1176/1194/1175 1175/1193/1174 1172/1190/1171
f 1177/1195/1176 1193/1196/1192 1175/1193/1174
f 1177/1195/1176 1175/1193/1174 1176/1194/1175
f 1193/1197/1192 1177/1198/1176 1178/1199/1177
f 1179/1200/1178 1178/1201/1177 1177/1195/1176
f 1180/1202/1179 1178/1201/1177 1179/1200/1178
f 1181/1203/1180 1178/1201/1177 1180/1202/1179
f 1182/1204/1181 1181/1203/1180 1180/1202/1179
f 1183/1205/1182 1181/1203/1180 1182/1204/1181
f 1183/1205/1182 1191/1125/1190 1181/1203/1180
f 1184/1206/1183 1183/1205/1182 1182/1204/1181
f 1186/1207/1185 1183/1205/1182 1184/1206/1183
f 1116/1126/1115 1191/1125/1190 1183/1205/1182
f 1186/1207/1185 1116/1126/1115 1183/1205/1182
f 1185/917/1184 1186/1207/1185 1184/1206/1183
f 1101/924/1100 1186/1207/1185 1185/917/1184
f 1101/924/1100 1185/917/1184 904/919/903
f 1186/1207/1185 1113/1122/1112 1116/1126/1115
f 1112/1121/1111 1113/1122/1112 1186/1207/1185
f 1101/924/1100 1112/1121/1111 1186/1207/1185
f 900/916/899 1184/1206/1183 1187/1208/1186
f 1184/1206/1183 1182/1204/1181 1187/1208/1186
f 1185/917/1184 1184/1206/1183 900/916/899
f 1187/1208/1186 1182/1204/1181 1188/1209/1187
f 1182/1204/1181 1180/1202/1179 1179/1200/1178
f 1182/1204/1181 1179/1200/1178 1188/1209/1187
f 1179/1200/1178 1189/1210/1188 1170/1183/1169
f 1179/1200/1178 1170/1183/1169 1188/1209/1187
f 1179/1200/1178 1177/1195/1176 1189/1210/1188
f 1177/1195/1176 1176/1194/1175 1189/1210/1188
f 1170/1183/1169 1189/1210/1188 1169/1188/1168
f 1189/1210/1188 1176/1194/1175 1169/1188/1168
f 1187/1208/1186 1188/1209/1187 1190/1185/1189
f 1188/1209/1187 1170/1183/1169 1190/1185/1189
f 900/916/899 1187/1208/1186 896/914/895
f 1187/1208/1186 1165/1182/1164 896/914/895
f 1187/1208/1186 1190/1185/1189 1165/1182/1164
f 1119/1130/1118 1192/1211/1191 1191/1125/1190
f 1191/1125/1190 1192/1211/1191 1181/1203/1180
f 1181/1203/1180 1192/1211/1191 1178/1201/1177
f 1178/1199/1177 1192/1212/1191 1193/1197/1192
f 1193/1196/1192 1121/1137/1120 1123/1139/1122
f 1121/1135/1120 1193/1197/1192 1192/1212/1191
f 1193/1196/1192 1123/1139/1122 1175/1193/1174
f 1115/1127/1114 1119/1130/1118 1191/1125/1190
f 1192/1212/1191 1119/1131/1118 1121/1135/1120
f 1176/1194/1175 1172/1190/1171 1169/1188/1168
f 1173/1191/1172 1194/1213/1193 1174/1192/1173
f 1174/1192/1173 1194/1213/1193 1195/1174/1194
f 1194/1213/1193 1196/1172/1195 1195/1174/1194
f 1157/1176/1156 1174/1192/1173 1195/1174/1194
f 1198/1214/1197 1197/1170/1196 1196/1172/1195
f 1194/1213/1193 1198/1214/1197 1196/1172/1195
f 1194/1213/1193 1125/1141/1124 1198/1214/1197
f 1125/1141/1124 1128/1145/1127 1198/1214/1197
f 1198/1214/1197 1128/1145/1127 1197/1170/1196
f 1128/1145/1127 1129/1146/1128 1197/1170/1196
f 1173/1191/1172 1122/1136/1121 1194/1213/1193
f 1194/1213/1193 1122/1136/1121 1125/1141/1124
f 1199/1215/1198 1174/1192/1173 1157/1176/1156
f 1199/1215/1198 1167/1186/1166 1174/1192/1173
f 1171/1189/1170 1174/1192/1173 1167/1186/1166
f 1158/1177/1157 1199/1215/1198 1157/1176/1156
f 1160/1178/1159 1199/1215/1198 1158/1177/1157
f 1200/1216/1199 1167/1186/1166 1199/1215/1198
f 1160/1178/1159 1200/1216/1199 1199/1215/1198
f 1162/1180/1161 1200/1216/1199 1160/1178/1159
f 1162/1180/1161 1167/1186/1166 1200/1216/1199
f 1175/1193/1174 1123/1139/1122 1173/1191/1172
f 1123/1139/1122 1122/1136/1121 1173/1191/1172
f 893/910/892 1165/1182/1164 1163/908/1162
f 896/914/895 1165/1182/1164 893/910/892
f 1159/898/1158 1155/1175/1154 883/894/882
f 883/894/882 1155/1175/1154 879/893/878
f 1153/1169/1152 1152/889/1151 880/890/879
f 1151/885/1150 1150/1168/1149 872/881/871
f 1150/1168/1149 1201/883/1200 872/881/871
f 1150/1168/1149 1149/1167/1148 1201/883/1200
f 1201/883/1200 1202/1217/1201 1203/1218/1202
f 1201/883/1200 1148/1165/1147 1202/1217/1201
f 1201/883/1200 1149/1167/1148 1148/1165/1147
f 1202/1217/1201 827/824/826 1203/1218/1202
f 871/882/870 1201/883/1200 1203/1218/1202
f 1203/1218/1202 827/824/826 1204/1219/1203
f 1205/874/1204 1203/1218/1202 1204/1219/1203
f 1205/874/1204 871/882/870 1203/1218/1202
f 1205/874/1204 1207/870/1206 1206/877/1205
f 867/876/866 871/882/870 1205/874/1204
f 1205/874/1204 1204/1219/1203 1207/870/1206
f 1205/874/1204 1206/877/1205 867/876/866
f 1204/1219/1203 859/867/858 1207/870/1206
f 859/867/858 1208/869/1207 1207/870/1206
f 1208/869/1207 860/869/859 863/870/862
f 858/868/857 860/869/859 1208/869/1207
f 859/867/858 858/868/857 1208/869/1207
f 1208/869/1207 863/870/862 1207/870/1206
f 866/873/865 1207/870/1206 863/870/862
f 1206/877/1205 1207/870/1206 866/873/865
f 867/876/866 870/879/869 871/882/870
f 827/824/826 823/822/822 1204/1219/1203
f 1204/1219/1203 823/822/822 859/867/858
f 1202/1217/1201 1147/1166/1146 827/824/826
f 1148/1165/1147 1147/1166/1146 1202/1217/1201
f 1147/1166/1146 1145/1162/1144 829/829/828
f 1147/1166/1146 829/829/828 827/824/826
f 1210/1220/1209 1209/1221/1208 1144/1222/1143
f 1211/1223/1210 1210/1224/1209 1144/1163/1143
f 1211/1223/1210 1144/1163/1143 1143/1161/1142
f 1212/1225/1211 1210/1224/1209 1211/1223/1210
f 1213/1226/1212 1212/1225/1211 1211/1223/1210
f 1141/1159/1140 1211/1223/1210 1143/1161/1142
f 1213/1226/1212 1211/1223/1210 1141/1159/1140
f 1139/1158/1138 1213/1226/1212 1141/1159/1140
f 1214/1227/1213 1215/1228/1214 1213/1226/1212
f 1215/1228/1214 1212/1225/1211 1213/1226/1212
f 1214/1227/1213 1213/1226/1212 1139/1158/1138
f 1214/1227/1213 1216/1229/1215 1215/1228/1214
f 1136/1155/1135 1214/1227/1213 1139/1158/1138
f 1216/1229/1215 1214/1227/1213 1136/1155/1135
f 1217/1230/1216 1216/1229/1215 1136/1155/1135
f 1217/1230/1216 1218/1231/1217 1216/1229/1215
f 1216/1229/1215 1218/1231/1217 1231/1232/1230
f 1231/1233/1230 1218/1234/1217 1219/1235/1218
f 1219/1235/1218 1218/1234/1217 1221/1236/1220
f 1219/1237/1218 1221/1238/1220 1220/1239/1219
f 1221/1238/1220 1222/1240/1221 1220/1239/1219
f 1221/1238/1220 1223/1116/1222 1222/1240/1221
f 1224/1115/1223 1222/1240/1221 1223/1116/1222
f 1224/1115/1223 1220/1239/1219 1222/1240/1221
f 1227/1241/1226 1220/1239/1219 1224/1115/1223
f 1226/1242/1225 1224/1115/1223 1225/1114/1224
f 1227/1241/1226 1224/1115/1223 1226/1242/1225
f 1228/1243/1227 1227/1241/1226 1226/1242/1225
f 1229/1244/1228 1227/1241/1226 1228/1243/1227
f 1234/1245/1233 1229/1244/1228 1228/1243/1227
f 1230/1246/1229 1219/1237/1218 1229/1244/1228
f 1219/1237/1218 1227/1241/1226 1229/1244/1228
f 1234/1245/1233 1232/1247/1231 1229/1244/1228
f 1230/1246/1229 1229/1244/1228 1232/1247/1231
f 1219/1235/1218 1230/1248/1229 1231/1233/1230
f 1232/1249/1231 1231/1232/1230 1230/1250/1229
f 1215/1228/1214 1232/1249/1231 1233/1251/1232
f 1232/1249/1231 1234/1252/1233 1233/1251/1232
f 1215/1228/1214 1231/1232/1230 1232/1249/1231
f 1215/1228/1214 1233/1251/1232 1212/1225/1211
f 1233/1251/1232 1234/1252/1233 1212/1225/1211
f 1212/1225/1211 1234/1252/1233 1210/1224/1209
f 1234/1245/1233 1236/1253/1235 1210/1220/1209
f 1234/1245/1233 1235/1254/1234 1236/1253/1235
f 1234/1245/1233 1228/1243/1227 1235/1254/1234
f 1210/1220/1209 1236/1253/1235 1209/1221/1208
f 1236/1253/1235 1238/1255/1237 1209/1221/1208
f 1235/1254/1234 1237/1256/1236 1236/1253/1235
f 1236/1253/1235 1237/1256/1236 1238/1255/1237
f 1238/1255/1237 1225/1114/1224 1239/844/1238
f 1238/1255/1237 1237/1256/1236 1225/1114/1224
f 1240/1257/1239 1238/1255/1237 1239/844/1238
f 833/838/832 1238/1255/1237 1240/1257/1239
f 833/838/832 1209/1221/1208 1238/1255/1237
f 1240/1257/1239 1239/844/1238 838/842/837
f 1225/1114/1224 1106/848/1105 1239/844/1238
f 833/838/832 1240/1257/1239 832/836/831
f 832/836/831 1240/1257/1239 838/842/837
f 1235/1254/1234 1226/1242/1225 1237/1256/1236
f 1226/1242/1225 1225/1114/1224 1237/1256/1236
f 1228/1243/1227 1226/1242/1225 1235/1254/1234
f 1219/1237/1218 1220/1239/1219 1227/1241/1226
f 1221/1238/1220 1241/1258/1240 1223/1116/1222
f 1241/1258/1240 1110/1120/1109 1223/1116/1222
f 1117/1132/1116 1241/1259/1240 1221/1236/1220
f 1241/1258/1240 1117/1129/1116 1110/1120/1109
f 1117/1132/1116 1221/1236/1220 1242/1260/1241
f 1244/1261/1243 1242/1262/1241 1243/1263/1242
f 1218/1234/1217 1243/1264/1242 1242/1260/1241
f 1218/1234/1217 1242/1260/1241 1221/1236/1220
f 1245/1150/1244 1244/1261/1243 1133/1149/1132
f 1244/1261/1243 1136/1155/1135 1133/1149/1132
f 1242/1262/1241 1244/1261/1243 1245/1150/1244
f 1244/1261/1243 1217/1230/1216 1136/1155/1135
f 1244/1261/1243 1243/1263/1242 1217/1230/1216
f 1246/1143/1245 1242/1262/1241 1245/1150/1244
f 1127/1142/1126 1126/1144/1125 1245/1150/1244
f 1246/1143/1245 1245/1150/1244 1126/1144/1125
f 1242/1260/1241 1246/1133/1245 1117/1132/1116
f 1217/1230/1216 1243/1263/1242 1218/1231/1217
f 1117/1129/1116 1118/1128/1117 1110/1120/1109
f 1216/1229/1215 1231/1232/1230 1215/1228/1214
f 1144/1222/1143 1209/1221/1208 833/838/832
f 829/829/828 1145/1162/1144 830/834/829
f 1145/1162/1144 1144/1163/1143 830/834/829
f 1144/1222/1143 833/838/832 830/835/829
f 1109/1118/1108 1118/1128/1117 1247/1123/1246
f 1109/1118/1108 1110/1120/1109 1118/1128/1117
f 1109/1118/1108 1247/1123/1246 1111/1119/1110
f 1102/1109/1101 1112/1121/1111 1101/924/1100
f 1106/848/1105 1104/1110/1103 841/846/840
f 1104/1110/1103 1100/849/1099 841/846/840
f 889/904/888 1163/908/1162 888/903/887
f 885/900/884 884/897/883 882/896/881
f 873/884/872 1152/889/1151 1151/885/1150
f 869/880/868 876/886/875 868/878/867
f 823/822/822 825/823/824 859/867/858
f 826/827/825 1248/1265/1247 858/866/857
f 858/866/857 1248/1265/1247 857/863/856
f 826/827/825 1249/1266/1248 1248/1265/1247
f 1249/1266/1248 855/862/854 1248/1265/1247
f 1248/1265/1247 855/862/854 857/863/856
f 822/826/821 1249/1266/1248 826/827/825
f 822/826/821 835/839/834 1249/1266/1248
f 1250/1267/1249 1249/1266/1248 835/839/834
f 1249/1266/1248 854/860/853 855/862/854
f 1249/1266/1248 851/858/850 854/860/853
f 1250/1267/1249 851/858/850 1249/1266/1248
f 847/855/846 851/858/850 1250/1267/1249
f 848/854/847 847/855/846 1250/1267/1249
f 1250/1267/1249 1251/1268/1250 848/854/847
f 1250/1267/1249 836/840/835 1251/1268/1250
f 835/839/834 836/840/835 1250/1267/1249
f 848/854/847 1251/1268/1250 839/843/838
f 1251/1268/1250 837/841/836 839/843/838
f 836/840/835 837/841/836 1251/1268/1250
f 824/831/823 835/839/834 822/826/821
f 840/845/839 842/847/841 839/843/838
f 1253/1269/1252 1252/1270/1251 1254/1271/1253
f 1253/1269/1252 1256/1272/1255 1252/1270/1251
f 1253/1273/1252 1254/1274/1253 1257/1275/1256
f 1253/1269/1252 1255/1269/1254 1256/1272/1255
f 1257/1275/1256 1258/1276/1257 1259/1277/1258
f 1257/1275/1256 1254/1274/1253 1258/1276/1257
f 1254/1271/1253 1261/1278/1260 1258/1279/1257
f 1259/1277/1258 1258/1276/1257 1260/1280/1259
f 1261/1278/1260 1260/1281/1259 1258/1279/1257
f 1264/1282/1263 1262/1283/1261 1261/1278/1260
f 1262/1283/1261 1263/1284/1262 1261/1278/1260
f 1261/1278/1260 1263/1284/1262 1260/1281/1259
f 1254/1271/1253 1265/1285/1264 1264/1282/1263
f 1265/1285/1264 1266/1286/1265 1264/1282/1263
f 1254/1271/1253 1264/1282/1263 1261/1278/1260
f 1264/1282/1263 1267/1287/1266 1262/1283/1261
f 1264/1282/1263 1266/1286/1265 1267/1287/1266
f 1262/1283/1261 1267/1287/1266 1268/1288/1267
f 1269/1289/1268 1268/1288/1267 1267/1287/1266
f 1268/1288/1267 1270/1290/1269 1665/1291/1631
f 1269/1289/1268 1270/1290/1269 1268/1288/1267
f 1272/1292/1271 1271/1293/1270 1270/1290/1269
f 1271/1293/1270 1548/1294/1514 1270/1290/1269
f 1665/1291/1631 1270/1290/1269 1548/1294/1514
f 1543/1295/1509 1271/1293/1270 1272/1292/1271
f 1273/1296/1272 1543/1295/1509 1272/1292/1271
f 1274/1297/1273 1275/1298/1274 1273/1296/1272
f 1273/1296/1272 1275/1298/1274 1543/1295/1509
f 1276/1299/1275 1274/1297/1273 1273/1296/1272
f 1269/1289/1268 1273/1296/1272 1272/1292/1271
f 1276/1299/1275 1273/1296/1272 1269/1289/1268
f 1279/1300/1278 1277/1301/1276 1276/1299/1275
f 1280/1302/1279 1276/1299/1275 1269/1289/1268
f 1279/1300/1278 1276/1299/1275 1280/1302/1279
f 1278/1303/1277 1277/1301/1276 1279/1300/1278
f 1265/1285/1264 1279/1300/1278 1266/1286/1265
f 1279/1300/1278 1280/1302/1279 1266/1286/1265
f 1266/1286/1265 1280/1302/1279 1267/1287/1266
f 1280/1302/1279 1269/1289/1268 1267/1287/1266
f 1279/1300/1278 1281/1304/1280 1278/1303/1277
f 1252/1270/1251 1281/1304/1280 1279/1300/1278
f 1279/1300/1278 1265/1285/1264 1252/1270/1251
f 1252/1270/1251 1256/1272/1255 1281/1304/1280
f 1256/1272/1255 1282/1305/1281 1281/1304/1280
f 1281/1304/1280 1282/1305/1281 1283/1306/1282
f 1281/1304/1280 1283/1306/1282 1284/1303/1283
f 1286/1306/1285 1284/1303/1283 1283/1306/1282
f 1285/1307/1284 1289/1308/1288 1287/1307/1286
f 1278/1303/1277 1285/1307/1284 1287/1307/1286
f 1285/1307/1284 1288/1308/1287 1289/1308/1288
f 1278/1303/1277 1284/1303/1283 1285/1307/1284
f 1287/1307/1286 1289/1308/1288 1277/1301/1276
f 1289/1308/1288 1288/1308/1287 1290/1309/1289
f 1289/1308/1288 1536/1310/1502 1277/1301/1276
f 1289/1308/1288 1290/1309/1289 1536/1310/1502
f 1290/1309/1289 1292/1311/1291 1533/1312/1499
f 1291/1313/1290 1292/1311/1291 1290/1309/1289
f 1293/1314/1292 1294/1315/1293 1292/1311/1291
f 1292/1311/1291 1294/1315/1293 1531/1316/1497
f 1531/1316/1497 1294/1315/1293 1295/1317/1294
f 1294/1315/1293 1296/1318/1295 1295/1317/1294
f 1295/1317/1294 1296/1318/1295 1298/1319/1297
f 1295/1317/1294 1298/1319/1297 1297/1319/1296
f 1297/1319/1296 1298/1319/1297 1299/1320/1298
f 1297/1319/1296 1299/1320/1298 1524/1321/1490
f 1301/1322/1300 1524/1321/1490 1300/1323/1299
f 1299/1320/1298 1300/1323/1299 1524/1321/1490
f 1301/1322/1300 1300/1323/1299 1303/1324/1302
f 1303/1324/1302 1304/1325/1303 1302/1324/1301
f 1301/1322/1300 1303/1324/1302 1302/1324/1301
f 1303/1324/1302 1306/1326/1305 1304/1325/1303
f 1304/1325/1303 1306/1326/1305 1309/1327/1308
f 1306/1326/1305 1305/1328/1304 1308/1329/1307
f 1391/1330/1370 1307/1331/1306 1308/1329/1307
f 1305/1328/1304 1391/1330/1370 1308/1329/1307
f 1309/1327/1308 1308/1329/1307 1314/1332/1313
f 1306/1326/1305 1308/1329/1307 1309/1327/1308
f 1308/1329/1307 1307/1331/1306 1311/1333/1310
f 1308/1329/1307 1310/1334/1309 1314/1332/1313
f 1308/1329/1307 1311/1333/1310 1310/1334/1309
f 1310/1334/1309 1313/1335/1312 1312/1336/1311
f 1315/1337/1314 1314/1332/1313 1312/1336/1311
f 1315/1337/1314 1312/1336/1311 1453/1338/1419
f 1454/1339/1420 1315/1337/1314 1453/1338/1419
f 1316/1340/1315 1315/1337/1314 1454/1339/1420
f 1316/1340/1315 1309/1327/1308 1315/1337/1314
f 1304/1325/1303 1309/1327/1308 1316/1340/1315
f 1316/1340/1315 1454/1339/1420 1455/1341/1421
f 1317/1342/1316 1316/1340/1315 1455/1341/1421
f 1318/1343/1317 1316/1340/1315 1317/1342/1316
f 1317/1342/1316 1455/1341/1421 1319/1344/1318
f 1320/1345/1319 1319/1344/1318 1322/1346/1321
f 1320/1345/1319 1317/1342/1316 1319/1344/1318
f 1320/1345/1319 1322/1346/1321 1323/1347/1322
f 1323/1347/1322 1322/1346/1321 1321/1348/1320
f 1323/1347/1322 1324/1349/1323 1325/1350/1324
f 1321/1348/1320 1324/1349/1323 1323/1347/1322
f 1518/1351/1484 1323/1347/1322 1470/1352/1436
f 1323/1347/1322 1325/1350/1324 1470/1352/1436
f 1326/1353/1325 1325/1350/1324 1324/1349/1323
f 1326/1353/1325 1466/1354/1432 1325/1350/1324
f 1321/1348/1320 1327/1355/1326 1326/1353/1325
f 1326/1353/1325 1465/1356/1431 1466/1354/1432
f 1321/1348/1320 1326/1353/1325 1324/1349/1323
f 1321/1348/1320 1328/1357/1327 1330/1358/1329
f 1321/1348/1320 1330/1358/1329 1327/1355/1326
f 1328/1357/1327 1329/1359/1328 1330/1358/1329
f 1330/1358/1329 1329/1359/1328 1331/1360/1330
f 1331/1360/1330 1333/1361/1332 1330/1358/1329
f 1329/1359/1328 1332/1362/1331 1331/1360/1330
f 1327/1355/1326 1330/1358/1329 1333/1361/1332
f 1327/1355/1326 1257/1275/1256 1326/1353/1325
f 1253/1273/1252 1333/1361/1332 1255/1363/1254
f 1333/1361/1332 1334/1364/1333 1255/1363/1254
f 1331/1360/1330 1334/1364/1333 1333/1361/1332
f 1327/1355/1326 1333/1361/1332 1253/1273/1252
f 1334/1365/1333 1256/1272/1255 1255/1269/1254
f 1334/1365/1333 1440/1366/1406 1335/1367/1334
f 1440/1366/1406 1336/1368/1335 1335/1367/1334
f 1336/1368/1335 1286/1306/1285 1335/1367/1334
f 1286/1306/1285 1336/1368/1335 1337/1303/1336
f 1286/1306/1285 1337/1303/1336 1284/1303/1283
f 1337/1303/1336 1285/1307/1284 1284/1303/1283
f 1337/1303/1336 1338/1307/1337 1285/1307/1284
f 1338/1307/1337 1340/1369/1339 1339/1370/1338
f 1340/1369/1339 1291/1313/1290 1339/1370/1338
f 1339/1370/1338 1291/1313/1290 1290/1309/1289
f 1291/1313/1290 1340/1369/1339 1341/1371/1340
f 1341/1371/1340 1292/1311/1291 1291/1313/1290
f 1343/1372/1342 1342/1371/1341 1341/1371/1340
f 1342/1371/1341 1293/1314/1292 1341/1371/1340
f 1341/1371/1340 1293/1314/1292 1292/1311/1291
f 1343/1372/1342 1341/1371/1340 1340/1369/1339
f 1343/1372/1342 1435/1373/1401 1342/1371/1341
f 1344/1374/1343 1345/1375/1344 1435/1373/1401
f 1435/1373/1401 1345/1375/1344 1342/1371/1341
f 1342/1371/1341 1345/1375/1344 1293/1314/1292
f 1345/1375/1344 1346/1376/1345 1293/1314/1292
f 1346/1376/1345 1294/1315/1293 1293/1314/1292
f 1346/1376/1345 1347/1377/1346 1294/1315/1293
f 1347/1377/1346 1296/1318/1295 1294/1315/1293
f 1296/1318/1295 1347/1377/1346 1348/1378/1347
f 1348/1378/1347 1349/1379/1348 1350/1319/1349
f 1347/1377/1346 1349/1379/1348 1348/1378/1347
f 1350/1319/1349 1352/1380/1351 1353/1381/1352
f 1350/1319/1349 1351/1382/1350 1352/1380/1351
f 1349/1379/1348 1351/1382/1350 1350/1319/1349
f 1351/1382/1350 1355/1383/1354 1352/1380/1351
f 1351/1382/1350 1354/1384/1353 1355/1383/1354
f 1356/1385/970 1355/1383/1354 1354/1384/1353
f 1357/1386/1355 1356/1385/970 1354/1384/1353
f 1357/1386/1355 1366/1387/969 1356/1385/970
f 1358/1388/967 1367/1389/968 1357/1386/1355
f 1367/1389/968 1366/1387/969 1357/1386/1355
f 1360/1390/966 1359/1391/1356 1358/1388/967
f 1359/1392/1356 1360/1393/966 1361/1394/964
f 1374/1395/965 1361/1394/964 1360/1393/966
f 1362/1396/963 1361/1397/964 1374/1398/965
f 1363/1399/973 1361/1397/964 1362/1396/963
f 1372/1400/1359 1363/1399/973 1362/1396/963
f 1364/1401/1357 1363/1399/973 1372/1400/1359
f 1365/1402/972 1363/1399/973 1364/1401/1357
f 1356/1385/970 1364/1401/1357 1355/1383/1354
f 1366/1387/969 1365/1402/972 1364/1401/1357
f 1366/1387/969 1364/1401/1357 1356/1385/970
f 1359/1391/1356 1368/1403/976 1367/1389/968
f 1359/1391/1356 1367/1389/968 1358/1388/967
f 1368/1404/976 1359/1392/1356 1361/1394/964
f 1361/1394/964 1369/1405/974 1368/1404/976
f 1365/1402/972 1369/1406/974 1363/1399/973
f 1370/1407/977 1369/1406/974 1365/1402/972
f 1366/1387/969 1370/1407/977 1365/1402/972
f 1368/1403/976 1370/1407/977 1366/1387/969
f 1368/1403/976 1366/1387/969 1367/1389/968
f 1370/1408/977 1368/1404/976 1369/1405/974
f 1363/1399/973 1369/1406/974 1361/1397/964
f 1371/1409/1358 1364/1401/1357 1372/1400/1359
f 1355/1383/1354 1364/1401/1357 1371/1409/1358
f 1371/1409/1358 1372/1400/1359 1386/1410/1365
f 1386/1410/1365 1372/1400/1359 1385/1411/1364
f 1372/1400/1359 1384/1412/1363 1385/1411/1364
f 1384/1412/1363 1362/1396/963 1373/1413/1360
f 1372/1400/1359 1362/1396/963 1384/1412/1363
f 1362/1396/963 1374/1398/965 1373/1413/1360
f 1373/1413/1360 1374/1398/965 1375/1414/941
f 1373/1413/1360 1375/1414/941 1381/1415/944
f 1375/1416/941 1374/1395/965 1360/1393/966
f 1360/1393/966 1376/1417/940 1375/1416/941
f 1376/1418/940 1411/1419/1386 1377/1420/939
f 1376/1418/940 1360/1390/966 1411/1419/1386
f 1378/1421/1044 1376/1418/940 1377/1420/939
f 1376/1417/940 1378/1422/1044 1375/1416/941
f 1378/1421/1044 1377/1420/939 1379/1423/1037
f 1378/1422/1044 1397/1424/1035 1396/1425/1032
f 1396/1425/1032 1380/1426/942 1378/1422/1044
f 1380/1426/942 1375/1416/941 1378/1422/1044
f 1381/1415/944 1380/1427/942 1395/1428/943
f 1381/1415/944 1375/1414/941 1380/1427/942
f 1382/1429/1361 1381/1415/944 1395/1428/943
f 1384/1412/1363 1381/1415/944 1382/1429/1361
f 1383/1430/1362 1384/1412/1363 1382/1429/1361
f 1385/1411/1364 1383/1430/1362 1392/1431/1371
f 1385/1411/1364 1384/1412/1363 1383/1430/1362
f 1386/1410/1365 1385/1411/1364 1423/1432/1391
f 1386/1410/1365 1423/1432/1391 1387/1433/1366
f 1371/1409/1358 1386/1410/1365 1387/1433/1366
f 1371/1409/1358 1387/1433/1366 1389/1434/1368
f 1389/1434/1368 1387/1433/1366 1388/1435/1367
f 1387/1433/1366 1391/1330/1370 1388/1435/1367
f 1390/1323/1369 1388/1435/1367 1305/1328/1304
f 1388/1435/1367 1391/1330/1370 1305/1328/1304
f 1389/1434/1368 1388/1435/1367 1390/1323/1369
f 1352/1380/1351 1389/1434/1368 1390/1323/1369
f 1352/1380/1351 1390/1323/1369 1353/1381/1352
f 1299/1320/1298 1390/1323/1369 1300/1323/1299
f 1353/1381/1352 1390/1323/1369 1299/1320/1298
f 1390/1323/1369 1305/1328/1304 1300/1323/1299
f 1300/1323/1299 1305/1328/1304 1303/1324/1302
f 1305/1328/1304 1306/1326/1305 1303/1324/1302
f 1387/1433/1366 1423/1432/1391 1391/1330/1370
f 1423/1432/1391 1307/1331/1306 1391/1330/1370
f 1385/1411/1364 1392/1431/1371 1423/1432/1391
f 1423/1432/1391 1392/1431/1371 1393/1436/1372
f 1392/1431/1371 1383/1430/1362 1393/1436/1372
f 1393/1436/1372 1394/1437/1373 1422/1438/1390
f 1393/1436/1372 1382/1429/1361 1394/1437/1373
f 1383/1430/1362 1382/1429/1361 1393/1436/1372
f 1382/1429/1361 1395/1428/943 1394/1437/1373
f 1394/1437/1373 1395/1428/943 1420/1439/1031
f 1395/1428/943 1396/1440/1032 1420/1439/1031
f 1395/1428/943 1380/1427/942 1396/1440/1032
f 1419/1441/1033 1396/1425/1032 1417/1442/1034
f 1397/1424/1035 1417/1442/1034 1396/1425/1032
f 1397/1443/1035 1379/1423/1037 1398/1444/1036
f 1397/1443/1035 1378/1421/1044 1379/1423/1037
f 1398/1444/1036 1379/1423/1037 1399/1445/1374
f 1399/1445/1374 1400/1446/1375 1414/1447/1389
f 1379/1423/1037 1412/1448/1387 1399/1445/1374
f 1399/1445/1374 1412/1448/1387 1400/1446/1375
f 1412/1448/1387 1402/1449/1377 1400/1446/1375
f 1402/1449/1377 1401/1450/1376 1400/1446/1375
f 1400/1446/1375 1401/1450/1376 1405/1451/1380
f 1402/1449/1377 1404/1452/1379 1401/1450/1376
f 1404/1452/1379 1403/1453/1378 1401/1450/1376
f 1405/1451/1380 1401/1450/1376 1403/1453/1378
f 1407/1454/1382 1405/1451/1380 1408/1455/1383
f 1406/1456/1381 1405/1451/1380 1407/1454/1382
f 1406/1456/1381 1407/1454/1382 1346/1376/1345
f 1344/1374/1343 1406/1456/1381 1345/1375/1344
f 1406/1456/1381 1346/1376/1345 1345/1375/1344
f 1344/1374/1343 1405/1451/1380 1406/1456/1381
f 1347/1377/1346 1407/1454/1382 1349/1379/1348
f 1346/1376/1345 1407/1454/1382 1347/1377/1346
f 1407/1454/1382 1408/1455/1383 1349/1379/1348
f 1349/1379/1348 1408/1455/1383 1351/1382/1350
f 1408/1455/1383 1354/1384/1353 1351/1382/1350
f 1408/1455/1383 1409/1457/1384 1354/1384/1353
f 1357/1386/1355 1354/1384/1353 1409/1457/1384
f 1357/1386/1355 1409/1457/1384 1403/1453/1378
f 1404/1452/1379 1357/1386/1355 1403/1453/1378
f 1410/1458/1385 1357/1386/1355 1404/1452/1379
f 1411/1419/1386 1358/1388/967 1410/1458/1385
f 1358/1388/967 1357/1386/1355 1410/1458/1385
f 1360/1390/966 1358/1388/967 1411/1419/1386
f 1412/1448/1387 1410/1458/1385 1402/1449/1377
f 1410/1458/1385 1404/1452/1379 1402/1449/1377
f 1377/1420/939 1411/1419/1386 1410/1458/1385
f 1377/1420/939 1410/1458/1385 1412/1448/1387
f 1408/1455/1383 1403/1453/1378 1409/1457/1384
f 1405/1451/1380 1403/1453/1378 1408/1455/1383
f 1400/1446/1375 1405/1451/1380 1344/1374/1343
f 1400/1446/1375 1344/1374/1343 1413/1459/1388
f 1414/1447/1389 1400/1446/1375 1413/1459/1388
f 1415/1460/1048 1414/1447/1389 1430/1461/1396
f 1415/1460/1048 1430/1461/1396 1429/1462/1395
f 1416/1463/1049 1415/1460/1048 1429/1462/1395
f 1416/1463/1049 1398/1444/1036 1415/1460/1048
f 1417/1464/1034 1398/1444/1036 1416/1463/1049
f 1418/1269/1050 1417/1464/1034 1416/1463/1049
f 1417/1442/1034 1418/1465/1050 1419/1441/1033
f 1427/1466/1051 1419/1467/1033 1418/1363/1050
f 1420/1439/1031 1419/1467/1033 1427/1466/1051
f 1421/1468/1030 1420/1439/1031 1427/1466/1051
f 1426/1469/1394 1421/1468/1030 1427/1466/1051
f 1425/1359/1393 1421/1468/1030 1426/1469/1394
f 1422/1438/1390 1421/1468/1030 1425/1359/1393
f 1311/1333/1310 1422/1438/1390 1424/1470/1392
f 1311/1333/1310 1393/1436/1372 1422/1438/1390
f 1423/1432/1391 1393/1436/1372 1311/1333/1310
f 1424/1470/1392 1422/1438/1390 1449/1471/1415
f 1449/1471/1415 1422/1438/1390 1425/1359/1393
f 1449/1471/1415 1425/1359/1393 1426/1469/1394
f 1426/1469/1394 1427/1466/1051 1444/1472/1410
f 1444/1472/1410 1427/1466/1051 1418/1363/1050
f 1444/1472/1410 1418/1363/1050 1428/1473/1055
f 1418/1269/1050 1450/1272/1416 1428/1474/1055
f 1418/1269/1050 1416/1463/1049 1450/1272/1416
f 1416/1463/1049 1429/1462/1395 1450/1272/1416
f 1429/1462/1395 1430/1461/1396 1431/1475/1397
f 1429/1462/1395 1431/1475/1397 1433/1476/1399
f 1432/1477/1398 1431/1475/1397 1413/1459/1388
f 1433/1476/1399 1431/1475/1397 1432/1477/1398
f 1464/1478/1430 1432/1477/1398 1436/1303/1402
f 1433/1476/1399 1432/1477/1398 1464/1478/1430
f 1432/1477/1398 1434/1307/1400 1436/1303/1402
f 1434/1307/1400 1432/1477/1398 1435/1373/1401
f 1434/1307/1400 1435/1373/1401 1343/1372/1342
f 1432/1477/1398 1413/1459/1388 1435/1373/1401
f 1436/1303/1402 1434/1307/1400 1338/1307/1337
f 1338/1307/1337 1434/1307/1400 1343/1372/1342
f 1436/1303/1402 1338/1307/1337 1337/1303/1336
f 1437/1479/1403 1436/1303/1402 1337/1303/1336
f 1438/1480/1404 1437/1479/1403 1337/1303/1336
f 1439/1366/1405 1464/1478/1430 1437/1479/1403
f 1440/1366/1406 1439/1366/1405 1437/1479/1403
f 1442/1269/1408 1439/1366/1405 1440/1366/1406
f 1462/1472/1428 1442/1363/1408 1441/1363/1407
f 1443/1472/1409 1442/1363/1408 1462/1472/1428
f 1441/1269/1407 1442/1269/1408 1440/1366/1406
f 1446/1481/1412 1444/1472/1410 1443/1472/1409
f 1444/1472/1410 1445/1363/1411 1443/1472/1409
f 1443/1472/1409 1445/1363/1411 1442/1363/1408
f 1461/1482/1427 1446/1481/1412 1443/1472/1409
f 1446/1481/1412 1447/1483/1413 1444/1472/1410
f 1460/1484/1426 1446/1481/1412 1461/1482/1427
f 1448/1485/1414 1447/1483/1413 1446/1481/1412
f 1448/1485/1414 1446/1481/1412 1460/1484/1426
f 1448/1485/1414 1449/1471/1415 1447/1483/1413
f 1313/1335/1312 1448/1485/1414 1460/1484/1426
f 1449/1471/1415 1426/1469/1394 1447/1483/1413
f 1447/1483/1413 1426/1469/1394 1444/1472/1410
f 1450/1272/1416 1433/1476/1399 1464/1478/1430
f 1450/1272/1416 1429/1462/1395 1433/1476/1399
f 1445/1269/1411 1450/1272/1416 1439/1366/1405
f 1450/1272/1416 1464/1478/1430 1439/1366/1405
f 1445/1269/1411 1428/1474/1055 1450/1272/1416
f 1444/1472/1410 1428/1473/1055 1445/1363/1411
f 1310/1334/1309 1448/1485/1414 1313/1335/1312
f 1424/1470/1392 1448/1485/1414 1310/1334/1309
f 1424/1470/1392 1449/1471/1415 1448/1485/1414
f 1451/1335/1417 1313/1335/1312 1460/1484/1426
f 1452/1470/1418 1313/1335/1312 1451/1335/1417
f 1452/1470/1418 1312/1336/1311 1313/1335/1312
f 1453/1338/1419 1312/1336/1311 1452/1470/1418
f 1454/1339/1420 1453/1338/1419 1452/1470/1418
f 1454/1339/1420 1457/1486/1423 1455/1341/1421
f 1454/1339/1420 1452/1470/1418 1457/1486/1423
f 1455/1341/1421 1457/1486/1423 1456/1487/1422
f 1456/1487/1422 1457/1486/1423 1458/1359/1424
f 1458/1359/1424 1332/1362/1331 1329/1359/1328
f 1456/1487/1422 1458/1359/1424 1329/1359/1328
f 1332/1362/1331 1459/1488/1425 1463/1489/1429
f 1458/1359/1424 1459/1488/1425 1332/1362/1331
f 1458/1359/1424 1460/1484/1426 1459/1488/1425
f 1451/1335/1417 1460/1484/1426 1458/1359/1424
f 1451/1335/1417 1458/1359/1424 1457/1486/1423
f 1460/1484/1426 1461/1482/1427 1459/1488/1425
f 1461/1482/1427 1462/1472/1428 1459/1488/1425
f 1461/1482/1427 1443/1472/1409 1462/1472/1428
f 1462/1472/1428 1441/1363/1407 1334/1364/1333
f 1463/1489/1429 1462/1472/1428 1334/1364/1333
f 1459/1488/1425 1462/1472/1428 1463/1489/1429
f 1452/1470/1418 1451/1335/1417 1457/1486/1423
f 1332/1362/1331 1463/1489/1429 1331/1360/1330
f 1463/1489/1429 1334/1364/1333 1331/1360/1330
f 1328/1357/1327 1456/1487/1422 1329/1359/1328
f 1321/1348/1320 1322/1346/1321 1328/1357/1327
f 1322/1346/1321 1456/1487/1422 1328/1357/1327
f 1322/1346/1321 1319/1344/1318 1456/1487/1422
f 1455/1341/1421 1456/1487/1422 1319/1344/1318
f 1442/1269/1408 1445/1269/1411 1439/1366/1405
f 1334/1365/1333 1441/1269/1407 1440/1366/1406
f 1440/1366/1406 1438/1480/1404 1336/1368/1335
f 1440/1366/1406 1437/1479/1403 1438/1480/1404
f 1437/1479/1403 1464/1478/1430 1436/1303/1402
f 1336/1368/1335 1438/1480/1404 1337/1303/1336
f 1414/1447/1389 1413/1459/1388 1431/1475/1397
f 1430/1461/1396 1414/1447/1389 1431/1475/1397
f 1311/1333/1310 1424/1470/1392 1310/1334/1309
f 1422/1438/1390 1394/1437/1373 1421/1468/1030
f 1394/1437/1373 1420/1439/1031 1421/1468/1030
f 1420/1439/1031 1396/1440/1032 1419/1467/1033
f 1417/1464/1034 1397/1443/1035 1398/1444/1036
f 1398/1444/1036 1399/1445/1374 1415/1460/1048
f 1415/1460/1048 1399/1445/1374 1414/1447/1389
f 1435/1373/1401 1413/1459/1388 1344/1374/1343
f 1379/1423/1037 1377/1420/939 1412/1448/1387
f 1423/1432/1391 1311/1333/1310 1307/1331/1306
f 1355/1383/1354 1389/1434/1368 1352/1380/1351
f 1355/1383/1354 1371/1409/1358 1389/1434/1368
f 1384/1412/1363 1373/1413/1360 1381/1415/944
f 1350/1319/1349 1353/1381/1352 1299/1320/1298
f 1298/1319/1297 1350/1319/1349 1299/1320/1298
f 1348/1378/1347 1350/1319/1349 1298/1319/1297
f 1296/1318/1295 1348/1378/1347 1298/1319/1297
f 1338/1307/1337 1343/1372/1342 1340/1369/1339
f 1339/1370/1338 1290/1309/1289 1288/1308/1287
f 1285/1307/1284 1339/1370/1338 1288/1308/1287
f 1285/1307/1284 1338/1307/1337 1339/1370/1338
f 1282/1305/1281 1335/1367/1334 1283/1306/1282
f 1334/1365/1333 1335/1367/1334 1282/1305/1281
f 1335/1367/1334 1286/1306/1285 1283/1306/1282
f 1256/1272/1255 1334/1365/1333 1282/1305/1281
f 1253/1273/1252 1257/1275/1256 1327/1355/1326
f 1257/1275/1256 1465/1356/1431 1326/1353/1325
f 1466/1354/1432 1465/1356/1431 1604/1490/1570
f 1466/1354/1432 1605/1491/1571 1467/1492/1433
f 1466/1354/1432 1604/1490/1570 1605/1491/1571
f 1466/1354/1432 1467/1492/1433 1325/1350/1324
f 1325/1350/1324 1467/1492/1433 1468/1493/1434
f 1467/1492/1433 1609/1494/1575 1468/1493/1434
f 1469/1495/1435 1468/1493/1434 1609/1494/1575
f 1473/1496/1439 1470/1352/1436 1469/1495/1435
f 1470/1352/1436 1468/1493/1434 1469/1495/1435
f 1469/1495/1435 1471/1497/1437 1472/1498/1438
f 1473/1496/1439 1469/1495/1435 1472/1498/1438
f 1472/1498/1438 1471/1497/1437 1617/1499/1583
f 1475/1500/1441 1473/1496/1439 1472/1498/1438
f 1474/1501/1440 1472/1498/1438 1617/1499/1583
f 1475/1500/1441 1472/1498/1438 1474/1501/1440
f 1477/1502/1443 1473/1496/1439 1475/1500/1441
f 1480/1503/1446 1475/1500/1441 1474/1501/1440
f 1478/1504/1444 1476/1505/1442 1475/1500/1441
f 1477/1502/1443 1475/1500/1441 1476/1505/1442
f 1478/1504/1444 1475/1500/1441 1480/1503/1446
f 1479/1506/1445 1476/1505/1442 1478/1504/1444
f 1478/1504/1444 1480/1503/1446 1481/1507/1447
f 1479/1506/1445 1478/1504/1444 1481/1507/1447
f 1481/1507/1447 1480/1503/1446 1622/1508/1588
f 1482/1509/1448 1481/1507/1447 1484/1510/1450
f 1483/1511/1449 1484/1510/1450 1485/1512/1451
f 1482/1509/1448 1484/1510/1450 1483/1511/1449
f 1484/1510/1450 1486/1513/1452 1485/1512/1451
f 1487/1514/1453 1485/1512/1451 1486/1513/1452
f 1489/1515/1455 1485/1512/1451 1487/1514/1453
f 1489/1515/1455 1487/1514/1453 1490/1516/1456
f 1488/1517/1454 1485/1512/1451 1489/1515/1455
f 1490/1516/1456 1487/1514/1453 1626/1518/1592
f 1490/1516/1456 1491/1519/1457 1493/1520/1459
f 1490/1516/1456 1626/1518/1592 1491/1519/1457
f 1489/1515/1455 1490/1516/1456 1492/1521/1458
f 1490/1516/1456 1493/1520/1459 1492/1521/1458
f 1496/1522/1462 1492/1521/1458 1493/1520/1459
f 1493/1520/1459 1494/1523/1460 1497/1524/1463
f 1491/1519/1457 1494/1523/1460 1493/1520/1459
f 1493/1520/1459 1497/1524/1463 1495/1525/1461
f 1496/1522/1462 1493/1520/1459 1495/1525/1461
f 1494/1523/1460 1498/1526/1464 1497/1524/1463
f 1497/1524/1463 1498/1526/1464 1648/1527/1614
f 1500/1528/1466 1495/1525/1461 1497/1524/1463
f 1500/1528/1466 1497/1524/1463 1502/1529/1468
f 1497/1524/1463 1648/1527/1614 1502/1529/1468
f 1496/1522/1462 1500/1528/1466 1499/1530/1465
f 1496/1522/1462 1495/1525/1461 1500/1528/1466
f 1501/1531/1467 1500/1528/1466 1503/1532/1469
f 1499/1530/1465 1500/1528/1466 1501/1531/1467
f 1503/1532/1469 1500/1528/1466 1502/1529/1468
f 1501/1531/1467 1503/1532/1469 1504/1533/1470
f 1541/1534/1507 1503/1532/1469 1650/1535/1616
f 1503/1532/1469 1502/1529/1468 1650/1535/1616
f 1504/1533/1470 1503/1532/1469 1541/1534/1507
f 1275/1298/1274 1504/1533/1470 1541/1534/1507
f 1505/1536/1471 1504/1533/1470 1275/1298/1274
f 1506/1537/1472 1505/1536/1471 1274/1297/1273
f 1507/1538/1473 1505/1536/1471 1506/1537/1472
f 1505/1536/1471 1275/1298/1274 1274/1297/1273
f 1507/1538/1473 1504/1533/1470 1505/1536/1471
f 1509/1539/1475 1508/1540/1474 1507/1538/1473
f 1508/1540/1474 1504/1533/1470 1507/1538/1473
f 1509/1539/1475 1511/1541/1477 1508/1540/1474
f 1511/1541/1477 1510/1542/1476 1508/1540/1474
f 1509/1539/1475 1513/1543/1479 1511/1541/1477
f 1511/1541/1477 1512/1544/1478 1510/1542/1476
f 1513/1543/1479 1514/1545/1480 1511/1541/1477
f 1514/1545/1480 1512/1544/1478 1511/1541/1477
f 1513/1543/1479 1515/1546/1481 1514/1545/1480
f 1514/1545/1480 1488/1517/1454 1512/1544/1478
f 1515/1546/1481 1482/1509/1448 1514/1545/1480
f 1514/1545/1480 1483/1511/1449 1488/1517/1454
f 1514/1545/1480 1482/1509/1448 1483/1511/1449
f 1515/1546/1481 1516/1547/1482 1482/1509/1448
f 1516/1547/1482 1517/1548/1483 1482/1509/1448
f 1482/1509/1448 1517/1548/1483 1479/1506/1445
f 1516/1547/1482 1320/1345/1319 1517/1548/1483
f 1518/1351/1484 1476/1505/1442 1517/1548/1483
f 1479/1506/1445 1517/1548/1483 1476/1505/1442
f 1517/1548/1483 1323/1347/1322 1518/1351/1484
f 1518/1351/1484 1477/1502/1443 1476/1505/1442
f 1320/1345/1319 1323/1347/1322 1517/1548/1483
f 1516/1547/1482 1318/1343/1317 1320/1345/1319
f 1519/1324/1485 1304/1325/1303 1318/1343/1317
f 1516/1547/1482 1519/1324/1485 1318/1343/1317
f 1521/1323/1487 1519/1324/1485 1520/1323/1486
f 1521/1323/1487 1302/1324/1301 1519/1324/1485
f 1302/1324/1301 1304/1325/1303 1519/1324/1485
f 1530/1549/1496 1521/1323/1487 1520/1323/1486
f 1530/1549/1496 1522/1549/1488 1521/1323/1487
f 1523/1550/1489 1301/1322/1300 1522/1549/1488
f 1301/1322/1300 1521/1323/1487 1522/1549/1488
f 1524/1321/1490 1301/1322/1300 1523/1550/1489
f 1525/1551/1491 1524/1321/1490 1523/1550/1489
f 1528/1319/1494 1525/1551/1491 1523/1550/1489
f 1526/1378/1492 1525/1551/1491 1528/1319/1494
f 1526/1378/1492 1537/1317/1503 1525/1551/1491
f 1527/1457/1493 1537/1317/1503 1526/1378/1492
f 1526/1378/1492 1528/1319/1494 1513/1543/1479
f 1528/1319/1494 1515/1546/1481 1513/1543/1479
f 1528/1319/1494 1529/1552/1495 1515/1546/1481
f 1515/1546/1481 1529/1552/1495 1530/1549/1496
f 1515/1546/1481 1530/1549/1496 1520/1323/1486
f 1528/1319/1494 1523/1550/1489 1529/1552/1495
f 1529/1552/1495 1523/1550/1489 1522/1549/1488
f 1529/1552/1495 1522/1549/1488 1530/1549/1496
f 1527/1457/1493 1513/1543/1479 1509/1539/1475
f 1527/1457/1493 1531/1316/1497 1537/1317/1503
f 1527/1457/1493 1526/1378/1492 1513/1543/1479
f 1531/1316/1497 1527/1457/1493 1509/1539/1475
f 1292/1311/1291 1509/1539/1475 1532/1553/1498
f 1292/1311/1291 1531/1316/1497 1509/1539/1475
f 1534/1554/1500 1533/1312/1499 1532/1553/1498
f 1507/1538/1473 1532/1553/1498 1509/1539/1475
f 1534/1554/1500 1532/1553/1498 1507/1538/1473
f 1534/1554/1500 1506/1537/1472 1535/1555/1501
f 1507/1538/1473 1506/1537/1472 1534/1554/1500
f 1506/1537/1472 1274/1297/1273 1535/1555/1501
f 1277/1301/1276 1535/1555/1501 1276/1299/1275
f 1534/1554/1500 1535/1555/1501 1277/1301/1276
f 1276/1299/1275 1535/1555/1501 1274/1297/1273
f 1534/1554/1500 1536/1310/1502 1533/1312/1499
f 1277/1301/1276 1536/1310/1502 1534/1554/1500
f 1536/1310/1502 1290/1309/1289 1533/1312/1499
f 1533/1312/1499 1292/1311/1291 1532/1553/1498
f 1537/1317/1503 1295/1317/1294 1538/1319/1504
f 1531/1316/1497 1295/1317/1294 1537/1317/1503
f 1537/1317/1503 1538/1319/1504 1525/1551/1491
f 1295/1317/1294 1297/1319/1296 1538/1319/1504
f 1525/1551/1491 1538/1319/1504 1524/1321/1490
f 1297/1319/1296 1524/1321/1490 1538/1319/1504
f 1301/1322/1300 1302/1324/1301 1521/1323/1487
f 1516/1547/1482 1520/1323/1486 1519/1324/1485
f 1515/1546/1481 1520/1323/1486 1516/1547/1482
f 1488/1517/1454 1489/1515/1455 1512/1544/1478
f 1512/1544/1478 1489/1515/1455 1539/1556/1505
f 1510/1542/1476 1512/1544/1478 1539/1556/1505
f 1540/1557/1506 1539/1556/1505 1492/1521/1458
f 1489/1515/1455 1492/1521/1458 1539/1556/1505
f 1510/1542/1476 1539/1556/1505 1540/1557/1506
f 1510/1542/1476 1540/1557/1506 1499/1530/1465
f 1540/1557/1506 1496/1522/1462 1499/1530/1465
f 1540/1557/1506 1492/1521/1458 1496/1522/1462
f 1508/1540/1474 1499/1530/1465 1501/1531/1467
f 1510/1542/1476 1499/1530/1465 1508/1540/1474
f 1508/1540/1474 1501/1531/1467 1504/1533/1470
f 1541/1534/1507 1542/1558/1508 1275/1298/1274
f 1542/1558/1508 1541/1534/1507 1554/1559/1520
f 1542/1558/1508 1554/1559/1520 1544/1560/1510
f 1543/1295/1509 1275/1298/1274 1542/1558/1508
f 1542/1558/1508 1544/1560/1510 1543/1295/1509
f 1543/1295/1509 1544/1560/1510 1546/1561/1512
f 1544/1560/1510 1545/1562/1511 1546/1561/1512
f 1545/1562/1511 1547/1563/1513 1546/1561/1512
f 1546/1561/1512 1547/1563/1513 1549/1564/1515
f 1546/1561/1512 1549/1564/1515 1548/1294/1514
f 1667/1565/1633 1548/1294/1514 1549/1564/1515
f 1584/1566/1550 1549/1564/1515 1583/1567/1549
f 1667/1565/1633 1549/1564/1515 1584/1566/1550
f 1549/1564/1515 1550/1568/1516 1583/1567/1549
f 1549/1564/1515 1547/1563/1513 1550/1568/1516
f 1553/1569/1519 1551/1570/1517 1550/1568/1516
f 1550/1568/1516 1551/1570/1517 1552/1571/1518
f 1583/1567/1549 1550/1568/1516 1552/1571/1518
f 1553/1569/1519 1550/1568/1516 1547/1563/1513
f 1545/1562/1511 1553/1569/1519 1547/1563/1513
f 1545/1562/1511 1554/1559/1520 1555/1572/1521
f 1544/1560/1510 1554/1559/1520 1545/1562/1511
f 1545/1562/1511 1555/1572/1521 1553/1569/1519
f 1553/1569/1519 1555/1572/1521 1556/1573/1522
f 1558/1574/1524 1655/1575/1621 1556/1573/1522
f 1655/1575/1621 1557/1576/1523 1556/1573/1522
f 1556/1573/1522 1557/1576/1523 1560/1577/1526
f 1558/1574/1524 1556/1573/1522 1555/1572/1521
f 1560/1577/1526 1561/1578/1527 1559/1579/1525
f 1560/1577/1526 1557/1576/1523 1561/1578/1527
f 1559/1580/1525 1561/1581/1527 1562/1582/1528
f 1563/1583/1529 1562/1582/1528 1561/1581/1527
f 1564/1584/1530 1562/1585/1528 1563/1586/1529
f 1564/1584/1530 1563/1586/1529 1565/1587/1531
f 1564/1584/1530 1566/1588/1532 1562/1585/1528
f 1564/1584/1530 1567/1589/1533 1566/1588/1532
f 1569/1590/1535 1566/1588/1532 1567/1589/1533
f 1566/1588/1532 1570/1591/1536 1562/1585/1528
f 1566/1588/1532 1568/1592/1534 1570/1591/1536
f 1569/1590/1535 1568/1592/1534 1566/1588/1532
f 1562/1582/1528 1570/1593/1536 1559/1580/1525
f 1570/1593/1536 1571/1594/1537 1559/1580/1525
f 1572/1595/1538 1571/1596/1537 1570/1591/1536
f 1573/1597/1539 1571/1596/1537 1572/1595/1538
f 1574/1598/1540 1573/1597/1539 1572/1595/1538
f 1576/1599/1542 1573/1597/1539 1574/1598/1540
f 1573/1597/1539 1577/1600/1543 1571/1596/1537
f 1573/1597/1539 1575/1601/1541 1577/1600/1543
f 1576/1599/1542 1575/1601/1541 1573/1597/1539
f 1571/1594/1537 1577/1602/1543 1578/1603/1544
f 1575/1601/1541 1578/1604/1544 1577/1600/1543
f 1575/1601/1541 1579/1605/1545 1578/1604/1544
f 1571/1594/1537 1578/1603/1544 1580/1606/1546
f 1583/1567/1549 1580/1607/1546 1581/1608/1547
f 1580/1606/1546 1582/1609/1548 1559/1580/1525
f 1583/1567/1549 1582/1610/1548 1580/1607/1546
f 1580/1606/1546 1559/1580/1525 1571/1594/1537
f 1552/1571/1518 1559/1579/1525 1582/1610/1548
f 1552/1571/1518 1582/1610/1548 1583/1567/1549
f 1584/1566/1550 1583/1567/1549 1581/1608/1547
f 1584/1566/1550 1581/1608/1547 1585/1611/1551
f 1581/1608/1547 1580/1607/1546 1585/1611/1551
f 1585/1611/1551 1580/1607/1546 1587/1612/1553
f 1585/1611/1551 1587/1612/1553 1586/1613/1552
f 1587/1614/1553 1580/1606/1546 1578/1603/1544
f 1578/1603/1544 1588/1615/1554 1587/1614/1553
f 1579/1605/1545 1588/1616/1554 1578/1604/1544
f 1579/1605/1545 1589/1617/1555 1588/1616/1554
f 1590/1618/1556 1589/1617/1555 1579/1605/1545
f 1592/1619/1558 1589/1617/1555 1590/1618/1556
f 1591/1620/1557 1590/1618/1556 1576/1599/1542
f 1592/1619/1558 1590/1618/1556 1591/1620/1557
f 1590/1618/1556 1579/1605/1545 1576/1599/1542
f 1593/1621/1559 1592/1619/1558 1591/1620/1557
f 1595/1622/1561 1592/1619/1558 1593/1621/1559
f 1594/1623/1560 1589/1617/1555 1592/1619/1558
f 1595/1622/1561 1594/1623/1560 1592/1619/1558
f 1598/1624/1564 1596/1625/1562 1595/1622/1561
f 1596/1625/1562 1594/1623/1560 1595/1622/1561
f 1597/1626/1563 1595/1622/1561 1593/1621/1559
f 1598/1624/1564 1595/1622/1561 1597/1626/1563
f 1599/1627/1565 1596/1628/1562 1598/1629/1564
f 1600/1630/1566 1598/1624/1564 1597/1626/1563
f 1602/1631/1568 1600/1630/1566 1597/1626/1563
f 1602/1631/1568 1597/1626/1563 1601/1632/1567
f 1603/1633/1569 1602/1631/1568 1604/1490/1570
f 1603/1633/1569 1600/1630/1566 1602/1631/1568
f 1602/1631/1568 1601/1632/1567 1604/1490/1570
f 1601/1632/1567 1611/1634/1577 1604/1490/1570
f 1604/1490/1570 1611/1634/1577 1606/1635/1572
f 1604/1490/1570 1606/1635/1572 1605/1491/1571
f 1605/1491/1571 1606/1635/1572 1607/1636/1573
f 1607/1636/1573 1606/1635/1572 1610/1637/1576
f 1609/1494/1575 1607/1636/1573 1608/1638/1574
f 1607/1636/1573 1610/1637/1576 1608/1638/1574
f 1611/1634/1577 1610/1637/1576 1606/1635/1572
f 1591/1620/1557 1576/1599/1542 1610/1637/1576
f 1610/1637/1576 1576/1599/1542 1608/1638/1574
f 1611/1634/1577 1591/1620/1557 1610/1637/1576
f 1601/1632/1567 1593/1621/1559 1611/1634/1577
f 1593/1621/1559 1591/1620/1557 1611/1634/1577
f 1612/1639/1578 1609/1494/1575 1574/1598/1540
f 1609/1494/1575 1608/1638/1574 1574/1598/1540
f 1614/1640/1580 1612/1639/1578 1613/1641/1579
f 1612/1639/1578 1574/1598/1540 1613/1641/1579
f 1615/1642/1581 1471/1497/1437 1614/1640/1580
f 1612/1639/1578 1614/1640/1580 1471/1497/1437
f 1614/1640/1580 1616/1643/1582 1615/1642/1581
f 1617/1499/1583 1471/1497/1437 1615/1642/1581
f 1617/1499/1583 1615/1642/1581 1660/1644/1626
f 1619/1645/1585 1617/1499/1583 1660/1644/1626
f 1474/1501/1440 1617/1499/1583 1619/1645/1585
f 1619/1645/1585 1660/1644/1626 1659/1646/1625
f 1474/1501/1440 1619/1645/1585 1618/1647/1584
f 1621/1648/1587 1619/1645/1585 1620/1649/1586
f 1619/1645/1585 1659/1646/1625 1620/1649/1586
f 1618/1647/1584 1619/1645/1585 1622/1508/1588
f 1622/1508/1588 1619/1645/1585 1621/1648/1587
f 1484/1510/1450 1481/1507/1447 1622/1508/1588
f 1623/1650/1589 1622/1508/1588 1621/1648/1587
f 1484/1510/1450 1622/1508/1588 1623/1650/1589
f 1484/1510/1450 1623/1650/1589 1486/1513/1452
f 1623/1650/1589 1624/1651/1590 1486/1513/1452
f 1623/1650/1589 1625/1652/1591 1624/1651/1590
f 1624/1651/1590 1625/1652/1591 1627/1653/1593
f 1626/1518/1592 1486/1513/1452 1624/1651/1590
f 1624/1651/1590 1627/1653/1593 1626/1518/1592
f 1628/1654/1594 1626/1518/1592 1627/1653/1593
f 1654/1655/1620 1627/1653/1593 1633/1656/1599
f 1627/1653/1593 1629/1657/1595 1633/1656/1599
f 1628/1654/1594 1627/1653/1593 1654/1655/1620
f 1627/1653/1593 1625/1652/1591 1629/1657/1595
f 1625/1652/1591 1630/1658/1596 1629/1657/1595
f 1630/1658/1596 1631/1659/1597 1629/1657/1595
f 1633/1656/1599 1629/1657/1595 1631/1659/1597
f 1633/1656/1599 1631/1659/1597 1632/1660/1598
f 1634/1661/1600 1632/1660/1598 1631/1659/1597
f 1630/1658/1596 1634/1661/1600 1631/1659/1597
f 1634/1661/1600 1635/1662/1601 1632/1660/1598
f 1637/1663/1603 1636/1664/1602 1635/1662/1601
f 1636/1664/1602 1638/1665/1604 1635/1662/1601
f 1637/1663/1603 1635/1662/1601 1634/1661/1600
f 1635/1662/1601 1638/1665/1604 1639/1666/1605
f 1638/1665/1604 1657/1667/1623 1640/1668/1606
f 1638/1665/1604 1640/1668/1606 1639/1666/1605
f 1640/1669/1606 1657/1670/1623 1641/1671/1607
f 1642/1672/1608 1640/1668/1606 1641/1673/1607
f 1643/1674/1609 1642/1672/1608 1641/1673/1607
f 1644/1675/1610 1643/1674/1609 1641/1673/1607
f 1645/1676/1611 1643/1674/1609 1644/1675/1610
f 1646/1677/1612 1645/1676/1611 1644/1675/1610
f 1646/1677/1612 1644/1675/1610 1655/1575/1621
f 1649/1678/1615 1647/1679/1613 1646/1677/1612
f 1647/1679/1613 1645/1676/1611 1646/1677/1612
f 1558/1574/1524 1646/1677/1612 1655/1575/1621
f 1649/1678/1615 1646/1677/1612 1558/1574/1524
f 1648/1527/1614 1647/1679/1613 1649/1678/1615
f 1650/1535/1616 1648/1527/1614 1649/1678/1615
f 1554/1559/1520 1650/1535/1616 1649/1678/1615
f 1502/1529/1468 1648/1527/1614 1650/1535/1616
f 1554/1559/1520 1649/1678/1615 1555/1572/1521
f 1649/1678/1615 1558/1574/1524 1555/1572/1521
f 1647/1679/1613 1651/1680/1617 1645/1676/1611
f 1498/1526/1464 1651/1680/1617 1647/1679/1613
f 1648/1527/1614 1498/1526/1464 1647/1679/1613
f 1651/1680/1617 1652/1681/1618 1645/1676/1611
f 1645/1676/1611 1642/1672/1608 1643/1674/1609
f 1645/1676/1611 1652/1681/1618 1642/1672/1608
f 1633/1656/1599 1653/1682/1619 1642/1672/1608
f 1633/1656/1599 1642/1672/1608 1652/1681/1618
f 1642/1672/1608 1653/1682/1619 1640/1668/1606
f 1639/1666/1605 1640/1668/1606 1653/1682/1619
f 1653/1682/1619 1632/1660/1598 1639/1666/1605
f 1633/1656/1599 1632/1660/1598 1653/1682/1619
f 1651/1680/1617 1654/1655/1620 1652/1681/1618
f 1633/1656/1599 1652/1681/1618 1654/1655/1620
f 1494/1523/1460 1651/1680/1617 1498/1526/1464
f 1628/1654/1594 1651/1680/1617 1494/1523/1460
f 1628/1654/1594 1654/1655/1620 1651/1680/1617
f 1561/1578/1527 1655/1575/1621 1656/1683/1622
f 1655/1575/1621 1644/1675/1610 1656/1683/1622
f 1656/1684/1622 1641/1671/1607 1657/1670/1623
f 1644/1675/1610 1641/1673/1607 1656/1683/1622
f 1563/1583/1529 1656/1684/1622 1657/1670/1623
f 1565/1587/1531 1563/1586/1529 1657/1667/1623
f 1565/1587/1531 1657/1667/1623 1638/1665/1604
f 1655/1575/1621 1561/1578/1527 1557/1576/1523
f 1561/1581/1527 1656/1684/1622 1563/1583/1529
f 1635/1662/1601 1639/1666/1605 1632/1660/1598
f 1658/1685/1624 1636/1664/1602 1637/1663/1603
f 1659/1646/1625 1658/1685/1624 1637/1663/1603
f 1660/1644/1626 1658/1685/1624 1659/1646/1625
f 1620/1649/1586 1659/1646/1625 1637/1663/1603
f 1615/1642/1581 1661/1686/1627 1660/1644/1626
f 1660/1644/1626 1661/1686/1627 1658/1685/1624
f 1658/1685/1624 1661/1686/1627 1567/1589/1533
f 1616/1643/1582 1567/1589/1533 1661/1686/1627
f 1615/1642/1581 1616/1643/1582 1661/1686/1627
f 1658/1685/1624 1564/1584/1530 1636/1664/1602
f 1658/1685/1624 1567/1589/1533 1564/1584/1530
f 1662/1687/1628 1620/1649/1586 1637/1663/1603
f 1662/1687/1628 1637/1663/1603 1630/1658/1596
f 1637/1663/1603 1634/1661/1600 1630/1658/1596
f 1623/1650/1589 1621/1648/1587 1662/1687/1628
f 1621/1648/1587 1620/1649/1586 1662/1687/1628
f 1663/1688/1629 1662/1687/1628 1630/1658/1596
f 1623/1650/1589 1662/1687/1628 1663/1688/1629
f 1623/1650/1589 1663/1688/1629 1625/1652/1591
f 1625/1652/1591 1663/1688/1629 1630/1658/1596
f 1636/1664/1602 1565/1587/1531 1638/1665/1604
f 1564/1584/1530 1565/1587/1531 1636/1664/1602
f 1491/1519/1457 1626/1518/1592 1628/1654/1594
f 1491/1519/1457 1628/1654/1594 1494/1523/1460
f 1480/1503/1446 1618/1647/1584 1622/1508/1588
f 1480/1503/1446 1474/1501/1440 1618/1647/1584
f 1616/1643/1582 1569/1590/1535 1567/1589/1533
f 1614/1640/1580 1569/1590/1535 1616/1643/1582
f 1613/1641/1579 1569/1590/1535 1614/1640/1580
f 1613/1641/1579 1572/1595/1538 1569/1590/1535
f 1569/1590/1535 1572/1595/1538 1568/1592/1534
f 1572/1595/1538 1570/1591/1536 1568/1592/1534
f 1574/1598/1540 1572/1595/1538 1613/1641/1579
f 1469/1495/1435 1612/1639/1578 1471/1497/1437
f 1469/1495/1435 1609/1494/1575 1612/1639/1578
f 1608/1638/1574 1576/1599/1542 1574/1598/1540
f 1467/1492/1433 1607/1636/1573 1609/1494/1575
f 1605/1491/1571 1607/1636/1573 1467/1492/1433
f 1603/1633/1569 1259/1277/1258 1600/1630/1566
f 1257/1275/1256 1603/1633/1569 1465/1356/1431
f 1259/1277/1258 1603/1633/1569 1257/1275/1256
f 1603/1633/1569 1604/1490/1570 1465/1356/1431
f 1597/1626/1563 1593/1621/1559 1601/1632/1567
f 1259/1277/1258 1260/1280/1259 1600/1630/1566
f 1600/1630/1566 1260/1280/1259 1598/1624/1564
f 1263/1284/1262 1599/1627/1565 1598/1629/1564
f 1263/1284/1262 1664/1689/1630 1599/1627/1565
f 1664/1689/1630 1665/1291/1631 1667/1565/1633
f 1664/1689/1630 1666/1690/1632 1668/1691/1634
f 1664/1689/1630 1667/1565/1633 1666/1690/1632
f 1664/1689/1630 1668/1691/1634 1599/1627/1565
f 1599/1627/1565 1668/1691/1634 1596/1628/1562
f 1668/1691/1634 1669/1692/1635 1670/1693/1636
f 1666/1690/1632 1669/1692/1635 1668/1691/1634
f 1668/1691/1634 1670/1693/1636 1596/1628/1562
f 1596/1625/1562 1670/1694/1636 1594/1623/1560
f 1670/1694/1636 1672/1695/1638 1594/1623/1560
f 1670/1693/1636 1669/1692/1635 1671/1696/1637
f 1594/1623/1560 1672/1695/1638 1589/1617/1555
f 1589/1617/1555 1672/1695/1638 1588/1616/1554
f 1672/1695/1638 1674/1697/1640 1588/1616/1554
f 1672/1695/1638 1673/1698/1639 1674/1697/1640
f 1670/1694/1636 1673/1698/1639 1672/1695/1638
f 1673/1699/1639 1587/1612/1553 1674/1700/1640
f 1674/1701/1640 1587/1614/1553 1588/1615/1554
f 1670/1693/1636 1671/1696/1637 1673/1699/1639
f 1586/1613/1552 1673/1699/1639 1671/1696/1637
f 1586/1613/1552 1587/1612/1553 1673/1699/1639
f 1675/1702/1641 1586/1613/1552 1671/1696/1637
f 1584/1566/1550 1586/1613/1552 1675/1702/1641
f 1584/1566/1550 1585/1611/1551 1586/1613/1552
f 1667/1565/1633 1584/1566/1550 1675/1702/1641
f 1666/1690/1632 1675/1702/1641 1669/1692/1635
f 1667/1565/1633 1675/1702/1641 1666/1690/1632
f 1675/1702/1641 1671/1696/1637 1669/1692/1635
f 1548/1294/1514 1667/1565/1633 1665/1291/1631
f 1676/1703/1642 1268/1288/1267 1665/1291/1631
f 1676/1703/1642 1665/1291/1631 1664/1689/1630
f 1262/1283/1261 1676/1703/1642 1263/1284/1262
f 1262/1283/1261 1268/1288/1267 1676/1703/1642
f 1263/1284/1262 1676/1703/1642 1664/1689/1630
f 1263/1284/1262 1598/1629/1564 1260/1281/1259
f 1576/1599/1542 1579/1605/1545 1575/1601/1541
f 1560/1577/1526 1559/1579/1525 1552/1571/1518
f 1556/1573/1522 1560/1577/1526 1551/1570/1517
f 1551/1570/1517 1560/1577/1526 1552/1571/1518
f 1553/1569/1519 1556/1573/1522 1551/1570/1517
f 1271/1293/1270 1546/1561/1512 1548/1294/1514
f 1543/1295/1509 1546/1561/1512 1271/1293/1270
f 1650/1535/1616 1554/1559/1520 1541/1534/1507
f 1487/1514/1453 1486/1513/1452 1626/1518/1592
f 1483/1511/1449 1485/1512/1451 1488/1517/1454
f 1482/1509/1448 1479/1506/1445 1481/1507/1447
f 1518/1351/1484 1470/1352/1436 1477/1502/1443
f 1470/1352/1436 1473/1496/1439 1477/1502/1443
f 1470/1352/1436 1325/1350/1324 1468/1493/1434
f 1318/1343/1317 1317/1342/1316 1320/1345/1319
f 1318/1343/1317 1304/1325/1303 1316/1340/1315
f 1315/1337/1314 1309/1327/1308 1314/1332/1313
f 1310/1334/1309 1312/1336/1311 1314/1332/1313
f 1278/1303/1277 1287/1307/1286 1277/1301/1276
f 1281/1304/1280 1284/1303/1283 1278/1303/1277
f 1272/1292/1271 1270/1290/1269 1269/1289/1268
f 1252/1270/1251 1265/1285/1264 1254/1271/1253
usemtl マテリアル.011
f 2744/2961/2619 2745/2962/2620 2748/2963/2623
f 2745/2964/2620 2744/2965/2619 2746/2966/2621
f 2746/2967/2621 2744/2968/2619 2747/2969/2622
f 2747/2970/2622 2744/2961/2619 2748/2963/2623
f 2747/2971/2622 2748/2972/2623 2750/2973/2625
f 2749/2974/2624 2750/2973/2625 2748/2972/2623
f 2749/2975/2624 2752/2976/2627 2750/2977/2625
f 2750/2973/2625 2751/2978/2626 2754/2979/2629
f 2751/2980/2626 2750/2977/2625 2753/2981/2628
f 2754/2979/2629 2747/2971/2622 2750/2973/2625
f 2752/2976/2627 2753/2981/2628 2750/2977/2625
f 2755/2982/2630 2746/2983/2621 2754/2984/2629
f 2746/2967/2621 2747/2969/2622 2754/2985/2629
f 2751/2978/2626 2755/2986/2630 2754/2979/2629
f 2755/2982/2630 2756/2987/2631 2746/2983/2621
f 2757/2988/2632 2756/2989/2631 2755/2990/2630
f 2755/2986/2630 2758/2991/2633 2757/2992/2632
f 2755/2986/2630 2751/2978/2626 2758/2991/2633
f 2758/2993/2633 2751/2980/2626 2759/2994/2634
f 2759/2995/2634 2746/2966/2621 2756/2996/2631
f 2759/2995/2634 2753/2997/2628 2746/2966/2621
f 2759/2994/2634 2751/2980/2626 2753/2981/2628
f 2759/2994/2634 2760/2998/2635 2758/2993/2633
f 2759/2995/2634 2761/2999/2636 2760/3000/2635
f 2759/2995/2634 2756/2996/2631 2761/2999/2636
f 2757/2988/2632 2761/3001/2636 2756/2989/2631
f 2761/3001/2636 2757/2988/2632 2762/3002/2637
f 2762/3002/2637 2763/3003/2638 2765/3004/2640
f 2763/3005/2638 2762/3006/2637 2764/3007/2639
f 2758/2991/2633 2764/3007/2639 2762/3006/2637
f 2757/2992/2632 2758/2991/2633 2762/3006/2637
f 2765/3004/2640 2761/3001/2636 2762/3002/2637
f 2766/3008/2641 2765/3009/2640 2768/3010/2643
f 2760/3000/2635 2765/3009/2640 2766/3008/2641
f 2767/3011/2642 2769/3012/2644 2765/3013/2640
f 2760/3000/2635 2761/2999/2636 2765/3009/2640
f 2765/3013/2640 2763/3005/2638 2770/3014/2645
f 2768/3010/2643 2765/3009/2640 2769/3015/2644
f 2770/3014/2645 2767/3011/2642 2765/3013/2640
f 2770/3014/2645 2775/3016/2650 2767/3011/2642
f 2775/3016/2650 2770/3014/2645 2771/3017/2646
f 2772/3018/2647 2771/3017/2646 2770/3014/2645
f 2772/3019/2647 2768/3020/2643 2771/3021/2646
f 2763/3005/2638 2764/3007/2639 2772/3018/2647
f 2772/3019/2647 2764/3022/2639 2766/3023/2641
f 2763/3005/2638 2772/3018/2647 2770/3014/2645
f 2766/3023/2641 2768/3020/2643 2772/3019/2647
f 2771/3017/2646 2773/3024/2648 2775/3016/2650
f 2773/3025/2648 2771/3021/2646 2774/3026/2649
f 2768/3020/2643 2774/3026/2649 2771/3021/2646
f 2775/3027/2650 2776/3028/2651 2780/3029/2655
f 2776/3030/2651 2775/3016/2650 2773/3024/2648
f 2775/3016/2650 2777/3031/2652 2778/3032/2653
f 2777/3033/2652 2775/3027/2650 2780/3029/2655
f 2778/3032/2653 2769/3012/2644 2775/3016/2650
f 2769/3015/2644 2778/3034/2653 2768/3010/2643
f 2778/3034/2653 2774/3035/2649 2768/3010/2643
f 2780/3029/2655 2778/3034/2653 2777/3033/2652
f 2778/3034/2653 2780/3029/2655 2779/3036/2654
f 2779/3036/2654 2774/3035/2649 2778/3034/2653
f 2780/3037/2655 2781/3038/2656 2779/3039/2654
f 2774/3026/2649 2779/3040/2654 2773/3025/2648
f 2773/3025/2648 2779/3040/2654 2782/3041/2657
f 2784/3042/2659 2773/3043/2648 2782/3044/2657
f 2782/3044/2657 2871/3045/2746 2784/3042/2659
f 2871/3046/2746 2782/3041/2657 2783/3047/2658
f 2779/3040/2654 2783/3047/2658 2782/3041/2657
f 2786/3048/2661 2784/3049/2659 2785/3050/2660
f 2871/3045/2746 2785/3051/2660 2784/3042/2659
f 2786/3052/2661 2787/3053/2662 2784/3054/2659
f 2788/3055/2663 2784/3056/2659 2787/3057/2662
f 2784/3058/2659 2788/3059/2663 2789/3060/2664
f 2788/3061/2663 2787/3062/2662 2790/3063/2665
f 2789/3064/2664 2788/3061/2663 2790/3063/2665
f 2790/3065/2665 2786/3066/2661 2791/3067/2666
f 2786/3068/2661 2790/3069/2665 2787/3070/2662
f 2790/3063/2665 2791/3071/2666 2789/3064/2664
f 2786/3072/2661 2783/3073/2658 2791/3074/2666
f 2791/3074/2666 2783/3073/2658 2789/3075/2664
f 2789/3060/2664 2781/3076/2656 2784/3058/2659
f 2779/3039/2654 2781/3038/2656 2789/3075/2664
f 2783/3073/2658 2779/3039/2654 2789/3075/2664
f 2786/3077/2661 2793/3078/2668 2792/3079/2667
f 2794/3080/2669 2786/3072/2661 2792/3081/2667
f 2786/3072/2661 2794/3080/2669 2783/3073/2658
f 2793/3082/2668 2786/3083/2661 2785/3084/2660
f 2794/3085/2669 2795/3086/2670 2798/3087/2673
f 2796/3088/2671 2795/3089/2670 2794/3080/2669
f 2796/3088/2671 2794/3080/2669 2792/3081/2667
f 2797/3090/2672 2794/3085/2669 2798/3087/2673
f 2799/3091/2674 2798/3087/2673 2795/3086/2670
f 2799/3092/2674 2800/3093/2675 2798/3094/2673
f 2797/3095/2672 2798/3094/2673 2800/3093/2675
f 2799/3092/2674 2802/3096/2677 2800/3093/2675
f 2800/3097/2675 2793/3098/2668 2801/3099/2676
f 2797/3095/2672 2800/3093/2675 2801/3100/2676
f 2800/3101/2675 2796/3102/2671 2793/3103/2668
f 2800/3101/2675 2802/3104/2677 2796/3102/2671
f 2802/3105/2677 2805/3106/2680 2803/3107/2678
f 2803/3108/2678 2804/3109/2679 2802/3110/2677
f 2804/3111/2679 2796/3088/2671 2802/3112/2677
f 2799/3113/2674 2806/3114/2681 2805/3115/2680
f 2799/3113/2674 2805/3115/2680 2802/3116/2677
f 2806/3114/2681 2807/3117/2682 2805/3115/2680
f 2808/3118/2683 2805/3119/2680 2807/3120/2682
f 2808/3118/2683 2803/3121/2678 2805/3119/2680
f 2807/3122/2682 2809/3123/2684 2808/3124/2683
f 2809/3125/2684 2810/3126/2685 2808/3127/2683
f 2810/3126/2685 2803/3108/2678 2808/3127/2683
f 2811/3128/2686 2810/3129/2685 2806/3130/2681
f 2810/3126/2685 2811/3131/2686 2803/3108/2678
f 2803/3108/2678 2811/3131/2686 2804/3109/2679
f 2804/3132/2679 2811/3128/2686 2799/3091/2674
f 2806/3130/2681 2799/3091/2674 2811/3128/2686
f 2810/3129/2685 2818/3133/2693 2812/3134/2687
f 2818/3135/2693 2810/3126/2685 2809/3125/2684
f 2812/3134/2687 2806/3130/2681 2810/3129/2685
f 2806/3114/2681 2812/3136/2687 2813/3137/2688
f 2813/3138/2688 2814/3139/2689 2815/3140/2690
f 2812/3136/2687 2814/3141/2689 2813/3137/2688
f 2807/3122/2682 2813/3142/2688 2809/3123/2684
f 2806/3114/2681 2813/3137/2688 2807/3117/2682
f 2813/3138/2688 2815/3140/2690 2809/3143/2684
f 2818/3135/2693 2809/3125/2684 2815/3144/2690
f 2816/3145/2691 2818/3135/2693 2815/3144/2690
f 2816/3146/2691 2815/3147/2690 2814/3148/2689
f 2821/3149/2696 2817/3150/2692 2816/3151/2691
f 2820/3152/2695 2816/3145/2691 2817/3153/2692
f 2820/3152/2695 2818/3135/2693 2816/3145/2691
f 2821/3149/2696 2816/3151/2691 2819/3154/2694
f 2816/3146/2691 2814/3148/2689 2819/3155/2694
f 2822/3156/2697 2821/3157/2696 2819/3158/2694
f 2822/3156/2697 2823/3159/2698 2821/3157/2696
f 2823/3160/2698 2817/3161/2692 2821/3162/2696
f 2824/3163/2699 2826/3164/2701 2823/3165/2698
f 2823/3159/2698 2825/3166/2700 2824/3167/2699
f 2822/3156/2697 2825/3166/2700 2823/3159/2698
f 2823/3160/2698 2826/3168/2701 2817/3161/2692
f 2825/3166/2700 2827/3169/2702 2829/3170/2704
f 2825/3171/2700 2828/3172/2703 2827/3173/2702
f 2825/3166/2700 2829/3170/2704 2824/3167/2699
f 2829/3174/2704 2830/3175/2705 2831/3176/2706
f 2830/3177/2705 2829/3170/2704 2827/3169/2702
f 2832/3178/2707 2824/3179/2699 2829/3174/2704
f 2831/3176/2706 2832/3178/2707 2829/3174/2704
f 2824/3163/2699 2832/3180/2707 2826/3164/2701
f 2828/3181/2703 2826/3182/2701 2832/3183/2707
f 2831/3184/2706 2828/3181/2703 2832/3183/2707
f 2830/3185/2705 2833/3186/2708 2831/3187/2706
f 2835/3188/2710 2831/3189/2706 2833/3190/2708
f 2831/3184/2706 2834/3191/2709 2828/3181/2703
f 2835/3188/2710 2834/3192/2709 2831/3189/2706
f 2837/3193/2712 2835/3188/2710 2833/3190/2708
f 2834/3194/2709 2835/3195/2710 2838/3196/2713
f 2835/3195/2710 2836/3197/2711 2838/3196/2713
f 2837/3193/2712 2836/3198/2711 2835/3188/2710
f 2838/3199/2713 2839/3200/2714 2840/3201/2715
f 2836/3197/2711 2839/3202/2714 2838/3196/2713
f 2834/3194/2709 2838/3196/2713 2827/3173/2702
f 2830/3177/2705 2827/3169/2702 2838/3203/2713
f 2838/3199/2713 2840/3201/2715 2830/3185/2705
f 2840/3204/2715 2841/3205/2716 2842/3206/2717
f 2840/3201/2715 2843/3207/2718 2841/3208/2716
f 2840/3201/2715 2839/3200/2714 2843/3207/2718
f 2830/3185/2705 2840/3201/2715 2833/3186/2708
f 2842/3209/2717 2837/3210/2712 2840/3211/2715
f 2837/3212/2712 2833/3213/2708 2840/3214/2715
f 2843/3207/2718 2844/3215/2719 2847/3216/2722
f 2846/3217/2721 2844/3218/2719 2843/3219/2718
f 2845/3220/2720 2843/3219/2718 2839/3202/2714
f 2843/3207/2718 2847/3216/2722 2841/3208/2716
f 2845/3220/2720 2846/3217/2721 2843/3219/2718
f 2842/3221/2717 2847/3222/2722 2848/3223/2723
f 2841/3208/2716 2847/3216/2722 2842/3224/2717
f 2849/3225/2724 2848/3226/2723 2847/3216/2722
f 2849/3225/2724 2847/3216/2722 2844/3215/2719
f 2849/3225/2724 2850/3227/2725 2852/3228/2727
f 2851/3229/2726 2850/3230/2725 2849/3231/2724
f 2846/3217/2721 2849/3231/2724 2844/3218/2719
f 2849/3225/2724 2852/3228/2727 2848/3226/2723
f 2846/3217/2721 2851/3229/2726 2849/3231/2724
f 2852/3232/2727 2853/3233/2728 2854/3234/2729
f 2852/3228/2727 2855/3235/2730 2853/3236/2728
f 2848/3223/2723 2852/3232/2727 2854/3234/2729
f 2852/3228/2727 2850/3227/2725 2855/3235/2730
f 2855/3237/2730 2856/3238/2731 2858/3239/2733
f 2856/3240/2731 2855/3241/2730 2857/3242/2732
f 2868/3243/2743 2855/3241/2730 2850/3230/2725
f 2858/3239/2733 2853/3244/2728 2855/3237/2730
f 2868/3243/2743 2857/3242/2732 2855/3241/2730
f 2860/3245/2735 2853/3246/2728 2858/3247/2733
f 2858/3239/2733 2861/3248/2736 2859/3249/2734
f 2860/3245/2735 2858/3247/2733 2859/3250/2734
f 2858/3239/2733 2856/3238/2731 2861/3248/2736
f 2863/3251/2738 2749/2975/2624 2861/3252/2736
f 2864/3253/2739 2861/3248/2736 2749/2974/2624
f 2861/3252/2736 2856/3240/2731 2862/3254/2737
f 2864/3253/2739 2859/3249/2734 2861/3248/2736
f 2862/3254/2737 2863/3251/2738 2861/3252/2736
f 2859/3255/2734 2864/3256/2739 2865/3257/2740
f 2864/3258/2739 2745/3259/2620 2865/3260/2740
f 2864/3258/2739 2748/3261/2623 2745/3259/2620
f 2864/3253/2739 2749/2974/2624 2748/2972/2623
f 2752/3262/2627 2863/3263/2738 2865/3264/2740
f 2862/3265/2737 2865/3264/2740 2863/3263/2738
f 2752/3262/2627 2865/3264/2740 2745/2964/2620
f 2862/3265/2737 2866/3266/2741 2865/3264/2740
f 2859/3255/2734 2865/3257/2740 2866/3267/2741
f 2862/3265/2737 2860/3268/2735 2866/3266/2741
f 2866/3267/2741 2860/3269/2735 2859/3255/2734
f 2863/3251/2738 2752/2976/2627 2749/2975/2624
f 2857/3242/2732 2862/3254/2737 2856/3240/2731
f 2862/3265/2737 2857/3270/2732 2860/3268/2735
f 2853/3233/2728 2860/3271/2735 2867/3272/2742
f 2860/3273/2735 2868/3274/2743 2867/3275/2742
f 2860/3273/2735 2857/3276/2732 2868/3274/2743
f 2853/3233/2728 2867/3272/2742 2854/3234/2729
f 2868/3274/2743 2854/3277/2729 2867/3275/2742
f 2854/3277/2729 2868/3274/2743 2851/3278/2726
f 2851/3229/2726 2868/3243/2743 2850/3230/2725
f 2854/3234/2729 2869/3279/2744 2848/3223/2723
f 2854/3277/2729 2851/3278/2726 2869/3280/2744
f 2869/3279/2744 2842/3221/2717 2848/3223/2723
f 2851/3278/2726 2842/3281/2717 2869/3280/2744
f 2851/3278/2726 2846/3282/2721 2842/3281/2717
f 2842/3281/2717 2846/3282/2721 2845/3283/2720
f 2845/3283/2720 2837/3193/2712 2870/3284/2745
f 2842/3281/2717 2845/3283/2720 2870/3284/2745
f 2836/3197/2711 2845/3220/2720 2839/3202/2714
f 2845/3283/2720 2836/3198/2711 2837/3193/2712
f 2842/3285/2717 2870/3286/2745 2837/3287/2712
f 2828/3172/2703 2834/3194/2709 2827/3173/2702
f 2826/3182/2701 2828/3181/2703 2820/3152/2695
f 2820/3288/2695 2828/3172/2703 2825/3171/2700
f 2826/3182/2701 2820/3152/2695 2817/3153/2692
f 2822/3289/2697 2820/3288/2695 2825/3171/2700
f 2818/3133/2693 2820/3288/2695 2822/3289/2697
f 2822/3289/2697 2812/3134/2687 2818/3133/2693
f 2812/3136/2687 2822/3156/2697 2819/3158/2694
f 2812/3136/2687 2819/3158/2694 2814/3141/2689
f 2795/3086/2670 2804/3132/2679 2799/3091/2674
f 2804/3111/2679 2795/3089/2670 2796/3088/2671
f 2793/3290/2668 2797/3095/2672 2801/3100/2676
f 2793/3290/2668 2871/3045/2746 2797/3095/2672
f 2797/3090/2672 2871/3046/2746 2794/3085/2669
f 2796/3102/2671 2792/3291/2667 2793/3103/2668
f 2871/3045/2746 2793/3290/2668 2785/3051/2660
f 2783/3047/2658 2794/3085/2669 2871/3046/2746
f 2872/3292/2747 2784/3058/2659 2781/3076/2656
f 2784/3042/2659 2872/3293/2747 2773/3043/2648
f 2780/3037/2655 2873/3294/2748 2781/3038/2656
f 2873/3295/2748 2872/3292/2747 2781/3076/2656
f 2776/3028/2651 2872/3296/2747 2873/3297/2748
f 2873/3297/2748 2780/3029/2655 2776/3028/2651
f 2872/3298/2747 2776/3030/2651 2773/3024/2648
f 2767/3011/2642 2775/3016/2650 2769/3012/2644
f 2760/2998/2635 2766/3023/2641 2764/3022/2639
f 2758/2993/2633 2760/2998/2635 2764/3022/2639
f 2753/2997/2628 2752/3262/2627 2746/2966/2621
f 2752/3262/2627 2745/2964/2620 2746/2966/2621
