# Blender 4.4.3
# www.blender.org
mtllib lanternDangleVer.mtl
o 円柱.008
o 円柱
v -0.353601 -0.938756 -0.680217
v -0.353601 0.800202 -0.680217
v -0.066376 -0.938756 -0.763756
v -0.066376 0.800202 -0.763756
v 0.230953 -0.938756 -0.731020
v 0.230953 0.800202 -0.731020
v 0.493121 -0.938756 -0.586993
v 0.493121 0.800202 -0.586993
v 0.680217 -0.938756 -0.353601
v 0.680217 0.800202 -0.353601
v 0.763756 -0.938756 -0.066376
v 0.763756 0.800202 -0.066376
v 0.731020 -0.938756 0.230953
v 0.731020 0.800202 0.230953
v 0.586993 -0.938756 0.493121
v 0.586993 0.800202 0.493121
v 0.353601 -0.938756 0.680217
v 0.353601 0.800202 0.680217
v 0.066376 -0.938756 0.763756
v 0.066376 0.800202 0.763756
v -0.230953 -0.938756 0.731020
v -0.230953 0.800202 0.731020
v -0.493121 -0.938756 0.586993
v -0.493121 0.800202 0.586993
v -0.680217 -0.938756 0.353601
v -0.680217 0.800202 0.353601
v -0.763756 -0.938756 0.066376
v -0.763756 0.800202 0.066376
v -0.731020 -0.938756 -0.230953
v -0.731020 0.800202 -0.230953
v -0.586993 -0.938756 -0.493121
v -0.586993 0.800202 -0.493121
v -0.429716 -0.745539 -0.826638
v -0.463666 -0.552321 -0.891948
v -0.484112 -0.359103 -0.931280
v -0.500082 -0.165886 -0.962001
v -0.500082 0.027332 -0.962001
v -0.484112 0.220549 -0.931280
v -0.463666 0.413767 -0.891948
v -0.429716 0.606985 -0.826639
v -0.080664 0.606985 -0.928159
v -0.087038 0.413767 -1.001489
v -0.090876 0.220549 -1.045652
v -0.093874 0.027332 -1.080147
v -0.093874 -0.165886 -1.080147
v -0.090876 -0.359103 -1.045652
v -0.087037 -0.552321 -1.001489
v -0.080664 -0.745539 -0.928159
v 0.280667 0.606985 -0.888376
v 0.302841 0.413767 -0.958563
v 0.316196 0.220549 -1.000834
v 0.326626 0.027332 -1.033849
v 0.326626 -0.165886 -1.033849
v 0.316196 -0.359103 -1.000833
v 0.302841 -0.552321 -0.958563
v 0.280667 -0.745539 -0.888375
v 0.599269 0.606985 -0.713346
v 0.646615 0.413767 -0.769705
v 0.675129 0.220549 -0.803646
v 0.697401 0.027332 -0.830157
v 0.697401 -0.165886 -0.830157
v 0.675129 -0.359103 -0.803646
v 0.646615 -0.552321 -0.769705
v 0.599269 -0.745539 -0.713346
v 0.826638 0.606985 -0.429716
v 0.891948 0.413767 -0.463666
v 0.931280 0.220549 -0.484112
v 0.962001 0.027332 -0.500082
v 0.962001 -0.165886 -0.500082
v 0.931280 -0.359103 -0.484112
v 0.891948 -0.552321 -0.463666
v 0.826638 -0.745539 -0.429716
v 0.928159 0.606985 -0.080664
v 1.001489 0.413767 -0.087038
v 1.045652 0.220549 -0.090876
v 1.080147 0.027332 -0.093874
v 1.080147 -0.165886 -0.093874
v 1.045652 -0.359103 -0.090876
v 1.001489 -0.552321 -0.087037
v 0.928159 -0.745539 -0.080664
v 0.888376 0.606986 0.280667
v 0.958563 0.413768 0.302841
v 1.000834 0.220550 0.316196
v 1.033849 0.027333 0.326626
v 1.033849 -0.165885 0.326626
v 1.000834 -0.359102 0.316196
v 0.958563 -0.552320 0.302841
v 0.888376 -0.745539 0.280667
v 0.713346 0.606986 0.599269
v 0.769705 0.413768 0.646615
v 0.803646 0.220550 0.675129
v 0.830157 0.027333 0.697401
v 0.830157 -0.165885 0.697401
v 0.803646 -0.359102 0.675129
v 0.769705 -0.552320 0.646615
v 0.713346 -0.745539 0.599269
v 0.429716 0.606986 0.826638
v 0.463666 0.413768 0.891948
v 0.484112 0.220550 0.931280
v 0.500082 0.027333 0.962001
v 0.500082 -0.165885 0.962001
v 0.484112 -0.359102 0.931280
v 0.463666 -0.552320 0.891948
v 0.429716 -0.745539 0.826639
v 0.080664 0.606986 0.928159
v 0.087037 0.413768 1.001489
v 0.090876 0.220550 1.045652
v 0.093874 0.027333 1.080147
v 0.093874 -0.165885 1.080147
v 0.090876 -0.359102 1.045652
v 0.087038 -0.552320 1.001489
v 0.080664 -0.745539 0.928159
v -0.280667 0.606986 0.888375
v -0.302841 0.413768 0.958563
v -0.316196 0.220550 1.000833
v -0.326626 0.027333 1.033849
v -0.326626 -0.165885 1.033849
v -0.316196 -0.359102 1.000834
v -0.302841 -0.552320 0.958563
v -0.280667 -0.745539 0.888376
v -0.599269 0.606985 0.713346
v -0.646615 0.413767 0.769705
v -0.675129 0.220549 0.803646
v -0.697401 0.027332 0.830157
v -0.697401 -0.165886 0.830157
v -0.675129 -0.359103 0.803646
v -0.646615 -0.552321 0.769705
v -0.599269 -0.745539 0.713346
v -0.826638 0.606985 0.429716
v -0.891948 0.413767 0.463666
v -0.931280 0.220549 0.484112
v -0.962001 0.027332 0.500082
v -0.962001 -0.165886 0.500082
v -0.931280 -0.359103 0.484112
v -0.891948 -0.552321 0.463666
v -0.826638 -0.745539 0.429716
v -0.928159 0.606985 0.080664
v -1.001489 0.413767 0.087037
v -1.045652 0.220549 0.090876
v -1.080147 0.027332 0.093874
v -1.080147 -0.165886 0.093874
v -1.045652 -0.359103 0.090876
v -1.001489 -0.552321 0.087038
v -0.928159 -0.745539 0.080664
v -0.888376 0.606985 -0.280667
v -0.958563 0.413767 -0.302841
v -1.000834 0.220549 -0.316196
v -1.033849 0.027332 -0.326626
v -1.033849 -0.165886 -0.326626
v -1.000834 -0.359103 -0.316196
v -0.958563 -0.552321 -0.302841
v -0.888376 -0.745539 -0.280667
v -0.713346 0.606985 -0.599269
v -0.769705 0.413767 -0.646615
v -0.803646 0.220549 -0.675129
v -0.830157 0.027332 -0.697401
v -0.830157 -0.165886 -0.697401
v -0.803646 -0.359103 -0.675129
v -0.769705 -0.552321 -0.646615
v -0.713346 -0.745539 -0.599269
v 0.264718 0.929653 0.509234
v 0.229520 0.973954 0.441526
v 0.043084 0.973954 0.495750
v 0.049692 0.929653 0.571773
v 0.509234 0.929653 -0.264718
v 0.441526 0.973954 -0.229521
v 0.495750 0.973954 -0.043084
v 0.571773 0.929653 -0.049692
v -0.571773 0.929653 0.049692
v -0.495751 0.973954 0.043084
v -0.474502 0.973954 -0.149911
v -0.547266 0.929653 -0.172899
v -0.264718 0.929653 -0.509234
v -0.229521 0.973954 -0.441526
v -0.043084 0.973954 -0.495751
v -0.049692 0.929653 -0.571774
v -0.149910 0.973954 0.474502
v -0.172899 0.929653 0.547266
v 0.474502 0.973954 0.149910
v 0.547266 0.929653 0.172899
v -0.381014 0.973954 -0.320083
v -0.439442 0.929653 -0.369168
v 0.149910 0.973954 -0.474502
v 0.172899 0.929653 -0.547266
v -0.320083 0.973954 0.381014
v -0.369168 0.929653 0.439442
v 0.381014 0.973954 0.320083
v 0.439442 0.929653 0.369167
v 0.320083 0.973954 -0.381014
v 0.369168 0.929653 -0.439442
v -0.441526 0.973954 0.229520
v -0.509234 0.929653 0.264717
v 0.571773 -1.068207 -0.049692
v 0.495751 -1.112508 -0.043084
v 0.441526 -1.112508 -0.229520
v 0.509234 -1.068207 -0.264717
v -0.547266 -1.068207 -0.172899
v -0.474502 -1.112508 -0.149910
v -0.495750 -1.112508 0.043084
v -0.571773 -1.068207 0.049692
v -0.049692 -1.068207 -0.571773
v -0.043084 -1.112508 -0.495750
v -0.229520 -1.112508 -0.441526
v -0.264718 -1.068207 -0.509234
v -0.172899 -1.068206 0.547266
v -0.149910 -1.112508 0.474502
v 0.043084 -1.112508 0.495751
v 0.049692 -1.068206 0.571774
v 0.547266 -1.068206 0.172899
v 0.474502 -1.112508 0.149911
v -0.439442 -1.068207 -0.369167
v -0.381014 -1.112508 -0.320083
v 0.172899 -1.068207 -0.547266
v 0.149910 -1.112508 -0.474502
v -0.369168 -1.068207 0.439442
v -0.320083 -1.112508 0.381014
v 0.439442 -1.068206 0.369168
v 0.381014 -1.112508 0.320083
v 0.369168 -1.068207 -0.439442
v 0.320083 -1.112508 -0.381014
v -0.509234 -1.068207 0.264718
v -0.441526 -1.112508 0.229521
v 0.264718 -1.068206 0.509234
v 0.229521 -1.112508 0.441526
v 0.055834 0.878742 0.642451
v 0.059368 0.851115 0.683119
v 0.642451 0.878741 -0.055835
v 0.683119 0.851114 -0.059369
v -0.614914 0.878741 -0.194271
v -0.653839 0.851114 -0.206569
v -0.055834 0.878741 -0.642451
v -0.059369 0.851114 -0.683120
v -0.194271 0.878742 0.614914
v -0.206569 0.851115 0.653839
v 0.614914 0.878742 0.194271
v 0.653839 0.851115 0.206569
v -0.493762 0.878741 -0.414801
v -0.525018 0.851114 -0.441058
v 0.194271 0.878741 -0.614914
v 0.206569 0.851114 -0.653839
v -0.414801 0.878741 0.493762
v -0.441058 0.851114 0.525018
v 0.493762 0.878742 0.414801
v 0.525018 0.851115 0.441058
v 0.414801 0.878741 -0.493762
v 0.441058 0.851114 -0.525018
v -0.572181 0.878741 0.297440
v -0.608401 0.851114 0.316268
v 0.316268 0.851115 0.608401
v 0.297440 0.878742 0.572181
v 0.608401 0.851114 -0.316268
v 0.572181 0.878741 -0.297440
v -0.683120 0.851114 0.059368
v -0.642451 0.878741 0.055834
v -0.316268 0.851114 -0.608401
v -0.297440 0.878741 -0.572181
v -0.381682 0.721639 -0.734237
v -0.395793 0.685549 -0.761382
v -0.074297 0.685549 -0.854888
v -0.071648 0.721639 -0.824409
v 0.258510 0.685549 -0.818246
v 0.249294 0.721639 -0.789074
v 0.551962 0.685549 -0.657033
v 0.532283 0.721639 -0.633608
v 0.761382 0.685549 -0.395793
v 0.734237 0.721639 -0.381682
v 0.854888 0.685549 -0.074297
v 0.824409 0.721639 -0.071648
v 0.818246 0.685549 0.258510
v 0.789074 0.721640 0.249294
v 0.657033 0.685549 0.551961
v 0.633608 0.721640 0.532283
v 0.395793 0.685549 0.761382
v 0.381682 0.721640 0.734237
v 0.074297 0.685549 0.854888
v 0.071648 0.721640 0.824409
v -0.258510 0.685549 0.818246
v -0.249294 0.721640 0.789074
v -0.551962 0.685549 0.657033
v -0.532283 0.721639 0.633608
v -0.761382 0.685549 0.395793
v -0.734237 0.721639 0.381682
v -0.854888 0.685549 0.074296
v -0.824409 0.721639 0.071648
v -0.818246 0.685549 -0.258510
v -0.789074 0.721639 -0.249294
v -0.657033 0.685549 -0.551962
v -0.633608 0.721639 -0.532283
v -0.447063 0.489144 -0.860009
v -0.439657 0.531608 -0.845763
v -0.082531 0.531608 -0.949632
v -0.083920 0.489144 -0.965627
v 0.287160 0.531608 -0.908928
v 0.291997 0.489144 -0.924239
v 0.613134 0.531608 -0.729849
v 0.623460 0.489144 -0.742143
v 0.845763 0.531608 -0.439657
v 0.860009 0.489144 -0.447063
v 0.949632 0.531608 -0.082531
v 0.965627 0.489144 -0.083920
v 0.908928 0.531608 0.287160
v 0.924239 0.489145 0.291997
v 0.729849 0.531608 0.613134
v 0.742143 0.489145 0.623460
v 0.439657 0.531608 0.845763
v 0.447063 0.489145 0.860009
v 0.082531 0.531608 0.949632
v 0.083920 0.489145 0.965627
v -0.287160 0.531608 0.908928
v -0.291997 0.489145 0.924239
v -0.613134 0.531608 0.729849
v -0.623460 0.489144 0.742143
v -0.845763 0.531608 0.439657
v -0.860009 0.489144 0.447063
v -0.949632 0.531608 0.082531
v -0.965627 0.489144 0.083920
v -0.908928 0.531608 -0.287160
v -0.924239 0.489144 -0.291997
v -0.729849 0.531608 -0.613134
v -0.742143 0.489144 -0.623460
v -0.472656 0.295250 -0.909243
v -0.468054 0.339067 -0.900390
v -0.087861 0.339067 -1.010968
v -0.088726 0.295250 -1.020909
v 0.305707 0.339067 -0.967636
v 0.308713 0.295250 -0.977150
v 0.652735 0.339067 -0.776990
v 0.659154 0.295250 -0.784629
v 0.900390 0.339067 -0.468054
v 0.909243 0.295250 -0.472656
v 1.010968 0.339067 -0.087861
v 1.020908 0.295250 -0.088726
v 0.967636 0.339068 0.305707
v 0.977150 0.295251 0.308713
v 0.776990 0.339068 0.652735
v 0.784629 0.295251 0.659154
v 0.468054 0.339068 0.900390
v 0.472656 0.295251 0.909243
v 0.087861 0.339068 1.010968
v 0.088726 0.295251 1.020908
v -0.305707 0.339068 0.967636
v -0.308713 0.295251 0.977149
v -0.652735 0.339067 0.776989
v -0.659154 0.295250 0.784629
v -0.900390 0.339067 0.468054
v -0.909243 0.295250 0.472656
v -1.010968 0.339067 0.087861
v -1.020908 0.295250 0.088726
v -0.967636 0.339067 -0.305707
v -0.977150 0.295250 -0.308713
v -0.776990 0.339067 -0.652735
v -0.784629 0.295250 -0.659154
v -0.490238 0.101873 -0.943064
v -0.486617 0.146008 -0.936099
v -0.091346 0.146008 -1.051063
v -0.092026 0.101873 -1.058884
v 0.317832 0.146008 -1.006013
v 0.320197 0.101873 -1.013497
v 0.678622 0.146008 -0.807806
v 0.683672 0.101873 -0.813816
v 0.936099 0.146008 -0.486617
v 0.943064 0.101873 -0.490238
v 1.051063 0.146008 -0.091346
v 1.058884 0.101873 -0.092026
v 1.006013 0.146009 0.317832
v 1.013497 0.101874 0.320197
v 0.807806 0.146009 0.678622
v 0.813816 0.101874 0.683672
v 0.486617 0.146009 0.936099
v 0.490238 0.101874 0.943064
v 0.091346 0.146009 1.051063
v 0.092026 0.101874 1.058884
v -0.317832 0.146009 1.006013
v -0.320197 0.101874 1.013497
v -0.678622 0.146008 0.807806
v -0.683672 0.101873 0.813816
v -0.936099 0.146008 0.486617
v -0.943064 0.101873 0.490238
v -1.051063 0.146008 0.091346
v -1.058884 0.101873 0.092026
v -1.006013 0.146008 -0.317832
v -1.013497 0.101873 -0.320197
v -0.807806 0.146008 -0.678622
v -0.813816 0.101873 -0.683672
v -0.496353 -0.091601 -0.954829
v -0.496353 -0.046953 -0.954829
v -0.093173 -0.046953 -1.072093
v -0.093173 -0.091601 -1.072093
v 0.324191 -0.046953 -1.026140
v 0.324191 -0.091601 -1.026140
v 0.692200 -0.046953 -0.823968
v 0.692200 -0.091601 -0.823968
v 0.954829 -0.046953 -0.496353
v 0.954829 -0.091601 -0.496353
v 1.072093 -0.046953 -0.093173
v 1.072093 -0.091601 -0.093173
v 1.026140 -0.046952 0.324191
v 1.026140 -0.091600 0.324191
v 0.823968 -0.046952 0.692200
v 0.823968 -0.091600 0.692200
v 0.496353 -0.046952 0.954829
v 0.496353 -0.091600 0.954829
v 0.093173 -0.046952 1.072093
v 0.093173 -0.091600 1.072093
v -0.324191 -0.046952 1.026140
v -0.324191 -0.091600 1.026140
v -0.692200 -0.046953 0.823968
v -0.692200 -0.091601 0.823968
v -0.954829 -0.046953 0.496353
v -0.954829 -0.091601 0.496353
v -1.072093 -0.046953 0.093173
v -1.072093 -0.091601 0.093173
v -1.026140 -0.046953 -0.324191
v -1.026140 -0.091601 -0.324191
v -0.823968 -0.046953 -0.692200
v -0.823968 -0.091601 -0.692200
v -0.486617 -0.284562 -0.936099
v -0.490238 -0.240427 -0.943064
v -0.092026 -0.240427 -1.058884
v -0.091346 -0.284562 -1.051063
v 0.320197 -0.240427 -1.013497
v 0.317832 -0.284562 -1.006013
v 0.683672 -0.240427 -0.813816
v 0.678622 -0.284562 -0.807806
v 0.943064 -0.240427 -0.490238
v 0.936099 -0.284562 -0.486617
v 1.058884 -0.240427 -0.092026
v 1.051063 -0.284562 -0.091346
v 1.013497 -0.240426 0.320197
v 1.006013 -0.284561 0.317832
v 0.813816 -0.240426 0.683672
v 0.807806 -0.284561 0.678622
v 0.490238 -0.240426 0.943064
v 0.486617 -0.284561 0.936099
v 0.092026 -0.240426 1.058884
v 0.091346 -0.284561 1.051063
v -0.320197 -0.240426 1.013497
v -0.317832 -0.284561 1.006013
v -0.683672 -0.240427 0.813816
v -0.678622 -0.284562 0.807806
v -0.943064 -0.240427 0.490238
v -0.936099 -0.284562 0.486617
v -1.058884 -0.240427 0.092026
v -1.051063 -0.284562 0.091346
v -1.013497 -0.240427 -0.320197
v -1.006013 -0.284562 -0.317832
v -0.813816 -0.240427 -0.683672
v -0.807806 -0.284562 -0.678622
v -0.468054 -0.477621 -0.900390
v -0.472656 -0.433804 -0.909243
v -0.088726 -0.433804 -1.020908
v -0.087861 -0.477621 -1.010968
v 0.308713 -0.433804 -0.977149
v 0.305707 -0.477621 -0.967636
v 0.659154 -0.433804 -0.784629
v 0.652735 -0.477621 -0.776989
v 0.909243 -0.433804 -0.472656
v 0.900390 -0.477621 -0.468054
v 1.020908 -0.433803 -0.088726
v 1.010968 -0.477621 -0.087861
v 0.977150 -0.433803 0.308713
v 0.967636 -0.477620 0.305707
v 0.784629 -0.433803 0.659154
v 0.776990 -0.477620 0.652735
v 0.472656 -0.433803 0.909243
v 0.468054 -0.477620 0.900390
v 0.088726 -0.433803 1.020909
v 0.087861 -0.477620 1.010968
v -0.308713 -0.433803 0.977150
v -0.305707 -0.477620 0.967636
v -0.659154 -0.433803 0.784629
v -0.652735 -0.477621 0.776990
v -0.909243 -0.433804 0.472656
v -0.900390 -0.477621 0.468054
v -1.020908 -0.433804 0.088726
v -1.010968 -0.477621 0.087861
v -0.977150 -0.433804 -0.308713
v -0.967636 -0.477621 -0.305707
v -0.784629 -0.433804 -0.659154
v -0.776990 -0.477621 -0.652735
v -0.439657 -0.670162 -0.845763
v -0.447063 -0.627698 -0.860009
v -0.083920 -0.627698 -0.965627
v -0.082531 -0.670162 -0.949632
v 0.291997 -0.627698 -0.924239
v 0.287160 -0.670162 -0.908928
v 0.623460 -0.627698 -0.742143
v 0.613134 -0.670162 -0.729849
v 0.860009 -0.627698 -0.447063
v 0.845763 -0.670162 -0.439657
v 0.965627 -0.627698 -0.083920
v 0.949632 -0.670162 -0.082531
v 0.924239 -0.627698 0.291997
v 0.908928 -0.670161 0.287160
v 0.742143 -0.627698 0.623460
v 0.729849 -0.670161 0.613134
v 0.447063 -0.627698 0.860009
v 0.439657 -0.670161 0.845763
v 0.083920 -0.627698 0.965627
v 0.082531 -0.670161 0.949632
v -0.291997 -0.627698 0.924239
v -0.287160 -0.670161 0.908928
v -0.623460 -0.627698 0.742143
v -0.613134 -0.670162 0.729849
v -0.860009 -0.627698 0.447063
v -0.845763 -0.670162 0.439657
v -0.965627 -0.627698 0.083920
v -0.949632 -0.670162 0.082531
v -0.924239 -0.627698 -0.291997
v -0.908928 -0.670162 -0.287160
v -0.742143 -0.627698 -0.623460
v -0.729849 -0.670162 -0.613134
v -0.074297 -0.824103 -0.854888
v -0.071648 -0.860193 -0.824409
v 0.258510 -0.824103 -0.818246
v 0.249294 -0.860193 -0.789074
v 0.551962 -0.824103 -0.657033
v 0.532283 -0.860193 -0.633608
v 0.761382 -0.824103 -0.395793
v 0.734237 -0.860193 -0.381682
v 0.854888 -0.824103 -0.074296
v 0.824409 -0.860193 -0.071648
v 0.818246 -0.824103 0.258510
v 0.789074 -0.860193 0.249294
v 0.657033 -0.824103 0.551962
v 0.633608 -0.860193 0.532283
v 0.395793 -0.824103 0.761382
v 0.381682 -0.860193 0.734237
v 0.074297 -0.824103 0.854888
v 0.071648 -0.860193 0.824409
v -0.258510 -0.824103 0.818246
v -0.249294 -0.860193 0.789074
v -0.551962 -0.824103 0.657033
v -0.532283 -0.860193 0.633608
v -0.761382 -0.824103 0.395793
v -0.734237 -0.860193 0.381682
v -0.854888 -0.824103 0.074297
v -0.824409 -0.860193 0.071648
v -0.818246 -0.824103 -0.258510
v -0.789074 -0.860193 -0.249294
v -0.657033 -0.824103 -0.551961
v -0.633608 -0.860193 -0.532283
v -0.381682 -0.860193 -0.734237
v -0.395793 -0.824103 -0.761382
v 0.572181 -1.017295 -0.297440
v 0.608401 -0.989668 -0.316268
v -0.642451 -1.017295 0.055835
v -0.683119 -0.989668 0.059369
v -0.297440 -1.017295 -0.572181
v -0.316268 -0.989668 -0.608401
v 0.055834 -1.017295 0.642451
v 0.059369 -0.989668 0.683120
v 0.683120 -0.989668 -0.059368
v 0.642451 -1.017295 -0.055834
v -0.653839 -0.989668 -0.206569
v -0.614914 -1.017295 -0.194271
v -0.059368 -0.989668 -0.683119
v -0.055834 -1.017295 -0.642451
v -0.206569 -0.989668 0.653839
v -0.194271 -1.017295 0.614914
v 0.653839 -0.989668 0.206569
v 0.614914 -1.017295 0.194271
v -0.525018 -0.989668 -0.441058
v -0.493762 -1.017295 -0.414801
v 0.206569 -0.989668 -0.653839
v 0.194271 -1.017295 -0.614914
v -0.441058 -0.989668 0.525018
v -0.414801 -1.017295 0.493762
v 0.525018 -0.989668 0.441058
v 0.493762 -1.017295 0.414801
v 0.441058 -0.989668 -0.525018
v 0.414801 -1.017295 -0.493762
v -0.608401 -0.989668 0.316268
v -0.572181 -1.017295 0.297440
v 0.316268 -0.989668 0.608401
v 0.297440 -1.017295 0.572181
v -0.229520 -1.250421 -0.441526
v -0.043084 -1.250421 -0.495750
v -0.043084 1.130097 -0.495751
v -0.229521 1.130097 -0.441526
v 0.149910 -1.250421 -0.474502
v 0.149910 1.130097 -0.474502
v 0.320083 -1.250421 -0.381014
v 0.320083 1.130097 -0.381014
v 0.441526 -1.250421 -0.229520
v 0.441526 1.130097 -0.229521
v 0.495751 -1.250421 -0.043084
v 0.495750 1.130097 -0.043084
v 0.474502 -1.250421 0.149911
v 0.474502 1.130097 0.149910
v 0.381014 -1.250421 0.320083
v 0.381014 1.130097 0.320083
v 0.229521 -1.250421 0.441526
v 0.229520 1.130097 0.441526
v 0.043084 -1.250421 0.495751
v 0.043084 1.130097 0.495750
v -0.149910 -1.250421 0.474502
v -0.149910 1.130097 0.474502
v -0.320083 -1.250421 0.381014
v -0.320083 1.130097 0.381014
v -0.441526 -1.250421 0.229521
v -0.441526 1.130097 0.229520
v -0.495750 -1.250421 0.043084
v -0.495751 1.130097 0.043084
v -0.474502 -1.250421 -0.149910
v -0.474502 1.130097 -0.149911
v -0.381014 -1.250421 -0.320083
v -0.381014 1.130097 -0.320083
v 0.229520 0.973954 0.441526
v 0.043084 0.973954 0.495750
v 0.441526 0.973954 -0.229521
v 0.495750 0.973954 -0.043084
v -0.495751 0.973954 0.043084
v -0.474502 0.973954 -0.149911
v -0.229521 0.973954 -0.441526
v -0.043084 0.973954 -0.495751
v -0.149910 0.973954 0.474502
v 0.474502 0.973954 0.149910
v -0.381014 0.973954 -0.320083
v 0.149910 0.973954 -0.474502
v -0.320083 0.973954 0.381014
v 0.381014 0.973954 0.320083
v 0.320083 0.973954 -0.381014
v -0.441526 0.973954 0.229520
v 0.495751 -1.112508 -0.043084
v 0.441526 -1.112508 -0.229520
v -0.474502 -1.112508 -0.149910
v -0.495750 -1.112508 0.043084
v -0.043084 -1.112508 -0.495750
v -0.229520 -1.112508 -0.441526
v -0.149910 -1.112508 0.474502
v 0.043084 -1.112508 0.495751
v 0.474502 -1.112508 0.149911
v -0.381014 -1.112508 -0.320083
v 0.149910 -1.112508 -0.474502
v -0.320083 -1.112508 0.381014
v 0.381014 -1.112508 0.320083
v 0.320083 -1.112508 -0.381014
v -0.441526 -1.112508 0.229521
v 0.229521 -1.112508 0.441526
v 0.006411 1.850798 0.012333
v 0.054548 1.847127 -0.012690
v -0.006411 1.850798 -0.012333
v -0.041725 1.847127 0.037356
v -0.054548 1.847127 0.012690
v 0.006411 1.828468 0.012333
v -0.039115 1.824904 0.035999
v 0.051937 1.824904 -0.011333
v -0.006411 1.828468 -0.012333
v 0.039115 1.824904 -0.035999
v 0.084202 1.814247 -0.059437
v 0.089398 1.836148 -0.062138
v 0.041725 1.847127 -0.037356
v 0.102220 1.836148 -0.037472
v 0.148971 1.817968 -0.061774
v 0.097025 1.814247 -0.034771
v 0.141240 1.796599 -0.057756
v 0.203245 1.759307 -0.089988
v 0.148298 1.786760 -0.092756
v 0.211156 1.782267 -0.094101
v 0.206043 1.776706 -0.122774
v 0.294529 1.706808 -0.137441
v 0.136148 1.817968 -0.086441
v 0.288551 1.699032 -0.165665
v 0.366920 1.607318 -0.175072
v 0.264458 1.703738 -0.121809
v 0.317255 1.639014 -0.149255
v 0.376802 1.536266 -0.180209
v 0.272514 1.681198 -0.157328
v 0.322020 1.611697 -0.183064
v 0.368792 1.526023 -0.207377
v 0.359829 1.597601 -0.202718
v 0.416966 1.476405 -0.232420
v 0.425392 1.487696 -0.205468
v 0.467649 1.352607 -0.227434
v 0.416039 1.437247 -0.200606
v 0.442635 1.344884 -0.214431
v 0.403217 1.437247 -0.225272
v 0.432541 1.332823 -0.240516
v 0.457712 1.340181 -0.253601
v 0.480485 1.194222 -0.265439
v 0.492049 1.207294 -0.240118
v 0.497513 1.088365 -0.242959
v 0.465714 1.203818 -0.226429
v 0.470884 1.088365 -0.229116
v 0.454082 1.191130 -0.251714
v 0.456874 1.037851 -0.253165
v 0.484691 1.088365 -0.267625
v 0.481801 1.018920 -0.266123
v 0.494706 1.018442 -0.241500
v 0.431836 1.018983 -0.208817
v 0.419013 1.018983 -0.233484
v 0.468647 1.037785 -0.227953
v 0.432974 1.038696 -0.209426
v 0.420377 1.039049 -0.234193
v 0.212539 1.741077 -0.126151
v -0.051937 1.824904 0.011333
v -0.097025 1.814247 0.034771
v -0.102220 1.836148 0.037472
v -0.084203 1.814247 0.059437
v -0.144863 1.788941 0.090971
v -0.136148 1.817968 0.086441
v -0.089398 1.836148 0.062138
v -0.148971 1.817968 0.061774
v -0.194348 1.792761 0.085363
v -0.141240 1.796599 0.057755
v -0.184157 1.772131 0.080065
v -0.247438 1.721990 0.112961
v -0.254009 1.747749 0.116376
v -0.227708 1.728484 0.134037
v -0.301772 1.643148 0.172537
v -0.288551 1.699032 0.165664
v -0.206043 1.776706 0.122774
v -0.356656 1.602596 0.201068
v -0.332295 1.659845 0.157072
v -0.386039 1.572047 0.185010
v -0.320568 1.634623 0.150977
v -0.381615 1.526023 0.182711
v -0.363980 1.536266 0.204875
v -0.403217 1.437247 0.225272
v -0.437453 1.415926 0.243069
v -0.401926 1.511950 0.224601
v -0.428890 1.478699 0.207274
v -0.468892 1.346490 0.228080
v -0.416039 1.437247 0.200606
v -0.445363 1.332823 0.215849
v -0.429812 1.344884 0.239097
v -0.452892 1.203818 0.251095
v -0.479683 1.200802 0.265022
v -0.463545 1.309688 0.256633
v -0.492742 1.204072 0.240491
v -0.497514 1.088365 0.242959
v -0.484691 1.088365 0.267625
v -0.466904 1.191130 0.227047
v -0.469717 1.035915 0.228509
v -0.458061 1.088365 0.253782
v -0.455824 1.035829 0.252619
v -0.437881 1.035702 0.243292
v -0.476119 1.019419 0.263169
v -0.488709 1.018993 0.238398
v -0.422343 1.018678 0.235215
v -0.435165 1.018678 0.210548
v -0.420644 1.039337 0.234331
v -0.434052 1.038244 0.209969
v -0.009666 -1.210023 -0.007552
v 0.023549 -1.212567 0.000335
v 0.022003 -1.215704 -0.024025
v -0.033339 -1.216611 0.004754
v -0.006603 -1.210697 0.016009
v -0.024317 -1.227582 0.000064
v -0.001418 -1.224120 -0.011840
v 0.024590 -1.232497 -0.025346
v 0.004166 -1.223711 0.010414
v 0.029716 -1.230003 -0.002870
v 0.053314 -1.250735 -0.015121
v 0.042388 -1.222058 -0.009458
v 0.058975 -1.237262 -0.018081
v 0.047338 -1.235591 -0.037185
v 0.069962 -1.256949 -0.023792
v 0.059137 -1.255685 -0.043318
v 0.065671 -1.277747 -0.046715
v 0.048580 -1.261203 -0.037839
v 0.053914 -1.298407 -0.040589
v 0.063201 -1.278547 -0.020277
v 0.063595 -1.301438 -0.020482
v 0.076259 -1.279977 -0.027065
v 0.075688 -1.303226 -0.026769
v 0.065576 -1.301843 -0.046665
v 0.060134 -1.324277 -0.043836
v 0.069573 -1.326315 -0.023590
v 0.048178 -1.344252 -0.037621
v 0.046063 -1.324234 -0.036522
v 0.027777 -1.347075 -0.027003
v 0.055508 -1.325830 -0.016278
v 0.039754 -1.344879 -0.008089
v 0.057638 -1.345289 -0.017386
v 0.041171 -1.360657 -0.008825
v 0.032593 -1.359498 -0.029520
v 0.009675 -1.369615 -0.017606
v 0.018241 -1.370002 0.003094
v -0.011282 -1.371067 -0.006712
v -0.004818 -1.357656 -0.010079
v -0.027072 -1.352521 0.001496
v -0.006804 -1.356297 0.016125
v 0.018733 -1.355683 0.002839
v -0.014979 -1.368964 0.020372
v -0.050512 -1.343006 0.038809
v -0.038052 -1.363009 0.007194
v -0.030093 -1.344279 0.028220
v -0.045214 -1.325830 0.036081
v -0.046465 -1.338825 0.011566
v -0.060617 -1.314083 0.018934
v -0.062174 -1.339797 0.019744
v -0.075441 -1.308420 0.026636
v -0.065962 -1.303205 0.046868
v -0.075488 -1.275969 0.026664
v -0.064342 -1.282613 0.020866
v -0.055508 -1.255621 0.016278
v -0.053301 -1.301438 0.040284
v -0.067196 -1.250125 0.022354
v -0.052907 -1.278547 0.040080
v -0.046063 -1.257217 0.036522
v -0.028335 -1.234986 0.027309
v -0.042021 -1.228895 0.034420
v -0.062933 -1.265039 0.045323
v -0.051215 -1.229026 0.014047
v -0.042043 -1.238764 0.009279
v -5.892656 2.391045 0.037522
v -5.892657 2.398365 0.036801
v -5.892657 2.383724 0.036801
v -5.331451 2.295592 0.037523
v -5.331451 2.302912 0.036801
v -4.770246 2.212411 0.036801
v -5.331451 2.309951 0.034666
v -4.770246 2.219450 0.034666
v -4.209040 2.129252 0.034666
v -4.770246 2.225937 0.031198
v -4.209040 2.135739 0.031198
v -3.647835 2.069584 0.031199
v -4.209040 2.141425 0.026532
v -3.647835 2.075269 0.026532
v -3.086629 2.009114 0.026532
v -3.647835 2.079937 0.020846
v -3.086629 2.013781 0.020846
v -2.525424 1.955186 0.020846
v -3.086629 2.017248 0.014359
v -2.525424 1.958653 0.014359
v -1.964219 1.906485 0.014359
v -2.525424 1.960789 0.007320
v -1.964219 1.908620 0.007320
v -1.403013 1.865903 0.007320
v -1.964219 1.909341 0.000000
v -1.403013 1.866624 0.000000
v -0.841808 1.832601 0.000000
v -1.403013 1.865903 -0.007320
v -1.964218 1.908620 -0.007320
v -2.525424 1.960789 -0.007320
v -1.964219 1.906485 -0.014359
v -2.525424 1.958653 -0.014359
v -3.086629 2.017248 -0.014359
v -2.525424 1.955186 -0.020846
v -3.086629 2.013781 -0.020846
v -3.647835 2.079937 -0.020846
v -3.086629 2.009114 -0.026532
v -3.647835 2.075269 -0.026532
v -4.209040 2.141425 -0.026532
v -3.647834 2.069584 -0.031199
v -4.209040 2.135739 -0.031199
v -4.770245 2.225937 -0.031199
v -4.209040 2.129252 -0.034666
v -4.770246 2.219450 -0.034666
v -5.331451 2.309951 -0.034666
v -4.770245 2.212411 -0.036802
v -5.331451 2.302912 -0.036801
v -5.892656 2.398365 -0.036801
v -5.331451 2.295592 -0.037522
v -5.892656 2.391045 -0.037522
v -5.892656 2.383724 -0.036801
v -5.892656 2.370198 -0.031199
v -5.892655 2.376685 -0.034666
v -5.331451 2.274746 -0.031199
v -5.892655 2.364512 -0.026532
v -5.892656 2.359846 -0.020846
v -5.892656 2.356379 -0.014359
v -5.892656 2.354243 -0.007320
v -5.331451 2.281233 -0.034666
v -4.770246 2.190732 -0.034666
v -5.331451 2.288272 -0.036801
v -4.770245 2.197771 -0.036802
v -4.209040 2.107573 -0.036801
v -4.770245 2.205091 -0.037522
v -4.209040 2.114893 -0.037522
v -3.647834 2.048738 -0.037522
v -4.209040 2.122213 -0.036801
v -3.647834 2.056058 -0.036801
v -3.086629 1.989902 -0.036801
v -3.647835 2.063097 -0.034666
v -3.086629 1.996941 -0.034666
v -2.525424 1.938347 -0.034666
v -3.086629 2.003428 -0.031199
v -2.525424 1.944834 -0.031199
v -1.964219 1.892665 -0.031199
v -2.525424 1.950520 -0.026532
v -1.964219 1.898351 -0.026532
v -1.403014 1.855634 -0.026532
v -1.964219 1.903018 -0.020846
v -1.403014 1.860300 -0.020846
v -0.841808 1.826277 -0.020846
v -1.403013 1.863767 -0.014359
v -0.841808 1.829745 -0.014359
v -0.280603 1.806685 -0.014359
v -0.841808 1.831880 -0.007320
v -0.280603 1.808820 -0.007320
v 0.280603 1.808820 -0.007320
v -0.280603 1.809541 -0.000000
v 0.280603 1.806685 -0.014359
v 0.280603 1.809541 -0.000000
v 0.841808 1.832601 0.000000
v 0.280603 1.808820 0.007320
v 0.841808 1.831880 -0.007320
v 0.841808 1.831880 0.007320
v 1.403013 1.865903 0.007320
v 0.841808 1.829745 0.014359
v 1.403013 1.863767 0.014359
v 1.964219 1.906485 0.014359
v 1.403014 1.860300 0.020846
v 1.964219 1.903018 0.020846
v 2.525424 1.955185 0.020846
v 1.964219 1.898351 0.026532
v 2.525424 1.950519 0.026532
v 3.086630 2.009114 0.026532
v 2.525424 1.944833 0.031199
v 3.086630 2.003428 0.031199
v 3.647835 2.069583 0.031198
v 3.086630 1.996941 0.034666
v 3.647835 2.063096 0.034666
v 4.209041 2.129252 0.034666
v 3.647835 2.056057 0.036801
v 4.209041 2.122213 0.036801
v 4.770246 2.212411 0.036801
v 4.209041 2.114892 0.037522
v 4.770246 2.205091 0.037523
v 5.331452 2.295592 0.037522
v 4.770246 2.197770 0.036801
v 5.331452 2.288271 0.036801
v 5.892657 2.383724 0.036801
v 5.331451 2.281232 0.034666
v 5.892657 2.376685 0.034666
v 5.892656 2.370198 0.031198
v 5.892657 2.405404 0.034666
v 5.892657 2.398364 0.036801
v 5.892657 2.391044 0.037522
v 5.892657 2.356378 0.014359
v 5.892656 2.354243 0.007320
v 5.892657 2.359846 0.020846
v 5.331451 2.260926 0.014359
v 5.331451 2.264393 0.020846
v 5.892657 2.364512 0.026532
v 5.892656 2.353522 0.000000
v 5.892657 2.356378 -0.014359
v 5.892656 2.364512 -0.026532
v 5.892657 2.376685 -0.034666
v 5.892657 2.425710 -0.014359
v 5.892656 2.427845 -0.007320
v 5.892657 2.422243 -0.020846
v 5.331451 2.330257 -0.014359
v 5.331451 2.332393 -0.007320
v 5.892657 2.405404 -0.034666
v 5.892657 2.411890 -0.031199
v 5.892656 2.417577 -0.026532
v 5.892656 2.428566 0.000000
v 5.892656 2.427845 0.007320
v 5.892657 2.425710 0.014359
v 5.892657 2.391044 -0.037522
v 5.892657 2.398364 -0.036801
v 5.892657 2.383724 -0.036801
v 5.331451 2.295592 -0.037523
v 5.331451 2.302912 -0.036801
v 4.770246 2.212411 -0.036801
v 5.331451 2.309951 -0.034666
v 4.770246 2.219450 -0.034666
v 4.209041 2.129252 -0.034666
v 4.770246 2.225937 -0.031198
v 4.209041 2.135739 -0.031199
v 3.647835 2.069583 -0.031199
v 4.209041 2.141425 -0.026532
v 3.647835 2.075269 -0.026532
v 3.086630 2.009114 -0.026532
v 3.647836 2.079936 -0.020846
v 3.086630 2.013780 -0.020846
v 2.525424 1.955185 -0.020846
v 3.086630 2.017248 -0.014359
v 2.525425 1.958652 -0.014359
v 1.964219 1.906485 -0.014359
v 2.525424 1.960788 -0.007320
v 1.964219 1.908620 -0.007320
v 1.403014 1.865903 -0.007320
v 1.964219 1.909341 0.000000
v 1.403014 1.866624 0.000000
v 1.964219 1.908620 0.007320
v 2.525425 1.960788 0.007320
v 2.525424 1.958652 0.014359
v 3.086630 2.017248 0.014359
v 3.086630 2.013780 0.020846
v 3.647835 2.079936 0.020846
v 3.647835 2.075269 0.026532
v 4.209041 2.141425 0.026532
v 4.209041 2.135739 0.031199
v 4.770245 2.225937 0.031199
v 4.770246 2.219450 0.034666
v 5.331451 2.309951 0.034666
v 5.331452 2.302912 0.036801
v 5.331451 2.316437 0.031199
v 5.892656 2.411890 0.031198
v 5.331451 2.322124 0.026532
v 4.770247 2.231623 0.026532
v 4.770246 2.236289 0.020846
v 4.209041 2.146091 0.020846
v 4.209041 2.149559 0.014359
v 3.647835 2.083403 0.014359
v 3.647836 2.085538 0.007320
v 3.086630 2.019383 0.007320
v 3.086630 2.020104 0.000000
v 2.525424 1.961509 0.000000
v 3.086630 2.019383 -0.007320
v 3.647835 2.085538 -0.007320
v 3.647835 2.083403 -0.014359
v 4.209041 2.149559 -0.014359
v 4.209041 2.146091 -0.020846
v 4.770246 2.236289 -0.020846
v 4.770246 2.231623 -0.026532
v 5.331451 2.322124 -0.026532
v 5.331451 2.316437 -0.031199
v 5.331451 2.326790 -0.020846
v 4.770246 2.239757 -0.014359
v 4.770246 2.241892 -0.007320
v 4.209041 2.151694 -0.007320
v 4.209041 2.152415 0.000000
v 3.647835 2.086260 0.000000
v 4.209041 2.151694 0.007320
v 4.770246 2.241892 0.007321
v 4.770247 2.239757 0.014359
v 5.331451 2.330257 0.014359
v 5.331451 2.326790 0.020846
v 5.892657 2.422243 0.020846
v 5.892657 2.417577 0.026532
v 5.331451 2.332393 0.007320
v 5.331451 2.333114 -0.000000
v 4.770246 2.242613 0.000000
v 1.403013 1.863767 -0.014359
v 0.841808 1.829745 -0.014359
v 1.403014 1.860300 -0.020846
v 1.964219 1.903018 -0.020846
v 1.964219 1.898351 -0.026532
v 2.525424 1.950519 -0.026532
v 2.525424 1.944833 -0.031199
v 3.086630 2.003428 -0.031199
v 3.086630 1.996941 -0.034666
v 3.647835 2.063096 -0.034666
v 3.647835 2.056057 -0.036801
v 4.209041 2.122213 -0.036801
v 4.209041 2.114892 -0.037522
v 4.770246 2.205091 -0.037522
v 4.770246 2.197770 -0.036801
v 5.331451 2.288271 -0.036801
v 5.331451 2.281232 -0.034666
v 4.770246 2.190732 -0.034666
v 5.331451 2.274745 -0.031199
v 5.892657 2.370198 -0.031199
v 4.770246 2.184244 -0.031198
v 5.331451 2.269059 -0.026532
v 4.770246 2.178559 -0.026532
v 5.331451 2.264393 -0.020846
v 5.892657 2.359846 -0.020846
v 4.770246 2.173892 -0.020846
v 5.331451 2.260926 -0.014359
v 4.770246 2.170425 -0.014359
v 5.331451 2.258790 -0.007320
v 5.892656 2.354243 -0.007320
v 4.770246 2.168290 -0.007320
v 5.331451 2.258069 -0.000000
v 4.770246 2.167569 0.000000
v 5.331451 2.258790 0.007320
v 4.770246 2.168290 0.007321
v 4.209041 2.078091 0.007320
v 4.770247 2.170425 0.014359
v 4.209041 2.080227 0.014359
v 3.647835 2.014071 0.014359
v 4.209041 2.083694 0.020846
v 3.647835 2.017539 0.020846
v 3.086630 1.951383 0.020846
v 3.647835 2.022205 0.026532
v 3.086630 1.956049 0.026532
v 2.525424 1.897455 0.026532
v 3.086630 1.961735 0.031199
v 2.525424 1.903141 0.031199
v 1.964219 1.850973 0.031199
v 2.525424 1.909628 0.034666
v 1.964219 1.857460 0.034666
v 1.403013 1.814742 0.034666
v 1.964219 1.864499 0.036801
v 1.403013 1.821781 0.036801
v 0.841808 1.787759 0.036801
v 1.403013 1.829102 0.037522
v 0.841808 1.795079 0.037522
v 0.280603 1.772019 0.037522
v 0.841808 1.802399 0.036801
v 0.280603 1.779339 0.036801
v -0.280603 1.779339 0.036801
v 0.280603 1.786378 0.034666
v -0.280603 1.786378 0.034666
v -0.841808 1.809438 0.034666
v -0.280603 1.792865 0.031199
v -0.841808 1.802399 0.036801
v -1.403013 1.836422 0.036801
v -0.841808 1.795079 0.037522
v -1.403014 1.829102 0.037522
v -1.964219 1.871819 0.037522
v -1.403013 1.821781 0.036801
v -1.964219 1.864499 0.036801
v -2.525424 1.916667 0.036801
v -1.964219 1.857460 0.034666
v -2.525424 1.909628 0.034666
v -3.086629 1.968223 0.034666
v -2.525424 1.903141 0.031199
v -3.086629 1.961736 0.031199
v -3.647835 2.027892 0.031199
v -3.086629 1.956050 0.026532
v -3.647835 2.022205 0.026532
v -4.209040 2.088361 0.026532
v -3.647835 2.017539 0.020846
v -4.209040 2.083694 0.020846
v -4.770245 2.173892 0.020846
v -4.209040 2.080227 0.014359
v -4.770245 2.170425 0.014359
v -5.331451 2.260926 0.014359
v -4.770245 2.168290 0.007321
v -5.331451 2.258791 0.007320
v -5.892656 2.354243 0.007320
v -5.331450 2.258070 0.000000
v -5.892656 2.353523 -0.000000
v -5.892656 2.359846 0.020846
v -5.331451 2.258791 -0.007320
v -4.770245 2.168290 -0.007321
v -5.331451 2.260926 -0.014359
v -4.770245 2.170425 -0.014359
v -4.209040 2.080227 -0.014359
v -4.770246 2.173892 -0.020846
v -4.209040 2.083694 -0.020846
v -3.647835 2.017539 -0.020846
v -4.209040 2.088361 -0.026532
v -3.647835 2.022205 -0.026532
v -3.086629 1.956050 -0.026532
v -3.647834 2.027892 -0.031199
v -3.086629 1.961736 -0.031199
v -2.525424 1.903141 -0.031199
v -3.086629 1.968223 -0.034666
v -2.525424 1.909628 -0.034666
v -1.964219 1.857460 -0.034666
v -2.525424 1.916667 -0.036801
v -1.964219 1.864499 -0.036801
v -1.403013 1.821781 -0.036801
v -1.964219 1.871819 -0.037522
v -1.403014 1.829102 -0.037522
v -0.841808 1.795079 -0.037522
v -1.403013 1.836422 -0.036801
v -0.841808 1.802399 -0.036801
v -0.280603 1.779339 -0.036801
v -0.841808 1.809438 -0.034666
v -0.280603 1.786378 -0.034666
v 0.280603 1.786378 -0.034666
v -0.280603 1.792865 -0.031199
v 0.280603 1.792865 -0.031199
v 0.841808 1.815925 -0.031199
v 0.280603 1.798551 -0.026532
v 0.841808 1.809438 -0.034666
v 1.403014 1.843461 -0.034666
v 0.841808 1.802399 -0.036801
v 1.403013 1.836422 -0.036801
v 1.964219 1.879139 -0.036801
v 1.403013 1.829102 -0.037522
v 1.964219 1.871819 -0.037522
v 2.525424 1.923987 -0.037522
v 1.964219 1.864499 -0.036801
v 2.525424 1.916667 -0.036801
v 3.086630 1.975261 -0.036801
v 2.525424 1.909628 -0.034666
v 3.086630 1.968222 -0.034666
v 3.647835 2.034378 -0.034666
v 3.086630 1.961735 -0.031199
v 3.647835 2.027891 -0.031199
v 4.209041 2.094047 -0.031199
v 3.647835 2.022205 -0.026532
v 4.209041 2.088360 -0.026532
v 4.209041 2.083694 -0.020846
v 3.647836 2.017539 -0.020846
v 4.209041 2.080227 -0.014359
v 3.647835 2.014071 -0.014359
v 4.209041 2.078091 -0.007320
v 3.647835 2.011936 -0.007320
v 4.209041 2.077370 0.000000
v 3.647835 2.011215 0.000000
v 3.647836 2.011936 0.007320
v 3.086630 1.945780 0.007320
v 3.086630 1.947916 0.014359
v 2.525424 1.889321 0.014359
v 2.525424 1.892788 0.020846
v 1.964219 1.840620 0.020846
v 1.964219 1.845287 0.026532
v 1.403014 1.802569 0.026532
v 1.403014 1.808255 0.031199
v 0.841808 1.774233 0.031199
v 0.841808 1.780720 0.034666
v 0.280603 1.757660 0.034666
v 0.280603 1.764699 0.036801
v -0.280603 1.764699 0.036801
v -0.280603 1.757660 0.034666
v -0.841808 1.780720 0.034666
v -0.280603 1.751173 0.031199
v -0.841808 1.774233 0.031199
v 0.280603 1.751173 0.031199
v 0.280603 1.745487 0.026532
v -0.280603 1.745487 0.026532
v 0.841808 1.768547 0.026532
v 0.841808 1.763880 0.020846
v 1.403014 1.797903 0.020846
v 1.403013 1.794436 0.014359
v 1.964219 1.837153 0.014359
v 1.964219 1.835018 0.007320
v 2.525425 1.887186 0.007320
v 2.525424 1.886465 0.000000
v 3.086630 1.945059 0.000000
v 3.086630 1.945780 -0.007320
v 2.525424 1.887186 -0.007320
v 1.964219 1.835018 -0.007320
v 2.525425 1.889321 -0.014359
v 1.964219 1.837153 -0.014359
v 1.403013 1.794436 -0.014359
v 1.964219 1.840620 -0.020846
v 1.403014 1.797903 -0.020846
v 0.841808 1.763880 -0.020846
v 1.403014 1.802569 -0.026532
v 0.841808 1.768547 -0.026532
v 0.280603 1.745487 -0.026532
v 0.841808 1.774233 -0.031199
v 0.280603 1.751173 -0.031199
v -0.280603 1.751173 -0.031199
v 0.280603 1.757660 -0.034666
v 0.841808 1.780720 -0.034666
v -0.280603 1.757660 -0.034666
v 0.280603 1.764699 -0.036801
v -0.280603 1.764699 -0.036801
v -0.841808 1.787759 -0.036801
v -0.280603 1.772019 -0.037522
v -0.841808 1.780720 -0.034666
v -1.403014 1.814742 -0.034666
v -0.841808 1.774233 -0.031199
v -1.403013 1.808255 -0.031199
v -1.964219 1.850973 -0.031199
v -1.403014 1.802569 -0.026532
v -1.964219 1.845287 -0.026532
v -2.525424 1.897455 -0.026532
v -1.964219 1.840620 -0.020846
v -2.525424 1.892789 -0.020846
v -3.086629 1.951384 -0.020846
v -2.525424 1.889321 -0.014359
v -3.086629 1.947917 -0.014359
v -3.647834 2.014072 -0.014359
v -3.086629 1.945781 -0.007320
v -3.647835 2.011936 -0.007320
v -4.209040 2.078092 -0.007320
v -3.647834 2.011215 0.000000
v -4.209040 2.077371 -0.000000
v -4.770246 2.167569 -0.000000
v -4.209040 2.078092 0.007320
v -3.647835 2.011936 0.007320
v -3.086630 1.945781 0.007320
v -3.647834 2.014072 0.014359
v -3.086629 1.947917 0.014359
v -2.525424 1.889321 0.014359
v -3.086629 1.951384 0.020846
v -2.525424 1.892789 0.020846
v -1.964219 1.840620 0.020846
v -2.525424 1.897455 0.026532
v -1.964219 1.845287 0.026532
v -1.403013 1.802569 0.026532
v -1.964219 1.850973 0.031199
v -1.403014 1.808255 0.031199
v -1.403013 1.814742 0.034666
v -0.841808 1.787759 0.036801
v -0.280603 1.772019 0.037522
v -0.841808 1.768547 0.026532
v -1.403013 1.797903 0.020846
v -0.841808 1.763880 0.020846
v -1.403014 1.794436 0.014359
v -1.964219 1.837153 0.014359
v -1.964219 1.835018 0.007320
v -2.525424 1.887186 0.007320
v -2.525424 1.886465 0.000000
v -3.086629 1.945060 -0.000000
v -2.525424 1.887186 -0.007320
v -1.964218 1.835018 -0.007320
v -1.964219 1.837153 -0.014359
v -1.403013 1.794436 -0.014359
v -1.403014 1.797903 -0.020846
v -0.841808 1.763880 -0.020846
v -0.841808 1.768547 -0.026532
v -0.280603 1.745487 -0.026532
v -0.280603 1.740820 -0.020846
v 0.280603 1.740820 -0.020846
v -0.280603 1.737353 -0.014359
v -0.841808 1.760413 -0.014359
v -0.841808 1.758278 -0.007320
v -1.403013 1.792300 -0.007320
v -1.403013 1.791579 0.000000
v -1.964219 1.834297 0.000000
v -1.403013 1.792300 0.007320
v -0.841808 1.758278 0.007320
v -0.841808 1.760413 0.014359
v -0.280603 1.737353 0.014359
v -0.280603 1.740820 0.020846
v 0.280603 1.740820 0.020846
v 0.280603 1.737353 0.014359
v 0.841808 1.760413 0.014359
v 0.280603 1.735218 0.007320
v 0.841808 1.758278 0.007320
v 1.403013 1.792300 0.007320
v 0.841808 1.757557 -0.000000
v 1.403014 1.791579 0.000000
v 1.964219 1.834297 0.000000
v 1.403014 1.792300 -0.007320
v 0.841808 1.758278 -0.007320
v 0.280603 1.735218 -0.007320
v 0.841808 1.760413 -0.014359
v 0.280603 1.737353 -0.014359
v -0.280603 1.735218 -0.007320
v -0.280603 1.734497 -0.000000
v -0.841808 1.757557 0.000000
v -0.280603 1.735218 0.007320
v 0.280603 1.734497 -0.000000
v 0.280603 1.772019 -0.037522
v 0.280603 1.779339 -0.036801
v 0.841808 1.795079 -0.037522
v 0.841808 1.787759 -0.036801
v 1.403013 1.821781 -0.036801
v 1.403013 1.814742 -0.034666
v 1.964219 1.857460 -0.034666
v 1.964219 1.850973 -0.031199
v 2.525424 1.903141 -0.031199
v 2.525424 1.897455 -0.026532
v 3.086630 1.956049 -0.026532
v 3.086630 1.951383 -0.020846
v 2.525424 1.892788 -0.020846
v 3.086630 1.947916 -0.014359
v 1.964219 1.845287 -0.026532
v 1.403014 1.808255 -0.031199
v 4.209041 2.100533 -0.034666
v 4.209041 2.107572 -0.036801
v 3.647835 2.041417 -0.036801
v 3.647835 2.048737 -0.037522
v 3.086630 1.982582 -0.037522
v 3.086630 1.989902 -0.036801
v 2.525424 1.931307 -0.036801
v 2.525424 1.938346 -0.034666
v 1.964219 1.886178 -0.034666
v 1.964219 1.892665 -0.031199
v 1.403014 1.849948 -0.031199
v 1.403014 1.855634 -0.026532
v 0.841808 1.821611 -0.026532
v 0.841808 1.826277 -0.020846
v 0.280603 1.803217 -0.020846
v -0.280603 1.803217 -0.020846
v -0.280603 1.798551 -0.026532
v -0.841808 1.821611 -0.026532
v -0.841808 1.815925 -0.031199
v -1.403013 1.849948 -0.031199
v -1.403013 1.843461 -0.034666
v -1.964219 1.886178 -0.034666
v -1.964219 1.879139 -0.036801
v -2.525424 1.931308 -0.036801
v -2.525424 1.923987 -0.037522
v -3.086629 1.982582 -0.037522
v -3.086629 1.975262 -0.036801
v -3.647834 2.041417 -0.036801
v -3.647835 2.034379 -0.034666
v -4.209040 2.100534 -0.034666
v -4.209040 2.094047 -0.031199
v -4.770245 2.184245 -0.031199
v -4.770246 2.178559 -0.026532
v -5.331451 2.269059 -0.026532
v -5.331451 2.264393 -0.020846
v -5.892656 2.356379 0.014359
v -5.331450 2.264393 0.020846
v -5.892656 2.364512 0.026532
v -5.892656 2.370198 0.031199
v -5.331450 2.269059 0.026532
v -4.770245 2.178559 0.026532
v -5.331451 2.274746 0.031199
v -4.770246 2.184245 0.031198
v -4.209040 2.094047 0.031198
v -4.770246 2.190732 0.034666
v -4.209040 2.100534 0.034666
v -3.647834 2.034379 0.034666
v -4.209040 2.107573 0.036801
v -3.647835 2.041417 0.036801
v -3.086629 1.975262 0.036801
v -3.647835 2.048738 0.037522
v -3.086629 1.982582 0.037522
v -2.525424 1.923987 0.037522
v -3.086629 1.989902 0.036801
v -2.525424 1.931308 0.036801
v -1.964219 1.879139 0.036801
v -2.525424 1.938347 0.034666
v -1.964219 1.886178 0.034666
v -1.403013 1.843461 0.034666
v -1.964219 1.892665 0.031199
v -1.403014 1.849948 0.031199
v -0.841808 1.815925 0.031199
v -1.403013 1.855634 0.026532
v -0.841808 1.821611 0.026532
v -0.280603 1.798551 0.026532
v -0.841808 1.826277 0.020846
v -0.280603 1.803217 0.020846
v 0.280603 1.803217 0.020846
v -0.280603 1.806685 0.014359
v 0.280603 1.798551 0.026532
v 0.841808 1.821611 0.026532
v 0.280603 1.792865 0.031199
v 0.841808 1.815925 0.031199
v 1.403014 1.849948 0.031199
v 0.841808 1.809438 0.034666
v 1.403013 1.843461 0.034666
v 1.964219 1.886178 0.034666
v 1.403013 1.836422 0.036801
v 1.964219 1.879139 0.036801
v 2.525424 1.931307 0.036801
v 1.964219 1.871819 0.037522
v 2.525424 1.923987 0.037522
v 3.086630 1.982582 0.037522
v 2.525424 1.916667 0.036801
v 3.086630 1.975261 0.036801
v 3.647835 2.041417 0.036801
v 3.086630 1.968222 0.034666
v 3.647835 2.034378 0.034666
v 4.209041 2.100533 0.034666
v 3.647835 2.027891 0.031198
v 4.209041 2.094047 0.031199
v 4.770245 2.184244 0.031199
v 4.209041 2.088360 0.026532
v 4.770247 2.178559 0.026532
v 5.331451 2.269059 0.026532
v 4.770246 2.173892 0.020846
v 5.331451 2.274745 0.031199
v 4.770246 2.190732 0.034666
v 4.209041 2.107572 0.036801
v 3.647835 2.048737 0.037522
v 3.086630 1.989902 0.036801
v 2.525424 1.938346 0.034666
v 1.964219 1.892665 0.031199
v 1.403014 1.855634 0.026532
v 0.841808 1.826277 0.020846
v 0.280603 1.806685 0.014359
v -0.841808 1.829745 0.014359
v -0.280603 1.808820 0.007320
v -0.841808 1.831880 0.007320
v -1.403014 1.863767 0.014359
v -1.403013 1.860300 0.020846
v -1.964219 1.903018 0.020846
v -1.964219 1.898351 0.026532
v -2.525424 1.950520 0.026532
v -2.525424 1.944834 0.031199
v -3.086629 2.003428 0.031199
v -3.086629 1.996941 0.034666
v -3.647834 2.063097 0.034666
v -3.647835 2.056058 0.036801
v -4.209040 2.122213 0.036801
v -4.209040 2.114893 0.037522
v -4.770245 2.205091 0.037522
v -4.770246 2.197771 0.036801
v -5.331451 2.288272 0.036801
v -5.331451 2.281233 0.034666
v -5.892656 2.376685 0.034666
v -5.892655 2.405404 -0.034666
v -5.892656 2.422243 -0.020846
v -5.892656 2.425710 -0.014359
v -5.331451 2.326791 -0.020846
v -5.892655 2.417577 -0.026532
v -5.892656 2.427846 0.007320
v -5.892656 2.411891 -0.031199
v -5.331451 2.330258 -0.014359
v -4.770245 2.239757 -0.014359
v -5.331451 2.332393 -0.007320
v -4.770245 2.241892 -0.007321
v -4.209040 2.151695 -0.007320
v -4.770246 2.242613 -0.000000
v -4.209040 2.152415 -0.000000
v -3.647834 2.086260 0.000000
v -4.209040 2.151695 0.007320
v -4.770245 2.241892 0.007321
v -5.331451 2.332393 0.007320
v -4.770245 2.239757 0.014359
v -5.331451 2.330258 0.014359
v -5.892656 2.425710 0.014359
v -5.331450 2.326791 0.020846
v -5.892656 2.422243 0.020846
v -5.892656 2.417577 0.026532
v -5.892656 2.411891 0.031199
v -5.892656 2.405404 0.034666
v -5.331451 2.316438 0.031199
v -5.331450 2.322124 0.026532
v -4.770245 2.231623 0.026532
v -4.770245 2.236290 0.020846
v -4.209040 2.146092 0.020846
v -4.209040 2.149559 0.014359
v -3.647834 2.083404 0.014359
v -3.647835 2.085539 0.007320
v -3.086630 2.019384 0.007320
v -3.086629 2.020104 -0.000000
v -2.525424 1.961510 0.000000
v -3.086629 2.019384 -0.007320
v -3.647835 2.085539 -0.007320
v -3.647834 2.083404 -0.014359
v -4.209040 2.149559 -0.014359
v -4.209040 2.146092 -0.020846
v -4.770246 2.236290 -0.020846
v -4.770246 2.231623 -0.026532
v -5.331451 2.322124 -0.026532
v -5.331451 2.316438 -0.031199
v -5.331450 2.333114 0.000000
v -5.892656 2.428567 -0.000000
v -5.892656 2.427846 -0.007320
v 1.526012 -0.823922 0.264672
v 1.526012 0.915036 0.264672
v 1.479495 -0.823922 -0.030816
v 1.479495 0.915036 -0.030816
v 1.549597 -0.823922 -0.321611
v 1.549597 0.915036 -0.321611
v 1.725645 -0.823922 -0.563444
v 1.725645 0.915036 -0.563444
v 1.980839 -0.823922 -0.719499
v 1.980838 0.915036 -0.719498
v 2.276326 -0.823922 -0.766015
v 2.276326 0.915036 -0.766015
v 2.567122 -0.823922 -0.695914
v 2.567122 0.915036 -0.695914
v 2.808954 -0.823922 -0.519865
v 2.808954 0.915036 -0.519865
v 2.965009 -0.823922 -0.264672
v 2.965009 0.915036 -0.264672
v 3.011526 -0.823922 0.030816
v 3.011526 0.915036 0.030816
v 2.941424 -0.823922 0.321611
v 2.941424 0.915036 0.321611
v 2.765376 -0.823922 0.563444
v 2.765376 0.915036 0.563444
v 2.510182 -0.823922 0.719498
v 2.510182 0.915036 0.719499
v 2.214694 -0.823922 0.766015
v 2.214694 0.915036 0.766015
v 1.923899 -0.823922 0.695914
v 1.923899 0.915036 0.695914
v 1.682066 -0.823922 0.519865
v 1.682066 0.915036 0.519865
v 1.371135 -0.630705 0.321644
v 1.302054 -0.437487 0.347056
v 1.260450 -0.244269 0.362360
v 1.227955 -0.051052 0.374314
v 1.227955 0.142166 0.374314
v 1.260450 0.335383 0.362360
v 1.302054 0.528601 0.347056
v 1.371135 0.721819 0.321644
v 1.314606 0.721819 -0.037449
v 1.241058 0.528601 -0.040407
v 1.196765 0.335383 -0.042189
v 1.162169 0.142166 -0.043580
v 1.162169 -0.051052 -0.043580
v 1.196765 -0.244269 -0.042189
v 1.241058 -0.437487 -0.040407
v 1.314606 -0.630705 -0.037449
v 1.399798 0.721819 -0.390839
v 1.332981 0.528601 -0.421718
v 1.292741 0.335383 -0.440315
v 1.261310 0.142166 -0.454840
v 1.261310 -0.051052 -0.454840
v 1.292741 -0.244269 -0.440315
v 1.332981 -0.437487 -0.421718
v 1.399798 -0.630705 -0.390839
v 1.613741 0.721819 -0.684729
v 1.563828 0.528601 -0.738827
v 1.533768 0.335383 -0.771407
v 1.510288 0.142166 -0.796855
v 1.510288 -0.051052 -0.796855
v 1.533768 -0.244269 -0.771407
v 1.563828 -0.437487 -0.738827
v 1.613742 -0.630705 -0.684729
v 1.923866 0.721819 -0.874375
v 1.898454 0.528601 -0.943456
v 1.883150 0.335383 -0.985060
v 1.871197 0.142166 -1.017555
v 1.871197 -0.051052 -1.017555
v 1.883150 -0.244269 -0.985060
v 1.898454 -0.437487 -0.943456
v 1.923866 -0.630705 -0.874375
v 2.282959 0.721819 -0.930904
v 2.285918 0.528601 -1.004452
v 2.287699 0.335383 -1.048745
v 2.289091 0.142166 -1.083342
v 2.289091 -0.051052 -1.083342
v 2.287699 -0.244269 -1.048745
v 2.285918 -0.437487 -1.004452
v 2.282959 -0.630705 -0.930904
v 2.636350 0.721819 -0.845712
v 2.667229 0.528601 -0.912529
v 2.685826 0.335383 -0.952770
v 2.700351 0.142166 -0.984200
v 2.700351 -0.051052 -0.984200
v 2.685826 -0.244269 -0.952770
v 2.667229 -0.437487 -0.912529
v 2.636350 -0.630705 -0.845712
v 2.930239 0.721819 -0.631769
v 2.984337 0.528601 -0.681682
v 3.016918 0.335383 -0.711743
v 3.042365 0.142166 -0.735222
v 3.042365 -0.051052 -0.735222
v 3.016917 -0.244269 -0.711743
v 2.984337 -0.437487 -0.681683
v 2.930239 -0.630705 -0.631769
v 3.119886 0.721819 -0.321644
v 3.188967 0.528601 -0.347056
v 3.230570 0.335383 -0.362360
v 3.263065 0.142166 -0.374314
v 3.263065 -0.051052 -0.374314
v 3.230570 -0.244269 -0.362360
v 3.188967 -0.437487 -0.347056
v 3.119885 -0.630705 -0.321644
v 3.176415 0.721819 0.037449
v 3.249962 0.528601 0.040407
v 3.294256 0.335383 0.042189
v 3.328852 0.142166 0.043581
v 3.328852 -0.051052 0.043581
v 3.294256 -0.244269 0.042189
v 3.249962 -0.437487 0.040407
v 3.176415 -0.630705 0.037449
v 3.091223 0.721819 0.390840
v 3.158039 0.528601 0.421718
v 3.198280 0.335383 0.440315
v 3.229710 0.142166 0.454841
v 3.229710 -0.051052 0.454841
v 3.198280 -0.244269 0.440315
v 3.158040 -0.437487 0.421718
v 3.091223 -0.630705 0.390839
v 2.877279 0.721819 0.684729
v 2.927193 0.528601 0.738827
v 2.957253 0.335383 0.771407
v 2.980732 0.142166 0.796855
v 2.980732 -0.051052 0.796855
v 2.957253 -0.244269 0.771407
v 2.927193 -0.437487 0.738827
v 2.877279 -0.630705 0.684729
v 2.567154 0.721819 0.874375
v 2.592566 0.528601 0.943456
v 2.607870 0.335383 0.985060
v 2.619824 0.142166 1.017555
v 2.619824 -0.051052 1.017555
v 2.607870 -0.244269 0.985060
v 2.592566 -0.437487 0.943456
v 2.567154 -0.630705 0.874375
v 2.208061 0.721819 0.930904
v 2.205103 0.528601 1.004452
v 2.203321 0.335383 1.048746
v 2.201930 0.142166 1.083342
v 2.201930 -0.051052 1.083342
v 2.203321 -0.244269 1.048746
v 2.205103 -0.437487 1.004452
v 2.208062 -0.630705 0.930904
v 1.854671 0.721819 0.845712
v 1.823792 0.528601 0.912529
v 1.805195 0.335383 0.952770
v 1.790670 0.142166 0.984200
v 1.790670 -0.051052 0.984200
v 1.805195 -0.244269 0.952770
v 1.823792 -0.437487 0.912529
v 1.854671 -0.630705 0.845712
v 1.560781 0.721819 0.631769
v 1.506683 0.528601 0.681683
v 1.474103 0.335383 0.711743
v 1.448655 0.142166 0.735222
v 1.448655 -0.051052 0.735222
v 1.474103 -0.244269 0.711743
v 1.506683 -0.437487 0.681683
v 1.560781 -0.630705 0.631769
v 2.784151 1.044487 -0.198142
v 2.712533 1.088788 -0.171797
v 2.742727 1.088788 0.020003
v 2.818975 1.044487 0.023069
v 2.047368 1.044487 -0.538641
v 2.073713 1.088788 -0.467023
v 2.265513 1.088788 -0.497217
v 2.268579 1.044487 -0.573465
v 2.222441 1.044487 0.573465
v 2.225508 1.088788 0.497217
v 2.036754 1.088788 0.451714
v 2.004741 1.044487 0.520984
v 1.706869 1.044487 0.198142
v 1.778487 1.088788 0.171797
v 1.748293 1.088788 -0.020002
v 1.672045 1.044487 -0.023069
v 2.697225 1.088788 0.208756
v 2.766495 1.044487 0.240769
v 2.454267 1.088788 -0.451714
v 2.486279 1.044487 -0.520984
v 1.879781 1.088788 0.337442
v 1.823697 1.044487 0.389188
v 1.793796 1.088788 -0.208756
v 1.724526 1.044487 -0.240769
v 2.582952 1.088788 0.365729
v 2.634699 1.044487 0.421814
v 2.611239 1.088788 -0.337442
v 2.667324 1.044487 -0.389188
v 1.908068 1.088788 -0.365729
v 1.856322 1.044487 -0.421813
v 2.417307 1.088788 0.467023
v 2.443653 1.044487 0.538641
v 2.268580 -0.953373 -0.573465
v 2.265513 -0.997674 -0.497217
v 2.073713 -0.997674 -0.467023
v 2.047368 -0.953373 -0.538641
v 2.004741 -0.953373 0.520984
v 2.036754 -0.997674 0.451714
v 2.225508 -0.997674 0.497217
v 2.222441 -0.953373 0.573465
v 1.672045 -0.953373 -0.023069
v 1.748293 -0.997674 -0.020002
v 1.778487 -0.997674 0.171797
v 1.706869 -0.953373 0.198142
v 2.766495 -0.953373 0.240769
v 2.697225 -0.997674 0.208756
v 2.742727 -0.997674 0.020003
v 2.818975 -0.953373 0.023069
v 2.486279 -0.953373 -0.520984
v 2.454267 -0.997674 -0.451714
v 1.823697 -0.953373 0.389188
v 1.879781 -0.997674 0.337442
v 1.724526 -0.953373 -0.240769
v 1.793796 -0.997674 -0.208756
v 2.634699 -0.953373 0.421814
v 2.582952 -0.997674 0.365729
v 2.667324 -0.953373 -0.389188
v 2.611239 -0.997674 -0.337442
v 1.856322 -0.953373 -0.421813
v 1.908068 -0.997674 -0.365729
v 2.443653 -0.953373 0.538641
v 2.417307 -0.997674 0.467023
v 2.784151 -0.953373 -0.198142
v 2.712533 -0.997674 -0.171797
v 2.889862 0.993575 0.025921
v 2.930651 0.965948 0.027562
v 2.271431 0.993575 -0.644352
v 2.273072 0.965948 -0.685140
v 1.974980 0.993575 0.585384
v 1.957855 0.965948 0.622439
v 1.601158 0.993575 -0.025921
v 1.560370 0.965948 -0.027562
v 2.830894 0.993575 0.270531
v 2.867950 0.965948 0.287656
v 2.516041 0.993575 -0.585384
v 2.533166 0.965948 -0.622440
v 1.771556 0.993575 0.437296
v 1.741554 0.965948 0.464978
v 1.660126 0.993575 -0.270531
v 1.623071 0.965948 -0.287656
v 2.682807 0.993575 0.473955
v 2.710488 0.965948 0.503956
v 2.719465 0.993575 -0.437296
v 2.749467 0.965948 -0.464978
v 1.808214 0.993575 -0.473954
v 1.780532 0.965948 -0.503956
v 2.468145 0.993575 0.605223
v 2.482239 0.965948 0.643535
v 2.889045 0.965948 -0.236728
v 2.850733 0.993575 -0.222635
v 2.008782 0.965948 -0.643535
v 2.022875 0.993575 -0.605223
v 2.217948 0.965948 0.685140
v 2.219589 0.993575 0.644352
v 1.601975 0.965948 0.236728
v 1.640287 0.993575 0.222635
v 1.468872 0.836473 0.285691
v 1.440160 0.800383 0.296253
v 1.388093 0.800383 -0.034492
v 1.418662 0.836473 -0.033262
v 1.466560 0.800383 -0.359986
v 1.494331 0.836473 -0.347152
v 1.663614 0.800383 -0.630675
v 1.684361 0.836473 -0.608190
v 1.949257 0.800383 -0.805350
v 1.959819 0.836473 -0.776638
v 2.280003 0.800383 -0.857417
v 2.278773 0.836473 -0.826848
v 2.605497 0.800383 -0.778951
v 2.592662 0.836473 -0.751179
v 2.876186 0.800383 -0.581896
v 2.853700 0.836473 -0.561150
v 3.050860 0.800383 -0.296253
v 3.022149 0.836473 -0.285691
v 3.102928 0.800383 0.034492
v 3.072359 0.836473 0.033262
v 3.024461 0.800383 0.359986
v 2.996690 0.836473 0.347152
v 2.827406 0.800383 0.630675
v 2.806660 0.836473 0.608190
v 2.541763 0.800383 0.805350
v 2.531201 0.836473 0.776638
v 2.211018 0.800383 0.857418
v 2.212248 0.836473 0.826848
v 1.885524 0.800383 0.778951
v 1.898359 0.836473 0.751179
v 1.614835 0.800383 0.581896
v 1.637320 0.836473 0.561150
v 1.335837 0.603978 0.334629
v 1.350906 0.646442 0.329085
v 1.293069 0.646442 -0.038314
v 1.277026 0.603978 -0.038961
v 1.380232 0.646442 -0.399882
v 1.365656 0.603978 -0.406618
v 1.599125 0.646442 -0.700571
v 1.588237 0.603978 -0.712370
v 1.916425 0.646442 -0.894604
v 1.910882 0.603978 -0.909673
v 2.283825 0.646442 -0.952441
v 2.284471 0.603978 -0.968484
v 2.645392 0.646442 -0.865278
v 2.652128 0.603978 -0.879854
v 2.946081 0.646442 -0.646385
v 2.957880 0.603978 -0.657273
v 3.140114 0.646442 -0.329085
v 3.155183 0.603978 -0.334628
v 3.197952 0.646442 0.038315
v 3.213994 0.603978 0.038961
v 3.110788 0.646442 0.399882
v 3.125364 0.603978 0.406618
v 2.891895 0.646442 0.700571
v 2.902783 0.603978 0.712371
v 2.574595 0.646442 0.894604
v 2.580139 0.603978 0.909673
v 2.207196 0.646442 0.952442
v 2.206550 0.603978 0.968484
v 1.845628 0.646442 0.865278
v 1.838892 0.603978 0.879854
v 1.544940 0.646442 0.646385
v 1.533140 0.603978 0.657273
v 1.283760 0.410084 0.353785
v 1.293125 0.453901 0.350341
v 1.231552 0.453901 -0.040790
v 1.221582 0.410084 -0.041190
v 1.324344 0.453901 -0.425710
v 1.315287 0.410084 -0.429896
v 1.557376 0.453901 -0.745819
v 1.550610 0.410084 -0.753153
v 1.895170 0.453901 -0.952385
v 1.891725 0.410084 -0.961750
v 2.286300 0.453901 -1.013958
v 2.286700 0.410084 -1.023929
v 2.671220 0.453901 -0.921166
v 2.675406 0.410084 -0.930223
v 2.991330 0.453901 -0.688134
v 2.998664 0.410084 -0.694900
v 3.197896 0.453901 -0.350340
v 3.207260 0.410084 -0.353785
v 3.259469 0.453901 0.040790
v 3.269439 0.410084 0.041190
v 3.166677 0.453901 0.425710
v 3.175733 0.410084 0.429896
v 2.933645 0.453901 0.745819
v 2.940411 0.410084 0.753154
v 2.595851 0.453901 0.952385
v 2.599296 0.410084 0.961750
v 2.204720 0.453901 1.013959
v 2.204320 0.410084 1.023929
v 1.819800 0.453901 0.921166
v 1.815615 0.410084 0.930223
v 1.499691 0.453901 0.688134
v 1.492357 0.410084 0.694900
v 1.247986 0.216707 0.366945
v 1.255353 0.260842 0.364235
v 1.191338 0.260842 -0.042408
v 1.183494 0.216707 -0.042723
v 1.287810 0.260842 -0.442594
v 1.280685 0.216707 -0.445887
v 1.530084 0.260842 -0.775399
v 1.524761 0.216707 -0.781169
v 1.881275 0.260842 -0.990157
v 1.878565 0.216707 -0.997524
v 2.287918 0.260842 -1.054173
v 2.288233 0.216707 -1.062017
v 2.688104 0.260842 -0.957701
v 2.691397 0.216707 -0.964825
v 3.020909 0.260842 -0.715426
v 3.026679 0.216707 -0.720750
v 3.235667 0.260842 -0.364235
v 3.243035 0.216707 -0.366945
v 3.299683 0.260842 0.042408
v 3.307527 0.216707 0.042723
v 3.203211 0.260842 0.442594
v 3.210336 0.216707 0.445887
v 2.960937 0.260842 0.775399
v 2.966260 0.216707 0.781169
v 2.609745 0.260842 0.990157
v 2.612455 0.216707 0.997524
v 2.203103 0.260842 1.054173
v 2.202787 0.216707 1.062017
v 1.802916 0.260842 0.957701
v 1.799624 0.216707 0.964825
v 1.470111 0.260842 0.715426
v 1.464342 0.216707 0.720750
v 1.235542 0.023233 0.371523
v 1.235542 0.067881 0.371523
v 1.170246 0.067881 -0.043256
v 1.170246 0.023233 -0.043256
v 1.268650 0.067881 -0.451449
v 1.268650 0.023233 -0.451449
v 1.515770 0.067881 -0.790913
v 1.515770 0.023233 -0.790913
v 1.873988 0.067881 -1.009968
v 1.873988 0.023233 -1.009968
v 2.288767 0.067881 -1.075264
v 2.288767 0.023233 -1.075264
v 2.696959 0.067881 -0.976861
v 2.696959 0.023233 -0.976861
v 3.036423 0.067881 -0.729741
v 3.036423 0.023233 -0.729741
v 3.255478 0.067881 -0.371523
v 3.255478 0.023233 -0.371523
v 3.320775 0.067881 0.043256
v 3.320775 0.023233 0.043256
v 3.222371 0.067881 0.451449
v 3.222371 0.023233 0.451449
v 2.975251 0.067881 0.790913
v 2.975251 0.023233 0.790913
v 2.617033 0.067881 1.009968
v 2.617033 0.023233 1.009968
v 2.202254 0.067881 1.075264
v 2.202254 0.023233 1.075264
v 1.794062 0.067881 0.976861
v 1.794062 0.023233 0.976861
v 1.454597 0.067881 0.729741
v 1.454597 0.023233 0.729741
v 1.255353 -0.169728 0.364235
v 1.247986 -0.125593 0.366945
v 1.183494 -0.125593 -0.042723
v 1.191338 -0.169728 -0.042408
v 1.280685 -0.125593 -0.445887
v 1.287810 -0.169728 -0.442594
v 1.524761 -0.125593 -0.781169
v 1.530084 -0.169728 -0.775399
v 1.878565 -0.125593 -0.997524
v 1.881275 -0.169728 -0.990157
v 2.288233 -0.125593 -1.062017
v 2.287918 -0.169728 -1.054173
v 2.691397 -0.125593 -0.964825
v 2.688104 -0.169728 -0.957701
v 3.026679 -0.125593 -0.720750
v 3.020909 -0.169728 -0.715426
v 3.243035 -0.125593 -0.366945
v 3.235667 -0.169728 -0.364235
v 3.307527 -0.125593 0.042723
v 3.299683 -0.169728 0.042408
v 3.210336 -0.125593 0.445887
v 3.203211 -0.169728 0.442594
v 2.966260 -0.125593 0.781169
v 2.960937 -0.169728 0.775399
v 2.612456 -0.125593 0.997524
v 2.609746 -0.169728 0.990157
v 2.202787 -0.125593 1.062017
v 2.203103 -0.169728 1.054173
v 1.799624 -0.125593 0.964825
v 1.802916 -0.169728 0.957701
v 1.464342 -0.125593 0.720750
v 1.470111 -0.169728 0.715426
v 1.293125 -0.362787 0.350341
v 1.283760 -0.318970 0.353785
v 1.221582 -0.318970 -0.041190
v 1.231552 -0.362787 -0.040790
v 1.315287 -0.318970 -0.429895
v 1.324344 -0.362787 -0.425710
v 1.550610 -0.318970 -0.753153
v 1.557376 -0.362787 -0.745819
v 1.891725 -0.318970 -0.961750
v 1.895170 -0.362787 -0.952385
v 2.286700 -0.318970 -1.023929
v 2.286300 -0.362787 -1.013958
v 2.675406 -0.318970 -0.930223
v 2.671220 -0.362787 -0.921166
v 2.998664 -0.318970 -0.694900
v 2.991330 -0.362787 -0.688134
v 3.207260 -0.318970 -0.353785
v 3.197896 -0.362787 -0.350340
v 3.269439 -0.318970 0.041190
v 3.259469 -0.362787 0.040790
v 3.175733 -0.318970 0.429896
v 3.166677 -0.362787 0.425710
v 2.940411 -0.318970 0.753153
v 2.933645 -0.362787 0.745819
v 2.599296 -0.318970 0.961750
v 2.595851 -0.362787 0.952385
v 2.204320 -0.318970 1.023929
v 2.204721 -0.362787 1.013959
v 1.815615 -0.318970 0.930223
v 1.819800 -0.362787 0.921166
v 1.492357 -0.318970 0.694900
v 1.499691 -0.362787 0.688134
v 1.350906 -0.555328 0.329085
v 1.335838 -0.512864 0.334628
v 1.277026 -0.512864 -0.038961
v 1.293069 -0.555328 -0.038314
v 1.365656 -0.512864 -0.406618
v 1.380232 -0.555328 -0.399882
v 1.588237 -0.512864 -0.712370
v 1.599126 -0.555328 -0.700571
v 1.910882 -0.512864 -0.909673
v 1.916425 -0.555328 -0.894604
v 2.284471 -0.512864 -0.968484
v 2.283825 -0.555328 -0.952442
v 2.652128 -0.512864 -0.879854
v 2.645392 -0.555328 -0.865278
v 2.957880 -0.512864 -0.657273
v 2.946081 -0.555328 -0.646385
v 3.155183 -0.512864 -0.334629
v 3.140114 -0.555328 -0.329085
v 3.213994 -0.512864 0.038961
v 3.197952 -0.555328 0.038314
v 3.125364 -0.512864 0.406618
v 3.110788 -0.555328 0.399882
v 2.902783 -0.512864 0.712370
v 2.891895 -0.555328 0.700571
v 2.580139 -0.512864 0.909673
v 2.574596 -0.555328 0.894604
v 2.206550 -0.512864 0.968484
v 2.207196 -0.555328 0.952442
v 1.838893 -0.512864 0.879854
v 1.845629 -0.555328 0.865278
v 1.533140 -0.512864 0.657273
v 1.544940 -0.555328 0.646385
v 1.388093 -0.709269 -0.034492
v 1.418662 -0.745359 -0.033262
v 1.466559 -0.709269 -0.359986
v 1.494331 -0.745359 -0.347152
v 1.663614 -0.709269 -0.630675
v 1.684361 -0.745359 -0.608190
v 1.949258 -0.709269 -0.805350
v 1.959820 -0.745359 -0.776638
v 2.280003 -0.709269 -0.857417
v 2.278773 -0.745359 -0.826848
v 2.605496 -0.709269 -0.778951
v 2.592662 -0.745359 -0.751179
v 2.876185 -0.709269 -0.581896
v 2.853700 -0.745359 -0.561150
v 3.050861 -0.709269 -0.296253
v 3.022149 -0.745359 -0.285691
v 3.102928 -0.709269 0.034492
v 3.072359 -0.745359 0.033262
v 3.024461 -0.709269 0.359986
v 2.996690 -0.745359 0.347152
v 2.827407 -0.709269 0.630675
v 2.806660 -0.745359 0.608190
v 2.541763 -0.709269 0.805350
v 2.531201 -0.745359 0.776638
v 2.211018 -0.709269 0.857417
v 2.212248 -0.745359 0.826848
v 1.885524 -0.709269 0.778951
v 1.898359 -0.745359 0.751179
v 1.614835 -0.709269 0.581896
v 1.637320 -0.745359 0.561150
v 1.468872 -0.745359 0.285691
v 1.440160 -0.709269 0.296253
v 2.022876 -0.902461 -0.605223
v 2.008782 -0.874834 -0.643535
v 2.219589 -0.902461 0.644352
v 2.217948 -0.874834 0.685140
v 1.640287 -0.902461 0.222635
v 1.601975 -0.874834 0.236728
v 2.889862 -0.902461 0.025921
v 2.930651 -0.874834 0.027562
v 2.273072 -0.874834 -0.685140
v 2.271431 -0.902461 -0.644352
v 1.957855 -0.874834 0.622439
v 1.974980 -0.902461 0.585384
v 1.560370 -0.874834 -0.027562
v 1.601159 -0.902461 -0.025921
v 2.867950 -0.874834 0.287656
v 2.830894 -0.902461 0.270531
v 2.533166 -0.874834 -0.622439
v 2.516041 -0.902461 -0.585384
v 1.741554 -0.874834 0.464978
v 1.771556 -0.902461 0.437296
v 1.623071 -0.874834 -0.287656
v 1.660126 -0.902461 -0.270531
v 2.710489 -0.874834 0.503956
v 2.682807 -0.902461 0.473955
v 2.749467 -0.874834 -0.464978
v 2.719465 -0.902461 -0.437297
v 1.780532 -0.874834 -0.503956
v 1.808214 -0.902461 -0.473955
v 2.482239 -0.874834 0.643535
v 2.468145 -0.902461 0.605223
v 2.889045 -0.874834 -0.236728
v 2.850734 -0.902461 -0.222635
v 1.778487 -1.135587 0.171797
v 1.748293 -1.135587 -0.020003
v 1.748293 1.244931 -0.020002
v 1.778487 1.244931 0.171797
v 1.793796 -1.135587 -0.208756
v 1.793796 1.244931 -0.208756
v 1.908068 -1.135587 -0.365729
v 1.908068 1.244931 -0.365729
v 2.073713 -1.135587 -0.467023
v 2.073713 1.244931 -0.467023
v 2.265513 -1.135587 -0.497217
v 2.265513 1.244931 -0.497217
v 2.454267 -1.135587 -0.451714
v 2.454267 1.244931 -0.451714
v 2.611239 -1.135587 -0.337442
v 2.611239 1.244931 -0.337442
v 2.712533 -1.135587 -0.171797
v 2.712533 1.244931 -0.171797
v 2.742727 -1.135587 0.020003
v 2.742727 1.244931 0.020003
v 2.697225 -1.135587 0.208756
v 2.697225 1.244931 0.208756
v 2.582952 -1.135587 0.365729
v 2.582952 1.244931 0.365729
v 2.417307 -1.135587 0.467023
v 2.417307 1.244931 0.467023
v 2.225508 -1.135587 0.497217
v 2.225508 1.244931 0.497217
v 2.036754 -1.135587 0.451714
v 2.036754 1.244931 0.451714
v 1.879781 -1.135587 0.337442
v 1.879781 1.244931 0.337442
v 2.712533 1.088788 -0.171797
v 2.742727 1.088788 0.020003
v 2.073713 1.088788 -0.467023
v 2.265513 1.088788 -0.497217
v 2.225508 1.088788 0.497217
v 2.036754 1.088788 0.451714
v 1.778487 1.088788 0.171797
v 1.748293 1.088788 -0.020002
v 2.697225 1.088788 0.208756
v 2.454267 1.088788 -0.451714
v 1.879781 1.088788 0.337442
v 1.793796 1.088788 -0.208756
v 2.582952 1.088788 0.365729
v 2.611239 1.088788 -0.337442
v 1.908068 1.088788 -0.365729
v 2.417307 1.088788 0.467023
v 2.265513 -0.997674 -0.497217
v 2.073713 -0.997674 -0.467023
v 2.036754 -0.997674 0.451714
v 2.225508 -0.997674 0.497217
v 1.748293 -0.997674 -0.020002
v 1.778487 -0.997674 0.171797
v 2.697225 -0.997674 0.208756
v 2.742727 -0.997674 0.020003
v 2.454267 -0.997674 -0.451714
v 1.879781 -0.997674 0.337442
v 1.793796 -0.997674 -0.208756
v 2.582952 -0.997674 0.365729
v 2.611239 -0.997674 -0.337442
v 1.908068 -0.997674 -0.365729
v 2.417307 -0.997674 0.467023
v 2.712533 -0.997674 -0.171797
v 2.258555 1.965632 -0.004799
v 2.239826 1.961961 -0.055715
v 2.232465 1.965632 0.004799
v 2.277285 1.961961 0.046118
v 2.251194 1.961961 0.055715
v 2.258555 1.943302 -0.004799
v 2.276270 1.939738 0.043356
v 2.240841 1.939738 -0.052954
v 2.232465 1.943302 0.004799
v 2.214751 1.939738 -0.043356
v 2.197207 1.929081 -0.091047
v 2.195186 1.950982 -0.096543
v 2.213735 1.961961 -0.046117
v 2.221276 1.950982 -0.106141
v 2.203086 1.932802 -0.155591
v 2.223298 1.929081 -0.100646
v 2.206094 1.911433 -0.147414
v 2.181967 1.874141 -0.213000
v 2.172268 1.901594 -0.158844
v 2.178890 1.897101 -0.221368
v 2.149799 1.891540 -0.219924
v 2.146449 1.821642 -0.309555
v 2.176995 1.932802 -0.145993
v 2.117696 1.813866 -0.307196
v 2.118282 1.722152 -0.386126
v 2.158150 1.818572 -0.277747
v 2.137606 1.753848 -0.333593
v 2.114437 1.651100 -0.396579
v 2.123935 1.796032 -0.290234
v 2.104672 1.726531 -0.342599
v 2.086474 1.640857 -0.392072
v 2.089961 1.712435 -0.382591
v 2.067729 1.591239 -0.443028
v 2.095531 1.602530 -0.447975
v 2.079089 1.467441 -0.492672
v 2.099170 1.552081 -0.438082
v 2.088822 1.459718 -0.466213
v 2.073079 1.552081 -0.428484
v 2.061669 1.447657 -0.459501
v 2.051875 1.455015 -0.486126
v 2.043014 1.309056 -0.510214
v 2.069594 1.322128 -0.518481
v 2.067468 1.203199 -0.524261
v 2.079841 1.318652 -0.490626
v 2.077830 1.203199 -0.496094
v 2.053288 1.305964 -0.482287
v 2.052201 1.152685 -0.485240
v 2.041378 1.203199 -0.514664
v 2.042502 1.133754 -0.511607
v 2.068561 1.133276 -0.521292
v 2.093024 1.133817 -0.454791
v 2.066933 1.133817 -0.445193
v 2.078700 1.152619 -0.493728
v 2.092564 1.153530 -0.455997
v 2.066402 1.153883 -0.446635
v 2.147271 1.855911 -0.226796
v 2.250179 1.939738 0.052954
v 2.267723 1.929081 0.100646
v 2.269744 1.950982 0.106141
v 2.293813 1.929081 0.091048
v 2.317416 1.903775 0.155212
v 2.314025 1.932802 0.145993
v 2.295835 1.950982 0.096543
v 2.287935 1.932802 0.155591
v 2.305591 1.907595 0.203589
v 2.284926 1.911433 0.147414
v 2.301625 1.886965 0.192809
v 2.326248 1.836824 0.259745
v 2.328804 1.862583 0.266694
v 2.349651 1.843318 0.242841
v 2.378469 1.757982 0.321181
v 2.373325 1.813866 0.307197
v 2.341221 1.891540 0.219924
v 2.399825 1.717430 0.379235
v 2.359266 1.774679 0.349501
v 2.380177 1.686881 0.406349
v 2.354703 1.749457 0.337098
v 2.378456 1.640857 0.401670
v 2.402674 1.651100 0.386982
v 2.417942 1.552081 0.428484
v 2.431262 1.530760 0.464697
v 2.417439 1.626784 0.427119
v 2.396839 1.593533 0.451674
v 2.412416 1.461324 0.493987
v 2.391851 1.552081 0.438082
v 2.403260 1.447657 0.469099
v 2.428290 1.459718 0.456616
v 2.437270 1.318652 0.481028
v 2.447694 1.315636 0.509366
v 2.441415 1.424522 0.492296
v 2.421708 1.318906 0.519216
v 2.423552 1.203199 0.524261
v 2.449643 1.203199 0.514664
v 2.411642 1.305964 0.491884
v 2.412737 1.150749 0.494860
v 2.439281 1.203199 0.486496
v 2.438411 1.150663 0.484130
v 2.431429 1.150536 0.465151
v 2.446308 1.134253 0.505597
v 2.420142 1.133827 0.514950
v 2.425383 1.133512 0.448715
v 2.399293 1.133512 0.458313
v 2.424722 1.154171 0.446918
v 2.398860 1.153078 0.457135
v 2.236796 -1.095189 0.008632
v 2.248823 -1.097733 -0.023317
v 2.224463 -1.100870 -0.024867
v 2.246007 -1.101777 0.033673
v 2.260555 -1.095863 0.008576
v 2.242497 -1.112748 0.024130
v 2.233587 -1.109286 -0.000092
v 2.223480 -1.117663 -0.027600
v 2.256367 -1.108877 -0.002814
v 2.246423 -1.115169 -0.029840
v 2.237258 -1.135901 -0.054798
v 2.241493 -1.107224 -0.043244
v 2.235039 -1.122428 -0.060789
v 2.214616 -1.120757 -0.051664
v 2.230764 -1.142115 -0.072410
v 2.210025 -1.140851 -0.064144
v 2.207482 -1.162913 -0.071055
v 2.214123 -1.146369 -0.052978
v 2.212071 -1.183573 -0.058618
v 2.233395 -1.163713 -0.065259
v 2.233241 -1.186604 -0.065675
v 2.228314 -1.165143 -0.079071
v 2.228536 -1.188392 -0.078467
v 2.207519 -1.187009 -0.070955
v 2.209637 -1.209443 -0.065198
v 2.230915 -1.211481 -0.071999
v 2.214289 -1.229418 -0.052551
v 2.215112 -1.209400 -0.050315
v 2.222240 -1.232241 -0.030971
v 2.236388 -1.210996 -0.057122
v 2.242518 -1.230045 -0.040458
v 2.235559 -1.230455 -0.059375
v 2.241966 -1.245823 -0.041957
v 2.220353 -1.244664 -0.036067
v 2.229270 -1.254781 -0.011825
v 2.250888 -1.255168 -0.017703
v 2.237424 -1.256233 0.010341
v 2.234903 -1.242822 0.003504
v 2.243568 -1.237687 0.027043
v 2.260644 -1.241463 0.008790
v 2.250697 -1.240849 -0.018223
v 2.263822 -1.254130 0.017437
v 2.277614 -1.228172 0.055017
v 2.247831 -1.248175 0.038657
v 2.269695 -1.229445 0.033422
v 2.275578 -1.210996 0.049417
v 2.251103 -1.223991 0.047555
v 2.256621 -1.199249 0.062526
v 2.257227 -1.224963 0.064173
v 2.262384 -1.193586 0.078206
v 2.283654 -1.188371 0.071363
v 2.262407 -1.161135 0.078255
v 2.258066 -1.167779 0.066465
v 2.254633 -1.140787 0.057122
v 2.278725 -1.186604 0.057970
v 2.259181 -1.135291 0.069485
v 2.278572 -1.163713 0.057554
v 2.275909 -1.142383 0.050315
v 2.269013 -1.120152 0.031564
v 2.274335 -1.114061 0.046039
v 2.282505 -1.150205 0.068163
v 2.252963 -1.114192 0.052581
v 2.249394 -1.123930 0.042880
v 3.797767 -0.576624 -0.283867
v 3.797766 1.162334 -0.283867
v 3.960607 -0.576624 -0.534785
v 3.960607 1.162334 -0.534785
v 4.207073 -0.576624 -0.704286
v 4.207073 1.162334 -0.704286
v 4.499643 -0.576624 -0.766567
v 4.499643 1.162334 -0.766566
v 4.793777 -0.576624 -0.712144
v 4.793777 1.162334 -0.712144
v 5.044695 -0.576624 -0.549304
v 5.044695 1.162334 -0.549304
v 5.214197 -0.576624 -0.302838
v 5.214197 1.162334 -0.302838
v 5.276477 -0.576624 -0.010268
v 5.276477 1.162334 -0.010268
v 5.222054 -0.576624 0.283866
v 5.222054 1.162334 0.283866
v 5.059214 -0.576624 0.534784
v 5.059214 1.162334 0.534785
v 4.812748 -0.576624 0.704286
v 4.812748 1.162334 0.704286
v 4.520178 -0.576624 0.766566
v 4.520178 1.162334 0.766566
v 4.226044 -0.576624 0.712144
v 4.226044 1.162334 0.712144
v 3.975126 -0.576624 0.549303
v 3.975126 1.162334 0.549303
v 3.805624 -0.576624 0.302838
v 3.805624 1.162334 0.302837
v 3.743344 -0.576624 0.010267
v 3.743344 1.162334 0.010267
v 3.644473 -0.383407 -0.344971
v 3.576098 -0.190189 -0.372226
v 3.534920 0.003029 -0.388640
v 3.502757 0.196246 -0.401460
v 3.502757 0.389464 -0.401460
v 3.534920 0.582681 -0.388640
v 3.576098 0.775899 -0.372226
v 3.644473 0.969117 -0.344971
v 3.842366 0.969117 -0.649900
v 3.789625 0.775899 -0.701246
v 3.757863 0.582681 -0.732169
v 3.733054 0.389464 -0.756322
v 3.733054 0.196246 -0.756322
v 3.757863 0.003029 -0.732169
v 3.789626 -0.190189 -0.701246
v 3.842366 -0.383407 -0.649900
v 4.141886 0.969117 -0.855887
v 4.112809 0.775899 -0.923508
v 4.095298 0.582681 -0.964232
v 4.081621 0.389464 -0.996041
v 4.081621 0.196246 -0.996041
v 4.095298 0.003029 -0.964232
v 4.112809 -0.190189 -0.923508
v 4.141886 -0.383407 -0.855887
v 4.497433 0.969117 -0.931574
v 4.496448 0.775899 -1.005174
v 4.495854 0.582681 -1.049500
v 4.495390 0.389464 -1.084121
v 4.495390 0.196246 -1.084121
v 4.495854 0.003029 -1.049500
v 4.496448 -0.190189 -1.005174
v 4.497434 -0.383407 -0.931574
v 4.854882 0.969117 -0.865438
v 4.882136 0.775899 -0.933813
v 4.898551 0.582681 -0.974991
v 4.911371 0.389464 -1.007154
v 4.911371 0.196246 -1.007154
v 4.898551 0.003029 -0.974991
v 4.882136 -0.190189 -0.933813
v 4.854882 -0.383407 -0.865438
v 5.159810 0.969117 -0.667545
v 5.211156 0.775899 -0.720285
v 5.242079 0.582681 -0.752048
v 5.266232 0.389464 -0.776857
v 5.266232 0.196246 -0.776857
v 5.242079 0.003029 -0.752048
v 5.211156 -0.190189 -0.720285
v 5.159811 -0.383407 -0.667545
v 5.365797 0.969117 -0.368025
v 5.433418 0.775899 -0.397101
v 5.474143 0.582681 -0.414613
v 5.505951 0.389464 -0.428290
v 5.505951 0.196246 -0.428290
v 5.474143 0.003029 -0.414613
v 5.433418 -0.190189 -0.397101
v 5.365798 -0.383407 -0.368025
v 5.441484 0.969117 -0.012477
v 5.515084 0.775899 -0.013463
v 5.559410 0.582681 -0.014056
v 5.594031 0.389464 -0.014520
v 5.594031 0.196246 -0.014520
v 5.559410 0.003029 -0.014056
v 5.515084 -0.190189 -0.013463
v 5.441484 -0.383407 -0.012477
v 5.375348 0.969117 0.344971
v 5.443723 0.775899 0.372226
v 5.484901 0.582681 0.388639
v 5.517064 0.389464 0.401460
v 5.517064 0.196246 0.401460
v 5.484901 0.003029 0.388639
v 5.443723 -0.190189 0.372226
v 5.375348 -0.383407 0.344971
v 5.177455 0.969117 0.649899
v 5.230196 0.775899 0.701246
v 5.261958 0.582681 0.732169
v 5.286767 0.389464 0.756322
v 5.286767 0.196246 0.756322
v 5.261958 0.003029 0.732169
v 5.230196 -0.190189 0.701246
v 5.177455 -0.383407 0.649899
v 4.877935 0.969117 0.855887
v 4.907012 0.775899 0.923507
v 4.924523 0.582681 0.964232
v 4.938200 0.389464 0.996040
v 4.938200 0.196246 0.996040
v 4.924523 0.003029 0.964232
v 4.907012 -0.190189 0.923507
v 4.877935 -0.383407 0.855887
v 4.522388 0.969117 0.931574
v 4.523373 0.775899 1.005174
v 4.523967 0.582681 1.049499
v 4.524430 0.389464 1.084121
v 4.524430 0.196246 1.084121
v 4.523967 0.003029 1.049499
v 4.523373 -0.190189 1.005174
v 4.522388 -0.383407 0.931574
v 4.164939 0.969117 0.865437
v 4.137684 0.775899 0.933812
v 4.121271 0.582681 0.974991
v 4.108450 0.389464 1.007154
v 4.108450 0.196246 1.007154
v 4.121271 0.003029 0.974991
v 4.137684 -0.190189 0.933812
v 4.164940 -0.383407 0.865437
v 3.860011 0.969117 0.667544
v 3.808665 0.775899 0.720285
v 3.777742 0.582681 0.752048
v 3.753589 0.389464 0.776857
v 3.753589 0.196246 0.776857
v 3.777742 0.003029 0.752048
v 3.808665 -0.190189 0.720285
v 3.860011 -0.383407 0.667544
v 3.654023 0.969117 0.368025
v 3.586403 0.775899 0.397101
v 3.545678 0.582681 0.414613
v 3.513870 0.389464 0.428290
v 3.513870 0.196246 0.428290
v 3.545678 0.003029 0.414613
v 3.586403 -0.190189 0.397101
v 3.654024 -0.383407 0.368025
v 3.578336 0.969117 0.012477
v 3.504736 0.775899 0.013463
v 3.460411 0.582681 0.014056
v 3.425789 0.389464 0.014520
v 3.425789 0.196246 0.014520
v 3.460411 0.003029 0.014056
v 3.504736 -0.190189 0.013463
v 3.578336 -0.383407 0.012477
v 5.043046 1.291785 0.212512
v 4.972159 1.336086 0.184257
v 4.866461 1.336086 0.347126
v 4.921138 1.291785 0.400357
v 4.722423 1.291785 -0.533135
v 4.694167 1.336086 -0.462249
v 4.857037 1.336086 -0.356551
v 4.910268 1.291785 -0.411227
v 4.109553 1.291785 0.411227
v 4.162784 1.336086 0.356550
v 4.052762 1.336086 0.196570
v 3.982658 1.291785 0.226714
v 3.976775 1.291785 -0.212512
v 4.047661 1.336086 -0.184257
v 4.153360 1.336086 -0.347126
v 4.098683 1.291785 -0.400358
v 4.706481 1.336086 0.457149
v 4.736625 1.291785 0.527252
v 4.967059 1.336086 -0.196571
v 5.037163 1.291785 -0.226714
v 4.012336 1.336086 0.006664
v 3.936033 1.291785 0.007686
v 4.313340 1.336086 -0.457149
v 4.283196 1.291785 -0.527252
v 4.516575 1.336086 0.497574
v 4.517597 1.291785 0.573877
v 5.007485 1.336086 -0.006665
v 5.083788 1.291785 -0.007686
v 4.503246 1.336086 -0.497575
v 4.502224 1.291785 -0.573877
v 4.325654 1.336086 0.462249
v 4.297398 1.291785 0.533135
v 4.910268 -0.706075 -0.411228
v 4.857037 -0.750376 -0.356551
v 4.694167 -0.750376 -0.462249
v 4.722423 -0.706075 -0.533135
v 3.982658 -0.706075 0.226714
v 4.052762 -0.750376 0.196570
v 4.162785 -0.750376 0.356550
v 4.109553 -0.706075 0.411227
v 4.098683 -0.706075 -0.400358
v 4.153360 -0.750376 -0.347126
v 4.047661 -0.750376 -0.184257
v 3.976775 -0.706075 -0.212512
v 4.736625 -0.706075 0.527252
v 4.706481 -0.750376 0.457149
v 4.866461 -0.750376 0.347126
v 4.921138 -0.706075 0.400357
v 5.037163 -0.706075 -0.226715
v 4.967059 -0.750376 -0.196571
v 3.936033 -0.706075 0.007686
v 4.012336 -0.750376 0.006664
v 4.283196 -0.706075 -0.527252
v 4.313340 -0.750376 -0.457149
v 4.517596 -0.706075 0.573877
v 4.516575 -0.750376 0.497574
v 5.083788 -0.706075 -0.007686
v 5.007485 -0.750376 -0.006665
v 4.502224 -0.706075 -0.573877
v 4.503246 -0.750376 -0.497575
v 4.297398 -0.706075 0.533135
v 4.325654 -0.750376 0.462249
v 5.043046 -0.706075 0.212512
v 4.972159 -0.750376 0.184257
v 4.971971 1.240873 0.449846
v 5.001219 1.213246 0.478322
v 4.959756 1.240873 -0.462060
v 4.988233 1.213246 -0.491309
v 3.917484 1.240873 0.254739
v 3.879982 1.213246 0.270864
v 4.047851 1.240873 -0.449846
v 4.018601 1.213246 -0.478323
v 4.764649 1.240873 0.592426
v 4.780775 1.213246 0.629928
v 5.102337 1.240873 -0.254739
v 5.139838 1.213246 -0.270864
v 3.865095 1.240873 0.008636
v 3.824278 1.213246 0.009183
v 4.255172 1.240873 -0.592427
v 4.239046 1.213246 -0.629928
v 4.518547 1.240873 0.644815
v 4.519094 1.213246 0.685633
v 5.154726 1.240873 -0.008636
v 5.195543 1.213246 -0.009183
v 4.501274 1.240873 -0.644815
v 4.500727 1.213246 -0.685633
v 4.271129 1.240873 0.599036
v 4.256014 1.213246 0.636957
v 5.146867 1.213246 0.253896
v 5.108947 1.240873 0.238781
v 4.763807 1.213246 -0.636957
v 4.748692 1.240873 -0.599037
v 4.031588 1.213246 0.491309
v 4.060064 1.240873 0.462060
v 3.872953 1.213246 -0.253897
v 3.910874 1.240873 -0.238781
v 3.741211 1.083771 -0.306410
v 3.712792 1.047681 -0.317738
v 3.895063 1.047681 -0.598596
v 3.916984 1.083771 -0.577254
v 4.170938 1.047681 -0.788322
v 4.183023 1.083771 -0.760217
v 4.498418 1.047681 -0.858034
v 4.498828 1.083771 -0.827443
v 4.827649 1.047681 -0.797118
v 4.816320 1.083771 -0.768700
v 5.108506 1.047681 -0.614848
v 5.087164 1.083771 -0.592927
v 5.298233 1.047681 -0.338973
v 5.270127 1.083771 -0.326888
v 5.367945 1.047681 -0.011492
v 5.337353 1.083771 -0.011082
v 5.307028 1.047681 0.317738
v 5.278610 1.083771 0.306410
v 5.124758 1.047681 0.598595
v 5.102838 1.083771 0.577254
v 4.848883 1.047681 0.788322
v 4.836798 1.083771 0.760217
v 4.521402 1.047681 0.858034
v 4.520993 1.083771 0.827443
v 4.192172 1.047681 0.797118
v 4.203500 1.083771 0.768699
v 3.911314 1.047680 0.614847
v 3.932656 1.083771 0.592927
v 3.721588 1.047680 0.338972
v 3.749694 1.083771 0.326887
v 3.651876 1.047681 0.011492
v 3.682467 1.083771 0.011082
v 3.609536 0.851276 -0.358897
v 3.624451 0.893740 -0.352952
v 3.826921 0.893740 -0.664935
v 3.815418 0.851276 -0.676136
v 4.133371 0.893740 -0.875688
v 4.127028 0.851276 -0.890439
v 4.497145 0.893740 -0.953127
v 4.496929 0.851276 -0.969180
v 4.862862 0.893740 -0.885459
v 4.868808 0.851276 -0.900374
v 5.174846 0.893740 -0.682989
v 5.186047 0.851276 -0.694493
v 5.385599 0.893740 -0.376539
v 5.400350 0.851276 -0.382882
v 5.463037 0.893740 -0.012765
v 5.479091 0.851276 -0.012981
v 5.395370 0.893740 0.352952
v 5.410285 0.851276 0.358897
v 5.192900 0.893740 0.664935
v 5.204403 0.851276 0.676135
v 4.886450 0.893740 0.875688
v 4.892793 0.851276 0.890439
v 4.522676 0.893740 0.953126
v 4.522892 0.851276 0.969180
v 4.156959 0.893740 0.885459
v 4.151013 0.851276 0.900374
v 3.844975 0.893740 0.682989
v 3.833775 0.851276 0.694492
v 3.634223 0.893740 0.376539
v 3.619471 0.851276 0.382882
v 3.556784 0.893740 0.012765
v 3.540730 0.851276 0.012981
v 3.557992 0.657382 -0.379443
v 3.567260 0.701199 -0.375749
v 3.782808 0.701199 -0.707883
v 3.775658 0.657382 -0.714843
v 4.109051 0.701199 -0.932249
v 4.105109 0.657382 -0.941415
v 4.496320 0.701199 -1.014688
v 4.496187 0.657382 -1.024665
v 4.885659 0.701199 -0.942650
v 4.889354 0.657382 -0.951919
v 5.217793 0.701199 -0.727102
v 5.224753 0.657382 -0.734252
v 5.442159 0.701199 -0.400860
v 5.451325 0.657382 -0.404801
v 5.524598 0.701199 -0.013590
v 5.534575 0.657382 -0.013723
v 5.452561 0.701199 0.375749
v 5.461830 0.657382 0.379443
v 5.237012 0.701199 0.707883
v 5.244163 0.657382 0.714843
v 4.910770 0.701199 0.932249
v 4.914711 0.657382 0.941414
v 4.523500 0.701199 1.014688
v 4.523633 0.657382 1.024665
v 4.134162 0.701199 0.942650
v 4.130467 0.657382 0.951919
v 3.802028 0.701199 0.727102
v 3.795068 0.657382 0.734252
v 3.577662 0.701199 0.400860
v 3.568496 0.657382 0.404801
v 3.495223 0.701199 0.013590
v 3.485245 0.657382 0.013723
v 3.522583 0.464005 -0.393558
v 3.529875 0.508140 -0.390651
v 3.753971 0.508140 -0.735958
v 3.748346 0.464005 -0.741434
v 4.093152 0.508140 -0.969223
v 4.090052 0.464005 -0.976433
v 4.495781 0.508140 -1.054931
v 4.495676 0.464005 -1.062780
v 4.900561 0.508140 -0.980036
v 4.903468 0.464005 -0.987328
v 5.245869 0.508140 -0.755939
v 5.251345 0.464005 -0.761565
v 5.479133 0.508140 -0.416759
v 5.486343 0.464005 -0.419859
v 5.564841 0.508140 -0.014130
v 5.572691 0.464005 -0.014235
v 5.489946 0.508140 0.390651
v 5.497238 0.464005 0.393557
v 5.265850 0.508140 0.735958
v 5.271475 0.464005 0.741434
v 4.926669 0.508140 0.969222
v 4.929770 0.464005 0.976433
v 4.524040 0.508140 1.054930
v 4.524145 0.464005 1.062780
v 4.119260 0.508140 0.980036
v 4.116353 0.464005 0.987328
v 3.773952 0.508140 0.755939
v 3.768476 0.464005 0.761564
v 3.540688 0.508140 0.416758
v 3.533478 0.464005 0.419859
v 3.454980 0.508140 0.014130
v 3.447130 0.464005 0.014234
v 3.510266 0.270531 -0.398467
v 3.510266 0.315179 -0.398467
v 3.738847 0.315179 -0.750683
v 3.738847 0.270531 -0.750683
v 4.084814 0.315179 -0.988613
v 4.084814 0.270531 -0.988613
v 4.495498 0.315179 -1.076038
v 4.495498 0.270531 -1.076038
v 4.908377 0.315179 -0.999644
v 4.908377 0.270531 -0.999644
v 5.260593 0.315179 -0.771064
v 5.260593 0.270531 -0.771064
v 5.498523 0.315179 -0.425096
v 5.498523 0.270531 -0.425096
v 5.585948 0.315179 -0.014412
v 5.585948 0.270531 -0.014412
v 5.509555 0.315179 0.398467
v 5.509555 0.270531 0.398467
v 5.280974 0.315179 0.750683
v 5.280974 0.270531 0.750683
v 4.935007 0.315179 0.988613
v 4.935007 0.270531 0.988613
v 4.524323 0.315179 1.076037
v 4.524323 0.270531 1.076037
v 4.111444 0.315179 0.999644
v 4.111444 0.270531 0.999644
v 3.759228 0.315179 0.771064
v 3.759228 0.270531 0.771064
v 3.521298 0.315179 0.425096
v 3.521298 0.270531 0.425096
v 3.433873 0.315179 0.014412
v 3.433873 0.270531 0.014412
v 3.529875 0.077570 -0.390651
v 3.522583 0.121705 -0.393558
v 3.748346 0.121705 -0.741434
v 3.753971 0.077570 -0.735958
v 4.090052 0.121705 -0.976433
v 4.093152 0.077570 -0.969223
v 4.495676 0.121705 -1.062780
v 4.495781 0.077570 -1.054931
v 4.903468 0.121705 -0.987328
v 4.900561 0.077570 -0.980036
v 5.251345 0.121705 -0.761565
v 5.245869 0.077570 -0.755939
v 5.486343 0.121705 -0.419859
v 5.479133 0.077570 -0.416759
v 5.572691 0.121705 -0.014235
v 5.564841 0.077570 -0.014130
v 5.497238 0.121705 0.393557
v 5.489946 0.077570 0.390651
v 5.271475 0.121705 0.741434
v 5.265850 0.077570 0.735958
v 4.929770 0.121705 0.976433
v 4.926669 0.077570 0.969222
v 4.524145 0.121705 1.062780
v 4.524040 0.077570 1.054930
v 4.116353 0.121705 0.987328
v 4.119260 0.077570 0.980036
v 3.768476 0.121705 0.761564
v 3.773952 0.077570 0.755939
v 3.533478 0.121705 0.419859
v 3.540688 0.077570 0.416758
v 3.447130 0.121705 0.014234
v 3.454980 0.077570 0.014130
v 3.567260 -0.115489 -0.375749
v 3.557992 -0.071672 -0.379443
v 3.775658 -0.071672 -0.714843
v 3.782808 -0.115489 -0.707883
v 4.105109 -0.071672 -0.941415
v 4.109051 -0.115489 -0.932249
v 4.496187 -0.071672 -1.024665
v 4.496320 -0.115489 -1.014688
v 4.889354 -0.071672 -0.951919
v 4.885659 -0.115489 -0.942650
v 5.224753 -0.071672 -0.734252
v 5.217793 -0.115489 -0.727102
v 5.451325 -0.071672 -0.404801
v 5.442159 -0.115489 -0.400860
v 5.534575 -0.071672 -0.013723
v 5.524598 -0.115489 -0.013590
v 5.461830 -0.071672 0.379443
v 5.452561 -0.115489 0.375749
v 5.244163 -0.071672 0.714843
v 5.237012 -0.115489 0.707883
v 4.914711 -0.071672 0.941414
v 4.910770 -0.115489 0.932249
v 4.523633 -0.071672 1.024665
v 4.523500 -0.115489 1.014688
v 4.130467 -0.071672 0.951919
v 4.134162 -0.115489 0.942650
v 3.795068 -0.071672 0.734252
v 3.802028 -0.115489 0.727102
v 3.568496 -0.071672 0.404801
v 3.577662 -0.115489 0.400860
v 3.485245 -0.071672 0.013723
v 3.495223 -0.115489 0.013590
v 3.624451 -0.308030 -0.352952
v 3.609536 -0.265566 -0.358897
v 3.815418 -0.265566 -0.676136
v 3.826921 -0.308030 -0.664935
v 4.127028 -0.265566 -0.890439
v 4.133371 -0.308030 -0.875688
v 4.496929 -0.265566 -0.969180
v 4.497145 -0.308030 -0.953127
v 4.868808 -0.265566 -0.900374
v 4.862862 -0.308030 -0.885459
v 5.186047 -0.265566 -0.694493
v 5.174846 -0.308030 -0.682989
v 5.400350 -0.265566 -0.382882
v 5.385599 -0.308030 -0.376539
v 5.479091 -0.265566 -0.012981
v 5.463037 -0.308030 -0.012765
v 5.410285 -0.265566 0.358897
v 5.395370 -0.308030 0.352952
v 5.204403 -0.265566 0.676136
v 5.192900 -0.308030 0.664935
v 4.892793 -0.265566 0.890439
v 4.886450 -0.308030 0.875688
v 4.522892 -0.265566 0.969180
v 4.522676 -0.308030 0.953126
v 4.151013 -0.265566 0.900374
v 4.156959 -0.308030 0.885459
v 3.833775 -0.265566 0.694492
v 3.844975 -0.308030 0.682989
v 3.619471 -0.265566 0.382882
v 3.634223 -0.308030 0.376539
v 3.540730 -0.265566 0.012981
v 3.556784 -0.308030 0.012765
v 3.895063 -0.461971 -0.598596
v 3.916984 -0.498061 -0.577254
v 4.170938 -0.461971 -0.788322
v 4.183023 -0.498061 -0.760217
v 4.498418 -0.461971 -0.858034
v 4.498828 -0.498061 -0.827443
v 4.827649 -0.461971 -0.797118
v 4.816320 -0.498061 -0.768700
v 5.108507 -0.461971 -0.614848
v 5.087164 -0.498061 -0.592927
v 5.298233 -0.461971 -0.338973
v 5.270127 -0.498061 -0.326888
v 5.367945 -0.461971 -0.011493
v 5.337353 -0.498061 -0.011082
v 5.307028 -0.461971 0.317738
v 5.278610 -0.498061 0.306410
v 5.124758 -0.461971 0.598595
v 5.102838 -0.498061 0.577254
v 4.848883 -0.461971 0.788322
v 4.836798 -0.498061 0.760217
v 4.521403 -0.461971 0.858034
v 4.520993 -0.498061 0.827443
v 4.192172 -0.461971 0.797118
v 4.203500 -0.498061 0.768699
v 3.911315 -0.461971 0.614847
v 3.932657 -0.498061 0.592927
v 3.721588 -0.461971 0.338973
v 3.749694 -0.498061 0.326887
v 3.651876 -0.461971 0.011492
v 3.682468 -0.498061 0.011082
v 3.741211 -0.498061 -0.306410
v 3.712792 -0.461971 -0.317738
v 4.748692 -0.655163 -0.599037
v 4.763807 -0.627536 -0.636957
v 4.060064 -0.655163 0.462060
v 4.031588 -0.627536 0.491309
v 3.910874 -0.655163 -0.238781
v 3.872953 -0.627536 -0.253897
v 4.971971 -0.655163 0.449846
v 5.001219 -0.627536 0.478322
v 4.988233 -0.627536 -0.491309
v 4.959756 -0.655163 -0.462060
v 3.879982 -0.627536 0.270864
v 3.917484 -0.655163 0.254739
v 4.018601 -0.627536 -0.478323
v 4.047850 -0.655163 -0.449847
v 4.780775 -0.627536 0.629928
v 4.764649 -0.655163 0.592426
v 5.139838 -0.627536 -0.270864
v 5.102337 -0.655163 -0.254739
v 3.824278 -0.627536 0.009183
v 3.865095 -0.655163 0.008636
v 4.239046 -0.627536 -0.629928
v 4.255171 -0.655163 -0.592427
v 4.519094 -0.627536 0.685633
v 4.518547 -0.655163 0.644815
v 5.195543 -0.627536 -0.009183
v 5.154726 -0.655163 -0.008636
v 4.500727 -0.627536 -0.685633
v 4.501275 -0.655163 -0.644815
v 4.256014 -0.627536 0.636957
v 4.271130 -0.655163 0.599036
v 5.146867 -0.627536 0.253896
v 5.108947 -0.655163 0.238781
v 4.047661 -0.888289 -0.184257
v 4.153360 -0.888289 -0.347126
v 4.153360 1.492229 -0.347126
v 4.047661 1.492229 -0.184257
v 4.313340 -0.888289 -0.457149
v 4.313340 1.492229 -0.457149
v 4.503246 -0.888289 -0.497575
v 4.503246 1.492229 -0.497575
v 4.694167 -0.888289 -0.462249
v 4.694167 1.492229 -0.462249
v 4.857037 -0.888289 -0.356551
v 4.857037 1.492229 -0.356551
v 4.967059 -0.888289 -0.196571
v 4.967059 1.492229 -0.196571
v 5.007485 -0.888289 -0.006665
v 5.007485 1.492229 -0.006665
v 4.972159 -0.888289 0.184257
v 4.972159 1.492229 0.184257
v 4.866461 -0.888289 0.347126
v 4.866461 1.492229 0.347126
v 4.706481 -0.888289 0.457149
v 4.706481 1.492229 0.457149
v 4.516575 -0.888289 0.497574
v 4.516575 1.492229 0.497574
v 4.325654 -0.888289 0.462249
v 4.325654 1.492229 0.462249
v 4.162785 -0.888289 0.356550
v 4.162784 1.492229 0.356550
v 4.052762 -0.888289 0.196570
v 4.052762 1.492229 0.196570
v 4.012336 -0.888289 0.006664
v 4.012336 1.492229 0.006664
v 4.972159 1.336086 0.184257
v 4.866461 1.336086 0.347126
v 4.694167 1.336086 -0.462249
v 4.857037 1.336086 -0.356551
v 4.162784 1.336086 0.356550
v 4.052762 1.336086 0.196570
v 4.047661 1.336086 -0.184257
v 4.153360 1.336086 -0.347126
v 4.706481 1.336086 0.457149
v 4.967059 1.336086 -0.196571
v 4.012336 1.336086 0.006664
v 4.313340 1.336086 -0.457149
v 4.516575 1.336086 0.497574
v 5.007485 1.336086 -0.006665
v 4.503246 1.336086 -0.497575
v 4.325654 1.336086 0.462249
v 4.857037 -0.750376 -0.356551
v 4.694167 -0.750376 -0.462249
v 4.052762 -0.750376 0.196570
v 4.162785 -0.750376 0.356550
v 4.153360 -0.750376 -0.347126
v 4.047661 -0.750376 -0.184257
v 4.706481 -0.750376 0.457149
v 4.866461 -0.750376 0.347126
v 4.967059 -0.750376 -0.196571
v 4.012336 -0.750376 0.006664
v 4.313340 -0.750376 -0.457149
v 4.516575 -0.750376 0.497574
v 5.007485 -0.750376 -0.006665
v 4.503246 -0.750376 -0.497575
v 4.325654 -0.750376 0.462249
v 4.972159 -0.750376 0.184257
v 4.522822 2.212930 0.005147
v 4.542911 2.209259 -0.045249
v 4.496998 2.212930 -0.005147
v 4.502734 2.209259 0.055543
v 4.476910 2.209259 0.045249
v 4.522822 2.190600 0.005147
v 4.503823 2.187036 0.052810
v 4.541821 2.187036 -0.042516
v 4.496998 2.190600 -0.005147
v 4.515997 2.187036 -0.052810
v 4.534813 2.176379 -0.100013
v 4.536981 2.198280 -0.105453
v 4.517087 2.209259 -0.055543
v 4.562805 2.198280 -0.095159
v 4.582315 2.180100 -0.144104
v 4.560637 2.176379 -0.089720
v 4.579089 2.158731 -0.136010
v 4.604965 2.121439 -0.200926
v 4.561561 2.148892 -0.167117
v 4.608266 2.144399 -0.209208
v 4.585659 2.138838 -0.227573
v 4.643059 2.068940 -0.296495
v 4.556491 2.180100 -0.154398
v 4.620091 2.061164 -0.313953
v 4.673269 1.969450 -0.372283
v 4.630510 2.065870 -0.265012
v 4.652543 2.001146 -0.320287
v 4.677393 1.898398 -0.382629
v 4.613399 2.043330 -0.297164
v 4.634059 1.973829 -0.348994
v 4.653578 1.888155 -0.397961
v 4.649837 1.959733 -0.388577
v 4.673681 1.838537 -0.448396
v 4.697670 1.849828 -0.433500
v 4.715305 1.714738 -0.477740
v 4.693768 1.799379 -0.423708
v 4.704866 1.707016 -0.451551
v 4.667943 1.799379 -0.434001
v 4.680181 1.694955 -0.464701
v 4.690685 1.702313 -0.491054
v 4.700189 1.556354 -0.514896
v 4.725488 1.569426 -0.503284
v 4.727768 1.450497 -0.509006
v 4.714498 1.565950 -0.475714
v 4.716655 1.450497 -0.481126
v 4.689170 1.553262 -0.487254
v 4.690335 1.399983 -0.490177
v 4.701944 1.450497 -0.519300
v 4.700738 1.381052 -0.516274
v 4.726596 1.380574 -0.506067
v 4.700359 1.381115 -0.440245
v 4.674536 1.381115 -0.450539
v 4.715722 1.399917 -0.478784
v 4.700824 1.400828 -0.441450
v 4.675105 1.401181 -0.451967
v 4.588370 2.103209 -0.234374
v 4.478000 2.187036 0.042516
v 4.459184 2.176379 0.089720
v 4.457016 2.198280 0.095159
v 4.485007 2.176379 0.100014
v 4.459693 2.151073 0.163521
v 4.463330 2.180100 0.154398
v 4.482840 2.198280 0.105453
v 4.437506 2.180100 0.144104
v 4.418569 2.154893 0.191611
v 4.440732 2.158731 0.136010
v 4.422822 2.134263 0.180941
v 4.396413 2.084122 0.247193
v 4.393672 2.109881 0.254071
v 4.425120 2.090616 0.250255
v 4.394212 2.005280 0.327795
v 4.399730 2.061164 0.313953
v 4.434162 2.138838 0.227572
v 4.371308 1.964728 0.385255
v 4.361001 2.021977 0.336032
v 4.338573 1.934179 0.392299
v 4.365895 1.996755 0.323755
v 4.340419 1.888155 0.387667
v 4.368252 1.898398 0.392922
v 4.351877 1.799379 0.434001
v 4.337590 1.778058 0.469844
v 4.352416 1.874082 0.432650
v 4.320682 1.840831 0.437152
v 4.303997 1.708622 0.479041
v 4.326053 1.799379 0.423707
v 4.313816 1.694955 0.454407
v 4.340779 1.707016 0.461844
v 4.331147 1.565950 0.486008
v 4.319967 1.562934 0.514055
v 4.326701 1.671820 0.497160
v 4.294052 1.566204 0.504019
v 4.292052 1.450497 0.509006
v 4.317877 1.450497 0.519299
v 4.304827 1.553262 0.476960
v 4.303653 1.398047 0.479904
v 4.328990 1.450497 0.491419
v 4.329924 1.397961 0.489078
v 4.337411 1.397834 0.470292
v 4.321454 1.381551 0.510325
v 4.295737 1.381125 0.499799
v 4.343896 1.380810 0.454025
v 4.318072 1.380810 0.443731
v 4.344604 1.401469 0.452246
v 4.318536 1.400376 0.442565
v 4.497659 -0.847891 0.000599
v 4.527956 -0.850435 -0.015134
v 4.510868 -0.853572 -0.032564
v 4.487780 -0.854479 0.025383
v 4.515373 -0.848565 0.016433
v 4.491545 -0.865450 0.015938
v 4.501101 -0.861988 -0.008036
v 4.511963 -0.870365 -0.035255
v 4.519868 -0.861579 0.005161
v 4.530529 -0.867871 -0.021590
v 4.540388 -0.888603 -0.046283
v 4.535817 -0.859926 -0.034857
v 4.542740 -0.875130 -0.052223
v 4.521447 -0.873459 -0.059080
v 4.547325 -0.894817 -0.063725
v 4.526371 -0.893553 -0.071433
v 4.529099 -0.915615 -0.078274
v 4.521960 -0.899071 -0.060387
v 4.524202 -0.936275 -0.065954
v 4.544503 -0.916415 -0.056647
v 4.544668 -0.939306 -0.057059
v 4.549953 -0.917845 -0.070318
v 4.549715 -0.941094 -0.069720
v 4.529058 -0.939711 -0.078174
v 4.526787 -0.962145 -0.072476
v 4.547163 -0.964183 -0.063318
v 4.521798 -0.982120 -0.059959
v 4.520916 -0.962102 -0.057746
v 4.513294 -0.984943 -0.038592
v 4.541293 -0.963698 -0.048593
v 4.534719 -0.982747 -0.032100
v 4.542182 -0.983157 -0.050823
v 4.535310 -0.998525 -0.033583
v 4.515295 -0.997366 -0.043644
v 4.505730 -1.007483 -0.019650
v 4.525741 -1.007870 -0.009577
v 4.496984 -1.008935 0.002290
v 4.499678 -0.995524 -0.004482
v 4.490395 -0.990389 0.018822
v 4.515296 -0.994165 0.016652
v 4.525946 -0.993551 -0.010092
v 4.511882 -1.006832 0.025209
v 4.497032 -0.980874 0.062384
v 4.485806 -1.000877 0.030310
v 4.505570 -0.982147 0.041026
v 4.499260 -0.963698 0.056857
v 4.482295 -0.976693 0.039117
v 4.476396 -0.951951 0.053941
v 4.475746 -0.977665 0.055572
v 4.470206 -0.946288 0.069458
v 4.490603 -0.941073 0.078580
v 4.470190 -0.913837 0.069510
v 4.474839 -0.920481 0.057838
v 4.478528 -0.893489 0.048593
v 4.495885 -0.939306 0.065323
v 4.473651 -0.887993 0.060829
v 4.496049 -0.916415 0.064910
v 4.498906 -0.895085 0.057745
v 4.506305 -0.872854 0.039187
v 4.500591 -0.866763 0.053513
v 4.491886 -0.902907 0.075431
v 4.480319 -0.866894 0.044099
v 4.484147 -0.876632 0.034496
v -2.989780 -0.823922 -0.183809
v -2.989780 0.915036 -0.183809
v -2.862785 -0.823922 -0.454639
v -2.862785 0.915036 -0.454639
v -2.641815 -0.823922 -0.656254
v -2.641815 0.915036 -0.656254
v -2.360511 -0.823922 -0.757960
v -2.360511 0.915036 -0.757960
v -2.061697 -0.823922 -0.744274
v -2.061697 0.915036 -0.744274
v -1.790867 -0.823922 -0.617278
v -1.790868 0.915036 -0.617278
v -1.589253 -0.823922 -0.396309
v -1.589253 0.915036 -0.396309
v -1.487547 -0.823922 -0.115004
v -1.487547 0.915036 -0.115004
v -1.501233 -0.823922 0.183809
v -1.501233 0.915036 0.183809
v -1.628228 -0.823922 0.454639
v -1.628228 0.915036 0.454639
v -1.849198 -0.823922 0.656254
v -1.849198 0.915036 0.656254
v -2.130502 -0.823922 0.757960
v -2.130502 0.915036 0.757960
v -2.429316 -0.823922 0.744274
v -2.429316 0.915036 0.744274
v -2.700145 -0.823922 0.617278
v -2.700146 0.915036 0.617278
v -2.901760 -0.823922 0.396309
v -2.901761 0.915036 0.396309
v -3.003466 -0.823922 0.115004
v -3.003467 0.915036 0.115004
v -3.149990 -0.630705 -0.223375
v -3.221450 -0.437487 -0.241023
v -3.264486 -0.244269 -0.251652
v -3.298100 -0.051052 -0.259953
v -3.298100 0.142166 -0.259953
v -3.264486 0.335383 -0.251652
v -3.221450 0.528601 -0.241023
v -3.149990 0.721819 -0.223375
v -2.995657 0.721819 -0.552502
v -3.054924 0.528601 -0.596153
v -3.090618 0.335383 -0.622442
v -3.118497 0.142166 -0.642975
v -3.118497 -0.051052 -0.642975
v -3.090618 -0.244269 -0.622442
v -3.054924 -0.437487 -0.596153
v -2.995657 -0.630705 -0.552502
v -2.727122 0.721819 -0.797516
v -2.765173 0.528601 -0.860525
v -2.788089 0.335383 -0.898472
v -2.805988 0.142166 -0.928111
v -2.805988 -0.051052 -0.928111
v -2.788089 -0.244269 -0.898472
v -2.765173 -0.437487 -0.860525
v -2.727122 -0.630705 -0.797516
v -2.385266 0.721819 -0.921115
v -2.396307 0.528601 -0.993889
v -2.402957 0.335383 -1.037717
v -2.408151 0.142166 -1.071949
v -2.408151 -0.051052 -1.071949
v -2.402957 -0.244269 -1.037717
v -2.396307 -0.437487 -0.993889
v -2.385266 -0.630705 -0.921115
v -2.022131 0.721819 -0.904483
v -2.004483 0.528601 -0.975944
v -1.993855 0.335383 -1.018979
v -1.985554 0.142166 -1.052594
v -1.985554 -0.051052 -1.052594
v -1.993855 -0.244269 -1.018979
v -2.004483 -0.437487 -0.975944
v -2.022131 -0.630705 -0.904483
v -1.693004 0.721819 -0.750151
v -1.649353 0.528601 -0.809418
v -1.623065 0.335383 -0.845111
v -1.602531 0.142166 -0.872990
v -1.602531 -0.051052 -0.872990
v -1.623065 -0.244269 -0.845111
v -1.649353 -0.437487 -0.809418
v -1.693004 -0.630705 -0.750151
v -1.447991 0.721819 -0.481616
v -1.384982 0.528601 -0.519667
v -1.347035 0.335383 -0.542583
v -1.317396 0.142166 -0.560482
v -1.317396 -0.051052 -0.560482
v -1.347035 -0.244269 -0.542583
v -1.384982 -0.437487 -0.519667
v -1.447991 -0.630705 -0.481616
v -1.324392 0.721819 -0.139759
v -1.251618 0.528601 -0.150801
v -1.207790 0.335383 -0.157451
v -1.173557 0.142166 -0.162645
v -1.173557 -0.051052 -0.162645
v -1.207790 -0.244269 -0.157451
v -1.251618 -0.437487 -0.150801
v -1.324391 -0.630705 -0.139759
v -1.341023 0.721819 0.223375
v -1.269563 0.528601 0.241023
v -1.226527 0.335383 0.251652
v -1.192913 0.142166 0.259953
v -1.192913 -0.051052 0.259953
v -1.226527 -0.244269 0.251652
v -1.269563 -0.437487 0.241023
v -1.341023 -0.630705 0.223375
v -1.495356 0.721819 0.552502
v -1.436089 0.528601 0.596153
v -1.400395 0.335383 0.622442
v -1.372516 0.142166 0.642975
v -1.372516 -0.051052 0.642975
v -1.400395 -0.244269 0.622442
v -1.436089 -0.437487 0.596153
v -1.495355 -0.630705 0.552502
v -1.763891 0.721819 0.797516
v -1.725840 0.528601 0.860525
v -1.702924 0.335383 0.898472
v -1.685025 0.142166 0.928111
v -1.685025 -0.051052 0.928111
v -1.702924 -0.244269 0.898472
v -1.725840 -0.437487 0.860525
v -1.763891 -0.630705 0.797516
v -2.105747 0.721819 0.921115
v -2.094705 0.528601 0.993889
v -2.088056 0.335383 1.037717
v -2.082862 0.142166 1.071949
v -2.082862 -0.051052 1.071949
v -2.088056 -0.244269 1.037717
v -2.094705 -0.437487 0.993889
v -2.105747 -0.630705 0.921115
v -2.468882 0.721819 0.904484
v -2.486530 0.528601 0.975943
v -2.497158 0.335383 1.018979
v -2.505460 0.142166 1.052594
v -2.505460 -0.051052 1.052594
v -2.497158 -0.244269 1.018979
v -2.486530 -0.437487 0.975943
v -2.468882 -0.630705 0.904483
v -2.798009 0.721819 0.750151
v -2.841660 0.528601 0.809418
v -2.867948 0.335383 0.845111
v -2.888482 0.142166 0.872990
v -2.888482 -0.051052 0.872990
v -2.867948 -0.244269 0.845111
v -2.841660 -0.437487 0.809418
v -2.798009 -0.630705 0.750151
v -3.043022 0.721819 0.481616
v -3.106031 0.528601 0.519667
v -3.143978 0.335383 0.542583
v -3.173617 0.142166 0.560481
v -3.173617 -0.051052 0.560481
v -3.143978 -0.244269 0.542583
v -3.106031 -0.437487 0.519667
v -3.043022 -0.630705 0.481616
v -3.166622 0.721819 0.139759
v -3.239396 0.528601 0.150801
v -3.283223 0.335383 0.157451
v -3.317456 0.142166 0.162645
v -3.317456 -0.051052 0.162645
v -3.283223 -0.244269 0.157451
v -3.239395 -0.437487 0.150801
v -3.166621 -0.630705 0.139759
v -1.688318 1.044487 0.137606
v -1.762402 1.088788 0.119309
v -1.844834 1.088788 0.295104
v -1.783391 1.044487 0.340358
v -2.107901 1.044487 -0.557189
v -2.126197 1.088788 -0.483104
v -1.950402 1.088788 -0.400672
v -1.905149 1.044487 -0.462116
v -2.585864 1.044487 0.462116
v -2.540611 1.088788 0.400672
v -2.671478 1.088788 0.257242
v -2.736800 1.044487 0.296690
v -2.802695 1.044487 -0.137606
v -2.728611 1.088788 -0.119310
v -2.646179 1.088788 -0.295104
v -2.707622 1.044487 -0.340358
v -1.988265 1.088788 0.425971
v -1.948817 1.044487 0.491294
v -1.819535 1.088788 -0.257242
v -1.754213 1.044487 -0.296690
v -2.737495 1.088788 0.074649
v -2.812941 1.044487 0.086096
v -2.502749 1.088788 -0.425971
v -2.542197 1.044487 -0.491294
v -2.170858 1.088788 0.491988
v -2.159411 1.044487 0.567434
v -1.753518 1.088788 -0.074649
v -1.678072 1.044487 -0.086096
v -2.320156 1.088788 -0.491988
v -2.331602 1.044487 -0.567434
v -2.364816 1.088788 0.483104
v -2.383112 1.044487 0.557189
v -1.905149 -0.953373 -0.462116
v -1.950402 -0.997674 -0.400672
v -2.126197 -0.997674 -0.483104
v -2.107901 -0.953373 -0.557189
v -2.736800 -0.953373 0.296690
v -2.671478 -0.997674 0.257242
v -2.540611 -0.997674 0.400673
v -2.585864 -0.953373 0.462116
v -2.707622 -0.953373 -0.340358
v -2.646179 -0.997674 -0.295104
v -2.728611 -0.997674 -0.119309
v -2.802695 -0.953373 -0.137606
v -1.948817 -0.953373 0.491294
v -1.988264 -0.997674 0.425971
v -1.844834 -0.997674 0.295104
v -1.783391 -0.953373 0.340358
v -1.754213 -0.953373 -0.296690
v -1.819535 -0.997674 -0.257242
v -2.812941 -0.953373 0.086096
v -2.737495 -0.997674 0.074649
v -2.542196 -0.953373 -0.491294
v -2.502748 -0.997674 -0.425971
v -2.159411 -0.953373 0.567434
v -2.170858 -0.997674 0.491988
v -1.678072 -0.953373 -0.086096
v -1.753518 -0.997674 -0.074649
v -2.331602 -0.953373 -0.567434
v -2.320155 -0.997674 -0.491988
v -2.383112 -0.953373 0.557189
v -2.364816 -0.997674 0.483104
v -1.688318 -0.953373 0.137606
v -1.762402 -0.997674 0.119310
v -1.726268 0.993575 0.382430
v -1.693400 0.965948 0.406638
v -1.863077 0.993575 -0.519239
v -1.838868 0.965948 -0.552107
v -2.797529 0.993575 0.333364
v -2.832474 0.965948 0.354466
v -2.764745 0.993575 -0.382430
v -2.797614 0.965948 -0.406638
v -1.912143 0.993575 0.552023
v -1.891040 0.965948 0.586967
v -1.693483 0.993575 -0.333364
v -1.658540 0.965948 -0.354466
v -2.883082 0.993575 0.096738
v -2.923442 0.965948 0.102862
v -2.578871 0.993575 -0.552023
v -2.599973 0.965948 -0.586967
v -2.148769 0.993575 0.637576
v -2.142645 0.965948 0.677935
v -1.607931 0.993575 -0.096738
v -1.567571 0.965948 -0.102862
v -2.342244 0.993575 -0.637576
v -2.348369 0.965948 -0.677935
v -2.400122 0.993575 0.626063
v -2.409909 0.965948 0.665695
v -1.579812 0.965948 0.164403
v -1.619443 0.993575 0.154615
v -2.081104 0.965948 -0.665695
v -2.090891 0.993575 -0.626063
v -2.652145 0.965948 0.552107
v -2.627936 0.993575 0.519238
v -2.911201 0.965948 -0.164403
v -2.871570 0.993575 -0.154615
v -3.048887 0.836473 -0.198406
v -3.078588 0.800383 -0.205741
v -2.936440 0.800383 -0.508887
v -2.911806 0.836473 -0.490744
v -2.689103 0.800383 -0.734559
v -2.673288 0.836473 -0.708370
v -2.374233 0.800383 -0.848401
v -2.369643 0.836473 -0.818153
v -2.039765 0.800383 -0.833082
v -2.047100 0.836473 -0.803381
v -1.736620 0.800383 -0.690933
v -1.754763 0.836473 -0.666300
v -1.510948 0.800383 -0.443596
v -1.537137 0.836473 -0.427781
v -1.397106 0.800383 -0.128726
v -1.427354 0.836473 -0.124137
v -1.412425 0.800383 0.205741
v -1.442126 0.836473 0.198406
v -1.554574 0.800383 0.508887
v -1.579207 0.836473 0.490744
v -1.801910 0.800383 0.734559
v -1.817725 0.836473 0.708370
v -2.116780 0.800383 0.848401
v -2.121370 0.836473 0.818153
v -2.451248 0.800383 0.833082
v -2.443913 0.836473 0.803381
v -2.754394 0.800383 0.690933
v -2.736250 0.836473 0.666300
v -2.980065 0.800383 0.443596
v -2.953877 0.836473 0.427781
v -3.093907 0.800383 0.128726
v -3.063659 0.836473 0.124137
v -3.186503 0.603978 -0.232393
v -3.170915 0.646442 -0.228543
v -3.013013 0.646442 -0.565284
v -3.025940 0.603978 -0.574806
v -2.738265 0.646442 -0.815966
v -2.746565 0.603978 -0.829711
v -2.388499 0.646442 -0.942426
v -2.390908 0.603978 -0.958299
v -2.016964 0.646442 -0.925409
v -2.013114 0.603978 -0.940997
v -1.680222 0.646442 -0.767507
v -1.670700 0.603978 -0.780434
v -1.429540 0.646442 -0.492758
v -1.415795 0.603978 -0.501059
v -1.303081 0.646442 -0.142992
v -1.287207 0.603978 -0.145402
v -1.320098 0.646442 0.228543
v -1.304510 0.603978 0.232393
v -1.478000 0.646442 0.565284
v -1.465073 0.603978 0.574806
v -1.752748 0.646442 0.815966
v -1.744448 0.603978 0.829711
v -2.102515 0.646442 0.942426
v -2.100105 0.603978 0.958299
v -2.474050 0.646442 0.925409
v -2.477899 0.603978 0.940996
v -2.810791 0.646442 0.767507
v -2.820313 0.603978 0.780434
v -3.061473 0.646442 0.492758
v -3.075218 0.603978 0.501059
v -3.187932 0.646442 0.142992
v -3.203806 0.603978 0.145401
v -3.240373 0.410084 -0.245697
v -3.230686 0.453901 -0.243304
v -3.062585 0.453901 -0.601796
v -3.070620 0.410084 -0.607713
v -2.770092 0.453901 -0.868670
v -2.775249 0.410084 -0.877210
v -2.397735 0.453901 -1.003296
v -2.399231 0.410084 -1.013161
v -2.002202 0.453901 -0.985180
v -1.999810 0.410084 -0.994867
v -1.643711 0.453901 -0.817079
v -1.637794 0.410084 -0.825113
v -1.376837 0.453901 -0.524585
v -1.368296 0.410084 -0.529743
v -1.242211 0.453901 -0.152228
v -1.232345 0.410084 -0.153725
v -1.260327 0.453901 0.243304
v -1.250640 0.410084 0.245697
v -1.428428 0.453901 0.601796
v -1.420393 0.410084 0.607713
v -1.720921 0.453901 0.868669
v -1.715764 0.410084 0.877210
v -2.093278 0.453901 1.003296
v -2.091782 0.410084 1.013161
v -2.488811 0.453901 0.985180
v -2.491203 0.410084 0.994867
v -2.847302 0.453901 0.817079
v -2.853219 0.410084 0.825113
v -3.114176 0.453901 0.524585
v -3.122717 0.410084 0.529743
v -3.248802 0.453901 0.152228
v -3.258668 0.410084 0.153725
v -3.277380 0.216707 -0.254836
v -3.269759 0.260842 -0.252954
v -3.094990 0.260842 -0.625663
v -3.101312 0.216707 -0.630319
v -2.790897 0.260842 -0.903122
v -2.794955 0.216707 -0.909840
v -2.403773 0.260842 -1.043087
v -2.404950 0.216707 -1.050848
v -1.992553 0.260842 -1.024252
v -1.990671 0.216707 -1.031873
v -1.619843 0.260842 -0.849484
v -1.615188 0.216707 -0.855806
v -1.342385 0.260842 -0.545391
v -1.335666 0.216707 -0.549448
v -1.202420 0.260842 -0.158266
v -1.194658 0.216707 -0.159443
v -1.221254 0.260842 0.252954
v -1.213633 0.216707 0.254836
v -1.396022 0.260842 0.625663
v -1.389701 0.216707 0.630319
v -1.700116 0.260842 0.903122
v -1.696058 0.216707 0.909840
v -2.087240 0.260842 1.043087
v -2.086063 0.216707 1.050849
v -2.498460 0.260842 1.024252
v -2.500342 0.216707 1.031873
v -2.871170 0.260842 0.849484
v -2.875825 0.216707 0.855805
v -3.148628 0.260842 0.545391
v -3.155347 0.216707 0.549448
v -3.288593 0.260842 0.158266
v -3.296355 0.216707 0.159443
v -3.290252 0.023233 -0.258015
v -3.290252 0.067881 -0.258015
v -3.111987 0.067881 -0.638182
v -3.111987 0.023233 -0.638182
v -2.801809 0.067881 -0.921190
v -2.801809 0.023233 -0.921190
v -2.406939 0.067881 -1.063957
v -2.406939 0.023233 -1.063957
v -1.987492 0.067881 -1.044745
v -1.987492 0.023233 -1.044745
v -1.607325 0.067881 -0.866481
v -1.607325 0.023233 -0.866481
v -1.324317 0.067881 -0.556302
v -1.324317 0.023233 -0.556302
v -1.181550 0.067881 -0.161433
v -1.181550 0.023233 -0.161433
v -1.200761 0.067881 0.258015
v -1.200761 0.023233 0.258015
v -1.379026 0.067881 0.638182
v -1.379026 0.023233 0.638182
v -1.689204 0.067881 0.921190
v -1.689204 0.023233 0.921190
v -2.084074 0.067881 1.063957
v -2.084074 0.023233 1.063957
v -2.503521 0.067881 1.044745
v -2.503521 0.023233 1.044745
v -2.883688 0.067881 0.866481
v -2.883688 0.023233 0.866481
v -3.166696 0.067881 0.556302
v -3.166696 0.023233 0.556302
v -3.309463 0.067881 0.161433
v -3.309463 0.023233 0.161433
v -3.269759 -0.169728 -0.252954
v -3.277380 -0.125593 -0.254836
v -3.101312 -0.125593 -0.630319
v -3.094990 -0.169728 -0.625663
v -2.794955 -0.125593 -0.909840
v -2.790897 -0.169728 -0.903122
v -2.404950 -0.125593 -1.050848
v -2.403773 -0.169728 -1.043087
v -1.990671 -0.125593 -1.031873
v -1.992553 -0.169728 -1.024252
v -1.615188 -0.125593 -0.855805
v -1.619843 -0.169728 -0.849484
v -1.335666 -0.125593 -0.549448
v -1.342385 -0.169728 -0.545391
v -1.194658 -0.125593 -0.159443
v -1.202420 -0.169728 -0.158266
v -1.213633 -0.125593 0.254836
v -1.221254 -0.169728 0.252954
v -1.389701 -0.125593 0.630319
v -1.396022 -0.169728 0.625663
v -1.696058 -0.125593 0.909840
v -1.700116 -0.169728 0.903122
v -2.086063 -0.125593 1.050849
v -2.087240 -0.169728 1.043087
v -2.500342 -0.125593 1.031873
v -2.498460 -0.169728 1.024252
v -2.875825 -0.125593 0.855805
v -2.871170 -0.169728 0.849484
v -3.155347 -0.125593 0.549448
v -3.148628 -0.169728 0.545391
v -3.296355 -0.125593 0.159443
v -3.288593 -0.169728 0.158266
v -3.230686 -0.362787 -0.243304
v -3.240373 -0.318970 -0.245697
v -3.070620 -0.318970 -0.607713
v -3.062585 -0.362787 -0.601796
v -2.775249 -0.318970 -0.877210
v -2.770092 -0.362787 -0.868670
v -2.399231 -0.318970 -1.013161
v -2.397735 -0.362787 -1.003296
v -1.999810 -0.318970 -0.994867
v -2.002202 -0.362787 -0.985180
v -1.637794 -0.318970 -0.825113
v -1.643711 -0.362787 -0.817079
v -1.368296 -0.318970 -0.529743
v -1.376837 -0.362787 -0.524585
v -1.232345 -0.318970 -0.153725
v -1.242211 -0.362787 -0.152228
v -1.250640 -0.318970 0.245697
v -1.260327 -0.362787 0.243304
v -1.420393 -0.318970 0.607713
v -1.428428 -0.362787 0.601796
v -1.715764 -0.318970 0.877210
v -1.720921 -0.362787 0.868669
v -2.091782 -0.318970 1.013161
v -2.093278 -0.362787 1.003296
v -2.491203 -0.318970 0.994867
v -2.488811 -0.362787 0.985180
v -2.853219 -0.318970 0.825113
v -2.847302 -0.362787 0.817079
v -3.122717 -0.318970 0.529743
v -3.114176 -0.362787 0.524585
v -3.258668 -0.318970 0.153725
v -3.248802 -0.362787 0.152228
v -3.170915 -0.555328 -0.228543
v -3.186503 -0.512864 -0.232393
v -3.025940 -0.512864 -0.574806
v -3.013013 -0.555328 -0.565284
v -2.746565 -0.512864 -0.829711
v -2.738265 -0.555328 -0.815966
v -2.390908 -0.512864 -0.958299
v -2.388499 -0.555328 -0.942426
v -2.013114 -0.512864 -0.940997
v -2.016963 -0.555328 -0.925409
v -1.670700 -0.512864 -0.780434
v -1.680222 -0.555328 -0.767507
v -1.415795 -0.512864 -0.501059
v -1.429540 -0.555328 -0.492758
v -1.287207 -0.512864 -0.145401
v -1.303081 -0.555328 -0.142992
v -1.304510 -0.512864 0.232393
v -1.320098 -0.555328 0.228543
v -1.465073 -0.512864 0.574806
v -1.478000 -0.555328 0.565284
v -1.744448 -0.512864 0.829711
v -1.752748 -0.555328 0.815966
v -2.100105 -0.512864 0.958299
v -2.102515 -0.555328 0.942426
v -2.477899 -0.512864 0.940996
v -2.474050 -0.555328 0.925409
v -2.820313 -0.512864 0.780434
v -2.810791 -0.555328 0.767507
v -3.075218 -0.512864 0.501059
v -3.061473 -0.555328 0.492758
v -3.203806 -0.512864 0.145401
v -3.187932 -0.555328 0.142992
v -2.936440 -0.709269 -0.508887
v -2.911806 -0.745359 -0.490744
v -2.689103 -0.709269 -0.734559
v -2.673288 -0.745359 -0.708370
v -2.374233 -0.709269 -0.848401
v -2.369643 -0.745359 -0.818153
v -2.039765 -0.709269 -0.833082
v -2.047100 -0.745359 -0.803381
v -1.736620 -0.709269 -0.690933
v -1.754763 -0.745359 -0.666300
v -1.510948 -0.709269 -0.443596
v -1.537137 -0.745359 -0.427781
v -1.397106 -0.709269 -0.128726
v -1.427353 -0.745359 -0.124137
v -1.412425 -0.709269 0.205741
v -1.442125 -0.745359 0.198406
v -1.554573 -0.709269 0.508887
v -1.579207 -0.745359 0.490744
v -1.801910 -0.709269 0.734559
v -1.817725 -0.745359 0.708370
v -2.116780 -0.709269 0.848401
v -2.121370 -0.745359 0.818153
v -2.451248 -0.709269 0.833082
v -2.443913 -0.745359 0.803381
v -2.754394 -0.709269 0.690933
v -2.736250 -0.745359 0.666300
v -2.980065 -0.709269 0.443596
v -2.953876 -0.745359 0.427781
v -3.093907 -0.709269 0.128726
v -3.063660 -0.745359 0.124137
v -3.048887 -0.745359 -0.198406
v -3.078588 -0.709269 -0.205742
v -2.090891 -0.902461 -0.626063
v -2.081104 -0.874834 -0.665695
v -2.627936 -0.902461 0.519238
v -2.652145 -0.874834 0.552107
v -2.871570 -0.902461 -0.154615
v -2.911201 -0.874834 -0.164403
v -1.726268 -0.902461 0.382430
v -1.693399 -0.874834 0.406638
v -1.838868 -0.874834 -0.552107
v -1.863077 -0.902461 -0.519239
v -2.832474 -0.874834 0.354466
v -2.797529 -0.902461 0.333364
v -2.797613 -0.874834 -0.406638
v -2.764745 -0.902461 -0.382430
v -1.891040 -0.874834 0.586967
v -1.912142 -0.902461 0.552023
v -1.658540 -0.874834 -0.354466
v -1.693483 -0.902461 -0.333364
v -2.923442 -0.874834 0.102862
v -2.883082 -0.902461 0.096738
v -2.599973 -0.874834 -0.586967
v -2.578871 -0.902461 -0.552023
v -2.142644 -0.874834 0.677935
v -2.148768 -0.902461 0.637576
v -1.567571 -0.874834 -0.102862
v -1.607931 -0.902461 -0.096738
v -2.348369 -0.874834 -0.677935
v -2.342245 -0.902461 -0.637576
v -2.409909 -0.874834 0.665695
v -2.400122 -0.902461 0.626063
v -1.579812 -0.874834 0.164403
v -1.619443 -0.902461 0.154615
v -2.728611 -1.135587 -0.119309
v -2.646179 -1.135587 -0.295104
v -2.646179 1.244931 -0.295104
v -2.728611 1.244931 -0.119310
v -2.502748 -1.135587 -0.425971
v -2.502749 1.244931 -0.425971
v -2.320155 -1.135587 -0.491988
v -2.320156 1.244931 -0.491988
v -2.126197 -1.135587 -0.483104
v -2.126197 1.244931 -0.483104
v -1.950402 -1.135587 -0.400672
v -1.950402 1.244931 -0.400672
v -1.819535 -1.135587 -0.257242
v -1.819535 1.244931 -0.257242
v -1.753518 -1.135587 -0.074649
v -1.753518 1.244931 -0.074649
v -1.762402 -1.135587 0.119310
v -1.762402 1.244931 0.119309
v -1.844834 -1.135587 0.295104
v -1.844834 1.244931 0.295104
v -1.988264 -1.135587 0.425971
v -1.988265 1.244931 0.425971
v -2.170858 -1.135587 0.491988
v -2.170858 1.244931 0.491988
v -2.364816 -1.135587 0.483104
v -2.364816 1.244931 0.483104
v -2.540611 -1.135587 0.400673
v -2.540611 1.244931 0.400672
v -2.671478 -1.135587 0.257242
v -2.671478 1.244931 0.257242
v -2.737495 -1.135587 0.074649
v -2.737495 1.244931 0.074649
v -1.762402 1.088788 0.119309
v -1.844834 1.088788 0.295104
v -2.126197 1.088788 -0.483104
v -1.950402 1.088788 -0.400672
v -2.540611 1.088788 0.400672
v -2.671478 1.088788 0.257242
v -2.728611 1.088788 -0.119310
v -2.646179 1.088788 -0.295104
v -1.988265 1.088788 0.425971
v -1.819535 1.088788 -0.257242
v -2.737495 1.088788 0.074649
v -2.502749 1.088788 -0.425971
v -2.170858 1.088788 0.491988
v -1.753518 1.088788 -0.074649
v -2.320156 1.088788 -0.491988
v -2.364816 1.088788 0.483104
v -1.950402 -0.997674 -0.400672
v -2.126197 -0.997674 -0.483104
v -2.671478 -0.997674 0.257242
v -2.540611 -0.997674 0.400673
v -2.646179 -0.997674 -0.295104
v -2.728611 -0.997674 -0.119309
v -1.988264 -0.997674 0.425971
v -1.844834 -0.997674 0.295104
v -1.819535 -0.997674 -0.257242
v -2.737495 -0.997674 0.074649
v -2.502748 -0.997674 -0.425971
v -2.170858 -0.997674 0.491988
v -1.753518 -0.997674 -0.074649
v -2.320155 -0.997674 -0.491988
v -2.364816 -0.997674 0.483104
v -1.762402 -0.997674 0.119310
v -2.232012 1.965632 0.003333
v -2.219005 1.961961 -0.049337
v -2.259001 1.965632 -0.003333
v -2.245020 1.961961 0.056002
v -2.272009 1.961961 0.049337
v -2.232012 1.943302 0.003333
v -2.244314 1.939738 0.053146
v -2.219710 1.939738 -0.046481
v -2.259001 1.943302 -0.003333
v -2.246699 1.939738 -0.053146
v -2.234516 1.929081 -0.102479
v -2.233112 1.950982 -0.108164
v -2.245994 1.961961 -0.056002
v -2.206123 1.950982 -0.101499
v -2.193490 1.932802 -0.152652
v -2.207526 1.929081 -0.095815
v -2.195579 1.911433 -0.144193
v -2.178823 1.874141 -0.212038
v -2.217196 1.901594 -0.172611
v -2.176686 1.897101 -0.220694
v -2.201592 1.891540 -0.235794
v -2.154156 1.821642 -0.311918
v -2.220479 1.932802 -0.159317
v -2.179296 1.813866 -0.326071
v -2.134595 1.722152 -0.391125
v -2.162282 1.818572 -0.279014
v -2.148015 1.753848 -0.336784
v -2.131925 1.651100 -0.401938
v -2.183630 1.796032 -0.308524
v -2.170252 1.726531 -0.362693
v -2.157613 1.640857 -0.413869
v -2.160036 1.712435 -0.404062
v -2.144596 1.591239 -0.466580
v -2.118794 1.602530 -0.455104
v -2.107376 1.467441 -0.501340
v -2.121322 1.552081 -0.444870
v -2.114135 1.459718 -0.473970
v -2.148311 1.552081 -0.451536
v -2.140387 1.447657 -0.483621
v -2.133585 1.455015 -0.511162
v -2.127432 1.309056 -0.536080
v -2.100782 1.322128 -0.528038
v -2.099306 1.203199 -0.534017
v -2.107899 1.318652 -0.499223
v -2.106502 1.203199 -0.504879
v -2.134566 1.305964 -0.507191
v -2.133812 1.152685 -0.510246
v -2.126295 1.203199 -0.540682
v -2.127076 1.133754 -0.537520
v -2.100064 1.133276 -0.530945
v -2.117053 1.133817 -0.462154
v -2.144042 1.133817 -0.468819
v -2.107106 1.152619 -0.502432
v -2.116758 1.153530 -0.463411
v -2.143674 1.153883 -0.470312
v -2.199836 1.855911 -0.242902
v -2.271303 1.939738 0.046481
v -2.283487 1.929081 0.095814
v -2.284891 1.950982 0.101499
v -2.256498 1.929081 0.102480
v -2.272890 1.903775 0.168853
v -2.270535 1.932802 0.159317
v -2.257902 1.950982 0.108164
v -2.297524 1.932802 0.152652
v -2.309786 1.907595 0.202302
v -2.295435 1.911433 0.144193
v -2.307032 1.886965 0.191151
v -2.324132 1.836824 0.260392
v -2.325907 1.862583 0.267581
v -2.295276 1.843318 0.259499
v -2.315290 1.757982 0.340538
v -2.311717 1.813866 0.326071
v -2.289422 1.891540 0.235794
v -2.330121 1.717430 0.400590
v -2.347062 1.774679 0.353239
v -2.361585 1.686881 0.412045
v -2.343893 1.749457 0.340409
v -2.360389 1.640857 0.407204
v -2.332099 1.651100 0.408604
v -2.342702 1.552081 0.451536
v -2.351953 1.530760 0.488995
v -2.342353 1.626784 0.450123
v -2.373173 1.593533 0.458923
v -2.383973 1.461324 0.502700
v -2.369691 1.552081 0.444870
v -2.377615 1.447657 0.476955
v -2.349889 1.459718 0.480635
v -2.356125 1.318652 0.505889
v -2.363365 1.315636 0.535202
v -2.359004 1.424522 0.517545
v -2.390409 1.318906 0.528804
v -2.391707 1.203199 0.534017
v -2.364718 1.203199 0.540682
v -2.383436 1.305964 0.500525
v -2.384196 1.150749 0.503603
v -2.357522 1.203199 0.511545
v -2.356918 1.150663 0.509097
v -2.352069 1.150536 0.489464
v -2.362402 1.134253 0.531303
v -2.389316 1.133827 0.524393
v -2.347870 1.133512 0.472463
v -2.374860 1.133512 0.465797
v -2.347411 1.154171 0.470604
v -2.374559 1.153078 0.464579
v -2.257561 -1.095189 0.002269
v -2.229700 -1.097733 -0.017460
v -2.249011 -1.100870 -0.032389
v -2.263958 -1.101777 0.028172
v -2.237848 -1.095863 0.015532
v -2.261520 -1.112748 0.018300
v -2.255332 -1.109286 -0.006756
v -2.248294 -1.117663 -0.035204
v -2.234936 -1.108877 0.003751
v -2.228034 -1.115169 -0.024207
v -2.221645 -1.135901 -0.050016
v -2.224610 -1.107224 -0.038072
v -2.220127 -1.122428 -0.056222
v -2.242157 -1.120757 -0.060103
v -2.217159 -1.142115 -0.068243
v -2.238969 -1.140851 -0.073013
v -2.237204 -1.162913 -0.080162
v -2.241829 -1.146369 -0.061468
v -2.240369 -1.183573 -0.067289
v -2.218986 -1.163713 -0.060845
v -2.218879 -1.186604 -0.061276
v -2.215457 -1.165143 -0.075133
v -2.215611 -1.188392 -0.074509
v -2.237229 -1.187009 -0.080059
v -2.238700 -1.209443 -0.074103
v -2.217264 -1.211481 -0.067818
v -2.241930 -1.229418 -0.061022
v -2.242502 -1.209400 -0.058708
v -2.247433 -1.232241 -0.038691
v -2.221064 -1.210996 -0.052428
v -2.225321 -1.230045 -0.035191
v -2.220489 -1.230455 -0.054759
v -2.224938 -1.245823 -0.036741
v -2.246142 -1.244664 -0.043970
v -2.252335 -1.254781 -0.018893
v -2.231135 -1.255168 -0.011652
v -2.257998 -1.256233 0.004037
v -2.256256 -1.242822 -0.003040
v -2.262264 -1.237687 0.021314
v -2.237894 -1.241463 0.015759
v -2.231002 -1.240849 -0.012190
v -2.240106 -1.254130 0.024702
v -2.249732 -1.228172 0.063559
v -2.265239 -1.248175 0.033322
v -2.244196 -1.229445 0.041234
v -2.248281 -1.210996 0.057779
v -2.267514 -1.223991 0.042526
v -2.271329 -1.199249 0.058018
v -2.271750 -1.224963 0.059722
v -2.275338 -1.193586 0.074236
v -2.253886 -1.188371 0.080482
v -2.275347 -1.161135 0.074289
v -2.272339 -1.167779 0.062091
v -2.269948 -1.140787 0.052428
v -2.250467 -1.186604 0.066627
v -2.273107 -1.135291 0.065217
v -2.250360 -1.163713 0.066196
v -2.248511 -1.142383 0.058708
v -2.243719 -1.120152 0.039312
v -2.247420 -1.114061 0.054285
v -2.253046 -1.150205 0.077188
v -2.268789 -1.114192 0.047731
v -2.266310 -1.123930 0.037696
v -5.180982 -0.576624 0.370674
v -5.180982 1.162334 0.370674
v -5.271750 -0.576624 0.085651
v -5.271750 1.162334 0.085651
v -5.246536 -0.576624 -0.212410
v -5.246536 1.162333 -0.212410
v -5.109179 -0.576624 -0.478133
v -5.109179 1.162334 -0.478133
v -4.880589 -0.576624 -0.671067
v -4.880589 1.162334 -0.671067
v -4.595566 -0.576624 -0.761835
v -4.595566 1.162334 -0.761835
v -4.297505 -0.576624 -0.736622
v -4.297505 1.162334 -0.736622
v -4.031781 -0.576624 -0.599264
v -4.031781 1.162334 -0.599264
v -3.838848 -0.576624 -0.370674
v -3.838848 1.162334 -0.370674
v -3.748080 -0.576624 -0.085651
v -3.748080 1.162334 -0.085651
v -3.773293 -0.576624 0.212410
v -3.773293 1.162334 0.212410
v -3.910651 -0.576624 0.478133
v -3.910651 1.162334 0.478133
v -4.139241 -0.576624 0.671067
v -4.139241 1.162334 0.671066
v -4.424263 -0.576624 0.761835
v -4.424263 1.162334 0.761835
v -4.722325 -0.576624 0.736622
v -4.722325 1.162334 0.736622
v -4.988048 -0.576624 0.599264
v -4.988048 1.162334 0.599264
v -5.325433 -0.383407 0.450463
v -5.389864 -0.190189 0.486053
v -5.428667 0.003029 0.507486
v -5.458975 0.196246 0.524228
v -5.458975 0.389464 0.524228
v -5.428667 0.582681 0.507486
v -5.389864 0.775899 0.486053
v -5.325433 0.969117 0.450463
v -5.435740 0.969116 0.104089
v -5.508885 0.775899 0.112313
v -5.552937 0.582681 0.117265
v -5.587345 0.389464 0.121134
v -5.587345 0.196246 0.121134
v -5.552937 0.003029 0.117265
v -5.508885 -0.190189 0.112313
v -5.435740 -0.383407 0.104089
v -5.405098 0.969117 -0.258132
v -5.475823 0.775899 -0.278526
v -5.518418 0.582681 -0.290809
v -5.551686 0.389464 -0.300402
v -5.551686 0.196246 -0.300402
v -5.518418 0.003029 -0.290809
v -5.475823 -0.190189 -0.278526
v -5.405098 -0.383407 -0.258132
v -5.238173 0.969117 -0.581055
v -5.295711 0.775899 -0.626962
v -5.330362 0.582681 -0.654609
v -5.357427 0.389464 -0.676204
v -5.357427 0.196246 -0.676204
v -5.330362 0.003029 -0.654609
v -5.295711 -0.190189 -0.626962
v -5.238173 -0.383407 -0.581055
v -4.960379 0.969117 -0.815518
v -4.995968 0.775899 -0.879949
v -5.017401 0.582681 -0.918752
v -5.034142 0.389464 -0.949060
v -5.034142 0.196246 -0.949060
v -5.017401 0.003029 -0.918752
v -4.995968 -0.190189 -0.879949
v -4.960379 -0.383407 -0.815518
v -4.614003 0.969117 -0.925825
v -4.622227 0.775899 -0.998971
v -4.627180 0.582681 -1.043022
v -4.631048 0.389464 -1.077430
v -4.631048 0.196246 -1.077430
v -4.627180 0.003029 -1.043022
v -4.622227 -0.190189 -0.998971
v -4.614003 -0.383407 -0.925825
v -4.251783 0.969117 -0.895183
v -4.231389 0.775899 -0.965908
v -4.219106 0.582681 -1.008503
v -4.209513 0.389464 -1.041772
v -4.209513 0.196246 -1.041772
v -4.219106 0.003029 -1.008503
v -4.231389 -0.190189 -0.965909
v -4.251782 -0.383407 -0.895183
v -3.928860 0.969117 -0.728259
v -3.882953 0.775899 -0.785796
v -3.855306 0.582681 -0.820447
v -3.833711 0.389464 -0.847512
v -3.833711 0.196246 -0.847512
v -3.855306 0.003029 -0.820447
v -3.882953 -0.190189 -0.785796
v -3.928860 -0.383407 -0.728259
v -3.694397 0.969117 -0.450464
v -3.629966 0.775899 -0.486053
v -3.591163 0.582681 -0.507487
v -3.560855 0.389464 -0.524227
v -3.560855 0.196246 -0.524227
v -3.591163 0.003029 -0.507487
v -3.629966 -0.190189 -0.486053
v -3.694397 -0.383407 -0.450464
v -3.584090 0.969117 -0.104089
v -3.510944 0.775899 -0.112313
v -3.466892 0.582681 -0.117265
v -3.432485 0.389464 -0.121134
v -3.432485 0.196246 -0.121134
v -3.466892 0.003029 -0.117265
v -3.510944 -0.190189 -0.112313
v -3.584090 -0.383407 -0.104089
v -3.614732 0.969117 0.258132
v -3.544006 0.775899 0.278526
v -3.501412 0.582681 0.290809
v -3.468143 0.389464 0.300402
v -3.468143 0.196246 0.300402
v -3.501412 0.003029 0.290809
v -3.544006 -0.190189 0.278526
v -3.614732 -0.383407 0.258132
v -3.781656 0.969117 0.581055
v -3.724119 0.775899 0.626962
v -3.689468 0.582681 0.654609
v -3.662403 0.389464 0.676204
v -3.662403 0.196246 0.676204
v -3.689468 0.003029 0.654609
v -3.724119 -0.190189 0.626962
v -3.781656 -0.383407 0.581055
v -4.059452 0.969117 0.815518
v -4.023862 0.775899 0.879949
v -4.002428 0.582681 0.918752
v -3.985687 0.389464 0.949060
v -3.985687 0.196246 0.949060
v -4.002428 0.003029 0.918752
v -4.023862 -0.190189 0.879949
v -4.059452 -0.383407 0.815518
v -4.405826 0.969117 0.925824
v -4.397603 0.775899 0.998971
v -4.392650 0.582681 1.043022
v -4.388781 0.389464 1.077430
v -4.388781 0.196246 1.077430
v -4.392650 0.003029 1.043022
v -4.397602 -0.190189 0.998971
v -4.405826 -0.383407 0.925824
v -4.768047 0.969117 0.895183
v -4.788441 0.775899 0.965908
v -4.800724 0.582681 1.008503
v -4.810317 0.389464 1.041772
v -4.810317 0.196246 1.041772
v -4.800724 0.003029 1.008503
v -4.788441 -0.190189 0.965908
v -4.768047 -0.383407 0.895183
v -5.090970 0.969117 0.728259
v -5.136877 0.775899 0.785796
v -5.164524 0.582681 0.820447
v -5.186119 0.389464 0.847512
v -5.186119 0.196246 0.847512
v -5.164524 0.003029 0.820447
v -5.136877 -0.190189 0.785796
v -5.090970 -0.383407 0.728259
v -4.007532 1.291785 -0.277499
v -4.074329 1.336086 -0.240602
v -4.015411 1.336086 -0.055596
v -3.939579 1.291785 -0.064122
v -4.787414 1.291785 -0.502383
v -4.750517 1.336086 -0.435586
v -4.565511 1.336086 -0.494504
v -4.574037 1.291785 -0.570336
v -4.445793 1.291785 0.570336
v -4.454319 1.336086 0.494504
v -4.647789 1.336086 0.478138
v -4.668932 1.291785 0.551460
v -5.012298 1.291785 0.277499
v -4.945501 1.336086 0.240603
v -5.004418 1.336086 0.055596
v -5.080251 1.291785 0.064122
v -4.031777 1.336086 0.137874
v -3.958455 1.291785 0.159017
v -4.372041 1.336086 -0.478138
v -4.350898 1.291785 -0.551460
v -4.820269 1.336086 0.388980
v -4.867862 1.291785 0.448629
v -4.988052 1.336086 -0.137874
v -5.061375 1.291785 -0.159017
v -4.120935 1.336086 0.310354
v -4.061286 1.291785 0.357947
v -4.199561 1.336086 -0.388980
v -4.151968 1.291785 -0.448629
v -4.898895 1.336086 -0.310354
v -4.958544 1.291785 -0.357947
v -4.269312 1.336086 0.435586
v -4.232416 1.291785 0.502383
v -4.574037 -0.706075 -0.570336
v -4.565510 -0.750376 -0.494504
v -4.750517 -0.750376 -0.435586
v -4.787414 -0.706075 -0.502383
v -4.668932 -0.706075 0.551460
v -4.647789 -0.750376 0.478138
v -4.454319 -0.750376 0.494504
v -4.445793 -0.706075 0.570335
v -5.080250 -0.706075 0.064121
v -5.004419 -0.750376 0.055596
v -4.945501 -0.750376 0.240602
v -5.012298 -0.706075 0.277499
v -3.958455 -0.706075 0.159017
v -4.031777 -0.750376 0.137874
v -4.015411 -0.750376 -0.055596
v -3.939579 -0.706075 -0.064122
v -4.350898 -0.706075 -0.551460
v -4.372041 -0.750376 -0.478138
v -4.867862 -0.706075 0.448629
v -4.820269 -0.750376 0.388979
v -5.061375 -0.706075 -0.159017
v -4.988052 -0.750376 -0.137874
v -4.061286 -0.706075 0.357947
v -4.120935 -0.750376 0.310354
v -4.151968 -0.706075 -0.448629
v -4.199561 -0.750376 -0.388980
v -4.958544 -0.706075 -0.357947
v -4.898894 -0.750376 -0.310355
v -4.232416 -0.706075 0.502383
v -4.269312 -0.750376 0.435586
v -4.007532 -0.706075 -0.277499
v -4.074329 -0.750376 -0.240603
v -3.869079 1.240873 -0.072048
v -3.828513 1.213246 -0.076609
v -4.581963 1.240873 -0.640836
v -4.586524 1.213246 -0.681401
v -4.688588 1.240873 0.619627
v -4.699899 1.213246 0.658850
v -5.150751 1.240873 0.072048
v -5.191317 1.213246 0.076609
v -3.890289 1.240873 0.178674
v -3.851065 1.213246 0.189984
v -4.331242 1.240873 -0.619626
v -4.319931 1.213246 -0.658850
v -4.912108 1.240873 0.504085
v -4.937568 1.213246 0.535994
v -5.129541 1.240873 -0.178674
v -5.168765 1.213246 -0.189984
v -4.005830 1.240873 0.402194
v -3.973921 1.213246 0.427653
v -4.107721 1.240873 -0.504085
v -4.082262 1.213246 -0.535994
v -5.014000 1.240873 -0.402194
v -5.045909 1.213246 -0.427653
v -4.198114 1.240873 0.564483
v -4.178376 1.213246 0.600217
v -3.909698 1.213246 -0.331539
v -3.945431 1.240873 -0.311801
v -4.841453 1.213246 -0.600217
v -4.821716 1.240873 -0.564483
v -4.433306 1.213246 0.681401
v -4.437867 1.240873 0.640836
v -5.110132 1.213246 0.331539
v -5.074398 1.240873 0.311801
v -5.234275 1.083771 0.400111
v -5.261054 1.047681 0.414903
v -5.362653 1.047680 0.095872
v -5.332251 1.083771 0.092454
v -5.334431 1.047681 -0.237755
v -5.305036 1.083771 -0.229278
v -5.180684 1.047681 -0.535185
v -5.156769 1.083771 -0.516105
v -4.924818 1.047681 -0.751139
v -4.910026 1.083771 -0.724360
v -4.605786 1.047681 -0.852739
v -4.602369 1.083771 -0.822336
v -4.272160 1.047681 -0.824516
v -4.280637 1.083771 -0.795120
v -3.974730 1.047681 -0.670769
v -3.993810 1.083771 -0.646854
v -3.758775 1.047681 -0.414903
v -3.785555 1.083771 -0.400111
v -3.657176 1.047681 -0.095872
v -3.687579 1.083771 -0.092454
v -3.685399 1.047681 0.237755
v -3.714794 1.083771 0.229278
v -3.839146 1.047681 0.535185
v -3.863061 1.083771 0.516105
v -4.095012 1.047681 0.751139
v -4.109804 1.083771 0.724360
v -4.414043 1.047681 0.852738
v -4.417461 1.083771 0.822336
v -4.747670 1.047680 0.824516
v -4.739193 1.083771 0.795120
v -5.045100 1.047681 0.670769
v -5.026020 1.083771 0.646854
v -5.358355 0.851276 0.468648
v -5.344300 0.893740 0.460885
v -5.457159 0.893740 0.106498
v -5.473114 0.851276 0.108290
v -5.425808 0.893740 -0.264104
v -5.441236 0.851276 -0.268553
v -5.255022 0.893740 -0.594498
v -5.267573 0.851276 -0.604511
v -4.970800 0.893740 -0.834385
v -4.978563 0.851276 -0.848439
v -4.616412 0.893740 -0.947244
v -4.618205 0.851276 -0.963199
v -4.245811 0.893740 -0.915893
v -4.241362 0.851276 -0.931322
v -3.915417 0.893740 -0.745107
v -3.905404 0.851276 -0.757658
v -3.675530 0.893740 -0.460885
v -3.661475 0.851276 -0.468648
v -3.562671 0.893740 -0.106497
v -3.546716 0.851276 -0.108290
v -3.594022 0.893740 0.264104
v -3.578593 0.851276 0.268553
v -3.764808 0.893740 0.594498
v -3.752257 0.851276 0.604511
v -4.049030 0.893740 0.834385
v -4.041266 0.851276 0.848439
v -4.403418 0.893740 0.947244
v -4.401625 0.851276 0.963199
v -4.774019 0.893740 0.915894
v -4.778468 0.851276 0.931322
v -5.104413 0.893740 0.745107
v -5.114426 0.851276 0.757658
v -5.406926 0.657381 0.495477
v -5.398192 0.701199 0.490653
v -5.518340 0.701199 0.113375
v -5.528256 0.657382 0.114491
v -5.484965 0.701199 -0.281163
v -5.494552 0.657382 -0.283927
v -5.303148 0.701199 -0.632895
v -5.310947 0.657382 -0.639120
v -5.000568 0.701199 -0.888277
v -5.005392 0.657382 -0.897011
v -4.623290 0.701199 -1.008425
v -4.624406 0.657382 -1.018341
v -4.228753 0.701199 -0.975051
v -4.225988 0.657382 -0.984637
v -3.877019 0.701199 -0.793233
v -3.870795 0.657382 -0.801032
v -3.621638 0.701199 -0.490653
v -3.612904 0.657382 -0.495478
v -3.501490 0.701199 -0.113375
v -3.491574 0.657382 -0.114491
v -3.534864 0.701199 0.281163
v -3.525277 0.657382 0.283927
v -3.716682 0.701199 0.632896
v -3.708883 0.657382 0.639120
v -4.019262 0.701199 0.888277
v -4.014437 0.657382 0.897011
v -4.396539 0.701199 1.008425
v -4.395424 0.657382 1.018341
v -4.791077 0.701199 0.975051
v -4.793842 0.657382 0.984637
v -5.142811 0.701199 0.793233
v -5.149034 0.657382 0.801032
v -5.440292 0.464005 0.513908
v -5.433421 0.508140 0.510112
v -5.558334 0.508140 0.117872
v -5.566136 0.464005 0.118749
v -5.523637 0.508140 -0.292314
v -5.531178 0.464005 -0.294488
v -5.334608 0.508140 -0.657996
v -5.340744 0.464005 -0.662893
v -5.020027 0.508140 -0.923506
v -5.023823 0.464005 -0.930377
v -4.627787 0.508140 -1.048420
v -4.628664 0.464005 -1.056221
v -4.217601 0.508140 -1.013722
v -4.215426 0.464005 -1.021264
v -3.851918 0.508140 -0.824693
v -3.847022 0.464005 -0.830830
v -3.586409 0.508140 -0.510112
v -3.579537 0.464005 -0.513908
v -3.461495 0.508140 -0.117872
v -3.453693 0.464005 -0.118749
v -3.496193 0.508140 0.292314
v -3.488651 0.464005 0.294488
v -3.685222 0.508140 0.657996
v -3.679085 0.464005 0.662893
v -3.999803 0.508140 0.923506
v -3.996007 0.464005 0.930377
v -4.392043 0.508140 1.048420
v -4.391166 0.464005 1.056221
v -4.802228 0.508140 1.013722
v -4.804403 0.464005 1.021264
v -5.167912 0.508140 0.824693
v -5.172808 0.464005 0.830830
v -5.451898 0.270531 0.520319
v -5.451898 0.315179 0.520319
v -5.579311 0.315179 0.120230
v -5.579311 0.270531 0.120230
v -5.543918 0.315179 -0.298162
v -5.543918 0.270531 -0.298162
v -5.351109 0.315179 -0.671161
v -5.351109 0.270531 -0.671161
v -5.030234 0.315179 -0.941984
v -5.030234 0.270531 -0.941984
v -4.630145 0.315179 -1.069397
v -4.630145 0.270531 -1.069397
v -4.211753 0.315179 -1.034003
v -4.211753 0.270531 -1.034003
v -3.838753 0.315179 -0.841194
v -3.838753 0.270531 -0.841194
v -3.567931 0.315179 -0.520319
v -3.567931 0.270531 -0.520319
v -3.440518 0.315179 -0.120230
v -3.440518 0.270531 -0.120230
v -3.475912 0.315179 0.298162
v -3.475912 0.270531 0.298162
v -3.668721 0.315179 0.671162
v -3.668721 0.270531 0.671162
v -3.989596 0.315179 0.941983
v -3.989596 0.270531 0.941983
v -4.389685 0.315179 1.069397
v -4.389685 0.270531 1.069397
v -4.808076 0.315179 1.034003
v -4.808076 0.270531 1.034003
v -5.181077 0.315179 0.841194
v -5.181077 0.270531 0.841194
v -5.433421 0.077570 0.510112
v -5.440292 0.121705 0.513908
v -5.566136 0.121705 0.118749
v -5.558334 0.077570 0.117872
v -5.531178 0.121705 -0.294488
v -5.523637 0.077570 -0.292314
v -5.340744 0.121705 -0.662893
v -5.334608 0.077570 -0.657996
v -5.023823 0.121705 -0.930377
v -5.020027 0.077570 -0.923506
v -4.628664 0.121705 -1.056221
v -4.627787 0.077570 -1.048420
v -4.215426 0.121705 -1.021264
v -4.217601 0.077570 -1.013722
v -3.847022 0.121705 -0.830830
v -3.851918 0.077570 -0.824693
v -3.579537 0.121705 -0.513908
v -3.586409 0.077570 -0.510112
v -3.453693 0.121705 -0.118749
v -3.461495 0.077570 -0.117872
v -3.488651 0.121705 0.294488
v -3.496193 0.077570 0.292314
v -3.679085 0.121705 0.662893
v -3.685222 0.077570 0.657996
v -3.996007 0.121705 0.930377
v -3.999803 0.077570 0.923506
v -4.391166 0.121705 1.056221
v -4.392043 0.077570 1.048420
v -4.804403 0.121705 1.021264
v -4.802228 0.077570 1.013722
v -5.172808 0.121705 0.830830
v -5.167912 0.077570 0.824693
v -5.398192 -0.115489 0.490653
v -5.406926 -0.071672 0.495477
v -5.528255 -0.071672 0.114491
v -5.518340 -0.115489 0.113375
v -5.494552 -0.071672 -0.283927
v -5.484965 -0.115489 -0.281163
v -5.310947 -0.071672 -0.639120
v -5.303148 -0.115489 -0.632896
v -5.005392 -0.071672 -0.897011
v -5.000568 -0.115489 -0.888277
v -4.624406 -0.071672 -1.018341
v -4.623290 -0.115489 -1.008425
v -4.225988 -0.071672 -0.984637
v -4.228752 -0.115489 -0.975051
v -3.870795 -0.071672 -0.801033
v -3.877019 -0.115489 -0.793233
v -3.612904 -0.071672 -0.495478
v -3.621638 -0.115489 -0.490653
v -3.491574 -0.071672 -0.114491
v -3.501490 -0.115489 -0.113375
v -3.525277 -0.071672 0.283927
v -3.534864 -0.115489 0.281162
v -3.708882 -0.071672 0.639119
v -3.716682 -0.115489 0.632896
v -4.014437 -0.071672 0.897011
v -4.019261 -0.115489 0.888277
v -4.395424 -0.071672 1.018341
v -4.396540 -0.115489 1.008425
v -4.793842 -0.071672 0.984637
v -4.791078 -0.115489 0.975051
v -5.149034 -0.071672 0.801032
v -5.142811 -0.115489 0.793233
v -5.344300 -0.308030 0.460885
v -5.358355 -0.265566 0.468648
v -5.473114 -0.265566 0.108290
v -5.457159 -0.308030 0.106497
v -5.441236 -0.265566 -0.268553
v -5.425808 -0.308030 -0.264104
v -5.267573 -0.265566 -0.604511
v -5.255022 -0.308030 -0.594498
v -4.978563 -0.265566 -0.848440
v -4.970800 -0.308030 -0.834385
v -4.618205 -0.265566 -0.963199
v -4.616412 -0.308030 -0.947244
v -4.241362 -0.265566 -0.931322
v -4.245811 -0.308030 -0.915893
v -3.905404 -0.265566 -0.757658
v -3.915417 -0.308030 -0.745107
v -3.661475 -0.265566 -0.468648
v -3.675530 -0.308030 -0.460885
v -3.546716 -0.265566 -0.108290
v -3.562671 -0.308030 -0.106497
v -3.578593 -0.265566 0.268553
v -3.594022 -0.308030 0.264104
v -3.752257 -0.265566 0.604511
v -3.764808 -0.308030 0.594498
v -4.041266 -0.265566 0.848439
v -4.049030 -0.308030 0.834385
v -4.401625 -0.265566 0.963199
v -4.403418 -0.308030 0.947244
v -4.778468 -0.265566 0.931321
v -4.774019 -0.308030 0.915893
v -5.114426 -0.265566 0.757658
v -5.104413 -0.308030 0.745107
v -5.362653 -0.461971 0.095872
v -5.332252 -0.498061 0.092454
v -5.334431 -0.461971 -0.237755
v -5.305036 -0.498061 -0.229278
v -5.180684 -0.461971 -0.535186
v -5.156769 -0.498061 -0.516105
v -4.924818 -0.461971 -0.751139
v -4.910026 -0.498061 -0.724360
v -4.605786 -0.461971 -0.852739
v -4.602368 -0.498061 -0.822336
v -4.272160 -0.461971 -0.824516
v -4.280636 -0.498061 -0.795120
v -3.974730 -0.461971 -0.670769
v -3.993810 -0.498061 -0.646854
v -3.758775 -0.461971 -0.414903
v -3.785555 -0.498061 -0.400111
v -3.657176 -0.461971 -0.095872
v -3.687579 -0.498061 -0.092454
v -3.685399 -0.461971 0.237755
v -3.714794 -0.498061 0.229278
v -3.839146 -0.461971 0.535185
v -3.863061 -0.498061 0.516105
v -4.095012 -0.461971 0.751139
v -4.109804 -0.498061 0.724360
v -4.414043 -0.461971 0.852739
v -4.417461 -0.498061 0.822336
v -4.747669 -0.461971 0.824516
v -4.739193 -0.498061 0.795120
v -5.045100 -0.461971 0.670769
v -5.026020 -0.498061 0.646854
v -5.234275 -0.498061 0.400111
v -5.261054 -0.461971 0.414903
v -4.821716 -0.655163 -0.564484
v -4.841454 -0.627536 -0.600217
v -4.437867 -0.655163 0.640836
v -4.433306 -0.627536 0.681401
v -5.074398 -0.655163 0.311801
v -5.110132 -0.627536 0.331539
v -3.869079 -0.655163 -0.072048
v -3.828513 -0.627536 -0.076609
v -4.586523 -0.627536 -0.681402
v -4.581963 -0.655163 -0.640836
v -4.699898 -0.627536 0.658849
v -4.688588 -0.655163 0.619626
v -5.191317 -0.627536 0.076608
v -5.150751 -0.655163 0.072048
v -3.851065 -0.627536 0.189984
v -3.890288 -0.655163 0.178673
v -4.319931 -0.627536 -0.658850
v -4.331242 -0.655163 -0.619627
v -4.937568 -0.627536 0.535994
v -4.912108 -0.655163 0.504084
v -5.168764 -0.627536 -0.189984
v -5.129541 -0.655163 -0.178674
v -3.973920 -0.627536 0.427653
v -4.005830 -0.655163 0.402194
v -4.082262 -0.627536 -0.535995
v -4.107721 -0.655163 -0.504085
v -5.045909 -0.627536 -0.427653
v -5.014000 -0.655163 -0.402194
v -4.178376 -0.627536 0.600216
v -4.198114 -0.655163 0.564483
v -3.909698 -0.627536 -0.331539
v -3.945432 -0.655163 -0.311801
v -4.945501 -0.888289 0.240602
v -5.004419 -0.888289 0.055596
v -5.004418 1.492229 0.055596
v -4.945501 1.492229 0.240603
v -4.988052 -0.888289 -0.137874
v -4.988052 1.492229 -0.137874
v -4.898894 -0.888289 -0.310355
v -4.898895 1.492229 -0.310354
v -4.750517 -0.888289 -0.435586
v -4.750517 1.492229 -0.435586
v -4.565510 -0.888289 -0.494504
v -4.565511 1.492229 -0.494504
v -4.372041 -0.888289 -0.478138
v -4.372041 1.492229 -0.478138
v -4.199561 -0.888289 -0.388980
v -4.199561 1.492229 -0.388980
v -4.074329 -0.888289 -0.240603
v -4.074329 1.492229 -0.240602
v -4.015411 -0.888289 -0.055596
v -4.015411 1.492229 -0.055596
v -4.031777 -0.888289 0.137874
v -4.031777 1.492229 0.137874
v -4.120935 -0.888289 0.310354
v -4.120935 1.492229 0.310354
v -4.269312 -0.888289 0.435586
v -4.269312 1.492229 0.435586
v -4.454319 -0.888289 0.494504
v -4.454319 1.492229 0.494504
v -4.647789 -0.888289 0.478138
v -4.647789 1.492229 0.478138
v -4.820269 -0.888289 0.388979
v -4.820269 1.492229 0.388980
v -4.074329 1.336086 -0.240602
v -4.015411 1.336086 -0.055596
v -4.750517 1.336086 -0.435586
v -4.565511 1.336086 -0.494504
v -4.454319 1.336086 0.494504
v -4.647789 1.336086 0.478138
v -4.945501 1.336086 0.240603
v -5.004418 1.336086 0.055596
v -4.031777 1.336086 0.137874
v -4.372041 1.336086 -0.478138
v -4.820269 1.336086 0.388980
v -4.988052 1.336086 -0.137874
v -4.120935 1.336086 0.310354
v -4.199561 1.336086 -0.388980
v -4.898895 1.336086 -0.310354
v -4.269312 1.336086 0.435586
v -4.565510 -0.750376 -0.494504
v -4.750517 -0.750376 -0.435586
v -4.647789 -0.750376 0.478138
v -4.454319 -0.750376 0.494504
v -5.004419 -0.750376 0.055596
v -4.945501 -0.750376 0.240602
v -4.031777 -0.750376 0.137874
v -4.015411 -0.750376 -0.055596
v -4.372041 -0.750376 -0.478138
v -4.820269 -0.750376 0.388979
v -4.988052 -0.750376 -0.137874
v -4.120935 -0.750376 0.310354
v -4.199561 -0.750376 -0.388980
v -4.898894 -0.750376 -0.310355
v -4.269312 -0.750376 0.435586
v -4.074329 -0.750376 -0.240603
v -4.497747 2.212930 -0.006721
v -4.523979 2.209259 -0.054210
v -4.522082 2.212930 0.006721
v -4.471516 2.209259 0.040768
v -4.495851 2.209259 0.054210
v -4.497747 2.190599 -0.006721
v -4.472939 2.187036 0.038193
v -4.522556 2.187036 -0.051634
v -4.522082 2.190599 0.006721
v -4.546891 2.187036 -0.038193
v -4.571460 2.176378 -0.082673
v -4.574292 2.198279 -0.087799
v -4.548314 2.209259 -0.040768
v -4.549957 2.198279 -0.101241
v -4.575433 2.180099 -0.147362
v -4.547126 2.176378 -0.096116
v -4.571220 2.158731 -0.139736
v -4.605010 2.121439 -0.200907
v -4.606389 2.148891 -0.145907
v -4.609321 2.144399 -0.208712
v -4.637856 2.138838 -0.202875
v -4.654753 2.068940 -0.290963
v -4.599768 2.180099 -0.133921
v -4.682817 2.061163 -0.284273
v -4.694201 1.969450 -0.362379
v -4.638366 2.065870 -0.261296
v -4.667137 2.001146 -0.313383
v -4.699586 1.898398 -0.372129
v -4.674078 2.043330 -0.268452
v -4.701056 1.973829 -0.317293
v -4.726543 1.888155 -0.363435
v -4.721659 1.959733 -0.354593
v -4.752795 1.838537 -0.410961
v -4.726065 1.849828 -0.420065
v -4.749092 1.714738 -0.461753
v -4.720968 1.799379 -0.410838
v -4.735461 1.707016 -0.437076
v -4.745303 1.799379 -0.397397
v -4.761282 1.694955 -0.426326
v -4.774999 1.702313 -0.451158
v -4.787408 1.556354 -0.473625
v -4.762388 1.569426 -0.485825
v -4.765366 1.450497 -0.491216
v -4.748038 1.565950 -0.459845
v -4.750854 1.450497 -0.464945
v -4.773020 1.553262 -0.447577
v -4.774542 1.399983 -0.450332
v -4.789701 1.450497 -0.477775
v -4.788126 1.381052 -0.474924
v -4.763836 1.380574 -0.488447
v -4.729576 1.381115 -0.426422
v -4.753910 1.381115 -0.412980
v -4.749636 1.399917 -0.462738
v -4.730213 1.400828 -0.427545
v -4.754653 1.401181 -0.414326
v -4.641396 2.103209 -0.209284
v -4.497273 2.187036 0.051635
v -4.472703 2.176378 0.096116
v -4.469872 2.198279 0.101241
v -4.448369 2.176378 0.082674
v -4.415313 2.151073 0.142519
v -4.420062 2.180099 0.133921
v -4.445538 2.198279 0.087799
v -4.444396 2.180099 0.147363
v -4.419669 2.154892 0.192129
v -4.448609 2.158731 0.139736
v -4.425222 2.134263 0.182075
v -4.390738 2.084122 0.244505
v -4.387158 2.109880 0.250987
v -4.370168 2.090616 0.224249
v -4.329808 2.005280 0.297316
v -4.337013 2.061163 0.284273
v -4.381974 2.138838 0.202875
v -4.299900 1.964727 0.351462
v -4.344497 2.021976 0.328220
v -4.315210 1.934179 0.381241
v -4.350887 1.996755 0.316652
v -4.317621 1.888155 0.376877
v -4.295909 1.898398 0.358688
v -4.274527 1.799379 0.397397
v -4.255871 1.778058 0.431172
v -4.275231 1.874082 0.396123
v -4.291871 1.840831 0.423517
v -4.270061 1.708622 0.462980
v -4.298862 1.799379 0.410838
v -4.282882 1.694955 0.439767
v -4.260035 1.707016 0.423634
v -4.247458 1.565950 0.446404
v -4.232859 1.562934 0.472834
v -4.241652 1.671820 0.456913
v -4.257051 1.566204 0.486509
v -4.254464 1.450497 0.491217
v -4.230129 1.450497 0.477775
v -4.271143 1.553262 0.461019
v -4.269611 1.398047 0.463794
v -4.244641 1.450497 0.451503
v -4.245860 1.397961 0.449296
v -4.255638 1.397834 0.431594
v -4.234800 1.381551 0.469318
v -4.259246 1.381125 0.482530
v -4.264105 1.380810 0.416266
v -4.288439 1.380810 0.429707
v -4.265031 1.401469 0.414589
v -4.289046 1.400376 0.428609
v -4.517220 -0.847891 0.009853
v -4.510175 -0.850435 -0.023550
v -4.534488 -0.853572 -0.021389
v -4.504320 -0.854479 0.033208
v -4.493744 -0.848565 0.006197
v -4.509236 -0.865450 0.024308
v -4.521715 -0.861988 0.001716
v -4.535874 -0.870365 -0.023942
v -4.499610 -0.861579 -0.004427
v -4.513535 -0.867871 -0.029634
v -4.526378 -0.888603 -0.052915
v -4.520441 -0.859926 -0.042135
v -4.529480 -0.875130 -0.058500
v -4.548284 -0.873459 -0.046384
v -4.535467 -0.894817 -0.069338
v -4.554713 -0.893553 -0.058024
v -4.558274 -0.915615 -0.064470
v -4.548969 -0.899071 -0.047609
v -4.551853 -0.936275 -0.052872
v -4.531782 -0.916415 -0.062668
v -4.531997 -0.939306 -0.063057
v -4.538898 -0.917845 -0.075551
v -4.538587 -0.941094 -0.074988
v -4.558222 -0.939711 -0.064376
v -4.555256 -0.962145 -0.059007
v -4.535255 -0.964183 -0.068955
v -4.548741 -0.982120 -0.047212
v -4.547589 -0.962102 -0.045126
v -4.537611 -0.984943 -0.027086
v -4.527590 -0.963698 -0.055079
v -4.519006 -0.982747 -0.039537
v -4.528751 -0.983157 -0.057181
v -4.519778 -0.998525 -0.040935
v -4.540248 -0.997366 -0.031837
v -4.527760 -1.007483 -0.009227
v -4.507283 -1.007870 -0.018314
v -4.516340 -1.008935 0.011447
v -4.519869 -0.995524 0.005071
v -4.507735 -0.990389 0.027025
v -4.493624 -0.994165 0.006394
v -4.507550 -0.993551 -0.018799
v -4.489172 -1.006832 0.014460
v -4.469842 -0.980874 0.049515
v -4.501762 -1.000877 0.037858
v -4.480944 -0.982147 0.029370
v -4.472703 -0.963698 0.044288
v -4.497178 -0.976693 0.046158
v -4.489455 -0.951951 0.060119
v -4.488606 -0.977665 0.061655
v -4.481381 -0.946288 0.074744
v -4.461395 -0.941073 0.064757
v -4.481351 -0.913837 0.074790
v -4.487430 -0.920481 0.063794
v -4.492239 -0.893489 0.055079
v -4.468297 -0.939306 0.052266
v -4.485870 -0.887993 0.066610
v -4.468512 -0.916415 0.051877
v -4.472240 -0.895085 0.045125
v -4.481899 -0.872854 0.027636
v -4.474444 -0.866763 0.041138
v -4.463016 -0.902907 0.061768
v -4.494578 -0.866894 0.050844
v -4.499577 -0.876632 0.041795
vn -0.6714 0.4808 -0.5640
vn -0.3438 0.6667 -0.6613
vn -0.4044 0.4808 -0.7780
vn 0.2641 0.4808 -0.8361
vn 0.4794 0.6668 -0.5706
vn 0.5640 0.4808 -0.6714
vn 0.6613 0.6667 -0.3438
vn 0.7780 0.4808 -0.4044
vn 0.8735 0.4808 -0.0759
vn 0.7425 0.6668 -0.0645
vn 0.8361 0.4808 0.2641
vn 0.5706 0.6668 0.4794
vn 0.6714 0.4808 0.5640
vn 0.3438 0.6667 0.6613
vn 0.4044 0.4808 0.7780
vn 0.0759 0.4808 0.8735
vn 0.0645 0.6668 0.7425
vn -0.2641 0.4808 0.8361
vn -0.4794 0.6668 0.5706
vn -0.5640 0.4808 0.6714
vn -0.6613 0.6667 0.3438
vn -0.7780 0.4808 0.4044
vn -0.8735 0.4808 0.0759
vn -0.7425 0.6668 0.0645
vn -0.8361 0.4808 -0.2641
vn -0.5706 0.6668 -0.4794
vn -0.0821 0.3161 -0.9452
vn -0.4376 0.3161 -0.8418
vn -0.0759 0.4808 -0.8735
vn 0.4395 -0.7302 -0.5232
vn 0.4836 -0.8384 -0.2514
vn 0.3506 -0.8384 -0.4173
vn -0.0759 -0.4808 -0.8735
vn 0.2858 -0.3161 -0.9046
vn 0.2641 -0.4808 -0.8361
vn -0.0852 -0.1754 -0.9808
vn 0.2895 -0.2770 -0.9162
vn -0.0832 -0.2770 -0.9573
vn -0.0859 -0.1249 -0.9884
vn 0.2956 -0.1927 -0.9357
vn -0.0850 -0.1927 -0.9776
vn -0.0863 -0.0832 -0.9928
vn 0.3008 0.0545 -0.9521
vn 0.3002 -0.0832 -0.9502
vn -0.0863 0.0832 -0.9928
vn 0.2934 0.2269 -0.9287
vn 0.3002 0.0832 -0.9502
vn -0.0850 0.1927 -0.9776
vn 0.2900 0.2707 -0.9180
vn 0.2956 0.1927 -0.9357
vn -0.0796 0.3945 -0.9154
vn 0.2895 0.2770 -0.9162
vn -0.0832 0.2770 -0.9573
vn -0.5939 -0.6311 -0.4990
vn -0.3151 -0.7302 -0.6062
vn -0.5232 -0.7302 -0.4395
vn -0.0672 -0.6311 -0.7728
vn 0.2058 -0.7302 -0.6515
vn -0.0592 -0.7302 -0.6807
vn -0.4432 -0.2770 -0.8526
vn -0.0796 -0.3945 -0.9154
vn -0.4238 -0.3945 -0.8153
vn -0.4440 -0.2707 -0.8542
vn -0.0834 -0.2707 -0.9591
vn -0.4492 -0.2269 -0.8641
vn -0.0843 -0.2269 -0.9703
vn -0.4596 0.0832 -0.8842
vn -0.0865 -0.0545 -0.9948
vn -0.4606 -0.0545 -0.8860
vn -0.4576 0.1249 -0.8803
vn -0.0859 0.1249 -0.9884
vn -0.4432 0.2770 -0.8526
vn -0.0852 0.1754 -0.9808
vn -0.4541 0.1754 -0.8735
vn -0.7397 -0.6311 -0.2337
vn -0.6515 -0.7302 -0.2058
vn -0.9046 -0.3161 -0.2858
vn -0.6714 -0.4808 -0.5640
vn -0.8361 -0.4808 -0.2641
vn -0.9388 -0.1754 -0.2966
vn -0.7357 -0.2770 -0.6181
vn -0.9162 -0.2770 -0.2895
vn -0.9357 -0.1927 -0.2956
vn -0.7597 -0.1249 -0.6382
vn -0.7513 -0.1927 -0.6312
vn -0.9521 0.0545 -0.3008
vn -0.7630 -0.0832 -0.6410
vn -0.9502 -0.0832 -0.3002
vn -0.9287 0.2269 -0.2934
vn -0.7630 0.0832 -0.6410
vn -0.9502 0.0832 -0.3002
vn -0.9180 0.2707 -0.2900
vn -0.7513 0.1927 -0.6312
vn -0.9357 0.1927 -0.2956
vn -0.9162 0.2770 -0.2895
vn -0.7036 0.3945 -0.5910
vn -0.7357 0.2770 -0.6181
vn -0.7728 -0.6311 0.0672
vn -0.6807 -0.7302 0.0592
vn -0.8735 -0.4808 0.0759
vn -0.9808 -0.1754 0.0852
vn -0.9573 -0.2770 0.0832
vn -0.9884 -0.1249 0.0859
vn -0.9776 -0.1927 0.0850
vn -0.9928 -0.0832 0.0863
vn -0.9928 0.0832 0.0863
vn -0.9776 0.1927 0.0850
vn -0.9154 0.3945 0.0796
vn -0.9573 0.2770 0.0832
vn -0.6883 -0.6311 0.3578
vn -0.6062 -0.7302 0.3151
vn -0.8418 -0.3161 0.4376
vn -0.7780 -0.4808 0.4044
vn -0.8735 -0.1754 0.4541
vn -0.8526 -0.2770 0.4432
vn -0.8803 -0.1249 0.4576
vn -0.8706 -0.1927 0.4526
vn -0.8842 -0.0832 0.4596
vn -0.9948 0.0545 0.0865
vn -0.8641 0.2269 0.4492
vn -0.8842 0.0832 0.4596
vn -0.8542 0.2707 0.4440
vn -0.8706 0.1927 0.4526
vn -0.8153 0.3946 0.4238
vn -0.8526 0.2770 0.4432
vn -0.4990 -0.6311 0.5939
vn -0.4395 -0.7302 0.5232
vn -0.6102 -0.3161 0.7264
vn -0.5640 -0.4808 0.6714
vn -0.6333 -0.1754 0.7538
vn -0.6181 -0.2770 0.7357
vn -0.6312 -0.1927 0.7513
vn -0.6423 0.0545 0.7645
vn -0.6410 -0.0832 0.7630
vn -0.6410 0.0832 0.7630
vn -0.6312 0.1927 0.7513
vn -0.5910 0.3945 0.7036
vn -0.6181 0.2770 0.7357
vn -0.2337 -0.6311 0.7397
vn -0.2058 -0.7302 0.6515
vn -0.2858 -0.3161 0.9046
vn -0.2641 -0.4808 0.8361
vn -0.2966 -0.1754 0.9388
vn -0.2895 -0.2770 0.9162
vn -0.2956 -0.1927 0.9357
vn -0.6382 -0.1249 0.7597
vn -0.3008 0.0545 0.9521
vn -0.3002 -0.0832 0.9502
vn -0.2934 0.2269 0.9287
vn -0.3002 0.0832 0.9502
vn -0.2900 0.2707 0.9180
vn -0.2956 0.1927 0.9357
vn -0.2895 0.2770 0.9162
vn 0.0672 -0.6311 0.7728
vn 0.0592 -0.7302 0.6807
vn 0.0759 -0.4808 0.8735
vn 0.0852 -0.1754 0.9808
vn 0.0832 -0.2770 0.9573
vn 0.0859 -0.1249 0.9884
vn 0.0850 -0.1927 0.9776
vn 0.0863 -0.0832 0.9928
vn 0.0863 0.0832 0.9928
vn 0.0850 0.1927 0.9776
vn 0.0796 0.3945 0.9154
vn 0.0832 0.2770 0.9573
vn 0.3578 -0.6311 0.6883
vn 0.3151 -0.7302 0.6062
vn 0.4376 -0.3161 0.8418
vn 0.4044 -0.4808 0.7780
vn 0.4541 -0.1754 0.8735
vn 0.4432 -0.2770 0.8526
vn 0.4576 -0.1249 0.8803
vn 0.4526 -0.1927 0.8706
vn 0.4596 -0.0832 0.8842
vn 0.0865 0.0545 0.9948
vn 0.4492 0.2269 0.8641
vn 0.4596 0.0832 0.8842
vn 0.4440 0.2707 0.8542
vn 0.4526 0.1927 0.8706
vn 0.4238 0.3945 0.8153
vn 0.4432 0.2770 0.8526
vn 0.5939 -0.6311 0.4990
vn 0.5232 -0.7302 0.4395
vn 0.7264 -0.3161 0.6102
vn 0.6714 -0.4808 0.5640
vn 0.7538 -0.1754 0.6333
vn 0.7357 -0.2770 0.6181
vn 0.7513 -0.1927 0.6312
vn 0.7645 0.0545 0.6423
vn 0.7630 -0.0832 0.6410
vn 0.7630 0.0832 0.6410
vn 0.7513 0.1927 0.6312
vn 0.7036 0.3945 0.5910
vn 0.7357 0.2770 0.6181
vn 0.7397 -0.6311 0.2337
vn 0.6515 -0.7302 0.2058
vn 0.9046 -0.3161 0.2858
vn 0.8361 -0.4808 0.2641
vn 0.9388 -0.1754 0.2966
vn 0.9162 -0.2770 0.2895
vn 0.9357 -0.1927 0.2956
vn 0.7597 -0.1249 0.6382
vn 0.9521 0.0545 0.3008
vn 0.9502 -0.0832 0.3002
vn 0.9287 0.2269 0.2934
vn 0.9502 0.0832 0.3002
vn 0.9180 0.2707 0.2900
vn 0.9357 0.1927 0.2956
vn 0.9162 0.2770 0.2895
vn 0.7728 -0.6311 -0.0672
vn 0.6807 -0.7302 -0.0592
vn 0.8735 -0.4808 -0.0759
vn 0.9808 -0.1754 -0.0852
vn 0.9573 -0.2770 -0.0832
vn 0.9884 -0.1249 -0.0859
vn 0.9776 -0.1927 -0.0850
vn 0.9928 -0.0832 -0.0863
vn 0.9928 0.0832 -0.0863
vn 0.9776 0.1927 -0.0850
vn 0.9154 0.3945 -0.0796
vn 0.9573 0.2770 -0.0832
vn 0.6883 -0.6311 -0.3578
vn 0.6062 -0.7302 -0.3151
vn 0.8418 -0.3161 -0.4376
vn 0.7780 -0.4808 -0.4044
vn 0.8735 -0.1754 -0.4541
vn 0.8526 -0.2770 -0.4432
vn 0.8803 -0.1249 -0.4576
vn 0.8706 -0.1927 -0.4526
vn 0.8842 -0.0832 -0.4596
vn 0.9948 0.0545 -0.0865
vn 0.8641 0.2269 -0.4492
vn 0.8842 0.0832 -0.4596
vn 0.8542 0.2707 -0.4440
vn 0.8706 0.1927 -0.4526
vn 0.8153 0.3946 -0.4238
vn 0.8526 0.2770 -0.4432
vn 0.4990 -0.6311 -0.5939
vn 0.6102 -0.3161 -0.7264
vn 0.5640 -0.4808 -0.6714
vn 0.6333 -0.1754 -0.7538
vn 0.6181 -0.2770 -0.7357
vn 0.6312 -0.1927 -0.7513
vn 0.6423 0.0545 -0.7645
vn 0.6410 -0.0832 -0.7630
vn 0.6410 0.0832 -0.7630
vn 0.6312 0.1927 -0.7513
vn 0.5910 0.3945 -0.7036
vn 0.6181 0.2770 -0.7357
vn -0.3438 -0.6667 -0.6613
vn -0.0645 -0.6668 -0.7425
vn 0.2966 -0.1754 -0.9388
vn 0.6382 -0.1249 -0.7597
vn 0.2337 -0.6311 -0.7397
vn -0.7264 -0.3161 -0.6102
vn -0.4044 -0.4808 -0.7780
vn -0.7538 -0.1754 -0.6333
vn -0.4576 -0.1249 -0.8803
vn -0.4526 -0.1927 -0.8706
vn -0.7645 0.0545 -0.6423
vn -0.4596 -0.0832 -0.8842
vn -0.7457 0.2269 -0.6265
vn -0.4440 0.2707 -0.8542
vn -0.4526 0.1927 -0.8706
vn -0.5232 0.7302 -0.4395
vn -0.3578 0.6311 -0.6883
vn -0.5939 0.6311 -0.4990
vn -0.5453 0.8369 0.0474
vn -0.4455 0.8648 0.2316
vn -0.5002 0.8648 0.0435
vn -0.6807 0.7302 0.0592
vn -0.4836 0.8384 0.2514
vn -0.5430 0.8384 0.0472
vn 0.3521 0.8369 -0.4191
vn 0.4455 0.8648 -0.2316
vn 0.4857 0.8369 -0.2525
vn 0.4395 0.7302 -0.5232
vn 0.4836 0.8384 -0.2514
vn 0.6062 0.7302 -0.3151
vn 0.4191 0.8369 0.3521
vn 0.2316 0.8648 0.4455
vn 0.2525 0.8369 0.4857
vn 0.5232 0.7302 0.4395
vn 0.2514 0.8384 0.4836
vn 0.3151 0.7302 0.6062
vn -0.3521 0.8369 0.4191
vn -0.4857 0.8369 0.2525
vn -0.4395 0.7302 0.5232
vn -0.6062 0.7302 0.3151
vn 0.1649 0.8369 -0.5220
vn 0.3229 0.8648 -0.3844
vn 0.1642 0.8384 -0.5197
vn 0.3506 0.8384 -0.4173
vn -0.4191 0.8369 -0.3521
vn -0.2316 0.8648 -0.4455
vn -0.2525 0.8369 -0.4857
vn -0.2514 0.8384 -0.4836
vn -0.3151 0.7302 -0.6062
vn 0.5220 0.8369 0.1649
vn 0.3844 0.8648 0.3229
vn 0.5197 0.8384 0.1642
vn 0.4173 0.8384 0.3506
vn -0.1513 0.8648 0.4787
vn -0.3229 0.8648 0.3844
vn -0.0494 0.8212 -0.5685
vn -0.0474 0.8369 -0.5453
vn -0.0435 0.8648 -0.5002
vn 0.1513 0.8648 -0.4787
vn -0.5685 0.8212 0.0494
vn -0.5220 0.8369 -0.1649
vn -0.5441 0.8212 -0.1719
vn -0.4787 0.8648 -0.1513
vn -0.3844 0.8648 -0.3229
vn 0.5685 0.8212 -0.0494
vn 0.5453 0.8369 -0.0474
vn 0.5002 0.8648 -0.0435
vn 0.4787 0.8648 0.1513
vn 0.0494 0.8212 0.5685
vn 0.0474 0.8369 0.5453
vn -0.1649 0.8369 0.5220
vn -0.1642 0.8384 0.5197
vn -0.3506 0.8384 0.4173
vn -0.0592 0.7302 -0.6807
vn 0.2058 0.7302 -0.6515
vn -0.6515 0.7302 -0.2058
vn -0.4173 0.8384 -0.3506
vn 0.6807 0.7302 -0.0592
vn 0.6515 0.7302 0.2058
vn 0.0435 0.8648 0.5002
vn -0.1719 -0.8212 0.5441
vn 0.0474 -0.8369 0.5453
vn 0.0494 -0.8212 0.5685
vn 0.2316 -0.8648 0.4455
vn 0.2525 -0.8369 0.4857
vn -0.5685 -0.8212 0.0494
vn -0.5220 -0.8369 -0.1649
vn -0.5453 -0.8369 0.0474
vn -0.4455 -0.8648 0.2316
vn -0.4857 -0.8369 0.2525
vn 0.5685 -0.8212 -0.0494
vn 0.4857 -0.8369 -0.2525
vn 0.5063 -0.8212 -0.2632
vn 0.3521 -0.8369 -0.4191
vn 0.4455 -0.8648 -0.2316
vn 0.3229 -0.8648 -0.3844
vn 0.2514 -0.8384 0.4836
vn 0.4173 -0.8384 0.3506
vn 0.4191 -0.8369 0.3521
vn 0.3844 -0.8648 0.3229
vn -0.4836 -0.8384 0.2514
vn -0.3506 -0.8384 0.4173
vn -0.3521 -0.8369 0.4191
vn -0.3229 -0.8648 0.3844
vn 0.1642 -0.8384 -0.5197
vn 0.1513 -0.8648 -0.4787
vn 0.1649 -0.8369 -0.5220
vn -0.0494 -0.8212 -0.5685
vn -0.2525 -0.8369 -0.4857
vn -0.2632 -0.8212 -0.5063
vn -0.3844 -0.8648 -0.3229
vn -0.4191 -0.8369 -0.3521
vn 0.5197 -0.8384 0.1642
vn 0.5220 -0.8369 0.1649
vn 0.4787 -0.8648 0.1513
vn -0.1642 -0.8384 0.5197
vn -0.1513 -0.8648 0.4787
vn -0.1649 -0.8369 0.5220
vn -0.0472 -0.8384 -0.5430
vn -0.0435 -0.8648 -0.5002
vn -0.0474 -0.8369 -0.5453
vn -0.5197 -0.8384 -0.1642
vn -0.4787 -0.8648 -0.1513
vn 0.5430 -0.8384 -0.0472
vn 0.5453 -0.8369 -0.0474
vn 0.5002 -0.8648 -0.0435
vn 0.0435 -0.8648 0.5002
vn -0.2316 -0.8648 -0.4455
vn -0.2514 -0.8384 -0.4836
vn -0.4173 -0.8384 -0.3506
vn -0.5002 -0.8648 0.0435
vn -0.1719 0.8212 0.5441
vn 0.5441 0.8212 0.1719
vn -0.4369 0.8212 -0.3671
vn 0.1719 0.8212 -0.5441
vn 0.0592 0.7302 0.6807
vn 0.0472 0.8384 0.5430
vn 0.5430 0.8384 -0.0472
vn -0.5197 0.8384 -0.1642
vn -0.0472 0.8384 -0.5430
vn -0.3671 0.8212 0.4369
vn 0.4369 0.8212 0.3671
vn -0.2632 0.8212 -0.5063
vn 0.3671 0.8212 -0.4369
vn -0.5063 0.8212 0.2632
vn 0.2632 0.8212 0.5063
vn 0.5063 0.8212 -0.2632
vn -0.0645 0.6668 -0.7425
vn -0.7397 0.6311 -0.2337
vn -0.7728 0.6311 0.0672
vn -0.6883 0.6311 0.3578
vn -0.4990 0.6311 0.5939
vn -0.2058 0.7302 0.6515
vn -0.2337 0.6311 0.7397
vn 0.0672 0.6311 0.7728
vn 0.3578 0.6311 0.6883
vn 0.5939 0.6311 0.4990
vn 0.7397 0.6311 0.2337
vn 0.7728 0.6311 -0.0672
vn 0.6883 0.6311 -0.3578
vn 0.4990 0.6311 -0.5939
vn 0.2337 0.6311 -0.7397
vn -0.0672 0.6311 -0.7728
vn -0.7264 0.3161 -0.6102
vn 0.2858 0.3161 -0.9046
vn 0.6102 0.3161 -0.7264
vn 0.8418 0.3161 -0.4376
vn 0.9452 0.3161 -0.0821
vn 0.9046 0.3161 0.2858
vn 0.7264 0.3161 0.6102
vn 0.4376 0.3161 0.8418
vn 0.0821 0.3161 0.9452
vn -0.2858 0.3161 0.9046
vn -0.6102 0.3161 0.7264
vn -0.8418 0.3161 0.4376
vn -0.9452 0.3161 0.0821
vn -0.9046 0.3161 -0.2858
vn -0.4238 0.3945 -0.8153
vn -0.7538 0.1754 -0.6333
vn 0.2966 0.1754 -0.9388
vn 0.6333 0.1754 -0.7538
vn 0.8735 0.1754 -0.4541
vn 0.9808 0.1754 -0.0852
vn 0.9388 0.1754 0.2966
vn 0.7538 0.1754 0.6333
vn 0.4541 0.1754 0.8735
vn 0.0852 0.1754 0.9808
vn -0.2966 0.1754 0.9388
vn -0.6333 0.1754 0.7538
vn -0.8735 0.1754 0.4541
vn -0.9808 0.1754 0.0852
vn -0.9388 0.1754 -0.2966
vn -0.7597 0.1249 -0.6382
vn 0.2989 0.1248 -0.9461
vn 0.6382 0.1249 -0.7597
vn 0.8803 0.1249 -0.4576
vn 0.9884 0.1249 -0.0859
vn 0.9461 0.1248 0.2989
vn 0.7597 0.1249 0.6382
vn 0.4576 0.1249 0.8803
vn 0.0859 0.1249 0.9884
vn -0.2989 0.1248 0.9461
vn -0.6382 0.1249 0.7597
vn -0.8803 0.1249 0.4576
vn -0.9884 0.1249 0.0859
vn -0.9461 0.1248 -0.2989
vn -0.4492 0.2269 -0.8641
vn -0.7645 -0.0545 -0.6423
vn 0.3008 -0.0545 -0.9521
vn 0.6423 -0.0545 -0.7645
vn 0.8860 -0.0545 -0.4606
vn 0.9948 -0.0545 -0.0865
vn 0.9521 -0.0545 0.3008
vn 0.7645 -0.0545 0.6423
vn 0.4606 -0.0545 0.8860
vn 0.0865 -0.0545 0.9948
vn -0.3008 -0.0545 0.9521
vn -0.6423 -0.0545 0.7645
vn -0.8860 -0.0545 0.4606
vn -0.9948 -0.0545 0.0865
vn -0.9521 -0.0545 -0.3008
vn -0.0865 0.0545 -0.9948
vn -0.7457 -0.2269 -0.6265
vn 0.2934 -0.2269 -0.9287
vn 0.6265 -0.2269 -0.7457
vn 0.8641 -0.2269 -0.4492
vn 0.9703 -0.2269 -0.0843
vn 0.9287 -0.2269 0.2934
vn 0.7457 -0.2269 0.6265
vn 0.4492 -0.2269 0.8641
vn 0.0843 -0.2269 0.9703
vn -0.2934 -0.2269 0.9287
vn -0.6265 -0.2269 0.7457
vn -0.8641 -0.2269 0.4492
vn -0.9703 -0.2269 0.0843
vn -0.9287 -0.2269 -0.2934
vn -0.7371 -0.2707 -0.6192
vn 0.2900 -0.2707 -0.9180
vn 0.6192 -0.2707 -0.7371
vn 0.8542 -0.2707 -0.4440
vn 0.9591 -0.2707 -0.0834
vn 0.9180 -0.2707 0.2900
vn 0.7371 -0.2707 0.6192
vn 0.4440 -0.2707 0.8542
vn 0.0834 -0.2707 0.9591
vn -0.2900 -0.2707 0.9180
vn -0.6192 -0.2707 0.7371
vn -0.8542 -0.2707 0.4440
vn -0.9591 -0.2707 0.0834
vn -0.9180 -0.2707 -0.2900
vn -0.4541 -0.1754 -0.8735
vn -0.7036 -0.3945 -0.5910
vn 0.2768 -0.3946 -0.8762
vn 0.5910 -0.3945 -0.7036
vn 0.8153 -0.3946 -0.4238
vn 0.9154 -0.3945 -0.0796
vn 0.8762 -0.3946 0.2768
vn 0.7036 -0.3945 0.5910
vn 0.4238 -0.3945 0.8153
vn 0.0796 -0.3945 0.9154
vn -0.2768 -0.3946 0.8762
vn -0.5910 -0.3945 0.7036
vn -0.8153 -0.3946 0.4238
vn -0.9154 -0.3945 0.0796
vn -0.8762 -0.3946 -0.2768
vn -0.4376 -0.3161 -0.8418
vn 0.2245 -0.6667 -0.7107
vn -0.3578 -0.6311 -0.6883
vn 0.4794 -0.6668 -0.5706
vn 0.6613 -0.6667 -0.3438
vn 0.7425 -0.6668 -0.0645
vn 0.7107 -0.6667 0.2245
vn 0.5706 -0.6668 0.4794
vn 0.3438 -0.6667 0.6613
vn 0.0645 -0.6668 0.7425
vn -0.2245 -0.6667 0.7107
vn -0.4794 -0.6668 0.5706
vn -0.6613 -0.6667 0.3438
vn -0.7425 -0.6668 0.0645
vn -0.7107 -0.6667 -0.2245
vn -0.5706 -0.6668 -0.4794
vn 0.3671 -0.8212 -0.4369
vn -0.5063 -0.8212 0.2632
vn -0.4369 -0.8212 -0.3671
vn 0.2632 -0.8212 0.5063
vn -0.5441 -0.8212 -0.1719
vn -0.3671 -0.8212 0.4369
vn 0.4369 -0.8212 0.3671
vn 0.5441 -0.8212 0.1719
vn 0.1719 -0.8212 -0.5441
vn -0.5430 -0.8384 0.0472
vn 0.0472 -0.8384 0.5430
vn -0.7107 0.6667 -0.2245
vn -0.2245 0.6667 0.7107
vn 0.7107 0.6667 0.2245
vn 0.2245 0.6667 -0.7107
vn 0.2768 0.3946 -0.8762
vn 0.8762 0.3946 0.2768
vn -0.2768 0.3946 0.8762
vn -0.8762 0.3946 -0.2768
vn -0.0834 0.2707 -0.9591
vn 0.6192 0.2707 -0.7371
vn 0.9591 0.2707 -0.0834
vn 0.7371 0.2707 0.6192
vn 0.0834 0.2707 0.9591
vn -0.6192 0.2707 0.7371
vn -0.9591 0.2707 0.0834
vn -0.7371 0.2707 -0.6192
vn -0.0843 0.2269 -0.9703
vn 0.6265 0.2269 -0.7457
vn 0.9703 0.2269 -0.0843
vn 0.7457 0.2269 0.6265
vn 0.0843 0.2269 0.9703
vn -0.6265 0.2269 0.7457
vn -0.9703 0.2269 0.0843
vn -0.4606 0.0545 -0.8860
vn 0.8860 0.0545 -0.4606
vn 0.4606 0.0545 0.8860
vn -0.8860 0.0545 0.4606
vn 0.2989 -0.1248 -0.9461
vn 0.9461 -0.1248 0.2989
vn -0.2989 -0.1248 0.9461
vn -0.9461 -0.1248 -0.2989
vn -0.0821 -0.3161 -0.9452
vn 0.9452 -0.3161 -0.0821
vn 0.0821 -0.3161 0.9452
vn -0.9452 -0.3161 0.0821
vn 0.8873 -0.0000 -0.4612
vn 0.9962 -0.0000 -0.0866
vn 0.0866 -0.0000 0.9962
vn 0.4612 -0.0000 0.8873
vn -0.0000 1.0000 -0.0000
vn -0.0000 -1.0000 -0.0000
vn -0.9962 -0.0000 0.0866
vn -0.9535 -0.0000 -0.3013
vn -0.4612 -0.0000 -0.8873
vn -0.0866 -0.0000 -0.9962
vn -0.3013 -0.0000 0.9535
vn 0.9535 -0.0000 0.3013
vn -0.7657 -0.0000 -0.6432
vn 0.3013 -0.0000 -0.9535
vn -0.6432 -0.0000 0.7657
vn 0.7657 -0.0000 0.6432
vn 0.6432 -0.0000 -0.7657
vn -0.8873 -0.0000 0.4612
vn 0.1190 0.9910 -0.0619
vn -0.1190 0.9910 0.0619
vn 0.1221 -0.9905 -0.0635
vn -0.1221 -0.9905 0.0635
vn -0.2396 -0.9618 0.1322
vn 0.2340 0.9646 -0.1217
vn 0.3469 0.9204 -0.1803
vn -0.2397 -0.9628 0.1246
vn -0.3375 -0.9233 0.1836
vn -0.4064 -0.8929 0.1937
vn -0.4739 -0.8368 0.2743
vn 0.3463 0.9199 -0.1839
vn 0.4682 0.8492 -0.2444
vn 0.5059 0.8236 -0.2564
vn 0.6139 0.7207 -0.3221
vn 0.6465 0.6869 -0.3320
vn 0.7262 0.5720 -0.3814
vn -0.7449 -0.5624 0.3589
vn -0.7775 -0.4837 0.4019
vn -0.6921 -0.6169 0.3747
vn -0.6577 -0.6862 0.3109
vn -0.5970 -0.7376 0.3156
vn -0.7939 -0.4516 0.4072
vn 0.7514 0.5351 -0.3860
vn 0.8029 0.4210 -0.4220
vn 0.8217 0.3829 -0.4222
vn 0.8516 0.2725 -0.4478
vn -0.8286 -0.3544 0.4333
vn -0.8557 -0.2587 0.4481
vn -0.8304 -0.3557 0.4289
vn -0.8672 -0.2250 0.4443
vn 0.8648 0.2340 -0.4443
vn 0.8767 0.1306 -0.4629
vn 0.8849 0.0950 -0.4559
vn 0.8883 0.0003 -0.4593
vn -0.8817 -0.0911 0.4629
vn -0.8603 -0.0117 0.5097
vn -0.8775 -0.1269 0.4626
vn -0.8877 0.0273 0.4597
vn 0.8870 -0.0004 -0.4617
vn 0.8849 -0.0464 -0.4635
vn 0.8844 -0.0468 -0.4644
vn 0.4610 -0.0003 0.8874
vn -0.0083 -0.9999 -0.0105
vn -0.0072 -1.0000 -0.0008
vn -0.0087 -0.9999 -0.0148
vn 0.4612 0.0005 0.8873
vn 0.4612 0.0008 0.8873
vn -0.0068 -1.0000 0.0035
vn 0.0256 0.9997 -0.0053
vn 0.0280 0.9996 -0.0040
vn 0.0216 0.9997 -0.0075
vn -0.8872 0.0720 0.4558
vn -0.8866 0.0697 0.4573
vn -0.8883 0.0764 0.4529
vn 0.0318 0.9995 -0.0019
vn -0.8854 0.0653 0.4603
vn -0.9049 0.0497 0.4227
vn -0.5462 -0.7913 0.2750
vn 0.2457 -0.9609 -0.1277
vn 0.2423 -0.9613 -0.1308
vn 0.3910 -0.8985 -0.1997
vn -0.3415 0.9230 0.1775
vn -0.3410 0.9216 0.1855
vn -0.2340 0.9646 0.1216
vn -0.2340 0.9646 0.1217
vn -0.4211 0.8758 0.2358
vn 0.3239 -0.9290 -0.1789
vn 0.4514 -0.8490 -0.2747
vn 0.5543 -0.7776 -0.2968
vn 0.5869 -0.7475 -0.3110
vn 0.6851 -0.6370 -0.3534
vn -0.5371 0.7708 0.3426
vn -0.6546 0.7020 0.2804
vn -0.4948 0.8348 0.2414
vn -0.6657 0.6296 0.4005
vn -0.7476 0.5585 0.3594
vn -0.7617 0.5034 0.4080
vn 0.7068 -0.6023 -0.3710
vn 0.7758 -0.4897 -0.3978
vn 0.7883 -0.4560 -0.4130
vn -0.4611 -0.0000 -0.8874
vn 0.8281 -0.3557 -0.4333
vn -0.8036 0.3927 0.4471
vn -0.8630 0.3237 0.3880
vn -0.7965 0.4482 0.4058
vn -0.4610 -0.0001 -0.8874
vn -0.4610 -0.0002 -0.8874
vn -0.8479 0.2570 0.4637
vn 0.8307 -0.3544 -0.4293
vn 0.8584 -0.2587 -0.4430
vn 0.8618 -0.2250 -0.4545
vn -0.4613 -0.0000 -0.8873
vn 0.8827 -0.1269 -0.4524
vn -0.8745 0.1132 0.4717
vn -0.8722 0.1034 0.4781
vn -0.8795 0.2003 0.4316
vn -0.4615 0.0001 -0.8871
vn -0.4613 -0.0000 -0.8872
vn -0.8858 -0.0461 0.4618
vn -0.8867 -0.0467 0.4600
vn 0.8854 -0.0911 -0.4557
vn 0.9118 -0.0123 -0.4105
vn 0.8855 0.0268 -0.4640
vn -0.4614 -0.0006 -0.8872
vn 0.8655 0.0479 -0.4986
vn -0.0135 0.9990 0.0436
vn 0.0069 1.0000 -0.0004
vn -0.0646 0.9969 0.0460
vn -0.8808 -0.1408 0.4520
vn -0.8815 -0.1415 0.4504
vn -0.0040 -0.9999 0.0146
vn -0.0044 -1.0000 0.0070
vn -0.0038 -0.9998 0.0191
vn 0.8787 -0.0812 -0.4705
vn 0.8855 -0.0640 -0.4603
vn 0.8810 -0.0755 -0.4671
vn -0.0046 -1.0000 0.0024
vn 0.8741 -0.0923 -0.4769
vn -0.0869 0.9940 0.0659
vn -0.4615 -0.0003 -0.8871
vn -0.4614 -0.0001 -0.8872
vn -0.1789 0.9824 0.0544
vn -0.4614 -0.0000 -0.8872
vn -0.0419 0.9991 -0.0000
vn -0.1431 0.9840 0.1066
vn 0.2029 0.9737 -0.1033
vn 0.3220 0.9254 -0.2000
vn -0.4614 -0.0011 -0.8872
vn -0.4614 -0.0003 -0.8872
vn -0.4613 -0.0001 -0.8872
vn -0.3382 0.9182 0.2061
vn -0.4616 -0.0010 -0.8871
vn -0.0637 -0.9965 0.0545
vn -0.4473 -0.8592 0.2483
vn -0.3749 -0.9121 0.1660
vn 0.2686 -0.9503 -0.1573
vn 0.0127 -0.9993 -0.0364
vn 0.4613 -0.0000 0.8873
vn 0.4612 0.0001 0.8873
vn 0.4613 0.0001 0.8873
vn -0.6979 -0.6137 0.3692
vn 0.4617 0.0007 0.8871
vn 0.4618 0.0006 0.8870
vn 0.6319 0.6923 -0.3485
vn 0.4737 0.8447 -0.2492
vn 0.6689 0.6599 -0.3422
vn 0.7955 0.4371 -0.4197
vn 0.4618 -0.0000 0.8870
vn 0.8086 0.4179 -0.4141
vn -0.4608 0.0003 -0.8875
vn -0.4610 0.0001 -0.8874
vn -0.4615 -0.0000 -0.8871
vn 0.8733 0.1621 -0.4594
vn -0.8688 -0.1841 0.4597
vn -0.7837 -0.4313 0.4470
vn -0.8719 0.1021 0.4790
vn -0.4618 -0.0000 -0.8870
vn 0.4614 -0.0001 0.8872
vn -0.8800 0.1762 0.4411
vn 0.8818 0.1313 -0.4529
vn 0.8764 -0.1362 -0.4618
vn 0.8788 -0.1572 -0.4506
vn -0.4621 0.0001 -0.8868
vn 0.8056 -0.4134 -0.4243
vn -0.4614 0.0003 -0.8872
vn 0.7983 -0.4416 -0.4096
vn 0.6612 -0.6636 -0.3499
vn -0.4616 0.0001 -0.8871
vn -0.4613 0.0002 -0.8872
vn -0.4784 0.8385 0.2610
vn -0.7536 0.5305 0.3882
vn -0.7626 0.5050 0.4042
vn -0.4615 0.0005 -0.8871
vn -0.5425 0.8018 0.2504
vn 0.6536 -0.6794 -0.3336
vn 0.4601 -0.8533 -0.2454
vn 0.4404 -0.8696 -0.2231
vn -0.4616 0.0008 -0.8871
vn 0.1896 -0.9763 -0.1048
vn 0.1634 -0.9847 -0.0598
vn -0.0662 -0.9971 0.0367
vn -0.4613 -0.0002 -0.8873
vn -0.4612 -0.0003 -0.8873
vn -0.0146 0.9992 0.0367
vn -0.2032 0.9724 0.1148
vn 0.3436 0.9252 -0.1614
vn 0.1732 0.9781 -0.1151
vn -0.4609 0.0002 -0.8874
vn 0.4613 -0.0000 0.8872
vn 0.4613 -0.0003 0.8872
vn 0.4610 -0.0002 0.8874
vn -0.2382 -0.9589 0.1544
vn -0.4177 -0.8755 0.2429
vn 0.4604 -0.0005 0.8877
vn 0.4603 -0.0009 0.8877
vn -0.6762 -0.6401 0.3647
vn 0.5060 0.8119 -0.2911
vn 0.6295 0.7141 -0.3063
vn 0.7496 0.5251 -0.4029
vn 0.4605 -0.0009 0.8877
vn 0.8450 0.3468 -0.4071
vn -0.4616 -0.0001 -0.8871
vn -0.4610 0.0002 -0.8874
vn -0.7281 -0.5919 0.3457
vn -0.4611 -0.0000 -0.8873
vn -0.8588 -0.2404 0.4525
vn -0.8644 -0.1563 0.4778
vn -0.8761 0.1593 0.4551
vn -0.4615 0.0001 -0.8872
vn -0.4614 0.0001 -0.8872
vn -0.4613 0.0001 -0.8873
vn -0.4612 0.0001 -0.8873
vn 0.8855 -0.1228 -0.4481
vn 0.7547 -0.5251 -0.3933
vn 0.7644 -0.5067 -0.3986
vn 0.8728 0.1643 -0.4596
vn 0.8599 -0.2013 -0.4692
vn 0.4624 -0.0006 0.8866
vn 0.4624 -0.0003 0.8867
vn 0.4627 -0.0006 0.8865
vn 0.4843 -0.8312 -0.2731
vn 0.4611 0.0001 0.8873
vn 0.4614 0.0001 0.8872
vn 0.4614 -0.0003 0.8872
vn -0.8230 0.3192 0.4698
vn -0.7508 0.5116 0.4178
vn -0.5664 0.7574 0.3250
vn -0.5928 0.7614 0.2626
vn 0.5792 -0.7656 -0.2800
vn 0.4614 -0.0000 0.8872
vn -0.6970 -0.1326 0.7047
vn -0.6847 0.0076 0.7288
vn -0.6729 0.1518 0.7240
vn 0.0322 0.1947 0.9803
vn -0.0001 -0.0003 1.0000
vn 0.0632 0.3816 0.9222
vn 0.0314 0.1950 0.9803
vn 0.0615 0.3819 0.9222
vn 0.0529 0.3810 0.9231
vn 0.0769 0.5529 0.8297
vn 0.0891 0.5532 0.8282
vn 0.0654 0.5543 0.8297
vn 0.0831 0.7046 0.7047
vn 0.0979 0.7030 0.7044
vn 0.0783 0.7047 0.7052
vn 0.0920 0.8278 0.5534
vn 0.0975 0.8275 0.5530
vn 0.0818 0.8286 0.5539
vn 0.0908 0.9200 0.3813
vn 0.1022 0.9190 0.3809
vn 0.0779 0.9210 0.3817
vn 0.0827 0.9774 0.1945
vn 0.0964 0.9762 0.1943
vn 0.0669 0.9786 0.1948
vn 0.0682 0.9977 -0.0000
vn 0.0843 0.9964 -0.0000
vn 0.0508 0.9987 -0.0000
vn 0.0669 0.9786 -0.1948
vn 0.0827 0.9774 -0.1945
vn 0.0779 0.9210 -0.3817
vn 0.0964 0.9762 -0.1943
vn 0.0908 0.9200 -0.3813
vn 0.0818 0.8286 -0.5539
vn 0.1022 0.9190 -0.3808
vn 0.0920 0.8278 -0.5534
vn 0.0783 0.7047 -0.7052
vn 0.0975 0.8275 -0.5530
vn 0.0831 0.7046 -0.7047
vn 0.0653 0.5543 -0.8297
vn 0.0979 0.7030 -0.7044
vn 0.0770 0.5530 -0.8296
vn 0.0529 0.3810 -0.9231
vn 0.0890 0.5532 -0.8283
vn 0.0615 0.3819 -0.9222
vn 0.0314 0.1949 -0.9803
vn 0.0632 0.3816 -0.9222
vn 0.0322 0.1947 -0.9803
vn -0.6729 0.1518 -0.7240
vn -0.6850 0.0076 -0.7285
vn -0.0001 -0.0003 -1.0000
vn -0.7188 -0.3812 -0.5815
vn -0.6972 -0.1324 -0.7046
vn -0.7081 -0.2638 -0.6550
vn -0.0633 -0.3820 -0.9220
vn -0.0917 -0.5533 -0.8279
vn -0.7277 -0.4813 -0.4887
vn -0.7348 -0.5618 -0.3800
vn -0.7404 -0.6200 -0.2598
vn -0.7436 -0.6556 -0.1319
vn -0.0324 -0.1952 -0.9802
vn -0.0314 -0.1950 -0.9803
vn -0.0615 -0.3819 -0.9221
vn -0.0004 -0.0013 -1.0000
vn -0.0275 -0.1962 -0.9802
vn -0.0000 -0.0000 -1.0000
vn 0.0230 0.1950 -0.9805
vn 0.0268 0.1937 -0.9807
vn 0.0424 0.3819 -0.9232
vn 0.0216 0.1946 -0.9806
vn 0.0451 0.3822 -0.9230
vn 0.0547 0.5544 -0.8304
vn 0.0377 0.3821 -0.9234
vn 0.0616 0.5542 -0.8301
vn 0.0596 0.7056 -0.7061
vn 0.0469 0.5546 -0.8308
vn 0.0696 0.7052 -0.7056
vn 0.0568 0.8300 -0.5549
vn 0.0483 0.7060 -0.7065
vn 0.0701 0.8292 -0.5545
vn 0.0469 0.9228 -0.3825
vn 0.0422 0.8305 -0.5554
vn 0.0631 0.9220 -0.3821
vn 0.0201 0.9805 -0.1953
vn 0.0190 0.9235 -0.3831
vn 0.0498 0.9795 -0.1950
vn -0.0206 0.9998 -0.0000
vn -0.0202 0.9805 -0.1953
vn -0.0190 0.9235 -0.3831
vn 0.0206 0.9998 -0.0000
vn -0.0498 0.9795 0.1950
vn -0.0508 0.9987 -0.0000
vn -0.0498 0.9795 -0.1950
vn -0.0202 0.9805 0.1953
vn -0.0631 0.9220 0.3821
vn -0.0669 0.9786 0.1948
vn -0.0469 0.9228 0.3825
vn -0.0701 0.8292 0.5545
vn -0.0779 0.9210 0.3817
vn -0.0568 0.8300 0.5549
vn -0.0696 0.7052 0.7056
vn -0.0818 0.8286 0.5539
vn -0.0596 0.7055 0.7061
vn -0.0616 0.5542 0.8301
vn -0.0783 0.7047 0.7052
vn -0.0547 0.5545 0.8304
vn -0.0451 0.3823 0.9230
vn -0.0653 0.5543 0.8297
vn -0.0424 0.3820 0.9232
vn -0.0268 0.1937 0.9807
vn -0.0530 0.3810 0.9231
vn -0.0230 0.1950 0.9805
vn -0.0000 -0.0000 1.0000
vn -0.0314 0.1949 0.9803
vn 0.0004 -0.0013 1.0000
vn 0.0314 -0.1950 0.9803
vn 0.0324 -0.1952 0.9802
vn 0.0001 -0.0003 1.0000
vn 0.7084 -0.2638 0.6547
vn 0.6972 -0.1325 0.7045
vn 0.0633 -0.3820 0.9220
vn 0.7186 -0.3813 0.5815
vn 0.7403 -0.6201 0.2598
vn 0.6850 0.0076 0.7285
vn 0.6612 0.2938 0.6903
vn 0.6730 0.1517 0.7239
vn 0.7438 -0.6553 0.1319
vn 0.7446 -0.6675 -0.0000
vn 0.1513 -0.9133 0.3783
vn 0.7279 -0.4810 0.4886
vn 0.7348 -0.5619 0.3799
vn 0.1365 -0.8237 0.5504
vn 0.7403 -0.6201 -0.2598
vn 0.7277 -0.4814 -0.4886
vn 0.7084 -0.2637 -0.6546
vn 0.6273 0.7207 -0.2952
vn 0.6235 0.7671 -0.1510
vn 0.6227 0.7825 -0.0001
vn -0.1604 0.9681 -0.1927
vn 0.6407 0.5471 -0.5387
vn 0.6334 0.6458 -0.4263
vn -0.1513 0.9132 -0.3784
vn 0.6850 0.0077 -0.7285
vn 0.6612 0.2937 -0.6903
vn 0.6504 0.4273 -0.6280
vn 0.6237 0.7669 0.1510
vn 0.6273 0.7207 0.2952
vn 0.6728 0.1518 -0.7240
vn -0.0322 0.1947 -0.9803
vn 0.6969 -0.1327 -0.7048
vn 0.0001 -0.0003 -1.0000
vn -0.0632 0.3816 -0.9222
vn -0.0314 0.1949 -0.9803
vn -0.0615 0.3819 -0.9222
vn -0.0891 0.5533 -0.8282
vn -0.0529 0.3810 -0.9231
vn -0.0769 0.5529 -0.8297
vn -0.0979 0.7030 -0.7044
vn -0.0653 0.5543 -0.8297
vn -0.0831 0.7046 -0.7047
vn -0.0976 0.8274 -0.5530
vn -0.0783 0.7047 -0.7052
vn -0.0920 0.8278 -0.5534
vn -0.1022 0.9190 -0.3809
vn -0.0818 0.8286 -0.5539
vn -0.0908 0.9200 -0.3813
vn -0.0964 0.9762 -0.1943
vn -0.0779 0.9210 -0.3817
vn -0.0827 0.9774 -0.1945
vn -0.0843 0.9964 -0.0000
vn -0.0669 0.9786 -0.1948
vn -0.0682 0.9977 -0.0000
vn -0.0827 0.9774 0.1945
vn -0.0908 0.9200 0.3812
vn -0.0964 0.9762 0.1943
vn -0.0920 0.8278 0.5534
vn -0.1021 0.9190 0.3809
vn -0.0830 0.7046 0.7047
vn -0.0975 0.8275 0.5530
vn -0.0770 0.5530 0.8296
vn -0.0979 0.7030 0.7044
vn -0.0615 0.3818 0.9222
vn -0.0891 0.5533 0.8282
vn -0.0322 0.1947 0.9803
vn -0.0632 0.3816 0.9222
vn -0.0916 0.5530 0.8282
vn 0.6503 0.4277 0.6279
vn -0.1163 0.7021 0.7025
vn -0.1131 0.7025 0.7027
vn -0.1327 0.8241 0.5508
vn -0.1150 0.8255 0.5525
vn -0.1277 0.9161 0.3801
vn -0.1083 0.9184 0.3805
vn -0.1148 0.9743 0.1938
vn -0.1084 0.9750 0.1940
vn -0.1105 0.9939 -0.0000
vn -0.0982 0.9952 -0.0000
vn -0.1084 0.9750 -0.1940
vn -0.1149 0.9743 -0.1939
vn -0.1083 0.9184 -0.3805
vn -0.1277 0.9161 -0.3801
vn -0.1150 0.8255 -0.5525
vn -0.1327 0.8241 -0.5507
vn -0.1131 0.7025 -0.7026
vn -0.1163 0.7021 -0.7025
vn -0.0916 0.5529 -0.8282
vn -0.1364 0.8236 -0.5506
vn -0.1471 0.9138 -0.3786
vn -0.1560 0.9688 -0.1928
vn -0.1355 0.9717 -0.1936
vn -0.1381 0.9904 -0.0000
vn -0.1171 0.9931 -0.0000
vn -0.1355 0.9717 0.1936
vn -0.1471 0.9138 0.3786
vn -0.1560 0.9688 0.1927
vn -0.1365 0.8236 0.5506
vn -0.1513 0.9132 0.3784
vn 0.6411 0.5466 0.5388
vn 0.6329 0.6464 0.4262
vn -0.1604 0.9681 0.1927
vn -0.1635 0.9865 -0.0000
vn -0.1590 0.9873 -0.0000
vn -0.0631 0.9220 -0.3821
vn -0.0701 0.8293 -0.5545
vn -0.0469 0.9228 -0.3825
vn -0.0568 0.8300 -0.5549
vn -0.0696 0.7052 -0.7056
vn -0.0596 0.7056 -0.7061
vn -0.0616 0.5542 -0.8301
vn -0.0547 0.5545 -0.8304
vn -0.0451 0.3823 -0.9230
vn -0.0424 0.3819 -0.9232
vn -0.0268 0.1937 -0.9807
vn -0.0230 0.1950 -0.9805
vn 0.0004 -0.0013 -1.0000
vn 0.0324 -0.1952 -0.9802
vn 0.0314 -0.1950 -0.9803
vn 0.0633 -0.3821 -0.9220
vn 0.7188 -0.3816 -0.5811
vn 0.0615 -0.3819 -0.9222
vn 0.0917 -0.5533 -0.8279
vn 0.0891 -0.5533 -0.8282
vn 0.1164 -0.7023 -0.7023
vn 0.7352 -0.5613 -0.3801
vn 0.1131 -0.7025 -0.7026
vn 0.1365 -0.8237 -0.5503
vn 0.1327 -0.8241 -0.5507
vn 0.1513 -0.9133 -0.3783
vn 0.7433 -0.6558 -0.1317
vn 0.1471 -0.9138 -0.3786
vn 0.1603 -0.9681 -0.1926
vn 0.1560 -0.9688 -0.1927
vn 0.1634 -0.9866 -0.0000
vn 0.1603 -0.9681 0.1926
vn 0.1590 -0.9873 -0.0000
vn 0.1560 -0.9688 0.1927
vn 0.1471 -0.9138 0.3786
vn 0.1352 -0.9718 0.1931
vn 0.1275 -0.9165 0.3792
vn 0.1150 -0.8263 0.5513
vn 0.1083 -0.9184 0.3804
vn 0.0975 -0.8275 0.5530
vn 0.0831 -0.7046 0.7047
vn 0.0920 -0.8281 0.5530
vn 0.0784 -0.7051 0.7048
vn 0.0617 -0.5547 0.8297
vn 0.0696 -0.7055 0.7053
vn 0.0548 -0.5549 0.8301
vn 0.0378 -0.3827 0.9231
vn 0.0470 -0.5553 0.8303
vn 0.0324 -0.3829 0.9232
vn 0.0166 -0.1956 0.9806
vn 0.0262 -0.3829 0.9234
vn 0.0134 -0.1955 0.9806
vn 0.0001 -0.0005 1.0000
vn 0.0100 -0.1957 0.9806
vn 0.0001 -0.0006 1.0000
vn -0.0000 -0.0013 1.0000
vn -0.0040 0.1939 0.9810
vn -0.0099 0.1945 0.9809
vn -0.0078 0.3816 0.9243
vn 0.0040 0.1939 0.9810
vn 0.0078 0.3816 0.9243
vn 0.0114 0.5546 0.8320
vn 0.0194 0.3821 0.9239
vn 0.0099 0.1945 0.9809
vn -0.0001 -0.0006 1.0000
vn 0.0133 0.1946 0.9808
vn -0.0001 -0.0005 1.0000
vn -0.0166 -0.1956 0.9806
vn -0.0134 -0.1955 0.9806
vn -0.0324 -0.3829 0.9232
vn -0.0193 -0.1954 0.9805
vn -0.0378 -0.3827 0.9231
vn -0.0548 -0.5549 0.8301
vn -0.0426 -0.3827 0.9229
vn -0.0617 -0.5547 0.8297
vn -0.0784 -0.7051 0.7048
vn -0.0654 -0.5543 0.8297
vn -0.0831 -0.7046 0.7047
vn -0.0975 -0.8275 0.5530
vn -0.0981 -0.7042 0.7031
vn -0.1150 -0.8263 0.5514
vn -0.1275 -0.9165 0.3792
vn -0.1327 -0.8241 0.5507
vn -0.1471 -0.9138 0.3786
vn -0.1560 -0.9688 0.1927
vn -0.1513 -0.9133 0.3783
vn -0.1604 -0.9681 0.1926
vn -0.7435 -0.6556 0.1318
vn -0.7448 -0.6673 -0.0001
vn -0.1634 -0.9866 -0.0000
vn -0.7349 -0.5617 0.3800
vn -0.1603 -0.9681 -0.1926
vn -0.1513 -0.9133 -0.3783
vn -0.1471 -0.9138 -0.3786
vn -0.1560 -0.9688 -0.1927
vn -0.1150 -0.8263 -0.5514
vn -0.1275 -0.9165 -0.3792
vn -0.1327 -0.8241 -0.5507
vn -0.0831 -0.7046 -0.7047
vn -0.0975 -0.8275 -0.5529
vn -0.0981 -0.7043 -0.7031
vn -0.0617 -0.5548 -0.8297
vn -0.0784 -0.7051 -0.7048
vn -0.0653 -0.5543 -0.8297
vn -0.0378 -0.3827 -0.9231
vn -0.0548 -0.5549 -0.8301
vn -0.0425 -0.3827 -0.9229
vn -0.0166 -0.1956 -0.9806
vn -0.0324 -0.3829 -0.9232
vn -0.0193 -0.1953 -0.9805
vn -0.0001 -0.0005 -1.0000
vn -0.0134 -0.1955 -0.9806
vn 0.0099 0.1945 -0.9809
vn -0.0001 -0.0006 -1.0000
vn 0.0133 0.1946 -0.9808
vn 0.0078 0.3816 -0.9243
vn 0.0040 0.1939 -0.9810
vn 0.0194 0.3821 -0.9239
vn -0.0114 0.5546 -0.8320
vn -0.0078 0.3816 -0.9243
vn 0.0114 0.5546 -0.8320
vn -0.0282 0.5549 -0.8314
vn -0.0194 0.3821 -0.9239
vn -0.0145 0.7064 -0.7077
vn -0.0261 0.3821 -0.9237
vn -0.0133 0.1946 -0.9808
vn -0.0099 0.1945 -0.9809
vn -0.0164 0.1946 -0.9808
vn 0.0001 -0.0005 -1.0000
vn 0.0001 -0.0004 -1.0000
vn 0.0193 -0.1954 -0.9805
vn 0.0166 -0.1956 -0.9806
vn 0.0218 -0.1954 -0.9805
vn 0.0426 -0.3827 -0.9229
vn 0.0378 -0.3827 -0.9231
vn 0.0451 -0.3822 -0.9230
vn 0.0653 -0.5543 -0.8297
vn 0.0617 -0.5547 -0.8297
vn 0.0773 -0.5547 -0.8284
vn 0.0981 -0.7043 -0.7031
vn 0.0831 -0.7046 -0.7047
vn 0.1150 -0.8263 -0.5513
vn 0.0975 -0.8275 -0.5530
vn 0.1275 -0.9165 -0.3792
vn 0.1083 -0.9184 -0.3805
vn 0.1351 -0.9718 -0.1931
vn 0.1148 -0.9743 -0.1939
vn 0.1377 -0.9905 -0.0000
vn 0.1171 -0.9931 -0.0000
vn 0.1149 -0.9743 0.1939
vn 0.1083 -0.9750 0.1939
vn 0.1021 -0.9191 0.3806
vn 0.0908 -0.9201 0.3810
vn 0.0818 -0.8288 0.5536
vn 0.0701 -0.8296 0.5540
vn 0.0597 -0.7061 0.7056
vn 0.0483 -0.7065 0.7061
vn 0.0380 -0.5555 0.8307
vn 0.0283 -0.5558 0.8309
vn 0.0195 -0.3831 0.9235
vn 0.0079 -0.3838 0.9234
vn 0.0041 -0.1963 0.9805
vn -0.0041 -0.1963 0.9805
vn -0.0079 -0.3838 0.9234
vn 0.0114 -0.5564 0.8308
vn -0.0195 -0.3831 0.9235
vn -0.0283 -0.5558 0.8309
vn -0.0114 -0.5564 0.8308
vn 0.0360 -0.7069 0.7064
vn -0.0145 -0.7077 0.7064
vn 0.0145 -0.7077 0.7064
vn 0.0568 -0.8303 0.5545
vn 0.0422 -0.8309 0.5548
vn 0.0778 -0.9211 0.3814
vn 0.0630 -0.9221 0.3818
vn 0.0963 -0.9762 0.1941
vn 0.0826 -0.9775 0.1943
vn 0.1104 -0.9939 -0.0000
vn 0.0982 -0.9952 -0.0000
vn 0.1083 -0.9750 -0.1939
vn 0.0963 -0.9762 -0.1941
vn 0.0908 -0.9201 -0.3810
vn 0.0826 -0.9775 -0.1943
vn 0.0778 -0.9211 -0.3814
vn 0.0701 -0.8296 -0.5540
vn 0.0630 -0.9221 -0.3818
vn 0.0567 -0.8303 -0.5545
vn 0.0483 -0.7065 -0.7061
vn 0.0422 -0.8309 -0.5548
vn 0.0360 -0.7069 -0.7064
vn 0.0283 -0.5558 -0.8309
vn 0.0145 -0.7077 -0.7064
vn 0.0114 -0.5564 -0.8308
vn 0.0079 -0.3838 -0.9234
vn -0.0114 -0.5564 -0.8308
vn 0.0195 -0.3831 -0.9235
vn 0.0041 -0.1963 -0.9805
vn -0.0041 -0.1963 -0.9805
vn -0.0079 -0.3838 -0.9234
vn -0.0001 -0.0013 -1.0000
vn -0.0100 -0.1957 -0.9806
vn -0.0195 -0.3831 -0.9235
vn -0.0283 -0.5558 -0.8309
vn -0.0262 -0.3830 -0.9234
vn -0.0380 -0.5555 -0.8307
vn -0.0483 -0.7065 -0.7061
vn -0.0470 -0.5553 -0.8303
vn -0.0597 -0.7061 -0.7056
vn -0.0701 -0.8296 -0.5540
vn -0.0696 -0.7055 -0.7053
vn -0.0818 -0.8288 -0.5536
vn -0.0908 -0.9201 -0.3810
vn -0.0920 -0.8281 -0.5530
vn -0.1021 -0.9191 -0.3806
vn -0.1083 -0.9750 -0.1939
vn -0.1083 -0.9184 -0.3805
vn -0.1148 -0.9743 -0.1938
vn -0.1171 -0.9931 -0.0000
vn -0.1352 -0.9718 -0.1931
vn -0.1377 -0.9905 -0.0000
vn -0.1149 -0.9743 0.1938
vn -0.1589 -0.9873 -0.0000
vn -0.1352 -0.9718 0.1931
vn -0.1083 -0.9750 0.1939
vn -0.1021 -0.9191 0.3806
vn -0.1083 -0.9184 0.3805
vn -0.0908 -0.9201 0.3810
vn -0.0818 -0.8288 0.5536
vn -0.0920 -0.8281 0.5530
vn -0.0701 -0.8296 0.5540
vn -0.0597 -0.7061 0.7056
vn -0.0696 -0.7055 0.7053
vn -0.0483 -0.7065 0.7061
vn -0.0380 -0.5555 0.8307
vn -0.0470 -0.5553 0.8303
vn -0.0262 -0.3830 0.9234
vn -0.0100 -0.1957 0.9806
vn -0.0360 -0.7069 0.7064
vn -0.0568 -0.8303 0.5545
vn -0.0422 -0.8309 0.5548
vn -0.0630 -0.9221 0.3818
vn -0.0778 -0.9211 0.3814
vn -0.0826 -0.9774 0.1944
vn -0.0963 -0.9762 0.1941
vn -0.0982 -0.9952 -0.0000
vn -0.1104 -0.9939 -0.0000
vn -0.0963 -0.9762 -0.1941
vn -0.0778 -0.9211 -0.3814
vn -0.0826 -0.9774 -0.1944
vn -0.0568 -0.8303 -0.5545
vn -0.0630 -0.9221 -0.3818
vn -0.0360 -0.7069 -0.7064
vn -0.0422 -0.8309 -0.5548
vn -0.0145 -0.7077 -0.7064
vn -0.0171 -0.8317 -0.5549
vn 0.0171 -0.8318 -0.5549
vn -0.0189 -0.9239 -0.3822
vn -0.0469 -0.9229 -0.3821
vn -0.0498 -0.9796 -0.1947
vn -0.0669 -0.9786 -0.1946
vn -0.0682 -0.9977 -0.0000
vn -0.0842 -0.9965 -0.0000
vn -0.0669 -0.9786 0.1946
vn -0.0498 -0.9796 0.1947
vn -0.0469 -0.9229 0.3821
vn -0.0190 -0.9239 0.3822
vn -0.0171 -0.8318 0.5549
vn 0.0190 -0.9239 0.3822
vn 0.0171 -0.8317 0.5549
vn 0.0498 -0.9796 0.1947
vn 0.0469 -0.9229 0.3821
vn 0.0201 -0.9806 0.1948
vn 0.0682 -0.9977 -0.0000
vn 0.0669 -0.9786 0.1946
vn 0.0508 -0.9987 -0.0000
vn 0.0669 -0.9786 -0.1946
vn 0.0842 -0.9965 -0.0000
vn 0.0498 -0.9796 -0.1947
vn 0.0469 -0.9229 -0.3821
vn 0.0201 -0.9806 -0.1948
vn 0.0190 -0.9239 -0.3822
vn -0.0201 -0.9806 -0.1948
vn -0.0205 -0.9998 -0.0000
vn -0.0508 -0.9987 -0.0000
vn -0.0201 -0.9806 0.1948
vn 0.0205 -0.9998 -0.0000
vn -0.0040 0.1939 -0.9810
vn 0.0001 -0.0013 -1.0000
vn 0.0001 -0.0006 -1.0000
vn 0.0134 -0.1955 -0.9806
vn 0.0100 -0.1957 -0.9806
vn 0.0324 -0.3829 -0.9232
vn 0.0262 -0.3829 -0.9234
vn 0.0548 -0.5550 -0.8301
vn 0.0470 -0.5553 -0.8303
vn 0.0784 -0.7051 -0.7048
vn 0.0696 -0.7055 -0.7053
vn 0.0920 -0.8280 -0.5531
vn 0.0818 -0.8288 -0.5536
vn 0.1021 -0.9191 -0.3806
vn 0.0597 -0.7061 -0.7056
vn 0.0380 -0.5555 -0.8307
vn 0.0535 -0.3832 -0.9221
vn 0.0275 -0.1962 -0.9802
vn 0.0230 -0.1950 -0.9805
vn -0.0216 0.1946 -0.9806
vn -0.0192 0.1947 -0.9807
vn -0.0377 0.3821 -0.9234
vn -0.0323 0.3820 -0.9236
vn -0.0469 0.5546 -0.8308
vn -0.0379 0.5548 -0.8311
vn -0.0483 0.7060 -0.7065
vn -0.0359 0.7063 -0.7070
vn -0.0423 0.8305 -0.5554
vn -0.0171 0.8310 -0.5561
vn 0.0171 0.8310 -0.5561
vn 0.0145 0.7064 -0.7077
vn 0.0359 0.7063 -0.7070
vn 0.0282 0.5549 -0.8314
vn 0.0379 0.5548 -0.8311
vn 0.0261 0.3821 -0.9237
vn 0.0323 0.3820 -0.9236
vn 0.0164 0.1945 -0.9808
vn 0.0192 0.1947 -0.9807
vn -0.0001 -0.0004 -1.0000
vn -0.0218 -0.1954 -0.9805
vn -0.0230 -0.1950 -0.9805
vn -0.0451 -0.3823 -0.9230
vn -0.0535 -0.3832 -0.9221
vn -0.0773 -0.5547 -0.8284
vn -0.0891 -0.5533 -0.8282
vn -0.1131 -0.7025 -0.7026
vn -0.1164 -0.7023 -0.7023
vn -0.1364 -0.8237 -0.5504
vn -0.7401 -0.6203 0.2597
vn -0.1365 -0.8237 0.5503
vn -0.1163 -0.7023 0.7023
vn -0.7277 -0.4811 0.4888
vn -0.7188 -0.3812 0.5814
vn -0.0917 -0.5533 0.8279
vn -0.1131 -0.7025 0.7027
vn -0.0891 -0.5533 0.8282
vn -0.0773 -0.5547 0.8284
vn -0.0535 -0.3832 0.9221
vn -0.0615 -0.3819 0.9222
vn -0.0451 -0.3823 0.9230
vn -0.0230 -0.1950 0.9805
vn -0.0275 -0.1963 0.9802
vn -0.0218 -0.1954 0.9805
vn -0.0001 -0.0004 1.0000
vn 0.0216 0.1946 0.9806
vn 0.0192 0.1947 0.9807
vn 0.0164 0.1945 0.9808
vn 0.0323 0.3820 0.9236
vn 0.0377 0.3821 0.9234
vn 0.0261 0.3821 0.9237
vn 0.0379 0.5548 0.8311
vn 0.0469 0.5546 0.8308
vn 0.0282 0.5549 0.8314
vn 0.0359 0.7063 0.7070
vn 0.0483 0.7060 0.7065
vn 0.0145 0.7064 0.7077
vn 0.0171 0.8310 0.5561
vn 0.0422 0.8305 0.5554
vn -0.0145 0.7064 0.7077
vn -0.0171 0.8310 0.5561
vn 0.0190 0.9235 0.3831
vn -0.0282 0.5549 0.8314
vn -0.0359 0.7063 0.7070
vn -0.0114 0.5546 0.8320
vn -0.0261 0.3821 0.9237
vn -0.0379 0.5548 0.8311
vn -0.0194 0.3821 0.9239
vn -0.0164 0.1946 0.9808
vn -0.0323 0.3820 0.9236
vn -0.0133 0.1946 0.9808
vn -0.0192 0.1947 0.9807
vn 0.0193 -0.1954 0.9805
vn 0.0217 -0.1954 0.9805
vn 0.0001 -0.0004 1.0000
vn 0.0451 -0.3823 0.9230
vn 0.0230 -0.1950 0.9805
vn 0.0426 -0.3827 0.9229
vn 0.0773 -0.5547 0.8284
vn 0.0535 -0.3832 0.9221
vn 0.0653 -0.5543 0.8297
vn 0.1131 -0.7025 0.7026
vn 0.0891 -0.5533 0.8282
vn 0.0981 -0.7043 0.7031
vn 0.1164 -0.7023 0.7023
vn 0.1327 -0.8241 0.5507
vn 0.0917 -0.5533 0.8279
vn 0.0615 -0.3819 0.9221
vn 0.0275 -0.1962 0.9802
vn -0.0216 0.1946 0.9806
vn -0.0377 0.3821 0.9233
vn -0.0469 0.5546 0.8308
vn -0.0483 0.7060 0.7065
vn -0.0422 0.8305 0.5554
vn -0.0190 0.9235 0.3831
vn 0.0469 0.9228 0.3825
vn 0.0202 0.9805 0.1953
vn 0.0498 0.9795 0.1950
vn 0.0631 0.9220 0.3821
vn 0.0568 0.8300 0.5549
vn 0.0701 0.8293 0.5545
vn 0.0596 0.7056 0.7061
vn 0.0696 0.7052 0.7056
vn 0.0547 0.5544 0.8304
vn 0.0616 0.5542 0.8301
vn 0.0424 0.3820 0.9232
vn 0.0451 0.3822 0.9230
vn 0.0230 0.1950 0.9805
vn 0.0268 0.1937 0.9807
vn -0.0004 -0.0013 1.0000
vn -0.0324 -0.1952 0.9802
vn -0.0314 -0.1950 0.9803
vn -0.7082 -0.2640 0.6548
vn -0.0633 -0.3821 0.9220
vn -0.6611 0.2938 -0.6904
vn -0.6331 0.6461 -0.4263
vn -0.6273 0.7207 -0.2951
vn -0.6237 0.7669 0.1510
vn 0.1513 0.9132 -0.3784
vn 0.1365 0.8235 -0.5506
vn -0.6409 0.5468 -0.5388
vn -0.6506 0.4272 -0.6279
vn 0.1604 0.9681 -0.1926
vn 0.1560 0.9688 -0.1928
vn 0.1471 0.9138 -0.3786
vn 0.1381 0.9904 -0.0000
vn 0.1355 0.9717 -0.1936
vn 0.1589 0.9873 -0.0000
vn 0.1355 0.9717 0.1936
vn 0.1171 0.9931 -0.0000
vn 0.1560 0.9688 0.1928
vn 0.1471 0.9138 0.3786
vn 0.1604 0.9681 0.1926
vn 0.1513 0.9132 0.3784
vn -0.6273 0.7207 0.2952
vn -0.6329 0.6463 0.4262
vn 0.1364 0.8236 0.5506
vn -0.6504 0.4274 0.6279
vn -0.6408 0.5465 0.5392
vn -0.6610 0.2939 0.6905
vn 0.0916 0.5530 0.8282
vn 0.1163 0.7021 0.7025
vn 0.1131 0.7024 0.7027
vn 0.1327 0.8240 0.5508
vn 0.1150 0.8255 0.5525
vn 0.1277 0.9161 0.3801
vn 0.1083 0.9184 0.3805
vn 0.1148 0.9743 0.1938
vn 0.1084 0.9750 0.1940
vn 0.1105 0.9939 -0.0000
vn 0.0982 0.9952 -0.0000
vn 0.1084 0.9750 -0.1940
vn 0.1149 0.9743 -0.1938
vn 0.1083 0.9184 -0.3805
vn 0.1277 0.9161 -0.3801
vn 0.1150 0.8255 -0.5525
vn 0.1326 0.8240 -0.5508
vn 0.1131 0.7025 -0.7027
vn 0.1163 0.7021 -0.7025
vn 0.0916 0.5530 -0.8281
vn 0.1635 0.9865 -0.0000
vn -0.6228 0.7824 -0.0002
vn -0.6235 0.7671 -0.1510
vn -0.6444 0.4808 0.5946
vn -0.6995 0.6667 0.2573
vn -0.8229 0.4808 0.3027
vn -0.7959 0.4808 -0.3678
vn -0.5054 0.6668 -0.5477
vn -0.5946 0.4808 -0.6444
vn -0.2573 0.6667 -0.6995
vn -0.3027 0.4808 -0.8229
vn 0.0352 0.4808 -0.8761
vn 0.0300 0.6668 -0.7447
vn 0.3678 0.4808 -0.7959
vn 0.5477 0.6668 -0.5054
vn 0.6444 0.4808 -0.5946
vn 0.6995 0.6667 -0.2573
vn 0.8229 0.4808 -0.3027
vn 0.8761 0.4808 0.0352
vn 0.7447 0.6668 0.0300
vn 0.7959 0.4808 0.3678
vn 0.5054 0.6668 0.5477
vn 0.5946 0.4808 0.6444
vn 0.2573 0.6667 0.6995
vn 0.3027 0.4808 0.8229
vn -0.0352 0.4808 0.8761
vn -0.0300 0.6668 0.7447
vn -0.3678 0.4808 0.7959
vn -0.5477 0.6668 0.5054
vn -0.9480 0.3161 -0.0381
vn -0.8904 0.3161 0.3275
vn -0.8761 0.4808 -0.0352
vn -0.4633 -0.7302 -0.5022
vn -0.1882 -0.8384 -0.5116
vn -0.3696 -0.8384 -0.4006
vn -0.8761 -0.4808 -0.0352
vn -0.8612 -0.3161 -0.3980
vn -0.7959 -0.4808 -0.3678
vn -0.9837 -0.1754 -0.0396
vn -0.8722 -0.2770 -0.4031
vn -0.9601 -0.2770 -0.0386
vn -0.9914 -0.1249 -0.0399
vn -0.8907 -0.1927 -0.4116
vn -0.9805 -0.1927 -0.0394
vn -0.9957 -0.0832 -0.0401
vn -0.9064 0.0545 -0.4189
vn -0.9046 -0.0832 -0.4181
vn -0.9957 0.0832 -0.0401
vn -0.8841 0.2269 -0.4086
vn -0.9046 0.0832 -0.4181
vn -0.9805 0.1927 -0.0394
vn -0.8739 0.2707 -0.4039
vn -0.8907 0.1927 -0.4116
vn -0.9181 0.3945 -0.0369
vn -0.8722 0.2770 -0.4031
vn -0.9601 0.2770 -0.0386
vn -0.5701 -0.6311 0.5260
vn -0.6413 -0.7302 0.2359
vn -0.5022 -0.7302 0.4633
vn -0.7751 -0.6311 -0.0312
vn -0.6202 -0.7302 -0.2866
vn -0.6827 -0.7302 -0.0275
vn -0.9018 -0.2770 0.3317
vn -0.9181 -0.3945 -0.0369
vn -0.8624 -0.3946 0.3172
vn -0.9035 -0.2707 0.3324
vn -0.9619 -0.2707 -0.0387
vn -0.9140 -0.2269 0.3362
vn -0.9731 -0.2269 -0.0391
vn -0.9353 0.0832 0.3440
vn -0.9977 -0.0545 -0.0401
vn -0.9371 -0.0545 0.3447
vn -0.9312 0.1249 0.3425
vn -0.9914 0.1249 -0.0399
vn -0.9018 0.2770 0.3317
vn -0.9837 0.1754 -0.0396
vn -0.9240 0.1754 0.3399
vn -0.3254 -0.6311 0.7042
vn -0.2866 -0.7302 0.6202
vn -0.3980 -0.3161 0.8612
vn -0.6444 -0.4808 0.5946
vn -0.3678 -0.4808 0.7959
vn -0.4130 -0.1754 0.8937
vn -0.7062 -0.2770 0.6516
vn -0.4031 -0.2770 0.8722
vn -0.4116 -0.1927 0.8907
vn -0.7292 -0.1249 0.6728
vn -0.7212 -0.1927 0.6654
vn -0.4189 0.0545 0.9064
vn -0.7324 -0.0832 0.6758
vn -0.4181 -0.0832 0.9046
vn -0.4086 0.2269 0.8841
vn -0.7324 0.0832 0.6758
vn -0.4181 0.0832 0.9046
vn -0.4039 0.2707 0.8739
vn -0.7212 0.1927 0.6654
vn -0.4116 0.1927 0.8907
vn -0.4031 0.2770 0.8722
vn -0.6753 0.3945 0.6231
vn -0.7062 0.2770 0.6516
vn -0.0312 -0.6311 0.7751
vn -0.0275 -0.7302 0.6827
vn -0.0352 -0.4808 0.8761
vn -0.0396 -0.1754 0.9837
vn -0.0386 -0.2770 0.9601
vn -0.0399 -0.1249 0.9914
vn -0.0394 -0.1927 0.9805
vn -0.0401 -0.0832 0.9957
vn -0.0401 0.0832 0.9957
vn -0.0394 0.1927 0.9805
vn -0.0369 0.3945 0.9181
vn -0.0386 0.2770 0.9601
vn 0.2678 -0.6311 0.7280
vn 0.2359 -0.7302 0.6413
vn 0.3275 -0.3161 0.8904
vn 0.3027 -0.4808 0.8229
vn 0.3399 -0.1754 0.9240
vn 0.3317 -0.2770 0.9018
vn 0.3425 -0.1249 0.9312
vn 0.3388 -0.1927 0.9209
vn 0.3440 -0.0832 0.9353
vn -0.0401 0.0545 0.9977
vn 0.3362 0.2269 0.9140
vn 0.3440 0.0832 0.9353
vn 0.3324 0.2707 0.9035
vn 0.3388 0.1927 0.9209
vn 0.3172 0.3946 0.8624
vn 0.3317 0.2770 0.9018
vn 0.5260 -0.6311 0.5701
vn 0.4633 -0.7302 0.5022
vn 0.6433 -0.3161 0.6973
vn 0.5946 -0.4808 0.6444
vn 0.6676 -0.1754 0.7236
vn 0.6516 -0.2770 0.7062
vn 0.6654 -0.1927 0.7212
vn 0.6771 0.0545 0.7339
vn 0.6758 -0.0832 0.7324
vn 0.6758 0.0832 0.7324
vn 0.6654 0.1927 0.7212
vn 0.6231 0.3945 0.6753
vn 0.6516 0.2770 0.7062
vn 0.7042 -0.6311 0.3254
vn 0.6202 -0.7302 0.2866
vn 0.8612 -0.3161 0.3980
vn 0.7959 -0.4808 0.3678
vn 0.8937 -0.1754 0.4130
vn 0.8722 -0.2770 0.4031
vn 0.8907 -0.1927 0.4116
vn 0.6728 -0.1249 0.7292
vn 0.9064 0.0545 0.4189
vn 0.9046 -0.0832 0.4181
vn 0.8841 0.2269 0.4086
vn 0.9046 0.0832 0.4181
vn 0.8739 0.2707 0.4039
vn 0.8907 0.1927 0.4116
vn 0.8722 0.2770 0.4031
vn 0.7751 -0.6311 0.0312
vn 0.6827 -0.7302 0.0275
vn 0.8761 -0.4808 0.0352
vn 0.9837 -0.1754 0.0396
vn 0.9601 -0.2770 0.0386
vn 0.9914 -0.1249 0.0399
vn 0.9805 -0.1927 0.0394
vn 0.9957 -0.0832 0.0401
vn 0.9957 0.0832 0.0401
vn 0.9805 0.1927 0.0394
vn 0.9181 0.3945 0.0369
vn 0.9601 0.2770 0.0386
vn 0.7280 -0.6311 -0.2678
vn 0.6413 -0.7302 -0.2359
vn 0.8904 -0.3161 -0.3275
vn 0.8229 -0.4808 -0.3027
vn 0.9240 -0.1754 -0.3399
vn 0.9018 -0.2770 -0.3317
vn 0.9312 -0.1249 -0.3425
vn 0.9209 -0.1927 -0.3388
vn 0.9353 -0.0832 -0.3440
vn 0.9977 0.0545 0.0401
vn 0.9140 0.2269 -0.3362
vn 0.9353 0.0832 -0.3440
vn 0.9035 0.2707 -0.3324
vn 0.9209 0.1927 -0.3388
vn 0.8624 0.3946 -0.3172
vn 0.9018 0.2770 -0.3317
vn 0.5701 -0.6311 -0.5260
vn 0.5022 -0.7302 -0.4633
vn 0.6973 -0.3161 -0.6433
vn 0.6444 -0.4808 -0.5946
vn 0.7236 -0.1754 -0.6676
vn 0.7062 -0.2770 -0.6516
vn 0.7212 -0.1927 -0.6654
vn 0.7339 0.0545 -0.6771
vn 0.7324 -0.0832 -0.6758
vn 0.7324 0.0832 -0.6758
vn 0.7212 0.1927 -0.6654
vn 0.6753 0.3945 -0.6231
vn 0.7062 0.2770 -0.6516
vn 0.3254 -0.6311 -0.7042
vn 0.2866 -0.7302 -0.6202
vn 0.3980 -0.3161 -0.8612
vn 0.3678 -0.4808 -0.7959
vn 0.4130 -0.1754 -0.8937
vn 0.4031 -0.2770 -0.8722
vn 0.4116 -0.1927 -0.8907
vn 0.7292 -0.1249 -0.6728
vn 0.4189 0.0545 -0.9064
vn 0.4181 -0.0832 -0.9046
vn 0.4086 0.2269 -0.8841
vn 0.4181 0.0832 -0.9046
vn 0.4039 0.2707 -0.8739
vn 0.4116 0.1927 -0.8907
vn 0.4031 0.2770 -0.8722
vn 0.0312 -0.6311 -0.7751
vn 0.0275 -0.7302 -0.6827
vn 0.0352 -0.4808 -0.8761
vn 0.0396 -0.1754 -0.9837
vn 0.0386 -0.2770 -0.9601
vn 0.0399 -0.1249 -0.9914
vn 0.0394 -0.1927 -0.9805
vn 0.0401 -0.0832 -0.9957
vn 0.0401 0.0832 -0.9957
vn 0.0394 0.1927 -0.9805
vn 0.0369 0.3945 -0.9181
vn 0.0386 0.2770 -0.9601
vn -0.2678 -0.6311 -0.7280
vn -0.2359 -0.7302 -0.6413
vn -0.3275 -0.3161 -0.8904
vn -0.3027 -0.4808 -0.8229
vn -0.3399 -0.1754 -0.9240
vn -0.3317 -0.2770 -0.9018
vn -0.3425 -0.1249 -0.9312
vn -0.3388 -0.1927 -0.9209
vn -0.3440 -0.0832 -0.9353
vn 0.0401 0.0545 -0.9977
vn -0.3362 0.2269 -0.9140
vn -0.3440 0.0832 -0.9353
vn -0.3324 0.2707 -0.9035
vn -0.3388 0.1927 -0.9209
vn -0.3172 0.3946 -0.8624
vn -0.3317 0.2770 -0.9018
vn -0.5260 -0.6311 -0.5701
vn -0.6433 -0.3161 -0.6973
vn -0.5946 -0.4808 -0.6444
vn -0.6676 -0.1754 -0.7236
vn -0.6516 -0.2770 -0.7062
vn -0.6654 -0.1927 -0.7212
vn -0.6771 0.0545 -0.7339
vn -0.6758 -0.0832 -0.7324
vn -0.6758 0.0832 -0.7324
vn -0.6654 0.1927 -0.7212
vn -0.6231 0.3945 -0.6753
vn -0.6516 0.2770 -0.7062
vn -0.6995 -0.6667 0.2573
vn -0.7447 -0.6668 -0.0300
vn -0.8937 -0.1754 -0.4130
vn -0.6728 -0.1249 -0.7292
vn -0.7042 -0.6311 -0.3254
vn -0.6973 -0.3161 0.6433
vn -0.8229 -0.4808 0.3027
vn -0.7236 -0.1754 0.6676
vn -0.9312 -0.1249 0.3425
vn -0.9209 -0.1927 0.3388
vn -0.7339 0.0545 0.6771
vn -0.9353 -0.0832 0.3440
vn -0.7158 0.2269 0.6604
vn -0.9035 0.2707 0.3324
vn -0.9209 0.1927 0.3388
vn -0.5022 0.7302 0.4633
vn -0.7280 0.6311 0.2678
vn -0.5701 0.6311 0.5260
vn -0.0220 0.8369 0.5470
vn 0.1733 0.8648 0.4712
vn -0.0202 0.8648 0.5017
vn -0.0275 0.7302 0.6827
vn 0.1882 0.8384 0.5116
vn -0.0219 0.8384 0.5446
vn -0.3712 0.8369 -0.4023
vn -0.1733 0.8648 -0.4712
vn -0.1890 0.8369 -0.5137
vn -0.4633 0.7302 -0.5022
vn -0.1882 0.8384 -0.5116
vn -0.2359 0.7302 -0.6413
vn 0.4023 0.8369 -0.3712
vn 0.4712 0.8648 -0.1733
vn 0.5137 0.8369 -0.1890
vn 0.5022 0.7302 -0.4633
vn 0.5116 0.8384 -0.1882
vn 0.6413 0.7302 -0.2359
vn 0.3712 0.8369 0.4023
vn 0.1890 0.8369 0.5137
vn 0.4633 0.7302 0.5022
vn 0.2359 0.7302 0.6413
vn -0.4969 0.8369 -0.2296
vn -0.3405 0.8648 -0.3690
vn -0.4948 0.8384 -0.2287
vn -0.3696 0.8384 -0.4006
vn -0.4023 0.8369 0.3712
vn -0.4712 0.8648 0.1733
vn -0.5137 0.8369 0.1890
vn -0.5116 0.8384 0.1882
vn -0.6413 0.7302 0.2359
vn 0.2296 0.8369 -0.4969
vn 0.3690 0.8648 -0.3405
vn 0.2287 0.8384 -0.4948
vn 0.4006 0.8384 -0.3696
vn 0.4558 0.8648 0.2106
vn 0.3405 0.8648 0.3690
vn -0.5702 0.8212 -0.0229
vn -0.5470 0.8369 -0.0220
vn -0.5017 0.8648 -0.0202
vn -0.4558 0.8648 -0.2106
vn -0.0229 0.8212 0.5702
vn -0.2296 0.8369 0.4969
vn -0.2394 0.8212 0.5180
vn -0.2106 0.8648 0.4558
vn -0.3690 0.8648 0.3405
vn 0.0229 0.8212 -0.5702
vn 0.0220 0.8369 -0.5470
vn 0.0202 0.8648 -0.5017
vn 0.2106 0.8648 -0.4558
vn 0.5702 0.8212 0.0229
vn 0.5470 0.8369 0.0220
vn 0.4969 0.8369 0.2296
vn 0.4948 0.8384 0.2287
vn 0.3696 0.8384 0.4006
vn -0.6827 0.7302 -0.0275
vn -0.6202 0.7302 -0.2866
vn -0.2866 0.7302 0.6202
vn -0.4006 0.8384 0.3696
vn 0.0275 0.7302 -0.6827
vn 0.2866 0.7302 -0.6202
vn 0.5017 0.8648 0.0202
vn 0.5180 -0.8212 0.2394
vn 0.5470 -0.8369 0.0220
vn 0.5702 -0.8212 0.0229
vn 0.4712 -0.8648 -0.1733
vn 0.5137 -0.8369 -0.1890
vn -0.0229 -0.8212 0.5702
vn -0.2296 -0.8369 0.4969
vn -0.0220 -0.8369 0.5470
vn 0.1733 -0.8648 0.4712
vn 0.1890 -0.8369 0.5137
vn 0.0229 -0.8212 -0.5702
vn -0.1890 -0.8369 -0.5137
vn -0.1970 -0.8212 -0.5356
vn -0.3712 -0.8369 -0.4023
vn -0.1733 -0.8648 -0.4712
vn -0.3405 -0.8648 -0.3690
vn 0.5116 -0.8384 -0.1882
vn 0.4006 -0.8384 -0.3696
vn 0.4023 -0.8369 -0.3712
vn 0.3690 -0.8648 -0.3405
vn 0.1882 -0.8384 0.5116
vn 0.3696 -0.8384 0.4006
vn 0.3712 -0.8369 0.4023
vn 0.3405 -0.8648 0.3690
vn -0.4948 -0.8384 -0.2287
vn -0.4558 -0.8648 -0.2106
vn -0.4969 -0.8369 -0.2296
vn -0.5702 -0.8212 -0.0229
vn -0.5137 -0.8369 0.1890
vn -0.5356 -0.8212 0.1970
vn -0.3690 -0.8648 0.3405
vn -0.4023 -0.8369 0.3712
vn 0.2287 -0.8384 -0.4948
vn 0.2296 -0.8369 -0.4969
vn 0.2106 -0.8648 -0.4558
vn 0.4948 -0.8384 0.2287
vn 0.4558 -0.8648 0.2106
vn 0.4969 -0.8369 0.2296
vn -0.5446 -0.8384 -0.0219
vn -0.5017 -0.8648 -0.0202
vn -0.5470 -0.8369 -0.0220
vn -0.2287 -0.8384 0.4948
vn -0.2106 -0.8648 0.4558
vn 0.0219 -0.8384 -0.5446
vn 0.0220 -0.8369 -0.5470
vn 0.0202 -0.8648 -0.5017
vn 0.5017 -0.8648 0.0202
vn -0.4712 -0.8648 0.1733
vn -0.5116 -0.8384 0.1882
vn -0.4006 -0.8384 0.3696
vn -0.0202 -0.8648 0.5017
vn 0.5180 0.8212 0.2394
vn 0.2394 0.8212 -0.5180
vn -0.4194 0.8212 0.3870
vn -0.5180 0.8212 -0.2394
vn 0.6827 0.7302 0.0275
vn 0.5446 0.8384 0.0219
vn 0.0219 0.8384 -0.5446
vn -0.2287 0.8384 0.4948
vn -0.5446 0.8384 -0.0219
vn 0.3870 0.8212 0.4194
vn 0.4194 0.8212 -0.3870
vn -0.5356 0.8212 0.1970
vn -0.3870 0.8212 -0.4194
vn 0.1970 0.8212 0.5356
vn 0.5356 0.8212 -0.1970
vn -0.1970 0.8212 -0.5356
vn -0.7447 0.6668 -0.0300
vn -0.3254 0.6311 0.7042
vn -0.0312 0.6311 0.7751
vn 0.2678 0.6311 0.7280
vn 0.5260 0.6311 0.5701
vn 0.6202 0.7302 0.2866
vn 0.7042 0.6311 0.3254
vn 0.7751 0.6311 0.0312
vn 0.7280 0.6311 -0.2678
vn 0.5701 0.6311 -0.5260
vn 0.3254 0.6311 -0.7042
vn 0.0312 0.6311 -0.7751
vn -0.2678 0.6311 -0.7280
vn -0.5260 0.6311 -0.5701
vn -0.7042 0.6311 -0.3254
vn -0.7751 0.6311 -0.0312
vn -0.6973 0.3161 0.6433
vn -0.8612 0.3161 -0.3980
vn -0.6433 0.3161 -0.6973
vn -0.3275 0.3161 -0.8904
vn 0.0381 0.3161 -0.9480
vn 0.3980 0.3161 -0.8612
vn 0.6973 0.3161 -0.6433
vn 0.8904 0.3161 -0.3275
vn 0.9480 0.3161 0.0381
vn 0.8612 0.3161 0.3980
vn 0.6433 0.3161 0.6973
vn 0.3275 0.3161 0.8904
vn -0.0381 0.3161 0.9480
vn -0.3980 0.3161 0.8612
vn -0.8624 0.3946 0.3172
vn -0.7236 0.1754 0.6676
vn -0.8937 0.1754 -0.4130
vn -0.6676 0.1754 -0.7236
vn -0.3399 0.1754 -0.9240
vn 0.0396 0.1754 -0.9837
vn 0.4130 0.1754 -0.8937
vn 0.7236 0.1754 -0.6676
vn 0.9240 0.1754 -0.3399
vn 0.9837 0.1754 0.0396
vn 0.8937 0.1754 0.4130
vn 0.6676 0.1754 0.7236
vn 0.3399 0.1754 0.9240
vn -0.0396 0.1754 0.9837
vn -0.4130 0.1754 0.8937
vn -0.7292 0.1249 0.6728
vn -0.9006 0.1248 -0.4162
vn -0.6728 0.1249 -0.7292
vn -0.3425 0.1249 -0.9312
vn 0.0399 0.1249 -0.9914
vn 0.4162 0.1248 -0.9006
vn 0.7292 0.1249 -0.6728
vn 0.9312 0.1249 -0.3425
vn 0.9914 0.1249 0.0399
vn 0.9006 0.1248 0.4162
vn 0.6728 0.1249 0.7292
vn 0.3425 0.1249 0.9312
vn -0.0399 0.1249 0.9914
vn -0.4162 0.1248 0.9006
vn -0.9140 0.2269 0.3362
vn -0.7339 -0.0545 0.6771
vn -0.9064 -0.0545 -0.4189
vn -0.6771 -0.0545 -0.7339
vn -0.3447 -0.0545 -0.9371
vn 0.0401 -0.0545 -0.9977
vn 0.4189 -0.0545 -0.9064
vn 0.7339 -0.0545 -0.6771
vn 0.9371 -0.0545 -0.3447
vn 0.9977 -0.0545 0.0401
vn 0.9064 -0.0545 0.4189
vn 0.6771 -0.0545 0.7339
vn 0.3447 -0.0545 0.9371
vn -0.0401 -0.0545 0.9977
vn -0.4189 -0.0545 0.9064
vn -0.9977 0.0545 -0.0401
vn -0.7158 -0.2269 0.6604
vn -0.8841 -0.2269 -0.4086
vn -0.6604 -0.2269 -0.7158
vn -0.3362 -0.2269 -0.9140
vn 0.0391 -0.2269 -0.9731
vn 0.4086 -0.2269 -0.8841
vn 0.7158 -0.2269 -0.6604
vn 0.9140 -0.2269 -0.3362
vn 0.9731 -0.2269 0.0391
vn 0.8841 -0.2269 0.4086
vn 0.6604 -0.2269 0.7158
vn 0.3362 -0.2269 0.9140
vn -0.0391 -0.2269 0.9731
vn -0.4086 -0.2269 0.8841
vn -0.7075 -0.2707 0.6528
vn -0.8739 -0.2707 -0.4039
vn -0.6528 -0.2707 -0.7075
vn -0.3324 -0.2707 -0.9035
vn 0.0387 -0.2707 -0.9619
vn 0.4039 -0.2707 -0.8739
vn 0.7075 -0.2707 -0.6528
vn 0.9035 -0.2707 -0.3324
vn 0.9619 -0.2707 0.0387
vn 0.8739 -0.2707 0.4039
vn 0.6528 -0.2707 0.7075
vn 0.3324 -0.2707 0.9035
vn -0.0387 -0.2707 0.9619
vn -0.4039 -0.2707 0.8739
vn -0.9240 -0.1754 0.3399
vn -0.6753 -0.3945 0.6231
vn -0.8341 -0.3946 -0.3855
vn -0.6231 -0.3945 -0.6753
vn -0.3172 -0.3946 -0.8624
vn 0.0369 -0.3945 -0.9181
vn 0.3855 -0.3946 -0.8341
vn 0.6753 -0.3945 -0.6231
vn 0.8624 -0.3946 -0.3172
vn 0.9181 -0.3945 0.0369
vn 0.8341 -0.3946 0.3855
vn 0.6231 -0.3945 0.6753
vn 0.3172 -0.3945 0.8624
vn -0.0369 -0.3945 0.9181
vn -0.3855 -0.3946 0.8341
vn -0.8904 -0.3161 0.3275
vn -0.6765 -0.6667 -0.3127
vn -0.7280 -0.6311 0.2678
vn -0.5054 -0.6668 -0.5478
vn -0.2573 -0.6667 -0.6995
vn 0.0300 -0.6668 -0.7447
vn 0.3127 -0.6667 -0.6765
vn 0.5478 -0.6668 -0.5054
vn 0.6995 -0.6667 -0.2573
vn 0.7447 -0.6668 0.0300
vn 0.6765 -0.6667 0.3127
vn 0.5054 -0.6668 0.5478
vn 0.2573 -0.6667 0.6995
vn -0.0300 -0.6668 0.7447
vn -0.3127 -0.6667 0.6765
vn -0.5478 -0.6668 0.5054
vn -0.3870 -0.8212 -0.4194
vn 0.1970 -0.8212 0.5356
vn -0.4194 -0.8212 0.3870
vn 0.5356 -0.8212 -0.1970
vn -0.2394 -0.8212 0.5180
vn 0.3870 -0.8212 0.4194
vn 0.4194 -0.8212 -0.3870
vn 0.2394 -0.8212 -0.5180
vn -0.5180 -0.8212 -0.2394
vn -0.0219 -0.8384 0.5446
vn 0.5446 -0.8384 0.0219
vn -0.3127 0.6667 0.6765
vn 0.6765 0.6667 0.3127
vn 0.3127 0.6667 -0.6765
vn -0.6765 0.6667 -0.3127
vn -0.8341 0.3946 -0.3855
vn 0.3855 0.3946 -0.8341
vn 0.8341 0.3946 0.3855
vn -0.3855 0.3946 0.8341
vn -0.9619 0.2707 -0.0387
vn -0.6528 0.2707 -0.7075
vn 0.0387 0.2707 -0.9619
vn 0.7075 0.2707 -0.6528
vn 0.9619 0.2707 0.0387
vn 0.6528 0.2707 0.7075
vn -0.0387 0.2707 0.9619
vn -0.7075 0.2707 0.6528
vn -0.9731 0.2269 -0.0391
vn -0.6604 0.2269 -0.7158
vn 0.0391 0.2269 -0.9731
vn 0.7158 0.2269 -0.6604
vn 0.9731 0.2269 0.0391
vn 0.6604 0.2269 0.7158
vn -0.0391 0.2269 0.9731
vn -0.9371 0.0545 0.3447
vn -0.3447 0.0545 -0.9371
vn 0.9371 0.0545 -0.3447
vn 0.3447 0.0545 0.9371
vn -0.9006 -0.1248 -0.4162
vn 0.4162 -0.1248 -0.9006
vn 0.9006 -0.1248 0.4162
vn -0.4162 -0.1248 0.9006
vn -0.9480 -0.3161 -0.0381
vn 0.0381 -0.3161 -0.9480
vn 0.9480 -0.3161 0.0381
vn -0.0381 -0.3161 0.9480
vn -0.3452 -0.0000 -0.9385
vn 0.0402 -0.0000 -0.9992
vn 0.9992 -0.0000 0.0402
vn 0.9385 -0.0000 -0.3452
vn -0.0402 -0.0000 0.9992
vn -0.4195 -0.0000 0.9078
vn -0.9385 -0.0000 0.3452
vn -0.9992 -0.0000 -0.0402
vn 0.9078 -0.0000 0.4195
vn 0.9077 -0.0000 0.4195
vn 0.4195 -0.0000 -0.9078
vn -0.7350 -0.0000 0.6781
vn 0.4195 -0.0000 -0.9077
vn -0.9078 -0.0000 -0.4195
vn 0.6781 -0.0000 0.7350
vn -0.9077 -0.0000 -0.4195
vn 0.7350 -0.0000 -0.6781
vn -0.6781 -0.0000 -0.7350
vn 0.3452 -0.0000 0.9385
vn -0.0463 0.9910 -0.1259
vn 0.0463 0.9910 0.1259
vn -0.0475 -0.9905 -0.1291
vn 0.0475 -0.9905 0.1291
vn 0.1009 -0.9618 0.2544
vn -0.0911 0.9646 -0.2475
vn -0.1350 0.9204 -0.3669
vn 0.0933 -0.9628 0.2535
vn 0.1394 -0.9233 0.3580
vn 0.1407 -0.8929 0.4277
vn 0.2121 -0.8368 0.5048
vn -0.1386 0.9199 -0.3668
vn -0.1831 0.8492 -0.4954
vn -0.1903 0.8236 -0.5342
vn -0.2418 0.7207 -0.6497
vn -0.2475 0.6869 -0.6833
vn -0.2864 0.5720 -0.7686
vn 0.2617 -0.5624 0.7844
vn 0.3003 -0.4838 0.8221
vn 0.2841 -0.6169 0.7340
vn 0.2251 -0.6862 0.6917
vn 0.2375 -0.7376 0.6321
vn 0.3034 -0.4516 0.8390
vn -0.2878 0.5351 -0.7942
vn -0.3170 0.4210 -0.8499
vn -0.3148 0.3829 -0.8685
vn -0.3364 0.2725 -0.9014
vn 0.3250 -0.3544 0.8768
vn 0.3362 -0.2587 0.9056
vn 0.3203 -0.3557 0.8780
vn 0.3309 -0.2250 0.9164
vn -0.3313 0.2340 -0.9140
vn -0.3482 0.1306 -0.9283
vn -0.3402 0.0950 -0.9355
vn -0.3432 0.0003 -0.9393
vn 0.3476 -0.0911 0.9332
vn 0.3968 -0.0117 0.9178
vn 0.3478 -0.1269 0.9289
vn 0.3437 0.0273 0.9387
vn -0.3457 -0.0004 -0.9383
vn -0.3478 -0.0464 -0.9364
vn -0.3487 -0.0468 -0.9360
vn 0.9386 -0.0003 -0.3450
vn -0.0114 -0.9999 0.0069
vn -0.0018 -1.0000 0.0071
vn -0.0158 -0.9999 0.0068
vn 0.9385 0.0005 -0.3452
vn 0.9385 0.0008 -0.3452
vn 0.0026 -1.0000 0.0072
vn -0.0021 0.9997 -0.0260
vn -0.0005 0.9996 -0.0282
vn -0.0047 0.9997 -0.0224
vn 0.3399 0.0720 0.9377
vn 0.3415 0.0697 0.9373
vn 0.3368 0.0764 0.9385
vn 0.0021 0.9995 -0.0318
vn 0.3445 0.0653 0.9365
vn 0.3048 0.0497 0.9511
vn 0.2036 -0.7913 0.5766
vn -0.0956 -0.9609 -0.2599
vn -0.0991 -0.9613 -0.2569
vn -0.1486 -0.8985 -0.4131
vn 0.1329 0.9230 0.3612
vn 0.1408 0.9216 0.3618
vn 0.0911 0.9646 0.2475
vn 0.1806 0.8758 0.4476
vn -0.1364 -0.9290 -0.3439
vn -0.2154 -0.8490 -0.4825
vn -0.2243 -0.7776 -0.5874
vn -0.2342 -0.7475 -0.6216
vn -0.2638 -0.6370 -0.7243
vn 0.2718 0.7708 0.5761
vn 0.1953 0.7020 0.6849
vn 0.1768 0.8348 0.5213
vn 0.3130 0.6296 0.7110
vn 0.2619 0.5585 0.7870
vn 0.3083 0.5034 0.8072
vn -0.2786 -0.6023 -0.7481
vn -0.2965 -0.4897 -0.8200
vn -0.3099 -0.4560 -0.8343
vn -0.9386 -0.0000 0.3451
vn -0.3250 -0.3557 -0.8763
vn 0.3418 0.3927 0.8538
vn 0.2756 0.3237 0.9051
vn 0.3017 0.4482 0.8415
vn -0.9386 -0.0001 0.3450
vn -0.9386 -0.0002 0.3450
vn 0.3526 0.2570 0.8998
vn -0.3207 -0.3544 -0.8784
vn -0.3308 -0.2587 -0.9075
vn -0.3418 -0.2250 -0.9124
vn -0.9385 -0.0000 0.3453
vn -0.3371 -0.1269 -0.9329
vn 0.3572 0.1132 0.9271
vn 0.3639 0.1034 0.9257
vn 0.3168 0.2003 0.9271
vn -0.9384 0.0001 0.3455
vn 0.3460 -0.0461 0.9371
vn 0.3441 -0.0467 0.9378
vn -0.3400 -0.0911 -0.9360
vn -0.2918 -0.0123 -0.9564
vn -0.3482 0.0268 -0.9370
vn -0.9385 -0.0006 0.3454
vn -0.3850 0.0479 -0.9217
vn 0.0415 0.9990 0.0189
vn 0.0005 1.0000 -0.0069
vn 0.0374 0.9969 0.0699
vn 0.3369 -0.1408 0.9310
vn 0.3353 -0.1415 0.9314
vn 0.0139 -0.9999 0.0059
vn 0.0064 -1.0000 0.0053
vn 0.0185 -0.9998 0.0062
vn -0.3555 -0.0812 -0.9311
vn -0.3445 -0.0640 -0.9366
vn -0.3519 -0.0755 -0.9330
vn 0.0018 -1.0000 0.0049
vn -0.3625 -0.0923 -0.9274
vn 0.0543 0.9940 0.0945
vn -0.9384 -0.0004 0.3455
vn -0.9385 -0.0001 0.3454
vn 0.0313 0.9824 0.1843
vn -0.9384 -0.0000 0.3455
vn -0.0053 0.9991 0.0415
vn 0.0877 0.9840 0.1554
vn -0.0768 0.9737 -0.2143
vn -0.1577 0.9254 -0.3447
vn -0.9384 -0.0011 0.3454
vn -0.9385 -0.0003 0.3454
vn -0.9385 -0.0001 0.3453
vn 0.1617 0.9182 0.3615
vn -0.9384 -0.0010 0.3456
vn 0.0460 -0.9965 0.0701
vn 0.1896 -0.8592 0.4751
vn 0.1172 -0.9121 0.3929
vn -0.1221 -0.9503 -0.2863
vn -0.0345 -0.9993 -0.0172
vn 0.9385 -0.0000 -0.3453
vn 0.9385 0.0001 -0.3452
vn 0.9385 0.0001 -0.3453
vn 0.2779 -0.6137 0.7390
vn 0.9384 0.0007 -0.3457
vn 0.9383 0.0006 -0.3459
vn -0.2657 0.6923 -0.6709
vn -0.1872 0.8447 -0.5014
vn -0.2548 0.6599 -0.7068
vn -0.3157 0.4371 -0.8422
vn 0.9383 -0.0000 -0.3458
vn -0.3085 0.4179 -0.8545
vn -0.9387 0.0003 0.3447
vn -0.9386 0.0001 0.3450
vn -0.3452 0.1621 -0.9244
vn 0.3461 -0.1841 0.9200
vn 0.3442 -0.4313 0.8340
vn 0.3648 0.1021 0.9255
vn -0.9383 -0.0000 0.3458
vn 0.9385 -0.0001 -0.3454
vn 0.3262 0.1762 0.9287
vn -0.3377 0.1313 -0.9321
vn -0.3472 -0.1362 -0.9278
vn -0.3358 -0.1572 -0.9287
vn -0.9382 0.0001 0.3461
vn -0.3189 -0.4134 -0.8529
vn -0.9385 0.0003 0.3454
vn -0.3052 -0.4416 -0.8437
vn -0.2634 -0.6636 -0.7001
vn -0.9384 0.0001 0.3456
vn -0.9385 0.0002 0.3454
vn 0.1984 0.8385 0.5076
vn 0.2897 0.5305 0.7966
vn 0.3045 0.5050 0.8076
vn -0.9384 0.0005 0.3456
vn 0.1798 0.8018 0.5699
vn -0.2482 -0.6794 -0.6905
vn -0.1852 -0.8533 -0.4874
vn -0.1655 -0.8696 -0.4651
vn -0.9384 0.0008 0.3457
vn -0.0799 -0.9763 -0.2013
vn -0.0386 -0.9847 -0.1697
vn 0.0280 -0.9971 0.0703
vn -0.9385 -0.0002 0.3453
vn -0.9385 -0.0003 0.3452
vn 0.0346 0.9992 0.0191
vn 0.0882 0.9724 0.2161
vn -0.1166 0.9252 -0.3612
vn -0.0923 0.9781 -0.1864
vn -0.9386 0.0002 0.3449
vn 0.9385 -0.0001 -0.3453
vn 0.9385 -0.0003 -0.3453
vn 0.9386 -0.0002 -0.3450
vn 0.1230 -0.9589 0.2558
vn 0.1881 -0.8755 0.4451
vn 0.9388 -0.0005 -0.3444
vn 0.9389 -0.0009 -0.3443
vn 0.2762 -0.6401 0.7169
vn -0.2248 0.8119 -0.5387
vn -0.2242 0.7141 -0.6632
vn -0.3048 0.5251 -0.7946
vn 0.9388 -0.0009 -0.3445
vn -0.2969 0.3468 -0.8897
vn -0.9384 -0.0001 0.3456
vn -0.9386 0.0002 0.3450
vn 0.2508 -0.5919 0.7660
vn 0.3402 -0.2404 0.9091
vn 0.3646 -0.1563 0.9180
vn 0.3405 0.1593 0.9266
vn -0.9385 0.0001 0.3454
vn -0.9385 0.0001 0.3453
vn -0.9385 0.0001 0.3452
vn -0.3324 -0.1228 -0.9351
vn -0.2946 -0.5251 -0.7984
vn -0.2987 -0.5067 -0.8087
vn -0.3455 0.1643 -0.9239
vn -0.3566 -0.2013 -0.9123
vn 0.9380 -0.0006 -0.3465
vn 0.9381 -0.0003 -0.3465
vn 0.9380 -0.0006 -0.3468
vn -0.2096 -0.8312 -0.5149
vn 0.9386 0.0001 -0.3451
vn 0.9385 -0.0000 -0.3454
vn 0.9384 -0.0003 -0.3454
vn 0.3619 0.3192 0.8759
vn 0.3194 0.5116 0.7977
vn 0.2507 0.7574 0.6029
vn 0.1855 0.7614 0.6212
vn -0.2044 -0.7656 -0.6100
vn -0.8767 0.4808 0.0117
vn -0.6923 0.6667 -0.2760
vn -0.8145 0.4808 -0.3247
vn -0.3464 0.4808 -0.8055
vn -0.0100 0.6668 -0.7452
vn -0.0117 0.4808 -0.8767
vn 0.2760 0.6667 -0.6923
vn 0.3247 0.4808 -0.8145
vn 0.6116 0.4808 -0.6282
vn 0.5199 0.6668 -0.5340
vn 0.8055 0.4808 -0.3464
vn 0.7452 0.6668 -0.0100
vn 0.8767 0.4808 -0.0117
vn 0.6923 0.6667 0.2760
vn 0.8145 0.4808 0.3247
vn 0.6282 0.4808 0.6116
vn 0.5340 0.6668 0.5199
vn 0.3464 0.4808 0.8055
vn 0.0100 0.6668 0.7452
vn 0.0117 0.4808 0.8767
vn -0.2760 0.6667 0.6923
vn -0.3247 0.4808 0.8145
vn -0.6116 0.4808 0.6282
vn -0.5199 0.6667 0.5340
vn -0.8055 0.4808 0.3464
vn -0.7452 0.6668 0.0100
vn -0.6798 0.3161 -0.6618
vn -0.8813 0.3161 -0.3513
vn -0.6282 0.4808 -0.6116
vn -0.0092 -0.7302 -0.6832
vn 0.2018 -0.8384 -0.5063
vn -0.0073 -0.8384 -0.5450
vn -0.6282 -0.4808 -0.6116
vn -0.3748 -0.3161 -0.8716
vn -0.3464 -0.4808 -0.8055
vn -0.7054 -0.1754 -0.6868
vn -0.3796 -0.2770 -0.8827
vn -0.6885 -0.2770 -0.6703
vn -0.7109 -0.1249 -0.6921
vn -0.3876 -0.1927 -0.9015
vn -0.7031 -0.1927 -0.6845
vn -0.7140 -0.0832 -0.6952
vn -0.3944 0.0545 -0.9173
vn -0.3937 -0.0832 -0.9155
vn -0.7140 0.0832 -0.6952
vn -0.3847 0.2269 -0.8947
vn -0.3937 0.0832 -0.9155
vn -0.7031 0.1927 -0.6845
vn -0.3803 0.2707 -0.8844
vn -0.3876 0.1927 -0.9015
vn -0.6584 0.3945 -0.6410
vn -0.3796 0.2770 -0.8827
vn -0.6885 0.2770 -0.6703
vn -0.7756 -0.6311 0.0104
vn -0.6347 -0.7302 -0.2530
vn -0.6832 -0.7302 0.0092
vn -0.5558 -0.6311 -0.5411
vn -0.2699 -0.7302 -0.6277
vn -0.4896 -0.7302 -0.4766
vn -0.8926 -0.2770 -0.3558
vn -0.6584 -0.3945 -0.6410
vn -0.8536 -0.3946 -0.3402
vn -0.8942 -0.2707 -0.3565
vn -0.6898 -0.2707 -0.6715
vn -0.9047 -0.2269 -0.3606
vn -0.6978 -0.2269 -0.6794
vn -0.9257 0.0832 -0.3690
vn -0.7154 -0.0545 -0.6965
vn -0.9275 -0.0545 -0.3697
vn -0.9217 0.1249 -0.3674
vn -0.7109 0.1249 -0.6921
vn -0.8926 0.2770 -0.3558
vn -0.7054 0.1754 -0.6868
vn -0.9145 0.1754 -0.3645
vn -0.7126 -0.6311 0.3064
vn -0.6277 -0.7302 0.2699
vn -0.8716 -0.3161 0.3748
vn -0.8767 -0.4808 0.0117
vn -0.8055 -0.4808 0.3464
vn -0.9044 -0.1754 0.3889
vn -0.9608 -0.2770 0.0129
vn -0.8827 -0.2770 0.3796
vn -0.9015 -0.1927 0.3876
vn -0.9921 -0.1249 0.0133
vn -0.9812 -0.1927 0.0131
vn -0.9173 0.0545 0.3944
vn -0.9964 -0.0832 0.0133
vn -0.9155 -0.0832 0.3937
vn -0.8947 0.2269 0.3847
vn -0.9964 0.0832 0.0133
vn -0.9155 0.0832 0.3937
vn -0.8844 0.2707 0.3803
vn -0.9812 0.1927 0.0131
vn -0.9015 0.1927 0.3876
vn -0.8827 0.2770 0.3796
vn -0.9188 0.3945 0.0123
vn -0.9608 0.2770 0.0129
vn -0.5411 -0.6311 0.5558
vn -0.4766 -0.7302 0.4896
vn -0.6116 -0.4808 0.6282
vn -0.6868 -0.1754 0.7054
vn -0.6703 -0.2770 0.6885
vn -0.6921 -0.1249 0.7109
vn -0.6845 -0.1927 0.7031
vn -0.6952 -0.0832 0.7140
vn -0.6952 0.0832 0.7140
vn -0.6845 0.1927 0.7031
vn -0.6410 0.3945 0.6584
vn -0.6703 0.2770 0.6885
vn -0.2872 -0.6311 0.7206
vn -0.2530 -0.7302 0.6347
vn -0.3513 -0.3161 0.8813
vn -0.3247 -0.4808 0.8145
vn -0.3645 -0.1754 0.9145
vn -0.3558 -0.2770 0.8926
vn -0.3674 -0.1249 0.9217
vn -0.3633 -0.1927 0.9115
vn -0.3690 -0.0832 0.9257
vn -0.6965 0.0545 0.7154
vn -0.3606 0.2269 0.9047
vn -0.3690 0.0832 0.9257
vn -0.3565 0.2707 0.8942
vn -0.3633 0.1927 0.9115
vn -0.3402 0.3945 0.8536
vn -0.3558 0.2770 0.8926
vn 0.0104 -0.6311 0.7756
vn 0.0092 -0.7302 0.6832
vn 0.0127 -0.3161 0.9486
vn 0.0117 -0.4808 0.8767
vn 0.0132 -0.1754 0.9844
vn 0.0129 -0.2770 0.9608
vn 0.0131 -0.1927 0.9812
vn 0.0134 0.0545 0.9984
vn 0.0133 -0.0832 0.9964
vn 0.0133 0.0832 0.9964
vn 0.0131 0.1927 0.9812
vn 0.0123 0.3945 0.9188
vn 0.0129 0.2770 0.9608
vn 0.3064 -0.6311 0.7126
vn 0.2699 -0.7302 0.6277
vn 0.3748 -0.3161 0.8716
vn 0.3464 -0.4808 0.8055
vn 0.3889 -0.1754 0.9044
vn 0.3796 -0.2770 0.8827
vn 0.3876 -0.1927 0.9015
vn 0.0133 -0.1249 0.9921
vn 0.3944 0.0545 0.9173
vn 0.3937 -0.0832 0.9155
vn 0.3847 0.2269 0.8947
vn 0.3937 0.0832 0.9155
vn 0.3803 0.2707 0.8844
vn 0.3876 0.1927 0.9015
vn 0.3796 0.2770 0.8827
vn 0.5558 -0.6311 0.5411
vn 0.4896 -0.7302 0.4766
vn 0.6282 -0.4808 0.6116
vn 0.7054 -0.1754 0.6868
vn 0.6885 -0.2770 0.6703
vn 0.7109 -0.1249 0.6921
vn 0.7031 -0.1927 0.6845
vn 0.7140 -0.0832 0.6952
vn 0.7140 0.0832 0.6952
vn 0.7031 0.1927 0.6845
vn 0.6584 0.3945 0.6410
vn 0.6885 0.2770 0.6703
vn 0.7206 -0.6311 0.2872
vn 0.6347 -0.7302 0.2530
vn 0.8813 -0.3161 0.3513
vn 0.8145 -0.4808 0.3247
vn 0.9145 -0.1754 0.3645
vn 0.8926 -0.2770 0.3558
vn 0.9217 -0.1248 0.3674
vn 0.9115 -0.1927 0.3633
vn 0.9257 -0.0832 0.3690
vn 0.7154 0.0545 0.6965
vn 0.9047 0.2269 0.3606
vn 0.9257 0.0832 0.3690
vn 0.8942 0.2707 0.3565
vn 0.9115 0.1927 0.3633
vn 0.8536 0.3945 0.3402
vn 0.8926 0.2770 0.3558
vn 0.7756 -0.6311 -0.0104
vn 0.6832 -0.7302 -0.0092
vn 0.9486 -0.3161 -0.0127
vn 0.8767 -0.4808 -0.0117
vn 0.9844 -0.1754 -0.0132
vn 0.9608 -0.2770 -0.0129
vn 0.9812 -0.1927 -0.0131
vn 0.9984 0.0545 -0.0134
vn 0.9964 -0.0832 -0.0133
vn 0.9964 0.0832 -0.0133
vn 0.9812 0.1927 -0.0131
vn 0.9188 0.3945 -0.0123
vn 0.9608 0.2770 -0.0129
vn 0.7126 -0.6311 -0.3064
vn 0.6277 -0.7302 -0.2699
vn 0.8716 -0.3161 -0.3748
vn 0.8055 -0.4808 -0.3464
vn 0.9044 -0.1754 -0.3889
vn 0.8827 -0.2770 -0.3796
vn 0.9015 -0.1927 -0.3876
vn 0.9921 -0.1249 -0.0133
vn 0.9173 0.0545 -0.3944
vn 0.9155 -0.0832 -0.3937
vn 0.8947 0.2269 -0.3847
vn 0.9155 0.0832 -0.3937
vn 0.8844 0.2707 -0.3803
vn 0.9015 0.1927 -0.3876
vn 0.8827 0.2770 -0.3796
vn 0.5411 -0.6311 -0.5558
vn 0.4766 -0.7302 -0.4896
vn 0.6116 -0.4808 -0.6282
vn 0.6868 -0.1754 -0.7054
vn 0.6703 -0.2770 -0.6885
vn 0.6921 -0.1249 -0.7109
vn 0.6845 -0.1927 -0.7031
vn 0.6952 -0.0832 -0.7140
vn 0.6952 0.0832 -0.7140
vn 0.6845 0.1927 -0.7031
vn 0.6410 0.3945 -0.6584
vn 0.6703 0.2770 -0.6885
vn 0.2872 -0.6311 -0.7206
vn 0.2530 -0.7302 -0.6347
vn 0.3513 -0.3161 -0.8813
vn 0.3247 -0.4808 -0.8145
vn 0.3645 -0.1754 -0.9145
vn 0.3558 -0.2770 -0.8926
vn 0.3674 -0.1249 -0.9217
vn 0.3633 -0.1927 -0.9115
vn 0.3690 -0.0832 -0.9257
vn 0.6965 0.0545 -0.7154
vn 0.3606 0.2269 -0.9047
vn 0.3690 0.0832 -0.9257
vn 0.3565 0.2707 -0.8942
vn 0.3633 0.1927 -0.9115
vn 0.3402 0.3946 -0.8536
vn 0.3558 0.2770 -0.8926
vn -0.0104 -0.6311 -0.7756
vn -0.0127 -0.3161 -0.9486
vn -0.0117 -0.4808 -0.8767
vn -0.0132 -0.1754 -0.9844
vn -0.0129 -0.2770 -0.9608
vn -0.0131 -0.1927 -0.9812
vn -0.0134 0.0545 -0.9984
vn -0.0133 -0.0832 -0.9964
vn -0.0133 0.0832 -0.9964
vn -0.0131 0.1927 -0.9812
vn -0.0123 0.3945 -0.9188
vn -0.0129 0.2770 -0.9608
vn -0.6923 -0.6667 -0.2760
vn -0.5340 -0.6668 -0.5199
vn -0.3889 -0.1754 -0.9044
vn -0.0133 -0.1249 -0.9921
vn -0.3064 -0.6311 -0.7126
vn -0.9486 -0.3161 0.0127
vn -0.8145 -0.4808 -0.3247
vn -0.9844 -0.1754 0.0132
vn -0.9217 -0.1249 -0.3674
vn -0.9115 -0.1927 -0.3633
vn -0.9984 0.0545 0.0134
vn -0.9257 -0.0832 -0.3690
vn -0.9738 0.2269 0.0130
vn -0.8942 0.2707 -0.3565
vn -0.9115 0.1927 -0.3633
vn -0.6832 0.7302 0.0092
vn -0.7206 0.6311 -0.2872
vn -0.7756 0.6311 0.0104
vn -0.3819 0.8369 0.3922
vn -0.1859 0.8648 0.4664
vn -0.3502 0.8648 0.3597
vn -0.4766 0.7302 0.4896
vn -0.2018 0.8384 0.5063
vn -0.3802 0.8384 0.3905
vn -0.0073 0.8369 -0.5473
vn 0.1859 0.8648 -0.4664
vn 0.2027 0.8369 -0.5085
vn -0.0092 0.7302 -0.6832
vn 0.2018 0.8384 -0.5063
vn 0.2530 0.7302 -0.6347
vn 0.5473 0.8369 -0.0073
vn 0.4664 0.8648 0.1859
vn 0.5085 0.8369 0.2027
vn 0.6832 0.7302 -0.0092
vn 0.5063 0.8384 0.2018
vn 0.6347 0.7302 0.2530
vn 0.0073 0.8369 0.5473
vn -0.2027 0.8369 0.5085
vn 0.0092 0.7302 0.6832
vn -0.2530 0.7302 0.6347
vn -0.2162 0.8369 -0.5029
vn -0.0067 0.8648 -0.5020
vn -0.2153 0.8384 -0.5007
vn -0.0073 0.8384 -0.5450
vn -0.5474 0.8369 0.0073
vn -0.4664 0.8648 -0.1859
vn -0.5085 0.8369 -0.2027
vn -0.5063 0.8384 -0.2018
vn -0.6347 0.7302 -0.2530
vn 0.5029 0.8369 -0.2162
vn 0.5020 0.8648 -0.0067
vn 0.5007 0.8384 -0.2153
vn 0.5450 0.8384 -0.0073
vn 0.1983 0.8648 0.4612
vn 0.0067 0.8648 0.5020
vn -0.4089 0.8212 -0.3981
vn -0.3922 0.8369 -0.3819
vn -0.3597 0.8648 -0.3502
vn -0.1983 0.8648 -0.4612
vn -0.3981 0.8212 0.4089
vn -0.5029 0.8369 0.2162
vn -0.5242 0.8212 0.2254
vn -0.4612 0.8648 0.1983
vn -0.5020 0.8648 0.0067
vn 0.3981 0.8212 -0.4089
vn 0.3819 0.8369 -0.3922
vn 0.3502 0.8648 -0.3597
vn 0.4612 0.8648 -0.1983
vn 0.4089 0.8212 0.3981
vn 0.3922 0.8369 0.3818
vn 0.2162 0.8369 0.5029
vn 0.2153 0.8384 0.5007
vn 0.0073 0.8384 0.5450
vn -0.4896 0.7302 -0.4766
vn -0.2699 0.7302 -0.6277
vn -0.6277 0.7302 0.2699
vn -0.5450 0.8384 0.0073
vn 0.4766 0.7302 -0.4896
vn 0.6277 0.7302 -0.2699
vn 0.3597 0.8648 0.3502
vn 0.2254 -0.8212 0.5242
vn 0.3922 -0.8369 0.3819
vn 0.4089 -0.8212 0.3981
vn 0.4664 -0.8648 0.1859
vn 0.5085 -0.8369 0.2027
vn -0.3981 -0.8212 0.4089
vn -0.5029 -0.8369 0.2162
vn -0.3819 -0.8369 0.3922
vn -0.1859 -0.8648 0.4664
vn -0.2027 -0.8369 0.5085
vn 0.3981 -0.8212 -0.4089
vn 0.2027 -0.8369 -0.5085
vn 0.2113 -0.8212 -0.5301
vn -0.0073 -0.8369 -0.5473
vn 0.1859 -0.8648 -0.4664
vn -0.0067 -0.8648 -0.5020
vn 0.5063 -0.8384 0.2018
vn 0.5450 -0.8384 -0.0073
vn 0.5473 -0.8369 -0.0073
vn 0.5020 -0.8648 -0.0067
vn -0.2018 -0.8384 0.5063
vn 0.0073 -0.8384 0.5450
vn 0.0073 -0.8369 0.5473
vn 0.0067 -0.8648 0.5020
vn -0.2153 -0.8384 -0.5007
vn -0.1983 -0.8648 -0.4612
vn -0.2162 -0.8369 -0.5029
vn -0.4089 -0.8212 -0.3981
vn -0.5085 -0.8369 -0.2027
vn -0.5301 -0.8212 -0.2113
vn -0.5020 -0.8648 0.0067
vn -0.5473 -0.8369 0.0073
vn 0.5007 -0.8384 -0.2153
vn 0.5029 -0.8369 -0.2162
vn 0.4612 -0.8648 -0.1983
vn 0.2153 -0.8384 0.5007
vn 0.1983 -0.8648 0.4612
vn 0.2162 -0.8369 0.5029
vn -0.3905 -0.8384 -0.3802
vn -0.3597 -0.8648 -0.3502
vn -0.3922 -0.8369 -0.3819
vn -0.5007 -0.8384 0.2153
vn -0.4612 -0.8648 0.1983
vn 0.3802 -0.8384 -0.3905
vn 0.3819 -0.8369 -0.3922
vn 0.3502 -0.8648 -0.3597
vn 0.3597 -0.8648 0.3502
vn -0.4664 -0.8648 -0.1859
vn -0.5063 -0.8384 -0.2018
vn -0.5450 -0.8384 0.0073
vn -0.3502 -0.8648 0.3597
vn 0.2254 0.8212 0.5242
vn 0.5242 0.8212 -0.2254
vn -0.5706 0.8212 0.0076
vn -0.2254 0.8212 -0.5242
vn 0.4896 0.7302 0.4766
vn 0.3905 0.8384 0.3802
vn 0.3802 0.8384 -0.3905
vn -0.5007 0.8384 0.2153
vn -0.3905 0.8384 -0.3802
vn 0.0076 0.8212 0.5706
vn 0.5706 0.8212 -0.0076
vn -0.5301 0.8212 -0.2113
vn -0.0076 0.8212 -0.5706
vn -0.2113 0.8212 0.5301
vn 0.5301 0.8212 0.2113
vn 0.2113 0.8212 -0.5301
vn -0.5340 0.6668 -0.5199
vn -0.7126 0.6311 0.3064
vn -0.5411 0.6311 0.5558
vn -0.2872 0.6311 0.7206
vn 0.0104 0.6311 0.7756
vn 0.2699 0.7302 0.6277
vn 0.3064 0.6311 0.7126
vn 0.5558 0.6311 0.5411
vn 0.7206 0.6311 0.2872
vn 0.7756 0.6311 -0.0104
vn 0.7126 0.6311 -0.3064
vn 0.5411 0.6311 -0.5558
vn 0.2872 0.6311 -0.7206
vn -0.0104 0.6311 -0.7756
vn -0.3064 0.6311 -0.7126
vn -0.5558 0.6311 -0.5411
vn -0.9486 0.3161 0.0127
vn -0.3748 0.3161 -0.8716
vn -0.0127 0.3161 -0.9486
vn 0.3513 0.3161 -0.8813
vn 0.6618 0.3161 -0.6798
vn 0.8716 0.3161 -0.3748
vn 0.9486 0.3161 -0.0127
vn 0.8813 0.3161 0.3513
vn 0.6798 0.3161 0.6618
vn 0.3748 0.3161 0.8716
vn 0.0127 0.3161 0.9486
vn -0.3513 0.3161 0.8813
vn -0.6618 0.3161 0.6798
vn -0.8716 0.3161 0.3748
vn -0.8536 0.3945 -0.3402
vn -0.9844 0.1754 0.0132
vn -0.3889 0.1754 -0.9044
vn -0.0132 0.1754 -0.9844
vn 0.3645 0.1754 -0.9145
vn 0.6868 0.1754 -0.7054
vn 0.9044 0.1754 -0.3889
vn 0.9844 0.1754 -0.0132
vn 0.9145 0.1754 0.3645
vn 0.7054 0.1754 0.6868
vn 0.3889 0.1754 0.9044
vn 0.0132 0.1754 0.9844
vn -0.3645 0.1754 0.9145
vn -0.6868 0.1754 0.7054
vn -0.9044 0.1754 0.3889
vn -0.9921 0.1249 0.0133
vn -0.3919 0.1248 -0.9115
vn -0.0133 0.1249 -0.9921
vn 0.3674 0.1249 -0.9217
vn 0.6921 0.1249 -0.7109
vn 0.9115 0.1248 -0.3919
vn 0.9921 0.1249 -0.0133
vn 0.9217 0.1248 0.3674
vn 0.7109 0.1249 0.6921
vn 0.3919 0.1248 0.9115
vn 0.0133 0.1249 0.9921
vn -0.3674 0.1249 0.9217
vn -0.6921 0.1249 0.7109
vn -0.9115 0.1248 0.3919
vn -0.9047 0.2269 -0.3606
vn -0.9984 -0.0545 0.0134
vn -0.3944 -0.0545 -0.9173
vn -0.0134 -0.0545 -0.9984
vn 0.3697 -0.0545 -0.9275
vn 0.6965 -0.0545 -0.7154
vn 0.9173 -0.0545 -0.3944
vn 0.9984 -0.0545 -0.0134
vn 0.9275 -0.0545 0.3697
vn 0.7154 -0.0545 0.6965
vn 0.3944 -0.0545 0.9173
vn 0.0134 -0.0545 0.9984
vn -0.3697 -0.0545 0.9275
vn -0.6965 -0.0545 0.7154
vn -0.9173 -0.0545 0.3944
vn -0.7154 0.0545 -0.6965
vn -0.9738 -0.2269 0.0130
vn -0.3847 -0.2269 -0.8947
vn -0.0130 -0.2269 -0.9738
vn 0.3606 -0.2269 -0.9047
vn 0.6794 -0.2269 -0.6978
vn 0.8947 -0.2269 -0.3847
vn 0.9738 -0.2269 -0.0130
vn 0.9047 -0.2269 0.3606
vn 0.6978 -0.2269 0.6794
vn 0.3847 -0.2269 0.8947
vn 0.0130 -0.2269 0.9738
vn -0.3606 -0.2269 0.9047
vn -0.6794 -0.2269 0.6978
vn -0.8947 -0.2269 0.3847
vn -0.9626 -0.2707 0.0129
vn -0.3803 -0.2707 -0.8844
vn -0.0129 -0.2707 -0.9626
vn 0.3565 -0.2707 -0.8942
vn 0.6715 -0.2707 -0.6898
vn 0.8844 -0.2707 -0.3803
vn 0.9626 -0.2707 -0.0129
vn 0.8942 -0.2707 0.3565
vn 0.6898 -0.2707 0.6715
vn 0.3803 -0.2707 0.8844
vn 0.0129 -0.2707 0.9626
vn -0.3565 -0.2707 0.8942
vn -0.6715 -0.2707 0.6898
vn -0.8844 -0.2707 0.3803
vn -0.9145 -0.1754 -0.3645
vn -0.9188 -0.3945 0.0123
vn -0.3630 -0.3946 -0.8441
vn -0.0123 -0.3945 -0.9188
vn 0.3402 -0.3946 -0.8536
vn 0.6410 -0.3946 -0.6584
vn 0.8441 -0.3946 -0.3630
vn 0.9188 -0.3945 -0.0123
vn 0.8536 -0.3945 0.3402
vn 0.6584 -0.3945 0.6410
vn 0.3630 -0.3946 0.8441
vn 0.0123 -0.3945 0.9188
vn -0.3402 -0.3946 0.8536
vn -0.6410 -0.3945 0.6584
vn -0.8441 -0.3946 0.3630
vn -0.8813 -0.3161 -0.3513
vn -0.2944 -0.6667 -0.6847
vn -0.7206 -0.6311 -0.2872
vn -0.0100 -0.6668 -0.7452
vn 0.2760 -0.6668 -0.6923
vn 0.5199 -0.6668 -0.5340
vn 0.6847 -0.6667 -0.2944
vn 0.7452 -0.6668 -0.0100
vn 0.6923 -0.6667 0.2760
vn 0.5340 -0.6667 0.5199
vn 0.2944 -0.6667 0.6847
vn 0.0100 -0.6668 0.7452
vn -0.2760 -0.6667 0.6923
vn -0.5199 -0.6668 0.5340
vn -0.6847 -0.6667 0.2944
vn -0.7452 -0.6668 0.0100
vn -0.0076 -0.8212 -0.5706
vn -0.2113 -0.8212 0.5301
vn -0.5706 -0.8212 0.0076
vn 0.5301 -0.8212 0.2113
vn -0.5242 -0.8212 0.2254
vn 0.0076 -0.8212 0.5706
vn 0.5706 -0.8212 -0.0076
vn 0.5242 -0.8212 -0.2254
vn -0.2254 -0.8212 -0.5242
vn -0.3802 -0.8384 0.3905
vn 0.3905 -0.8384 0.3802
vn -0.6847 0.6667 0.2944
vn 0.2944 0.6667 0.6847
vn 0.6847 0.6667 -0.2944
vn -0.2944 0.6667 -0.6847
vn -0.3630 0.3946 -0.8441
vn 0.8441 0.3946 -0.3630
vn 0.3630 0.3946 0.8441
vn -0.8441 0.3946 0.3630
vn -0.6898 0.2707 -0.6715
vn -0.0129 0.2707 -0.9626
vn 0.6715 0.2707 -0.6898
vn 0.9626 0.2707 -0.0129
vn 0.6898 0.2707 0.6715
vn 0.0129 0.2707 0.9626
vn -0.6715 0.2707 0.6898
vn -0.9626 0.2707 0.0129
vn -0.6978 0.2269 -0.6794
vn -0.0130 0.2269 -0.9738
vn 0.6794 0.2269 -0.6978
vn 0.9738 0.2269 -0.0130
vn 0.6978 0.2269 0.6794
vn 0.0130 0.2269 0.9738
vn -0.6794 0.2269 0.6978
vn -0.9275 0.0545 -0.3697
vn 0.3697 0.0545 -0.9275
vn 0.9275 0.0545 0.3697
vn -0.3697 0.0545 0.9275
vn -0.3919 -0.1248 -0.9115
vn 0.9115 -0.1248 -0.3919
vn 0.3919 -0.1248 0.9115
vn -0.9115 -0.1248 0.3919
vn -0.6798 -0.3161 -0.6618
vn 0.6618 -0.3161 -0.6798
vn 0.6798 -0.3161 0.6618
vn -0.6618 -0.3161 0.6798
vn 0.3703 -0.0000 -0.9289
vn 0.6976 -0.0000 -0.7165
vn 0.7165 -0.0000 0.6976
vn 0.9289 -0.0000 0.3703
vn -0.6976 -0.0000 0.7165
vn -0.9187 -0.0000 0.3950
vn -0.9289 -0.0000 -0.3703
vn -0.7165 -0.0000 -0.6976
vn 0.3950 -0.0000 0.9187
vn 0.9187 -0.0000 -0.3950
vn -0.9999 -0.0000 0.0134
vn -0.3950 -0.0000 -0.9187
vn 0.0134 -0.0000 0.9999
vn 0.9999 -0.0000 -0.0134
vn -0.0134 -0.0000 -0.9999
vn -0.3703 -0.0000 0.9289
vn 0.0497 0.9910 -0.1246
vn -0.0497 0.9910 0.1246
vn 0.0510 -0.9905 -0.1278
vn -0.0510 -0.9905 0.1278
vn -0.0509 -0.9905 0.1278
vn -0.0950 -0.9618 0.2567
vn 0.0977 0.9646 -0.2450
vn 0.1448 0.9204 -0.3632
vn -0.1000 -0.9628 0.2510
vn -0.1355 -0.9233 0.3595
vn -0.1811 -0.8929 0.4122
vn -0.1795 -0.8368 0.5173
vn 0.1419 0.9199 -0.3655
vn 0.1948 0.8492 -0.4909
vn 0.2154 0.8236 -0.5246
vn 0.2543 0.7207 -0.6449
vn 0.2725 0.6869 -0.6737
vn 0.3005 0.5720 -0.7632
vn -0.3294 -0.5624 0.7584
vn -0.3259 -0.4837 0.8123
vn -0.2791 -0.6169 0.7359
vn -0.2947 -0.6862 0.6651
vn -0.2457 -0.7376 0.6290
vn -0.3349 -0.4516 0.8270
vn 0.3166 0.5351 -0.7832
vn 0.3321 0.4210 -0.8441
vn 0.3461 0.3829 -0.8565
vn 0.3521 0.2725 -0.8954
vn -0.3441 -0.3544 0.8695
vn -0.3550 -0.2587 0.8983
vn -0.3484 -0.3557 0.8673
vn -0.3662 -0.2250 0.9029
vn 0.3643 0.2340 -0.9014
vn 0.3612 0.1306 -0.9233
vn 0.3720 0.0950 -0.9234
vn 0.3723 0.0003 -0.9281
vn -0.3650 -0.0911 0.9265
vn -0.3181 -0.0117 0.9480
vn -0.3620 -0.1269 0.9235
vn -0.3715 0.0273 0.9280
vn 0.3698 -0.0004 -0.9291
vn 0.3670 -0.0464 -0.9291
vn 0.3660 -0.0468 -0.9294
vn 0.9288 -0.0003 0.3705
vn -0.0131 -0.9999 -0.0025
vn -0.0060 -1.0000 0.0041
vn -0.0163 -0.9999 -0.0055
vn 0.9289 0.0005 0.3703
vn 0.9289 0.0007 0.3703
vn -0.0028 -1.0000 0.0071
vn 0.0159 0.9997 -0.0207
vn 0.0185 0.9996 -0.0213
vn 0.0115 0.9997 -0.0198
vn -0.3737 0.0720 0.9247
vn -0.3723 0.0698 0.9255
vn -0.3765 0.0764 0.9233
vn 0.0228 0.9995 -0.0222
vn -0.3695 0.0654 0.9269
vn -0.4088 0.0497 0.9113
vn -0.2338 -0.7913 0.5650
vn 0.0509 -0.9905 -0.1278
vn 0.1025 -0.9609 -0.2573
vn 0.0980 -0.9613 -0.2574
vn 0.1655 -0.8985 -0.4066
vn -0.1425 0.9230 0.3575
vn -0.1370 0.9216 0.3633
vn -0.0977 0.9646 0.2450
vn -0.1647 0.8758 0.4536
vn 0.1283 -0.9290 -0.3470
vn 0.1622 -0.8490 -0.5029
vn 0.2257 -0.7776 -0.5869
vn 0.2411 -0.7475 -0.6189
vn 0.2877 -0.6370 -0.7151
vn -0.1827 0.7708 0.6103
vn -0.3123 0.7020 0.6400
vn -0.2168 0.8348 0.5060
vn -0.2422 0.6296 0.7382
vn -0.3310 0.5585 0.7606
vn -0.3100 0.5034 0.8065
vn 0.2926 -0.6023 -0.7427
vn 0.3273 -0.4897 -0.8081
vn 0.3269 -0.4560 -0.8278
vn -0.9289 -0.0000 -0.3704
vn 0.3438 -0.3557 -0.8691
vn -0.3162 0.3927 0.8636
vn -0.3997 0.3237 0.8576
vn -0.3378 0.4482 0.8276
vn -0.9288 -0.0001 -0.3706
vn -0.9288 -0.0002 -0.3705
vn -0.3389 0.2570 0.9050
vn 0.3483 -0.3544 -0.8678
vn 0.3603 -0.2587 -0.8962
vn 0.3554 -0.2250 -0.9072
vn -0.9289 -0.0000 -0.3702
vn 0.3726 -0.1269 -0.9193
vn -0.3538 0.1132 0.9285
vn -0.3478 0.1034 0.9318
vn -0.3838 0.2003 0.9014
vn -0.9290 0.0001 -0.3700
vn -0.9290 -0.0000 -0.3702
vn -0.3688 -0.0461 0.9284
vn -0.3707 -0.0467 0.9276
vn 0.3725 -0.0911 -0.9236
vn 0.4220 -0.0123 -0.9065
vn 0.3671 0.0268 -0.9298
vn -0.9290 -0.0005 -0.3702
vn 0.3294 0.0479 -0.9430
vn 0.0182 0.9990 0.0418
vn 0.0049 1.0000 -0.0048
vn -0.0188 0.9969 0.0770
vn -0.3715 -0.1408 0.9177
vn -0.3730 -0.1415 0.9170
vn 0.0065 -0.9999 0.0137
vn 0.0012 -1.0000 0.0082
vn 0.0096 -0.9998 0.0170
vn 0.3577 -0.0812 -0.9303
vn 0.3695 -0.0640 -0.9270
vn 0.3617 -0.0755 -0.9292
vn -0.0019 -1.0000 0.0048
vn 0.3500 -0.0923 -0.9322
vn -0.0227 0.9940 0.1066
vn -0.9290 -0.0003 -0.3700
vn -0.9290 -0.0001 -0.3701
vn -0.0999 0.9824 0.1581
vn -0.9290 -0.0000 -0.3701
vn -0.0317 0.9991 0.0274
vn -0.0386 0.9840 0.1742
vn 0.0860 0.9737 -0.2108
vn 0.1131 0.9254 -0.3618
vn -0.9290 -0.0011 -0.3701
vn -0.9290 -0.0003 -0.3701
vn -0.9290 -0.0001 -0.3702
vn -0.1213 0.9182 0.3770
vn -0.9291 -0.0010 -0.3699
vn -0.0126 -0.9965 0.0829
vn -0.1764 -0.8592 0.4802
vn -0.1754 -0.9121 0.3706
vn 0.1005 -0.9503 -0.2946
vn -0.0142 -0.9993 -0.0358
vn 0.9289 -0.0000 0.3702
vn 0.9289 0.0001 0.3703
vn 0.9289 0.0001 0.3702
vn -0.2870 -0.6137 0.7355
vn 0.9291 0.0007 0.3698
vn 0.9292 0.0006 0.3697
vn 0.2506 0.6923 -0.6767
vn 0.1958 0.8447 -0.4982
vn 0.2827 0.6600 -0.6961
vn 0.3279 0.4371 -0.8375
vn 0.9292 -0.0000 0.3697
vn 0.3415 0.4179 -0.8419
vn -0.9287 0.0003 -0.3708
vn -0.9288 0.0001 -0.3705
vn -0.9290 -0.0000 -0.3700
vn 0.3609 0.1621 -0.9184
vn -0.3573 -0.1841 0.9157
vn -0.3012 -0.4313 0.8505
vn -0.3470 0.1021 0.9323
vn -0.9292 -0.0000 -0.3697
vn 0.9290 -0.0001 0.3701
vn -0.3779 0.1762 0.9089
vn 0.3716 0.1313 -0.9191
vn 0.3617 -0.1362 -0.9223
vn 0.3708 -0.1572 -0.9153
vn -0.9293 0.0001 -0.3694
vn 0.3326 -0.4134 -0.8476
vn -0.9290 0.0003 -0.3701
vn 0.3367 -0.4416 -0.8317
vn 0.2718 -0.6636 -0.6969
vn -0.9291 0.0001 -0.3699
vn -0.9290 0.0002 -0.3702
vn -0.1916 0.8385 0.5102
vn -0.3168 0.5305 0.7863
vn -0.3131 0.5050 0.8043
vn -0.9291 0.0005 -0.3700
vn -0.2470 0.8018 0.5441
vn 0.2768 -0.6794 -0.6796
vn 0.1879 -0.8533 -0.4864
vn 0.1876 -0.8696 -0.4566
vn -0.9291 0.0008 -0.3699
vn 0.0750 -0.9763 -0.2032
vn 0.0846 -0.9847 -0.1520
vn -0.0261 -0.9971 0.0711
vn -0.9289 -0.0002 -0.3702
vn -0.9289 -0.0002 -0.3703
vn 0.0130 0.9992 0.0373
vn -0.0788 0.9724 0.2197
vn 0.1546 0.9252 -0.3467
vn 0.0559 0.9781 -0.2003
vn -0.9288 0.0002 -0.3706
vn 0.9290 -0.0000 0.3702
vn 0.9290 -0.0003 0.3702
vn 0.9288 -0.0002 0.3705
vn -0.0794 -0.9589 0.2725
vn -0.1575 -0.8755 0.4568
vn 0.9286 -0.0005 0.3711
vn 0.9285 -0.0009 0.3712
vn -0.2736 -0.6401 0.7179
vn 0.1928 0.8119 -0.5510
vn 0.2764 0.7141 -0.6432
vn 0.3042 0.5251 -0.7948
vn 0.9286 -0.0009 0.3710
vn 0.3736 0.3468 -0.8603
vn -0.9291 -0.0001 -0.3699
vn -0.9291 -0.0000 -0.3699
vn -0.3252 -0.5919 0.7375
vn -0.3544 -0.2404 0.9037
vn -0.3422 -0.1563 0.9265
vn -0.3659 0.1593 0.9169
vn -0.9290 0.0001 -0.3701
vn -0.9289 0.0001 -0.3702
vn -0.9289 0.0001 -0.3703
vn 0.3775 -0.1228 -0.9178
vn 0.3144 -0.5251 -0.7908
vn 0.3182 -0.5067 -0.8013
vn 0.3603 0.1643 -0.9182
vn 0.3444 -0.2013 -0.9170
vn 0.9294 -0.0006 0.3690
vn 0.9294 -0.0003 0.3691
vn 0.9295 -0.0006 0.3688
vn 0.1882 -0.8312 -0.5231
vn 0.9289 0.0001 0.3704
vn 0.9290 -0.0003 0.3701
vn -0.3160 0.3192 0.8934
vn -0.2953 0.5116 0.8069
vn -0.2164 0.7574 0.6161
vn -0.2771 0.7614 0.5861
vn 0.2555 -0.7656 -0.5904
vn -0.8669 0.4808 0.1315
vn -0.7235 0.6667 -0.1787
vn -0.8512 0.4808 -0.2102
vn -0.4533 0.4808 -0.7506
vn -0.1118 0.6668 -0.7368
vn -0.1315 0.4808 -0.8669
vn 0.1787 0.6667 -0.7235
vn 0.2102 0.4808 -0.8512
vn 0.5200 0.4808 -0.7060
vn 0.4420 0.6668 -0.6001
vn 0.7506 0.4808 -0.4533
vn 0.7368 0.6668 -0.1118
vn 0.8669 0.4808 -0.1315
vn 0.7235 0.6667 0.1787
vn 0.8512 0.4808 0.2102
vn 0.7060 0.4808 0.5200
vn 0.6001 0.6668 0.4420
vn 0.4533 0.4808 0.7506
vn 0.1118 0.6668 0.7368
vn 0.1315 0.4808 0.8669
vn -0.1787 0.6667 0.7235
vn -0.2102 0.4808 0.8512
vn -0.5200 0.4808 0.7060
vn -0.4420 0.6668 0.6001
vn -0.7506 0.4808 0.4533
vn -0.7368 0.6668 0.1118
vn -0.7639 0.3161 -0.5626
vn -0.9210 0.3161 -0.2275
vn -0.7060 0.4808 -0.5200
vn -0.1025 -0.7302 -0.6755
vn 0.1307 -0.8384 -0.5292
vn -0.0818 -0.8384 -0.5389
vn -0.7060 -0.4808 -0.5200
vn -0.4904 -0.3161 -0.8121
vn -0.4533 -0.4808 -0.7506
vn -0.7927 -0.1754 -0.5838
vn -0.4967 -0.2770 -0.8225
vn -0.7737 -0.2770 -0.5698
vn -0.7989 -0.1249 -0.5884
vn -0.5073 -0.1927 -0.8400
vn -0.7901 -0.1927 -0.5819
vn -0.8024 -0.0832 -0.5910
vn -0.5162 0.0545 -0.8547
vn -0.5152 -0.0832 -0.8531
vn -0.8024 0.0832 -0.5910
vn -0.5035 0.2269 -0.8337
vn -0.5152 0.0832 -0.8531
vn -0.7901 0.1927 -0.5819
vn -0.4977 0.2707 -0.8241
vn -0.5073 0.1927 -0.8400
vn -0.7399 0.3945 -0.5449
vn -0.4967 0.2770 -0.8225
vn -0.7737 0.2770 -0.5698
vn -0.7669 -0.6311 0.1164
vn -0.6633 -0.7302 -0.1638
vn -0.6755 -0.7302 0.1025
vn -0.6246 -0.6311 -0.4600
vn -0.3532 -0.7302 -0.5849
vn -0.5502 -0.7302 -0.4052
vn -0.9328 -0.2770 -0.2304
vn -0.7399 -0.3945 -0.5449
vn -0.8921 -0.3945 -0.2203
vn -0.9346 -0.2707 -0.2308
vn -0.7751 -0.2707 -0.5709
vn -0.9455 -0.2269 -0.2335
vn -0.7842 -0.2269 -0.5776
vn -0.9675 0.0832 -0.2389
vn -0.8040 -0.0545 -0.5921
vn -0.9694 -0.0545 -0.2394
vn -0.9632 0.1249 -0.2379
vn -0.7989 0.1249 -0.5884
vn -0.9328 0.2770 -0.2304
vn -0.7927 0.1754 -0.5838
vn -0.9558 0.1754 -0.2360
vn -0.6640 -0.6311 0.4010
vn -0.5849 -0.7302 0.3532
vn -0.8121 -0.3161 0.4904
vn -0.8669 -0.4808 0.1315
vn -0.7506 -0.4808 0.4533
vn -0.8427 -0.1754 0.5089
vn -0.9500 -0.2770 0.1441
vn -0.8225 -0.2770 0.4967
vn -0.8400 -0.1927 0.5073
vn -0.9809 -0.1249 0.1488
vn -0.9702 -0.1927 0.1472
vn -0.8547 0.0545 0.5162
vn -0.9853 -0.0832 0.1495
vn -0.8531 -0.0832 0.5152
vn -0.8337 0.2269 0.5035
vn -0.9853 0.0832 0.1495
vn -0.8531 0.0832 0.5152
vn -0.8241 0.2707 0.4977
vn -0.9702 0.1927 0.1472
vn -0.8400 0.1927 0.5073
vn -0.8225 0.2770 0.4967
vn -0.9085 0.3945 0.1378
vn -0.9500 0.2770 0.1441
vn -0.4600 -0.6311 0.6246
vn -0.4052 -0.7302 0.5502
vn -0.5200 -0.4808 0.7060
vn -0.5838 -0.1754 0.7927
vn -0.5698 -0.2770 0.7737
vn -0.5884 -0.1249 0.7989
vn -0.5819 -0.1927 0.7901
vn -0.5910 -0.0832 0.8024
vn -0.5910 0.0832 0.8024
vn -0.5819 0.1927 0.7901
vn -0.5449 0.3945 0.7399
vn -0.5698 0.2770 0.7737
vn -0.1860 -0.6311 0.7531
vn -0.1638 -0.7302 0.6633
vn -0.2275 -0.3161 0.9210
vn -0.2102 -0.4808 0.8512
vn -0.2360 -0.1754 0.9558
vn -0.2304 -0.2770 0.9328
vn -0.2379 -0.1249 0.9632
vn -0.2353 -0.1927 0.9526
vn -0.2389 -0.0832 0.9675
vn -0.5922 0.0545 0.8040
vn -0.2335 0.2269 0.9455
vn -0.2389 0.0832 0.9675
vn -0.2308 0.2707 0.9346
vn -0.2353 0.1927 0.9526
vn -0.2203 0.3945 0.8921
vn -0.2304 0.2770 0.9328
vn 0.1164 -0.6311 0.7669
vn 0.1025 -0.7302 0.6755
vn 0.1423 -0.3161 0.9380
vn 0.1315 -0.4808 0.8669
vn 0.1477 -0.1754 0.9733
vn 0.1441 -0.2770 0.9500
vn 0.1472 -0.1927 0.9702
vn 0.1498 0.0545 0.9872
vn 0.1495 -0.0832 0.9853
vn 0.1495 0.0832 0.9853
vn 0.1472 0.1927 0.9702
vn 0.1378 0.3945 0.9085
vn 0.1441 0.2770 0.9500
vn 0.4010 -0.6311 0.6640
vn 0.3532 -0.7302 0.5849
vn 0.4904 -0.3161 0.8121
vn 0.4533 -0.4808 0.7506
vn 0.5089 -0.1754 0.8427
vn 0.4967 -0.2770 0.8225
vn 0.5073 -0.1927 0.8400
vn 0.1488 -0.1249 0.9809
vn 0.5162 0.0545 0.8547
vn 0.5152 -0.0832 0.8531
vn 0.5035 0.2269 0.8337
vn 0.5152 0.0832 0.8531
vn 0.4977 0.2707 0.8241
vn 0.5073 0.1927 0.8400
vn 0.4967 0.2770 0.8225
vn 0.6246 -0.6311 0.4600
vn 0.5502 -0.7302 0.4052
vn 0.7060 -0.4808 0.5200
vn 0.7927 -0.1754 0.5838
vn 0.7737 -0.2770 0.5698
vn 0.7989 -0.1249 0.5884
vn 0.7901 -0.1927 0.5819
vn 0.8024 -0.0832 0.5910
vn 0.8024 0.0832 0.5910
vn 0.7901 0.1927 0.5819
vn 0.7399 0.3945 0.5449
vn 0.7737 0.2770 0.5698
vn 0.7531 -0.6311 0.1860
vn 0.6633 -0.7302 0.1638
vn 0.9210 -0.3161 0.2275
vn 0.8512 -0.4808 0.2102
vn 0.9558 -0.1754 0.2360
vn 0.9328 -0.2770 0.2304
vn 0.9632 -0.1249 0.2379
vn 0.9526 -0.1927 0.2353
vn 0.9675 -0.0832 0.2389
vn 0.8040 0.0545 0.5922
vn 0.9455 0.2269 0.2335
vn 0.9675 0.0832 0.2389
vn 0.9346 0.2707 0.2308
vn 0.9526 0.1927 0.2353
vn 0.8921 0.3945 0.2203
vn 0.9328 0.2770 0.2304
vn 0.7669 -0.6311 -0.1164
vn 0.6755 -0.7302 -0.1025
vn 0.9380 -0.3161 -0.1423
vn 0.8669 -0.4808 -0.1315
vn 0.9733 -0.1754 -0.1477
vn 0.9500 -0.2770 -0.1441
vn 0.9702 -0.1927 -0.1472
vn 0.9872 0.0545 -0.1498
vn 0.9853 -0.0832 -0.1495
vn 0.9853 0.0832 -0.1495
vn 0.9702 0.1927 -0.1472
vn 0.9085 0.3945 -0.1378
vn 0.9500 0.2770 -0.1441
vn 0.6640 -0.6311 -0.4010
vn 0.5849 -0.7302 -0.3532
vn 0.8121 -0.3161 -0.4904
vn 0.7506 -0.4808 -0.4533
vn 0.8427 -0.1754 -0.5089
vn 0.8225 -0.2770 -0.4967
vn 0.8400 -0.1927 -0.5073
vn 0.9809 -0.1249 -0.1488
vn 0.8547 0.0545 -0.5162
vn 0.8531 -0.0832 -0.5152
vn 0.8337 0.2269 -0.5035
vn 0.8531 0.0832 -0.5152
vn 0.8241 0.2707 -0.4977
vn 0.8400 0.1927 -0.5073
vn 0.8225 0.2770 -0.4967
vn 0.4600 -0.6311 -0.6246
vn 0.4052 -0.7302 -0.5502
vn 0.5200 -0.4808 -0.7060
vn 0.5838 -0.1754 -0.7927
vn 0.5698 -0.2770 -0.7737
vn 0.5884 -0.1249 -0.7989
vn 0.5819 -0.1927 -0.7901
vn 0.5910 -0.0832 -0.8024
vn 0.5910 0.0832 -0.8024
vn 0.5819 0.1927 -0.7901
vn 0.5449 0.3945 -0.7399
vn 0.5698 0.2770 -0.7737
vn 0.1860 -0.6311 -0.7531
vn 0.1638 -0.7302 -0.6633
vn 0.2275 -0.3161 -0.9210
vn 0.2102 -0.4808 -0.8512
vn 0.2360 -0.1754 -0.9558
vn 0.2304 -0.2770 -0.9328
vn 0.2379 -0.1249 -0.9632
vn 0.2353 -0.1927 -0.9526
vn 0.2389 -0.0832 -0.9675
vn 0.5922 0.0545 -0.8040
vn 0.2335 0.2269 -0.9455
vn 0.2389 0.0832 -0.9675
vn 0.2308 0.2707 -0.9346
vn 0.2353 0.1927 -0.9526
vn 0.2203 0.3946 -0.8921
vn 0.2304 0.2770 -0.9328
vn -0.1164 -0.6311 -0.7669
vn -0.1423 -0.3161 -0.9380
vn -0.1315 -0.4808 -0.8669
vn -0.1477 -0.1754 -0.9733
vn -0.1441 -0.2770 -0.9500
vn -0.1472 -0.1927 -0.9702
vn -0.1498 0.0545 -0.9872
vn -0.1495 -0.0832 -0.9853
vn -0.1495 0.0832 -0.9853
vn -0.1472 0.1927 -0.9702
vn -0.1378 0.3945 -0.9085
vn -0.1441 0.2770 -0.9500
vn -0.7235 -0.6667 -0.1787
vn -0.6001 -0.6668 -0.4420
vn -0.5089 -0.1754 -0.8427
vn -0.1488 -0.1249 -0.9809
vn -0.4010 -0.6311 -0.6640
vn -0.9380 -0.3161 0.1423
vn -0.8512 -0.4808 -0.2102
vn -0.9733 -0.1754 0.1477
vn -0.9632 -0.1249 -0.2379
vn -0.9526 -0.1927 -0.2353
vn -0.9872 0.0545 0.1498
vn -0.9675 -0.0832 -0.2389
vn -0.9629 0.2269 0.1461
vn -0.9346 0.2707 -0.2308
vn -0.9526 0.1927 -0.2353
vn -0.6755 0.7302 0.1025
vn -0.7531 0.6311 -0.1860
vn -0.7669 0.6311 0.1164
vn -0.3246 0.8369 0.4408
vn -0.1204 0.8648 0.4874
vn -0.2977 0.8648 0.4043
vn -0.4052 0.7302 0.5502
vn -0.1307 0.8384 0.5292
vn -0.3232 0.8384 0.4389
vn -0.0821 0.8369 -0.5412
vn 0.1204 0.8648 -0.4874
vn 0.1312 0.8369 -0.5314
vn -0.1025 0.7302 -0.6755
vn 0.1307 0.8384 -0.5292
vn 0.1638 0.7302 -0.6633
vn 0.5412 0.8369 -0.0821
vn 0.4874 0.8648 0.1204
vn 0.5314 0.8369 0.1312
vn 0.6755 0.7302 -0.1025
vn 0.5292 0.8384 0.1307
vn 0.6633 0.7302 0.1638
vn 0.0821 0.8369 0.5412
vn -0.1312 0.8369 0.5314
vn 0.1025 0.7302 0.6755
vn -0.1638 0.7302 0.6633
vn -0.2830 0.8369 -0.4686
vn -0.0753 0.8648 -0.4964
vn -0.2818 0.8384 -0.4666
vn -0.0818 0.8384 -0.5389
vn -0.5412 0.8369 0.0821
vn -0.4874 0.8648 -0.1204
vn -0.5314 0.8369 -0.1312
vn -0.5292 0.8384 -0.1307
vn -0.6633 0.7302 -0.1638
vn 0.4686 0.8369 -0.2830
vn 0.4964 0.8648 -0.0753
vn 0.4666 0.8384 -0.2818
vn 0.5389 0.8384 -0.0818
vn 0.2595 0.8648 0.4298
vn 0.0753 0.8648 0.4964
vn -0.4595 0.8212 -0.3384
vn -0.4408 0.8369 -0.3246
vn -0.4043 0.8648 -0.2977
vn -0.2595 0.8648 -0.4298
vn -0.3384 0.8212 0.4595
vn -0.4686 0.8369 0.2830
vn -0.4885 0.8212 0.2950
vn -0.4298 0.8648 0.2595
vn -0.4964 0.8648 0.0753
vn 0.3384 0.8212 -0.4595
vn 0.3246 0.8369 -0.4408
vn 0.2977 0.8648 -0.4043
vn 0.4298 0.8648 -0.2595
vn 0.4595 0.8212 0.3384
vn 0.4408 0.8369 0.3246
vn 0.2830 0.8369 0.4686
vn 0.2818 0.8384 0.4666
vn 0.0818 0.8384 0.5389
vn -0.5502 0.7302 -0.4052
vn -0.3532 0.7302 -0.5849
vn -0.5849 0.7302 0.3532
vn -0.5389 0.8384 0.0818
vn 0.4052 0.7302 -0.5502
vn 0.5849 0.7302 -0.3532
vn 0.4043 0.8648 0.2977
vn 0.2950 -0.8212 0.4885
vn 0.4408 -0.8369 0.3246
vn 0.4595 -0.8212 0.3384
vn 0.4874 -0.8648 0.1204
vn 0.5314 -0.8369 0.1312
vn -0.3384 -0.8212 0.4595
vn -0.4686 -0.8369 0.2830
vn -0.3246 -0.8369 0.4408
vn -0.1204 -0.8648 0.4874
vn -0.1312 -0.8369 0.5314
vn 0.3384 -0.8212 -0.4595
vn 0.1312 -0.8369 -0.5314
vn 0.1368 -0.8212 -0.5540
vn -0.0821 -0.8369 -0.5412
vn 0.1204 -0.8648 -0.4874
vn -0.0753 -0.8648 -0.4964
vn 0.5292 -0.8384 0.1307
vn 0.5389 -0.8384 -0.0818
vn 0.5412 -0.8369 -0.0821
vn 0.4964 -0.8648 -0.0753
vn -0.1307 -0.8384 0.5292
vn 0.0818 -0.8384 0.5389
vn 0.0821 -0.8369 0.5412
vn 0.0753 -0.8648 0.4964
vn -0.2818 -0.8384 -0.4666
vn -0.2595 -0.8648 -0.4298
vn -0.2830 -0.8369 -0.4686
vn -0.4595 -0.8212 -0.3384
vn -0.5314 -0.8369 -0.1312
vn -0.5540 -0.8212 -0.1368
vn -0.4964 -0.8648 0.0753
vn -0.5412 -0.8369 0.0821
vn 0.4666 -0.8384 -0.2818
vn 0.4686 -0.8369 -0.2830
vn 0.4298 -0.8648 -0.2595
vn 0.2818 -0.8384 0.4666
vn 0.2595 -0.8648 0.4298
vn 0.2830 -0.8369 0.4686
vn -0.4389 -0.8384 -0.3232
vn -0.4043 -0.8648 -0.2977
vn -0.4408 -0.8369 -0.3246
vn -0.4666 -0.8384 0.2818
vn -0.4298 -0.8648 0.2595
vn 0.3232 -0.8384 -0.4389
vn 0.3246 -0.8369 -0.4408
vn 0.2977 -0.8648 -0.4043
vn 0.4043 -0.8648 0.2977
vn -0.4874 -0.8648 -0.1204
vn -0.5292 -0.8384 -0.1307
vn -0.5389 -0.8384 0.0818
vn -0.2977 -0.8648 0.4043
vn 0.2950 0.8212 0.4885
vn 0.4885 0.8212 -0.2950
vn -0.5642 0.8212 0.0856
vn -0.2950 0.8212 -0.4885
vn 0.5502 0.7302 0.4052
vn 0.4389 0.8384 0.3232
vn 0.3232 0.8384 -0.4389
vn -0.4666 0.8384 0.2818
vn -0.4389 0.8384 -0.3232
vn 0.0856 0.8212 0.5642
vn 0.5642 0.8212 -0.0856
vn -0.5540 0.8212 -0.1368
vn -0.0856 0.8212 -0.5642
vn -0.1368 0.8212 0.5540
vn 0.5540 0.8212 0.1368
vn 0.1368 0.8212 -0.5540
vn -0.6001 0.6668 -0.4420
vn -0.6640 0.6311 0.4010
vn -0.4600 0.6311 0.6246
vn -0.1860 0.6311 0.7531
vn 0.1164 0.6311 0.7669
vn 0.3532 0.7302 0.5849
vn 0.4010 0.6311 0.6640
vn 0.6246 0.6311 0.4600
vn 0.7531 0.6311 0.1860
vn 0.7669 0.6311 -0.1164
vn 0.6640 0.6311 -0.4010
vn 0.4600 0.6311 -0.6246
vn 0.1860 0.6311 -0.7531
vn -0.1164 0.6311 -0.7669
vn -0.4010 0.6311 -0.6640
vn -0.6246 0.6311 -0.4600
vn -0.9380 0.3161 0.1423
vn -0.4904 0.3161 -0.8121
vn -0.1423 0.3161 -0.9380
vn 0.2275 0.3161 -0.9210
vn 0.5626 0.3161 -0.7639
vn 0.8121 0.3161 -0.4904
vn 0.9380 0.3161 -0.1423
vn 0.9210 0.3161 0.2275
vn 0.7639 0.3161 0.5626
vn 0.4904 0.3161 0.8121
vn 0.1423 0.3161 0.9380
vn -0.2275 0.3161 0.9210
vn -0.5626 0.3161 0.7639
vn -0.8121 0.3161 0.4904
vn -0.8921 0.3945 -0.2203
vn -0.9733 0.1754 0.1477
vn -0.5089 0.1754 -0.8427
vn -0.1477 0.1754 -0.9733
vn 0.2360 0.1754 -0.9558
vn 0.5838 0.1754 -0.7927
vn 0.8427 0.1754 -0.5089
vn 0.9733 0.1754 -0.1477
vn 0.9558 0.1754 0.2360
vn 0.7927 0.1754 0.5838
vn 0.5089 0.1754 0.8427
vn 0.1477 0.1754 0.9733
vn -0.2360 0.1754 0.9558
vn -0.5838 0.1754 0.7927
vn -0.8427 0.1754 0.5089
vn -0.9809 0.1249 0.1488
vn -0.5129 0.1248 -0.8493
vn -0.1488 0.1249 -0.9809
vn 0.2379 0.1249 -0.9632
vn 0.5884 0.1249 -0.7989
vn 0.8493 0.1248 -0.5129
vn 0.9809 0.1249 -0.1488
vn 0.9632 0.1249 0.2379
vn 0.7989 0.1249 0.5884
vn 0.5129 0.1248 0.8493
vn 0.1488 0.1249 0.9809
vn -0.2379 0.1249 0.9632
vn -0.5884 0.1249 0.7989
vn -0.8493 0.1248 0.5129
vn -0.9455 0.2269 -0.2335
vn -0.9872 -0.0545 0.1498
vn -0.5162 -0.0545 -0.8547
vn -0.1498 -0.0545 -0.9872
vn 0.2394 -0.0545 -0.9694
vn 0.5921 -0.0545 -0.8040
vn 0.8547 -0.0545 -0.5162
vn 0.9872 -0.0545 -0.1498
vn 0.9694 -0.0545 0.2394
vn 0.8040 -0.0545 0.5921
vn 0.5162 -0.0545 0.8547
vn 0.1498 -0.0545 0.9872
vn -0.2394 -0.0545 0.9694
vn -0.5921 -0.0545 0.8040
vn -0.8547 -0.0545 0.5162
vn -0.8040 0.0545 -0.5922
vn -0.9629 -0.2269 0.1461
vn -0.5035 -0.2269 -0.8337
vn -0.1461 -0.2269 -0.9629
vn 0.2335 -0.2269 -0.9455
vn 0.5776 -0.2269 -0.7842
vn 0.8337 -0.2269 -0.5035
vn 0.9629 -0.2269 -0.1461
vn 0.9455 -0.2269 0.2335
vn 0.7842 -0.2269 0.5776
vn 0.5035 -0.2269 0.8337
vn 0.1461 -0.2269 0.9629
vn -0.2335 -0.2269 0.9455
vn -0.5776 -0.2269 0.7842
vn -0.8337 -0.2269 0.5035
vn -0.9518 -0.2707 0.1444
vn -0.4976 -0.2707 -0.8241
vn -0.1444 -0.2707 -0.9518
vn 0.2308 -0.2707 -0.9346
vn 0.5709 -0.2707 -0.7751
vn 0.8241 -0.2707 -0.4976
vn 0.9518 -0.2707 -0.1444
vn 0.9346 -0.2707 0.2308
vn 0.7751 -0.2707 0.5709
vn 0.4976 -0.2707 0.8241
vn 0.1444 -0.2707 0.9518
vn -0.2308 -0.2707 0.9346
vn -0.5709 -0.2707 0.7751
vn -0.8241 -0.2707 0.4977
vn -0.9558 -0.1754 -0.2360
vn -0.9085 -0.3945 0.1378
vn -0.4750 -0.3946 -0.7866
vn -0.1378 -0.3945 -0.9085
vn 0.2203 -0.3946 -0.8921
vn 0.5449 -0.3945 -0.7399
vn 0.7866 -0.3946 -0.4750
vn 0.9085 -0.3945 -0.1378
vn 0.8921 -0.3945 0.2203
vn 0.7399 -0.3945 0.5449
vn 0.4750 -0.3946 0.7866
vn 0.1378 -0.3945 0.9085
vn -0.2203 -0.3945 0.8921
vn -0.5449 -0.3945 0.7399
vn -0.7866 -0.3946 0.4750
vn -0.9210 -0.3161 -0.2275
vn -0.3853 -0.6667 -0.6380
vn -0.7531 -0.6311 -0.1860
vn -0.1118 -0.6668 -0.7368
vn 0.1787 -0.6667 -0.7235
vn 0.4420 -0.6668 -0.6001
vn 0.6380 -0.6667 -0.3853
vn 0.7368 -0.6668 -0.1118
vn 0.7235 -0.6667 0.1787
vn 0.6001 -0.6668 0.4420
vn 0.3853 -0.6667 0.6380
vn 0.1118 -0.6668 0.7368
vn -0.1787 -0.6667 0.7235
vn -0.4420 -0.6668 0.6001
vn -0.6380 -0.6667 0.3853
vn -0.7368 -0.6667 0.1118
vn -0.0856 -0.8212 -0.5642
vn -0.1368 -0.8212 0.5540
vn -0.5642 -0.8212 0.0856
vn 0.5540 -0.8212 0.1368
vn -0.4885 -0.8212 0.2950
vn 0.0856 -0.8212 0.5642
vn 0.5642 -0.8212 -0.0856
vn 0.4885 -0.8212 -0.2950
vn -0.2950 -0.8212 -0.4885
vn -0.3232 -0.8384 0.4389
vn 0.4389 -0.8384 0.3232
vn -0.6380 0.6667 0.3853
vn 0.3853 0.6667 0.6380
vn 0.6380 0.6667 -0.3853
vn -0.3853 0.6667 -0.6380
vn -0.4750 0.3946 -0.7866
vn 0.7866 0.3946 -0.4750
vn 0.4750 0.3946 0.7866
vn -0.7866 0.3946 0.4750
vn -0.7751 0.2707 -0.5709
vn -0.1444 0.2707 -0.9518
vn 0.5709 0.2707 -0.7751
vn 0.9518 0.2707 -0.1444
vn 0.7751 0.2707 0.5709
vn 0.1444 0.2707 0.9518
vn -0.5709 0.2707 0.7751
vn -0.9518 0.2707 0.1444
vn -0.7842 0.2269 -0.5776
vn -0.1461 0.2269 -0.9629
vn 0.5776 0.2269 -0.7842
vn 0.9629 0.2269 -0.1461
vn 0.7842 0.2269 0.5776
vn 0.1461 0.2269 0.9629
vn -0.5776 0.2269 0.7842
vn -0.9694 0.0545 -0.2394
vn 0.2394 0.0545 -0.9694
vn 0.9694 0.0545 0.2394
vn -0.2394 0.0545 0.9694
vn -0.5129 -0.1248 -0.8493
vn 0.8493 -0.1248 -0.5129
vn 0.5129 -0.1248 0.8493
vn -0.8493 -0.1248 0.5129
vn -0.7639 -0.3161 -0.5626
vn 0.5626 -0.3161 -0.7639
vn 0.7639 -0.3161 0.5626
vn -0.5626 -0.3161 0.7639
vn 0.2398 -0.0000 -0.9708
vn 0.5930 -0.0000 -0.8052
vn 0.8052 -0.0000 0.5930
vn 0.9708 -0.0000 0.2398
vn -0.5930 -0.0000 0.8052
vn -0.8560 -0.0000 0.5169
vn -0.9708 -0.0000 -0.2398
vn -0.8052 -0.0000 -0.5930
vn 0.5169 -0.0000 0.8560
vn 0.8560 -0.0000 -0.5169
vn -0.9887 -0.0000 0.1500
vn -0.5169 -0.0000 -0.8560
vn 0.1500 -0.0000 0.9887
vn 0.9887 -0.0000 -0.1500
vn -0.1500 -0.0000 -0.9887
vn -0.2398 -0.0000 0.9708
vn 0.0322 0.9910 -0.1302
vn -0.0322 0.9910 0.1302
vn 0.0330 -0.9905 -0.1336
vn -0.0330 -0.9905 0.1336
vn -0.0590 -0.9618 0.2672
vn 0.0632 0.9646 -0.2561
vn 0.0937 0.9204 -0.3796
vn -0.0648 -0.9628 0.2623
vn -0.0851 -0.9233 0.3746
vn -0.1230 -0.8929 0.4331
vn -0.1071 -0.8368 0.5369
vn 0.0906 0.9199 -0.3815
vn 0.1258 0.8492 -0.5129
vn 0.1416 0.8236 -0.5491
vn 0.1637 0.7207 -0.6736
vn 0.1778 0.6869 -0.7047
vn 0.1933 0.5720 -0.7971
vn -0.2226 -0.5624 0.7963
vn -0.2117 -0.4837 0.8492
vn -0.1758 -0.6169 0.7671
vn -0.2010 -0.6862 0.6991
vn -0.1573 -0.7376 0.6567
vn -0.2187 -0.4516 0.8650
vn 0.2065 0.5351 -0.8192
vn 0.2135 0.4210 -0.8816
vn 0.2258 0.3829 -0.8958
vn 0.2263 0.2725 -0.9352
vn -0.2220 -0.3544 0.9084
vn -0.2288 -0.2587 0.9385
vn -0.2265 -0.3557 0.9068
vn -0.2392 -0.2250 0.9445
vn 0.2376 0.2340 -0.9427
vn 0.2315 0.1306 -0.9640
vn 0.2422 0.0950 -0.9656
vn 0.2419 0.0003 -0.9703
vn -0.2349 -0.0911 0.9677
vn -0.1855 -0.0117 0.9826
vn -0.2323 -0.1269 0.9643
vn -0.2412 0.0273 0.9701
vn 0.2393 -0.0004 -0.9710
vn 0.2365 -0.0464 -0.9705
vn 0.2355 -0.0468 -0.9708
vn 0.9708 -0.0003 0.2400
vn -0.0133 -0.9999 -0.0007
vn -0.0054 -1.0000 0.0049
vn -0.0169 -0.9999 -0.0033
vn 0.9708 0.0005 0.2398
vn 0.9708 0.0008 0.2398
vn -0.0018 -1.0000 0.0074
vn 0.0129 0.9997 -0.0227
vn 0.0154 0.9996 -0.0237
vn 0.0087 0.9997 -0.0212
vn -0.2438 0.0720 0.9672
vn -0.2422 0.0697 0.9677
vn -0.2467 0.0764 0.9661
vn 0.0196 0.9995 -0.0252
vn -0.2393 0.0653 0.9688
vn -0.2804 0.0497 0.9586
vn -0.1543 -0.7913 0.5917
vn 0.0664 -0.9609 -0.2689
vn 0.0618 -0.9613 -0.2684
vn 0.1083 -0.8985 -0.4254
vn -0.0923 0.9230 0.3737
vn -0.0860 0.9216 0.3786
vn -0.0632 0.9646 0.2560
vn -0.0632 0.9646 0.2561
vn -0.1011 0.8758 0.4719
vn 0.0797 -0.9290 -0.3613
vn 0.0919 -0.8490 -0.5204
vn 0.1433 -0.7776 -0.6123
vn 0.1542 -0.7475 -0.6461
vn 0.1872 -0.6370 -0.7478
vn -0.0975 0.7708 0.6295
vn -0.2219 0.7020 0.6767
vn -0.1456 0.8348 0.5309
vn -0.1390 0.6296 0.7644
vn -0.2239 0.5585 0.7987
vn -0.1968 0.5034 0.8414
vn 0.1883 -0.6023 -0.7757
vn 0.2138 -0.4897 -0.8453
vn 0.2106 -0.4560 -0.8647
vn -0.9708 -0.0000 -0.2399
vn 0.2217 -0.3557 -0.9079
vn -0.1951 0.3927 0.8987
vn -0.2787 0.3237 0.9042
vn -0.2215 0.4482 0.8660
vn -0.9708 -0.0001 -0.2401
vn -0.9708 -0.0002 -0.2400
vn -0.2119 0.2570 0.9429
vn 0.2264 -0.3544 -0.9073
vn 0.2344 -0.2587 -0.9371
vn 0.2280 -0.2250 -0.9473
vn -0.9708 -0.0000 -0.2397
vn 0.2433 -0.1269 -0.9616
vn -0.2235 0.1132 0.9681
vn -0.2171 0.1034 0.9707
vn -0.2569 0.2003 0.9454
vn -0.9709 0.0001 -0.2395
vn -0.9709 -0.0000 -0.2397
vn -0.2384 -0.0461 0.9701
vn -0.2403 -0.0467 0.9696
vn 0.2427 -0.0911 -0.9658
vn 0.2940 -0.0123 -0.9557
vn 0.2365 0.0268 -0.9713
vn -0.9709 -0.0006 -0.2396
vn 0.1974 0.0479 -0.9792
vn 0.0238 0.9990 0.0389
vn 0.0042 1.0000 -0.0054
vn -0.0081 0.9969 0.0788
vn -0.2425 -0.1408 0.9599
vn -0.2441 -0.1415 0.9594
vn 0.0083 -0.9999 0.0127
vn 0.0023 -1.0000 0.0079
vn 0.0118 -0.9998 0.0155
vn 0.2271 -0.0812 -0.9705
vn 0.2393 -0.0640 -0.9688
vn 0.2312 -0.0755 -0.9700
vn -0.0013 -1.0000 0.0051
vn 0.2193 -0.0923 -0.9713
vn -0.0079 0.9940 0.1087
vn -0.9709 -0.0003 -0.2395
vn -0.9709 -0.0001 -0.2396
vn -0.0773 0.9824 0.1702
vn -0.9709 -0.0000 -0.2395
vn -0.0277 0.9991 0.0314
vn -0.0144 0.9840 0.1779
vn 0.0564 0.9737 -0.2206
vn 0.0625 0.9254 -0.3739
vn -0.9709 -0.0011 -0.2396
vn -0.9709 -0.0003 -0.2396
vn -0.9709 -0.0001 -0.2397
vn -0.0686 0.9182 0.3901
vn -0.9709 -0.0010 -0.2394
vn -0.0011 -0.9965 0.0838
vn -0.1091 -0.8592 0.4998
vn -0.1230 -0.9121 0.3911
vn 0.0593 -0.9503 -0.3056
vn -0.0190 -0.9993 -0.0335
vn 0.9708 -0.0000 0.2397
vn 0.9708 0.0001 0.2397
vn -0.1837 -0.6137 0.7679
vn 0.9709 0.0007 0.2393
vn 0.9710 0.0006 0.2391
vn 0.1558 0.6923 -0.7046
vn 0.1258 0.8447 -0.5203
vn 0.1849 0.6599 -0.7282
vn 0.2103 0.4371 -0.8745
vn 0.9710 -0.0000 0.2392
vn 0.2232 0.4179 -0.8807
vn -0.9707 0.0003 -0.2403
vn -0.9708 0.0001 -0.2400
vn 0.2319 0.1621 -0.9591
vn -0.2287 -0.1841 0.9559
vn -0.1820 -0.4313 0.8837
vn -0.2162 0.1021 0.9710
vn -0.9710 -0.0000 -0.2392
vn 0.9709 -0.0000 0.2396
vn -0.2500 0.1762 0.9521
vn 0.2424 0.1313 -0.9613
vn 0.2322 -0.1362 -0.9631
vn 0.2421 -0.1572 -0.9574
vn -0.9711 0.0001 -0.2388
vn 0.2136 -0.4134 -0.8851
vn -0.9709 0.0003 -0.2396
vn 0.2198 -0.4416 -0.8699
vn 0.1740 -0.6636 -0.7276
vn -0.9709 0.0001 -0.2394
vn -0.9709 0.0002 -0.2396
vn -0.1200 0.8385 0.5316
vn -0.2063 0.5305 0.8222
vn -0.2002 0.5050 0.8396
vn -0.9709 0.0005 -0.2394
vn -0.1703 0.8018 0.5728
vn 0.1812 -0.6794 -0.7110
vn 0.1196 -0.8533 -0.5075
vn 0.1234 -0.8697 -0.4780
vn -0.9709 0.0008 -0.2393
vn 0.0465 -0.9763 -0.2115
vn 0.0631 -0.9847 -0.1622
vn -0.0162 -0.9971 0.0740
vn -0.9708 -0.0002 -0.2397
vn -0.9708 -0.0003 -0.2398
vn 0.0179 0.9992 0.0352
vn -0.0480 0.9724 0.2284
vn 0.1058 0.9252 -0.3645
vn 0.0280 0.9781 -0.2061
vn -0.9708 0.0002 -0.2401
vn 0.9709 -0.0001 0.2397
vn 0.9708 -0.0003 0.2397
vn 0.9708 -0.0002 0.2400
vn 0.9709 -0.0000 0.2397
vn -0.0414 -0.9589 0.2808
vn -0.0935 -0.8755 0.4741
vn 0.9706 -0.0005 0.2407
vn 0.9706 -0.0009 0.2407
vn -0.1728 -0.6401 0.7486
vn 0.1156 0.8119 -0.5722
vn 0.1858 0.7141 -0.6750
vn 0.1927 0.5251 -0.8289
vn 0.9706 -0.0009 0.2406
vn 0.2525 0.3468 -0.9033
vn -0.9709 -0.0001 -0.2394
vn -0.2213 -0.5919 0.7750
vn -0.2275 -0.2404 0.9436
vn -0.2122 -0.1563 0.9646
vn -0.2370 0.1593 0.9584
vn -0.9709 0.0001 -0.2396
vn -0.9708 0.0001 -0.2397
vn -0.9708 0.0001 -0.2398
vn 0.2485 -0.1228 -0.9608
vn 0.2033 -0.5251 -0.8264
vn 0.2056 -0.5067 -0.8372
vn 0.2314 0.1643 -0.9589
vn 0.2157 -0.2013 -0.9555
vn 0.9712 -0.0006 0.2384
vn 0.9711 -0.0003 0.2385
vn 0.9712 -0.0006 0.2382
vn 0.1149 -0.8312 -0.5439
vn 0.9708 0.0001 0.2399
vn 0.9709 0.0001 0.2396
vn 0.9709 -0.0003 0.2395
vn -0.1909 0.3192 0.9283
vn -0.1822 0.5116 0.8397
vn -0.1301 0.7574 0.6399
vn -0.1944 0.7614 0.6185
vn 0.9708 0.0001 0.2398
vn 0.1724 -0.7656 -0.6198
vn -0.5468 0.4808 0.6854
vn -0.6524 0.6667 0.3604
vn -0.7675 0.4808 0.4239
vn -0.8425 0.4808 -0.2429
vn -0.5826 0.6668 -0.4648
vn -0.6854 0.4808 -0.5468
vn -0.3604 0.6667 -0.6524
vn -0.4239 0.4808 -0.7675
vn -0.0980 0.4808 -0.8713
vn -0.0833 0.6668 -0.7406
vn 0.2429 0.4808 -0.8425
vn 0.4648 0.6668 -0.5826
vn 0.5468 0.4808 -0.6854
vn 0.6524 0.6667 -0.3604
vn 0.7675 0.4808 -0.4239
vn 0.8713 0.4808 -0.0980
vn 0.7406 0.6668 -0.0833
vn 0.8425 0.4808 0.2429
vn 0.5826 0.6668 0.4648
vn 0.6854 0.4808 0.5468
vn 0.3604 0.6667 0.6524
vn 0.4239 0.4808 0.7675
vn 0.0980 0.4808 0.8713
vn 0.0833 0.6667 0.7406
vn -0.2429 0.4808 0.8425
vn -0.4648 0.6668 0.5826
vn -0.9428 0.3161 0.1060
vn -0.8305 0.3161 0.4587
vn -0.8713 0.4808 0.0980
vn -0.5341 -0.7302 -0.4261
vn -0.2635 -0.8384 -0.4771
vn -0.4261 -0.8384 -0.3399
vn -0.8713 -0.4808 0.0980
vn -0.9116 -0.3161 -0.2629
vn -0.8425 -0.4808 -0.2429
vn -0.9783 -0.1754 0.1100
vn -0.9232 -0.2770 -0.2662
vn -0.9548 -0.2770 0.1074
vn -0.9860 -0.1249 0.1108
vn -0.9428 -0.1927 -0.2719
vn -0.9751 -0.1927 0.1096
vn -0.9903 -0.0832 0.1113
vn -0.9594 0.0545 -0.2767
vn -0.9575 -0.0832 -0.2761
vn -0.9903 0.0832 0.1113
vn -0.9358 0.2269 -0.2698
vn -0.9575 0.0832 -0.2761
vn -0.9751 0.1927 0.1096
vn -0.9250 0.2707 -0.2667
vn -0.9428 0.1927 -0.2719
vn -0.9131 0.3946 0.1027
vn -0.9232 0.2770 -0.2662
vn -0.9548 0.2770 0.1073
vn -0.4838 -0.6311 0.6064
vn -0.5981 -0.7302 0.3304
vn -0.4261 -0.7302 0.5341
vn -0.7709 -0.6311 0.0867
vn -0.6565 -0.7302 -0.1893
vn -0.6790 -0.7302 0.0763
vn -0.8411 -0.2770 0.4646
vn -0.9131 -0.3946 0.1027
vn -0.8043 -0.3945 0.4443
vn -0.8427 -0.2707 0.4655
vn -0.9566 -0.2707 0.1076
vn -0.8525 -0.2269 0.4709
vn -0.9678 -0.2269 0.1088
vn -0.8723 0.0832 0.4818
vn -0.9923 -0.0545 0.1116
vn -0.8740 -0.0545 0.4828
vn -0.8685 0.1249 0.4797
vn -0.9860 0.1249 0.1108
vn -0.8411 0.2770 0.4646
vn -0.9783 0.1755 0.1100
vn -0.8618 0.1754 0.4760
vn -0.2149 -0.6311 0.7454
vn -0.1893 -0.7302 0.6565
vn -0.2629 -0.3161 0.9116
vn -0.5468 -0.4808 0.6854
vn -0.2429 -0.4808 0.8425
vn -0.2728 -0.1754 0.9459
vn -0.5993 -0.2770 0.7511
vn -0.2662 -0.2770 0.9232
vn -0.2719 -0.1927 0.9428
vn -0.6188 -0.1249 0.7756
vn -0.6120 -0.1927 0.7670
vn -0.2767 0.0545 0.9594
vn -0.6215 -0.0832 0.7790
vn -0.2761 -0.0832 0.9575
vn -0.2698 0.2269 0.9358
vn -0.6215 0.0832 0.7790
vn -0.2761 0.0832 0.9575
vn -0.2667 0.2707 0.9250
vn -0.6120 0.1927 0.7670
vn -0.2719 0.1927 0.9428
vn -0.2662 0.2770 0.9232
vn -0.5731 0.3946 0.7183
vn -0.5993 0.2770 0.7511
vn 0.0867 -0.6311 0.7709
vn 0.0763 -0.7302 0.6790
vn 0.0980 -0.4808 0.8713
vn 0.1100 -0.1754 0.9783
vn 0.1074 -0.2770 0.9548
vn 0.1108 -0.1249 0.9860
vn 0.1096 -0.1927 0.9751
vn 0.1113 -0.0832 0.9903
vn 0.1113 0.0832 0.9903
vn 0.1096 0.1927 0.9751
vn 0.1027 0.3945 0.9131
vn 0.1073 0.2770 0.9548
vn 0.3751 -0.6311 0.6790
vn 0.3304 -0.7302 0.5981
vn 0.4587 -0.3161 0.8305
vn 0.4239 -0.4808 0.7675
vn 0.4760 -0.1754 0.8618
vn 0.4646 -0.2770 0.8411
vn 0.4797 -0.1249 0.8685
vn 0.4744 -0.1927 0.8589
vn 0.4818 -0.0832 0.8723
vn 0.1116 0.0545 0.9923
vn 0.4709 0.2269 0.8525
vn 0.4818 0.0832 0.8723
vn 0.4655 0.2707 0.8427
vn 0.4744 0.1927 0.8589
vn 0.4443 0.3946 0.8043
vn 0.4646 0.2770 0.8411
vn 0.6064 -0.6311 0.4838
vn 0.5341 -0.7302 0.4261
vn 0.7416 -0.3161 0.5917
vn 0.6854 -0.4808 0.5468
vn 0.7696 -0.1754 0.6140
vn 0.7511 -0.2770 0.5993
vn 0.7670 -0.1927 0.6120
vn 0.7805 0.0545 0.6227
vn 0.7790 -0.0832 0.6215
vn 0.7790 0.0832 0.6215
vn 0.7670 0.1927 0.6120
vn 0.7183 0.3945 0.5731
vn 0.7511 0.2770 0.5993
vn 0.7454 -0.6311 0.2149
vn 0.6565 -0.7302 0.1893
vn 0.9116 -0.3161 0.2629
vn 0.8425 -0.4808 0.2429
vn 0.9459 -0.1754 0.2728
vn 0.9232 -0.2770 0.2662
vn 0.9428 -0.1927 0.2719
vn 0.7756 -0.1249 0.6188
vn 0.9594 0.0545 0.2767
vn 0.9575 -0.0832 0.2761
vn 0.9358 0.2269 0.2698
vn 0.9575 0.0832 0.2761
vn 0.9250 0.2707 0.2667
vn 0.9428 0.1927 0.2719
vn 0.9232 0.2770 0.2662
vn 0.7709 -0.6311 -0.0867
vn 0.6790 -0.7302 -0.0763
vn 0.8713 -0.4808 -0.0980
vn 0.9783 -0.1754 -0.1100
vn 0.9548 -0.2770 -0.1074
vn 0.9860 -0.1249 -0.1108
vn 0.9751 -0.1927 -0.1096
vn 0.9903 -0.0832 -0.1113
vn 0.9903 0.0832 -0.1113
vn 0.9751 0.1927 -0.1096
vn 0.9131 0.3945 -0.1027
vn 0.9548 0.2770 -0.1073
vn 0.6790 -0.6311 -0.3751
vn 0.5981 -0.7302 -0.3304
vn 0.8305 -0.3161 -0.4587
vn 0.7675 -0.4808 -0.4239
vn 0.8618 -0.1754 -0.4760
vn 0.8411 -0.2770 -0.4646
vn 0.8685 -0.1249 -0.4797
vn 0.8589 -0.1927 -0.4744
vn 0.8723 -0.0832 -0.4818
vn 0.9923 0.0545 -0.1116
vn 0.8525 0.2269 -0.4709
vn 0.8723 0.0832 -0.4818
vn 0.8427 0.2707 -0.4655
vn 0.8589 0.1927 -0.4744
vn 0.8043 0.3946 -0.4443
vn 0.8411 0.2770 -0.4646
vn 0.4838 -0.6311 -0.6064
vn 0.4261 -0.7302 -0.5341
vn 0.5917 -0.3161 -0.7416
vn 0.5468 -0.4808 -0.6854
vn 0.6140 -0.1754 -0.7696
vn 0.5993 -0.2770 -0.7511
vn 0.6120 -0.1927 -0.7670
vn 0.6228 0.0545 -0.7805
vn 0.6215 -0.0832 -0.7790
vn 0.6215 0.0832 -0.7790
vn 0.6120 0.1927 -0.7670
vn 0.5731 0.3945 -0.7183
vn 0.5993 0.2770 -0.7511
vn 0.2149 -0.6311 -0.7453
vn 0.1893 -0.7302 -0.6565
vn 0.2629 -0.3161 -0.9116
vn 0.2429 -0.4808 -0.8425
vn 0.2728 -0.1754 -0.9459
vn 0.2662 -0.2770 -0.9232
vn 0.2719 -0.1927 -0.9428
vn 0.6188 -0.1249 -0.7756
vn 0.2767 0.0545 -0.9594
vn 0.2761 -0.0832 -0.9575
vn 0.2698 0.2269 -0.9358
vn 0.2761 0.0832 -0.9575
vn 0.2667 0.2707 -0.9250
vn 0.2719 0.1927 -0.9428
vn 0.2662 0.2770 -0.9232
vn -0.0867 -0.6311 -0.7709
vn -0.0763 -0.7302 -0.6790
vn -0.0980 -0.4808 -0.8713
vn -0.1100 -0.1754 -0.9783
vn -0.1074 -0.2770 -0.9548
vn -0.1108 -0.1249 -0.9860
vn -0.1096 -0.1927 -0.9751
vn -0.1113 -0.0832 -0.9903
vn -0.1113 0.0832 -0.9903
vn -0.1096 0.1927 -0.9751
vn -0.1027 0.3945 -0.9131
vn -0.1073 0.2770 -0.9548
vn -0.3751 -0.6311 -0.6790
vn -0.3304 -0.7302 -0.5981
vn -0.4587 -0.3161 -0.8304
vn -0.4239 -0.4808 -0.7675
vn -0.4760 -0.1754 -0.8618
vn -0.4646 -0.2770 -0.8411
vn -0.4797 -0.1249 -0.8685
vn -0.4744 -0.1927 -0.8589
vn -0.4818 -0.0832 -0.8723
vn -0.1116 0.0545 -0.9923
vn -0.4709 0.2269 -0.8525
vn -0.4818 0.0832 -0.8723
vn -0.4655 0.2707 -0.8427
vn -0.4744 0.1927 -0.8589
vn -0.4443 0.3946 -0.8043
vn -0.4646 0.2770 -0.8411
vn -0.6064 -0.6311 -0.4838
vn -0.7416 -0.3161 -0.5917
vn -0.6854 -0.4808 -0.5468
vn -0.7696 -0.1754 -0.6140
vn -0.7511 -0.2770 -0.5993
vn -0.7670 -0.1927 -0.6120
vn -0.7805 0.0545 -0.6227
vn -0.7790 -0.0832 -0.6215
vn -0.7790 0.0832 -0.6215
vn -0.7670 0.1927 -0.6120
vn -0.7183 0.3945 -0.5731
vn -0.7511 0.2770 -0.5993
vn -0.6524 -0.6667 0.3603
vn -0.7406 -0.6668 0.0833
vn -0.9459 -0.1754 -0.2728
vn -0.7756 -0.1249 -0.6188
vn -0.7454 -0.6311 -0.2149
vn -0.5917 -0.3161 0.7416
vn -0.7675 -0.4808 0.4239
vn -0.6140 -0.1754 0.7696
vn -0.8685 -0.1249 0.4797
vn -0.8589 -0.1927 0.4744
vn -0.6227 0.0545 0.7805
vn -0.8723 -0.0832 0.4818
vn -0.6074 0.2269 0.7613
vn -0.8427 0.2707 0.4655
vn -0.8589 0.1927 0.4744
vn -0.4261 0.7302 0.5341
vn -0.6790 0.6311 0.3751
vn -0.4838 0.6311 0.6064
vn 0.0612 0.8369 0.5440
vn 0.2428 0.8648 0.4395
vn 0.0561 0.8648 0.4989
vn 0.0763 0.7302 0.6790
vn 0.2635 0.8384 0.4771
vn 0.0609 0.8384 0.5417
vn -0.4279 0.8369 -0.3414
vn -0.2428 0.8648 -0.4395
vn -0.2647 0.8369 -0.4792
vn -0.5341 0.7302 -0.4261
vn -0.2635 0.8384 -0.4771
vn -0.3304 0.7302 -0.5981
vn 0.3414 0.8369 -0.4279
vn 0.4395 0.8648 -0.2428
vn 0.4792 0.8369 -0.2647
vn 0.4261 0.7302 -0.5341
vn 0.4771 0.8384 -0.2635
vn 0.5981 0.7302 -0.3304
vn 0.4279 0.8369 0.3414
vn 0.2647 0.8369 0.4792
vn 0.5341 0.7302 0.4261
vn 0.3304 0.7302 0.5981
vn -0.5260 0.8369 -0.1517
vn -0.3925 0.8648 -0.3131
vn -0.5237 0.8384 -0.1510
vn -0.4261 0.8384 -0.3399
vn -0.3414 0.8369 0.4279
vn -0.4395 0.8648 0.2428
vn -0.4792 0.8369 0.2647
vn -0.4771 0.8384 0.2635
vn -0.5981 0.7302 0.3304
vn 0.1517 0.8369 -0.5260
vn 0.3131 0.8648 -0.3925
vn 0.1510 0.8384 -0.5237
vn 0.3399 0.8384 -0.4261
vn 0.4824 0.8648 0.1391
vn 0.3925 0.8648 0.3131
vn -0.5671 0.8212 0.0638
vn -0.5440 0.8369 0.0612
vn -0.4989 0.8648 0.0561
vn -0.4824 0.8648 -0.1391
vn 0.0638 0.8212 0.5671
vn -0.1517 0.8369 0.5260
vn -0.1581 0.8212 0.5483
vn -0.1391 0.8648 0.4824
vn -0.3131 0.8648 0.3925
vn -0.0638 0.8212 -0.5671
vn -0.0612 0.8369 -0.5440
vn -0.0561 0.8648 -0.4989
vn 0.1391 0.8648 -0.4824
vn 0.5671 0.8212 -0.0638
vn 0.5440 0.8369 -0.0612
vn 0.5260 0.8369 0.1517
vn 0.5237 0.8384 0.1510
vn 0.4261 0.8384 0.3399
vn -0.6790 0.7302 0.0763
vn -0.6565 0.7302 -0.1893
vn -0.1893 0.7302 0.6565
vn -0.3399 0.8384 0.4261
vn -0.0763 0.7302 -0.6790
vn 0.1893 0.7302 -0.6565
vn 0.4989 0.8648 -0.0561
vn 0.5483 -0.8212 0.1581
vn 0.5440 -0.8369 -0.0612
vn 0.5671 -0.8212 -0.0638
vn 0.4395 -0.8648 -0.2428
vn 0.4792 -0.8369 -0.2647
vn 0.0638 -0.8212 0.5671
vn -0.1517 -0.8369 0.5260
vn 0.0612 -0.8369 0.5440
vn 0.2428 -0.8648 0.4395
vn 0.2647 -0.8369 0.4792
vn -0.0638 -0.8212 -0.5671
vn -0.2647 -0.8369 -0.4792
vn -0.2759 -0.8212 -0.4995
vn -0.4279 -0.8369 -0.3414
vn -0.2428 -0.8648 -0.4395
vn -0.3925 -0.8648 -0.3131
vn 0.4771 -0.8384 -0.2635
vn 0.3399 -0.8384 -0.4261
vn 0.3414 -0.8369 -0.4279
vn 0.3131 -0.8648 -0.3925
vn 0.2635 -0.8384 0.4771
vn 0.4261 -0.8384 0.3399
vn 0.4279 -0.8369 0.3414
vn 0.3925 -0.8648 0.3131
vn -0.5237 -0.8384 -0.1510
vn -0.4824 -0.8648 -0.1391
vn -0.5260 -0.8369 -0.1517
vn -0.5671 -0.8212 0.0638
vn -0.4792 -0.8369 0.2647
vn -0.4995 -0.8212 0.2759
vn -0.3131 -0.8648 0.3925
vn -0.3414 -0.8369 0.4279
vn 0.1510 -0.8384 -0.5237
vn 0.1517 -0.8369 -0.5260
vn 0.1391 -0.8648 -0.4824
vn 0.5237 -0.8384 0.1510
vn 0.4824 -0.8648 0.1391
vn 0.5260 -0.8369 0.1517
vn -0.5417 -0.8384 0.0609
vn -0.4989 -0.8648 0.0561
vn -0.5440 -0.8369 0.0612
vn -0.1510 -0.8384 0.5237
vn -0.1391 -0.8648 0.4824
vn -0.0609 -0.8384 -0.5417
vn -0.0612 -0.8369 -0.5440
vn -0.0561 -0.8648 -0.4989
vn 0.4989 -0.8648 -0.0561
vn -0.4395 -0.8648 0.2428
vn -0.4771 -0.8384 0.2635
vn -0.3399 -0.8384 0.4261
vn 0.0561 -0.8648 0.4989
vn 0.5483 0.8212 0.1581
vn 0.1581 0.8212 -0.5483
vn -0.3559 0.8212 0.4461
vn -0.5483 0.8212 -0.1581
vn 0.6790 0.7302 -0.0763
vn 0.5417 0.8384 -0.0609
vn -0.0609 0.8384 -0.5417
vn -0.1510 0.8384 0.5237
vn -0.5417 0.8384 0.0609
vn 0.4461 0.8212 0.3559
vn 0.3559 0.8212 -0.4461
vn -0.4995 0.8212 0.2759
vn -0.4461 0.8212 -0.3559
vn 0.2759 0.8212 0.4995
vn 0.4995 0.8212 -0.2759
vn -0.2759 0.8212 -0.4995
vn -0.7406 0.6667 0.0833
vn -0.2149 0.6311 0.7453
vn 0.0867 0.6311 0.7709
vn 0.3751 0.6311 0.6790
vn 0.6064 0.6311 0.4838
vn 0.6565 0.7302 0.1893
vn 0.7453 0.6311 0.2149
vn 0.7709 0.6311 -0.0867
vn 0.6790 0.6311 -0.3751
vn 0.4838 0.6311 -0.6064
vn 0.2149 0.6311 -0.7453
vn -0.0867 0.6311 -0.7709
vn -0.3751 0.6311 -0.6790
vn -0.6064 0.6311 -0.4838
vn -0.7453 0.6311 -0.2149
vn -0.7709 0.6311 0.0867
vn -0.5917 0.3161 0.7416
vn -0.9116 0.3161 -0.2629
vn -0.7416 0.3161 -0.5917
vn -0.4587 0.3161 -0.8305
vn -0.1060 0.3161 -0.9428
vn 0.2629 0.3161 -0.9116
vn 0.5917 0.3161 -0.7416
vn 0.8305 0.3161 -0.4587
vn 0.9428 0.3161 -0.1060
vn 0.9116 0.3161 0.2629
vn 0.7416 0.3161 0.5917
vn 0.4587 0.3161 0.8305
vn 0.1060 0.3161 0.9428
vn -0.2629 0.3161 0.9116
vn -0.8043 0.3945 0.4443
vn -0.6140 0.1754 0.7696
vn -0.9459 0.1754 -0.2728
vn -0.7696 0.1754 -0.6140
vn -0.4760 0.1754 -0.8618
vn -0.1100 0.1754 -0.9783
vn 0.2728 0.1754 -0.9459
vn 0.6140 0.1754 -0.7696
vn 0.8618 0.1754 -0.4760
vn 0.9783 0.1754 -0.1100
vn 0.9459 0.1754 0.2728
vn 0.7696 0.1754 0.6140
vn 0.4760 0.1754 0.8618
vn 0.1100 0.1754 0.9783
vn -0.2728 0.1754 0.9459
vn -0.6188 0.1249 0.7756
vn -0.9533 0.1248 -0.2749
vn -0.7756 0.1249 -0.6188
vn -0.4797 0.1249 -0.8685
vn -0.1108 0.1249 -0.9860
vn 0.2749 0.1248 -0.9533
vn 0.6188 0.1249 -0.7756
vn 0.8685 0.1249 -0.4797
vn 0.9860 0.1249 -0.1108
vn 0.9533 0.1248 0.2749
vn 0.7756 0.1249 0.6188
vn 0.4797 0.1249 0.8685
vn 0.1108 0.1249 0.9860
vn -0.2749 0.1248 0.9533
vn -0.8525 0.2269 0.4709
vn -0.6227 -0.0545 0.7805
vn -0.9594 -0.0545 -0.2767
vn -0.7805 -0.0545 -0.6227
vn -0.4828 -0.0545 -0.8740
vn -0.1116 -0.0545 -0.9923
vn 0.2767 -0.0545 -0.9594
vn 0.6227 -0.0545 -0.7805
vn 0.8740 -0.0545 -0.4828
vn 0.9923 -0.0545 -0.1116
vn 0.9594 -0.0545 0.2767
vn 0.7805 -0.0545 0.6227
vn 0.4828 -0.0545 0.8740
vn 0.1116 -0.0545 0.9923
vn -0.2767 -0.0545 0.9594
vn -0.9923 0.0545 0.1116
vn -0.6074 -0.2269 0.7613
vn -0.9358 -0.2269 -0.2698
vn -0.7613 -0.2269 -0.6074
vn -0.4709 -0.2269 -0.8525
vn -0.1088 -0.2269 -0.9678
vn 0.2698 -0.2269 -0.9358
vn 0.6074 -0.2269 -0.7613
vn 0.8525 -0.2269 -0.4709
vn 0.9678 -0.2269 -0.1088
vn 0.9358 -0.2269 0.2698
vn 0.7613 -0.2269 0.6074
vn 0.4709 -0.2269 0.8525
vn 0.1088 -0.2269 0.9678
vn -0.2698 -0.2269 0.9358
vn -0.6004 -0.2707 0.7525
vn -0.9250 -0.2707 -0.2667
vn -0.7525 -0.2707 -0.6004
vn -0.4655 -0.2707 -0.8427
vn -0.1076 -0.2707 -0.9566
vn 0.2667 -0.2707 -0.9250
vn 0.6004 -0.2707 -0.7525
vn 0.8427 -0.2707 -0.4655
vn 0.9566 -0.2707 -0.1076
vn 0.9250 -0.2707 0.2667
vn 0.7525 -0.2707 0.6004
vn 0.4655 -0.2707 0.8427
vn 0.1076 -0.2707 0.9566
vn -0.2667 -0.2707 0.9250
vn -0.8618 -0.1754 0.4760
vn -0.5731 -0.3945 0.7183
vn -0.8829 -0.3946 -0.2546
vn -0.7183 -0.3945 -0.5731
vn -0.4443 -0.3946 -0.8043
vn -0.1027 -0.3945 -0.9131
vn 0.2546 -0.3945 -0.8829
vn 0.5731 -0.3945 -0.7183
vn 0.8043 -0.3945 -0.4443
vn 0.9131 -0.3946 -0.1027
vn 0.8829 -0.3946 0.2546
vn 0.7183 -0.3945 0.5731
vn 0.4443 -0.3946 0.8043
vn 0.1027 -0.3945 0.9131
vn -0.2546 -0.3946 0.8829
vn -0.8305 -0.3161 0.4587
vn -0.7161 -0.6667 -0.2065
vn -0.6790 -0.6311 0.3751
vn -0.5826 -0.6668 -0.4648
vn -0.3603 -0.6667 -0.6524
vn -0.0833 -0.6668 -0.7406
vn 0.2065 -0.6668 -0.7161
vn 0.4648 -0.6667 -0.5826
vn 0.6524 -0.6667 -0.3603
vn 0.7406 -0.6667 -0.0833
vn 0.7161 -0.6667 0.2065
vn 0.5826 -0.6668 0.4648
vn 0.3603 -0.6667 0.6524
vn 0.0833 -0.6668 0.7406
vn -0.2065 -0.6667 0.7161
vn -0.4648 -0.6668 0.5826
vn -0.4461 -0.8212 -0.3559
vn 0.2759 -0.8212 0.4995
vn -0.3559 -0.8212 0.4461
vn 0.4995 -0.8212 -0.2759
vn -0.1581 -0.8212 0.5483
vn 0.4461 -0.8212 0.3559
vn 0.3559 -0.8212 -0.4461
vn 0.1581 -0.8212 -0.5483
vn -0.5483 -0.8212 -0.1581
vn 0.0609 -0.8384 0.5417
vn 0.5417 -0.8384 -0.0609
vn -0.2065 0.6667 0.7161
vn 0.7161 0.6667 0.2065
vn 0.2065 0.6667 -0.7161
vn -0.7161 0.6667 -0.2065
vn -0.8829 0.3946 -0.2546
vn 0.2546 0.3946 -0.8829
vn 0.8829 0.3946 0.2546
vn -0.2546 0.3945 0.8829
vn -0.9566 0.2707 0.1076
vn -0.7525 0.2707 -0.6004
vn -0.1076 0.2707 -0.9566
vn 0.6004 0.2707 -0.7525
vn 0.9566 0.2707 -0.1076
vn 0.7525 0.2707 0.6004
vn 0.1076 0.2707 0.9566
vn -0.6004 0.2707 0.7525
vn -0.9678 0.2269 0.1088
vn -0.7613 0.2269 -0.6074
vn -0.1088 0.2269 -0.9678
vn 0.6074 0.2269 -0.7613
vn 0.9678 0.2269 -0.1088
vn 0.7613 0.2269 0.6074
vn 0.1088 0.2269 0.9678
vn -0.8740 0.0545 0.4828
vn -0.4828 0.0545 -0.8740
vn 0.8740 0.0545 -0.4828
vn 0.4828 0.0545 0.8740
vn -0.9533 -0.1248 -0.2749
vn 0.2749 -0.1248 -0.9533
vn 0.9533 -0.1248 0.2749
vn -0.2749 -0.1248 0.9533
vn -0.9428 -0.3161 0.1060
vn -0.1060 -0.3161 -0.9428
vn 0.9428 -0.3161 -0.1060
vn 0.1060 -0.3161 0.9428
vn -0.4835 -0.0000 -0.8753
vn -0.1117 -0.0000 -0.9937
vn 0.9937 -0.0000 -0.1117
vn 0.8753 -0.0000 -0.4835
vn 0.1117 -0.0000 0.9937
vn -0.2771 -0.0000 0.9609
vn -0.8753 -0.0000 0.4835
vn -0.9937 -0.0000 0.1117
vn 0.9609 -0.0000 0.2771
vn 0.9608 -0.0000 0.2771
vn 0.2771 -0.0000 -0.9609
vn -0.6237 -0.0000 0.7817
vn 0.2771 -0.0000 -0.9608
vn -0.9609 -0.0000 -0.2771
vn 0.7817 -0.0000 0.6237
vn -0.9608 -0.0000 -0.2771
vn 0.6237 -0.0000 -0.7817
vn -0.7817 -0.0000 -0.6237
vn 0.4835 -0.0000 0.8753
vn -0.0649 0.9910 -0.1174
vn 0.0649 0.9910 0.1174
vn -0.0665 -0.9905 -0.1204
vn 0.0665 -0.9905 0.1204
vn 0.1383 -0.9618 0.2362
vn -0.1275 0.9646 -0.2309
vn -0.1890 0.9204 -0.3422
vn 0.1306 -0.9628 0.2365
vn 0.1920 -0.9233 0.3327
vn 0.2039 -0.8929 0.4014
vn 0.2861 -0.8368 0.4668
vn -0.1926 0.9199 -0.3415
vn -0.2561 0.8492 -0.4619
vn -0.2691 0.8236 -0.4992
vn -0.3375 0.7207 -0.6056
vn -0.3482 0.6869 -0.6379
vn -0.3996 0.5720 -0.7163
vn 0.3776 -0.5624 0.7356
vn 0.4214 -0.4837 0.7671
vn 0.3921 -0.6169 0.6824
vn 0.3274 -0.6862 0.6496
vn 0.3306 -0.7376 0.5888
vn 0.4271 -0.4516 0.7834
vn -0.4049 0.5351 -0.7414
vn -0.4422 0.4210 -0.7920
vn -0.4428 0.3829 -0.8108
vn -0.4691 0.2725 -0.8400
vn 0.4541 -0.3544 0.8174
vn 0.4696 -0.2587 0.8441
vn 0.4497 -0.3557 0.8193
vn 0.4660 -0.2250 0.8557
vn -0.4660 0.2340 -0.8533
vn -0.4849 0.1305 -0.8648
vn -0.4781 0.0950 -0.8731
vn -0.4816 0.0003 -0.8764
vn 0.4850 -0.0911 0.8698
vn 0.5313 -0.0117 0.8471
vn 0.4846 -0.1269 0.8655
vn 0.4820 0.0273 0.8758
vn -0.4839 -0.0004 -0.8751
vn -0.4857 -0.0464 -0.8729
vn -0.4866 -0.0468 -0.8724
vn 0.8754 -0.0004 -0.4833
vn 0.8754 -0.0000 -0.4834
vn -0.0102 -0.9999 0.0085
vn -0.0007 -1.0000 0.0073
vn -0.0146 -0.9999 0.0091
vn 0.8754 0.0005 -0.4835
vn 0.8753 0.0008 -0.4835
vn 0.0037 -1.0000 0.0067
vn -0.0060 0.9997 -0.0254
vn -0.0047 0.9996 -0.0278
vn -0.0080 0.9997 -0.0214
vn 0.4781 0.0720 0.8754
vn 0.4796 0.0697 0.8747
vn 0.4752 0.0764 0.8766
vn -0.0027 0.9995 -0.0317
vn 0.4825 0.0654 0.8735
vn 0.4454 0.0497 0.8939
vn 0.2887 -0.7913 0.5390
vn -0.1339 -0.9609 -0.2424
vn -0.1369 -0.9613 -0.2389
vn -0.2095 -0.8985 -0.3858
vn 0.1861 0.9230 0.3369
vn 0.1941 0.9216 0.3362
vn 0.1275 0.9646 0.2309
vn 0.2463 0.8758 0.4150
vn -0.1870 -0.9290 -0.3193
vn -0.2860 -0.8490 -0.4443
vn -0.3107 -0.7776 -0.5467
vn -0.3257 -0.7475 -0.5789
vn -0.3706 -0.6370 -0.6759
vn 0.3560 0.7708 0.5282
vn 0.2969 0.7020 0.6473
vn 0.2538 0.8348 0.4885
vn 0.4172 0.6296 0.6554
vn 0.3782 0.5585 0.7382
vn -0.8754 -0.0000 0.4835
vn 0.4271 0.5034 0.7511
vn -0.3887 -0.6024 -0.6972
vn -0.4173 -0.4897 -0.7655
vn -0.4328 -0.4560 -0.7777
vn -0.8754 -0.0000 0.4834
vn -0.4541 -0.3557 -0.8169
vn 0.4673 0.3927 0.7921
vn 0.4096 0.3237 0.8529
vn 0.4258 0.4482 0.7860
vn -0.8755 -0.0001 0.4832
vn -0.8755 -0.0002 0.4833
vn 0.4849 0.2570 0.8359
vn -0.4501 -0.3544 -0.8196
vn -0.4645 -0.2587 -0.8469
vn -0.4762 -0.2250 -0.8501
vn -0.4746 -0.1269 -0.8710
vn 0.4936 0.1132 0.8623
vn 0.5000 0.1034 0.8598
vn 0.4537 0.2003 0.8684
vn -0.8752 0.0001 0.4838
vn -0.8753 -0.0000 0.4836
vn 0.4840 -0.0461 0.8738
vn 0.4822 -0.0467 0.8748
vn -0.4780 -0.0911 -0.8736
vn -0.4334 -0.0123 -0.9011
vn -0.4862 0.0268 -0.8735
vn -0.8753 -0.0006 0.4836
vn -0.5203 0.0479 -0.8527
vn 0.0439 0.9990 0.0124
vn -0.0006 1.0000 -0.0069
vn 0.0476 0.9969 0.0634
vn 0.4741 -0.1408 0.8691
vn 0.4726 -0.1415 0.8699
vn 0.0147 -0.9999 0.0037
vn 0.0071 -1.0000 0.0042
vn 0.0192 -0.9998 0.0033
vn -0.4925 -0.0812 -0.8665
vn -0.4825 -0.0640 -0.8735
vn -0.4892 -0.0755 -0.8689
vn 0.0025 -1.0000 0.0046
vn -0.4989 -0.0923 -0.8618
vn 0.0680 0.9940 0.0852
vn -0.8752 -0.0004 0.4838
vn -0.8753 -0.0001 0.4837
vn 0.0589 0.9824 0.1775
vn -0.8752 0.0001 0.4837
vn 0.0010 0.9991 0.0419
vn 0.1102 0.9840 0.1403
vn -0.1084 0.9737 -0.2002
vn -0.2081 0.9254 -0.3168
vn -0.8752 -0.0011 0.4837
vn -0.8753 -0.0003 0.4836
vn -0.8753 -0.0001 0.4836
vn 0.2146 0.9182 0.3329
vn -0.8752 -0.0010 0.4838
vn 0.0561 -0.9965 0.0623
vn 0.2595 -0.8592 0.4409
vn 0.1754 -0.9121 0.3706
vn -0.1640 -0.9503 -0.2645
vn -0.0367 -0.9993 -0.0117
vn 0.8753 0.0001 -0.4835
vn 0.3867 -0.6137 0.6883
vn 0.8751 0.0007 -0.4839
vn 0.8750 0.0006 -0.4841
vn -0.3643 0.6923 -0.6229
vn -0.2611 0.8447 -0.4673
vn -0.3590 0.6599 -0.6600
vn -0.4397 0.4371 -0.7846
vn 0.8750 -0.0000 -0.4841
vn -0.4344 0.4179 -0.7979
vn -0.8756 0.0003 0.4830
vn -0.8755 0.0001 0.4833
vn -0.8752 -0.0000 0.4838
vn -0.4814 0.1621 -0.8614
vn 0.4815 -0.1841 0.8569
vn 0.4666 -0.4313 0.7722
vn 0.5009 0.1021 0.8595
vn -0.8750 -0.0000 0.4840
vn 0.8753 -0.0001 -0.4836
vn 0.4632 0.1762 0.8685
vn -0.4751 0.1313 -0.8701
vn -0.4838 -0.1362 -0.8645
vn -0.4727 -0.1572 -0.8671
vn -0.8749 0.0001 0.4843
vn -0.4445 -0.4134 -0.7947
vn -0.8753 0.0003 0.4837
vn -0.4296 -0.4416 -0.7877
vn -0.3665 -0.6636 -0.6521
vn -0.8751 0.0001 0.4839
vn -0.8753 0.0002 0.4836
vn 0.2730 0.8385 0.4716
vn 0.4071 0.5305 0.7435
vn 0.4234 0.5050 0.7521
vn -0.8752 0.0005 0.4838
vn 0.2641 0.8018 0.5360
vn -0.3500 -0.6794 -0.6449
vn -0.2570 -0.8533 -0.4537
vn -0.2341 -0.8697 -0.4346
vn -0.8751 0.0008 0.4839
vn -0.1095 -0.9763 -0.1868
vn -0.8754 0.0001 0.4833
vn -0.0639 -0.9847 -0.1619
vn 0.0384 -0.9971 0.0653
vn -0.8753 -0.0002 0.4836
vn -0.8753 -0.0002 0.4835
vn 0.0371 0.9992 0.0137
vn 0.1199 0.9724 0.2002
vn -0.1700 0.9252 -0.3394
vn -0.1194 0.9781 -0.1702
vn -0.8755 0.0002 0.4832
vn 0.8753 -0.0000 -0.4836
vn 0.8753 -0.0003 -0.4836
vn 0.8754 -0.0001 -0.4833
vn 0.1604 -0.9589 0.2342
vn 0.2534 -0.8755 0.4115
vn 0.8758 -0.0004 -0.4827
vn 0.8758 -0.0009 -0.4826
vn 0.3817 -0.6401 0.6668
vn -0.3038 0.8119 -0.4984
vn -0.3221 0.7141 -0.6216
vn -0.4217 0.5251 -0.7392
vn 0.8757 -0.0009 -0.4828
vn -0.4283 0.3468 -0.8344
vn -0.8752 -0.0001 0.4838
vn -0.8751 -0.0001 0.4839
vn 0.3640 -0.5919 0.7191
vn 0.4741 -0.2404 0.8470
vn 0.4995 -0.1563 0.8521
vn 0.4770 0.1593 0.8643
vn -0.8753 0.0001 0.4836
vn -0.8753 0.0001 0.4835
vn -0.8754 0.0001 0.4835
vn -0.4703 -0.1228 -0.8739
vn -0.4122 -0.5251 -0.7446
vn -0.4178 -0.5067 -0.7541
vn -0.4815 0.1643 -0.8609
vn -0.4907 -0.2013 -0.8477
vn 0.8747 -0.0006 -0.4847
vn 0.8747 -0.0003 -0.4847
vn 0.8746 -0.0006 -0.4849
vn -0.2852 -0.8312 -0.4772
vn 0.8754 0.0001 -0.4834
vn 0.8753 0.0001 -0.4836
vn 0.8752 -0.0003 -0.4837
vn 0.4905 0.3192 0.8109
vn 0.4367 0.5116 0.7400
vn 0.3392 0.7574 0.5580
vn 0.2775 0.7614 0.5859
vn 0.8754 0.0002 -0.4835
vn -0.2945 -0.7656 -0.5720
vt 0.169297 0.335614
vt 0.133074 0.500000
vt 0.169297 0.500000
vt 0.169297 0.803745
vt 0.133074 0.865533
vt 0.169297 0.896862
vt 0.133074 0.895650
vt 0.169297 0.929560
vt 0.133073 0.865533
vt 0.133073 0.651409
vt 0.169297 0.664386
vt 0.133073 0.500000
vt 0.133073 0.348591
vt 0.169297 0.196255
vt 0.133073 0.134467
vt 0.169297 0.103138
vt 0.133074 0.104349
vt 0.169297 0.070439
vt 0.133074 0.134467
vt 0.133074 0.348591
vt 0.204051 0.668189
vt 0.204051 0.500000
vt 0.881994 0.826567
vt 0.905468 0.816154
vt 0.905468 0.792088
vt 0.792907 0.664386
vt 0.758152 0.810772
vt 0.792907 0.803745
vt 0.669378 0.679052
vt 0.703820 0.827743
vt 0.703820 0.677373
vt 0.580364 0.686153
vt 0.614733 0.842196
vt 0.614733 0.685195
vt 0.525645 0.691304
vt 0.491395 0.850848
vt 0.525645 0.853484
vt 0.436558 0.691304
vt 0.402190 0.846526
vt 0.436558 0.853484
vt 0.347471 0.685195
vt 0.313029 0.834098
vt 0.347471 0.842196
vt 0.223630 0.671022
vt 0.258384 0.827743
vt 0.258384 0.677373
vt 0.845770 0.353989
vt 0.881994 0.500000
vt 0.881994 0.364732
vt 0.845770 0.646011
vt 0.881994 0.749943
vt 0.881994 0.635268
vt 0.703820 0.500000
vt 0.738574 0.671022
vt 0.738574 0.500000
vt 0.649175 0.500000
vt 0.649175 0.680812
vt 0.560014 0.500000
vt 0.560014 0.687538
vt 0.436558 0.500000
vt 0.470809 0.689878
vt 0.470809 0.500000
vt 0.381840 0.500000
vt 0.381840 0.686153
vt 0.258384 0.500000
vt 0.292826 0.679052
vt 0.292826 0.500000
vt 0.845770 0.230207
vt 0.881994 0.250057
vt 0.758152 0.189228
vt 0.792907 0.335614
vt 0.792907 0.196255
vt 0.669378 0.169155
vt 0.703820 0.322627
vt 0.703820 0.172257
vt 0.614733 0.157804
vt 0.580364 0.313847
vt 0.614733 0.314805
vt 0.491395 0.149152
vt 0.525645 0.308696
vt 0.525645 0.146516
vt 0.402190 0.153474
vt 0.436558 0.308696
vt 0.436558 0.146516
vt 0.313029 0.165902
vt 0.347471 0.314805
vt 0.347471 0.157804
vt 0.258384 0.172257
vt 0.223630 0.328978
vt 0.258384 0.322627
vt 0.845770 0.147499
vt 0.881994 0.173433
vt 0.792907 0.103138
vt 0.669378 0.067730
vt 0.703820 0.071783
vt 0.580364 0.050586
vt 0.614733 0.052900
vt 0.525645 0.038151
vt 0.436558 0.038151
vt 0.347471 0.052900
vt 0.223630 0.087117
vt 0.258384 0.071783
vt 0.845770 0.118455
vt 0.881994 0.146527
vt 0.758153 0.060502
vt 0.792907 0.070439
vt 0.669378 0.032114
vt 0.703820 0.036501
vt 0.580364 0.013558
vt 0.614733 0.016063
vt 0.525645 0.000098
vt 0.491395 0.041595
vt 0.402190 0.009939
vt 0.436558 0.000098
vt 0.313029 0.027514
vt 0.347471 0.016063
vt 0.223630 0.053099
vt 0.258384 0.036501
vt 0.758153 0.093956
vt 0.669378 0.320948
vt 0.614732 0.314805
vt 0.845770 0.500000
vt 0.758152 0.500000
vt 0.792907 0.500000
vt 0.669377 0.500000
vt 0.580364 0.500000
vt 0.614732 0.500000
vt 0.525645 0.500000
vt 0.491395 0.310122
vt 0.402190 0.500000
vt 0.313029 0.500000
vt 0.347471 0.500000
vt 0.223630 0.500000
vt 0.758152 0.668189
vt 0.614732 0.685195
vt 0.491395 0.689878
vt 0.845770 0.769793
vt 0.669378 0.830844
vt 0.845770 0.852501
vt 0.792907 0.896862
vt 0.669378 0.932269
vt 0.703820 0.928217
vt 0.580364 0.949414
vt 0.614733 0.947100
vt 0.525645 0.961849
vt 0.436558 0.961849
vt 0.347471 0.947100
vt 0.223630 0.912883
vt 0.258384 0.928217
vt 0.845770 0.881544
vt 0.881994 0.853473
vt 0.758152 0.939498
vt 0.792907 0.929560
vt 0.669378 0.967885
vt 0.703820 0.963499
vt 0.580364 0.986442
vt 0.614733 0.983937
vt 0.525645 0.999902
vt 0.491395 0.958405
vt 0.402190 0.990061
vt 0.436558 0.999902
vt 0.313029 0.972486
vt 0.347471 0.983937
vt 0.223630 0.946901
vt 0.258384 0.963498
vt 0.758152 0.906043
vt 0.829130 0.500000
vt 0.829130 0.651409
vt 0.758152 0.331811
vt 0.614733 0.500000
vt 0.402190 0.312462
vt 0.080210 0.364732
vt 0.116433 0.500000
vt 0.116433 0.353989
vt 0.020524 0.255521
vt 0.000098 0.270562
vt 0.000098 0.288027
vt 0.080210 0.173433
vt 0.056736 0.183846
vt 0.056736 0.207912
vt 0.020524 0.744479
vt 0.000098 0.729438
vt 0.020524 0.764622
vt 0.080210 0.826567
vt 0.056736 0.816154
vt 0.080210 0.853473
vt 0.020524 0.601266
vt 0.000098 0.500000
vt 0.020524 0.500000
vt 0.080210 0.635268
vt 0.056736 0.500000
vt 0.080210 0.500000
vt 0.020524 0.235378
vt 0.080210 0.146527
vt 0.020524 0.687116
vt 0.000098 0.711973
vt 0.056736 0.723554
vt 0.056736 0.792088
vt 0.020524 0.398733
vt 0.000098 0.587802
vt 0.056736 0.620987
vt 0.000098 0.337763
vt 0.043998 0.613784
vt 0.000098 0.662237
vt 0.043998 0.225301
vt 0.020524 0.312884
vt 0.043998 0.289754
vt 0.000098 0.412198
vt 0.043998 0.774699
vt 0.043998 0.386216
vt 0.056736 0.276445
vt 0.080210 0.749943
vt 0.080210 0.250057
vt 0.056736 0.379013
vt 0.918206 0.289754
vt 0.941680 0.398733
vt 0.918206 0.386216
vt 0.962106 0.500000
vt 0.941680 0.500000
vt 0.918206 0.225301
vt 0.941680 0.312884
vt 0.941680 0.255521
vt 0.962106 0.270562
vt 0.941680 0.235378
vt 0.918206 0.774699
vt 0.941680 0.764622
vt 0.918206 0.797332
vt 0.941680 0.744479
vt 0.962106 0.729438
vt 0.962106 0.711973
vt 0.905468 0.500000
vt 0.905468 0.620987
vt 0.941680 0.601266
vt 0.962106 0.587802
vt 0.905468 0.183846
vt 0.905468 0.207912
vt 0.962106 0.288027
vt 0.905468 0.723555
vt 0.962106 0.662237
vt 0.941680 0.687116
vt 0.918206 0.613784
vt 0.918206 0.500000
vt 0.962106 0.412198
vt 0.905468 0.276445
vt 0.962106 0.337763
vt 0.905468 0.379013
vt 0.043998 0.710246
vt 0.043998 0.500000
vt 0.043998 0.202668
vt 0.043998 0.797332
vt 0.133074 0.651409
vt 0.116433 0.230207
vt 0.116433 0.147499
vt 0.116433 0.118455
vt 0.116433 0.646011
vt 0.116433 0.769793
vt 0.116433 0.852501
vt 0.116433 0.881544
vt 0.204051 0.331811
vt 0.204051 0.810772
vt 0.204051 0.906043
vt 0.204051 0.939498
vt 0.204051 0.189228
vt 0.204051 0.093956
vt 0.204051 0.060501
vt 0.292826 0.320948
vt 0.292826 0.830844
vt 0.292826 0.932269
vt 0.292826 0.967885
vt 0.292826 0.169155
vt 0.292826 0.067730
vt 0.292826 0.032114
vt 0.381840 0.313847
vt 0.381840 0.843966
vt 0.381840 0.949414
vt 0.381840 0.986442
vt 0.381840 0.156033
vt 0.381840 0.050586
vt 0.381840 0.013558
vt 0.470809 0.310122
vt 0.470809 0.850848
vt 0.470809 0.958405
vt 0.470809 0.996174
vt 0.470809 0.149152
vt 0.470809 0.041595
vt 0.470809 0.003826
vt 0.560014 0.312462
vt 0.560014 0.846526
vt 0.560014 0.952758
vt 0.560014 0.990061
vt 0.560014 0.153474
vt 0.560014 0.047242
vt 0.560014 0.009939
vt 0.649175 0.319187
vt 0.649175 0.834098
vt 0.649175 0.936520
vt 0.649175 0.972486
vt 0.649175 0.165902
vt 0.649175 0.063480
vt 0.649175 0.027514
vt 0.669378 0.500000
vt 0.738574 0.328978
vt 0.738574 0.816007
vt 0.738574 0.912883
vt 0.738574 0.946901
vt 0.738574 0.183993
vt 0.738574 0.087117
vt 0.738574 0.053099
vt 0.829130 0.779767
vt 0.829130 0.865533
vt 0.829130 0.895650
vt 0.829130 0.348591
vt 0.829130 0.220233
vt 0.829130 0.134467
vt 0.829130 0.104349
vt 0.918206 0.202668
vt 0.918206 0.710246
vt 0.133074 0.220233
vt 0.133073 0.220233
vt 0.133073 0.779767
vt 0.133074 0.779767
vt 0.223630 0.816007
vt 0.223630 0.183993
vt 0.313029 0.680812
vt 0.313029 0.936520
vt 0.313029 0.319187
vt 0.313029 0.063480
vt 0.402190 0.687538
vt 0.402190 0.952758
vt 0.402190 0.047242
vt 0.491395 0.500000
vt 0.491395 0.996174
vt 0.491395 0.003826
vt 0.580364 0.843966
vt 0.580364 0.156033
vt 0.902118 0.037298
vt 0.908305 0.149660
vt 0.859362 0.098998
vt 0.110617 0.031551
vt 0.223222 0.076407
vt 0.158490 0.103275
vt 0.109051 0.154455
vt 0.355857 0.108019
vt 0.397457 0.356287
vt 0.928403 0.285970
vt 0.714756 0.427244
vt 0.579796 0.209361
vt 0.536148 0.388942
vt 0.575234 0.281462
vt 0.600640 0.348561
vt 0.545033 0.100756
vt 0.656995 0.093149
vt 0.606693 0.142728
vt 0.477532 0.113258
vt 0.431206 0.223679
vt 0.405257 0.159776
vt 0.102473 0.466992
vt 0.101766 0.350520
vt 0.150900 0.398513
vt 0.393903 0.478646
vt 0.282390 0.432290
vt 0.347391 0.406490
vt 0.891712 0.466047
vt 0.785334 0.429527
vt 0.850318 0.402895
vt 0.037993 0.109454
vt 0.999877 0.202073
vt 0.965490 0.114506
vt 0.509032 0.195565
vt 0.507370 0.291883
vt 0.401743 0.038611
vt 0.213152 0.429275
vt 0.196802 0.507387
vt 0.708428 0.000348
vt 0.621008 0.036346
vt 0.702464 0.495912
vt 0.796775 0.495912
vt 0.467094 0.402192
vt 0.079183 0.218886
vt 0.000123 0.204656
vt 0.932588 0.215273
vt 0.292707 0.078218
vt 0.307534 0.000123
vt 0.294826 0.508696
vt 0.806658 0.000123
vt 0.722494 0.068125
vt 0.610560 0.460953
vt 0.428338 0.293162
vt 0.505973 0.308717
vt 0.076836 0.287375
vt 0.001512 0.303601
vt 0.998672 0.298897
vt 0.901460 0.353068
vt 0.209640 0.000123
vt 0.793329 0.071621
vt 0.649220 0.399880
vt 0.507123 0.211408
vt 0.038523 0.390871
vt 0.963145 0.391439
vt 0.556417 0.536802
vt 0.555226 0.536802
vt 0.556221 0.532818
vt 0.106859 0.526565
vt 0.106859 0.508942
vt 0.106308 0.508942
vt 0.107654 0.526504
vt 0.107105 0.508942
vt 0.107105 0.526504
vt 0.556221 0.540786
vt 0.107654 0.508942
vt 0.555036 0.540570
vt 0.053815 0.546217
vt 0.049417 0.546217
vt 0.049417 0.544167
vt 0.555036 0.533034
vt 0.058457 0.510990
vt 0.054062 0.510990
vt 0.054062 0.508942
vt 0.058457 0.508942
vt 0.058457 0.513037
vt 0.047790 0.545818
vt 0.048389 0.541657
vt 0.047222 0.542087
vt 0.048974 0.545602
vt 0.047980 0.549586
vt 0.049170 0.549586
vt 0.106308 0.526565
vt 0.105757 0.508942
vt 0.105757 0.526565
vt 0.555636 0.528873
vt 0.105207 0.508942
vt 0.554468 0.529303
vt 0.554666 0.525004
vt 0.054062 0.513037
vt 0.054062 0.515085
vt 0.553527 0.525644
vt 0.551497 0.520596
vt 0.552711 0.519956
vt 0.058457 0.515989
vt 0.054062 0.518031
vt 0.105207 0.526565
vt 0.104458 0.508942
vt 0.104362 0.526565
vt 0.103355 0.508942
vt 0.548706 0.513061
vt 0.047420 0.537788
vt 0.045166 0.532107
vt 0.045705 0.536858
vt 0.103258 0.526565
vt 0.102248 0.508942
vt 0.545104 0.511162
vt 0.543414 0.507068
vt 0.548577 0.515446
vt 0.058457 0.525322
vt 0.054062 0.528139
vt 0.054062 0.524193
vt 0.539633 0.506243
vt 0.058457 0.522324
vt 0.054062 0.521227
vt 0.035649 0.519381
vt 0.036424 0.522405
vt 0.040095 0.526607
vt 0.031840 0.518632
vt 0.058457 0.528499
vt 0.041043 0.525284
vt 0.102152 0.526565
vt 0.101141 0.508942
vt 0.029197 0.514647
vt 0.101044 0.526565
vt 0.537046 0.502225
vt 0.100034 0.508942
vt 0.534371 0.502901
vt 0.529851 0.498724
vt 0.058457 0.531465
vt 0.054062 0.534316
vt 0.054062 0.531465
vt 0.529440 0.500790
vt 0.027125 0.515685
vt 0.021550 0.513349
vt 0.021942 0.511271
vt 0.058457 0.534677
vt 0.099937 0.526565
vt 0.098927 0.508942
vt 0.014166 0.509384
vt 0.098829 0.526565
vt 0.522110 0.496703
vt 0.098047 0.508942
vt 0.521925 0.498878
vt 0.515773 0.496159
vt 0.058457 0.538795
vt 0.054062 0.541702
vt 0.054062 0.538433
vt 0.515773 0.498363
vt 0.014002 0.511564
vt 0.008527 0.508942
vt 0.004667 0.511331
vt 0.058457 0.543746
vt 0.098047 0.526565
vt 0.097484 0.508942
vt 0.004447 0.509152
vt 0.097483 0.526565
vt 0.511906 0.498548
vt 0.511696 0.496368
vt 0.096879 0.526565
vt 0.507383 0.499270
vt 0.507370 0.497058
vt 0.096879 0.508942
vt 0.054062 0.546175
vt 0.054062 0.543749
vt 0.127914 0.509237
vt 0.127914 0.508942
vt 0.058457 0.546172
vt 0.000143 0.512053
vt 0.000123 0.509842
vt 0.058457 0.519180
vt 0.043321 0.531465
vt 0.053815 0.544167
vt 0.047790 0.553353
vt 0.048974 0.553569
vt 0.049417 0.542118
vt 0.053815 0.542118
vt 0.047222 0.557085
vt 0.048389 0.557515
vt 0.555636 0.544731
vt 0.554468 0.544301
vt 0.553060 0.549233
vt 0.554666 0.548600
vt 0.049417 0.539334
vt 0.108752 0.526504
vt 0.108752 0.508942
vt 0.108203 0.508942
vt 0.108203 0.526504
vt 0.047420 0.561384
vt 0.046281 0.560744
vt 0.046076 0.565139
vt 0.109300 0.526504
vt 0.053815 0.540069
vt 0.053815 0.538019
vt 0.044976 0.564296
vt 0.049417 0.535237
vt 0.053815 0.534879
vt 0.042262 0.569428
vt 0.043634 0.569974
vt 0.552412 0.554280
vt 0.549856 0.556078
vt 0.545321 0.562209
vt 0.548290 0.561104
vt 0.049417 0.531123
vt 0.110046 0.526504
vt 0.110693 0.508942
vt 0.109593 0.508942
vt 0.543166 0.566761
vt 0.111148 0.526504
vt 0.111746 0.508942
vt 0.038963 0.576453
vt 0.037619 0.575482
vt 0.034311 0.581003
vt 0.112044 0.526504
vt 0.053815 0.530763
vt 0.049417 0.527002
vt 0.053815 0.526642
vt 0.031840 0.580539
vt 0.539633 0.567361
vt 0.534371 0.570702
vt 0.533225 0.573454
vt 0.049417 0.523674
vt 0.538353 0.570596
vt 0.112880 0.526504
vt 0.113402 0.508942
vt 0.112593 0.508942
vt 0.029320 0.584450
vt 0.027125 0.583486
vt 0.022280 0.587779
vt 0.113954 0.526504
vt 0.053815 0.523674
vt 0.049417 0.520820
vt 0.053815 0.520458
vt 0.021550 0.585822
vt 0.529440 0.572814
vt 0.521764 0.576952
vt 0.521925 0.574726
vt 0.049417 0.516698
vt 0.527571 0.575695
vt 0.115034 0.526504
vt 0.115058 0.508942
vt 0.114240 0.508942
vt 0.014690 0.589710
vt 0.014002 0.587607
vt 0.008527 0.590229
vt 0.115886 0.508942
vt 0.115886 0.526504
vt 0.053815 0.516337
vt 0.049417 0.513427
vt 0.053815 0.511382
vt 0.004668 0.587840
vt 0.515773 0.577445
vt 0.515773 0.575241
vt 0.511906 0.575056
vt 0.049417 0.511377
vt 0.511724 0.577240
vt 0.508076 0.574503
vt 0.049417 0.509328
vt 0.116444 0.508942
vt 0.116452 0.526504
vt 0.117051 0.508942
vt 0.507370 0.576545
vt 0.128161 0.508942
vt 0.128161 0.509237
vt 0.117051 0.526504
vt 0.507370 0.574330
vt 0.053815 0.508963
vt 0.004420 0.590015
vt 0.000160 0.587123
vt 0.049417 0.508942
vt 0.000123 0.589329
vt 0.121812 0.509018
vt 0.127667 0.508942
vt 0.127667 0.509426
vt 0.121812 0.509664
vt 0.059090 0.515584
vt 0.060983 0.513189
vt 0.061213 0.511862
vt 0.063541 0.510813
vt 0.063809 0.509862
vt 0.121812 0.520499
vt 0.121812 0.519897
vt 0.127667 0.520346
vt 0.059479 0.516958
vt 0.117297 0.508942
vt 0.117297 0.509871
vt 0.121566 0.509672
vt 0.117297 0.521330
vt 0.117297 0.521940
vt 0.121566 0.521887
vt 0.121566 0.508950
vt 0.096090 0.521543
vt 0.094335 0.523515
vt 0.095815 0.519870
vt 0.121566 0.510745
vt 0.096257 0.515964
vt 0.095297 0.515416
vt 0.096632 0.518819
vt 0.121812 0.510472
vt 0.127667 0.509965
vt 0.127667 0.510524
vt 0.121812 0.511030
vt 0.095194 0.513397
vt 0.127667 0.511063
vt 0.059459 0.522470
vt 0.060164 0.522106
vt 0.058704 0.519691
vt 0.121812 0.511569
vt 0.061011 0.524774
vt 0.121566 0.511695
vt 0.117297 0.511124
vt 0.117297 0.512325
vt 0.063391 0.525919
vt 0.093209 0.512025
vt 0.093296 0.511232
vt 0.090646 0.510318
vt 0.121566 0.512424
vt 0.127667 0.511621
vt 0.121812 0.512128
vt 0.090986 0.509688
vt 0.127667 0.512160
vt 0.063183 0.526665
vt 0.121812 0.512667
vt 0.065753 0.527719
vt 0.127667 0.512719
vt 0.121812 0.513226
vt 0.068609 0.528084
vt 0.066783 0.527259
vt 0.117297 0.514169
vt 0.121566 0.513252
vt 0.117297 0.513193
vt 0.070853 0.526908
vt 0.088205 0.508942
vt 0.087244 0.509535
vt 0.085427 0.508942
vt 0.083801 0.510113
vt 0.121566 0.514081
vt 0.127667 0.513258
vt 0.121812 0.513765
vt 0.082700 0.509867
vt 0.127667 0.513817
vt 0.071332 0.527532
vt 0.121812 0.514408
vt 0.074248 0.525969
vt 0.127667 0.514454
vt 0.121812 0.514957
vt 0.076178 0.523899
vt 0.075083 0.524135
vt 0.117297 0.515385
vt 0.121566 0.514909
vt 0.117297 0.516200
vt 0.121566 0.515824
vt 0.076782 0.521155
vt 0.080842 0.511965
vt 0.078699 0.515158
vt 0.077872 0.515646
vt 0.080041 0.511783
vt 0.127667 0.515323
vt 0.121812 0.515681
vt 0.078039 0.518963
vt 0.077844 0.521223
vt 0.127667 0.516429
vt 0.121566 0.516744
vt 0.117297 0.517021
vt 0.121566 0.517543
vt 0.078854 0.522232
vt 0.117297 0.517957
vt 0.075982 0.513951
vt 0.077122 0.517714
vt 0.077597 0.516240
vt 0.077597 0.520472
vt 0.121812 0.516509
vt 0.075793 0.512544
vt 0.121812 0.517314
vt 0.127667 0.517437
vt 0.121812 0.518068
vt 0.072900 0.509989
vt 0.073024 0.510920
vt 0.069795 0.508942
vt 0.069438 0.509563
vt 0.117297 0.518967
vt 0.117297 0.519880
vt 0.121566 0.519821
vt 0.121566 0.518371
vt 0.121566 0.519100
vt 0.083485 0.526742
vt 0.086458 0.527411
vt 0.084507 0.527735
vt 0.121566 0.520770
vt 0.090361 0.526682
vt 0.089580 0.527654
vt 0.080528 0.525567
vt 0.127667 0.518327
vt 0.121812 0.518705
vt 0.127667 0.519328
vt 0.121812 0.519348
vt 0.094002 0.524994
vt 0.066486 0.508946
vt 0.066392 0.509650
vt 0.117297 0.520602
vt 0.080909 0.525054
vt 0.000000 0.000000
s 1
usemtl マテリアル.008
f 153/1/1 258/2/2 40/3/3
f 49/4/4 263/5/5 57/6/6
f 57/6/6 265/7/7 65/8/8
f 265/7/7 73/6/9 65/8/8
f 267/9/10 81/4/11 73/6/9
f 81/4/11 271/10/12 89/11/13
f 89/11/13 273/12/14 97/3/15
f 273/12/14 105/1/16 97/3/15
f 275/13/17 113/14/18 105/1/16
f 113/14/18 279/15/19 121/16/20
f 121/16/20 281/17/21 129/18/22
f 281/17/21 137/16/23 129/18/22
f 283/19/24 145/14/25 137/16/23
f 145/14/25 287/20/26 153/1/1
f 40/3/3 291/21/27 290/22/28
f 258/2/2 41/11/29 40/3/3
f 7/23/30 546/24/31 571/25/32
f 48/26/33 486/27/34 56/28/35
f 452/29/36 55/30/37 47/31/38
f 420/32/39 54/33/40 46/34/41
f 45/35/42 390/36/43 53/37/44
f 44/38/45 358/39/46 52/40/47
f 43/41/48 326/42/49 51/43/50
f 292/44/51 50/45/52 42/46/53
f 542/47/54 1/48/55 31/49/56
f 514/50/57 5/51/58 3/52/59
f 34/53/60 483/54/61 482/55/62
f 450/56/63 46/34/41 451/57/64
f 418/58/65 45/35/42 419/59/66
f 37/60/67 387/61/68 386/62/69
f 354/63/70 43/41/48 355/64/71
f 39/65/72 323/66/73 322/67/74
f 540/68/75 31/49/56 29/69/76
f 510/70/77 160/71/78 152/72/79
f 478/73/80 159/74/81 151/75/82
f 150/76/83 448/77/84 158/78/85
f 414/79/86 157/80/87 149/81/88
f 382/82/89 156/83/90 148/84/91
f 350/85/92 155/86/93 147/87/94
f 146/88/95 320/89/96 154/90/97
f 538/91/98 29/69/76 27/92/99
f 144/93/100 510/70/77 152/72/79
f 476/94/101 151/75/82 143/95/102
f 444/96/103 150/76/83 142/97/104
f 141/98/105 414/79/86 149/81/88
f 140/99/106 382/82/89 148/84/91
f 139/100/107 350/85/92 147/87/94
f 316/101/108 146/88/95 138/102/109
f 536/103/110 27/92/99 25/104/111
f 506/105/112 144/93/100 136/106/113
f 474/107/114 143/95/102 135/108/115
f 442/109/116 142/97/104 134/110/117
f 133/111/118 412/112/119 141/98/105
f 378/113/120 140/99/106 132/114/121
f 346/115/122 139/100/107 131/116/123
f 314/117/124 138/102/109 130/118/125
f 534/91/126 25/104/111 23/92/127
f 504/119/128 136/106/113 128/93/129
f 472/94/130 135/108/115 127/95/131
f 126/97/132 442/109/116 134/110/117
f 408/112/133 133/111/118 125/98/134
f 124/99/135 378/113/120 132/114/121
f 123/100/136 346/115/122 131/116/123
f 312/101/137 130/118/125 122/102/138
f 532/68/139 23/92/127 21/69/140
f 502/70/141 128/93/129 120/72/142
f 470/73/143 127/95/131 119/75/144
f 118/76/145 440/96/146 126/97/132
f 406/79/147 125/98/134 117/81/148
f 374/82/149 124/99/135 116/84/150
f 342/85/151 123/100/136 115/87/152
f 114/88/153 312/101/137 122/102/138
f 530/47/154 21/69/140 19/49/155
f 112/71/156 502/70/141 120/72/142
f 468/120/157 119/75/144 111/74/158
f 436/77/159 118/76/145 110/121/160
f 109/80/161 406/79/147 117/81/148
f 108/83/162 374/82/149 116/84/150
f 107/86/163 342/85/151 115/87/152
f 308/89/164 114/88/153 106/90/165
f 528/122/166 19/49/155 17/48/167
f 498/123/168 112/71/156 104/124/169
f 466/125/170 111/74/158 103/53/171
f 434/126/172 110/121/160 102/127/173
f 101/128/174 404/129/175 109/80/161
f 370/130/176 108/83/162 100/60/177
f 338/131/178 107/86/163 99/132/179
f 306/133/180 106/90/165 98/65/181
f 526/50/182 17/48/167 15/52/183
f 496/134/184 104/124/169 96/26/185
f 464/29/186 103/53/171 95/31/187
f 94/135/188 434/126/172 102/127/173
f 400/136/189 101/128/174 93/35/190
f 92/38/191 370/130/176 100/60/177
f 91/41/192 338/131/178 99/132/179
f 304/44/193 98/65/181 90/46/194
f 524/137/195 15/52/183 13/51/196
f 494/27/197 96/26/185 88/28/198
f 462/138/199 95/31/187 87/30/200
f 86/33/201 432/32/202 94/135/188
f 398/36/203 93/35/190 85/37/204
f 366/39/205 92/38/191 84/40/206
f 334/42/207 91/41/192 83/43/208
f 82/45/209 304/44/193 90/46/194
f 522/139/210 13/51/196 11/23/211
f 80/140/212 494/27/197 88/28/198
f 460/141/213 87/30/200 79/142/214
f 428/143/215 86/33/201 78/144/216
f 77/145/217 398/36/203 85/37/204
f 76/146/218 366/39/205 84/40/206
f 75/147/219 334/42/207 83/43/208
f 300/148/220 82/45/209 74/149/221
f 520/150/222 11/23/211 9/151/223
f 490/152/224 80/140/212 72/153/225
f 458/154/226 79/142/214 71/155/227
f 426/156/228 78/144/216 70/157/229
f 69/158/230 396/159/231 77/145/217
f 362/160/232 76/146/218 68/161/233
f 330/162/234 75/147/219 67/163/235
f 298/164/236 74/149/221 66/165/237
f 518/139/238 9/151/223 7/23/30
f 488/166/239 72/153/225 64/140/240
f 456/141/241 71/155/227 63/142/242
f 62/144/243 426/156/228 70/157/229
f 392/159/244 69/158/230 61/145/245
f 60/146/246 362/160/232 68/161/233
f 59/147/247 330/162/234 67/163/235
f 296/148/248 66/165/237 58/149/249
f 544/167/250 48/26/33 513/168/251
f 486/27/34 64/140/240 56/28/35
f 454/138/252 63/142/242 55/30/37
f 54/33/40 424/143/253 62/144/243
f 390/36/43 61/145/245 53/37/44
f 358/39/46 60/146/246 52/40/47
f 326/42/49 59/147/247 51/43/50
f 50/45/52 296/148/248 58/149/249
f 516/137/254 7/23/30 5/51/58
f 512/169/255 33/124/256 160/71/78
f 480/120/257 34/53/60 159/74/81
f 158/78/85 417/126/258 35/170/259
f 416/129/260 36/128/261 157/80/87
f 384/171/262 37/60/67 156/83/90
f 155/86/93 321/131/263 38/132/264
f 320/89/96 39/65/72 154/90/97
f 32/172/265 257/173/266 288/174/267
f 169/175/268 191/176/269 170/177/270
f 28/178/271 248/179/272 253/180/273
f 190/181/274 166/182/275 165/183/276
f 8/184/277 251/185/278 10/186/279
f 188/187/280 162/188/281 161/189/282
f 16/190/283 249/191/284 18/192/285
f 186/175/286 191/176/269 192/193/287
f 24/178/288 248/179/272 26/194/289
f 184/195/290 189/196/291 190/181/274
f 8/184/277 240/197/292 246/198/293
f 182/199/294 174/188/295 173/189/296
f 32/172/265 255/191/297 2/192/298
f 180/195/299 187/200/300 188/187/280
f 16/190/283 236/197/301 244/201/302
f 186/175/286 177/202/303 185/177/304
f 231/203/305 173/189/296 176/187/306
f 184/195/290 175/200/307 183/204/308
f 254/205/309 172/206/310 229/207/311
f 182/199/294 171/202/312 181/208/313
f 227/209/314 165/183/276 168/181/315
f 180/195/299 167/196/316 179/204/317
f 225/210/318 161/189/282 164/199/319
f 164/199/319 177/202/303 178/206/320
f 24/178/288 234/211/321 242/180/322
f 176/187/306 174/188/295 175/200/307
f 4/190/323 240/197/292 6/212/324
f 172/206/310 170/177/270 171/202/312
f 30/213/325 238/214/326 32/172/265
f 168/181/315 166/182/275 167/196/316
f 12/184/327 236/197/301 14/212/328
f 164/199/319 162/188/281 163/208/329
f 560/215/330 208/216/331 551/217/332
f 208/216/331 224/218/333 223/219/334
f 547/220/335 197/221/336 200/222/337
f 200/222/337 222/223/338 221/224/339
f 554/225/340 196/226/341 545/227/342
f 219/228/343 195/229/344 220/230/345
f 15/52/183 575/231/346 569/232/347
f 217/233/348 224/218/333 218/234/349
f 23/92/127 573/235/350 567/236/351
f 215/222/352 222/223/338 216/237/353
f 7/23/30 565/238/354 5/51/58
f 219/228/343 214/239/355 213/240/356
f 558/241/357 204/219/358 549/242/359
f 204/219/358 212/243/360 211/216/361
f 15/52/183 561/238/362 13/51/196
f 209/240/363 218/234/349 210/239/364
f 23/92/127 559/244/365 21/69/140
f 215/222/352 206/245/366 205/221/367
f 3/52/59 565/238/354 557/232/368
f 213/240/356 202/234/369 201/233/370
f 31/49/56 555/244/371 29/69/76
f 211/216/361 198/245/372 197/221/336
f 11/23/211 561/238/362 553/25/373
f 193/228/374 210/239/364 194/230/375
f 554/225/340 209/240/363 193/228/374
f 208/216/331 206/245/366 207/243/376
f 19/49/155 575/231/346 17/48/167
f 201/233/370 203/218/377 204/219/358
f 31/49/56 550/231/378 563/246/379
f 200/222/337 198/245/372 199/237/380
f 27/92/99 573/235/350 25/104/111
f 193/228/374 195/229/344 196/226/341
f 225/210/318 178/206/320 233/207/381
f 235/247/382 168/181/315 180/195/299
f 237/210/383 172/206/310 182/199/294
f 231/203/305 184/195/290 239/247/384
f 20/172/385 249/191/284 226/214/386
f 12/184/327 251/185/278 228/198/387
f 28/178/271 230/211/388 30/213/325
f 4/190/323 255/191/297 232/201/389
f 241/205/390 178/206/320 186/175/286
f 243/203/391 180/195/299 188/187/280
f 237/210/383 173/189/296 256/248/392
f 239/247/384 190/181/274 245/209/393
f 241/205/390 192/193/287 247/249/394
f 243/203/391 161/189/282 250/248/395
f 245/209/393 165/183/276 252/250/396
f 254/205/309 192/193/287 169/175/268
f 259/251/397 49/4/4 41/11/29
f 30/213/325 288/174/267 286/252/398
f 28/178/271 286/252/398 284/253/399
f 26/194/289 284/253/399 282/254/400
f 24/178/288 282/254/400 280/253/401
f 22/213/402 280/253/401 278/252/403
f 20/172/385 278/252/403 276/174/404
f 18/192/285 276/174/404 274/173/405
f 16/190/283 274/173/405 272/255/406
f 14/212/328 272/255/406 270/256/407
f 12/184/327 270/256/407 268/257/408
f 10/186/279 268/257/408 266/258/409
f 8/184/277 266/258/409 264/257/410
f 6/212/324 264/257/410 262/256/411
f 4/190/323 262/256/411 260/255/412
f 2/192/298 260/255/412 257/173/266
f 153/1/1 290/22/28 319/259/413
f 41/11/29 293/260/414 291/21/27
f 293/260/414 57/6/6 295/261/415
f 57/6/6 297/262/416 295/261/415
f 65/8/8 299/261/417 297/262/416
f 73/6/9 301/260/418 299/261/417
f 301/260/418 89/11/13 303/21/419
f 89/11/13 305/22/420 303/21/419
f 97/3/15 307/259/421 305/22/420
f 105/1/16 309/263/422 307/259/421
f 309/263/422 121/16/20 311/264/423
f 121/16/20 313/265/424 311/264/423
f 129/18/22 315/264/425 313/265/424
f 137/16/23 317/263/426 315/264/425
f 317/263/426 153/1/1 319/259/413
f 289/133/427 42/46/53 39/65/72
f 154/90/97 322/67/74 351/266/428
f 42/46/53 325/267/429 323/66/73
f 50/45/52 327/268/430 325/267/429
f 58/149/249 329/269/431 327/268/430
f 66/165/237 331/268/432 329/269/431
f 74/149/221 333/267/433 331/268/432
f 82/45/209 335/66/434 333/267/433
f 90/46/194 337/67/435 335/66/434
f 98/65/181 339/266/436 337/67/435
f 106/90/165 341/270/437 339/266/436
f 114/88/153 343/271/438 341/270/437
f 122/102/138 345/272/439 343/271/438
f 130/118/125 347/271/440 345/272/439
f 138/102/109 349/270/441 347/271/440
f 146/88/95 351/266/428 349/270/441
f 321/131/263 43/41/48 38/132/264
f 155/86/93 354/63/70 383/273/442
f 355/64/71 51/43/50 357/274/443
f 51/43/50 359/275/444 357/274/443
f 59/147/247 361/276/445 359/275/444
f 361/276/445 75/147/219 363/275/446
f 363/275/446 83/43/208 365/274/447
f 83/43/208 367/64/448 365/274/447
f 91/41/192 369/63/449 367/64/448
f 369/63/449 107/86/163 371/273/450
f 371/273/450 115/87/152 373/277/451
f 115/87/152 375/278/452 373/277/451
f 123/100/136 377/279/453 375/278/452
f 377/279/453 139/100/107 379/278/454
f 379/278/454 147/87/94 381/277/455
f 147/87/94 383/273/442 381/277/455
f 353/130/456 44/38/45 37/60/67
f 415/280/457 37/60/67 386/62/69
f 44/38/45 389/281/458 387/61/68
f 389/281/458 60/146/246 391/282/459
f 391/282/459 68/161/233 393/283/460
f 68/161/233 395/282/461 393/283/460
f 76/146/218 397/281/462 395/282/461
f 397/281/462 92/38/191 399/61/463
f 399/61/463 100/60/177 401/62/464
f 100/60/177 403/280/465 401/62/464
f 108/83/162 405/284/466 403/280/465
f 405/284/466 124/99/135 407/285/467
f 407/285/467 132/114/121 409/286/468
f 132/114/121 411/285/469 409/286/468
f 140/99/106 413/284/470 411/285/469
f 413/284/470 156/83/90 415/280/457
f 36/128/261 388/136/471 45/35/42
f 157/80/87 418/58/65 447/287/472
f 45/35/42 421/288/473 419/59/66
f 53/37/44 423/289/474 421/288/473
f 61/145/245 425/290/475 423/289/474
f 425/290/475 77/145/217 427/289/476
f 77/145/217 429/288/477 427/289/476
f 85/37/204 431/59/478 429/288/477
f 93/35/190 433/58/479 431/59/478
f 433/58/479 109/80/161 435/287/480
f 109/80/161 437/291/481 435/287/480
f 117/81/148 439/292/482 437/291/481
f 125/98/134 441/293/483 439/292/482
f 441/293/483 141/98/105 443/292/484
f 141/98/105 445/291/485 443/292/484
f 149/81/88 447/287/472 445/291/485
f 417/126/258 46/34/41 35/170/259
f 158/78/85 450/56/63 479/294/486
f 46/34/41 453/295/487 451/57/64
f 453/295/487 62/144/243 455/296/488
f 62/144/243 457/297/489 455/296/488
f 457/297/489 78/144/216 459/296/490
f 78/144/216 461/295/491 459/296/490
f 461/295/491 94/135/188 463/57/492
f 94/135/188 465/56/493 463/57/492
f 465/56/493 110/121/160 467/294/494
f 110/121/160 469/298/495 467/294/494
f 469/298/495 126/97/132 471/299/496
f 126/97/132 473/300/497 471/299/496
f 473/300/497 142/97/104 475/299/498
f 142/97/104 477/298/499 475/299/498
f 477/298/499 158/78/85 479/294/486
f 449/301/500 47/31/38 34/53/60
f 159/74/81 482/55/62 511/302/501
f 483/54/61 55/30/37 485/303/502
f 55/30/37 487/304/503 485/303/502
f 63/142/242 489/305/504 487/304/503
f 71/155/227 491/304/505 489/305/504
f 491/304/505 87/30/200 493/303/506
f 87/30/200 495/54/507 493/303/506
f 95/31/187 497/55/508 495/54/507
f 103/53/171 499/302/509 497/55/508
f 499/302/509 119/75/144 501/306/510
f 119/75/144 503/307/511 501/306/510
f 127/95/131 505/308/512 503/307/511
f 135/108/115 507/307/513 505/308/512
f 507/307/513 151/75/82 509/306/514
f 151/75/82 511/302/501 509/306/514
f 481/123/515 48/26/33 33/124/256
f 513/168/251 56/28/35 515/309/516
f 543/122/517 3/52/59 1/48/55
f 56/28/35 517/310/518 515/309/516
f 64/140/240 519/311/519 517/310/518
f 519/311/519 80/140/212 521/310/520
f 521/310/520 88/28/198 523/309/521
f 88/28/198 525/168/522 523/309/521
f 96/26/185 527/167/523 525/168/522
f 527/167/523 112/71/156 529/312/524
f 529/312/524 120/72/142 531/313/525
f 120/72/142 533/314/526 531/313/525
f 128/93/129 535/315/527 533/314/526
f 535/315/527 144/93/100 537/314/528
f 537/314/528 152/72/79 539/313/529
f 152/72/79 541/312/530 539/313/529
f 160/71/78 544/167/250 541/312/530
f 572/225/531 196/226/341 219/228/343
f 547/220/335 221/224/339 574/316/532
f 564/217/533 204/219/358 211/216/361
f 551/217/332 223/219/334 576/242/534
f 564/217/533 197/221/336 556/215/535
f 558/241/357 213/240/356 201/233/370
f 568/220/536 205/221/367 560/215/330
f 570/241/537 209/240/363 562/317/538
f 572/225/531 213/240/356 566/317/539
f 3/52/59 550/231/378 1/48/55
f 568/220/536 221/224/339 215/222/352
f 570/241/537 223/219/334 217/233/348
f 11/23/211 546/24/31 9/151/223
f 27/92/99 555/244/371 548/236/540
f 19/49/155 559/244/365 552/246/541
f 225/210/318 249/191/284 250/248/395
f 227/209/314 251/185/278 252/250/396
f 229/207/311 253/180/273 254/205/309
f 256/248/392 232/201/389 255/191/297
f 233/207/381 226/214/386 225/210/318
f 235/247/382 228/198/387 227/209/314
f 229/207/311 238/214/326 230/211/388
f 239/247/384 232/201/389 231/203/305
f 233/207/381 242/180/322 234/211/321
f 235/247/382 244/201/302 236/197/301
f 256/248/392 238/214/326 237/210/383
f 239/247/384 246/198/293 240/197/292
f 247/249/394 242/180/322 241/205/390
f 250/248/395 244/201/302 243/203/391
f 252/250/396 246/198/293 245/209/393
f 254/205/309 248/179/272 247/249/394
f 257/173/266 287/20/26 288/174/267
f 286/252/398 287/20/26 285/318/542
f 286/252/398 283/19/24 284/253/399
f 284/253/399 281/17/21 282/254/400
f 282/254/400 279/15/19 280/253/401
f 278/252/403 279/15/19 277/319/543
f 278/252/403 275/13/17 276/174/404
f 276/174/404 273/12/14 274/173/405
f 274/173/405 271/10/12 272/255/406
f 270/256/407 271/10/12 269/320/544
f 270/256/407 267/9/10 268/257/408
f 268/257/408 265/7/7 266/258/409
f 266/258/409 263/5/5 264/257/410
f 262/256/411 263/5/5 261/321/545
f 262/256/411 259/251/397 260/255/412
f 260/255/412 258/2/2 257/173/266
f 290/22/28 292/44/51 289/133/427
f 291/21/27 294/322/546 292/44/51
f 295/261/415 294/322/546 293/260/414
f 297/262/416 296/148/248 295/261/415
f 297/262/416 300/148/220 298/164/236
f 299/261/417 302/322/547 300/148/220
f 303/21/419 302/322/547 301/260/418
f 305/22/420 304/44/193 303/21/419
f 305/22/420 308/89/164 306/133/180
f 307/259/421 310/323/548 308/89/164
f 311/264/423 310/323/548 309/263/422
f 313/265/424 312/101/137 311/264/423
f 313/265/424 316/101/108 314/117/124
f 315/264/425 318/323/549 316/101/108
f 319/259/413 318/323/549 317/263/426
f 290/22/28 320/89/96 319/259/413
f 323/66/73 321/131/263 322/67/74
f 325/267/429 324/324/550 323/66/73
f 327/268/430 326/42/49 325/267/429
f 327/268/430 330/162/234 328/325/551
f 331/268/432 330/162/234 329/269/431
f 333/267/433 332/325/552 331/268/432
f 335/66/434 334/42/207 333/267/433
f 335/66/434 338/131/178 336/324/553
f 339/266/436 338/131/178 337/67/435
f 341/270/437 340/326/554 339/266/436
f 343/271/438 342/85/151 341/270/437
f 343/271/438 346/115/122 344/327/555
f 347/271/440 346/115/122 345/272/439
f 349/270/441 348/327/556 347/271/440
f 351/266/428 350/85/92 349/270/441
f 351/266/428 321/131/263 352/326/557
f 354/63/70 356/328/558 353/130/456
f 355/64/71 358/39/46 356/328/558
f 359/275/444 358/39/46 357/274/443
f 361/276/445 360/329/559 359/275/444
f 361/276/445 364/329/560 362/160/232
f 363/275/446 366/39/205 364/329/560
f 367/64/448 366/39/205 365/274/447
f 369/63/449 368/328/561 367/64/448
f 369/63/449 372/171/562 370/130/176
f 371/273/450 374/82/149 372/171/562
f 375/278/452 374/82/149 373/277/451
f 377/279/453 376/330/563 375/278/452
f 377/279/453 380/330/564 378/113/120
f 379/278/454 382/82/89 380/330/564
f 383/273/442 382/82/89 381/277/455
f 354/63/70 384/171/262 383/273/442
f 387/61/68 385/331/565 386/62/69
f 389/281/458 388/136/471 387/61/68
f 391/282/459 390/36/43 389/281/458
f 393/283/460 392/159/244 391/282/459
f 395/282/461 394/332/566 393/283/460
f 397/281/462 396/159/231 395/282/461
f 399/61/463 398/36/203 397/281/462
f 401/62/464 400/136/189 399/61/463
f 403/280/465 402/331/567 401/62/464
f 405/284/466 404/129/175 403/280/465
f 407/285/467 406/79/147 405/284/466
f 409/286/468 408/112/133 407/285/467
f 411/285/469 410/333/568 409/286/468
f 413/284/470 412/112/119 411/285/469
f 415/280/457 414/79/86 413/284/470
f 386/62/69 416/129/260 415/280/457
f 419/59/66 417/126/258 418/58/65
f 421/288/473 420/32/39 419/59/66
f 421/288/473 424/143/253 422/334/569
f 423/289/474 426/156/228 424/143/253
f 427/289/476 426/156/228 425/290/475
f 429/288/477 428/143/215 427/289/476
f 429/288/477 432/32/202 430/334/570
f 431/59/478 434/126/172 432/32/202
f 435/287/480 434/126/172 433/58/479
f 437/291/481 436/77/159 435/287/480
f 437/291/481 440/96/146 438/335/571
f 439/292/482 442/109/116 440/96/146
f 443/292/484 442/109/116 441/293/483
f 445/291/485 444/96/103 443/292/484
f 445/291/485 448/77/84 446/335/572
f 447/287/472 417/126/258 448/77/84
f 450/56/63 452/29/36 449/301/500
f 453/295/487 452/29/36 451/57/64
f 455/296/488 454/138/252 453/295/487
f 457/297/489 456/141/241 455/296/488
f 457/297/489 460/141/213 458/154/226
f 461/295/491 460/141/213 459/296/490
f 463/57/492 462/138/199 461/295/491
f 465/56/493 464/29/186 463/57/492
f 465/56/493 468/120/157 466/125/170
f 469/298/495 468/120/157 467/294/494
f 471/299/496 470/73/143 469/298/495
f 473/300/497 472/94/130 471/299/496
f 473/300/497 476/94/101 474/107/114
f 477/298/499 476/94/101 475/299/498
f 479/294/486 478/73/80 477/298/499
f 450/56/63 480/120/257 479/294/486
f 483/54/61 481/123/515 482/55/62
f 485/303/502 484/134/573 483/54/61
f 485/303/502 488/166/239 486/27/34
f 487/304/503 490/152/224 488/166/239
f 491/304/505 490/152/224 489/305/504
f 493/303/506 492/166/574 491/304/505
f 493/303/506 496/134/184 494/27/197
f 495/54/507 498/123/168 496/134/184
f 499/302/509 498/123/168 497/55/508
f 501/306/510 500/169/575 499/302/509
f 501/306/510 504/119/128 502/70/141
f 503/307/511 506/105/112 504/119/128
f 507/307/513 506/105/112 505/308/512
f 509/306/514 508/119/576 507/307/513
f 509/306/514 512/169/255 510/70/77
f 511/302/501 481/123/515 512/169/255
f 513/168/251 543/122/517 544/167/250
f 513/168/251 516/137/254 514/50/57
f 517/310/518 516/137/254 515/309/516
f 519/311/519 518/139/238 517/310/518
f 521/310/520 520/150/222 519/311/519
f 521/310/520 524/137/195 522/139/210
f 525/168/522 524/137/195 523/309/521
f 527/167/523 526/50/182 525/168/522
f 529/312/524 528/122/166 527/167/523
f 529/312/524 532/68/139 530/47/154
f 533/314/526 532/68/139 531/313/525
f 535/315/527 534/91/126 533/314/526
f 537/314/528 536/103/110 535/315/527
f 537/314/528 540/68/75 538/91/98
f 541/312/530 540/68/75 539/313/529
f 544/167/250 542/47/54 541/312/530
f 545/227/342 553/25/373 554/225/340
f 556/215/535 548/236/540 555/244/371
f 549/242/359 557/232/368 558/241/357
f 560/215/330 552/246/541 559/244/365
f 562/317/538 553/25/373 561/238/362
f 556/215/535 563/246/379 564/217/533
f 566/317/539 557/232/368 565/238/354
f 560/215/330 567/236/351 568/220/536
f 562/317/538 569/232/347 570/241/537
f 564/217/533 550/231/378 549/242/359
f 566/317/539 571/25/32 572/225/531
f 568/220/536 573/235/350 574/316/532
f 576/242/534 569/232/347 575/231/346
f 572/225/531 546/24/31 545/227/342
f 574/316/532 548/236/540 547/220/335
f 576/242/534 552/246/541 551/217/332
f 22/213/402 226/214/386 234/211/321
f 153/1/1 287/20/26 258/2/2
f 49/4/4 261/321/545 263/5/5
f 57/6/6 263/5/5 265/7/7
f 265/7/7 267/9/10 73/6/9
f 267/9/10 269/320/544 81/4/11
f 81/4/11 269/320/544 271/10/12
f 89/11/13 271/10/12 273/12/14
f 273/12/14 275/13/17 105/1/16
f 275/13/17 277/319/543 113/14/18
f 113/14/18 277/319/543 279/15/19
f 121/16/20 279/15/19 281/17/21
f 281/17/21 283/19/24 137/16/23
f 283/19/24 285/318/542 145/14/25
f 145/14/25 285/318/542 287/20/26
f 40/3/3 41/11/29 291/21/27
f 258/2/2 259/251/397 41/11/29
f 7/23/30 9/151/223 546/24/31
f 48/26/33 484/134/573 486/27/34
f 452/29/36 454/138/252 55/30/37
f 420/32/39 422/334/569 54/33/40
f 45/35/42 388/136/471 390/36/43
f 44/38/45 356/328/558 358/39/46
f 43/41/48 324/324/550 326/42/49
f 292/44/51 294/322/546 50/45/52
f 542/47/54 543/122/517 1/48/55
f 514/50/57 516/137/254 5/51/58
f 34/53/60 47/31/38 483/54/61
f 450/56/63 35/170/259 46/34/41
f 418/58/65 36/128/261 45/35/42
f 37/60/67 44/38/45 387/61/68
f 354/63/70 38/132/264 43/41/48
f 39/65/72 42/46/53 323/66/73
f 540/68/75 542/47/54 31/49/56
f 510/70/77 512/169/255 160/71/78
f 478/73/80 480/120/257 159/74/81
f 150/76/83 446/335/572 448/77/84
f 414/79/86 416/129/260 157/80/87
f 382/82/89 384/171/262 156/83/90
f 350/85/92 352/326/557 155/86/93
f 146/88/95 318/323/549 320/89/96
f 538/91/98 540/68/75 29/69/76
f 144/93/100 508/119/576 510/70/77
f 476/94/101 478/73/80 151/75/82
f 444/96/103 446/335/572 150/76/83
f 141/98/105 412/112/119 414/79/86
f 140/99/106 380/330/564 382/82/89
f 139/100/107 348/327/556 350/85/92
f 316/101/108 318/323/549 146/88/95
f 536/103/110 538/91/98 27/92/99
f 506/105/112 508/119/576 144/93/100
f 474/107/114 476/94/101 143/95/102
f 442/109/116 444/96/103 142/97/104
f 133/111/118 410/333/568 412/112/119
f 378/113/120 380/330/564 140/99/106
f 346/115/122 348/327/556 139/100/107
f 314/117/124 316/101/108 138/102/109
f 534/91/126 536/103/110 25/104/111
f 504/119/128 506/105/112 136/106/113
f 472/94/130 474/107/114 135/108/115
f 126/97/132 440/96/146 442/109/116
f 408/112/133 410/333/568 133/111/118
f 124/99/135 376/330/563 378/113/120
f 123/100/136 344/327/555 346/115/122
f 312/101/137 314/117/124 130/118/125
f 532/68/139 534/91/126 23/92/127
f 502/70/141 504/119/128 128/93/129
f 470/73/143 472/94/130 127/95/131
f 118/76/145 438/335/571 440/96/146
f 406/79/147 408/112/133 125/98/134
f 374/82/149 376/330/563 124/99/135
f 342/85/151 344/327/555 123/100/136
f 114/88/153 310/323/548 312/101/137
f 530/47/154 532/68/139 21/69/140
f 112/71/156 500/169/575 502/70/141
f 468/120/157 470/73/143 119/75/144
f 436/77/159 438/335/571 118/76/145
f 109/80/161 404/129/175 406/79/147
f 108/83/162 372/171/562 374/82/149
f 107/86/163 340/326/554 342/85/151
f 308/89/164 310/323/548 114/88/153
f 528/122/166 530/47/154 19/49/155
f 498/123/168 500/169/575 112/71/156
f 466/125/170 468/120/157 111/74/158
f 434/126/172 436/77/159 110/121/160
f 101/128/174 402/331/567 404/129/175
f 370/130/176 372/171/562 108/83/162
f 338/131/178 340/326/554 107/86/163
f 306/133/180 308/89/164 106/90/165
f 526/50/182 528/122/166 17/48/167
f 496/134/184 498/123/168 104/124/169
f 464/29/186 466/125/170 103/53/171
f 94/135/188 432/32/202 434/126/172
f 400/136/189 402/331/567 101/128/174
f 92/38/191 368/328/561 370/130/176
f 91/41/192 336/324/553 338/131/178
f 304/44/193 306/133/180 98/65/181
f 524/137/195 526/50/182 15/52/183
f 494/27/197 496/134/184 96/26/185
f 462/138/199 464/29/186 95/31/187
f 86/33/201 430/334/570 432/32/202
f 398/36/203 400/136/189 93/35/190
f 366/39/205 368/328/561 92/38/191
f 334/42/207 336/324/553 91/41/192
f 82/45/209 302/322/547 304/44/193
f 522/139/210 524/137/195 13/51/196
f 80/140/212 492/166/574 494/27/197
f 460/141/213 462/138/199 87/30/200
f 428/143/215 430/334/570 86/33/201
f 77/145/217 396/159/231 398/36/203
f 76/146/218 364/329/560 366/39/205
f 75/147/219 332/325/552 334/42/207
f 300/148/220 302/322/547 82/45/209
f 520/150/222 522/139/210 11/23/211
f 490/152/224 492/166/574 80/140/212
f 458/154/226 460/141/213 79/142/214
f 426/156/228 428/143/215 78/144/216
f 69/158/230 394/332/566 396/159/231
f 362/160/232 364/329/560 76/146/218
f 330/162/234 332/325/552 75/147/219
f 298/164/236 300/148/220 74/149/221
f 518/139/238 520/150/222 9/151/223
f 488/166/239 490/152/224 72/153/225
f 456/141/241 458/154/226 71/155/227
f 62/144/243 424/143/253 426/156/228
f 392/159/244 394/332/566 69/158/230
f 60/146/246 360/329/559 362/160/232
f 59/147/247 328/325/551 330/162/234
f 296/148/248 298/164/236 66/165/237
f 544/167/250 33/124/256 48/26/33
f 486/27/34 488/166/239 64/140/240
f 454/138/252 456/141/241 63/142/242
f 54/33/40 422/334/569 424/143/253
f 390/36/43 392/159/244 61/145/245
f 358/39/46 360/329/559 60/146/246
f 326/42/49 328/325/551 59/147/247
f 50/45/52 294/322/546 296/148/248
f 516/137/254 518/139/238 7/23/30
f 512/169/255 481/123/515 33/124/256
f 480/120/257 449/301/500 34/53/60
f 158/78/85 448/77/84 417/126/258
f 416/129/260 385/331/565 36/128/261
f 384/171/262 353/130/456 37/60/67
f 155/86/93 352/326/557 321/131/263
f 320/89/96 289/133/427 39/65/72
f 32/172/265 2/192/298 257/173/266
f 169/175/268 192/193/287 191/176/269
f 28/178/271 26/194/289 248/179/272
f 190/181/274 189/196/291 166/182/275
f 8/184/277 246/198/293 251/185/278
f 188/187/280 187/200/300 162/188/281
f 16/190/283 244/201/302 249/191/284
f 186/175/286 185/177/304 191/176/269
f 24/178/288 242/180/322 248/179/272
f 184/195/290 183/204/308 189/196/291
f 8/184/277 6/212/324 240/197/292
f 182/199/294 181/208/313 174/188/295
f 32/172/265 238/214/326 255/191/297
f 180/195/299 179/204/317 187/200/300
f 16/190/283 14/212/328 236/197/301
f 186/175/286 178/206/320 177/202/303
f 231/203/305 256/248/392 173/189/296
f 184/195/290 176/187/306 175/200/307
f 254/205/309 169/175/268 172/206/310
f 182/199/294 172/206/310 171/202/312
f 227/209/314 252/250/396 165/183/276
f 180/195/299 168/181/315 167/196/316
f 225/210/318 250/248/395 161/189/282
f 164/199/319 163/208/329 177/202/303
f 24/178/288 22/213/402 234/211/321
f 176/187/306 173/189/296 174/188/295
f 4/190/323 232/201/389 240/197/292
f 172/206/310 169/175/268 170/177/270
f 30/213/325 230/211/388 238/214/326
f 168/181/315 165/183/276 166/182/275
f 12/184/327 228/198/387 236/197/301
f 164/199/319 161/189/282 162/188/281
f 560/215/330 205/221/367 208/216/331
f 208/216/331 207/243/376 224/218/333
f 547/220/335 556/215/535 197/221/336
f 200/222/337 199/237/380 222/223/338
f 554/225/340 193/228/374 196/226/341
f 219/228/343 196/226/341 195/229/344
f 15/52/183 17/48/167 575/231/346
f 217/233/348 223/219/334 224/218/333
f 23/92/127 25/104/111 573/235/350
f 215/222/352 221/224/339 222/223/338
f 7/23/30 571/25/32 565/238/354
f 219/228/343 220/230/345 214/239/355
f 558/241/357 201/233/370 204/219/358
f 204/219/358 203/218/377 212/243/360
f 15/52/183 569/232/347 561/238/362
f 209/240/363 217/233/348 218/234/349
f 23/92/127 567/236/351 559/244/365
f 215/222/352 216/237/353 206/245/366
f 3/52/59 5/51/58 565/238/354
f 213/240/356 214/239/355 202/234/369
f 31/49/56 563/246/379 555/244/371
f 211/216/361 212/243/360 198/245/372
f 11/23/211 13/51/196 561/238/362
f 193/228/374 209/240/363 210/239/364
f 554/225/340 562/317/538 209/240/363
f 208/216/331 205/221/367 206/245/366
f 19/49/155 552/246/541 575/231/346
f 201/233/370 202/234/369 203/218/377
f 31/49/56 1/48/55 550/231/378
f 200/222/337 197/221/336 198/245/372
f 27/92/99 548/236/540 573/235/350
f 193/228/374 194/230/375 195/229/344
f 225/210/318 164/199/319 178/206/320
f 235/247/382 227/209/314 168/181/315
f 237/210/383 229/207/311 172/206/310
f 231/203/305 176/187/306 184/195/290
f 20/172/385 18/192/285 249/191/284
f 12/184/327 10/186/279 251/185/278
f 28/178/271 253/180/273 230/211/388
f 4/190/323 2/192/298 255/191/297
f 241/205/390 233/207/381 178/206/320
f 243/203/391 235/247/382 180/195/299
f 237/210/383 182/199/294 173/189/296
f 239/247/384 184/195/290 190/181/274
f 241/205/390 186/175/286 192/193/287
f 243/203/391 188/187/280 161/189/282
f 245/209/393 190/181/274 165/183/276
f 254/205/309 247/249/394 192/193/287
f 259/251/397 261/321/545 49/4/4
f 30/213/325 32/172/265 288/174/267
f 28/178/271 30/213/325 286/252/398
f 26/194/289 28/178/271 284/253/399
f 24/178/288 26/194/289 282/254/400
f 22/213/402 24/178/288 280/253/401
f 20/172/385 22/213/402 278/252/403
f 18/192/285 20/172/385 276/174/404
f 16/190/283 18/192/285 274/173/405
f 14/212/328 16/190/283 272/255/406
f 12/184/327 14/212/328 270/256/407
f 10/186/279 12/184/327 268/257/408
f 8/184/277 10/186/279 266/258/409
f 6/212/324 8/184/277 264/257/410
f 4/190/323 6/212/324 262/256/411
f 2/192/298 4/190/323 260/255/412
f 153/1/1 40/3/3 290/22/28
f 41/11/29 49/4/4 293/260/414
f 293/260/414 49/4/4 57/6/6
f 57/6/6 65/8/8 297/262/416
f 65/8/8 73/6/9 299/261/417
f 73/6/9 81/4/11 301/260/418
f 301/260/418 81/4/11 89/11/13
f 89/11/13 97/3/15 305/22/420
f 97/3/15 105/1/16 307/259/421
f 105/1/16 113/14/18 309/263/422
f 309/263/422 113/14/18 121/16/20
f 121/16/20 129/18/22 313/265/424
f 129/18/22 137/16/23 315/264/425
f 137/16/23 145/14/25 317/263/426
f 317/263/426 145/14/25 153/1/1
f 289/133/427 292/44/51 42/46/53
f 154/90/97 39/65/72 322/67/74
f 42/46/53 50/45/52 325/267/429
f 50/45/52 58/149/249 327/268/430
f 58/149/249 66/165/237 329/269/431
f 66/165/237 74/149/221 331/268/432
f 74/149/221 82/45/209 333/267/433
f 82/45/209 90/46/194 335/66/434
f 90/46/194 98/65/181 337/67/435
f 98/65/181 106/90/165 339/266/436
f 106/90/165 114/88/153 341/270/437
f 114/88/153 122/102/138 343/271/438
f 122/102/138 130/118/125 345/272/439
f 130/118/125 138/102/109 347/271/440
f 138/102/109 146/88/95 349/270/441
f 146/88/95 154/90/97 351/266/428
f 321/131/263 324/324/550 43/41/48
f 155/86/93 38/132/264 354/63/70
f 355/64/71 43/41/48 51/43/50
f 51/43/50 59/147/247 359/275/444
f 59/147/247 67/163/235 361/276/445
f 361/276/445 67/163/235 75/147/219
f 363/275/446 75/147/219 83/43/208
f 83/43/208 91/41/192 367/64/448
f 91/41/192 99/132/179 369/63/449
f 369/63/449 99/132/179 107/86/163
f 371/273/450 107/86/163 115/87/152
f 115/87/152 123/100/136 375/278/452
f 123/100/136 131/116/123 377/279/453
f 377/279/453 131/116/123 139/100/107
f 379/278/454 139/100/107 147/87/94
f 147/87/94 155/86/93 383/273/442
f 353/130/456 356/328/558 44/38/45
f 415/280/457 156/83/90 37/60/67
f 44/38/45 52/40/47 389/281/458
f 389/281/458 52/40/47 60/146/246
f 391/282/459 60/146/246 68/161/233
f 68/161/233 76/146/218 395/282/461
f 76/146/218 84/40/206 397/281/462
f 397/281/462 84/40/206 92/38/191
f 399/61/463 92/38/191 100/60/177
f 100/60/177 108/83/162 403/280/465
f 108/83/162 116/84/150 405/284/466
f 405/284/466 116/84/150 124/99/135
f 407/285/467 124/99/135 132/114/121
f 132/114/121 140/99/106 411/285/469
f 140/99/106 148/84/91 413/284/470
f 413/284/470 148/84/91 156/83/90
f 36/128/261 385/331/565 388/136/471
f 157/80/87 36/128/261 418/58/65
f 45/35/42 53/37/44 421/288/473
f 53/37/44 61/145/245 423/289/474
f 61/145/245 69/158/230 425/290/475
f 425/290/475 69/158/230 77/145/217
f 77/145/217 85/37/204 429/288/477
f 85/37/204 93/35/190 431/59/478
f 93/35/190 101/128/174 433/58/479
f 433/58/479 101/128/174 109/80/161
f 109/80/161 117/81/148 437/291/481
f 117/81/148 125/98/134 439/292/482
f 125/98/134 133/111/118 441/293/483
f 441/293/483 133/111/118 141/98/105
f 141/98/105 149/81/88 445/291/485
f 149/81/88 157/80/87 447/287/472
f 417/126/258 420/32/39 46/34/41
f 158/78/85 35/170/259 450/56/63
f 46/34/41 54/33/40 453/295/487
f 453/295/487 54/33/40 62/144/243
f 62/144/243 70/157/229 457/297/489
f 457/297/489 70/157/229 78/144/216
f 78/144/216 86/33/201 461/295/491
f 461/295/491 86/33/201 94/135/188
f 94/135/188 102/127/173 465/56/493
f 465/56/493 102/127/173 110/121/160
f 110/121/160 118/76/145 469/298/495
f 469/298/495 118/76/145 126/97/132
f 126/97/132 134/110/117 473/300/497
f 473/300/497 134/110/117 142/97/104
f 142/97/104 150/76/83 477/298/499
f 477/298/499 150/76/83 158/78/85
f 449/301/500 452/29/36 47/31/38
f 159/74/81 34/53/60 482/55/62
f 483/54/61 47/31/38 55/30/37
f 55/30/37 63/142/242 487/304/503
f 63/142/242 71/155/227 489/305/504
f 71/155/227 79/142/214 491/304/505
f 491/304/505 79/142/214 87/30/200
f 87/30/200 95/31/187 495/54/507
f 95/31/187 103/53/171 497/55/508
f 103/53/171 111/74/158 499/302/509
f 499/302/509 111/74/158 119/75/144
f 119/75/144 127/95/131 503/307/511
f 127/95/131 135/108/115 505/308/512
f 135/108/115 143/95/102 507/307/513
f 507/307/513 143/95/102 151/75/82
f 151/75/82 159/74/81 511/302/501
f 481/123/515 484/134/573 48/26/33
f 513/168/251 48/26/33 56/28/35
f 543/122/517 514/50/57 3/52/59
f 56/28/35 64/140/240 517/310/518
f 64/140/240 72/153/225 519/311/519
f 519/311/519 72/153/225 80/140/212
f 521/310/520 80/140/212 88/28/198
f 88/28/198 96/26/185 525/168/522
f 96/26/185 104/124/169 527/167/523
f 527/167/523 104/124/169 112/71/156
f 529/312/524 112/71/156 120/72/142
f 120/72/142 128/93/129 533/314/526
f 128/93/129 136/106/113 535/315/527
f 535/315/527 136/106/113 144/93/100
f 537/314/528 144/93/100 152/72/79
f 152/72/79 160/71/78 541/312/530
f 160/71/78 33/124/256 544/167/250
f 572/225/531 545/227/342 196/226/341
f 547/220/335 200/222/337 221/224/339
f 564/217/533 549/242/359 204/219/358
f 551/217/332 208/216/331 223/219/334
f 564/217/533 211/216/361 197/221/336
f 558/241/357 566/317/539 213/240/356
f 568/220/536 215/222/352 205/221/367
f 570/241/537 217/233/348 209/240/363
f 572/225/531 219/228/343 213/240/356
f 3/52/59 557/232/368 550/231/378
f 568/220/536 574/316/532 221/224/339
f 570/241/537 576/242/534 223/219/334
f 11/23/211 553/25/373 546/24/31
f 27/92/99 29/69/76 555/244/371
f 19/49/155 21/69/140 559/244/365
f 225/210/318 226/214/386 249/191/284
f 227/209/314 228/198/387 251/185/278
f 229/207/311 230/211/388 253/180/273
f 256/248/392 231/203/305 232/201/389
f 233/207/381 234/211/321 226/214/386
f 235/247/382 236/197/301 228/198/387
f 229/207/311 237/210/383 238/214/326
f 239/247/384 240/197/292 232/201/389
f 233/207/381 241/205/390 242/180/322
f 235/247/382 243/203/391 244/201/302
f 256/248/392 255/191/297 238/214/326
f 239/247/384 245/209/393 246/198/293
f 247/249/394 248/179/272 242/180/322
f 250/248/395 249/191/284 244/201/302
f 252/250/396 251/185/278 246/198/293
f 254/205/309 253/180/273 248/179/272
f 257/173/266 258/2/2 287/20/26
f 286/252/398 288/174/267 287/20/26
f 286/252/398 285/318/542 283/19/24
f 284/253/399 283/19/24 281/17/21
f 282/254/400 281/17/21 279/15/19
f 278/252/403 280/253/401 279/15/19
f 278/252/403 277/319/543 275/13/17
f 276/174/404 275/13/17 273/12/14
f 274/173/405 273/12/14 271/10/12
f 270/256/407 272/255/406 271/10/12
f 270/256/407 269/320/544 267/9/10
f 268/257/408 267/9/10 265/7/7
f 266/258/409 265/7/7 263/5/5
f 262/256/411 264/257/410 263/5/5
f 262/256/411 261/321/545 259/251/397
f 260/255/412 259/251/397 258/2/2
f 290/22/28 291/21/27 292/44/51
f 291/21/27 293/260/414 294/322/546
f 295/261/415 296/148/248 294/322/546
f 297/262/416 298/164/236 296/148/248
f 297/262/416 299/261/417 300/148/220
f 299/261/417 301/260/418 302/322/547
f 303/21/419 304/44/193 302/322/547
f 305/22/420 306/133/180 304/44/193
f 305/22/420 307/259/421 308/89/164
f 307/259/421 309/263/422 310/323/548
f 311/264/423 312/101/137 310/323/548
f 313/265/424 314/117/124 312/101/137
f 313/265/424 315/264/425 316/101/108
f 315/264/425 317/263/426 318/323/549
f 319/259/413 320/89/96 318/323/549
f 290/22/28 289/133/427 320/89/96
f 323/66/73 324/324/550 321/131/263
f 325/267/429 326/42/49 324/324/550
f 327/268/430 328/325/551 326/42/49
f 327/268/430 329/269/431 330/162/234
f 331/268/432 332/325/552 330/162/234
f 333/267/433 334/42/207 332/325/552
f 335/66/434 336/324/553 334/42/207
f 335/66/434 337/67/435 338/131/178
f 339/266/436 340/326/554 338/131/178
f 341/270/437 342/85/151 340/326/554
f 343/271/438 344/327/555 342/85/151
f 343/271/438 345/272/439 346/115/122
f 347/271/440 348/327/556 346/115/122
f 349/270/441 350/85/92 348/327/556
f 351/266/428 352/326/557 350/85/92
f 351/266/428 322/67/74 321/131/263
f 354/63/70 355/64/71 356/328/558
f 355/64/71 357/274/443 358/39/46
f 359/275/444 360/329/559 358/39/46
f 361/276/445 362/160/232 360/329/559
f 361/276/445 363/275/446 364/329/560
f 363/275/446 365/274/447 366/39/205
f 367/64/448 368/328/561 366/39/205
f 369/63/449 370/130/176 368/328/561
f 369/63/449 371/273/450 372/171/562
f 371/273/450 373/277/451 374/82/149
f 375/278/452 376/330/563 374/82/149
f 377/279/453 378/113/120 376/330/563
f 377/279/453 379/278/454 380/330/564
f 379/278/454 381/277/455 382/82/89
f 383/273/442 384/171/262 382/82/89
f 354/63/70 353/130/456 384/171/262
f 387/61/68 388/136/471 385/331/565
f 389/281/458 390/36/43 388/136/471
f 391/282/459 392/159/244 390/36/43
f 393/283/460 394/332/566 392/159/244
f 395/282/461 396/159/231 394/332/566
f 397/281/462 398/36/203 396/159/231
f 399/61/463 400/136/189 398/36/203
f 401/62/464 402/331/567 400/136/189
f 403/280/465 404/129/175 402/331/567
f 405/284/466 406/79/147 404/129/175
f 407/285/467 408/112/133 406/79/147
f 409/286/468 410/333/568 408/112/133
f 411/285/469 412/112/119 410/333/568
f 413/284/470 414/79/86 412/112/119
f 415/280/457 416/129/260 414/79/86
f 386/62/69 385/331/565 416/129/260
f 419/59/66 420/32/39 417/126/258
f 421/288/473 422/334/569 420/32/39
f 421/288/473 423/289/474 424/143/253
f 423/289/474 425/290/475 426/156/228
f 427/289/476 428/143/215 426/156/228
f 429/288/477 430/334/570 428/143/215
f 429/288/477 431/59/478 432/32/202
f 431/59/478 433/58/479 434/126/172
f 435/287/480 436/77/159 434/126/172
f 437/291/481 438/335/571 436/77/159
f 437/291/481 439/292/482 440/96/146
f 439/292/482 441/293/483 442/109/116
f 443/292/484 444/96/103 442/109/116
f 445/291/485 446/335/572 444/96/103
f 445/291/485 447/287/472 448/77/84
f 447/287/472 418/58/65 417/126/258
f 450/56/63 451/57/64 452/29/36
f 453/295/487 454/138/252 452/29/36
f 455/296/488 456/141/241 454/138/252
f 457/297/489 458/154/226 456/141/241
f 457/297/489 459/296/490 460/141/213
f 461/295/491 462/138/199 460/141/213
f 463/57/492 464/29/186 462/138/199
f 465/56/493 466/125/170 464/29/186
f 465/56/493 467/294/494 468/120/157
f 469/298/495 470/73/143 468/120/157
f 471/299/496 472/94/130 470/73/143
f 473/300/497 474/107/114 472/94/130
f 473/300/497 475/299/498 476/94/101
f 477/298/499 478/73/80 476/94/101
f 479/294/486 480/120/257 478/73/80
f 450/56/63 449/301/500 480/120/257
f 483/54/61 484/134/573 481/123/515
f 485/303/502 486/27/34 484/134/573
f 485/303/502 487/304/503 488/166/239
f 487/304/503 489/305/504 490/152/224
f 491/304/505 492/166/574 490/152/224
f 493/303/506 494/27/197 492/166/574
f 493/303/506 495/54/507 496/134/184
f 495/54/507 497/55/508 498/123/168
f 499/302/509 500/169/575 498/123/168
f 501/306/510 502/70/141 500/169/575
f 501/306/510 503/307/511 504/119/128
f 503/307/511 505/308/512 506/105/112
f 507/307/513 508/119/576 506/105/112
f 509/306/514 510/70/77 508/119/576
f 509/306/514 511/302/501 512/169/255
f 511/302/501 482/55/62 481/123/515
f 513/168/251 514/50/57 543/122/517
f 513/168/251 515/309/516 516/137/254
f 517/310/518 518/139/238 516/137/254
f 519/311/519 520/150/222 518/139/238
f 521/310/520 522/139/210 520/150/222
f 521/310/520 523/309/521 524/137/195
f 525/168/522 526/50/182 524/137/195
f 527/167/523 528/122/166 526/50/182
f 529/312/524 530/47/154 528/122/166
f 529/312/524 531/313/525 532/68/139
f 533/314/526 534/91/126 532/68/139
f 535/315/527 536/103/110 534/91/126
f 537/314/528 538/91/98 536/103/110
f 537/314/528 539/313/529 540/68/75
f 541/312/530 542/47/54 540/68/75
f 544/167/250 543/122/517 542/47/54
f 545/227/342 546/24/31 553/25/373
f 556/215/535 547/220/335 548/236/540
f 549/242/359 550/231/378 557/232/368
f 560/215/330 551/217/332 552/246/541
f 562/317/538 554/225/340 553/25/373
f 556/215/535 555/244/371 563/246/379
f 566/317/539 558/241/357 557/232/368
f 560/215/330 559/244/365 567/236/351
f 562/317/538 561/238/362 569/232/347
f 564/217/533 563/246/379 550/231/378
f 566/317/539 565/238/354 571/25/32
f 568/220/536 567/236/351 573/235/350
f 576/242/534 570/241/537 569/232/347
f 572/225/531 571/25/32 546/24/31
f 574/316/532 573/235/350 548/236/540
f 576/242/534 575/231/346 552/246/541
f 22/213/402 20/172/385 226/214/386
usemtl マテリアル.009
f 626/336/577 587/337/578 585/338/577
f 610/339/579 594/340/580 596/341/579
f 598/342/581 590/343/581 582/344/581
f 591/345/582 599/346/582 607/347/582
f 628/348/583 605/349/584 603/350/583
f 630/351/585 578/352/586 577/353/585
f 612/354/578 586/355/577 588/356/578
f 614/357/584 604/358/583 606/359/584
f 616/360/586 580/361/585 579/362/586
f 632/363/579 597/364/587 595/365/579
f 610/339/579 598/342/587 617/366/587
f 633/367/588 587/337/578 625/368/578
f 634/369/589 605/349/584 627/370/584
f 612/354/578 590/343/588 618/371/588
f 614/357/584 608/372/589 619/373/589
f 635/374/590 578/352/586 629/375/586
f 636/376/591 597/364/587 631/377/587
f 616/360/586 582/344/590 620/378/590
f 617/366/587 600/379/591 621/380/591
f 633/367/588 591/345/592 589/381/588
f 630/351/585 607/347/589 634/369/589
f 618/371/588 592/382/592 622/383/592
f 619/373/589 580/361/585 615/384/585
f 638/385/593 581/386/590 635/374/590
f 639/387/594 599/346/591 636/376/591
f 620/378/590 584/388/593 623/389/593
f 621/380/591 602/390/594 624/391/594
f 637/392/592 593/393/580 591/345/592
f 622/383/592 594/340/580 609/394/580
f 626/336/577 583/395/593 638/385/593
f 628/348/583 601/396/594 639/387/594
f 623/389/593 586/355/577 611/397/577
f 624/391/594 604/358/583 613/398/583
f 632/363/579 593/393/580 640/399/580
f 641/400/580 646/401/580 642/402/580
f 643/403/581 641/404/581 642/405/595
f 645/406/596 641/407/581 643/408/581
f 644/409/580 646/401/580 641/400/580
f 645/406/596 644/410/596 641/407/581
f 646/401/580 644/409/580 647/411/580
f 649/412/582 646/413/582 647/414/597
f 648/415/580 642/402/580 646/401/580
f 650/416/598 648/417/598 646/418/582
f 650/416/598 646/418/582 649/419/582
f 651/420/599 648/417/598 650/416/598
f 650/421/585 652/422/585 651/423/585
f 653/424/585 650/421/585 649/425/585
f 652/422/585 650/421/585 653/424/585
f 653/424/585 649/425/585 643/426/585
f 643/403/581 642/405/595 653/427/595
f 653/427/595 642/405/595 654/428/600
f 653/427/595 654/428/600 652/429/600
f 642/402/580 648/415/580 654/430/580
f 652/429/600 654/428/600 655/431/601
f 654/430/580 656/432/580 655/433/580
f 654/430/580 648/415/580 656/432/580
f 656/434/602 651/420/599 657/435/603
f 657/436/580 655/433/580 656/432/580
f 651/420/599 656/434/602 648/417/598
f 657/436/580 658/437/580 660/438/580
f 659/439/604 658/440/605 657/435/603
f 657/435/603 651/420/599 659/439/604
f 655/433/580 657/436/580 660/438/580
f 663/441/606 655/431/601 660/442/607
f 663/441/606 660/442/607 661/443/608
f 661/443/608 660/442/607 662/444/609
f 660/438/580 658/437/580 662/445/580
f 663/446/585 651/423/585 652/422/585
f 652/429/600 655/431/601 663/441/606
f 661/447/585 659/448/585 663/446/585
f 659/448/585 651/423/585 663/446/585
f 661/443/608 662/444/609 664/449/610
f 664/449/610 662/444/609 665/450/611
f 662/445/580 667/451/580 665/452/580
f 662/445/580 658/437/580 666/453/580
f 666/453/580 667/451/580 662/445/580
f 670/454/612 668/455/613 667/456/614
f 665/452/580 667/451/580 668/457/580
f 669/458/615 667/456/614 666/459/616
f 667/456/614 669/458/615 670/454/612
f 672/460/585 670/461/585 669/462/585
f 672/460/585 671/463/585 670/461/585
f 670/454/612 671/464/617 668/455/613
f 672/460/585 669/462/585 664/465/585
f 664/449/610 665/450/611 672/466/618
f 672/466/618 665/450/611 674/467/619
f 673/468/585 671/463/585 672/460/585
f 672/466/618 674/467/619 673/469/620
f 665/452/580 668/457/580 674/470/580
f 673/469/620 674/467/619 675/471/621
f 674/470/580 676/472/580 675/473/580
f 674/470/580 668/457/580 676/472/580
f 678/474/622 677/475/623 676/476/624
f 676/472/580 677/477/580 675/473/580
f 671/464/617 676/476/624 668/455/613
f 671/464/617 678/474/622 676/476/624
f 678/478/585 671/463/585 673/468/585
f 679/479/585 678/478/585 680/480/585
f 678/474/622 679/481/625 677/475/623
f 680/480/585 678/478/585 673/468/585
f 673/469/620 675/471/621 680/482/626
f 680/482/626 675/471/621 682/483/627
f 681/484/585 679/479/585 680/480/585
f 680/482/626 682/483/627 681/485/628
f 675/473/580 677/477/580 682/486/580
f 681/485/628 682/483/627 683/487/629
f 682/486/580 684/488/580 683/489/580
f 682/486/580 677/477/580 684/488/580
f 686/490/630 685/491/631 684/492/632
f 683/489/580 684/488/580 685/493/580
f 679/481/625 684/492/632 677/475/623
f 679/481/625 686/490/630 684/492/632
f 679/479/585 681/484/585 686/494/585
f 688/495/585 687/496/585 686/494/585
f 686/490/630 687/497/633 685/491/631
f 688/495/585 686/494/585 681/484/585
f 681/485/628 683/487/629 688/498/634
f 688/498/634 683/487/629 690/499/635
f 689/500/585 687/496/585 688/495/585
f 688/498/634 690/499/635 689/501/636
f 683/489/580 693/502/637 690/503/580
f 690/499/638 692/504/639 689/501/640
f 690/503/580 694/505/641 691/506/642
f 690/499/638 691/507/643 692/504/639
f 693/502/637 694/505/641 690/503/580
f 687/497/644 694/508/645 693/509/646
f 692/510/647 694/511/648 695/511/649
f 687/497/644 695/512/650 694/508/645
f 692/510/647 691/510/651 694/511/648
f 687/496/585 689/500/585 695/513/585
f 692/514/585 695/513/585 689/500/585
f 687/497/633 693/509/652 685/491/631
f 685/493/580 693/502/637 683/489/580
f 666/459/616 696/515/653 669/458/615
f 664/465/585 669/462/585 696/516/585
f 696/515/653 658/440/605 659/439/604
f 661/447/585 696/516/585 659/448/585
f 664/465/585 696/516/585 661/447/585
f 666/459/616 658/440/605 696/515/653
f 649/412/582 647/414/597 697/517/597
f 649/425/585 697/518/585 645/519/585
f 643/426/585 649/425/585 645/519/585
f 697/517/597 700/520/654 698/521/655
f 698/522/585 699/523/585 697/518/585
f 697/517/597 647/414/597 700/520/654
f 645/519/585 697/518/585 699/523/585
f 703/524/580 700/525/580 647/411/580
f 701/526/580 700/525/580 702/527/580
f 698/521/655 700/520/654 701/528/656
f 702/527/580 700/525/580 703/524/580
f 704/529/657 702/530/658 703/531/659
f 704/529/657 703/531/659 699/532/660
f 699/532/660 703/531/659 644/410/596
f 703/524/580 647/411/580 644/409/580
f 704/533/585 706/534/585 705/535/585
f 705/536/661 702/530/658 704/529/657
f 699/523/585 698/522/585 704/533/585
f 704/533/585 698/522/585 706/534/585
f 706/537/662 701/528/656 707/538/663
f 706/534/585 707/539/585 705/535/585
f 698/521/655 701/528/656 706/537/662
f 707/538/663 710/540/664 708/541/665
f 707/539/585 708/542/585 709/543/585
f 707/538/663 701/528/656 710/540/664
f 705/535/585 707/539/585 709/543/585
f 713/544/580 710/545/580 701/526/580
f 711/546/580 710/545/580 712/547/580
f 708/541/665 710/540/664 711/548/666
f 712/547/580 710/545/580 713/544/580
f 709/549/667 712/550/668 713/551/669
f 709/549/667 713/551/669 705/536/661
f 705/536/661 713/551/669 702/530/658
f 713/544/580 701/526/580 702/527/580
f 714/552/580 711/546/580 712/547/580
f 715/553/670 714/554/671 712/550/668
f 715/553/670 712/550/668 709/549/667
f 715/555/585 717/556/585 716/557/585
f 716/558/672 714/554/671 715/553/670
f 709/543/585 708/542/585 715/555/585
f 715/555/585 708/542/585 717/556/585
f 717/559/673 719/560/674 718/561/675
f 716/557/585 717/556/585 718/562/676
f 708/541/665 711/548/666 717/559/673
f 717/559/673 711/548/666 719/560/674
f 714/552/580 719/563/580 711/546/580
f 720/564/580 719/563/580 721/565/580
f 718/561/675 719/560/674 720/566/677
f 721/565/580 719/563/580 722/567/580
f 722/567/580 719/563/580 714/552/580
f 723/568/678 721/569/679 722/570/680
f 722/570/680 714/554/671 716/558/672
f 722/570/680 716/558/672 723/568/678
f 723/571/681 725/572/682 724/573/585
f 721/569/679 723/568/678 724/574/683
f 716/557/585 718/562/676 723/571/681
f 723/571/681 718/562/676 725/572/682
f 725/575/684 727/576/685 726/577/686
f 724/573/585 725/572/682 726/578/687
f 718/561/675 720/566/677 725/575/684
f 725/575/684 720/566/677 727/576/685
f 727/579/580 720/564/580 721/565/580
f 727/579/580 729/580/580 728/581/580
f 726/577/686 727/576/685 728/582/688
f 729/580/580 727/579/580 730/583/580
f 730/583/580 727/579/580 721/565/580
f 731/584/689 729/585/690 730/586/691
f 731/584/689 730/586/691 724/574/683
f 730/586/691 721/569/679 724/574/683
f 731/587/692 734/588/692 732/589/693
f 733/590/694 731/584/689 732/591/695
f 733/590/694 729/585/690 731/584/689
f 724/573/585 726/578/687 731/587/692
f 731/587/692 726/578/687 734/588/692
f 734/592/696 736/593/697 735/594/698
f 734/588/692 735/595/699 732/589/693
f 726/577/686 728/582/688 734/592/696
f 734/592/696 728/582/688 736/593/697
f 733/596/580 736/597/580 728/581/580
f 737/598/580 736/597/580 733/596/580
f 735/594/698 736/593/697 737/599/700
f 737/598/580 739/600/580 738/601/580
f 735/594/701 737/599/702 738/602/703
f 739/600/580 737/598/580 733/596/580
f 739/603/704 732/591/695 740/604/705
f 740/604/706 741/605/707 739/603/708
f 741/606/580 738/601/580 739/600/580
f 739/603/704 733/590/694 732/591/695
f 741/607/709 742/607/710 744/608/711
f 740/604/706 742/609/712 741/605/707
f 741/607/709 744/608/711 743/608/713
f 743/610/580 738/601/580 741/606/580
f 735/594/701 738/602/703 744/611/714
f 740/612/715 735/595/699 744/613/716
f 738/602/703 743/614/717 744/611/714
f 740/612/715 744/613/716 742/615/718
f 732/589/693 735/595/699 740/612/715
f 733/596/580 728/581/580 729/580/580
f 699/532/660 644/410/596 645/406/596
f 745/616/719 749/617/720 746/618/721
f 747/619/722 745/616/719 746/618/721
f 747/620/723 751/621/724 745/622/725
f 745/622/725 750/623/585 748/624/585
f 745/625/719 748/626/726 749/627/720
f 745/622/725 751/621/724 750/623/585
f 747/620/723 752/628/727 751/621/724
f 751/629/728 752/630/729 754/631/730
f 750/632/731 751/633/728 753/634/732
f 751/629/728 754/631/730 753/635/732
f 746/636/733 753/637/734 754/638/735
f 752/630/729 755/639/736 754/631/730
f 757/640/737 754/638/735 755/641/738
f 746/636/733 754/638/735 756/642/580
f 756/642/580 754/638/735 757/640/737
f 758/643/739 756/644/740 757/645/741
f 760/646/742 758/643/739 757/645/741
f 757/640/737 755/641/738 759/647/743
f 760/646/742 757/645/741 759/648/744
f 760/649/745 762/650/746 758/651/747
f 761/652/748 760/646/742 759/648/744
f 761/653/724 762/650/746 760/649/745
f 764/654/749 762/655/750 763/656/751
f 762/650/746 761/653/724 763/657/752
f 762/655/750 755/639/736 752/630/729
f 762/650/746 752/628/727 758/651/747
f 762/655/750 764/654/749 755/639/736
f 759/647/743 755/641/738 764/658/753
f 766/659/580 764/658/753 765/660/580
f 763/656/751 765/661/754 764/654/749
f 759/647/743 764/658/753 766/659/580
f 761/652/748 759/648/744 766/662/755
f 768/663/756 761/652/748 766/662/755
f 766/659/580 765/660/580 767/664/580
f 768/663/756 766/662/755 767/665/757
f 768/666/758 763/657/752 761/653/724
f 769/667/759 768/663/756 767/665/757
f 769/668/760 763/657/752 768/666/758
f 769/667/759 767/665/757 770/669/761
f 771/670/762 769/667/759 770/669/761
f 771/671/763 772/672/764 769/668/760
f 772/672/764 763/657/752 769/668/760
f 773/673/765 774/674/766 772/675/767
f 772/672/764 771/671/763 773/676/768
f 772/675/767 765/661/754 763/656/751
f 772/675/767 774/674/766 765/661/754
f 770/677/580 765/660/580 774/678/580
f 776/679/580 774/678/580 775/680/580
f 773/673/765 775/681/769 774/674/766
f 770/677/580 774/678/580 776/679/580
f 771/670/762 770/669/761 776/682/770
f 778/683/771 771/670/762 776/682/770
f 776/679/580 775/680/580 777/684/580
f 778/683/771 776/682/770 777/685/772
f 778/686/773 773/676/768 771/671/763
f 779/687/774 778/683/771 777/685/772
f 779/688/746 773/676/768 778/686/773
f 779/687/774 777/685/772 780/689/775
f 781/690/776 779/687/774 780/689/775
f 779/688/746 781/691/777 782/692/778
f 773/676/768 779/688/746 782/692/778
f 782/693/779 785/694/780 773/673/765
f 783/695/781 784/696/782 782/693/779
f 783/697/783 782/692/778 781/691/777
f 782/693/779 784/696/782 785/694/780
f 785/698/784 777/684/580 775/680/580
f 773/673/765 785/694/780 775/681/769
f 785/698/784 784/699/785 786/700/786
f 780/701/784 785/698/784 786/700/786
f 777/684/580 785/698/784 780/701/784
f 781/690/776 780/689/775 786/702/787
f 788/703/788 781/690/776 786/702/787
f 786/700/786 789/704/789 787/705/790
f 788/703/788 786/702/787 787/706/791
f 786/700/786 784/699/785 789/704/789
f 783/695/781 789/707/792 784/696/782
f 791/708/793 790/709/794 789/707/792
f 790/710/795 787/705/790 789/704/789
f 791/708/793 789/707/792 783/695/781
f 792/711/796 790/709/794 791/708/793
f 792/712/585 791/713/797 793/714/797
f 788/715/798 791/713/797 783/697/783
f 793/714/797 791/713/797 788/715/798
f 793/716/799 788/703/788 787/706/791
f 794/717/800 792/712/585 793/714/797
f 794/718/801 793/716/799 787/706/791
f 794/718/801 787/706/791 795/719/802
f 796/720/803 794/718/801 795/719/802
f 796/721/804 797/722/805 794/717/800
f 792/712/585 794/717/800 797/722/805
f 800/723/806 798/724/807 797/722/805
f 797/725/808 798/726/809 802/727/810
f 797/725/808 799/728/811 792/711/796
f 797/725/808 801/729/812 799/728/811
f 800/723/806 797/722/805 796/721/804
f 797/725/808 802/727/810 801/729/812
f 801/730/813 802/731/814 805/732/815
f 798/726/809 803/733/816 802/727/810
f 803/734/817 804/735/818 802/731/814
f 805/732/815 802/731/814 804/735/818
f 795/736/819 801/730/813 805/732/815
f 796/720/803 795/719/802 805/737/820
f 800/738/821 796/720/803 805/737/820
f 800/738/821 805/737/820 804/739/822
f 806/740/823 800/738/821 804/739/822
f 804/735/818 803/734/817 749/741/734
f 748/626/726 804/739/822 749/627/720
f 748/626/726 806/740/823 804/739/822
f 806/742/585 807/743/585 800/723/806
f 748/624/585 807/743/585 806/742/585
f 748/624/585 750/623/585 807/743/585
f 807/744/824 750/632/731 803/733/816
f 800/723/806 807/743/585 798/724/807
f 798/726/809 807/744/824 803/733/816
f 750/632/731 753/634/732 803/733/816
f 803/734/817 753/637/734 749/741/734
f 795/736/819 799/745/825 801/730/813
f 792/711/796 799/728/811 790/709/794
f 790/710/795 799/745/825 795/736/819
f 787/705/790 790/710/795 795/736/819
f 788/715/798 783/697/783 781/691/777
f 767/664/580 765/660/580 770/677/580
f 758/651/747 752/628/727 747/620/723
f 758/643/739 747/619/722 756/644/740
f 747/619/722 746/618/721 756/644/740
f 749/741/734 753/637/734 746/636/733
f 626/336/577 625/368/578 587/337/578
f 610/339/579 609/394/580 594/340/580
f 582/344/581 579/362/581 580/361/581
f 580/361/581 608/372/581 606/359/581
f 606/359/581 604/358/581 602/390/581
f 602/390/581 600/379/581 606/359/581
f 600/379/581 598/342/581 606/359/581
f 598/342/581 596/341/581 594/340/581
f 594/340/581 592/382/581 590/343/581
f 590/343/581 588/356/581 582/344/581
f 588/356/581 586/355/581 582/344/581
f 586/355/581 584/388/581 582/344/581
f 582/344/581 580/361/581 606/359/581
f 598/342/581 594/340/581 590/343/581
f 582/344/581 606/359/581 598/342/581
f 607/347/582 577/353/582 578/352/582
f 578/352/582 581/386/582 583/395/582
f 583/395/582 585/338/582 587/337/582
f 587/337/582 589/381/582 591/345/582
f 591/345/582 593/393/582 595/365/582
f 595/365/582 597/364/582 599/346/582
f 599/346/582 601/396/582 603/350/582
f 603/350/582 605/349/582 599/346/582
f 605/349/582 607/347/582 599/346/582
f 607/347/582 578/352/582 583/395/582
f 583/395/582 587/337/582 591/345/582
f 591/345/582 595/365/582 599/346/582
f 607/347/582 583/395/582 591/345/582
f 628/348/583 627/370/584 605/349/584
f 630/351/585 629/375/586 578/352/586
f 612/354/578 611/397/577 586/355/577
f 614/357/584 613/398/583 604/358/583
f 616/360/586 615/384/585 580/361/585
f 632/363/579 631/377/587 597/364/587
f 610/339/579 596/341/579 598/342/587
f 633/367/588 589/381/588 587/337/578
f 634/369/589 607/347/589 605/349/584
f 612/354/578 588/356/578 590/343/588
f 614/357/584 606/359/584 608/372/589
f 635/374/590 581/386/590 578/352/586
f 636/376/591 599/346/591 597/364/587
f 616/360/586 579/362/586 582/344/590
f 617/366/587 598/342/587 600/379/591
f 633/367/588 637/392/592 591/345/592
f 630/351/585 577/353/585 607/347/589
f 618/371/588 590/343/588 592/382/592
f 619/373/589 608/372/589 580/361/585
f 638/385/593 583/395/593 581/386/590
f 639/387/594 601/396/594 599/346/591
f 620/378/590 582/344/590 584/388/593
f 621/380/591 600/379/591 602/390/594
f 637/392/592 640/399/580 593/393/580
f 622/383/592 592/382/592 594/340/580
f 626/336/577 585/338/577 583/395/593
f 628/348/583 603/350/583 601/396/594
f 623/389/593 584/388/593 586/355/577
f 624/391/594 602/390/594 604/358/583
f 632/363/579 595/365/579 593/393/580
usemtl マテリアル.007
f 810/746/826 808/746/827 809/746/828
f 808/746/827 812/746/829 809/746/828
f 810/746/826 811/746/830 808/746/827
f 808/746/827 811/746/830 812/746/829
f 809/746/828 812/746/829 814/746/831
f 812/746/829 813/746/832 815/746/833
f 811/746/830 813/746/832 812/746/829
f 812/746/829 815/746/833 814/746/831
f 815/746/833 816/746/834 818/746/835
f 813/746/832 816/746/834 815/746/833
f 814/746/831 815/746/833 817/746/836
f 815/746/833 818/746/835 817/746/836
f 818/746/835 819/746/837 821/746/838
f 816/746/834 819/746/837 818/746/835
f 817/746/836 818/746/835 820/746/839
f 818/746/835 821/746/838 820/746/839
f 821/746/838 822/746/840 824/746/841
f 819/746/837 822/746/840 821/746/838
f 820/746/839 821/746/838 823/746/842
f 821/746/838 824/746/841 823/746/842
f 824/746/841 825/746/843 827/746/844
f 822/746/840 825/746/843 824/746/841
f 823/746/842 824/746/841 826/746/845
f 824/746/841 827/746/844 826/746/845
f 827/746/844 828/746/846 830/746/847
f 825/746/843 828/746/846 827/746/844
f 826/746/845 827/746/844 829/746/848
f 827/746/844 830/746/847 829/746/848
f 830/746/847 831/746/849 833/746/850
f 828/746/846 831/746/849 830/746/847
f 829/746/848 830/746/847 832/746/851
f 830/746/847 833/746/850 832/746/851
f 831/746/849 834/746/852 833/746/850
f 834/746/852 835/746/853 833/746/850
f 833/746/850 836/746/854 832/746/851
f 833/746/850 835/746/853 836/746/854
f 835/746/853 838/746/855 836/746/854
f 832/746/851 836/746/854 837/746/856
f 836/746/854 839/746/857 837/746/856
f 836/746/854 838/746/855 839/746/857
f 838/746/855 841/746/858 839/746/857
f 837/746/856 839/746/857 840/746/859
f 839/746/857 842/746/860 840/746/859
f 839/746/857 841/746/858 842/746/860
f 841/746/858 844/746/861 842/746/860
f 840/746/859 842/746/860 843/746/862
f 842/746/860 845/746/863 843/746/862
f 842/746/860 844/746/861 845/746/863
f 844/746/861 847/746/864 845/746/863
f 843/746/862 845/746/863 846/746/865
f 845/746/863 848/746/866 846/746/865
f 845/746/863 847/746/864 848/746/866
f 847/746/864 850/746/867 848/746/866
f 846/746/865 848/746/866 849/746/868
f 848/746/866 851/746/869 849/746/868
f 848/746/866 850/746/867 851/746/869
f 850/746/867 853/746/870 851/746/869
f 849/746/868 851/746/869 852/746/871
f 851/746/869 854/746/872 852/746/871
f 851/746/869 853/746/870 854/746/872
f 852/746/871 854/746/872 855/746/873
f 854/746/872 857/746/874 855/746/873
f 853/746/870 856/746/875 854/746/872
f 854/746/872 856/746/875 857/746/874
f 855/746/873 857/746/874 859/746/876
f 856/746/875 858/746/877 857/746/874
f 857/746/874 858/746/877 859/746/876
f 858/746/877 860/746/878 859/746/876
f 866/746/879 859/746/876 860/746/878
f 866/746/879 861/746/880 859/746/876
f 861/746/880 862/746/881 859/746/876
f 859/746/876 862/746/881 863/746/882
f 855/746/873 859/746/876 810/746/826
f 863/746/882 864/746/883 859/746/876
f 864/746/883 865/746/884 859/746/876
f 859/746/876 865/746/884 810/746/826
f 868/746/885 866/746/879 860/746/878
f 869/746/886 867/746/887 866/746/879
f 867/746/887 861/746/880 866/746/879
f 869/746/886 866/746/879 868/746/885
f 872/746/888 870/746/889 869/746/886
f 870/746/889 867/746/887 869/746/886
f 871/746/890 869/746/886 868/746/885
f 872/746/888 869/746/886 871/746/890
f 875/746/891 873/746/890 872/746/888
f 873/746/890 870/746/889 872/746/888
f 874/746/892 872/746/888 871/746/890
f 875/746/891 872/746/888 874/746/892
f 878/746/893 876/746/894 875/746/891
f 876/746/894 873/746/890 875/746/891
f 877/746/895 875/746/891 874/746/892
f 878/746/893 875/746/891 877/746/895
f 881/746/896 879/746/897 878/746/893
f 879/746/897 876/746/894 878/746/893
f 880/746/898 878/746/893 877/746/895
f 881/746/896 878/746/893 880/746/898
f 884/746/899 882/746/900 881/746/896
f 882/746/900 879/746/897 881/746/896
f 883/746/901 881/746/896 880/746/898
f 884/746/899 881/746/896 883/746/901
f 887/746/902 885/746/903 884/746/899
f 885/746/903 882/746/900 884/746/899
f 886/746/904 884/746/899 883/746/901
f 887/746/902 884/746/899 886/746/904
f 890/746/905 888/746/906 887/746/902
f 888/746/906 885/746/903 887/746/902
f 889/746/907 887/746/902 886/746/904
f 890/746/905 887/746/902 889/746/907
f 893/746/908 891/746/909 890/746/905
f 891/746/909 888/746/906 890/746/905
f 892/746/910 890/746/905 889/746/907
f 893/746/908 890/746/905 892/746/910
f 897/746/911 894/746/912 893/746/908
f 893/746/908 894/746/912 896/746/913
f 895/746/914 893/746/908 892/746/910
f 893/746/908 896/746/913 891/746/909
f 897/746/911 893/746/908 895/746/914
f 901/746/915 898/746/916 897/746/911
f 897/746/911 898/746/916 900/746/917
f 899/746/918 897/746/911 895/746/914
f 897/746/911 900/746/917 894/746/912
f 901/746/915 897/746/911 899/746/918
f 904/746/919 902/746/920 901/746/915
f 902/746/920 898/746/916 901/746/915
f 903/746/921 901/746/915 899/746/918
f 904/746/919 901/746/915 903/746/921
f 907/746/922 905/746/923 904/746/919
f 905/746/923 902/746/920 904/746/919
f 906/746/924 904/746/919 903/746/921
f 907/746/922 904/746/919 906/746/924
f 910/746/925 908/746/926 907/746/922
f 908/746/926 905/746/923 907/746/922
f 909/746/927 907/746/922 906/746/924
f 910/746/925 907/746/922 909/746/927
f 913/746/928 911/746/929 910/746/925
f 911/746/929 908/746/926 910/746/925
f 912/746/930 910/746/925 909/746/927
f 913/746/928 910/746/925 912/746/930
f 916/746/931 914/746/932 913/746/928
f 914/746/932 911/746/929 913/746/928
f 915/746/933 913/746/928 912/746/930
f 916/746/931 913/746/928 915/746/933
f 919/746/934 917/746/935 916/746/931
f 917/746/935 914/746/932 916/746/931
f 918/746/936 916/746/931 915/746/933
f 919/746/934 916/746/931 918/746/936
f 922/746/937 920/746/938 919/746/934
f 920/746/938 917/746/935 919/746/934
f 921/746/939 919/746/934 918/746/936
f 922/746/937 919/746/934 921/746/939
f 924/746/940 922/746/937 921/746/939
f 925/746/941 923/746/942 922/746/937
f 923/746/942 920/746/938 922/746/937
f 925/746/941 922/746/937 924/746/940
f 928/746/943 926/746/944 925/746/941
f 926/746/944 923/746/942 925/746/941
f 927/746/945 925/746/941 924/746/940
f 928/746/943 925/746/941 927/746/945
f 928/746/943 929/746/946 933/746/947
f 929/746/946 928/746/943 927/746/945
f 932/746/948 926/746/944 928/746/943
f 930/746/949 928/746/943 933/746/947
f 930/746/949 931/746/950 928/746/943
f 931/746/950 932/746/948 928/746/943
f 933/746/947 934/746/951 939/746/952
f 934/746/951 933/746/947 936/746/953
f 938/746/954 935/746/955 933/746/947
f 933/746/947 935/746/955 937/746/956
f 933/746/947 937/746/956 936/746/953
f 929/746/946 938/746/954 933/746/947
f 933/746/947 939/746/952 940/746/957
f 940/746/957 941/746/958 933/746/947
f 941/746/958 942/746/959 933/746/947
f 933/746/947 942/746/959 943/746/960
f 930/746/949 933/746/947 943/746/960
f 943/746/960 944/746/961 951/746/962
f 947/746/963 944/746/961 943/746/960
f 950/746/964 945/746/965 943/746/960
f 946/746/966 943/746/960 945/746/965
f 947/746/963 943/746/960 946/746/966
f 954/746/967 948/746/968 943/746/960
f 948/746/968 949/746/969 943/746/960
f 949/746/969 950/746/964 943/746/960
f 951/746/962 952/746/970 943/746/960
f 952/746/970 953/746/971 943/746/960
f 943/746/960 953/746/971 930/746/949
f 942/746/959 954/746/967 943/746/960
f 954/746/967 955/746/972 948/746/968
f 958/746/973 955/746/972 954/746/967
f 942/746/959 956/746/974 954/746/967
f 957/746/975 954/746/967 956/746/974
f 958/746/973 954/746/967 957/746/975
f 960/746/976 955/746/972 958/746/973
f 959/746/977 958/746/973 957/746/975
f 961/746/978 958/746/973 959/746/977
f 961/746/978 960/746/976 958/746/973
f 963/746/979 960/746/976 961/746/978
f 962/746/980 961/746/978 959/746/977
f 964/746/981 961/746/978 962/746/980
f 964/746/981 963/746/979 961/746/978
f 966/746/982 963/746/979 964/746/981
f 965/746/983 964/746/981 962/746/980
f 967/746/984 964/746/981 965/746/983
f 967/746/984 966/746/982 964/746/981
f 969/746/985 966/746/982 967/746/984
f 968/746/986 967/746/984 965/746/983
f 970/746/987 967/746/984 968/746/986
f 970/746/987 969/746/985 967/746/984
f 972/746/988 969/746/985 970/746/987
f 971/746/989 970/746/987 968/746/986
f 973/746/990 970/746/987 971/746/989
f 973/746/990 972/746/988 970/746/987
f 975/746/991 972/746/988 973/746/990
f 974/746/992 973/746/990 971/746/989
f 976/746/993 973/746/990 974/746/992
f 976/746/993 975/746/991 973/746/990
f 978/746/994 975/746/991 976/746/993
f 977/746/995 976/746/993 974/746/992
f 979/746/996 976/746/993 977/746/995
f 979/746/996 978/746/994 976/746/993
f 980/746/997 978/746/994 979/746/996
f 902/746/920 979/746/996 898/746/916
f 898/746/916 979/746/996 977/746/995
f 980/746/997 979/746/996 902/746/920
f 982/746/998 981/746/999 980/746/997
f 981/746/999 978/746/994 980/746/997
f 905/746/923 980/746/997 902/746/920
f 982/746/998 980/746/997 905/746/923
f 984/746/1000 983/746/1001 982/746/998
f 983/746/1001 981/746/999 982/746/998
f 908/746/926 982/746/998 905/746/923
f 984/746/1000 982/746/998 908/746/926
f 986/746/1002 985/746/1003 984/746/1000
f 985/746/1003 983/746/1001 984/746/1000
f 911/746/929 984/746/1000 908/746/926
f 986/746/1002 984/746/1000 911/746/929
f 988/746/1004 987/746/1005 986/746/1002
f 987/746/1005 985/746/1003 986/746/1002
f 914/746/932 986/746/1002 911/746/929
f 988/746/1004 986/746/1002 914/746/932
f 990/746/1006 989/746/1007 988/746/1004
f 989/746/1007 987/746/1005 988/746/1004
f 917/746/935 988/746/1004 914/746/932
f 990/746/1006 988/746/1004 917/746/935
f 992/746/1008 991/746/1009 990/746/1006
f 991/746/1009 989/746/1007 990/746/1006
f 920/746/938 990/746/1006 917/746/935
f 992/746/1008 990/746/1006 920/746/938
f 932/746/948 931/746/950 992/746/1008
f 931/746/950 991/746/1009 992/746/1008
f 923/746/942 992/746/1008 920/746/938
f 932/746/948 992/746/1008 923/746/942
f 931/746/950 930/746/949 991/746/1009
f 930/746/949 993/746/1010 991/746/1009
f 991/746/1009 993/746/1010 989/746/1007
f 930/746/949 994/746/1011 993/746/1010
f 994/746/1011 995/746/1012 993/746/1010
f 993/746/1010 996/746/1013 989/746/1007
f 993/746/1010 995/746/1012 996/746/1013
f 995/746/1012 997/746/1014 996/746/1013
f 989/746/1007 996/746/1013 987/746/1005
f 996/746/1013 998/746/1015 987/746/1005
f 996/746/1013 997/746/1014 998/746/1015
f 997/746/1014 999/746/1016 998/746/1015
f 987/746/1005 998/746/1015 985/746/1003
f 998/746/1015 1000/746/1017 985/746/1003
f 998/746/1015 999/746/1016 1000/746/1017
f 999/746/1016 1001/746/1018 1000/746/1017
f 985/746/1003 1000/746/1017 983/746/1001
f 1000/746/1017 1002/746/1019 983/746/1001
f 1000/746/1017 1001/746/1018 1002/746/1019
f 1001/746/1018 1003/746/1020 1002/746/1019
f 983/746/1001 1002/746/1019 981/746/999
f 1002/746/1019 1004/746/1021 981/746/999
f 1002/746/1019 1003/746/1020 1004/746/1021
f 1004/746/1021 1003/746/1020 1005/746/1022
f 981/746/999 1004/746/1021 978/746/994
f 978/746/994 1004/746/1021 975/746/991
f 1004/746/1021 1005/746/1022 975/746/991
f 1005/746/1022 1006/746/1023 1007/746/1024
f 1003/746/1020 1006/746/1023 1005/746/1022
f 975/746/991 1005/746/1022 972/746/988
f 1005/746/1022 1007/746/1024 972/746/988
f 1007/746/1024 1008/746/1025 1009/746/1026
f 1006/746/1023 1008/746/1025 1007/746/1024
f 972/746/988 1007/746/1024 969/746/985
f 1007/746/1024 1009/746/1026 969/746/985
f 1009/746/1026 1010/746/1027 1011/746/1028
f 1008/746/1025 1010/746/1027 1009/746/1026
f 969/746/985 1009/746/1026 966/746/982
f 1009/746/1026 1011/746/1028 966/746/982
f 1011/746/1028 1012/746/1029 1013/746/1030
f 1010/746/1027 1012/746/1029 1011/746/1028
f 966/746/982 1011/746/1028 963/746/979
f 1011/746/1028 1013/746/1030 963/746/979
f 1013/746/1030 949/746/969 948/746/968
f 1012/746/1029 949/746/969 1013/746/1030
f 963/746/979 1013/746/1030 960/746/976
f 1013/746/1030 948/746/968 960/746/976
f 1012/746/1029 950/746/964 949/746/969
f 1014/746/1031 950/746/964 1012/746/1029
f 1010/746/1027 1014/746/1031 1012/746/1029
f 1014/746/1031 945/746/965 950/746/964
f 946/746/966 945/746/965 1014/746/1031
f 1015/746/1032 1014/746/1031 1010/746/1027
f 1015/746/1032 946/746/966 1014/746/1031
f 1016/746/1033 946/746/966 1015/746/1032
f 1008/746/1025 1015/746/1032 1010/746/1027
f 1017/746/1034 1015/746/1032 1008/746/1025
f 1017/746/1034 1016/746/1033 1015/746/1032
f 1018/746/1035 1016/746/1033 1017/746/1034
f 1006/746/1023 1017/746/1034 1008/746/1025
f 1019/746/1036 1017/746/1034 1006/746/1023
f 1019/746/1036 1018/746/1035 1017/746/1034
f 1020/746/1037 1018/746/1035 1019/746/1036
f 1001/746/1018 1019/746/1036 1003/746/1020
f 1003/746/1020 1019/746/1036 1006/746/1023
f 1020/746/1037 1019/746/1036 1001/746/1018
f 1022/746/1038 1021/746/1039 1020/746/1037
f 1021/746/1039 1018/746/1035 1020/746/1037
f 999/746/1016 1020/746/1037 1001/746/1018
f 1022/746/1038 1020/746/1037 999/746/1016
f 1024/746/1040 1023/746/1041 1022/746/1038
f 1023/746/1041 1021/746/1039 1022/746/1038
f 997/746/1014 1022/746/1038 999/746/1016
f 1024/746/1040 1022/746/1038 997/746/1014
f 1026/746/1042 1025/746/1043 1024/746/1040
f 1025/746/1043 1023/746/1041 1024/746/1040
f 995/746/1012 1024/746/1040 997/746/1014
f 1026/746/1042 1024/746/1040 995/746/1012
f 1026/746/1042 994/746/1011 953/746/971
f 994/746/1011 1026/746/1042 995/746/1012
f 953/746/971 1025/746/1043 1026/746/1042
f 1025/746/1043 953/746/971 1023/746/1041
f 953/746/971 1027/746/1044 1023/746/1041
f 1023/746/1041 1027/746/1044 1021/746/1039
f 953/746/971 952/746/970 1027/746/1044
f 952/746/970 1028/746/1045 1027/746/1044
f 1027/746/1044 1029/746/1046 1021/746/1039
f 1027/746/1044 1028/746/1045 1029/746/1046
f 1029/746/1046 1028/746/1045 947/746/963
f 1021/746/1039 1029/746/1046 1018/746/1035
f 1018/746/1035 1029/746/1046 1016/746/1033
f 1029/746/1046 947/746/963 1016/746/1033
f 1028/746/1045 951/746/962 944/746/961
f 952/746/970 951/746/962 1028/746/1045
f 1028/746/1045 944/746/961 947/746/963
f 1016/746/1033 947/746/963 946/746/966
f 994/746/1011 930/746/949 953/746/971
f 900/746/917 977/746/995 1030/746/1047
f 898/746/916 977/746/995 900/746/917
f 977/746/995 974/746/992 1030/746/1047
f 1030/746/1047 974/746/992 1033/746/1048
f 1031/746/1049 1030/746/1047 1032/746/1050
f 900/746/917 1030/746/1047 1031/746/1049
f 1030/746/1047 1033/746/1048 1032/746/1050
f 1033/746/1048 971/746/989 1035/746/1051
f 974/746/992 971/746/989 1033/746/1048
f 1032/746/1050 1033/746/1048 1034/746/1052
f 1033/746/1048 1035/746/1051 1034/746/1052
f 1035/746/1051 968/746/986 1037/746/1053
f 971/746/989 968/746/986 1035/746/1051
f 1034/746/1052 1035/746/1051 1036/746/1054
f 1035/746/1051 1037/746/1053 1036/746/1054
f 1037/746/1053 965/746/983 1039/746/1055
f 968/746/986 965/746/983 1037/746/1053
f 1036/746/1054 1037/746/1053 1038/746/1056
f 1037/746/1053 1039/746/1055 1038/746/1056
f 1039/746/1055 962/746/980 1041/746/1057
f 965/746/983 962/746/980 1039/746/1055
f 1038/746/1056 1039/746/1055 1040/746/1058
f 1039/746/1055 1041/746/1057 1040/746/1058
f 1041/746/1057 959/746/977 1043/746/890
f 962/746/980 959/746/977 1041/746/1057
f 1040/746/1058 1041/746/1057 1042/746/1059
f 1041/746/1057 1043/746/890 1042/746/1059
f 1043/746/890 957/746/975 1045/746/1060
f 959/746/977 957/746/975 1043/746/890
f 1042/746/1059 1043/746/890 1044/746/1061
f 1043/746/890 1045/746/1060 1044/746/1061
f 1045/746/1060 956/746/974 942/746/959
f 957/746/975 956/746/974 1045/746/1060
f 1044/746/1061 1045/746/1060 1046/746/1062
f 1045/746/1060 942/746/959 1046/746/1062
f 1046/746/1062 942/746/959 1049/746/1063
f 1047/746/1064 1046/746/1062 1048/746/1065
f 1044/746/1061 1046/746/1062 1047/746/1064
f 1046/746/1062 1049/746/1063 1048/746/1065
f 941/746/958 1049/746/1063 942/746/959
f 1048/746/1065 1049/746/1063 941/746/958
f 1050/746/1066 1048/746/1065 1051/746/1067
f 1047/746/1064 1048/746/1065 1050/746/1066
f 1048/746/1065 941/746/958 1051/746/1067
f 1051/746/1067 941/746/958 1054/746/1068
f 1052/746/1069 1051/746/1067 1053/746/1070
f 1050/746/1066 1051/746/1067 1052/746/1069
f 1051/746/1067 1054/746/1068 1053/746/1070
f 940/746/957 1054/746/1068 941/746/958
f 1053/746/1070 1054/746/1068 940/746/957
f 1055/746/1071 1053/746/1070 1056/746/1072
f 1052/746/1069 1053/746/1070 1055/746/1071
f 1053/746/1070 940/746/957 1056/746/1072
f 1056/746/1072 940/746/957 1059/746/1073
f 1057/746/1074 1056/746/1072 1058/746/1075
f 1055/746/1071 1056/746/1072 1057/746/1074
f 1056/746/1072 1059/746/1073 1058/746/1075
f 939/746/952 1059/746/1073 940/746/957
f 1058/746/1075 1059/746/1073 939/746/952
f 1060/746/1076 1058/746/1075 1061/746/1077
f 1057/746/1074 1058/746/1075 1060/746/1076
f 1058/746/1075 939/746/952 1061/746/1077
f 939/746/952 1063/746/1078 1061/746/1077
f 1060/746/1076 1061/746/1077 1062/746/1079
f 1061/746/1077 1064/746/1080 1062/746/1079
f 1061/746/1077 1063/746/1078 1064/746/1080
f 1063/746/1078 1066/746/1081 1064/746/1080
f 1062/746/1079 1064/746/1080 1065/746/1082
f 1064/746/1080 1067/746/1083 1065/746/1082
f 1064/746/1080 1066/746/1081 1067/746/1083
f 1066/746/1081 1069/746/1084 1067/746/1083
f 1065/746/1082 1067/746/1083 1068/746/1085
f 1067/746/1083 1070/746/1086 1068/746/1085
f 1067/746/1083 1069/746/1084 1070/746/1086
f 1069/746/1084 1072/746/1087 1070/746/1086
f 1068/746/1085 1070/746/1086 1071/746/1088
f 1070/746/1086 1073/746/1089 1071/746/1088
f 1070/746/1086 1072/746/1087 1073/746/1089
f 1072/746/1087 1075/746/1090 1073/746/1089
f 1071/746/1088 1073/746/1089 1074/746/1091
f 1073/746/1089 1076/746/1092 1074/746/1091
f 1073/746/1089 1075/746/1090 1076/746/1092
f 1075/746/1090 1078/746/1093 1076/746/1092
f 1074/746/1091 1076/746/1092 1077/746/1094
f 1076/746/1092 1079/746/1095 1077/746/1094
f 1076/746/1092 1078/746/1093 1079/746/1095
f 1078/746/1093 1081/746/1096 1079/746/1095
f 1077/746/1094 1079/746/1095 1080/746/1097
f 1079/746/1095 1082/746/1098 1080/746/1097
f 1079/746/1095 1081/746/1096 1082/746/1098
f 1081/746/1096 1084/746/1099 1082/746/1098
f 1080/746/1097 1082/746/1098 1083/746/1100
f 1082/746/1098 1085/746/1101 1083/746/1100
f 1082/746/1098 1084/746/1099 1085/746/1101
f 1083/746/1100 1085/746/1101 1086/746/1102
f 1085/746/1101 1088/746/1103 1086/746/1102
f 1084/746/1099 1087/746/1104 1085/746/1101
f 1085/746/1101 1087/746/1104 1088/746/1103
f 1087/746/1104 1090/746/1105 1088/746/1103
f 1086/746/1102 1088/746/1103 1089/746/1106
f 1088/746/1103 1091/746/1107 1089/746/1106
f 1088/746/1103 1090/746/1105 1091/746/1107
f 1090/746/1105 1093/746/1108 1091/746/1107
f 1092/746/1109 1091/746/1107 1093/746/1108
f 1094/746/1110 1091/746/1107 1092/746/1109
f 1094/746/1110 1089/746/1106 1091/746/1107
f 1096/746/1111 1089/746/1106 1094/746/1110
f 1095/746/1112 1094/746/1110 1092/746/1109
f 1097/746/1113 1094/746/1110 1095/746/1112
f 1097/746/1113 1096/746/1111 1094/746/1110
f 1098/746/1113 1097/746/1113 1095/746/1112
f 1100/746/1114 1097/746/1113 1098/746/1113
f 1099/746/1115 1096/746/1111 1097/746/1113
f 1100/746/1114 1099/746/1115 1097/746/1113
f 1102/746/1116 1099/746/1115 1100/746/1114
f 1101/746/1117 1100/746/1114 1098/746/1113
f 1103/746/1118 1100/746/1114 1101/746/1117
f 1103/746/1118 1102/746/1116 1100/746/1114
f 1105/746/1119 1102/746/1116 1103/746/1118
f 1104/746/1120 1103/746/1118 1101/746/1117
f 1106/746/1121 1103/746/1118 1104/746/1120
f 1106/746/1121 1105/746/1119 1103/746/1118
f 1108/746/1122 1105/746/1119 1106/746/1121
f 1107/746/1123 1106/746/1121 1104/746/1120
f 1109/746/1124 1106/746/1121 1107/746/1123
f 1109/746/1124 1108/746/1122 1106/746/1121
f 1111/746/1125 1108/746/1122 1109/746/1124
f 1110/746/1126 1109/746/1124 1107/746/1123
f 1112/746/1127 1109/746/1124 1110/746/1126
f 1112/746/1127 1111/746/1125 1109/746/1124
f 1114/746/1128 1111/746/1125 1112/746/1127
f 1113/746/1129 1112/746/1127 1110/746/1126
f 1115/746/1130 1112/746/1127 1113/746/1129
f 1115/746/1130 1114/746/1128 1112/746/1127
f 1117/746/1131 1114/746/1128 1115/746/1130
f 1116/746/1132 1115/746/1130 1113/746/1129
f 1118/746/1133 1115/746/1130 1116/746/1132
f 1118/746/1133 1117/746/1131 1115/746/1130
f 1119/746/1134 1118/746/1133 1116/746/1132
f 1121/746/1135 1118/746/1133 1119/746/1134
f 1120/746/1136 1117/746/1131 1118/746/1133
f 1121/746/1135 1120/746/1136 1118/746/1133
f 865/746/884 1121/746/1135 1122/746/1137
f 1123/746/1138 1121/746/1135 865/746/884
f 1123/746/1138 1120/746/1136 1121/746/1135
f 1121/746/1135 1119/746/1134 1122/746/1137
f 1125/746/1139 1123/746/1138 865/746/884
f 1126/746/1140 1124/746/1141 1123/746/1138
f 1124/746/1141 1120/746/1136 1123/746/1138
f 1126/746/1140 1123/746/1138 1125/746/1139
f 1129/746/1142 1127/746/1143 1126/746/1140
f 1127/746/1143 1124/746/1141 1126/746/1140
f 1128/746/1144 1126/746/1140 1125/746/1139
f 1129/746/1142 1126/746/1140 1128/746/1144
f 1132/746/1145 1130/746/1146 1129/746/1142
f 1130/746/1146 1127/746/1143 1129/746/1142
f 1131/746/1147 1129/746/1142 1128/746/1144
f 1132/746/1145 1129/746/1142 1131/746/1147
f 1135/746/1148 1133/746/1149 1132/746/1145
f 1133/746/1149 1130/746/1146 1132/746/1145
f 1134/746/1150 1132/746/1145 1131/746/1147
f 1135/746/1148 1132/746/1145 1134/746/1150
f 1138/746/1151 1136/746/1152 1135/746/1148
f 1136/746/1152 1133/746/1149 1135/746/1148
f 1137/746/1153 1135/746/1148 1134/746/1150
f 1138/746/1151 1135/746/1148 1137/746/1153
f 1141/746/1154 1139/746/1155 1138/746/1151
f 1139/746/1155 1136/746/1152 1138/746/1151
f 1140/746/1156 1138/746/1151 1137/746/1153
f 1141/746/1154 1138/746/1151 1140/746/1156
f 1144/746/1157 1142/746/1158 1141/746/1154
f 1142/746/1158 1139/746/1155 1141/746/1154
f 1143/746/1157 1141/746/1154 1140/746/1156
f 1144/746/1157 1141/746/1154 1143/746/1157
f 1147/746/1159 1145/746/1160 1144/746/1157
f 1145/746/1160 1142/746/1158 1144/746/1157
f 1146/746/1161 1144/746/1157 1143/746/1157
f 1147/746/1159 1144/746/1157 1146/746/1161
f 1150/746/1162 1148/746/1163 1147/746/1159
f 1148/746/1163 1145/746/1160 1147/746/1159
f 1149/746/1164 1147/746/1159 1146/746/1161
f 1150/746/1162 1147/746/1159 1149/746/1164
f 1153/746/1165 1151/746/1166 1150/746/1162
f 1151/746/1166 1148/746/1163 1150/746/1162
f 1152/746/1167 1150/746/1162 1149/746/1164
f 1153/746/1165 1150/746/1162 1152/746/1167
f 1153/746/1165 1154/746/1168 1156/746/1169
f 1155/746/1170 1154/746/1168 1153/746/1165
f 1155/746/1170 1153/746/1165 1152/746/1167
f 1153/746/1165 1156/746/1169 1151/746/1166
f 1156/746/1169 1157/746/1171 1159/746/1172
f 1154/746/1168 1157/746/1171 1156/746/1169
f 1151/746/1166 1156/746/1169 1158/746/1173
f 1156/746/1169 1159/746/1172 1158/746/1173
f 1159/746/1172 1160/746/1174 1162/746/1175
f 1157/746/1171 1160/746/1174 1159/746/1172
f 1158/746/1173 1159/746/1172 1161/746/1175
f 1159/746/1172 1162/746/1175 1161/746/1175
f 1162/746/1175 1163/746/1176 1165/746/1177
f 1160/746/1174 1163/746/1176 1162/746/1175
f 1161/746/1175 1162/746/1175 1164/746/1178
f 1162/746/1175 1165/746/1177 1164/746/1178
f 1165/746/1177 1166/746/1179 1168/746/1180
f 1163/746/1176 1166/746/1179 1165/746/1177
f 1164/746/1178 1165/746/1177 1167/746/1181
f 1165/746/1177 1168/746/1180 1167/746/1181
f 1168/746/1180 1169/746/1182 1171/746/1183
f 1166/746/1179 1169/746/1182 1168/746/1180
f 1167/746/1181 1168/746/1180 1170/746/1184
f 1168/746/1180 1171/746/1183 1170/746/1184
f 1171/746/1183 1172/746/1185 1174/746/1186
f 1169/746/1182 1172/746/1185 1171/746/1183
f 1170/746/1184 1171/746/1183 1173/746/1187
f 1171/746/1183 1174/746/1186 1173/746/1187
f 1174/746/1186 1052/746/1069 1055/746/1071
f 1172/746/1185 1052/746/1069 1174/746/1186
f 1173/746/1187 1174/746/1186 1175/746/1188
f 1174/746/1186 1055/746/1071 1175/746/1188
f 1175/746/1188 1055/746/1071 1057/746/1074
f 1176/746/1189 1175/746/1188 1177/746/1190
f 1173/746/1187 1175/746/1188 1176/746/1189
f 1175/746/1188 1057/746/1074 1177/746/1190
f 1177/746/1190 1057/746/1074 1060/746/1076
f 1178/746/1191 1177/746/1190 1179/746/1192
f 1176/746/1189 1177/746/1190 1178/746/1191
f 1177/746/1190 1060/746/1076 1179/746/1192
f 1179/746/1192 1060/746/1076 1062/746/1079
f 1180/746/1193 1179/746/1192 1181/746/1194
f 1178/746/1191 1179/746/1192 1180/746/1193
f 1179/746/1192 1062/746/1079 1181/746/1194
f 1062/746/1079 1065/746/1082 1181/746/1194
f 1180/746/1193 1181/746/1194 1182/746/1195
f 1181/746/1194 1183/746/1196 1182/746/1195
f 1181/746/1194 1065/746/1082 1183/746/1196
f 1065/746/1082 1068/746/1085 1183/746/1196
f 1182/746/1195 1183/746/1196 1184/746/1197
f 1183/746/1196 1185/746/1198 1184/746/1197
f 1183/746/1196 1068/746/1085 1185/746/1198
f 1068/746/1085 1071/746/1088 1185/746/1198
f 1184/746/1197 1185/746/1198 1186/746/1199
f 1185/746/1198 1187/746/1200 1186/746/1199
f 1185/746/1198 1071/746/1088 1187/746/1200
f 1071/746/1088 1074/746/1091 1187/746/1200
f 1186/746/1199 1187/746/1200 1188/746/1201
f 1187/746/1200 1189/746/1202 1188/746/1201
f 1187/746/1200 1074/746/1091 1189/746/1202
f 1074/746/1091 1077/746/1094 1189/746/1202
f 1188/746/1201 1189/746/1202 1190/746/1203
f 1189/746/1202 1191/746/1204 1190/746/1203
f 1189/746/1202 1077/746/1094 1191/746/1204
f 1077/746/1094 1080/746/1097 1191/746/1204
f 1190/746/1203 1191/746/1204 1192/746/1205
f 1191/746/1204 1193/746/1206 1192/746/1205
f 1191/746/1204 1080/746/1097 1193/746/1206
f 1080/746/1097 1083/746/1100 1193/746/1206
f 1192/746/1205 1193/746/1206 1194/746/1207
f 1193/746/1206 1195/746/1208 1194/746/1207
f 1193/746/1206 1083/746/1100 1195/746/1208
f 1083/746/1100 1086/746/1102 1195/746/1208
f 1196/746/1209 1195/746/1208 1086/746/1102
f 1197/746/1210 1195/746/1208 1196/746/1209
f 1197/746/1210 1194/746/1207 1195/746/1208
f 1201/746/1211 1194/746/1207 1197/746/1210
f 1198/746/1212 1197/746/1210 1196/746/1209
f 1200/746/1213 1197/746/1210 1198/746/1212
f 1200/746/1213 1199/746/1214 1197/746/1210
f 1201/746/1211 1197/746/1210 1199/746/1214
f 1204/746/1215 1192/746/1205 1201/746/1211
f 1192/746/1205 1194/746/1207 1201/746/1211
f 1203/746/1216 1201/746/1211 1199/746/1214
f 1203/746/1216 1202/746/1217 1201/746/1211
f 1204/746/1215 1201/746/1211 1202/746/1217
f 1206/746/1218 1190/746/1203 1204/746/1215
f 1190/746/1203 1192/746/1205 1204/746/1215
f 1205/746/1219 1204/746/1215 1202/746/1217
f 1206/746/1218 1204/746/1215 1205/746/1219
f 1208/746/1220 1188/746/1201 1206/746/1218
f 1188/746/1201 1190/746/1203 1206/746/1218
f 1207/746/1221 1206/746/1218 1205/746/1219
f 1208/746/1220 1206/746/1218 1207/746/1221
f 1210/746/1222 1186/746/1199 1208/746/1220
f 1186/746/1199 1188/746/1201 1208/746/1220
f 1209/746/1223 1208/746/1220 1207/746/1221
f 1210/746/1222 1208/746/1220 1209/746/1223
f 1212/746/1224 1184/746/1197 1210/746/1222
f 1184/746/1197 1186/746/1199 1210/746/1222
f 1211/746/1225 1210/746/1222 1209/746/1223
f 1212/746/1224 1210/746/1222 1211/746/1225
f 1213/746/1226 1182/746/1195 1212/746/1224
f 1182/746/1195 1184/746/1197 1212/746/1224
f 1214/746/1227 1212/746/1224 1211/746/1225
f 1214/746/1227 1213/746/1226 1212/746/1224
f 1216/746/1228 1213/746/1226 1214/746/1227
f 1215/746/1229 1214/746/1227 1211/746/1225
f 1217/746/1230 1214/746/1227 1215/746/1229
f 1217/746/1230 1216/746/1228 1214/746/1227
f 1219/746/1231 1216/746/1228 1217/746/1230
f 1218/746/1232 1217/746/1230 1215/746/1229
f 1220/746/1233 1217/746/1230 1218/746/1232
f 1220/746/1233 1219/746/1231 1217/746/1230
f 1222/746/1234 1219/746/1231 1220/746/1233
f 1221/746/1235 1220/746/1233 1218/746/1232
f 1223/746/1236 1220/746/1233 1221/746/1235
f 1223/746/1236 1222/746/1234 1220/746/1233
f 1225/746/1237 1222/746/1234 1223/746/1236
f 1224/746/1238 1223/746/1236 1221/746/1235
f 1226/746/1239 1223/746/1236 1224/746/1238
f 1226/746/1239 1225/746/1237 1223/746/1236
f 1228/746/1240 1225/746/1237 1226/746/1239
f 1228/746/1240 1226/746/1239 1227/746/1241
f 1227/746/1241 1226/746/1239 1224/746/1238
f 1228/746/1240 1229/746/1242 1225/746/1237
f 1231/746/1243 1229/746/1242 1228/746/1240
f 1232/746/1244 1228/746/1240 1230/746/1245
f 1228/746/1240 1227/746/1241 1230/746/1245
f 1232/746/1244 1231/746/1243 1228/746/1240
f 1234/746/1246 1231/746/1243 1232/746/1244
f 1234/746/1246 1232/746/1244 1233/746/1247
f 1232/746/1244 1235/746/1248 1233/746/1247
f 1232/746/1244 1230/746/1245 1235/746/1248
f 1230/746/1245 1237/746/1249 1235/746/1248
f 1233/746/1247 1235/746/1248 1236/746/1250
f 1235/746/1248 1238/746/1251 1236/746/1250
f 1235/746/1248 1237/746/1249 1238/746/1251
f 1237/746/1249 1240/746/1252 1238/746/1251
f 1236/746/1250 1238/746/1251 1239/746/1253
f 1238/746/1251 1241/746/1254 1239/746/1253
f 1238/746/1251 1240/746/1252 1241/746/1254
f 1240/746/1252 1243/746/1255 1241/746/1254
f 1239/746/1253 1241/746/1254 1242/746/1256
f 1241/746/1254 1244/746/1257 1242/746/1256
f 1241/746/1254 1243/746/1255 1244/746/1257
f 1243/746/1255 1246/746/1258 1244/746/1257
f 1242/746/1256 1244/746/1257 1245/746/1259
f 1244/746/1257 1247/746/1260 1245/746/1259
f 1244/746/1257 1246/746/1258 1247/746/1260
f 1246/746/1258 1249/746/1261 1247/746/1260
f 1245/746/1259 1247/746/1260 1248/746/1262
f 1247/746/1260 1250/746/1263 1248/746/1262
f 1247/746/1260 1249/746/1261 1250/746/1263
f 1249/746/1261 1252/746/1264 1250/746/1263
f 1248/746/1262 1250/746/1263 1251/746/1265
f 1250/746/1263 1253/746/1266 1251/746/1265
f 1250/746/1263 1252/746/1264 1253/746/1266
f 1253/746/1266 1252/746/1264 1256/746/1267
f 1251/746/1265 1253/746/1266 1254/746/1268
f 1254/746/1268 1253/746/1266 1255/746/1269
f 1253/746/1266 1256/746/1267 1255/746/1269
f 1256/746/1267 1257/746/1270 1259/746/1271
f 1252/746/1264 1257/746/1270 1256/746/1267
f 1255/746/1269 1256/746/1267 1258/746/1272
f 1256/746/1267 1259/746/1271 1258/746/1272
f 1259/746/1271 1260/746/1273 1262/746/1274
f 1257/746/1270 1260/746/1273 1259/746/1271
f 1258/746/1272 1259/746/1271 1261/746/1275
f 1259/746/1271 1262/746/1274 1261/746/1275
f 1262/746/1274 1263/746/1276 1265/746/1277
f 1260/746/1273 1263/746/1276 1262/746/1274
f 1261/746/1275 1262/746/1274 1264/746/1278
f 1262/746/1274 1265/746/1277 1264/746/1278
f 1265/746/1277 1266/746/1279 1268/746/1280
f 1263/746/1276 1266/746/1279 1265/746/1277
f 1264/746/1278 1265/746/1277 1267/746/1281
f 1265/746/1277 1268/746/1280 1267/746/1281
f 1268/746/1280 1200/746/1213 1198/746/1212
f 1266/746/1279 1200/746/1213 1268/746/1280
f 1267/746/1281 1268/746/1280 1269/746/1282
f 1268/746/1280 1198/746/1212 1269/746/1282
f 1269/746/1282 1198/746/1212 1270/746/1283
f 1102/746/1116 1269/746/1282 1099/746/1115
f 1267/746/1281 1269/746/1282 1102/746/1116
f 1269/746/1282 1270/746/1283 1099/746/1115
f 1270/746/1283 1196/746/1209 1271/746/1102
f 1198/746/1212 1196/746/1209 1270/746/1283
f 1099/746/1115 1270/746/1283 1096/746/1111
f 1270/746/1283 1271/746/1102 1096/746/1111
f 1096/746/1111 1271/746/1102 1089/746/1106
f 1086/746/1102 1089/746/1106 1271/746/1102
f 1196/746/1209 1086/746/1102 1271/746/1102
f 1105/746/1119 1267/746/1281 1102/746/1116
f 1264/746/1278 1267/746/1281 1105/746/1119
f 1266/746/1279 1272/746/1284 1200/746/1213
f 1273/746/1285 1272/746/1284 1266/746/1279
f 1263/746/1276 1273/746/1285 1266/746/1279
f 1273/746/1285 1274/746/1286 1272/746/1284
f 1275/746/1287 1274/746/1286 1273/746/1285
f 1276/746/1288 1273/746/1285 1263/746/1276
f 1276/746/1288 1275/746/1287 1273/746/1285
f 1277/746/1289 1275/746/1287 1276/746/1288
f 1260/746/1273 1276/746/1288 1263/746/1276
f 1278/746/1290 1276/746/1288 1260/746/1273
f 1278/746/1290 1277/746/1289 1276/746/1288
f 1279/746/1291 1277/746/1289 1278/746/1290
f 1257/746/1270 1278/746/1290 1260/746/1273
f 1280/746/1292 1278/746/1290 1257/746/1270
f 1280/746/1292 1279/746/1291 1278/746/1290
f 1281/746/1293 1279/746/1291 1280/746/1292
f 1249/746/1261 1280/746/1292 1252/746/1264
f 1252/746/1264 1280/746/1292 1257/746/1270
f 1281/746/1293 1280/746/1292 1249/746/1261
f 1283/746/1294 1282/746/1295 1281/746/1293
f 1282/746/1295 1279/746/1291 1281/746/1293
f 1246/746/1258 1281/746/1293 1249/746/1261
f 1283/746/1294 1281/746/1293 1246/746/1258
f 1285/746/1296 1284/746/1297 1283/746/1294
f 1284/746/1297 1282/746/1295 1283/746/1294
f 1243/746/1255 1283/746/1294 1246/746/1258
f 1285/746/1296 1283/746/1294 1243/746/1255
f 1287/746/1298 1286/746/1299 1285/746/1296
f 1286/746/1299 1284/746/1297 1285/746/1296
f 1240/746/1252 1285/746/1296 1243/746/1255
f 1287/746/1298 1285/746/1296 1240/746/1252
f 1227/746/1241 1288/746/1300 1287/746/1298
f 1288/746/1300 1286/746/1299 1287/746/1298
f 1237/746/1249 1287/746/1298 1240/746/1252
f 1227/746/1241 1287/746/1298 1237/746/1249
f 1227/746/1241 1224/746/1238 1288/746/1300
f 1224/746/1238 1289/746/1301 1288/746/1300
f 1288/746/1300 1289/746/1301 1286/746/1299
f 1224/746/1238 1290/746/1302 1289/746/1301
f 1290/746/1302 1291/746/1303 1289/746/1301
f 1289/746/1301 1292/746/1304 1286/746/1299
f 1289/746/1301 1291/746/1303 1292/746/1304
f 1291/746/1303 1293/746/1305 1292/746/1304
f 1286/746/1299 1292/746/1304 1284/746/1297
f 1292/746/1304 1294/746/1306 1284/746/1297
f 1292/746/1304 1293/746/1305 1294/746/1306
f 1293/746/1305 1295/746/1307 1294/746/1306
f 1284/746/1297 1294/746/1306 1282/746/1295
f 1294/746/1306 1296/746/1308 1282/746/1295
f 1294/746/1306 1295/746/1307 1296/746/1308
f 1296/746/1308 1295/746/1307 1297/746/1309
f 1282/746/1295 1296/746/1308 1279/746/1291
f 1279/746/1291 1296/746/1308 1277/746/1289
f 1296/746/1308 1297/746/1309 1277/746/1289
f 1297/746/1309 1298/746/1310 1299/746/1311
f 1295/746/1307 1298/746/1310 1297/746/1309
f 1277/746/1289 1297/746/1309 1275/746/1287
f 1297/746/1309 1299/746/1311 1275/746/1287
f 1299/746/1311 1300/746/1312 1301/746/1313
f 1298/746/1310 1300/746/1312 1299/746/1311
f 1275/746/1287 1299/746/1311 1274/746/1286
f 1299/746/1311 1301/746/1313 1274/746/1286
f 1303/746/1314 1302/746/1315 1301/746/1313
f 1302/746/1315 1203/746/1216 1301/746/1313
f 1274/746/1286 1301/746/1313 1203/746/1216
f 1303/746/1314 1301/746/1313 1300/746/1312
f 1306/746/1316 1304/746/1317 1303/746/1314
f 1304/746/1317 1302/746/1315 1303/746/1314
f 1305/746/1318 1303/746/1314 1300/746/1312
f 1306/746/1316 1303/746/1314 1305/746/1318
f 1309/746/1319 1307/746/1320 1306/746/1316
f 1307/746/1320 1304/746/1317 1306/746/1316
f 1308/746/1321 1306/746/1316 1305/746/1318
f 1309/746/1319 1306/746/1316 1308/746/1321
f 1311/746/1322 1310/746/1323 1309/746/1319
f 1310/746/1323 1307/746/1320 1309/746/1319
f 1312/746/1324 1309/746/1319 1308/746/1321
f 1312/746/1324 1311/746/1322 1309/746/1319
f 1314/746/1325 1311/746/1322 1312/746/1324
f 1313/746/1326 1312/746/1324 1308/746/1321
f 1315/746/1327 1312/746/1324 1313/746/1326
f 1315/746/1327 1314/746/1325 1312/746/1324
f 1290/746/1302 1314/746/1325 1315/746/1327
f 1290/746/1302 1315/746/1327 1291/746/1303
f 1315/746/1327 1316/746/1328 1291/746/1303
f 1315/746/1327 1313/746/1326 1316/746/1328
f 1313/746/1326 1317/746/1329 1316/746/1328
f 1291/746/1303 1316/746/1328 1293/746/1305
f 1316/746/1328 1318/746/1330 1293/746/1305
f 1316/746/1328 1317/746/1329 1318/746/1330
f 1318/746/1330 1317/746/1329 1319/746/1331
f 1293/746/1305 1318/746/1330 1295/746/1307
f 1295/746/1307 1318/746/1330 1298/746/1310
f 1318/746/1330 1319/746/1331 1298/746/1310
f 1320/746/1332 1305/746/1318 1319/746/1331
f 1305/746/1318 1300/746/1312 1319/746/1331
f 1298/746/1310 1319/746/1331 1300/746/1312
f 1320/746/1332 1319/746/1331 1317/746/1329
f 1313/746/1326 1308/746/1321 1320/746/1332
f 1308/746/1321 1305/746/1318 1320/746/1332
f 1313/746/1326 1320/746/1332 1317/746/1329
f 1314/746/1325 1218/746/1232 1311/746/1322
f 1221/746/1235 1218/746/1232 1314/746/1325
f 1290/746/1302 1221/746/1235 1314/746/1325
f 1311/746/1322 1215/746/1229 1310/746/1323
f 1218/746/1232 1215/746/1229 1311/746/1322
f 1215/746/1229 1211/746/1225 1310/746/1323
f 1211/746/1225 1209/746/1223 1310/746/1323
f 1310/746/1323 1209/746/1223 1307/746/1320
f 1209/746/1223 1207/746/1221 1307/746/1320
f 1307/746/1320 1207/746/1221 1304/746/1317
f 1207/746/1221 1205/746/1219 1304/746/1317
f 1304/746/1317 1205/746/1219 1302/746/1315
f 1205/746/1219 1202/746/1217 1302/746/1315
f 1302/746/1315 1202/746/1217 1203/746/1216
f 1224/746/1238 1221/746/1235 1290/746/1302
f 1274/746/1286 1203/746/1216 1272/746/1284
f 1272/746/1284 1203/746/1216 1199/746/1214
f 1272/746/1284 1199/746/1214 1200/746/1213
f 1108/746/1122 1264/746/1278 1105/746/1119
f 1261/746/1275 1264/746/1278 1108/746/1122
f 1111/746/1125 1261/746/1275 1108/746/1122
f 1258/746/1272 1261/746/1275 1111/746/1125
f 1114/746/1128 1258/746/1272 1111/746/1125
f 1255/746/1269 1258/746/1272 1114/746/1128
f 1117/746/1131 1255/746/1269 1114/746/1128
f 1254/746/1268 1255/746/1269 1117/746/1131
f 1124/746/1141 1254/746/1268 1120/746/1136
f 1120/746/1136 1254/746/1268 1117/746/1131
f 1251/746/1265 1254/746/1268 1124/746/1141
f 1127/746/1143 1251/746/1265 1124/746/1141
f 1248/746/1262 1251/746/1265 1127/746/1143
f 1130/746/1146 1248/746/1262 1127/746/1143
f 1245/746/1259 1248/746/1262 1130/746/1146
f 1133/746/1149 1245/746/1259 1130/746/1146
f 1242/746/1256 1245/746/1259 1133/746/1149
f 1136/746/1152 1242/746/1256 1133/746/1149
f 1239/746/1253 1242/746/1256 1136/746/1152
f 1139/746/1155 1239/746/1253 1136/746/1152
f 1236/746/1250 1239/746/1253 1139/746/1155
f 1230/746/1245 1227/746/1241 1237/746/1249
f 1142/746/1158 1236/746/1250 1139/746/1155
f 1233/746/1247 1236/746/1250 1142/746/1158
f 1322/746/1333 1321/746/1334 1234/746/1246
f 1234/746/1246 1321/746/1334 1231/746/1243
f 1148/746/1163 1234/746/1246 1145/746/1160
f 1234/746/1246 1233/746/1247 1145/746/1160
f 1322/746/1333 1234/746/1246 1148/746/1163
f 1322/746/1333 1158/746/1173 1323/746/1335
f 1151/746/1166 1158/746/1173 1322/746/1333
f 1151/746/1166 1322/746/1333 1148/746/1163
f 1322/746/1333 1323/746/1335 1321/746/1334
f 1323/746/1335 1161/746/1175 1325/746/1336
f 1158/746/1173 1161/746/1175 1323/746/1335
f 1321/746/1334 1323/746/1335 1324/746/1337
f 1323/746/1335 1325/746/1336 1324/746/1337
f 1325/746/1336 1164/746/1178 1327/746/1338
f 1161/746/1175 1164/746/1178 1325/746/1336
f 1324/746/1337 1325/746/1336 1326/746/1339
f 1325/746/1336 1327/746/1338 1326/746/1339
f 1327/746/1338 1167/746/1181 1329/746/1340
f 1164/746/1178 1167/746/1181 1327/746/1338
f 1326/746/1339 1327/746/1338 1328/746/1341
f 1327/746/1338 1329/746/1340 1328/746/1341
f 1329/746/1340 1170/746/1184 1331/746/1342
f 1167/746/1181 1170/746/1184 1329/746/1340
f 1328/746/1341 1329/746/1340 1330/746/1343
f 1329/746/1340 1331/746/1342 1330/746/1343
f 1331/746/1342 1173/746/1187 1176/746/1189
f 1170/746/1184 1173/746/1187 1331/746/1342
f 1330/746/1343 1331/746/1342 1332/746/1344
f 1331/746/1342 1176/746/1189 1332/746/1344
f 1332/746/1344 1176/746/1189 1178/746/1191
f 1333/746/1345 1332/746/1344 1334/746/1346
f 1330/746/1343 1332/746/1344 1333/746/1345
f 1332/746/1344 1178/746/1191 1334/746/1346
f 1334/746/1346 1178/746/1191 1180/746/1193
f 1216/746/1228 1334/746/1346 1213/746/1226
f 1333/746/1345 1334/746/1346 1216/746/1228
f 1334/746/1346 1180/746/1193 1213/746/1226
f 1219/746/1231 1333/746/1345 1216/746/1228
f 1335/746/1347 1333/746/1345 1219/746/1231
f 1335/746/1347 1330/746/1343 1333/746/1345
f 1328/746/1341 1330/746/1343 1335/746/1347
f 1222/746/1234 1335/746/1347 1219/746/1231
f 1336/746/1348 1335/746/1347 1222/746/1234
f 1336/746/1348 1328/746/1341 1335/746/1347
f 1326/746/1339 1328/746/1341 1336/746/1348
f 1225/746/1237 1336/746/1348 1222/746/1234
f 1229/746/1242 1336/746/1348 1225/746/1237
f 1229/746/1242 1326/746/1339 1336/746/1348
f 1324/746/1337 1326/746/1339 1229/746/1242
f 1231/746/1243 1324/746/1337 1229/746/1242
f 1321/746/1334 1324/746/1337 1231/746/1243
f 1145/746/1160 1233/746/1247 1142/746/1158
f 1213/746/1226 1180/746/1193 1182/746/1195
f 1172/746/1185 1050/746/1066 1052/746/1069
f 1337/746/1349 1050/746/1066 1172/746/1185
f 1169/746/1182 1337/746/1349 1172/746/1185
f 1337/746/1349 1047/746/1064 1050/746/1066
f 1338/746/1350 1047/746/1064 1337/746/1349
f 1339/746/1351 1337/746/1349 1169/746/1182
f 1339/746/1351 1338/746/1350 1337/746/1349
f 1340/746/890 1338/746/1350 1339/746/1351
f 1166/746/1179 1339/746/1351 1169/746/1182
f 1341/746/1176 1339/746/1351 1166/746/1179
f 1341/746/1176 1340/746/890 1339/746/1351
f 1342/746/1352 1340/746/890 1341/746/1176
f 1163/746/1176 1341/746/1176 1166/746/1179
f 1343/746/1353 1341/746/1176 1163/746/1176
f 1343/746/1353 1342/746/1352 1341/746/1176
f 1344/746/1354 1342/746/1352 1343/746/1353
f 1160/746/1174 1343/746/1353 1163/746/1176
f 1345/746/1355 1343/746/1353 1160/746/1174
f 1345/746/1355 1344/746/1354 1343/746/1353
f 1346/746/1356 1344/746/1354 1345/746/1355
f 1157/746/1171 1345/746/1355 1160/746/1174
f 1347/746/1357 1345/746/1355 1157/746/1171
f 1347/746/1357 1346/746/1356 1345/746/1355
f 1348/746/1358 1346/746/1356 1347/746/1357
f 1154/746/1168 1347/746/1357 1157/746/1171
f 1349/746/1359 1347/746/1357 1154/746/1168
f 1349/746/1359 1348/746/1358 1347/746/1357
f 1350/746/1360 1348/746/1358 1349/746/1359
f 1155/746/1170 1349/746/1359 1154/746/1168
f 1351/746/1361 1349/746/1359 1155/746/1170
f 1351/746/1361 1350/746/1360 1349/746/1359
f 896/746/913 1350/746/1360 1351/746/1361
f 896/746/913 1351/746/1361 1352/746/1362
f 1351/746/1361 1353/746/1363 1352/746/1362
f 1351/746/1361 1155/746/1170 1353/746/1363
f 1155/746/1170 1152/746/1167 1353/746/1363
f 1352/746/1362 1353/746/1363 1354/746/1364
f 1353/746/1363 1355/746/1365 1354/746/1364
f 1353/746/1363 1152/746/1167 1355/746/1365
f 1152/746/1167 1149/746/1164 1355/746/1365
f 1354/746/1364 1355/746/1365 1356/746/1366
f 1355/746/1365 1357/746/1367 1356/746/1366
f 1355/746/1365 1149/746/1164 1357/746/1367
f 1149/746/1164 1146/746/1161 1357/746/1367
f 1356/746/1366 1357/746/1367 1358/746/1368
f 1357/746/1367 1359/746/1369 1358/746/1368
f 1357/746/1367 1146/746/1161 1359/746/1369
f 1146/746/1161 1143/746/1157 1359/746/1369
f 1358/746/1368 1359/746/1369 1360/746/1370
f 1359/746/1369 1361/746/1371 1360/746/1370
f 1359/746/1369 1143/746/1157 1361/746/1371
f 1143/746/1157 1140/746/1156 1361/746/1371
f 1360/746/1370 1361/746/1371 1362/746/1371
f 1361/746/1371 1363/746/1372 1362/746/1371
f 1361/746/1371 1140/746/1156 1363/746/1372
f 1140/746/1156 1137/746/1153 1363/746/1372
f 1362/746/1371 1363/746/1372 1364/746/1373
f 1363/746/1372 1365/746/1374 1364/746/1373
f 1363/746/1372 1137/746/1153 1365/746/1374
f 1137/746/1153 1134/746/1150 1365/746/1374
f 1364/746/1373 1365/746/1374 1366/746/1375
f 1365/746/1374 1367/746/1376 1366/746/1375
f 1365/746/1374 1134/746/1150 1367/746/1376
f 1134/746/1150 1131/746/1147 1367/746/1376
f 1366/746/1375 1367/746/1376 1368/746/1377
f 1367/746/1376 1369/746/1378 1368/746/1377
f 1367/746/1376 1131/746/1147 1369/746/1378
f 1131/746/1147 1128/746/1144 1369/746/1378
f 1368/746/1377 1369/746/1378 1370/746/1379
f 1369/746/1378 1371/746/1380 1370/746/1379
f 1369/746/1378 1128/746/1144 1371/746/1380
f 1370/746/1379 1371/746/1380 863/746/882
f 1371/746/1380 864/746/883 863/746/882
f 1128/746/1144 1125/746/1139 1371/746/1380
f 1371/746/1380 1125/746/1139 864/746/883
f 861/746/880 1370/746/1379 862/746/881
f 1370/746/1379 863/746/882 862/746/881
f 1368/746/1377 1370/746/1379 861/746/880
f 867/746/887 1368/746/1377 861/746/880
f 1366/746/1375 1368/746/1377 867/746/887
f 870/746/889 1366/746/1375 867/746/887
f 1364/746/1373 1366/746/1375 870/746/889
f 873/746/890 1364/746/1373 870/746/889
f 1362/746/1371 1364/746/1373 873/746/890
f 876/746/894 1362/746/1371 873/746/890
f 1360/746/1370 1362/746/1371 876/746/894
f 879/746/897 1360/746/1370 876/746/894
f 1358/746/1368 1360/746/1370 879/746/897
f 882/746/900 1358/746/1368 879/746/897
f 1356/746/1366 1358/746/1368 882/746/900
f 885/746/903 1356/746/1366 882/746/900
f 1354/746/1364 1356/746/1366 885/746/903
f 888/746/906 1354/746/1364 885/746/903
f 1352/746/1362 1354/746/1364 888/746/906
f 891/746/909 1352/746/1362 888/746/906
f 896/746/913 1352/746/1362 891/746/909
f 1350/746/1360 1032/746/1050 1348/746/1358
f 1031/746/1049 1032/746/1050 1350/746/1360
f 896/746/913 1031/746/1049 1350/746/1360
f 1348/746/1358 1034/746/1052 1346/746/1356
f 1032/746/1050 1034/746/1052 1348/746/1358
f 1346/746/1356 1036/746/1054 1344/746/1354
f 1034/746/1052 1036/746/1054 1346/746/1356
f 1344/746/1354 1038/746/1056 1342/746/1352
f 1036/746/1054 1038/746/1056 1344/746/1354
f 1342/746/1352 1040/746/1058 1340/746/890
f 1038/746/1056 1040/746/1058 1342/746/1352
f 1340/746/890 1042/746/1059 1338/746/1350
f 1040/746/1058 1042/746/1059 1340/746/890
f 1338/746/1350 1044/746/1061 1047/746/1064
f 1042/746/1059 1044/746/1061 1338/746/1350
f 1125/746/1139 865/746/884 864/746/883
f 1119/746/1134 1372/746/1381 1122/746/1137
f 1372/746/1381 1373/746/1382 1122/746/1137
f 1122/746/1137 1373/746/1382 1376/746/1383
f 1122/746/1137 1374/746/1384 1375/746/1385
f 1122/746/1137 1376/746/1383 1374/746/1384
f 1122/746/1137 1375/746/1385 865/746/884
f 1374/746/1384 1376/746/1383 1378/746/1386
f 1376/746/1383 1377/746/1387 1379/746/1388
f 1373/746/1382 1377/746/1387 1376/746/1383
f 1376/746/1383 1379/746/1388 1378/746/1386
f 1379/746/1388 1380/746/1389 1382/746/1390
f 1377/746/1387 1380/746/1389 1379/746/1388
f 1378/746/1386 1379/746/1388 1381/746/1391
f 1379/746/1388 1382/746/1390 1381/746/1391
f 1382/746/1390 1383/746/1392 1385/746/1393
f 1380/746/1389 1383/746/1392 1382/746/1390
f 1381/746/1391 1382/746/1390 1384/746/1394
f 1382/746/1390 1385/746/1393 1384/746/1394
f 1385/746/1393 1386/746/1395 1388/746/1396
f 1383/746/1392 1386/746/1395 1385/746/1393
f 1384/746/1394 1385/746/1393 1387/746/937
f 1385/746/1393 1388/746/1396 1387/746/937
f 1387/746/937 1388/746/1396 1390/746/1397
f 1388/746/1396 1389/746/830 1391/746/1398
f 1386/746/1395 1389/746/830 1388/746/1396
f 1388/746/1396 1391/746/1398 1390/746/1397
f 1391/746/1398 1392/746/1399 1394/746/1400
f 1389/746/830 1392/746/1399 1391/746/1398
f 1390/746/1397 1391/746/1398 1393/746/1401
f 1391/746/1398 1394/746/1400 1393/746/1401
f 1394/746/1400 1395/746/1402 1397/746/1403
f 1392/746/1399 1395/746/1402 1394/746/1400
f 1393/746/1401 1394/746/1400 1396/746/1404
f 1394/746/1400 1397/746/1403 1396/746/1404
f 1397/746/1403 1398/746/1405 1400/746/1406
f 1395/746/1402 1398/746/1405 1397/746/1403
f 1396/746/1404 1397/746/1403 1399/746/1407
f 1397/746/1403 1400/746/1406 1399/746/1407
f 1400/746/1406 1401/746/1408 1403/746/1409
f 1398/746/1405 1401/746/1408 1400/746/1406
f 1399/746/1407 1400/746/1406 1402/746/1410
f 1400/746/1406 1403/746/1409 1402/746/1410
f 1406/746/1411 1404/746/1412 1403/746/1409
f 1404/746/1412 1405/746/1413 1403/746/1409
f 1402/746/1410 1403/746/1409 1405/746/1413
f 1406/746/1411 1403/746/1409 1401/746/1408
f 1409/746/1414 1407/746/1415 1406/746/1411
f 1407/746/1415 1404/746/1412 1406/746/1411
f 1408/746/1416 1406/746/1411 1401/746/1408
f 1409/746/1414 1406/746/1411 1408/746/1416
f 1412/746/1417 1410/746/1418 1409/746/1414
f 1410/746/1418 1407/746/1415 1409/746/1414
f 1411/746/1419 1409/746/1414 1408/746/1416
f 1412/746/1417 1409/746/1414 1411/746/1419
f 1415/746/1420 1413/746/1421 1412/746/1417
f 1413/746/1421 1410/746/1418 1412/746/1417
f 1414/746/1422 1412/746/1417 1411/746/1419
f 1415/746/1420 1412/746/1417 1414/746/1422
f 1418/746/942 1416/746/1423 1415/746/1420
f 1416/746/1423 1413/746/1421 1415/746/1420
f 1417/746/1099 1415/746/1420 1414/746/1422
f 1418/746/942 1415/746/1420 1417/746/1099
f 1420/746/1424 1418/746/942 1417/746/1099
f 1421/746/1425 1419/746/1426 1418/746/942
f 1419/746/1426 1416/746/1423 1418/746/942
f 1421/746/1425 1418/746/942 1420/746/1424
f 1424/746/1427 1422/746/1428 1421/746/1425
f 1422/746/1428 1419/746/1426 1421/746/1425
f 1423/746/1429 1421/746/1425 1420/746/1424
f 1424/746/1427 1421/746/1425 1423/746/1429
f 1427/746/1430 1425/746/1431 1424/746/1427
f 1425/746/1431 1422/746/1428 1424/746/1427
f 1426/746/1432 1424/746/1427 1423/746/1429
f 1427/746/1430 1424/746/1427 1426/746/1432
f 1430/746/1433 1428/746/1434 1427/746/1430
f 1428/746/1434 1425/746/1431 1427/746/1430
f 1429/746/1435 1427/746/1430 1426/746/1432
f 1430/746/1433 1427/746/1430 1429/746/1435
f 937/746/956 1431/746/1436 1430/746/1433
f 1431/746/1436 1428/746/1434 1430/746/1433
f 1432/746/1437 1430/746/1433 1429/746/1435
f 937/746/956 1430/746/1433 1432/746/1437
f 936/746/953 937/746/956 1432/746/1437
f 1066/746/1081 1432/746/1437 1069/746/1084
f 1432/746/1437 1429/746/1435 1069/746/1084
f 936/746/953 1432/746/1437 1066/746/1081
f 935/746/955 938/746/954 1431/746/1436
f 938/746/954 1433/746/1438 1431/746/1436
f 1431/746/1436 1433/746/1438 1428/746/1434
f 935/746/955 1431/746/1436 937/746/956
f 938/746/954 929/746/946 1433/746/1438
f 929/746/946 927/746/945 1433/746/1438
f 1433/746/1438 1434/746/1439 1428/746/1434
f 1433/746/1438 927/746/945 1434/746/1439
f 927/746/945 924/746/940 1434/746/1439
f 1428/746/1434 1434/746/1439 1425/746/1431
f 1434/746/1439 1435/746/1440 1425/746/1431
f 1434/746/1439 924/746/940 1435/746/1440
f 924/746/940 921/746/939 1435/746/1440
f 1425/746/1431 1435/746/1440 1422/746/1428
f 1435/746/1440 1436/746/937 1422/746/1428
f 1435/746/1440 921/746/939 1436/746/937
f 1422/746/1428 1436/746/937 1419/746/1426
f 1436/746/937 1437/746/1441 1419/746/1426
f 921/746/939 918/746/936 1436/746/937
f 1436/746/937 918/746/936 1437/746/1441
f 918/746/936 915/746/933 1437/746/1441
f 1419/746/1426 1437/746/1441 1416/746/1423
f 1437/746/1441 1438/746/1442 1416/746/1423
f 1437/746/1441 915/746/933 1438/746/1442
f 915/746/933 912/746/930 1438/746/1442
f 1416/746/1423 1438/746/1442 1413/746/1421
f 1438/746/1442 1439/746/1443 1413/746/1421
f 1438/746/1442 912/746/930 1439/746/1443
f 912/746/930 909/746/927 1439/746/1443
f 1413/746/1421 1439/746/1443 1410/746/1418
f 1439/746/1443 1440/746/1444 1410/746/1418
f 1439/746/1443 909/746/927 1440/746/1444
f 909/746/927 906/746/924 1440/746/1444
f 1410/746/1418 1440/746/1444 1407/746/1415
f 1440/746/1444 1441/746/1445 1407/746/1415
f 1440/746/1444 906/746/924 1441/746/1445
f 906/746/924 903/746/921 1441/746/1445
f 1407/746/1415 1441/746/1445 1404/746/1412
f 1441/746/1445 1442/746/1446 1404/746/1412
f 1441/746/1445 903/746/921 1442/746/1446
f 903/746/921 899/746/918 1442/746/1446
f 1404/746/1412 1442/746/1446 1405/746/1413
f 1405/746/1413 1442/746/1446 899/746/918
f 1069/746/1084 1429/746/1435 1072/746/1087
f 1429/746/1435 1426/746/1432 1072/746/1087
f 1072/746/1087 1426/746/1432 1075/746/1090
f 1426/746/1432 1423/746/1429 1075/746/1090
f 1075/746/1090 1423/746/1429 1078/746/1093
f 1423/746/1429 1420/746/1424 1078/746/1093
f 1078/746/1093 1420/746/1424 1081/746/1096
f 1420/746/1424 1417/746/1099 1081/746/1096
f 1081/746/1096 1417/746/1099 1084/746/1099
f 1417/746/1099 1414/746/1422 1084/746/1099
f 1084/746/1099 1414/746/1422 1087/746/1104
f 1414/746/1422 1411/746/1419 1087/746/1104
f 1087/746/1104 1411/746/1419 1090/746/1105
f 1411/746/1419 1408/746/1416 1090/746/1105
f 1090/746/1105 1408/746/1416 1093/746/1108
f 1408/746/1416 1401/746/1408 1093/746/1108
f 1443/746/1447 1405/746/1413 1444/746/1448
f 1402/746/1410 1405/746/1413 1443/746/1447
f 1405/746/1413 899/746/918 1444/746/1448
f 899/746/918 895/746/914 1444/746/1448
f 1445/746/1449 1444/746/1448 895/746/914
f 1443/746/1447 1444/746/1448 1445/746/1449
f 831/746/849 1445/746/1449 834/746/852
f 1446/746/1450 1445/746/1449 831/746/849
f 1445/746/1449 895/746/914 834/746/852
f 1446/746/1450 1443/746/1447 1445/746/1449
f 1447/746/1451 1443/746/1447 1446/746/1450
f 828/746/846 1446/746/1450 831/746/849
f 1448/746/1452 1446/746/1450 828/746/846
f 1448/746/1452 1447/746/1451 1446/746/1450
f 1449/746/1453 1447/746/1451 1448/746/1452
f 825/746/843 1448/746/1452 828/746/846
f 1450/746/1454 1448/746/1452 825/746/843
f 1450/746/1454 1449/746/1453 1448/746/1452
f 1451/746/1455 1449/746/1453 1450/746/1454
f 822/746/840 1450/746/1454 825/746/843
f 1452/746/1456 1450/746/1454 822/746/840
f 1452/746/1456 1451/746/1455 1450/746/1454
f 1453/746/1457 1451/746/1455 1452/746/1456
f 819/746/837 1452/746/1456 822/746/840
f 1454/746/1458 1452/746/1456 819/746/837
f 1454/746/1458 1453/746/1457 1452/746/1456
f 1455/746/1459 1453/746/1457 1454/746/1458
f 816/746/834 1454/746/1458 819/746/837
f 1456/746/1460 1454/746/1458 816/746/834
f 1456/746/1460 1455/746/1459 1454/746/1458
f 1457/746/1461 1455/746/1459 1456/746/1460
f 813/746/832 1456/746/1460 816/746/834
f 1458/746/937 1456/746/1460 813/746/832
f 1458/746/937 1457/746/1461 1456/746/1460
f 811/746/830 1458/746/937 813/746/832
f 1460/746/1462 1458/746/937 811/746/830
f 1459/746/1463 1457/746/1461 1458/746/937
f 1460/746/1462 1459/746/1463 1458/746/937
f 810/746/826 1460/746/1462 811/746/830
f 1462/746/1464 1460/746/1462 810/746/826
f 1461/746/1465 1459/746/1463 1460/746/1462
f 1462/746/1464 1461/746/1465 1460/746/1462
f 1375/746/1385 1462/746/1464 810/746/826
f 1375/746/1385 1461/746/1465 1462/746/1464
f 1461/746/1465 1381/746/1391 1459/746/1463
f 1378/746/1386 1381/746/1391 1461/746/1465
f 1375/746/1385 1378/746/1386 1461/746/1465
f 1459/746/1463 1384/746/1394 1457/746/1461
f 1381/746/1391 1384/746/1394 1459/746/1463
f 1457/746/1461 1387/746/937 1455/746/1459
f 1384/746/1394 1387/746/937 1457/746/1461
f 1455/746/1459 1390/746/1397 1453/746/1457
f 1387/746/937 1390/746/1397 1455/746/1459
f 1453/746/1457 1393/746/1401 1451/746/1455
f 1390/746/1397 1393/746/1401 1453/746/1457
f 1451/746/1455 1396/746/1404 1449/746/1453
f 1393/746/1401 1396/746/1404 1451/746/1455
f 1449/746/1453 1399/746/1407 1447/746/1451
f 1396/746/1404 1399/746/1407 1449/746/1453
f 1447/746/1451 1402/746/1410 1443/746/1447
f 1399/746/1407 1402/746/1410 1447/746/1451
f 1398/746/1405 1093/746/1108 1401/746/1408
f 1092/746/1109 1093/746/1108 1398/746/1405
f 1395/746/1402 1092/746/1109 1398/746/1405
f 1095/746/1112 1092/746/1109 1395/746/1402
f 1392/746/1399 1095/746/1112 1395/746/1402
f 1098/746/1113 1095/746/1112 1392/746/1399
f 1389/746/830 1098/746/1113 1392/746/1399
f 1101/746/1117 1098/746/1113 1389/746/830
f 1386/746/1395 1101/746/1117 1389/746/830
f 1104/746/1120 1101/746/1117 1386/746/1395
f 1383/746/1392 1104/746/1120 1386/746/1395
f 1107/746/1123 1104/746/1120 1383/746/1392
f 1380/746/1389 1107/746/1123 1383/746/1392
f 1110/746/1126 1107/746/1123 1380/746/1389
f 1377/746/1387 1110/746/1126 1380/746/1389
f 1374/746/1384 1378/746/1386 1375/746/1385
f 1113/746/1129 1110/746/1126 1377/746/1387
f 1373/746/1382 1113/746/1129 1377/746/1387
f 1375/746/1385 810/746/826 865/746/884
f 1116/746/1132 1113/746/1129 1373/746/1382
f 1372/746/1381 1116/746/1132 1373/746/1382
f 1119/746/1134 1116/746/1132 1372/746/1381
f 1063/746/1078 936/746/953 1066/746/1081
f 939/746/952 934/746/951 1063/746/1078
f 934/746/951 936/746/953 1063/746/1078
f 894/746/912 1031/746/1049 896/746/913
f 894/746/912 900/746/917 1031/746/1049
f 960/746/976 948/746/968 955/746/972
f 926/746/944 932/746/948 923/746/942
f 895/746/914 892/746/910 834/746/852
f 834/746/852 892/746/910 835/746/853
f 892/746/910 889/746/907 835/746/853
f 835/746/853 889/746/907 838/746/855
f 889/746/907 886/746/904 838/746/855
f 838/746/855 886/746/904 841/746/858
f 886/746/904 883/746/901 841/746/858
f 841/746/858 883/746/901 844/746/861
f 883/746/901 880/746/898 844/746/861
f 844/746/861 880/746/898 847/746/864
f 880/746/898 877/746/895 847/746/864
f 847/746/864 877/746/895 850/746/867
f 877/746/895 874/746/892 850/746/867
f 850/746/867 874/746/892 853/746/870
f 874/746/892 871/746/890 853/746/870
f 853/746/870 871/746/890 856/746/875
f 871/746/890 868/746/885 856/746/875
f 856/746/875 868/746/885 858/746/877
f 868/746/885 860/746/878 858/746/877
f 1463/746/1466 855/746/873 1464/746/1467
f 852/746/871 855/746/873 1463/746/1466
f 1464/746/1467 855/746/873 810/746/826
f 1465/746/1468 1464/746/1467 1468/746/1469
f 1470/746/1470 1464/746/1467 1465/746/1468
f 1470/746/1470 1466/746/1471 1464/746/1467
f 1466/746/1471 1467/746/1472 1464/746/1467
f 1464/746/1467 1467/746/1472 1469/746/1473
f 1468/746/1469 1464/746/1467 810/746/826
f 1469/746/1473 1463/746/1466 1464/746/1467
f 1472/746/1474 1470/746/1470 1465/746/1468
f 1473/746/1475 1471/746/1476 1470/746/1470
f 1471/746/1476 1466/746/1471 1470/746/1470
f 1473/746/1475 1470/746/1470 1472/746/1474
f 1476/746/1477 1474/746/1478 1473/746/1475
f 1474/746/1478 1471/746/1476 1473/746/1475
f 1475/746/1479 1473/746/1475 1472/746/1474
f 1476/746/1477 1473/746/1475 1475/746/1479
f 1478/746/1480 1477/746/1481 1476/746/1477
f 1477/746/1481 1474/746/1478 1476/746/1477
f 1479/746/1482 1476/746/1477 1475/746/1479
f 1479/746/1482 1478/746/1480 1476/746/1477
f 1481/746/1483 1478/746/1480 1479/746/1482
f 1480/746/1484 1479/746/1482 1475/746/1479
f 1482/746/1485 1479/746/1482 1480/746/1484
f 1482/746/1485 1481/746/1483 1479/746/1482
f 1483/746/1486 1482/746/1485 1480/746/1484
f 1485/746/1487 1482/746/1485 1483/746/1486
f 1484/746/1488 1481/746/1483 1482/746/1485
f 1485/746/1487 1484/746/1488 1482/746/1485
f 1487/746/1489 1486/746/1490 1485/746/1487
f 1486/746/1490 1484/746/1488 1485/746/1487
f 1485/746/1487 1483/746/1486 1487/746/1489
f 809/746/828 1488/746/1491 1487/746/1489
f 1488/746/1491 1489/746/1492 1487/746/1489
f 1487/746/1489 1489/746/1492 1490/746/1493
f 1487/746/1489 1490/746/1493 1486/746/1490
f 810/746/826 809/746/828 1487/746/1489
f 1483/746/1486 1468/746/1469 1487/746/1489
f 810/746/826 1487/746/1489 1468/746/1469
f 1486/746/1490 1490/746/1493 1484/746/1488
f 1490/746/1493 1491/746/1494 1492/746/1495
f 1489/746/1492 1491/746/1494 1490/746/1493
f 1490/746/1493 1492/746/1495 1484/746/1488
f 1492/746/1495 1493/746/1496 1494/746/1497
f 1491/746/1494 1493/746/1496 1492/746/1495
f 1484/746/1488 1492/746/1495 1481/746/1483
f 1492/746/1495 1494/746/1497 1481/746/1483
f 1494/746/1497 1495/746/1498 1496/746/1499
f 1493/746/1496 1495/746/1498 1494/746/1497
f 1481/746/1483 1494/746/1497 1478/746/1480
f 1494/746/1497 1496/746/1499 1478/746/1480
f 1496/746/1499 1497/746/1500 1498/746/1501
f 1495/746/1498 1497/746/1500 1496/746/1499
f 1478/746/1480 1496/746/1499 1477/746/1481
f 1496/746/1499 1498/746/1501 1477/746/1481
f 1497/746/1500 1499/746/1502 1498/746/1501
f 1499/746/1502 1500/746/1503 1498/746/1501
f 1498/746/1501 1501/746/1504 1477/746/1481
f 1498/746/1501 1500/746/1503 1501/746/1504
f 1500/746/1503 1502/746/1505 1501/746/1504
f 1477/746/1481 1501/746/1504 1474/746/1478
f 1501/746/1504 1503/746/1506 1474/746/1478
f 1501/746/1504 1502/746/1505 1503/746/1506
f 1502/746/1505 1504/746/1507 1503/746/1506
f 1474/746/1478 1503/746/1506 1471/746/1476
f 1503/746/1506 1505/746/1508 1471/746/1476
f 1503/746/1506 1504/746/1507 1505/746/1508
f 1504/746/1507 1506/746/1509 1505/746/1508
f 1471/746/1476 1505/746/1508 1466/746/1471
f 1505/746/1508 1507/746/1510 1466/746/1471
f 1505/746/1508 1506/746/1509 1507/746/1510
f 1466/746/1471 1507/746/1510 1467/746/1472
f 1507/746/1510 1469/746/1473 1467/746/1472
f 1506/746/1509 1508/746/1511 1507/746/1510
f 1507/746/1510 1508/746/1511 1469/746/1473
f 1508/746/1511 1463/746/1466 1469/746/1473
f 1506/746/1509 849/746/868 1508/746/1511
f 849/746/868 852/746/871 1508/746/1511
f 1508/746/1511 852/746/871 1463/746/1466
f 1504/746/1507 846/746/865 1506/746/1509
f 846/746/865 849/746/868 1506/746/1509
f 1502/746/1505 843/746/862 1504/746/1507
f 843/746/862 846/746/865 1504/746/1507
f 1500/746/1503 840/746/859 1502/746/1505
f 840/746/859 843/746/862 1502/746/1505
f 1499/746/1502 837/746/856 1500/746/1503
f 837/746/856 840/746/859 1500/746/1503
f 829/746/848 832/746/851 1499/746/1502
f 832/746/851 837/746/856 1499/746/1502
f 1497/746/1500 829/746/848 1499/746/1502
f 826/746/845 829/746/848 1497/746/1500
f 1495/746/1498 826/746/845 1497/746/1500
f 823/746/842 826/746/845 1495/746/1498
f 1493/746/1496 823/746/842 1495/746/1498
f 820/746/839 823/746/842 1493/746/1496
f 1491/746/1494 820/746/839 1493/746/1496
f 817/746/836 820/746/839 1491/746/1494
f 1489/746/1492 817/746/836 1491/746/1494
f 814/746/831 817/746/836 1489/746/1492
f 1488/746/1491 814/746/831 1489/746/1492
f 809/746/828 814/746/831 1488/746/1491
f 1483/746/1486 1480/746/1484 1468/746/1469
f 1468/746/1469 1480/746/1484 1509/746/1512
f 1480/746/1484 1475/746/1479 1509/746/1512
f 1468/746/1469 1509/746/1512 1510/746/1513
f 1509/746/1512 1511/746/1514 1510/746/1513
f 1475/746/1479 1472/746/1474 1509/746/1512
f 1509/746/1512 1472/746/1474 1511/746/1514
f 1468/746/1469 1510/746/1513 1511/746/1514
f 1472/746/1474 1465/746/1468 1511/746/1514
f 1511/746/1514 1465/746/1468 1468/746/1469
usemtl マテリアル.010
f 1664/1/1515 1769/2/1516 1551/3/1517
f 1560/4/1518 1774/5/1519 1568/6/1520
f 1568/6/1520 1776/7/1521 1576/8/1522
f 1776/7/1521 1584/6/1523 1576/8/1522
f 1778/9/1524 1592/4/1525 1584/6/1523
f 1592/4/1525 1782/10/1526 1600/11/1527
f 1600/11/1527 1784/12/1528 1608/3/1529
f 1784/12/1528 1616/1/1530 1608/3/1529
f 1786/13/1531 1624/14/1532 1616/1/1530
f 1624/14/1532 1790/15/1533 1632/16/1534
f 1632/16/1534 1792/17/1535 1640/18/1536
f 1792/17/1535 1648/16/1537 1640/18/1536
f 1794/19/1538 1656/14/1539 1648/16/1537
f 1656/14/1539 1798/20/1540 1664/1/1515
f 1551/3/1517 1802/21/1541 1801/22/1542
f 1769/2/1516 1552/11/1543 1551/3/1517
f 1518/23/1544 2057/24/1545 2082/25/1546
f 1559/26/1547 1997/27/1548 1567/28/1549
f 1963/29/1550 1566/30/1551 1558/31/1552
f 1931/32/1553 1565/33/1554 1557/34/1555
f 1556/35/1556 1901/36/1557 1564/37/1558
f 1555/38/1559 1869/39/1560 1563/40/1561
f 1554/41/1562 1837/42/1563 1562/43/1564
f 1803/44/1565 1561/45/1566 1553/46/1567
f 2053/47/1568 1512/48/1569 1542/49/1570
f 2025/50/1571 1516/51/1572 1514/52/1573
f 1545/53/1574 1994/54/1575 1993/55/1576
f 1961/56/1577 1557/34/1555 1962/57/1578
f 1929/58/1579 1556/35/1556 1930/59/1580
f 1548/60/1581 1898/61/1582 1897/62/1583
f 1865/63/1584 1554/41/1562 1866/64/1585
f 1550/65/1586 1834/66/1587 1833/67/1588
f 2051/68/1589 1542/49/1570 1540/69/1590
f 2021/70/1591 1671/71/1592 1663/72/1593
f 1989/73/1594 1670/74/1595 1662/75/1596
f 1661/76/1597 1959/77/1598 1669/78/1599
f 1925/79/1600 1668/80/1601 1660/81/1602
f 1893/82/1603 1667/83/1604 1659/84/1605
f 1861/85/1606 1666/86/1607 1658/87/1608
f 1657/88/1609 1831/89/1610 1665/90/1611
f 2049/91/1612 1540/69/1590 1538/92/1613
f 1655/93/1614 2021/70/1591 1663/72/1593
f 1987/94/1615 1662/75/1596 1654/95/1616
f 1955/96/1617 1661/76/1597 1653/97/1618
f 1652/98/1619 1925/79/1600 1660/81/1602
f 1651/99/1620 1893/82/1603 1659/84/1605
f 1650/100/1621 1861/85/1606 1658/87/1608
f 1827/101/1622 1657/88/1609 1649/102/1623
f 2047/103/1624 1538/92/1613 1536/104/1625
f 2017/105/1626 1655/93/1614 1647/106/1627
f 1985/107/1628 1654/95/1616 1646/108/1629
f 1953/109/1630 1653/97/1618 1645/110/1631
f 1644/111/1632 1923/112/1633 1652/98/1619
f 1889/113/1634 1651/99/1620 1643/114/1635
f 1857/115/1636 1650/100/1621 1642/116/1637
f 1825/117/1638 1649/102/1623 1641/118/1639
f 2045/91/1640 1536/104/1625 1534/92/1641
f 2015/119/1642 1647/106/1627 1639/93/1643
f 1983/94/1644 1646/108/1629 1638/95/1645
f 1637/97/1646 1953/109/1630 1645/110/1631
f 1919/112/1647 1644/111/1632 1636/98/1648
f 1635/99/1649 1889/113/1634 1643/114/1635
f 1634/100/1650 1857/115/1636 1642/116/1637
f 1823/101/1651 1641/118/1639 1633/102/1652
f 2043/68/1653 1534/92/1641 1532/69/1654
f 2013/70/1655 1639/93/1643 1631/72/1656
f 1981/73/1657 1638/95/1645 1630/75/1658
f 1629/76/1659 1951/96/1660 1637/97/1646
f 1917/79/1661 1636/98/1648 1628/81/1662
f 1885/82/1663 1635/99/1649 1627/84/1664
f 1853/85/1665 1634/100/1650 1626/87/1666
f 1625/88/1667 1823/101/1651 1633/102/1652
f 2041/47/1668 1532/69/1654 1530/49/1669
f 1623/71/1670 2013/70/1655 1631/72/1656
f 1979/120/1671 1630/75/1658 1622/74/1672
f 1947/77/1673 1629/76/1659 1621/121/1674
f 1620/80/1675 1917/79/1661 1628/81/1662
f 1619/83/1676 1885/82/1663 1627/84/1664
f 1618/86/1677 1853/85/1665 1626/87/1666
f 1819/89/1678 1625/88/1667 1617/90/1679
f 2039/122/1680 1530/49/1669 1528/48/1681
f 2009/123/1682 1623/71/1670 1615/124/1683
f 1977/125/1684 1622/74/1672 1614/53/1685
f 1945/126/1686 1621/121/1674 1613/127/1687
f 1612/128/1688 1915/129/1689 1620/80/1675
f 1881/130/1690 1619/83/1676 1611/60/1691
f 1849/131/1692 1618/86/1677 1610/132/1693
f 1817/133/1694 1617/90/1679 1609/65/1695
f 2037/50/1696 1528/48/1681 1526/52/1697
f 2007/134/1698 1615/124/1683 1607/26/1699
f 1975/29/1700 1614/53/1685 1606/31/1701
f 1605/135/1702 1945/126/1686 1613/127/1687
f 1911/136/1703 1612/128/1688 1604/35/1704
f 1603/38/1705 1881/130/1690 1611/60/1691
f 1602/41/1706 1849/131/1692 1610/132/1693
f 1815/44/1707 1609/65/1695 1601/46/1708
f 2035/137/1709 1526/52/1697 1524/51/1710
f 2005/27/1711 1607/26/1699 1599/28/1712
f 1973/138/1713 1606/31/1701 1598/30/1714
f 1597/33/1715 1943/32/1716 1605/135/1702
f 1909/36/1717 1604/35/1704 1596/37/1718
f 1877/39/1719 1603/38/1705 1595/40/1720
f 1845/42/1721 1602/41/1706 1594/43/1722
f 1593/45/1723 1815/44/1707 1601/46/1708
f 2033/139/1724 1524/51/1710 1522/23/1725
f 1591/140/1726 2005/27/1711 1599/28/1712
f 1971/141/1727 1598/30/1714 1590/142/1728
f 1939/143/1729 1597/33/1715 1589/144/1730
f 1588/145/1731 1909/36/1717 1596/37/1718
f 1587/146/1732 1877/39/1719 1595/40/1720
f 1586/147/1733 1845/42/1721 1594/43/1722
f 1811/148/1734 1593/45/1723 1585/149/1735
f 2031/150/1736 1522/23/1725 1520/151/1737
f 2001/152/1738 1591/140/1726 1583/153/1739
f 1969/154/1740 1590/142/1728 1582/155/1741
f 1937/156/1742 1589/144/1730 1581/157/1743
f 1580/158/1744 1907/159/1745 1588/145/1731
f 1873/160/1746 1587/146/1732 1579/161/1747
f 1841/162/1748 1586/147/1733 1578/163/1749
f 1809/164/1750 1585/149/1735 1577/165/1751
f 2029/139/1752 1520/151/1737 1518/23/1544
f 1999/166/1753 1583/153/1739 1575/140/1754
f 1967/141/1755 1582/155/1741 1574/142/1756
f 1573/144/1757 1937/156/1742 1581/157/1743
f 1903/159/1758 1580/158/1744 1572/145/1759
f 1571/146/1760 1873/160/1746 1579/161/1747
f 1570/147/1761 1841/162/1748 1578/163/1749
f 1807/148/1762 1577/165/1751 1569/149/1763
f 2055/167/1764 1559/26/1547 2024/168/1765
f 1997/27/1548 1575/140/1754 1567/28/1549
f 1965/138/1766 1574/142/1756 1566/30/1551
f 1565/33/1554 1935/143/1767 1573/144/1757
f 1901/36/1557 1572/145/1759 1564/37/1558
f 1869/39/1560 1571/146/1760 1563/40/1561
f 1837/42/1563 1570/147/1761 1562/43/1564
f 1561/45/1566 1807/148/1762 1569/149/1763
f 2027/137/1768 1518/23/1544 1516/51/1572
f 2023/169/1769 1544/124/1770 1671/71/1592
f 1991/120/1771 1545/53/1574 1670/74/1595
f 1669/78/1599 1928/126/1772 1546/170/1773
f 1927/129/1774 1547/128/1775 1668/80/1601
f 1895/171/1776 1548/60/1581 1667/83/1604
f 1666/86/1607 1832/131/1777 1549/132/1778
f 1831/89/1610 1550/65/1586 1665/90/1611
f 1543/172/1779 1768/173/1780 1799/174/1781
f 1680/175/1782 1702/176/1783 1681/177/1784
f 1539/178/1785 1759/179/1786 1764/180/1787
f 1701/181/1788 1677/182/1789 1676/183/1790
f 1519/184/1791 1762/185/1792 1521/186/1793
f 1699/187/1794 1673/188/1795 1672/189/1796
f 1527/190/1797 1760/191/1798 1529/192/1799
f 1697/175/1800 1702/176/1783 1703/193/1801
f 1535/178/1802 1759/179/1786 1537/194/1803
f 1695/195/1804 1700/196/1805 1701/181/1788
f 1519/184/1791 1751/197/1806 1757/198/1807
f 1693/199/1808 1685/188/1809 1684/189/1810
f 1543/172/1779 1766/191/1811 1513/192/1812
f 1691/195/1813 1698/200/1814 1699/187/1794
f 1527/190/1797 1747/197/1815 1755/201/1816
f 1697/175/1800 1688/202/1817 1696/177/1818
f 1742/203/1819 1684/189/1810 1687/187/1820
f 1695/195/1804 1686/200/1821 1694/204/1822
f 1765/205/1823 1683/206/1824 1740/207/1825
f 1693/199/1808 1682/202/1826 1692/208/1827
f 1738/209/1828 1676/183/1790 1679/181/1829
f 1691/195/1813 1678/196/1830 1690/204/1831
f 1736/210/1832 1672/189/1796 1675/199/1833
f 1675/199/1833 1688/202/1817 1689/206/1834
f 1535/178/1802 1745/211/1835 1753/180/1836
f 1687/187/1820 1685/188/1809 1686/200/1821
f 1515/190/1837 1751/197/1806 1517/212/1838
f 1683/206/1824 1681/177/1784 1682/202/1826
f 1541/213/1839 1749/214/1840 1543/172/1779
f 1679/181/1829 1677/182/1789 1678/196/1830
f 1523/184/1841 1747/197/1815 1525/212/1842
f 1675/199/1833 1673/188/1795 1674/208/1843
f 2071/215/1844 1719/216/1845 2062/217/1846
f 1719/216/1845 1735/218/1847 1734/219/1848
f 2058/220/1849 1708/221/1850 1711/222/1851
f 1711/222/1851 1733/223/1852 1732/224/1853
f 2065/225/1854 1707/226/1855 2056/227/1856
f 1730/228/1857 1706/229/1858 1731/230/1859
f 1526/52/1697 2086/231/1860 2080/232/1861
f 1728/233/1862 1735/218/1847 1729/234/1863
f 1534/92/1641 2084/235/1864 2078/236/1865
f 1726/222/1866 1733/223/1852 1727/237/1867
f 1518/23/1544 2076/238/1868 1516/51/1572
f 1730/228/1857 1725/239/1869 1724/240/1870
f 2069/241/1871 1715/219/1872 2060/242/1873
f 1715/219/1872 1723/243/1874 1722/216/1875
f 1526/52/1697 2072/238/1876 1524/51/1710
f 1720/240/1877 1729/234/1863 1721/239/1878
f 1534/92/1641 2070/244/1879 1532/69/1654
f 1726/222/1866 1717/245/1880 1716/221/1881
f 1514/52/1573 2076/238/1868 2068/232/1882
f 1724/240/1870 1713/234/1883 1712/233/1884
f 1542/49/1570 2066/244/1885 1540/69/1590
f 1722/216/1875 1709/245/1886 1708/221/1850
f 1522/23/1725 2072/238/1876 2064/25/1887
f 1704/228/1888 1721/239/1878 1705/230/1889
f 2065/225/1854 1720/240/1877 1704/228/1888
f 1719/216/1845 1717/245/1880 1718/243/1890
f 1530/49/1669 2086/231/1860 1528/48/1681
f 1712/233/1884 1714/218/1891 1715/219/1872
f 1542/49/1570 2061/231/1892 2074/246/1893
f 1711/222/1851 1709/245/1886 1710/237/1894
f 1538/92/1613 2084/235/1864 1536/104/1625
f 1704/228/1888 1706/229/1858 1707/226/1855
f 1736/210/1832 1689/206/1834 1744/207/1895
f 1746/247/1896 1679/181/1829 1691/195/1813
f 1748/210/1897 1683/206/1824 1693/199/1808
f 1742/203/1819 1695/195/1804 1750/247/1898
f 1531/172/1899 1760/191/1798 1737/214/1900
f 1523/184/1841 1762/185/1792 1739/198/1901
f 1539/178/1785 1741/211/1902 1541/213/1839
f 1515/190/1837 1766/191/1811 1743/201/1903
f 1752/205/1904 1689/206/1834 1697/175/1800
f 1754/203/1905 1691/195/1813 1699/187/1794
f 1748/210/1897 1684/189/1810 1767/248/1906
f 1750/247/1898 1701/181/1788 1756/209/1907
f 1752/205/1904 1703/193/1801 1758/249/1908
f 1754/203/1905 1672/189/1796 1761/248/1909
f 1756/209/1907 1676/183/1790 1763/250/1910
f 1765/205/1823 1703/193/1801 1680/175/1782
f 1770/251/1911 1560/4/1518 1552/11/1543
f 1541/213/1839 1799/174/1781 1797/252/1912
f 1539/178/1785 1797/252/1912 1795/253/1913
f 1537/194/1803 1795/253/1913 1793/254/1914
f 1535/178/1802 1793/254/1914 1791/253/1915
f 1533/213/1916 1791/253/1915 1789/252/1917
f 1531/172/1899 1789/252/1917 1787/174/1918
f 1529/192/1799 1787/174/1918 1785/173/1919
f 1527/190/1797 1785/173/1919 1783/255/1920
f 1525/212/1842 1783/255/1920 1781/256/1921
f 1523/184/1841 1781/256/1921 1779/257/1922
f 1521/186/1793 1779/257/1922 1777/258/1923
f 1519/184/1791 1777/258/1923 1775/257/1924
f 1517/212/1838 1775/257/1924 1773/256/1925
f 1515/190/1837 1773/256/1925 1771/255/1926
f 1513/192/1812 1771/255/1926 1768/173/1780
f 1664/1/1515 1801/22/1542 1830/259/1927
f 1552/11/1543 1804/260/1928 1802/21/1541
f 1804/260/1928 1568/6/1520 1806/261/1929
f 1568/6/1520 1808/262/1930 1806/261/1929
f 1576/8/1522 1810/261/1931 1808/262/1930
f 1584/6/1523 1812/260/1932 1810/261/1931
f 1812/260/1932 1600/11/1527 1814/21/1933
f 1600/11/1527 1816/22/1934 1814/21/1933
f 1608/3/1529 1818/259/1935 1816/22/1934
f 1616/1/1530 1820/263/1936 1818/259/1935
f 1820/263/1936 1632/16/1534 1822/264/1937
f 1632/16/1534 1824/265/1938 1822/264/1937
f 1640/18/1536 1826/264/1939 1824/265/1938
f 1648/16/1537 1828/263/1940 1826/264/1939
f 1828/263/1940 1664/1/1515 1830/259/1927
f 1800/133/1941 1553/46/1567 1550/65/1586
f 1665/90/1611 1833/67/1588 1862/266/1942
f 1553/46/1567 1836/267/1943 1834/66/1587
f 1561/45/1566 1838/268/1944 1836/267/1943
f 1569/149/1763 1840/269/1945 1838/268/1944
f 1577/165/1751 1842/268/1946 1840/269/1945
f 1585/149/1735 1844/267/1947 1842/268/1946
f 1593/45/1723 1846/66/1948 1844/267/1947
f 1601/46/1708 1848/67/1949 1846/66/1948
f 1609/65/1695 1850/266/1950 1848/67/1949
f 1617/90/1679 1852/270/1951 1850/266/1950
f 1625/88/1667 1854/271/1952 1852/270/1951
f 1633/102/1652 1856/272/1953 1854/271/1952
f 1641/118/1639 1858/271/1954 1856/272/1953
f 1649/102/1623 1860/270/1955 1858/271/1954
f 1657/88/1609 1862/266/1942 1860/270/1955
f 1832/131/1777 1554/41/1562 1549/132/1778
f 1666/86/1607 1865/63/1584 1894/273/1956
f 1866/64/1585 1562/43/1564 1868/274/1957
f 1562/43/1564 1870/275/1958 1868/274/1957
f 1570/147/1761 1872/276/1959 1870/275/1958
f 1872/276/1959 1586/147/1733 1874/275/1960
f 1874/275/1960 1594/43/1722 1876/274/1961
f 1594/43/1722 1878/64/1962 1876/274/1961
f 1602/41/1706 1880/63/1963 1878/64/1962
f 1880/63/1963 1618/86/1677 1882/273/1964
f 1882/273/1964 1626/87/1666 1884/277/1965
f 1626/87/1666 1886/278/1966 1884/277/1965
f 1634/100/1650 1888/279/1967 1886/278/1966
f 1888/279/1967 1650/100/1621 1890/278/1968
f 1890/278/1968 1658/87/1608 1892/277/1969
f 1658/87/1608 1894/273/1956 1892/277/1969
f 1864/130/1970 1555/38/1559 1548/60/1581
f 1926/280/1971 1548/60/1581 1897/62/1583
f 1555/38/1559 1900/281/1972 1898/61/1582
f 1900/281/1972 1571/146/1760 1902/282/1973
f 1902/282/1973 1579/161/1747 1904/283/1974
f 1579/161/1747 1906/282/1975 1904/283/1974
f 1587/146/1732 1908/281/1976 1906/282/1975
f 1908/281/1976 1603/38/1705 1910/61/1977
f 1910/61/1977 1611/60/1691 1912/62/1978
f 1611/60/1691 1914/280/1979 1912/62/1978
f 1619/83/1676 1916/284/1980 1914/280/1979
f 1916/284/1980 1635/99/1649 1918/285/1981
f 1918/285/1981 1643/114/1635 1920/286/1982
f 1643/114/1635 1922/285/1983 1920/286/1982
f 1651/99/1620 1924/284/1984 1922/285/1983
f 1924/284/1984 1667/83/1604 1926/280/1971
f 1547/128/1775 1899/136/1985 1556/35/1556
f 1668/80/1601 1929/58/1579 1958/287/1986
f 1556/35/1556 1932/288/1987 1930/59/1580
f 1564/37/1558 1934/289/1988 1932/288/1987
f 1572/145/1759 1936/290/1989 1934/289/1988
f 1936/290/1989 1588/145/1731 1938/289/1990
f 1588/145/1731 1940/288/1991 1938/289/1990
f 1596/37/1718 1942/59/1992 1940/288/1991
f 1604/35/1704 1944/58/1993 1942/59/1992
f 1944/58/1993 1620/80/1675 1946/287/1994
f 1620/80/1675 1948/291/1995 1946/287/1994
f 1628/81/1662 1950/292/1996 1948/291/1995
f 1636/98/1648 1952/293/1997 1950/292/1996
f 1952/293/1997 1652/98/1619 1954/292/1998
f 1652/98/1619 1956/291/1999 1954/292/1998
f 1660/81/1602 1958/287/1986 1956/291/1999
f 1928/126/1772 1557/34/1555 1546/170/1773
f 1669/78/1599 1961/56/1577 1990/294/2000
f 1557/34/1555 1964/295/2001 1962/57/1578
f 1964/295/2001 1573/144/1757 1966/296/2002
f 1573/144/1757 1968/297/2003 1966/296/2002
f 1968/297/2003 1589/144/1730 1970/296/2004
f 1589/144/1730 1972/295/2005 1970/296/2004
f 1972/295/2005 1605/135/1702 1974/57/2006
f 1605/135/1702 1976/56/2007 1974/57/2006
f 1976/56/2007 1621/121/1674 1978/294/2008
f 1621/121/1674 1980/298/2009 1978/294/2008
f 1980/298/2009 1637/97/1646 1982/299/2010
f 1637/97/1646 1984/300/2011 1982/299/2010
f 1984/300/2011 1653/97/1618 1986/299/2012
f 1653/97/1618 1988/298/2013 1986/299/2012
f 1988/298/2013 1669/78/1599 1990/294/2000
f 1960/301/2014 1558/31/1552 1545/53/1574
f 1670/74/1595 1993/55/1576 2022/302/2015
f 1994/54/1575 1566/30/1551 1996/303/2016
f 1566/30/1551 1998/304/2017 1996/303/2016
f 1574/142/1756 2000/305/2018 1998/304/2017
f 1582/155/1741 2002/304/2019 2000/305/2018
f 2002/304/2019 1598/30/1714 2004/303/2020
f 1598/30/1714 2006/54/2021 2004/303/2020
f 1606/31/1701 2008/55/2022 2006/54/2021
f 1614/53/1685 2010/302/2023 2008/55/2022
f 2010/302/2023 1630/75/1658 2012/306/2024
f 1630/75/1658 2014/307/2025 2012/306/2024
f 1638/95/1645 2016/308/2026 2014/307/2025
f 1646/108/1629 2018/307/2027 2016/308/2026
f 2018/307/2027 1662/75/1596 2020/306/2028
f 1662/75/1596 2022/302/2015 2020/306/2028
f 1992/123/2029 1559/26/1547 1544/124/1770
f 2024/168/1765 1567/28/1549 2026/309/2030
f 2054/122/2031 1514/52/1573 1512/48/1569
f 1567/28/1549 2028/310/2032 2026/309/2030
f 1575/140/1754 2030/311/2033 2028/310/2032
f 2030/311/2033 1591/140/1726 2032/310/2034
f 2032/310/2034 1599/28/1712 2034/309/2035
f 1599/28/1712 2036/168/2036 2034/309/2035
f 1607/26/1699 2038/167/2037 2036/168/2036
f 2038/167/2037 1623/71/1670 2040/312/2038
f 2040/312/2038 1631/72/1656 2042/313/2039
f 1631/72/1656 2044/314/2040 2042/313/2039
f 1639/93/1643 2046/315/2041 2044/314/2040
f 2046/315/2041 1655/93/1614 2048/314/2042
f 2048/314/2042 1663/72/1593 2050/313/2043
f 1663/72/1593 2052/312/2044 2050/313/2043
f 1671/71/1592 2055/167/1764 2052/312/2044
f 2083/225/2045 1707/226/1855 1730/228/1857
f 2058/220/1849 1732/224/1853 2085/316/2046
f 2075/217/2047 1715/219/1872 1722/216/1875
f 2062/217/1846 1734/219/1848 2087/242/2048
f 2075/217/2047 1708/221/1850 2067/215/2049
f 2069/241/1871 1724/240/1870 1712/233/1884
f 2079/220/2050 1716/221/1881 2071/215/1844
f 2081/241/2051 1720/240/1877 2073/317/2052
f 2083/225/2045 1724/240/1870 2077/317/2053
f 1514/52/1573 2061/231/1892 1512/48/1569
f 2079/220/2050 1732/224/1853 1726/222/1866
f 2081/241/2051 1734/219/1848 1728/233/1862
f 1522/23/1725 2057/24/1545 1520/151/1737
f 1538/92/1613 2066/244/1885 2059/236/2054
f 1530/49/1669 2070/244/1879 2063/246/2055
f 1736/210/1832 1760/191/1798 1761/248/1909
f 1738/209/1828 1762/185/1792 1763/250/1910
f 1740/207/1825 1764/180/1787 1765/205/1823
f 1767/248/1906 1743/201/1903 1766/191/1811
f 1744/207/1895 1737/214/1900 1736/210/1832
f 1746/247/1896 1739/198/1901 1738/209/1828
f 1740/207/1825 1749/214/1840 1741/211/1902
f 1750/247/1898 1743/201/1903 1742/203/1819
f 1744/207/1895 1753/180/1836 1745/211/1835
f 1746/247/1896 1755/201/1816 1747/197/1815
f 1767/248/1906 1749/214/1840 1748/210/1897
f 1750/247/1898 1757/198/1807 1751/197/1806
f 1758/249/1908 1753/180/1836 1752/205/1904
f 1761/248/1909 1755/201/1816 1754/203/1905
f 1763/250/1910 1757/198/1807 1756/209/1907
f 1765/205/1823 1759/179/1786 1758/249/1908
f 1768/173/1780 1798/20/1540 1799/174/1781
f 1797/252/1912 1798/20/1540 1796/318/2056
f 1797/252/1912 1794/19/1538 1795/253/1913
f 1795/253/1913 1792/17/1535 1793/254/1914
f 1793/254/1914 1790/15/1533 1791/253/1915
f 1789/252/1917 1790/15/1533 1788/319/2057
f 1789/252/1917 1786/13/1531 1787/174/1918
f 1787/174/1918 1784/12/1528 1785/173/1919
f 1785/173/1919 1782/10/1526 1783/255/1920
f 1781/256/1921 1782/10/1526 1780/320/2058
f 1781/256/1921 1778/9/1524 1779/257/1922
f 1779/257/1922 1776/7/1521 1777/258/1923
f 1777/258/1923 1774/5/1519 1775/257/1924
f 1773/256/1925 1774/5/1519 1772/321/2059
f 1773/256/1925 1770/251/1911 1771/255/1926
f 1771/255/1926 1769/2/1516 1768/173/1780
f 1801/22/1542 1803/44/1565 1800/133/1941
f 1802/21/1541 1805/322/2060 1803/44/1565
f 1806/261/1929 1805/322/2060 1804/260/1928
f 1808/262/1930 1807/148/1762 1806/261/1929
f 1808/262/1930 1811/148/1734 1809/164/1750
f 1810/261/1931 1813/322/2061 1811/148/1734
f 1814/21/1933 1813/322/2061 1812/260/1932
f 1816/22/1934 1815/44/1707 1814/21/1933
f 1816/22/1934 1819/89/1678 1817/133/1694
f 1818/259/1935 1821/323/2062 1819/89/1678
f 1822/264/1937 1821/323/2062 1820/263/1936
f 1824/265/1938 1823/101/1651 1822/264/1937
f 1824/265/1938 1827/101/1622 1825/117/1638
f 1826/264/1939 1829/323/2063 1827/101/1622
f 1830/259/1927 1829/323/2063 1828/263/1940
f 1801/22/1542 1831/89/1610 1830/259/1927
f 1834/66/1587 1832/131/1777 1833/67/1588
f 1836/267/1943 1835/324/2064 1834/66/1587
f 1838/268/1944 1837/42/1563 1836/267/1943
f 1838/268/1944 1841/162/1748 1839/325/2065
f 1842/268/1946 1841/162/1748 1840/269/1945
f 1844/267/1947 1843/325/2066 1842/268/1946
f 1846/66/1948 1845/42/1721 1844/267/1947
f 1846/66/1948 1849/131/1692 1847/324/2067
f 1850/266/1950 1849/131/1692 1848/67/1949
f 1852/270/1951 1851/326/2068 1850/266/1950
f 1854/271/1952 1853/85/1665 1852/270/1951
f 1854/271/1952 1857/115/1636 1855/327/2069
f 1858/271/1954 1857/115/1636 1856/272/1953
f 1860/270/1955 1859/327/2070 1858/271/1954
f 1862/266/1942 1861/85/1606 1860/270/1955
f 1862/266/1942 1832/131/1777 1863/326/2071
f 1865/63/1584 1867/328/2072 1864/130/1970
f 1866/64/1585 1869/39/1560 1867/328/2072
f 1870/275/1958 1869/39/1560 1868/274/1957
f 1872/276/1959 1871/329/2073 1870/275/1958
f 1872/276/1959 1875/329/2074 1873/160/1746
f 1874/275/1960 1877/39/1719 1875/329/2074
f 1878/64/1962 1877/39/1719 1876/274/1961
f 1880/63/1963 1879/328/2075 1878/64/1962
f 1880/63/1963 1883/171/2076 1881/130/1690
f 1882/273/1964 1885/82/1663 1883/171/2076
f 1886/278/1966 1885/82/1663 1884/277/1965
f 1888/279/1967 1887/330/2077 1886/278/1966
f 1888/279/1967 1891/330/2078 1889/113/1634
f 1890/278/1968 1893/82/1603 1891/330/2078
f 1894/273/1956 1893/82/1603 1892/277/1969
f 1865/63/1584 1895/171/1776 1894/273/1956
f 1898/61/1582 1896/331/2079 1897/62/1583
f 1900/281/1972 1899/136/1985 1898/61/1582
f 1902/282/1973 1901/36/1557 1900/281/1972
f 1904/283/1974 1903/159/1758 1902/282/1973
f 1906/282/1975 1905/332/2080 1904/283/1974
f 1908/281/1976 1907/159/1745 1906/282/1975
f 1910/61/1977 1909/36/1717 1908/281/1976
f 1912/62/1978 1911/136/1703 1910/61/1977
f 1914/280/1979 1913/331/2081 1912/62/1978
f 1916/284/1980 1915/129/1689 1914/280/1979
f 1918/285/1981 1917/79/1661 1916/284/1980
f 1920/286/1982 1919/112/1647 1918/285/1981
f 1922/285/1983 1921/333/2082 1920/286/1982
f 1924/284/1984 1923/112/1633 1922/285/1983
f 1926/280/1971 1925/79/1600 1924/284/1984
f 1897/62/1583 1927/129/1774 1926/280/1971
f 1930/59/1580 1928/126/1772 1929/58/1579
f 1932/288/1987 1931/32/1553 1930/59/1580
f 1932/288/1987 1935/143/1767 1933/334/2083
f 1934/289/1988 1937/156/1742 1935/143/1767
f 1938/289/1990 1937/156/1742 1936/290/1989
f 1940/288/1991 1939/143/1729 1938/289/1990
f 1940/288/1991 1943/32/1716 1941/334/2084
f 1942/59/1992 1945/126/1686 1943/32/1716
f 1946/287/1994 1945/126/1686 1944/58/1993
f 1948/291/1995 1947/77/1673 1946/287/1994
f 1948/291/1995 1951/96/1660 1949/335/2085
f 1950/292/1996 1953/109/1630 1951/96/1660
f 1954/292/1998 1953/109/1630 1952/293/1997
f 1956/291/1999 1955/96/1617 1954/292/1998
f 1956/291/1999 1959/77/1598 1957/335/2086
f 1958/287/1986 1928/126/1772 1959/77/1598
f 1961/56/1577 1963/29/1550 1960/301/2014
f 1964/295/2001 1963/29/1550 1962/57/1578
f 1966/296/2002 1965/138/1766 1964/295/2001
f 1968/297/2003 1967/141/1755 1966/296/2002
f 1968/297/2003 1971/141/1727 1969/154/1740
f 1972/295/2005 1971/141/1727 1970/296/2004
f 1974/57/2006 1973/138/1713 1972/295/2005
f 1976/56/2007 1975/29/1700 1974/57/2006
f 1976/56/2007 1979/120/1671 1977/125/1684
f 1980/298/2009 1979/120/1671 1978/294/2008
f 1982/299/2010 1981/73/1657 1980/298/2009
f 1984/300/2011 1983/94/1644 1982/299/2010
f 1984/300/2011 1987/94/1615 1985/107/1628
f 1988/298/2013 1987/94/1615 1986/299/2012
f 1990/294/2000 1989/73/1594 1988/298/2013
f 1961/56/1577 1991/120/1771 1990/294/2000
f 1994/54/1575 1992/123/2029 1993/55/1576
f 1996/303/2016 1995/134/2087 1994/54/1575
f 1996/303/2016 1999/166/1753 1997/27/1548
f 1998/304/2017 2001/152/1738 1999/166/1753
f 2002/304/2019 2001/152/1738 2000/305/2018
f 2004/303/2020 2003/166/2088 2002/304/2019
f 2004/303/2020 2007/134/1698 2005/27/1711
f 2006/54/2021 2009/123/1682 2007/134/1698
f 2010/302/2023 2009/123/1682 2008/55/2022
f 2012/306/2024 2011/169/2089 2010/302/2023
f 2012/306/2024 2015/119/1642 2013/70/1655
f 2014/307/2025 2017/105/1626 2015/119/1642
f 2018/307/2027 2017/105/1626 2016/308/2026
f 2020/306/2028 2019/119/2090 2018/307/2027
f 2020/306/2028 2023/169/1769 2021/70/1591
f 2022/302/2015 1992/123/2029 2023/169/1769
f 2024/168/1765 2054/122/2031 2055/167/1764
f 2024/168/1765 2027/137/1768 2025/50/1571
f 2028/310/2032 2027/137/1768 2026/309/2030
f 2030/311/2033 2029/139/1752 2028/310/2032
f 2032/310/2034 2031/150/1736 2030/311/2033
f 2032/310/2034 2035/137/1709 2033/139/1724
f 2036/168/2036 2035/137/1709 2034/309/2035
f 2038/167/2037 2037/50/1696 2036/168/2036
f 2040/312/2038 2039/122/1680 2038/167/2037
f 2040/312/2038 2043/68/1653 2041/47/1668
f 2044/314/2040 2043/68/1653 2042/313/2039
f 2046/315/2041 2045/91/1640 2044/314/2040
f 2048/314/2042 2047/103/1624 2046/315/2041
f 2048/314/2042 2051/68/1589 2049/91/1612
f 2052/312/2044 2051/68/1589 2050/313/2043
f 2055/167/1764 2053/47/1568 2052/312/2044
f 2056/227/1856 2064/25/1887 2065/225/1854
f 2067/215/2049 2059/236/2054 2066/244/1885
f 2060/242/1873 2068/232/1882 2069/241/1871
f 2071/215/1844 2063/246/2055 2070/244/1879
f 2073/317/2052 2064/25/1887 2072/238/1876
f 2067/215/2049 2074/246/1893 2075/217/2047
f 2077/317/2053 2068/232/1882 2076/238/1868
f 2071/215/1844 2078/236/1865 2079/220/2050
f 2073/317/2052 2080/232/1861 2081/241/2051
f 2075/217/2047 2061/231/1892 2060/242/1873
f 2077/317/2053 2082/25/1546 2083/225/2045
f 2079/220/2050 2084/235/1864 2085/316/2046
f 2087/242/2048 2080/232/1861 2086/231/1860
f 2083/225/2045 2057/24/1545 2056/227/1856
f 2085/316/2046 2059/236/2054 2058/220/1849
f 2087/242/2048 2063/246/2055 2062/217/1846
f 1533/213/1916 1737/214/1900 1745/211/1835
f 1664/1/1515 1798/20/1540 1769/2/1516
f 1560/4/1518 1772/321/2059 1774/5/1519
f 1568/6/1520 1774/5/1519 1776/7/1521
f 1776/7/1521 1778/9/1524 1584/6/1523
f 1778/9/1524 1780/320/2058 1592/4/1525
f 1592/4/1525 1780/320/2058 1782/10/1526
f 1600/11/1527 1782/10/1526 1784/12/1528
f 1784/12/1528 1786/13/1531 1616/1/1530
f 1786/13/1531 1788/319/2057 1624/14/1532
f 1624/14/1532 1788/319/2057 1790/15/1533
f 1632/16/1534 1790/15/1533 1792/17/1535
f 1792/17/1535 1794/19/1538 1648/16/1537
f 1794/19/1538 1796/318/2056 1656/14/1539
f 1656/14/1539 1796/318/2056 1798/20/1540
f 1551/3/1517 1552/11/1543 1802/21/1541
f 1769/2/1516 1770/251/1911 1552/11/1543
f 1518/23/1544 1520/151/1737 2057/24/1545
f 1559/26/1547 1995/134/2087 1997/27/1548
f 1963/29/1550 1965/138/1766 1566/30/1551
f 1931/32/1553 1933/334/2083 1565/33/1554
f 1556/35/1556 1899/136/1985 1901/36/1557
f 1555/38/1559 1867/328/2072 1869/39/1560
f 1554/41/1562 1835/324/2064 1837/42/1563
f 1803/44/1565 1805/322/2060 1561/45/1566
f 2053/47/1568 2054/122/2031 1512/48/1569
f 2025/50/1571 2027/137/1768 1516/51/1572
f 1545/53/1574 1558/31/1552 1994/54/1575
f 1961/56/1577 1546/170/1773 1557/34/1555
f 1929/58/1579 1547/128/1775 1556/35/1556
f 1548/60/1581 1555/38/1559 1898/61/1582
f 1865/63/1584 1549/132/1778 1554/41/1562
f 1550/65/1586 1553/46/1567 1834/66/1587
f 2051/68/1589 2053/47/1568 1542/49/1570
f 2021/70/1591 2023/169/1769 1671/71/1592
f 1989/73/1594 1991/120/1771 1670/74/1595
f 1661/76/1597 1957/335/2086 1959/77/1598
f 1925/79/1600 1927/129/1774 1668/80/1601
f 1893/82/1603 1895/171/1776 1667/83/1604
f 1861/85/1606 1863/326/2071 1666/86/1607
f 1657/88/1609 1829/323/2063 1831/89/1610
f 2049/91/1612 2051/68/1589 1540/69/1590
f 1655/93/1614 2019/119/2090 2021/70/1591
f 1987/94/1615 1989/73/1594 1662/75/1596
f 1955/96/1617 1957/335/2086 1661/76/1597
f 1652/98/1619 1923/112/1633 1925/79/1600
f 1651/99/1620 1891/330/2078 1893/82/1603
f 1650/100/1621 1859/327/2070 1861/85/1606
f 1827/101/1622 1829/323/2063 1657/88/1609
f 2047/103/1624 2049/91/1612 1538/92/1613
f 2017/105/1626 2019/119/2090 1655/93/1614
f 1985/107/1628 1987/94/1615 1654/95/1616
f 1953/109/1630 1955/96/1617 1653/97/1618
f 1644/111/1632 1921/333/2082 1923/112/1633
f 1889/113/1634 1891/330/2078 1651/99/1620
f 1857/115/1636 1859/327/2070 1650/100/1621
f 1825/117/1638 1827/101/1622 1649/102/1623
f 2045/91/1640 2047/103/1624 1536/104/1625
f 2015/119/1642 2017/105/1626 1647/106/1627
f 1983/94/1644 1985/107/1628 1646/108/1629
f 1637/97/1646 1951/96/1660 1953/109/1630
f 1919/112/1647 1921/333/2082 1644/111/1632
f 1635/99/1649 1887/330/2077 1889/113/1634
f 1634/100/1650 1855/327/2069 1857/115/1636
f 1823/101/1651 1825/117/1638 1641/118/1639
f 2043/68/1653 2045/91/1640 1534/92/1641
f 2013/70/1655 2015/119/1642 1639/93/1643
f 1981/73/1657 1983/94/1644 1638/95/1645
f 1629/76/1659 1949/335/2085 1951/96/1660
f 1917/79/1661 1919/112/1647 1636/98/1648
f 1885/82/1663 1887/330/2077 1635/99/1649
f 1853/85/1665 1855/327/2069 1634/100/1650
f 1625/88/1667 1821/323/2062 1823/101/1651
f 2041/47/1668 2043/68/1653 1532/69/1654
f 1623/71/1670 2011/169/2089 2013/70/1655
f 1979/120/1671 1981/73/1657 1630/75/1658
f 1947/77/1673 1949/335/2085 1629/76/1659
f 1620/80/1675 1915/129/1689 1917/79/1661
f 1619/83/1676 1883/171/2076 1885/82/1663
f 1618/86/1677 1851/326/2068 1853/85/1665
f 1819/89/1678 1821/323/2062 1625/88/1667
f 2039/122/1680 2041/47/1668 1530/49/1669
f 2009/123/1682 2011/169/2089 1623/71/1670
f 1977/125/1684 1979/120/1671 1622/74/1672
f 1945/126/1686 1947/77/1673 1621/121/1674
f 1612/128/1688 1913/331/2081 1915/129/1689
f 1881/130/1690 1883/171/2076 1619/83/1676
f 1849/131/1692 1851/326/2068 1618/86/1677
f 1817/133/1694 1819/89/1678 1617/90/1679
f 2037/50/1696 2039/122/1680 1528/48/1681
f 2007/134/1698 2009/123/1682 1615/124/1683
f 1975/29/1700 1977/125/1684 1614/53/1685
f 1605/135/1702 1943/32/1716 1945/126/1686
f 1911/136/1703 1913/331/2081 1612/128/1688
f 1603/38/1705 1879/328/2075 1881/130/1690
f 1602/41/1706 1847/324/2067 1849/131/1692
f 1815/44/1707 1817/133/1694 1609/65/1695
f 2035/137/1709 2037/50/1696 1526/52/1697
f 2005/27/1711 2007/134/1698 1607/26/1699
f 1973/138/1713 1975/29/1700 1606/31/1701
f 1597/33/1715 1941/334/2084 1943/32/1716
f 1909/36/1717 1911/136/1703 1604/35/1704
f 1877/39/1719 1879/328/2075 1603/38/1705
f 1845/42/1721 1847/324/2067 1602/41/1706
f 1593/45/1723 1813/322/2061 1815/44/1707
f 2033/139/1724 2035/137/1709 1524/51/1710
f 1591/140/1726 2003/166/2088 2005/27/1711
f 1971/141/1727 1973/138/1713 1598/30/1714
f 1939/143/1729 1941/334/2084 1597/33/1715
f 1588/145/1731 1907/159/1745 1909/36/1717
f 1587/146/1732 1875/329/2074 1877/39/1719
f 1586/147/1733 1843/325/2066 1845/42/1721
f 1811/148/1734 1813/322/2061 1593/45/1723
f 2031/150/1736 2033/139/1724 1522/23/1725
f 2001/152/1738 2003/166/2088 1591/140/1726
f 1969/154/1740 1971/141/1727 1590/142/1728
f 1937/156/1742 1939/143/1729 1589/144/1730
f 1580/158/1744 1905/332/2080 1907/159/1745
f 1873/160/1746 1875/329/2074 1587/146/1732
f 1841/162/1748 1843/325/2066 1586/147/1733
f 1809/164/1750 1811/148/1734 1585/149/1735
f 2029/139/1752 2031/150/1736 1520/151/1737
f 1999/166/1753 2001/152/1738 1583/153/1739
f 1967/141/1755 1969/154/1740 1582/155/1741
f 1573/144/1757 1935/143/1767 1937/156/1742
f 1903/159/1758 1905/332/2080 1580/158/1744
f 1571/146/1760 1871/329/2073 1873/160/1746
f 1570/147/1761 1839/325/2065 1841/162/1748
f 1807/148/1762 1809/164/1750 1577/165/1751
f 2055/167/1764 1544/124/1770 1559/26/1547
f 1997/27/1548 1999/166/1753 1575/140/1754
f 1965/138/1766 1967/141/1755 1574/142/1756
f 1565/33/1554 1933/334/2083 1935/143/1767
f 1901/36/1557 1903/159/1758 1572/145/1759
f 1869/39/1560 1871/329/2073 1571/146/1760
f 1837/42/1563 1839/325/2065 1570/147/1761
f 1561/45/1566 1805/322/2060 1807/148/1762
f 2027/137/1768 2029/139/1752 1518/23/1544
f 2023/169/1769 1992/123/2029 1544/124/1770
f 1991/120/1771 1960/301/2014 1545/53/1574
f 1669/78/1599 1959/77/1598 1928/126/1772
f 1927/129/1774 1896/331/2079 1547/128/1775
f 1895/171/1776 1864/130/1970 1548/60/1581
f 1666/86/1607 1863/326/2071 1832/131/1777
f 1831/89/1610 1800/133/1941 1550/65/1586
f 1543/172/1779 1513/192/1812 1768/173/1780
f 1680/175/1782 1703/193/1801 1702/176/1783
f 1539/178/1785 1537/194/1803 1759/179/1786
f 1701/181/1788 1700/196/1805 1677/182/1789
f 1519/184/1791 1757/198/1807 1762/185/1792
f 1699/187/1794 1698/200/1814 1673/188/1795
f 1527/190/1797 1755/201/1816 1760/191/1798
f 1697/175/1800 1696/177/1818 1702/176/1783
f 1535/178/1802 1753/180/1836 1759/179/1786
f 1695/195/1804 1694/204/1822 1700/196/1805
f 1519/184/1791 1517/212/1838 1751/197/1806
f 1693/199/1808 1692/208/1827 1685/188/1809
f 1543/172/1779 1749/214/1840 1766/191/1811
f 1691/195/1813 1690/204/1831 1698/200/1814
f 1527/190/1797 1525/212/1842 1747/197/1815
f 1697/175/1800 1689/206/1834 1688/202/1817
f 1742/203/1819 1767/248/1906 1684/189/1810
f 1695/195/1804 1687/187/1820 1686/200/1821
f 1765/205/1823 1680/175/1782 1683/206/1824
f 1693/199/1808 1683/206/1824 1682/202/1826
f 1738/209/1828 1763/250/1910 1676/183/1790
f 1691/195/1813 1679/181/1829 1678/196/1830
f 1736/210/1832 1761/248/1909 1672/189/1796
f 1675/199/1833 1674/208/1843 1688/202/1817
f 1535/178/1802 1533/213/1916 1745/211/1835
f 1687/187/1820 1684/189/1810 1685/188/1809
f 1515/190/1837 1743/201/1903 1751/197/1806
f 1683/206/1824 1680/175/1782 1681/177/1784
f 1541/213/1839 1741/211/1902 1749/214/1840
f 1679/181/1829 1676/183/1790 1677/182/1789
f 1523/184/1841 1739/198/1901 1747/197/1815
f 1675/199/1833 1672/189/1796 1673/188/1795
f 2071/215/1844 1716/221/1881 1719/216/1845
f 1719/216/1845 1718/243/1890 1735/218/1847
f 2058/220/1849 2067/215/2049 1708/221/1850
f 1711/222/1851 1710/237/1894 1733/223/1852
f 2065/225/1854 1704/228/1888 1707/226/1855
f 1730/228/1857 1707/226/1855 1706/229/1858
f 1526/52/1697 1528/48/1681 2086/231/1860
f 1728/233/1862 1734/219/1848 1735/218/1847
f 1534/92/1641 1536/104/1625 2084/235/1864
f 1726/222/1866 1732/224/1853 1733/223/1852
f 1518/23/1544 2082/25/1546 2076/238/1868
f 1730/228/1857 1731/230/1859 1725/239/1869
f 2069/241/1871 1712/233/1884 1715/219/1872
f 1715/219/1872 1714/218/1891 1723/243/1874
f 1526/52/1697 2080/232/1861 2072/238/1876
f 1720/240/1877 1728/233/1862 1729/234/1863
f 1534/92/1641 2078/236/1865 2070/244/1879
f 1726/222/1866 1727/237/1867 1717/245/1880
f 1514/52/1573 1516/51/1572 2076/238/1868
f 1724/240/1870 1725/239/1869 1713/234/1883
f 1542/49/1570 2074/246/1893 2066/244/1885
f 1722/216/1875 1723/243/1874 1709/245/1886
f 1522/23/1725 1524/51/1710 2072/238/1876
f 1704/228/1888 1720/240/1877 1721/239/1878
f 2065/225/1854 2073/317/2052 1720/240/1877
f 1719/216/1845 1716/221/1881 1717/245/1880
f 1530/49/1669 2063/246/2055 2086/231/1860
f 1712/233/1884 1713/234/1883 1714/218/1891
f 1542/49/1570 1512/48/1569 2061/231/1892
f 1711/222/1851 1708/221/1850 1709/245/1886
f 1538/92/1613 2059/236/2054 2084/235/1864
f 1704/228/1888 1705/230/1889 1706/229/1858
f 1736/210/1832 1675/199/1833 1689/206/1834
f 1746/247/1896 1738/209/1828 1679/181/1829
f 1748/210/1897 1740/207/1825 1683/206/1824
f 1742/203/1819 1687/187/1820 1695/195/1804
f 1531/172/1899 1529/192/1799 1760/191/1798
f 1523/184/1841 1521/186/1793 1762/185/1792
f 1539/178/1785 1764/180/1787 1741/211/1902
f 1515/190/1837 1513/192/1812 1766/191/1811
f 1752/205/1904 1744/207/1895 1689/206/1834
f 1754/203/1905 1746/247/1896 1691/195/1813
f 1748/210/1897 1693/199/1808 1684/189/1810
f 1750/247/1898 1695/195/1804 1701/181/1788
f 1752/205/1904 1697/175/1800 1703/193/1801
f 1754/203/1905 1699/187/1794 1672/189/1796
f 1756/209/1907 1701/181/1788 1676/183/1790
f 1765/205/1823 1758/249/1908 1703/193/1801
f 1770/251/1911 1772/321/2059 1560/4/1518
f 1541/213/1839 1543/172/1779 1799/174/1781
f 1539/178/1785 1541/213/1839 1797/252/1912
f 1537/194/1803 1539/178/1785 1795/253/1913
f 1535/178/1802 1537/194/1803 1793/254/1914
f 1533/213/1916 1535/178/1802 1791/253/1915
f 1531/172/1899 1533/213/1916 1789/252/1917
f 1529/192/1799 1531/172/1899 1787/174/1918
f 1527/190/1797 1529/192/1799 1785/173/1919
f 1525/212/1842 1527/190/1797 1783/255/1920
f 1523/184/1841 1525/212/1842 1781/256/1921
f 1521/186/1793 1523/184/1841 1779/257/1922
f 1519/184/1791 1521/186/1793 1777/258/1923
f 1517/212/1838 1519/184/1791 1775/257/1924
f 1515/190/1837 1517/212/1838 1773/256/1925
f 1513/192/1812 1515/190/1837 1771/255/1926
f 1664/1/1515 1551/3/1517 1801/22/1542
f 1552/11/1543 1560/4/1518 1804/260/1928
f 1804/260/1928 1560/4/1518 1568/6/1520
f 1568/6/1520 1576/8/1522 1808/262/1930
f 1576/8/1522 1584/6/1523 1810/261/1931
f 1584/6/1523 1592/4/1525 1812/260/1932
f 1812/260/1932 1592/4/1525 1600/11/1527
f 1600/11/1527 1608/3/1529 1816/22/1934
f 1608/3/1529 1616/1/1530 1818/259/1935
f 1616/1/1530 1624/14/1532 1820/263/1936
f 1820/263/1936 1624/14/1532 1632/16/1534
f 1632/16/1534 1640/18/1536 1824/265/1938
f 1640/18/1536 1648/16/1537 1826/264/1939
f 1648/16/1537 1656/14/1539 1828/263/1940
f 1828/263/1940 1656/14/1539 1664/1/1515
f 1800/133/1941 1803/44/1565 1553/46/1567
f 1665/90/1611 1550/65/1586 1833/67/1588
f 1553/46/1567 1561/45/1566 1836/267/1943
f 1561/45/1566 1569/149/1763 1838/268/1944
f 1569/149/1763 1577/165/1751 1840/269/1945
f 1577/165/1751 1585/149/1735 1842/268/1946
f 1585/149/1735 1593/45/1723 1844/267/1947
f 1593/45/1723 1601/46/1708 1846/66/1948
f 1601/46/1708 1609/65/1695 1848/67/1949
f 1609/65/1695 1617/90/1679 1850/266/1950
f 1617/90/1679 1625/88/1667 1852/270/1951
f 1625/88/1667 1633/102/1652 1854/271/1952
f 1633/102/1652 1641/118/1639 1856/272/1953
f 1641/118/1639 1649/102/1623 1858/271/1954
f 1649/102/1623 1657/88/1609 1860/270/1955
f 1657/88/1609 1665/90/1611 1862/266/1942
f 1832/131/1777 1835/324/2064 1554/41/1562
f 1666/86/1607 1549/132/1778 1865/63/1584
f 1866/64/1585 1554/41/1562 1562/43/1564
f 1562/43/1564 1570/147/1761 1870/275/1958
f 1570/147/1761 1578/163/1749 1872/276/1959
f 1872/276/1959 1578/163/1749 1586/147/1733
f 1874/275/1960 1586/147/1733 1594/43/1722
f 1594/43/1722 1602/41/1706 1878/64/1962
f 1602/41/1706 1610/132/1693 1880/63/1963
f 1880/63/1963 1610/132/1693 1618/86/1677
f 1882/273/1964 1618/86/1677 1626/87/1666
f 1626/87/1666 1634/100/1650 1886/278/1966
f 1634/100/1650 1642/116/1637 1888/279/1967
f 1888/279/1967 1642/116/1637 1650/100/1621
f 1890/278/1968 1650/100/1621 1658/87/1608
f 1658/87/1608 1666/86/1607 1894/273/1956
f 1864/130/1970 1867/328/2072 1555/38/1559
f 1926/280/1971 1667/83/1604 1548/60/1581
f 1555/38/1559 1563/40/1561 1900/281/1972
f 1900/281/1972 1563/40/1561 1571/146/1760
f 1902/282/1973 1571/146/1760 1579/161/1747
f 1579/161/1747 1587/146/1732 1906/282/1975
f 1587/146/1732 1595/40/1720 1908/281/1976
f 1908/281/1976 1595/40/1720 1603/38/1705
f 1910/61/1977 1603/38/1705 1611/60/1691
f 1611/60/1691 1619/83/1676 1914/280/1979
f 1619/83/1676 1627/84/1664 1916/284/1980
f 1916/284/1980 1627/84/1664 1635/99/1649
f 1918/285/1981 1635/99/1649 1643/114/1635
f 1643/114/1635 1651/99/1620 1922/285/1983
f 1651/99/1620 1659/84/1605 1924/284/1984
f 1924/284/1984 1659/84/1605 1667/83/1604
f 1547/128/1775 1896/331/2079 1899/136/1985
f 1668/80/1601 1547/128/1775 1929/58/1579
f 1556/35/1556 1564/37/1558 1932/288/1987
f 1564/37/1558 1572/145/1759 1934/289/1988
f 1572/145/1759 1580/158/1744 1936/290/1989
f 1936/290/1989 1580/158/1744 1588/145/1731
f 1588/145/1731 1596/37/1718 1940/288/1991
f 1596/37/1718 1604/35/1704 1942/59/1992
f 1604/35/1704 1612/128/1688 1944/58/1993
f 1944/58/1993 1612/128/1688 1620/80/1675
f 1620/80/1675 1628/81/1662 1948/291/1995
f 1628/81/1662 1636/98/1648 1950/292/1996
f 1636/98/1648 1644/111/1632 1952/293/1997
f 1952/293/1997 1644/111/1632 1652/98/1619
f 1652/98/1619 1660/81/1602 1956/291/1999
f 1660/81/1602 1668/80/1601 1958/287/1986
f 1928/126/1772 1931/32/1553 1557/34/1555
f 1669/78/1599 1546/170/1773 1961/56/1577
f 1557/34/1555 1565/33/1554 1964/295/2001
f 1964/295/2001 1565/33/1554 1573/144/1757
f 1573/144/1757 1581/157/1743 1968/297/2003
f 1968/297/2003 1581/157/1743 1589/144/1730
f 1589/144/1730 1597/33/1715 1972/295/2005
f 1972/295/2005 1597/33/1715 1605/135/1702
f 1605/135/1702 1613/127/1687 1976/56/2007
f 1976/56/2007 1613/127/1687 1621/121/1674
f 1621/121/1674 1629/76/1659 1980/298/2009
f 1980/298/2009 1629/76/1659 1637/97/1646
f 1637/97/1646 1645/110/1631 1984/300/2011
f 1984/300/2011 1645/110/1631 1653/97/1618
f 1653/97/1618 1661/76/1597 1988/298/2013
f 1988/298/2013 1661/76/1597 1669/78/1599
f 1960/301/2014 1963/29/1550 1558/31/1552
f 1670/74/1595 1545/53/1574 1993/55/1576
f 1994/54/1575 1558/31/1552 1566/30/1551
f 1566/30/1551 1574/142/1756 1998/304/2017
f 1574/142/1756 1582/155/1741 2000/305/2018
f 1582/155/1741 1590/142/1728 2002/304/2019
f 2002/304/2019 1590/142/1728 1598/30/1714
f 1598/30/1714 1606/31/1701 2006/54/2021
f 1606/31/1701 1614/53/1685 2008/55/2022
f 1614/53/1685 1622/74/1672 2010/302/2023
f 2010/302/2023 1622/74/1672 1630/75/1658
f 1630/75/1658 1638/95/1645 2014/307/2025
f 1638/95/1645 1646/108/1629 2016/308/2026
f 1646/108/1629 1654/95/1616 2018/307/2027
f 2018/307/2027 1654/95/1616 1662/75/1596
f 1662/75/1596 1670/74/1595 2022/302/2015
f 1992/123/2029 1995/134/2087 1559/26/1547
f 2024/168/1765 1559/26/1547 1567/28/1549
f 2054/122/2031 2025/50/1571 1514/52/1573
f 1567/28/1549 1575/140/1754 2028/310/2032
f 1575/140/1754 1583/153/1739 2030/311/2033
f 2030/311/2033 1583/153/1739 1591/140/1726
f 2032/310/2034 1591/140/1726 1599/28/1712
f 1599/28/1712 1607/26/1699 2036/168/2036
f 1607/26/1699 1615/124/1683 2038/167/2037
f 2038/167/2037 1615/124/1683 1623/71/1670
f 2040/312/2038 1623/71/1670 1631/72/1656
f 1631/72/1656 1639/93/1643 2044/314/2040
f 1639/93/1643 1647/106/1627 2046/315/2041
f 2046/315/2041 1647/106/1627 1655/93/1614
f 2048/314/2042 1655/93/1614 1663/72/1593
f 1663/72/1593 1671/71/1592 2052/312/2044
f 1671/71/1592 1544/124/1770 2055/167/1764
f 2083/225/2045 2056/227/1856 1707/226/1855
f 2058/220/1849 1711/222/1851 1732/224/1853
f 2075/217/2047 2060/242/1873 1715/219/1872
f 2062/217/1846 1719/216/1845 1734/219/1848
f 2075/217/2047 1722/216/1875 1708/221/1850
f 2069/241/1871 2077/317/2053 1724/240/1870
f 2079/220/2050 1726/222/1866 1716/221/1881
f 2081/241/2051 1728/233/1862 1720/240/1877
f 2083/225/2045 1730/228/1857 1724/240/1870
f 1514/52/1573 2068/232/1882 2061/231/1892
f 2079/220/2050 2085/316/2046 1732/224/1853
f 2081/241/2051 2087/242/2048 1734/219/1848
f 1522/23/1725 2064/25/1887 2057/24/1545
f 1538/92/1613 1540/69/1590 2066/244/1885
f 1530/49/1669 1532/69/1654 2070/244/1879
f 1736/210/1832 1737/214/1900 1760/191/1798
f 1738/209/1828 1739/198/1901 1762/185/1792
f 1740/207/1825 1741/211/1902 1764/180/1787
f 1767/248/1906 1742/203/1819 1743/201/1903
f 1744/207/1895 1745/211/1835 1737/214/1900
f 1746/247/1896 1747/197/1815 1739/198/1901
f 1740/207/1825 1748/210/1897 1749/214/1840
f 1750/247/1898 1751/197/1806 1743/201/1903
f 1744/207/1895 1752/205/1904 1753/180/1836
f 1746/247/1896 1754/203/1905 1755/201/1816
f 1767/248/1906 1766/191/1811 1749/214/1840
f 1750/247/1898 1756/209/1907 1757/198/1807
f 1758/249/1908 1759/179/1786 1753/180/1836
f 1761/248/1909 1760/191/1798 1755/201/1816
f 1763/250/1910 1762/185/1792 1757/198/1807
f 1765/205/1823 1764/180/1787 1759/179/1786
f 1768/173/1780 1769/2/1516 1798/20/1540
f 1797/252/1912 1799/174/1781 1798/20/1540
f 1797/252/1912 1796/318/2056 1794/19/1538
f 1795/253/1913 1794/19/1538 1792/17/1535
f 1793/254/1914 1792/17/1535 1790/15/1533
f 1789/252/1917 1791/253/1915 1790/15/1533
f 1789/252/1917 1788/319/2057 1786/13/1531
f 1787/174/1918 1786/13/1531 1784/12/1528
f 1785/173/1919 1784/12/1528 1782/10/1526
f 1781/256/1921 1783/255/1920 1782/10/1526
f 1781/256/1921 1780/320/2058 1778/9/1524
f 1779/257/1922 1778/9/1524 1776/7/1521
f 1777/258/1923 1776/7/1521 1774/5/1519
f 1773/256/1925 1775/257/1924 1774/5/1519
f 1773/256/1925 1772/321/2059 1770/251/1911
f 1771/255/1926 1770/251/1911 1769/2/1516
f 1801/22/1542 1802/21/1541 1803/44/1565
f 1802/21/1541 1804/260/1928 1805/322/2060
f 1806/261/1929 1807/148/1762 1805/322/2060
f 1808/262/1930 1809/164/1750 1807/148/1762
f 1808/262/1930 1810/261/1931 1811/148/1734
f 1810/261/1931 1812/260/1932 1813/322/2061
f 1814/21/1933 1815/44/1707 1813/322/2061
f 1816/22/1934 1817/133/1694 1815/44/1707
f 1816/22/1934 1818/259/1935 1819/89/1678
f 1818/259/1935 1820/263/1936 1821/323/2062
f 1822/264/1937 1823/101/1651 1821/323/2062
f 1824/265/1938 1825/117/1638 1823/101/1651
f 1824/265/1938 1826/264/1939 1827/101/1622
f 1826/264/1939 1828/263/1940 1829/323/2063
f 1830/259/1927 1831/89/1610 1829/323/2063
f 1801/22/1542 1800/133/1941 1831/89/1610
f 1834/66/1587 1835/324/2064 1832/131/1777
f 1836/267/1943 1837/42/1563 1835/324/2064
f 1838/268/1944 1839/325/2065 1837/42/1563
f 1838/268/1944 1840/269/1945 1841/162/1748
f 1842/268/1946 1843/325/2066 1841/162/1748
f 1844/267/1947 1845/42/1721 1843/325/2066
f 1846/66/1948 1847/324/2067 1845/42/1721
f 1846/66/1948 1848/67/1949 1849/131/1692
f 1850/266/1950 1851/326/2068 1849/131/1692
f 1852/270/1951 1853/85/1665 1851/326/2068
f 1854/271/1952 1855/327/2069 1853/85/1665
f 1854/271/1952 1856/272/1953 1857/115/1636
f 1858/271/1954 1859/327/2070 1857/115/1636
f 1860/270/1955 1861/85/1606 1859/327/2070
f 1862/266/1942 1863/326/2071 1861/85/1606
f 1862/266/1942 1833/67/1588 1832/131/1777
f 1865/63/1584 1866/64/1585 1867/328/2072
f 1866/64/1585 1868/274/1957 1869/39/1560
f 1870/275/1958 1871/329/2073 1869/39/1560
f 1872/276/1959 1873/160/1746 1871/329/2073
f 1872/276/1959 1874/275/1960 1875/329/2074
f 1874/275/1960 1876/274/1961 1877/39/1719
f 1878/64/1962 1879/328/2075 1877/39/1719
f 1880/63/1963 1881/130/1690 1879/328/2075
f 1880/63/1963 1882/273/1964 1883/171/2076
f 1882/273/1964 1884/277/1965 1885/82/1663
f 1886/278/1966 1887/330/2077 1885/82/1663
f 1888/279/1967 1889/113/1634 1887/330/2077
f 1888/279/1967 1890/278/1968 1891/330/2078
f 1890/278/1968 1892/277/1969 1893/82/1603
f 1894/273/1956 1895/171/1776 1893/82/1603
f 1865/63/1584 1864/130/1970 1895/171/1776
f 1898/61/1582 1899/136/1985 1896/331/2079
f 1900/281/1972 1901/36/1557 1899/136/1985
f 1902/282/1973 1903/159/1758 1901/36/1557
f 1904/283/1974 1905/332/2080 1903/159/1758
f 1906/282/1975 1907/159/1745 1905/332/2080
f 1908/281/1976 1909/36/1717 1907/159/1745
f 1910/61/1977 1911/136/1703 1909/36/1717
f 1912/62/1978 1913/331/2081 1911/136/1703
f 1914/280/1979 1915/129/1689 1913/331/2081
f 1916/284/1980 1917/79/1661 1915/129/1689
f 1918/285/1981 1919/112/1647 1917/79/1661
f 1920/286/1982 1921/333/2082 1919/112/1647
f 1922/285/1983 1923/112/1633 1921/333/2082
f 1924/284/1984 1925/79/1600 1923/112/1633
f 1926/280/1971 1927/129/1774 1925/79/1600
f 1897/62/1583 1896/331/2079 1927/129/1774
f 1930/59/1580 1931/32/1553 1928/126/1772
f 1932/288/1987 1933/334/2083 1931/32/1553
f 1932/288/1987 1934/289/1988 1935/143/1767
f 1934/289/1988 1936/290/1989 1937/156/1742
f 1938/289/1990 1939/143/1729 1937/156/1742
f 1940/288/1991 1941/334/2084 1939/143/1729
f 1940/288/1991 1942/59/1992 1943/32/1716
f 1942/59/1992 1944/58/1993 1945/126/1686
f 1946/287/1994 1947/77/1673 1945/126/1686
f 1948/291/1995 1949/335/2085 1947/77/1673
f 1948/291/1995 1950/292/1996 1951/96/1660
f 1950/292/1996 1952/293/1997 1953/109/1630
f 1954/292/1998 1955/96/1617 1953/109/1630
f 1956/291/1999 1957/335/2086 1955/96/1617
f 1956/291/1999 1958/287/1986 1959/77/1598
f 1958/287/1986 1929/58/1579 1928/126/1772
f 1961/56/1577 1962/57/1578 1963/29/1550
f 1964/295/2001 1965/138/1766 1963/29/1550
f 1966/296/2002 1967/141/1755 1965/138/1766
f 1968/297/2003 1969/154/1740 1967/141/1755
f 1968/297/2003 1970/296/2004 1971/141/1727
f 1972/295/2005 1973/138/1713 1971/141/1727
f 1974/57/2006 1975/29/1700 1973/138/1713
f 1976/56/2007 1977/125/1684 1975/29/1700
f 1976/56/2007 1978/294/2008 1979/120/1671
f 1980/298/2009 1981/73/1657 1979/120/1671
f 1982/299/2010 1983/94/1644 1981/73/1657
f 1984/300/2011 1985/107/1628 1983/94/1644
f 1984/300/2011 1986/299/2012 1987/94/1615
f 1988/298/2013 1989/73/1594 1987/94/1615
f 1990/294/2000 1991/120/1771 1989/73/1594
f 1961/56/1577 1960/301/2014 1991/120/1771
f 1994/54/1575 1995/134/2087 1992/123/2029
f 1996/303/2016 1997/27/1548 1995/134/2087
f 1996/303/2016 1998/304/2017 1999/166/1753
f 1998/304/2017 2000/305/2018 2001/152/1738
f 2002/304/2019 2003/166/2088 2001/152/1738
f 2004/303/2020 2005/27/1711 2003/166/2088
f 2004/303/2020 2006/54/2021 2007/134/1698
f 2006/54/2021 2008/55/2022 2009/123/1682
f 2010/302/2023 2011/169/2089 2009/123/1682
f 2012/306/2024 2013/70/1655 2011/169/2089
f 2012/306/2024 2014/307/2025 2015/119/1642
f 2014/307/2025 2016/308/2026 2017/105/1626
f 2018/307/2027 2019/119/2090 2017/105/1626
f 2020/306/2028 2021/70/1591 2019/119/2090
f 2020/306/2028 2022/302/2015 2023/169/1769
f 2022/302/2015 1993/55/1576 1992/123/2029
f 2024/168/1765 2025/50/1571 2054/122/2031
f 2024/168/1765 2026/309/2030 2027/137/1768
f 2028/310/2032 2029/139/1752 2027/137/1768
f 2030/311/2033 2031/150/1736 2029/139/1752
f 2032/310/2034 2033/139/1724 2031/150/1736
f 2032/310/2034 2034/309/2035 2035/137/1709
f 2036/168/2036 2037/50/1696 2035/137/1709
f 2038/167/2037 2039/122/1680 2037/50/1696
f 2040/312/2038 2041/47/1668 2039/122/1680
f 2040/312/2038 2042/313/2039 2043/68/1653
f 2044/314/2040 2045/91/1640 2043/68/1653
f 2046/315/2041 2047/103/1624 2045/91/1640
f 2048/314/2042 2049/91/1612 2047/103/1624
f 2048/314/2042 2050/313/2043 2051/68/1589
f 2052/312/2044 2053/47/1568 2051/68/1589
f 2055/167/1764 2054/122/2031 2053/47/1568
f 2056/227/1856 2057/24/1545 2064/25/1887
f 2067/215/2049 2058/220/1849 2059/236/2054
f 2060/242/1873 2061/231/1892 2068/232/1882
f 2071/215/1844 2062/217/1846 2063/246/2055
f 2073/317/2052 2065/225/1854 2064/25/1887
f 2067/215/2049 2066/244/1885 2074/246/1893
f 2077/317/2053 2069/241/1871 2068/232/1882
f 2071/215/1844 2070/244/1879 2078/236/1865
f 2073/317/2052 2072/238/1876 2080/232/1861
f 2075/217/2047 2074/246/1893 2061/231/1892
f 2077/317/2053 2076/238/1868 2082/25/1546
f 2079/220/2050 2078/236/1865 2084/235/1864
f 2087/242/2048 2081/241/2051 2080/232/1861
f 2083/225/2045 2082/25/1546 2057/24/1545
f 2085/316/2046 2084/235/1864 2059/236/2054
f 2087/242/2048 2086/231/1860 2063/246/2055
f 1533/213/1916 1531/172/1899 1737/214/1900
usemtl マテリアル.011
f 2137/336/2091 2098/337/2092 2096/338/2091
f 2121/339/2093 2105/340/2094 2107/341/2093
f 2109/342/581 2101/343/581 2093/344/581
f 2102/345/582 2110/346/582 2118/347/582
f 2139/348/2095 2116/349/2096 2114/350/2095
f 2141/351/2097 2089/352/2098 2088/353/2097
f 2123/354/2092 2097/355/2091 2099/356/2092
f 2125/357/2096 2115/358/2095 2117/359/2096
f 2127/360/2098 2091/361/2097 2090/362/2098
f 2143/363/2093 2108/364/2099 2106/365/2093
f 2121/339/2093 2109/342/2099 2128/366/2100
f 2144/367/2101 2098/337/2092 2136/368/2092
f 2145/369/2102 2116/349/2096 2138/370/2096
f 2123/354/2092 2101/343/2101 2129/371/2103
f 2125/357/2096 2119/372/2102 2130/373/2102
f 2146/374/2104 2089/352/2098 2140/375/2098
f 2147/376/2105 2108/364/2099 2142/377/2099
f 2127/360/2098 2093/344/2104 2131/378/2106
f 2128/366/2100 2111/379/2105 2132/380/2105
f 2144/367/2101 2102/345/2107 2100/381/2101
f 2141/351/2097 2118/347/2102 2145/369/2102
f 2129/371/2103 2103/382/2107 2133/383/2107
f 2130/373/2102 2091/361/2097 2126/384/2097
f 2149/385/2108 2092/386/2106 2146/374/2104
f 2150/387/2109 2110/346/2105 2147/376/2105
f 2131/378/2106 2095/388/2108 2134/389/2108
f 2132/380/2105 2113/390/2109 2135/391/2109
f 2148/392/2107 2104/393/2094 2102/345/2107
f 2133/383/2107 2105/340/2094 2120/394/2094
f 2137/336/2091 2094/395/2108 2149/385/2108
f 2139/348/2095 2112/396/2109 2150/387/2109
f 2134/389/2108 2097/355/2091 2122/397/2091
f 2135/391/2109 2115/358/2095 2124/398/2095
f 2143/363/2093 2104/393/2094 2151/399/2094
f 2152/400/2094 2157/401/2094 2153/402/2094
f 2154/403/581 2152/404/581 2153/405/2110
f 2156/406/2111 2152/407/581 2154/408/581
f 2155/409/2094 2157/401/2094 2152/400/2094
f 2156/406/2111 2155/410/2111 2152/407/581
f 2157/401/2094 2155/409/2094 2158/411/2094
f 2160/412/582 2157/413/582 2158/414/2112
f 2159/415/2094 2153/402/2094 2157/401/2094
f 2161/416/2113 2159/417/2113 2157/418/582
f 2161/416/2113 2157/418/582 2160/419/582
f 2162/420/2114 2159/417/2113 2161/416/2113
f 2161/421/2097 2163/422/2097 2162/423/2097
f 2164/424/2097 2161/421/2097 2160/425/2097
f 2163/422/2097 2161/421/2097 2164/424/2097
f 2164/424/2097 2160/425/2097 2154/426/2097
f 2154/403/581 2153/405/2110 2164/427/2110
f 2164/427/2110 2153/405/2110 2165/428/2115
f 2164/427/2110 2165/428/2115 2163/429/2115
f 2153/402/2094 2159/415/2094 2165/430/2094
f 2163/429/2115 2165/428/2115 2166/431/2116
f 2165/430/2094 2167/432/2094 2166/433/2094
f 2165/430/2094 2159/415/2094 2167/432/2094
f 2167/434/2117 2162/420/2114 2168/435/2118
f 2168/436/2094 2166/433/2094 2167/432/2094
f 2162/420/2114 2167/434/2117 2159/417/2113
f 2168/436/2094 2169/437/2094 2171/438/2094
f 2170/439/2119 2169/440/2120 2168/435/2118
f 2168/435/2118 2162/420/2114 2170/439/2119
f 2166/433/2094 2168/436/2094 2171/438/2094
f 2174/441/2121 2166/431/2116 2171/442/2122
f 2174/441/2121 2171/442/2122 2172/443/2123
f 2172/443/2123 2171/442/2122 2173/444/2124
f 2171/438/2094 2169/437/2094 2173/445/2094
f 2174/446/2097 2162/423/2097 2163/422/2097
f 2163/429/2115 2166/431/2116 2174/441/2121
f 2172/447/2097 2170/448/2097 2174/446/2097
f 2170/448/2097 2162/423/2097 2174/446/2097
f 2172/443/2123 2173/444/2124 2175/449/2125
f 2175/449/2125 2173/444/2124 2176/450/2126
f 2173/445/2094 2178/451/2094 2176/452/2094
f 2173/445/2094 2169/437/2094 2177/453/2094
f 2177/453/2094 2178/451/2094 2173/445/2094
f 2181/454/2127 2179/455/2128 2178/456/2129
f 2176/452/2094 2178/451/2094 2179/457/2094
f 2180/458/2130 2178/456/2129 2177/459/2131
f 2178/456/2129 2180/458/2130 2181/454/2127
f 2183/460/2097 2181/461/2097 2180/462/2097
f 2183/460/2097 2182/463/2097 2181/461/2097
f 2181/454/2127 2182/464/2132 2179/455/2128
f 2183/460/2097 2180/462/2097 2175/465/2097
f 2175/449/2125 2176/450/2126 2183/466/2133
f 2183/466/2133 2176/450/2126 2185/467/2134
f 2184/468/2097 2182/463/2097 2183/460/2097
f 2183/466/2133 2185/467/2134 2184/469/2135
f 2176/452/2094 2179/457/2094 2185/470/2094
f 2184/469/2135 2185/467/2134 2186/471/2136
f 2185/470/2094 2187/472/2094 2186/473/2094
f 2185/470/2094 2179/457/2094 2187/472/2094
f 2189/474/2137 2188/475/2138 2187/476/2139
f 2187/472/2094 2188/477/2094 2186/473/2094
f 2182/464/2132 2187/476/2139 2179/455/2128
f 2182/464/2132 2189/474/2137 2187/476/2139
f 2189/478/2097 2182/463/2097 2184/468/2097
f 2190/479/2097 2189/478/2097 2191/480/2097
f 2189/474/2137 2190/481/2140 2188/475/2138
f 2191/480/2097 2189/478/2097 2184/468/2097
f 2184/469/2135 2186/471/2136 2191/482/2141
f 2191/482/2141 2186/471/2136 2193/483/2142
f 2192/484/2097 2190/479/2097 2191/480/2097
f 2191/482/2141 2193/483/2142 2192/485/2143
f 2186/473/2094 2188/477/2094 2193/486/2094
f 2192/485/2143 2193/483/2142 2194/487/2144
f 2193/486/2094 2195/488/2094 2194/489/2094
f 2193/486/2094 2188/477/2094 2195/488/2094
f 2197/490/2145 2196/491/2146 2195/492/2147
f 2194/489/2094 2195/488/2094 2196/493/2094
f 2190/481/2140 2195/492/2147 2188/475/2138
f 2190/481/2140 2197/490/2145 2195/492/2147
f 2190/479/2097 2192/484/2097 2197/494/2097
f 2199/495/2097 2198/496/2097 2197/494/2097
f 2197/490/2145 2198/497/2148 2196/491/2146
f 2199/495/2097 2197/494/2097 2192/484/2097
f 2192/485/2143 2194/487/2144 2199/498/2149
f 2199/498/2149 2194/487/2144 2201/499/2150
f 2200/500/2097 2198/496/2097 2199/495/2097
f 2199/498/2149 2201/499/2150 2200/501/2151
f 2194/489/2094 2204/502/2152 2201/503/2094
f 2201/499/2153 2203/504/2154 2200/501/2155
f 2201/503/2094 2205/505/2156 2202/506/2157
f 2201/499/2153 2202/507/2158 2203/504/2154
f 2204/502/2152 2205/505/2156 2201/503/2094
f 2198/497/2159 2205/508/2160 2204/509/2161
f 2203/510/2162 2205/511/2163 2206/511/2164
f 2198/497/2159 2206/512/2165 2205/508/2160
f 2203/510/2162 2202/510/2166 2205/511/2163
f 2198/496/2097 2200/500/2097 2206/513/2097
f 2203/514/2097 2206/513/2097 2200/500/2097
f 2198/497/2148 2204/509/2167 2196/491/2146
f 2196/493/2094 2204/502/2152 2194/489/2094
f 2177/459/2131 2207/515/2168 2180/458/2130
f 2175/465/2097 2180/462/2097 2207/516/2097
f 2207/515/2168 2169/440/2120 2170/439/2119
f 2172/447/2097 2207/516/2097 2170/448/2097
f 2175/465/2097 2207/516/2097 2172/447/2097
f 2177/459/2131 2169/440/2120 2207/515/2168
f 2160/412/582 2158/414/2112 2208/517/2112
f 2160/425/2097 2208/518/2097 2156/519/2097
f 2154/426/2097 2160/425/2097 2156/519/2097
f 2208/517/2112 2211/520/2169 2209/521/2170
f 2209/522/2097 2210/523/2097 2208/518/2097
f 2208/517/2112 2158/414/2112 2211/520/2169
f 2156/519/2097 2208/518/2097 2210/523/2097
f 2214/524/2094 2211/525/2094 2158/411/2094
f 2212/526/2094 2211/525/2094 2213/527/2094
f 2209/521/2170 2211/520/2169 2212/528/2171
f 2213/527/2094 2211/525/2094 2214/524/2094
f 2215/529/2172 2213/530/2173 2214/531/2174
f 2215/529/2172 2214/531/2174 2210/532/2174
f 2210/532/2174 2214/531/2174 2155/410/2111
f 2214/524/2094 2158/411/2094 2155/409/2094
f 2215/533/2097 2217/534/2097 2216/535/2097
f 2216/536/2175 2213/530/2173 2215/529/2172
f 2210/523/2097 2209/522/2097 2215/533/2097
f 2215/533/2097 2209/522/2097 2217/534/2097
f 2217/537/2176 2212/528/2171 2218/538/2177
f 2217/534/2097 2218/539/2097 2216/535/2097
f 2209/521/2170 2212/528/2171 2217/537/2176
f 2218/538/2177 2221/540/2178 2219/541/2179
f 2218/539/2097 2219/542/2097 2220/543/2097
f 2218/538/2177 2212/528/2171 2221/540/2178
f 2216/535/2097 2218/539/2097 2220/543/2097
f 2224/544/2094 2221/545/2094 2212/526/2094
f 2222/546/2094 2221/545/2094 2223/547/2094
f 2219/541/2179 2221/540/2178 2222/548/2180
f 2223/547/2094 2221/545/2094 2224/544/2094
f 2220/549/2181 2223/550/2182 2224/551/2183
f 2220/549/2181 2224/551/2183 2216/536/2175
f 2216/536/2175 2224/551/2183 2213/530/2173
f 2224/544/2094 2212/526/2094 2213/527/2094
f 2225/552/2094 2222/546/2094 2223/547/2094
f 2226/553/2184 2225/554/2185 2223/550/2182
f 2226/553/2184 2223/550/2182 2220/549/2181
f 2226/555/2097 2228/556/2097 2227/557/2097
f 2227/558/2186 2225/554/2185 2226/553/2184
f 2220/543/2097 2219/542/2097 2226/555/2097
f 2226/555/2097 2219/542/2097 2228/556/2097
f 2228/559/2187 2230/560/2188 2229/561/2189
f 2227/557/2097 2228/556/2097 2229/562/2190
f 2219/541/2179 2222/548/2180 2228/559/2187
f 2228/559/2187 2222/548/2180 2230/560/2188
f 2225/552/2094 2230/563/2094 2222/546/2094
f 2231/564/2094 2230/563/2094 2232/565/2094
f 2229/561/2189 2230/560/2188 2231/566/2191
f 2232/565/2094 2230/563/2094 2233/567/2094
f 2233/567/2094 2230/563/2094 2225/552/2094
f 2234/568/2192 2232/569/2193 2233/570/2194
f 2233/570/2194 2225/554/2185 2227/558/2186
f 2233/570/2194 2227/558/2186 2234/568/2192
f 2234/571/2195 2236/572/2196 2235/573/2097
f 2232/569/2193 2234/568/2192 2235/574/2197
f 2227/557/2097 2229/562/2190 2234/571/2195
f 2234/571/2195 2229/562/2190 2236/572/2196
f 2236/575/2198 2238/576/2199 2237/577/2200
f 2235/573/2097 2236/572/2196 2237/578/2201
f 2229/561/2189 2231/566/2191 2236/575/2198
f 2236/575/2198 2231/566/2191 2238/576/2199
f 2238/579/2094 2231/564/2094 2232/565/2094
f 2238/579/2094 2240/580/2094 2239/581/2094
f 2237/577/2200 2238/576/2199 2239/582/2202
f 2240/580/2094 2238/579/2094 2241/583/2094
f 2241/583/2094 2238/579/2094 2232/565/2094
f 2242/584/2203 2240/585/2204 2241/586/2205
f 2242/584/2203 2241/586/2205 2235/574/2197
f 2241/586/2205 2232/569/2193 2235/574/2197
f 2242/587/2206 2245/588/2206 2243/589/2201
f 2244/590/2207 2242/584/2203 2243/591/2208
f 2244/590/2207 2240/585/2204 2242/584/2203
f 2235/573/2097 2237/578/2201 2242/587/2206
f 2242/587/2206 2237/578/2201 2245/588/2206
f 2245/592/2209 2247/593/2210 2246/594/2211
f 2245/588/2206 2246/595/2212 2243/589/2201
f 2237/577/2200 2239/582/2202 2245/592/2209
f 2245/592/2209 2239/582/2202 2247/593/2210
f 2244/596/2094 2247/597/2094 2239/581/2094
f 2248/598/2094 2247/597/2094 2244/596/2094
f 2246/594/2211 2247/593/2210 2248/599/2213
f 2248/598/2094 2250/600/2094 2249/601/2094
f 2246/594/2214 2248/599/2215 2249/602/2216
f 2250/600/2094 2248/598/2094 2244/596/2094
f 2250/603/2217 2243/591/2208 2251/604/2218
f 2251/604/2219 2252/605/2220 2250/603/2221
f 2252/606/2094 2249/601/2094 2250/600/2094
f 2250/603/2217 2244/590/2207 2243/591/2208
f 2252/607/2222 2253/607/2223 2255/608/2224
f 2251/604/2219 2253/609/2225 2252/605/2220
f 2252/607/2222 2255/608/2224 2254/608/2226
f 2254/610/2094 2249/601/2094 2252/606/2094
f 2246/594/2214 2249/602/2216 2255/611/2227
f 2251/612/2228 2246/595/2212 2255/613/2229
f 2249/602/2216 2254/614/2230 2255/611/2227
f 2251/612/2228 2255/613/2229 2253/615/2231
f 2243/589/2201 2246/595/2212 2251/612/2228
f 2244/596/2094 2239/581/2094 2240/580/2094
f 2210/532/2174 2155/410/2111 2156/406/2111
f 2256/616/2232 2260/617/2233 2257/618/2234
f 2258/619/2235 2256/616/2232 2257/618/2234
f 2258/620/2236 2262/621/2237 2256/622/2238
f 2256/622/2238 2261/623/2097 2259/624/2097
f 2256/625/2232 2259/626/2239 2260/627/2233
f 2256/622/2238 2262/621/2237 2261/623/2097
f 2258/620/2236 2263/628/2240 2262/621/2237
f 2262/629/2241 2263/630/2242 2265/631/2243
f 2261/632/2244 2262/633/2241 2264/634/2245
f 2262/629/2241 2265/631/2243 2264/635/2245
f 2257/636/2246 2264/637/2247 2265/638/2248
f 2263/630/2242 2266/639/2249 2265/631/2243
f 2268/640/2250 2265/638/2248 2266/641/2251
f 2257/636/2246 2265/638/2248 2267/642/2094
f 2267/642/2094 2265/638/2248 2268/640/2250
f 2269/643/2252 2267/644/2253 2268/645/2254
f 2271/646/2255 2269/643/2252 2268/645/2254
f 2268/640/2250 2266/641/2251 2270/647/2256
f 2271/646/2255 2268/645/2254 2270/648/2257
f 2271/649/2258 2273/650/2259 2269/651/2231
f 2272/652/2260 2271/646/2255 2270/648/2257
f 2272/653/2237 2273/650/2259 2271/649/2258
f 2275/654/2261 2273/655/2262 2274/656/2263
f 2273/650/2259 2272/653/2237 2274/657/2264
f 2273/655/2262 2266/639/2249 2263/630/2242
f 2273/650/2259 2263/628/2240 2269/651/2231
f 2273/655/2262 2275/654/2261 2266/639/2249
f 2270/647/2256 2266/641/2251 2275/658/2265
f 2277/659/2094 2275/658/2265 2276/660/2094
f 2274/656/2263 2276/661/2266 2275/654/2261
f 2270/647/2256 2275/658/2265 2277/659/2094
f 2272/652/2260 2270/648/2257 2277/662/2267
f 2279/663/2268 2272/652/2260 2277/662/2267
f 2277/659/2094 2276/660/2094 2278/664/2094
f 2279/663/2268 2277/662/2267 2278/665/2269
f 2279/666/2270 2274/657/2264 2272/653/2237
f 2280/667/2271 2279/663/2268 2278/665/2269
f 2280/668/2272 2274/657/2264 2279/666/2270
f 2280/667/2271 2278/665/2269 2281/669/2273
f 2282/670/2274 2280/667/2271 2281/669/2273
f 2282/671/2275 2283/672/2276 2280/668/2272
f 2283/672/2276 2274/657/2264 2280/668/2272
f 2284/673/2277 2285/674/2278 2283/675/2279
f 2283/672/2276 2282/671/2275 2284/676/2280
f 2283/675/2279 2276/661/2266 2274/656/2263
f 2283/675/2279 2285/674/2278 2276/661/2266
f 2281/677/2094 2276/660/2094 2285/678/2094
f 2287/679/2094 2285/678/2094 2286/680/2094
f 2284/673/2277 2286/681/2281 2285/674/2278
f 2281/677/2094 2285/678/2094 2287/679/2094
f 2282/670/2274 2281/669/2273 2287/682/2282
f 2289/683/2283 2282/670/2274 2287/682/2282
f 2287/679/2094 2286/680/2094 2288/684/2094
f 2289/683/2283 2287/682/2282 2288/685/2284
f 2289/686/2285 2284/676/2280 2282/671/2275
f 2290/687/2286 2289/683/2283 2288/685/2284
f 2290/688/2259 2284/676/2280 2289/686/2285
f 2290/687/2286 2288/685/2284 2291/689/2287
f 2292/690/2288 2290/687/2286 2291/689/2287
f 2290/688/2259 2292/691/2289 2293/692/2290
f 2284/676/2280 2290/688/2259 2293/692/2290
f 2293/693/2291 2296/694/2292 2284/673/2277
f 2294/695/2293 2295/696/2294 2293/693/2291
f 2294/697/2295 2293/692/2290 2292/691/2289
f 2293/693/2291 2295/696/2294 2296/694/2292
f 2296/698/2296 2288/684/2094 2286/680/2094
f 2284/673/2277 2296/694/2292 2286/681/2281
f 2296/698/2296 2295/699/2297 2297/700/2298
f 2291/701/2246 2296/698/2296 2297/700/2298
f 2288/684/2094 2296/698/2296 2291/701/2246
f 2292/690/2288 2291/689/2287 2297/702/2299
f 2299/703/2300 2292/690/2288 2297/702/2299
f 2297/700/2298 2300/704/2301 2298/705/2302
f 2299/703/2300 2297/702/2299 2298/706/2303
f 2297/700/2298 2295/699/2297 2300/704/2301
f 2294/695/2293 2300/707/2304 2295/696/2294
f 2302/708/2305 2301/709/2306 2300/707/2304
f 2301/710/2307 2298/705/2302 2300/704/2301
f 2302/708/2305 2300/707/2304 2294/695/2293
f 2303/711/2308 2301/709/2306 2302/708/2305
f 2303/712/2097 2302/713/2309 2304/714/2309
f 2299/715/2310 2302/713/2309 2294/697/2295
f 2304/714/2309 2302/713/2309 2299/715/2310
f 2304/716/2311 2299/703/2300 2298/706/2303
f 2305/717/2190 2303/712/2097 2304/714/2309
f 2305/718/2312 2304/716/2311 2298/706/2303
f 2305/718/2312 2298/706/2303 2306/719/2313
f 2307/720/2314 2305/718/2312 2306/719/2313
f 2307/721/2206 2308/722/2315 2305/717/2190
f 2303/712/2097 2305/717/2190 2308/722/2315
f 2311/723/2316 2309/724/2317 2308/722/2315
f 2308/725/2318 2309/726/2319 2313/727/2320
f 2308/725/2318 2310/728/2321 2303/711/2308
f 2308/725/2318 2312/729/2322 2310/728/2321
f 2311/723/2316 2308/722/2315 2307/721/2206
f 2308/725/2318 2313/727/2320 2312/729/2322
f 2312/730/2323 2313/731/2324 2316/732/2325
f 2309/726/2319 2314/733/2326 2313/727/2320
f 2314/734/2327 2315/735/2328 2313/731/2324
f 2316/732/2325 2313/731/2324 2315/735/2328
f 2306/736/2329 2312/730/2323 2316/732/2325
f 2307/720/2314 2306/719/2313 2316/737/2330
f 2311/738/2331 2307/720/2314 2316/737/2330
f 2311/738/2331 2316/737/2330 2315/739/2332
f 2317/740/2333 2311/738/2331 2315/739/2332
f 2315/735/2328 2314/734/2327 2260/741/2247
f 2259/626/2239 2315/739/2332 2260/627/2233
f 2259/626/2239 2317/740/2333 2315/739/2332
f 2317/742/2097 2318/743/2097 2311/723/2316
f 2259/624/2097 2318/743/2097 2317/742/2097
f 2259/624/2097 2261/623/2097 2318/743/2097
f 2318/744/2334 2261/632/2244 2314/733/2326
f 2311/723/2316 2318/743/2097 2309/724/2317
f 2309/726/2319 2318/744/2334 2314/733/2326
f 2261/632/2244 2264/634/2245 2314/733/2326
f 2314/734/2327 2264/637/2247 2260/741/2247
f 2306/736/2329 2310/745/2328 2312/730/2323
f 2303/711/2308 2310/728/2321 2301/709/2306
f 2301/710/2307 2310/745/2328 2306/736/2329
f 2298/705/2302 2301/710/2307 2306/736/2329
f 2299/715/2310 2294/697/2295 2292/691/2289
f 2278/664/2094 2276/660/2094 2281/677/2094
f 2269/651/2231 2263/628/2240 2258/620/2236
f 2269/643/2252 2258/619/2235 2267/644/2253
f 2258/619/2235 2257/618/2234 2267/644/2253
f 2260/741/2247 2264/637/2247 2257/636/2246
f 2137/336/2091 2136/368/2092 2098/337/2092
f 2121/339/2093 2120/394/2094 2105/340/2094
f 2093/344/581 2090/362/581 2091/361/581
f 2091/361/581 2119/372/581 2117/359/581
f 2117/359/581 2115/358/581 2113/390/581
f 2113/390/581 2111/379/581 2117/359/581
f 2111/379/581 2109/342/581 2117/359/581
f 2109/342/581 2107/341/581 2105/340/581
f 2105/340/581 2103/382/581 2101/343/581
f 2101/343/581 2099/356/581 2093/344/581
f 2099/356/581 2097/355/581 2093/344/581
f 2097/355/581 2095/388/581 2093/344/581
f 2093/344/581 2091/361/581 2117/359/581
f 2109/342/581 2105/340/581 2101/343/581
f 2093/344/581 2117/359/581 2109/342/581
f 2118/347/582 2088/353/582 2089/352/582
f 2089/352/582 2092/386/582 2094/395/582
f 2094/395/582 2096/338/582 2098/337/582
f 2098/337/582 2100/381/582 2102/345/582
f 2102/345/582 2104/393/582 2106/365/582
f 2106/365/582 2108/364/582 2110/346/582
f 2110/346/582 2112/396/582 2114/350/582
f 2114/350/582 2116/349/582 2110/346/582
f 2116/349/582 2118/347/582 2110/346/582
f 2118/347/582 2089/352/582 2094/395/582
f 2094/395/582 2098/337/582 2102/345/582
f 2102/345/582 2106/365/582 2110/346/582
f 2118/347/582 2094/395/582 2102/345/582
f 2139/348/2095 2138/370/2096 2116/349/2096
f 2141/351/2097 2140/375/2098 2089/352/2098
f 2123/354/2092 2122/397/2091 2097/355/2091
f 2125/357/2096 2124/398/2095 2115/358/2095
f 2127/360/2098 2126/384/2097 2091/361/2097
f 2143/363/2093 2142/377/2099 2108/364/2099
f 2121/339/2093 2107/341/2093 2109/342/2099
f 2144/367/2101 2100/381/2101 2098/337/2092
f 2145/369/2102 2118/347/2102 2116/349/2096
f 2123/354/2092 2099/356/2092 2101/343/2101
f 2125/357/2096 2117/359/2096 2119/372/2102
f 2146/374/2104 2092/386/2106 2089/352/2098
f 2147/376/2105 2110/346/2105 2108/364/2099
f 2127/360/2098 2090/362/2098 2093/344/2104
f 2128/366/2100 2109/342/2099 2111/379/2105
f 2144/367/2101 2148/392/2107 2102/345/2107
f 2141/351/2097 2088/353/2097 2118/347/2102
f 2129/371/2103 2101/343/2101 2103/382/2107
f 2130/373/2102 2119/372/2102 2091/361/2097
f 2149/385/2108 2094/395/2108 2092/386/2106
f 2150/387/2109 2112/396/2109 2110/346/2105
f 2131/378/2106 2093/344/2104 2095/388/2108
f 2132/380/2105 2111/379/2105 2113/390/2109
f 2148/392/2107 2151/399/2094 2104/393/2094
f 2133/383/2107 2103/382/2107 2105/340/2094
f 2137/336/2091 2096/338/2091 2094/395/2108
f 2139/348/2095 2114/350/2095 2112/396/2109
f 2134/389/2108 2095/388/2108 2097/355/2091
f 2135/391/2109 2113/390/2109 2115/358/2095
f 2143/363/2093 2106/365/2093 2104/393/2094
usemtl マテリアル.012
f 2471/1/2335 2576/2/2336 2358/3/2337
f 2367/4/2338 2581/5/2339 2375/6/2340
f 2375/6/2340 2583/7/2341 2383/8/2342
f 2583/7/2341 2391/6/2343 2383/8/2342
f 2585/9/2344 2399/4/2345 2391/6/2343
f 2399/4/2345 2589/10/2346 2407/11/2347
f 2407/11/2347 2591/12/2348 2415/3/2349
f 2591/12/2348 2423/1/2350 2415/3/2349
f 2593/13/2351 2431/14/2352 2423/1/2350
f 2431/14/2352 2597/15/2353 2439/16/2354
f 2439/16/2354 2599/17/2355 2447/18/2356
f 2599/17/2355 2455/16/2357 2447/18/2356
f 2601/19/2358 2463/14/2359 2455/16/2357
f 2463/14/2359 2605/20/2360 2471/1/2335
f 2358/3/2337 2609/21/2361 2608/22/2362
f 2576/2/2336 2359/11/2363 2358/3/2337
f 2325/23/2364 2864/24/2365 2889/25/2366
f 2366/26/2367 2804/27/2368 2374/28/2369
f 2770/29/2370 2373/30/2371 2365/31/2372
f 2738/32/2373 2372/33/2374 2364/34/2375
f 2363/35/2376 2708/36/2377 2371/37/2378
f 2362/38/2379 2676/39/2380 2370/40/2381
f 2361/41/2382 2644/42/2383 2369/43/2384
f 2610/44/2385 2368/45/2386 2360/46/2387
f 2860/47/2388 2319/48/2389 2349/49/2390
f 2832/50/2391 2323/51/2392 2321/52/2393
f 2352/53/2394 2801/54/2395 2800/55/2396
f 2768/56/2397 2364/34/2375 2769/57/2398
f 2736/58/2399 2363/35/2376 2737/59/2400
f 2355/60/2401 2705/61/2402 2704/62/2403
f 2672/63/2404 2361/41/2382 2673/64/2405
f 2357/65/2406 2641/66/2407 2640/67/2408
f 2858/68/2409 2349/49/2390 2347/69/2410
f 2828/70/2411 2478/71/2412 2470/72/2413
f 2796/73/2414 2477/74/2415 2469/75/2416
f 2468/76/2417 2766/77/2418 2476/78/2419
f 2732/79/2420 2475/80/2421 2467/81/2422
f 2700/82/2423 2474/83/2424 2466/84/2425
f 2668/85/2426 2473/86/2427 2465/87/2428
f 2464/88/2429 2638/89/2430 2472/90/2431
f 2856/91/2432 2347/69/2410 2345/92/2433
f 2462/93/2434 2828/70/2411 2470/72/2413
f 2794/94/2435 2469/75/2416 2461/95/2436
f 2762/96/2437 2468/76/2417 2460/97/2438
f 2459/98/2439 2732/79/2420 2467/81/2422
f 2458/99/2440 2700/82/2423 2466/84/2425
f 2457/100/2441 2668/85/2426 2465/87/2428
f 2634/101/2442 2464/88/2429 2456/102/2443
f 2854/103/2444 2345/92/2433 2343/104/2445
f 2824/105/2446 2462/93/2434 2454/106/2447
f 2792/107/2448 2461/95/2436 2453/108/2449
f 2760/109/2450 2460/97/2438 2452/110/2451
f 2451/111/2452 2730/112/2453 2459/98/2439
f 2696/113/2454 2458/99/2440 2450/114/2455
f 2664/115/2456 2457/100/2441 2449/116/2457
f 2632/117/2458 2456/102/2443 2448/118/2459
f 2852/91/2460 2343/104/2445 2341/92/2461
f 2822/119/2462 2454/106/2447 2446/93/2463
f 2790/94/2464 2453/108/2449 2445/95/2465
f 2444/97/2466 2760/109/2450 2452/110/2451
f 2726/112/2467 2451/111/2452 2443/98/2468
f 2442/99/2469 2696/113/2454 2450/114/2455
f 2441/100/2470 2664/115/2456 2449/116/2457
f 2630/101/2471 2448/118/2459 2440/102/2472
f 2850/68/2473 2341/92/2461 2339/69/2474
f 2820/70/2475 2446/93/2463 2438/72/2476
f 2788/73/2477 2445/95/2465 2437/75/2478
f 2436/76/2479 2758/96/2480 2444/97/2466
f 2724/79/2481 2443/98/2468 2435/81/2482
f 2692/82/2483 2442/99/2469 2434/84/2484
f 2660/85/2485 2441/100/2470 2433/87/2486
f 2432/88/2487 2630/101/2471 2440/102/2472
f 2848/47/2488 2339/69/2474 2337/49/2489
f 2430/71/2490 2820/70/2475 2438/72/2476
f 2786/120/2491 2437/75/2478 2429/74/2492
f 2754/77/2493 2436/76/2479 2428/121/2494
f 2427/80/2495 2724/79/2481 2435/81/2482
f 2426/83/2496 2692/82/2483 2434/84/2484
f 2425/86/2497 2660/85/2485 2433/87/2486
f 2626/89/2498 2432/88/2487 2424/90/2499
f 2846/122/2500 2337/49/2489 2335/48/2501
f 2816/123/2502 2430/71/2490 2422/124/2503
f 2784/125/2504 2429/74/2492 2421/53/2505
f 2752/126/2506 2428/121/2494 2420/127/2507
f 2419/128/2508 2722/129/2509 2427/80/2495
f 2688/130/2510 2426/83/2496 2418/60/2511
f 2656/131/2512 2425/86/2497 2417/132/2513
f 2624/133/2514 2424/90/2499 2416/65/2515
f 2844/50/2516 2335/48/2501 2333/52/2517
f 2814/134/2518 2422/124/2503 2414/26/2519
f 2782/29/2520 2421/53/2505 2413/31/2521
f 2412/135/2522 2752/126/2506 2420/127/2507
f 2718/136/2523 2419/128/2508 2411/35/2524
f 2410/38/2525 2688/130/2510 2418/60/2511
f 2409/41/2526 2656/131/2512 2417/132/2513
f 2622/44/2527 2416/65/2515 2408/46/2528
f 2842/137/2529 2333/52/2517 2331/51/2530
f 2812/27/2531 2414/26/2519 2406/28/2532
f 2780/138/2533 2413/31/2521 2405/30/2534
f 2404/33/2535 2750/32/2536 2412/135/2522
f 2716/36/2537 2411/35/2524 2403/37/2538
f 2684/39/2539 2410/38/2525 2402/40/2540
f 2652/42/2541 2409/41/2526 2401/43/2542
f 2400/45/2543 2622/44/2527 2408/46/2528
f 2840/139/2544 2331/51/2530 2329/23/2545
f 2398/140/2546 2812/27/2531 2406/28/2532
f 2778/141/2547 2405/30/2534 2397/142/2548
f 2746/143/2549 2404/33/2535 2396/144/2550
f 2395/145/2551 2716/36/2537 2403/37/2538
f 2394/146/2552 2684/39/2539 2402/40/2540
f 2393/147/2553 2652/42/2541 2401/43/2542
f 2618/148/2554 2400/45/2543 2392/149/2555
f 2838/150/2556 2329/23/2545 2327/151/2557
f 2808/152/2558 2398/140/2546 2390/153/2559
f 2776/154/2560 2397/142/2548 2389/155/2561
f 2744/156/2562 2396/144/2550 2388/157/2563
f 2387/158/2564 2714/159/2565 2395/145/2551
f 2680/160/2566 2394/146/2552 2386/161/2567
f 2648/162/2568 2393/147/2553 2385/163/2569
f 2616/164/2570 2392/149/2555 2384/165/2571
f 2836/139/2572 2327/151/2557 2325/23/2364
f 2806/166/2573 2390/153/2559 2382/140/2574
f 2774/141/2575 2389/155/2561 2381/142/2576
f 2380/144/2577 2744/156/2562 2388/157/2563
f 2710/159/2578 2387/158/2564 2379/145/2579
f 2378/146/2580 2680/160/2566 2386/161/2567
f 2377/147/2581 2648/162/2568 2385/163/2569
f 2614/148/2582 2384/165/2571 2376/149/2583
f 2862/167/2584 2366/26/2367 2831/168/2585
f 2804/27/2368 2382/140/2574 2374/28/2369
f 2772/138/2586 2381/142/2576 2373/30/2371
f 2372/33/2374 2742/143/2587 2380/144/2577
f 2708/36/2377 2379/145/2579 2371/37/2378
f 2676/39/2380 2378/146/2580 2370/40/2381
f 2644/42/2383 2377/147/2581 2369/43/2384
f 2368/45/2386 2614/148/2582 2376/149/2583
f 2834/137/2588 2325/23/2364 2323/51/2392
f 2830/169/2589 2351/124/2590 2478/71/2412
f 2798/120/2591 2352/53/2394 2477/74/2415
f 2476/78/2419 2735/126/2592 2353/170/2593
f 2734/129/2594 2354/128/2595 2475/80/2421
f 2702/171/2596 2355/60/2401 2474/83/2424
f 2473/86/2427 2639/131/2597 2356/132/2598
f 2638/89/2430 2357/65/2406 2472/90/2431
f 2350/172/2599 2575/173/2600 2606/174/2601
f 2487/175/2602 2509/176/2603 2488/177/2604
f 2346/178/2605 2566/179/2606 2571/180/2607
f 2508/181/2608 2484/182/2609 2483/183/2610
f 2326/184/2611 2569/185/2612 2328/186/2613
f 2506/187/2614 2480/188/2615 2479/189/2616
f 2334/190/2617 2567/191/2618 2336/192/2619
f 2504/175/2620 2509/176/2603 2510/193/2621
f 2342/178/2622 2566/179/2606 2344/194/2623
f 2502/195/2624 2507/196/2625 2508/181/2608
f 2326/184/2611 2558/197/2626 2564/198/2627
f 2500/199/2628 2492/188/2629 2491/189/2630
f 2350/172/2599 2573/191/2631 2320/192/2632
f 2498/195/2633 2505/200/2634 2506/187/2614
f 2334/190/2617 2554/197/2635 2562/201/2636
f 2504/175/2620 2495/202/2637 2503/177/2638
f 2549/203/2639 2491/189/2630 2494/187/2640
f 2502/195/2624 2493/200/2641 2501/204/2642
f 2572/205/2643 2490/206/2644 2547/207/2645
f 2500/199/2628 2489/202/2646 2499/208/2647
f 2545/209/2648 2483/183/2610 2486/181/2649
f 2498/195/2633 2485/196/2650 2497/204/2651
f 2543/210/2652 2479/189/2616 2482/199/2653
f 2482/199/2653 2495/202/2637 2496/206/2654
f 2342/178/2622 2552/211/2655 2560/180/2656
f 2494/187/2640 2492/188/2629 2493/200/2641
f 2322/190/2657 2558/197/2626 2324/212/2658
f 2490/206/2644 2488/177/2604 2489/202/2646
f 2348/213/2659 2556/214/2660 2350/172/2599
f 2486/181/2649 2484/182/2609 2485/196/2650
f 2330/184/2661 2554/197/2635 2332/212/2662
f 2482/199/2653 2480/188/2615 2481/208/2663
f 2878/215/2664 2526/216/2665 2869/217/2666
f 2526/216/2665 2542/218/2667 2541/219/2668
f 2865/220/2669 2515/221/2670 2518/222/2671
f 2518/222/2671 2540/223/2672 2539/224/2673
f 2872/225/2674 2514/226/2675 2863/227/2676
f 2537/228/2677 2513/229/2678 2538/230/2679
f 2333/52/2517 2893/231/2680 2887/232/2681
f 2535/233/2682 2542/218/2667 2536/234/2683
f 2341/92/2461 2891/235/2684 2885/236/2685
f 2533/222/2686 2540/223/2672 2534/237/2687
f 2325/23/2364 2883/238/2688 2323/51/2392
f 2537/228/2677 2532/239/2689 2531/240/2690
f 2876/241/2691 2522/219/2692 2867/242/2693
f 2522/219/2692 2530/243/2694 2529/216/2695
f 2333/52/2517 2879/238/2696 2331/51/2530
f 2527/240/2697 2536/234/2683 2528/239/2698
f 2341/92/2461 2877/244/2699 2339/69/2474
f 2533/222/2686 2524/245/2700 2523/221/2701
f 2321/52/2393 2883/238/2688 2875/232/2702
f 2531/240/2690 2520/234/2703 2519/233/2704
f 2349/49/2390 2873/244/2705 2347/69/2410
f 2529/216/2695 2516/245/2706 2515/221/2670
f 2329/23/2545 2879/238/2696 2871/25/2707
f 2511/228/2708 2528/239/2698 2512/230/2709
f 2872/225/2674 2527/240/2697 2511/228/2708
f 2526/216/2665 2524/245/2700 2525/243/2710
f 2337/49/2489 2893/231/2680 2335/48/2501
f 2519/233/2704 2521/218/2711 2522/219/2692
f 2349/49/2390 2868/231/2712 2881/246/2713
f 2518/222/2671 2516/245/2706 2517/237/2714
f 2345/92/2433 2891/235/2684 2343/104/2445
f 2511/228/2708 2513/229/2678 2514/226/2675
f 2543/210/2652 2496/206/2654 2551/207/2715
f 2553/247/2716 2486/181/2649 2498/195/2633
f 2555/210/2717 2490/206/2644 2500/199/2628
f 2549/203/2639 2502/195/2624 2557/247/2718
f 2338/172/2719 2567/191/2618 2544/214/2720
f 2330/184/2661 2569/185/2612 2546/198/2721
f 2346/178/2605 2548/211/2722 2348/213/2659
f 2322/190/2657 2573/191/2631 2550/201/2723
f 2559/205/2724 2496/206/2654 2504/175/2620
f 2561/203/2725 2498/195/2633 2506/187/2614
f 2555/210/2717 2491/189/2630 2574/248/2726
f 2557/247/2718 2508/181/2608 2563/209/2727
f 2559/205/2724 2510/193/2621 2565/249/2728
f 2561/203/2725 2479/189/2616 2568/248/2729
f 2563/209/2727 2483/183/2610 2570/250/2730
f 2572/205/2643 2510/193/2621 2487/175/2602
f 2577/251/2731 2367/4/2338 2359/11/2363
f 2348/213/2659 2606/174/2601 2604/252/2732
f 2346/178/2605 2604/252/2732 2602/253/2733
f 2344/194/2623 2602/253/2733 2600/254/2734
f 2342/178/2622 2600/254/2734 2598/253/2735
f 2340/213/2736 2598/253/2735 2596/252/2737
f 2338/172/2719 2596/252/2737 2594/174/2738
f 2336/192/2619 2594/174/2738 2592/173/2739
f 2334/190/2617 2592/173/2739 2590/255/2740
f 2332/212/2662 2590/255/2740 2588/256/2741
f 2330/184/2661 2588/256/2741 2586/257/2742
f 2328/186/2613 2586/257/2742 2584/258/2743
f 2326/184/2611 2584/258/2743 2582/257/2744
f 2324/212/2658 2582/257/2744 2580/256/2745
f 2322/190/2657 2580/256/2745 2578/255/2746
f 2320/192/2632 2578/255/2746 2575/173/2600
f 2471/1/2335 2608/22/2362 2637/259/2747
f 2359/11/2363 2611/260/2748 2609/21/2361
f 2611/260/2748 2375/6/2340 2613/261/2749
f 2375/6/2340 2615/262/2750 2613/261/2749
f 2383/8/2342 2617/261/2751 2615/262/2750
f 2391/6/2343 2619/260/2752 2617/261/2751
f 2619/260/2752 2407/11/2347 2621/21/2753
f 2407/11/2347 2623/22/2754 2621/21/2753
f 2415/3/2349 2625/259/2755 2623/22/2754
f 2423/1/2350 2627/263/2756 2625/259/2755
f 2627/263/2756 2439/16/2354 2629/264/2757
f 2439/16/2354 2631/265/2758 2629/264/2757
f 2447/18/2356 2633/264/2759 2631/265/2758
f 2455/16/2357 2635/263/2760 2633/264/2759
f 2635/263/2760 2471/1/2335 2637/259/2747
f 2607/133/2761 2360/46/2387 2357/65/2406
f 2472/90/2431 2640/67/2408 2669/266/2762
f 2360/46/2387 2643/267/2763 2641/66/2407
f 2368/45/2386 2645/268/2764 2643/267/2763
f 2376/149/2583 2647/269/2765 2645/268/2764
f 2384/165/2571 2649/268/2766 2647/269/2765
f 2392/149/2555 2651/267/2767 2649/268/2766
f 2400/45/2543 2653/66/2768 2651/267/2767
f 2408/46/2528 2655/67/2769 2653/66/2768
f 2416/65/2515 2657/266/2770 2655/67/2769
f 2424/90/2499 2659/270/2771 2657/266/2770
f 2432/88/2487 2661/271/2772 2659/270/2771
f 2440/102/2472 2663/272/2773 2661/271/2772
f 2448/118/2459 2665/271/2774 2663/272/2773
f 2456/102/2443 2667/270/2775 2665/271/2774
f 2464/88/2429 2669/266/2762 2667/270/2775
f 2639/131/2597 2361/41/2382 2356/132/2598
f 2473/86/2427 2672/63/2404 2701/273/2776
f 2673/64/2405 2369/43/2384 2675/274/2777
f 2369/43/2384 2677/275/2778 2675/274/2777
f 2377/147/2581 2679/276/2779 2677/275/2778
f 2679/276/2779 2393/147/2553 2681/275/2780
f 2681/275/2780 2401/43/2542 2683/274/2781
f 2401/43/2542 2685/64/2782 2683/274/2781
f 2409/41/2526 2687/63/2783 2685/64/2782
f 2687/63/2783 2425/86/2497 2689/273/2784
f 2689/273/2784 2433/87/2486 2691/277/2785
f 2433/87/2486 2693/278/2786 2691/277/2785
f 2441/100/2470 2695/279/2787 2693/278/2786
f 2695/279/2787 2457/100/2441 2697/278/2788
f 2697/278/2788 2465/87/2428 2699/277/2789
f 2465/87/2428 2701/273/2776 2699/277/2789
f 2671/130/2790 2362/38/2379 2355/60/2401
f 2733/280/2791 2355/60/2401 2704/62/2403
f 2362/38/2379 2707/281/2792 2705/61/2402
f 2707/281/2792 2378/146/2580 2709/282/2793
f 2709/282/2793 2386/161/2567 2711/283/2794
f 2386/161/2567 2713/282/2795 2711/283/2794
f 2394/146/2552 2715/281/2796 2713/282/2795
f 2715/281/2796 2410/38/2525 2717/61/2797
f 2717/61/2797 2418/60/2511 2719/62/2798
f 2418/60/2511 2721/280/2799 2719/62/2798
f 2426/83/2496 2723/284/2800 2721/280/2799
f 2723/284/2800 2442/99/2469 2725/285/2801
f 2725/285/2801 2450/114/2455 2727/286/2802
f 2450/114/2455 2729/285/2803 2727/286/2802
f 2458/99/2440 2731/284/2804 2729/285/2803
f 2731/284/2804 2474/83/2424 2733/280/2791
f 2354/128/2595 2706/136/2805 2363/35/2376
f 2475/80/2421 2736/58/2399 2765/287/2806
f 2363/35/2376 2739/288/2807 2737/59/2400
f 2371/37/2378 2741/289/2808 2739/288/2807
f 2379/145/2579 2743/290/2809 2741/289/2808
f 2743/290/2809 2395/145/2551 2745/289/2810
f 2395/145/2551 2747/288/2811 2745/289/2810
f 2403/37/2538 2749/59/2812 2747/288/2811
f 2411/35/2524 2751/58/2813 2749/59/2812
f 2751/58/2813 2427/80/2495 2753/287/2814
f 2427/80/2495 2755/291/2815 2753/287/2814
f 2435/81/2482 2757/292/2816 2755/291/2815
f 2443/98/2468 2759/293/2817 2757/292/2816
f 2759/293/2817 2459/98/2439 2761/292/2818
f 2459/98/2439 2763/291/2819 2761/292/2818
f 2467/81/2422 2765/287/2806 2763/291/2819
f 2735/126/2592 2364/34/2375 2353/170/2593
f 2476/78/2419 2768/56/2397 2797/294/2820
f 2364/34/2375 2771/295/2821 2769/57/2398
f 2771/295/2821 2380/144/2577 2773/296/2822
f 2380/144/2577 2775/297/2823 2773/296/2822
f 2775/297/2823 2396/144/2550 2777/296/2824
f 2396/144/2550 2779/295/2825 2777/296/2824
f 2779/295/2825 2412/135/2522 2781/57/2826
f 2412/135/2522 2783/56/2827 2781/57/2826
f 2783/56/2827 2428/121/2494 2785/294/2828
f 2428/121/2494 2787/298/2829 2785/294/2828
f 2787/298/2829 2444/97/2466 2789/299/2830
f 2444/97/2466 2791/300/2831 2789/299/2830
f 2791/300/2831 2460/97/2438 2793/299/2832
f 2460/97/2438 2795/298/2833 2793/299/2832
f 2795/298/2833 2476/78/2419 2797/294/2820
f 2767/301/2834 2365/31/2372 2352/53/2394
f 2477/74/2415 2800/55/2396 2829/302/2835
f 2801/54/2395 2373/30/2371 2803/303/2836
f 2373/30/2371 2805/304/2837 2803/303/2836
f 2381/142/2576 2807/305/2838 2805/304/2837
f 2389/155/2561 2809/304/2839 2807/305/2838
f 2809/304/2839 2405/30/2534 2811/303/2840
f 2405/30/2534 2813/54/2841 2811/303/2840
f 2413/31/2521 2815/55/2842 2813/54/2841
f 2421/53/2505 2817/302/2843 2815/55/2842
f 2817/302/2843 2437/75/2478 2819/306/2844
f 2437/75/2478 2821/307/2845 2819/306/2844
f 2445/95/2465 2823/308/2846 2821/307/2845
f 2453/108/2449 2825/307/2847 2823/308/2846
f 2825/307/2847 2469/75/2416 2827/306/2848
f 2469/75/2416 2829/302/2835 2827/306/2848
f 2799/123/2849 2366/26/2367 2351/124/2590
f 2831/168/2585 2374/28/2369 2833/309/2850
f 2861/122/2851 2321/52/2393 2319/48/2389
f 2374/28/2369 2835/310/2852 2833/309/2850
f 2382/140/2574 2837/311/2853 2835/310/2852
f 2837/311/2853 2398/140/2546 2839/310/2854
f 2839/310/2854 2406/28/2532 2841/309/2855
f 2406/28/2532 2843/168/2856 2841/309/2855
f 2414/26/2519 2845/167/2857 2843/168/2856
f 2845/167/2857 2430/71/2490 2847/312/2858
f 2847/312/2858 2438/72/2476 2849/313/2859
f 2438/72/2476 2851/314/2860 2849/313/2859
f 2446/93/2463 2853/315/2861 2851/314/2860
f 2853/315/2861 2462/93/2434 2855/314/2862
f 2855/314/2862 2470/72/2413 2857/313/2863
f 2470/72/2413 2859/312/2864 2857/313/2863
f 2478/71/2412 2862/167/2584 2859/312/2864
f 2890/225/2865 2514/226/2675 2537/228/2677
f 2865/220/2669 2539/224/2673 2892/316/2866
f 2882/217/2867 2522/219/2692 2529/216/2695
f 2869/217/2666 2541/219/2668 2894/242/2868
f 2882/217/2867 2515/221/2670 2874/215/2869
f 2876/241/2691 2531/240/2690 2519/233/2704
f 2886/220/2870 2523/221/2701 2878/215/2664
f 2888/241/2871 2527/240/2697 2880/317/2872
f 2890/225/2865 2531/240/2690 2884/317/2873
f 2321/52/2393 2868/231/2712 2319/48/2389
f 2886/220/2870 2539/224/2673 2533/222/2686
f 2888/241/2871 2541/219/2668 2535/233/2682
f 2329/23/2545 2864/24/2365 2327/151/2557
f 2345/92/2433 2873/244/2705 2866/236/2874
f 2337/49/2489 2877/244/2699 2870/246/2875
f 2543/210/2652 2567/191/2618 2568/248/2729
f 2545/209/2648 2569/185/2612 2570/250/2730
f 2547/207/2645 2571/180/2607 2572/205/2643
f 2574/248/2726 2550/201/2723 2573/191/2631
f 2551/207/2715 2544/214/2720 2543/210/2652
f 2553/247/2716 2546/198/2721 2545/209/2648
f 2547/207/2645 2556/214/2660 2548/211/2722
f 2557/247/2718 2550/201/2723 2549/203/2639
f 2551/207/2715 2560/180/2656 2552/211/2655
f 2553/247/2716 2562/201/2636 2554/197/2635
f 2574/248/2726 2556/214/2660 2555/210/2717
f 2557/247/2718 2564/198/2627 2558/197/2626
f 2565/249/2728 2560/180/2656 2559/205/2724
f 2568/248/2729 2562/201/2636 2561/203/2725
f 2570/250/2730 2564/198/2627 2563/209/2727
f 2572/205/2643 2566/179/2606 2565/249/2728
f 2575/173/2600 2605/20/2360 2606/174/2601
f 2604/252/2732 2605/20/2360 2603/318/2876
f 2604/252/2732 2601/19/2358 2602/253/2733
f 2602/253/2733 2599/17/2355 2600/254/2734
f 2600/254/2734 2597/15/2353 2598/253/2735
f 2596/252/2737 2597/15/2353 2595/319/2877
f 2596/252/2737 2593/13/2351 2594/174/2738
f 2594/174/2738 2591/12/2348 2592/173/2739
f 2592/173/2739 2589/10/2346 2590/255/2740
f 2588/256/2741 2589/10/2346 2587/320/2878
f 2588/256/2741 2585/9/2344 2586/257/2742
f 2586/257/2742 2583/7/2341 2584/258/2743
f 2584/258/2743 2581/5/2339 2582/257/2744
f 2580/256/2745 2581/5/2339 2579/321/2879
f 2580/256/2745 2577/251/2731 2578/255/2746
f 2578/255/2746 2576/2/2336 2575/173/2600
f 2608/22/2362 2610/44/2385 2607/133/2761
f 2609/21/2361 2612/322/2880 2610/44/2385
f 2613/261/2749 2612/322/2880 2611/260/2748
f 2615/262/2750 2614/148/2582 2613/261/2749
f 2615/262/2750 2618/148/2554 2616/164/2570
f 2617/261/2751 2620/322/2881 2618/148/2554
f 2621/21/2753 2620/322/2881 2619/260/2752
f 2623/22/2754 2622/44/2527 2621/21/2753
f 2623/22/2754 2626/89/2498 2624/133/2514
f 2625/259/2755 2628/323/2882 2626/89/2498
f 2629/264/2757 2628/323/2882 2627/263/2756
f 2631/265/2758 2630/101/2471 2629/264/2757
f 2631/265/2758 2634/101/2442 2632/117/2458
f 2633/264/2759 2636/323/2883 2634/101/2442
f 2637/259/2747 2636/323/2883 2635/263/2760
f 2608/22/2362 2638/89/2430 2637/259/2747
f 2641/66/2407 2639/131/2597 2640/67/2408
f 2643/267/2763 2642/324/2884 2641/66/2407
f 2645/268/2764 2644/42/2383 2643/267/2763
f 2645/268/2764 2648/162/2568 2646/325/2885
f 2649/268/2766 2648/162/2568 2647/269/2765
f 2651/267/2767 2650/325/2886 2649/268/2766
f 2653/66/2768 2652/42/2541 2651/267/2767
f 2653/66/2768 2656/131/2512 2654/324/2887
f 2657/266/2770 2656/131/2512 2655/67/2769
f 2659/270/2771 2658/326/2888 2657/266/2770
f 2661/271/2772 2660/85/2485 2659/270/2771
f 2661/271/2772 2664/115/2456 2662/327/2889
f 2665/271/2774 2664/115/2456 2663/272/2773
f 2667/270/2775 2666/327/2890 2665/271/2774
f 2669/266/2762 2668/85/2426 2667/270/2775
f 2669/266/2762 2639/131/2597 2670/326/2891
f 2672/63/2404 2674/328/2892 2671/130/2790
f 2673/64/2405 2676/39/2380 2674/328/2892
f 2677/275/2778 2676/39/2380 2675/274/2777
f 2679/276/2779 2678/329/2893 2677/275/2778
f 2679/276/2779 2682/329/2894 2680/160/2566
f 2681/275/2780 2684/39/2539 2682/329/2894
f 2685/64/2782 2684/39/2539 2683/274/2781
f 2687/63/2783 2686/328/2895 2685/64/2782
f 2687/63/2783 2690/171/2896 2688/130/2510
f 2689/273/2784 2692/82/2483 2690/171/2896
f 2693/278/2786 2692/82/2483 2691/277/2785
f 2695/279/2787 2694/330/2897 2693/278/2786
f 2695/279/2787 2698/330/2898 2696/113/2454
f 2697/278/2788 2700/82/2423 2698/330/2898
f 2701/273/2776 2700/82/2423 2699/277/2789
f 2672/63/2404 2702/171/2596 2701/273/2776
f 2705/61/2402 2703/331/2899 2704/62/2403
f 2707/281/2792 2706/136/2805 2705/61/2402
f 2709/282/2793 2708/36/2377 2707/281/2792
f 2711/283/2794 2710/159/2578 2709/282/2793
f 2713/282/2795 2712/332/2900 2711/283/2794
f 2715/281/2796 2714/159/2565 2713/282/2795
f 2717/61/2797 2716/36/2537 2715/281/2796
f 2719/62/2798 2718/136/2523 2717/61/2797
f 2721/280/2799 2720/331/2901 2719/62/2798
f 2723/284/2800 2722/129/2509 2721/280/2799
f 2725/285/2801 2724/79/2481 2723/284/2800
f 2727/286/2802 2726/112/2467 2725/285/2801
f 2729/285/2803 2728/333/2902 2727/286/2802
f 2731/284/2804 2730/112/2453 2729/285/2803
f 2733/280/2791 2732/79/2420 2731/284/2804
f 2704/62/2403 2734/129/2594 2733/280/2791
f 2737/59/2400 2735/126/2592 2736/58/2399
f 2739/288/2807 2738/32/2373 2737/59/2400
f 2739/288/2807 2742/143/2587 2740/334/2903
f 2741/289/2808 2744/156/2562 2742/143/2587
f 2745/289/2810 2744/156/2562 2743/290/2809
f 2747/288/2811 2746/143/2549 2745/289/2810
f 2747/288/2811 2750/32/2536 2748/334/2904
f 2749/59/2812 2752/126/2506 2750/32/2536
f 2753/287/2814 2752/126/2506 2751/58/2813
f 2755/291/2815 2754/77/2493 2753/287/2814
f 2755/291/2815 2758/96/2480 2756/335/2905
f 2757/292/2816 2760/109/2450 2758/96/2480
f 2761/292/2818 2760/109/2450 2759/293/2817
f 2763/291/2819 2762/96/2437 2761/292/2818
f 2763/291/2819 2766/77/2418 2764/335/2906
f 2765/287/2806 2735/126/2592 2766/77/2418
f 2768/56/2397 2770/29/2370 2767/301/2834
f 2771/295/2821 2770/29/2370 2769/57/2398
f 2773/296/2822 2772/138/2586 2771/295/2821
f 2775/297/2823 2774/141/2575 2773/296/2822
f 2775/297/2823 2778/141/2547 2776/154/2560
f 2779/295/2825 2778/141/2547 2777/296/2824
f 2781/57/2826 2780/138/2533 2779/295/2825
f 2783/56/2827 2782/29/2520 2781/57/2826
f 2783/56/2827 2786/120/2491 2784/125/2504
f 2787/298/2829 2786/120/2491 2785/294/2828
f 2789/299/2830 2788/73/2477 2787/298/2829
f 2791/300/2831 2790/94/2464 2789/299/2830
f 2791/300/2831 2794/94/2435 2792/107/2448
f 2795/298/2833 2794/94/2435 2793/299/2832
f 2797/294/2820 2796/73/2414 2795/298/2833
f 2768/56/2397 2798/120/2591 2797/294/2820
f 2801/54/2395 2799/123/2849 2800/55/2396
f 2803/303/2836 2802/134/2907 2801/54/2395
f 2803/303/2836 2806/166/2573 2804/27/2368
f 2805/304/2837 2808/152/2558 2806/166/2573
f 2809/304/2839 2808/152/2558 2807/305/2838
f 2811/303/2840 2810/166/2908 2809/304/2839
f 2811/303/2840 2814/134/2518 2812/27/2531
f 2813/54/2841 2816/123/2502 2814/134/2518
f 2817/302/2843 2816/123/2502 2815/55/2842
f 2819/306/2844 2818/169/2909 2817/302/2843
f 2819/306/2844 2822/119/2462 2820/70/2475
f 2821/307/2845 2824/105/2446 2822/119/2462
f 2825/307/2847 2824/105/2446 2823/308/2846
f 2827/306/2848 2826/119/2910 2825/307/2847
f 2827/306/2848 2830/169/2589 2828/70/2411
f 2829/302/2835 2799/123/2849 2830/169/2589
f 2831/168/2585 2861/122/2851 2862/167/2584
f 2831/168/2585 2834/137/2588 2832/50/2391
f 2835/310/2852 2834/137/2588 2833/309/2850
f 2837/311/2853 2836/139/2572 2835/310/2852
f 2839/310/2854 2838/150/2556 2837/311/2853
f 2839/310/2854 2842/137/2529 2840/139/2544
f 2843/168/2856 2842/137/2529 2841/309/2855
f 2845/167/2857 2844/50/2516 2843/168/2856
f 2847/312/2858 2846/122/2500 2845/167/2857
f 2847/312/2858 2850/68/2473 2848/47/2488
f 2851/314/2860 2850/68/2473 2849/313/2859
f 2853/315/2861 2852/91/2460 2851/314/2860
f 2855/314/2862 2854/103/2444 2853/315/2861
f 2855/314/2862 2858/68/2409 2856/91/2432
f 2859/312/2864 2858/68/2409 2857/313/2863
f 2862/167/2584 2860/47/2388 2859/312/2864
f 2863/227/2676 2871/25/2707 2872/225/2674
f 2874/215/2869 2866/236/2874 2873/244/2705
f 2867/242/2693 2875/232/2702 2876/241/2691
f 2878/215/2664 2870/246/2875 2877/244/2699
f 2880/317/2872 2871/25/2707 2879/238/2696
f 2874/215/2869 2881/246/2713 2882/217/2867
f 2884/317/2873 2875/232/2702 2883/238/2688
f 2878/215/2664 2885/236/2685 2886/220/2870
f 2880/317/2872 2887/232/2681 2888/241/2871
f 2882/217/2867 2868/231/2712 2867/242/2693
f 2884/317/2873 2889/25/2366 2890/225/2865
f 2886/220/2870 2891/235/2684 2892/316/2866
f 2894/242/2868 2887/232/2681 2893/231/2680
f 2890/225/2865 2864/24/2365 2863/227/2676
f 2892/316/2866 2866/236/2874 2865/220/2669
f 2894/242/2868 2870/246/2875 2869/217/2666
f 2340/213/2736 2544/214/2720 2552/211/2655
f 2471/1/2335 2605/20/2360 2576/2/2336
f 2367/4/2338 2579/321/2879 2581/5/2339
f 2375/6/2340 2581/5/2339 2583/7/2341
f 2583/7/2341 2585/9/2344 2391/6/2343
f 2585/9/2344 2587/320/2878 2399/4/2345
f 2399/4/2345 2587/320/2878 2589/10/2346
f 2407/11/2347 2589/10/2346 2591/12/2348
f 2591/12/2348 2593/13/2351 2423/1/2350
f 2593/13/2351 2595/319/2877 2431/14/2352
f 2431/14/2352 2595/319/2877 2597/15/2353
f 2439/16/2354 2597/15/2353 2599/17/2355
f 2599/17/2355 2601/19/2358 2455/16/2357
f 2601/19/2358 2603/318/2876 2463/14/2359
f 2463/14/2359 2603/318/2876 2605/20/2360
f 2358/3/2337 2359/11/2363 2609/21/2361
f 2576/2/2336 2577/251/2731 2359/11/2363
f 2325/23/2364 2327/151/2557 2864/24/2365
f 2366/26/2367 2802/134/2907 2804/27/2368
f 2770/29/2370 2772/138/2586 2373/30/2371
f 2738/32/2373 2740/334/2903 2372/33/2374
f 2363/35/2376 2706/136/2805 2708/36/2377
f 2362/38/2379 2674/328/2892 2676/39/2380
f 2361/41/2382 2642/324/2884 2644/42/2383
f 2610/44/2385 2612/322/2880 2368/45/2386
f 2860/47/2388 2861/122/2851 2319/48/2389
f 2832/50/2391 2834/137/2588 2323/51/2392
f 2352/53/2394 2365/31/2372 2801/54/2395
f 2768/56/2397 2353/170/2593 2364/34/2375
f 2736/58/2399 2354/128/2595 2363/35/2376
f 2355/60/2401 2362/38/2379 2705/61/2402
f 2672/63/2404 2356/132/2598 2361/41/2382
f 2357/65/2406 2360/46/2387 2641/66/2407
f 2858/68/2409 2860/47/2388 2349/49/2390
f 2828/70/2411 2830/169/2589 2478/71/2412
f 2796/73/2414 2798/120/2591 2477/74/2415
f 2468/76/2417 2764/335/2906 2766/77/2418
f 2732/79/2420 2734/129/2594 2475/80/2421
f 2700/82/2423 2702/171/2596 2474/83/2424
f 2668/85/2426 2670/326/2891 2473/86/2427
f 2464/88/2429 2636/323/2883 2638/89/2430
f 2856/91/2432 2858/68/2409 2347/69/2410
f 2462/93/2434 2826/119/2910 2828/70/2411
f 2794/94/2435 2796/73/2414 2469/75/2416
f 2762/96/2437 2764/335/2906 2468/76/2417
f 2459/98/2439 2730/112/2453 2732/79/2420
f 2458/99/2440 2698/330/2898 2700/82/2423
f 2457/100/2441 2666/327/2890 2668/85/2426
f 2634/101/2442 2636/323/2883 2464/88/2429
f 2854/103/2444 2856/91/2432 2345/92/2433
f 2824/105/2446 2826/119/2910 2462/93/2434
f 2792/107/2448 2794/94/2435 2461/95/2436
f 2760/109/2450 2762/96/2437 2460/97/2438
f 2451/111/2452 2728/333/2902 2730/112/2453
f 2696/113/2454 2698/330/2898 2458/99/2440
f 2664/115/2456 2666/327/2890 2457/100/2441
f 2632/117/2458 2634/101/2442 2456/102/2443
f 2852/91/2460 2854/103/2444 2343/104/2445
f 2822/119/2462 2824/105/2446 2454/106/2447
f 2790/94/2464 2792/107/2448 2453/108/2449
f 2444/97/2466 2758/96/2480 2760/109/2450
f 2726/112/2467 2728/333/2902 2451/111/2452
f 2442/99/2469 2694/330/2897 2696/113/2454
f 2441/100/2470 2662/327/2889 2664/115/2456
f 2630/101/2471 2632/117/2458 2448/118/2459
f 2850/68/2473 2852/91/2460 2341/92/2461
f 2820/70/2475 2822/119/2462 2446/93/2463
f 2788/73/2477 2790/94/2464 2445/95/2465
f 2436/76/2479 2756/335/2905 2758/96/2480
f 2724/79/2481 2726/112/2467 2443/98/2468
f 2692/82/2483 2694/330/2897 2442/99/2469
f 2660/85/2485 2662/327/2889 2441/100/2470
f 2432/88/2487 2628/323/2882 2630/101/2471
f 2848/47/2488 2850/68/2473 2339/69/2474
f 2430/71/2490 2818/169/2909 2820/70/2475
f 2786/120/2491 2788/73/2477 2437/75/2478
f 2754/77/2493 2756/335/2905 2436/76/2479
f 2427/80/2495 2722/129/2509 2724/79/2481
f 2426/83/2496 2690/171/2896 2692/82/2483
f 2425/86/2497 2658/326/2888 2660/85/2485
f 2626/89/2498 2628/323/2882 2432/88/2487
f 2846/122/2500 2848/47/2488 2337/49/2489
f 2816/123/2502 2818/169/2909 2430/71/2490
f 2784/125/2504 2786/120/2491 2429/74/2492
f 2752/126/2506 2754/77/2493 2428/121/2494
f 2419/128/2508 2720/331/2901 2722/129/2509
f 2688/130/2510 2690/171/2896 2426/83/2496
f 2656/131/2512 2658/326/2888 2425/86/2497
f 2624/133/2514 2626/89/2498 2424/90/2499
f 2844/50/2516 2846/122/2500 2335/48/2501
f 2814/134/2518 2816/123/2502 2422/124/2503
f 2782/29/2520 2784/125/2504 2421/53/2505
f 2412/135/2522 2750/32/2536 2752/126/2506
f 2718/136/2523 2720/331/2901 2419/128/2508
f 2410/38/2525 2686/328/2895 2688/130/2510
f 2409/41/2526 2654/324/2887 2656/131/2512
f 2622/44/2527 2624/133/2514 2416/65/2515
f 2842/137/2529 2844/50/2516 2333/52/2517
f 2812/27/2531 2814/134/2518 2414/26/2519
f 2780/138/2533 2782/29/2520 2413/31/2521
f 2404/33/2535 2748/334/2904 2750/32/2536
f 2716/36/2537 2718/136/2523 2411/35/2524
f 2684/39/2539 2686/328/2895 2410/38/2525
f 2652/42/2541 2654/324/2887 2409/41/2526
f 2400/45/2543 2620/322/2881 2622/44/2527
f 2840/139/2544 2842/137/2529 2331/51/2530
f 2398/140/2546 2810/166/2908 2812/27/2531
f 2778/141/2547 2780/138/2533 2405/30/2534
f 2746/143/2549 2748/334/2904 2404/33/2535
f 2395/145/2551 2714/159/2565 2716/36/2537
f 2394/146/2552 2682/329/2894 2684/39/2539
f 2393/147/2553 2650/325/2886 2652/42/2541
f 2618/148/2554 2620/322/2881 2400/45/2543
f 2838/150/2556 2840/139/2544 2329/23/2545
f 2808/152/2558 2810/166/2908 2398/140/2546
f 2776/154/2560 2778/141/2547 2397/142/2548
f 2744/156/2562 2746/143/2549 2396/144/2550
f 2387/158/2564 2712/332/2900 2714/159/2565
f 2680/160/2566 2682/329/2894 2394/146/2552
f 2648/162/2568 2650/325/2886 2393/147/2553
f 2616/164/2570 2618/148/2554 2392/149/2555
f 2836/139/2572 2838/150/2556 2327/151/2557
f 2806/166/2573 2808/152/2558 2390/153/2559
f 2774/141/2575 2776/154/2560 2389/155/2561
f 2380/144/2577 2742/143/2587 2744/156/2562
f 2710/159/2578 2712/332/2900 2387/158/2564
f 2378/146/2580 2678/329/2893 2680/160/2566
f 2377/147/2581 2646/325/2885 2648/162/2568
f 2614/148/2582 2616/164/2570 2384/165/2571
f 2862/167/2584 2351/124/2590 2366/26/2367
f 2804/27/2368 2806/166/2573 2382/140/2574
f 2772/138/2586 2774/141/2575 2381/142/2576
f 2372/33/2374 2740/334/2903 2742/143/2587
f 2708/36/2377 2710/159/2578 2379/145/2579
f 2676/39/2380 2678/329/2893 2378/146/2580
f 2644/42/2383 2646/325/2885 2377/147/2581
f 2368/45/2386 2612/322/2880 2614/148/2582
f 2834/137/2588 2836/139/2572 2325/23/2364
f 2830/169/2589 2799/123/2849 2351/124/2590
f 2798/120/2591 2767/301/2834 2352/53/2394
f 2476/78/2419 2766/77/2418 2735/126/2592
f 2734/129/2594 2703/331/2899 2354/128/2595
f 2702/171/2596 2671/130/2790 2355/60/2401
f 2473/86/2427 2670/326/2891 2639/131/2597
f 2638/89/2430 2607/133/2761 2357/65/2406
f 2350/172/2599 2320/192/2632 2575/173/2600
f 2487/175/2602 2510/193/2621 2509/176/2603
f 2346/178/2605 2344/194/2623 2566/179/2606
f 2508/181/2608 2507/196/2625 2484/182/2609
f 2326/184/2611 2564/198/2627 2569/185/2612
f 2506/187/2614 2505/200/2634 2480/188/2615
f 2334/190/2617 2562/201/2636 2567/191/2618
f 2504/175/2620 2503/177/2638 2509/176/2603
f 2342/178/2622 2560/180/2656 2566/179/2606
f 2502/195/2624 2501/204/2642 2507/196/2625
f 2326/184/2611 2324/212/2658 2558/197/2626
f 2500/199/2628 2499/208/2647 2492/188/2629
f 2350/172/2599 2556/214/2660 2573/191/2631
f 2498/195/2633 2497/204/2651 2505/200/2634
f 2334/190/2617 2332/212/2662 2554/197/2635
f 2504/175/2620 2496/206/2654 2495/202/2637
f 2549/203/2639 2574/248/2726 2491/189/2630
f 2502/195/2624 2494/187/2640 2493/200/2641
f 2572/205/2643 2487/175/2602 2490/206/2644
f 2500/199/2628 2490/206/2644 2489/202/2646
f 2545/209/2648 2570/250/2730 2483/183/2610
f 2498/195/2633 2486/181/2649 2485/196/2650
f 2543/210/2652 2568/248/2729 2479/189/2616
f 2482/199/2653 2481/208/2663 2495/202/2637
f 2342/178/2622 2340/213/2736 2552/211/2655
f 2494/187/2640 2491/189/2630 2492/188/2629
f 2322/190/2657 2550/201/2723 2558/197/2626
f 2490/206/2644 2487/175/2602 2488/177/2604
f 2348/213/2659 2548/211/2722 2556/214/2660
f 2486/181/2649 2483/183/2610 2484/182/2609
f 2330/184/2661 2546/198/2721 2554/197/2635
f 2482/199/2653 2479/189/2616 2480/188/2615
f 2878/215/2664 2523/221/2701 2526/216/2665
f 2526/216/2665 2525/243/2710 2542/218/2667
f 2865/220/2669 2874/215/2869 2515/221/2670
f 2518/222/2671 2517/237/2714 2540/223/2672
f 2872/225/2674 2511/228/2708 2514/226/2675
f 2537/228/2677 2514/226/2675 2513/229/2678
f 2333/52/2517 2335/48/2501 2893/231/2680
f 2535/233/2682 2541/219/2668 2542/218/2667
f 2341/92/2461 2343/104/2445 2891/235/2684
f 2533/222/2686 2539/224/2673 2540/223/2672
f 2325/23/2364 2889/25/2366 2883/238/2688
f 2537/228/2677 2538/230/2679 2532/239/2689
f 2876/241/2691 2519/233/2704 2522/219/2692
f 2522/219/2692 2521/218/2711 2530/243/2694
f 2333/52/2517 2887/232/2681 2879/238/2696
f 2527/240/2697 2535/233/2682 2536/234/2683
f 2341/92/2461 2885/236/2685 2877/244/2699
f 2533/222/2686 2534/237/2687 2524/245/2700
f 2321/52/2393 2323/51/2392 2883/238/2688
f 2531/240/2690 2532/239/2689 2520/234/2703
f 2349/49/2390 2881/246/2713 2873/244/2705
f 2529/216/2695 2530/243/2694 2516/245/2706
f 2329/23/2545 2331/51/2530 2879/238/2696
f 2511/228/2708 2527/240/2697 2528/239/2698
f 2872/225/2674 2880/317/2872 2527/240/2697
f 2526/216/2665 2523/221/2701 2524/245/2700
f 2337/49/2489 2870/246/2875 2893/231/2680
f 2519/233/2704 2520/234/2703 2521/218/2711
f 2349/49/2390 2319/48/2389 2868/231/2712
f 2518/222/2671 2515/221/2670 2516/245/2706
f 2345/92/2433 2866/236/2874 2891/235/2684
f 2511/228/2708 2512/230/2709 2513/229/2678
f 2543/210/2652 2482/199/2653 2496/206/2654
f 2553/247/2716 2545/209/2648 2486/181/2649
f 2555/210/2717 2547/207/2645 2490/206/2644
f 2549/203/2639 2494/187/2640 2502/195/2624
f 2338/172/2719 2336/192/2619 2567/191/2618
f 2330/184/2661 2328/186/2613 2569/185/2612
f 2346/178/2605 2571/180/2607 2548/211/2722
f 2322/190/2657 2320/192/2632 2573/191/2631
f 2559/205/2724 2551/207/2715 2496/206/2654
f 2561/203/2725 2553/247/2716 2498/195/2633
f 2555/210/2717 2500/199/2628 2491/189/2630
f 2557/247/2718 2502/195/2624 2508/181/2608
f 2559/205/2724 2504/175/2620 2510/193/2621
f 2561/203/2725 2506/187/2614 2479/189/2616
f 2563/209/2727 2508/181/2608 2483/183/2610
f 2572/205/2643 2565/249/2728 2510/193/2621
f 2577/251/2731 2579/321/2879 2367/4/2338
f 2348/213/2659 2350/172/2599 2606/174/2601
f 2346/178/2605 2348/213/2659 2604/252/2732
f 2344/194/2623 2346/178/2605 2602/253/2733
f 2342/178/2622 2344/194/2623 2600/254/2734
f 2340/213/2736 2342/178/2622 2598/253/2735
f 2338/172/2719 2340/213/2736 2596/252/2737
f 2336/192/2619 2338/172/2719 2594/174/2738
f 2334/190/2617 2336/192/2619 2592/173/2739
f 2332/212/2662 2334/190/2617 2590/255/2740
f 2330/184/2661 2332/212/2662 2588/256/2741
f 2328/186/2613 2330/184/2661 2586/257/2742
f 2326/184/2611 2328/186/2613 2584/258/2743
f 2324/212/2658 2326/184/2611 2582/257/2744
f 2322/190/2657 2324/212/2658 2580/256/2745
f 2320/192/2632 2322/190/2657 2578/255/2746
f 2471/1/2335 2358/3/2337 2608/22/2362
f 2359/11/2363 2367/4/2338 2611/260/2748
f 2611/260/2748 2367/4/2338 2375/6/2340
f 2375/6/2340 2383/8/2342 2615/262/2750
f 2383/8/2342 2391/6/2343 2617/261/2751
f 2391/6/2343 2399/4/2345 2619/260/2752
f 2619/260/2752 2399/4/2345 2407/11/2347
f 2407/11/2347 2415/3/2349 2623/22/2754
f 2415/3/2349 2423/1/2350 2625/259/2755
f 2423/1/2350 2431/14/2352 2627/263/2756
f 2627/263/2756 2431/14/2352 2439/16/2354
f 2439/16/2354 2447/18/2356 2631/265/2758
f 2447/18/2356 2455/16/2357 2633/264/2759
f 2455/16/2357 2463/14/2359 2635/263/2760
f 2635/263/2760 2463/14/2359 2471/1/2335
f 2607/133/2761 2610/44/2385 2360/46/2387
f 2472/90/2431 2357/65/2406 2640/67/2408
f 2360/46/2387 2368/45/2386 2643/267/2763
f 2368/45/2386 2376/149/2583 2645/268/2764
f 2376/149/2583 2384/165/2571 2647/269/2765
f 2384/165/2571 2392/149/2555 2649/268/2766
f 2392/149/2555 2400/45/2543 2651/267/2767
f 2400/45/2543 2408/46/2528 2653/66/2768
f 2408/46/2528 2416/65/2515 2655/67/2769
f 2416/65/2515 2424/90/2499 2657/266/2770
f 2424/90/2499 2432/88/2487 2659/270/2771
f 2432/88/2487 2440/102/2472 2661/271/2772
f 2440/102/2472 2448/118/2459 2663/272/2773
f 2448/118/2459 2456/102/2443 2665/271/2774
f 2456/102/2443 2464/88/2429 2667/270/2775
f 2464/88/2429 2472/90/2431 2669/266/2762
f 2639/131/2597 2642/324/2884 2361/41/2382
f 2473/86/2427 2356/132/2598 2672/63/2404
f 2673/64/2405 2361/41/2382 2369/43/2384
f 2369/43/2384 2377/147/2581 2677/275/2778
f 2377/147/2581 2385/163/2569 2679/276/2779
f 2679/276/2779 2385/163/2569 2393/147/2553
f 2681/275/2780 2393/147/2553 2401/43/2542
f 2401/43/2542 2409/41/2526 2685/64/2782
f 2409/41/2526 2417/132/2513 2687/63/2783
f 2687/63/2783 2417/132/2513 2425/86/2497
f 2689/273/2784 2425/86/2497 2433/87/2486
f 2433/87/2486 2441/100/2470 2693/278/2786
f 2441/100/2470 2449/116/2457 2695/279/2787
f 2695/279/2787 2449/116/2457 2457/100/2441
f 2697/278/2788 2457/100/2441 2465/87/2428
f 2465/87/2428 2473/86/2427 2701/273/2776
f 2671/130/2790 2674/328/2892 2362/38/2379
f 2733/280/2791 2474/83/2424 2355/60/2401
f 2362/38/2379 2370/40/2381 2707/281/2792
f 2707/281/2792 2370/40/2381 2378/146/2580
f 2709/282/2793 2378/146/2580 2386/161/2567
f 2386/161/2567 2394/146/2552 2713/282/2795
f 2394/146/2552 2402/40/2540 2715/281/2796
f 2715/281/2796 2402/40/2540 2410/38/2525
f 2717/61/2797 2410/38/2525 2418/60/2511
f 2418/60/2511 2426/83/2496 2721/280/2799
f 2426/83/2496 2434/84/2484 2723/284/2800
f 2723/284/2800 2434/84/2484 2442/99/2469
f 2725/285/2801 2442/99/2469 2450/114/2455
f 2450/114/2455 2458/99/2440 2729/285/2803
f 2458/99/2440 2466/84/2425 2731/284/2804
f 2731/284/2804 2466/84/2425 2474/83/2424
f 2354/128/2595 2703/331/2899 2706/136/2805
f 2475/80/2421 2354/128/2595 2736/58/2399
f 2363/35/2376 2371/37/2378 2739/288/2807
f 2371/37/2378 2379/145/2579 2741/289/2808
f 2379/145/2579 2387/158/2564 2743/290/2809
f 2743/290/2809 2387/158/2564 2395/145/2551
f 2395/145/2551 2403/37/2538 2747/288/2811
f 2403/37/2538 2411/35/2524 2749/59/2812
f 2411/35/2524 2419/128/2508 2751/58/2813
f 2751/58/2813 2419/128/2508 2427/80/2495
f 2427/80/2495 2435/81/2482 2755/291/2815
f 2435/81/2482 2443/98/2468 2757/292/2816
f 2443/98/2468 2451/111/2452 2759/293/2817
f 2759/293/2817 2451/111/2452 2459/98/2439
f 2459/98/2439 2467/81/2422 2763/291/2819
f 2467/81/2422 2475/80/2421 2765/287/2806
f 2735/126/2592 2738/32/2373 2364/34/2375
f 2476/78/2419 2353/170/2593 2768/56/2397
f 2364/34/2375 2372/33/2374 2771/295/2821
f 2771/295/2821 2372/33/2374 2380/144/2577
f 2380/144/2577 2388/157/2563 2775/297/2823
f 2775/297/2823 2388/157/2563 2396/144/2550
f 2396/144/2550 2404/33/2535 2779/295/2825
f 2779/295/2825 2404/33/2535 2412/135/2522
f 2412/135/2522 2420/127/2507 2783/56/2827
f 2783/56/2827 2420/127/2507 2428/121/2494
f 2428/121/2494 2436/76/2479 2787/298/2829
f 2787/298/2829 2436/76/2479 2444/97/2466
f 2444/97/2466 2452/110/2451 2791/300/2831
f 2791/300/2831 2452/110/2451 2460/97/2438
f 2460/97/2438 2468/76/2417 2795/298/2833
f 2795/298/2833 2468/76/2417 2476/78/2419
f 2767/301/2834 2770/29/2370 2365/31/2372
f 2477/74/2415 2352/53/2394 2800/55/2396
f 2801/54/2395 2365/31/2372 2373/30/2371
f 2373/30/2371 2381/142/2576 2805/304/2837
f 2381/142/2576 2389/155/2561 2807/305/2838
f 2389/155/2561 2397/142/2548 2809/304/2839
f 2809/304/2839 2397/142/2548 2405/30/2534
f 2405/30/2534 2413/31/2521 2813/54/2841
f 2413/31/2521 2421/53/2505 2815/55/2842
f 2421/53/2505 2429/74/2492 2817/302/2843
f 2817/302/2843 2429/74/2492 2437/75/2478
f 2437/75/2478 2445/95/2465 2821/307/2845
f 2445/95/2465 2453/108/2449 2823/308/2846
f 2453/108/2449 2461/95/2436 2825/307/2847
f 2825/307/2847 2461/95/2436 2469/75/2416
f 2469/75/2416 2477/74/2415 2829/302/2835
f 2799/123/2849 2802/134/2907 2366/26/2367
f 2831/168/2585 2366/26/2367 2374/28/2369
f 2861/122/2851 2832/50/2391 2321/52/2393
f 2374/28/2369 2382/140/2574 2835/310/2852
f 2382/140/2574 2390/153/2559 2837/311/2853
f 2837/311/2853 2390/153/2559 2398/140/2546
f 2839/310/2854 2398/140/2546 2406/28/2532
f 2406/28/2532 2414/26/2519 2843/168/2856
f 2414/26/2519 2422/124/2503 2845/167/2857
f 2845/167/2857 2422/124/2503 2430/71/2490
f 2847/312/2858 2430/71/2490 2438/72/2476
f 2438/72/2476 2446/93/2463 2851/314/2860
f 2446/93/2463 2454/106/2447 2853/315/2861
f 2853/315/2861 2454/106/2447 2462/93/2434
f 2855/314/2862 2462/93/2434 2470/72/2413
f 2470/72/2413 2478/71/2412 2859/312/2864
f 2478/71/2412 2351/124/2590 2862/167/2584
f 2890/225/2865 2863/227/2676 2514/226/2675
f 2865/220/2669 2518/222/2671 2539/224/2673
f 2882/217/2867 2867/242/2693 2522/219/2692
f 2869/217/2666 2526/216/2665 2541/219/2668
f 2882/217/2867 2529/216/2695 2515/221/2670
f 2876/241/2691 2884/317/2873 2531/240/2690
f 2886/220/2870 2533/222/2686 2523/221/2701
f 2888/241/2871 2535/233/2682 2527/240/2697
f 2890/225/2865 2537/228/2677 2531/240/2690
f 2321/52/2393 2875/232/2702 2868/231/2712
f 2886/220/2870 2892/316/2866 2539/224/2673
f 2888/241/2871 2894/242/2868 2541/219/2668
f 2329/23/2545 2871/25/2707 2864/24/2365
f 2345/92/2433 2347/69/2410 2873/244/2705
f 2337/49/2489 2339/69/2474 2877/244/2699
f 2543/210/2652 2544/214/2720 2567/191/2618
f 2545/209/2648 2546/198/2721 2569/185/2612
f 2547/207/2645 2548/211/2722 2571/180/2607
f 2574/248/2726 2549/203/2639 2550/201/2723
f 2551/207/2715 2552/211/2655 2544/214/2720
f 2553/247/2716 2554/197/2635 2546/198/2721
f 2547/207/2645 2555/210/2717 2556/214/2660
f 2557/247/2718 2558/197/2626 2550/201/2723
f 2551/207/2715 2559/205/2724 2560/180/2656
f 2553/247/2716 2561/203/2725 2562/201/2636
f 2574/248/2726 2573/191/2631 2556/214/2660
f 2557/247/2718 2563/209/2727 2564/198/2627
f 2565/249/2728 2566/179/2606 2560/180/2656
f 2568/248/2729 2567/191/2618 2562/201/2636
f 2570/250/2730 2569/185/2612 2564/198/2627
f 2572/205/2643 2571/180/2607 2566/179/2606
f 2575/173/2600 2576/2/2336 2605/20/2360
f 2604/252/2732 2606/174/2601 2605/20/2360
f 2604/252/2732 2603/318/2876 2601/19/2358
f 2602/253/2733 2601/19/2358 2599/17/2355
f 2600/254/2734 2599/17/2355 2597/15/2353
f 2596/252/2737 2598/253/2735 2597/15/2353
f 2596/252/2737 2595/319/2877 2593/13/2351
f 2594/174/2738 2593/13/2351 2591/12/2348
f 2592/173/2739 2591/12/2348 2589/10/2346
f 2588/256/2741 2590/255/2740 2589/10/2346
f 2588/256/2741 2587/320/2878 2585/9/2344
f 2586/257/2742 2585/9/2344 2583/7/2341
f 2584/258/2743 2583/7/2341 2581/5/2339
f 2580/256/2745 2582/257/2744 2581/5/2339
f 2580/256/2745 2579/321/2879 2577/251/2731
f 2578/255/2746 2577/251/2731 2576/2/2336
f 2608/22/2362 2609/21/2361 2610/44/2385
f 2609/21/2361 2611/260/2748 2612/322/2880
f 2613/261/2749 2614/148/2582 2612/322/2880
f 2615/262/2750 2616/164/2570 2614/148/2582
f 2615/262/2750 2617/261/2751 2618/148/2554
f 2617/261/2751 2619/260/2752 2620/322/2881
f 2621/21/2753 2622/44/2527 2620/322/2881
f 2623/22/2754 2624/133/2514 2622/44/2527
f 2623/22/2754 2625/259/2755 2626/89/2498
f 2625/259/2755 2627/263/2756 2628/323/2882
f 2629/264/2757 2630/101/2471 2628/323/2882
f 2631/265/2758 2632/117/2458 2630/101/2471
f 2631/265/2758 2633/264/2759 2634/101/2442
f 2633/264/2759 2635/263/2760 2636/323/2883
f 2637/259/2747 2638/89/2430 2636/323/2883
f 2608/22/2362 2607/133/2761 2638/89/2430
f 2641/66/2407 2642/324/2884 2639/131/2597
f 2643/267/2763 2644/42/2383 2642/324/2884
f 2645/268/2764 2646/325/2885 2644/42/2383
f 2645/268/2764 2647/269/2765 2648/162/2568
f 2649/268/2766 2650/325/2886 2648/162/2568
f 2651/267/2767 2652/42/2541 2650/325/2886
f 2653/66/2768 2654/324/2887 2652/42/2541
f 2653/66/2768 2655/67/2769 2656/131/2512
f 2657/266/2770 2658/326/2888 2656/131/2512
f 2659/270/2771 2660/85/2485 2658/326/2888
f 2661/271/2772 2662/327/2889 2660/85/2485
f 2661/271/2772 2663/272/2773 2664/115/2456
f 2665/271/2774 2666/327/2890 2664/115/2456
f 2667/270/2775 2668/85/2426 2666/327/2890
f 2669/266/2762 2670/326/2891 2668/85/2426
f 2669/266/2762 2640/67/2408 2639/131/2597
f 2672/63/2404 2673/64/2405 2674/328/2892
f 2673/64/2405 2675/274/2777 2676/39/2380
f 2677/275/2778 2678/329/2893 2676/39/2380
f 2679/276/2779 2680/160/2566 2678/329/2893
f 2679/276/2779 2681/275/2780 2682/329/2894
f 2681/275/2780 2683/274/2781 2684/39/2539
f 2685/64/2782 2686/328/2895 2684/39/2539
f 2687/63/2783 2688/130/2510 2686/328/2895
f 2687/63/2783 2689/273/2784 2690/171/2896
f 2689/273/2784 2691/277/2785 2692/82/2483
f 2693/278/2786 2694/330/2897 2692/82/2483
f 2695/279/2787 2696/113/2454 2694/330/2897
f 2695/279/2787 2697/278/2788 2698/330/2898
f 2697/278/2788 2699/277/2789 2700/82/2423
f 2701/273/2776 2702/171/2596 2700/82/2423
f 2672/63/2404 2671/130/2790 2702/171/2596
f 2705/61/2402 2706/136/2805 2703/331/2899
f 2707/281/2792 2708/36/2377 2706/136/2805
f 2709/282/2793 2710/159/2578 2708/36/2377
f 2711/283/2794 2712/332/2900 2710/159/2578
f 2713/282/2795 2714/159/2565 2712/332/2900
f 2715/281/2796 2716/36/2537 2714/159/2565
f 2717/61/2797 2718/136/2523 2716/36/2537
f 2719/62/2798 2720/331/2901 2718/136/2523
f 2721/280/2799 2722/129/2509 2720/331/2901
f 2723/284/2800 2724/79/2481 2722/129/2509
f 2725/285/2801 2726/112/2467 2724/79/2481
f 2727/286/2802 2728/333/2902 2726/112/2467
f 2729/285/2803 2730/112/2453 2728/333/2902
f 2731/284/2804 2732/79/2420 2730/112/2453
f 2733/280/2791 2734/129/2594 2732/79/2420
f 2704/62/2403 2703/331/2899 2734/129/2594
f 2737/59/2400 2738/32/2373 2735/126/2592
f 2739/288/2807 2740/334/2903 2738/32/2373
f 2739/288/2807 2741/289/2808 2742/143/2587
f 2741/289/2808 2743/290/2809 2744/156/2562
f 2745/289/2810 2746/143/2549 2744/156/2562
f 2747/288/2811 2748/334/2904 2746/143/2549
f 2747/288/2811 2749/59/2812 2750/32/2536
f 2749/59/2812 2751/58/2813 2752/126/2506
f 2753/287/2814 2754/77/2493 2752/126/2506
f 2755/291/2815 2756/335/2905 2754/77/2493
f 2755/291/2815 2757/292/2816 2758/96/2480
f 2757/292/2816 2759/293/2817 2760/109/2450
f 2761/292/2818 2762/96/2437 2760/109/2450
f 2763/291/2819 2764/335/2906 2762/96/2437
f 2763/291/2819 2765/287/2806 2766/77/2418
f 2765/287/2806 2736/58/2399 2735/126/2592
f 2768/56/2397 2769/57/2398 2770/29/2370
f 2771/295/2821 2772/138/2586 2770/29/2370
f 2773/296/2822 2774/141/2575 2772/138/2586
f 2775/297/2823 2776/154/2560 2774/141/2575
f 2775/297/2823 2777/296/2824 2778/141/2547
f 2779/295/2825 2780/138/2533 2778/141/2547
f 2781/57/2826 2782/29/2520 2780/138/2533
f 2783/56/2827 2784/125/2504 2782/29/2520
f 2783/56/2827 2785/294/2828 2786/120/2491
f 2787/298/2829 2788/73/2477 2786/120/2491
f 2789/299/2830 2790/94/2464 2788/73/2477
f 2791/300/2831 2792/107/2448 2790/94/2464
f 2791/300/2831 2793/299/2832 2794/94/2435
f 2795/298/2833 2796/73/2414 2794/94/2435
f 2797/294/2820 2798/120/2591 2796/73/2414
f 2768/56/2397 2767/301/2834 2798/120/2591
f 2801/54/2395 2802/134/2907 2799/123/2849
f 2803/303/2836 2804/27/2368 2802/134/2907
f 2803/303/2836 2805/304/2837 2806/166/2573
f 2805/304/2837 2807/305/2838 2808/152/2558
f 2809/304/2839 2810/166/2908 2808/152/2558
f 2811/303/2840 2812/27/2531 2810/166/2908
f 2811/303/2840 2813/54/2841 2814/134/2518
f 2813/54/2841 2815/55/2842 2816/123/2502
f 2817/302/2843 2818/169/2909 2816/123/2502
f 2819/306/2844 2820/70/2475 2818/169/2909
f 2819/306/2844 2821/307/2845 2822/119/2462
f 2821/307/2845 2823/308/2846 2824/105/2446
f 2825/307/2847 2826/119/2910 2824/105/2446
f 2827/306/2848 2828/70/2411 2826/119/2910
f 2827/306/2848 2829/302/2835 2830/169/2589
f 2829/302/2835 2800/55/2396 2799/123/2849
f 2831/168/2585 2832/50/2391 2861/122/2851
f 2831/168/2585 2833/309/2850 2834/137/2588
f 2835/310/2852 2836/139/2572 2834/137/2588
f 2837/311/2853 2838/150/2556 2836/139/2572
f 2839/310/2854 2840/139/2544 2838/150/2556
f 2839/310/2854 2841/309/2855 2842/137/2529
f 2843/168/2856 2844/50/2516 2842/137/2529
f 2845/167/2857 2846/122/2500 2844/50/2516
f 2847/312/2858 2848/47/2488 2846/122/2500
f 2847/312/2858 2849/313/2859 2850/68/2473
f 2851/314/2860 2852/91/2460 2850/68/2473
f 2853/315/2861 2854/103/2444 2852/91/2460
f 2855/314/2862 2856/91/2432 2854/103/2444
f 2855/314/2862 2857/313/2863 2858/68/2409
f 2859/312/2864 2860/47/2388 2858/68/2409
f 2862/167/2584 2861/122/2851 2860/47/2388
f 2863/227/2676 2864/24/2365 2871/25/2707
f 2874/215/2869 2865/220/2669 2866/236/2874
f 2867/242/2693 2868/231/2712 2875/232/2702
f 2878/215/2664 2869/217/2666 2870/246/2875
f 2880/317/2872 2872/225/2674 2871/25/2707
f 2874/215/2869 2873/244/2705 2881/246/2713
f 2884/317/2873 2876/241/2691 2875/232/2702
f 2878/215/2664 2877/244/2699 2885/236/2685
f 2880/317/2872 2879/238/2696 2887/232/2681
f 2882/217/2867 2881/246/2713 2868/231/2712
f 2884/317/2873 2883/238/2688 2889/25/2366
f 2886/220/2870 2885/236/2685 2891/235/2684
f 2894/242/2868 2888/241/2871 2887/232/2681
f 2890/225/2865 2889/25/2366 2864/24/2365
f 2892/316/2866 2891/235/2684 2866/236/2874
f 2894/242/2868 2893/231/2680 2870/246/2875
f 2340/213/2736 2338/172/2719 2544/214/2720
usemtl マテリアル.013
f 2944/336/2911 2905/337/2912 2903/338/2911
f 2928/339/2913 2912/340/2914 2914/341/2913
f 2916/342/581 2908/343/581 2900/344/581
f 2909/345/582 2917/346/582 2925/347/582
f 2946/348/2915 2923/349/2916 2921/350/2915
f 2948/351/2917 2896/352/2918 2895/353/2917
f 2930/354/2912 2904/355/2911 2906/356/2912
f 2932/357/2916 2922/358/2915 2924/359/2916
f 2934/360/2918 2898/361/2917 2897/362/2918
f 2950/363/2913 2915/364/2919 2913/365/2913
f 2928/339/2913 2916/342/2919 2935/366/2919
f 2951/367/2920 2905/337/2912 2943/368/2912
f 2952/369/2921 2923/349/2916 2945/370/2916
f 2930/354/2912 2908/343/2920 2936/371/2920
f 2932/357/2916 2926/372/2921 2937/373/2921
f 2953/374/2922 2896/352/2918 2947/375/2918
f 2954/376/2923 2915/364/2919 2949/377/2919
f 2934/360/2918 2900/344/2922 2938/378/2922
f 2935/366/2919 2918/379/2923 2939/380/2923
f 2951/367/2920 2909/345/2924 2907/381/2920
f 2948/351/2917 2925/347/2921 2952/369/2921
f 2936/371/2920 2910/382/2924 2940/383/2924
f 2937/373/2921 2898/361/2917 2933/384/2917
f 2956/385/2925 2899/386/2922 2953/374/2922
f 2957/387/2926 2917/346/2923 2954/376/2923
f 2938/378/2922 2902/388/2925 2941/389/2925
f 2939/380/2923 2920/390/2926 2942/391/2926
f 2955/392/2924 2911/393/2914 2909/345/2924
f 2940/383/2924 2912/340/2914 2927/394/2914
f 2944/336/2911 2901/395/2925 2956/385/2925
f 2946/348/2915 2919/396/2926 2957/387/2926
f 2941/389/2925 2904/355/2911 2929/397/2911
f 2942/391/2926 2922/358/2915 2931/398/2915
f 2950/363/2913 2911/393/2914 2958/399/2914
f 2959/400/2914 2964/401/2914 2960/402/2914
f 2961/403/581 2959/404/581 2960/405/2927
f 2963/406/2928 2959/407/581 2961/408/581
f 2962/409/2914 2964/401/2914 2959/400/2914
f 2963/406/2928 2962/410/2928 2959/407/581
f 2964/401/2914 2962/409/2914 2965/411/2914
f 2967/412/582 2964/413/582 2965/414/2929
f 2966/415/2914 2960/402/2914 2964/401/2914
f 2968/416/2930 2966/417/2931 2964/418/582
f 2968/416/2930 2964/418/582 2967/419/582
f 2969/420/2932 2966/417/2931 2968/416/2930
f 2968/421/2917 2970/422/2917 2969/423/2917
f 2971/424/2917 2968/421/2917 2967/425/2917
f 2970/422/2917 2968/421/2917 2971/424/2917
f 2971/424/2917 2967/425/2917 2961/426/2917
f 2961/403/581 2960/405/2927 2971/427/2927
f 2971/427/2927 2960/405/2927 2972/428/2933
f 2971/427/2927 2972/428/2933 2970/429/2933
f 2960/402/2914 2966/415/2914 2972/430/2914
f 2970/429/2933 2972/428/2933 2973/431/2934
f 2972/430/2914 2974/432/2914 2973/433/2914
f 2972/430/2914 2966/415/2914 2974/432/2914
f 2974/434/2935 2969/420/2932 2975/435/2936
f 2975/436/2914 2973/433/2914 2974/432/2914
f 2969/420/2932 2974/434/2935 2966/417/2931
f 2975/436/2914 2976/437/2914 2978/438/2914
f 2977/439/2937 2976/440/2938 2975/435/2936
f 2975/435/2936 2969/420/2932 2977/439/2937
f 2973/433/2914 2975/436/2914 2978/438/2914
f 2981/441/2939 2973/431/2934 2978/442/2940
f 2981/441/2939 2978/442/2940 2979/443/2941
f 2979/443/2941 2978/442/2940 2980/444/2942
f 2978/438/2914 2976/437/2914 2980/445/2914
f 2981/446/2917 2969/423/2917 2970/422/2917
f 2970/429/2933 2973/431/2934 2981/441/2939
f 2979/447/2917 2977/448/2917 2981/446/2917
f 2977/448/2917 2969/423/2917 2981/446/2917
f 2979/443/2941 2980/444/2942 2982/449/2943
f 2982/449/2943 2980/444/2942 2983/450/2944
f 2980/445/2914 2985/451/2914 2983/452/2914
f 2980/445/2914 2976/437/2914 2984/453/2914
f 2984/453/2914 2985/451/2914 2980/445/2914
f 2988/454/2945 2986/455/2946 2985/456/2947
f 2983/452/2914 2985/451/2914 2986/457/2914
f 2987/458/2948 2985/456/2947 2984/459/2949
f 2985/456/2947 2987/458/2948 2988/454/2945
f 2990/460/2917 2988/461/2917 2987/462/2917
f 2990/460/2917 2989/463/2917 2988/461/2917
f 2988/454/2945 2989/464/2950 2986/455/2946
f 2990/460/2917 2987/462/2917 2982/465/2917
f 2982/449/2943 2983/450/2944 2990/466/2951
f 2990/466/2951 2983/450/2944 2992/467/2952
f 2991/468/2917 2989/463/2917 2990/460/2917
f 2990/466/2951 2992/467/2952 2991/469/2953
f 2983/452/2914 2986/457/2914 2992/470/2914
f 2991/469/2953 2992/467/2952 2993/471/2954
f 2992/470/2914 2994/472/2914 2993/473/2914
f 2992/470/2914 2986/457/2914 2994/472/2914
f 2996/474/2955 2995/475/2956 2994/476/2957
f 2994/472/2914 2995/477/2914 2993/473/2914
f 2989/464/2950 2994/476/2957 2986/455/2946
f 2989/464/2950 2996/474/2955 2994/476/2957
f 2996/478/2917 2989/463/2917 2991/468/2917
f 2997/479/2917 2996/478/2917 2998/480/2917
f 2996/474/2955 2997/481/2958 2995/475/2956
f 2998/480/2917 2996/478/2917 2991/468/2917
f 2991/469/2953 2993/471/2954 2998/482/2959
f 2998/482/2959 2993/471/2954 3000/483/2960
f 2999/484/2917 2997/479/2917 2998/480/2917
f 2998/482/2959 3000/483/2960 2999/485/2961
f 2993/473/2914 2995/477/2914 3000/486/2914
f 2999/485/2961 3000/483/2960 3001/487/2962
f 3000/486/2914 3002/488/2914 3001/489/2914
f 3000/486/2914 2995/477/2914 3002/488/2914
f 3004/490/2963 3003/491/2964 3002/492/2965
f 3001/489/2914 3002/488/2914 3003/493/2914
f 2997/481/2958 3002/492/2965 2995/475/2956
f 2997/481/2958 3004/490/2963 3002/492/2965
f 2997/479/2917 2999/484/2917 3004/494/2917
f 3006/495/2917 3005/496/2917 3004/494/2917
f 3004/490/2963 3005/497/2966 3003/491/2964
f 3006/495/2917 3004/494/2917 2999/484/2917
f 2999/485/2961 3001/487/2962 3006/498/2967
f 3006/498/2967 3001/487/2962 3008/499/2968
f 3007/500/2917 3005/496/2917 3006/495/2917
f 3006/498/2967 3008/499/2968 3007/501/2969
f 3001/489/2914 3011/502/2970 3008/503/2914
f 3008/499/2971 3010/504/2972 3007/501/2973
f 3008/503/2914 3012/505/2974 3009/506/2975
f 3008/499/2971 3009/507/2976 3010/504/2972
f 3011/502/2970 3012/505/2974 3008/503/2914
f 3005/497/2977 3012/508/2978 3011/509/2979
f 3010/510/2980 3012/511/2981 3013/511/2982
f 3005/497/2977 3013/512/2983 3012/508/2978
f 3010/510/2980 3009/510/2984 3012/511/2981
f 3005/496/2917 3007/500/2917 3013/513/2917
f 3010/514/2917 3013/513/2917 3007/500/2917
f 3005/497/2966 3011/509/2985 3003/491/2964
f 3003/493/2914 3011/502/2970 3001/489/2914
f 2984/459/2949 3014/515/2986 2987/458/2948
f 2982/465/2917 2987/462/2917 3014/516/2917
f 3014/515/2986 2976/440/2938 2977/439/2937
f 2979/447/2917 3014/516/2917 2977/448/2917
f 2982/465/2917 3014/516/2917 2979/447/2917
f 2984/459/2949 2976/440/2938 3014/515/2986
f 2967/412/582 2965/414/2929 3015/517/2987
f 2967/425/2917 3015/518/2917 2963/519/2917
f 2961/426/2917 2967/425/2917 2963/519/2917
f 3015/517/2987 3018/520/2988 3016/521/2989
f 3016/522/2917 3017/523/2917 3015/518/2917
f 3015/517/2987 2965/414/2929 3018/520/2988
f 2963/519/2917 3015/518/2917 3017/523/2917
f 3021/524/2914 3018/525/2914 2965/411/2914
f 3019/526/2914 3018/525/2914 3020/527/2914
f 3016/521/2989 3018/520/2988 3019/528/2990
f 3020/527/2914 3018/525/2914 3021/524/2914
f 3022/529/2991 3020/530/2992 3021/531/2993
f 3022/529/2991 3021/531/2993 3017/532/2993
f 3017/532/2993 3021/531/2993 2962/410/2928
f 3021/524/2914 2965/411/2914 2962/409/2914
f 3022/533/2917 3024/534/2917 3023/535/2917
f 3023/536/2994 3020/530/2992 3022/529/2991
f 3017/523/2917 3016/522/2917 3022/533/2917
f 3022/533/2917 3016/522/2917 3024/534/2917
f 3024/537/2995 3019/528/2990 3025/538/2996
f 3024/534/2917 3025/539/2917 3023/535/2917
f 3016/521/2989 3019/528/2990 3024/537/2995
f 3025/538/2996 3028/540/2997 3026/541/2998
f 3025/539/2917 3026/542/2917 3027/543/2917
f 3025/538/2996 3019/528/2990 3028/540/2997
f 3023/535/2917 3025/539/2917 3027/543/2917
f 3031/544/2914 3028/545/2914 3019/526/2914
f 3029/546/2914 3028/545/2914 3030/547/2914
f 3026/541/2998 3028/540/2997 3029/548/2999
f 3030/547/2914 3028/545/2914 3031/544/2914
f 3027/549/3000 3030/550/3001 3031/551/3002
f 3027/549/3000 3031/551/3002 3023/536/2994
f 3023/536/2994 3031/551/3002 3020/530/2992
f 3031/544/2914 3019/526/2914 3020/527/2914
f 3032/552/2914 3029/546/2914 3030/547/2914
f 3033/553/3003 3032/554/3004 3030/550/3001
f 3033/553/3003 3030/550/3001 3027/549/3000
f 3033/555/2917 3035/556/2917 3034/557/2917
f 3034/558/3005 3032/554/3004 3033/553/3003
f 3027/543/2917 3026/542/2917 3033/555/2917
f 3033/555/2917 3026/542/2917 3035/556/2917
f 3035/559/3006 3037/560/3007 3036/561/3008
f 3034/557/2917 3035/556/2917 3036/562/3009
f 3026/541/2998 3029/548/2999 3035/559/3006
f 3035/559/3006 3029/548/2999 3037/560/3007
f 3032/552/2914 3037/563/2914 3029/546/2914
f 3038/564/2914 3037/563/2914 3039/565/2914
f 3036/561/3008 3037/560/3007 3038/566/3010
f 3039/565/2914 3037/563/2914 3040/567/2914
f 3040/567/2914 3037/563/2914 3032/552/2914
f 3041/568/3011 3039/569/3012 3040/570/3013
f 3040/570/3013 3032/554/3004 3034/558/3005
f 3040/570/3013 3034/558/3005 3041/568/3011
f 3041/571/3014 3043/572/3015 3042/573/2917
f 3039/569/3012 3041/568/3011 3042/574/3016
f 3034/557/2917 3036/562/3009 3041/571/3014
f 3041/571/3014 3036/562/3009 3043/572/3015
f 3043/575/3017 3045/576/3018 3044/577/3019
f 3042/573/2917 3043/572/3015 3044/578/3020
f 3036/561/3008 3038/566/3010 3043/575/3017
f 3043/575/3017 3038/566/3010 3045/576/3018
f 3045/579/2914 3038/564/2914 3039/565/2914
f 3045/579/2914 3047/580/2914 3046/581/2914
f 3044/577/3019 3045/576/3018 3046/582/3021
f 3047/580/2914 3045/579/2914 3048/583/2914
f 3048/583/2914 3045/579/2914 3039/565/2914
f 3049/584/3022 3047/585/3023 3048/586/3024
f 3049/584/3022 3048/586/3024 3042/574/3016
f 3048/586/3024 3039/569/3012 3042/574/3016
f 3049/587/3025 3052/588/3025 3050/589/3026
f 3051/590/3027 3049/584/3022 3050/591/3028
f 3051/590/3027 3047/585/3023 3049/584/3022
f 3042/573/2917 3044/578/3020 3049/587/3025
f 3049/587/3025 3044/578/3020 3052/588/3025
f 3052/592/3029 3054/593/3030 3053/594/3031
f 3052/588/3025 3053/595/3032 3050/589/3026
f 3044/577/3019 3046/582/3021 3052/592/3029
f 3052/592/3029 3046/582/3021 3054/593/3030
f 3051/596/2914 3054/597/2914 3046/581/2914
f 3055/598/2914 3054/597/2914 3051/596/2914
f 3053/594/3031 3054/593/3030 3055/599/3033
f 3055/598/2914 3057/600/2914 3056/601/2914
f 3053/594/3034 3055/599/3035 3056/602/3036
f 3057/600/2914 3055/598/2914 3051/596/2914
f 3057/603/3037 3050/591/3028 3058/604/3038
f 3058/604/3039 3059/605/3040 3057/603/3041
f 3059/606/2914 3056/601/2914 3057/600/2914
f 3057/603/3037 3051/590/3027 3050/591/3028
f 3059/607/3042 3060/607/3043 3062/608/3044
f 3058/604/3039 3060/609/3045 3059/605/3040
f 3059/607/3042 3062/608/3044 3061/608/3046
f 3061/610/2914 3056/601/2914 3059/606/2914
f 3053/594/3034 3056/602/3036 3062/611/3047
f 3058/612/3048 3053/595/3032 3062/613/3049
f 3056/602/3036 3061/614/3050 3062/611/3047
f 3058/612/3048 3062/613/3049 3060/615/3051
f 3050/589/3026 3053/595/3032 3058/612/3048
f 3051/596/2914 3046/581/2914 3047/580/2914
f 3017/532/2993 2962/410/2928 2963/406/2928
f 3063/616/3052 3067/617/3053 3064/618/3054
f 3065/619/3055 3063/616/3052 3064/618/3054
f 3065/620/3056 3069/621/3057 3063/622/3058
f 3063/622/3058 3068/623/2917 3066/624/2917
f 3063/625/3052 3066/626/3059 3067/627/3053
f 3063/622/3058 3069/621/3057 3068/623/2917
f 3065/620/3056 3070/628/3060 3069/621/3057
f 3069/629/3061 3070/630/3062 3072/631/3063
f 3068/632/3064 3069/633/3061 3071/634/3065
f 3069/629/3061 3072/631/3063 3071/635/3065
f 3064/636/3066 3071/637/3067 3072/638/3068
f 3070/630/3062 3073/639/3069 3072/631/3063
f 3075/640/3070 3072/638/3068 3073/641/3071
f 3064/636/3066 3072/638/3068 3074/642/2914
f 3074/642/2914 3072/638/3068 3075/640/3070
f 3076/643/3072 3074/644/3073 3075/645/3074
f 3078/646/3075 3076/643/3072 3075/645/3074
f 3075/640/3070 3073/641/3071 3077/647/3076
f 3078/646/3075 3075/645/3074 3077/648/3077
f 3078/649/3078 3080/650/3079 3076/651/3080
f 3079/652/3081 3078/646/3075 3077/648/3077
f 3079/653/3057 3080/650/3079 3078/649/3078
f 3082/654/3082 3080/655/3083 3081/656/3084
f 3080/650/3079 3079/653/3057 3081/657/3085
f 3080/655/3083 3073/639/3069 3070/630/3062
f 3080/650/3079 3070/628/3060 3076/651/3080
f 3080/655/3083 3082/654/3082 3073/639/3069
f 3077/647/3076 3073/641/3071 3082/658/3086
f 3084/659/2914 3082/658/3086 3083/660/2914
f 3081/656/3084 3083/661/3087 3082/654/3082
f 3077/647/3076 3082/658/3086 3084/659/2914
f 3079/652/3081 3077/648/3077 3084/662/3088
f 3086/663/3089 3079/652/3081 3084/662/3088
f 3084/659/2914 3083/660/2914 3085/664/2914
f 3086/663/3089 3084/662/3088 3085/665/3090
f 3086/666/3091 3081/657/3085 3079/653/3057
f 3087/667/3092 3086/663/3089 3085/665/3090
f 3087/668/3093 3081/657/3085 3086/666/3091
f 3087/667/3092 3085/665/3090 3088/669/3094
f 3089/670/3095 3087/667/3092 3088/669/3094
f 3089/671/3096 3090/672/3097 3087/668/3093
f 3090/672/3097 3081/657/3085 3087/668/3093
f 3091/673/3098 3092/674/3099 3090/675/3100
f 3090/672/3097 3089/671/3096 3091/676/3101
f 3090/675/3100 3083/661/3087 3081/656/3084
f 3090/675/3100 3092/674/3099 3083/661/3087
f 3088/677/2914 3083/660/2914 3092/678/2914
f 3094/679/2914 3092/678/2914 3093/680/2914
f 3091/673/3098 3093/681/3102 3092/674/3099
f 3088/677/2914 3092/678/2914 3094/679/2914
f 3089/670/3095 3088/669/3094 3094/682/3103
f 3096/683/3104 3089/670/3095 3094/682/3103
f 3094/679/2914 3093/680/2914 3095/684/2914
f 3096/683/3104 3094/682/3103 3095/685/3105
f 3096/686/3106 3091/676/3101 3089/671/3096
f 3097/687/3107 3096/683/3104 3095/685/3105
f 3097/688/3079 3091/676/3101 3096/686/3106
f 3097/687/3107 3095/685/3105 3098/689/3108
f 3099/690/3109 3097/687/3107 3098/689/3108
f 3097/688/3079 3099/691/3110 3100/692/3111
f 3091/676/3101 3097/688/3079 3100/692/3111
f 3100/693/3112 3103/694/3113 3091/673/3098
f 3101/695/3114 3102/696/3115 3100/693/3112
f 3101/697/3116 3100/692/3111 3099/691/3110
f 3100/693/3112 3102/696/3115 3103/694/3113
f 3103/698/3117 3095/684/2914 3093/680/2914
f 3091/673/3098 3103/694/3113 3093/681/3102
f 3103/698/3117 3102/699/3118 3104/700/3119
f 3098/701/3117 3103/698/3117 3104/700/3119
f 3095/684/2914 3103/698/3117 3098/701/3117
f 3099/690/3109 3098/689/3108 3104/702/3120
f 3106/703/3121 3099/690/3109 3104/702/3120
f 3104/700/3119 3107/704/3122 3105/705/3123
f 3106/703/3121 3104/702/3120 3105/706/3124
f 3104/700/3119 3102/699/3118 3107/704/3122
f 3101/695/3114 3107/707/3125 3102/696/3115
f 3109/708/3126 3108/709/3127 3107/707/3125
f 3108/710/3128 3105/705/3123 3107/704/3122
f 3109/708/3126 3107/707/3125 3101/695/3114
f 3110/711/3129 3108/709/3127 3109/708/3126
f 3110/712/3009 3109/713/3130 3111/714/3131
f 3106/715/3116 3109/713/3130 3101/697/3116
f 3111/714/3131 3109/713/3130 3106/715/3116
f 3111/716/3132 3106/703/3121 3105/706/3124
f 3112/717/3009 3110/712/3009 3111/714/3131
f 3112/718/3133 3111/716/3132 3105/706/3124
f 3112/718/3133 3105/706/3124 3113/719/3134
f 3114/720/3135 3112/718/3133 3113/719/3134
f 3114/721/3025 3115/722/3136 3112/717/3009
f 3110/712/3009 3112/717/3009 3115/722/3136
f 3118/723/3137 3116/724/3138 3115/722/3136
f 3115/725/3139 3116/726/3140 3120/727/3141
f 3115/725/3139 3117/728/3142 3110/711/3129
f 3115/725/3139 3119/729/3143 3117/728/3142
f 3118/723/3137 3115/722/3136 3114/721/3025
f 3115/725/3139 3120/727/3141 3119/729/3143
f 3119/730/3144 3120/731/3145 3123/732/3146
f 3116/726/3140 3121/733/3147 3120/727/3141
f 3121/734/3148 3122/735/3117 3120/731/3145
f 3123/732/3146 3120/731/3145 3122/735/3117
f 3113/736/3149 3119/730/3144 3123/732/3146
f 3114/720/3135 3113/719/3134 3123/737/3150
f 3118/738/3151 3114/720/3135 3123/737/3150
f 3118/738/3151 3123/737/3150 3122/739/3152
f 3124/740/3153 3118/738/3151 3122/739/3152
f 3122/735/3117 3121/734/3148 3067/741/3067
f 3066/626/3059 3122/739/3152 3067/627/3053
f 3066/626/3059 3124/740/3153 3122/739/3152
f 3124/742/2917 3125/743/2917 3118/723/3137
f 3066/624/2917 3125/743/2917 3124/742/2917
f 3066/624/2917 3068/623/2917 3125/743/2917
f 3125/744/3154 3068/632/3064 3121/733/3147
f 3118/723/3137 3125/743/2917 3116/724/3138
f 3116/726/3140 3125/744/3154 3121/733/3147
f 3068/632/3064 3071/634/3065 3121/733/3147
f 3121/734/3148 3071/637/3067 3067/741/3067
f 3113/736/3149 3117/745/3117 3119/730/3144
f 3110/711/3129 3117/728/3142 3108/709/3127
f 3108/710/3128 3117/745/3117 3113/736/3149
f 3105/705/3123 3108/710/3128 3113/736/3149
f 3106/715/3116 3101/697/3116 3099/691/3110
f 3085/664/2914 3083/660/2914 3088/677/2914
f 3076/651/3080 3070/628/3060 3065/620/3056
f 3076/643/3072 3065/619/3055 3074/644/3073
f 3065/619/3055 3064/618/3054 3074/644/3073
f 3067/741/3067 3071/637/3067 3064/636/3066
f 2944/336/2911 2943/368/2912 2905/337/2912
f 2928/339/2913 2927/394/2914 2912/340/2914
f 2900/344/581 2897/362/581 2898/361/581
f 2898/361/581 2926/372/581 2924/359/581
f 2924/359/581 2922/358/581 2920/390/581
f 2920/390/581 2918/379/581 2924/359/581
f 2918/379/581 2916/342/581 2924/359/581
f 2916/342/581 2914/341/581 2912/340/581
f 2912/340/581 2910/382/581 2908/343/581
f 2908/343/581 2906/356/581 2900/344/581
f 2906/356/581 2904/355/581 2900/344/581
f 2904/355/581 2902/388/581 2900/344/581
f 2900/344/581 2898/361/581 2924/359/581
f 2916/342/581 2912/340/581 2908/343/581
f 2900/344/581 2924/359/581 2916/342/581
f 2925/347/582 2895/353/582 2896/352/582
f 2896/352/582 2899/386/582 2901/395/582
f 2901/395/582 2903/338/582 2905/337/582
f 2905/337/582 2907/381/582 2909/345/582
f 2909/345/582 2911/393/582 2913/365/582
f 2913/365/582 2915/364/582 2917/346/582
f 2917/346/582 2919/396/582 2921/350/582
f 2921/350/582 2923/349/582 2917/346/582
f 2923/349/582 2925/347/582 2917/346/582
f 2925/347/582 2896/352/582 2901/395/582
f 2901/395/582 2905/337/582 2909/345/582
f 2909/345/582 2913/365/582 2917/346/582
f 2925/347/582 2901/395/582 2909/345/582
f 2946/348/2915 2945/370/2916 2923/349/2916
f 2948/351/2917 2947/375/2918 2896/352/2918
f 2930/354/2912 2929/397/2911 2904/355/2911
f 2932/357/2916 2931/398/2915 2922/358/2915
f 2934/360/2918 2933/384/2917 2898/361/2917
f 2950/363/2913 2949/377/2919 2915/364/2919
f 2928/339/2913 2914/341/2913 2916/342/2919
f 2951/367/2920 2907/381/2920 2905/337/2912
f 2952/369/2921 2925/347/2921 2923/349/2916
f 2930/354/2912 2906/356/2912 2908/343/2920
f 2932/357/2916 2924/359/2916 2926/372/2921
f 2953/374/2922 2899/386/2922 2896/352/2918
f 2954/376/2923 2917/346/2923 2915/364/2919
f 2934/360/2918 2897/362/2918 2900/344/2922
f 2935/366/2919 2916/342/2919 2918/379/2923
f 2951/367/2920 2955/392/2924 2909/345/2924
f 2948/351/2917 2895/353/2917 2925/347/2921
f 2936/371/2920 2908/343/2920 2910/382/2924
f 2937/373/2921 2926/372/2921 2898/361/2917
f 2956/385/2925 2901/395/2925 2899/386/2922
f 2957/387/2926 2919/396/2926 2917/346/2923
f 2938/378/2922 2900/344/2922 2902/388/2925
f 2939/380/2923 2918/379/2923 2920/390/2926
f 2955/392/2924 2958/399/2914 2911/393/2914
f 2940/383/2924 2910/382/2924 2912/340/2914
f 2944/336/2911 2903/338/2911 2901/395/2925
f 2946/348/2915 2921/350/2915 2919/396/2926
f 2941/389/2925 2902/388/2925 2904/355/2911
f 2942/391/2926 2920/390/2926 2922/358/2915
f 2950/363/2913 2913/365/2913 2911/393/2914
usemtl マテリアル.014
f 3278/1/3155 3383/2/3156 3165/3/3157
f 3174/4/3158 3388/5/3159 3182/6/3160
f 3182/6/3160 3390/7/3161 3190/8/3162
f 3390/7/3161 3198/6/3163 3190/8/3162
f 3392/9/3164 3206/4/3165 3198/6/3163
f 3206/4/3165 3396/10/3166 3214/11/3167
f 3214/11/3167 3398/12/3168 3222/3/3169
f 3398/12/3168 3230/1/3170 3222/3/3169
f 3400/13/3171 3238/14/3172 3230/1/3170
f 3238/14/3172 3404/15/3173 3246/16/3174
f 3246/16/3174 3406/17/3175 3254/18/3176
f 3406/17/3175 3262/16/3177 3254/18/3176
f 3408/19/3178 3270/14/3179 3262/16/3177
f 3270/14/3179 3412/20/3180 3278/1/3155
f 3165/3/3157 3416/21/3181 3415/22/3182
f 3383/2/3156 3166/11/3183 3165/3/3157
f 3132/23/3184 3671/24/3185 3696/25/3186
f 3173/26/3187 3611/27/3188 3181/28/3189
f 3577/29/3190 3180/30/3191 3172/31/3192
f 3545/32/3193 3179/33/3194 3171/34/3195
f 3170/35/3196 3515/36/3197 3178/37/3198
f 3169/38/3199 3483/39/3200 3177/40/3201
f 3168/41/3202 3451/42/3203 3176/43/3204
f 3417/44/3205 3175/45/3206 3167/46/3207
f 3667/47/3208 3126/48/3209 3156/49/3210
f 3639/50/3211 3130/51/3212 3128/52/3213
f 3159/53/3214 3608/54/3215 3607/55/3216
f 3575/56/3217 3171/34/3195 3576/57/3218
f 3543/58/3219 3170/35/3196 3544/59/3220
f 3162/60/3221 3512/61/3222 3511/62/3223
f 3479/63/3224 3168/41/3202 3480/64/3225
f 3164/65/3226 3448/66/3227 3447/67/3228
f 3665/68/3229 3156/49/3210 3154/69/3230
f 3635/70/3231 3285/71/3232 3277/72/3233
f 3603/73/3234 3284/74/3235 3276/75/3236
f 3275/76/3237 3573/77/3238 3283/78/3239
f 3539/79/3240 3282/80/3241 3274/81/3242
f 3507/82/3243 3281/83/3244 3273/84/3245
f 3475/85/3246 3280/86/3247 3272/87/3248
f 3271/88/3249 3445/89/3250 3279/90/3251
f 3663/91/3252 3154/69/3230 3152/92/3253
f 3269/93/3254 3635/70/3231 3277/72/3233
f 3601/94/3255 3276/75/3236 3268/95/3256
f 3569/96/3257 3275/76/3237 3267/97/3258
f 3266/98/3259 3539/79/3240 3274/81/3242
f 3265/99/3260 3507/82/3243 3273/84/3245
f 3264/100/3261 3475/85/3246 3272/87/3248
f 3441/101/3262 3271/88/3249 3263/102/3263
f 3661/103/3264 3152/92/3253 3150/104/3265
f 3631/105/3266 3269/93/3254 3261/106/3267
f 3599/107/3268 3268/95/3256 3260/108/3269
f 3567/109/3270 3267/97/3258 3259/110/3271
f 3258/111/3272 3537/112/3273 3266/98/3259
f 3503/113/3274 3265/99/3260 3257/114/3275
f 3471/115/3276 3264/100/3261 3256/116/3277
f 3439/117/3278 3263/102/3263 3255/118/3279
f 3659/91/3280 3150/104/3265 3148/92/3281
f 3629/119/3282 3261/106/3267 3253/93/3283
f 3597/94/3284 3260/108/3269 3252/95/3285
f 3251/97/3286 3567/109/3270 3259/110/3271
f 3533/112/3287 3258/111/3272 3250/98/3288
f 3249/99/3289 3503/113/3274 3257/114/3275
f 3248/100/3290 3471/115/3276 3256/116/3277
f 3437/101/3291 3255/118/3279 3247/102/3292
f 3657/68/3293 3148/92/3281 3146/69/3294
f 3627/70/3295 3253/93/3283 3245/72/3296
f 3595/73/3297 3252/95/3285 3244/75/3298
f 3243/76/3299 3565/96/3300 3251/97/3286
f 3531/79/3301 3250/98/3288 3242/81/3302
f 3499/82/3303 3249/99/3289 3241/84/3304
f 3467/85/3305 3248/100/3290 3240/87/3306
f 3239/88/3307 3437/101/3291 3247/102/3292
f 3655/47/3308 3146/69/3294 3144/49/3309
f 3237/71/3310 3627/70/3295 3245/72/3296
f 3593/120/3311 3244/75/3298 3236/74/3312
f 3561/77/3313 3243/76/3299 3235/121/3314
f 3234/80/3315 3531/79/3301 3242/81/3302
f 3233/83/3316 3499/82/3303 3241/84/3304
f 3232/86/3317 3467/85/3305 3240/87/3306
f 3433/89/3318 3239/88/3307 3231/90/3319
f 3653/122/3320 3144/49/3309 3142/48/3321
f 3623/123/3322 3237/71/3310 3229/124/3323
f 3591/125/3324 3236/74/3312 3228/53/3325
f 3559/126/3326 3235/121/3314 3227/127/3327
f 3226/128/3328 3529/129/3329 3234/80/3315
f 3495/130/3330 3233/83/3316 3225/60/3331
f 3463/131/3332 3232/86/3317 3224/132/3333
f 3431/133/3334 3231/90/3319 3223/65/3335
f 3651/50/3336 3142/48/3321 3140/52/3337
f 3621/134/3338 3229/124/3323 3221/26/3339
f 3589/29/3340 3228/53/3325 3220/31/3341
f 3219/135/3342 3559/126/3326 3227/127/3327
f 3525/136/3343 3226/128/3328 3218/35/3344
f 3217/38/3345 3495/130/3330 3225/60/3331
f 3216/41/3346 3463/131/3332 3224/132/3333
f 3429/44/3347 3223/65/3335 3215/46/3348
f 3649/137/3349 3140/52/3337 3138/51/3350
f 3619/27/3351 3221/26/3339 3213/28/3352
f 3587/138/3353 3220/31/3341 3212/30/3354
f 3211/33/3355 3557/32/3356 3219/135/3342
f 3523/36/3357 3218/35/3344 3210/37/3358
f 3491/39/3359 3217/38/3345 3209/40/3360
f 3459/42/3361 3216/41/3346 3208/43/3362
f 3207/45/3363 3429/44/3347 3215/46/3348
f 3647/139/3364 3138/51/3350 3136/23/3365
f 3205/140/3366 3619/27/3351 3213/28/3352
f 3585/141/3367 3212/30/3354 3204/142/3368
f 3553/143/3369 3211/33/3355 3203/144/3370
f 3202/145/3371 3523/36/3357 3210/37/3358
f 3201/146/3372 3491/39/3359 3209/40/3360
f 3200/147/3373 3459/42/3361 3208/43/3362
f 3425/148/3374 3207/45/3363 3199/149/3375
f 3645/150/3376 3136/23/3365 3134/151/3377
f 3615/152/3378 3205/140/3366 3197/153/3379
f 3583/154/3380 3204/142/3368 3196/155/3381
f 3551/156/3382 3203/144/3370 3195/157/3383
f 3194/158/3384 3521/159/3385 3202/145/3371
f 3487/160/3386 3201/146/3372 3193/161/3387
f 3455/162/3388 3200/147/3373 3192/163/3389
f 3423/164/3390 3199/149/3375 3191/165/3391
f 3643/139/3392 3134/151/3377 3132/23/3184
f 3613/166/3393 3197/153/3379 3189/140/3394
f 3581/141/3395 3196/155/3381 3188/142/3396
f 3187/144/3397 3551/156/3382 3195/157/3383
f 3517/159/3398 3194/158/3384 3186/145/3399
f 3185/146/3400 3487/160/3386 3193/161/3387
f 3184/147/3401 3455/162/3388 3192/163/3389
f 3421/148/3402 3191/165/3391 3183/149/3403
f 3669/167/3404 3173/26/3187 3638/168/3405
f 3611/27/3188 3189/140/3394 3181/28/3189
f 3579/138/3406 3188/142/3396 3180/30/3191
f 3179/33/3194 3549/143/3407 3187/144/3397
f 3515/36/3197 3186/145/3399 3178/37/3198
f 3483/39/3200 3185/146/3400 3177/40/3201
f 3451/42/3203 3184/147/3401 3176/43/3204
f 3175/45/3206 3421/148/3402 3183/149/3403
f 3641/137/3408 3132/23/3184 3130/51/3212
f 3637/169/3409 3158/124/3410 3285/71/3232
f 3605/120/3411 3159/53/3214 3284/74/3235
f 3283/78/3239 3542/126/3412 3160/170/3413
f 3541/129/3414 3161/128/3415 3282/80/3241
f 3509/171/3416 3162/60/3221 3281/83/3244
f 3280/86/3247 3446/131/3417 3163/132/3418
f 3445/89/3250 3164/65/3226 3279/90/3251
f 3157/172/3419 3382/173/3420 3413/174/3421
f 3294/175/3422 3316/176/3423 3295/177/3424
f 3153/178/3425 3373/179/3426 3378/180/3427
f 3315/181/3428 3291/182/3429 3290/183/3430
f 3133/184/3431 3376/185/3432 3135/186/3433
f 3313/187/3434 3287/188/3435 3286/189/3436
f 3141/190/3437 3374/191/3438 3143/192/3439
f 3311/175/3440 3316/176/3423 3317/193/3441
f 3149/178/3442 3373/179/3426 3151/194/3443
f 3309/195/3444 3314/196/3445 3315/181/3428
f 3133/184/3431 3365/197/3446 3371/198/3447
f 3307/199/3448 3299/188/3449 3298/189/3450
f 3157/172/3419 3380/191/3451 3127/192/3452
f 3305/195/3453 3312/200/3454 3313/187/3434
f 3141/190/3437 3361/197/3455 3369/201/3456
f 3311/175/3440 3302/202/3457 3310/177/3458
f 3356/203/3459 3298/189/3450 3301/187/3460
f 3309/195/3444 3300/200/3461 3308/204/3462
f 3379/205/3463 3297/206/3464 3354/207/3465
f 3307/199/3448 3296/202/3466 3306/208/3467
f 3352/209/3468 3290/183/3430 3293/181/3469
f 3305/195/3453 3292/196/3470 3304/204/3471
f 3350/210/3472 3286/189/3436 3289/199/3473
f 3289/199/3473 3302/202/3457 3303/206/3474
f 3149/178/3442 3359/211/3475 3367/180/3476
f 3301/187/3460 3299/188/3449 3300/200/3461
f 3129/190/3477 3365/197/3446 3131/212/3478
f 3297/206/3464 3295/177/3424 3296/202/3466
f 3155/213/3479 3363/214/3480 3157/172/3419
f 3293/181/3469 3291/182/3429 3292/196/3470
f 3137/184/3481 3361/197/3455 3139/212/3482
f 3289/199/3473 3287/188/3435 3288/208/3483
f 3685/215/3484 3333/216/3485 3676/217/3486
f 3333/216/3485 3349/218/3487 3348/219/3488
f 3672/220/3489 3322/221/3490 3325/222/3491
f 3325/222/3491 3347/223/3492 3346/224/3493
f 3679/225/3494 3321/226/3495 3670/227/3496
f 3344/228/3497 3320/229/3498 3345/230/3499
f 3140/52/3337 3700/231/3500 3694/232/3501
f 3342/233/3502 3349/218/3487 3343/234/3503
f 3148/92/3281 3698/235/3504 3692/236/3505
f 3340/222/3506 3347/223/3492 3341/237/3507
f 3132/23/3184 3690/238/3508 3130/51/3212
f 3344/228/3497 3339/239/3509 3338/240/3510
f 3683/241/3511 3329/219/3512 3674/242/3513
f 3329/219/3512 3337/243/3514 3336/216/3515
f 3140/52/3337 3686/238/3516 3138/51/3350
f 3334/240/3517 3343/234/3503 3335/239/3518
f 3148/92/3281 3684/244/3519 3146/69/3294
f 3340/222/3506 3331/245/3520 3330/221/3521
f 3128/52/3213 3690/238/3508 3682/232/3522
f 3338/240/3510 3327/234/3523 3326/233/3524
f 3156/49/3210 3680/244/3525 3154/69/3230
f 3336/216/3515 3323/245/3526 3322/221/3490
f 3136/23/3365 3686/238/3516 3678/25/3527
f 3318/228/3528 3335/239/3518 3319/230/3529
f 3679/225/3494 3334/240/3517 3318/228/3528
f 3333/216/3485 3331/245/3520 3332/243/3530
f 3144/49/3309 3700/231/3500 3142/48/3321
f 3326/233/3524 3328/218/3531 3329/219/3512
f 3156/49/3210 3675/231/3532 3688/246/3533
f 3325/222/3491 3323/245/3526 3324/237/3534
f 3152/92/3253 3698/235/3504 3150/104/3265
f 3318/228/3528 3320/229/3498 3321/226/3495
f 3350/210/3472 3303/206/3474 3358/207/3535
f 3360/247/3536 3293/181/3469 3305/195/3453
f 3362/210/3537 3297/206/3464 3307/199/3448
f 3356/203/3459 3309/195/3444 3364/247/3538
f 3145/172/3539 3374/191/3438 3351/214/3540
f 3137/184/3481 3376/185/3432 3353/198/3541
f 3153/178/3425 3355/211/3542 3155/213/3479
f 3129/190/3477 3380/191/3451 3357/201/3543
f 3366/205/3544 3303/206/3474 3311/175/3440
f 3368/203/3545 3305/195/3453 3313/187/3434
f 3362/210/3537 3298/189/3450 3381/248/3546
f 3364/247/3538 3315/181/3428 3370/209/3547
f 3366/205/3544 3317/193/3441 3372/249/3548
f 3368/203/3545 3286/189/3436 3375/248/3549
f 3370/209/3547 3290/183/3430 3377/250/3550
f 3379/205/3463 3317/193/3441 3294/175/3422
f 3384/251/3551 3174/4/3158 3166/11/3183
f 3155/213/3479 3413/174/3421 3411/252/3552
f 3153/178/3425 3411/252/3552 3409/253/3553
f 3151/194/3443 3409/253/3553 3407/254/3554
f 3149/178/3442 3407/254/3554 3405/253/3555
f 3147/213/3556 3405/253/3555 3403/252/3557
f 3145/172/3539 3403/252/3557 3401/174/3558
f 3143/192/3439 3401/174/3558 3399/173/3559
f 3141/190/3437 3399/173/3559 3397/255/3560
f 3139/212/3482 3397/255/3560 3395/256/3561
f 3137/184/3481 3395/256/3561 3393/257/3562
f 3135/186/3433 3393/257/3562 3391/258/3563
f 3133/184/3431 3391/258/3563 3389/257/3564
f 3131/212/3478 3389/257/3564 3387/256/3565
f 3129/190/3477 3387/256/3565 3385/255/3566
f 3127/192/3452 3385/255/3566 3382/173/3420
f 3278/1/3155 3415/22/3182 3444/259/3567
f 3166/11/3183 3418/260/3568 3416/21/3181
f 3418/260/3568 3182/6/3160 3420/261/3569
f 3182/6/3160 3422/262/3570 3420/261/3569
f 3190/8/3162 3424/261/3571 3422/262/3570
f 3198/6/3163 3426/260/3572 3424/261/3571
f 3426/260/3572 3214/11/3167 3428/21/3573
f 3214/11/3167 3430/22/3574 3428/21/3573
f 3222/3/3169 3432/259/3575 3430/22/3574
f 3230/1/3170 3434/263/3576 3432/259/3575
f 3434/263/3576 3246/16/3174 3436/264/3577
f 3246/16/3174 3438/265/3578 3436/264/3577
f 3254/18/3176 3440/264/3579 3438/265/3578
f 3262/16/3177 3442/263/3580 3440/264/3579
f 3442/263/3580 3278/1/3155 3444/259/3567
f 3414/133/3581 3167/46/3207 3164/65/3226
f 3279/90/3251 3447/67/3228 3476/266/3582
f 3167/46/3207 3450/267/3583 3448/66/3227
f 3175/45/3206 3452/268/3584 3450/267/3583
f 3183/149/3403 3454/269/3585 3452/268/3584
f 3191/165/3391 3456/268/3586 3454/269/3585
f 3199/149/3375 3458/267/3587 3456/268/3586
f 3207/45/3363 3460/66/3588 3458/267/3587
f 3215/46/3348 3462/67/3589 3460/66/3588
f 3223/65/3335 3464/266/3590 3462/67/3589
f 3231/90/3319 3466/270/3591 3464/266/3590
f 3239/88/3307 3468/271/3592 3466/270/3591
f 3247/102/3292 3470/272/3593 3468/271/3592
f 3255/118/3279 3472/271/3594 3470/272/3593
f 3263/102/3263 3474/270/3595 3472/271/3594
f 3271/88/3249 3476/266/3582 3474/270/3595
f 3446/131/3417 3168/41/3202 3163/132/3418
f 3280/86/3247 3479/63/3224 3508/273/3596
f 3480/64/3225 3176/43/3204 3482/274/3597
f 3176/43/3204 3484/275/3598 3482/274/3597
f 3184/147/3401 3486/276/3599 3484/275/3598
f 3486/276/3599 3200/147/3373 3488/275/3600
f 3488/275/3600 3208/43/3362 3490/274/3601
f 3208/43/3362 3492/64/3602 3490/274/3601
f 3216/41/3346 3494/63/3603 3492/64/3602
f 3494/63/3603 3232/86/3317 3496/273/3604
f 3496/273/3604 3240/87/3306 3498/277/3605
f 3240/87/3306 3500/278/3606 3498/277/3605
f 3248/100/3290 3502/279/3607 3500/278/3606
f 3502/279/3607 3264/100/3261 3504/278/3608
f 3504/278/3608 3272/87/3248 3506/277/3609
f 3272/87/3248 3508/273/3596 3506/277/3609
f 3478/130/3610 3169/38/3199 3162/60/3221
f 3540/280/3611 3162/60/3221 3511/62/3223
f 3169/38/3199 3514/281/3612 3512/61/3222
f 3514/281/3612 3185/146/3400 3516/282/3613
f 3516/282/3613 3193/161/3387 3518/283/3614
f 3193/161/3387 3520/282/3615 3518/283/3614
f 3201/146/3372 3522/281/3616 3520/282/3615
f 3522/281/3616 3217/38/3345 3524/61/3617
f 3524/61/3617 3225/60/3331 3526/62/3618
f 3225/60/3331 3528/280/3619 3526/62/3618
f 3233/83/3316 3530/284/3620 3528/280/3619
f 3530/284/3620 3249/99/3289 3532/285/3621
f 3532/285/3621 3257/114/3275 3534/286/3622
f 3257/114/3275 3536/285/3623 3534/286/3622
f 3265/99/3260 3538/284/3624 3536/285/3623
f 3538/284/3624 3281/83/3244 3540/280/3611
f 3161/128/3415 3513/136/3625 3170/35/3196
f 3282/80/3241 3543/58/3219 3572/287/3626
f 3170/35/3196 3546/288/3627 3544/59/3220
f 3178/37/3198 3548/289/3628 3546/288/3627
f 3186/145/3399 3550/290/3629 3548/289/3628
f 3550/290/3629 3202/145/3371 3552/289/3630
f 3202/145/3371 3554/288/3631 3552/289/3630
f 3210/37/3358 3556/59/3632 3554/288/3631
f 3218/35/3344 3558/58/3633 3556/59/3632
f 3558/58/3633 3234/80/3315 3560/287/3634
f 3234/80/3315 3562/291/3635 3560/287/3634
f 3242/81/3302 3564/292/3636 3562/291/3635
f 3250/98/3288 3566/293/3637 3564/292/3636
f 3566/293/3637 3266/98/3259 3568/292/3638
f 3266/98/3259 3570/291/3639 3568/292/3638
f 3274/81/3242 3572/287/3626 3570/291/3639
f 3542/126/3412 3171/34/3195 3160/170/3413
f 3283/78/3239 3575/56/3217 3604/294/3640
f 3171/34/3195 3578/295/3641 3576/57/3218
f 3578/295/3641 3187/144/3397 3580/296/3642
f 3187/144/3397 3582/297/3643 3580/296/3642
f 3582/297/3643 3203/144/3370 3584/296/3644
f 3203/144/3370 3586/295/3645 3584/296/3644
f 3586/295/3645 3219/135/3342 3588/57/3646
f 3219/135/3342 3590/56/3647 3588/57/3646
f 3590/56/3647 3235/121/3314 3592/294/3648
f 3235/121/3314 3594/298/3649 3592/294/3648
f 3594/298/3649 3251/97/3286 3596/299/3650
f 3251/97/3286 3598/300/3651 3596/299/3650
f 3598/300/3651 3267/97/3258 3600/299/3652
f 3267/97/3258 3602/298/3653 3600/299/3652
f 3602/298/3653 3283/78/3239 3604/294/3640
f 3574/301/3654 3172/31/3192 3159/53/3214
f 3284/74/3235 3607/55/3216 3636/302/3655
f 3608/54/3215 3180/30/3191 3610/303/3656
f 3180/30/3191 3612/304/3657 3610/303/3656
f 3188/142/3396 3614/305/3658 3612/304/3657
f 3196/155/3381 3616/304/3659 3614/305/3658
f 3616/304/3659 3212/30/3354 3618/303/3660
f 3212/30/3354 3620/54/3661 3618/303/3660
f 3220/31/3341 3622/55/3662 3620/54/3661
f 3228/53/3325 3624/302/3663 3622/55/3662
f 3624/302/3663 3244/75/3298 3626/306/3664
f 3244/75/3298 3628/307/3665 3626/306/3664
f 3252/95/3285 3630/308/3666 3628/307/3665
f 3260/108/3269 3632/307/3667 3630/308/3666
f 3632/307/3667 3276/75/3236 3634/306/3668
f 3276/75/3236 3636/302/3655 3634/306/3668
f 3606/123/3669 3173/26/3187 3158/124/3410
f 3638/168/3405 3181/28/3189 3640/309/3670
f 3668/122/3671 3128/52/3213 3126/48/3209
f 3181/28/3189 3642/310/3672 3640/309/3670
f 3189/140/3394 3644/311/3673 3642/310/3672
f 3644/311/3673 3205/140/3366 3646/310/3674
f 3646/310/3674 3213/28/3352 3648/309/3675
f 3213/28/3352 3650/168/3676 3648/309/3675
f 3221/26/3339 3652/167/3677 3650/168/3676
f 3652/167/3677 3237/71/3310 3654/312/3678
f 3654/312/3678 3245/72/3296 3656/313/3679
f 3245/72/3296 3658/314/3680 3656/313/3679
f 3253/93/3283 3660/315/3681 3658/314/3680
f 3660/315/3681 3269/93/3254 3662/314/3682
f 3662/314/3682 3277/72/3233 3664/313/3683
f 3277/72/3233 3666/312/3684 3664/313/3683
f 3285/71/3232 3669/167/3404 3666/312/3684
f 3697/225/3685 3321/226/3495 3344/228/3497
f 3672/220/3489 3346/224/3493 3699/316/3686
f 3689/217/3687 3329/219/3512 3336/216/3515
f 3676/217/3486 3348/219/3488 3701/242/3688
f 3689/217/3687 3322/221/3490 3681/215/3689
f 3683/241/3511 3338/240/3510 3326/233/3524
f 3693/220/3690 3330/221/3521 3685/215/3484
f 3695/241/3691 3334/240/3517 3687/317/3692
f 3697/225/3685 3338/240/3510 3691/317/3693
f 3128/52/3213 3675/231/3532 3126/48/3209
f 3693/220/3690 3346/224/3493 3340/222/3506
f 3695/241/3691 3348/219/3488 3342/233/3502
f 3136/23/3365 3671/24/3185 3134/151/3377
f 3152/92/3253 3680/244/3525 3673/236/3694
f 3144/49/3309 3684/244/3519 3677/246/3695
f 3350/210/3472 3374/191/3438 3375/248/3549
f 3352/209/3468 3376/185/3432 3377/250/3550
f 3354/207/3465 3378/180/3427 3379/205/3463
f 3381/248/3546 3357/201/3543 3380/191/3451
f 3358/207/3535 3351/214/3540 3350/210/3472
f 3360/247/3536 3353/198/3541 3352/209/3468
f 3354/207/3465 3363/214/3480 3355/211/3542
f 3364/247/3538 3357/201/3543 3356/203/3459
f 3358/207/3535 3367/180/3476 3359/211/3475
f 3360/247/3536 3369/201/3456 3361/197/3455
f 3381/248/3546 3363/214/3480 3362/210/3537
f 3364/247/3538 3371/198/3447 3365/197/3446
f 3372/249/3548 3367/180/3476 3366/205/3544
f 3375/248/3549 3369/201/3456 3368/203/3545
f 3377/250/3550 3371/198/3447 3370/209/3547
f 3379/205/3463 3373/179/3426 3372/249/3548
f 3382/173/3420 3412/20/3180 3413/174/3421
f 3411/252/3552 3412/20/3180 3410/318/3696
f 3411/252/3552 3408/19/3178 3409/253/3553
f 3409/253/3553 3406/17/3175 3407/254/3554
f 3407/254/3554 3404/15/3173 3405/253/3555
f 3403/252/3557 3404/15/3173 3402/319/3697
f 3403/252/3557 3400/13/3171 3401/174/3558
f 3401/174/3558 3398/12/3168 3399/173/3559
f 3399/173/3559 3396/10/3166 3397/255/3560
f 3395/256/3561 3396/10/3166 3394/320/3698
f 3395/256/3561 3392/9/3164 3393/257/3562
f 3393/257/3562 3390/7/3161 3391/258/3563
f 3391/258/3563 3388/5/3159 3389/257/3564
f 3387/256/3565 3388/5/3159 3386/321/3699
f 3387/256/3565 3384/251/3551 3385/255/3566
f 3385/255/3566 3383/2/3156 3382/173/3420
f 3415/22/3182 3417/44/3205 3414/133/3581
f 3416/21/3181 3419/322/3700 3417/44/3205
f 3420/261/3569 3419/322/3700 3418/260/3568
f 3422/262/3570 3421/148/3402 3420/261/3569
f 3422/262/3570 3425/148/3374 3423/164/3390
f 3424/261/3571 3427/322/3701 3425/148/3374
f 3428/21/3573 3427/322/3701 3426/260/3572
f 3430/22/3574 3429/44/3347 3428/21/3573
f 3430/22/3574 3433/89/3318 3431/133/3334
f 3432/259/3575 3435/323/3702 3433/89/3318
f 3436/264/3577 3435/323/3702 3434/263/3576
f 3438/265/3578 3437/101/3291 3436/264/3577
f 3438/265/3578 3441/101/3262 3439/117/3278
f 3440/264/3579 3443/323/3703 3441/101/3262
f 3444/259/3567 3443/323/3703 3442/263/3580
f 3415/22/3182 3445/89/3250 3444/259/3567
f 3448/66/3227 3446/131/3417 3447/67/3228
f 3450/267/3583 3449/324/3704 3448/66/3227
f 3452/268/3584 3451/42/3203 3450/267/3583
f 3452/268/3584 3455/162/3388 3453/325/3705
f 3456/268/3586 3455/162/3388 3454/269/3585
f 3458/267/3587 3457/325/3706 3456/268/3586
f 3460/66/3588 3459/42/3361 3458/267/3587
f 3460/66/3588 3463/131/3332 3461/324/3707
f 3464/266/3590 3463/131/3332 3462/67/3589
f 3466/270/3591 3465/326/3708 3464/266/3590
f 3468/271/3592 3467/85/3305 3466/270/3591
f 3468/271/3592 3471/115/3276 3469/327/3709
f 3472/271/3594 3471/115/3276 3470/272/3593
f 3474/270/3595 3473/327/3710 3472/271/3594
f 3476/266/3582 3475/85/3246 3474/270/3595
f 3476/266/3582 3446/131/3417 3477/326/3711
f 3479/63/3224 3481/328/3712 3478/130/3610
f 3480/64/3225 3483/39/3200 3481/328/3712
f 3484/275/3598 3483/39/3200 3482/274/3597
f 3486/276/3599 3485/329/3713 3484/275/3598
f 3486/276/3599 3489/329/3714 3487/160/3386
f 3488/275/3600 3491/39/3359 3489/329/3714
f 3492/64/3602 3491/39/3359 3490/274/3601
f 3494/63/3603 3493/328/3715 3492/64/3602
f 3494/63/3603 3497/171/3716 3495/130/3330
f 3496/273/3604 3499/82/3303 3497/171/3716
f 3500/278/3606 3499/82/3303 3498/277/3605
f 3502/279/3607 3501/330/3717 3500/278/3606
f 3502/279/3607 3505/330/3718 3503/113/3274
f 3504/278/3608 3507/82/3243 3505/330/3718
f 3508/273/3596 3507/82/3243 3506/277/3609
f 3479/63/3224 3509/171/3416 3508/273/3596
f 3512/61/3222 3510/331/3719 3511/62/3223
f 3514/281/3612 3513/136/3625 3512/61/3222
f 3516/282/3613 3515/36/3197 3514/281/3612
f 3518/283/3614 3517/159/3398 3516/282/3613
f 3520/282/3615 3519/332/3720 3518/283/3614
f 3522/281/3616 3521/159/3385 3520/282/3615
f 3524/61/3617 3523/36/3357 3522/281/3616
f 3526/62/3618 3525/136/3343 3524/61/3617
f 3528/280/3619 3527/331/3721 3526/62/3618
f 3530/284/3620 3529/129/3329 3528/280/3619
f 3532/285/3621 3531/79/3301 3530/284/3620
f 3534/286/3622 3533/112/3287 3532/285/3621
f 3536/285/3623 3535/333/3722 3534/286/3622
f 3538/284/3624 3537/112/3273 3536/285/3623
f 3540/280/3611 3539/79/3240 3538/284/3624
f 3511/62/3223 3541/129/3414 3540/280/3611
f 3544/59/3220 3542/126/3412 3543/58/3219
f 3546/288/3627 3545/32/3193 3544/59/3220
f 3546/288/3627 3549/143/3407 3547/334/3723
f 3548/289/3628 3551/156/3382 3549/143/3407
f 3552/289/3630 3551/156/3382 3550/290/3629
f 3554/288/3631 3553/143/3369 3552/289/3630
f 3554/288/3631 3557/32/3356 3555/334/3724
f 3556/59/3632 3559/126/3326 3557/32/3356
f 3560/287/3634 3559/126/3326 3558/58/3633
f 3562/291/3635 3561/77/3313 3560/287/3634
f 3562/291/3635 3565/96/3300 3563/335/3725
f 3564/292/3636 3567/109/3270 3565/96/3300
f 3568/292/3638 3567/109/3270 3566/293/3637
f 3570/291/3639 3569/96/3257 3568/292/3638
f 3570/291/3639 3573/77/3238 3571/335/3726
f 3572/287/3626 3542/126/3412 3573/77/3238
f 3575/56/3217 3577/29/3190 3574/301/3654
f 3578/295/3641 3577/29/3190 3576/57/3218
f 3580/296/3642 3579/138/3406 3578/295/3641
f 3582/297/3643 3581/141/3395 3580/296/3642
f 3582/297/3643 3585/141/3367 3583/154/3380
f 3586/295/3645 3585/141/3367 3584/296/3644
f 3588/57/3646 3587/138/3353 3586/295/3645
f 3590/56/3647 3589/29/3340 3588/57/3646
f 3590/56/3647 3593/120/3311 3591/125/3324
f 3594/298/3649 3593/120/3311 3592/294/3648
f 3596/299/3650 3595/73/3297 3594/298/3649
f 3598/300/3651 3597/94/3284 3596/299/3650
f 3598/300/3651 3601/94/3255 3599/107/3268
f 3602/298/3653 3601/94/3255 3600/299/3652
f 3604/294/3640 3603/73/3234 3602/298/3653
f 3575/56/3217 3605/120/3411 3604/294/3640
f 3608/54/3215 3606/123/3669 3607/55/3216
f 3610/303/3656 3609/134/3727 3608/54/3215
f 3610/303/3656 3613/166/3393 3611/27/3188
f 3612/304/3657 3615/152/3378 3613/166/3393
f 3616/304/3659 3615/152/3378 3614/305/3658
f 3618/303/3660 3617/166/3728 3616/304/3659
f 3618/303/3660 3621/134/3338 3619/27/3351
f 3620/54/3661 3623/123/3322 3621/134/3338
f 3624/302/3663 3623/123/3322 3622/55/3662
f 3626/306/3664 3625/169/3729 3624/302/3663
f 3626/306/3664 3629/119/3282 3627/70/3295
f 3628/307/3665 3631/105/3266 3629/119/3282
f 3632/307/3667 3631/105/3266 3630/308/3666
f 3634/306/3668 3633/119/3730 3632/307/3667
f 3634/306/3668 3637/169/3409 3635/70/3231
f 3636/302/3655 3606/123/3669 3637/169/3409
f 3638/168/3405 3668/122/3671 3669/167/3404
f 3638/168/3405 3641/137/3408 3639/50/3211
f 3642/310/3672 3641/137/3408 3640/309/3670
f 3644/311/3673 3643/139/3392 3642/310/3672
f 3646/310/3674 3645/150/3376 3644/311/3673
f 3646/310/3674 3649/137/3349 3647/139/3364
f 3650/168/3676 3649/137/3349 3648/309/3675
f 3652/167/3677 3651/50/3336 3650/168/3676
f 3654/312/3678 3653/122/3320 3652/167/3677
f 3654/312/3678 3657/68/3293 3655/47/3308
f 3658/314/3680 3657/68/3293 3656/313/3679
f 3660/315/3681 3659/91/3280 3658/314/3680
f 3662/314/3682 3661/103/3264 3660/315/3681
f 3662/314/3682 3665/68/3229 3663/91/3252
f 3666/312/3684 3665/68/3229 3664/313/3683
f 3669/167/3404 3667/47/3208 3666/312/3684
f 3670/227/3496 3678/25/3527 3679/225/3494
f 3681/215/3689 3673/236/3694 3680/244/3525
f 3674/242/3513 3682/232/3522 3683/241/3511
f 3685/215/3484 3677/246/3695 3684/244/3519
f 3687/317/3692 3678/25/3527 3686/238/3516
f 3681/215/3689 3688/246/3533 3689/217/3687
f 3691/317/3693 3682/232/3522 3690/238/3508
f 3685/215/3484 3692/236/3505 3693/220/3690
f 3687/317/3692 3694/232/3501 3695/241/3691
f 3689/217/3687 3675/231/3532 3674/242/3513
f 3691/317/3693 3696/25/3186 3697/225/3685
f 3693/220/3690 3698/235/3504 3699/316/3686
f 3701/242/3688 3694/232/3501 3700/231/3500
f 3697/225/3685 3671/24/3185 3670/227/3496
f 3699/316/3686 3673/236/3694 3672/220/3489
f 3701/242/3688 3677/246/3695 3676/217/3486
f 3147/213/3556 3351/214/3540 3359/211/3475
f 3278/1/3155 3412/20/3180 3383/2/3156
f 3174/4/3158 3386/321/3699 3388/5/3159
f 3182/6/3160 3388/5/3159 3390/7/3161
f 3390/7/3161 3392/9/3164 3198/6/3163
f 3392/9/3164 3394/320/3698 3206/4/3165
f 3206/4/3165 3394/320/3698 3396/10/3166
f 3214/11/3167 3396/10/3166 3398/12/3168
f 3398/12/3168 3400/13/3171 3230/1/3170
f 3400/13/3171 3402/319/3697 3238/14/3172
f 3238/14/3172 3402/319/3697 3404/15/3173
f 3246/16/3174 3404/15/3173 3406/17/3175
f 3406/17/3175 3408/19/3178 3262/16/3177
f 3408/19/3178 3410/318/3696 3270/14/3179
f 3270/14/3179 3410/318/3696 3412/20/3180
f 3165/3/3157 3166/11/3183 3416/21/3181
f 3383/2/3156 3384/251/3551 3166/11/3183
f 3132/23/3184 3134/151/3377 3671/24/3185
f 3173/26/3187 3609/134/3727 3611/27/3188
f 3577/29/3190 3579/138/3406 3180/30/3191
f 3545/32/3193 3547/334/3723 3179/33/3194
f 3170/35/3196 3513/136/3625 3515/36/3197
f 3169/38/3199 3481/328/3712 3483/39/3200
f 3168/41/3202 3449/324/3704 3451/42/3203
f 3417/44/3205 3419/322/3700 3175/45/3206
f 3667/47/3208 3668/122/3671 3126/48/3209
f 3639/50/3211 3641/137/3408 3130/51/3212
f 3159/53/3214 3172/31/3192 3608/54/3215
f 3575/56/3217 3160/170/3413 3171/34/3195
f 3543/58/3219 3161/128/3415 3170/35/3196
f 3162/60/3221 3169/38/3199 3512/61/3222
f 3479/63/3224 3163/132/3418 3168/41/3202
f 3164/65/3226 3167/46/3207 3448/66/3227
f 3665/68/3229 3667/47/3208 3156/49/3210
f 3635/70/3231 3637/169/3409 3285/71/3232
f 3603/73/3234 3605/120/3411 3284/74/3235
f 3275/76/3237 3571/335/3726 3573/77/3238
f 3539/79/3240 3541/129/3414 3282/80/3241
f 3507/82/3243 3509/171/3416 3281/83/3244
f 3475/85/3246 3477/326/3711 3280/86/3247
f 3271/88/3249 3443/323/3703 3445/89/3250
f 3663/91/3252 3665/68/3229 3154/69/3230
f 3269/93/3254 3633/119/3730 3635/70/3231
f 3601/94/3255 3603/73/3234 3276/75/3236
f 3569/96/3257 3571/335/3726 3275/76/3237
f 3266/98/3259 3537/112/3273 3539/79/3240
f 3265/99/3260 3505/330/3718 3507/82/3243
f 3264/100/3261 3473/327/3710 3475/85/3246
f 3441/101/3262 3443/323/3703 3271/88/3249
f 3661/103/3264 3663/91/3252 3152/92/3253
f 3631/105/3266 3633/119/3730 3269/93/3254
f 3599/107/3268 3601/94/3255 3268/95/3256
f 3567/109/3270 3569/96/3257 3267/97/3258
f 3258/111/3272 3535/333/3722 3537/112/3273
f 3503/113/3274 3505/330/3718 3265/99/3260
f 3471/115/3276 3473/327/3710 3264/100/3261
f 3439/117/3278 3441/101/3262 3263/102/3263
f 3659/91/3280 3661/103/3264 3150/104/3265
f 3629/119/3282 3631/105/3266 3261/106/3267
f 3597/94/3284 3599/107/3268 3260/108/3269
f 3251/97/3286 3565/96/3300 3567/109/3270
f 3533/112/3287 3535/333/3722 3258/111/3272
f 3249/99/3289 3501/330/3717 3503/113/3274
f 3248/100/3290 3469/327/3709 3471/115/3276
f 3437/101/3291 3439/117/3278 3255/118/3279
f 3657/68/3293 3659/91/3280 3148/92/3281
f 3627/70/3295 3629/119/3282 3253/93/3283
f 3595/73/3297 3597/94/3284 3252/95/3285
f 3243/76/3299 3563/335/3725 3565/96/3300
f 3531/79/3301 3533/112/3287 3250/98/3288
f 3499/82/3303 3501/330/3717 3249/99/3289
f 3467/85/3305 3469/327/3709 3248/100/3290
f 3239/88/3307 3435/323/3702 3437/101/3291
f 3655/47/3308 3657/68/3293 3146/69/3294
f 3237/71/3310 3625/169/3729 3627/70/3295
f 3593/120/3311 3595/73/3297 3244/75/3298
f 3561/77/3313 3563/335/3725 3243/76/3299
f 3234/80/3315 3529/129/3329 3531/79/3301
f 3233/83/3316 3497/171/3716 3499/82/3303
f 3232/86/3317 3465/326/3708 3467/85/3305
f 3433/89/3318 3435/323/3702 3239/88/3307
f 3653/122/3320 3655/47/3308 3144/49/3309
f 3623/123/3322 3625/169/3729 3237/71/3310
f 3591/125/3324 3593/120/3311 3236/74/3312
f 3559/126/3326 3561/77/3313 3235/121/3314
f 3226/128/3328 3527/331/3721 3529/129/3329
f 3495/130/3330 3497/171/3716 3233/83/3316
f 3463/131/3332 3465/326/3708 3232/86/3317
f 3431/133/3334 3433/89/3318 3231/90/3319
f 3651/50/3336 3653/122/3320 3142/48/3321
f 3621/134/3338 3623/123/3322 3229/124/3323
f 3589/29/3340 3591/125/3324 3228/53/3325
f 3219/135/3342 3557/32/3356 3559/126/3326
f 3525/136/3343 3527/331/3721 3226/128/3328
f 3217/38/3345 3493/328/3715 3495/130/3330
f 3216/41/3346 3461/324/3707 3463/131/3332
f 3429/44/3347 3431/133/3334 3223/65/3335
f 3649/137/3349 3651/50/3336 3140/52/3337
f 3619/27/3351 3621/134/3338 3221/26/3339
f 3587/138/3353 3589/29/3340 3220/31/3341
f 3211/33/3355 3555/334/3724 3557/32/3356
f 3523/36/3357 3525/136/3343 3218/35/3344
f 3491/39/3359 3493/328/3715 3217/38/3345
f 3459/42/3361 3461/324/3707 3216/41/3346
f 3207/45/3363 3427/322/3701 3429/44/3347
f 3647/139/3364 3649/137/3349 3138/51/3350
f 3205/140/3366 3617/166/3728 3619/27/3351
f 3585/141/3367 3587/138/3353 3212/30/3354
f 3553/143/3369 3555/334/3724 3211/33/3355
f 3202/145/3371 3521/159/3385 3523/36/3357
f 3201/146/3372 3489/329/3714 3491/39/3359
f 3200/147/3373 3457/325/3706 3459/42/3361
f 3425/148/3374 3427/322/3701 3207/45/3363
f 3645/150/3376 3647/139/3364 3136/23/3365
f 3615/152/3378 3617/166/3728 3205/140/3366
f 3583/154/3380 3585/141/3367 3204/142/3368
f 3551/156/3382 3553/143/3369 3203/144/3370
f 3194/158/3384 3519/332/3720 3521/159/3385
f 3487/160/3386 3489/329/3714 3201/146/3372
f 3455/162/3388 3457/325/3706 3200/147/3373
f 3423/164/3390 3425/148/3374 3199/149/3375
f 3643/139/3392 3645/150/3376 3134/151/3377
f 3613/166/3393 3615/152/3378 3197/153/3379
f 3581/141/3395 3583/154/3380 3196/155/3381
f 3187/144/3397 3549/143/3407 3551/156/3382
f 3517/159/3398 3519/332/3720 3194/158/3384
f 3185/146/3400 3485/329/3713 3487/160/3386
f 3184/147/3401 3453/325/3705 3455/162/3388
f 3421/148/3402 3423/164/3390 3191/165/3391
f 3669/167/3404 3158/124/3410 3173/26/3187
f 3611/27/3188 3613/166/3393 3189/140/3394
f 3579/138/3406 3581/141/3395 3188/142/3396
f 3179/33/3194 3547/334/3723 3549/143/3407
f 3515/36/3197 3517/159/3398 3186/145/3399
f 3483/39/3200 3485/329/3713 3185/146/3400
f 3451/42/3203 3453/325/3705 3184/147/3401
f 3175/45/3206 3419/322/3700 3421/148/3402
f 3641/137/3408 3643/139/3392 3132/23/3184
f 3637/169/3409 3606/123/3669 3158/124/3410
f 3605/120/3411 3574/301/3654 3159/53/3214
f 3283/78/3239 3573/77/3238 3542/126/3412
f 3541/129/3414 3510/331/3719 3161/128/3415
f 3509/171/3416 3478/130/3610 3162/60/3221
f 3280/86/3247 3477/326/3711 3446/131/3417
f 3445/89/3250 3414/133/3581 3164/65/3226
f 3157/172/3419 3127/192/3452 3382/173/3420
f 3294/175/3422 3317/193/3441 3316/176/3423
f 3153/178/3425 3151/194/3443 3373/179/3426
f 3315/181/3428 3314/196/3445 3291/182/3429
f 3133/184/3431 3371/198/3447 3376/185/3432
f 3313/187/3434 3312/200/3454 3287/188/3435
f 3141/190/3437 3369/201/3456 3374/191/3438
f 3311/175/3440 3310/177/3458 3316/176/3423
f 3149/178/3442 3367/180/3476 3373/179/3426
f 3309/195/3444 3308/204/3462 3314/196/3445
f 3133/184/3431 3131/212/3478 3365/197/3446
f 3307/199/3448 3306/208/3467 3299/188/3449
f 3157/172/3419 3363/214/3480 3380/191/3451
f 3305/195/3453 3304/204/3471 3312/200/3454
f 3141/190/3437 3139/212/3482 3361/197/3455
f 3311/175/3440 3303/206/3474 3302/202/3457
f 3356/203/3459 3381/248/3546 3298/189/3450
f 3309/195/3444 3301/187/3460 3300/200/3461
f 3379/205/3463 3294/175/3422 3297/206/3464
f 3307/199/3448 3297/206/3464 3296/202/3466
f 3352/209/3468 3377/250/3550 3290/183/3430
f 3305/195/3453 3293/181/3469 3292/196/3470
f 3350/210/3472 3375/248/3549 3286/189/3436
f 3289/199/3473 3288/208/3483 3302/202/3457
f 3149/178/3442 3147/213/3556 3359/211/3475
f 3301/187/3460 3298/189/3450 3299/188/3449
f 3129/190/3477 3357/201/3543 3365/197/3446
f 3297/206/3464 3294/175/3422 3295/177/3424
f 3155/213/3479 3355/211/3542 3363/214/3480
f 3293/181/3469 3290/183/3430 3291/182/3429
f 3137/184/3481 3353/198/3541 3361/197/3455
f 3289/199/3473 3286/189/3436 3287/188/3435
f 3685/215/3484 3330/221/3521 3333/216/3485
f 3333/216/3485 3332/243/3530 3349/218/3487
f 3672/220/3489 3681/215/3689 3322/221/3490
f 3325/222/3491 3324/237/3534 3347/223/3492
f 3679/225/3494 3318/228/3528 3321/226/3495
f 3344/228/3497 3321/226/3495 3320/229/3498
f 3140/52/3337 3142/48/3321 3700/231/3500
f 3342/233/3502 3348/219/3488 3349/218/3487
f 3148/92/3281 3150/104/3265 3698/235/3504
f 3340/222/3506 3346/224/3493 3347/223/3492
f 3132/23/3184 3696/25/3186 3690/238/3508
f 3344/228/3497 3345/230/3499 3339/239/3509
f 3683/241/3511 3326/233/3524 3329/219/3512
f 3329/219/3512 3328/218/3531 3337/243/3514
f 3140/52/3337 3694/232/3501 3686/238/3516
f 3334/240/3517 3342/233/3502 3343/234/3503
f 3148/92/3281 3692/236/3505 3684/244/3519
f 3340/222/3506 3341/237/3507 3331/245/3520
f 3128/52/3213 3130/51/3212 3690/238/3508
f 3338/240/3510 3339/239/3509 3327/234/3523
f 3156/49/3210 3688/246/3533 3680/244/3525
f 3336/216/3515 3337/243/3514 3323/245/3526
f 3136/23/3365 3138/51/3350 3686/238/3516
f 3318/228/3528 3334/240/3517 3335/239/3518
f 3679/225/3494 3687/317/3692 3334/240/3517
f 3333/216/3485 3330/221/3521 3331/245/3520
f 3144/49/3309 3677/246/3695 3700/231/3500
f 3326/233/3524 3327/234/3523 3328/218/3531
f 3156/49/3210 3126/48/3209 3675/231/3532
f 3325/222/3491 3322/221/3490 3323/245/3526
f 3152/92/3253 3673/236/3694 3698/235/3504
f 3318/228/3528 3319/230/3529 3320/229/3498
f 3350/210/3472 3289/199/3473 3303/206/3474
f 3360/247/3536 3352/209/3468 3293/181/3469
f 3362/210/3537 3354/207/3465 3297/206/3464
f 3356/203/3459 3301/187/3460 3309/195/3444
f 3145/172/3539 3143/192/3439 3374/191/3438
f 3137/184/3481 3135/186/3433 3376/185/3432
f 3153/178/3425 3378/180/3427 3355/211/3542
f 3129/190/3477 3127/192/3452 3380/191/3451
f 3366/205/3544 3358/207/3535 3303/206/3474
f 3368/203/3545 3360/247/3536 3305/195/3453
f 3362/210/3537 3307/199/3448 3298/189/3450
f 3364/247/3538 3309/195/3444 3315/181/3428
f 3366/205/3544 3311/175/3440 3317/193/3441
f 3368/203/3545 3313/187/3434 3286/189/3436
f 3370/209/3547 3315/181/3428 3290/183/3430
f 3379/205/3463 3372/249/3548 3317/193/3441
f 3384/251/3551 3386/321/3699 3174/4/3158
f 3155/213/3479 3157/172/3419 3413/174/3421
f 3153/178/3425 3155/213/3479 3411/252/3552
f 3151/194/3443 3153/178/3425 3409/253/3553
f 3149/178/3442 3151/194/3443 3407/254/3554
f 3147/213/3556 3149/178/3442 3405/253/3555
f 3145/172/3539 3147/213/3556 3403/252/3557
f 3143/192/3439 3145/172/3539 3401/174/3558
f 3141/190/3437 3143/192/3439 3399/173/3559
f 3139/212/3482 3141/190/3437 3397/255/3560
f 3137/184/3481 3139/212/3482 3395/256/3561
f 3135/186/3433 3137/184/3481 3393/257/3562
f 3133/184/3431 3135/186/3433 3391/258/3563
f 3131/212/3478 3133/184/3431 3389/257/3564
f 3129/190/3477 3131/212/3478 3387/256/3565
f 3127/192/3452 3129/190/3477 3385/255/3566
f 3278/1/3155 3165/3/3157 3415/22/3182
f 3166/11/3183 3174/4/3158 3418/260/3568
f 3418/260/3568 3174/4/3158 3182/6/3160
f 3182/6/3160 3190/8/3162 3422/262/3570
f 3190/8/3162 3198/6/3163 3424/261/3571
f 3198/6/3163 3206/4/3165 3426/260/3572
f 3426/260/3572 3206/4/3165 3214/11/3167
f 3214/11/3167 3222/3/3169 3430/22/3574
f 3222/3/3169 3230/1/3170 3432/259/3575
f 3230/1/3170 3238/14/3172 3434/263/3576
f 3434/263/3576 3238/14/3172 3246/16/3174
f 3246/16/3174 3254/18/3176 3438/265/3578
f 3254/18/3176 3262/16/3177 3440/264/3579
f 3262/16/3177 3270/14/3179 3442/263/3580
f 3442/263/3580 3270/14/3179 3278/1/3155
f 3414/133/3581 3417/44/3205 3167/46/3207
f 3279/90/3251 3164/65/3226 3447/67/3228
f 3167/46/3207 3175/45/3206 3450/267/3583
f 3175/45/3206 3183/149/3403 3452/268/3584
f 3183/149/3403 3191/165/3391 3454/269/3585
f 3191/165/3391 3199/149/3375 3456/268/3586
f 3199/149/3375 3207/45/3363 3458/267/3587
f 3207/45/3363 3215/46/3348 3460/66/3588
f 3215/46/3348 3223/65/3335 3462/67/3589
f 3223/65/3335 3231/90/3319 3464/266/3590
f 3231/90/3319 3239/88/3307 3466/270/3591
f 3239/88/3307 3247/102/3292 3468/271/3592
f 3247/102/3292 3255/118/3279 3470/272/3593
f 3255/118/3279 3263/102/3263 3472/271/3594
f 3263/102/3263 3271/88/3249 3474/270/3595
f 3271/88/3249 3279/90/3251 3476/266/3582
f 3446/131/3417 3449/324/3704 3168/41/3202
f 3280/86/3247 3163/132/3418 3479/63/3224
f 3480/64/3225 3168/41/3202 3176/43/3204
f 3176/43/3204 3184/147/3401 3484/275/3598
f 3184/147/3401 3192/163/3389 3486/276/3599
f 3486/276/3599 3192/163/3389 3200/147/3373
f 3488/275/3600 3200/147/3373 3208/43/3362
f 3208/43/3362 3216/41/3346 3492/64/3602
f 3216/41/3346 3224/132/3333 3494/63/3603
f 3494/63/3603 3224/132/3333 3232/86/3317
f 3496/273/3604 3232/86/3317 3240/87/3306
f 3240/87/3306 3248/100/3290 3500/278/3606
f 3248/100/3290 3256/116/3277 3502/279/3607
f 3502/279/3607 3256/116/3277 3264/100/3261
f 3504/278/3608 3264/100/3261 3272/87/3248
f 3272/87/3248 3280/86/3247 3508/273/3596
f 3478/130/3610 3481/328/3712 3169/38/3199
f 3540/280/3611 3281/83/3244 3162/60/3221
f 3169/38/3199 3177/40/3201 3514/281/3612
f 3514/281/3612 3177/40/3201 3185/146/3400
f 3516/282/3613 3185/146/3400 3193/161/3387
f 3193/161/3387 3201/146/3372 3520/282/3615
f 3201/146/3372 3209/40/3360 3522/281/3616
f 3522/281/3616 3209/40/3360 3217/38/3345
f 3524/61/3617 3217/38/3345 3225/60/3331
f 3225/60/3331 3233/83/3316 3528/280/3619
f 3233/83/3316 3241/84/3304 3530/284/3620
f 3530/284/3620 3241/84/3304 3249/99/3289
f 3532/285/3621 3249/99/3289 3257/114/3275
f 3257/114/3275 3265/99/3260 3536/285/3623
f 3265/99/3260 3273/84/3245 3538/284/3624
f 3538/284/3624 3273/84/3245 3281/83/3244
f 3161/128/3415 3510/331/3719 3513/136/3625
f 3282/80/3241 3161/128/3415 3543/58/3219
f 3170/35/3196 3178/37/3198 3546/288/3627
f 3178/37/3198 3186/145/3399 3548/289/3628
f 3186/145/3399 3194/158/3384 3550/290/3629
f 3550/290/3629 3194/158/3384 3202/145/3371
f 3202/145/3371 3210/37/3358 3554/288/3631
f 3210/37/3358 3218/35/3344 3556/59/3632
f 3218/35/3344 3226/128/3328 3558/58/3633
f 3558/58/3633 3226/128/3328 3234/80/3315
f 3234/80/3315 3242/81/3302 3562/291/3635
f 3242/81/3302 3250/98/3288 3564/292/3636
f 3250/98/3288 3258/111/3272 3566/293/3637
f 3566/293/3637 3258/111/3272 3266/98/3259
f 3266/98/3259 3274/81/3242 3570/291/3639
f 3274/81/3242 3282/80/3241 3572/287/3626
f 3542/126/3412 3545/32/3193 3171/34/3195
f 3283/78/3239 3160/170/3413 3575/56/3217
f 3171/34/3195 3179/33/3194 3578/295/3641
f 3578/295/3641 3179/33/3194 3187/144/3397
f 3187/144/3397 3195/157/3383 3582/297/3643
f 3582/297/3643 3195/157/3383 3203/144/3370
f 3203/144/3370 3211/33/3355 3586/295/3645
f 3586/295/3645 3211/33/3355 3219/135/3342
f 3219/135/3342 3227/127/3327 3590/56/3647
f 3590/56/3647 3227/127/3327 3235/121/3314
f 3235/121/3314 3243/76/3299 3594/298/3649
f 3594/298/3649 3243/76/3299 3251/97/3286
f 3251/97/3286 3259/110/3271 3598/300/3651
f 3598/300/3651 3259/110/3271 3267/97/3258
f 3267/97/3258 3275/76/3237 3602/298/3653
f 3602/298/3653 3275/76/3237 3283/78/3239
f 3574/301/3654 3577/29/3190 3172/31/3192
f 3284/74/3235 3159/53/3214 3607/55/3216
f 3608/54/3215 3172/31/3192 3180/30/3191
f 3180/30/3191 3188/142/3396 3612/304/3657
f 3188/142/3396 3196/155/3381 3614/305/3658
f 3196/155/3381 3204/142/3368 3616/304/3659
f 3616/304/3659 3204/142/3368 3212/30/3354
f 3212/30/3354 3220/31/3341 3620/54/3661
f 3220/31/3341 3228/53/3325 3622/55/3662
f 3228/53/3325 3236/74/3312 3624/302/3663
f 3624/302/3663 3236/74/3312 3244/75/3298
f 3244/75/3298 3252/95/3285 3628/307/3665
f 3252/95/3285 3260/108/3269 3630/308/3666
f 3260/108/3269 3268/95/3256 3632/307/3667
f 3632/307/3667 3268/95/3256 3276/75/3236
f 3276/75/3236 3284/74/3235 3636/302/3655
f 3606/123/3669 3609/134/3727 3173/26/3187
f 3638/168/3405 3173/26/3187 3181/28/3189
f 3668/122/3671 3639/50/3211 3128/52/3213
f 3181/28/3189 3189/140/3394 3642/310/3672
f 3189/140/3394 3197/153/3379 3644/311/3673
f 3644/311/3673 3197/153/3379 3205/140/3366
f 3646/310/3674 3205/140/3366 3213/28/3352
f 3213/28/3352 3221/26/3339 3650/168/3676
f 3221/26/3339 3229/124/3323 3652/167/3677
f 3652/167/3677 3229/124/3323 3237/71/3310
f 3654/312/3678 3237/71/3310 3245/72/3296
f 3245/72/3296 3253/93/3283 3658/314/3680
f 3253/93/3283 3261/106/3267 3660/315/3681
f 3660/315/3681 3261/106/3267 3269/93/3254
f 3662/314/3682 3269/93/3254 3277/72/3233
f 3277/72/3233 3285/71/3232 3666/312/3684
f 3285/71/3232 3158/124/3410 3669/167/3404
f 3697/225/3685 3670/227/3496 3321/226/3495
f 3672/220/3489 3325/222/3491 3346/224/3493
f 3689/217/3687 3674/242/3513 3329/219/3512
f 3676/217/3486 3333/216/3485 3348/219/3488
f 3689/217/3687 3336/216/3515 3322/221/3490
f 3683/241/3511 3691/317/3693 3338/240/3510
f 3693/220/3690 3340/222/3506 3330/221/3521
f 3695/241/3691 3342/233/3502 3334/240/3517
f 3697/225/3685 3344/228/3497 3338/240/3510
f 3128/52/3213 3682/232/3522 3675/231/3532
f 3693/220/3690 3699/316/3686 3346/224/3493
f 3695/241/3691 3701/242/3688 3348/219/3488
f 3136/23/3365 3678/25/3527 3671/24/3185
f 3152/92/3253 3154/69/3230 3680/244/3525
f 3144/49/3309 3146/69/3294 3684/244/3519
f 3350/210/3472 3351/214/3540 3374/191/3438
f 3352/209/3468 3353/198/3541 3376/185/3432
f 3354/207/3465 3355/211/3542 3378/180/3427
f 3381/248/3546 3356/203/3459 3357/201/3543
f 3358/207/3535 3359/211/3475 3351/214/3540
f 3360/247/3536 3361/197/3455 3353/198/3541
f 3354/207/3465 3362/210/3537 3363/214/3480
f 3364/247/3538 3365/197/3446 3357/201/3543
f 3358/207/3535 3366/205/3544 3367/180/3476
f 3360/247/3536 3368/203/3545 3369/201/3456
f 3381/248/3546 3380/191/3451 3363/214/3480
f 3364/247/3538 3370/209/3547 3371/198/3447
f 3372/249/3548 3373/179/3426 3367/180/3476
f 3375/248/3549 3374/191/3438 3369/201/3456
f 3377/250/3550 3376/185/3432 3371/198/3447
f 3379/205/3463 3378/180/3427 3373/179/3426
f 3382/173/3420 3383/2/3156 3412/20/3180
f 3411/252/3552 3413/174/3421 3412/20/3180
f 3411/252/3552 3410/318/3696 3408/19/3178
f 3409/253/3553 3408/19/3178 3406/17/3175
f 3407/254/3554 3406/17/3175 3404/15/3173
f 3403/252/3557 3405/253/3555 3404/15/3173
f 3403/252/3557 3402/319/3697 3400/13/3171
f 3401/174/3558 3400/13/3171 3398/12/3168
f 3399/173/3559 3398/12/3168 3396/10/3166
f 3395/256/3561 3397/255/3560 3396/10/3166
f 3395/256/3561 3394/320/3698 3392/9/3164
f 3393/257/3562 3392/9/3164 3390/7/3161
f 3391/258/3563 3390/7/3161 3388/5/3159
f 3387/256/3565 3389/257/3564 3388/5/3159
f 3387/256/3565 3386/321/3699 3384/251/3551
f 3385/255/3566 3384/251/3551 3383/2/3156
f 3415/22/3182 3416/21/3181 3417/44/3205
f 3416/21/3181 3418/260/3568 3419/322/3700
f 3420/261/3569 3421/148/3402 3419/322/3700
f 3422/262/3570 3423/164/3390 3421/148/3402
f 3422/262/3570 3424/261/3571 3425/148/3374
f 3424/261/3571 3426/260/3572 3427/322/3701
f 3428/21/3573 3429/44/3347 3427/322/3701
f 3430/22/3574 3431/133/3334 3429/44/3347
f 3430/22/3574 3432/259/3575 3433/89/3318
f 3432/259/3575 3434/263/3576 3435/323/3702
f 3436/264/3577 3437/101/3291 3435/323/3702
f 3438/265/3578 3439/117/3278 3437/101/3291
f 3438/265/3578 3440/264/3579 3441/101/3262
f 3440/264/3579 3442/263/3580 3443/323/3703
f 3444/259/3567 3445/89/3250 3443/323/3703
f 3415/22/3182 3414/133/3581 3445/89/3250
f 3448/66/3227 3449/324/3704 3446/131/3417
f 3450/267/3583 3451/42/3203 3449/324/3704
f 3452/268/3584 3453/325/3705 3451/42/3203
f 3452/268/3584 3454/269/3585 3455/162/3388
f 3456/268/3586 3457/325/3706 3455/162/3388
f 3458/267/3587 3459/42/3361 3457/325/3706
f 3460/66/3588 3461/324/3707 3459/42/3361
f 3460/66/3588 3462/67/3589 3463/131/3332
f 3464/266/3590 3465/326/3708 3463/131/3332
f 3466/270/3591 3467/85/3305 3465/326/3708
f 3468/271/3592 3469/327/3709 3467/85/3305
f 3468/271/3592 3470/272/3593 3471/115/3276
f 3472/271/3594 3473/327/3710 3471/115/3276
f 3474/270/3595 3475/85/3246 3473/327/3710
f 3476/266/3582 3477/326/3711 3475/85/3246
f 3476/266/3582 3447/67/3228 3446/131/3417
f 3479/63/3224 3480/64/3225 3481/328/3712
f 3480/64/3225 3482/274/3597 3483/39/3200
f 3484/275/3598 3485/329/3713 3483/39/3200
f 3486/276/3599 3487/160/3386 3485/329/3713
f 3486/276/3599 3488/275/3600 3489/329/3714
f 3488/275/3600 3490/274/3601 3491/39/3359
f 3492/64/3602 3493/328/3715 3491/39/3359
f 3494/63/3603 3495/130/3330 3493/328/3715
f 3494/63/3603 3496/273/3604 3497/171/3716
f 3496/273/3604 3498/277/3605 3499/82/3303
f 3500/278/3606 3501/330/3717 3499/82/3303
f 3502/279/3607 3503/113/3274 3501/330/3717
f 3502/279/3607 3504/278/3608 3505/330/3718
f 3504/278/3608 3506/277/3609 3507/82/3243
f 3508/273/3596 3509/171/3416 3507/82/3243
f 3479/63/3224 3478/130/3610 3509/171/3416
f 3512/61/3222 3513/136/3625 3510/331/3719
f 3514/281/3612 3515/36/3197 3513/136/3625
f 3516/282/3613 3517/159/3398 3515/36/3197
f 3518/283/3614 3519/332/3720 3517/159/3398
f 3520/282/3615 3521/159/3385 3519/332/3720
f 3522/281/3616 3523/36/3357 3521/159/3385
f 3524/61/3617 3525/136/3343 3523/36/3357
f 3526/62/3618 3527/331/3721 3525/136/3343
f 3528/280/3619 3529/129/3329 3527/331/3721
f 3530/284/3620 3531/79/3301 3529/129/3329
f 3532/285/3621 3533/112/3287 3531/79/3301
f 3534/286/3622 3535/333/3722 3533/112/3287
f 3536/285/3623 3537/112/3273 3535/333/3722
f 3538/284/3624 3539/79/3240 3537/112/3273
f 3540/280/3611 3541/129/3414 3539/79/3240
f 3511/62/3223 3510/331/3719 3541/129/3414
f 3544/59/3220 3545/32/3193 3542/126/3412
f 3546/288/3627 3547/334/3723 3545/32/3193
f 3546/288/3627 3548/289/3628 3549/143/3407
f 3548/289/3628 3550/290/3629 3551/156/3382
f 3552/289/3630 3553/143/3369 3551/156/3382
f 3554/288/3631 3555/334/3724 3553/143/3369
f 3554/288/3631 3556/59/3632 3557/32/3356
f 3556/59/3632 3558/58/3633 3559/126/3326
f 3560/287/3634 3561/77/3313 3559/126/3326
f 3562/291/3635 3563/335/3725 3561/77/3313
f 3562/291/3635 3564/292/3636 3565/96/3300
f 3564/292/3636 3566/293/3637 3567/109/3270
f 3568/292/3638 3569/96/3257 3567/109/3270
f 3570/291/3639 3571/335/3726 3569/96/3257
f 3570/291/3639 3572/287/3626 3573/77/3238
f 3572/287/3626 3543/58/3219 3542/126/3412
f 3575/56/3217 3576/57/3218 3577/29/3190
f 3578/295/3641 3579/138/3406 3577/29/3190
f 3580/296/3642 3581/141/3395 3579/138/3406
f 3582/297/3643 3583/154/3380 3581/141/3395
f 3582/297/3643 3584/296/3644 3585/141/3367
f 3586/295/3645 3587/138/3353 3585/141/3367
f 3588/57/3646 3589/29/3340 3587/138/3353
f 3590/56/3647 3591/125/3324 3589/29/3340
f 3590/56/3647 3592/294/3648 3593/120/3311
f 3594/298/3649 3595/73/3297 3593/120/3311
f 3596/299/3650 3597/94/3284 3595/73/3297
f 3598/300/3651 3599/107/3268 3597/94/3284
f 3598/300/3651 3600/299/3652 3601/94/3255
f 3602/298/3653 3603/73/3234 3601/94/3255
f 3604/294/3640 3605/120/3411 3603/73/3234
f 3575/56/3217 3574/301/3654 3605/120/3411
f 3608/54/3215 3609/134/3727 3606/123/3669
f 3610/303/3656 3611/27/3188 3609/134/3727
f 3610/303/3656 3612/304/3657 3613/166/3393
f 3612/304/3657 3614/305/3658 3615/152/3378
f 3616/304/3659 3617/166/3728 3615/152/3378
f 3618/303/3660 3619/27/3351 3617/166/3728
f 3618/303/3660 3620/54/3661 3621/134/3338
f 3620/54/3661 3622/55/3662 3623/123/3322
f 3624/302/3663 3625/169/3729 3623/123/3322
f 3626/306/3664 3627/70/3295 3625/169/3729
f 3626/306/3664 3628/307/3665 3629/119/3282
f 3628/307/3665 3630/308/3666 3631/105/3266
f 3632/307/3667 3633/119/3730 3631/105/3266
f 3634/306/3668 3635/70/3231 3633/119/3730
f 3634/306/3668 3636/302/3655 3637/169/3409
f 3636/302/3655 3607/55/3216 3606/123/3669
f 3638/168/3405 3639/50/3211 3668/122/3671
f 3638/168/3405 3640/309/3670 3641/137/3408
f 3642/310/3672 3643/139/3392 3641/137/3408
f 3644/311/3673 3645/150/3376 3643/139/3392
f 3646/310/3674 3647/139/3364 3645/150/3376
f 3646/310/3674 3648/309/3675 3649/137/3349
f 3650/168/3676 3651/50/3336 3649/137/3349
f 3652/167/3677 3653/122/3320 3651/50/3336
f 3654/312/3678 3655/47/3308 3653/122/3320
f 3654/312/3678 3656/313/3679 3657/68/3293
f 3658/314/3680 3659/91/3280 3657/68/3293
f 3660/315/3681 3661/103/3264 3659/91/3280
f 3662/314/3682 3663/91/3252 3661/103/3264
f 3662/314/3682 3664/313/3683 3665/68/3229
f 3666/312/3684 3667/47/3208 3665/68/3229
f 3669/167/3404 3668/122/3671 3667/47/3208
f 3670/227/3496 3671/24/3185 3678/25/3527
f 3681/215/3689 3672/220/3489 3673/236/3694
f 3674/242/3513 3675/231/3532 3682/232/3522
f 3685/215/3484 3676/217/3486 3677/246/3695
f 3687/317/3692 3679/225/3494 3678/25/3527
f 3681/215/3689 3680/244/3525 3688/246/3533
f 3691/317/3693 3683/241/3511 3682/232/3522
f 3685/215/3484 3684/244/3519 3692/236/3505
f 3687/317/3692 3686/238/3516 3694/232/3501
f 3689/217/3687 3688/246/3533 3675/231/3532
f 3691/317/3693 3690/238/3508 3696/25/3186
f 3693/220/3690 3692/236/3505 3698/235/3504
f 3701/242/3688 3695/241/3691 3694/232/3501
f 3697/225/3685 3696/25/3186 3671/24/3185
f 3699/316/3686 3698/235/3504 3673/236/3694
f 3701/242/3688 3700/231/3500 3677/246/3695
f 3147/213/3556 3145/172/3539 3351/214/3540
usemtl マテリアル.015
f 3751/336/3731 3712/337/3732 3710/338/3731
f 3735/339/3733 3719/340/3734 3721/341/3733
f 3723/342/581 3715/343/581 3707/344/581
f 3716/345/582 3724/346/582 3732/347/582
f 3753/348/3735 3730/349/3736 3728/350/3735
f 3755/351/3737 3703/352/3738 3702/353/3737
f 3737/354/3732 3711/355/3731 3713/356/3732
f 3739/357/3736 3729/358/3735 3731/359/3736
f 3741/360/3738 3705/361/3737 3704/362/3738
f 3757/363/3733 3722/364/3739 3720/365/3733
f 3735/339/3733 3723/342/3739 3742/366/3739
f 3758/367/3740 3712/337/3732 3750/368/3732
f 3759/369/3741 3730/349/3736 3752/370/3736
f 3737/354/3732 3715/343/3740 3743/371/3740
f 3739/357/3736 3733/372/3741 3744/373/3741
f 3760/374/3742 3703/352/3738 3754/375/3738
f 3761/376/3743 3722/364/3739 3756/377/3739
f 3741/360/3738 3707/344/3742 3745/378/3742
f 3742/366/3739 3725/379/3743 3746/380/3743
f 3758/367/3740 3716/345/3744 3714/381/3740
f 3755/351/3737 3732/347/3741 3759/369/3741
f 3743/371/3740 3717/382/3744 3747/383/3744
f 3744/373/3741 3705/361/3737 3740/384/3737
f 3763/385/3745 3706/386/3742 3760/374/3742
f 3764/387/3746 3724/346/3743 3761/376/3743
f 3745/378/3742 3709/388/3745 3748/389/3745
f 3746/380/3743 3727/390/3746 3749/391/3746
f 3762/392/3744 3718/393/3734 3716/345/3744
f 3747/383/3744 3719/340/3734 3734/394/3734
f 3751/336/3731 3708/395/3745 3763/385/3745
f 3753/348/3735 3726/396/3746 3764/387/3746
f 3748/389/3745 3711/355/3731 3736/397/3731
f 3749/391/3746 3729/358/3735 3738/398/3735
f 3757/363/3733 3718/393/3734 3765/399/3734
f 3766/400/3734 3771/401/3734 3767/402/3734
f 3768/403/581 3766/404/581 3767/405/3747
f 3770/406/3748 3766/407/581 3768/408/581
f 3769/409/3734 3771/401/3734 3766/400/3734
f 3770/406/3748 3769/410/3748 3766/407/581
f 3771/401/3734 3769/409/3734 3772/411/3734
f 3774/412/582 3771/413/582 3772/414/3749
f 3773/415/3734 3767/402/3734 3771/401/3734
f 3775/416/3750 3773/417/3750 3771/418/582
f 3775/416/3750 3771/418/582 3774/419/582
f 3776/420/3751 3773/417/3750 3775/416/3750
f 3775/421/3737 3777/422/3737 3776/423/3737
f 3778/424/3737 3775/421/3737 3774/425/3737
f 3777/422/3737 3775/421/3737 3778/424/3737
f 3778/424/3737 3774/425/3737 3768/426/3737
f 3768/403/581 3767/405/3747 3778/427/3747
f 3778/427/3747 3767/405/3747 3779/428/3752
f 3778/427/3747 3779/428/3752 3777/429/3752
f 3767/402/3734 3773/415/3734 3779/430/3734
f 3777/429/3752 3779/428/3752 3780/431/3753
f 3779/430/3734 3781/432/3734 3780/433/3734
f 3779/430/3734 3773/415/3734 3781/432/3734
f 3781/434/3754 3776/420/3751 3782/435/3755
f 3782/436/3734 3780/433/3734 3781/432/3734
f 3776/420/3751 3781/434/3754 3773/417/3750
f 3782/436/3734 3783/437/3734 3785/438/3734
f 3784/439/3756 3783/440/3757 3782/435/3755
f 3782/435/3755 3776/420/3751 3784/439/3756
f 3780/433/3734 3782/436/3734 3785/438/3734
f 3788/441/3758 3780/431/3753 3785/442/3759
f 3788/441/3758 3785/442/3759 3786/443/3760
f 3786/443/3760 3785/442/3759 3787/444/3761
f 3785/438/3734 3783/437/3734 3787/445/3734
f 3788/446/3737 3776/423/3737 3777/422/3737
f 3777/429/3752 3780/431/3753 3788/441/3758
f 3786/447/3737 3784/448/3737 3788/446/3737
f 3784/448/3737 3776/423/3737 3788/446/3737
f 3786/443/3760 3787/444/3761 3789/449/3762
f 3789/449/3762 3787/444/3761 3790/450/3763
f 3787/445/3734 3792/451/3734 3790/452/3734
f 3787/445/3734 3783/437/3734 3791/453/3734
f 3791/453/3734 3792/451/3734 3787/445/3734
f 3795/454/3764 3793/455/3765 3792/456/3766
f 3790/452/3734 3792/451/3734 3793/457/3734
f 3794/458/3767 3792/456/3766 3791/459/3768
f 3792/456/3766 3794/458/3767 3795/454/3764
f 3797/460/3737 3795/461/3737 3794/462/3737
f 3797/460/3737 3796/463/3737 3795/461/3737
f 3795/454/3764 3796/464/3769 3793/455/3765
f 3797/460/3737 3794/462/3737 3789/465/3737
f 3789/449/3762 3790/450/3763 3797/466/3770
f 3797/466/3770 3790/450/3763 3799/467/3771
f 3798/468/3737 3796/463/3737 3797/460/3737
f 3797/466/3770 3799/467/3771 3798/469/3772
f 3790/452/3734 3793/457/3734 3799/470/3734
f 3798/469/3772 3799/467/3771 3800/471/3773
f 3799/470/3734 3801/472/3734 3800/473/3734
f 3799/470/3734 3793/457/3734 3801/472/3734
f 3803/474/3774 3802/475/3775 3801/476/3776
f 3801/472/3734 3802/477/3734 3800/473/3734
f 3796/464/3769 3801/476/3776 3793/455/3765
f 3796/464/3769 3803/474/3774 3801/476/3776
f 3803/478/3737 3796/463/3737 3798/468/3737
f 3804/479/3737 3803/478/3737 3805/480/3737
f 3803/474/3774 3804/481/3777 3802/475/3775
f 3805/480/3737 3803/478/3737 3798/468/3737
f 3798/469/3772 3800/471/3773 3805/482/3778
f 3805/482/3778 3800/471/3773 3807/483/3779
f 3806/484/3737 3804/479/3737 3805/480/3737
f 3805/482/3778 3807/483/3779 3806/485/3780
f 3800/473/3734 3802/477/3734 3807/486/3734
f 3806/485/3780 3807/483/3779 3808/487/3781
f 3807/486/3734 3809/488/3734 3808/489/3734
f 3807/486/3734 3802/477/3734 3809/488/3734
f 3811/490/3782 3810/491/3783 3809/492/3784
f 3808/489/3734 3809/488/3734 3810/493/3734
f 3804/481/3777 3809/492/3784 3802/475/3775
f 3804/481/3777 3811/490/3782 3809/492/3784
f 3804/479/3737 3806/484/3737 3811/494/3737
f 3813/495/3737 3812/496/3737 3811/494/3737
f 3811/490/3782 3812/497/3785 3810/491/3783
f 3813/495/3737 3811/494/3737 3806/484/3737
f 3806/485/3780 3808/487/3781 3813/498/3786
f 3813/498/3786 3808/487/3781 3815/499/3787
f 3814/500/3737 3812/496/3737 3813/495/3737
f 3813/498/3786 3815/499/3787 3814/501/3788
f 3808/489/3734 3818/502/3789 3815/503/3734
f 3815/499/3790 3817/504/3791 3814/501/3792
f 3815/503/3734 3819/505/3793 3816/506/3794
f 3815/499/3790 3816/507/3795 3817/504/3791
f 3818/502/3789 3819/505/3793 3815/503/3734
f 3812/497/3796 3819/508/3797 3818/509/3798
f 3817/510/3799 3819/511/3800 3820/511/3801
f 3812/497/3796 3820/512/3802 3819/508/3797
f 3817/510/3799 3816/510/3803 3819/511/3800
f 3812/496/3737 3814/500/3737 3820/513/3737
f 3817/514/3737 3820/513/3737 3814/500/3737
f 3812/497/3785 3818/509/3804 3810/491/3783
f 3810/493/3734 3818/502/3789 3808/489/3734
f 3791/459/3768 3821/515/3805 3794/458/3767
f 3789/465/3737 3794/462/3737 3821/516/3737
f 3821/515/3805 3783/440/3757 3784/439/3756
f 3786/447/3737 3821/516/3737 3784/448/3737
f 3789/465/3737 3821/516/3737 3786/447/3737
f 3791/459/3768 3783/440/3757 3821/515/3805
f 3774/412/582 3772/414/3749 3822/517/3749
f 3774/425/3737 3822/518/3737 3770/519/3737
f 3768/426/3737 3774/425/3737 3770/519/3737
f 3822/517/3749 3825/520/3806 3823/521/3807
f 3823/522/3737 3824/523/3737 3822/518/3737
f 3822/517/3749 3772/414/3749 3825/520/3806
f 3770/519/3737 3822/518/3737 3824/523/3737
f 3828/524/3734 3825/525/3734 3772/411/3734
f 3826/526/3734 3825/525/3734 3827/527/3734
f 3823/521/3807 3825/520/3806 3826/528/3808
f 3827/527/3734 3825/525/3734 3828/524/3734
f 3829/529/3809 3827/530/3810 3828/531/3811
f 3829/529/3809 3828/531/3811 3824/532/3812
f 3824/532/3812 3828/531/3811 3769/410/3748
f 3828/524/3734 3772/411/3734 3769/409/3734
f 3829/533/3737 3831/534/3737 3830/535/3737
f 3830/536/3813 3827/530/3810 3829/529/3809
f 3824/523/3737 3823/522/3737 3829/533/3737
f 3829/533/3737 3823/522/3737 3831/534/3737
f 3831/537/3814 3826/528/3808 3832/538/3815
f 3831/534/3737 3832/539/3737 3830/535/3737
f 3823/521/3807 3826/528/3808 3831/537/3814
f 3832/538/3815 3835/540/3816 3833/541/3817
f 3832/539/3737 3833/542/3737 3834/543/3737
f 3832/538/3815 3826/528/3808 3835/540/3816
f 3830/535/3737 3832/539/3737 3834/543/3737
f 3838/544/3734 3835/545/3734 3826/526/3734
f 3836/546/3734 3835/545/3734 3837/547/3734
f 3833/541/3817 3835/540/3816 3836/548/3818
f 3837/547/3734 3835/545/3734 3838/544/3734
f 3834/549/3819 3837/550/3820 3838/551/3821
f 3834/549/3819 3838/551/3821 3830/536/3813
f 3830/536/3813 3838/551/3821 3827/530/3810
f 3838/544/3734 3826/526/3734 3827/527/3734
f 3839/552/3734 3836/546/3734 3837/547/3734
f 3840/553/3822 3839/554/3823 3837/550/3820
f 3840/553/3822 3837/550/3820 3834/549/3819
f 3840/555/3737 3842/556/3737 3841/557/3737
f 3841/558/3824 3839/554/3823 3840/553/3822
f 3834/543/3737 3833/542/3737 3840/555/3737
f 3840/555/3737 3833/542/3737 3842/556/3737
f 3842/559/3825 3844/560/3826 3843/561/3827
f 3841/557/3737 3842/556/3737 3843/562/3828
f 3833/541/3817 3836/548/3818 3842/559/3825
f 3842/559/3825 3836/548/3818 3844/560/3826
f 3839/552/3734 3844/563/3734 3836/546/3734
f 3845/564/3734 3844/563/3734 3846/565/3734
f 3843/561/3827 3844/560/3826 3845/566/3829
f 3846/565/3734 3844/563/3734 3847/567/3734
f 3847/567/3734 3844/563/3734 3839/552/3734
f 3848/568/3830 3846/569/3831 3847/570/3832
f 3847/570/3832 3839/554/3823 3841/558/3824
f 3847/570/3832 3841/558/3824 3848/568/3830
f 3848/571/3833 3850/572/3834 3849/573/3737
f 3846/569/3831 3848/568/3830 3849/574/3835
f 3841/557/3737 3843/562/3828 3848/571/3833
f 3848/571/3833 3843/562/3828 3850/572/3834
f 3850/575/3836 3852/576/3837 3851/577/3838
f 3849/573/3737 3850/572/3834 3851/578/3839
f 3843/561/3827 3845/566/3829 3850/575/3836
f 3850/575/3836 3845/566/3829 3852/576/3837
f 3852/579/3734 3845/564/3734 3846/565/3734
f 3852/579/3734 3854/580/3734 3853/581/3734
f 3851/577/3838 3852/576/3837 3853/582/3840
f 3854/580/3734 3852/579/3734 3855/583/3734
f 3855/583/3734 3852/579/3734 3846/565/3734
f 3856/584/3841 3854/585/3842 3855/586/3843
f 3856/584/3841 3855/586/3843 3849/574/3835
f 3855/586/3843 3846/569/3831 3849/574/3835
f 3856/587/3844 3859/588/3844 3857/589/3845
f 3858/590/3846 3856/584/3841 3857/591/3847
f 3858/590/3846 3854/585/3842 3856/584/3841
f 3849/573/3737 3851/578/3839 3856/587/3844
f 3856/587/3844 3851/578/3839 3859/588/3844
f 3859/592/3848 3861/593/3849 3860/594/3850
f 3859/588/3844 3860/595/3851 3857/589/3845
f 3851/577/3838 3853/582/3840 3859/592/3848
f 3859/592/3848 3853/582/3840 3861/593/3849
f 3858/596/3734 3861/597/3734 3853/581/3734
f 3862/598/3734 3861/597/3734 3858/596/3734
f 3860/594/3850 3861/593/3849 3862/599/3852
f 3862/598/3734 3864/600/3734 3863/601/3734
f 3860/594/3853 3862/599/3854 3863/602/3855
f 3864/600/3734 3862/598/3734 3858/596/3734
f 3864/603/3856 3857/591/3847 3865/604/3857
f 3865/604/3858 3866/605/3859 3864/603/3860
f 3866/606/3734 3863/601/3734 3864/600/3734
f 3864/603/3856 3858/590/3846 3857/591/3847
f 3866/607/3861 3867/607/3862 3869/608/3863
f 3865/604/3858 3867/609/3864 3866/605/3859
f 3866/607/3861 3869/608/3863 3868/608/3865
f 3868/610/3734 3863/601/3734 3866/606/3734
f 3860/594/3853 3863/602/3855 3869/611/3866
f 3865/612/3867 3860/595/3851 3869/613/3868
f 3863/602/3855 3868/614/3869 3869/611/3866
f 3865/612/3867 3869/613/3868 3867/615/3870
f 3857/589/3845 3860/595/3851 3865/612/3867
f 3858/596/3734 3853/581/3734 3854/580/3734
f 3824/532/3812 3769/410/3748 3770/406/3748
f 3870/616/3871 3874/617/3872 3871/618/3873
f 3872/619/3874 3870/616/3871 3871/618/3873
f 3872/620/3875 3876/621/3876 3870/622/3877
f 3870/622/3877 3875/623/3737 3873/624/3737
f 3870/625/3871 3873/626/3878 3874/627/3872
f 3870/622/3877 3876/621/3876 3875/623/3737
f 3872/620/3875 3877/628/3879 3876/621/3876
f 3876/629/3880 3877/630/3881 3879/631/3882
f 3875/632/3883 3876/633/3880 3878/634/3884
f 3876/629/3880 3879/631/3882 3878/635/3884
f 3871/636/3885 3878/637/3886 3879/638/3886
f 3877/630/3881 3880/639/3887 3879/631/3882
f 3882/640/3888 3879/638/3886 3880/641/3889
f 3871/636/3885 3879/638/3886 3881/642/3734
f 3881/642/3734 3879/638/3886 3882/640/3888
f 3883/643/3890 3881/644/3891 3882/645/3892
f 3885/646/3893 3883/643/3890 3882/645/3892
f 3882/640/3888 3880/641/3889 3884/647/3894
f 3885/646/3893 3882/645/3892 3884/648/3895
f 3885/649/3896 3887/650/3897 3883/651/3870
f 3886/652/3898 3885/646/3893 3884/648/3895
f 3886/653/3876 3887/650/3897 3885/649/3896
f 3889/654/3899 3887/655/3900 3888/656/3901
f 3887/650/3897 3886/653/3876 3888/657/3902
f 3887/655/3900 3880/639/3887 3877/630/3881
f 3887/650/3897 3877/628/3879 3883/651/3870
f 3887/655/3900 3889/654/3899 3880/639/3887
f 3884/647/3894 3880/641/3889 3889/658/3903
f 3891/659/3734 3889/658/3903 3890/660/3734
f 3888/656/3901 3890/661/3904 3889/654/3899
f 3884/647/3894 3889/658/3903 3891/659/3734
f 3886/652/3898 3884/648/3895 3891/662/3905
f 3893/663/3906 3886/652/3898 3891/662/3905
f 3891/659/3734 3890/660/3734 3892/664/3734
f 3893/663/3906 3891/662/3905 3892/665/3907
f 3893/666/3908 3888/657/3902 3886/653/3876
f 3894/667/3909 3893/663/3906 3892/665/3907
f 3894/668/3910 3888/657/3902 3893/666/3908
f 3894/667/3909 3892/665/3907 3895/669/3911
f 3896/670/3912 3894/667/3909 3895/669/3911
f 3896/671/3913 3897/672/3914 3894/668/3910
f 3897/672/3914 3888/657/3902 3894/668/3910
f 3898/673/3915 3899/674/3916 3897/675/3917
f 3897/672/3914 3896/671/3913 3898/676/3918
f 3897/675/3917 3890/661/3904 3888/656/3901
f 3897/675/3917 3899/674/3916 3890/661/3904
f 3895/677/3734 3890/660/3734 3899/678/3734
f 3901/679/3734 3899/678/3734 3900/680/3734
f 3898/673/3915 3900/681/3919 3899/674/3916
f 3895/677/3734 3899/678/3734 3901/679/3734
f 3896/670/3912 3895/669/3911 3901/682/3920
f 3903/683/3921 3896/670/3912 3901/682/3920
f 3901/679/3734 3900/680/3734 3902/684/3734
f 3903/683/3921 3901/682/3920 3902/685/3922
f 3903/686/3923 3898/676/3918 3896/671/3913
f 3904/687/3924 3903/683/3921 3902/685/3922
f 3904/688/3897 3898/676/3918 3903/686/3923
f 3904/687/3924 3902/685/3922 3905/689/3925
f 3906/690/3926 3904/687/3924 3905/689/3925
f 3904/688/3897 3906/691/3927 3907/692/3928
f 3898/676/3918 3904/688/3897 3907/692/3928
f 3907/693/3929 3910/694/3930 3898/673/3915
f 3908/695/3931 3909/696/3932 3907/693/3929
f 3908/697/3933 3907/692/3928 3906/691/3927
f 3907/693/3929 3909/696/3932 3910/694/3930
f 3910/698/3934 3902/684/3734 3900/680/3734
f 3898/673/3915 3910/694/3930 3900/681/3919
f 3910/698/3934 3909/699/3935 3911/700/3936
f 3905/701/3937 3910/698/3934 3911/700/3936
f 3902/684/3734 3910/698/3934 3905/701/3937
f 3906/690/3926 3905/689/3925 3911/702/3938
f 3913/703/3939 3906/690/3926 3911/702/3938
f 3911/700/3936 3914/704/3940 3912/705/3941
f 3913/703/3939 3911/702/3938 3912/706/3942
f 3911/700/3936 3909/699/3935 3914/704/3940
f 3908/695/3931 3914/707/3943 3909/696/3932
f 3916/708/3944 3915/709/3945 3914/707/3943
f 3915/710/3946 3912/705/3941 3914/704/3940
f 3916/708/3944 3914/707/3943 3908/695/3931
f 3917/711/3947 3915/709/3945 3916/708/3944
f 3917/712/3737 3916/713/3948 3918/714/3948
f 3913/715/3933 3916/713/3948 3908/697/3933
f 3918/714/3948 3916/713/3948 3913/715/3933
f 3918/716/3949 3913/703/3939 3912/706/3942
f 3919/717/3828 3917/712/3737 3918/714/3948
f 3919/718/3950 3918/716/3949 3912/706/3942
f 3919/718/3950 3912/706/3942 3920/719/3951
f 3921/720/3952 3919/718/3950 3920/719/3951
f 3921/721/3844 3922/722/3953 3919/717/3828
f 3917/712/3737 3919/717/3828 3922/722/3953
f 3925/723/3954 3923/724/3955 3922/722/3953
f 3922/725/3956 3923/726/3957 3927/727/3958
f 3922/725/3956 3924/728/3959 3917/711/3947
f 3922/725/3956 3926/729/3960 3924/728/3959
f 3925/723/3954 3922/722/3953 3921/721/3844
f 3922/725/3956 3927/727/3958 3926/729/3960
f 3926/730/3961 3927/731/3962 3930/732/3963
f 3923/726/3957 3928/733/3964 3927/727/3958
f 3928/734/3965 3929/735/3966 3927/731/3962
f 3930/732/3963 3927/731/3962 3929/735/3966
f 3920/736/3967 3926/730/3961 3930/732/3963
f 3921/720/3952 3920/719/3951 3930/737/3968
f 3925/738/3969 3921/720/3952 3930/737/3968
f 3925/738/3969 3930/737/3968 3929/739/3970
f 3931/740/3971 3925/738/3969 3929/739/3970
f 3929/735/3966 3928/734/3965 3874/741/3972
f 3873/626/3878 3929/739/3970 3874/627/3872
f 3873/626/3878 3931/740/3971 3929/739/3970
f 3931/742/3737 3932/743/3737 3925/723/3954
f 3873/624/3737 3932/743/3737 3931/742/3737
f 3873/624/3737 3875/623/3737 3932/743/3737
f 3932/744/3973 3875/632/3883 3928/733/3964
f 3925/723/3954 3932/743/3737 3923/724/3955
f 3923/726/3957 3932/744/3973 3928/733/3964
f 3875/632/3883 3878/634/3884 3928/733/3964
f 3928/734/3965 3878/637/3886 3874/741/3972
f 3920/736/3967 3924/745/3903 3926/730/3961
f 3917/711/3947 3924/728/3959 3915/709/3945
f 3915/710/3946 3924/745/3903 3920/736/3967
f 3912/705/3941 3915/710/3946 3920/736/3967
f 3913/715/3933 3908/697/3933 3906/691/3927
f 3892/664/3734 3890/660/3734 3895/677/3734
f 3883/651/3870 3877/628/3879 3872/620/3875
f 3883/643/3890 3872/619/3874 3881/644/3891
f 3872/619/3874 3871/618/3873 3881/644/3891
f 3874/741/3972 3878/637/3886 3871/636/3885
f 3751/336/3731 3750/368/3732 3712/337/3732
f 3735/339/3733 3734/394/3734 3719/340/3734
f 3707/344/581 3704/362/581 3705/361/581
f 3705/361/581 3733/372/581 3731/359/581
f 3731/359/581 3729/358/581 3727/390/581
f 3727/390/581 3725/379/581 3731/359/581
f 3725/379/581 3723/342/581 3731/359/581
f 3723/342/581 3721/341/581 3719/340/581
f 3719/340/581 3717/382/581 3715/343/581
f 3715/343/581 3713/356/581 3707/344/581
f 3713/356/581 3711/355/581 3707/344/581
f 3711/355/581 3709/388/581 3707/344/581
f 3707/344/581 3705/361/581 3731/359/581
f 3723/342/581 3719/340/581 3715/343/581
f 3707/344/581 3731/359/581 3723/342/581
f 3732/347/582 3702/353/582 3703/352/582
f 3703/352/582 3706/386/582 3708/395/582
f 3708/395/582 3710/338/582 3712/337/582
f 3712/337/582 3714/381/582 3716/345/582
f 3716/345/582 3718/393/582 3720/365/582
f 3720/365/582 3722/364/582 3724/346/582
f 3724/346/582 3726/396/582 3728/350/582
f 3728/350/582 3730/349/582 3724/346/582
f 3730/349/582 3732/347/582 3724/346/582
f 3732/347/582 3703/352/582 3708/395/582
f 3708/395/582 3712/337/582 3716/345/582
f 3716/345/582 3720/365/582 3724/346/582
f 3732/347/582 3708/395/582 3716/345/582
f 3753/348/3735 3752/370/3736 3730/349/3736
f 3755/351/3737 3754/375/3738 3703/352/3738
f 3737/354/3732 3736/397/3731 3711/355/3731
f 3739/357/3736 3738/398/3735 3729/358/3735
f 3741/360/3738 3740/384/3737 3705/361/3737
f 3757/363/3733 3756/377/3739 3722/364/3739
f 3735/339/3733 3721/341/3733 3723/342/3739
f 3758/367/3740 3714/381/3740 3712/337/3732
f 3759/369/3741 3732/347/3741 3730/349/3736
f 3737/354/3732 3713/356/3732 3715/343/3740
f 3739/357/3736 3731/359/3736 3733/372/3741
f 3760/374/3742 3706/386/3742 3703/352/3738
f 3761/376/3743 3724/346/3743 3722/364/3739
f 3741/360/3738 3704/362/3738 3707/344/3742
f 3742/366/3739 3723/342/3739 3725/379/3743
f 3758/367/3740 3762/392/3744 3716/345/3744
f 3755/351/3737 3702/353/3737 3732/347/3741
f 3743/371/3740 3715/343/3740 3717/382/3744
f 3744/373/3741 3733/372/3741 3705/361/3737
f 3763/385/3745 3708/395/3745 3706/386/3742
f 3764/387/3746 3726/396/3746 3724/346/3743
f 3745/378/3742 3707/344/3742 3709/388/3745
f 3746/380/3743 3725/379/3743 3727/390/3746
f 3762/392/3744 3765/399/3734 3718/393/3734
f 3747/383/3744 3717/382/3744 3719/340/3734
f 3751/336/3731 3710/338/3731 3708/395/3745
f 3753/348/3735 3728/350/3735 3726/396/3746
f 3748/389/3745 3709/388/3745 3711/355/3731
f 3749/391/3746 3727/390/3746 3729/358/3735
f 3757/363/3733 3720/365/3733 3718/393/3734
usemtl マテリアル.016
f 4085/1/3974 4190/2/3975 3972/3/3976
f 3981/4/3977 4195/5/3978 3989/6/3979
f 3989/6/3979 4197/7/3980 3997/8/3981
f 4197/7/3980 4005/6/3982 3997/8/3981
f 4199/9/3983 4013/4/3984 4005/6/3982
f 4013/4/3984 4203/10/3985 4021/11/3986
f 4021/11/3986 4205/12/3987 4029/3/3988
f 4205/12/3987 4037/1/3989 4029/3/3988
f 4207/13/3990 4045/14/3991 4037/1/3989
f 4045/14/3991 4211/15/3992 4053/16/3993
f 4053/16/3993 4213/17/3994 4061/18/3995
f 4213/17/3994 4069/16/3996 4061/18/3995
f 4215/19/3997 4077/14/3998 4069/16/3996
f 4077/14/3998 4219/20/3999 4085/1/3974
f 3972/3/3976 4223/21/4000 4222/22/4001
f 4190/2/3975 3973/11/4002 3972/3/3976
f 3939/23/4003 4478/24/4004 4503/25/4005
f 3980/26/4006 4418/27/4007 3988/28/4008
f 4384/29/4009 3987/30/4010 3979/31/4011
f 4352/32/4012 3986/33/4013 3978/34/4014
f 3977/35/4015 4322/36/4016 3985/37/4017
f 3976/38/4018 4290/39/4019 3984/40/4020
f 3975/41/4021 4258/42/4022 3983/43/4023
f 4224/44/4024 3982/45/4025 3974/46/4026
f 4474/47/4027 3933/48/4028 3963/49/4029
f 4446/50/4030 3937/51/4031 3935/52/4032
f 3966/53/4033 4415/54/4034 4414/55/4035
f 4382/56/4036 3978/34/4014 4383/57/4037
f 4350/58/4038 3977/35/4015 4351/59/4039
f 3969/60/4040 4319/61/4041 4318/62/4042
f 4286/63/4043 3975/41/4021 4287/64/4044
f 3971/65/4045 4255/66/4046 4254/67/4047
f 4472/68/4048 3963/49/4029 3961/69/4049
f 4442/70/4050 4092/71/4051 4084/72/4052
f 4410/73/4053 4091/74/4054 4083/75/4055
f 4082/76/4056 4380/77/4057 4090/78/4058
f 4346/79/4059 4089/80/4060 4081/81/4061
f 4314/82/4062 4088/83/4063 4080/84/4064
f 4282/85/4065 4087/86/4066 4079/87/4067
f 4078/88/4068 4252/89/4069 4086/90/4070
f 4470/91/4071 3961/69/4049 3959/92/4072
f 4076/93/4073 4442/70/4050 4084/72/4052
f 4408/94/4074 4083/75/4055 4075/95/4075
f 4376/96/4076 4082/76/4056 4074/97/4077
f 4073/98/4078 4346/79/4059 4081/81/4061
f 4072/99/4079 4314/82/4062 4080/84/4064
f 4071/100/4080 4282/85/4065 4079/87/4067
f 4248/101/4081 4078/88/4068 4070/102/4082
f 4468/103/4083 3959/92/4072 3957/104/4084
f 4438/105/4085 4076/93/4073 4068/106/4086
f 4406/107/4087 4075/95/4075 4067/108/4088
f 4374/109/4089 4074/97/4077 4066/110/4090
f 4065/111/4091 4344/112/4092 4073/98/4078
f 4310/113/4093 4072/99/4079 4064/114/4094
f 4278/115/4095 4071/100/4080 4063/116/4096
f 4246/117/4097 4070/102/4082 4062/118/4098
f 4466/91/4099 3957/104/4084 3955/92/4100
f 4436/119/4101 4068/106/4086 4060/93/4102
f 4404/94/4103 4067/108/4088 4059/95/4104
f 4058/97/4105 4374/109/4089 4066/110/4090
f 4340/112/4106 4065/111/4091 4057/98/4107
f 4056/99/4108 4310/113/4093 4064/114/4094
f 4055/100/4109 4278/115/4095 4063/116/4096
f 4244/101/4110 4062/118/4098 4054/102/4111
f 4464/68/4112 3955/92/4100 3953/69/4113
f 4434/70/4114 4060/93/4102 4052/72/4115
f 4402/73/4116 4059/95/4104 4051/75/4117
f 4050/76/4118 4372/96/4119 4058/97/4105
f 4338/79/4120 4057/98/4107 4049/81/4121
f 4306/82/4122 4056/99/4108 4048/84/4123
f 4274/85/4124 4055/100/4109 4047/87/4125
f 4046/88/4126 4244/101/4110 4054/102/4111
f 4462/47/4127 3953/69/4113 3951/49/4128
f 4044/71/4129 4434/70/4114 4052/72/4115
f 4400/120/4130 4051/75/4117 4043/74/4131
f 4368/77/4132 4050/76/4118 4042/121/4133
f 4041/80/4134 4338/79/4120 4049/81/4121
f 4040/83/4135 4306/82/4122 4048/84/4123
f 4039/86/4136 4274/85/4124 4047/87/4125
f 4240/89/4137 4046/88/4126 4038/90/4138
f 4460/122/4139 3951/49/4128 3949/48/4140
f 4430/123/4141 4044/71/4129 4036/124/4142
f 4398/125/4143 4043/74/4131 4035/53/4144
f 4366/126/4145 4042/121/4133 4034/127/4146
f 4033/128/4147 4336/129/4148 4041/80/4134
f 4302/130/4149 4040/83/4135 4032/60/4150
f 4270/131/4151 4039/86/4136 4031/132/4152
f 4238/133/4153 4038/90/4138 4030/65/4154
f 4458/50/4155 3949/48/4140 3947/52/4156
f 4428/134/4157 4036/124/4142 4028/26/4158
f 4396/29/4159 4035/53/4144 4027/31/4160
f 4026/135/4161 4366/126/4145 4034/127/4146
f 4332/136/4162 4033/128/4147 4025/35/4163
f 4024/38/4164 4302/130/4149 4032/60/4150
f 4023/41/4165 4270/131/4151 4031/132/4152
f 4236/44/4166 4030/65/4154 4022/46/4167
f 4456/137/4168 3947/52/4156 3945/51/4169
f 4426/27/4170 4028/26/4158 4020/28/4171
f 4394/138/4172 4027/31/4160 4019/30/4173
f 4018/33/4174 4364/32/4175 4026/135/4161
f 4330/36/4176 4025/35/4163 4017/37/4177
f 4298/39/4178 4024/38/4164 4016/40/4179
f 4266/42/4180 4023/41/4165 4015/43/4181
f 4014/45/4182 4236/44/4166 4022/46/4167
f 4454/139/4183 3945/51/4169 3943/23/4184
f 4012/140/4185 4426/27/4170 4020/28/4171
f 4392/141/4186 4019/30/4173 4011/142/4187
f 4360/143/4188 4018/33/4174 4010/144/4189
f 4009/145/4190 4330/36/4176 4017/37/4177
f 4008/146/4191 4298/39/4178 4016/40/4179
f 4007/147/4192 4266/42/4180 4015/43/4181
f 4232/148/4193 4014/45/4182 4006/149/4194
f 4452/150/4195 3943/23/4184 3941/151/4196
f 4422/152/4197 4012/140/4185 4004/153/4198
f 4390/154/4199 4011/142/4187 4003/155/4200
f 4358/156/4201 4010/144/4189 4002/157/4202
f 4001/158/4203 4328/159/4204 4009/145/4190
f 4294/160/4205 4008/146/4191 4000/161/4206
f 4262/162/4207 4007/147/4192 3999/163/4208
f 4230/164/4209 4006/149/4194 3998/165/4210
f 4450/139/4211 3941/151/4196 3939/23/4003
f 4420/166/4212 4004/153/4198 3996/140/4213
f 4388/141/4214 4003/155/4200 3995/142/4215
f 3994/144/4216 4358/156/4201 4002/157/4202
f 4324/159/4217 4001/158/4203 3993/145/4218
f 3992/146/4219 4294/160/4205 4000/161/4206
f 3991/147/4220 4262/162/4207 3999/163/4208
f 4228/148/4221 3998/165/4210 3990/149/4222
f 4476/167/4223 3980/26/4006 4445/168/4224
f 4418/27/4007 3996/140/4213 3988/28/4008
f 4386/138/4225 3995/142/4215 3987/30/4010
f 3986/33/4013 4356/143/4226 3994/144/4216
f 4322/36/4016 3993/145/4218 3985/37/4017
f 4290/39/4019 3992/146/4219 3984/40/4020
f 4258/42/4022 3991/147/4220 3983/43/4023
f 3982/45/4025 4228/148/4221 3990/149/4222
f 4448/137/4227 3939/23/4003 3937/51/4031
f 4444/169/4228 3965/124/4229 4092/71/4051
f 4412/120/4230 3966/53/4033 4091/74/4054
f 4090/78/4058 4349/126/4231 3967/170/4232
f 4348/129/4233 3968/128/4234 4089/80/4060
f 4316/171/4235 3969/60/4040 4088/83/4063
f 4087/86/4066 4253/131/4236 3970/132/4237
f 4252/89/4069 3971/65/4045 4086/90/4070
f 3964/172/4238 4189/173/4239 4220/174/4240
f 4101/175/4241 4123/176/4242 4102/177/4243
f 3960/178/4244 4180/179/4245 4185/180/4246
f 4122/181/4247 4098/182/4248 4097/183/4249
f 3940/184/4250 4183/185/4251 3942/186/4252
f 4120/187/4253 4094/188/4254 4093/189/4255
f 3948/190/4256 4181/191/4257 3950/192/4258
f 4118/175/4259 4123/176/4242 4124/193/4260
f 3956/178/4261 4180/179/4245 3958/194/4262
f 4116/195/4263 4121/196/4264 4122/181/4247
f 3940/184/4250 4172/197/4265 4178/198/4266
f 4114/199/4267 4106/188/4268 4105/189/4269
f 3964/172/4238 4187/191/4270 3934/192/4271
f 4112/195/4272 4119/200/4273 4120/187/4253
f 3948/190/4256 4168/197/4274 4176/201/4275
f 4118/175/4259 4109/202/4276 4117/177/4277
f 4163/203/4278 4105/189/4269 4108/187/4279
f 4116/195/4263 4107/200/4280 4115/204/4281
f 4186/205/4282 4104/206/4283 4161/207/4284
f 4114/199/4267 4103/202/4285 4113/208/4286
f 4159/209/4287 4097/183/4249 4100/181/4288
f 4112/195/4272 4099/196/4289 4111/204/4290
f 4157/210/4291 4093/189/4255 4096/199/4292
f 4096/199/4292 4109/202/4276 4110/206/4293
f 3956/178/4261 4166/211/4294 4174/180/4295
f 4108/187/4279 4106/188/4268 4107/200/4280
f 3936/190/4296 4172/197/4265 3938/212/4297
f 4104/206/4283 4102/177/4243 4103/202/4285
f 3962/213/4298 4170/214/4299 3964/172/4238
f 4100/181/4288 4098/182/4248 4099/196/4289
f 3944/184/4300 4168/197/4274 3946/212/4301
f 4096/199/4292 4094/188/4254 4095/208/4302
f 4492/215/4303 4140/216/4304 4483/217/4305
f 4140/216/4304 4156/218/4306 4155/219/4307
f 4479/220/4308 4129/221/4309 4132/222/4310
f 4132/222/4310 4154/223/4311 4153/224/4312
f 4486/225/4313 4128/226/4314 4477/227/4315
f 4151/228/4316 4127/229/4317 4152/230/4318
f 3947/52/4156 4507/231/4319 4501/232/4320
f 4149/233/4321 4156/218/4306 4150/234/4322
f 3955/92/4100 4505/235/4323 4499/236/4324
f 4147/222/4325 4154/223/4311 4148/237/4326
f 3939/23/4003 4497/238/4327 3937/51/4031
f 4151/228/4316 4146/239/4328 4145/240/4329
f 4490/241/4330 4136/219/4331 4481/242/4332
f 4136/219/4331 4144/243/4333 4143/216/4334
f 3947/52/4156 4493/238/4335 3945/51/4169
f 4141/240/4336 4150/234/4322 4142/239/4337
f 3955/92/4100 4491/244/4338 3953/69/4113
f 4147/222/4325 4138/245/4339 4137/221/4340
f 3935/52/4032 4497/238/4327 4489/232/4341
f 4145/240/4329 4134/234/4342 4133/233/4343
f 3963/49/4029 4487/244/4344 3961/69/4049
f 4143/216/4334 4130/245/4345 4129/221/4309
f 3943/23/4184 4493/238/4335 4485/25/4346
f 4125/228/4347 4142/239/4337 4126/230/4348
f 4486/225/4313 4141/240/4336 4125/228/4347
f 4140/216/4304 4138/245/4339 4139/243/4349
f 3951/49/4128 4507/231/4319 3949/48/4140
f 4133/233/4343 4135/218/4350 4136/219/4331
f 3963/49/4029 4482/231/4351 4495/246/4352
f 4132/222/4310 4130/245/4345 4131/237/4353
f 3959/92/4072 4505/235/4323 3957/104/4084
f 4125/228/4347 4127/229/4317 4128/226/4314
f 4157/210/4291 4110/206/4293 4165/207/4354
f 4167/247/4355 4100/181/4288 4112/195/4272
f 4169/210/4356 4104/206/4283 4114/199/4267
f 4163/203/4278 4116/195/4263 4171/247/4357
f 3952/172/4358 4181/191/4257 4158/214/4359
f 3944/184/4300 4183/185/4251 4160/198/4360
f 3960/178/4244 4162/211/4361 3962/213/4298
f 3936/190/4296 4187/191/4270 4164/201/4362
f 4173/205/4363 4110/206/4293 4118/175/4259
f 4175/203/4364 4112/195/4272 4120/187/4253
f 4169/210/4356 4105/189/4269 4188/248/4365
f 4171/247/4357 4122/181/4247 4177/209/4366
f 4173/205/4363 4124/193/4260 4179/249/4367
f 4175/203/4364 4093/189/4255 4182/248/4368
f 4177/209/4366 4097/183/4249 4184/250/4369
f 4186/205/4282 4124/193/4260 4101/175/4241
f 4191/251/4370 3981/4/3977 3973/11/4002
f 3962/213/4298 4220/174/4240 4218/252/4371
f 3960/178/4244 4218/252/4371 4216/253/4372
f 3958/194/4262 4216/253/4372 4214/254/4373
f 3956/178/4261 4214/254/4373 4212/253/4374
f 3954/213/4375 4212/253/4374 4210/252/4376
f 3952/172/4358 4210/252/4376 4208/174/4377
f 3950/192/4258 4208/174/4377 4206/173/4378
f 3948/190/4256 4206/173/4378 4204/255/4379
f 3946/212/4301 4204/255/4379 4202/256/4380
f 3944/184/4300 4202/256/4380 4200/257/4381
f 3942/186/4252 4200/257/4381 4198/258/4382
f 3940/184/4250 4198/258/4382 4196/257/4383
f 3938/212/4297 4196/257/4383 4194/256/4384
f 3936/190/4296 4194/256/4384 4192/255/4385
f 3934/192/4271 4192/255/4385 4189/173/4239
f 4085/1/3974 4222/22/4001 4251/259/4386
f 3973/11/4002 4225/260/4387 4223/21/4000
f 4225/260/4387 3989/6/3979 4227/261/4388
f 3989/6/3979 4229/262/4389 4227/261/4388
f 3997/8/3981 4231/261/4390 4229/262/4389
f 4005/6/3982 4233/260/4391 4231/261/4390
f 4233/260/4391 4021/11/3986 4235/21/4392
f 4021/11/3986 4237/22/4393 4235/21/4392
f 4029/3/3988 4239/259/4394 4237/22/4393
f 4037/1/3989 4241/263/4395 4239/259/4394
f 4241/263/4395 4053/16/3993 4243/264/4396
f 4053/16/3993 4245/265/4397 4243/264/4396
f 4061/18/3995 4247/264/4398 4245/265/4397
f 4069/16/3996 4249/263/4399 4247/264/4398
f 4249/263/4399 4085/1/3974 4251/259/4386
f 4221/133/4400 3974/46/4026 3971/65/4045
f 4086/90/4070 4254/67/4047 4283/266/4401
f 3974/46/4026 4257/267/4402 4255/66/4046
f 3982/45/4025 4259/268/4403 4257/267/4402
f 3990/149/4222 4261/269/4404 4259/268/4403
f 3998/165/4210 4263/268/4405 4261/269/4404
f 4006/149/4194 4265/267/4406 4263/268/4405
f 4014/45/4182 4267/66/4407 4265/267/4406
f 4022/46/4167 4269/67/4408 4267/66/4407
f 4030/65/4154 4271/266/4409 4269/67/4408
f 4038/90/4138 4273/270/4410 4271/266/4409
f 4046/88/4126 4275/271/4411 4273/270/4410
f 4054/102/4111 4277/272/4412 4275/271/4411
f 4062/118/4098 4279/271/4413 4277/272/4412
f 4070/102/4082 4281/270/4414 4279/271/4413
f 4078/88/4068 4283/266/4401 4281/270/4414
f 4253/131/4236 3975/41/4021 3970/132/4237
f 4087/86/4066 4286/63/4043 4315/273/4415
f 4287/64/4044 3983/43/4023 4289/274/4416
f 3983/43/4023 4291/275/4417 4289/274/4416
f 3991/147/4220 4293/276/4418 4291/275/4417
f 4293/276/4418 4007/147/4192 4295/275/4419
f 4295/275/4419 4015/43/4181 4297/274/4420
f 4015/43/4181 4299/64/4421 4297/274/4420
f 4023/41/4165 4301/63/4422 4299/64/4421
f 4301/63/4422 4039/86/4136 4303/273/4423
f 4303/273/4423 4047/87/4125 4305/277/4424
f 4047/87/4125 4307/278/4425 4305/277/4424
f 4055/100/4109 4309/279/4426 4307/278/4425
f 4309/279/4426 4071/100/4080 4311/278/4427
f 4311/278/4427 4079/87/4067 4313/277/4428
f 4079/87/4067 4315/273/4415 4313/277/4428
f 4285/130/4429 3976/38/4018 3969/60/4040
f 4347/280/4430 3969/60/4040 4318/62/4042
f 3976/38/4018 4321/281/4431 4319/61/4041
f 4321/281/4431 3992/146/4219 4323/282/4432
f 4323/282/4432 4000/161/4206 4325/283/4433
f 4000/161/4206 4327/282/4434 4325/283/4433
f 4008/146/4191 4329/281/4435 4327/282/4434
f 4329/281/4435 4024/38/4164 4331/61/4436
f 4331/61/4436 4032/60/4150 4333/62/4437
f 4032/60/4150 4335/280/4438 4333/62/4437
f 4040/83/4135 4337/284/4439 4335/280/4438
f 4337/284/4439 4056/99/4108 4339/285/4440
f 4339/285/4440 4064/114/4094 4341/286/4441
f 4064/114/4094 4343/285/4442 4341/286/4441
f 4072/99/4079 4345/284/4443 4343/285/4442
f 4345/284/4443 4088/83/4063 4347/280/4430
f 3968/128/4234 4320/136/4444 3977/35/4015
f 4089/80/4060 4350/58/4038 4379/287/4445
f 3977/35/4015 4353/288/4446 4351/59/4039
f 3985/37/4017 4355/289/4447 4353/288/4446
f 3993/145/4218 4357/290/4448 4355/289/4447
f 4357/290/4448 4009/145/4190 4359/289/4449
f 4009/145/4190 4361/288/4450 4359/289/4449
f 4017/37/4177 4363/59/4451 4361/288/4450
f 4025/35/4163 4365/58/4452 4363/59/4451
f 4365/58/4452 4041/80/4134 4367/287/4453
f 4041/80/4134 4369/291/4454 4367/287/4453
f 4049/81/4121 4371/292/4455 4369/291/4454
f 4057/98/4107 4373/293/4456 4371/292/4455
f 4373/293/4456 4073/98/4078 4375/292/4457
f 4073/98/4078 4377/291/4458 4375/292/4457
f 4081/81/4061 4379/287/4445 4377/291/4458
f 4349/126/4231 3978/34/4014 3967/170/4232
f 4090/78/4058 4382/56/4036 4411/294/4459
f 3978/34/4014 4385/295/4460 4383/57/4037
f 4385/295/4460 3994/144/4216 4387/296/4461
f 3994/144/4216 4389/297/4462 4387/296/4461
f 4389/297/4462 4010/144/4189 4391/296/4463
f 4010/144/4189 4393/295/4464 4391/296/4463
f 4393/295/4464 4026/135/4161 4395/57/4465
f 4026/135/4161 4397/56/4466 4395/57/4465
f 4397/56/4466 4042/121/4133 4399/294/4467
f 4042/121/4133 4401/298/4468 4399/294/4467
f 4401/298/4468 4058/97/4105 4403/299/4469
f 4058/97/4105 4405/300/4470 4403/299/4469
f 4405/300/4470 4074/97/4077 4407/299/4471
f 4074/97/4077 4409/298/4472 4407/299/4471
f 4409/298/4472 4090/78/4058 4411/294/4459
f 4381/301/4473 3979/31/4011 3966/53/4033
f 4091/74/4054 4414/55/4035 4443/302/4474
f 4415/54/4034 3987/30/4010 4417/303/4475
f 3987/30/4010 4419/304/4476 4417/303/4475
f 3995/142/4215 4421/305/4477 4419/304/4476
f 4003/155/4200 4423/304/4478 4421/305/4477
f 4423/304/4478 4019/30/4173 4425/303/4479
f 4019/30/4173 4427/54/4480 4425/303/4479
f 4027/31/4160 4429/55/4481 4427/54/4480
f 4035/53/4144 4431/302/4482 4429/55/4481
f 4431/302/4482 4051/75/4117 4433/306/4483
f 4051/75/4117 4435/307/4484 4433/306/4483
f 4059/95/4104 4437/308/4485 4435/307/4484
f 4067/108/4088 4439/307/4486 4437/308/4485
f 4439/307/4486 4083/75/4055 4441/306/4487
f 4083/75/4055 4443/302/4474 4441/306/4487
f 4413/123/4488 3980/26/4006 3965/124/4229
f 4445/168/4224 3988/28/4008 4447/309/4489
f 4475/122/4490 3935/52/4032 3933/48/4028
f 3988/28/4008 4449/310/4491 4447/309/4489
f 3996/140/4213 4451/311/4492 4449/310/4491
f 4451/311/4492 4012/140/4185 4453/310/4493
f 4453/310/4493 4020/28/4171 4455/309/4494
f 4020/28/4171 4457/168/4495 4455/309/4494
f 4028/26/4158 4459/167/4496 4457/168/4495
f 4459/167/4496 4044/71/4129 4461/312/4497
f 4461/312/4497 4052/72/4115 4463/313/4498
f 4052/72/4115 4465/314/4499 4463/313/4498
f 4060/93/4102 4467/315/4500 4465/314/4499
f 4467/315/4500 4076/93/4073 4469/314/4501
f 4469/314/4501 4084/72/4052 4471/313/4502
f 4084/72/4052 4473/312/4503 4471/313/4502
f 4092/71/4051 4476/167/4223 4473/312/4503
f 4504/225/4504 4128/226/4314 4151/228/4316
f 4479/220/4308 4153/224/4312 4506/316/4505
f 4496/217/4506 4136/219/4331 4143/216/4334
f 4483/217/4305 4155/219/4307 4508/242/4507
f 4496/217/4506 4129/221/4309 4488/215/4508
f 4490/241/4330 4145/240/4329 4133/233/4343
f 4500/220/4509 4137/221/4340 4492/215/4303
f 4502/241/4510 4141/240/4336 4494/317/4511
f 4504/225/4504 4145/240/4329 4498/317/4512
f 3935/52/4032 4482/231/4351 3933/48/4028
f 4500/220/4509 4153/224/4312 4147/222/4325
f 4502/241/4510 4155/219/4307 4149/233/4321
f 3943/23/4184 4478/24/4004 3941/151/4196
f 3959/92/4072 4487/244/4344 4480/236/4513
f 3951/49/4128 4491/244/4338 4484/246/4514
f 4157/210/4291 4181/191/4257 4182/248/4368
f 4159/209/4287 4183/185/4251 4184/250/4369
f 4161/207/4284 4185/180/4246 4186/205/4282
f 4188/248/4365 4164/201/4362 4187/191/4270
f 4165/207/4354 4158/214/4359 4157/210/4291
f 4167/247/4355 4160/198/4360 4159/209/4287
f 4161/207/4284 4170/214/4299 4162/211/4361
f 4171/247/4357 4164/201/4362 4163/203/4278
f 4165/207/4354 4174/180/4295 4166/211/4294
f 4167/247/4355 4176/201/4275 4168/197/4274
f 4188/248/4365 4170/214/4299 4169/210/4356
f 4171/247/4357 4178/198/4266 4172/197/4265
f 4179/249/4367 4174/180/4295 4173/205/4363
f 4182/248/4368 4176/201/4275 4175/203/4364
f 4184/250/4369 4178/198/4266 4177/209/4366
f 4186/205/4282 4180/179/4245 4179/249/4367
f 4189/173/4239 4219/20/3999 4220/174/4240
f 4218/252/4371 4219/20/3999 4217/318/4515
f 4218/252/4371 4215/19/3997 4216/253/4372
f 4216/253/4372 4213/17/3994 4214/254/4373
f 4214/254/4373 4211/15/3992 4212/253/4374
f 4210/252/4376 4211/15/3992 4209/319/4516
f 4210/252/4376 4207/13/3990 4208/174/4377
f 4208/174/4377 4205/12/3987 4206/173/4378
f 4206/173/4378 4203/10/3985 4204/255/4379
f 4202/256/4380 4203/10/3985 4201/320/4517
f 4202/256/4380 4199/9/3983 4200/257/4381
f 4200/257/4381 4197/7/3980 4198/258/4382
f 4198/258/4382 4195/5/3978 4196/257/4383
f 4194/256/4384 4195/5/3978 4193/321/4518
f 4194/256/4384 4191/251/4370 4192/255/4385
f 4192/255/4385 4190/2/3975 4189/173/4239
f 4222/22/4001 4224/44/4024 4221/133/4400
f 4223/21/4000 4226/322/4519 4224/44/4024
f 4227/261/4388 4226/322/4519 4225/260/4387
f 4229/262/4389 4228/148/4221 4227/261/4388
f 4229/262/4389 4232/148/4193 4230/164/4209
f 4231/261/4390 4234/322/4520 4232/148/4193
f 4235/21/4392 4234/322/4520 4233/260/4391
f 4237/22/4393 4236/44/4166 4235/21/4392
f 4237/22/4393 4240/89/4137 4238/133/4153
f 4239/259/4394 4242/323/4521 4240/89/4137
f 4243/264/4396 4242/323/4521 4241/263/4395
f 4245/265/4397 4244/101/4110 4243/264/4396
f 4245/265/4397 4248/101/4081 4246/117/4097
f 4247/264/4398 4250/323/4522 4248/101/4081
f 4251/259/4386 4250/323/4522 4249/263/4399
f 4222/22/4001 4252/89/4069 4251/259/4386
f 4255/66/4046 4253/131/4236 4254/67/4047
f 4257/267/4402 4256/324/4523 4255/66/4046
f 4259/268/4403 4258/42/4022 4257/267/4402
f 4259/268/4403 4262/162/4207 4260/325/4524
f 4263/268/4405 4262/162/4207 4261/269/4404
f 4265/267/4406 4264/325/4525 4263/268/4405
f 4267/66/4407 4266/42/4180 4265/267/4406
f 4267/66/4407 4270/131/4151 4268/324/4526
f 4271/266/4409 4270/131/4151 4269/67/4408
f 4273/270/4410 4272/326/4527 4271/266/4409
f 4275/271/4411 4274/85/4124 4273/270/4410
f 4275/271/4411 4278/115/4095 4276/327/4528
f 4279/271/4413 4278/115/4095 4277/272/4412
f 4281/270/4414 4280/327/4529 4279/271/4413
f 4283/266/4401 4282/85/4065 4281/270/4414
f 4283/266/4401 4253/131/4236 4284/326/4530
f 4286/63/4043 4288/328/4531 4285/130/4429
f 4287/64/4044 4290/39/4019 4288/328/4531
f 4291/275/4417 4290/39/4019 4289/274/4416
f 4293/276/4418 4292/329/4532 4291/275/4417
f 4293/276/4418 4296/329/4533 4294/160/4205
f 4295/275/4419 4298/39/4178 4296/329/4533
f 4299/64/4421 4298/39/4178 4297/274/4420
f 4301/63/4422 4300/328/4534 4299/64/4421
f 4301/63/4422 4304/171/4535 4302/130/4149
f 4303/273/4423 4306/82/4122 4304/171/4535
f 4307/278/4425 4306/82/4122 4305/277/4424
f 4309/279/4426 4308/330/4536 4307/278/4425
f 4309/279/4426 4312/330/4537 4310/113/4093
f 4311/278/4427 4314/82/4062 4312/330/4537
f 4315/273/4415 4314/82/4062 4313/277/4428
f 4286/63/4043 4316/171/4235 4315/273/4415
f 4319/61/4041 4317/331/4538 4318/62/4042
f 4321/281/4431 4320/136/4444 4319/61/4041
f 4323/282/4432 4322/36/4016 4321/281/4431
f 4325/283/4433 4324/159/4217 4323/282/4432
f 4327/282/4434 4326/332/4539 4325/283/4433
f 4329/281/4435 4328/159/4204 4327/282/4434
f 4331/61/4436 4330/36/4176 4329/281/4435
f 4333/62/4437 4332/136/4162 4331/61/4436
f 4335/280/4438 4334/331/4540 4333/62/4437
f 4337/284/4439 4336/129/4148 4335/280/4438
f 4339/285/4440 4338/79/4120 4337/284/4439
f 4341/286/4441 4340/112/4106 4339/285/4440
f 4343/285/4442 4342/333/4541 4341/286/4441
f 4345/284/4443 4344/112/4092 4343/285/4442
f 4347/280/4430 4346/79/4059 4345/284/4443
f 4318/62/4042 4348/129/4233 4347/280/4430
f 4351/59/4039 4349/126/4231 4350/58/4038
f 4353/288/4446 4352/32/4012 4351/59/4039
f 4353/288/4446 4356/143/4226 4354/334/4542
f 4355/289/4447 4358/156/4201 4356/143/4226
f 4359/289/4449 4358/156/4201 4357/290/4448
f 4361/288/4450 4360/143/4188 4359/289/4449
f 4361/288/4450 4364/32/4175 4362/334/4543
f 4363/59/4451 4366/126/4145 4364/32/4175
f 4367/287/4453 4366/126/4145 4365/58/4452
f 4369/291/4454 4368/77/4132 4367/287/4453
f 4369/291/4454 4372/96/4119 4370/335/4544
f 4371/292/4455 4374/109/4089 4372/96/4119
f 4375/292/4457 4374/109/4089 4373/293/4456
f 4377/291/4458 4376/96/4076 4375/292/4457
f 4377/291/4458 4380/77/4057 4378/335/4545
f 4379/287/4445 4349/126/4231 4380/77/4057
f 4382/56/4036 4384/29/4009 4381/301/4473
f 4385/295/4460 4384/29/4009 4383/57/4037
f 4387/296/4461 4386/138/4225 4385/295/4460
f 4389/297/4462 4388/141/4214 4387/296/4461
f 4389/297/4462 4392/141/4186 4390/154/4199
f 4393/295/4464 4392/141/4186 4391/296/4463
f 4395/57/4465 4394/138/4172 4393/295/4464
f 4397/56/4466 4396/29/4159 4395/57/4465
f 4397/56/4466 4400/120/4130 4398/125/4143
f 4401/298/4468 4400/120/4130 4399/294/4467
f 4403/299/4469 4402/73/4116 4401/298/4468
f 4405/300/4470 4404/94/4103 4403/299/4469
f 4405/300/4470 4408/94/4074 4406/107/4087
f 4409/298/4472 4408/94/4074 4407/299/4471
f 4411/294/4459 4410/73/4053 4409/298/4472
f 4382/56/4036 4412/120/4230 4411/294/4459
f 4415/54/4034 4413/123/4488 4414/55/4035
f 4417/303/4475 4416/134/4546 4415/54/4034
f 4417/303/4475 4420/166/4212 4418/27/4007
f 4419/304/4476 4422/152/4197 4420/166/4212
f 4423/304/4478 4422/152/4197 4421/305/4477
f 4425/303/4479 4424/166/4547 4423/304/4478
f 4425/303/4479 4428/134/4157 4426/27/4170
f 4427/54/4480 4430/123/4141 4428/134/4157
f 4431/302/4482 4430/123/4141 4429/55/4481
f 4433/306/4483 4432/169/4548 4431/302/4482
f 4433/306/4483 4436/119/4101 4434/70/4114
f 4435/307/4484 4438/105/4085 4436/119/4101
f 4439/307/4486 4438/105/4085 4437/308/4485
f 4441/306/4487 4440/119/4549 4439/307/4486
f 4441/306/4487 4444/169/4228 4442/70/4050
f 4443/302/4474 4413/123/4488 4444/169/4228
f 4445/168/4224 4475/122/4490 4476/167/4223
f 4445/168/4224 4448/137/4227 4446/50/4030
f 4449/310/4491 4448/137/4227 4447/309/4489
f 4451/311/4492 4450/139/4211 4449/310/4491
f 4453/310/4493 4452/150/4195 4451/311/4492
f 4453/310/4493 4456/137/4168 4454/139/4183
f 4457/168/4495 4456/137/4168 4455/309/4494
f 4459/167/4496 4458/50/4155 4457/168/4495
f 4461/312/4497 4460/122/4139 4459/167/4496
f 4461/312/4497 4464/68/4112 4462/47/4127
f 4465/314/4499 4464/68/4112 4463/313/4498
f 4467/315/4500 4466/91/4099 4465/314/4499
f 4469/314/4501 4468/103/4083 4467/315/4500
f 4469/314/4501 4472/68/4048 4470/91/4071
f 4473/312/4503 4472/68/4048 4471/313/4502
f 4476/167/4223 4474/47/4027 4473/312/4503
f 4477/227/4315 4485/25/4346 4486/225/4313
f 4488/215/4508 4480/236/4513 4487/244/4344
f 4481/242/4332 4489/232/4341 4490/241/4330
f 4492/215/4303 4484/246/4514 4491/244/4338
f 4494/317/4511 4485/25/4346 4493/238/4335
f 4488/215/4508 4495/246/4352 4496/217/4506
f 4498/317/4512 4489/232/4341 4497/238/4327
f 4492/215/4303 4499/236/4324 4500/220/4509
f 4494/317/4511 4501/232/4320 4502/241/4510
f 4496/217/4506 4482/231/4351 4481/242/4332
f 4498/317/4512 4503/25/4005 4504/225/4504
f 4500/220/4509 4505/235/4323 4506/316/4505
f 4508/242/4507 4501/232/4320 4507/231/4319
f 4504/225/4504 4478/24/4004 4477/227/4315
f 4506/316/4505 4480/236/4513 4479/220/4308
f 4508/242/4507 4484/246/4514 4483/217/4305
f 3954/213/4375 4158/214/4359 4166/211/4294
f 4085/1/3974 4219/20/3999 4190/2/3975
f 3981/4/3977 4193/321/4518 4195/5/3978
f 3989/6/3979 4195/5/3978 4197/7/3980
f 4197/7/3980 4199/9/3983 4005/6/3982
f 4199/9/3983 4201/320/4517 4013/4/3984
f 4013/4/3984 4201/320/4517 4203/10/3985
f 4021/11/3986 4203/10/3985 4205/12/3987
f 4205/12/3987 4207/13/3990 4037/1/3989
f 4207/13/3990 4209/319/4516 4045/14/3991
f 4045/14/3991 4209/319/4516 4211/15/3992
f 4053/16/3993 4211/15/3992 4213/17/3994
f 4213/17/3994 4215/19/3997 4069/16/3996
f 4215/19/3997 4217/318/4515 4077/14/3998
f 4077/14/3998 4217/318/4515 4219/20/3999
f 3972/3/3976 3973/11/4002 4223/21/4000
f 4190/2/3975 4191/251/4370 3973/11/4002
f 3939/23/4003 3941/151/4196 4478/24/4004
f 3980/26/4006 4416/134/4546 4418/27/4007
f 4384/29/4009 4386/138/4225 3987/30/4010
f 4352/32/4012 4354/334/4542 3986/33/4013
f 3977/35/4015 4320/136/4444 4322/36/4016
f 3976/38/4018 4288/328/4531 4290/39/4019
f 3975/41/4021 4256/324/4523 4258/42/4022
f 4224/44/4024 4226/322/4519 3982/45/4025
f 4474/47/4027 4475/122/4490 3933/48/4028
f 4446/50/4030 4448/137/4227 3937/51/4031
f 3966/53/4033 3979/31/4011 4415/54/4034
f 4382/56/4036 3967/170/4232 3978/34/4014
f 4350/58/4038 3968/128/4234 3977/35/4015
f 3969/60/4040 3976/38/4018 4319/61/4041
f 4286/63/4043 3970/132/4237 3975/41/4021
f 3971/65/4045 3974/46/4026 4255/66/4046
f 4472/68/4048 4474/47/4027 3963/49/4029
f 4442/70/4050 4444/169/4228 4092/71/4051
f 4410/73/4053 4412/120/4230 4091/74/4054
f 4082/76/4056 4378/335/4545 4380/77/4057
f 4346/79/4059 4348/129/4233 4089/80/4060
f 4314/82/4062 4316/171/4235 4088/83/4063
f 4282/85/4065 4284/326/4530 4087/86/4066
f 4078/88/4068 4250/323/4522 4252/89/4069
f 4470/91/4071 4472/68/4048 3961/69/4049
f 4076/93/4073 4440/119/4549 4442/70/4050
f 4408/94/4074 4410/73/4053 4083/75/4055
f 4376/96/4076 4378/335/4545 4082/76/4056
f 4073/98/4078 4344/112/4092 4346/79/4059
f 4072/99/4079 4312/330/4537 4314/82/4062
f 4071/100/4080 4280/327/4529 4282/85/4065
f 4248/101/4081 4250/323/4522 4078/88/4068
f 4468/103/4083 4470/91/4071 3959/92/4072
f 4438/105/4085 4440/119/4549 4076/93/4073
f 4406/107/4087 4408/94/4074 4075/95/4075
f 4374/109/4089 4376/96/4076 4074/97/4077
f 4065/111/4091 4342/333/4541 4344/112/4092
f 4310/113/4093 4312/330/4537 4072/99/4079
f 4278/115/4095 4280/327/4529 4071/100/4080
f 4246/117/4097 4248/101/4081 4070/102/4082
f 4466/91/4099 4468/103/4083 3957/104/4084
f 4436/119/4101 4438/105/4085 4068/106/4086
f 4404/94/4103 4406/107/4087 4067/108/4088
f 4058/97/4105 4372/96/4119 4374/109/4089
f 4340/112/4106 4342/333/4541 4065/111/4091
f 4056/99/4108 4308/330/4536 4310/113/4093
f 4055/100/4109 4276/327/4528 4278/115/4095
f 4244/101/4110 4246/117/4097 4062/118/4098
f 4464/68/4112 4466/91/4099 3955/92/4100
f 4434/70/4114 4436/119/4101 4060/93/4102
f 4402/73/4116 4404/94/4103 4059/95/4104
f 4050/76/4118 4370/335/4544 4372/96/4119
f 4338/79/4120 4340/112/4106 4057/98/4107
f 4306/82/4122 4308/330/4536 4056/99/4108
f 4274/85/4124 4276/327/4528 4055/100/4109
f 4046/88/4126 4242/323/4521 4244/101/4110
f 4462/47/4127 4464/68/4112 3953/69/4113
f 4044/71/4129 4432/169/4548 4434/70/4114
f 4400/120/4130 4402/73/4116 4051/75/4117
f 4368/77/4132 4370/335/4544 4050/76/4118
f 4041/80/4134 4336/129/4148 4338/79/4120
f 4040/83/4135 4304/171/4535 4306/82/4122
f 4039/86/4136 4272/326/4527 4274/85/4124
f 4240/89/4137 4242/323/4521 4046/88/4126
f 4460/122/4139 4462/47/4127 3951/49/4128
f 4430/123/4141 4432/169/4548 4044/71/4129
f 4398/125/4143 4400/120/4130 4043/74/4131
f 4366/126/4145 4368/77/4132 4042/121/4133
f 4033/128/4147 4334/331/4540 4336/129/4148
f 4302/130/4149 4304/171/4535 4040/83/4135
f 4270/131/4151 4272/326/4527 4039/86/4136
f 4238/133/4153 4240/89/4137 4038/90/4138
f 4458/50/4155 4460/122/4139 3949/48/4140
f 4428/134/4157 4430/123/4141 4036/124/4142
f 4396/29/4159 4398/125/4143 4035/53/4144
f 4026/135/4161 4364/32/4175 4366/126/4145
f 4332/136/4162 4334/331/4540 4033/128/4147
f 4024/38/4164 4300/328/4534 4302/130/4149
f 4023/41/4165 4268/324/4526 4270/131/4151
f 4236/44/4166 4238/133/4153 4030/65/4154
f 4456/137/4168 4458/50/4155 3947/52/4156
f 4426/27/4170 4428/134/4157 4028/26/4158
f 4394/138/4172 4396/29/4159 4027/31/4160
f 4018/33/4174 4362/334/4543 4364/32/4175
f 4330/36/4176 4332/136/4162 4025/35/4163
f 4298/39/4178 4300/328/4534 4024/38/4164
f 4266/42/4180 4268/324/4526 4023/41/4165
f 4014/45/4182 4234/322/4520 4236/44/4166
f 4454/139/4183 4456/137/4168 3945/51/4169
f 4012/140/4185 4424/166/4547 4426/27/4170
f 4392/141/4186 4394/138/4172 4019/30/4173
f 4360/143/4188 4362/334/4543 4018/33/4174
f 4009/145/4190 4328/159/4204 4330/36/4176
f 4008/146/4191 4296/329/4533 4298/39/4178
f 4007/147/4192 4264/325/4525 4266/42/4180
f 4232/148/4193 4234/322/4520 4014/45/4182
f 4452/150/4195 4454/139/4183 3943/23/4184
f 4422/152/4197 4424/166/4547 4012/140/4185
f 4390/154/4199 4392/141/4186 4011/142/4187
f 4358/156/4201 4360/143/4188 4010/144/4189
f 4001/158/4203 4326/332/4539 4328/159/4204
f 4294/160/4205 4296/329/4533 4008/146/4191
f 4262/162/4207 4264/325/4525 4007/147/4192
f 4230/164/4209 4232/148/4193 4006/149/4194
f 4450/139/4211 4452/150/4195 3941/151/4196
f 4420/166/4212 4422/152/4197 4004/153/4198
f 4388/141/4214 4390/154/4199 4003/155/4200
f 3994/144/4216 4356/143/4226 4358/156/4201
f 4324/159/4217 4326/332/4539 4001/158/4203
f 3992/146/4219 4292/329/4532 4294/160/4205
f 3991/147/4220 4260/325/4524 4262/162/4207
f 4228/148/4221 4230/164/4209 3998/165/4210
f 4476/167/4223 3965/124/4229 3980/26/4006
f 4418/27/4007 4420/166/4212 3996/140/4213
f 4386/138/4225 4388/141/4214 3995/142/4215
f 3986/33/4013 4354/334/4542 4356/143/4226
f 4322/36/4016 4324/159/4217 3993/145/4218
f 4290/39/4019 4292/329/4532 3992/146/4219
f 4258/42/4022 4260/325/4524 3991/147/4220
f 3982/45/4025 4226/322/4519 4228/148/4221
f 4448/137/4227 4450/139/4211 3939/23/4003
f 4444/169/4228 4413/123/4488 3965/124/4229
f 4412/120/4230 4381/301/4473 3966/53/4033
f 4090/78/4058 4380/77/4057 4349/126/4231
f 4348/129/4233 4317/331/4538 3968/128/4234
f 4316/171/4235 4285/130/4429 3969/60/4040
f 4087/86/4066 4284/326/4530 4253/131/4236
f 4252/89/4069 4221/133/4400 3971/65/4045
f 3964/172/4238 3934/192/4271 4189/173/4239
f 4101/175/4241 4124/193/4260 4123/176/4242
f 3960/178/4244 3958/194/4262 4180/179/4245
f 4122/181/4247 4121/196/4264 4098/182/4248
f 3940/184/4250 4178/198/4266 4183/185/4251
f 4120/187/4253 4119/200/4273 4094/188/4254
f 3948/190/4256 4176/201/4275 4181/191/4257
f 4118/175/4259 4117/177/4277 4123/176/4242
f 3956/178/4261 4174/180/4295 4180/179/4245
f 4116/195/4263 4115/204/4281 4121/196/4264
f 3940/184/4250 3938/212/4297 4172/197/4265
f 4114/199/4267 4113/208/4286 4106/188/4268
f 3964/172/4238 4170/214/4299 4187/191/4270
f 4112/195/4272 4111/204/4290 4119/200/4273
f 3948/190/4256 3946/212/4301 4168/197/4274
f 4118/175/4259 4110/206/4293 4109/202/4276
f 4163/203/4278 4188/248/4365 4105/189/4269
f 4116/195/4263 4108/187/4279 4107/200/4280
f 4186/205/4282 4101/175/4241 4104/206/4283
f 4114/199/4267 4104/206/4283 4103/202/4285
f 4159/209/4287 4184/250/4369 4097/183/4249
f 4112/195/4272 4100/181/4288 4099/196/4289
f 4157/210/4291 4182/248/4368 4093/189/4255
f 4096/199/4292 4095/208/4302 4109/202/4276
f 3956/178/4261 3954/213/4375 4166/211/4294
f 4108/187/4279 4105/189/4269 4106/188/4268
f 3936/190/4296 4164/201/4362 4172/197/4265
f 4104/206/4283 4101/175/4241 4102/177/4243
f 3962/213/4298 4162/211/4361 4170/214/4299
f 4100/181/4288 4097/183/4249 4098/182/4248
f 3944/184/4300 4160/198/4360 4168/197/4274
f 4096/199/4292 4093/189/4255 4094/188/4254
f 4492/215/4303 4137/221/4340 4140/216/4304
f 4140/216/4304 4139/243/4349 4156/218/4306
f 4479/220/4308 4488/215/4508 4129/221/4309
f 4132/222/4310 4131/237/4353 4154/223/4311
f 4486/225/4313 4125/228/4347 4128/226/4314
f 4151/228/4316 4128/226/4314 4127/229/4317
f 3947/52/4156 3949/48/4140 4507/231/4319
f 4149/233/4321 4155/219/4307 4156/218/4306
f 3955/92/4100 3957/104/4084 4505/235/4323
f 4147/222/4325 4153/224/4312 4154/223/4311
f 3939/23/4003 4503/25/4005 4497/238/4327
f 4151/228/4316 4152/230/4318 4146/239/4328
f 4490/241/4330 4133/233/4343 4136/219/4331
f 4136/219/4331 4135/218/4350 4144/243/4333
f 3947/52/4156 4501/232/4320 4493/238/4335
f 4141/240/4336 4149/233/4321 4150/234/4322
f 3955/92/4100 4499/236/4324 4491/244/4338
f 4147/222/4325 4148/237/4326 4138/245/4339
f 3935/52/4032 3937/51/4031 4497/238/4327
f 4145/240/4329 4146/239/4328 4134/234/4342
f 3963/49/4029 4495/246/4352 4487/244/4344
f 4143/216/4334 4144/243/4333 4130/245/4345
f 3943/23/4184 3945/51/4169 4493/238/4335
f 4125/228/4347 4141/240/4336 4142/239/4337
f 4486/225/4313 4494/317/4511 4141/240/4336
f 4140/216/4304 4137/221/4340 4138/245/4339
f 3951/49/4128 4484/246/4514 4507/231/4319
f 4133/233/4343 4134/234/4342 4135/218/4350
f 3963/49/4029 3933/48/4028 4482/231/4351
f 4132/222/4310 4129/221/4309 4130/245/4345
f 3959/92/4072 4480/236/4513 4505/235/4323
f 4125/228/4347 4126/230/4348 4127/229/4317
f 4157/210/4291 4096/199/4292 4110/206/4293
f 4167/247/4355 4159/209/4287 4100/181/4288
f 4169/210/4356 4161/207/4284 4104/206/4283
f 4163/203/4278 4108/187/4279 4116/195/4263
f 3952/172/4358 3950/192/4258 4181/191/4257
f 3944/184/4300 3942/186/4252 4183/185/4251
f 3960/178/4244 4185/180/4246 4162/211/4361
f 3936/190/4296 3934/192/4271 4187/191/4270
f 4173/205/4363 4165/207/4354 4110/206/4293
f 4175/203/4364 4167/247/4355 4112/195/4272
f 4169/210/4356 4114/199/4267 4105/189/4269
f 4171/247/4357 4116/195/4263 4122/181/4247
f 4173/205/4363 4118/175/4259 4124/193/4260
f 4175/203/4364 4120/187/4253 4093/189/4255
f 4177/209/4366 4122/181/4247 4097/183/4249
f 4186/205/4282 4179/249/4367 4124/193/4260
f 4191/251/4370 4193/321/4518 3981/4/3977
f 3962/213/4298 3964/172/4238 4220/174/4240
f 3960/178/4244 3962/213/4298 4218/252/4371
f 3958/194/4262 3960/178/4244 4216/253/4372
f 3956/178/4261 3958/194/4262 4214/254/4373
f 3954/213/4375 3956/178/4261 4212/253/4374
f 3952/172/4358 3954/213/4375 4210/252/4376
f 3950/192/4258 3952/172/4358 4208/174/4377
f 3948/190/4256 3950/192/4258 4206/173/4378
f 3946/212/4301 3948/190/4256 4204/255/4379
f 3944/184/4300 3946/212/4301 4202/256/4380
f 3942/186/4252 3944/184/4300 4200/257/4381
f 3940/184/4250 3942/186/4252 4198/258/4382
f 3938/212/4297 3940/184/4250 4196/257/4383
f 3936/190/4296 3938/212/4297 4194/256/4384
f 3934/192/4271 3936/190/4296 4192/255/4385
f 4085/1/3974 3972/3/3976 4222/22/4001
f 3973/11/4002 3981/4/3977 4225/260/4387
f 4225/260/4387 3981/4/3977 3989/6/3979
f 3989/6/3979 3997/8/3981 4229/262/4389
f 3997/8/3981 4005/6/3982 4231/261/4390
f 4005/6/3982 4013/4/3984 4233/260/4391
f 4233/260/4391 4013/4/3984 4021/11/3986
f 4021/11/3986 4029/3/3988 4237/22/4393
f 4029/3/3988 4037/1/3989 4239/259/4394
f 4037/1/3989 4045/14/3991 4241/263/4395
f 4241/263/4395 4045/14/3991 4053/16/3993
f 4053/16/3993 4061/18/3995 4245/265/4397
f 4061/18/3995 4069/16/3996 4247/264/4398
f 4069/16/3996 4077/14/3998 4249/263/4399
f 4249/263/4399 4077/14/3998 4085/1/3974
f 4221/133/4400 4224/44/4024 3974/46/4026
f 4086/90/4070 3971/65/4045 4254/67/4047
f 3974/46/4026 3982/45/4025 4257/267/4402
f 3982/45/4025 3990/149/4222 4259/268/4403
f 3990/149/4222 3998/165/4210 4261/269/4404
f 3998/165/4210 4006/149/4194 4263/268/4405
f 4006/149/4194 4014/45/4182 4265/267/4406
f 4014/45/4182 4022/46/4167 4267/66/4407
f 4022/46/4167 4030/65/4154 4269/67/4408
f 4030/65/4154 4038/90/4138 4271/266/4409
f 4038/90/4138 4046/88/4126 4273/270/4410
f 4046/88/4126 4054/102/4111 4275/271/4411
f 4054/102/4111 4062/118/4098 4277/272/4412
f 4062/118/4098 4070/102/4082 4279/271/4413
f 4070/102/4082 4078/88/4068 4281/270/4414
f 4078/88/4068 4086/90/4070 4283/266/4401
f 4253/131/4236 4256/324/4523 3975/41/4021
f 4087/86/4066 3970/132/4237 4286/63/4043
f 4287/64/4044 3975/41/4021 3983/43/4023
f 3983/43/4023 3991/147/4220 4291/275/4417
f 3991/147/4220 3999/163/4208 4293/276/4418
f 4293/276/4418 3999/163/4208 4007/147/4192
f 4295/275/4419 4007/147/4192 4015/43/4181
f 4015/43/4181 4023/41/4165 4299/64/4421
f 4023/41/4165 4031/132/4152 4301/63/4422
f 4301/63/4422 4031/132/4152 4039/86/4136
f 4303/273/4423 4039/86/4136 4047/87/4125
f 4047/87/4125 4055/100/4109 4307/278/4425
f 4055/100/4109 4063/116/4096 4309/279/4426
f 4309/279/4426 4063/116/4096 4071/100/4080
f 4311/278/4427 4071/100/4080 4079/87/4067
f 4079/87/4067 4087/86/4066 4315/273/4415
f 4285/130/4429 4288/328/4531 3976/38/4018
f 4347/280/4430 4088/83/4063 3969/60/4040
f 3976/38/4018 3984/40/4020 4321/281/4431
f 4321/281/4431 3984/40/4020 3992/146/4219
f 4323/282/4432 3992/146/4219 4000/161/4206
f 4000/161/4206 4008/146/4191 4327/282/4434
f 4008/146/4191 4016/40/4179 4329/281/4435
f 4329/281/4435 4016/40/4179 4024/38/4164
f 4331/61/4436 4024/38/4164 4032/60/4150
f 4032/60/4150 4040/83/4135 4335/280/4438
f 4040/83/4135 4048/84/4123 4337/284/4439
f 4337/284/4439 4048/84/4123 4056/99/4108
f 4339/285/4440 4056/99/4108 4064/114/4094
f 4064/114/4094 4072/99/4079 4343/285/4442
f 4072/99/4079 4080/84/4064 4345/284/4443
f 4345/284/4443 4080/84/4064 4088/83/4063
f 3968/128/4234 4317/331/4538 4320/136/4444
f 4089/80/4060 3968/128/4234 4350/58/4038
f 3977/35/4015 3985/37/4017 4353/288/4446
f 3985/37/4017 3993/145/4218 4355/289/4447
f 3993/145/4218 4001/158/4203 4357/290/4448
f 4357/290/4448 4001/158/4203 4009/145/4190
f 4009/145/4190 4017/37/4177 4361/288/4450
f 4017/37/4177 4025/35/4163 4363/59/4451
f 4025/35/4163 4033/128/4147 4365/58/4452
f 4365/58/4452 4033/128/4147 4041/80/4134
f 4041/80/4134 4049/81/4121 4369/291/4454
f 4049/81/4121 4057/98/4107 4371/292/4455
f 4057/98/4107 4065/111/4091 4373/293/4456
f 4373/293/4456 4065/111/4091 4073/98/4078
f 4073/98/4078 4081/81/4061 4377/291/4458
f 4081/81/4061 4089/80/4060 4379/287/4445
f 4349/126/4231 4352/32/4012 3978/34/4014
f 4090/78/4058 3967/170/4232 4382/56/4036
f 3978/34/4014 3986/33/4013 4385/295/4460
f 4385/295/4460 3986/33/4013 3994/144/4216
f 3994/144/4216 4002/157/4202 4389/297/4462
f 4389/297/4462 4002/157/4202 4010/144/4189
f 4010/144/4189 4018/33/4174 4393/295/4464
f 4393/295/4464 4018/33/4174 4026/135/4161
f 4026/135/4161 4034/127/4146 4397/56/4466
f 4397/56/4466 4034/127/4146 4042/121/4133
f 4042/121/4133 4050/76/4118 4401/298/4468
f 4401/298/4468 4050/76/4118 4058/97/4105
f 4058/97/4105 4066/110/4090 4405/300/4470
f 4405/300/4470 4066/110/4090 4074/97/4077
f 4074/97/4077 4082/76/4056 4409/298/4472
f 4409/298/4472 4082/76/4056 4090/78/4058
f 4381/301/4473 4384/29/4009 3979/31/4011
f 4091/74/4054 3966/53/4033 4414/55/4035
f 4415/54/4034 3979/31/4011 3987/30/4010
f 3987/30/4010 3995/142/4215 4419/304/4476
f 3995/142/4215 4003/155/4200 4421/305/4477
f 4003/155/4200 4011/142/4187 4423/304/4478
f 4423/304/4478 4011/142/4187 4019/30/4173
f 4019/30/4173 4027/31/4160 4427/54/4480
f 4027/31/4160 4035/53/4144 4429/55/4481
f 4035/53/4144 4043/74/4131 4431/302/4482
f 4431/302/4482 4043/74/4131 4051/75/4117
f 4051/75/4117 4059/95/4104 4435/307/4484
f 4059/95/4104 4067/108/4088 4437/308/4485
f 4067/108/4088 4075/95/4075 4439/307/4486
f 4439/307/4486 4075/95/4075 4083/75/4055
f 4083/75/4055 4091/74/4054 4443/302/4474
f 4413/123/4488 4416/134/4546 3980/26/4006
f 4445/168/4224 3980/26/4006 3988/28/4008
f 4475/122/4490 4446/50/4030 3935/52/4032
f 3988/28/4008 3996/140/4213 4449/310/4491
f 3996/140/4213 4004/153/4198 4451/311/4492
f 4451/311/4492 4004/153/4198 4012/140/4185
f 4453/310/4493 4012/140/4185 4020/28/4171
f 4020/28/4171 4028/26/4158 4457/168/4495
f 4028/26/4158 4036/124/4142 4459/167/4496
f 4459/167/4496 4036/124/4142 4044/71/4129
f 4461/312/4497 4044/71/4129 4052/72/4115
f 4052/72/4115 4060/93/4102 4465/314/4499
f 4060/93/4102 4068/106/4086 4467/315/4500
f 4467/315/4500 4068/106/4086 4076/93/4073
f 4469/314/4501 4076/93/4073 4084/72/4052
f 4084/72/4052 4092/71/4051 4473/312/4503
f 4092/71/4051 3965/124/4229 4476/167/4223
f 4504/225/4504 4477/227/4315 4128/226/4314
f 4479/220/4308 4132/222/4310 4153/224/4312
f 4496/217/4506 4481/242/4332 4136/219/4331
f 4483/217/4305 4140/216/4304 4155/219/4307
f 4496/217/4506 4143/216/4334 4129/221/4309
f 4490/241/4330 4498/317/4512 4145/240/4329
f 4500/220/4509 4147/222/4325 4137/221/4340
f 4502/241/4510 4149/233/4321 4141/240/4336
f 4504/225/4504 4151/228/4316 4145/240/4329
f 3935/52/4032 4489/232/4341 4482/231/4351
f 4500/220/4509 4506/316/4505 4153/224/4312
f 4502/241/4510 4508/242/4507 4155/219/4307
f 3943/23/4184 4485/25/4346 4478/24/4004
f 3959/92/4072 3961/69/4049 4487/244/4344
f 3951/49/4128 3953/69/4113 4491/244/4338
f 4157/210/4291 4158/214/4359 4181/191/4257
f 4159/209/4287 4160/198/4360 4183/185/4251
f 4161/207/4284 4162/211/4361 4185/180/4246
f 4188/248/4365 4163/203/4278 4164/201/4362
f 4165/207/4354 4166/211/4294 4158/214/4359
f 4167/247/4355 4168/197/4274 4160/198/4360
f 4161/207/4284 4169/210/4356 4170/214/4299
f 4171/247/4357 4172/197/4265 4164/201/4362
f 4165/207/4354 4173/205/4363 4174/180/4295
f 4167/247/4355 4175/203/4364 4176/201/4275
f 4188/248/4365 4187/191/4270 4170/214/4299
f 4171/247/4357 4177/209/4366 4178/198/4266
f 4179/249/4367 4180/179/4245 4174/180/4295
f 4182/248/4368 4181/191/4257 4176/201/4275
f 4184/250/4369 4183/185/4251 4178/198/4266
f 4186/205/4282 4185/180/4246 4180/179/4245
f 4189/173/4239 4190/2/3975 4219/20/3999
f 4218/252/4371 4220/174/4240 4219/20/3999
f 4218/252/4371 4217/318/4515 4215/19/3997
f 4216/253/4372 4215/19/3997 4213/17/3994
f 4214/254/4373 4213/17/3994 4211/15/3992
f 4210/252/4376 4212/253/4374 4211/15/3992
f 4210/252/4376 4209/319/4516 4207/13/3990
f 4208/174/4377 4207/13/3990 4205/12/3987
f 4206/173/4378 4205/12/3987 4203/10/3985
f 4202/256/4380 4204/255/4379 4203/10/3985
f 4202/256/4380 4201/320/4517 4199/9/3983
f 4200/257/4381 4199/9/3983 4197/7/3980
f 4198/258/4382 4197/7/3980 4195/5/3978
f 4194/256/4384 4196/257/4383 4195/5/3978
f 4194/256/4384 4193/321/4518 4191/251/4370
f 4192/255/4385 4191/251/4370 4190/2/3975
f 4222/22/4001 4223/21/4000 4224/44/4024
f 4223/21/4000 4225/260/4387 4226/322/4519
f 4227/261/4388 4228/148/4221 4226/322/4519
f 4229/262/4389 4230/164/4209 4228/148/4221
f 4229/262/4389 4231/261/4390 4232/148/4193
f 4231/261/4390 4233/260/4391 4234/322/4520
f 4235/21/4392 4236/44/4166 4234/322/4520
f 4237/22/4393 4238/133/4153 4236/44/4166
f 4237/22/4393 4239/259/4394 4240/89/4137
f 4239/259/4394 4241/263/4395 4242/323/4521
f 4243/264/4396 4244/101/4110 4242/323/4521
f 4245/265/4397 4246/117/4097 4244/101/4110
f 4245/265/4397 4247/264/4398 4248/101/4081
f 4247/264/4398 4249/263/4399 4250/323/4522
f 4251/259/4386 4252/89/4069 4250/323/4522
f 4222/22/4001 4221/133/4400 4252/89/4069
f 4255/66/4046 4256/324/4523 4253/131/4236
f 4257/267/4402 4258/42/4022 4256/324/4523
f 4259/268/4403 4260/325/4524 4258/42/4022
f 4259/268/4403 4261/269/4404 4262/162/4207
f 4263/268/4405 4264/325/4525 4262/162/4207
f 4265/267/4406 4266/42/4180 4264/325/4525
f 4267/66/4407 4268/324/4526 4266/42/4180
f 4267/66/4407 4269/67/4408 4270/131/4151
f 4271/266/4409 4272/326/4527 4270/131/4151
f 4273/270/4410 4274/85/4124 4272/326/4527
f 4275/271/4411 4276/327/4528 4274/85/4124
f 4275/271/4411 4277/272/4412 4278/115/4095
f 4279/271/4413 4280/327/4529 4278/115/4095
f 4281/270/4414 4282/85/4065 4280/327/4529
f 4283/266/4401 4284/326/4530 4282/85/4065
f 4283/266/4401 4254/67/4047 4253/131/4236
f 4286/63/4043 4287/64/4044 4288/328/4531
f 4287/64/4044 4289/274/4416 4290/39/4019
f 4291/275/4417 4292/329/4532 4290/39/4019
f 4293/276/4418 4294/160/4205 4292/329/4532
f 4293/276/4418 4295/275/4419 4296/329/4533
f 4295/275/4419 4297/274/4420 4298/39/4178
f 4299/64/4421 4300/328/4534 4298/39/4178
f 4301/63/4422 4302/130/4149 4300/328/4534
f 4301/63/4422 4303/273/4423 4304/171/4535
f 4303/273/4423 4305/277/4424 4306/82/4122
f 4307/278/4425 4308/330/4536 4306/82/4122
f 4309/279/4426 4310/113/4093 4308/330/4536
f 4309/279/4426 4311/278/4427 4312/330/4537
f 4311/278/4427 4313/277/4428 4314/82/4062
f 4315/273/4415 4316/171/4235 4314/82/4062
f 4286/63/4043 4285/130/4429 4316/171/4235
f 4319/61/4041 4320/136/4444 4317/331/4538
f 4321/281/4431 4322/36/4016 4320/136/4444
f 4323/282/4432 4324/159/4217 4322/36/4016
f 4325/283/4433 4326/332/4539 4324/159/4217
f 4327/282/4434 4328/159/4204 4326/332/4539
f 4329/281/4435 4330/36/4176 4328/159/4204
f 4331/61/4436 4332/136/4162 4330/36/4176
f 4333/62/4437 4334/331/4540 4332/136/4162
f 4335/280/4438 4336/129/4148 4334/331/4540
f 4337/284/4439 4338/79/4120 4336/129/4148
f 4339/285/4440 4340/112/4106 4338/79/4120
f 4341/286/4441 4342/333/4541 4340/112/4106
f 4343/285/4442 4344/112/4092 4342/333/4541
f 4345/284/4443 4346/79/4059 4344/112/4092
f 4347/280/4430 4348/129/4233 4346/79/4059
f 4318/62/4042 4317/331/4538 4348/129/4233
f 4351/59/4039 4352/32/4012 4349/126/4231
f 4353/288/4446 4354/334/4542 4352/32/4012
f 4353/288/4446 4355/289/4447 4356/143/4226
f 4355/289/4447 4357/290/4448 4358/156/4201
f 4359/289/4449 4360/143/4188 4358/156/4201
f 4361/288/4450 4362/334/4543 4360/143/4188
f 4361/288/4450 4363/59/4451 4364/32/4175
f 4363/59/4451 4365/58/4452 4366/126/4145
f 4367/287/4453 4368/77/4132 4366/126/4145
f 4369/291/4454 4370/335/4544 4368/77/4132
f 4369/291/4454 4371/292/4455 4372/96/4119
f 4371/292/4455 4373/293/4456 4374/109/4089
f 4375/292/4457 4376/96/4076 4374/109/4089
f 4377/291/4458 4378/335/4545 4376/96/4076
f 4377/291/4458 4379/287/4445 4380/77/4057
f 4379/287/4445 4350/58/4038 4349/126/4231
f 4382/56/4036 4383/57/4037 4384/29/4009
f 4385/295/4460 4386/138/4225 4384/29/4009
f 4387/296/4461 4388/141/4214 4386/138/4225
f 4389/297/4462 4390/154/4199 4388/141/4214
f 4389/297/4462 4391/296/4463 4392/141/4186
f 4393/295/4464 4394/138/4172 4392/141/4186
f 4395/57/4465 4396/29/4159 4394/138/4172
f 4397/56/4466 4398/125/4143 4396/29/4159
f 4397/56/4466 4399/294/4467 4400/120/4130
f 4401/298/4468 4402/73/4116 4400/120/4130
f 4403/299/4469 4404/94/4103 4402/73/4116
f 4405/300/4470 4406/107/4087 4404/94/4103
f 4405/300/4470 4407/299/4471 4408/94/4074
f 4409/298/4472 4410/73/4053 4408/94/4074
f 4411/294/4459 4412/120/4230 4410/73/4053
f 4382/56/4036 4381/301/4473 4412/120/4230
f 4415/54/4034 4416/134/4546 4413/123/4488
f 4417/303/4475 4418/27/4007 4416/134/4546
f 4417/303/4475 4419/304/4476 4420/166/4212
f 4419/304/4476 4421/305/4477 4422/152/4197
f 4423/304/4478 4424/166/4547 4422/152/4197
f 4425/303/4479 4426/27/4170 4424/166/4547
f 4425/303/4479 4427/54/4480 4428/134/4157
f 4427/54/4480 4429/55/4481 4430/123/4141
f 4431/302/4482 4432/169/4548 4430/123/4141
f 4433/306/4483 4434/70/4114 4432/169/4548
f 4433/306/4483 4435/307/4484 4436/119/4101
f 4435/307/4484 4437/308/4485 4438/105/4085
f 4439/307/4486 4440/119/4549 4438/105/4085
f 4441/306/4487 4442/70/4050 4440/119/4549
f 4441/306/4487 4443/302/4474 4444/169/4228
f 4443/302/4474 4414/55/4035 4413/123/4488
f 4445/168/4224 4446/50/4030 4475/122/4490
f 4445/168/4224 4447/309/4489 4448/137/4227
f 4449/310/4491 4450/139/4211 4448/137/4227
f 4451/311/4492 4452/150/4195 4450/139/4211
f 4453/310/4493 4454/139/4183 4452/150/4195
f 4453/310/4493 4455/309/4494 4456/137/4168
f 4457/168/4495 4458/50/4155 4456/137/4168
f 4459/167/4496 4460/122/4139 4458/50/4155
f 4461/312/4497 4462/47/4127 4460/122/4139
f 4461/312/4497 4463/313/4498 4464/68/4112
f 4465/314/4499 4466/91/4099 4464/68/4112
f 4467/315/4500 4468/103/4083 4466/91/4099
f 4469/314/4501 4470/91/4071 4468/103/4083
f 4469/314/4501 4471/313/4502 4472/68/4048
f 4473/312/4503 4474/47/4027 4472/68/4048
f 4476/167/4223 4475/122/4490 4474/47/4027
f 4477/227/4315 4478/24/4004 4485/25/4346
f 4488/215/4508 4479/220/4308 4480/236/4513
f 4481/242/4332 4482/231/4351 4489/232/4341
f 4492/215/4303 4483/217/4305 4484/246/4514
f 4494/317/4511 4486/225/4313 4485/25/4346
f 4488/215/4508 4487/244/4344 4495/246/4352
f 4498/317/4512 4490/241/4330 4489/232/4341
f 4492/215/4303 4491/244/4338 4499/236/4324
f 4494/317/4511 4493/238/4335 4501/232/4320
f 4496/217/4506 4495/246/4352 4482/231/4351
f 4498/317/4512 4497/238/4327 4503/25/4005
f 4500/220/4509 4499/236/4324 4505/235/4323
f 4508/242/4507 4502/241/4510 4501/232/4320
f 4504/225/4504 4503/25/4005 4478/24/4004
f 4506/316/4505 4505/235/4323 4480/236/4513
f 4508/242/4507 4507/231/4319 4484/246/4514
f 3954/213/4375 3952/172/4358 4158/214/4359
usemtl マテリアル.017
f 4558/336/4550 4519/337/4551 4517/338/4550
f 4542/339/4552 4526/340/4553 4528/341/4552
f 4530/342/581 4522/343/581 4514/344/581
f 4523/345/582 4531/346/582 4539/347/582
f 4560/348/4554 4537/349/4555 4535/350/4554
f 4562/351/4556 4510/352/4557 4509/353/4556
f 4544/354/4551 4518/355/4550 4520/356/4551
f 4546/357/4555 4536/358/4554 4538/359/4555
f 4548/360/4557 4512/361/4556 4511/362/4557
f 4564/363/4552 4529/364/4558 4527/365/4552
f 4542/339/4552 4530/342/4558 4549/366/4559
f 4565/367/4560 4519/337/4551 4557/368/4551
f 4566/369/4561 4537/349/4555 4559/370/4555
f 4544/354/4551 4522/343/4560 4550/371/4562
f 4546/357/4555 4540/372/4561 4551/373/4561
f 4567/374/4563 4510/352/4557 4561/375/4557
f 4568/376/4564 4529/364/4558 4563/377/4558
f 4548/360/4557 4514/344/4563 4552/378/4565
f 4549/366/4559 4532/379/4564 4553/380/4564
f 4565/367/4560 4523/345/4566 4521/381/4560
f 4562/351/4556 4539/347/4561 4566/369/4561
f 4550/371/4562 4524/382/4566 4554/383/4566
f 4551/373/4561 4512/361/4556 4547/384/4556
f 4570/385/4567 4513/386/4565 4567/374/4563
f 4571/387/4568 4531/346/4564 4568/376/4564
f 4552/378/4565 4516/388/4567 4555/389/4567
f 4553/380/4564 4534/390/4568 4556/391/4568
f 4569/392/4566 4525/393/4553 4523/345/4566
f 4554/383/4566 4526/340/4553 4541/394/4553
f 4558/336/4550 4515/395/4567 4570/385/4567
f 4560/348/4554 4533/396/4568 4571/387/4568
f 4555/389/4567 4518/355/4550 4543/397/4550
f 4556/391/4568 4536/358/4554 4545/398/4554
f 4564/363/4552 4525/393/4553 4572/399/4553
f 4573/400/4553 4578/401/4553 4574/402/4553
f 4575/403/581 4573/404/581 4574/405/4569
f 4577/406/4570 4573/407/581 4575/408/581
f 4576/409/4553 4578/401/4553 4573/400/4553
f 4577/406/4570 4576/410/4570 4573/407/581
f 4578/401/4553 4576/409/4553 4579/411/4553
f 4581/412/582 4578/413/582 4579/414/4571
f 4580/415/4553 4574/402/4553 4578/401/4553
f 4582/416/4572 4580/417/4572 4578/418/582
f 4582/416/4572 4578/418/582 4581/419/582
f 4583/420/4573 4580/417/4572 4582/416/4572
f 4582/421/4556 4584/422/4556 4583/423/4556
f 4585/424/4556 4582/421/4556 4581/425/4556
f 4584/422/4556 4582/421/4556 4585/424/4556
f 4585/424/4556 4581/425/4556 4575/426/4556
f 4575/403/581 4574/405/4569 4585/427/4569
f 4585/427/4569 4574/405/4569 4586/428/4574
f 4585/427/4569 4586/428/4574 4584/429/4574
f 4574/402/4553 4580/415/4553 4586/430/4553
f 4584/429/4574 4586/428/4574 4587/431/4575
f 4586/430/4553 4588/432/4553 4587/433/4553
f 4586/430/4553 4580/415/4553 4588/432/4553
f 4588/434/4576 4583/420/4573 4589/435/4577
f 4589/436/4553 4587/433/4553 4588/432/4553
f 4583/420/4573 4588/434/4576 4580/417/4572
f 4589/436/4553 4590/437/4553 4592/438/4553
f 4591/439/4578 4590/440/4579 4589/435/4577
f 4589/435/4577 4583/420/4573 4591/439/4578
f 4587/433/4553 4589/436/4553 4592/438/4553
f 4595/441/4580 4587/431/4575 4592/442/4581
f 4595/441/4580 4592/442/4581 4593/443/4582
f 4593/443/4582 4592/442/4581 4594/444/4583
f 4592/438/4553 4590/437/4553 4594/445/4553
f 4595/446/4556 4583/423/4556 4584/422/4556
f 4584/429/4574 4587/431/4575 4595/441/4580
f 4593/447/4556 4591/448/4556 4595/446/4556
f 4591/448/4556 4583/423/4556 4595/446/4556
f 4593/443/4582 4594/444/4583 4596/449/4584
f 4596/449/4584 4594/444/4583 4597/450/4585
f 4594/445/4553 4599/451/4553 4597/452/4553
f 4594/445/4553 4590/437/4553 4598/453/4553
f 4598/453/4553 4599/451/4553 4594/445/4553
f 4602/454/4586 4600/455/4587 4599/456/4588
f 4597/452/4553 4599/451/4553 4600/457/4553
f 4601/458/4589 4599/456/4588 4598/459/4590
f 4599/456/4588 4601/458/4589 4602/454/4586
f 4604/460/4556 4602/461/4556 4601/462/4556
f 4604/460/4556 4603/463/4556 4602/461/4556
f 4602/454/4586 4603/464/4591 4600/455/4587
f 4604/460/4556 4601/462/4556 4596/465/4556
f 4596/449/4584 4597/450/4585 4604/466/4592
f 4604/466/4592 4597/450/4585 4606/467/4593
f 4605/468/4556 4603/463/4556 4604/460/4556
f 4604/466/4592 4606/467/4593 4605/469/4594
f 4597/452/4553 4600/457/4553 4606/470/4553
f 4605/469/4594 4606/467/4593 4607/471/4595
f 4606/470/4553 4608/472/4553 4607/473/4553
f 4606/470/4553 4600/457/4553 4608/472/4553
f 4610/474/4596 4609/475/4597 4608/476/4598
f 4608/472/4553 4609/477/4553 4607/473/4553
f 4603/464/4591 4608/476/4598 4600/455/4587
f 4603/464/4591 4610/474/4596 4608/476/4598
f 4610/478/4556 4603/463/4556 4605/468/4556
f 4611/479/4556 4610/478/4556 4612/480/4556
f 4610/474/4596 4611/481/4599 4609/475/4597
f 4612/480/4556 4610/478/4556 4605/468/4556
f 4605/469/4594 4607/471/4595 4612/482/4600
f 4612/482/4600 4607/471/4595 4614/483/4601
f 4613/484/4556 4611/479/4556 4612/480/4556
f 4612/482/4600 4614/483/4601 4613/485/4602
f 4607/473/4553 4609/477/4553 4614/486/4553
f 4613/485/4602 4614/483/4601 4615/487/4603
f 4614/486/4553 4616/488/4553 4615/489/4553
f 4614/486/4553 4609/477/4553 4616/488/4553
f 4618/490/4604 4617/491/4605 4616/492/4606
f 4615/489/4553 4616/488/4553 4617/493/4553
f 4611/481/4599 4616/492/4606 4609/475/4597
f 4611/481/4599 4618/490/4604 4616/492/4606
f 4611/479/4556 4613/484/4556 4618/494/4556
f 4620/495/4556 4619/496/4556 4618/494/4556
f 4618/490/4604 4619/497/4607 4617/491/4605
f 4620/495/4556 4618/494/4556 4613/484/4556
f 4613/485/4602 4615/487/4603 4620/498/4608
f 4620/498/4608 4615/487/4603 4622/499/4609
f 4621/500/4556 4619/496/4556 4620/495/4556
f 4620/498/4608 4622/499/4609 4621/501/4610
f 4615/489/4553 4625/502/4611 4622/503/4612
f 4622/499/4613 4624/504/4614 4621/501/4615
f 4622/503/4612 4626/505/4616 4623/506/4617
f 4622/499/4613 4623/507/4618 4624/504/4614
f 4625/502/4611 4626/505/4616 4622/503/4612
f 4619/497/4619 4626/508/4620 4625/509/4621
f 4624/510/4622 4626/511/4623 4627/511/4624
f 4619/497/4619 4627/512/4625 4626/508/4620
f 4624/510/4622 4623/510/4626 4626/511/4623
f 4619/496/4556 4621/500/4556 4627/513/4556
f 4624/514/4556 4627/513/4556 4621/500/4556
f 4619/497/4607 4625/509/4627 4617/491/4605
f 4617/493/4553 4625/502/4611 4615/489/4553
f 4598/459/4590 4628/515/4628 4601/458/4589
f 4596/465/4556 4601/462/4556 4628/516/4556
f 4628/515/4628 4590/440/4579 4591/439/4578
f 4593/447/4556 4628/516/4556 4591/448/4556
f 4596/465/4556 4628/516/4556 4593/447/4556
f 4598/459/4590 4590/440/4579 4628/515/4628
f 4581/412/582 4579/414/4571 4629/517/4571
f 4581/425/4556 4629/518/4556 4577/519/4556
f 4575/426/4556 4581/425/4556 4577/519/4556
f 4629/517/4571 4632/520/4629 4630/521/4630
f 4630/522/4556 4631/523/4556 4629/518/4556
f 4629/517/4571 4579/414/4571 4632/520/4629
f 4577/519/4556 4629/518/4556 4631/523/4556
f 4635/524/4553 4632/525/4553 4579/411/4553
f 4633/526/4553 4632/525/4553 4634/527/4553
f 4630/521/4630 4632/520/4629 4633/528/4631
f 4634/527/4553 4632/525/4553 4635/524/4553
f 4636/529/4632 4634/530/4633 4635/531/4634
f 4636/529/4632 4635/531/4634 4631/532/4634
f 4631/532/4634 4635/531/4634 4576/410/4570
f 4635/524/4553 4579/411/4553 4576/409/4553
f 4636/533/4556 4638/534/4556 4637/535/4556
f 4637/536/4635 4634/530/4633 4636/529/4632
f 4631/523/4556 4630/522/4556 4636/533/4556
f 4636/533/4556 4630/522/4556 4638/534/4556
f 4638/537/4636 4633/528/4631 4639/538/4637
f 4638/534/4556 4639/539/4556 4637/535/4556
f 4630/521/4630 4633/528/4631 4638/537/4636
f 4639/538/4637 4642/540/4638 4640/541/4639
f 4639/539/4556 4640/542/4556 4641/543/4556
f 4639/538/4637 4633/528/4631 4642/540/4638
f 4637/535/4556 4639/539/4556 4641/543/4556
f 4645/544/4553 4642/545/4553 4633/526/4553
f 4643/546/4553 4642/545/4553 4644/547/4553
f 4640/541/4639 4642/540/4638 4643/548/4640
f 4644/547/4553 4642/545/4553 4645/544/4553
f 4641/549/4641 4644/550/4642 4645/551/4643
f 4641/549/4641 4645/551/4643 4637/536/4635
f 4637/536/4635 4645/551/4643 4634/530/4633
f 4645/544/4553 4633/526/4553 4634/527/4553
f 4646/552/4553 4643/546/4553 4644/547/4553
f 4647/553/4644 4646/554/4645 4644/550/4642
f 4647/553/4644 4644/550/4642 4641/549/4641
f 4647/555/4556 4649/556/4556 4648/557/4646
f 4648/558/4647 4646/554/4645 4647/553/4644
f 4641/543/4556 4640/542/4556 4647/555/4556
f 4647/555/4556 4640/542/4556 4649/556/4556
f 4649/559/4648 4651/560/4649 4650/561/4650
f 4648/557/4646 4649/556/4556 4650/562/4651
f 4640/541/4639 4643/548/4640 4649/559/4648
f 4649/559/4648 4643/548/4640 4651/560/4649
f 4646/552/4553 4651/563/4553 4643/546/4553
f 4652/564/4553 4651/563/4553 4653/565/4553
f 4650/561/4650 4651/560/4649 4652/566/4652
f 4653/565/4553 4651/563/4553 4654/567/4553
f 4654/567/4553 4651/563/4553 4646/552/4553
f 4655/568/4653 4653/569/4654 4654/570/4655
f 4654/570/4655 4646/554/4645 4648/558/4647
f 4654/570/4655 4648/558/4647 4655/568/4653
f 4655/571/4656 4657/572/4657 4656/573/4556
f 4653/569/4654 4655/568/4653 4656/574/4658
f 4648/557/4646 4650/562/4651 4655/571/4656
f 4655/571/4656 4650/562/4651 4657/572/4657
f 4657/575/4659 4659/576/4660 4658/577/4661
f 4656/573/4556 4657/572/4657 4658/578/4556
f 4650/561/4650 4652/566/4652 4657/575/4659
f 4657/575/4659 4652/566/4652 4659/576/4660
f 4659/579/4553 4652/564/4553 4653/565/4553
f 4659/579/4553 4661/580/4553 4660/581/4553
f 4658/577/4661 4659/576/4660 4660/582/4662
f 4661/580/4553 4659/579/4553 4662/583/4553
f 4662/583/4553 4659/579/4553 4653/565/4553
f 4663/584/4663 4661/585/4664 4662/586/4665
f 4663/584/4663 4662/586/4665 4656/574/4658
f 4662/586/4665 4653/569/4654 4656/574/4658
f 4663/587/4666 4666/588/4666 4664/589/4667
f 4665/590/4668 4663/584/4663 4664/591/4669
f 4665/590/4668 4661/585/4664 4663/584/4663
f 4656/573/4556 4658/578/4556 4663/587/4666
f 4663/587/4666 4658/578/4556 4666/588/4666
f 4666/592/4670 4668/593/4671 4667/594/4672
f 4666/588/4666 4667/595/4673 4664/589/4667
f 4658/577/4661 4660/582/4662 4666/592/4670
f 4666/592/4670 4660/582/4662 4668/593/4671
f 4665/596/4553 4668/597/4553 4660/581/4553
f 4669/598/4553 4668/597/4553 4665/596/4553
f 4667/594/4672 4668/593/4671 4669/599/4674
f 4669/598/4553 4671/600/4553 4670/601/4553
f 4667/594/4675 4669/599/4676 4670/602/4677
f 4671/600/4553 4669/598/4553 4665/596/4553
f 4671/603/4678 4664/591/4669 4672/604/4679
f 4672/604/4680 4673/605/4681 4671/603/4682
f 4673/606/4553 4670/601/4553 4671/600/4553
f 4671/603/4678 4665/590/4668 4664/591/4669
f 4673/607/4683 4674/607/4684 4676/608/4685
f 4672/604/4680 4674/609/4686 4673/605/4681
f 4673/607/4683 4676/608/4685 4675/608/4687
f 4675/610/4553 4670/601/4553 4673/606/4553
f 4667/594/4675 4670/602/4677 4676/611/4688
f 4672/612/4689 4667/595/4673 4676/613/4690
f 4670/602/4677 4675/614/4691 4676/611/4688
f 4672/612/4689 4676/613/4690 4674/615/4692
f 4664/589/4667 4667/595/4673 4672/612/4689
f 4665/596/4553 4660/581/4553 4661/580/4553
f 4631/532/4634 4576/410/4570 4577/406/4570
f 4677/616/4693 4681/617/4694 4678/618/4695
f 4679/619/4696 4677/616/4693 4678/618/4695
f 4679/620/4697 4683/621/4698 4677/622/4699
f 4677/622/4699 4682/623/4556 4680/624/4556
f 4677/625/4693 4680/626/4700 4681/627/4694
f 4677/622/4699 4683/621/4698 4682/623/4556
f 4679/620/4697 4684/628/4701 4683/621/4698
f 4683/629/4702 4684/630/4703 4686/631/4704
f 4682/632/4705 4683/633/4702 4685/634/4706
f 4683/629/4702 4686/631/4704 4685/635/4706
f 4678/636/4553 4685/637/4707 4686/638/4707
f 4684/630/4703 4687/639/4708 4686/631/4704
f 4689/640/4709 4686/638/4707 4687/641/4710
f 4678/636/4553 4686/638/4707 4688/642/4553
f 4688/642/4553 4686/638/4707 4689/640/4709
f 4690/643/4711 4688/644/4712 4689/645/4713
f 4692/646/4714 4690/643/4711 4689/645/4713
f 4689/640/4709 4687/641/4710 4691/647/4715
f 4692/646/4714 4689/645/4713 4691/648/4716
f 4692/649/4717 4694/650/4718 4690/651/4719
f 4693/652/4720 4692/646/4714 4691/648/4716
f 4693/653/4698 4694/650/4718 4692/649/4717
f 4696/654/4721 4694/655/4722 4695/656/4723
f 4694/650/4718 4693/653/4698 4695/657/4724
f 4694/655/4722 4687/639/4708 4684/630/4703
f 4694/650/4718 4684/628/4701 4690/651/4719
f 4694/655/4722 4696/654/4721 4687/639/4708
f 4691/647/4715 4687/641/4710 4696/658/4725
f 4698/659/4553 4696/658/4725 4697/660/4553
f 4695/656/4723 4697/661/4726 4696/654/4721
f 4691/647/4715 4696/658/4725 4698/659/4553
f 4693/652/4720 4691/648/4716 4698/662/4727
f 4700/663/4728 4693/652/4720 4698/662/4727
f 4698/659/4553 4697/660/4553 4699/664/4553
f 4700/663/4728 4698/662/4727 4699/665/4729
f 4700/666/4730 4695/657/4724 4693/653/4698
f 4701/667/4731 4700/663/4728 4699/665/4729
f 4701/668/4732 4695/657/4724 4700/666/4730
f 4701/667/4731 4699/665/4729 4702/669/4733
f 4703/670/4734 4701/667/4731 4702/669/4733
f 4703/671/4735 4704/672/4736 4701/668/4732
f 4704/672/4736 4695/657/4724 4701/668/4732
f 4705/673/4737 4706/674/4738 4704/675/4739
f 4704/672/4736 4703/671/4735 4705/676/4740
f 4704/675/4739 4697/661/4726 4695/656/4723
f 4704/675/4739 4706/674/4738 4697/661/4726
f 4702/677/4553 4697/660/4553 4706/678/4553
f 4708/679/4553 4706/678/4553 4707/680/4553
f 4705/673/4737 4707/681/4741 4706/674/4738
f 4702/677/4553 4706/678/4553 4708/679/4553
f 4703/670/4734 4702/669/4733 4708/682/4742
f 4710/683/4743 4703/670/4734 4708/682/4742
f 4708/679/4553 4707/680/4553 4709/684/4553
f 4710/683/4743 4708/682/4742 4709/685/4744
f 4710/686/4745 4705/676/4740 4703/671/4735
f 4711/687/4746 4710/683/4743 4709/685/4744
f 4711/688/4747 4705/676/4740 4710/686/4745
f 4711/687/4746 4709/685/4744 4712/689/4748
f 4713/690/4749 4711/687/4746 4712/689/4748
f 4711/688/4747 4713/691/4750 4714/692/4751
f 4705/676/4740 4711/688/4747 4714/692/4751
f 4714/693/4752 4717/694/4753 4705/673/4737
f 4715/695/4754 4716/696/4755 4714/693/4752
f 4715/697/4756 4714/692/4751 4713/691/4750
f 4714/693/4752 4716/696/4755 4717/694/4753
f 4717/698/4757 4709/684/4553 4707/680/4553
f 4705/673/4737 4717/694/4753 4707/681/4741
f 4717/698/4757 4716/699/4758 4718/700/4759
f 4712/701/4757 4717/698/4757 4718/700/4759
f 4709/684/4553 4717/698/4757 4712/701/4757
f 4713/690/4749 4712/689/4748 4718/702/4760
f 4720/703/4761 4713/690/4749 4718/702/4760
f 4718/700/4759 4721/704/4762 4719/705/4763
f 4720/703/4761 4718/702/4760 4719/706/4764
f 4718/700/4759 4716/699/4758 4721/704/4762
f 4715/695/4754 4721/707/4765 4716/696/4755
f 4723/708/4766 4722/709/4767 4721/707/4765
f 4722/710/4768 4719/705/4763 4721/704/4762
f 4723/708/4766 4721/707/4765 4715/695/4754
f 4724/711/4769 4722/709/4767 4723/708/4766
f 4724/712/4651 4723/713/4770 4725/714/4771
f 4720/715/4756 4723/713/4770 4715/697/4756
f 4725/714/4771 4723/713/4770 4720/715/4756
f 4725/716/4772 4720/703/4761 4719/706/4764
f 4726/717/4651 4724/712/4651 4725/714/4771
f 4726/718/4773 4725/716/4772 4719/706/4764
f 4726/718/4773 4719/706/4764 4727/719/4774
f 4728/720/4775 4726/718/4773 4727/719/4774
f 4728/721/4692 4729/722/4776 4726/717/4651
f 4724/712/4651 4726/717/4651 4729/722/4776
f 4732/723/4777 4730/724/4778 4729/722/4776
f 4729/725/4779 4730/726/4780 4734/727/4781
f 4729/725/4779 4731/728/4782 4724/711/4769
f 4729/725/4779 4733/729/4783 4731/728/4782
f 4732/723/4777 4729/722/4776 4728/721/4692
f 4729/725/4779 4734/727/4781 4733/729/4783
f 4733/730/4784 4734/731/4785 4737/732/4786
f 4730/726/4780 4735/733/4787 4734/727/4781
f 4735/734/4788 4736/735/4789 4734/731/4785
f 4737/732/4786 4734/731/4785 4736/735/4789
f 4727/736/4790 4733/730/4784 4737/732/4786
f 4728/720/4775 4727/719/4774 4737/737/4791
f 4732/738/4792 4728/720/4775 4737/737/4791
f 4732/738/4792 4737/737/4791 4736/739/4793
f 4738/740/4794 4732/738/4792 4736/739/4793
f 4736/735/4789 4735/734/4788 4681/741/4795
f 4680/626/4700 4736/739/4793 4681/627/4694
f 4680/626/4700 4738/740/4794 4736/739/4793
f 4738/742/4556 4739/743/4556 4732/723/4777
f 4680/624/4556 4739/743/4556 4738/742/4556
f 4680/624/4556 4682/623/4556 4739/743/4556
f 4739/744/4796 4682/632/4705 4735/733/4787
f 4732/723/4777 4739/743/4556 4730/724/4778
f 4730/726/4780 4739/744/4796 4735/733/4787
f 4682/632/4705 4685/634/4706 4735/733/4787
f 4735/734/4788 4685/637/4707 4681/741/4795
f 4727/736/4790 4731/745/4757 4733/730/4784
f 4724/711/4769 4731/728/4782 4722/709/4767
f 4722/710/4768 4731/745/4757 4727/736/4790
f 4719/705/4763 4722/710/4768 4727/736/4790
f 4720/715/4756 4715/697/4756 4713/691/4750
f 4699/664/4553 4697/660/4553 4702/677/4553
f 4690/651/4719 4684/628/4701 4679/620/4697
f 4690/643/4711 4679/619/4696 4688/644/4712
f 4679/619/4696 4678/618/4695 4688/644/4712
f 4681/741/4795 4685/637/4707 4678/636/4553
f 4558/336/4550 4557/368/4551 4519/337/4551
f 4542/339/4552 4541/394/4553 4526/340/4553
f 4514/344/581 4511/362/581 4512/361/581
f 4512/361/581 4540/372/581 4538/359/581
f 4538/359/581 4536/358/581 4534/390/581
f 4534/390/581 4532/379/581 4538/359/581
f 4532/379/581 4530/342/581 4538/359/581
f 4530/342/581 4528/341/581 4526/340/581
f 4526/340/581 4524/382/581 4522/343/581
f 4522/343/581 4520/356/581 4514/344/581
f 4520/356/581 4518/355/581 4514/344/581
f 4518/355/581 4516/388/581 4514/344/581
f 4514/344/581 4512/361/581 4538/359/581
f 4530/342/581 4526/340/581 4522/343/581
f 4514/344/581 4538/359/581 4530/342/581
f 4539/347/582 4509/353/582 4510/352/582
f 4510/352/582 4513/386/582 4515/395/582
f 4515/395/582 4517/338/582 4519/337/582
f 4519/337/582 4521/381/582 4523/345/582
f 4523/345/582 4525/393/582 4527/365/582
f 4527/365/582 4529/364/582 4531/346/582
f 4531/346/582 4533/396/582 4535/350/582
f 4535/350/582 4537/349/582 4531/346/582
f 4537/349/582 4539/347/582 4531/346/582
f 4539/347/582 4510/352/582 4515/395/582
f 4515/395/582 4519/337/582 4523/345/582
f 4523/345/582 4527/365/582 4531/346/582
f 4539/347/582 4515/395/582 4523/345/582
f 4560/348/4554 4559/370/4555 4537/349/4555
f 4562/351/4556 4561/375/4557 4510/352/4557
f 4544/354/4551 4543/397/4550 4518/355/4550
f 4546/357/4555 4545/398/4554 4536/358/4554
f 4548/360/4557 4547/384/4556 4512/361/4556
f 4564/363/4552 4563/377/4558 4529/364/4558
f 4542/339/4552 4528/341/4552 4530/342/4558
f 4565/367/4560 4521/381/4560 4519/337/4551
f 4566/369/4561 4539/347/4561 4537/349/4555
f 4544/354/4551 4520/356/4551 4522/343/4560
f 4546/357/4555 4538/359/4555 4540/372/4561
f 4567/374/4563 4513/386/4565 4510/352/4557
f 4568/376/4564 4531/346/4564 4529/364/4558
f 4548/360/4557 4511/362/4557 4514/344/4563
f 4549/366/4559 4530/342/4558 4532/379/4564
f 4565/367/4560 4569/392/4566 4523/345/4566
f 4562/351/4556 4509/353/4556 4539/347/4561
f 4550/371/4562 4522/343/4560 4524/382/4566
f 4551/373/4561 4540/372/4561 4512/361/4556
f 4570/385/4567 4515/395/4567 4513/386/4565
f 4571/387/4568 4533/396/4568 4531/346/4564
f 4552/378/4565 4514/344/4563 4516/388/4567
f 4553/380/4564 4532/379/4564 4534/390/4568
f 4569/392/4566 4572/399/4553 4525/393/4553
f 4554/383/4566 4524/382/4566 4526/340/4553
f 4558/336/4550 4517/338/4550 4515/395/4567
f 4560/348/4554 4535/350/4554 4533/396/4568
f 4555/389/4567 4516/388/4567 4518/355/4550
f 4556/391/4568 4534/390/4568 4536/358/4554
f 4564/363/4552 4527/365/4552 4525/393/4553
